﻿<?xml version="1.0" encoding="utf-8"?>
<Stylesheet>
    <Styles>
        <Style Name="AccordionItem">
            <Properties>
                <Property Name="FontFamily">Arial,' sans-serif'</Property>
                <Property Name="FontSize">10pt</Property>
                <Property Name="FontWeight">bold</Property>
                <Property Name="Color">#433e29</Property>
                <Property Name="BackgroundGradient">solid #565d37 #565d37</Property>
                <Property Name="BackgroundGradientHover">vertical #ffffff #6d6d6d</Property>
                <Property Name="ItemHeight">32px</Property>
                <Property Name="BorderTop">solid 1px #ffdb5a</Property>
                <Property Name="BorderBottom">solid 1px #ffdb5a</Property>
            </Properties>
            <Classes>
                <StyleClass Name="TOC">
                    <Properties>
                        <Property Name="Label">Table of Contents</Property>
                        <Property Name="Icon">none</Property>
                        <Property Name="FontFamily">Arial,' sans-serif'</Property>
                        <Property Name="FontSize">10pt</Property>
                        <Property Name="FontWeight">bold</Property>
                        <Property Name="Color">#433e29</Property>
                        <Property Name="BackgroundGradient">solid #565d37 #565d37</Property>
                        <Property Name="BackgroundGradientHover">vertical #ffffff #6d6d6d</Property>
                        <Property Name="ItemHeight">32px</Property>
                        <Property Name="BorderTop">solid 1px #ffdb5a</Property>
                        <Property Name="BorderBottom">solid 1px #ffdb5a</Property>
                    </Properties>
                </StyleClass>
                <StyleClass Name="BrowseSequence">
                    <Properties>
                        <Property Name="Label">Browse Sequences</Property>
                        <Property Name="Icon">none</Property>
                        <Property Name="FontFamily">Arial,' sans-serif'</Property>
                        <Property Name="FontSize">10pt</Property>
                        <Property Name="FontWeight">bold</Property>
                        <Property Name="Color">#433e29</Property>
                        <Property Name="BackgroundGradient">solid #565d37 #565d37</Property>
                        <Property Name="BackgroundGradientHover">vertical #ffffff #6d6d6d</Property>
                        <Property Name="ItemHeight">32px</Property>
                        <Property Name="BorderTop">solid 1px #ffdb5a</Property>
                        <Property Name="BorderBottom">solid 1px #ffdb5a</Property>
                    </Properties>
                </StyleClass>
                <StyleClass Name="Favorites">
                    <Properties>
                        <Property Name="Label">Favorites</Property>
                        <Property Name="Icon">none</Property>
                        <Property Name="FontFamily">Arial,' sans-serif'</Property>
                        <Property Name="FontSize">10pt</Property>
                        <Property Name="FontWeight">bold</Property>
                        <Property Name="Color">#433e29</Property>
                        <Property Name="BackgroundGradient">solid #565d37 #565d37</Property>
                        <Property Name="BackgroundGradientHover">vertical #ffffff #6d6d6d</Property>
                        <Property Name="ItemHeight">32px</Property>
                        <Property Name="BorderTop">solid 1px #ffdb5a</Property>
                        <Property Name="BorderBottom">solid 1px #ffdb5a</Property>
                    </Properties>
                </StyleClass>
                <StyleClass Name="Glossary">
                    <Properties>
                        <Property Name="Label">Glossary</Property>
                        <Property Name="Icon">none</Property>
                        <Property Name="FontFamily">Arial,' sans-serif'</Property>
                        <Property Name="FontSize">10pt</Property>
                        <Property Name="FontWeight">bold</Property>
                        <Property Name="Color">#433e29</Property>
                        <Property Name="BackgroundGradient">solid #565d37 #565d37</Property>
                        <Property Name="BackgroundGradientHover">vertical #ffffff #6d6d6d</Property>
                        <Property Name="ItemHeight">32px</Property>
                        <Property Name="BorderTop">solid 1px #ffdb5a</Property>
                        <Property Name="BorderBottom">solid 1px #ffdb5a</Property>
                    </Properties>
                </StyleClass>
                <StyleClass Name="Index">
                    <Properties>
                        <Property Name="Label">Index</Property>
                        <Property Name="Icon">none</Property>
                        <Property Name="FontFamily">Arial,' sans-serif'</Property>
                        <Property Name="FontSize">10pt</Property>
                        <Property Name="FontWeight">bold</Property>
                        <Property Name="Color">#433e29</Property>
                        <Property Name="BackgroundGradient">solid #565d37 #565d37</Property>
                        <Property Name="BackgroundGradientHover">vertical #ffffff #6d6d6d</Property>
                        <Property Name="ItemHeight">32px</Property>
                        <Property Name="BorderTop">solid 1px #ffdb5a</Property>
                        <Property Name="BorderBottom">solid 1px #ffdb5a</Property>
                    </Properties>
                </StyleClass>
                <StyleClass Name="Search">
                    <Properties>
                        <Property Name="Label">Search</Property>
                        <Property Name="Icon">none</Property>
                        <Property Name="FontFamily">Arial,' sans-serif'</Property>
                        <Property Name="FontSize">10pt</Property>
                        <Property Name="FontWeight">bold</Property>
                        <Property Name="Color">#433e29</Property>
                        <Property Name="BackgroundGradient">solid #565d37 #565d37</Property>
                        <Property Name="BackgroundGradientHover">vertical #ffffff #6d6d6d</Property>
                        <Property Name="ItemHeight">32px</Property>
                        <Property Name="BorderTop">solid 1px #ffdb5a</Property>
                        <Property Name="BorderBottom">solid 1px #ffdb5a</Property>
                    </Properties>
                </StyleClass>
                <StyleClass Name="IconTray">
                    <Properties>
                        <Property Name="ItemHeight">32px</Property>
                        <Property Name="BackgroundGradient">solid #565d37 #565d37</Property>
                        <Property Name="BorderTop">solid 1px #ffdb5a</Property>
                        <Property Name="BorderBottom">solid 1px #ffdb5a</Property>
                        <Property Name="FontFamily">Arial,' sans-serif'</Property>
                        <Property Name="FontSize">10pt</Property>
                        <Property Name="FontWeight">bold</Property>
                        <Property Name="Color">#433e29</Property>
                        <Property Name="BackgroundGradientHover">vertical #ffffff #6d6d6d</Property>
                    </Properties>
                </StyleClass>
            </Classes>
        </Style>
        <Style Name="Frame">
            <Classes>
                <StyleClass Name="NavigationTopDivider">
                    <Properties>
                        <Property Name="Height">4px</Property>
                        <Property Name="BackgroundImage">url('NavigationTopGradient.jpg')</Property>
                        <Property Name="BackgroundColor">#ffdb5a</Property>
                    </Properties>
                </StyleClass>
                <StyleClass Name="NavigationDragHandle">
                    <Properties>
                        <Property Name="Height">3px</Property>
                        <Property Name="BackgroundImage">url('NavigationBottomGradient.jpg')</Property>
                        <Property Name="BackgroundImagePressed">url('NavigationBottomGradient_selected.jpg')</Property>
                        <Property Name="BackgroundColor">#ffdb5a</Property>
                    </Properties>
                </StyleClass>
                <StyleClass Name="Toolbar">
                    <Properties>
                        <Property Name="Height">50px</Property>
                        <Property Name="BackgroundGradient">solid #d6d6d6 #d6d6d6</Property>
                        <Property Name="BackgroundColor">#d6d6d6</Property>
                    </Properties>
                </StyleClass>
                <StyleClass Name="AccordionBrowseSequence">
                    <Properties>
                        <Property Name="BackgroundColor">#e8edb4</Property>
                    </Properties>
                </StyleClass>
                <StyleClass Name="AccordionTOC">
                    <Properties>
                        <Property Name="BackgroundColor">#e8edb4</Property>
                    </Properties>
                </StyleClass>
                <StyleClass Name="AccordionSearch">
                    <Properties>
                        <Property Name="BackgroundColor">#e8edb4</Property>
                    </Properties>
                </StyleClass>
                <StyleClass Name="TopicToolbar">
                    <Properties>
                        <Property Name="Height">28px</Property>
                        <Property Name="BackgroundColor">#e8edb4</Property>
                    </Properties>
                </StyleClass>
                <StyleClass Name="AccordionIndex">
                    <Properties>
                        <Property Name="BackgroundColor">#e8edb4</Property>
                    </Properties>
                </StyleClass>
                <StyleClass Name="AccordionGlossary">
                    <Properties>
                        <Property Name="BackgroundColor">#e8edb4</Property>
                    </Properties>
                </StyleClass>
                <StyleClass Name="AccordionFavorites">
                    <Properties>
                        <Property Name="BackgroundColor">#e8edb4</Property>
                    </Properties>
                </StyleClass>
                <StyleClass Name="BodyComments">
                    <Properties>
                        <Property Name="BackgroundColor">#e8edb4</Property>
                        <Property Name="Label">Comments</Property>
                    </Properties>
                </StyleClass>
            </Classes>
            <Properties>
                <Property Name="BackgroundColor">#e8edb4</Property>
            </Properties>
        </Style>
        <Style Name="TocEntry">
            <Properties>
                <Property Name="FontFamily">Verdana,sans-serif,Arial</Property>
                <Property Name="FontSize">8pt</Property>
                <Property Name="Color">#565d37</Property>
                <Property Name="TopicIcon">url(Topic.gif)</Property>
                <Property Name="BookIcon">url(Book.gif)</Property>
                <Property Name="BookOpenIcon">url(BookOpen.gif)</Property>
            </Properties>
        </Style>
        <Style Name="ToolbarItem">
            <Classes>
                <StyleClass Name="AddTopicToFavorites">
                    <Properties>
                        <Property Name="ControlType">AddTopicToFavorites</Property>
                        <Property Name="Icon">url('esm-star.ico')</Property>
                        <Property Name="HoverIcon">url('esm-star.ico')</Property>
                        <Property Name="PressedIcon">none</Property>
                        <Property Name="BackgroundColor">#d6d6d6</Property>
                    </Properties>
                </StyleClass>
                <StyleClass Name="Back">
                    <Properties>
                        <Property Name="ControlType">Back</Property>
                        <Property Name="Icon">url('esm-left.ico')</Property>
                        <Property Name="HoverIcon">url('esm-left.ico')</Property>
                        <Property Name="PressedIcon">none</Property>
                        <Property Name="BackgroundColor">#d6d6d6</Property>
                    </Properties>
                </StyleClass>
                <StyleClass Name="CollapseAll">
                    <Properties>
                        <Property Name="ControlType">CollapseAll</Property>
                        <Property Name="Icon">url('esm-minus.ico')</Property>
                        <Property Name="HoverIcon">url('esm-minus.ico')</Property>
                        <Property Name="PressedIcon">none</Property>
                        <Property Name="Tooltip">Collapse all Togglers</Property>
                        <Property Name="BackgroundColor">#d6d6d6</Property>
                    </Properties>
                </StyleClass>
                <StyleClass Name="ExpandAll">
                    <Properties>
                        <Property Name="ControlType">ExpandAll</Property>
                        <Property Name="Icon">url('esm-plus.ico')</Property>
                        <Property Name="HoverIcon">url('esm-plus.ico')</Property>
                        <Property Name="PressedIcon">none</Property>
                        <Property Name="Tooltip">Expand all Togglers</Property>
                        <Property Name="BackgroundColor">#d6d6d6</Property>
                    </Properties>
                </StyleClass>
                <StyleClass Name="Forward">
                    <Properties>
                        <Property Name="ControlType">Forward</Property>
                        <Property Name="Icon">url('esm-right.ico')</Property>
                        <Property Name="HoverIcon">url('esm-right.ico')</Property>
                        <Property Name="PressedIcon">none</Property>
                        <Property Name="BackgroundColor">#d6d6d6</Property>
                    </Properties>
                </StyleClass>
                <StyleClass Name="Home">
                    <Properties>
                        <Property Name="ControlType">Home</Property>
                        <Property Name="Icon">url('esm-home.ico')</Property>
                        <Property Name="HoverIcon">url('esm-home.ico')</Property>
                        <Property Name="PressedIcon">none</Property>
                        <Property Name="BackgroundColor">#d6d6d6</Property>
                    </Properties>
                </StyleClass>
                <StyleClass Name="Print">
                    <Properties>
                        <Property Name="ControlType">Print</Property>
                        <Property Name="Icon">url('esm-print.ico')</Property>
                        <Property Name="HoverIcon">url('esm-print.ico')</Property>
                        <Property Name="PressedIcon">none</Property>
                        <Property Name="BackgroundColor">#d6d6d6</Property>
                    </Properties>
                </StyleClass>
                <StyleClass Name="QuickSearch">
                    <Properties>
                        <Property Name="Icon">url('esm-magnifier.ico')</Property>
                        <Property Name="PressedIcon">none</Property>
                        <Property Name="HoverIcon">url('esm-magnifier.ico')</Property>
                        <Property Name="Tooltip">Search this topic</Property>
                        <Property Name="SearchBoxTooltip">Search this topic</Property>
                        <Property Name="BackgroundColor">#d6d6d6</Property>
                        <Property Name="ControlType">QuickSearch</Property>
                    </Properties>
                </StyleClass>
                <StyleClass Name="Refresh">
                    <Properties>
                        <Property Name="ControlType">Refresh</Property>
                        <Property Name="Icon">url('esm-redo.ico')</Property>
                        <Property Name="HoverIcon">url('esm-redo.ico')</Property>
                        <Property Name="PressedIcon">none</Property>
                        <Property Name="BackgroundColor">#d6d6d6</Property>
                    </Properties>
                </StyleClass>
                <StyleClass Name="RemoveHighlight">
                    <Properties>
                        <Property Name="ControlType">RemoveHighlight</Property>
                        <Property Name="Icon">url('esm-zoom_out.ico')</Property>
                        <Property Name="HoverIcon">url('esm-zoom_out.ico')</Property>
                        <Property Name="PressedIcon">none</Property>
                        <Property Name="BackgroundColor">#d6d6d6</Property>
                    </Properties>
                </StyleClass>
                <StyleClass Name="SelectBrowseSequence">
                    <Properties>
                        <Property Name="ControlType">SelectBrowseSequence</Property>
                        <Property Name="Icon">url(SelectBrowsesequence.gif)</Property>
                        <Property Name="HoverIcon">url(SelectBrowsesequence_over.gif)</Property>
                        <Property Name="PressedIcon">url(SelectBrowsesequence_selected.gif)</Property>
                        <Property Name="BackgroundColor">#d6d6d6</Property>
                    </Properties>
                </StyleClass>
                <StyleClass Name="SelectFavorites">
                    <Properties>
                        <Property Name="ControlType">SelectFavorites</Property>
                        <Property Name="Icon">url(SelectFavorites.gif)</Property>
                        <Property Name="HoverIcon">url(SelectFavorites_over.gif)</Property>
                        <Property Name="PressedIcon">url(SelectFavorites_selected.gif)</Property>
                        <Property Name="BackgroundColor">#d6d6d6</Property>
                    </Properties>
                </StyleClass>
                <StyleClass Name="SelectGlossary">
                    <Properties>
                        <Property Name="ControlType">SelectGlossary</Property>
                        <Property Name="Icon">url(SelectGlossary.gif)</Property>
                        <Property Name="HoverIcon">url(SelectGlossary_over.gif)</Property>
                        <Property Name="PressedIcon">url(SelectGlossary_selected.gif)</Property>
                        <Property Name="BackgroundColor">#d6d6d6</Property>
                    </Properties>
                </StyleClass>
                <StyleClass Name="SelectIndex">
                    <Properties>
                        <Property Name="ControlType">SelectIndex</Property>
                        <Property Name="Icon">url(SelectIndex.gif)</Property>
                        <Property Name="HoverIcon">url(SelectIndex_over.gif)</Property>
                        <Property Name="PressedIcon">url(SelectIndex_selected.gif)</Property>
                        <Property Name="BackgroundColor">#d6d6d6</Property>
                    </Properties>
                </StyleClass>
                <StyleClass Name="SelectSearch">
                    <Properties>
                        <Property Name="ControlType">SelectSearch</Property>
                        <Property Name="Icon">url(SelectSearch.gif)</Property>
                        <Property Name="HoverIcon">url(SelectSearch_over.gif)</Property>
                        <Property Name="PressedIcon">url(SelectSearch_selected.gif)</Property>
                        <Property Name="BackgroundColor">#d6d6d6</Property>
                    </Properties>
                </StyleClass>
                <StyleClass Name="SelectTOC">
                    <Properties>
                        <Property Name="ControlType">SelectTOC</Property>
                        <Property Name="Icon">url(SelectToc.gif)</Property>
                        <Property Name="HoverIcon">url(SelectToc_over.gif)</Property>
                        <Property Name="PressedIcon">url(SelectToc_selected.gif)</Property>
                        <Property Name="BackgroundColor">#d6d6d6</Property>
                    </Properties>
                </StyleClass>
                <StyleClass Name="Stop">
                    <Properties>
                        <Property Name="ControlType">Stop</Property>
                        <Property Name="Icon">url('Hand.ico')</Property>
                        <Property Name="HoverIcon">url('Hand.ico')</Property>
                        <Property Name="PressedIcon">none</Property>
                        <Property Name="BackgroundColor">#d6d6d6</Property>
                    </Properties>
                </StyleClass>
                <StyleClass Name="ToggleNavigationPane">
                    <Properties>
                        <Property Name="Icon">url(HideNavigation.gif)</Property>
                        <Property Name="PressedIcon">url(HideNavigation_selected.gif)</Property>
                        <Property Name="HoverIcon">url(HideNavigation_over.gif)</Property>
                        <Property Name="CheckedIcon">url(HideNavigation_checked.gif)</Property>
                        <Property Name="BackgroundColor">#d6d6d6</Property>
                        <Property Name="ControlType">ToggleNavigationPane</Property>
                    </Properties>
                </StyleClass>
                <StyleClass Name="AccordionTitle">
                    <Properties>
                        <Property Name="FontFamily">Verdana,sans-serif,Arial</Property>
                        <Property Name="FontSize">14pt</Property>
                        <Property Name="Color">#ffffff</Property>
                        <Property Name="BackgroundColor">#d6d6d6</Property>
                        <Property Name="ControlType">AccordionTitle</Property>
                    </Properties>
                </StyleClass>
                <StyleClass Name="Logo">
                    <Properties>
                        <Property Name="LogoAlternateText">Visit Layer 7 Technologies</Property>
                        <Property Name="Icon">url('L7_logo.png')</Property>
                        <Property Name="OnClick">window.open('http://www.layer7tech.com')</Property>
                        <Property Name="ControlType">Logo</Property>
                        <Property Name="Tooltip">Visit Layer 7 Technologies</Property>
                        <Property Name="BackgroundColor">#d6d6d6</Property>
                    </Properties>
                </StyleClass>
                <StyleClass Name="TopicRatings">
                    <Properties>
                        <Property Name="EmptyIcon">url('resources:WebHelp/Default.flwht/Images/Rating0.gif')</Property>
                        <Property Name="HalfFullIcon">url('resources:WebHelp/Default.flwht/Images/RatingGold50.gif')</Property>
                        <Property Name="FullIcon">url('resources:WebHelp/Default.flwht/Images/RatingGold100.gif')</Property>
                        <Property Name="RatingSubmittedMessage">Thank you for submitting your rating!</Property>
                        <Property Name="ControlType">TopicRatings</Property>
                        <Property Name="BackgroundColor">#d6d6d6</Property>
                    </Properties>
                </StyleClass>
                <StyleClass Name="EditUserProfile">
                    <Properties>
                        <Property Name="ControlType">EditUserProfile</Property>
                        <Property Name="Icon">url('resources:WebHelp/Default.flwht/Images/EditUserProfile.gif')</Property>
                        <Property Name="HoverIcon">url('resources:WebHelp/Default.flwht/Images/EditUserProfile_over.gif')</Property>
                        <Property Name="PressedIcon">url('resources:WebHelp/Default.flwht/Images/EditUserProfile_selected.gif')</Property>
                        <Property Name="BackgroundColor">#d6d6d6</Property>
                    </Properties>
                </StyleClass>
                <StyleClass Name="PreviousTopic">
                    <Properties>
                        <Property Name="ControlType">PreviousTopic</Property>
                        <Property Name="Icon">url('resources:WebHelp/Default.flwht/Images/PreviousTopic.gif')</Property>
                        <Property Name="HoverIcon">url('resources:WebHelp/Default.flwht/Images/PreviousTopic_over.gif')</Property>
                        <Property Name="PressedIcon">url('resources:WebHelp/Default.flwht/Images/PreviousTopic_selected.gif')</Property>
                        <Property Name="BackgroundColor">#d6d6d6</Property>
                    </Properties>
                </StyleClass>
                <StyleClass Name="NextTopic">
                    <Properties>
                        <Property Name="ControlType">NextTopic</Property>
                        <Property Name="Icon">url('resources:WebHelp/Default.flwht/Images/NextTopic.gif')</Property>
                        <Property Name="HoverIcon">url('resources:WebHelp/Default.flwht/Images/NextTopic_over.gif')</Property>
                        <Property Name="PressedIcon">url('resources:WebHelp/Default.flwht/Images/NextTopic_selected.gif')</Property>
                        <Property Name="BackgroundColor">#d6d6d6</Property>
                    </Properties>
                </StyleClass>
                <StyleClass Name="CurrentTopicIndex">
                    <Properties>
                        <Property Name="BackgroundColor">#d6d6d6</Property>
                        <Property Name="PaddingLeft">2px</Property>
                        <Property Name="PaddingRight">2px</Property>
                        <Property Name="Label">Page {n} of {total}</Property>
                        <Property Name="ControlType">CurrentTopicIndex</Property>
                    </Properties>
                </StyleClass>
                <StyleClass Name="Separator">
                    <Properties>
                        <Property Name="ControlType">Separator</Property>
                        <Property Name="BackgroundColor">#d6d6d6</Property>
                    </Properties>
                </StyleClass>
            </Classes>
            <Properties>
                <Property Name="BackgroundColor">#d6d6d6</Property>
            </Properties>
        </Style>
        <Style Name="IndexEntry">
            <Properties>
                <Property Name="FontFamily">Verdana,sans-serif,Arial</Property>
                <Property Name="FontSize">8pt</Property>
                <Property Name="Color">#565d37</Property>
            </Properties>
        </Style>
        <Style Name="Header">
            <Properties>
                <Property Name="BorderTop">solid 1px #D8DFE7</Property>
                <Property Name="BorderBottom">solid 1px #323C47</Property>
                <Property Name="BackgroundImage">url('header.png')</Property>
            </Properties>
        </Style>
        <Style Name="Home Button">
            <Properties>
                <Property Name="LabelWithNoneOption">Home</Property>
            </Properties>
        </Style>
        <Style Name="Navigation Element">
            <Classes>
                <StyleClass Name="TOC - Home Page Row">
                    <Properties>
                        <Property Name="LabelWithNoneOption">Table of Contents</Property>
                    </Properties>
                </StyleClass>
                <StyleClass Name="Index - Home Page Row">
                    <Properties>
                        <Property Name="LabelWithNoneOption">Index</Property>
                    </Properties>
                </StyleClass>
                <StyleClass Name="Glossary - Home Page Row">
                    <Properties>
                        <Property Name="LabelWithNoneOption">Glossary</Property>
                    </Properties>
                </StyleClass>
                <StyleClass Name="Browse Sequence - Home Page Row">
                    <Properties>
                        <Property Name="LabelWithNoneOption">Browse Sequences</Property>
                    </Properties>
                </StyleClass>
                <StyleClass Name="About - Home Page Row">
                    <Properties>
                        <Property Name="LabelWithNoneOption">About</Property>
                    </Properties>
                </StyleClass>
                <StyleClass Name="Index Page">
                    <Properties>
                        <Property Name="SeeReference">See</Property>
                        <Property Name="SeeAlsoReference">See also</Property>
                    </Properties>
                </StyleClass>
                <StyleClass Name="Search Results Page">
                    <Properties>
                        <Property Name="NoResultsFoundString">No results found.</Property>
                        <Property Name="SearchErrorString">There was an error during the search. Please try again.</Property>
                    </Properties>
                </StyleClass>
                <StyleClass Name="Index Heading">
                    <Properties>
                        <Property Name="BackgroundImage">url('IndexHeadingBG.png')</Property>
                        <Property Name="Height">23px</Property>
                    </Properties>
                </StyleClass>
                <StyleClass Name="Glossary Heading">
                    <Properties>
                        <Property Name="BackgroundImage">url('IndexHeadingBG.png')</Property>
                        <Property Name="Height">23px</Property>
                    </Properties>
                </StyleClass>
            </Classes>
        </Style>
        <Style Name="Search Bar">
            <Properties>
                <Property Name="BackgroundImage">url('SearchBG.png')</Property>
            </Properties>
        </Style>
        <Style Name="Formats">
            <Properties>
                <Property Name="CrossReferenceFormat">See \"{paratext}\"</Property>
                <Property Name="CrossReferencePrintFormat">See \"{paratext}\" on page {page}</Property>
                <Property Name="CrossReferenceBelow">below</Property>
                <Property Name="CrossReferenceAbove">above</Property>
                <Property Name="CrossReferenceOnPage">on page </Property>
                <Property Name="CrossReferenceOnPreviousPage">on previous page</Property>
                <Property Name="CrossReferenceOnNextPage">on next page</Property>
                <Property Name="CrossReferenceOnFacingPage">on the facing page</Property>
                <Property Name="BreadcrumbsYouAreHereText">You are here: </Property>
                <Property Name="KeywordLinkText">Search Index</Property>
                <Property Name="RelatedTopicsText">Related Topics</Property>
                <Property Name="ConceptLinkText">See Also</Property>
            </Properties>
        </Style>
        <Style Name="Relationships">
            <Classes>
                <StyleClass Name="concept">
                    <Properties>
                        <Property Name="Label">Concept Information</Property>
                    </Properties>
                </StyleClass>
                <StyleClass Name="task">
                    <Properties>
                        <Property Name="Label">Related Tasks</Property>
                    </Properties>
                </StyleClass>
                <StyleClass Name="reference">
                    <Properties>
                        <Property Name="Label">Reference Materials</Property>
                    </Properties>
                </StyleClass>
            </Classes>
        </Style>
        <Style Name="FeedbackUserProfileItem">
            <Classes>
                <StyleClass Name="MiddleName">
                    <Properties>
                        <Property Name="Label">Middle Name</Property>
                    </Properties>
                </StyleClass>
                <StyleClass Name="Address1">
                    <Properties>
                        <Property Name="Label">Address</Property>
                    </Properties>
                </StyleClass>
                <StyleClass Name="Address2">
                    <Properties>
                        <Property Name="Label">Address2</Property>
                    </Properties>
                </StyleClass>
                <StyleClass Name="Address3">
                    <Properties>
                        <Property Name="Label">Address3</Property>
                    </Properties>
                </StyleClass>
                <StyleClass Name="Address4">
                    <Properties>
                        <Property Name="Label">Address4</Property>
                    </Properties>
                </StyleClass>
                <StyleClass Name="City">
                    <Properties>
                        <Property Name="Label">City</Property>
                    </Properties>
                </StyleClass>
                <StyleClass Name="State">
                    <Properties>
                        <Property Name="Label">State</Property>
                    </Properties>
                </StyleClass>
                <StyleClass Name="Phone1">
                    <Properties>
                        <Property Name="Label">Home Phone</Property>
                    </Properties>
                </StyleClass>
                <StyleClass Name="Phone2">
                    <Properties>
                        <Property Name="Label">Work Phone</Property>
                    </Properties>
                </StyleClass>
                <StyleClass Name="Phone3">
                    <Properties>
                        <Property Name="Label">Mobile Phone</Property>
                    </Properties>
                </StyleClass>
                <StyleClass Name="Fax">
                    <Properties>
                        <Property Name="Label">Fax</Property>
                    </Properties>
                </StyleClass>
                <StyleClass Name="Birthdate">
                    <Properties>
                        <Property Name="Label">Birthdate</Property>
                    </Properties>
                </StyleClass>
                <StyleClass Name="Date">
                    <Properties>
                        <Property Name="Label">Date</Property>
                    </Properties>
                </StyleClass>
                <StyleClass Name="Employer">
                    <Properties>
                        <Property Name="Label">Employer</Property>
                    </Properties>
                </StyleClass>
                <StyleClass Name="Occupation">
                    <Properties>
                        <Property Name="Label">Occupation</Property>
                    </Properties>
                </StyleClass>
                <StyleClass Name="Department">
                    <Properties>
                        <Property Name="Label">Department</Property>
                    </Properties>
                </StyleClass>
                <StyleClass Name="Custom1">
                    <Properties>
                        <Property Name="Label">Custom1</Property>
                    </Properties>
                </StyleClass>
                <StyleClass Name="Custom2">
                    <Properties>
                        <Property Name="Label">Custom2</Property>
                    </Properties>
                </StyleClass>
                <StyleClass Name="Custom3">
                    <Properties>
                        <Property Name="Label">Custom3</Property>
                    </Properties>
                </StyleClass>
                <StyleClass Name="Custom4">
                    <Properties>
                        <Property Name="Label">Custom4</Property>
                    </Properties>
                </StyleClass>
                <StyleClass Name="Custom5">
                    <Properties>
                        <Property Name="Label">Custom5</Property>
                    </Properties>
                </StyleClass>
                <StyleClass Name="Custom6">
                    <Properties>
                        <Property Name="Label">Custom6</Property>
                    </Properties>
                </StyleClass>
                <StyleClass Name="Custom7">
                    <Properties>
                        <Property Name="Label">Custom7</Property>
                    </Properties>
                </StyleClass>
                <StyleClass Name="Custom8">
                    <Properties>
                        <Property Name="Label">Custom8</Property>
                    </Properties>
                </StyleClass>
                <StyleClass Name="Custom9">
                    <Properties>
                        <Property Name="Label">Custom9</Property>
                    </Properties>
                </StyleClass>
                <StyleClass Name="Custom10">
                    <Properties>
                        <Property Name="Label">Custom10</Property>
                    </Properties>
                </StyleClass>
            </Classes>
        </Style>
        <Style Name="Control">
            <Classes>
                <StyleClass Name="SearchFavoritesDeleteButton">
                    <Properties>
                        <Property Name="Icon">url('Delete.gif')</Property>
                        <Property Name="PressedIcon">url('Delete_selected.gif')</Property>
                        <Property Name="HoverIcon">url('Delete_over.gif')</Property>
                    </Properties>
                </StyleClass>
                <StyleClass Name="TopicFavoritesDeleteButton">
                    <Properties>
                        <Property Name="Icon">url('Delete.gif')</Property>
                        <Property Name="PressedIcon">url('Delete_selected.gif')</Property>
                        <Property Name="HoverIcon">url('Delete_over.gif')</Property>
                    </Properties>
                </StyleClass>
                <StyleClass Name="AddSearchToFavoritesButton">
                    <Properties>
                        <Property Name="Icon">url('AddSearchToFavorites.gif')</Property>
                        <Property Name="PressedIcon">url('AddSearchToFavorites_selected.gif')</Property>
                        <Property Name="HoverIcon">url('AddSearchToFavorites_over.gif')</Property>
                    </Properties>
                </StyleClass>
                <StyleClass Name="SearchResults">
                    <Properties>
                        <Property Name="RankLabel">Rank</Property>
                        <Property Name="TitleLabel">Title</Property>
                    </Properties>
                </StyleClass>
                <StyleClass Name="CommentsAddButton">
                    <Properties>
                        <Property Name="Icon">url('AddComment.gif')</Property>
                        <Property Name="PressedIcon">url('AddComment_selected.gif')</Property>
                        <Property Name="HoverIcon">url('AddComment_over.gif')</Property>
                    </Properties>
                </StyleClass>
                <StyleClass Name="CommentsReplyButton">
                    <Properties>
                        <Property Name="Icon">url('ReplyComment.gif')</Property>
                        <Property Name="PressedIcon">url('ReplyComment_selected.gif')</Property>
                        <Property Name="HoverIcon">url('ReplyComment_over.gif')</Property>
                    </Properties>
                </StyleClass>
                <StyleClass Name="CommentsRefreshButton">
                    <Properties>
                        <Property Name="Icon">url('RefreshTopicComments.gif')</Property>
                        <Property Name="PressedIcon">url('RefreshTopicComments_selected.gif')</Property>
                        <Property Name="HoverIcon">url('RefreshTopicComments_over.gif')</Property>
                    </Properties>
                </StyleClass>
                <StyleClass Name="CommentNode">
                    <Properties>
                        <Property Name="Icon">url('Comment.gif')</Property>
                    </Properties>
                </StyleClass>
                <StyleClass Name="CommentReplyNode">
                    <Properties>
                        <Property Name="Icon">url('CommentReply.gif')</Property>
                    </Properties>
                </StyleClass>
                <StyleClass Name="NavigationLinkTop">
                    <Properties>
                        <Property Name="Label">Open topic with navigation</Property>
                    </Properties>
                </StyleClass>
                <StyleClass Name="NavigationLinkBottom">
                    <Properties>
                        <Property Name="Label">Open topic with navigation</Property>
                    </Properties>
                </StyleClass>
            </Classes>
        </Style>
        <Style Name="Dialog">
            <Classes>
                <StyleClass Name="AddComment">
                    <Properties>
                        <Property Name="CommentLengthExceeded">The maximum comment length was exceeded by {n} characters.</Property>
                    </Properties>
                </StyleClass>
                <StyleClass Name="ReplyComment">
                    <Properties>
                        <Property Name="CommentLengthExceeded">The maximum comment length was exceeded by {n} characters.</Property>
                    </Properties>
                </StyleClass>
            </Classes>
        </Style>
    </Styles>
    <Resources>
    </Resources>
    <ResourcesInfo>
        <Resource Name="esm-left.ico" Width="48" Height="48" />
        <Resource Name="esm-right.ico" Width="48" Height="48" />
        <Resource Name="esm-print.ico" Width="48" Height="48" />
        <Resource Name="esm-redo.ico" Width="48" Height="48" />
        <Resource Name="esm-star.ico" Width="48" Height="48" />
        <Resource Name="esm-magnifier.ico" Width="48" Height="48" />
        <Resource Name="esm-zoom_out.ico" Width="48" Height="48" />
        <Resource Name="L7_logo.png" Width="338" Height="47" />
        <Resource Name="header.png" Width="1" Height="42" />
        <Resource Name="IndexHeadingBG.png" Width="1" Height="23" />
        <Resource Name="SearchBG.png" Width="1" Height="43" />
        <Resource Name="Topic.gif" Width="16" Height="16" />
        <Resource Name="Book.gif" Width="16" Height="16" />
        <Resource Name="BookOpen.gif" Width="16" Height="16" />
        <Resource Name="NavigationTopGradient.jpg" Width="2" Height="8" />
        <Resource Name="NavigationBottomGradient.jpg" Width="2" Height="7" />
        <Resource Name="NavigationBottomGradient_selected.jpg" Width="2" Height="7" />
        <Resource Name="Delete.gif" Width="23" Height="22" />
        <Resource Name="Delete_selected.gif" Width="23" Height="22" />
        <Resource Name="Delete_over.gif" Width="23" Height="22" />
        <Resource Name="AddSearchToFavorites.gif" Width="23" Height="22" />
        <Resource Name="AddSearchToFavorites_selected.gif" Width="23" Height="22" />
        <Resource Name="AddSearchToFavorites_over.gif" Width="23" Height="22" />
        <Resource Name="AddComment.gif" Width="23" Height="22" />
        <Resource Name="AddComment_selected.gif" Width="23" Height="22" />
        <Resource Name="AddComment_over.gif" Width="23" Height="22" />
        <Resource Name="ReplyComment.gif" Width="23" Height="22" />
        <Resource Name="ReplyComment_selected.gif" Width="23" Height="22" />
        <Resource Name="ReplyComment_over.gif" Width="23" Height="22" />
        <Resource Name="RefreshTopicComments.gif" Width="23" Height="22" />
        <Resource Name="RefreshTopicComments_selected.gif" Width="23" Height="22" />
        <Resource Name="RefreshTopicComments_over.gif" Width="23" Height="22" />
        <Resource Name="Comment.gif" Width="16" Height="16" />
        <Resource Name="CommentReply.gif" Width="16" Height="16" />
    </ResourcesInfo>
</Stylesheet>