--
-- Script to update mysql ssg database from 5.3.1 to 5.4.0
--
-- Layer 7 Technologies, inc
--

--
-- Disable FK while manipulating tables
--
SET FOREIGN_KEY_CHECKS=0;

--
-- Update the version
--

UPDATE ssg_version SET current_version = '5.4.0';

--
-- bug 9071  allow larger JDBC URL
--
ALTER TABLE jdbc_connection MODIFY COLUMN jdbc_url varchar(4096) NOT NULL;

--
-- Secure password storage facility
--
DROP TABLE IF EXISTS secure_password;
CREATE TABLE secure_password (
  objectid bigint(20) NOT NULL,
  version integer NOT NULL,
  name varchar(128) NOT NULL,
  description varchar(256),
  usage_from_variable tinyint(1) NOT NULL DEFAULT 0,
  encoded_password varchar(256) NOT NULL,
  last_update bigint(20) NOT NULL DEFAULT 0,
  PRIMARY KEY (objectid),
  UNIQUE(name)
) ENGINE=InnoDB DEFAULT CHARACTER SET utf8;


INSERT INTO rbac_role VALUES (-1050,0,'Manage Secure Passwords', null,null,null, 'Users assigned to the {0} role have the ability to read, create, update and delete any stored password.');
INSERT INTO rbac_permission VALUES (-1051,0,-1050,'READ',NULL,'SECURE_PASSWORD');
INSERT INTO rbac_permission VALUES (-1052,0,-1050,'CREATE',NULL,'SECURE_PASSWORD');
INSERT INTO rbac_permission VALUES (-1053,0,-1050,'UPDATE',NULL,'SECURE_PASSWORD');
INSERT INTO rbac_permission VALUES (-1054,0,-1050,'DELETE',NULL,'SECURE_PASSWORD');

--
-- Increase IP address string lengths to 39 to accommodate IPv6
--
ALTER TABLE audit_main MODIFY ip_address varchar(39) DEFAULT NULL;
ALTER TABLE cluster_info MODIFY address varchar(39) NOT NULL;
ALTER TABLE cluster_info MODIFY multicast_address varchar(39) NOT NULL;

--
-- HTTP options support
--
DROP TABLE IF EXISTS http_configuration;
CREATE TABLE http_configuration (
  objectid bigint(20) NOT NULL,
  version integer NOT NULL,
  host varchar(128) NOT NULL,
  port int(5) NOT NULL DEFAULT 0,
  protocol varchar(8) DEFAULT NULL,
  path varchar(4096) DEFAULT NULL,
  username varchar(255) DEFAULT NULL,
  password_oid bigint(20) DEFAULT NULL,
  ntlm_host varchar(128) DEFAULT NULL,
  ntlm_domain varchar(255) DEFAULT NULL,
  tls_version varchar(8) DEFAULT NULL,
  tls_key_use varchar(8) DEFAULT 'DEFAULT',
  tls_keystore_oid bigint(20) NOT NULL DEFAULT 0,
  tls_key_alias varchar(255) DEFAULT NULL,
  timeout_connect int(10) NOT NULL DEFAULT -1,
  timeout_read int(10) NOT NULL DEFAULT -1,
  follow_redirects tinyint(1) NOT NULL DEFAULT 0,
  proxy_use varchar(8) DEFAULT 'DEFAULT',
  proxy_host varchar(128) DEFAULT NULL,
  proxy_port int(5) NOT NULL DEFAULT 0,
  proxy_username varchar(255) DEFAULT NULL,
  proxy_password_oid bigint(20) DEFAULT NULL,
  FOREIGN KEY (password_oid) REFERENCES secure_password (objectid),
  FOREIGN KEY (proxy_password_oid) REFERENCES secure_password (objectid)
) ENGINE=InnoDB DEFAULT CHARACTER SET utf8;

INSERT INTO rbac_permission VALUES (-439,0,-400,'READ',NULL,'HTTP_CONFIGURATION');
INSERT INTO rbac_permission VALUES (-358,0,-350,'READ',NULL,'HTTP_CONFIGURATION');

INSERT INTO cluster_properties
    (objectid, version, propkey, propvalue)
    values (-500400, 0, "upgrade.task.500400", "com.l7tech.server.upgrade.Upgrade531To54UpdateRoles");


--
-- Manage Private Keys role
--
INSERT INTO `rbac_role` VALUES (-1100,1,'Manage Private Keys',NULL,NULL,NULL,'Users in this role have the ability to read, create, update, and delete private keys, as well as the ability to change the default SSL key and the default CA key.');
INSERT INTO `rbac_permission` VALUES
    (-1101,0,-1100,'UPDATE',NULL,'CLUSTER_PROPERTY'),
    (-1102,0,-1100,'DELETE',NULL,'SSG_KEY_ENTRY'),
    (-1103,0,-1100,'READ',NULL,'CLUSTER_PROPERTY'),
    (-1104,0,-1100,'READ',NULL,'SSG_KEY_ENTRY'),
    (-1105,0,-1100,'READ',NULL,'CLUSTER_PROPERTY'),
    (-1106,0,-1100,'UPDATE',NULL,'SSG_KEY_ENTRY'),
    (-1107,0,-1100,'CREATE',NULL,'SSG_KEY_ENTRY'),
    (-1108,0,-1100,'UPDATE',NULL,'CLUSTER_PROPERTY'),
    (-1109,0,-1100,'DELETE',NULL,'CLUSTER_PROPERTY'),
    (-1110,0,-1100,'CREATE',NULL,'CLUSTER_PROPERTY'),
    (-1111,0,-1100,'CREATE',NULL,'CLUSTER_PROPERTY'),
    (-1112,0,-1100,'UPDATE',NULL,'SSG_KEYSTORE'),
    (-1113,0,-1100,'DELETE',NULL,'CLUSTER_PROPERTY'),
    (-1114,0,-1100,'READ',NULL,'SSG_KEYSTORE');
INSERT INTO `rbac_predicate` VALUES
    (-1101,0,-1101),
    (-1103,0,-1103),
    (-1105,0,-1105),
    (-1108,0,-1108),
    (-1109,0,-1109),
    (-1110,0,-1110),
    (-1111,0,-1111),
    (-1113,0,-1113);
INSERT INTO `rbac_predicate_attribute` VALUES
    (-1101,'name','keyStore.defaultSsl.alias'),
    (-1103,'name','keyStore.defaultCa.alias'),
    (-1105,'name','keyStore.defaultSsl.alias'),
    (-1108,'name','keyStore.defaultCa.alias'),
    (-1109,'name','keyStore.defaultSsl.alias'),
    (-1110,'name','keyStore.defaultCa.alias'),
    (-1111,'name','keyStore.defaultSsl.alias'),
    (-1113,'name','keyStore.defaultCa.alias');

--
-- Explicit SOAP version configuration
--
ALTER TABLE published_service ADD COLUMN soap_version VARCHAR(20) DEFAULT NULL;

--
--
-- Global Resources
--

DROP TABLE IF EXISTS resource_entry;
CREATE TABLE resource_entry (
  objectid bigint(20) NOT NULL,
  version integer NOT NULL,
  description varchar(255),
  uri varchar(4096) NOT NULL,
  uri_hash varchar(128) NOT NULL,
  type varchar(32) NOT NULL,
  content_type varchar(255) NOT NULL,
  content mediumtext NOT NULL,
  resource_key1 varchar(4096),
  resource_key2 varchar(4096),
  resource_key3 varchar(4096),
  PRIMARY KEY (objectid),
  UNIQUE KEY rduh_idx (uri_hash)
) ENGINE=InnoDB DEFAULT CHARACTER SET utf8;

-- Upgrade existing XML Schemas
INSERT INTO resource_entry (objectid, version, uri, uri_hash, type, content_type, content, resource_key1) SELECT objectid, version, name, name_hash, 'XML_SCHEMA', 'text/xml', schema_xml, IF(STRCMP('',tns),tns,NULL) FROM community_schemas;

-- Create default resources, with backwards compatible URIs, do nothing if a resource already exists at the URI
INSERT INTO resource_entry (objectid, version, uri, uri_hash, type, content_type, content, resource_key1) VALUES (-3,0,'soapenv','6Nc0tkIclAhZHKOUv8SYLZFvfKpuUdafMh0g0u2eLCEGDMTBKwYjK1sJ983Y9mTHJSDRFxB5plc6lOkJtiHG+g==','XML_SCHEMA','text/xml','<?xml version=\'1.0\' encoding=\'UTF-8\' ?>\n<xs:schema xmlns:xs=\"http://www.w3.org/2001/XMLSchema\"\n           xmlns:tns=\"http://schemas.xmlsoap.org/soap/envelope/\"\n           targetNamespace=\"http://schemas.xmlsoap.org/soap/envelope/\" >\n  <!-- Envelope, header and body -->\n  <xs:element name=\"Envelope\" type=\"tns:Envelope\" />\n  <xs:complexType name=\"Envelope\" >\n    <xs:sequence>\n      <xs:element ref=\"tns:Header\" minOccurs=\"0\" />\n      <xs:element ref=\"tns:Body\" minOccurs=\"1\" />\n      <xs:any namespace=\"##other\" minOccurs=\"0\" maxOccurs=\"unbounded\" processContents=\"lax\" />\n    </xs:sequence>\n    <xs:anyAttribute namespace=\"##other\" processContents=\"lax\" />\n  </xs:complexType>\n  <xs:element name=\"Header\" type=\"tns:Header\" />\n  <xs:complexType name=\"Header\" >\n    <xs:sequence>\n      <xs:any namespace=\"##other\" minOccurs=\"0\" maxOccurs=\"unbounded\" processContents=\"lax\" />\n    </xs:sequence>\n    <xs:anyAttribute namespace=\"##other\" processContents=\"lax\" />\n  </xs:complexType>\n  <xs:element name=\"Body\" type=\"tns:Body\" />\n  <xs:complexType name=\"Body\" >\n    <xs:sequence>\n      <xs:any namespace=\"##any\" minOccurs=\"0\" maxOccurs=\"unbounded\" processContents=\"lax\" />\n    </xs:sequence>\n    <xs:anyAttribute namespace=\"##any\" processContents=\"lax\" >\n          <xs:annotation>\n            <xs:documentation>\n                  Prose in the spec does not specify that attributes are allowed on the Body element\n                </xs:documentation>\n          </xs:annotation>\n        </xs:anyAttribute>\n  </xs:complexType>\n  <!-- Global Attributes.  The following attributes are intended to be usable via qualified attribute names on any complex type referencing them.  -->\n  <xs:attribute name=\"mustUnderstand\" >\n     <xs:simpleType>\n     <xs:restriction base=\'xs:boolean\'>\n           <xs:pattern value=\'0|1\' />\n         </xs:restriction>\n   </xs:simpleType>\n  </xs:attribute>\n  <xs:attribute name=\"actor\" type=\"xs:anyURI\" />\n  <xs:simpleType name=\"encodingStyle\" >\n    <xs:annotation>\n          <xs:documentation>\n            \'encodingStyle\' indicates any canonicalization conventions followed in the contents of the containing element.  For example, the value \'http://schemas.xmlsoap.org/soap/encoding/\' indicates the pattern described in SOAP specification\n          </xs:documentation>\n        </xs:annotation>\n    <xs:list itemType=\"xs:anyURI\" />\n  </xs:simpleType>\n  <xs:attribute name=\"encodingStyle\" type=\"tns:encodingStyle\" />\n  <xs:attributeGroup name=\"encodingStyle\" >\n    <xs:attribute ref=\"tns:encodingStyle\" />\n  </xs:attributeGroup>  <xs:element name=\"Fault\" type=\"tns:Fault\" />\n  <xs:complexType name=\"Fault\" final=\"extension\" >\n    <xs:annotation>\n          <xs:documentation>\n            Fault reporting structure\n          </xs:documentation>\n        </xs:annotation>\n    <xs:sequence>\n      <xs:element name=\"faultcode\" type=\"xs:QName\" />\n      <xs:element name=\"faultstring\" type=\"xs:string\" />\n      <xs:element name=\"faultactor\" type=\"xs:anyURI\" minOccurs=\"0\" />\n      <xs:element name=\"detail\" type=\"tns:detail\" minOccurs=\"0\" />\n    </xs:sequence>\n  </xs:complexType>\n  <xs:complexType name=\"detail\">\n    <xs:sequence>\n      <xs:any namespace=\"##any\" minOccurs=\"0\" maxOccurs=\"unbounded\" processContents=\"lax\" />\n    </xs:sequence>\n    <xs:anyAttribute namespace=\"##any\" processContents=\"lax\" />\n  </xs:complexType>\n</xs:schema>','http://schemas.xmlsoap.org/soap/envelope/') ON DUPLICATE KEY UPDATE version=version;
INSERT INTO resource_entry (objectid, version, uri, uri_hash, type, content_type, content, resource_key1) VALUES (-4,0,'soapenv12','r5mlDeqwPrv105fw8VJFPKny2dv3ZyuXESMESasc5xjy9DtYPjO3lnmEp/h3TPLqlCbwQwSZPJGohDlH8dLx6g==','XML_SCHEMA','text/xml','<?xml version=\'1.0\'?>\n<!-- Schema defined in the SOAP Version 1.2 Part 1 specification\n     Recommendation:\n     http://www.w3.org/TR/2003/REC-soap12-part1-20030624/\n\n     Copyright (C)2003 W3C(R) (MIT, ERCIM, Keio), All Rights Reserved.\n     W3C viability, trademark, document use and software licensing rules\n     apply.\n     http://www.w3.org/Consortium/Legal/\n\n     This document is governed by the W3C Software License [1] as\n     described in the FAQ [2].\n\n     [1] http://www.w3.org/Consortium/Legal/copyright-software-19980720\n     [2] http://www.w3.org/Consortium/Legal/IPR-FAQ-20000620.html#DTD\n-->\n\n<xs:schema xmlns:xs=\"http://www.w3.org/2001/XMLSchema\"\n           xmlns:tns=\"http://www.w3.org/2003/05/soap-envelope\"\n           targetNamespace=\"http://www.w3.org/2003/05/soap-envelope\" \n		   elementFormDefault=\"qualified\" >\n\n  <xs:import namespace=\"http://www.w3.org/XML/1998/namespace\" \n             schemaLocation=\"xmlnamespace\"/>\n\n  <!-- Envelope, header and body -->\n  <xs:element name=\"Envelope\" type=\"tns:Envelope\" />\n  <xs:complexType name=\"Envelope\" >\n    <xs:sequence>\n      <xs:element ref=\"tns:Header\" minOccurs=\"0\" />\n      <xs:element ref=\"tns:Body\" minOccurs=\"1\" />\n    </xs:sequence>\n    <xs:anyAttribute namespace=\"##other\" processContents=\"lax\" />\n  </xs:complexType>\n\n  <xs:element name=\"Header\" type=\"tns:Header\" />\n  <xs:complexType name=\"Header\" >\n    <xs:annotation>\n	  <xs:documentation>\n	  Elements replacing the wildcard MUST be namespace qualified, but can be in the targetNamespace\n	  </xs:documentation>\n	</xs:annotation>\n    <xs:sequence>\n      <xs:any namespace=\"##any\" processContents=\"lax\" minOccurs=\"0\" maxOccurs=\"unbounded\"  />\n    </xs:sequence>\n    <xs:anyAttribute namespace=\"##other\" processContents=\"lax\" />\n  </xs:complexType>\n  \n  <xs:element name=\"Body\" type=\"tns:Body\" />\n  <xs:complexType name=\"Body\" >\n    <xs:sequence>\n      <xs:any namespace=\"##any\" processContents=\"lax\" minOccurs=\"0\" maxOccurs=\"unbounded\" />\n    </xs:sequence>\n    <xs:anyAttribute namespace=\"##other\" processContents=\"lax\" />\n  </xs:complexType>\n\n  <!-- Global Attributes.  The following attributes are intended to be\n  usable via qualified attribute names on any complex type referencing\n  them.  -->\n  <xs:attribute name=\"mustUnderstand\" type=\"xs:boolean\" default=\"0\" />\n  <xs:attribute name=\"relay\" type=\"xs:boolean\" default=\"0\" />\n  <xs:attribute name=\"role\" type=\"xs:anyURI\" />\n\n  <!-- \'encodingStyle\' indicates any canonicalization conventions\n  followed in the contents of the containing element.  For example, the\n  value \'http://www.w3.org/2003/05/soap-encoding\' indicates the pattern\n  described in the SOAP Version 1.2 Part 2: Adjuncts Recommendation -->\n\n  <xs:attribute name=\"encodingStyle\" type=\"xs:anyURI\" />\n\n  <xs:element name=\"Fault\" type=\"tns:Fault\" />\n  <xs:complexType name=\"Fault\" final=\"extension\" >\n    <xs:annotation>\n	  <xs:documentation>\n	    Fault reporting structure\n	  </xs:documentation>\n	</xs:annotation>\n    <xs:sequence>\n      <xs:element name=\"Code\" type=\"tns:faultcode\" />\n      <xs:element name=\"Reason\" type=\"tns:faultreason\" />\n      <xs:element name=\"Node\" type=\"xs:anyURI\" minOccurs=\"0\" />\n	  <xs:element name=\"Role\" type=\"xs:anyURI\" minOccurs=\"0\" />\n      <xs:element name=\"Detail\" type=\"tns:detail\" minOccurs=\"0\" />\n    </xs:sequence>\n  </xs:complexType>\n\n  <xs:complexType name=\"faultreason\" >\n    <xs:sequence>\n	  <xs:element name=\"Text\" type=\"tns:reasontext\" \n                  minOccurs=\"1\"  maxOccurs=\"unbounded\" />\n	</xs:sequence>\n  </xs:complexType>\n\n  <xs:complexType name=\"reasontext\" >\n    <xs:simpleContent>\n	  <xs:extension base=\"xs:string\" >\n	    <xs:attribute ref=\"xml:lang\" use=\"required\" />\n	  </xs:extension>\n	</xs:simpleContent>\n  </xs:complexType>\n  \n  <xs:complexType name=\"faultcode\">\n    <xs:sequence>\n      <xs:element name=\"Value\"\n                  type=\"tns:faultcodeEnum\"/>\n      <xs:element name=\"Subcode\"\n                  type=\"tns:subcode\"\n                  minOccurs=\"0\"/>\n    </xs:sequence>\n  </xs:complexType>\n\n  <xs:simpleType name=\"faultcodeEnum\">\n    <xs:restriction base=\"xs:QName\">\n      <xs:enumeration value=\"tns:DataEncodingUnknown\"/>\n      <xs:enumeration value=\"tns:MustUnderstand\"/>\n      <xs:enumeration value=\"tns:Receiver\"/>\n      <xs:enumeration value=\"tns:Sender\"/>\n      <xs:enumeration value=\"tns:VersionMismatch\"/>\n    </xs:restriction>\n  </xs:simpleType>\n\n  <xs:complexType name=\"subcode\">\n    <xs:sequence>\n      <xs:element name=\"Value\"\n                  type=\"xs:QName\"/>\n      <xs:element name=\"Subcode\"\n                  type=\"tns:subcode\"\n                  minOccurs=\"0\"/>\n    </xs:sequence>\n  </xs:complexType>\n\n  <xs:complexType name=\"detail\">\n    <xs:sequence>\n      <xs:any namespace=\"##any\" processContents=\"lax\" minOccurs=\"0\" maxOccurs=\"unbounded\"  />\n    </xs:sequence>\n    <xs:anyAttribute namespace=\"##other\" processContents=\"lax\" /> \n  </xs:complexType>\n\n  <!-- Global element declaration and complex type definition for header entry returned due to a mustUnderstand fault -->\n  <xs:element name=\"NotUnderstood\" type=\"tns:NotUnderstoodType\" />\n  <xs:complexType name=\"NotUnderstoodType\" >\n    <xs:attribute name=\"qname\" type=\"xs:QName\" use=\"required\" />\n  </xs:complexType>\n\n\n  <!-- Global element and associated types for managing version transition as described in Appendix A of the SOAP Version 1.2 Part 1 Recommendation  -->  <xs:complexType name=\"SupportedEnvType\" >\n    <xs:attribute name=\"qname\" type=\"xs:QName\" use=\"required\" />\n  </xs:complexType>\n\n  <xs:element name=\"Upgrade\" type=\"tns:UpgradeType\" />\n  <xs:complexType name=\"UpgradeType\" >\n    <xs:sequence>\n	  <xs:element name=\"SupportedEnvelope\" type=\"tns:SupportedEnvType\" minOccurs=\"1\" maxOccurs=\"unbounded\" />\n	</xs:sequence>\n  </xs:complexType>\n\n\n</xs:schema>','http://www.w3.org/2003/05/soap-envelope') ON DUPLICATE KEY UPDATE version=version;
INSERT INTO resource_entry (objectid, version, uri, uri_hash, type, content_type, content, resource_key1) VALUES (-5,0,'xmlnamespace','UHrzHLOIEmSCjJBoDKjVMF5VMIyMxDqYERWBPzvM2ycF3Z2OHXv+vNMqWS9ilj8DxpQ8Io8tsD58Y2u6TIo7qw==','XML_SCHEMA','text/xml','<?xml version=\'1.0\'?>\n<xs:schema targetNamespace=\"http://www.w3.org/XML/1998/namespace\" xmlns:xs=\"http://www.w3.org/2001/XMLSchema\" xml:lang=\"en\">\n\n <xs:annotation>\n  <xs:documentation>\n   See http://www.w3.org/XML/1998/namespace.html and\n   http://www.w3.org/TR/REC-xml for information about this namespace.\n\n    This schema document describes the XML namespace, in a form\n    suitable for import by other schema documents.  \n\n    Note that local names in this namespace are intended to be defined\n    only by the World Wide Web Consortium or its subgroups.  The\n    following names are currently defined in this namespace and should\n    not be used with conflicting semantics by any Working Group,\n    specification, or document instance:\n\n    base (as an attribute name): denotes an attribute whose value\n         provides a URI to be used as the base for interpreting any\n         relative URIs in the scope of the element on which it\n         appears; its value is inherited.  This name is reserved\n         by virtue of its definition in the XML Base specification.\n\n    id   (as an attribute name): denotes an attribute whose value\n         should be interpreted as if declared to be of type ID.\n         This name is reserved by virtue of its definition in the\n         xml:id specification.\n\n    lang (as an attribute name): denotes an attribute whose value\n         is a language code for the natural language of the content of\n         any element; its value is inherited.  This name is reserved\n         by virtue of its definition in the XML specification.\n  \n    space (as an attribute name): denotes an attribute whose\n         value is a keyword indicating what whitespace processing\n         discipline is intended for the content of the element; its\n         value is inherited.  This name is reserved by virtue of its\n         definition in the XML specification.\n\n    Father (in any context at all): denotes Jon Bosak, the chair of \n         the original XML Working Group.  This name is reserved by \n         the following decision of the W3C XML Plenary and \n         XML Coordination groups:\n\n             In appreciation for his vision, leadership and dedication\n             the W3C XML Plenary on this 10th day of February, 2000\n             reserves for Jon Bosak in perpetuity the XML name\n             xml:Father\n  </xs:documentation>\n </xs:annotation>\n\n <xs:annotation>\n  <xs:documentation>This schema defines attributes and an attribute group\n        suitable for use by\n        schemas wishing to allow xml:base, xml:lang, xml:space or xml:id\n        attributes on elements they define.\n\n        To enable this, such a schema must import this schema\n        for the XML namespace, e.g. as follows:\n        &lt;schema . . .>\n         . . .\n         &lt;import namespace=\"http://www.w3.org/XML/1998/namespace\"\n                    schemaLocation=\"http://www.w3.org/2001/xml.xsd\"/>\n\n        Subsequently, qualified reference to any of the attributes\n        or the group defined below will have the desired effect, e.g.\n\n        &lt;type . . .>\n         . . .\n         &lt;attributeGroup ref=\"xml:specialAttrs\"/>\n \n         will define a type which will schema-validate an instance\n         element with any of those attributes</xs:documentation>\n </xs:annotation>\n\n <xs:annotation>\n  <xs:documentation>In keeping with the XML Schema WG\'s standard versioning\n   policy, this schema document will persist at\n   http://www.w3.org/2007/08/xml.xsd.\n   At the date of issue it can also be found at\n   http://www.w3.org/2001/xml.xsd.\n   The schema document at that URI may however change in the future,\n   in order to remain compatible with the latest version of XML Schema\n   itself, or with the XML namespace itself.  In other words, if the XML\n   Schema or XML namespaces change, the version of this document at\n   http://www.w3.org/2001/xml.xsd will change\n   accordingly; the version at\n   http://www.w3.org/2007/08/xml.xsd will not change.\n  </xs:documentation>\n </xs:annotation>\n\n <xs:attribute name=\"lang\">\n  <xs:annotation>\n   <xs:documentation>Attempting to install the relevant ISO 2- and 3-letter\n         codes as the enumerated possible values is probably never\n         going to be a realistic possibility.  See\n         RFC 3066 at http://www.ietf.org/rfc/rfc3066.txt and the IANA registry\n         at http://www.iana.org/assignments/lang-tag-apps.htm for\n         further information.\n\n         The union allows for the \'un-declaration\' of xml:lang with\n         the empty string.</xs:documentation>\n  </xs:annotation>\n  <xs:simpleType>\n   <xs:union memberTypes=\"xs:language\">\n    <xs:simpleType>    \n     <xs:restriction base=\"xs:string\">\n      <xs:enumeration value=\"\"/>\n     </xs:restriction>\n    </xs:simpleType>\n   </xs:union>\n  </xs:simpleType>\n </xs:attribute>\n\n <xs:attribute name=\"space\">\n  <xs:simpleType>\n   <xs:restriction base=\"xs:NCName\">\n    <xs:enumeration value=\"default\"/>\n    <xs:enumeration value=\"preserve\"/>\n   </xs:restriction>\n  </xs:simpleType>\n </xs:attribute>\n\n <xs:attribute name=\"base\" type=\"xs:anyURI\">\n  <xs:annotation>\n   <xs:documentation>See http://www.w3.org/TR/xmlbase/ for\n                     information about this attribute.</xs:documentation>\n  </xs:annotation>\n </xs:attribute>\n \n <xs:attribute name=\"id\" type=\"xs:ID\">\n  <xs:annotation>\n   <xs:documentation>See http://www.w3.org/TR/xml-id/ for\n                     information about this attribute.</xs:documentation>\n  </xs:annotation>\n </xs:attribute>\n\n <xs:attributeGroup name=\"specialAttrs\">\n  <xs:attribute ref=\"xml:base\"/>\n  <xs:attribute ref=\"xml:lang\"/>\n  <xs:attribute ref=\"xml:space\"/>\n  <xs:attribute ref=\"xml:id\"/>\n </xs:attributeGroup>\n\n</xs:schema>','http://www.w3.org/XML/1998/namespace') ON DUPLICATE KEY UPDATE version=version;
INSERT INTO resource_entry (objectid, version, uri, uri_hash, type, content_type, content, resource_key1) VALUES (-6,0,'http://www.w3.org/2001/datatypes.dtd','CnGeQLLg3aDZGm+VXQAHZEimjslNt6DgjHWn3RZ8VH3haj30QvOihEtZxgzq9y68dj9YSJ8JP71BQVEJ+9ycYg==','DTD','text/plain','<!--\n        DTD for XML Schemas: Part 2: Datatypes\n        $Id: datatypes.dtd,v 1.23 2001/03/16 17:36:30 ht Exp $\n        Note this DTD is NOT normative, or even definitive. - - the\n        prose copy in the datatypes REC is the definitive version\n        (which shouldn\'t differ from this one except for this comment\n        and entity expansions, but just in case)\n  -->\n\n<!--\n        This DTD cannot be used on its own, it is intended\n        only for incorporation in XMLSchema.dtd, q.v.\n  -->\n\n<!-- Define all the element names, with optional prefix -->\n<!ENTITY % simpleType \"%p;simpleType\">\n<!ENTITY % restriction \"%p;restriction\">\n<!ENTITY % list \"%p;list\">\n<!ENTITY % union \"%p;union\">\n<!ENTITY % maxExclusive \"%p;maxExclusive\">\n<!ENTITY % minExclusive \"%p;minExclusive\">\n<!ENTITY % maxInclusive \"%p;maxInclusive\">\n<!ENTITY % minInclusive \"%p;minInclusive\">\n<!ENTITY % totalDigits \"%p;totalDigits\">\n<!ENTITY % fractionDigits \"%p;fractionDigits\">\n<!ENTITY % length \"%p;length\">\n<!ENTITY % minLength \"%p;minLength\">\n<!ENTITY % maxLength \"%p;maxLength\">\n<!ENTITY % enumeration \"%p;enumeration\">\n<!ENTITY % whiteSpace \"%p;whiteSpace\">\n<!ENTITY % pattern \"%p;pattern\">\n\n<!--\n        Customisation entities for the ATTLIST of each element\n        type. Define one of these if your schema takes advantage\n        of the anyAttribute=\'##other\' in the schema for schemas\n  -->\n\n<!ENTITY % simpleTypeAttrs \"\">\n<!ENTITY % restrictionAttrs \"\">\n<!ENTITY % listAttrs \"\">\n<!ENTITY % unionAttrs \"\">\n<!ENTITY % maxExclusiveAttrs \"\">\n<!ENTITY % minExclusiveAttrs \"\">\n<!ENTITY % maxInclusiveAttrs \"\">\n<!ENTITY % minInclusiveAttrs \"\">\n<!ENTITY % totalDigitsAttrs \"\">\n<!ENTITY % fractionDigitsAttrs \"\">\n<!ENTITY % lengthAttrs \"\">\n<!ENTITY % minLengthAttrs \"\">\n<!ENTITY % maxLengthAttrs \"\">\n<!ENTITY % enumerationAttrs \"\">\n<!ENTITY % whiteSpaceAttrs \"\">\n<!ENTITY % patternAttrs \"\">\n\n<!-- Define some entities for informative use as attribute\n        types -->\n<!ENTITY % URIref \"CDATA\">\n<!ENTITY % XPathExpr \"CDATA\">\n<!ENTITY % QName \"NMTOKEN\">\n<!ENTITY % QNames \"NMTOKENS\">\n<!ENTITY % NCName \"NMTOKEN\">\n<!ENTITY % nonNegativeInteger \"NMTOKEN\">\n<!ENTITY % boolean \"(true|false)\">\n<!ENTITY % simpleDerivationSet \"CDATA\">\n<!--\n        #all or space-separated list drawn from derivationChoice\n  -->\n\n<!--\n        Note that the use of \'facet\' below is less restrictive\n        than is really intended:  There should in fact be no\n        more than one of each of minInclusive, minExclusive,\n        maxInclusive, maxExclusive, totalDigits, fractionDigits,\n        length, maxLength, minLength within datatype,\n        and the min- and max- variants of Inclusive and Exclusive\n        are mutually exclusive. On the other hand,  pattern and\n        enumeration may repeat.\n  -->\n<!ENTITY % minBound \"(%minInclusive; | %minExclusive;)\">\n<!ENTITY % maxBound \"(%maxInclusive; | %maxExclusive;)\">\n<!ENTITY % bounds \"%minBound; | %maxBound;\">\n<!ENTITY % numeric \"%totalDigits; | %fractionDigits;\">\n<!ENTITY % ordered \"%bounds; | %numeric;\">\n<!ENTITY % unordered\n   \"%pattern; | %enumeration; | %whiteSpace; | %length; |\n   %maxLength; | %minLength;\">\n<!ENTITY % facet \"%ordered; | %unordered;\">\n<!ENTITY % facetAttr \n        \"value CDATA #REQUIRED\n        id ID #IMPLIED\">\n<!ENTITY % fixedAttr \"fixed %boolean; #IMPLIED\">\n<!ENTITY % facetModel \"(%annotation;)?\">\n<!ELEMENT %simpleType;\n        ((%annotation;)?, (%restriction; | %list; | %union;))>\n<!ATTLIST %simpleType;\n    name      %NCName; #IMPLIED\n    final     %simpleDerivationSet; #IMPLIED\n    id        ID       #IMPLIED\n    %simpleTypeAttrs;>\n<!-- name is required at top level -->\n<!ELEMENT %restriction; ((%annotation;)?,\n                         (%restriction1; |\n                          ((%simpleType;)?,(%facet;)*)),\n                         (%attrDecls;))>\n<!ATTLIST %restriction;\n    base      %QName;                  #IMPLIED\n    id        ID       #IMPLIED\n    %restrictionAttrs;>\n<!--\n        base and simpleType child are mutually exclusive,\n        one is required.\n\n        restriction is shared between simpleType and\n        simpleContent and complexContent (in XMLSchema.xsd).\n        restriction1 is for the latter cases, when this\n        is restricting a complex type, as is attrDecls.\n  -->\n<!ELEMENT %list; ((%annotation;)?,(%simpleType;)?)>\n<!ATTLIST %list;\n    itemType      %QName;             #IMPLIED\n    id        ID       #IMPLIED\n    %listAttrs;>\n<!--\n        itemType and simpleType child are mutually exclusive,\n        one is required\n  -->\n<!ELEMENT %union; ((%annotation;)?,(%simpleType;)*)>\n<!ATTLIST %union;\n    id            ID       #IMPLIED\n    memberTypes   %QNames;            #IMPLIED\n    %unionAttrs;>\n<!--\n        At least one item in memberTypes or one simpleType\n        child is required\n  -->\n\n<!ELEMENT %maxExclusive; %facetModel;>\n<!ATTLIST %maxExclusive;\n        %facetAttr;\n        %fixedAttr;\n        %maxExclusiveAttrs;>\n<!ELEMENT %minExclusive; %facetModel;>\n<!ATTLIST %minExclusive;\n        %facetAttr;\n        %fixedAttr;\n        %minExclusiveAttrs;>\n\n<!ELEMENT %maxInclusive; %facetModel;>\n<!ATTLIST %maxInclusive;\n        %facetAttr;\n        %fixedAttr;\n        %maxInclusiveAttrs;>\n<!ELEMENT %minInclusive; %facetModel;>\n<!ATTLIST %minInclusive;\n        %facetAttr;\n        %fixedAttr;\n        %minInclusiveAttrs;>\n\n<!ELEMENT %totalDigits; %facetModel;>\n<!ATTLIST %totalDigits;\n        %facetAttr;\n        %fixedAttr;\n        %totalDigitsAttrs;>\n<!ELEMENT %fractionDigits; %facetModel;>\n<!ATTLIST %fractionDigits;\n        %facetAttr;\n        %fixedAttr;\n        %fractionDigitsAttrs;>\n\n<!ELEMENT %length; %facetModel;>\n<!ATTLIST %length;\n        %facetAttr;\n        %fixedAttr;\n        %lengthAttrs;>\n<!ELEMENT %minLength; %facetModel;>\n<!ATTLIST %minLength;\n        %facetAttr;\n        %fixedAttr;\n        %minLengthAttrs;>\n<!ELEMENT %maxLength; %facetModel;>\n<!ATTLIST %maxLength;\n        %facetAttr;\n        %fixedAttr;\n        %maxLengthAttrs;>\n\n<!-- This one can be repeated -->\n<!ELEMENT %enumeration; %facetModel;>\n<!ATTLIST %enumeration;\n        %facetAttr;\n        %enumerationAttrs;>\n\n<!ELEMENT %whiteSpace; %facetModel;>\n<!ATTLIST %whiteSpace;\n        %facetAttr;\n        %fixedAttr;\n        %whiteSpaceAttrs;>\n\n<!-- This one can be repeated -->\n<!ELEMENT %pattern; %facetModel;>\n<!ATTLIST %pattern;\n        %facetAttr;\n        %patternAttrs;>\n','datatypes') ON DUPLICATE KEY UPDATE version=version;
INSERT INTO resource_entry (objectid, version, uri, uri_hash, type, content_type, content, resource_key1) VALUES (-7,0,'http://www.w3.org/2001/XMLSchema.dtd','8yxOhhglB4ig2jm9Tl3Jb7wJ53OS0+aRQBJgpdleDH/HFJ9+XjbMys52YTDpRTqn8q1Zt8xAUMQEl9kEdjAlMw==','DTD','text/plain','<!-- DTD for XML Schemas: Part 1: Structures\n     Public Identifier: \"-//W3C//DTD XMLSCHEMA 200102//EN\"\n     Official Location: http://www.w3.org/2001/XMLSchema.dtd -->\n<!-- $Id: XMLSchema.dtd,v 1.31 2001/10/24 15:50:16 ht Exp $ -->\n<!-- Note this DTD is NOT normative, or even definitive. -->           <!--d-->\n<!-- prose copy in the structures REC is the definitive version -->    <!--d-->\n<!-- (which shouldn\'t differ from this one except for this -->         <!--d-->\n<!-- comment and entity expansions, but just in case) -->              <!--d-->\n<!-- With the exception of cases with multiple namespace\n     prefixes for the XML Schema namespace, any XML document which is\n     not valid per this DTD given redefinitions in its internal subset of the\n     \'p\' and \'s\' parameter entities below appropriate to its namespace\n     declaration of the XML Schema namespace is almost certainly not\n     a valid schema. -->\n\n<!-- The simpleType element and its constituent parts\n     are defined in XML Schema: Part 2: Datatypes -->\n<!ENTITY % xs-datatypes PUBLIC \'datatypes\' \'datatypes.dtd\' >\n\n<!ENTITY % p \'xs:\'> <!-- can be overriden in the internal subset of a\n                         schema document to establish a different\n                         namespace prefix -->\n<!ENTITY % s \':xs\'> <!-- if %p is defined (e.g. as foo:) then you must\n                         also define %s as the suffix for the appropriate\n                         namespace declaration (e.g. :foo) -->\n<!ENTITY % nds \'xmlns%s;\'>\n\n<!-- Define all the element names, with optional prefix -->\n<!ENTITY % schema \"%p;schema\">\n<!ENTITY % complexType \"%p;complexType\">\n<!ENTITY % complexContent \"%p;complexContent\">\n<!ENTITY % simpleContent \"%p;simpleContent\">\n<!ENTITY % extension \"%p;extension\">\n<!ENTITY % element \"%p;element\">\n<!ENTITY % unique \"%p;unique\">\n<!ENTITY % key \"%p;key\">\n<!ENTITY % keyref \"%p;keyref\">\n<!ENTITY % selector \"%p;selector\">\n<!ENTITY % field \"%p;field\">\n<!ENTITY % group \"%p;group\">\n<!ENTITY % all \"%p;all\">\n<!ENTITY % choice \"%p;choice\">\n<!ENTITY % sequence \"%p;sequence\">\n<!ENTITY % any \"%p;any\">\n<!ENTITY % anyAttribute \"%p;anyAttribute\">\n<!ENTITY % attribute \"%p;attribute\">\n<!ENTITY % attributeGroup \"%p;attributeGroup\">\n<!ENTITY % include \"%p;include\">\n<!ENTITY % import \"%p;import\">\n<!ENTITY % redefine \"%p;redefine\">\n<!ENTITY % notation \"%p;notation\">\n\n<!-- annotation elements -->\n<!ENTITY % annotation \"%p;annotation\">\n<!ENTITY % appinfo \"%p;appinfo\">\n<!ENTITY % documentation \"%p;documentation\">\n\n<!-- Customisation entities for the ATTLIST of each element type.\n     Define one of these if your schema takes advantage of the\n     anyAttribute=\'##other\' in the schema for schemas -->\n\n<!ENTITY % schemaAttrs \'\'>\n<!ENTITY % complexTypeAttrs \'\'>\n<!ENTITY % complexContentAttrs \'\'>\n<!ENTITY % simpleContentAttrs \'\'>\n<!ENTITY % extensionAttrs \'\'>\n<!ENTITY % elementAttrs \'\'>\n<!ENTITY % groupAttrs \'\'>\n<!ENTITY % allAttrs \'\'>\n<!ENTITY % choiceAttrs \'\'>\n<!ENTITY % sequenceAttrs \'\'>\n<!ENTITY % anyAttrs \'\'>\n<!ENTITY % anyAttributeAttrs \'\'>\n<!ENTITY % attributeAttrs \'\'>\n<!ENTITY % attributeGroupAttrs \'\'>\n<!ENTITY % uniqueAttrs \'\'>\n<!ENTITY % keyAttrs \'\'>\n<!ENTITY % keyrefAttrs \'\'>\n<!ENTITY % selectorAttrs \'\'>\n<!ENTITY % fieldAttrs \'\'>\n<!ENTITY % includeAttrs \'\'>\n<!ENTITY % importAttrs \'\'>\n<!ENTITY % redefineAttrs \'\'>\n<!ENTITY % notationAttrs \'\'>\n<!ENTITY % annotationAttrs \'\'>\n<!ENTITY % appinfoAttrs \'\'>\n<!ENTITY % documentationAttrs \'\'>\n\n<!ENTITY % complexDerivationSet \"CDATA\">\n      <!-- #all or space-separated list drawn from derivationChoice -->\n<!ENTITY % blockSet \"CDATA\">\n      <!-- #all or space-separated list drawn from\n                      derivationChoice + \'substitution\' -->\n\n<!ENTITY % mgs \'%all; | %choice; | %sequence;\'>\n<!ENTITY % cs \'%choice; | %sequence;\'>\n<!ENTITY % formValues \'(qualified|unqualified)\'>\n\n\n<!ENTITY % attrDecls    \'((%attribute;| %attributeGroup;)*,(%anyAttribute;)?)\'>\n\n<!ENTITY % particleAndAttrs \'((%mgs; | %group;)?, %attrDecls;)\'>\n\n<!-- This is used in part2 -->\n<!ENTITY % restriction1 \'((%mgs; | %group;)?)\'>\n\n%xs-datatypes;\n\n<!-- the duplication below is to produce an unambiguous content model\n     which allows annotation everywhere -->\n<!ELEMENT %schema; ((%include; | %import; | %redefine; | %annotation;)*,\n                    ((%simpleType; | %complexType;\n                      | %element; | %attribute;\n                      | %attributeGroup; | %group;\n                      | %notation; ),\n                     (%annotation;)*)* )>\n<!ATTLIST %schema;\n   targetNamespace      %URIref;               #IMPLIED\n   version              CDATA                  #IMPLIED\n   %nds;                %URIref;               #FIXED \'http://www.w3.org/2001/XMLSchema\'\n   xmlns                CDATA                  #IMPLIED\n   finalDefault         %complexDerivationSet; \'\'\n   blockDefault         %blockSet;             \'\'\n   id                   ID                     #IMPLIED\n   elementFormDefault   %formValues;           \'unqualified\'\n   attributeFormDefault %formValues;           \'unqualified\'\n   xml:lang             CDATA                  #IMPLIED\n   %schemaAttrs;>\n<!-- Note the xmlns declaration is NOT in the Schema for Schemas,\n     because at the Infoset level where schemas operate,\n     xmlns(:prefix) is NOT an attribute! -->\n<!-- The declaration of xmlns is a convenience for schema authors -->\n \n<!-- The id attribute here and below is for use in external references\n     from non-schemas using simple fragment identifiers.\n     It is NOT used for schema-to-schema reference, internal or\n     external. -->\n\n<!-- a type is a named content type specification which allows attribute\n     declarations-->\n<!-- -->\n\n<!ELEMENT %complexType; ((%annotation;)?,\n                         (%simpleContent;|%complexContent;|\n                          %particleAndAttrs;))>\n\n<!ATTLIST %complexType;\n          name      %NCName;                        #IMPLIED\n          id        ID                              #IMPLIED\n          abstract  %boolean;                       #IMPLIED\n          final     %complexDerivationSet;          #IMPLIED\n          block     %complexDerivationSet;          #IMPLIED\n          mixed (true|false) \'false\'\n          %complexTypeAttrs;>\n\n<!-- particleAndAttrs is shorthand for a root type -->\n<!-- mixed is disallowed if simpleContent, overriden if complexContent\n     has one too. -->\n\n<!-- If anyAttribute appears in one or more referenced attributeGroups\n     and/or explicitly, the intersection of the permissions is used -->\n\n<!ELEMENT %complexContent; ((%annotation;)?, (%restriction;|%extension;))>\n<!ATTLIST %complexContent;\n          mixed (true|false) #IMPLIED\n          id    ID           #IMPLIED\n          %complexContentAttrs;>\n\n<!-- restriction should use the branch defined above, not the simple\n     one from part2; extension should use the full model  -->\n\n<!ELEMENT %simpleContent; ((%annotation;)?, (%restriction;|%extension;))>\n<!ATTLIST %simpleContent;\n          id    ID           #IMPLIED\n          %simpleContentAttrs;>\n\n<!-- restriction should use the simple branch from part2, not the \n     one defined above; extension should have no particle  -->\n\n<!ELEMENT %extension; ((%annotation;)?, (%particleAndAttrs;))>\n<!ATTLIST %extension;\n          base  %QName;      #REQUIRED\n          id    ID           #IMPLIED\n          %extensionAttrs;>\n\n<!-- an element is declared by either:\n a name and a type (either nested or referenced via the type attribute)\n or a ref to an existing element declaration -->\n\n<!ELEMENT %element; ((%annotation;)?, (%complexType;| %simpleType;)?,\n                     (%unique; | %key; | %keyref;)*)>\n<!-- simpleType or complexType only if no type|ref attribute -->\n<!-- ref not allowed at top level -->\n<!ATTLIST %element;\n            name               %NCName;               #IMPLIED\n            id                 ID                     #IMPLIED\n            ref                %QName;                #IMPLIED\n            type               %QName;                #IMPLIED\n            minOccurs          %nonNegativeInteger;   #IMPLIED\n            maxOccurs          CDATA                  #IMPLIED\n            nillable           %boolean;              #IMPLIED\n            substitutionGroup  %QName;                #IMPLIED\n            abstract           %boolean;              #IMPLIED\n            final              %complexDerivationSet; #IMPLIED\n            block              %blockSet;             #IMPLIED\n            default            CDATA                  #IMPLIED\n            fixed              CDATA                  #IMPLIED\n            form               %formValues;           #IMPLIED\n            %elementAttrs;>\n<!-- type and ref are mutually exclusive.\n     name and ref are mutually exclusive, one is required -->\n<!-- In the absence of type AND ref, type defaults to type of\n     substitutionGroup, if any, else the ur-type, i.e. unconstrained -->\n<!-- default and fixed are mutually exclusive -->\n\n<!ELEMENT %group; ((%annotation;)?,(%mgs;)?)>\n<!ATTLIST %group; \n          name        %NCName;               #IMPLIED\n          ref         %QName;                #IMPLIED\n          minOccurs   %nonNegativeInteger;   #IMPLIED\n          maxOccurs   CDATA                  #IMPLIED\n          id          ID                     #IMPLIED\n          %groupAttrs;>\n\n<!ELEMENT %all; ((%annotation;)?, (%element;)*)>\n<!ATTLIST %all;\n          minOccurs   (1)                    #IMPLIED\n          maxOccurs   (1)                    #IMPLIED\n          id          ID                     #IMPLIED\n          %allAttrs;>\n\n<!ELEMENT %choice; ((%annotation;)?, (%element;| %group;| %cs; | %any;)*)>\n<!ATTLIST %choice;\n          minOccurs   %nonNegativeInteger;   #IMPLIED\n          maxOccurs   CDATA                  #IMPLIED\n          id          ID                     #IMPLIED\n          %choiceAttrs;>\n\n<!ELEMENT %sequence; ((%annotation;)?, (%element;| %group;| %cs; | %any;)*)>\n<!ATTLIST %sequence;\n          minOccurs   %nonNegativeInteger;   #IMPLIED\n          maxOccurs   CDATA                  #IMPLIED\n          id          ID                     #IMPLIED\n          %sequenceAttrs;>\n\n<!-- an anonymous grouping in a model, or\n     a top-level named group definition, or a reference to same -->\n\n<!-- Note that if order is \'all\', group is not allowed inside.\n     If order is \'all\' THIS group must be alone (or referenced alone) at\n     the top level of a content model -->\n<!-- If order is \'all\', minOccurs==maxOccurs==1 on element/any inside -->\n<!-- Should allow minOccurs=0 inside order=\'all\' . . . -->\n\n<!ELEMENT %any; (%annotation;)?>\n<!ATTLIST %any;\n            namespace       CDATA                  \'##any\'\n            processContents (skip|lax|strict)      \'strict\'\n            minOccurs       %nonNegativeInteger;   \'1\'\n            maxOccurs       CDATA                  \'1\'\n            id              ID                     #IMPLIED\n            %anyAttrs;>\n\n<!-- namespace is interpreted as follows:\n                  ##any      - - any non-conflicting WFXML at all\n\n                  ##other    - - any non-conflicting WFXML from namespace other\n                                  than targetNamespace\n\n                  ##local    - - any unqualified non-conflicting WFXML/attribute\n                  one or     - - any non-conflicting WFXML from\n                  more URI        the listed namespaces\n                  references\n\n                  ##targetNamespace ##local may appear in the above list,\n                    with the obvious meaning -->\n\n<!ELEMENT %anyAttribute; (%annotation;)?>\n<!ATTLIST %anyAttribute;\n            namespace       CDATA              \'##any\'\n            processContents (skip|lax|strict)  \'strict\'\n            id              ID                 #IMPLIED\n            %anyAttributeAttrs;>\n<!-- namespace is interpreted as for \'any\' above -->\n\n<!-- simpleType only if no type|ref attribute -->\n<!-- ref not allowed at top level, name iff at top level -->\n<!ELEMENT %attribute; ((%annotation;)?, (%simpleType;)?)>\n<!ATTLIST %attribute;\n          name      %NCName;      #IMPLIED\n          id        ID            #IMPLIED\n          ref       %QName;       #IMPLIED\n          type      %QName;       #IMPLIED\n          use       (prohibited|optional|required) #IMPLIED\n          default   CDATA         #IMPLIED\n          fixed     CDATA         #IMPLIED\n          form      %formValues;  #IMPLIED\n          %attributeAttrs;>\n<!-- type and ref are mutually exclusive.\n     name and ref are mutually exclusive, one is required -->\n<!-- default for use is optional when nested, none otherwise -->\n<!-- default and fixed are mutually exclusive -->\n<!-- type attr and simpleType content are mutually exclusive -->\n\n<!-- an attributeGroup is a named collection of attribute decls, or a\n     reference thereto -->\n<!ELEMENT %attributeGroup; ((%annotation;)?,\n                       (%attribute; | %attributeGroup;)*,\n                       (%anyAttribute;)?) >\n<!ATTLIST %attributeGroup;\n                 name       %NCName;       #IMPLIED\n                 id         ID             #IMPLIED\n                 ref        %QName;        #IMPLIED\n                 %attributeGroupAttrs;>\n\n<!-- ref iff no content, no name.  ref iff not top level -->\n\n<!-- better reference mechanisms -->\n<!ELEMENT %unique; ((%annotation;)?, %selector;, (%field;)+)>\n<!ATTLIST %unique;\n          name     %NCName;       #REQUIRED\n	  id       ID             #IMPLIED\n	  %uniqueAttrs;>\n\n<!ELEMENT %key;    ((%annotation;)?, %selector;, (%field;)+)>\n<!ATTLIST %key;\n          name     %NCName;       #REQUIRED\n	  id       ID             #IMPLIED\n	  %keyAttrs;>\n\n<!ELEMENT %keyref; ((%annotation;)?, %selector;, (%field;)+)>\n<!ATTLIST %keyref;\n          name     %NCName;       #REQUIRED\n	  refer    %QName;        #REQUIRED\n	  id       ID             #IMPLIED\n	  %keyrefAttrs;>\n\n<!ELEMENT %selector; ((%annotation;)?)>\n<!ATTLIST %selector;\n          xpath %XPathExpr; #REQUIRED\n          id    ID          #IMPLIED\n          %selectorAttrs;>\n<!ELEMENT %field; ((%annotation;)?)>\n<!ATTLIST %field;\n          xpath %XPathExpr; #REQUIRED\n          id    ID          #IMPLIED\n          %fieldAttrs;>\n\n<!-- Schema combination mechanisms -->\n<!ELEMENT %include; (%annotation;)?>\n<!ATTLIST %include;\n          schemaLocation %URIref; #REQUIRED\n          id             ID       #IMPLIED\n          %includeAttrs;>\n\n<!ELEMENT %import; (%annotation;)?>\n<!ATTLIST %import;\n          namespace      %URIref; #IMPLIED\n          schemaLocation %URIref; #IMPLIED\n          id             ID       #IMPLIED\n          %importAttrs;>\n\n<!ELEMENT %redefine; (%annotation; | %simpleType; | %complexType; |\n                      %attributeGroup; | %group;)*>\n<!ATTLIST %redefine;\n          schemaLocation %URIref; #REQUIRED\n          id             ID       #IMPLIED\n          %redefineAttrs;>\n\n<!ELEMENT %notation; (%annotation;)?>\n<!ATTLIST %notation;\n	  name        %NCName;    #REQUIRED\n	  id          ID          #IMPLIED\n	  public      CDATA       #REQUIRED\n	  system      %URIref;    #IMPLIED\n	  %notationAttrs;>\n\n<!-- Annotation is either application information or documentation -->\n<!-- By having these here they are available for datatypes as well\n     as all the structures elements -->\n\n<!ELEMENT %annotation; (%appinfo; | %documentation;)*>\n<!ATTLIST %annotation; %annotationAttrs;>\n\n<!-- User must define annotation elements in internal subset for this\n     to work -->\n<!ELEMENT %appinfo; ANY>   <!-- too restrictive -->\n<!ATTLIST %appinfo;\n          source     %URIref;      #IMPLIED\n          id         ID         #IMPLIED\n          %appinfoAttrs;>\n<!ELEMENT %documentation; ANY>   <!-- too restrictive -->\n<!ATTLIST %documentation;\n          source     %URIref;   #IMPLIED\n          id         ID         #IMPLIED\n          xml:lang   CDATA      #IMPLIED\n          %documentationAttrs;>\n\n<!NOTATION XMLSchemaStructures PUBLIC\n           \'structures\' \'http://www.w3.org/2001/XMLSchema.xsd\' >\n<!NOTATION XML PUBLIC\n           \'REC-xml-1998-0210\' \'http://www.w3.org/TR/1998/REC-xml-19980210\' >\n','-//W3C//DTD XMLSCHEMA 200102//EN') ON DUPLICATE KEY UPDATE version=version;

DROP TABLE IF EXISTS community_schemas;

--
-- Reenable FK at very end of script
--
SET FOREIGN_KEY_CHECKS=1;

--
-- DO NOT ADD STATEMENTS HERE. ADD THEM ABOVE "SET FOREIGN_KEY_CHECKS"
--

