<?xml version='1.0' encoding='windows-1252' ?>
<ftswdata>
<key name="_start"> 4, </key>
<key name="0"> 9,13,23,24,47, </key>
<key name="0_02"> 52, </key>
<key name="06"> 13, </key>
<key name="1"> 2,3,4,5,9,13,14,15,16,18,20,21,22,23,24,25,32,37,38,43,45,47,52,55,56,59,60, </key>
<key name="10"> 32,47,60, </key>
<key name="10000000"> 52, </key>
<key name="1048"> 13, </key>
<key name="10mb"> 57, </key>
<key name="11"> 60, </key>
<key name="1100"> 18, </key>
<key name="12"> 2,5,23,35, </key>
<key name="127"> 9, </key>
<key name="2"> 5,13,14,16,21,22,23,24,32,43,47,52,59,60, </key>
<key name="2003"> 47, </key>
<key name="2005"> 19, </key>
<key name="2007"> 19, </key>
<key name="2246"> 24, </key>
<key name="3"> 2,13,14,16,23,32,47,52,59,60, </key>
<key name="30"> 38, </key>
<key name="32"> 56, </key>
<key name="4"> 13,25,47,52,55,59,60, </key>
<key name="405"> 18, </key>
<key name="4a6"> 18, </key>
<key name="5"> 5,52,59,60, </key>
<key name="509"> 2,3,5,12,13,11,30,31,32,34,35,42,47,59, </key>
<key name="6"> 23,43,49,59,60, </key>
<key name="60"> 52, </key>
<key name="60000"> 52, </key>
<key name="600000"> 52, </key>
<key name="604"> 18, </key>
<key name="64"> 14,16,47, </key>
<key name="681"> 18, </key>
<key name="683"> 18, </key>
<key name="7"> 5,13,18,19,21,22,32,47,52,57,58,59,60, </key>
<key name="7700"> 3,9,15,33,55, </key>
<key name="8"> 9,13,59,60, </key>
<key name="800"> 18, </key>
<key name="8080"> 20,21,22,23,55, </key>
<key name="8443"> 5,20,21,22,23, </key>
<key name="9"> 23,48,60, </key>
<key name="9330"> 18, </key>
<key name="9377"> 18, </key>
<key name="9387"> 18, </key>
<key name="abid"> 9, </key>
<key name="ability"> 44, </key>
<key name="abl"> 0,2,23,34,48, </key>
<key name="abort"> 25, </key>
<key name="abov"> 2,4,16,23,32,45,60, </key>
<key name="ac"> 24, </key>
<key name="accelerat"> 47, </key>
<key name="accept"> 0,9,13,20,21,22,23,29, </key>
<key name="acceptabl"> 21, </key>
<key name="acces"> 1,2,4,5,9,12,13,11,20,21,22,23,30,33,34,37,38,47,48,49,53,54,55, </key>
<key name="accessibl"> 9,48, </key>
<key name="accompani"> 3, </key>
<key name="accord"> 0,3,9,10,44,52,56, </key>
<key name="accordanc"> 42,47, </key>
<key name="account"> 0,1,2,3,5,7,8,9,12,10,13,14,11,15,16,17,20,21,22,23,24,25,26,27,28,29,32,33,35,36,37,38,39,43,41,44,45,46,47,48,49,51,54,58,59,60, </key>
<key name="acm"> 3,9, </key>
<key name="acquir"> 16, </key>
<key name="acquisition"> 34, </key>
<key name="acros"> 47,50, </key>
<key name="act"> 1,9,10,34,54, </key>
<key name="activ"> 35, </key>
<key name="activiti"> 2, </key>
<key name="activity"> 52,56,58, </key>
<key name="actual"> 3,11, </key>
<key name="ad"> 5,13,14,11,16,17,20,21,22,23,30,31,32,35,36,37,42,56,59,60, </key>
<key name="add"> 13,14,16,20,21,22,23,24,30,31,42,54,59,60, </key>
<key name="additional"> 4,13,20,21,22,23,24,33,35,48,50,53,56,59,60, </key>
<key name="addres"> 1,2,9,13,18,20,21,22,23,30, </key>
<key name="adequate"> 20,21,22,23,24, </key>
<key name="adf"> 35, </key>
<key name="adjust"> 52, </key>
<key name="administrator"> 2,30,47,50,53,57, </key>
<key name="advanc"> 18,37, </key>
<key name="ag"> 38, </key>
<key name="again"> 21,22,56, </key>
<key name="agre"> 38, </key>
<key name="agreement"> 18, </key>
<key name="allow"> 2,3,4,13,14,16,20,21,22,23,30,31,38,47,49,51,54,55,59, </key>
<key name="allowabl"> 30, </key>
<key name="alon"> 24, </key>
<key name="along"> 2, </key>
<key name="already"> 2,12,34,55, </key>
<key name="alt"> 37, </key>
<key name="alternat"> 2,9,55, </key>
<key name="alternative"> 2,31, </key>
<key name="alway"> 3,39, </key>
<key name="am"> 24, </key>
<key name="america"> 18, </key>
<key name="analysi"> 9, </key>
<key name="analyz"> 0,6,9,58, </key>
<key name="anonymou"> 45,55, </key>
<key name="anoth"> 3,9,10,20,21,22,23,25,34,35,36,40,44,46,55, </key>
<key name="answ"> 37, </key>
<key name="any"> 0,2,3,4,9,13,15,20,21,22,23,24,31,34,35,43,40,46,51,56,57,59, </key>
<key name="anyth"> 9, </key>
<key name="ap"> 2,15,51, </key>
<key name="apach"> 52, </key>
<key name="api"> 47, </key>
<key name="appear"> 2,8,9,13,14,15,17,20,21,22,23,26,27,28,33,39,43,46,48,49,51,53, </key>
<key name="append"> 52, </key>
<key name="appli"> 0,1,2,8,15,20,21,22,23,36,48,49,50, </key>
<key name="applianc"> 47, </key>
<key name="applicabl"> 3,10,13,23,30,36, </key>
<key name="application"> 0,1,2,3,5,6,9,10,15,23,25,33,34,40,44,47,48,49,50,51,56,58, </key>
<key name="apply"> 2,50, </key>
<key name="appropriat"> 2,3,15,24,25,26,37,39,43,48,51,52, </key>
<key name="architectur"> 34,47, </key>
<key name="area"> 37, </key>
<key name="aris"> 23, </key>
<key name="around"> 3, </key>
<key name="arrangement"> 12,11, </key>
<key name="arriv"> 3,13, </key>
<key name="ascend"> 56, </key>
<key name="asic"> 47, </key>
<key name="ask"> 2,17, </key>
<key name="assertion"> 2,3,12,13,14,16,20,21,22,23,24,30,31,34,36,37,38,42,44,52,54,60, </key>
<key name="asses"> 9, </key>
<key name="assign"> 1,2,7,9,20,21,22,23,24,25,43,46, </key>
<key name="assistanc"> 21,22,33,53, </key>
<key name="associat"> 3,9,15,20,21,22,23,26,37,41,48,50,51,55, </key>
<key name="assum"> 4,13,33,59, </key>
<key name="assumption"> 4, </key>
<key name="asterisk"> 13, </key>
<key name="attach"> 2,25,59,60, </key>
<key name="attack"> 23,48, </key>
<key name="attempt"> 2,23,45,48, </key>
<key name="attest"> 13,14, </key>
<key name="attribut"> 24,30, </key>
<key name="attributestatement"> 30, </key>
<key name="audit"> 47, </key>
<key name="authenticat"> 14,23,29,34,45,54,59, </key>
<key name="authentication"> 2,3,12,13,14,11,17,23,31,34,35,38,42,45,50,59,60, </key>
<key name="authenticationmethod"> 24, </key>
<key name="authenticationmethoduri"> 24, </key>
<key name="authenticity"> 2,54, </key>
<key name="authoriti"> 31, </key>
<key name="authority"> 12,13,17,23,31,34,35,42,59,60, </key>
<key name="authoriz"> 12,30,31,35,55,59, </key>
<key name="authorization"> 12,13,11,16,17,23,31,34,35,42,50,59,60, </key>
<key name="automat"> 20,21,22,23,50, </key>
<key name="automatic"> 20,21,22,23, </key>
<key name="automatical"> 0,2,3,7,8,12,15,20,21,22,23,25,26,33,39,40,41,44,49,50,54, </key>
<key name="availabl"> 1,4,13,15,23,37,43,47,48,49,50,56, </key>
<key name="avoid"> 23, </key>
<key name="awar"> 3,8, </key>
<key name="axuf"> 48, </key>
<key name="b"> 5,12,13,11,17,31,32,34,35,42,59,60, </key>
<key name="back"> 25,33,37,38,44,55,56, </key>
<key name="backend"> 14, </key>
<key name="background"> 48,49,50, </key>
<key name="bar"> 2,7,13,25,27,28,36,37,46,48, </key>
<key name="bas"> 1,2,3,9,12,13,14,15,16,20,21,22,23,34,36,43,41,47,56,59, </key>
<key name="basi"> 20,21,22,23, </key>
<key name="basic"> 14,16,23,24,45,50, </key>
<key name="bat"> 43,52, </key>
<key name="bc"> 18, </key>
<key name="bd"> 48, </key>
<key name="be"> 2,13,14,15,20,21,22,23,26,36,38,39,44,51,54,56, </key>
<key name="becom"> 7, </key>
<key name="befor"> 0,3,10,13,17,22,24,25,26,36,44,48,56, </key>
<key name="begin"> 3,4,14,15,20,21,22,23,51,56, </key>
<key name="behaviour"> 52, </key>
<key name="belong"> 19,30,42,51, </key>
<key name="below"> 0,3,9,24,25,43,41,51,53,59,60, </key>
<key name="bin"> 52, </key>
<key name="binarysecuritytoken"> 3,30, </key>
<key name="bind"> 50, </key>
<key name="bit"> 47, </key>
<key name="blank"> 9,14,15,23,51, </key>
<key name="body"> 3,9,14,15,51, </key>
<key name="bold"> 7, </key>
<key name="book"> 4, </key>
<key name="boot"> 49, </key>
<key name="both"> 0,1,10,13,11,23,38,40,44,50,52,59,60, </key>
<key name="bound"> 13, </key>
<key name="box"> 3,4,13,14,15,20,21,22,23,32,39,48,59,60, </key>
<key name="break"> 34,50, </key>
<key name="brevity"> 9,13,34,35,42, </key>
<key name="bridg"> 1,5,12,13,11,17,29,30,31,32,33,34,35,42,50,54,58,59,60, </key>
<key name="brief"> 37, </key>
<key name="broken"> 34, </key>
<key name="brows"> 4,55, </key>
<key name="bsp"> 47, </key>
<key name="builtinsaml"> 24, </key>
<key name="builtinsaml1"> 24, </key>
<key name="builtinsaml2"> 24, </key>
<key name="busines"> 50, </key>
<key name="button"> 4,22,23,26,37,43,41,55, </key>
<key name="bypas"> 2,23, </key>
<key name="c"> 25,52,57, </key>
<key name="ca"> 5,12,13,17,30,31,34,35,42,59,60, </key>
<key name="cach"> 3,15,20,21,22,23,26,36,38,39,41,44,51, </key>
<key name="cal"> 37, </key>
<key name="canada"> 18,19, </key>
<key name="cancel"> 17,25,37,38, </key>
<key name="cannot"> 2,3,15,21,22,23,39,59, </key>
<key name="card"> 13, </key>
<key name="careful"> 2, </key>
<key name="cas"> 0,22,23, </key>
<key name="caus"> 2,23,32,51,59, </key>
<key name="central"> 47, </key>
<key name="cert"> 2,5,23, </key>
<key name="certain"> 1, </key>
<key name="certificat"> 2,3,5,8,12,13,14,11,15,16,17,20,21,22,23,25,30,31,32,34,35,38,42,45,47,51,54,59,60, </key>
<key name="chanc"> 51, </key>
<key name="chang"> 1,2,7,8,19,20,21,22,23,25,43,46,50, </key>
<key name="chapt"> 4,23,43,49, </key>
<key name="charact"> 13,51, </key>
<key name="character"> 13,15,23,56, </key>
<key name="check"> 2,3,13,14,15,16,20,21,22,23,32,39,48,60, </key>
<key name="checksum"> 2, </key>
<key name="child"> 3, </key>
<key name="choos"> 20,21,22,23,43,51, </key>
<key name="chosen"> 13,20,21,22,23,31,42, </key>
<key name="chronological"> 56, </key>
<key name="clas"> 24,47, </key>
<key name="clear"> 13,16,20,21,22,23,26,39,56, </key>
<key name="click"> 2,4,5,7,8,13,14,15,17,20,21,22,23,24,25,26,27,28,36,39,46,48,49,51,53,55,56,59,60, </key>
<key name="client"> 0,1,2,3,4,5,6,7,8,9,12,10,13,14,11,15,16,17,19,20,21,22,23,24,25,26,27,28,29,30,32,33,34,35,36,37,38,39,42,43,40,41,44,45,47,48,49,50,51,52,53,54,55,56,57,58,59,60, </key>
<key name="client1"> 50, </key>
<key name="clientfederat"> 16, </key>
<key name="clos"> 4,14,37,39,48,52,53,56, </key>
<key name="clust"> 38, </key>
<key name="cm"> 13, </key>
<key name="cn"> 2,24,60, </key>
<key name="cod"> 20,21,22,23,56, </key>
<key name="column"> 2,3,20,21,22,23,32,37,43, </key>
<key name="com"> 3,5,9,13,14,18,20,21,22,23,24, </key>
<key name="combin"> 1,16, </key>
<key name="combination"> 2,3,15,42, </key>
<key name="command"> 43,48, </key>
<key name="comment"> 18, </key>
<key name="commitment"> 18, </key>
<key name="committe"> 13, </key>
<key name="common"> 2,37,52, </key>
<key name="communicat"> 9, </key>
<key name="communication"> 2,6,9,57, </key>
<key name="company"> 50, </key>
<key name="compar"> 51,59, </key>
<key name="compatibl"> 11, </key>
<key name="complet"> 0,10,13,14,15,17,23,37,43,56,59, </key>
<key name="complex"> 37, </key>
<key name="complianc"> 47, </key>
<key name="compliant"> 24, </key>
<key name="complicat"> 34, </key>
<key name="complication"> 13, </key>
<key name="component"> 0, </key>
<key name="compos"> 47, </key>
<key name="comprehensiv"> 4, </key>
<key name="compris"> 4, </key>
<key name="comput"> 49, </key>
<key name="concern"> 23, </key>
<key name="conclud"> 0, </key>
<key name="condition"> 13, </key>
<key name="confidenc"> 35, </key>
<key name="confidential"> 19, </key>
<key name="config"> 43,49,52, </key>
<key name="configur"> 0,2,3,5,7,9,12,10,13,14,11,15,16,17,20,21,22,23,29,32,33,34,35,36,37,39,43,41,44,45,48,49,50,51,52,53,54,58,59,60, </key>
<key name="configurabl"> 52, </key>
<key name="configuration"> 1,2,9,12,13,14,11,17,20,21,22,23,27,29,30,31,32,33,34,35,37,42,43,50,54,56, </key>
<key name="confirm"> 0,3,23,25,26,59,60, </key>
<key name="confirmation"> 2,8,13,17, </key>
<key name="conform"> 0,13,50, </key>
<key name="conjunction"> 50, </key>
<key name="connect"> 2,3,20,21,22,23,47,48,59,60, </key>
<key name="connection"> 2,16,17,22,34,38,54, </key>
<key name="connectivity"> 6,47,57, </key>
<key name="consequent"> 9, </key>
<key name="consider"> 9,20,21,22,23, </key>
<key name="consist"> 35, </key>
<key name="consistent"> 34, </key>
<key name="consolehandl"> 52, </key>
<key name="constraint"> 13,16,31, </key>
<key name="construct"> 13,23, </key>
<key name="consult"> 2, </key>
<key name="consum"> 2,3,5,12,14,16,17,23,32,44,59,60, </key>
<key name="consumption"> 8,10,14,17,23,40, </key>
<key name="contact"> 0,3,18,21,22,33,58, </key>
<key name="contain"> 0,2,3,4,6,9,13,14,20,21,22,23,30,31,34,36,37,38,46,53,55,59, </key>
<key name="content"> 3,4,9,19,24,47, </key>
<key name="context"> 21,38, </key>
<key name="contexttoken"> 38, </key>
<key name="continu"> 2,20,21,22,23, </key>
<key name="control"> 2,34,37,47,50,52, </key>
<key name="conversation"> 2,3, </key>
<key name="cooki"> 20,21,22,23,38, </key>
<key name="copi"> 19, </key>
<key name="copy"> 2,13,14,16,25,28,53,56, </key>
<key name="copyright"> 19, </key>
<key name="cor"> 44, </key>
<key name="corn"> 53, </key>
<key name="corporat"> 1,47, </key>
<key name="correct"> 13,20,21,22,23,59, </key>
<key name="correction"> 37, </key>
<key name="correspond"> 2,3,12,10,13,23,30,31,34,37,38,54,59, </key>
<key name="could"> 1,9, </key>
<key name="countri"> 19, </key>
<key name="coupl"> 50, </key>
<key name="cov"> 13, </key>
<key name="cover"> 13, </key>
<key name="cpu"> 48,49, </key>
<key name="creat"> 2,5,14,16,20,21,22,23,24,25,29,30,31,32,33,35,36,43,46,47,49,52,59,60, </key>
<key name="creation"> 20,21,22,23,34,38, </key>
<key name="credential"> 1,2,3,5,8,9,12,13,14,11,16,17,21,23,25,30,31,32,34,35,42,43,48,55,59,60, </key>
<key name="criteria"> 13, </key>
<key name="cros"> 34,47,59,60, </key>
<key name="csr"> 2,8, </key>
<key name="culminat"> 18, </key>
<key name="current"> 6,8,9,13,23,24,37,38,52,56, </key>
<key name="currentorder"> 3, </key>
<key name="custom"> 20,21,22,23,47, </key>
<key name="cycl"> 2,20,21,22,23,38,40, </key>
<key name="daemon"> 15,26,39,48,49,50, </key>
<key name="dat"> 0,38, </key>
<key name="data"> 20,21,22,23, </key>
<key name="databas"> 33,38, </key>
<key name="day"> 38, </key>
<key name="dc"> 24, </key>
<key name="dcom"> 52, </key>
<key name="deactivat"> 23, </key>
<key name="decision"> 16, </key>
<key name="declar"> 0, </key>
<key name="decorat"> 0,2,3,9,10,34,44,51, </key>
<key name="decoration"> 0,3,9,15,36,51, </key>
<key name="default"> 1,7,9,20,21,22,23,24,25,32,39,43,45,46,52,57, </key>
<key name="defaultreadtimeout"> 52, </key>
<key name="defer"> 23, </key>
<key name="defin"> 2,3,10,14,20,21,22,23,24,31,34,42,40,47,59, </key>
<key name="delegat"> 12,34,50, </key>
<key name="delet"> 1,2,3,20,21,22,23,24,25,26,30,31,39,42,43,41,44,46, </key>
<key name="deletion"> 25, </key>
<key name="deliver"> 47, </key>
<key name="demonstrat"> 13, </key>
<key name="deni"> 15,51, </key>
<key name="deny"> 51, </key>
<key name="department"> 50, </key>
<key name="depend"> 2,3,4,13,16,23,40, </key>
<key name="deployment"> 16,33,47, </key>
<key name="depth"> 38, </key>
<key name="dereferenc"> 24, </key>
<key name="describ"> 0,2,4,13,30,43,51,52,59, </key>
<key name="description"> 3,4,13,14,15,20,21,22,23,37,43,56, </key>
<key name="design"> 47, </key>
<key name="designat"> 9, </key>
<key name="designation"> 9, </key>
<key name="desk"> 9, </key>
<key name="desktop"> 53, </key>
<key name="despit"> 26, </key>
<key name="destroy"> 25, </key>
<key name="detail"> 0,3,6,9,16,18,23,25,30,31,35,36,42,49,52,56,57,59,60, </key>
<key name="detect"> 2,38, </key>
<key name="determin"> 9,31,42,45,48,50,51, </key>
<key name="develop"> 13,40, </key>
<key name="development"> 3,13, </key>
<key name="diagnostic"> 53, </key>
<key name="diagram"> 12, </key>
<key name="dictat"> 2, </key>
<key name="dif"> 2,9, </key>
<key name="different"> 1,2,9,13,25,34,53, </key>
<key name="digital"> 56, </key>
<key name="direct"> 9,55, </key>
<key name="directory"> 2,4,23,25,28,35,48,52,57, </key>
<key name="disabl"> 23, </key>
<key name="discard"> 37, </key>
<key name="disconnect"> 60, </key>
<key name="discov"> 23, </key>
<key name="discover"> 20,21,22,23,50, </key>
<key name="discovery"> 2,20,21,22,23, </key>
<key name="discus"> 2,40, </key>
<key name="disk"> 2,3,15, </key>
<key name="disparat"> 31,34,50, </key>
<key name="display"> 2,3,4,13,14,17,23,36,37,51,55,56, </key>
<key name="distinguish"> 2,30, </key>
<key name="distrust"> 17, </key>
<key name="divid"> 37, </key>
<key name="division"> 50, </key>
<key name="djava"> 52, </key>
<key name="dmz"> 47, </key>
<key name="dn"> 2,20,21,22,23,30,59,60, </key>
<key name="do"> 0,2,4,9,13,23,45,48,51,53,55,56,59, </key>
<key name="document"> 13,25,36,52,55,57, </key>
<key name="documentation"> 3,6,8,13,14,16,17,23,30,31,42,40,47,52,54,59,60, </key>
<key name="domain"> 2,5,13,14,11,17,20,21,22,23,30,31,34,35,42,45,47,50,59,60, </key>
<key name="don"> 15,43,51,56,59, </key>
<key name="doubl"> 13, </key>
<key name="down"> 9,13,14,15,20,22,34,37,51, </key>
<key name="download"> 2,3,10,13,20,21,22,23,24,39,40,41,44,45, </key>
<key name="drag"> 13, </key>
<key name="drop"> 13,14,15,20,22,37,47,51, </key>
<key name="du"> 56, </key>
<key name="dump"> 56, </key>
<key name="duplicat"> 23, </key>
<key name="duration"> 20,21,22,23, </key>
<key name="dynamic"> 33, </key>
<key name="e"> 2,23, </key>
<key name="eai"> 47, </key>
<key name="easi"> 56, </key>
<key name="easy"> 4, </key>
<key name="edit"> 1,3,15,17,20,21,22,23,24,27,30,31,39,42,43,51,52,59,60, </key>
<key name="editor"> 43,52,57, </key>
<key name="effect"> 10,43, </key>
<key name="effectiv"> 10, </key>
<key name="eith"> 2,3,13,15,16,32,35,36,38,39,43,44,59, </key>
<key name="electronic"> 4,47, </key>
<key name="element"> 2,3,4,9,13,31,34,36,42,56, </key>
<key name="els"> 45, </key>
<key name="elsewher"> 25, </key>
<key name="email"> 13,18,30,53, </key>
<key name="emailaddres"> 30, </key>
<key name="emb"> 12, </key>
<key name="employ"> 35, </key>
<key name="employe"> 1, </key>
<key name="empty"> 3,9,23,33,59, </key>
<key name="enabl"> 10,13,17,34,37,50,52, </key>
<key name="enablement"> 47, </key>
<key name="encod"> 9, </key>
<key name="encounter"> 38, </key>
<key name="encrypt"> 2,23,48, </key>
<key name="encryption"> 2,3,38,47, </key>
<key name="end"> 20,21,22,23,47,50, </key>
<key name="endpoint"> 23,55, </key>
<key name="enforc"> 13, </key>
<key name="enforcement"> 33, </key>
<key name="enhancement"> 18, </key>
<key name="ensur"> 2,13,15,17,23,31,36,48,50,51,52, </key>
<key name="ent"> 5,8,13,14,15,20,21,22,23,32,36,43,46,51,59,60, </key>
<key name="enter"> 2,21,23,32,37, </key>
<key name="enterpris"> 34,47, </key>
<key name="entir"> 3,4,21,25, </key>
<key name="entire"> 50, </key>
<key name="entitlement"> 34, </key>
<key name="entity"> 13,14, </key>
<key name="entri"> 22,37, </key>
<key name="entry"> 32, </key>
<key name="envelop"> 9, </key>
<key name="environment"> 23,47,48,49, </key>
<key name="equivalent"> 48,49, </key>
<key name="error"> 0,9,13,23,36,50,52,53, </key>
<key name="esb"> 47, </key>
<key name="essential"> 1,2,31,50, </key>
<key name="establish"> 1,2,3,12,22,29,34,40,44,54, </key>
<key name="etc"> 43, </key>
<key name="evaluat"> 13, </key>
<key name="evaluation"> 3, </key>
<key name="even"> 0,2,23,34,50,59, </key>
<key name="every"> 51,56, </key>
<key name="everywher"> 8, </key>
<key name="evidenc"> 12,34, </key>
<key name="exact"> 3,13,15,20,21,22,23,30,34,51, </key>
<key name="examin"> 14,21,41, </key>
<key name="exampl"> 0,1,2,3,5,9,13,14,15,16,17,20,21,22,23,24,31,34,35,37,42,43,40,51,52, </key>
<key name="exceed"> 38,52, </key>
<key name="exception"> 26, </key>
<key name="exceptional"> 18, </key>
<key name="exchang"> 16,21,47, </key>
<key name="executabl"> 47, </key>
<key name="exist"> 2,5,9,13,15,23,34,38,51,54,59, </key>
<key name="existent"> 9, </key>
<key name="exp"> 36, </key>
<key name="expand"> 49, </key>
<key name="expect"> 2,38, </key>
<key name="expens"> 15, </key>
<key name="expir"> 34,38, </key>
<key name="explanation"> 51, </key>
<key name="explicit"> 30, </key>
<key name="export"> 28,36,42,44, </key>
<key name="expos"> 34,47, </key>
<key name="expres"> 20,21,22,23,24, </key>
<key name="expression"> 30, </key>
<key name="extend"> 52, </key>
<key name="extensiv"> 58, </key>
<key name="external"> 4,23,47,54, </key>
<key name="extra"> 3, </key>
<key name="extract"> 34, </key>
<key name="f1"> 4, </key>
<key name="facilitat"> 9,50, </key>
<key name="factor"> 47, </key>
<key name="fail"> 0,2,9,20,21,22,23,34,45, </key>
<key name="failov"> 20,21,22,23, </key>
<key name="failur"> 2,59, </key>
<key name="fals"> 24, </key>
<key name="fashion"> 57, </key>
<key name="fax"> 18, </key>
<key name="featur"> 2,4,23,37,56, </key>
<key name="fed"> 21, </key>
<key name="federat"> 1,2,5,9,12,13,14,11,16,17,20,21,22,24,27,29,30,31,32,34,35,42,43,45,54,59,60, </key>
<key name="federatedmachinenam"> 5, </key>
<key name="federation"> 16,21,24,29,35,47, </key>
<key name="feedback"> 18, </key>
<key name="few"> 15, </key>
<key name="field"> 3,5,8,13,15,20,21,22,23,27,37,46,48,51,59,60, </key>
<key name="figur"> 3,4,15,37,47,56, </key>
<key name="fil"> 2,3,4,5,6,7,8,20,21,22,23,25,27,28,36,48,52,53,57,58, </key>
<key name="filehandl"> 52, </key>
<key name="fin"> 47,50, </key>
<key name="final"> 17, </key>
<key name="find"> 25,48, </key>
<key name="fingerprint"> 2, </key>
<key name="finish"> 37, </key>
<key name="fip"> 30,31,34,59,60, </key>
<key name="firewall"> 1,47, </key>
<key name="first"> 2,3,4,7,9,10,15,16,17,20,21,22,23,33,38,43,44,46,50,57, </key>
<key name="flow"> 14, </key>
<key name="fold"> 13,48, </key>
<key name="folder"> 13, </key>
<key name="follow"> 0,2,4,5,7,9,13,14,15,16,20,21,22,23,24,25,26,29,30,31,32,33,35,37,38,42,43,45,46,47,48,51,52,56,57,59,60, </key>
<key name="forc"> 3,50, </key>
<key name="form"> 0, </key>
<key name="format"> 3,4,9,13,20,21,22,23,24,30,36,52,60, </key>
<key name="forward"> 3,23, </key>
<key name="four"> 42,47, </key>
<key name="fre"> 18, </key>
<key name="fresh"> 33, </key>
<key name="full"> 11,17,32,35,59,60, </key>
<key name="function"> 4,37,44,50, </key>
<key name="functional"> 34, </key>
<key name="functionality"> 53, </key>
<key name="furth"> 2, </key>
<key name="furthermor"> 1, </key>
<key name="g"> 23, </key>
<key name="gain"> 23,30,48, </key>
<key name="gateway"> 0,1,2,3,5,6,7,8,9,12,10,13,14,11,15,16,17,20,21,22,23,24,25,26,27,28,29,31,32,33,34,35,36,37,38,39,42,43,40,41,44,45,46,47,48,49,50,51,52,54,55,56,58,59,60, </key>
<key name="gateway1"> 20,21,22,23, </key>
<key name="gateway17"> 15, </key>
<key name="gateway2"> 32, </key>
<key name="gateway3"> 9, </key>
<key name="gath"> 50,53, </key>
<key name="general"> 4,14,18,20,21,22,23,32,33,37,47,50,58, </key>
<key name="generat"> 2,3,24,33, </key>
<key name="generation"> 8, </key>
<key name="generic"> 13,17,31,34,35,42, </key>
<key name="get"> 6,34,58, </key>
<key name="gif"> 0, </key>
<key name="glean"> 41, </key>
<key name="go"> 4,37,56, </key>
<key name="govern"> 57, </key>
<key name="grain"> 47,50, </key>
<key name="grant"> 13,34, </key>
<key name="graphical"> 43,48,49, </key>
<key name="grep"> 48, </key>
<key name="group"> 1,13,29,30,31,34,50,54,59,60, </key>
<key name="guarante"> 2,14, </key>
<key name="guard"> 3, </key>
<key name="guest"> 1, </key>
<key name="gui"> 47,48,53, </key>
<key name="handl"> 7,34, </key>
<key name="handler"> 52, </key>
<key name="handshak"> 2, </key>
<key name="hard"> 20,21,22,23, </key>
<key name="hardwar"> 47, </key>
<key name="hash"> 38, </key>
<key name="hat"> 47, </key>
<key name="head"> 0,3,9,15,36,56, </key>
<key name="header"> 50,56, </key>
<key name="held"> 2, </key>
<key name="help"> 4,6,37,47,56,58, </key>
<key name="her"> 13,23,44,56, </key>
<key name="hierarchy"> 45, </key>
<key name="high"> 3, </key>
<key name="highlight"> 38, </key>
<key name="hijack"> 9, </key>
<key name="hoc"> 5,11,17,35,59, </key>
<key name="hold"> 2,13, </key>
<key name="hom"> 25,52,57, </key>
<key name="host"> 1,2,5,12,14,20,21,22,23,32,34,43,46,50, </key>
<key name="hostnam"> 22, </key>
<key name="how"> 2,45,47,51,59,60, </key>
<key name="htm"> 4, </key>
<key name="html"> 0, </key>
<key name="http"> 3,4,5,9,13,14,15,16,20,21,22,23,24,30,33,38,45,52,55,56, </key>
<key name="httpclient"> 52, </key>
<key name="human"> 1,50, </key>
<key name="hyphen"> 23, </key>
<key name="i"> 2,47, </key>
<key name="icon"> 4,49,53, </key>
<key name="id"> 3,24,32,38,48,60, </key>
<key name="identical"> 14, </key>
<key name="identifi"> 2,3,9,13,15,20,21,22,23,32, </key>
<key name="identiti"> 13,30,34,35,50,59, </key>
<key name="identity"> 1,2,5,8,12,13,14,11,16,17,20,21,22,23,29,30,31,32,33,34,35,42,47,48,50,54,55,58,59,60, </key>
<key name="ietf"> 24, </key>
<key name="if"> 0,2,3,4,7,8,9,13,14,11,15,17,20,21,22,23,24,25,26,30,32,34,36,38,43,40,45,48,50,51,53,54,55,56,59, </key>
<key name="ignor"> 3,23, </key>
<key name="iip"> 32,60, </key>
<key name="iis"> 1, </key>
<key name="illegal"> 23, </key>
<key name="imag"> 0, </key>
<key name="immediate"> 43, </key>
<key name="implementation"> 2,47, </key>
<key name="implication"> 23,48, </key>
<key name="import"> 2,3,5,10,13,14,16,23,25,34,35,36,39,42,40,44,59,60, </key>
<key name="important"> 1,59, </key>
<key name="importation"> 41,59, </key>
<key name="inc"> 19, </key>
<key name="includ"> 1,2,8,10,13,14,30,31,33,40,47,50,57,58, </key>
<key name="incom"> 13,15,23,30,51,59, </key>
<key name="incorrect"> 51, </key>
<key name="indent"> 56, </key>
<key name="index"> 4, </key>
<key name="individual"> 1,13,35,41,44,50,59, </key>
<key name="industry"> 2, </key>
<key name="info"> 18,52, </key>
<key name="information"> 0,1,2,3,4,5,6,8,9,12,10,13,14,15,16,17,18,19,20,21,22,23,24,27,29,30,31,32,33,34,35,36,37,38,42,40,44,47,48,49,50,51,52,53,54,56,57,58,59,60, </key>
<key name="infrastructur"> 2, </key>
<key name="ini"> 52, </key>
<key name="initial"> 2,3,17,20,21,22,23,34,40, </key>
<key name="initiat"> 48, </key>
<key name="insid"> 1,34,47, </key>
<key name="inspect"> 23, </key>
<key name="instal"> 9,33,35,52,57, </key>
<key name="install"> 43, </key>
<key name="installation"> 4,9,14,23,33,35,43,47,48,49,57, </key>
<key name="instanc"> 48, </key>
<key name="instead"> 2,15,38,59, </key>
<key name="instruction"> 2,4,7,13,14,16,17,29,31,34,35,42,47,52,58,59, </key>
<key name="integrat"> 34,47, </key>
<key name="integration"> 34,47,50, </key>
<key name="intend"> 15, </key>
<key name="interactiv"> 48,49,50, </key>
<key name="interfac"> 7,8,12,14,15,25,26,27,28,34,36,37,39,43,48,49,50,51,53,56,58, </key>
<key name="internal"> 1,8,23,29,32,54,60, </key>
<key name="internet"> 4, </key>
<key name="interoperabl"> 47, </key>
<key name="interpretation"> 34, </key>
<key name="interruption"> 34, </key>
<key name="introduc"> 56, </key>
<key name="invalid"> 0, </key>
<key name="invalidat"> 56, </key>
<key name="invocation"> 3, </key>
<key name="involv"> 14,34,59, </key>
<key name="ip"> 1,2,9,20,21,22,23, </key>
<key name="issu"> 2,12,13,17,22,23,29,30,31,34,35,42,52,54,56,59,60, </key>
<key name="item"> 35,37, </key>
<key name="itself"> 2, </key>
<key name="jar"> 52, </key>
<key name="java"> 20,21,22,23,48,52, </key>
<key name="jm"> 47, </key>
<key name="jre1"> 52, </key>
<key name="jsp"> 1, </key>
<key name="jump"> 4, </key>
<key name="just"> 4,56, </key>
<key name="keep"> 56, </key>
<key name="kerbero"> 23,45, </key>
<key name="key"> 2,3,4,5,8,13,14,23,25,37, </key>
<key name="keyboard"> 4,37, </key>
<key name="keyinfo"> 13, </key>
<key name="keys3"> 2, </key>
<key name="keysnnn"> 25, </key>
<key name="keystor"> 2,5,23,25,35, </key>
<key name="keyword"> 4, </key>
<key name="kil"> 48, </key>
<key name="kill"> 48, </key>
<key name="killall"> 48, </key>
<key name="know"> 2,24,54, </key>
<key name="knowledg"> 4, </key>
<key name="known"> 1,9,34, </key>
<key name="l7tech"> 2,23,24,25,48,52,57, </key>
<key name="label"> 23, </key>
<key name="languag"> 34, </key>
<key name="larg"> 9, </key>
<key name="last"> 37,38,56, </key>
<key name="launch"> 4,33,37,53, </key>
<key name="law"> 19, </key>
<key name="lay"> 2,18,19,21,22,47,52,57,58, </key>
<key name="layer7tech"> 18,24, </key>
<key name="ldap"> 2,8,23,29,31,47,54, </key>
<key name="lead"> 34, </key>
<key name="learn"> 43,41, </key>
<key name="least"> 3,13,51,59, </key>
<key name="leav"> 9,14,15,20,21,22,23, </key>
<key name="left"> 4,9,32,49,56, </key>
<key name="legitimat"> 34, </key>
<key name="let"> 4,37, </key>
<key name="letter"> 37, </key>
<key name="level"> 13,18,20,21,22,23,27,38,52, </key>
<key name="librari"> 47, </key>
<key name="lif"> 2,38,40, </key>
<key name="lifetim"> 38, </key>
<key name="lik"> 4,9,34, </key>
<key name="limit"> 52, </key>
<key name="limitation"> 56, </key>
<key name="lin"> 0,43,47,52, </key>
<key name="link"> 0,2,4,9,14,16,34,48,49,55, </key>
<key name="linux"> 9,25,43,47,48,49,50,52,53,56,57, </key>
<key name="list"> 2,3,4,6,7,13,14,15,20,21,22,23,24,25,26,28,32,36,37,39,43,41,46,48,49,51,52,55,56, </key>
<key name="listen"> 9, </key>
<key name="listproduct"> 9, </key>
<key name="local"> 2,9,23,30,34,48,50, </key>
<key name="localhost"> 3,7,9,15,23,33,46,55, </key>
<key name="locat"> 4,23,52,57, </key>
<key name="location"> 3,9,10,38,40,44,48,57, </key>
<key name="lock"> 0,3,14,15,26,39,41,44, </key>
<key name="log"> 0,6,8,9,23,52,53,56,57,58, </key>
<key name="login"> 14,23,30,38,45,60, </key>
<key name="logon"> 38, </key>
<key name="logpost"> 52, </key>
<key name="logrespons"> 52, </key>
<key name="long"> 2,23,38,46, </key>
<key name="look"> 20,21,22,23, </key>
<key name="loos"> 50, </key>
<key name="lost"> 38, </key>
<key name="machin"> 1,9,14,20,21,22,23,48,49,50, </key>
<key name="machinenam"> 20,21,22,23, </key>
<key name="main"> 2,4,7,8,10,13,14,20,21,22,23,25,27,28,36,37,43,46,48,56, </key>
<key name="maintain"> 25, </key>
<key name="maintenanc"> 4,9,14,23,33,35,43,47,49, </key>
<key name="mak"> 3,27,32,37,46,56, </key>
<key name="manag"> 0,1,2,3,6,8,9,12,13,14,16,17,20,21,22,23,30,31,33,34,35,36,38,42,43,40,41,47,49,50,52,53,54,58,59,60, </key>
<key name="management"> 8,34,49,50, </key>
<key name="mandat"> 47, </key>
<key name="mang"> 14, </key>
<key name="manual"> 2,3,4,9,14,19,23,33,35,36,39,43,40,41,44,47,48,49, </key>
<key name="mark"> 13, </key>
<key name="markup"> 34, </key>
<key name="match"> 2,3,9,13,15,20,21,22,23,30,34,51,60, </key>
<key name="maximum"> 38,52,57, </key>
<key name="mayor"> 13, </key>
<key name="md5"> 2, </key>
<key name="meaningful"> 36, </key>
<key name="mechanism"> 14,34,50, </key>
<key name="mediat"> 34, </key>
<key name="meet"> 59,60, </key>
<key name="melvil"> 18, </key>
<key name="memb"> 1, </key>
<key name="memory"> 48,49, </key>
<key name="menu"> 2,4,7,8,13,20,21,22,23,25,27,28,36,37,48,49,53,56, </key>
<key name="merg"> 34, </key>
<key name="merger"> 34, </key>
<key name="messag"> 0,2,3,6,8,9,12,10,13,14,15,17,20,21,22,23,33,34,36,38,44,50,51,52,56,57,58, </key>
<key name="messageid"> 24, </key>
<key name="met"> 13, </key>
<key name="metadata"> 47, </key>
<key name="method"> 2,3,4,5,13,11,17,23,32,35,45,55,59,60, </key>
<key name="metric"> 6, </key>
<key name="microsoft"> 47,50,53, </key>
<key name="might"> 2, </key>
<key name="millisecond"> 52, </key>
<key name="mind"> 56, </key>
<key name="minimiz"> 48,49, </key>
<key name="minimum"> 34, </key>
<key name="mirror"> 32, </key>
<key name="mismatch"> 59, </key>
<key name="mod"> 4,15,16,26,37,39,48,49,50,53, </key>
<key name="model"> 50, </key>
<key name="modifi"> 50,57, </key>
<key name="modify"> 2,8,24,49,52, </key>
<key name="momentari"> 49, </key>
<key name="monitor"> 56, </key>
<key name="mov"> 4,37, </key>
<key name="mq"> 47, </key>
<key name="ms"> 53, </key>
<key name="much"> 34, </key>
<key name="multi"> 9, </key>
<key name="multipl"> 1,2,32,33,48,51, </key>
<key name="must"> 2,3,5,9,12,13,14,15,20,21,22,23,26,30,32,34,35,36,48,51,59,60, </key>
<key name="my"> 49, </key>
<key name="n"> 24, </key>
<key name="nam"> 0,1,2,3,5,8,13,14,20,21,22,23,24,30,32,43,46,48,54,55,57, </key>
<key name="nameid"> 24, </key>
<key name="nameidentifi"> 24,30, </key>
<key name="nameidformaturi"> 24, </key>
<key name="nameidtemplat"> 24, </key>
<key name="namequalifi"> 13, </key>
<key name="namespac"> 3,9,14,15,36,51, </key>
<key name="narrow"> 9, </key>
<key name="navigat"> 4,14,28,36,48,55, </key>
<key name="ne"> 2,14,16,23,35,44,52,59, </key>
<key name="necessari"> 13, </key>
<key name="necessary"> 13,23,24,27,50, </key>
<key name="need"> 4,13,47, </key>
<key name="negotiat"> 3,50, </key>
<key name="neith"> 15,45, </key>
<key name="netegrity"> 2,23,54, </key>
<key name="network"> 2,20,21,22,23,50,53,56,57, </key>
<key name="new"> 0,2,5,7,8,14,16,20,21,22,23,30,31,32,36,38,42,46,52,59,60, </key>
<key name="next"> 2,4,8,20,21,22,23,37,45, </key>
<key name="nod"> 38, </key>
<key name="non"> 13, </key>
<key name="nor"> 15, </key>
<key name="normal"> 4,14,54, </key>
<key name="north"> 18, </key>
<key name="not"> 0,1,2,3,4,7,8,9,12,10,13,15,17,20,21,22,23,25,26,31,32,33,34,35,36,37,39,42,43,40,44,46,50,53,55,56,57,59,60, </key>
<key name="notic"> 19, </key>
<key name="now"> 2,21, </key>
<key name="numb"> 2,9,13,20,21,22,23,30,43,52, </key>
<key name="number"> 2,20,21,22,23, </key>
<key name="oasi"> 13,24, </key>
<key name="obfuscat"> 23,48, </key>
<key name="observ"> 51, </key>
<key name="obtain"> 2,10,16,20,21,22,50, </key>
<key name="occur"> 0,2,50,59, </key>
<key name="off"> 20,21,22,23, </key>
<key name="offer"> 50, </key>
<key name="ok"> 8,14,15,20,21,22,23,26,36,39,46,48,51, </key>
<key name="old"> 3,57, </key>
<key name="omit"> 23, </key>
<key name="on"> 0,1,2,3,4,6,9,13,14,11,15,17,21,23,25,26,34,35,43,47,48,51,52,59,60, </key>
<key name="onc"> 0,2,9,12,14,22,31,32,56,57, </key>
<key name="onlin"> 4,13,37, </key>
<key name="onto"> 16, </key>
<key name="open"> 4,9,13,23,24,36,48,52,55,56,57, </key>
<key name="openssl"> 35, </key>
<key name="operation"> 2,38, </key>
<key name="optimiz"> 47, </key>
<key name="option"> 3,13,14,16,20,21,22,23,37,59, </key>
<key name="optional"> 13,14,16,20,21,22,23,24,31,32,35,42,54, </key>
<key name="ord"> 2,3,4,15,20,21,22,23,30,51,56,59, </key>
<key name="order"> 20,21,22,23, </key>
<key name="org"> 9,13, </key>
<key name="organiz"> 13,30, </key>
<key name="organization"> 13,23, </key>
<key name="original"> 2,13,34, </key>
<key name="originat"> 2,9,31,35, </key>
<key name="otherwis"> 30, </key>
<key name="our"> 18, </key>
<key name="out"> 0,52, </key>
<key name="outbound"> 16, </key>
<key name="outcom"> 0,2,9, </key>
<key name="outdat"> 0, </key>
<key name="outgo"> 14,23, </key>
<key name="outlin"> 0,2,8,13,23,31,33,46,51,53, </key>
<key name="outsid"> 4,18,34, </key>
<key name="overrid"> 24,52, </key>
<key name="overridden"> 3,15, </key>
<key name="overview"> 13,47,50, </key>
<key name="overwrit"> 57, </key>
<key name="overwritten"> 38,39, </key>
<key name="own"> 2,34, </key>
<key name="owner"> 19, </key>
<key name="p12"> 2,5,23,25, </key>
<key name="packag"> 47, </key>
<key name="pag"> 1,9,13,37,55, </key>
<key name="pair"> 2, </key>
<key name="pan"> 49,56, </key>
<key name="panel"> 4,56, </key>
<key name="pars"> 36, </key>
<key name="part"> 2,12,13,19,20,21,22,23,34,40,44,54,55, </key>
<key name="partial"> 3,15,44,51, </key>
<key name="participat"> 11, </key>
<key name="particular"> 2,7,13, </key>
<key name="partn"> 47, </key>
<key name="partner"> 34,50, </key>
<key name="party"> 2,21,22,29, </key>
<key name="pas"> 20,21,22,23,30,38, </key>
<key name="passiv"> 16,35, </key>
<key name="password"> 0,1,2,3,5,8,14,20,21,22,23,24,32,43,48,54,55, </key>
<key name="past"> 14,16,53, </key>
<key name="path"> 3,52, </key>
<key name="pattern"> 23,30,31, </key>
<key name="payload"> 3,9, </key>
<key name="pdf"> 13,47, </key>
<key name="pem"> 14,16, </key>
<key name="pend"> 19, </key>
<key name="per"> 38, </key>
<key name="perform"> 2,3,4,10,16,36,59,60, </key>
<key name="performanc"> 6,58, </key>
<key name="period"> 23,52, </key>
<key name="permission"> 19, </key>
<key name="permit"> 38,54,55, </key>
<key name="personal"> 19, </key>
<key name="phon"> 18, </key>
<key name="php"> 13, </key>
<key name="phras"> 23, </key>
<key name="physical"> 9, </key>
<key name="pid"> 48, </key>
<key name="pip"> 2, </key>
<key name="pkc"> 2,5,23,35,47, </key>
<key name="pki"> 1,2,38, </key>
<key name="plac"> 17, </key>
<key name="plain"> 0,2, </key>
<key name="play"> 1, </key>
<key name="pleas"> 18, </key>
<key name="point"> 20,21,22,23,33,34,57, </key>
<key name="polic"> 41, </key>
<key name="polici"> 0,3,9,10,13,14,15,17,20,21,22,23,26,28,33,36,39,40,41,44,47,50,51,58,60, </key>
<key name="policy"> 0,2,3,9,10,13,14,15,16,17,20,21,22,23,24,26,28,31,33,34,36,37,38,39,41,44,45,47,50,51,55,60, </key>
<key name="pop"> 23, </key>
<key name="populat"> 20,21,22,23,53, </key>
<key name="port"> 9,20,21,22,23, </key>
<key name="portion"> 2,9,13,43, </key>
<key name="pos"> 2, </key>
<key name="posses"> 2,45, </key>
<key name="possession"> 13, </key>
<key name="possibl"> 2,43,40,56, </key>
<key name="post"> 9, </key>
<key name="powerful"> 34,50, </key>
<key name="pr"> 5,23, </key>
<key name="preconfigur"> 57, </key>
<key name="preferenc"> 50, </key>
<key name="prefix"> 24,43, </key>
<key name="prepar"> 48, </key>
<key name="prerequisit"> 5,32, </key>
<key name="pres"> 4,37, </key>
<key name="present"> 2,3,21,30,34,38, </key>
<key name="preserv"> 12,25,34,37,50, </key>
<key name="presumab"> 13, </key>
<key name="prevent"> 9,51,52, </key>
<key name="previou"> 4,37, </key>
<key name="previous"> 2,20,29,30,32,38, </key>
<key name="primary"> 16, </key>
<key name="print"> 4,47, </key>
<key name="prior"> 2,25,31, </key>
<key name="privat"> 2,3,5,8,13,14,23,25, </key>
<key name="probab"> 9, </key>
<key name="problem"> 21,22,23,34, </key>
<key name="proce"> 13, </key>
<key name="procedur"> 16,21,59, </key>
<key name="proces"> 0,1,2,3,8,9,10,13,15,17,21,23,25,33,34,37,44,48,49,50,51,56,57, </key>
<key name="processor"> 52,56, </key>
<key name="product"> 1,4,18,34,47,50, </key>
<key name="professional"> 33, </key>
<key name="profil"> 13,16,55, </key>
<key name="program"> 1,8,9,36,37,47,48,49,52,53,54, </key>
<key name="prompt"> 2,20,21,22,23,25,48, </key>
<key name="proof"> 13, </key>
<key name="proper"> 36, </key>
<key name="properti"> 0,2,3,14,15,20,21,22,23,24,26,27,28,36,38,39,41,44,45,46,48,51,52,57,59, </key>
<key name="property"> 24,37,52, </key>
<key name="protect"> 2,3,9,12,10,15,16,19,20,21,22,23,33,43,41,47,51, </key>
<key name="protection"> 2,3, </key>
<key name="protocol"> 50, </key>
<key name="prov"> 13,52, </key>
<key name="provid"> 0,2,4,8,12,13,14,16,17,18,20,23,29,30,31,32,33,34,35,42,50,54,55,58,59,60, </key>
<key name="provider"> 8,23,30,31,34,54, </key>
<key name="provision"> 47, </key>
<key name="proxy"> 1,2,3,9,10,14,15,20,21,22,23,32,36,43,50,51,52,55, </key>
<key name="prp"> 21, </key>
<key name="ps"> 48, </key>
<key name="public"> 2,13, </key>
<key name="publish"> 13,16,17,55, </key>
<key name="pur"> 20,21,22,23, </key>
<key name="purg"> 41,44, </key>
<key name="purpos"> 19,24,42,46,57, </key>
<key name="qualifi"> 13,15,36, </key>
<key name="query"> 55, </key>
<key name="question"> 13,18,37, </key>
<key name="quick"> 0,2,4,9,14,16,38,48,49, </key>
<key name="quit"> 43, </key>
<key name="quot"> 3, </key>
<key name="ram"> 38, </key>
<key name="random"> 20,21,22,23, </key>
<key name="rare"> 34, </key>
<key name="raw"> 56, </key>
<key name="re"> 0,2,9,23, </key>
<key name="reach"> 14,20,21,22,23,57,59, </key>
<key name="read"> 3,4,56, </key>
<key name="real"> 50, </key>
<key name="realm"> 21, </key>
<key name="reassign"> 46, </key>
<key name="reboot"> 48, </key>
<key name="receipt"> 9,56, </key>
<key name="receiv"> 0,2,7,9,12,10,24,38,44,46,51, </key>
<key name="recent"> 6,56, </key>
<key name="recogniz"> 2,7,38, </key>
<key name="recognizabl"> 36, </key>
<key name="recommend"> 9,23,48,51,57, </key>
<key name="record"> 32,52, </key>
<key name="recov"> 48, </key>
<key name="red"> 47, </key>
<key name="reestablishment"> 38, </key>
<key name="ref"> 13,14,16,18,24,30,31,38,42, </key>
<key name="refer"> 9,13, </key>
<key name="referenc"> 3,13,17,24,31,34,35,42,59,60, </key>
<key name="reflect"> 20,21,22,23,52, </key>
<key name="reformat"> 56, </key>
<key name="regardles"> 9, </key>
<key name="register"> 30, </key>
<key name="registration"> 19, </key>
<key name="regular"> 30, </key>
<key name="reject"> 0,13,17, </key>
<key name="relat"> 13,30,43,41, </key>
<key name="relationship"> 1,12,13,23,34, </key>
<key name="releas"> 37, </key>
<key name="relevanc"> 30,34, </key>
<key name="relevant"> 13,20,21,22,23, </key>
<key name="reli"> 2, </key>
<key name="remain"> 2,23,24,25, </key>
<key name="remaind"> 13,23, </key>
<key name="rememb"> 23, </key>
<key name="remind"> 25, </key>
<key name="remov"> 0,7,14,15,20,21,22,23,24,25,26,43,46, </key>
<key name="renumb"> 25, </key>
<key name="rep"> 21,38, </key>
<key name="repeat"> 2,8,13,23,25,48,55, </key>
<key name="replac"> 23,24,52, </key>
<key name="replay"> 2,3,38, </key>
<key name="repository"> 13,20,21,22,23,31,42, </key>
<key name="represent"> 1,50,57, </key>
<key name="representativ"> 0,33,53, </key>
<key name="request"> 0,1,2,3,7,8,9,12,10,13,15,16,18,20,21,22,23,29,30,31,33,34,38,44,46,50,51,52,54,56,59, </key>
<key name="requestor"> 2,14,16,34,35, </key>
<key name="requir"> 0,1,2,3,12,10,13,16,20,21,22,23,25,30,31,33,34,35,38,42,43,40,48,50,51,53,55,56,59,60, </key>
<key name="requirement"> 0,2,3,9,10,15,23,34,35,40,44,51,59,60, </key>
<key name="reserv"> 19, </key>
<key name="resid"> 9,34,50,60, </key>
<key name="resolution"> 3,9,14,15,20,21,22,23,26,36,39,41,51, </key>
<key name="resolv"> 2,21,22,51, </key>
<key name="resourc"> 16,20,21,22,23,34, </key>
<key name="respectiv"> 19,22,60, </key>
<key name="respond"> 20,21,22,23, </key>
<key name="respons"> 0,2,3,10,33,38,44,52,56, </key>
<key name="responsibl"> 2,12,13,17,31,34,35,42,59,60, </key>
<key name="rest"> 13, </key>
<key name="restart"> 15,38,43,52,56, </key>
<key name="restor"> 4,23,25, </key>
<key name="result"> 4,13,34,51, </key>
<key name="resum"> 59, </key>
<key name="return"> 2,10,14,37,57, </key>
<key name="retyp"> 8, </key>
<key name="reus"> 38, </key>
<key name="review"> 23,57, </key>
<key name="revok"> 2,8, </key>
<key name="rfc"> 24, </key>
<key name="right"> 4,13,19,34,49,53,56, </key>
<key name="rigorou"> 50, </key>
<key name="risk"> 2,48, </key>
<key name="robin"> 20,21,22,23, </key>
<key name="rogu"> 9, </key>
<key name="rol"> 1,12,29,54, </key>
<key name="rollov"> 57, </key>
<key name="root"> 30, </key>
<key name="rotat"> 20,21,22,23, </key>
<key name="round"> 20,21,22,23, </key>
<key name="rout"> 0,1,2,9,10,15,20,21,22,23,33,44,51,52,58, </key>
<key name="row"> 3, </key>
<key name="run"> 9,15,26,39,43,47,48,49,50,53,55,57, </key>
<key name="s"> 0,2,3,9,12,13,14,16,21,23,34,35,44,51,52,55,60, </key>
<key name="sam"> 2,4,9,16,34,50,56, </key>
<key name="saml"> 2,12,13,14,11,16,21,24,29,30,31,32,34,35,37,42,45,47,54,59,60, </key>
<key name="sav"> 0,2,3,8,10,13,14,15,19,23,28,36,40,48,52,56, </key>
<key name="scal"> 9, </key>
<key name="scenario"> 1,2,3,5,16,23,33,34,45,51,59, </key>
<key name="schema"> 9, </key>
<key name="scroll"> 4, </key>
<key name="se"> 0,1,2,3,4,5,6,8,9,12,10,13,14,15,16,17,20,21,22,23,24,25,27,29,30,31,32,33,34,35,36,37,38,43,40,44,46,47,48,49,50,51,52,53,54,55,58,59,60, </key>
<key name="search"> 4,13,16,30, </key>
<key name="second"> 20,21,22,23,43,52, </key>
<key name="section"> 4, </key>
<key name="secur"> 2,3,14,20,21,22,23,47, </key>
<key name="secure"> 12, </key>
<key name="secureconversation"> 3,38,47, </key>
<key name="securespan"> 0,1,2,3,4,5,6,7,8,9,12,10,13,14,11,15,16,17,18,19,20,21,22,23,24,28,29,30,31,32,33,34,35,36,37,38,39,42,43,40,41,44,45,47,48,49,50,51,52,53,54,55,56,58,59,60, </key>
<key name="security"> 0,2,3,4,8,9,12,10,13,15,16,17,20,21,22,23,29,30,31,32,34,35,38,42,40,44,46,47,48,50,51,54,56,59,60, </key>
<key name="securitycontext"> 3,38, </key>
<key name="select"> 2,3,4,7,8,13,14,15,16,20,21,22,23,24,25,26,27,28,32,36,37,39,43,41,48,49,51,55,56,59,60, </key>
<key name="selection"> 13, </key>
<key name="self"> 5,23,30, </key>
<key name="send"> 0,1,2,3,9,10,13,14,23,33,44,50,53, </key>
<key name="sensitiv"> 20,21,22,23, </key>
<key name="sent"> 1,2,7,9,15,22,34,46,56, </key>
<key name="separat"> 1,50,53, </key>
<key name="separate"> 37, </key>
<key name="sequenc"> 4, </key>
<key name="sequential"> 2,9,20,21,22,23,43, </key>
<key name="seri"> 47, </key>
<key name="seriou"> 34, </key>
<key name="serv"> 2,6,9,14,16,17,20,21,22,23,29,30,34,35,38,42,47,54,56,59,60, </key>
<key name="server"> 22,47, </key>
<key name="servic"> 0,1,2,3,4,5,7,8,9,12,10,13,14,15,16,17,18,20,21,22,23,26,28,29,30,31,32,33,34,35,36,38,39,42,43,40,41,44,47,48,49,50,51,54,55,58,59,60, </key>
<key name="session"> 2,3,6,8,20,21,22,23,38,40,44,56, </key>
<key name="set"> 1,2,3,7,14,15,16,20,21,22,23,30,37,43,51,52, </key>
<key name="setting"> 3,15,25,27,32,48,51,52,57, </key>
<key name="severity"> 52, </key>
<key name="sh"> 43,48,52,53, </key>
<key name="sha1"> 2, </key>
<key name="shar"> 5,13,17,32,34,38,47,59,60, </key>
<key name="short"> 37, </key>
<key name="shortcut"> 37,53, </key>
<key name="should"> 8,9,20,21,22,23,24,55,57, </key>
<key name="show"> 4,43, </key>
<key name="shown"> 7,37,56, </key>
<key name="shut"> 9, </key>
<key name="shutdown"> 23, </key>
<key name="sid"> 9,20,21,22,23,34,35,38,50, </key>
<key name="sign"> 2,3,5,8,12,13,14,16,23,24,30,31,35,38,42,56,59,60, </key>
<key name="signatur"> 2,3,13,47,56, </key>
<key name="signifi"> 59, </key>
<key name="significant"> 2,48, </key>
<key name="silo"> 34, </key>
<key name="similar"> 0,2,3,4,53, </key>
<key name="simp"> 37, </key>
<key name="simpleformat"> 52, </key>
<key name="simplest"> 33,50, </key>
<key name="sinc"> 2,9,12,48,59, </key>
<key name="singl"> 1,2,13,26,32,35,51, </key>
<key name="sitemind"> 2,23,54, </key>
<key name="siz"> 57, </key>
<key name="small"> 2,9, </key>
<key name="so"> 20,21,22,23,38,50, </key>
<key name="soap"> 0,2,3,9,12,13,15,17,47,51, </key>
<key name="soapaction"> 3,9,14,15,36,51, </key>
<key name="socket"> 2, </key>
<key name="softwar"> 33,47, </key>
<key name="sourc"> 5,6,9,12,13,14,11,16,30,31,32,34,35,42,59,60, </key>
<key name="spac"> 23, </key>
<key name="span"> 47, </key>
<key name="spe"> 47, </key>
<key name="special"> 9, </key>
<key name="specialist"> 33, </key>
<key name="specifi"> 3,7,12,13,23,44, </key>
<key name="specific"> 2,4,9,50, </key>
<key name="specification"> 4,13, </key>
<key name="specify"> 3,9,13,16,20,21,22,23, </key>
<key name="ssa0"> 52,57, </key>
<key name="ssa1"> 57, </key>
<key name="ssb"> 24, </key>
<key name="ssg"> 3,23,48,55, </key>
<key name="ssl"> 2,3,8,13,14,15,16,20,21,22,23,38,42,40,44,45,47,51, </key>
<key name="ssxvcconfig"> 43, </key>
<key name="standard"> 13,20,21,22,23,24,47, </key>
<key name="standardiz"> 2, </key>
<key name="start"> 3,4,43,48,49,53,55,56,58, </key>
<key name="stat"> 19,21, </key>
<key name="statement"> 13,16,51, </key>
<key name="statu"> 1,7,20,21,22,23,25,43,46, </key>
<key name="step"> 5,13,14,16,17,21,23,25,32,33,37,55,59,60, </key>
<key name="sticky"> 20,21,22,23, </key>
<key name="still"> 0,23,24,26, </key>
<key name="stop"> 20,21,22,23,48,49, </key>
<key name="stor"> 0,2,3,4,9,13,20,21,22,23,26,28,30,31,33,34,35,36,38,39,42,41,44,51,52,59,60, </key>
<key name="str"> 3,15,24, </key>
<key name="strategy"> 20,21,22,23, </key>
<key name="street"> 18, </key>
<key name="string"> 9, </key>
<key name="strong"> 9,23,48, </key>
<key name="structur"> 3,36, </key>
<key name="subject"> 2,13,30,59,60, </key>
<key name="subjectconfirmation"> 13, </key>
<key name="submit"> 55, </key>
<key name="subsequent"> 2,17,20,21,22,23,50, </key>
<key name="substitut"> 9, </key>
<key name="succe"> 2, </key>
<key name="succeed"> 34, </key>
<key name="successful"> 14,21,23,38,45, </key>
<key name="suffix"> 43, </key>
<key name="summariz"> 37,56,59,60, </key>
<key name="sun"> 20,21,22,23, </key>
<key name="sup"> 20,21,22, </key>
<key name="suppli"> 29, </key>
<key name="support"> 0,4,13,18,21,22,24,33,35,47,53,58, </key>
<key name="suppressstrtransform"> 24, </key>
<key name="sur"> 14,16,32,59, </key>
<key name="surround"> 3, </key>
<key name="switch"> 4,57, </key>
<key name="syntax"> 55, </key>
<key name="system"> 4,9,20,21,22,23,35,47,48,50,52,53,58,59,60, </key>
<key name="tab"> 2,3,14,15,20,21,22,23,24,26,28,32,36,39,41,44,45,48,51, </key>
<key name="tabl"> 2,3,4,5,13,14,15,20,21,22,23,24,25,26,32,36,37,38,39,43,45,51,52,56,59,60, </key>
<key name="tak"> 17,43, </key>
<key name="tam"> 38, </key>
<key name="target"> 0,2,3,9,10,13,15,20,21,22,23,28,33,36,38,39,43,40,44,48,51,59, </key>
<key name="task"> 10,34,43,41,50, </key>
<key name="tc"> 13,24, </key>
<key name="technical"> 0,18,21,22,33,53,56,58, </key>
<key name="technologi"> 4,18,19,47,52,57,58, </key>
<key name="telephon"> 18, </key>
<key name="templat"> 24, </key>
<key name="temporary"> 46, </key>
<key name="term"> 1,10,40,44,47,50, </key>
<key name="terminal"> 48, </key>
<key name="terminat"> 48,49, </key>
<key name="terminology"> 4, </key>
<key name="test"> 17,21,22,48, </key>
<key name="text"> 0,2,9,16,46,52,57, </key>
<key name="tfim"> 35, </key>
<key name="them"> 2,4,59, </key>
<key name="thereby"> 23, </key>
<key name="therefor"> 9,13,48, </key>
<key name="third"> 2,21,22,29, </key>
<key name="thos"> 2,40,56, </key>
<key name="thre"> 0,1,4,9,10,13,16,34,37,47, </key>
<key name="ti"> 2,8, </key>
<key name="ticket"> 13, </key>
<key name="tim"> 2,23,33,43,48,49,50,52, </key>
<key name="timeout"> 38, </key>
<key name="timestamp"> 3,21,38, </key>
<key name="tip"> 2,22,23,37,52,54,55, </key>
<key name="titl"> 4, </key>
<key name="tivoli"> 35,38, </key>
<key name="tl"> 2,3,8,13,38,40,44, </key>
<key name="tlsclient"> 24, </key>
<key name="togeth"> 34, </key>
<key name="token"> 3,12,13,14,16,20,21,22,29,30,31,32,34,38,45,50,54,60, </key>
<key name="toll"> 18, </key>
<key name="tool"> 2,7,13,25,27,28,36,37,46,48, </key>
<key name="toolkit"> 35, </key>
<key name="top"> 53, </key>
<key name="topic"> 4,24,30,31,42,43,41, </key>
<key name="track"> 2, </key>
<key name="trademark"> 19, </key>
<key name="tradenam"> 19, </key>
<key name="traffic"> 0,6,9,56, </key>
<key name="transaction"> 0,10,47,50, </key>
<key name="transform"> 24, </key>
<key name="transformation"> 50, </key>
<key name="transient"> 2,40, </key>
<key name="transmission"> 38, </key>
<key name="transmit"> 3,19,20,21,22,23,33,56, </key>
<key name="transport"> 2,13, </key>
<key name="tre"> 3,36, </key>
<key name="trig"> 37, </key>
<key name="trigger"> 2, </key>
<key name="troubleshoot"> 37,50,53,56,57, </key>
<key name="tru"> 13,24,52, </key>
<key name="trust"> 1,2,3,5,9,12,13,14,11,17,20,21,22,23,24,25,27,29,30,31,32,33,34,35,42,43,47,54,59,60, </key>
<key name="try"> 21,22, </key>
<key name="turn"> 20,21,22,23, </key>
<key name="two"> 1,2,3,6,9,13,11,16,34,35,50,53,57,60, </key>
<key name="typ"> 0,1,2,3,4,9,13,14,15,16,22,23,24,29,34,36,42,43,40,44,51,59, </key>
<key name="typical"> 9,13,29,34,42, </key>
<key name="un"> 0,10, </key>
<key name="unabl"> 2,36, </key>
<key name="unauthoriz"> 9, </key>
<key name="unavailabl"> 23,26, </key>
<key name="undecorat"> 0,3,44,56, </key>
<key name="underlin"> 37, </key>
<key name="underscor"> 23, </key>
<key name="unintentional"> 20,21,22,23, </key>
<key name="uniqu"> 2,15,20,21,22,23,43,50,51, </key>
<key name="unique"> 32, </key>
<key name="unit"> 19, </key>
<key name="unles"> 23,54,57,59, </key>
<key name="unlock"> 0,3,15,26,39,41,44, </key>
<key name="unsecur"> 20,21,22,23, </key>
<key name="unselect"> 20,21,22,23, </key>
<key name="unspecifi"> 13,24, </key>
<key name="unsupport"> 3, </key>
<key name="up"> 3,14,16,20,21,22,23,25,38, </key>
<key name="updat"> 0,15,23,50,51, </key>
<key name="upgrad"> 43, </key>
<key name="upon"> 0,44,56, </key>
<key name="uri"> 3,7,9,13,14,15,21,24,36,43,51, </key>
<key name="url"> 3,5,9,15,17,20,21,22,23,33,55, </key>
<key name="urn"> 13,24, </key>
<key name="us"> 0,1,2,3,4,5,7,8,9,13,14,11,15,16,17,19,20,21,22,23,24,25,29,30,31,32,34,35,36,37,38,42,43,41,44,45,47,48,49,50,51,52,53,54,55,56,57,58,59,60, </key>
<key name="usag"> 48,49,59, </key>
<key name="user"> 1,9,13,30,31,34,35,50,59,60, </key>
<key name="usernam"> 24,55, </key>
<key name="usual"> 13, </key>
<key name="utf"> 9, </key>
<key name="util"> 52, </key>
<key name="utiliz"> 33, </key>
<key name="uuid"> 24, </key>
<key name="uuidprefix"> 24, </key>
<key name="v3"> 47, </key>
<key name="v6"> 18, </key>
<key name="valid"> 2,13,16,24,48, </key>
<key name="validat"> 12,13,34,47, </key>
<key name="validation"> 13, </key>
<key name="valu"> 3,9,13,15,24,30,51,59,60, </key>
<key name="vancouv"> 18, </key>
<key name="variou"> 38, </key>
<key name="verifi"> 2, </key>
<key name="verification"> 13, </key>
<key name="verify"> 2,3,8,20,21,22,23,37,47,51, </key>
<key name="version"> 4,9,13,50,52,53, </key>
<key name="via"> 16,18,43,59, </key>
<key name="view"> 2,3,4,6,13,14,20,21,22,23,34,36,41,55,56,57,58, </key>
<key name="viewabl"> 3, </key>
<key name="virtual"> 13,30,31,34,59,60, </key>
<key name="visibl"> 2,44,56, </key>
<key name="vouch"> 13,14, </key>
<key name="vpn"> 0,1,2,3,4,5,6,7,8,9,12,10,13,14,11,15,16,17,19,20,21,22,23,24,25,26,27,28,29,32,33,34,35,36,37,38,39,43,40,41,44,45,47,48,49,50,51,52,53,54,55,56,57,58,59,60, </key>
<key name="w3c"> 47, </key>
<key name="want"> 7,17,34,46,59, </key>
<key name="warehous"> 3,9, </key>
<key name="warn"> 9,13,14,48, </key>
<key name="way"> 1,2,3,11, </key>
<key name="web"> 1,4,5,9,12,10,13,14,15,17,18,30,31,32,34,35,42,40,44,47,50,51,55,59,60, </key>
<key name="welcom"> 18,58, </key>
<key name="well"> 0, </key>
<key name="what"> 2,23,57, </key>
<key name="whenev"> 2,53, </key>
<key name="wherea"> 39, </key>
<key name="wheth"> 16, </key>
<key name="whichev"> 2, </key>
<key name="whil"> 2,12,23,34,50, </key>
<key name="whos"> 2,38, </key>
<key name="wid"> 38, </key>
<key name="wild"> 13, </key>
<key name="will"> 0,2,3,7,8,9,12,13,14,15,16,17,20,21,22,23,24,25,29,30,32,33,36,42,43,48,50,51,53,55,56,57,59, </key>
<key name="window"> 0,3,4,9,13,15,20,21,22,23,25,37,43,45,47,48,49,50,52,53,56,57, </key>
<key name="windowsdomain"> 30, </key>
<key name="wish"> 4,25, </key>
<key name="within"> 4,34,56, </key>
<key name="without"> 0,2,4,7,19,38,43,56, </key>
<key name="wizard"> 4,13,14,16,30,31,37,42,59,60, </key>
<key name="word"> 2,4,9,34, </key>
<key name="work"> 30,31,34,42, </key>
<key name="workflow"> 5,12,13,17,30,31,32,33,34,35,42,58,59,60, </key>
<key name="would"> 3,15,34,52, </key>
<key name="written"> 19, </key>
<key name="ws"> 2,3,9,13,16,21,22,24,29,30,35,38,45,47, </key>
<key name="wsa"> 24, </key>
<key name="wsaddres"> 24, </key>
<key name="wsdl"> 2,47,55, </key>
<key name="wsil"> 55, </key>
<key name="wsp"> 36, </key>
<key name="wsrp"> 47, </key>
<key name="wsu"> 24, </key>
<key name="www"> 13,18,24, </key>
<key name="x"> 2,3,5,12,13,11,30,31,32,34,35,42,47,53,59, </key>
<key name="x509"> 59,60, </key>
<key name="x509subjectnam"> 24, </key>
<key name="xml"> 0,1,2,3,4,5,6,7,8,9,12,10,13,14,11,15,16,17,19,20,21,22,23,24,25,26,27,28,29,32,33,34,35,36,37,38,39,43,40,41,44,45,47,48,49,50,51,52,53,54,55,56,57,58,59,60, </key>
<key name="xmln"> 9, </key>
<key name="xmlsoap"> 9, </key>
<key name="xp"> 9, </key>
<key name="xpath"> 3,47, </key>
<key name="xslt"> 47, </key>
<key name="yield"> 0,2,9, </key>
<key name="your"> 2,4,6,18,20,21,22,23,33,56,57,59,60, </key>
<key name="z"> 23, </key>
<key name="zero"> 30, </key>

</ftswdata>  
