<?xml version='1.0' encoding='windows-1252' ?>
<indexdata>
<key name="About Message Routing" >
  <topic name="About Message Routing" url="about_message_routing.htm" />
</key>
<key name="About SecureSpan Gateway Accounts" >
  <topic name="About SecureSpan Gateway Accounts" url="about_securespan_gateway_accounts.htm" />
</key>
<key name="About SSL/TLS Security Sessions" >
  <topic name="About SSL/TLS Security Sessions" url="about_ssl_tls_security_sessions.htm" />
</key>
<key name="About Stored Policies" >
  <topic name="About Stored Policies" url="about_stored_policies.htm" />
</key>
<key name="Ad-hoc identity bridging" >
  <topic name="Configuring SecureSpan Gateway Accounts" url="configure_securespan_gateway_accounts.htm" />
  <topic name="Identity Bridging Requirements" url="identity_bridging_requirements.htm" />
</key>
<key name="Add Certificate Wizard" >
  <topic name="Workflow Using an X.509 Certificate" url="workflow_using_an_x.509_certificate.htm" />
</key>
<key name="Analyzing SecureSpan Bridge Performance" >
  <topic name="Analyzing SecureSpan Bridge Performance" url="analyze_securespan_bridge_performance.htm" />
</key>
<key name="Associated Policy in Gateway account" >
  <topic name="About Stored Policies" url="about_stored_policies.htm" />
</key>
<key name="Authentication domain" >
  <topic name="Identity Bridging Requirements" url="identity_bridging_requirements.htm" />
</key>
<key name="Authorization domain" >
  <topic name="Identity Bridging Requirements" url="identity_bridging_requirements.htm" />
</key>
<key name="Background process" >
  <topic name="SecureSpan Bridge in Daemon Mode" url="securespan_bridge_in_daemon_mode.htm" />
  <topic name="SecureSpan Bridge in Service Mode" url="securespan_bridge_in_service_mode.htm" />
</key>
<key name="Bridge interface" >
  <topic name="Interface" url="interface.htm" />
</key>
<key name="Cached policies" >
  <topic name="About Stored Policies" url="about_stored_policies.htm" />
</key>
<key name="Certificates" >
  <topic name="About SSL/TLS Security Sessions" url="about_ssl_tls_security_sessions.htm" />
  <topic name="Managing Certificates" url="managing_certificates.htm" />
  <topic name="Workflow Using an X.509 Certificate" url="workflow_using_an_x.509_certificate.htm" />
  <key name="discovery" >
    <topic name="About SSL/TLS Security Sessions#Client_cert_discovery" url="about_ssl_tls_security_sessions.htm#Client_cert_discovery" />
    <topic name="About SSL/TLS Security Sessions#Server_cert_discovery" url="about_ssl_tls_security_sessions.htm#Server_cert_discovery" />
  </key>
  <key name="importing" >
    <topic name="Creating a Trusted Gateway Account#import_client_cert" url="creating_a_trusted_gateway_account.htm#import_client_cert" />
  </key>
</key>
<key name="Change" >
  <key name="default gateway account" >
    <topic name="Changing the Default Gateway Account" url="changing_the_default_gateway_account.htm" />
  </key>
  <key name="gateway password" >
    <topic name="Changing the SecureSpan Gateway Password" url="changing_the_securespan_gateway_password.htm" />
  </key>
</key>
<key name="Changing the Default Gateway Account" >
  <topic name="Changing the Default Gateway Account" url="changing_the_default_gateway_account.htm" />
</key>
<key name="Changing the SecureSpan Gateway Password" >
  <topic name="Changing the SecureSpan Gateway Password" url="changing_the_securespan_gateway_password.htm" />
</key>
<key name="Clear recent message" >
  <topic name="View Message Activity" url="viewing_message_traffic.htm" />
</key>
<key name="Client applications" >
  <topic name="Configuring Client Applications" url="configure_client_applications.htm" />
  <key name="configuring" >
    <topic name="Configuring Client Applications" url="configure_client_applications.htm" />
  </key>
  <key name="message format" >
    <topic name="Configuring Client Applications#Message" url="configure_client_applications.htm#Message" />
  </key>
  <key name="physical location" >
    <topic name="Configuring Client Applications#Physical" url="configure_client_applications.htm#Physical" />
  </key>
  <key name="URL and port" >
    <topic name="Configuring Client Applications#URL" url="configure_client_applications.htm#URL" />
  </key>
</key>
<key name="Client certificate" >
  <topic name="About SSL/TLS Security Sessions#Using_client_cert" url="about_ssl_tls_security_sessions.htm#Using_client_cert" />
  <key name="discovering" >
    <topic name="About SSL/TLS Security Sessions#Client_cert_discovery" url="about_ssl_tls_security_sessions.htm#Client_cert_discovery" />
  </key>
  <key name="importing" >
    <topic name="Creating a Trusted Gateway Account#import_client_cert" url="creating_a_trusted_gateway_account.htm#import_client_cert" />
  </key>
  <key name="preserving" >
    <topic name="Deleting a Gateway Account" url="deleting_a_gateway_account.htm" />
  </key>
</key>
<key name="Configure" >
  <key name="client applications" >
    <topic name="Configuring Client Applications" url="configure_client_applications.htm" />
  </key>
  <key name="gateway accounts" >
    <topic name="Configure SecureSpan Gateway Accounts" url="configure_securespan_gateway_accounts.htm" />
    <topic name="Configuring Gateway Accounts for Identity Bridging" url="configuring_gateway_accounts_for_identity_bridging.htm" />
  </key>
  <key name="identity bridging" >
    <topic name="Configuring Gateway Accounts for Identity Bridging" url="configuring_gateway_accounts_for_identity_bridging.htm" />
  </key>
  <key name="message routing" >
    <topic name="Configuring Message Routing" url="configure_message_routing.htm" />
  </key>
  <key name="policy attachment key" >
    <topic name="Configuring the Policy Attachment Key" url="configuring_the_policy_attachment_key.htm" />
  </key>
  <key name="SAML policies" >
    <topic name="Configuring SAML Policies" url="configuring_saml_policies_for_identity_bridging.htm" />
  </key>
  <key name="SAML sender vouches" >
    <topic name="Configuring SAML Sender Vouches" url="configuring_saml_sender_vouches.htm" />
  </key>
  <key name="WS-Federation credential exchange" >
    <topic name="Configuring WS-Federation Credential Exchange" url="configuring_ws-federation_credential_exchange.htm" />
  </key>
</key>
<key name="Configuring Client Applications" >
  <topic name="Configuring Client Applications" url="configure_client_applications.htm" />
</key>
<key name="Configuring Gateway Accounts for Identity Bridging" >
  <topic name="Configuring Gateway Accounts for Identity Bridging" url="configuring_gateway_accounts_for_identity_bridging.htm" />
</key>
<key name="Configuring Message Routing" >
  <topic name="Configuring Message Routing" url="configure_message_routing.htm" />
</key>
<key name="Configuring SAML Policies" >
  <topic name="Configuring SAML Policies" url="configuring_saml_policies_for_identity_bridging.htm" />
</key>
<key name="Configuring SAML Sender Vouches" >
  <topic name="Configuring SAML Sender Vouches" url="configuring_saml_sender_vouches.htm" />
  <key name="configure gateway" >
    <topic name="Configuring SAML Sender Vouches#Set_up_gateway" url="configuring_saml_sender_vouches.htm#Set_up_gateway" />
  </key>
  <key name="create FIP user" >
    <topic name="Configuring SAML Sender Vouches#Create_FIP" url="configuring_saml_sender_vouches.htm#Create_FIP" />
  </key>
  <key name="import client certificate" >
    <topic name="Configuring SAML Sender Vouches#Import_client_cert" url="configuring_saml_sender_vouches.htm#Import_client_cert" />
  </key>
</key>
<key name="Configuring SecureSpan Gateway Accounts" >
  <topic name="Configuring SecureSpan Gateway Accounts" url="configure_securespan_gateway_accounts.htm" />
</key>
<key name="Configuring the Policy Attachment Key" >
  <topic name="Configuring the Policy Attachment Key" url="configuring_the_policy_attachment_key.htm" />
</key>
<key name="Configuring WS-Federation Credential Exchange" >
  <topic name="Configuring WS-Federation Credential Exchange" url="configuring_ws-federation_credential_exchange.htm" />
  <key name="configure assertion" >
    <topic name="Configuring WS-Federation Credential Exchange#Configure_assertion" url="configuring_ws-federation_credential_exchange.htm#Configure_assertion" />
  </key>
  <key name="configure gateway" >
    <topic name="Configuring WS-Federation Credential Exchange#Set_up_gateway" url="configuring_ws-federation_credential_exchange.htm#Set_up_gateway" />
  </key>
  <key name="create FIP user" >
    <topic name="Configuring WS-Federation Credential Exchange#Create_FIP" url="configuring_ws-federation_credential_exchange.htm#Create_FIP" />
  </key>
  <key name="import certificate" >
    <topic name="Configuring WS-Federation Credential Exchange#Import_ADFS_cert" url="configuring_ws-federation_credential_exchange.htm#Import_ADFS_cert" />
  </key>
</key>
<key name="Consuming Shared Web Service" >
  <topic name="Consuming Shared Web Service" url="consume_shared_web_service.htm" />
</key>
<key name="Contact Information" >
  <topic name="Contact Information" url="contact_information.htm" />
</key>
<key name="Copyrights" >
  <topic name="Copyrights" url="copyrights.htm" />
</key>
<key name="Create" >
  <key name="federated gateway accounts" >
    <topic name="Creating a Federated Gateway Account (Trusted Gateway)" url="creating_a_federated_gateway_account_(trusted_gateway).htm" />
    <topic name="Creating a Federated Gateway Account (WS-Federation)" url="creating_a_federated_gateway_account_(ws-federation).htm" />
    <topic name="Creating a Federated Gateway Account (WS-Trust)" url="creating_a_federated_gateway_account_(ws-trust).htm" />
  </key>
  <key name="federated identity providers" >
    <topic name="Federated Identity Providers" url="federated_identity_providers.htm" />
  </key>
  <key name="federated user" >
    <topic name="Federated Identity Provider Users and Groups" url="federated_identity_provider_users_and_groups.htm" />
  </key>
  <key name="trusted gateway accounts" >
    <topic name="Creating a Trusted Gateway Account" url="creating_a_trusted_gateway_account.htm" />
  </key>
  <key name="virtual group" >
    <topic name="Federated Identity Provider Users and Groups" url="federated_identity_provider_users_and_groups.htm" />
  </key>
</key>
<key name="Create Federated Identity Provider Wizard" >
  <topic name="Workflow Using an X.509 Certificate" url="workflow_using_an_x.509_certificate.htm" />
</key>
<key name="Creating a Federated Gateway Account" >
  <topic name="Creating a Federated Gateway Account (Trusted Gateway)" url="creating_a_federated_gateway_account_(trusted_gateway).htm" />
  <topic name="Creating a Federated Gateway Account (WS-Federation)" url="creating_a_federated_gateway_account_(ws-federation).htm" />
  <topic name="Creating a Federated Gateway Account (WS-Trust)" url="creating_a_federated_gateway_account_(ws-trust).htm" />
</key>
<key name="Creating a Trusted Gateway Account" >
  <topic name="Creating a Trusted Gateway Account" url="creating_a_trusted_gateway_account.htm" />
</key>
<key name="Credential exchange" >
  <topic name="Configuring WS-Federation Credential Exchange" url="configuring_ws-federation_credential_exchange.htm" />
</key>
<key name="Cross-domain application integration" >
  <topic name="Identity Bridging" url="identity_bridging.htm" />
</key>
<key name="Daemon mode" >
  <topic name="SecureSpan Bridge in Daemon Mode" url="securespan_bridge_in_daemon_mode.htm" />
  <key name="preparation" >
    <topic name="SecureSpan Bridge in Daemon Mode#Preparing" url="securespan_bridge_in_daemon_mode.htm#Preparing" />
  </key>
  <key name="starting" >
    <topic name="SecureSpan Bridge in Daemon Mode#Starting" url="securespan_bridge_in_daemon_mode.htm#Starting" />
  </key>
  <key name="terminating" >
    <topic name="SecureSpan Bridge in Daemon Mode#Terminating" url="securespan_bridge_in_daemon_mode.htm#Terminating" />
  </key>
</key>
<key name="Default status" >
  <topic name="Changing the Default Gateway Account" url="changing_the_default_gateway_account.htm" />
  <topic name="Removing the Default Status for a Gateway Account" url="removing_the_default_status_for_a_gateway_account.htm" />
</key>
<key name="Delete" >
  <key name="federated identity providers" >
    <topic name="Federated Identity Providers" url="federated_identity_providers.htm" />
  </key>
  <key name="federated users, groups, virtual groups" >
    <topic name="Federated Identity Provider Users and Groups" url="federated_identity_provider_users_and_groups.htm" />
  </key>
  <key name="gateway accounts" >
    <topic name="Deleting a Gateway Account" url="deleting_a_gateway_account.htm" />
  </key>
  <key name="policies" >
    <topic name="Deleting a Stored Policy" url="deleting_a_stored_policy.htm" />
  </key>
</key>
<key name="Deleting a Gateway Account" >
  <topic name="Deleting a Gateway Account" url="deleting_a_gateway_account.htm" />
</key>
<key name="Deleting a Stored Policy" >
  <topic name="Deleting a Stored Policy" url="deleting_a_stored_policy.htm" />
</key>
<key name="Discover certificates" >
  <topic name="About SSL/TLS Security Sessions#Client_cert_discovery" url="about_ssl_tls_security_sessions.htm#Client_cert_discovery" />
  <topic name="About SSL/TLS Security Sessions#Server_cert_discovery" url="about_ssl_tls_security_sessions.htm#Server_cert_discovery" />
</key>
<key name="Edit" >
  <key name="federated identity providers" >
    <topic name="Federated Identity Providers" url="federated_identity_providers.htm" />
  </key>
  <key name="federated users, groups, virtual groups" >
    <topic name="Federated Identity Provider Users and Groups" url="federated_identity_provider_users_and_groups.htm" />
  </key>
  <key name="gateway accounts" >
    <topic name="Editing a Gateway Account" url="editing_a_gateway_account.htm" />
  </key>
  <key name="policy attachment key" >
    <topic name="Editing the Policy Attachment Key" url="configuring_the_policy_attachment_key.htm" />
  </key>
</key>
<key name="Editing a Gateway Account" >
  <topic name="Editing a Gateway Account" url="editing_a_gateway_account.htm" />
</key>
<key name="Editing the Policy Attachment Key" >
  <topic name="Configuring the Policy Attachment Key" url="configuring_the_policy_attachment_key.htm" />
</key>
<key name="Export" >
  <key name="policies" >
    <topic name="Importing and Exporting Policies#Exporting" url="import_export_policies.htm#Exporting" />
  </key>
</key>
<key name="Failover Strategy" >
  <topic name="Creating a Federated Gateway Account (Trusted Gateway)#Failover" url="creating_a_federated_gateway_account_(trusted_gateway).htm#Failover" />
  <topic name="Creating a Federated Gateway Account (WS-Federation)#Failover" url="creating_a_federated_gateway_account_(ws-federation).htm#Failover" />
  <topic name="Creating a Federated Gateway Account (WS-Trust)#Failover" url="creating_a_federated_gateway_account_(ws-trust).htm#Failover" />
  <topic name="Creating a Trusted Gateway Account#Failover" url="creating_a_trusted_gateway_account.htm#Failover" />
</key>
<key name="Federated" >
  <key name="groups" >
    <topic name="Federated Identity Provider Users and Groups" url="federated_identity_provider_users_and_groups.htm" />
  </key>
  <key name="users" >
    <topic name="Federated Identity Provider Users and Groups" url="federated_identity_provider_users_and_groups.htm" />
  </key>
  <key name="virtual groups" >
    <topic name="Federated Identity Provider Users and Groups" url="federated_identity_provider_users_and_groups.htm" />
  </key>
</key>
<key name="Federated gateway accounts" >
  <topic name="About SecureSpan Gateway Accounts" url="about_securespan_gateway_accounts.htm" />
  <topic name="Federated Gateway Accounts" url="federated_gateway_accounts.htm" />
  <key name="using Trusted Gateway" >
    <topic name="Creating a Federated Gateway Account (Trusted Gateway)" url="creating_a_federated_gateway_account_(trusted_gateway).htm" />
  </key>
  <key name="using WS-Federation" >
    <topic name="Creating a Federated Gateway Account (WS-Federation)" url="creating_a_federated_gateway_account_(ws-federation).htm" />
  </key>
  <key name="using WS-Trust" >
    <topic name="Creating a Federated Gateway Account (WS-Trust)" url="creating_a_federated_gateway_account_(ws-trust).htm" />
  </key>
</key>
<key name="Federated groups" >
  <topic name="Federated Identity Provider Users and Groups" url="federated_identity_provider_users_and_groups.htm" />
</key>
<key name="Federated Identity Provider" >
  <topic name="Federated Identity Providers" url="federated_identity_providers.htm" />
</key>
<key name="Federated Identity Provider Users and Groups" >
  <topic name="Federated Identity Provider Users and Groups" url="federated_identity_provider_users_and_groups.htm" />
</key>
<key name="Federated users" >
  <topic name="Federated Identity Provider Users and Groups" url="federated_identity_provider_users_and_groups.htm" />
</key>
<key name="Federated virtual groups" >
  <topic name="Federated Identity Provider Users and Groups" url="federated_identity_provider_users_and_groups.htm" />
</key>
<key name="FIP" >
  <topic name="Federated Identity Provider Users and Groups" url="federated_identity_provider_users_and_groups.htm" />
</key>
<key name="Full identity bridging" >
  <topic name="Configure SecureSpan Gateway Accounts" url="configure_securespan_gateway_accounts.htm" />
  <topic name="Identity Bridging Requirements" url="identity_bridging_requirements.htm" />
</key>
<key name="Gateway account" >
  <topic name="Federated Gateway Accounts" url="federated_gateway_accounts.htm" />
  <key name="changing password" >
    <topic name="Changing the SecureSpan Gateway Password" url="changing_the_securespan_gateway_password.htm" />
  </key>
  <key name="configuring" >
    <topic name="Configuring Gateway Accounts for Identity Bridging" url="configuring_gateway_accounts_for_identity_bridging.htm" />
    <topic name="Configuring SecureSpan Gateway Accounts" url="configure_securespan_gateway_accounts.htm" />
  </key>
  <key name="default" >
    <topic name="Changing the Default Gateway Account" url="changing_the_default_gateway_account.htm" />
    <topic name="Removing the Default Status for a Gateway Account" url="removing_the_default_status_for_a_gateway_account.htm" />
  </key>
  <key name="deleting" >
    <topic name="Deleting a Gateway Account" url="deleting_a_gateway_account.htm" />
  </key>
  <key name="editing" >
    <topic name="Editing a Gateway Account" url="editing_a_gateway_account.htm" />
  </key>
  <key name="federated" >
    <topic name="Creating a Federated Gateway Account (Trusted Gateway)" url="creating_a_federated_gateway_account_(trusted_gateway).htm" />
    <topic name="Creating a Federated Gateway Account (WS-Federation)" url="creating_a_federated_gateway_account_(ws-federation).htm" />
    <topic name="Creating a Federated Gateway Account (WS-Trust)" url="creating_a_federated_gateway_account_(ws-trust).htm" />
    <topic name="Federated Gateway Accounts" url="federated_gateway_accounts.htm" />
  </key>
  <key name="identity bridging" >
    <topic name="Gateway Accounts and Identity Bridging" url="configuring_gateway_accounts_for_identity_bridging.htm" />
  </key>
  <key name="properties" >
    <topic name="About Stored Policies" url="about_stored_policies.htm" />
    <topic name="About Stored Policies#About_Associated_Policy" url="about_stored_policies.htm#About_Associated_Policy" />
    <topic name="Manage Policies Overview" url="policies_and_the_securespan_bridge.htm" />
  </key>
  <key name="trusted" >
    <topic name="Creating a Trusted Gateway Account" url="creating_a_trusted_gateway_account.htm" />
    <topic name="Trusted Gateway Accounts" url="trusted_gateway_accounts.htm" />
  </key>
</key>
<key name="Gateway password" >
  <topic name="Changing the SecureSpan Gateway Password" url="changing_the_securespan_gateway_password.htm" />
</key>
<key name="General Workflow" >
  <topic name="General Workflow" url="general_workflow.htm" />
</key>
<key name="Help System Navigation" >
  <topic name="Help System Navigation" url="help_system_navigation.htm" />
</key>
<key name="Identity Bridging" >
  <topic name="Identity Bridging" url="identity_bridging.htm" />
  <key name="configuring" >
    <topic name="Configuring Gateway Accounts for Identity Bridging" url="configuring_gateway_accounts_for_identity_bridging.htm" />
  </key>
  <key name="gateway accounts" >
    <topic name="Configuring Gateway Accounts for Identity Bridging" url="configuring_gateway_accounts_for_identity_bridging.htm" />
    <topic name="Federated Gateway Accounts" url="federated_gateway_accounts.htm" />
  </key>
  <key name="requirements" >
    <topic name="Identity Bridging Requirements" url="identity_bridging_requirements.htm" />
  </key>
</key>
<key name="Import" >
  <key name="certificates" >
    <topic name="Creating a Trusted Gateway Account#import_client_cert" url="creating_a_trusted_gateway_account.htm#import_client_cert" />
  </key>
  <key name="policies" >
    <topic name="Importing and Exporting Policies#Importing" url="import_export_policies.htm#Importing" />
  </key>
</key>
<key name="Importing and Exporting Policies" >
  <topic name="Importing and Exporting Policies" url="import_export_policies.htm" />
</key>
<key name="Interface" >
  <topic name="Interface" url="interface.htm" />
</key>
<key name="Kerberos" >
  <topic name="Creating a Trusted Gateway Account" url="creating_a_trusted_gateway_account.htm" />
</key>
<key name="Kerberos credentials" >
  <topic name="Creating a Trusted Gateway Account#Kerberos" url="creating_a_trusted_gateway_account.htm#Kerberos" />
</key>
<key name="Layer 7 Technologies" >
  <topic name="Technical Support" url="technical_support.htm" />
</key>
<key name="Life Cycle of Security Sessions" >
  <topic name="Life Cycle of Security Sessions" url="lifecycle_of_security_sessions.htm" />
</key>
<key name="Locking a policy" >
  <topic name="Locking or Unlocking a Stored Policy" url="locking_or_unlocking_a_stored_policy.htm" />
</key>
<key name="Locking or Unlocking a Stored Policy" >
  <topic name="Locking or Unlocking a Stored Policy" url="locking_or_unlocking_a_stored_policy.htm" />
</key>
<key name="Log files" >
  <topic name="Analyzing SecureSpan Bridge Performance" url="analyze_securespan_bridge_performance.htm" />
  <topic name="View Log Files" url="viewing_the_log_files.htm" />
</key>
<key name="Manage" >
  <key name="certificates" >
    <topic name="Managing Certificates" url="managing_certificates.htm" />
  </key>
  <key name="federated identity providers" >
    <topic name="Managing Federated Identity Providers" url="federated_identity_providers.htm" />
  </key>
  <key name="FIP users and groups" >
    <topic name="Federated Identity Provider Users and Groups" url="federated_identity_provider_users_and_groups.htm" />
  </key>
  <key name="gateway accounts" >
    <topic name="Managing Gateway Accounts" url="managing_gateway_accounts.htm" />
  </key>
  <key name="policies" >
    <topic name="Managing Stored Policies" url="manage_stored_policies.htm" />
  </key>
  <key name="security sessions" >
    <topic name="Managing Security Sessions" url="manage_security_sessions.htm" />
  </key>
</key>
<key name="Managing Certificates" >
  <topic name="Managing Certificates" url="managing_certificates.htm" />
</key>
<key name="Managing Federated Identity Providers" >
  <topic name="Managing Federated Identity Providers" url="federated_identity_providers.htm" />
</key>
<key name="Managing Gateway Accounts" >
  <topic name="Managing Gateway Accounts" url="managing_gateway_accounts.htm" />
</key>
<key name="Managing Policies" >
  <topic name="Managing Stored Policies" url="manage_stored_policies.htm" />
</key>
<key name="Managing Security Sessions" >
  <topic name="Managing Security Sessions" url="manage_security_sessions.htm" />
</key>
<key name="Managing Stored Policies" >
  <topic name="Managing Stored Policies" url="manage_stored_policies.htm" />
</key>
<key name="Match type for policy" >
  <topic name="Setting the Policy Match Type" url="setting_the_policy_match_type.htm" />
</key>
<key name="Message activity" >
  <topic name="View Message Activity" url="viewing_message_traffic.htm" />
</key>
<key name="Message routing" >
  <topic name="About Message Routing" url="about_message_routing.htm" />
  <topic name="Configuring Message Routing" url="configure_message_routing.htm" />
</key>
<key name="Message traffic" >
  <topic name="Analyzing SecureSpan Bridge Performance" url="analyze_securespan_bridge_performance.htm" />
</key>
<key name="Non-SOAP messages" >
  <topic name="Configuring Client Applications#non_SOAP" url="configure_client_applications.htm#non_SOAP" />
</key>
<key name="Password" >
  <topic name="Changing the SecureSpan Gateway Password" url="changing_the_securespan_gateway_password.htm" />
</key>
<key name="Performance" >
  <topic name="Analyzing SecureSpan Bridge Performance" url="analyze_securespan_bridge_performance.htm" />
</key>
<key name="Policies" >
  <topic name="Managing Policies" url="policies_and_the_securespan_bridge.htm" />
  <key name="deleting" >
    <topic name="Deleting a Stored Policy" url="deleting_a_stored_policy.htm" />
  </key>
  <key name="editing policy attachment key" >
    <topic name="Configuring the Policy Attachment Key" url="configuring_the_policy_attachment_key.htm" />
  </key>
  <key name="exporting" >
    <topic name="Importing and Exporting Policies#Exporting" url="import_export_policies.htm#Exporting" />
  </key>
  <key name="importing" >
    <topic name="Importing and Exporting Policies#Importing" url="import_export_policies.htm#Importing" />
  </key>
  <key name="locking" >
    <topic name="Locking or Unlocking a Stored Policy" url="locking_or_unlocking_a_stored_policy.htm" />
  </key>
  <key name="managing" >
    <topic name="Managing Stored Policies" url="manage_stored_policies.htm" />
  </key>
  <key name="setting match type" >
    <topic name="Setting the Policy Match Type" url="setting_the_policy_match_type.htm" />
  </key>
  <key name="unlocking" >
    <topic name="Locking or Unlocking a Stored Policy" url="locking_or_unlocking_a_stored_policy.htm" />
  </key>
</key>
<key name="Policies and the SecureSpan Bridge" >
  <topic name="About Stored Policies" url="about_stored_policies.htm" />
  <topic name="Managing Stored Policies" url="manage_stored_policies.htm" />
  <topic name="Policies and the SecureSpan Bridge" url="policies_and_the_securespan_bridge.htm" />
</key>
<key name="Policy attachment key" >
  <topic name="About Stored Policies" url="about_stored_policies.htm" />
  <topic name="Configuring Client Applications#non_SOAP" url="configure_client_applications.htm#non_SOAP" />
  <topic name="Configuring the Policy Attachment Key" url="configuring_the_policy_attachment_key.htm" />
</key>
<key name="Policy match type" >
  <topic name="Setting the Policy Match Type" url="setting_the_policy_match_type.htm" />
</key>
<key name="Port designation" >
  <topic name="Configuring Client Applications" url="configure_client_applications.htm" />
</key>
<key name="Preserving" >
  <key name="client certificate" >
    <topic name="Deleting a Gateway Account" url="deleting_a_gateway_account.htm" />
  </key>
  <key name="private key" >
    <topic name="Deleting a Gateway Account" url="deleting_a_gateway_account.htm" />
  </key>
</key>
<key name="Print help topics" >
  <topic name="Help System Navigation" url="help_system_navigation.htm" />
</key>
<key name="Private key" >
  <topic name="Deleting a Gateway Account" url="deleting_a_gateway_account.htm" />
</key>
<key name="Recent message traffic" >
  <topic name="View Message Activity" url="viewing_message_traffic.htm" />
</key>
<key name="Recent Message Traffic form" >
  <topic name="Analyzing SecureSpan Bridge Performance" url="analyze_securespan_bridge_performance.htm" />
</key>
<key name="Reformat message XML" >
  <topic name="View Message Activity" url="viewing_message_traffic.htm" />
</key>
<key name="Removing the Default Status for a Gateway Account" >
  <topic name="Removing the Default Status for a Gateway Account" url="removing_the_default_status_for_a_gateway_account.htm" />
</key>
<key name="Request message touting" >
  <topic name="About Message Routing#Request" url="about_message_routing.htm#Request" />
</key>
<key name="Requestor identity" >
  <topic name="Configuring SAML Sender Vouches" url="configuring_saml_sender_vouches.htm" />
</key>
<key name="Requirements" >
  <topic name="System Requirements" url="identity_bridging_requirements.htm" />
</key>
<key name="Response message routing" >
  <topic name="About Message Routing#Response" url="about_message_routing.htm#Response" />
</key>
<key name="Routing" >
  <topic name="About Message Routing" url="about_message_routing.htm" />
  <topic name="Configuring Message Routing" url="configure_message_routing.htm" />
</key>
<key name="SAML Assertion" >
  <topic name="Configure SAML Policies" url="configuring_saml_policies_for_identity_bridging.htm" />
</key>
<key name="SAML Constraints Wizard" >
  <topic name="Configure SAML Policies" url="configuring_saml_policies_for_identity_bridging.htm" />
</key>
<key name="SAML credential source" >
  <topic name="Identity Bridging Overview" url="identity_bridging.htm" />
  <topic name="Workflow Using SAML" url="workflow_using_saml.htm" />
</key>
<key name="SAML Policy" >
  <key name="configuring" >
    <topic name="Configuring SAML Policies" url="configuring_saml_policies_for_identity_bridging.htm" />
  </key>
  <key name="workflow" >
    <topic name="Workflow Using SAML" url="workflow_using_saml.htm" />
  </key>
</key>
<key name="SAML sender vouches" >
  <topic name="Configuring SAML Sender Vouches" url="configuring_saml_sender_vouches.htm" />
</key>
<key name="SAML workflow" >
  <topic name="Workflow Using SAML" url="workflow_using_saml.htm" />
</key>
<key name="Search" >
  <key name="federated users, groups, virtual groups" >
    <topic name="Federated Identity Provider Users and Groups" url="federated_identity_provider_users_and_groups.htm" />
  </key>
  <key name="help system" >
    <topic name="Help System Navigation" url="help_system_navigation.htm" />
  </key>
</key>
<key name="SecureSpan Bridge" >
  <topic name="SecureSpan Overview" url="securespan_overview.htm" />
  <key name="daemon mode" >
    <topic name="SecureSpan Bridge in Daemon Mode" url="securespan_bridge_in_daemon_mode.htm" />
  </key>
  <key name="identity bridging" >
    <topic name="Identity Bridging Overview" url="identity_bridging.htm" />
  </key>
  <key name="interface" >
    <topic name="Interface" url="interface.htm" />
  </key>
  <key name="log files" >
    <topic name="Analyzing SecureSpan Bridge Performance" url="analyze_securespan_bridge_performance.htm" />
  </key>
  <key name="overview" >
    <topic name="SecureSpan Bridge Overview" url="securespan_bridge_overview.htm" />
    <topic name="SecureSpan Overview#Bridge" url="securespan_overview.htm#Bridge" />
  </key>
  <key name="performance" >
    <topic name="Analyzing SecureSpan Bridge Performance" url="analyze_securespan_bridge_performance.htm" />
  </key>
  <key name="security session" >
    <topic name="Life Cycle of Security Sessions" url="lifecycle_of_security_sessions.htm" />
  </key>
  <key name="service mode" >
    <topic name="SecureSpan Bridge in Service Mode" url="securespan_bridge_in_service_mode.htm" />
  </key>
</key>
<key name="SecureSpan Bridge in Daemon Mode" >
  <topic name="SecureSpan Bridge in Daemon Mode" url="securespan_bridge_in_daemon_mode.htm" />
</key>
<key name="SecureSpan Bridge in Service Mode" >
  <topic name="SecureSpan Bridge in Service Mode" url="securespan_bridge_in_service_mode.htm" />
</key>
<key name="SecureSpan Gateway" >
  <topic name="SecureSpan Overview" url="securespan_overview.htm" />
  <key name="accounts" >
    <topic name="About SecureSpan Gateway Accounts" url="about_securespan_gateway_accounts.htm" />
  </key>
  <key name="creating accounts" >
    <topic name="Creating a Federated Gateway Account (Trusted Gateway)" url="creating_a_federated_gateway_account_(trusted_gateway).htm" />
    <topic name="Creating a Federated Gateway Account (WS-Federation)" url="creating_a_federated_gateway_account_(ws-federation).htm" />
    <topic name="Creating a Federated Gateway Account (WS-Trust)" url="creating_a_federated_gateway_account_(ws-trust).htm" />
    <topic name="Creating a Trusted Gateway Account" url="creating_a_trusted_gateway_account.htm" />
  </key>
  <key name="identity bridging" >
    <topic name="Identity Bridging" url="identity_bridging.htm" />
  </key>
  <key name="managing accounts" >
    <topic name="Managing Gateway Accounts" url="managing_gateway_accounts.htm" />
  </key>
  <key name="overview" >
    <topic name="SecureSpan Overview#Gateway" url="securespan_overview.htm#Gateway" />
  </key>
  <key name="password" >
    <topic name="Changing the SecureSpan Gateway Password" url="changing_the_securespan_gateway_password.htm" />
  </key>
  <key name="security session" >
    <topic name="Life Cycle of Security Sessions" url="lifecycle_of_security_sessions.htm" />
  </key>
</key>
<key name="SecureSpan Manager" >
  <topic name="SecureSpan Overview" url="securespan_overview.htm" />
  <key name="identity bridging" >
    <topic name="Identity Bridging Overview" url="identity_bridging.htm" />
  </key>
  <key name="overview" >
    <topic name="SecureSpan Overview#Manager" url="securespan_overview.htm#Manager" />
  </key>
</key>
<key name="SecureSpan Overview" >
  <topic name="SecureSpan Overview" url="securespan_overview.htm" />
</key>
<key name="Security Sessions" >
  <topic name="About SSL/TLS Security Sessions" url="about_ssl_tls_security_sessions.htm" />
  <topic name="Managing Security Sessions" url="manage_security_sessions.htm" />
  <key name="life cycle" >
    <topic name="Life Cycle of Security Sessions" url="lifecycle_of_security_sessions.htm" />
  </key>
  <key name="managing" >
    <topic name="Managing Security Sessions" url="manage_security_sessions.htm" />
  </key>
</key>
<key name="Security token" >
  <topic name="Configuring WS-Federation Credential Exchange" url="configuring_ws-federation_credential_exchange.htm" />
  <topic name="Creating a Federated Gateway Account (WS-Federation)" url="creating_a_federated_gateway_account_(ws-federation).htm" />
  <topic name="Creating a Federated Gateway Account (WS-Trust)" url="creating_a_federated_gateway_account_(ws-trust).htm" />
</key>
<key name="Server certificate" >
  <topic name="About SSL/TLS Security Sessions#Using_SSL_server_cert" url="about_ssl_tls_security_sessions.htm#Using_SSL_server_cert" />
  <key name="discovering" >
    <topic name="About SSL/TLS Security Sessions#Server_cert_discovery" url="about_ssl_tls_security_sessions.htm#Server_cert_discovery" />
  </key>
  <key name="viewing" >
    <topic name="About SSL/TLS Security Sessions#Viewing_server_cert" url="about_ssl_tls_security_sessions.htm#Viewing_server_cert" />
  </key>
</key>
<key name="Service Mode" >
  <topic name="SecureSpan Bridge in Service Mode" url="securespan_bridge_in_service_mode.htm" />
  <key name="configuring" >
    <topic name="SecureSpan Bridge in Service Mode#Configuring" url="securespan_bridge_in_service_mode.htm#Configuring" />
  </key>
  <key name="starting" >
    <topic name="SecureSpan Bridge in Service Mode#Starting" url="securespan_bridge_in_service_mode.htm#Starting" />
  </key>
  <key name="terminating" >
    <topic name="SecureSpan Bridge in Service Mode#Terminating" url="securespan_bridge_in_service_mode.htm#Terminating" />
  </key>
</key>
<key name="Service policies" >
  <topic name="About Stored Policies" url="about_stored_policies.htm" />
  <topic name="Importing and Exporting Policies" url="import_export_policies.htm" />
</key>
<key name="Setting the Policy Match Type" >
  <topic name="Setting the Policy Match Type" url="setting_the_policy_match_type.htm" />
</key>
<key name="Shared web service" >
  <topic name="Consuming Shared Web Service" url="consume_shared_web_service.htm" />
</key>
<key name="SSL security sessions" >
  <topic name="About SSL/TLS Security Sessions" url="about_ssl_tls_security_sessions.htm" />
</key>
<key name="SSL server certificate" >
  <topic name="About SSL/TLS Security Sessions#Server_cert_discovery" url="about_ssl_tls_security_sessions.htm#Server_cert_discovery" />
  <topic name="About SSL/TLS Security Sessions#Using_SSL_server_cert" url="about_ssl_tls_security_sessions.htm#Using_SSL_server_cert" />
</key>
<key name="Stored policy" >
  <topic name="About Stored Policies" url="about_stored_policies.htm" />
  <key name="deleting" >
    <topic name="Deleting a Stored Policy" url="deleting_a_stored_policy.htm" />
  </key>
  <key name="locking" >
    <topic name="Locking or Unlocking a Stored Policy" url="locking_or_unlocking_a_stored_policy.htm" />
  </key>
  <key name="unlocking" >
    <topic name="Locking or Unlocking a Stored Policy" url="locking_or_unlocking_a_stored_policy.htm" />
  </key>
</key>
<key name="Support" >
  <topic name="Technical Support" url="technical_support.htm" />
</key>
<key name="Technical Support" >
  <topic name="Technical Support" url="technical_support.htm" />
</key>
<key name="TLS security sessions" >
  <topic name="About SSL/TLS Security Sessions" url="about_ssl_tls_security_sessions.htm" />
</key>
<key name="Troubleshooting Mode" >
  <topic name="Troubleshooting Mode" url="troubleshooting_mode.htm" />
</key>
<key name="Trusted Gateway Account" >
  <topic name="About SecureSpan Gateway Accounts" url="about_securespan_gateway_accounts.htm" />
  <topic name="Creating a Trusted Gateway Account" url="creating_a_trusted_gateway_account.htm" />
  <topic name="Trusted Gateway Accounts" url="trusted_gateway_accounts.htm" />
</key>
<key name="Unlocking a policy" >
  <topic name="Locking or Unlocking a Stored Policy" url="locking_or_unlocking_a_stored_policy.htm" />
</key>
<key name="URL designation" >
  <topic name="Configuring Client Applications" url="configure_client_applications.htm" />
</key>
<key name="View" >
  <key name="client certificate" >
    <topic name="About SSL/TLS Security Sessions#View_client_cert" url="about_ssl_tls_security_sessions.htm#View_client_cert" />
  </key>
  <key name="log files" >
    <topic name="View Log Files" url="viewing_the_log_files.htm" />
  </key>
  <key name="message activity" >
    <topic name="View Message Activity" url="viewing_message_traffic.htm" />
  </key>
  <key name="SSL certificate" >
    <topic name="About SSL/TLS Security Sessions#Viewing_server_cert" url="about_ssl_tls_security_sessions.htm#Viewing_server_cert" />
  </key>
</key>
<key name="Viewing Message Traffic" >
  <topic name="Viewing Message Traffic" url="viewing_message_traffic.htm" />
</key>
<key name="Viewing the Log Files" >
  <topic name="Viewing the Log Files" url="viewing_the_log_files.htm" />
</key>
<key name="Welcome" >
  <topic name="Welcome" url="welcome.htm" />
</key>
<key name="Windows Domain Login" >
  <topic name="Creating a Trusted Gateway Account" url="creating_a_trusted_gateway_account.htm" />
</key>
<key name="Workflow" >
  <topic name="General Workflow" url="general_workflow.htm" />
  <key name="SAML" >
    <topic name="Workflow Using SAML" url="workflow_using_saml.htm" />
  </key>
  <key name="X.509 certificate" >
    <topic name="Workflow Using an X.509 Certificate" url="workflow_using_an_x.509_certificate.htm" />
  </key>
</key>
<key name="Workflow Using an X.509 Certificate" >
  <topic name="Workflow Using an X.509 Certificate" url="workflow_using_an_x.509_certificate.htm" />
</key>
<key name="Workflow Using SAML" >
  <topic name="Workflow Using SAML" url="workflow_using_saml.htm" />
</key>
<key name="WS-Federation credential exchange" >
  <topic name="Configuring WS-Federation Credential Exchange" url="configuring_ws-federation_credential_exchange.htm" />
</key>
<key name="WS-Federation gateway account" >
  <topic name="Creating a Federated Gateway Account (WS-Federation)" url="creating_a_federated_gateway_account_(ws-federation).htm" />
</key>
<key name="WS-Trust gateway account" >
  <topic name="Creating a Federated Gateway Account (WS-Trust)" url="creating_a_federated_gateway_account_(ws-trust).htm" />
</key>
<key name="X.509 Certificate" >
  <key name="identity bridging" >
    <topic name="Identity Bridging Overview" url="identity_bridging.htm" />
  </key>
  <key name="workflow" >
    <topic name="Workflow Using an X.509 Certificate" url="workflow_using_an_x.509_certificate.htm" />
  </key>
</key>
<key name="X.509 credential source" >
  <topic name="Workflow Using an X.509 Certificate" url="workflow_using_an_x.509_certificate.htm" />
</key>
<key name="XML application" >
  <topic name="Configuring Client Applications#non_SOAP" url="configure_client_applications.htm#non_SOAP" />
</key>

</indexdata>
