<?xml version='1.0' encoding='windows-1252' ?>
<tocdata>
<item name="Welcome" url="welcome.htm" />
<book name="Getting Started" >
  <item name="SecureSpan Overview" url="securespan_overview.htm" />
  <item name="Help System Navigation" url="help_system_navigation.htm" />
</book>
<book name="SecureSpan Bridge" >
  <item name="Overview" url="securespan_bridge_overview.htm" />
  <item name="Interface" url="interface.htm" />
  <item name="General Workflow" url="general_workflow.htm" />
  <item name="Troubleshooting Mode" url="troubleshooting_mode.htm" />
  <item name="Daemon Mode" url="securespan_bridge_in_daemon_mode.htm" />
  <item name="Service Mode" url="securespan_bridge_in_service_mode.htm" />
  <book name="Working with Gateway Accounts" >
    <item name="Overview" url="about_securespan_gateway_accounts.htm" />
    <book name="Managing Gateway Accounts" >
      <item name="Overview" url="managing_gateway_accounts.htm" />
      <item name="Editing a Gateway Account" url="editing_a_gateway_account.htm" />
      <item name="Deleting a Gateway Account" url="deleting_a_gateway_account.htm" />
      <item name="Changing the SecureSpan Gateway Password" url="changing_the_securespan_gateway_password.htm" />
      <item name="Changing the Default Gateway Account" url="changing_the_default_gateway_account.htm" />
      <item name="Removing the Default Status for a Gateway Account" url="removing_the_default_status_for_a_gateway_account.htm" />
    </book>
    <book name="Trusted Gateway Accounts" >
      <item name="Overview" url="trusted_gateway_accounts.htm" />
      <item name="Creating a Trusted Gateway Account" url="creating_a_trusted_gateway_account.htm" />
    </book>
    <book name="Federated Gateway Accounts" >
      <item name="Overview" url="federated_gateway_accounts.htm" />
      <item name="Creating Account Based on Trusted Gateway" url="creating_a_federated_gateway_account_(trusted_gateway).htm" />
      <item name="Creating Account Based on WS-Federation" url="creating_a_federated_gateway_account_(ws-federation).htm" />
      <item name="Creating Account Based on WS-Trust" url="creating_a_federated_gateway_account_(ws-trust).htm" />
    </book>
    <item name="Configuring SAML Sender Vouches" url="configuring_saml_sender_vouches.htm" />
    <item name="Configuring WS-Federation Credential Exchange" url="configuring_ws-federation_credential_exchange.htm" />
  </book>
  <book name="Working with Policies" >
    <item name="Overview" url="policies_and_the_securespan_bridge.htm" />
    <item name="About Stored Policies" url="about_stored_policies.htm" />
    <book name="Managing Stored Policies" >
      <item name="Overview" url="manage_stored_policies.htm" />
      <item name="Locking or Unlocking a Stored Policy" url="locking_or_unlocking_a_stored_policy.htm" />
      <item name="Setting the Policy Match Type" url="setting_the_policy_match_type.htm" />
      <item name="Configuring the Policy Attachment Key" url="configuring_the_policy_attachment_key.htm" />
      <item name="Deleting a Stored Policy" url="deleting_a_stored_policy.htm" />
    </book>
    <item name="Import/Export Policies" url="import_export_policies.htm" />
  </book>
  <book name="Configuring Message Routing" >
    <item name="Overview" url="configure_message_routing.htm" />
    <item name="About Message Routing" url="about_message_routing.htm" />
    <item name="Configure Client Applications" url="configure_client_applications.htm" />
  </book>
  <book name="Managing Security Sessions" >
    <item name="Overview" url="manage_security_sessions.htm" />
    <item name="About SSL/TLS Security Sessions" url="about_ssl_tls_security_sessions.htm" />
    <item name="Lifecycle of Security Sessions" url="lifecycle_of_security_sessions.htm" />
  </book>
  <book name="Analyzing Performance" >
    <item name="Overview" url="analyze_securespan_bridge_performance.htm" />
    <item name="Viewing Message Traffic" url="viewing_message_traffic.htm" />
    <item name="Viewing the Log Files" url="viewing_the_log_files.htm" />
  </book>
</book>
<book name="Identity Bridging" >
  <item name="Overview" url="identity_bridging.htm" />
  <item name="Requirements" url="identity_bridging_requirements.htm" />
  <item name="SAML Workflow" url="workflow_using_saml.htm" />
  <item name="X.509 Certificate Workflow" url="workflow_using_an_x.509_certificate.htm" />
  <item name="Managing Certificates" url="managing_certificates.htm" />
  <item name="Managing Federated Identity Providers" url="federated_identity_providers.htm" />
  <item name="Managing FIP Users and Groups" url="federated_identity_provider_users_and_groups.htm" />
  <item name="Configuring SAML Policies for Identity Bridging" url="configuring_saml_policies_for_identity_bridging.htm" />
  <item name="Configuring Gateway Accounts for Identity Bridging" url="configuring_gateway_accounts_for_identity_bridging.htm" />
  <item name="Configuring Gateway Accounts" url="configure_securespan_gateway_accounts.htm" />
  <item name="Consuming Shared Web Services" url="consume_shared_web_service.htm" />
</book>
<book name="Contacts/Legal" >
  <item name="Technical Support" url="technical_support.htm" />
  <item name="Contact Information" url="contact_information.htm" />
  <item name="Copyrights" url="copyrights.htm" />
</book>

</tocdata>
