﻿<?xml version="1.0" encoding="utf-8"?>
<CatapultTargetIndex Count="131">
    <IndexEntry>
        <Entries>
            <IndexEntry Term="Adding a Gateway Cluster to Manage">
                <Entries />
                <Links>
                    <IndexLink Title="Adding a Gateway Cluster to Manage" Link="/content/esm_user_guide/adding_a_gateway_cluster_to_manage.htm#kanchor12" UsedConditions="" />
                </Links>
            </IndexEntry>
            <IndexEntry Term="Adding a User to a Role">
                <Entries />
                <Links>
                    <IndexLink Title="Adding a User to a Role" Link="/content/esm_user_guide/adding_a_user_to_a_role.htm#kanchor28" UsedConditions="" />
                </Links>
            </IndexEntry>
            <IndexEntry Term="Audits">
                <Entries>
                    <IndexEntry Term="viewing">
                        <Entries />
                        <Links>
                            <IndexLink Title="Viewing Audits and Logs" Link="/content/esm_user_guide/viewing_audits_and_logs.htm#kanchor5" UsedConditions="" />
                        </Links>
                    </IndexEntry>
                </Entries>
                <Links />
            </IndexEntry>
            <IndexEntry Term="Audits Page">
                <Entries />
                <Links>
                    <IndexLink Title="Audits Page" Link="/content/esm_user_guide/audits_page.htm#kanchor44" UsedConditions="" />
                </Links>
            </IndexEntry>
            <IndexEntry Term="Cluster">
                <Entries>
                    <IndexEntry Term="adding">
                        <Entries />
                        <Links>
                            <IndexLink Title="Adding a Gateway Cluster to Manage" Link="/content/esm_user_guide/adding_a_gateway_cluster_to_manage.htm#kanchor12" UsedConditions="" />
                        </Links>
                    </IndexEntry>
                    <IndexEntry Term="establing trust">
                        <Entries />
                        <Links>
                            <IndexLink Title="Establishing Trust with a Cluster" Link="/content/esm_user_guide/establishing_trust_with_a_cluster.htm#kanchor13" UsedConditions="" />
                        </Links>
                    </IndexEntry>
                    <IndexEntry Term="mapping user">
                        <Entries />
                        <Links>
                            <IndexLink Title="Mapping an ESM&#160;User to a Cluster" Link="/content/esm_user_guide/mapping_an_esm_user_to_a_cluster.htm#kanchor14" UsedConditions="" />
                        </Links>
                    </IndexEntry>
                    <IndexEntry Term="organizing">
                        <Entries />
                        <Links>
                            <IndexLink Title="Organizing Clusters and Nodes" Link="/content/esm_user_guide/organizing_clusters_and_nodes.htm#kanchor11" UsedConditions="" />
                        </Links>
                    </IndexEntry>
                    <IndexEntry Term="removing trust">
                        <Entries />
                        <Links>
                            <IndexLink Title="Removing Trust Relationship with a Cluster" Link="/content/esm_user_guide/removing_trust_relatonship_with_a_cluster.htm#kanchor15" UsedConditions="" />
                        </Links>
                    </IndexEntry>
                </Entries>
                <Links />
            </IndexEntry>
            <IndexEntry Term="Configure Page">
                <Entries />
                <Links>
                    <IndexLink Title="Configure Page" Link="/content/esm_user_guide/configure_page.htm#kanchor38" UsedConditions="" />
                </Links>
            </IndexEntry>
            <IndexEntry Term="Configuring Monitored Properties">
                <Entries />
                <Links>
                    <IndexLink Title="Configuring Monitored Properties" Link="/content/esm_user_guide/configuring_monitored_properties.htm#kanchor16" UsedConditions="" />
                </Links>
            </IndexEntry>
            <IndexEntry Term="Configuring the Enterprise Service Managfer">
                <Entries />
                <Links>
                    <IndexLink Title="Configuring the Enterprise Service Manager" Link="/content/esm_user_guide/configuring_the_enterprise_service_manager.htm#kanchor7" UsedConditions="" />
                </Links>
            </IndexEntry>
            <IndexEntry Term="Context key">
                <Entries />
                <Links>
                    <IndexLink Title="Grouping by Message Context Key" Link="/content/esm_user_guide/grouping_by_message_context_key.htm#kanchor32" UsedConditions="" />
                </Links>
            </IndexEntry>
            <IndexEntry Term="Context variables">
                <Entries />
                <Links>
                    <IndexLink Title="Creating Notification Rules for Monitoring" Link="/content/esm_user_guide/creating_notification_rules_for_monitoring.htm#kanchor21" UsedConditions="" />
                </Links>
            </IndexEntry>
            <IndexEntry Term="Creating a New User Account">
                <Entries />
                <Links>
                    <IndexLink Title="Creating a New User Account" Link="/content/esm_user_guide/creating_a_new_user_account.htm#kanchor24" UsedConditions="" />
                </Links>
            </IndexEntry>
            <IndexEntry Term="Creating Notification Rules for Monitoring">
                <Entries />
                <Links>
                    <IndexLink Title="Creating Notification Rules for Monitoring" Link="/content/esm_user_guide/creating_notification_rules_for_monitoring.htm#kanchor17" UsedConditions="" />
                </Links>
            </IndexEntry>
            <IndexEntry Term="Dashboard">
                <Entries />
                <Links>
                    <IndexLink Title="Configuring Monitored Properties" Link="/content/esm_user_guide/configuring_monitored_properties.htm#kanchor16" UsedConditions="" />
                    <IndexLink Title="Monitor Page" Link="/content/esm_user_guide/monitor_page.htm#kanchor36" UsedConditions="" />
                </Links>
            </IndexEntry>
            <IndexEntry Term="Deleting a User Account">
                <Entries />
                <Links>
                    <IndexLink Title="Deleting a User Account" Link="/content/esm_user_guide/deleting_a_user_account.htm#kanchor26" UsedConditions="" />
                </Links>
            </IndexEntry>
            <IndexEntry Term="Dependencies">
                <Entries />
                <Links>
                    <IndexLink Title="Migration Page" Link="/content/esm_user_guide/migration_page.htm#kanchor40" UsedConditions="" />
                </Links>
            </IndexEntry>
            <IndexEntry Term="E-mail notification">
                <Entries />
                <Links>
                    <IndexLink Title="Creating Notification Rules for Monitoring" Link="/content/esm_user_guide/creating_notification_rules_for_monitoring.htm#kanchor18" UsedConditions="" />
                </Links>
            </IndexEntry>
            <IndexEntry Term="Editing a User Account">
                <Entries />
                <Links>
                    <IndexLink Title="Editing a User Account" Link="/content/esm_user_guide/editing_a_user_account.htm#kanchor25" UsedConditions="" />
                </Links>
            </IndexEntry>
            <IndexEntry Term="Enabling Remote Management on Nodes">
                <Entries />
                <Links>
                    <IndexLink Title="Enable Remote Management on Nodes" Link="/content/esm_user_guide/enabling_remote_management_on_nodes.htm#kanchor9" UsedConditions="" />
                </Links>
            </IndexEntry>
            <IndexEntry Term="Enabling/Disabling the Enterprise Service Manager">
                <Entries />
                <Links>
                    <IndexLink Title="Enabling/Disabling the Enterprise Service Manager" Link="/content/esm_user_guide/enabling_or_disabling_the_enterprise_service_manager.htm#kanchor6" UsedConditions="" />
                </Links>
            </IndexEntry>
            <IndexEntry Term="Enterprise Service Manager">
                <Entries>
                    <IndexEntry Term="configuring">
                        <Entries />
                        <Links>
                            <IndexLink Title="Configuring the Enterprise Service Manager" Link="/content/esm_user_guide/configuring_the_enterprise_service_manager.htm#kanchor7" UsedConditions="" />
                        </Links>
                    </IndexEntry>
                    <IndexEntry Term="enabling/disabling">
                        <Entries />
                        <Links>
                            <IndexLink Title="Enabling/Disabling the Enterprise Service Manager" Link="/content/esm_user_guide/enabling_or_disabling_the_enterprise_service_manager.htm#kanchor6" UsedConditions="" />
                        </Links>
                    </IndexEntry>
                    <IndexEntry Term="initial setup">
                        <Entries />
                        <Links>
                            <IndexLink Title="Setting Up Enterprise Service Manager" Link="/content/esm_user_guide/setting_up_enterprise_service_manager.htm#kanchor8" UsedConditions="" />
                        </Links>
                    </IndexEntry>
                    <IndexEntry Term="interface">
                        <Entries />
                        <Links>
                            <IndexLink Title="Interface Quick Overview" Link="/content/esm_user_guide/interface_overview.htm#kanchor3" UsedConditions="" />
                        </Links>
                    </IndexEntry>
                    <IndexEntry Term="license">
                        <Entries />
                        <Links>
                            <IndexLink Title="Installing the Enterprise Service Manager License" Link="/content/esm_user_guide/installing_the_esm_license.htm#kanchor10" UsedConditions="" />
                        </Links>
                    </IndexEntry>
                    <IndexEntry Term="starting">
                        <Entries />
                        <Links>
                            <IndexLink Title="Starting the Enterprise Service Manager" Link="/content/esm_user_guide/starting_enterprise_service_manager.htm#kanchor2" UsedConditions="" />
                        </Links>
                    </IndexEntry>
                    <IndexEntry Term="welcome">
                        <Entries />
                        <Links>
                            <IndexLink Title="Welcome to the Enterprise Service Manager" Link="/content/esm_user_guide/welcome_to_enterprise_service_manager.htm#kanchor1" UsedConditions="" />
                        </Links>
                    </IndexEntry>
                </Entries>
                <Links />
            </IndexEntry>
            <IndexEntry Term="Enterprise tree">
                <Entries />
                <Links>
                    <IndexLink Title="Organizing Clusters and Nodes" Link="/content/esm_user_guide/using_the_enterprise_tree.htm#kanchor4" UsedConditions="" />
                </Links>
            </IndexEntry>
            <IndexEntry Term="Establishing Trust with a Cluster">
                <Entries />
                <Links>
                    <IndexLink Title="Establishing Trust with a Cluster" Link="/content/esm_user_guide/establishing_trust_with_a_cluster.htm#kanchor13" UsedConditions="" />
                </Links>
            </IndexEntry>
            <IndexEntry Term="Explanation of Report Columns">
                <Entries />
                <Links>
                    <IndexLink Title="Explanation of Report Columns" Link="/content/esm_user_guide/explanation_of_report_columns.htm#kanchor34" UsedConditions="" />
                </Links>
            </IndexEntry>
            <IndexEntry Term="Folder">
                <Entries>
                    <IndexEntry Term="creating">
                        <Entries />
                        <Links>
                            <IndexLink Title="Configure Page" Link="/content/esm_user_guide/configure_page.htm#kanchor38" UsedConditions="" />
                        </Links>
                    </IndexEntry>
                    <IndexEntry Term="organizing">
                        <Entries />
                        <Links>
                            <IndexLink Title="Organizing Clusters and Nodes" Link="/content/esm_user_guide/organizing_clusters_and_nodes.htm#kanchor11" UsedConditions="" />
                        </Links>
                    </IndexEntry>
                </Entries>
                <Links />
            </IndexEntry>
            <IndexEntry Term="Gateway cluster">
                <Entries>
                    <IndexEntry Term="adding">
                        <Entries />
                        <Links>
                            <IndexLink Title="Adding a Gateway Cluster to Manage" Link="/content/esm_user_guide/adding_a_gateway_cluster_to_manage.htm#kanchor12" UsedConditions="" />
                        </Links>
                    </IndexEntry>
                </Entries>
                <Links />
            </IndexEntry>
            <IndexEntry Term="Generating Reports">
                <Entries />
                <Links>
                    <IndexLink Title="Generating Reports" Link="/content/esm_user_guide/generating_reports.htm#kanchor31" UsedConditions="" />
                    <IndexLink Title="Reports Tab" Link="/content/esm_user_guide/reports_tab.htm#kanchor42" UsedConditions="" />
                </Links>
            </IndexEntry>
            <IndexEntry Term="Grouping by Message Context Key">
                <Entries />
                <Links>
                    <IndexLink Title="Grouping by Message Context Key" Link="/content/esm_user_guide/grouping_by_message_context_key.htm#kanchor32" UsedConditions="" />
                </Links>
            </IndexEntry>
            <IndexEntry Term="History Page">
                <Entries />
                <Links>
                    <IndexLink Title="History Page" Link="/content/esm_user_guide/history_page.htm#kanchor41" UsedConditions="" />
                </Links>
            </IndexEntry>
            <IndexEntry Term="HTTP Listener settings">
                <Entries />
                <Links>
                    <IndexLink Title="System Settings Page" Link="/content/esm_user_guide/system_settings_page.htm#kanchor48" UsedConditions="" />
                </Links>
            </IndexEntry>
            <IndexEntry Term="HTTP Request notification">
                <Entries />
                <Links>
                    <IndexLink Title="Creating Notification Rules for Monitoring" Link="/content/esm_user_guide/creating_notification_rules_for_monitoring.htm#kanchor20" UsedConditions="" />
                </Links>
            </IndexEntry>
            <IndexEntry Term="Installing the Enterprise Service Manager License">
                <Entries />
                <Links>
                    <IndexLink Title="Installing the Enterprise Service Manager License" Link="/content/esm_user_guide/installing_the_esm_license.htm#kanchor10" UsedConditions="" />
                </Links>
            </IndexEntry>
            <IndexEntry Term="Interface Overview">
                <Entries />
                <Links>
                    <IndexLink Title="Interface Quick Overview" Link="/content/esm_user_guide/interface_overview.htm#kanchor3" UsedConditions="" />
                    <IndexLink Title="Organizing Clusters and Nodes" Link="/content/esm_user_guide/using_the_enterprise_tree.htm#kanchor4" UsedConditions="" />
                </Links>
            </IndexEntry>
            <IndexEntry Term="License">
                <Entries />
                <Links>
                    <IndexLink Title="Installing the Enterprise Service Manager License" Link="/content/esm_user_guide/installing_the_esm_license.htm#kanchor10" UsedConditions="" />
                </Links>
            </IndexEntry>
            <IndexEntry Term="Logs">
                <Entries>
                    <IndexEntry Term="viewing">
                        <Entries />
                        <Links>
                            <IndexLink Title="Viewing Audits and Logs" Link="/content/esm_user_guide/viewing_audits_and_logs.htm#kanchor5" UsedConditions="" />
                        </Links>
                    </IndexEntry>
                </Entries>
                <Links />
            </IndexEntry>
            <IndexEntry Term="Logs Page">
                <Entries />
                <Links>
                    <IndexLink Title="Logs Page" Link="/content/esm_user_guide/logs_page.htm#kanchor45" UsedConditions="" />
                </Links>
            </IndexEntry>
            <IndexEntry Term="Manage Gateways Tab">
                <Entries />
                <Links>
                    <IndexLink Title="Manage Gateways Tab" Link="/content/esm_user_guide/manage_gateways_tab.htm#kanchor35" UsedConditions="" />
                </Links>
            </IndexEntry>
            <IndexEntry Term="Manage Policies Tab">
                <Entries />
                <Links>
                    <IndexLink Title="Manage Policies Tab" Link="/content/esm_user_guide/manage_policies_tab.htm#kanchor39" UsedConditions="" />
                </Links>
            </IndexEntry>
            <IndexEntry Term="Managing Reports">
                <Entries />
                <Links>
                    <IndexLink Title="Managing Reports" Link="/content/esm_user_guide/managing_reports.htm#kanchor33" UsedConditions="" />
                </Links>
            </IndexEntry>
            <IndexEntry Term="Managing User Roles">
                <Entries />
                <Links>
                    <IndexLink Title="Managing User Roles" Link="/content/esm_user_guide/managing_user_roles.htm#kanchor27" UsedConditions="" />
                </Links>
            </IndexEntry>
            <IndexEntry Term="Mapping an ESM User to a Cluster">
                <Entries />
                <Links>
                    <IndexLink Title="Mapping an ESM&#160;User to a Cluster" Link="/content/esm_user_guide/mapping_an_esm_user_to_a_cluster.htm#kanchor14" UsedConditions="" />
                </Links>
            </IndexEntry>
            <IndexEntry Term="Message Context Key">
                <Entries />
                <Links>
                    <IndexLink Title="Grouping by Message Context Key" Link="/content/esm_user_guide/grouping_by_message_context_key.htm#kanchor32" UsedConditions="" />
                </Links>
            </IndexEntry>
            <IndexEntry Term="Migrating a Service or Policy">
                <Entries />
                <Links>
                    <IndexLink Title="Migrating a Service or Policy" Link="/content/esm_user_guide/migrating_a_service_or_policy.htm#kanchor22" UsedConditions="" />
                </Links>
            </IndexEntry>
            <IndexEntry Term="Migration history">
                <Entries />
                <Links>
                    <IndexLink Title="History Page" Link="/content/esm_user_guide/history_page.htm#kanchor41" UsedConditions="" />
                </Links>
            </IndexEntry>
            <IndexEntry Term="Migration Page">
                <Entries />
                <Links>
                    <IndexLink Title="Migration Page" Link="/content/esm_user_guide/migration_page.htm#kanchor40" UsedConditions="" />
                </Links>
            </IndexEntry>
            <IndexEntry Term="Migration summaries">
                <Entries />
                <Links>
                    <IndexLink Title="Viewing Migration Summaries" Link="/content/esm_user_guide/viewing_migration_summaries.htm#kanchor23" UsedConditions="" />
                </Links>
            </IndexEntry>
            <IndexEntry Term="Monitor Page">
                <Entries />
                <Links>
                    <IndexLink Title="Configuring Monitored Properties" Link="/content/esm_user_guide/configuring_monitored_properties.htm#kanchor16" UsedConditions="" />
                    <IndexLink Title="Monitor Page" Link="/content/esm_user_guide/monitor_page.htm#kanchor36" UsedConditions="" />
                </Links>
            </IndexEntry>
            <IndexEntry Term="Monitoring">
                <Entries>
                    <IndexEntry Term="notification rules">
                        <Entries />
                        <Links>
                            <IndexLink Title="Creating Notification Rules for Monitoring" Link="/content/esm_user_guide/creating_notification_rules_for_monitoring.htm#kanchor17" UsedConditions="" />
                        </Links>
                    </IndexEntry>
                </Entries>
                <Links />
            </IndexEntry>
            <IndexEntry Term="Monitoring properties">
                <Entries />
                <Links>
                    <IndexLink Title="Configuring Monitored Properties" Link="/content/esm_user_guide/configuring_monitored_properties.htm#kanchor16" UsedConditions="" />
                </Links>
            </IndexEntry>
            <IndexEntry Term="Node">
                <Entries>
                    <IndexEntry Term="organizing">
                        <Entries />
                        <Links>
                            <IndexLink Title="Organizing Clusters and Nodes" Link="/content/esm_user_guide/organizing_clusters_and_nodes.htm#kanchor11" UsedConditions="" />
                        </Links>
                    </IndexEntry>
                    <IndexEntry Term="remote management">
                        <Entries />
                        <Links>
                            <IndexLink Title="Enable Remote Management on Nodes" Link="/content/esm_user_guide/enabling_remote_management_on_nodes.htm#kanchor9" UsedConditions="" />
                        </Links>
                    </IndexEntry>
                    <IndexEntry Term="starting">
                        <Entries />
                        <Links>
                            <IndexLink Title="Configure Page" Link="/content/esm_user_guide/configure_page.htm#kanchor38" UsedConditions="" />
                        </Links>
                    </IndexEntry>
                    <IndexEntry Term="stopping">
                        <Entries />
                        <Links>
                            <IndexLink Title="Configure Page" Link="/content/esm_user_guide/configure_page.htm#kanchor38" UsedConditions="" />
                        </Links>
                    </IndexEntry>
                </Entries>
                <Links />
            </IndexEntry>
            <IndexEntry Term="Notification">
                <Entries>
                    <IndexEntry Term="email">
                        <Entries />
                        <Links>
                            <IndexLink Title="Creating Notification Rules for Monitoring" Link="/content/esm_user_guide/creating_notification_rules_for_monitoring.htm#kanchor18" UsedConditions="" />
                        </Links>
                    </IndexEntry>
                    <IndexEntry Term="HTTP Request">
                        <Entries />
                        <Links>
                            <IndexLink Title="Creating Notification Rules for Monitoring" Link="/content/esm_user_guide/creating_notification_rules_for_monitoring.htm#kanchor20" UsedConditions="" />
                        </Links>
                    </IndexEntry>
                    <IndexEntry Term="SNMP Trap">
                        <Entries />
                        <Links>
                            <IndexLink Title="Creating Notification Rules for Monitoring" Link="/content/esm_user_guide/creating_notification_rules_for_monitoring.htm#kanchor19" UsedConditions="" />
                        </Links>
                    </IndexEntry>
                </Entries>
                <Links />
            </IndexEntry>
            <IndexEntry Term="Notification rules">
                <Entries>
                    <IndexEntry Term="context variables">
                        <Entries />
                        <Links>
                            <IndexLink Title="Creating Notification Rules for Monitoring" Link="/content/esm_user_guide/creating_notification_rules_for_monitoring.htm#kanchor21" UsedConditions="" />
                        </Links>
                    </IndexEntry>
                </Entries>
                <Links>
                    <IndexLink Title="Creating Notification Rules for Monitoring" Link="/content/esm_user_guide/creating_notification_rules_for_monitoring.htm#kanchor17" UsedConditions="" />
                </Links>
            </IndexEntry>
            <IndexEntry Term="Notifications and Audits">
                <Entries />
                <Links>
                    <IndexLink Title="Monitor Page" Link="/content/esm_user_guide/monitor_page.htm#kanchor37" UsedConditions="" />
                </Links>
            </IndexEntry>
            <IndexEntry Term="Organizing Clusters and Nodes">
                <Entries />
                <Links>
                    <IndexLink Title="Organizing Clusters and Nodes" Link="/content/esm_user_guide/organizing_clusters_and_nodes.htm#kanchor11" UsedConditions="" />
                </Links>
            </IndexEntry>
            <IndexEntry Term="Password">
                <Entries>
                    <IndexEntry Term="entering">
                        <Entries />
                        <Links>
                            <IndexLink Title="Settings" Link="/content/esm_user_guide/user_settings_page.htm#kanchor47" UsedConditions="" />
                        </Links>
                    </IndexEntry>
                    <IndexEntry Term="resetting">
                        <Entries />
                        <Links>
                            <IndexLink Title="Resetting a Password" Link="/content/esm_user_guide/resetting_a_password.htm#kanchor30" UsedConditions="" />
                        </Links>
                    </IndexEntry>
                </Entries>
                <Links />
            </IndexEntry>
            <IndexEntry Term="Permissions">
                <Entries />
                <Links>
                    <IndexLink Title="Adding a User to a Role" Link="/content/esm_user_guide/adding_a_user_to_a_role.htm#kanchor28" UsedConditions="" />
                </Links>
            </IndexEntry>
            <IndexEntry Term="Policy">
                <Entries>
                    <IndexEntry Term="migrating">
                        <Entries />
                        <Links>
                            <IndexLink Title="Migrating a Service or Policy" Link="/content/esm_user_guide/migrating_a_service_or_policy.htm#kanchor22" UsedConditions="" />
                        </Links>
                    </IndexEntry>
                </Entries>
                <Links />
            </IndexEntry>
            <IndexEntry Term="Properties">
                <Entries>
                    <IndexEntry Term="monitoring">
                        <Entries />
                        <Links>
                            <IndexLink Title="Configuring Monitored Properties" Link="/content/esm_user_guide/configuring_monitored_properties.htm#kanchor16" UsedConditions="" />
                            <IndexLink Title="Creating Notification Rules for Monitoring" Link="/content/esm_user_guide/creating_notification_rules_for_monitoring.htm#kanchor17" UsedConditions="" />
                            <IndexLink Title="Monitor Page" Link="/content/esm_user_guide/monitor_page.htm#kanchor36" UsedConditions="" />
                        </Links>
                    </IndexEntry>
                </Entries>
                <Links />
            </IndexEntry>
            <IndexEntry Term="Remote management">
                <Entries />
                <Links>
                    <IndexLink Title="Enable Remote Management on Nodes" Link="/content/esm_user_guide/enabling_remote_management_on_nodes.htm#kanchor9" UsedConditions="" />
                </Links>
            </IndexEntry>
            <IndexEntry Term="Removing a User from a Roles">
                <Entries />
                <Links>
                    <IndexLink Title="Removing a User from a Role" Link="/content/esm_user_guide/removing_a_user_from_a_role.htm#kanchor29" UsedConditions="" />
                </Links>
            </IndexEntry>
            <IndexEntry Term="Removing Trust Relationship with a Cluster">
                <Entries />
                <Links>
                    <IndexLink Title="Removing Trust Relationship with a Cluster" Link="/content/esm_user_guide/removing_trust_relatonship_with_a_cluster.htm#kanchor15" UsedConditions="" />
                </Links>
            </IndexEntry>
            <IndexEntry Term="Report columns">
                <Entries />
                <Links>
                    <IndexLink Title="Explanation of Report Columns" Link="/content/esm_user_guide/explanation_of_report_columns.htm#kanchor34" UsedConditions="" />
                </Links>
            </IndexEntry>
            <IndexEntry Term="Reports">
                <Entries />
                <Links>
                    <IndexLink Title="Generating Reports" Link="/content/esm_user_guide/generating_reports.htm#kanchor31" UsedConditions="" />
                    <IndexLink Title="Managing Reports" Link="/content/esm_user_guide/managing_reports.htm#kanchor33" UsedConditions="" />
                </Links>
            </IndexEntry>
            <IndexEntry Term="Reports Tab">
                <Entries />
                <Links>
                    <IndexLink Title="Reports Tab" Link="/content/esm_user_guide/reports_tab.htm#kanchor42" UsedConditions="" />
                </Links>
            </IndexEntry>
            <IndexEntry Term="Resetting a Password">
                <Entries />
                <Links>
                    <IndexLink Title="Resetting a Password" Link="/content/esm_user_guide/resetting_a_password.htm#kanchor30" UsedConditions="" />
                </Links>
            </IndexEntry>
            <IndexEntry Term="Role">
                <Entries>
                    <IndexEntry Term="adding user">
                        <Entries />
                        <Links>
                            <IndexLink Title="Adding a User to a Role" Link="/content/esm_user_guide/adding_a_user_to_a_role.htm#kanchor28" UsedConditions="" />
                        </Links>
                    </IndexEntry>
                    <IndexEntry Term="managing">
                        <Entries />
                        <Links>
                            <IndexLink Title="Managing User Roles" Link="/content/esm_user_guide/managing_user_roles.htm#kanchor27" UsedConditions="" />
                        </Links>
                    </IndexEntry>
                    <IndexEntry Term="removing user">
                        <Entries />
                        <Links>
                            <IndexLink Title="Removing a User from a Role" Link="/content/esm_user_guide/removing_a_user_from_a_role.htm#kanchor29" UsedConditions="" />
                        </Links>
                    </IndexEntry>
                </Entries>
                <Links>
                    <IndexLink Title="User Roles" Link="/content/esm_user_guide/user_roles_page.htm#kanchor50" UsedConditions="" />
                </Links>
            </IndexEntry>
            <IndexEntry Term="SecureSpan Manager">
                <Entries>
                    <IndexEntry Term="launching">
                        <Entries />
                        <Links>
                            <IndexLink Title="Configure Page" Link="/content/esm_user_guide/configure_page.htm#kanchor38" UsedConditions="" />
                        </Links>
                    </IndexEntry>
                </Entries>
                <Links />
            </IndexEntry>
            <IndexEntry Term="Service">
                <Entries>
                    <IndexEntry Term="migrating">
                        <Entries />
                        <Links>
                            <IndexLink Title="Migrating a Service or Policy" Link="/content/esm_user_guide/migrating_a_service_or_policy.htm#kanchor22" UsedConditions="" />
                        </Links>
                    </IndexEntry>
                </Entries>
                <Links />
            </IndexEntry>
            <IndexEntry Term="Setting up Enterprise Service Manager">
                <Entries />
                <Links>
                    <IndexLink Title="Setting Up Enterprise Service Manager" Link="/content/esm_user_guide/setting_up_enterprise_service_manager.htm#kanchor8" UsedConditions="" />
                </Links>
            </IndexEntry>
            <IndexEntry Term="Settings Tab">
                <Entries />
                <Links>
                    <IndexLink Title="Settings Tab" Link="/content/esm_user_guide/settings_tab.htm#kanchor46" UsedConditions="" />
                </Links>
            </IndexEntry>
            <IndexEntry Term="SNMP Trap notification">
                <Entries />
                <Links>
                    <IndexLink Title="Creating Notification Rules for Monitoring" Link="/content/esm_user_guide/creating_notification_rules_for_monitoring.htm#kanchor19" UsedConditions="" />
                </Links>
            </IndexEntry>
            <IndexEntry Term="SSG cluster">
                <Entries>
                    <IndexEntry Term="adding">
                        <Entries />
                        <Links>
                            <IndexLink Title="Adding a Gateway Cluster to Manage" Link="/content/esm_user_guide/adding_a_gateway_cluster_to_manage.htm#kanchor12" UsedConditions="" />
                        </Links>
                    </IndexEntry>
                </Entries>
                <Links />
            </IndexEntry>
            <IndexEntry Term="SSL settings">
                <Entries />
                <Links>
                    <IndexLink Title="System Settings Page" Link="/content/esm_user_guide/system_settings_page.htm#kanchor48" UsedConditions="" />
                </Links>
            </IndexEntry>
            <IndexEntry Term="Starting Enterprise Service Manager">
                <Entries />
                <Links>
                    <IndexLink Title="Starting the Enterprise Service Manager" Link="/content/esm_user_guide/starting_enterprise_service_manager.htm#kanchor2" UsedConditions="" />
                </Links>
            </IndexEntry>
            <IndexEntry Term="Starting node">
                <Entries />
                <Links>
                    <IndexLink Title="Configure Page" Link="/content/esm_user_guide/configure_page.htm#kanchor38" UsedConditions="" />
                </Links>
            </IndexEntry>
            <IndexEntry Term="Stopping node">
                <Entries />
                <Links>
                    <IndexLink Title="Configure Page" Link="/content/esm_user_guide/configure_page.htm#kanchor38" UsedConditions="" />
                </Links>
            </IndexEntry>
            <IndexEntry Term="System Settings Page">
                <Entries />
                <Links>
                    <IndexLink Title="System Settings Page" Link="/content/esm_user_guide/system_settings_page.htm#kanchor48" UsedConditions="" />
                </Links>
            </IndexEntry>
            <IndexEntry Term="System timeout">
                <Entries />
                <Links>
                    <IndexLink Title="System Settings Page" Link="/content/esm_user_guide/system_settings_page.htm#kanchor48" UsedConditions="" />
                </Links>
            </IndexEntry>
            <IndexEntry Term="Timeout">
                <Entries />
                <Links>
                    <IndexLink Title="System Settings Page" Link="/content/esm_user_guide/system_settings_page.htm#kanchor48" UsedConditions="" />
                </Links>
            </IndexEntry>
            <IndexEntry Term="Tools Tab">
                <Entries />
                <Links>
                    <IndexLink Title="Tools Tab" Link="/content/esm_user_guide/tools_tab.htm#kanchor43" UsedConditions="" />
                </Links>
            </IndexEntry>
            <IndexEntry Term="Trust">
                <Entries>
                    <IndexEntry Term="establishing">
                        <Entries />
                        <Links>
                            <IndexLink Title="Establishing Trust with a Cluster" Link="/content/esm_user_guide/establishing_trust_with_a_cluster.htm#kanchor13" UsedConditions="" />
                        </Links>
                    </IndexEntry>
                    <IndexEntry Term="removing">
                        <Entries />
                        <Links>
                            <IndexLink Title="Removing Trust Relationship with a Cluster" Link="/content/esm_user_guide/removing_trust_relatonship_with_a_cluster.htm#kanchor15" UsedConditions="" />
                        </Links>
                    </IndexEntry>
                </Entries>
                <Links />
            </IndexEntry>
            <IndexEntry Term="User">
                <Entries>
                    <IndexEntry Term="creating">
                        <Entries />
                        <Links>
                            <IndexLink Title="Creating a New User Account" Link="/content/esm_user_guide/creating_a_new_user_account.htm#kanchor24" UsedConditions="" />
                        </Links>
                    </IndexEntry>
                    <IndexEntry Term="deleting">
                        <Entries />
                        <Links>
                            <IndexLink Title="Deleting a User Account" Link="/content/esm_user_guide/deleting_a_user_account.htm#kanchor26" UsedConditions="" />
                        </Links>
                    </IndexEntry>
                    <IndexEntry Term="editing">
                        <Entries />
                        <Links>
                            <IndexLink Title="Editing a User Account" Link="/content/esm_user_guide/editing_a_user_account.htm#kanchor25" UsedConditions="" />
                        </Links>
                    </IndexEntry>
                    <IndexEntry Term="mapping">
                        <Entries />
                        <Links>
                            <IndexLink Title="Mapping an ESM&#160;User to a Cluster" Link="/content/esm_user_guide/mapping_an_esm_user_to_a_cluster.htm#kanchor14" UsedConditions="" />
                        </Links>
                    </IndexEntry>
                    <IndexEntry Term="roles">
                        <Entries />
                        <Links>
                            <IndexLink Title="Managing User Roles" Link="/content/esm_user_guide/managing_user_roles.htm#kanchor27" UsedConditions="" />
                            <IndexLink Title="Removing a User from a Role" Link="/content/esm_user_guide/removing_a_user_from_a_role.htm#kanchor29" UsedConditions="" />
                        </Links>
                    </IndexEntry>
                </Entries>
                <Links />
            </IndexEntry>
            <IndexEntry Term="User Accounts Page">
                <Entries />
                <Links>
                    <IndexLink Title="User Accounts" Link="/content/esm_user_guide/user_accounts_page.htm#kanchor49" UsedConditions="" />
                </Links>
            </IndexEntry>
            <IndexEntry Term="User Roles Page">
                <Entries />
                <Links>
                    <IndexLink Title="User Roles" Link="/content/esm_user_guide/user_roles_page.htm#kanchor50" UsedConditions="" />
                </Links>
            </IndexEntry>
            <IndexEntry Term="User Settings Page">
                <Entries />
                <Links>
                    <IndexLink Title="Settings" Link="/content/esm_user_guide/user_settings_page.htm#kanchor47" UsedConditions="" />
                </Links>
            </IndexEntry>
            <IndexEntry Term="Using the Enterprise Tree">
                <Entries />
                <Links>
                    <IndexLink Title="Organizing Clusters and Nodes" Link="/content/esm_user_guide/using_the_enterprise_tree.htm#kanchor4" UsedConditions="" />
                </Links>
            </IndexEntry>
            <IndexEntry Term="Viewing Audits and Logs">
                <Entries />
                <Links>
                    <IndexLink Title="Viewing Audits and Logs" Link="/content/esm_user_guide/viewing_audits_and_logs.htm#kanchor5" UsedConditions="" />
                </Links>
            </IndexEntry>
            <IndexEntry Term="Viewing Migration Summaries">
                <Entries />
                <Links>
                    <IndexLink Title="Viewing Migration Summaries" Link="/content/esm_user_guide/viewing_migration_summaries.htm#kanchor23" UsedConditions="" />
                </Links>
            </IndexEntry>
            <IndexEntry Term="Welcome to the Enterprise Service Manager">
                <Entries />
                <Links>
                    <IndexLink Title="Welcome to the Enterprise Service Manager" Link="/content/esm_user_guide/welcome_to_enterprise_service_manager.htm#kanchor1" UsedConditions="" />
                </Links>
            </IndexEntry>
        </Entries>
        <Links />
    </IndexEntry>
</CatapultTargetIndex>