<?xml version="1.0" encoding="utf-8"?><index><stem n="ppings"><phr n="Mappings"><ent r="5" t="14" w="373" /><ent r="5" t="14" w="373" /><ent r="4" t="14" w="381" /><ent r="4" t="14" w="381" /><ent r="4" t="42" w="266" /><ent r="4" t="42" w="266" /></phr><phr n="mappings"><ent r="3" t="17" w="843" /><ent r="4" t="27" w="157" /><ent r="4" t="27" w="157" /><ent r="6" t="32" w="597" /><ent r="5" t="34" w="2073" /><ent r="5" t="34" w="2073" /><ent r="6" t="35" w="331" /><ent r="3" t="42" w="249" /><ent r="3" t="42" w="249" /></phr></stem><stem n="appings"><phr n="Mappings"><ent r="5" t="14" w="373" /><ent r="5" t="14" w="373" /><ent r="4" t="14" w="381" /><ent r="4" t="14" w="381" /><ent r="4" t="42" w="266" /><ent r="4" t="42" w="266" /></phr><phr n="mappings"><ent r="3" t="17" w="843" /><ent r="4" t="27" w="157" /><ent r="4" t="27" w="157" /><ent r="6" t="32" w="597" /><ent r="5" t="34" w="2073" /><ent r="5" t="34" w="2073" /><ent r="6" t="35" w="331" /><ent r="3" t="42" w="249" /><ent r="3" t="42" w="249" /></phr></stem><stem n="mappings"><phr n="Mappings"><ent r="5" t="14" w="373" /><ent r="5" t="14" w="373" /><ent r="4" t="14" w="381" /><ent r="4" t="14" w="381" /><ent r="4" t="42" w="266" /><ent r="4" t="42" w="266" /></phr><phr n="mappings"><ent r="3" t="17" w="843" /><ent r="4" t="27" w="157" /><ent r="4" t="27" w="157" /><ent r="6" t="32" w="597" /><ent r="5" t="34" w="2073" /><ent r="5" t="34" w="2073" /><ent r="6" t="35" w="331" /><ent r="3" t="42" w="249" /><ent r="3" t="42" w="249" /></phr></stem><stem n="gers"><phr n="Managers"><ent r="5" t="14" w="403" /><ent r="5" t="14" w="403" /></phr></stem><stem n="agers"><phr n="Managers"><ent r="5" t="14" w="403" /><ent r="5" t="14" w="403" /></phr></stem><stem n="nagers"><phr n="Managers"><ent r="5" t="14" w="403" /><ent r="5" t="14" w="403" /></phr></stem><stem n="anagers"><phr n="Managers"><ent r="5" t="14" w="403" /><ent r="5" t="14" w="403" /></phr></stem><stem n="managers"><phr n="Managers"><ent r="5" t="14" w="403" /><ent r="5" t="14" w="403" /></phr></stem><stem n="registr"><phr n="Registration"><ent r="5" t="14" w="410" /><ent r="5" t="14" w="410" /><ent r="3" t="42" w="282" /></phr></stem><stem n="regi"><phr n="Registration"><ent r="5" t="14" w="410" /><ent r="5" t="14" w="410" /><ent r="3" t="42" w="282" /></phr></stem><stem n="egis"><phr n="Registration"><ent r="5" t="14" w="410" /><ent r="5" t="14" w="410" /><ent r="3" t="42" w="282" /></phr></stem><stem n="gist"><phr n="Registration"><ent r="5" t="14" w="410" /><ent r="5" t="14" w="410" /><ent r="3" t="42" w="282" /></phr></stem><stem n="regis"><phr n="Registration"><ent r="5" t="14" w="410" /><ent r="5" t="14" w="410" /><ent r="3" t="42" w="282" /></phr></stem><stem n="egist"><phr n="Registration"><ent r="5" t="14" w="410" /><ent r="5" t="14" w="410" /><ent r="3" t="42" w="282" /></phr></stem><stem n="gistr"><phr n="Registration"><ent r="5" t="14" w="410" /><ent r="5" t="14" w="410" /><ent r="3" t="42" w="282" /></phr></stem><stem n="regist"><phr n="Registration"><ent r="5" t="14" w="410" /><ent r="5" t="14" w="410" /><ent r="3" t="42" w="282" /></phr></stem><stem n="egistr"><phr n="Registration"><ent r="5" t="14" w="410" /><ent r="5" t="14" w="410" /><ent r="3" t="42" w="282" /></phr></stem><stem n="gistra"><phr n="Registration"><ent r="5" t="14" w="410" /><ent r="5" t="14" w="410" /><ent r="3" t="42" w="282" /></phr></stem><stem n="tratio"><phr n="Registration"><ent r="5" t="14" w="410" /><ent r="5" t="14" w="410" /><ent r="3" t="42" w="282" /></phr></stem><stem n="egistra"><phr n="Registration"><ent r="5" t="14" w="410" /><ent r="5" t="14" w="410" /><ent r="3" t="42" w="282" /></phr></stem><stem n="gistrat"><phr n="Registration"><ent r="5" t="14" w="410" /><ent r="5" t="14" w="410" /><ent r="3" t="42" w="282" /></phr></stem><stem n="stratio"><phr n="Registration"><ent r="5" t="14" w="410" /><ent r="5" t="14" w="410" /><ent r="3" t="42" w="282" /></phr></stem><stem n="tration"><phr n="Registration"><ent r="5" t="14" w="410" /><ent r="5" t="14" w="410" /><ent r="3" t="42" w="282" /></phr></stem><stem n="registra"><phr n="Registration"><ent r="5" t="14" w="410" /><ent r="5" t="14" w="410" /><ent r="3" t="42" w="282" /></phr></stem><stem n="egistrat"><phr n="Registration"><ent r="5" t="14" w="410" /><ent r="5" t="14" w="410" /><ent r="3" t="42" w="282" /></phr></stem><stem n="gistrati"><phr n="Registration"><ent r="5" t="14" w="410" /><ent r="5" t="14" w="410" /><ent r="3" t="42" w="282" /></phr></stem><stem n="istratio"><phr n="Registration"><ent r="5" t="14" w="410" /><ent r="5" t="14" w="410" /><ent r="3" t="42" w="282" /></phr></stem><stem n="stration"><phr n="Registration"><ent r="5" t="14" w="410" /><ent r="5" t="14" w="410" /><ent r="3" t="42" w="282" /></phr></stem><stem n="registrat"><phr n="Registration"><ent r="5" t="14" w="410" /><ent r="5" t="14" w="410" /><ent r="3" t="42" w="282" /></phr></stem><stem n="egistrati"><phr n="Registration"><ent r="5" t="14" w="410" /><ent r="5" t="14" w="410" /><ent r="3" t="42" w="282" /></phr></stem><stem n="gistratio"><phr n="Registration"><ent r="5" t="14" w="410" /><ent r="5" t="14" w="410" /><ent r="3" t="42" w="282" /></phr></stem><stem n="istration"><phr n="Registration"><ent r="5" t="14" w="410" /><ent r="5" t="14" w="410" /><ent r="3" t="42" w="282" /></phr></stem><stem n="registrati"><phr n="Registration"><ent r="5" t="14" w="410" /><ent r="5" t="14" w="410" /><ent r="3" t="42" w="282" /></phr></stem><stem n="egistratio"><phr n="Registration"><ent r="5" t="14" w="410" /><ent r="5" t="14" w="410" /><ent r="3" t="42" w="282" /></phr></stem><stem n="gistration"><phr n="Registration"><ent r="5" t="14" w="410" /><ent r="5" t="14" w="410" /><ent r="3" t="42" w="282" /></phr></stem><stem n="registratio"><phr n="Registration"><ent r="5" t="14" w="410" /><ent r="5" t="14" w="410" /><ent r="3" t="42" w="282" /></phr></stem><stem n="egistration"><phr n="Registration"><ent r="5" t="14" w="410" /><ent r="5" t="14" w="410" /><ent r="3" t="42" w="282" /></phr></stem><stem n="registration"><phr n="Registration"><ent r="5" t="14" w="410" /><ent r="5" t="14" w="410" /><ent r="3" t="42" w="282" /></phr></stem><stem n="ve"><phr n="ve"><ent r="4" t="14" w="462" /><ent r="4" t="14" w="462" /></phr></stem><stem n="carefulli"><phr n="carefully"><ent r="4" t="14" w="472" /><ent r="4" t="14" w="472" /><ent r="4" t="17" w="711" /></phr></stem><stem n="care"><phr n="carefully"><ent r="4" t="14" w="472" /><ent r="4" t="14" w="472" /><ent r="4" t="17" w="711" /></phr></stem><stem n="aref"><phr n="carefully"><ent r="4" t="14" w="472" /><ent r="4" t="14" w="472" /><ent r="4" t="17" w="711" /></phr></stem><stem n="eful"><phr n="carefully"><ent r="4" t="14" w="472" /><ent r="4" t="14" w="472" /><ent r="4" t="17" w="711" /></phr><phr n="useful"><ent r="3" t="16" w="1069" /><ent r="3" t="31" w="1471" /><ent r="3" t="31" w="1471" /><ent r="6" t="32" w="204" /><ent r="6" t="32" w="204" /><ent r="3" t="34" w="165" /><ent r="6" t="35" w="421" /><ent r="6" t="35" w="421" /><ent r="7" t="36" w="716" /><ent r="7" t="36" w="716" /><ent r="3" t="42" w="45" /><ent r="3" t="42" w="45" /></phr></stem><stem n="caref"><phr n="carefully"><ent r="4" t="14" w="472" /><ent r="4" t="14" w="472" /><ent r="4" t="17" w="711" /></phr></stem><stem n="arefu"><phr n="carefully"><ent r="4" t="14" w="472" /><ent r="4" t="14" w="472" /><ent r="4" t="17" w="711" /></phr></stem><stem n="reful"><phr n="carefully"><ent r="4" t="14" w="472" /><ent r="4" t="14" w="472" /><ent r="4" t="17" w="711" /></phr></stem><stem n="efull"><phr n="carefully"><ent r="4" t="14" w="472" /><ent r="4" t="14" w="472" /><ent r="4" t="17" w="711" /></phr></stem><stem n="carefu"><phr n="carefully"><ent r="4" t="14" w="472" /><ent r="4" t="14" w="472" /><ent r="4" t="17" w="711" /></phr></stem><stem n="areful"><phr n="carefully"><ent r="4" t="14" w="472" /><ent r="4" t="14" w="472" /><ent r="4" t="17" w="711" /></phr></stem><stem n="refull"><phr n="carefully"><ent r="4" t="14" w="472" /><ent r="4" t="14" w="472" /><ent r="4" t="17" w="711" /></phr></stem><stem n="efully"><phr n="carefully"><ent r="4" t="14" w="472" /><ent r="4" t="14" w="472" /><ent r="4" t="17" w="711" /></phr></stem><stem n="careful"><phr n="carefully"><ent r="4" t="14" w="472" /><ent r="4" t="14" w="472" /><ent r="4" t="17" w="711" /></phr></stem><stem n="arefull"><phr n="carefully"><ent r="4" t="14" w="472" /><ent r="4" t="14" w="472" /><ent r="4" t="17" w="711" /></phr></stem><stem n="refully"><phr n="carefully"><ent r="4" t="14" w="472" /><ent r="4" t="14" w="472" /><ent r="4" t="17" w="711" /></phr></stem><stem n="carefull"><phr n="carefully"><ent r="4" t="14" w="472" /><ent r="4" t="14" w="472" /><ent r="4" t="17" w="711" /></phr></stem><stem n="arefully"><phr n="carefully"><ent r="4" t="14" w="472" /><ent r="4" t="14" w="472" /><ent r="4" t="17" w="711" /></phr></stem><stem n="carefully"><phr n="carefully"><ent r="4" t="14" w="472" /><ent r="4" t="14" w="472" /><ent r="4" t="17" w="711" /></phr></stem><stem n="etel"><phr n="completely"><ent r="3" t="14" w="520" /><ent r="3" t="14" w="520" /></phr></stem><stem n="etely"><phr n="completely"><ent r="3" t="14" w="520" /><ent r="3" t="14" w="520" /></phr></stem><stem n="letel"><phr n="completely"><ent r="3" t="14" w="520" /><ent r="3" t="14" w="520" /></phr></stem><stem n="pletel"><phr n="completely"><ent r="3" t="14" w="520" /><ent r="3" t="14" w="520" /></phr></stem><stem n="letely"><phr n="completely"><ent r="3" t="14" w="520" /><ent r="3" t="14" w="520" /></phr></stem><stem n="mpletel"><phr n="completely"><ent r="3" t="14" w="520" /><ent r="3" t="14" w="520" /></phr></stem><stem n="pletely"><phr n="completely"><ent r="3" t="14" w="520" /><ent r="3" t="14" w="520" /></phr></stem><stem n="ompletel"><phr n="completely"><ent r="3" t="14" w="520" /><ent r="3" t="14" w="520" /></phr></stem><stem n="mpletely"><phr n="completely"><ent r="3" t="14" w="520" /><ent r="3" t="14" w="520" /></phr></stem><stem n="completel"><phr n="completely"><ent r="3" t="14" w="520" /><ent r="3" t="14" w="520" /></phr></stem><stem n="ompletely"><phr n="completely"><ent r="3" t="14" w="520" /><ent r="3" t="14" w="520" /></phr></stem><stem n="completely"><phr n="completely"><ent r="3" t="14" w="520" /><ent r="3" t="14" w="520" /></phr></stem><stem n="orin"><phr n="monitoring"><ent r="100" t="15" w="12" /><ent r="100" t="15" w="12" /><ent r="3" t="15" w="111" /><ent r="7" t="15" w="249" /><ent r="7" t="15" w="249" /><ent r="8" t="15" w="271" /><ent r="8" t="15" w="271" /><ent r="7" t="15" w="279" /><ent r="7" t="15" w="279" /><ent r="7" t="15" w="292" /><ent r="7" t="15" w="292" /><ent r="7" t="15" w="327" /><ent r="7" t="15" w="327" /><ent r="100" t="16" w="21" /><ent r="100" t="16" w="21" /><ent r="9" t="16" w="602" /><ent r="9" t="16" w="602" /><ent r="8" t="16" w="1125" /><ent r="8" t="16" w="1143" /><ent r="8" t="16" w="1176" /><ent r="8" t="16" w="1208" /><ent r="8" t="16" w="1233" /><ent r="8" t="16" w="1255" /><ent r="68" t="16" w="1293" /><ent r="68" t="16" w="1293" /><ent r="8" t="16" w="1303" /><ent r="100" t="31" w="10" /><ent r="100" t="31" w="10" /><ent r="3" t="31" w="83" /><ent r="3" t="31" w="83" /><ent r="3" t="31" w="120" /><ent r="3" t="31" w="201" /><ent r="3" t="31" w="513" /><ent r="3" t="31" w="695" /><ent r="3" t="31" w="695" /><ent r="3" t="31" w="1001" /><ent r="3" t="31" w="1001" /><ent r="7" t="31" w="1216" /><ent r="7" t="31" w="1216" /><ent r="3" t="31" w="1367" /><ent r="3" t="31" w="1367" /><ent r="3" t="31" w="1379" /><ent r="3" t="31" w="1379" /><ent r="3" t="31" w="1442" /><ent r="3" t="31" w="1442" /><ent r="7" t="45" w="320" /><ent r="7" t="45" w="320" /></phr><phr n="Monitoring"><ent r="100" t="15" w="120" /><ent r="4" t="15" w="206" /><ent r="4" t="15" w="206" /><ent r="3" t="15" w="216" /><ent r="3" t="15" w="216" /><ent r="5" t="15" w="229" /><ent r="5" t="15" w="229" /><ent r="68" t="15" w="314" /><ent r="68" t="15" w="314" /><ent r="68" t="15" w="463" /><ent r="68" t="15" w="463" /><ent r="68" t="15" w="530" /><ent r="68" t="15" w="530" /><ent r="68" t="15" w="615" /><ent r="68" t="15" w="615" /><ent r="68" t="15" w="649" /><ent r="68" t="15" w="649" /><ent r="1000" t="16" w="5" /><ent r="1000" t="16" w="5" /><ent r="100" t="16" w="11" /><ent r="100" t="16" w="11" /><ent r="100" t="16" w="16" /><ent r="102" t="16" w="27" /><ent r="102" t="16" w="27" /><ent r="65" t="16" w="70" /><ent r="65" t="16" w="70" /><ent r="4" t="16" w="79" /><ent r="4" t="16" w="79" /><ent r="65" t="16" w="244" /><ent r="65" t="16" w="244" /><ent r="4" t="16" w="1038" /><ent r="4" t="16" w="1038" /><ent r="68" t="16" w="1164" /><ent r="68" t="16" w="1164" /><ent r="68" t="16" w="1278" /><ent r="68" t="16" w="1278" /><ent r="66" t="31" w="43" /><ent r="66" t="31" w="43" /><ent r="92" t="31" w="150" /><ent r="92" t="31" w="150" /><ent r="3" t="31" w="155" /><ent r="3" t="31" w="155" /><ent r="64" t="31" w="879" /><ent r="64" t="31" w="879" /><ent r="64" t="31" w="1017" /><ent r="64" t="31" w="1017" /><ent r="100" t="31" w="1022" /><ent r="7" t="31" w="1238" /><ent r="7" t="31" w="1238" /><ent r="64" t="31" w="1359" /><ent r="64" t="31" w="1359" /><ent r="100" t="31" w="1369" /><ent r="100" t="31" w="1372" /><ent r="100" t="31" w="1432" /></phr><phr n="Authoring"><ent r="4" t="26" w="620" /><ent r="4" t="26" w="620" /><ent r="5" t="27" w="331" /><ent r="5" t="27" w="331" /><ent r="4" t="34" w="723" /><ent r="4" t="34" w="723" /></phr></stem><stem n="oring"><phr n="monitoring"><ent r="100" t="15" w="12" /><ent r="100" t="15" w="12" /><ent r="3" t="15" w="111" /><ent r="7" t="15" w="249" /><ent r="7" t="15" w="249" /><ent r="8" t="15" w="271" /><ent r="8" t="15" w="271" /><ent r="7" t="15" w="279" /><ent r="7" t="15" w="279" /><ent r="7" t="15" w="292" /><ent r="7" t="15" w="292" /><ent r="7" t="15" w="327" /><ent r="7" t="15" w="327" /><ent r="100" t="16" w="21" /><ent r="100" t="16" w="21" /><ent r="9" t="16" w="602" /><ent r="9" t="16" w="602" /><ent r="8" t="16" w="1125" /><ent r="8" t="16" w="1143" /><ent r="8" t="16" w="1176" /><ent r="8" t="16" w="1208" /><ent r="8" t="16" w="1233" /><ent r="8" t="16" w="1255" /><ent r="68" t="16" w="1293" /><ent r="68" t="16" w="1293" /><ent r="8" t="16" w="1303" /><ent r="100" t="31" w="10" /><ent r="100" t="31" w="10" /><ent r="3" t="31" w="83" /><ent r="3" t="31" w="83" /><ent r="3" t="31" w="120" /><ent r="3" t="31" w="201" /><ent r="3" t="31" w="513" /><ent r="3" t="31" w="695" /><ent r="3" t="31" w="695" /><ent r="3" t="31" w="1001" /><ent r="3" t="31" w="1001" /><ent r="7" t="31" w="1216" /><ent r="7" t="31" w="1216" /><ent r="3" t="31" w="1367" /><ent r="3" t="31" w="1367" /><ent r="3" t="31" w="1379" /><ent r="3" t="31" w="1379" /><ent r="3" t="31" w="1442" /><ent r="3" t="31" w="1442" /><ent r="7" t="45" w="320" /><ent r="7" t="45" w="320" /></phr><phr n="Monitoring"><ent r="100" t="15" w="120" /><ent r="4" t="15" w="206" /><ent r="4" t="15" w="206" /><ent r="3" t="15" w="216" /><ent r="3" t="15" w="216" /><ent r="5" t="15" w="229" /><ent r="5" t="15" w="229" /><ent r="68" t="15" w="314" /><ent r="68" t="15" w="314" /><ent r="68" t="15" w="463" /><ent r="68" t="15" w="463" /><ent r="68" t="15" w="530" /><ent r="68" t="15" w="530" /><ent r="68" t="15" w="615" /><ent r="68" t="15" w="615" /><ent r="68" t="15" w="649" /><ent r="68" t="15" w="649" /><ent r="1000" t="16" w="5" /><ent r="1000" t="16" w="5" /><ent r="100" t="16" w="11" /><ent r="100" t="16" w="11" /><ent r="100" t="16" w="16" /><ent r="102" t="16" w="27" /><ent r="102" t="16" w="27" /><ent r="65" t="16" w="70" /><ent r="65" t="16" w="70" /><ent r="4" t="16" w="79" /><ent r="4" t="16" w="79" /><ent r="65" t="16" w="244" /><ent r="65" t="16" w="244" /><ent r="4" t="16" w="1038" /><ent r="4" t="16" w="1038" /><ent r="68" t="16" w="1164" /><ent r="68" t="16" w="1164" /><ent r="68" t="16" w="1278" /><ent r="68" t="16" w="1278" /><ent r="66" t="31" w="43" /><ent r="66" t="31" w="43" /><ent r="92" t="31" w="150" /><ent r="92" t="31" w="150" /><ent r="3" t="31" w="155" /><ent r="3" t="31" w="155" /><ent r="64" t="31" w="879" /><ent r="64" t="31" w="879" /><ent r="64" t="31" w="1017" /><ent r="64" t="31" w="1017" /><ent r="100" t="31" w="1022" /><ent r="7" t="31" w="1238" /><ent r="7" t="31" w="1238" /><ent r="64" t="31" w="1359" /><ent r="64" t="31" w="1359" /><ent r="100" t="31" w="1369" /><ent r="100" t="31" w="1372" /><ent r="100" t="31" w="1432" /></phr><phr n="Authoring"><ent r="4" t="26" w="620" /><ent r="4" t="26" w="620" /><ent r="5" t="27" w="331" /><ent r="5" t="27" w="331" /><ent r="4" t="34" w="723" /><ent r="4" t="34" w="723" /></phr></stem><stem n="itori"><phr n="monitoring"><ent r="100" t="15" w="12" /><ent r="100" t="15" w="12" /><ent r="3" t="15" w="111" /><ent r="7" t="15" w="249" /><ent r="7" t="15" w="249" /><ent r="8" t="15" w="271" /><ent r="8" t="15" w="271" /><ent r="7" t="15" w="279" /><ent r="7" t="15" w="279" /><ent r="7" t="15" w="292" /><ent r="7" t="15" w="292" /><ent r="7" t="15" w="327" /><ent r="7" t="15" w="327" /><ent r="100" t="16" w="21" /><ent r="100" t="16" w="21" /><ent r="9" t="16" w="602" /><ent r="9" t="16" w="602" /><ent r="8" t="16" w="1125" /><ent r="8" t="16" w="1143" /><ent r="8" t="16" w="1176" /><ent r="8" t="16" w="1208" /><ent r="8" t="16" w="1233" /><ent r="8" t="16" w="1255" /><ent r="68" t="16" w="1293" /><ent r="68" t="16" w="1293" /><ent r="8" t="16" w="1303" /><ent r="100" t="31" w="10" /><ent r="100" t="31" w="10" /><ent r="3" t="31" w="83" /><ent r="3" t="31" w="83" /><ent r="3" t="31" w="120" /><ent r="3" t="31" w="201" /><ent r="3" t="31" w="513" /><ent r="3" t="31" w="695" /><ent r="3" t="31" w="695" /><ent r="3" t="31" w="1001" /><ent r="3" t="31" w="1001" /><ent r="7" t="31" w="1216" /><ent r="7" t="31" w="1216" /><ent r="3" t="31" w="1367" /><ent r="3" t="31" w="1367" /><ent r="3" t="31" w="1379" /><ent r="3" t="31" w="1379" /><ent r="3" t="31" w="1442" /><ent r="3" t="31" w="1442" /><ent r="7" t="45" w="320" /><ent r="7" t="45" w="320" /></phr><phr n="Monitoring"><ent r="100" t="15" w="120" /><ent r="4" t="15" w="206" /><ent r="4" t="15" w="206" /><ent r="3" t="15" w="216" /><ent r="3" t="15" w="216" /><ent r="5" t="15" w="229" /><ent r="5" t="15" w="229" /><ent r="68" t="15" w="314" /><ent r="68" t="15" w="314" /><ent r="68" t="15" w="463" /><ent r="68" t="15" w="463" /><ent r="68" t="15" w="530" /><ent r="68" t="15" w="530" /><ent r="68" t="15" w="615" /><ent r="68" t="15" w="615" /><ent r="68" t="15" w="649" /><ent r="68" t="15" w="649" /><ent r="1000" t="16" w="5" /><ent r="1000" t="16" w="5" /><ent r="100" t="16" w="11" /><ent r="100" t="16" w="11" /><ent r="100" t="16" w="16" /><ent r="102" t="16" w="27" /><ent r="102" t="16" w="27" /><ent r="65" t="16" w="70" /><ent r="65" t="16" w="70" /><ent r="4" t="16" w="79" /><ent r="4" t="16" w="79" /><ent r="65" t="16" w="244" /><ent r="65" t="16" w="244" /><ent r="4" t="16" w="1038" /><ent r="4" t="16" w="1038" /><ent r="68" t="16" w="1164" /><ent r="68" t="16" w="1164" /><ent r="68" t="16" w="1278" /><ent r="68" t="16" w="1278" /><ent r="66" t="31" w="43" /><ent r="66" t="31" w="43" /><ent r="92" t="31" w="150" /><ent r="92" t="31" w="150" /><ent r="3" t="31" w="155" /><ent r="3" t="31" w="155" /><ent r="64" t="31" w="879" /><ent r="64" t="31" w="879" /><ent r="64" t="31" w="1017" /><ent r="64" t="31" w="1017" /><ent r="100" t="31" w="1022" /><ent r="7" t="31" w="1238" /><ent r="7" t="31" w="1238" /><ent r="64" t="31" w="1359" /><ent r="64" t="31" w="1359" /><ent r="100" t="31" w="1369" /><ent r="100" t="31" w="1372" /><ent r="100" t="31" w="1432" /></phr></stem><stem n="torin"><phr n="monitoring"><ent r="100" t="15" w="12" /><ent r="100" t="15" w="12" /><ent r="3" t="15" w="111" /><ent r="7" t="15" w="249" /><ent r="7" t="15" w="249" /><ent r="8" t="15" w="271" /><ent r="8" t="15" w="271" /><ent r="7" t="15" w="279" /><ent r="7" t="15" w="279" /><ent r="7" t="15" w="292" /><ent r="7" t="15" w="292" /><ent r="7" t="15" w="327" /><ent r="7" t="15" w="327" /><ent r="100" t="16" w="21" /><ent r="100" t="16" w="21" /><ent r="9" t="16" w="602" /><ent r="9" t="16" w="602" /><ent r="8" t="16" w="1125" /><ent r="8" t="16" w="1143" /><ent r="8" t="16" w="1176" /><ent r="8" t="16" w="1208" /><ent r="8" t="16" w="1233" /><ent r="8" t="16" w="1255" /><ent r="68" t="16" w="1293" /><ent r="68" t="16" w="1293" /><ent r="8" t="16" w="1303" /><ent r="100" t="31" w="10" /><ent r="100" t="31" w="10" /><ent r="3" t="31" w="83" /><ent r="3" t="31" w="83" /><ent r="3" t="31" w="120" /><ent r="3" t="31" w="201" /><ent r="3" t="31" w="513" /><ent r="3" t="31" w="695" /><ent r="3" t="31" w="695" /><ent r="3" t="31" w="1001" /><ent r="3" t="31" w="1001" /><ent r="7" t="31" w="1216" /><ent r="7" t="31" w="1216" /><ent r="3" t="31" w="1367" /><ent r="3" t="31" w="1367" /><ent r="3" t="31" w="1379" /><ent r="3" t="31" w="1379" /><ent r="3" t="31" w="1442" /><ent r="3" t="31" w="1442" /><ent r="7" t="45" w="320" /><ent r="7" t="45" w="320" /></phr><phr n="Monitoring"><ent r="100" t="15" w="120" /><ent r="4" t="15" w="206" /><ent r="4" t="15" w="206" /><ent r="3" t="15" w="216" /><ent r="3" t="15" w="216" /><ent r="5" t="15" w="229" /><ent r="5" t="15" w="229" /><ent r="68" t="15" w="314" /><ent r="68" t="15" w="314" /><ent r="68" t="15" w="463" /><ent r="68" t="15" w="463" /><ent r="68" t="15" w="530" /><ent r="68" t="15" w="530" /><ent r="68" t="15" w="615" /><ent r="68" t="15" w="615" /><ent r="68" t="15" w="649" /><ent r="68" t="15" w="649" /><ent r="1000" t="16" w="5" /><ent r="1000" t="16" w="5" /><ent r="100" t="16" w="11" /><ent r="100" t="16" w="11" /><ent r="100" t="16" w="16" /><ent r="102" t="16" w="27" /><ent r="102" t="16" w="27" /><ent r="65" t="16" w="70" /><ent r="65" t="16" w="70" /><ent r="4" t="16" w="79" /><ent r="4" t="16" w="79" /><ent r="65" t="16" w="244" /><ent r="65" t="16" w="244" /><ent r="4" t="16" w="1038" /><ent r="4" t="16" w="1038" /><ent r="68" t="16" w="1164" /><ent r="68" t="16" w="1164" /><ent r="68" t="16" w="1278" /><ent r="68" t="16" w="1278" /><ent r="66" t="31" w="43" /><ent r="66" t="31" w="43" /><ent r="92" t="31" w="150" /><ent r="92" t="31" w="150" /><ent r="3" t="31" w="155" /><ent r="3" t="31" w="155" /><ent r="64" t="31" w="879" /><ent r="64" t="31" w="879" /><ent r="64" t="31" w="1017" /><ent r="64" t="31" w="1017" /><ent r="100" t="31" w="1022" /><ent r="7" t="31" w="1238" /><ent r="7" t="31" w="1238" /><ent r="64" t="31" w="1359" /><ent r="64" t="31" w="1359" /><ent r="100" t="31" w="1369" /><ent r="100" t="31" w="1372" /><ent r="100" t="31" w="1432" /></phr></stem><stem n="nitori"><phr n="monitoring"><ent r="100" t="15" w="12" /><ent r="100" t="15" w="12" /><ent r="3" t="15" w="111" /><ent r="7" t="15" w="249" /><ent r="7" t="15" w="249" /><ent r="8" t="15" w="271" /><ent r="8" t="15" w="271" /><ent r="7" t="15" w="279" /><ent r="7" t="15" w="279" /><ent r="7" t="15" w="292" /><ent r="7" t="15" w="292" /><ent r="7" t="15" w="327" /><ent r="7" t="15" w="327" /><ent r="100" t="16" w="21" /><ent r="100" t="16" w="21" /><ent r="9" t="16" w="602" /><ent r="9" t="16" w="602" /><ent r="8" t="16" w="1125" /><ent r="8" t="16" w="1143" /><ent r="8" t="16" w="1176" /><ent r="8" t="16" w="1208" /><ent r="8" t="16" w="1233" /><ent r="8" t="16" w="1255" /><ent r="68" t="16" w="1293" /><ent r="68" t="16" w="1293" /><ent r="8" t="16" w="1303" /><ent r="100" t="31" w="10" /><ent r="100" t="31" w="10" /><ent r="3" t="31" w="83" /><ent r="3" t="31" w="83" /><ent r="3" t="31" w="120" /><ent r="3" t="31" w="201" /><ent r="3" t="31" w="513" /><ent r="3" t="31" w="695" /><ent r="3" t="31" w="695" /><ent r="3" t="31" w="1001" /><ent r="3" t="31" w="1001" /><ent r="7" t="31" w="1216" /><ent r="7" t="31" w="1216" /><ent r="3" t="31" w="1367" /><ent r="3" t="31" w="1367" /><ent r="3" t="31" w="1379" /><ent r="3" t="31" w="1379" /><ent r="3" t="31" w="1442" /><ent r="3" t="31" w="1442" /><ent r="7" t="45" w="320" /><ent r="7" t="45" w="320" /></phr><phr n="Monitoring"><ent r="100" t="15" w="120" /><ent r="4" t="15" w="206" /><ent r="4" t="15" w="206" /><ent r="3" t="15" w="216" /><ent r="3" t="15" w="216" /><ent r="5" t="15" w="229" /><ent r="5" t="15" w="229" /><ent r="68" t="15" w="314" /><ent r="68" t="15" w="314" /><ent r="68" t="15" w="463" /><ent r="68" t="15" w="463" /><ent r="68" t="15" w="530" /><ent r="68" t="15" w="530" /><ent r="68" t="15" w="615" /><ent r="68" t="15" w="615" /><ent r="68" t="15" w="649" /><ent r="68" t="15" w="649" /><ent r="1000" t="16" w="5" /><ent r="1000" t="16" w="5" /><ent r="100" t="16" w="11" /><ent r="100" t="16" w="11" /><ent r="100" t="16" w="16" /><ent r="102" t="16" w="27" /><ent r="102" t="16" w="27" /><ent r="65" t="16" w="70" /><ent r="65" t="16" w="70" /><ent r="4" t="16" w="79" /><ent r="4" t="16" w="79" /><ent r="65" t="16" w="244" /><ent r="65" t="16" w="244" /><ent r="4" t="16" w="1038" /><ent r="4" t="16" w="1038" /><ent r="68" t="16" w="1164" /><ent r="68" t="16" w="1164" /><ent r="68" t="16" w="1278" /><ent r="68" t="16" w="1278" /><ent r="66" t="31" w="43" /><ent r="66" t="31" w="43" /><ent r="92" t="31" w="150" /><ent r="92" t="31" w="150" /><ent r="3" t="31" w="155" /><ent r="3" t="31" w="155" /><ent r="64" t="31" w="879" /><ent r="64" t="31" w="879" /><ent r="64" t="31" w="1017" /><ent r="64" t="31" w="1017" /><ent r="100" t="31" w="1022" /><ent r="7" t="31" w="1238" /><ent r="7" t="31" w="1238" /><ent r="64" t="31" w="1359" /><ent r="64" t="31" w="1359" /><ent r="100" t="31" w="1369" /><ent r="100" t="31" w="1372" /><ent r="100" t="31" w="1432" /></phr></stem><stem n="itorin"><phr n="monitoring"><ent r="100" t="15" w="12" /><ent r="100" t="15" w="12" /><ent r="3" t="15" w="111" /><ent r="7" t="15" w="249" /><ent r="7" t="15" w="249" /><ent r="8" t="15" w="271" /><ent r="8" t="15" w="271" /><ent r="7" t="15" w="279" /><ent r="7" t="15" w="279" /><ent r="7" t="15" w="292" /><ent r="7" t="15" w="292" /><ent r="7" t="15" w="327" /><ent r="7" t="15" w="327" /><ent r="100" t="16" w="21" /><ent r="100" t="16" w="21" /><ent r="9" t="16" w="602" /><ent r="9" t="16" w="602" /><ent r="8" t="16" w="1125" /><ent r="8" t="16" w="1143" /><ent r="8" t="16" w="1176" /><ent r="8" t="16" w="1208" /><ent r="8" t="16" w="1233" /><ent r="8" t="16" w="1255" /><ent r="68" t="16" w="1293" /><ent r="68" t="16" w="1293" /><ent r="8" t="16" w="1303" /><ent r="100" t="31" w="10" /><ent r="100" t="31" w="10" /><ent r="3" t="31" w="83" /><ent r="3" t="31" w="83" /><ent r="3" t="31" w="120" /><ent r="3" t="31" w="201" /><ent r="3" t="31" w="513" /><ent r="3" t="31" w="695" /><ent r="3" t="31" w="695" /><ent r="3" t="31" w="1001" /><ent r="3" t="31" w="1001" /><ent r="7" t="31" w="1216" /><ent r="7" t="31" w="1216" /><ent r="3" t="31" w="1367" /><ent r="3" t="31" w="1367" /><ent r="3" t="31" w="1379" /><ent r="3" t="31" w="1379" /><ent r="3" t="31" w="1442" /><ent r="3" t="31" w="1442" /><ent r="7" t="45" w="320" /><ent r="7" t="45" w="320" /></phr><phr n="Monitoring"><ent r="100" t="15" w="120" /><ent r="4" t="15" w="206" /><ent r="4" t="15" w="206" /><ent r="3" t="15" w="216" /><ent r="3" t="15" w="216" /><ent r="5" t="15" w="229" /><ent r="5" t="15" w="229" /><ent r="68" t="15" w="314" /><ent r="68" t="15" w="314" /><ent r="68" t="15" w="463" /><ent r="68" t="15" w="463" /><ent r="68" t="15" w="530" /><ent r="68" t="15" w="530" /><ent r="68" t="15" w="615" /><ent r="68" t="15" w="615" /><ent r="68" t="15" w="649" /><ent r="68" t="15" w="649" /><ent r="1000" t="16" w="5" /><ent r="1000" t="16" w="5" /><ent r="100" t="16" w="11" /><ent r="100" t="16" w="11" /><ent r="100" t="16" w="16" /><ent r="102" t="16" w="27" /><ent r="102" t="16" w="27" /><ent r="65" t="16" w="70" /><ent r="65" t="16" w="70" /><ent r="4" t="16" w="79" /><ent r="4" t="16" w="79" /><ent r="65" t="16" w="244" /><ent r="65" t="16" w="244" /><ent r="4" t="16" w="1038" /><ent r="4" t="16" w="1038" /><ent r="68" t="16" w="1164" /><ent r="68" t="16" w="1164" /><ent r="68" t="16" w="1278" /><ent r="68" t="16" w="1278" /><ent r="66" t="31" w="43" /><ent r="66" t="31" w="43" /><ent r="92" t="31" w="150" /><ent r="92" t="31" w="150" /><ent r="3" t="31" w="155" /><ent r="3" t="31" w="155" /><ent r="64" t="31" w="879" /><ent r="64" t="31" w="879" /><ent r="64" t="31" w="1017" /><ent r="64" t="31" w="1017" /><ent r="100" t="31" w="1022" /><ent r="7" t="31" w="1238" /><ent r="7" t="31" w="1238" /><ent r="64" t="31" w="1359" /><ent r="64" t="31" w="1359" /><ent r="100" t="31" w="1369" /><ent r="100" t="31" w="1372" /><ent r="100" t="31" w="1432" /></phr></stem></index>