<?xml version="1.0" encoding="utf-8"?><index><stem n="reque"><phr n="Request"><ent r="5" t="16" w="202" /><ent r="5" t="16" w="202" /><ent r="5" t="16" w="864" /><ent r="5" t="16" w="864" /><ent r="100" t="16" w="867" /><ent r="100" t="16" w="867" /><ent r="5" t="16" w="871" /><ent r="5" t="16" w="871" /><ent r="7" t="16" w="877" /><ent r="7" t="16" w="877" /><ent r="10" t="16" w="954" /><ent r="10" t="16" w="954" /><ent r="5" t="31" w="815" /></phr><phr n="request"><ent r="3" t="16" w="206" /><ent r="3" t="16" w="206" /><ent r="9" t="16" w="895" /><ent r="9" t="16" w="963" /><ent r="9" t="16" w="963" /><ent r="9" t="16" w="1001" /><ent r="4" t="27" w="891" /><ent r="4" t="27" w="891" /><ent r="6" t="29" w="105" /><ent r="6" t="29" w="105" /><ent r="6" t="29" w="207" /><ent r="6" t="29" w="207" /><ent r="4" t="31" w="819" /><ent r="4" t="31" w="819" /></phr><phr n="requested"><ent r="3" t="26" w="103" /><ent r="3" t="26" w="103" /><ent r="4" t="27" w="208" /><ent r="4" t="27" w="208" /></phr><phr n="requests"><ent r="3" t="26" w="123" /><ent r="6" t="29" w="47" /><ent r="6" t="29" w="47" /><ent r="6" t="29" w="63" /><ent r="6" t="29" w="63" /><ent r="6" t="29" w="77" /><ent r="6" t="29" w="77" /><ent r="3" t="29" w="479" /><ent r="3" t="29" w="479" /><ent r="3" t="29" w="511" /><ent r="3" t="29" w="511" /><ent r="3" t="29" w="543" /><ent r="3" t="29" w="543" /></phr><phr n="Requestor"><ent r="4" t="26" w="575" /><ent r="4" t="26" w="575" /><ent r="4" t="26" w="609" /><ent r="4" t="26" w="609" /><ent r="5" t="27" w="127" /><ent r="5" t="27" w="127" /><ent r="4" t="27" w="295" /><ent r="4" t="27" w="295" /><ent r="4" t="27" w="320" /><ent r="4" t="27" w="320" /><ent r="4" t="27" w="530" /><ent r="4" t="27" w="530" /><ent r="4" t="27" w="622" /><ent r="4" t="27" w="622" /><ent r="4" t="27" w="965" /><ent r="4" t="27" w="965" /><ent r="4" t="36" w="144" /><ent r="4" t="36" w="144" /></phr><phr n="requestor"><ent r="4" t="27" w="138" /><ent r="4" t="27" w="138" /><ent r="4" t="27" w="146" /><ent r="4" t="27" w="474" /></phr><phr n="Requests"><ent r="3" t="29" w="504" /><ent r="3" t="29" w="509" /></phr><phr n="frequency"><ent r="3" t="31" w="163" /><ent r="3" t="31" w="163" /></phr><phr n="requestors"><ent r="4" t="36" w="96" /><ent r="4" t="36" w="96" /></phr><phr n="requesting"><ent r="3" t="45" w="41" /><ent r="3" t="45" w="41" /></phr></stem><stem n="eques"><phr n="Request"><ent r="5" t="16" w="202" /><ent r="5" t="16" w="202" /><ent r="5" t="16" w="864" /><ent r="5" t="16" w="864" /><ent r="100" t="16" w="867" /><ent r="100" t="16" w="867" /><ent r="5" t="16" w="871" /><ent r="5" t="16" w="871" /><ent r="7" t="16" w="877" /><ent r="7" t="16" w="877" /><ent r="10" t="16" w="954" /><ent r="10" t="16" w="954" /><ent r="5" t="31" w="815" /></phr><phr n="request"><ent r="3" t="16" w="206" /><ent r="3" t="16" w="206" /><ent r="9" t="16" w="895" /><ent r="9" t="16" w="963" /><ent r="9" t="16" w="963" /><ent r="9" t="16" w="1001" /><ent r="4" t="27" w="891" /><ent r="4" t="27" w="891" /><ent r="6" t="29" w="105" /><ent r="6" t="29" w="105" /><ent r="6" t="29" w="207" /><ent r="6" t="29" w="207" /><ent r="4" t="31" w="819" /><ent r="4" t="31" w="819" /></phr><phr n="requested"><ent r="3" t="26" w="103" /><ent r="3" t="26" w="103" /><ent r="4" t="27" w="208" /><ent r="4" t="27" w="208" /></phr><phr n="requests"><ent r="3" t="26" w="123" /><ent r="6" t="29" w="47" /><ent r="6" t="29" w="47" /><ent r="6" t="29" w="63" /><ent r="6" t="29" w="63" /><ent r="6" t="29" w="77" /><ent r="6" t="29" w="77" /><ent r="3" t="29" w="479" /><ent r="3" t="29" w="479" /><ent r="3" t="29" w="511" /><ent r="3" t="29" w="511" /><ent r="3" t="29" w="543" /><ent r="3" t="29" w="543" /></phr><phr n="Requestor"><ent r="4" t="26" w="575" /><ent r="4" t="26" w="575" /><ent r="4" t="26" w="609" /><ent r="4" t="26" w="609" /><ent r="5" t="27" w="127" /><ent r="5" t="27" w="127" /><ent r="4" t="27" w="295" /><ent r="4" t="27" w="295" /><ent r="4" t="27" w="320" /><ent r="4" t="27" w="320" /><ent r="4" t="27" w="530" /><ent r="4" t="27" w="530" /><ent r="4" t="27" w="622" /><ent r="4" t="27" w="622" /><ent r="4" t="27" w="965" /><ent r="4" t="27" w="965" /><ent r="4" t="36" w="144" /><ent r="4" t="36" w="144" /></phr><phr n="requestor"><ent r="4" t="27" w="138" /><ent r="4" t="27" w="138" /><ent r="4" t="27" w="146" /><ent r="4" t="27" w="474" /></phr><phr n="Requests"><ent r="3" t="29" w="504" /><ent r="3" t="29" w="509" /></phr><phr n="requestors"><ent r="4" t="36" w="96" /><ent r="4" t="36" w="96" /></phr><phr n="requesting"><ent r="3" t="45" w="41" /><ent r="3" t="45" w="41" /></phr></stem><stem n="quest"><phr n="Request"><ent r="5" t="16" w="202" /><ent r="5" t="16" w="202" /><ent r="5" t="16" w="864" /><ent r="5" t="16" w="864" /><ent r="100" t="16" w="867" /><ent r="100" t="16" w="867" /><ent r="5" t="16" w="871" /><ent r="5" t="16" w="871" /><ent r="7" t="16" w="877" /><ent r="7" t="16" w="877" /><ent r="10" t="16" w="954" /><ent r="10" t="16" w="954" /><ent r="5" t="31" w="815" /></phr><phr n="request"><ent r="3" t="16" w="206" /><ent r="3" t="16" w="206" /><ent r="9" t="16" w="895" /><ent r="9" t="16" w="963" /><ent r="9" t="16" w="963" /><ent r="9" t="16" w="1001" /><ent r="4" t="27" w="891" /><ent r="4" t="27" w="891" /><ent r="6" t="29" w="105" /><ent r="6" t="29" w="105" /><ent r="6" t="29" w="207" /><ent r="6" t="29" w="207" /><ent r="4" t="31" w="819" /><ent r="4" t="31" w="819" /></phr><phr n="requested"><ent r="3" t="26" w="103" /><ent r="3" t="26" w="103" /><ent r="4" t="27" w="208" /><ent r="4" t="27" w="208" /></phr><phr n="requests"><ent r="3" t="26" w="123" /><ent r="6" t="29" w="47" /><ent r="6" t="29" w="47" /><ent r="6" t="29" w="63" /><ent r="6" t="29" w="63" /><ent r="6" t="29" w="77" /><ent r="6" t="29" w="77" /><ent r="3" t="29" w="479" /><ent r="3" t="29" w="479" /><ent r="3" t="29" w="511" /><ent r="3" t="29" w="511" /><ent r="3" t="29" w="543" /><ent r="3" t="29" w="543" /></phr><phr n="Requestor"><ent r="4" t="26" w="575" /><ent r="4" t="26" w="575" /><ent r="4" t="26" w="609" /><ent r="4" t="26" w="609" /><ent r="5" t="27" w="127" /><ent r="5" t="27" w="127" /><ent r="4" t="27" w="295" /><ent r="4" t="27" w="295" /><ent r="4" t="27" w="320" /><ent r="4" t="27" w="320" /><ent r="4" t="27" w="530" /><ent r="4" t="27" w="530" /><ent r="4" t="27" w="622" /><ent r="4" t="27" w="622" /><ent r="4" t="27" w="965" /><ent r="4" t="27" w="965" /><ent r="4" t="36" w="144" /><ent r="4" t="36" w="144" /></phr><phr n="requestor"><ent r="4" t="27" w="138" /><ent r="4" t="27" w="138" /><ent r="4" t="27" w="146" /><ent r="4" t="27" w="474" /></phr><phr n="Requests"><ent r="3" t="29" w="504" /><ent r="3" t="29" w="509" /></phr><phr n="requestors"><ent r="4" t="36" w="96" /><ent r="4" t="36" w="96" /></phr><phr n="requesting"><ent r="3" t="45" w="41" /><ent r="3" t="45" w="41" /></phr></stem><stem n="reques"><phr n="Request"><ent r="5" t="16" w="202" /><ent r="5" t="16" w="202" /><ent r="5" t="16" w="864" /><ent r="5" t="16" w="864" /><ent r="100" t="16" w="867" /><ent r="100" t="16" w="867" /><ent r="5" t="16" w="871" /><ent r="5" t="16" w="871" /><ent r="7" t="16" w="877" /><ent r="7" t="16" w="877" /><ent r="10" t="16" w="954" /><ent r="10" t="16" w="954" /><ent r="5" t="31" w="815" /></phr><phr n="request"><ent r="3" t="16" w="206" /><ent r="3" t="16" w="206" /><ent r="9" t="16" w="895" /><ent r="9" t="16" w="963" /><ent r="9" t="16" w="963" /><ent r="9" t="16" w="1001" /><ent r="4" t="27" w="891" /><ent r="4" t="27" w="891" /><ent r="6" t="29" w="105" /><ent r="6" t="29" w="105" /><ent r="6" t="29" w="207" /><ent r="6" t="29" w="207" /><ent r="4" t="31" w="819" /><ent r="4" t="31" w="819" /></phr><phr n="requested"><ent r="3" t="26" w="103" /><ent r="3" t="26" w="103" /><ent r="4" t="27" w="208" /><ent r="4" t="27" w="208" /></phr><phr n="requests"><ent r="3" t="26" w="123" /><ent r="6" t="29" w="47" /><ent r="6" t="29" w="47" /><ent r="6" t="29" w="63" /><ent r="6" t="29" w="63" /><ent r="6" t="29" w="77" /><ent r="6" t="29" w="77" /><ent r="3" t="29" w="479" /><ent r="3" t="29" w="479" /><ent r="3" t="29" w="511" /><ent r="3" t="29" w="511" /><ent r="3" t="29" w="543" /><ent r="3" t="29" w="543" /></phr><phr n="Requestor"><ent r="4" t="26" w="575" /><ent r="4" t="26" w="575" /><ent r="4" t="26" w="609" /><ent r="4" t="26" w="609" /><ent r="5" t="27" w="127" /><ent r="5" t="27" w="127" /><ent r="4" t="27" w="295" /><ent r="4" t="27" w="295" /><ent r="4" t="27" w="320" /><ent r="4" t="27" w="320" /><ent r="4" t="27" w="530" /><ent r="4" t="27" w="530" /><ent r="4" t="27" w="622" /><ent r="4" t="27" w="622" /><ent r="4" t="27" w="965" /><ent r="4" t="27" w="965" /><ent r="4" t="36" w="144" /><ent r="4" t="36" w="144" /></phr><phr n="requestor"><ent r="4" t="27" w="138" /><ent r="4" t="27" w="138" /><ent r="4" t="27" w="146" /><ent r="4" t="27" w="474" /></phr><phr n="Requests"><ent r="3" t="29" w="504" /><ent r="3" t="29" w="509" /></phr><phr n="requestors"><ent r="4" t="36" w="96" /><ent r="4" t="36" w="96" /></phr><phr n="requesting"><ent r="3" t="45" w="41" /><ent r="3" t="45" w="41" /></phr></stem><stem n="equest"><phr n="Request"><ent r="5" t="16" w="202" /><ent r="5" t="16" w="202" /><ent r="5" t="16" w="864" /><ent r="5" t="16" w="864" /><ent r="100" t="16" w="867" /><ent r="100" t="16" w="867" /><ent r="5" t="16" w="871" /><ent r="5" t="16" w="871" /><ent r="7" t="16" w="877" /><ent r="7" t="16" w="877" /><ent r="10" t="16" w="954" /><ent r="10" t="16" w="954" /><ent r="5" t="31" w="815" /></phr><phr n="request"><ent r="3" t="16" w="206" /><ent r="3" t="16" w="206" /><ent r="9" t="16" w="895" /><ent r="9" t="16" w="963" /><ent r="9" t="16" w="963" /><ent r="9" t="16" w="1001" /><ent r="4" t="27" w="891" /><ent r="4" t="27" w="891" /><ent r="6" t="29" w="105" /><ent r="6" t="29" w="105" /><ent r="6" t="29" w="207" /><ent r="6" t="29" w="207" /><ent r="4" t="31" w="819" /><ent r="4" t="31" w="819" /></phr><phr n="requested"><ent r="3" t="26" w="103" /><ent r="3" t="26" w="103" /><ent r="4" t="27" w="208" /><ent r="4" t="27" w="208" /></phr><phr n="requests"><ent r="3" t="26" w="123" /><ent r="6" t="29" w="47" /><ent r="6" t="29" w="47" /><ent r="6" t="29" w="63" /><ent r="6" t="29" w="63" /><ent r="6" t="29" w="77" /><ent r="6" t="29" w="77" /><ent r="3" t="29" w="479" /><ent r="3" t="29" w="479" /><ent r="3" t="29" w="511" /><ent r="3" t="29" w="511" /><ent r="3" t="29" w="543" /><ent r="3" t="29" w="543" /></phr><phr n="Requestor"><ent r="4" t="26" w="575" /><ent r="4" t="26" w="575" /><ent r="4" t="26" w="609" /><ent r="4" t="26" w="609" /><ent r="5" t="27" w="127" /><ent r="5" t="27" w="127" /><ent r="4" t="27" w="295" /><ent r="4" t="27" w="295" /><ent r="4" t="27" w="320" /><ent r="4" t="27" w="320" /><ent r="4" t="27" w="530" /><ent r="4" t="27" w="530" /><ent r="4" t="27" w="622" /><ent r="4" t="27" w="622" /><ent r="4" t="27" w="965" /><ent r="4" t="27" w="965" /><ent r="4" t="36" w="144" /><ent r="4" t="36" w="144" /></phr><phr n="requestor"><ent r="4" t="27" w="138" /><ent r="4" t="27" w="138" /><ent r="4" t="27" w="146" /><ent r="4" t="27" w="474" /></phr><phr n="Requests"><ent r="3" t="29" w="504" /><ent r="3" t="29" w="509" /></phr><phr n="requestors"><ent r="4" t="36" w="96" /><ent r="4" t="36" w="96" /></phr><phr n="requesting"><ent r="3" t="45" w="41" /><ent r="3" t="45" w="41" /></phr></stem><stem n="method"><phr n="method"><ent r="3" t="16" w="221" /><ent r="3" t="16" w="221" /><ent r="9" t="16" w="903" /><ent r="9" t="16" w="903" /><ent r="9" t="16" w="952" /></phr><phr n="Method"><ent r="10" t="16" w="898" /><ent r="10" t="16" w="898" /></phr><phr n="methods"><ent r="4" t="31" w="826" /></phr></stem><stem n="meth"><phr n="method"><ent r="3" t="16" w="221" /><ent r="3" t="16" w="221" /><ent r="9" t="16" w="903" /><ent r="9" t="16" w="903" /><ent r="9" t="16" w="952" /></phr><phr n="Method"><ent r="10" t="16" w="898" /><ent r="10" t="16" w="898" /></phr><phr n="methods"><ent r="4" t="31" w="826" /></phr></stem><stem n="etho"><phr n="method"><ent r="3" t="16" w="221" /><ent r="3" t="16" w="221" /><ent r="9" t="16" w="903" /><ent r="9" t="16" w="903" /><ent r="9" t="16" w="952" /></phr><phr n="Method"><ent r="10" t="16" w="898" /><ent r="10" t="16" w="898" /></phr><phr n="methods"><ent r="4" t="31" w="826" /></phr></stem><stem n="thod"><phr n="method"><ent r="3" t="16" w="221" /><ent r="3" t="16" w="221" /><ent r="9" t="16" w="903" /><ent r="9" t="16" w="903" /><ent r="9" t="16" w="952" /></phr><phr n="Method"><ent r="10" t="16" w="898" /><ent r="10" t="16" w="898" /></phr><phr n="methods"><ent r="4" t="31" w="826" /></phr></stem><stem n="metho"><phr n="method"><ent r="3" t="16" w="221" /><ent r="3" t="16" w="221" /><ent r="9" t="16" w="903" /><ent r="9" t="16" w="903" /><ent r="9" t="16" w="952" /></phr><phr n="Method"><ent r="10" t="16" w="898" /><ent r="10" t="16" w="898" /></phr><phr n="methods"><ent r="4" t="31" w="826" /></phr></stem><stem n="ethod"><phr n="method"><ent r="3" t="16" w="221" /><ent r="3" t="16" w="221" /><ent r="9" t="16" w="903" /><ent r="9" t="16" w="903" /><ent r="9" t="16" w="952" /></phr><phr n="Method"><ent r="10" t="16" w="898" /><ent r="10" t="16" w="898" /></phr><phr n="methods"><ent r="4" t="31" w="826" /></phr></stem><stem n="post"><phr n="POST"><ent r="3" t="16" w="226" /><ent r="9" t="16" w="908" /><ent r="9" t="16" w="950" /><ent r="4" t="31" w="825" /><ent r="4" t="31" w="825" /></phr></stem><stem n="explain"><phr n="explains"><ent r="4" t="16" w="277" /><ent r="4" t="16" w="277" /><ent r="4" t="28" w="75" /><ent r="4" t="28" w="75" /><ent r="7" t="36" w="1725" /><ent r="7" t="36" w="1725" /></phr></stem><stem n="xpla"><phr n="explains"><ent r="4" t="16" w="277" /><ent r="4" t="16" w="277" /><ent r="4" t="28" w="75" /><ent r="4" t="28" w="75" /><ent r="7" t="36" w="1725" /><ent r="7" t="36" w="1725" /></phr><phr n="Explanation"><ent r="64" t="26" w="55" /><ent r="64" t="26" w="55" /><ent r="68" t="28" w="154" /><ent r="68" t="28" w="154" /><ent r="1000" t="29" w="1" /><ent r="1000" t="29" w="1" /><ent r="100" t="29" w="6" /><ent r="100" t="29" w="6" /><ent r="102" t="29" w="11" /><ent r="102" t="29" w="11" /></phr><phr n="explanation"><ent r="3" t="31" w="1178" /><ent r="3" t="31" w="1178" /><ent r="7" t="36" w="789" /><ent r="7" t="36" w="789" /><ent r="3" t="36" w="1478" /><ent r="3" t="36" w="1478" /></phr></stem><stem n="plai"><phr n="explains"><ent r="4" t="16" w="277" /><ent r="4" t="16" w="277" /><ent r="4" t="28" w="75" /><ent r="4" t="28" w="75" /><ent r="7" t="36" w="1725" /><ent r="7" t="36" w="1725" /></phr><phr n="Plain"><ent r="10" t="16" w="350" /><ent r="10" t="16" w="350" /></phr><phr n="play"><ent r="3" t="34" w="885" /><ent r="3" t="34" w="885" /></phr></stem><stem n="lain"><phr n="explains"><ent r="4" t="16" w="277" /><ent r="4" t="16" w="277" /><ent r="4" t="28" w="75" /><ent r="4" t="28" w="75" /><ent r="7" t="36" w="1725" /><ent r="7" t="36" w="1725" /></phr><phr n="Plain"><ent r="10" t="16" w="350" /><ent r="10" t="16" w="350" /></phr></stem><stem n="expla"><phr n="explains"><ent r="4" t="16" w="277" /><ent r="4" t="16" w="277" /><ent r="4" t="28" w="75" /><ent r="4" t="28" w="75" /><ent r="7" t="36" w="1725" /><ent r="7" t="36" w="1725" /></phr><phr n="Explanation"><ent r="64" t="26" w="55" /><ent r="64" t="26" w="55" /><ent r="68" t="28" w="154" /><ent r="68" t="28" w="154" /><ent r="1000" t="29" w="1" /><ent r="1000" t="29" w="1" /><ent r="100" t="29" w="6" /><ent r="100" t="29" w="6" /><ent r="102" t="29" w="11" /><ent r="102" t="29" w="11" /></phr><phr n="explanation"><ent r="3" t="31" w="1178" /><ent r="3" t="31" w="1178" /><ent r="7" t="36" w="789" /><ent r="7" t="36" w="789" /><ent r="3" t="36" w="1478" /><ent r="3" t="36" w="1478" /></phr></stem><stem n="xplai"><phr n="explains"><ent r="4" t="16" w="277" /><ent r="4" t="16" w="277" /><ent r="4" t="28" w="75" /><ent r="4" t="28" w="75" /><ent r="7" t="36" w="1725" /><ent r="7" t="36" w="1725" /></phr></stem><stem n="plain"><phr n="explains"><ent r="4" t="16" w="277" /><ent r="4" t="16" w="277" /><ent r="4" t="28" w="75" /><ent r="4" t="28" w="75" /><ent r="7" t="36" w="1725" /><ent r="7" t="36" w="1725" /></phr><phr n="Plain"><ent r="10" t="16" w="350" /><ent r="10" t="16" w="350" /></phr></stem><stem n="lains"><phr n="explains"><ent r="4" t="16" w="277" /><ent r="4" t="16" w="277" /><ent r="4" t="28" w="75" /><ent r="4" t="28" w="75" /><ent r="7" t="36" w="1725" /><ent r="7" t="36" w="1725" /></phr></stem><stem n="explai"><phr n="explains"><ent r="4" t="16" w="277" /><ent r="4" t="16" w="277" /><ent r="4" t="28" w="75" /><ent r="4" t="28" w="75" /><ent r="7" t="36" w="1725" /><ent r="7" t="36" w="1725" /></phr></stem><stem n="xplain"><phr n="explains"><ent r="4" t="16" w="277" /><ent r="4" t="16" w="277" /><ent r="4" t="28" w="75" /><ent r="4" t="28" w="75" /><ent r="7" t="36" w="1725" /><ent r="7" t="36" w="1725" /></phr></stem><stem n="plains"><phr n="explains"><ent r="4" t="16" w="277" /><ent r="4" t="16" w="277" /><ent r="4" t="28" w="75" /><ent r="4" t="28" w="75" /><ent r="7" t="36" w="1725" /><ent r="7" t="36" w="1725" /></phr></stem><stem n="xplains"><phr n="explains"><ent r="4" t="16" w="277" /><ent r="4" t="16" w="277" /><ent r="4" t="28" w="75" /><ent r="4" t="28" w="75" /><ent r="7" t="36" w="1725" /><ent r="7" t="36" w="1725" /></phr></stem><stem n="explains"><phr n="explains"><ent r="4" t="16" w="277" /><ent r="4" t="16" w="277" /><ent r="4" t="28" w="75" /><ent r="4" t="28" w="75" /><ent r="7" t="36" w="1725" /><ent r="7" t="36" w="1725" /></phr></stem><stem n="mind"><phr n="mind"><ent r="4" t="16" w="285" /><ent r="4" t="16" w="285" /></phr></stem><stem n="drop-down"><phr n="drop-down"><ent r="4" t="16" w="305" /><ent r="4" t="16" w="305" /><ent r="9" t="16" w="631" /><ent r="9" t="16" w="631" /><ent r="9" t="16" w="795" /><ent r="9" t="16" w="795" /><ent r="9" t="16" w="929" /><ent r="9" t="16" w="929" /><ent r="9" t="16" w="978" /><ent r="9" t="16" w="978" /><ent r="4" t="17" w="228" /><ent r="4" t="17" w="228" /><ent r="3" t="17" w="272" /><ent r="3" t="17" w="272" /><ent r="4" t="26" w="173" /><ent r="4" t="26" w="173" /><ent r="4" t="26" w="362" /><ent r="4" t="26" w="362" /><ent r="4" t="26" w="468" /><ent r="4" t="26" w="468" /><ent r="3" t="27" w="576" /><ent r="3" t="27" w="576" /><ent r="3" t="27" w="644" /><ent r="3" t="27" w="644" /><ent r="3" t="34" w="1192" /><ent r="3" t="34" w="1192" /><ent r="4" t="34" w="1231" /><ent r="4" t="34" w="1231" /><ent r="7" t="36" w="261" /><ent r="7" t="36" w="261" /><ent r="7" t="36" w="835" /><ent r="7" t="36" w="835" /><ent r="6" t="41" w="163" /><ent r="6" t="41" w="163" /><ent r="6" t="41" w="179" /><ent r="6" t="41" w="179" /><ent r="6" t="41" w="214" /><ent r="6" t="41" w="214" /></phr></stem><stem n="drop"><phr n="drop-down"><ent r="4" t="16" w="305" /><ent r="4" t="16" w="305" /><ent r="9" t="16" w="631" /><ent r="9" t="16" w="631" /><ent r="9" t="16" w="795" /><ent r="9" t="16" w="795" /><ent r="9" t="16" w="929" /><ent r="9" t="16" w="929" /><ent r="9" t="16" w="978" /><ent r="9" t="16" w="978" /><ent r="4" t="17" w="228" /><ent r="4" t="17" w="228" /><ent r="3" t="17" w="272" /><ent r="3" t="17" w="272" /><ent r="4" t="26" w="173" /><ent r="4" t="26" w="173" /><ent r="4" t="26" w="362" /><ent r="4" t="26" w="362" /><ent r="4" t="26" w="468" /><ent r="4" t="26" w="468" /><ent r="3" t="27" w="576" /><ent r="3" t="27" w="576" /><ent r="3" t="27" w="644" /><ent r="3" t="27" w="644" /><ent r="3" t="34" w="1192" /><ent r="3" t="34" w="1192" /><ent r="4" t="34" w="1231" /><ent r="4" t="34" w="1231" /><ent r="7" t="36" w="261" /><ent r="7" t="36" w="261" /><ent r="7" t="36" w="835" /><ent r="7" t="36" w="835" /><ent r="6" t="41" w="163" /><ent r="6" t="41" w="163" /><ent r="6" t="41" w="179" /><ent r="6" t="41" w="179" /><ent r="6" t="41" w="214" /><ent r="6" t="41" w="214" /></phr><phr n="drop"><ent r="4" t="16" w="305" /><ent r="9" t="16" w="631" /><ent r="9" t="16" w="795" /><ent r="9" t="16" w="929" /><ent r="9" t="16" w="978" /><ent r="4" t="17" w="228" /><ent r="3" t="17" w="272" /><ent r="4" t="26" w="173" /><ent r="4" t="26" w="362" /><ent r="4" t="26" w="468" /><ent r="3" t="27" w="576" /><ent r="3" t="27" w="644" /><ent r="3" t="34" w="1192" /><ent r="4" t="34" w="1231" /><ent r="7" t="36" w="261" /><ent r="7" t="36" w="835" /><ent r="6" t="41" w="163" /><ent r="6" t="41" w="179" /><ent r="6" t="41" w="214" /></phr></stem><stem n="-dow"><phr n="drop-down"><ent r="4" t="16" w="305" /><ent r="4" t="16" w="305" /><ent r="9" t="16" w="631" /><ent r="9" t="16" w="631" /><ent r="9" t="16" w="795" /><ent r="9" t="16" w="795" /><ent r="9" t="16" w="929" /><ent r="9" t="16" w="929" /><ent r="9" t="16" w="978" /><ent r="9" t="16" w="978" /><ent r="4" t="17" w="228" /><ent r="4" t="17" w="228" /><ent r="3" t="17" w="272" /><ent r="3" t="17" w="272" /><ent r="4" t="26" w="173" /><ent r="4" t="26" w="173" /><ent r="4" t="26" w="362" /><ent r="4" t="26" w="362" /><ent r="4" t="26" w="468" /><ent r="4" t="26" w="468" /><ent r="3" t="27" w="576" /><ent r="3" t="27" w="576" /><ent r="3" t="27" w="644" /><ent r="3" t="27" w="644" /><ent r="3" t="34" w="1192" /><ent r="3" t="34" w="1192" /><ent r="4" t="34" w="1231" /><ent r="4" t="34" w="1231" /><ent r="7" t="36" w="261" /><ent r="7" t="36" w="261" /><ent r="7" t="36" w="835" /><ent r="7" t="36" w="835" /><ent r="6" t="41" w="163" /><ent r="6" t="41" w="163" /><ent r="6" t="41" w="179" /><ent r="6" t="41" w="179" /><ent r="6" t="41" w="214" /><ent r="6" t="41" w="214" /></phr></stem><stem n="rop-"><phr n="drop-down"><ent r="4" t="16" w="305" /><ent r="4" t="16" w="305" /><ent r="9" t="16" w="631" /><ent r="9" t="16" w="631" /><ent r="9" t="16" w="795" /><ent r="9" t="16" w="795" /><ent r="9" t="16" w="929" /><ent r="9" t="16" w="929" /><ent r="9" t="16" w="978" /><ent r="9" t="16" w="978" /><ent r="4" t="17" w="228" /><ent r="4" t="17" w="228" /><ent r="3" t="17" w="272" /><ent r="3" t="17" w="272" /><ent r="4" t="26" w="173" /><ent r="4" t="26" w="173" /><ent r="4" t="26" w="362" /><ent r="4" t="26" w="362" /><ent r="4" t="26" w="468" /><ent r="4" t="26" w="468" /><ent r="3" t="27" w="576" /><ent r="3" t="27" w="576" /><ent r="3" t="27" w="644" /><ent r="3" t="27" w="644" /><ent r="3" t="34" w="1192" /><ent r="3" t="34" w="1192" /><ent r="4" t="34" w="1231" /><ent r="4" t="34" w="1231" /><ent r="7" t="36" w="261" /><ent r="7" t="36" w="261" /><ent r="7" t="36" w="835" /><ent r="7" t="36" w="835" /><ent r="6" t="41" w="163" /><ent r="6" t="41" w="163" /><ent r="6" t="41" w="179" /><ent r="6" t="41" w="179" /><ent r="6" t="41" w="214" /><ent r="6" t="41" w="214" /></phr></stem><stem n="op-d"><phr n="drop-down"><ent r="4" t="16" w="305" /><ent r="4" t="16" w="305" /><ent r="9" t="16" w="631" /><ent r="9" t="16" w="631" /><ent r="9" t="16" w="795" /><ent r="9" t="16" w="795" /><ent r="9" t="16" w="929" /><ent r="9" t="16" w="929" /><ent r="9" t="16" w="978" /><ent r="9" t="16" w="978" /><ent r="4" t="17" w="228" /><ent r="4" t="17" w="228" /><ent r="3" t="17" w="272" /><ent r="3" t="17" w="272" /><ent r="4" t="26" w="173" /><ent r="4" t="26" w="173" /><ent r="4" t="26" w="362" /><ent r="4" t="26" w="362" /><ent r="4" t="26" w="468" /><ent r="4" t="26" w="468" /><ent r="3" t="27" w="576" /><ent r="3" t="27" w="576" /><ent r="3" t="27" w="644" /><ent r="3" t="27" w="644" /><ent r="3" t="34" w="1192" /><ent r="3" t="34" w="1192" /><ent r="4" t="34" w="1231" /><ent r="4" t="34" w="1231" /><ent r="7" t="36" w="261" /><ent r="7" t="36" w="261" /><ent r="7" t="36" w="835" /><ent r="7" t="36" w="835" /><ent r="6" t="41" w="163" /><ent r="6" t="41" w="163" /><ent r="6" t="41" w="179" /><ent r="6" t="41" w="179" /><ent r="6" t="41" w="214" /><ent r="6" t="41" w="214" /></phr></stem><stem n="p-do"><phr n="drop-down"><ent r="4" t="16" w="305" /><ent r="4" t="16" w="305" /><ent r="9" t="16" w="631" /><ent r="9" t="16" w="631" /><ent r="9" t="16" w="795" /><ent r="9" t="16" w="795" /><ent r="9" t="16" w="929" /><ent r="9" t="16" w="929" /><ent r="9" t="16" w="978" /><ent r="9" t="16" w="978" /><ent r="4" t="17" w="228" /><ent r="4" t="17" w="228" /><ent r="3" t="17" w="272" /><ent r="3" t="17" w="272" /><ent r="4" t="26" w="173" /><ent r="4" t="26" w="173" /><ent r="4" t="26" w="362" /><ent r="4" t="26" w="362" /><ent r="4" t="26" w="468" /><ent r="4" t="26" w="468" /><ent r="3" t="27" w="576" /><ent r="3" t="27" w="576" /><ent r="3" t="27" w="644" /><ent r="3" t="27" w="644" /><ent r="3" t="34" w="1192" /><ent r="3" t="34" w="1192" /><ent r="4" t="34" w="1231" /><ent r="4" t="34" w="1231" /><ent r="7" t="36" w="261" /><ent r="7" t="36" w="261" /><ent r="7" t="36" w="835" /><ent r="7" t="36" w="835" /><ent r="6" t="41" w="163" /><ent r="6" t="41" w="163" /><ent r="6" t="41" w="179" /><ent r="6" t="41" w="179" /><ent r="6" t="41" w="214" /><ent r="6" t="41" w="214" /></phr></stem><stem n="drop-"><phr n="drop-down"><ent r="4" t="16" w="305" /><ent r="4" t="16" w="305" /><ent r="9" t="16" w="631" /><ent r="9" t="16" w="631" /><ent r="9" t="16" w="795" /><ent r="9" t="16" w="795" /><ent r="9" t="16" w="929" /><ent r="9" t="16" w="929" /><ent r="9" t="16" w="978" /><ent r="9" t="16" w="978" /><ent r="4" t="17" w="228" /><ent r="4" t="17" w="228" /><ent r="3" t="17" w="272" /><ent r="3" t="17" w="272" /><ent r="4" t="26" w="173" /><ent r="4" t="26" w="173" /><ent r="4" t="26" w="362" /><ent r="4" t="26" w="362" /><ent r="4" t="26" w="468" /><ent r="4" t="26" w="468" /><ent r="3" t="27" w="576" /><ent r="3" t="27" w="576" /><ent r="3" t="27" w="644" /><ent r="3" t="27" w="644" /><ent r="3" t="34" w="1192" /><ent r="3" t="34" w="1192" /><ent r="4" t="34" w="1231" /><ent r="4" t="34" w="1231" /><ent r="7" t="36" w="261" /><ent r="7" t="36" w="261" /><ent r="7" t="36" w="835" /><ent r="7" t="36" w="835" /><ent r="6" t="41" w="163" /><ent r="6" t="41" w="163" /><ent r="6" t="41" w="179" /><ent r="6" t="41" w="179" /><ent r="6" t="41" w="214" /><ent r="6" t="41" w="214" /></phr></stem><stem n="rop-d"><phr n="drop-down"><ent r="4" t="16" w="305" /><ent r="4" t="16" w="305" /><ent r="9" t="16" w="631" /><ent r="9" t="16" w="631" /><ent r="9" t="16" w="795" /><ent r="9" t="16" w="795" /><ent r="9" t="16" w="929" /><ent r="9" t="16" w="929" /><ent r="9" t="16" w="978" /><ent r="9" t="16" w="978" /><ent r="4" t="17" w="228" /><ent r="4" t="17" w="228" /><ent r="3" t="17" w="272" /><ent r="3" t="17" w="272" /><ent r="4" t="26" w="173" /><ent r="4" t="26" w="173" /><ent r="4" t="26" w="362" /><ent r="4" t="26" w="362" /><ent r="4" t="26" w="468" /><ent r="4" t="26" w="468" /><ent r="3" t="27" w="576" /><ent r="3" t="27" w="576" /><ent r="3" t="27" w="644" /><ent r="3" t="27" w="644" /><ent r="3" t="34" w="1192" /><ent r="3" t="34" w="1192" /><ent r="4" t="34" w="1231" /><ent r="4" t="34" w="1231" /><ent r="7" t="36" w="261" /><ent r="7" t="36" w="261" /><ent r="7" t="36" w="835" /><ent r="7" t="36" w="835" /><ent r="6" t="41" w="163" /><ent r="6" t="41" w="163" /><ent r="6" t="41" w="179" /><ent r="6" t="41" w="179" /><ent r="6" t="41" w="214" /><ent r="6" t="41" w="214" /></phr></stem></index>