﻿<?xml version="1.0" encoding="utf-8"?><index><stem n="technolog"><phr n="Technologies"><ent r="3" t="0" w="40" /><ent r="4" t="0" w="109" /><ent r="4" t="6" w="192" /></phr></stem><stem n="make"><phr n="makes"><ent r="3" t="0" w="42" /><ent r="3" t="0" w="73" /><ent r="4" t="17" w="554" /><ent r="4" t="17" w="569" /><ent r="7" t="36" w="972" /></phr><phr n="make"><ent r="4" t="7" w="216" /><ent r="3" t="10" w="36" /><ent r="4" t="26" w="281" /><ent r="3" t="34" w="353" /></phr><phr n="Make"><ent r="4" t="17" w="331" /></phr><phr n="making"><ent r="7" t="36" w="995" /></phr></stem><stem n="possibl"><phr n="possible"><ent r="3" t="0" w="44" /><ent r="3" t="5" w="52" /><ent r="7" t="15" w="623" /><ent r="3" t="31" w="1110" /><ent r="3" t="34" w="97" /><ent r="3" t="34" w="123" /></phr></stem><stem n="securespan"><phr n="SecureSpan"><ent r="3" t="0" w="48" /><ent r="4" t="0" w="121" /><ent r="4" t="2" w="75" /><ent r="4" t="3" w="260" /><ent r="7" t="3" w="987" /><ent r="5" t="3" w="1008" /><ent r="7" t="3" w="1044" /><ent r="3" t="5" w="43" /><ent r="4" t="5" w="78" /><ent r="4" t="5" w="96" /><ent r="4" t="5" w="107" /><ent r="5" t="5" w="120" /><ent r="5" t="5" w="128" /><ent r="4" t="5" w="208" /><ent r="4" t="6" w="117" /><ent r="3" t="7" w="56" /><ent r="4" t="7" w="145" /><ent r="4" t="7" w="156" /><ent r="4" t="7" w="484" /><ent r="3" t="8" w="32" /><ent r="4" t="8" w="143" /><ent r="5" t="8" w="299" /><ent r="4" t="8" w="360" /><ent r="3" t="9" w="224" /><ent r="4" t="11" w="164" /><ent r="4" t="11" w="308" /><ent r="3" t="12" w="28" /><ent r="3" t="12" w="155" /><ent r="3" t="12" w="274" /><ent r="4" t="12" w="320" /><ent r="3" t="12" w="412" /><ent r="3" t="13" w="62" /><ent r="3" t="13" w="317" /><ent r="4" t="13" w="333" /><ent r="3" t="14" w="171" /><ent r="3" t="14" w="175" /><ent r="4" t="14" w="244" /><ent r="4" t="14" w="265" /><ent r="4" t="14" w="275" /><ent r="4" t="14" w="283" /><ent r="4" t="14" w="291" /><ent r="4" t="14" w="347" /><ent r="4" t="14" w="358" /><ent r="3" t="14" w="380" /><ent r="3" t="14" w="426" /><ent r="3" t="14" w="501" /><ent r="3" t="16" w="166" /><ent r="3" t="16" w="213" /><ent r="3" t="26" w="608" /><ent r="3" t="27" w="311" /><ent r="3" t="27" w="551" /><ent r="3" t="30" w="24" /><ent r="3" t="31" w="31" /><ent r="7" t="31" w="247" /><ent r="7" t="31" w="295" /><ent r="4" t="31" w="740" /><ent r="100" t="32" w="22" /><ent r="3" t="32" w="57" /><ent r="6" t="32" w="244" /><ent r="6" t="32" w="690" /><ent r="7" t="32" w="714" /><ent r="6" t="32" w="721" /><ent r="4" t="34" w="330" /><ent r="3" t="34" w="653" /><ent r="3" t="34" w="895" /><ent r="4" t="34" w="1640" /><ent r="4" t="34" w="1660" /><ent r="4" t="34" w="1815" /><ent r="4" t="34" w="1838" /><ent r="6" t="36" w="1609" /><ent r="3" t="42" w="244" /><ent r="3" t="42" w="263" /><ent r="3" t="42" w="342" /></phr></stem><stem n="gatewai"><phr n="Gateway"><ent r="3" t="0" w="49" /><ent r="4" t="2" w="76" /><ent r="65" t="2" w="85" /><ent r="3" t="3" w="39" /><ent r="4" t="3" w="261" /><ent r="65" t="3" w="282" /><ent r="3" t="3" w="316" /><ent r="4" t="3" w="341" /><ent r="6" t="3" w="520" /><ent r="67" t="3" w="712" /><ent r="7" t="3" w="988" /><ent r="7" t="3" w="1000" /><ent r="5" t="3" w="1009" /><ent r="7" t="3" w="1045" /><ent r="3" t="5" w="44" /><ent r="4" t="5" w="97" /><ent r="4" t="5" w="108" /><ent r="5" t="5" w="121" /><ent r="4" t="5" w="209" /><ent r="4" t="6" w="118" /><ent r="4" t="6" w="143" /><ent r="64" t="6" w="261" /><ent r="3" t="7" w="57" /><ent r="4" t="7" w="106" /><ent r="4" t="7" w="115" /><ent r="65" t="7" w="128" /><ent r="4" t="7" w="146" /><ent r="4" t="7" w="157" /><ent r="4" t="7" w="485" /><ent r="4" t="7" w="544" /><ent r="3" t="8" w="33" /><ent r="4" t="8" w="129" /><ent r="4" t="8" w="144" /><ent r="4" t="8" w="361" /><ent r="65" t="8" w="425" /><ent r="3" t="9" w="225" /><ent r="1000" t="11" w="3" /><ent r="100" t="11" w="10" /><ent r="100" t="11" w="18" /><ent r="102" t="11" w="28" /><ent r="4" t="11" w="165" /><ent r="4" t="11" w="182" /><ent r="4" t="11" w="261" /><ent r="3" t="12" w="29" /><ent r="3" t="12" w="156" /><ent r="3" t="12" w="186" /><ent r="3" t="12" w="275" /><ent r="4" t="12" w="321" /><ent r="4" t="12" w="336" /><ent r="3" t="12" w="413" /><ent r="3" t="12" w="433" /><ent r="3" t="13" w="63" /><ent r="3" t="13" w="146" /><ent r="3" t="13" w="166" /><ent r="3" t="13" w="197" /><ent r="3" t="13" w="318" /><ent r="4" t="13" w="334" /><ent r="3" t="13" w="357" /><ent r="3" t="13" w="370" /><ent r="4" t="13" w="402" /><ent r="3" t="14" w="176" /><ent r="4" t="14" w="245" /><ent r="4" t="14" w="266" /><ent r="4" t="14" w="276" /><ent r="4" t="14" w="292" /><ent r="4" t="14" w="339" /><ent r="3" t="14" w="502" /><ent r="3" t="15" w="108" /><ent r="3" t="17" w="66" /><ent r="4" t="19" w="243" /><ent r="4" t="19" w="258" /><ent r="3" t="23" w="122" /><ent r="3" t="27" w="552" /><ent r="3" t="30" w="37" /><ent r="3" t="31" w="32" /><ent r="7" t="31" w="248" /><ent r="7" t="31" w="296" /><ent r="64" t="31" w="909" /><ent r="7" t="31" w="1245" /><ent r="6" t="32" w="245" /><ent r="67" t="32" w="257" /><ent r="6" t="32" w="641" /><ent r="6" t="32" w="665" /><ent r="64" t="33" w="40" /><ent r="4" t="34" w="314" /><ent r="6" t="36" w="1610" /><ent r="3" t="42" w="245" /><ent r="3" t="44" w="215" /></phr><phr n="Gateways"><ent r="5" t="2" w="68" /><ent r="5" t="11" w="107" /><ent r="65" t="15" w="127" /><ent r="65" t="15" w="146" /><ent r="1000" t="30" w="2" /><ent r="100" t="30" w="6" /><ent r="102" t="30" w="10" /><ent r="3" t="30" w="15" /><ent r="3" t="30" w="25" /><ent r="64" t="31" w="22" /><ent r="66" t="31" w="66" /><ent r="92" t="31" w="830" /><ent r="3" t="31" w="835" /><ent r="64" t="32" w="36" /></phr></stem><stem n="cluster"><phr n="clusters"><ent r="3" t="0" w="50" /><ent r="4" t="2" w="77" /><ent r="3" t="3" w="40" /><ent r="3" t="3" w="126" /><ent r="4" t="3" w="202" /><ent r="4" t="3" w="262" /><ent r="4" t="3" w="277" /><ent r="3" t="3" w="311" /><ent r="4" t="3" w="383" /><ent r="7" t="3" w="981" /><ent r="4" t="6" w="240" /><ent r="4" t="6" w="315" /><ent r="4" t="8" w="414" /><ent r="3" t="9" w="226" /><ent r="3" t="10" w="30" /><ent r="5" t="10" w="84" /><ent r="3" t="13" w="157" /><ent r="3" t="15" w="38" /><ent r="4" t="31" w="75" /><ent r="3" t="31" w="840" /><ent r="4" t="31" w="885" /><ent r="3" t="32" w="45" /><ent r="6" t="32" w="174" /><ent r="6" t="32" w="572" /><ent r="6" t="32" w="748" /><ent r="3" t="33" w="26" /><ent r="3" t="33" w="35" /><ent r="3" t="34" w="17" /><ent r="4" t="34" w="306" /><ent r="3" t="34" w="1212" /><ent r="4" t="34" w="1233" /><ent r="4" t="34" w="1245" /><ent r="4" t="34" w="1497" /><ent r="3" t="34" w="1535" /><ent r="4" t="34" w="1631" /><ent r="4" t="44" w="163" /><ent r="4" t="44" w="172" /></phr><phr n="cluster"><ent r="4" t="2" w="100" /><ent r="3" t="3" w="56" /><ent r="3" t="3" w="291" /><ent r="3" t="3" w="317" /><ent r="3" t="3" w="323" /><ent r="4" t="3" w="345" /><ent r="4" t="3" w="357" /><ent r="6" t="3" w="441" /><ent r="6" t="3" w="454" /><ent r="6" t="3" w="494" /><ent r="6" t="3" w="515" /><ent r="6" t="3" w="526" /><ent r="6" t="3" w="546" /><ent r="6" t="3" w="558" /><ent r="6" t="3" w="639" /><ent r="6" t="3" w="650" /><ent r="6" t="3" w="666" /><ent r="6" t="3" w="679" /><ent r="6" t="3" w="691" /><ent r="6" t="3" w="700" /><ent r="6" t="3" w="795" /><ent r="6" t="3" w="809" /><ent r="6" t="3" w="828" /><ent r="6" t="3" w="845" /><ent r="6" t="3" w="919" /><ent r="6" t="3" w="1020" /><ent r="7" t="3" w="1079" /><ent r="4" t="4" w="151" /><ent r="4" t="4" w="164" /><ent r="4" t="6" w="122" /><ent r="4" t="6" w="345" /><ent r="4" t="7" w="82" /><ent r="4" t="7" w="116" /><ent r="3" t="8" w="80" /><ent r="6" t="10" w="176" /><ent r="8" t="10" w="183" /><ent r="6" t="10" w="240" /><ent r="7" t="10" w="246" /><ent r="7" t="10" w="259" /><ent r="7" t="10" w="269" /><ent r="8" t="10" w="277" /><ent r="8" t="10" w="308" /><ent r="100" t="11" w="19" /><ent r="100" t="11" w="23" /><ent r="4" t="11" w="166" /><ent r="4" t="11" w="168" /><ent r="4" t="11" w="231" /><ent r="4" t="11" w="262" /><ent r="4" t="11" w="318" /><ent r="4" t="11" w="322" /><ent r="4" t="11" w="333" /><ent r="4" t="11" w="375" /><ent r="4" t="11" w="399" /><ent r="4" t="11" w="415" /><ent r="4" t="11" w="423" /><ent r="3" t="12" w="30" /><ent r="3" t="12" w="56" /><ent r="3" t="12" w="65" /><ent r="3" t="12" w="74" /><ent r="3" t="12" w="96" /><ent r="3" t="12" w="124" /><ent r="3" t="12" w="140" /><ent r="3" t="12" w="169" /><ent r="4" t="12" w="211" /><ent r="65" t="12" w="219" /><ent r="4" t="12" w="237" /><ent r="3" t="12" w="417" /><ent r="3" t="13" w="103" /><ent r="3" t="13" w="133" /><ent r="3" t="13" w="185" /><ent r="3" t="13" w="238" /><ent r="3" t="13" w="245" /><ent r="3" t="13" w="258" /><ent r="4" t="13" w="269" /><ent r="3" t="14" w="31" /><ent r="3" t="14" w="55" /><ent r="3" t="14" w="82" /><ent r="4" t="14" w="119" /><ent r="4" t="14" w="143" /><ent r="3" t="14" w="177" /><ent r="4" t="14" w="200" /><ent r="4" t="14" w="226" /><ent r="4" t="14" w="250" /><ent r="5" t="14" w="320" /><ent r="3" t="14" w="503" /><ent r="3" t="15" w="55" /><ent r="3" t="15" w="109" /><ent r="8" t="15" w="267" /><ent r="7" t="15" w="348" /><ent r="7" t="15" w="738" /><ent r="3" t="17" w="37" /><ent r="3" t="17" w="47" /><ent r="3" t="17" w="96" /><ent r="4" t="17" w="179" /><ent r="4" t="17" w="203" /><ent r="4" t="17" w="323" /><ent r="4" t="17" w="335" /><ent r="4" t="17" w="341" /><ent r="3" t="18" w="209" /><ent r="4" t="19" w="244" /><ent r="4" t="19" w="270" /><ent r="4" t="19" w="287" /><ent r="4" t="19" w="304" /><ent r="4" t="19" w="355" /><ent r="4" t="19" w="381" /><ent r="4" t="19" w="391" /><ent r="64" t="22" w="60" /><ent r="3" t="22" w="122" /><ent r="3" t="23" w="84" /><ent r="3" t="23" w="106" /><ent r="3" t="24" w="46" /><ent r="4" t="26" w="225" /><ent r="3" t="26" w="258" /><ent r="4" t="26" w="347" /><ent r="4" t="26" w="375" /><ent r="3" t="26" w="594" /><ent r="4" t="27" w="368" /><ent r="3" t="27" w="547" /><ent r="3" t="27" w="568" /><ent r="3" t="31" w="88" /><ent r="6" t="32" w="246" /><ent r="6" t="32" w="266" /><ent r="6" t="32" w="311" /><ent r="6" t="32" w="330" /><ent r="8" t="32" w="371" /><ent r="7" t="32" w="388" /><ent r="7" t="32" w="404" /><ent r="7" t="32" w="423" /><ent r="6" t="32" w="463" /><ent r="6" t="32" w="480" /><ent r="6" t="32" w="487" /><ent r="6" t="32" w="518" /><ent r="6" t="32" w="532" /><ent r="6" t="32" w="540" /><ent r="6" t="32" w="587" /><ent r="6" t="32" w="597" /><ent r="6" t="32" w="626" /><ent r="6" t="32" w="700" /><ent r="6" t="32" w="729" /><ent r="3" t="34" w="36" /><ent r="3" t="34" w="46" /><ent r="3" t="34" w="68" /><ent r="3" t="34" w="88" /><ent r="4" t="34" w="171" /><ent r="4" t="34" w="179" /><ent r="4" t="34" w="183" /><ent r="4" t="34" w="189" /><ent r="4" t="34" w="201" /><ent r="4" t="34" w="206" /><ent r="4" t="34" w="300" /><ent r="3" t="34" w="356" /><ent r="3" t="34" w="362" /><ent r="4" t="34" w="410" /><ent r="4" t="34" w="455" /><ent r="4" t="34" w="515" /><ent r="3" t="34" w="561" /><ent r="3" t="34" w="586" /><ent r="3" t="34" w="602" /><ent r="3" t="34" w="673" /><ent r="3" t="34" w="686" /><ent r="4" t="34" w="700" /><ent r="4" t="34" w="704" /><ent r="4" t="34" w="707" /><ent r="4" t="34" w="719" /><ent r="4" t="34" w="722" /><ent r="4" t="34" w="738" /><ent r="4" t="34" w="754" /><ent r="3" t="34" w="764" /><ent r="3" t="34" w="778" /><ent r="3" t="34" w="787" /><ent r="3" t="34" w="807" /><ent r="3" t="34" w="839" /><ent r="3" t="34" w="849" /><ent r="3" t="34" w="863" /><ent r="4" t="34" w="922" /><ent r="4" t="34" w="931" /><ent r="4" t="34" w="998" /><ent r="5" t="34" w="1030" /><ent r="4" t="34" w="1047" /><ent r="3" t="34" w="1210" /><ent r="4" t="34" w="1323" /><ent r="4" t="34" w="1392" /><ent r="4" t="34" w="1400" /><ent r="4" t="34" w="1431" /><ent r="4" t="34" w="1443" /><ent r="4" t="34" w="1483" /><ent r="6" t="35" w="170" /><ent r="6" t="35" w="182" /><ent r="7" t="36" w="485" /><ent r="7" t="36" w="684" /><ent r="7" t="36" w="1130" /><ent r="6" t="36" w="1611" /><ent r="7" t="38" w="246" /><ent r="7" t="38" w="259" /><ent r="3" t="44" w="72" /><ent r="4" t="44" w="110" /><ent r="4" t="44" w="150" /><ent r="3" t="44" w="199" /><ent r="67" t="44" w="290" /><ent r="6" t="44" w="301" /><ent r="6" t="44" w="308" /></phr><phr n="Clusters"><ent r="1000" t="3" w="2" /><ent r="65" t="3" w="249" /><ent r="5" t="3" w="255" /><ent r="4" t="3" w="265" /><ent r="1000" t="10" w="2" /><ent r="100" t="10" w="7" /><ent r="102" t="10" w="21" /><ent r="65" t="17" w="192" /><ent r="65" t="17" w="348" /><ent r="5" t="26" w="220" /><ent r="82" t="34" w="1193" /><ent r="3" t="34" w="1199" /><ent r="8" t="36" w="476" /></phr><phr n="Cluster"><ent r="65" t="3" w="283" /><ent r="67" t="3" w="713" /><ent r="6" t="3" w="915" /><ent r="8" t="3" w="984" /><ent r="64" t="6" w="262" /><ent r="64" t="6" w="272" /><ent r="64" t="6" w="341" /><ent r="65" t="7" w="129" /><ent r="65" t="8" w="426" /><ent r="100" t="10" w="14" /><ent r="1000" t="11" w="4" /><ent r="100" t="11" w="11" /><ent r="100" t="11" w="15" /><ent r="102" t="11" w="29" /><ent r="3" t="11" w="45" /><ent r="5" t="11" w="205" /><ent r="4" t="11" w="210" /><ent r="3" t="11" w="219" /><ent r="65" t="11" w="357" /><ent r="65" t="11" w="440" /><ent r="1000" t="12" w="5" /><ent r="100" t="12" w="11" /><ent r="100" t="12" w="13" /><ent r="102" t="12" w="24" /><ent r="64" t="12" w="198" /><ent r="65" t="12" w="352" /><ent r="1000" t="13" w="7" /><ent r="100" t="13" w="17" /><ent r="100" t="13" w="21" /><ent r="102" t="13" w="34" /><ent r="3" t="13" w="52" /><ent r="1000" t="14" w="6" /><ent r="100" t="14" w="13" /><ent r="100" t="14" w="18" /><ent r="102" t="14" w="27" /><ent r="7" t="16" w="1137" /><ent r="64" t="19" w="326" /><ent r="4" t="22" w="49" /><ent r="64" t="22" w="152" /><ent r="64" t="23" w="138" /><ent r="5" t="27" w="363" /><ent r="64" t="31" w="910" /><ent r="64" t="31" w="918" /><ent r="3" t="32" w="78" /><ent r="67" t="32" w="258" /><ent r="67" t="32" w="297" /><ent r="67" t="32" w="617" /><ent r="64" t="34" w="151" /><ent r="3" t="34" w="461" /><ent r="7" t="35" w="166" /><ent r="7" t="35" w="178" /><ent r="8" t="36" w="604" /><ent r="7" t="36" w="1606" /><ent r="5" t="44" w="130" /><ent r="64" t="44" w="231" /><ent r="6" t="44" w="278" /><ent r="6" t="44" w="461" /><ent r="6" t="44" w="501" /></phr></stem><stem n="spread"><phr n="spread"><ent r="3" t="0" w="51" /></phr></stem><stem n="across"><phr n="across"><ent r="3" t="0" w="52" /><ent r="3" t="2" w="24" /><ent r="3" t="2" w="44" /><ent r="7" t="31" w="402" /><ent r="3" t="32" w="101" /><ent r="3" t="33" w="23" /><ent r="3" t="40" w="47" /></phr></stem><stem n="wide"><phr n="wide"><ent r="3" t="0" w="54" /><ent r="7" t="36" w="1004" /></phr></stem><stem n="geograph"><phr n="geographical"><ent r="3" t="0" w="55" /></phr></stem><stem n="area"><phr n="area"><ent r="3" t="0" w="56" /></phr></stem><stem n=","><phr n=","><ent r="3" t="0" w="57" /><ent r="4" t="0" w="102" /><ent r="3" t="0" w="155" /><ent r="3" t="1" w="29" /><ent r="4" t="1" w="66" /><ent r="4" t="1" w="135" /><ent r="5" t="1" w="171" /><ent r="6" t="1" w="195" /><ent r="3" t="2" w="40" /><ent r="3" t="2" w="204" /><ent r="3" t="2" w="250" /><ent r="3" t="2" w="270" /><ent r="3" t="2" w="320" /><ent r="3" t="3" w="51" /><ent r="3" t="3" w="110" /><ent r="3" t="3" w="112" /><ent r="3" t="3" w="113" /><ent r="3" t="3" w="135" /><ent r="3" t="3" w="166" /><ent r="4" t="3" w="246" /><ent r="4" t="3" w="278" /><ent r="4" t="3" w="367" /><ent r="4" t="3" w="393" /><ent r="4" t="3" w="408" /><ent r="6" t="3" w="488" /><ent r="6" t="3" w="503" /><ent r="6" t="3" w="684" /><ent r="6" t="3" w="704" /><ent r="6" t="3" w="773" /><ent r="6" t="3" w="784" /><ent r="6" t="3" w="853" /><ent r="6" t="3" w="940" /><ent r="6" t="3" w="953" /><ent r="6" t="3" w="1021" /><ent r="6" t="3" w="1054" /><ent r="3" t="4" w="76" /><ent r="3" t="4" w="87" /><ent r="4" t="4" w="149" /><ent r="4" t="4" w="199" /><ent r="4" t="4" w="203" /><ent r="7" t="4" w="446" /><ent r="3" t="5" w="48" /><ent r="3" t="5" w="67" /><ent r="4" t="5" w="99" /><ent r="4" t="5" w="116" /><ent r="3" t="6" w="107" /><ent r="4" t="6" w="149" /><ent r="4" t="6" w="165" /><ent r="3" t="6" w="172" /><ent r="4" t="6" w="197" /><ent r="3" t="6" w="208" /><ent r="3" t="6" w="224" /><ent r="3" t="6" w="257" /><ent r="3" t="6" w="293" /><ent r="3" t="6" w="333" /><ent r="3" t="6" w="356" /><ent r="3" t="7" w="71" /><ent r="4" t="7" w="92" /><ent r="4" t="7" w="123" /><ent r="4" t="7" w="148" /><ent r="4" t="7" w="238" /><ent r="4" t="7" w="257" /><ent r="4" t="7" w="258" /><ent r="4" t="7" w="269" /><ent r="4" t="7" w="283" /><ent r="4" t="7" w="306" /><ent r="4" t="7" w="325" /><ent r="3" t="7" w="403" /><ent r="3" t="7" w="404" /><ent r="3" t="7" w="405" /><ent r="3" t="7" w="406" /><ent r="4" t="7" w="422" /><ent r="4" t="7" w="461" /><ent r="4" t="7" w="477" /><ent r="4" t="7" w="501" /><ent r="3" t="7" w="517" /><ent r="4" t="7" w="532" /><ent r="4" t="7" w="560" /><ent r="3" t="8" w="79" /><ent r="3" t="8" w="114" /><ent r="4" t="8" w="205" /><ent r="4" t="8" w="211" /><ent r="4" t="8" w="292" /><ent r="3" t="8" w="326" /><ent r="4" t="8" w="345" /><ent r="3" t="8" w="383" /><ent r="4" t="8" w="401" /><ent r="4" t="8" w="421" /><ent r="3" t="9" w="51" /><ent r="3" t="9" w="220" /><ent r="3" t="10" w="75" /><ent r="7" t="10" w="164" /><ent r="3" t="11" w="51" /><ent r="3" t="11" w="67" /><ent r="3" t="11" w="68" /><ent r="4" t="11" w="120" /><ent r="4" t="11" w="132" /><ent r="4" t="11" w="176" /><ent r="4" t="11" w="196" /><ent r="4" t="11" w="325" /><ent r="4" t="11" w="344" /><ent r="4" t="11" w="363" /><ent r="4" t="11" w="373" /><ent r="4" t="11" w="383" /><ent r="4" t="11" w="416" /><ent r="3" t="12" w="39" /><ent r="3" t="12" w="51" /><ent r="3" t="12" w="80" /><ent r="3" t="12" w="95" /><ent r="3" t="12" w="141" /><ent r="3" t="12" w="170" /><ent r="3" t="12" w="190" /><ent r="4" t="12" w="221" /><ent r="4" t="12" w="238" /><ent r="4" t="12" w="344" /><ent r="3" t="12" w="411" /><ent r="3" t="12" w="426" /><ent r="3" t="12" w="433" /><ent r="3" t="12" w="435" /><ent r="3" t="13" w="53" /><ent r="3" t="13" w="75" /><ent r="3" t="13" w="111" /><ent r="3" t="13" w="164" /><ent r="3" t="13" w="176" /><ent r="3" t="13" w="215" /><ent r="4" t="13" w="327" /><ent r="3" t="13" w="375" /><ent r="3" t="13" w="383" /><ent r="4" t="13" w="397" /><ent r="3" t="14" w="70" /><ent r="3" t="14" w="88" /><ent r="3" t="14" w="171" /><ent r="3" t="14" w="173" /><ent r="4" t="14" w="224" /><ent r="4" t="14" w="295" /><ent r="4" t="14" w="311" /><ent r="4" t="14" w="452" /><ent r="4" t="14" w="469" /><ent r="4" t="14" w="472" /><ent r="3" t="15" w="49" /><ent r="4" t="15" w="130" /><ent r="4" t="15" w="149" /><ent r="4" t="15" w="229" /><ent r="7" t="15" w="337" /><ent r="8" t="15" w="414" /><ent r="8" t="15" w="446" /><ent r="8" t="15" w="457" /><ent r="8" t="15" w="476" /><ent r="7" t="15" w="521" /><ent r="7" t="15" w="747" /><ent r="3" t="16" w="52" /><ent r="4" t="16" w="96" /><ent r="9" t="16" w="382" /><ent r="9" t="16" w="468" /><ent r="9" t="16" w="631" /><ent r="9" t="16" w="673" /><ent r="9" t="16" w="748" /><ent r="9" t="16" w="795" /><ent r="9" t="16" w="835" /><ent r="9" t="16" w="984" /><ent r="9" t="16" w="1024" /><ent r="3" t="16" w="1086" /><ent r="7" t="16" w="1161" /><ent r="7" t="16" w="1220" /><ent r="7" t="16" w="1244" /><ent r="7" t="16" w="1249" /><ent r="7" t="16" w="1309" /><ent r="3" t="17" w="40" /><ent r="3" t="17" w="67" /><ent r="3" t="17" w="85" /><ent r="3" t="17" w="104" /><ent r="3" t="17" w="114" /><ent r="4" t="17" w="149" /><ent r="4" t="17" w="175" /><ent r="4" t="17" w="206" /><ent r="4" t="17" w="221" /><ent r="4" t="17" w="320" /><ent r="4" t="17" w="385" /><ent r="4" t="17" w="417" /><ent r="3" t="17" w="432" /><ent r="3" t="17" w="437" /><ent r="3" t="17" w="466" /><ent r="3" t="17" w="505" /><ent r="3" t="17" w="516" /><ent r="4" t="17" w="589" /><ent r="3" t="17" w="629" /><ent r="3" t="18" w="32" /><ent r="4" t="18" w="57" /><ent r="4" t="18" w="108" /><ent r="3" t="18" w="140" /><ent r="3" t="18" w="200" /><ent r="4" t="19" w="55" /><ent r="4" t="19" w="98" /><ent r="4" t="19" w="125" /><ent r="4" t="19" w="126" /><ent r="4" t="19" w="162" /><ent r="4" t="19" w="174" /><ent r="4" t="19" w="187" /><ent r="4" t="19" w="201" /><ent r="3" t="19" w="224" /><ent r="4" t="19" w="250" /><ent r="4" t="19" w="273" /><ent r="4" t="19" w="289" /><ent r="3" t="19" w="318" /><ent r="4" t="19" w="362" /><ent r="4" t="19" w="369" /><ent r="4" t="19" w="384" /><ent r="3" t="19" w="396" /><ent r="4" t="20" w="52" /><ent r="4" t="20" w="65" /><ent r="4" t="20" w="91" /><ent r="4" t="21" w="53" /><ent r="4" t="21" w="66" /><ent r="4" t="21" w="90" /><ent r="3" t="22" w="70" /><ent r="3" t="22" w="144" /><ent r="6" t="22" w="296" /><ent r="7" t="22" w="338" /><ent r="7" t="22" w="363" /><ent r="3" t="23" w="65" /><ent r="3" t="23" w="91" /><ent r="3" t="23" w="130" /><ent r="4" t="23" w="155" /><ent r="4" t="23" w="171" /><ent r="4" t="23" w="188" /><ent r="4" t="23" w="207" /><ent r="4" t="23" w="221" /><ent r="4" t="23" w="235" /><ent r="4" t="23" w="284" /><ent r="4" t="23" w="338" /><ent r="4" t="23" w="357" /><ent r="4" t="23" w="361" /><ent r="3" t="24" w="66" /><ent r="3" t="24" w="86" /><ent r="3" t="24" w="98" /><ent r="4" t="24" w="118" /><ent r="4" t="24" w="134" /><ent r="4" t="24" w="152" /><ent r="4" t="24" w="166" /><ent r="4" t="24" w="180" /><ent r="4" t="24" w="229" /><ent r="4" t="24" w="283" /><ent r="4" t="24" w="302" /><ent r="4" t="24" w="306" /><ent r="4" t="25" w="60" /><ent r="4" t="25" w="73" /><ent r="4" t="25" w="88" /><ent r="3" t="26" w="41" /><ent r="3" t="26" w="52" /><ent r="3" t="26" w="123" /><ent r="3" t="26" w="160" /><ent r="4" t="26" w="175" /><ent r="4" t="26" w="197" /><ent r="4" t="26" w="223" /><ent r="4" t="26" w="342" /><ent r="4" t="26" w="364" /><ent r="4" t="26" w="420" /><ent r="4" t="26" w="448" /><ent r="4" t="26" w="463" /><ent r="4" t="26" w="483" /><ent r="4" t="26" w="496" /><ent r="4" t="26" w="528" /><ent r="4" t="26" w="542" /><ent r="3" t="26" w="560" /><ent r="3" t="26" w="600" /><ent r="4" t="26" w="629" /><ent r="4" t="26" w="680" /><ent r="4" t="26" w="689" /><ent r="4" t="26" w="711" /><ent r="3" t="26" w="729" /><ent r="3" t="26" w="753" /><ent r="3" t="26" w="779" /><ent r="3" t="26" w="787" /><ent r="3" t="27" w="48" /><ent r="3" t="27" w="63" /><ent r="3" t="27" w="65" /><ent r="3" t="27" w="67" /><ent r="3" t="27" w="93" /><ent r="4" t="27" w="132" /><ent r="4" t="27" w="136" /><ent r="4" t="27" w="146" /><ent r="4" t="27" w="162" /><ent r="4" t="27" w="175" /><ent r="4" t="27" w="196" /><ent r="4" t="27" w="203" /><ent r="4" t="27" w="204" /><ent r="4" t="27" w="206" /><ent r="4" t="27" w="215" /><ent r="4" t="27" w="219" /><ent r="4" t="27" w="220" /><ent r="3" t="27" w="272" /><ent r="3" t="27" w="303" /><ent r="4" t="27" w="342" /><ent r="4" t="27" w="366" /><ent r="4" t="27" w="381" /><ent r="4" t="27" w="433" /><ent r="4" t="27" w="472" /><ent r="3" t="27" w="506" /><ent r="3" t="27" w="521" /><ent r="3" t="27" w="603" /><ent r="3" t="27" w="610" /><ent r="3" t="27" w="638" /><ent r="4" t="27" w="662" /><ent r="4" t="27" w="686" /><ent r="3" t="27" w="718" /><ent r="3" t="27" w="730" /><ent r="3" t="27" w="757" /><ent r="3" t="27" w="770" /><ent r="3" t="27" w="798" /><ent r="3" t="27" w="806" /><ent r="3" t="27" w="838" /><ent r="3" t="27" w="992" /><ent r="3" t="27" w="1000" /><ent r="3" t="28" w="96" /><ent r="7" t="28" w="151" /><ent r="7" t="28" w="218" /><ent r="7" t="28" w="239" /><ent r="6" t="28" w="282" /><ent r="6" t="29" w="144" /><ent r="6" t="29" w="159" /><ent r="6" t="29" w="174" /><ent r="6" t="29" w="176" /><ent r="6" t="29" w="250" /><ent r="6" t="29" w="265" /><ent r="6" t="29" w="280" /><ent r="6" t="29" w="282" /><ent r="6" t="29" w="300" /><ent r="6" t="29" w="313" /><ent r="3" t="29" w="481" /><ent r="3" t="29" w="541" /><ent r="3" t="29" w="563" /><ent r="3" t="31" w="83" /><ent r="3" t="31" w="109" /><ent r="3" t="31" w="123" /><ent r="3" t="31" w="144" /><ent r="3" t="31" w="180" /><ent r="7" t="31" w="266" /><ent r="7" t="31" w="267" /><ent r="7" t="31" w="270" /><ent r="7" t="31" w="271" /><ent r="7" t="31" w="272" /><ent r="7" t="31" w="365" /><ent r="7" t="31" w="366" /><ent r="7" t="31" w="401" /><ent r="7" t="31" w="445" /><ent r="7" t="31" w="446" /><ent r="3" t="31" w="470" /><ent r="4" t="31" w="550" /><ent r="3" t="31" w="632" /><ent r="3" t="31" w="651" /><ent r="3" t="31" w="665" /><ent r="3" t="31" w="820" /><ent r="4" t="31" w="892" /><ent r="4" t="31" w="893" /><ent r="4" t="31" w="905" /><ent r="4" t="31" w="940" /><ent r="3" t="31" w="952" /><ent r="3" t="31" w="985" /><ent r="3" t="31" w="1022" /><ent r="4" t="31" w="1055" /><ent r="3" t="31" w="1067" /><ent r="4" t="31" w="1076" /><ent r="3" t="31" w="1087" /><ent r="7" t="31" w="1143" /><ent r="7" t="31" w="1161" /><ent r="7" t="31" w="1238" /><ent r="3" t="31" w="1278" /><ent r="3" t="31" w="1279" /><ent r="3" t="31" w="1324" /><ent r="3" t="31" w="1358" /><ent r="3" t="31" w="1416" /><ent r="3" t="31" w="1444" /><ent r="3" t="31" w="1462" /><ent r="3" t="31" w="1513" /><ent r="3" t="32" w="46" /><ent r="3" t="32" w="50" /><ent r="6" t="32" w="253" /><ent r="6" t="32" w="271" /><ent r="6" t="32" w="277" /><ent r="6" t="32" w="290" /><ent r="7" t="32" w="357" /><ent r="7" t="32" w="361" /><ent r="7" t="32" w="362" /><ent r="6" t="32" w="552" /><ent r="6" t="32" w="610" /><ent r="6" t="32" w="712" /><ent r="3" t="34" w="18" /><ent r="3" t="34" w="47" /><ent r="3" t="34" w="78" /><ent r="3" t="34" w="98" /><ent r="3" t="34" w="143" /><ent r="4" t="34" w="176" /><ent r="4" t="34" w="194" /><ent r="4" t="34" w="238" /><ent r="4" t="34" w="316" /><ent r="3" t="34" w="360" /><ent r="3" t="34" w="361" /><ent r="3" t="34" w="362" /><ent r="3" t="34" w="364" /><ent r="3" t="34" w="422" /><ent r="3" t="34" w="428" /><ent r="3" t="34" w="480" /><ent r="3" t="34" w="574" /><ent r="3" t="34" w="587" /><ent r="3" t="34" w="643" /><ent r="3" t="34" w="679" /><ent r="3" t="34" w="692" /><ent r="4" t="34" w="742" /><ent r="4" t="34" w="743" /><ent r="3" t="34" w="768" /><ent r="3" t="34" w="811" /><ent r="3" t="34" w="818" /><ent r="3" t="34" w="831" /><ent r="3" t="34" w="865" /><ent r="3" t="34" w="881" /><ent r="4" t="34" w="923" /><ent r="4" t="34" w="1007" /><ent r="4" t="34" w="1009" /><ent r="4" t="34" w="1011" /><ent r="4" t="34" w="1072" /><ent r="3" t="34" w="1114" /><ent r="3" t="34" w="1136" /><ent r="3" t="34" w="1205" /><ent r="3" t="34" w="1222" /><ent r="4" t="34" w="1249" /><ent r="3" t="34" w="1293" /><ent r="4" t="34" w="1332" /><ent r="4" t="34" w="1350" /><ent r="4" t="34" w="1401" /><ent r="4" t="34" w="1444" /><ent r="4" t="34" w="1486" /><ent r="4" t="34" w="1498" /><ent r="3" t="34" w="1524" /><ent r="3" t="34" w="1536" /><ent r="3" t="34" w="1562" /><ent r="3" t="34" w="1563" /><ent r="3" t="34" w="1565" /><ent r="4" t="34" w="1583" /><ent r="4" t="34" w="1600" /><ent r="4" t="34" w="1633" /><ent r="4" t="34" w="1652" /><ent r="4" t="34" w="1668" /><ent r="4" t="34" w="1782" /><ent r="4" t="34" w="1831" /><ent r="3" t="34" w="1926" /><ent r="4" t="34" w="2055" /><ent r="4" t="34" w="2077" /><ent r="4" t="34" w="2114" /><ent r="4" t="34" w="2137" /><ent r="3" t="35" w="62" /><ent r="6" t="35" w="155" /><ent r="6" t="35" w="198" /><ent r="6" t="35" w="208" /><ent r="6" t="35" w="273" /><ent r="6" t="35" w="295" /><ent r="6" t="35" w="345" /><ent r="3" t="36" w="20" /><ent r="3" t="36" w="21" /><ent r="4" t="36" w="53" /><ent r="4" t="36" w="55" /><ent r="4" t="36" w="57" /><ent r="4" t="36" w="58" /><ent r="4" t="36" w="84" /><ent r="3" t="36" w="165" /><ent r="4" t="36" w="209" /><ent r="4" t="36" w="210" /><ent r="7" t="36" w="287" /><ent r="7" t="36" w="315" /><ent r="7" t="36" w="329" /><ent r="7" t="36" w="382" /><ent r="7" t="36" w="448" /><ent r="7" t="36" w="482" /><ent r="7" t="36" w="498" /><ent r="7" t="36" w="506" /><ent r="7" t="36" w="587" /><ent r="7" t="36" w="595" /><ent r="7" t="36" w="719" /><ent r="7" t="36" w="783" /><ent r="7" t="36" w="798" /><ent r="7" t="36" w="814" /><ent r="7" t="36" w="868" /><ent r="7" t="36" w="881" /><ent r="7" t="36" w="937" /><ent r="7" t="36" w="995" /><ent r="7" t="36" w="1012" /><ent r="7" t="36" w="1039" /><ent r="7" t="36" w="1116" /><ent r="7" t="36" w="1119" /><ent r="7" t="36" w="1124" /><ent r="7" t="36" w="1133" /><ent r="7" t="36" w="1165" /><ent r="6" t="36" w="1227" /><ent r="6" t="36" w="1266" /><ent r="6" t="36" w="1295" /><ent r="6" t="36" w="1309" /><ent r="6" t="36" w="1323" /><ent r="6" t="36" w="1365" /><ent r="6" t="36" w="1379" /><ent r="3" t="36" w="1436" /><ent r="3" t="36" w="1460" /><ent r="6" t="36" w="1491" /><ent r="6" t="36" w="1530" /><ent r="6" t="36" w="1580" /><ent r="6" t="36" w="1691" /><ent r="6" t="36" w="1696" /><ent r="3" t="38" w="25" /><ent r="3" t="38" w="28" /><ent r="3" t="38" w="29" /><ent r="3" t="38" w="57" /><ent r="6" t="38" w="129" /><ent r="6" t="38" w="150" /><ent r="7" t="38" w="244" /><ent r="7" t="38" w="294" /><ent r="7" t="38" w="298" /><ent r="3" t="39" w="41" /><ent r="3" t="39" w="89" /><ent r="6" t="39" w="158" /><ent r="6" t="41" w="72" /><ent r="6" t="41" w="88" /><ent r="7" t="41" w="123" /><ent r="7" t="41" w="124" /><ent r="7" t="41" w="188" /><ent r="3" t="42" w="236" /><ent r="3" t="42" w="254" /><ent r="4" t="42" w="291" /><ent r="3" t="42" w="344" /><ent r="4" t="42" w="381" /><ent r="4" t="42" w="397" /><ent r="4" t="42" w="405" /><ent r="4" t="42" w="436" /><ent r="6" t="43" w="71" /><ent r="6" t="43" w="89" /><ent r="6" t="43" w="112" /><ent r="6" t="43" w="113" /><ent r="6" t="43" w="119" /><ent r="6" t="43" w="146" /><ent r="6" t="43" w="147" /><ent r="6" t="43" w="167" /><ent r="6" t="43" w="198" /><ent r="3" t="44" w="64" /><ent r="4" t="44" w="100" /><ent r="3" t="44" w="223" /><ent r="6" t="44" w="267" /><ent r="6" t="44" w="319" /><ent r="6" t="44" w="336" /><ent r="6" t="44" w="380" /><ent r="6" t="44" w="427" /><ent r="6" t="44" w="442" /><ent r="6" t="44" w="479" /></phr></stem></index>