﻿<?xml version="1.0" encoding="utf-8"?><index><stem n="rich"><phr n="rich"><ent r="3" t="0" w="62" /></phr></stem><stem n="graphic"><phr n="graphical"><ent r="3" t="0" w="63" /></phr></stem><stem n="interfac"><phr n="interface"><ent r="3" t="0" w="64" /><ent r="3" t="0" w="166" /><ent r="100" t="2" w="10" /><ent r="3" t="2" w="20" /><ent r="3" t="2" w="55" /><ent r="3" t="2" w="195" /><ent r="4" t="9" w="280" /><ent r="3" t="9" w="325" /><ent r="3" t="31" w="1055" /><ent r="3" t="34" w="1162" /><ent r="3" t="41" w="34" /><ent r="6" t="41" w="198" /><ent r="6" t="41" w="231" /></phr><phr n="Interface"><ent r="64" t="0" w="173" /><ent r="1000" t="1" w="7" /><ent r="100" t="1" w="13" /><ent r="102" t="1" w="26" /><ent r="4" t="1" w="142" /><ent r="1000" t="2" w="1" /><ent r="100" t="2" w="4" /><ent r="102" t="2" w="12" /><ent r="100" t="3" w="14" /><ent r="5" t="5" w="119" /><ent r="65" t="8" w="76" /><ent r="4" t="14" w="280" /><ent r="92" t="34" w="1153" /><ent r="7" t="41" w="149" /></phr></stem><stem n="combin"><phr n="combined"><ent r="3" t="0" w="65" /></phr></stem><stem n="familiar"><phr n="familiarity"><ent r="3" t="0" w="68" /></phr></stem><stem n="simpl"><phr n="simple"><ent r="3" t="0" w="74" /></phr><phr n="Simple"><ent r="3" t="16" w="168" /><ent r="4" t="31" w="763" /></phr></stem><stem n="learn"><phr n="learn"><ent r="3" t="0" w="76" /><ent r="3" t="0" w="161" /></phr></stem><stem n="prerequisit"><phr n="Prerequisites"><ent r="4" t="0" w="80" /><ent r="82" t="31" w="880" /><ent r="92" t="34" w="334" /></phr><phr n="Prerequisite"><ent r="4" t="9" w="104" /></phr></stem><stem n=":"><phr n=":"><ent r="4" t="0" w="81" /><ent r="4" t="0" w="91" /><ent r="3" t="0" w="167" /><ent r="64" t="0" w="174" /><ent r="4" t="1" w="56" /><ent r="4" t="1" w="87" /><ent r="4" t="1" w="93" /><ent r="3" t="1" w="98" /><ent r="5" t="1" w="180" /><ent r="7" t="1" w="183" /><ent r="7" t="1" w="287" /><ent r="3" t="2" w="64" /><ent r="5" t="2" w="67" /><ent r="5" t="2" w="88" /><ent r="5" t="2" w="117" /><ent r="5" t="2" w="138" /><ent r="5" t="2" w="162" /><ent r="3" t="2" w="223" /><ent r="4" t="2" w="295" /><ent r="4" t="2" w="326" /><ent r="3" t="3" w="69" /><ent r="3" t="3" w="190" /><ent r="5" t="3" w="193" /><ent r="5" t="3" w="254" /><ent r="4" t="3" w="290" /><ent r="4" t="3" w="350" /><ent r="5" t="3" w="396" /><ent r="6" t="3" w="514" /><ent r="6" t="3" w="603" /><ent r="7" t="3" w="636" /><ent r="6" t="3" w="672" /><ent r="6" t="3" w="905" /><ent r="6" t="3" w="1002" /><ent r="6" t="3" w="1101" /><ent r="8" t="3" w="1103" /><ent r="8" t="3" w="1117" /><ent r="8" t="3" w="1125" /><ent r="6" t="3" w="1156" /><ent r="6" t="3" w="1193" /><ent r="7" t="3" w="1204" /><ent r="3" t="4" w="54" /><ent r="4" t="4" w="63" /><ent r="3" t="4" w="120" /><ent r="5" t="4" w="122" /><ent r="5" t="4" w="163" /><ent r="7" t="4" w="333" /><ent r="7" t="4" w="374" /><ent r="7" t="4" w="459" /><ent r="4" t="4" w="498" /><ent r="4" t="4" w="534" /><ent r="3" t="4" w="565" /><ent r="3" t="5" w="92" /><ent r="5" t="5" w="185" /><ent r="3" t="6" w="43" /><ent r="5" t="6" w="68" /><ent r="3" t="7" w="77" /><ent r="3" t="7" w="141" /><ent r="4" t="7" w="234" /><ent r="4" t="7" w="284" /><ent r="4" t="7" w="379" /><ent r="3" t="7" w="472" /><ent r="3" t="8" w="58" /><ent r="4" t="8" w="80" /><ent r="3" t="9" w="58" /><ent r="4" t="9" w="71" /><ent r="4" t="9" w="105" /><ent r="4" t="9" w="134" /><ent r="4" t="9" w="168" /><ent r="4" t="9" w="172" /><ent r="4" t="9" w="307" /><ent r="4" t="10" w="56" /><ent r="8" t="10" w="206" /><ent r="8" t="10" w="241" /><ent r="4" t="11" w="34" /><ent r="3" t="11" w="74" /><ent r="3" t="11" w="101" /><ent r="4" t="11" w="195" /><ent r="5" t="11" w="413" /><ent r="4" t="12" w="135" /><ent r="4" t="12" w="212" /><ent r="5" t="12" w="329" /><ent r="4" t="12" w="377" /><ent r="4" t="13" w="137" /><ent r="3" t="13" w="256" /><ent r="5" t="13" w="288" /><ent r="4" t="13" w="348" /><ent r="3" t="14" w="102" /><ent r="4" t="14" w="163" /><ent r="3" t="14" w="174" /><ent r="4" t="14" w="206" /><ent r="4" t="14" w="215" /><ent r="4" t="14" w="258" /><ent r="4" t="14" w="274" /><ent r="4" t="14" w="338" /><ent r="4" t="14" w="362" /><ent r="4" t="14" w="374" /><ent r="4" t="14" w="426" /><ent r="4" t="15" w="81" /><ent r="3" t="15" w="119" /><ent r="7" t="15" w="253" /><ent r="8" t="15" w="324" /><ent r="7" t="15" w="378" /><ent r="7" t="15" w="407" /><ent r="8" t="15" w="588" /><ent r="8" t="15" w="680" /><ent r="3" t="16" w="58" /><ent r="3" t="16" w="129" /><ent r="3" t="16" w="237" /><ent r="4" t="16" w="323" /><ent r="9" t="16" w="353" /><ent r="10" t="16" w="480" /><ent r="10" t="16" w="522" /><ent r="9" t="16" w="910" /><ent r="10" t="16" w="945" /><ent r="3" t="16" w="1102" /><ent r="8" t="16" w="1127" /><ent r="8" t="16" w="1145" /><ent r="8" t="16" w="1178" /><ent r="8" t="16" w="1210" /><ent r="8" t="16" w="1235" /><ent r="8" t="16" w="1257" /><ent r="8" t="16" w="1305" /><ent r="4" t="17" w="92" /><ent r="4" t="17" w="125" /><ent r="4" t="17" w="164" /><ent r="5" t="17" w="201" /><ent r="4" t="17" w="211" /><ent r="5" t="17" w="288" /><ent r="5" t="17" w="354" /><ent r="5" t="17" w="395" /><ent r="5" t="17" w="447" /><ent r="4" t="17" w="458" /><ent r="5" t="17" w="534" /><ent r="4" t="17" w="571" /><ent r="5" t="17" w="587" /><ent r="4" t="17" w="622" /><ent r="4" t="17" w="666" /><ent r="3" t="17" w="683" /><ent r="4" t="17" w="715" /><ent r="5" t="17" w="756" /><ent r="4" t="17" w="793" /><ent r="4" t="18" w="51" /><ent r="3" t="18" w="128" /><ent r="4" t="18" w="150" /><ent r="4" t="18" w="194" /><ent r="4" t="19" w="14" /><ent r="3" t="19" w="39" /><ent r="4" t="19" w="80" /><ent r="5" t="19" w="83" /><ent r="4" t="19" w="98" /><ent r="5" t="19" w="112" /><ent r="5" t="19" w="131" /><ent r="4" t="19" w="154" /><ent r="5" t="19" w="156" /><ent r="5" t="19" w="168" /><ent r="5" t="19" w="181" /><ent r="5" t="19" w="193" /><ent r="3" t="19" w="229" /><ent r="4" t="20" w="20" /><ent r="4" t="20" w="45" /><ent r="4" t="21" w="20" /><ent r="4" t="21" w="46" /><ent r="4" t="22" w="95" /><ent r="6" t="22" w="301" /><ent r="7" t="22" w="322" /><ent r="4" t="23" w="29" /><ent r="4" t="23" w="98" /><ent r="3" t="23" w="148" /><ent r="5" t="23" w="277" /><ent r="4" t="24" w="57" /><ent r="4" t="24" w="111" /><ent r="5" t="24" w="222" /><ent r="4" t="25" w="33" /><ent r="4" t="25" w="53" /><ent r="4" t="26" w="62" /><ent r="4" t="26" w="99" /><ent r="4" t="26" w="140" /><ent r="4" t="26" w="142" /><ent r="4" t="26" w="183" /><ent r="4" t="26" w="250" /><ent r="5" t="26" w="289" /><ent r="5" t="26" w="335" /><ent r="4" t="26" w="392" /><ent r="5" t="26" w="396" /><ent r="5" t="26" w="430" /><ent r="4" t="26" w="553" /><ent r="4" t="26" w="733" /><ent r="3" t="27" w="115" /><ent r="4" t="27" w="273" /><ent r="4" t="27" w="343" /><ent r="4" t="27" w="429" /><ent r="4" t="27" w="509" /><ent r="4" t="27" w="578" /><ent r="3" t="27" w="609" /><ent r="4" t="27" w="737" /><ent r="4" t="27" w="786" /><ent r="4" t="27" w="874" /><ent r="4" t="27" w="885" /><ent r="4" t="27" w="917" /><ent r="4" t="27" w="969" /><ent r="3" t="27" w="1013" /><ent r="3" t="28" w="33" /><ent r="4" t="28" w="35" /><ent r="4" t="28" w="53" /><ent r="4" t="28" w="65" /><ent r="4" t="28" w="88" /><ent r="7" t="28" w="172" /><ent r="7" t="28" w="185" /><ent r="7" t="28" w="249" /><ent r="7" t="28" w="274" /><ent r="7" t="28" w="322" /><ent r="7" t="29" w="122" /><ent r="7" t="29" w="225" /><ent r="6" t="29" w="333" /><ent r="8" t="29" w="335" /><ent r="8" t="29" w="346" /><ent r="8" t="29" w="357" /><ent r="8" t="29" w="370" /><ent r="8" t="29" w="385" /><ent r="8" t="29" w="400" /><ent r="8" t="29" w="424" /><ent r="8" t="29" w="433" /><ent r="3" t="29" w="497" /><ent r="3" t="29" w="524" /><ent r="3" t="29" w="570" /><ent r="3" t="30" w="46" /><ent r="3" t="31" w="42" /><ent r="5" t="31" w="46" /><ent r="5" t="31" w="67" /><ent r="4" t="31" w="79" /><ent r="4" t="31" w="116" /><ent r="4" t="31" w="189" /><ent r="7" t="31" w="261" /><ent r="7" t="31" w="359" /><ent r="7" t="31" w="439" /><ent r="3" t="31" w="487" /><ent r="4" t="31" w="521" /><ent r="5" t="31" w="525" /><ent r="5" t="31" w="555" /><ent r="5" t="31" w="614" /><ent r="4" t="31" w="681" /><ent r="3" t="31" w="733" /><ent r="5" t="31" w="760" /><ent r="5" t="31" w="778" /><ent r="3" t="31" w="806" /><ent r="3" t="31" w="895" /><ent r="4" t="31" w="921" /><ent r="4" t="31" w="992" /><ent r="3" t="31" w="1057" /><ent r="4" t="31" w="1081" /><ent r="3" t="31" w="1144" /><ent r="3" t="31" w="1415" /><ent r="3" t="31" w="1474" /><ent r="4" t="31" w="1502" /><ent r="4" t="32" w="92" /><ent r="4" t="32" w="166" /><ent r="7" t="32" w="238" /><ent r="7" t="32" w="271" /><ent r="7" t="32" w="299" /><ent r="7" t="32" w="340" /><ent r="7" t="32" w="360" /><ent r="8" t="32" w="379" /><ent r="8" t="32" w="415" /><ent r="7" t="32" w="422" /><ent r="7" t="32" w="497" /><ent r="7" t="32" w="518" /><ent r="7" t="32" w="548" /><ent r="7" t="32" w="572" /><ent r="7" t="32" w="616" /><ent r="7" t="32" w="674" /><ent r="7" t="32" w="707" /><ent r="7" t="32" w="731" /><ent r="7" t="32" w="784" /><ent r="3" t="33" w="55" /><ent r="4" t="34" w="71" /><ent r="3" t="34" w="164" /><ent r="5" t="34" w="214" /><ent r="3" t="34" w="255" /><ent r="4" t="34" w="322" /><ent r="3" t="34" w="415" /><ent r="3" t="34" w="446" /><ent r="5" t="34" w="449" /><ent r="4" t="34" w="467" /><ent r="5" t="34" w="492" /><ent r="4" t="34" w="512" /><ent r="5" t="34" w="552" /><ent r="4" t="34" w="665" /><ent r="3" t="34" w="761" /><ent r="3" t="34" w="979" /><ent r="3" t="34" w="1053" /><ent r="5" t="34" w="1056" /><ent r="5" t="34" w="1086" /><ent r="5" t="34" w="1102" /><ent r="5" t="34" w="1127" /><ent r="3" t="34" w="1214" /><ent r="3" t="34" w="1297" /><ent r="3" t="34" w="1336" /><ent r="3" t="34" w="1424" /><ent r="3" t="34" w="1438" /><ent r="4" t="34" w="1457" /><ent r="4" t="34" w="1615" /><ent r="3" t="34" w="1642" /><ent r="4" t="34" w="1757" /><ent r="3" t="34" w="1819" /><ent r="4" t="34" w="2025" /><ent r="5" t="34" w="2032" /><ent r="5" t="34" w="2050" /><ent r="5" t="34" w="2071" /><ent r="4" t="34" w="2123" /><ent r="7" t="35" w="315" /><ent r="7" t="35" w="352" /><ent r="6" t="35" w="412" /><ent r="8" t="35" w="459" /><ent r="3" t="36" w="39" /><ent r="5" t="36" w="42" /><ent r="4" t="36" w="59" /><ent r="5" t="36" w="80" /><ent r="4" t="36" w="166" /><ent r="3" t="36" w="190" /><ent r="5" t="36" w="194" /><ent r="5" t="36" w="207" /><ent r="8" t="36" w="277" /><ent r="8" t="36" w="303" /><ent r="8" t="36" w="410" /><ent r="7" t="36" w="446" /><ent r="8" t="36" w="647" /><ent r="8" t="36" w="841" /><ent r="8" t="36" w="1016" /><ent r="7" t="36" w="1142" /><ent r="8" t="36" w="1192" /><ent r="7" t="36" w="1266" /><ent r="7" t="36" w="1306" /><ent r="7" t="36" w="1365" /><ent r="7" t="36" w="1422" /><ent r="4" t="36" w="1505" /><ent r="6" t="36" w="1553" /><ent r="7" t="36" w="1567" /><ent r="7" t="36" w="1677" /><ent r="7" t="36" w="1688" /><ent r="7" t="36" w="1706" /><ent r="7" t="36" w="1718" /><ent r="3" t="37" w="32" /><ent r="7" t="38" w="99" /><ent r="6" t="38" w="218" /><ent r="8" t="38" w="220" /><ent r="8" t="38" w="261" /><ent r="6" t="38" w="331" /><ent r="7" t="39" w="150" /><ent r="3" t="40" w="54" /><ent r="7" t="41" w="82" /><ent r="6" t="41" w="116" /><ent r="6" t="41" w="182" /><ent r="6" t="41" w="217" /><ent r="3" t="42" w="109" /><ent r="4" t="42" w="187" /><ent r="4" t="42" w="212" /><ent r="5" t="42" w="218" /><ent r="4" t="42" w="236" /><ent r="5" t="42" w="289" /><ent r="4" t="42" w="319" /><ent r="5" t="42" w="444" /><ent r="4" t="42" w="511" /><ent r="4" t="43" w="18" /><ent r="6" t="43" w="122" /><ent r="4" t="44" w="19" /><ent r="3" t="44" w="88" /><ent r="5" t="44" w="90" /><ent r="5" t="44" w="137" /><ent r="5" t="44" w="172" /><ent r="4" t="44" w="196" /></phr></stem><stem n="support"><phr n="supported"><ent r="4" t="0" w="86" /><ent r="4" t="0" w="106" /></phr><phr n="supporting"><ent r="3" t="34" w="406" /></phr></stem><stem n="internet"><phr n="Internet"><ent r="4" t="0" w="91" /><ent r="7" t="1" w="181" /><ent r="6" t="4" w="334" /><ent r="3" t="4" w="499" /><ent r="9" t="16" w="735" /></phr></stem><stem n="explor"><phr n="Explorer"><ent r="4" t="0" w="92" /><ent r="7" t="1" w="182" /><ent r="6" t="4" w="335" /><ent r="3" t="4" w="500" /></phr></stem><stem n="8"><phr n="8"><ent r="4" t="0" w="95" /><ent r="3" t="31" w="1293" /></phr></stem><stem n="firefox"><phr n="Firefox"><ent r="4" t="0" w="97" /><ent r="7" t="1" w="286" /></phr></stem><stem n="3"><phr n="3"><ent r="4" t="0" w="98" /><ent r="4" t="7" w="224" /><ent r="5" t="9" w="165" /><ent r="65" t="15" w="213" /><ent r="4" t="19" w="90" /><ent r="4" t="26" w="421" /><ent r="3" t="27" w="1029" /><ent r="64" t="31" w="1119" /><ent r="6" t="43" w="108" /></phr></stem><stem n="work"><phr n="work"><ent r="4" t="0" w="102" /><ent r="9" t="16" w="373" /><ent r="3" t="26" w="557" /><ent r="3" t="27" w="277" /><ent r="3" t="31" w="182" /><ent r="3" t="40" w="39" /></phr><phr n="Working"><ent r="92" t="2" w="210" /><ent r="5" t="22" w="154" /><ent r="3" t="34" w="323" /><ent r="3" t="34" w="328" /><ent r="4" t="34" w="707" /></phr><phr n="working"><ent r="4" t="3" w="241" /><ent r="6" t="3" w="525" /><ent r="6" t="3" w="542" /></phr><phr n="works"><ent r="3" t="16" w="147" /><ent r="3" t="16" w="188" /></phr></stem><stem n="java"><phr n="Java"><ent r="4" t="0" w="112" /><ent r="6" t="32" w="755" /></phr></stem><stem n="runtim"><phr n="Runtime"><ent r="4" t="0" w="113" /><ent r="6" t="32" w="756" /><ent r="7" t="45" w="100" /><ent r="7" t="45" w="159" /></phr><phr n="runtime"><ent r="3" t="27" w="987" /></phr></stem><stem n="requir"><phr n="required"><ent r="4" t="0" w="115" /><ent r="4" t="0" w="137" /><ent r="4" t="3" w="269" /><ent r="6" t="3" w="530" /><ent r="6" t="3" w="596" /><ent r="4" t="6" w="187" /><ent r="4" t="7" w="412" /><ent r="9" t="16" w="433" /><ent r="9" t="16" w="448" /><ent r="4" t="17" w="531" /><ent r="4" t="19" w="77" /><ent r="6" t="26" w="517" /><ent r="3" t="27" w="99" /><ent r="3" t="27" w="621" /><ent r="3" t="27" w="772" /><ent r="7" t="32" w="463" /><ent r="7" t="32" w="483" /><ent r="3" t="34" w="599" /><ent r="3" t="34" w="753" /><ent r="4" t="34" w="2097" /><ent r="7" t="36" w="895" /><ent r="7" t="36" w="1119" /><ent r="3" t="42" w="323" /></phr><phr n="requires"><ent r="3" t="5" w="34" /><ent r="3" t="6" w="237" /><ent r="3" t="12" w="165" /><ent r="3" t="14" w="167" /><ent r="4" t="21" w="104" /></phr><phr n="require"><ent r="3" t="13" w="126" /><ent r="4" t="17" w="559" /><ent r="4" t="17" w="578" /><ent r="3" t="17" w="602" /><ent r="4" t="34" w="501" /></phr><phr n="Requires"><ent r="6" t="32" w="754" /></phr><phr n="Required"><ent r="7" t="45" w="33" /></phr></stem><stem n="if"><phr n="if"><ent r="4" t="0" w="116" /><ent r="6" t="3" w="572" /><ent r="3" t="9" w="317" /><ent r="4" t="11" w="107" /><ent r="4" t="11" w="288" /><ent r="4" t="12" w="339" /><ent r="3" t="13" w="86" /><ent r="3" t="13" w="161" /><ent r="3" t="13" w="192" /><ent r="3" t="13" w="357" /><ent r="3" t="13" w="375" /><ent r="3" t="14" w="101" /><ent r="7" t="15" w="491" /><ent r="7" t="15" w="503" /><ent r="7" t="15" w="598" /><ent r="7" t="15" w="634" /><ent r="7" t="15" w="674" /><ent r="9" t="16" w="381" /><ent r="9" t="16" w="417" /><ent r="9" t="16" w="426" /><ent r="9" t="16" w="529" /><ent r="4" t="17" w="556" /><ent r="3" t="23" w="55" /><ent r="3" t="23" w="66" /><ent r="3" t="23" w="115" /><ent r="3" t="24" w="37" /><ent r="3" t="24" w="48" /><ent r="3" t="25" w="25" /><ent r="4" t="26" w="365" /><ent r="4" t="27" w="205" /><ent r="3" t="27" w="631" /><ent r="3" t="27" w="744" /><ent r="7" t="28" w="243" /><ent r="3" t="29" w="543" /><ent r="4" t="31" w="632" /><ent r="3" t="31" w="800" /><ent r="3" t="31" w="967" /><ent r="3" t="31" w="1464" /><ent r="6" t="32" w="347" /><ent r="7" t="32" w="464" /><ent r="7" t="32" w="484" /><ent r="3" t="34" w="99" /><ent r="3" t="34" w="110" /><ent r="3" t="34" w="124" /><ent r="3" t="34" w="484" /><ent r="3" t="34" w="893" /><ent r="4" t="34" w="1111" /><ent r="4" t="34" w="1135" /><ent r="4" t="34" w="1550" /><ent r="3" t="34" w="1588" /><ent r="7" t="35" w="440" /><ent r="7" t="36" w="268" /><ent r="7" t="36" w="585" /><ent r="7" t="36" w="717" /><ent r="7" t="36" w="1033" /><ent r="3" t="36" w="1480" /><ent r="6" t="36" w="1746" /><ent r="3" t="42" w="324" /><ent r="3" t="44" w="213" /><ent r="3" t="45" w="23" /></phr><phr n="If"><ent r="3" t="0" w="148" /><ent r="5" t="1" w="173" /><ent r="4" t="3" w="445" /><ent r="4" t="7" w="408" /><ent r="3" t="9" w="72" /><ent r="4" t="9" w="173" /><ent r="3" t="9" w="308" /><ent r="4" t="11" w="375" /><ent r="3" t="12" w="45" /><ent r="3" t="12" w="90" /><ent r="3" t="12" w="158" /><ent r="4" t="12" w="213" /><ent r="4" t="12" w="234" /><ent r="3" t="14" w="67" /><ent r="4" t="14" w="473" /><ent r="7" t="15" w="712" /><ent r="9" t="16" w="445" /><ent r="3" t="17" w="93" /><ent r="3" t="17" w="111" /><ent r="4" t="17" w="172" /><ent r="3" t="17" w="212" /><ent r="4" t="17" w="316" /><ent r="3" t="17" w="467" /><ent r="4" t="17" w="575" /><ent r="3" t="17" w="595" /><ent r="3" t="17" w="630" /><ent r="3" t="17" w="667" /><ent r="4" t="17" w="710" /><ent r="4" t="17" w="757" /><ent r="3" t="17" w="794" /><ent r="3" t="18" w="129" /><ent r="4" t="21" w="83" /><ent r="4" t="23" w="213" /><ent r="4" t="23" w="230" /><ent r="4" t="23" w="331" /><ent r="4" t="24" w="158" /><ent r="4" t="24" w="175" /><ent r="4" t="24" w="276" /><ent r="4" t="26" w="687" /><ent r="3" t="26" w="783" /><ent r="4" t="27" w="232" /><ent r="4" t="27" w="442" /><ent r="4" t="27" w="481" /><ent r="3" t="27" w="510" /><ent r="3" t="27" w="651" /><ent r="3" t="28" w="89" /><ent r="7" t="28" w="217" /><ent r="6" t="28" w="283" /><ent r="3" t="31" w="1453" /><ent r="3" t="31" w="1503" /><ent r="6" t="32" w="300" /><ent r="8" t="32" w="375" /><ent r="8" t="32" w="411" /><ent r="6" t="32" w="600" /><ent r="3" t="34" w="12" /><ent r="3" t="34" w="666" /><ent r="3" t="34" w="907" /><ent r="4" t="34" w="985" /><ent r="4" t="34" w="1139" /><ent r="4" t="34" w="1390" /><ent r="3" t="34" w="1616" /><ent r="4" t="34" w="1658" /><ent r="6" t="35" w="361" /><ent r="7" t="36" w="325" /><ent r="7" t="36" w="648" /><ent r="7" t="36" w="744" /><ent r="7" t="36" w="1039" /><ent r="7" t="36" w="1069" /><ent r="3" t="36" w="1465" /><ent r="6" t="36" w="1735" /><ent r="6" t="38" w="119" /><ent r="6" t="39" w="151" /><ent r="6" t="41" w="83" /></phr></stem><stem n="intend"><phr n="intend"><ent r="4" t="0" w="118" /><ent r="9" t="16" w="531" /></phr><phr n="intended"><ent r="7" t="36" w="614" /><ent r="3" t="42" w="35" /></phr></stem><stem n="launch"><phr n="launch"><ent r="4" t="0" w="120" /><ent r="3" t="32" w="51" /></phr><phr n="launching"><ent r="100" t="32" w="24" /></phr></stem><stem n="polici"><phr n="Policy"><ent r="4" t="0" w="122" /><ent r="5" t="9" w="298" /><ent r="4" t="11" w="316" /><ent r="3" t="14" w="177" /><ent r="4" t="14" w="360" /><ent r="4" t="14" w="384" /><ent r="5" t="14" w="434" /><ent r="3" t="16" w="161" /><ent r="3" t="16" w="202" /><ent r="1000" t="17" w="5" /><ent r="102" t="17" w="11" /><ent r="100" t="17" w="17" /><ent r="100" t="17" w="22" /><ent r="3" t="17" w="151" /><ent r="4" t="26" w="618" /><ent r="5" t="27" w="329" /><ent r="7" t="29" w="57" /><ent r="8" t="29" w="344" /><ent r="3" t="29" w="532" /><ent r="4" t="31" w="755" /><ent r="3" t="32" w="59" /><ent r="6" t="32" w="743" /><ent r="7" t="32" w="767" /><ent r="7" t="32" w="777" /><ent r="100" t="33" w="9" /><ent r="65" t="34" w="244" /><ent r="4" t="34" w="318" /><ent r="6" t="34" w="378" /><ent r="4" t="34" w="716" /><ent r="4" t="34" w="963" /><ent r="4" t="34" w="1704" /><ent r="5" t="34" w="1727" /><ent r="4" t="34" w="1855" /><ent r="4" t="34" w="1880" /><ent r="5" t="34" w="1898" /><ent r="5" t="34" w="1906" /><ent r="5" t="34" w="1954" /><ent r="4" t="42" w="272" /><ent r="3" t="42" w="355" /><ent r="7" t="45" w="130" /><ent r="8" t="45" w="147" /></phr><phr n="Policies"><ent r="5" t="2" w="87" /><ent r="65" t="2" w="112" /><ent r="64" t="17" w="856" /><ent r="64" t="18" w="42" /><ent r="1000" t="33" w="2" /><ent r="100" t="33" w="6" /><ent r="102" t="33" w="13" /><ent r="3" t="33" w="18" /><ent r="3" t="33" w="49" /><ent r="3" t="34" w="326" /><ent r="3" t="34" w="332" /><ent r="4" t="34" w="1382" /><ent r="5" t="34" w="1720" /></phr><phr n="policies"><ent r="4" t="2" w="94" /><ent r="64" t="13" w="189" /><ent r="3" t="17" w="33" /><ent r="3" t="17" w="133" /><ent r="64" t="23" w="113" /><ent r="3" t="33" w="25" /><ent r="3" t="34" w="30" /><ent r="4" t="34" w="278" /><ent r="3" t="34" w="292" /><ent r="3" t="34" w="296" /><ent r="3" t="34" w="307" /><ent r="4" t="34" w="1712" /><ent r="64" t="44" w="211" /></phr><phr n="policy"><ent r="64" t="3" w="147" /><ent r="6" t="3" w="562" /><ent r="64" t="9" w="91" /><ent r="3" t="13" w="209" /><ent r="3" t="17" w="58" /><ent r="3" t="17" w="70" /><ent r="4" t="17" w="163" /><ent r="3" t="17" w="842" /><ent r="64" t="18" w="29" /><ent r="65" t="19" w="315" /><ent r="4" t="27" w="118" /><ent r="6" t="29" w="68" /><ent r="3" t="29" w="556" /><ent r="3" t="32" w="104" /><ent r="3" t="34" w="32" /><ent r="4" t="34" w="167" /><ent r="4" t="34" w="258" /><ent r="4" t="34" w="262" /><ent r="4" t="34" w="267" /><ent r="4" t="34" w="282" /><ent r="3" t="34" w="396" /><ent r="3" t="34" w="488" /><ent r="4" t="34" w="1014" /><ent r="4" t="34" w="1745" /><ent r="3" t="34" w="1790" /><ent r="3" t="34" w="1802" /><ent r="4" t="34" w="1869" /><ent r="4" t="34" w="1892" /><ent r="4" t="36" w="60" /><ent r="3" t="36" w="150" /></phr></stem><stem n="within"><phr n="within"><ent r="4" t="0" w="125" /><ent r="4" t="3" w="266" /><ent r="3" t="3" w="357" /><ent r="4" t="3" w="404" /><ent r="4" t="3" w="435" /><ent r="7" t="3" w="1129" /><ent r="4" t="11" w="238" /><ent r="4" t="11" w="401" /><ent r="3" t="12" w="62" /><ent r="3" t="12" w="418" /><ent r="3" t="13" w="81" /><ent r="3" t="13" w="155" /><ent r="3" t="22" w="136" /><ent r="3" t="23" w="82" /><ent r="3" t="26" w="66" /><ent r="3" t="26" w="84" /><ent r="4" t="26" w="299" /><ent r="7" t="32" w="439" /><ent r="6" t="35" w="82" /><ent r="7" t="36" w="504" /><ent r="7" t="36" w="546" /><ent r="3" t="44" w="63" /><ent r="6" t="44" w="352" /></phr><phr n="Within"><ent r="3" t="2" w="36" /></phr></stem><stem n="adob"><phr n="Adobe"><ent r="4" t="0" w="130" /></phr></stem><stem n="reader"><phr n="Reader"><ent r="4" t="0" w="131" /></phr></stem><stem n="(or"><phr n="(or"><ent r="4" t="0" w="132" /></phr></stem><stem n="equival"><phr n="equivalent"><ent r="4" t="0" w="133" /><ent r="3" t="34" w="113" /><ent r="4" t="34" w="507" /><ent r="4" t="34" w="567" /><ent r="4" t="36" w="102" /></phr></stem><stem n="pdf"><phr n="PDF"><ent r="4" t="0" w="134" /><ent r="3" t="26" w="28" /><ent r="7" t="28" w="172" /><ent r="7" t="28" w="220" /><ent r="7" t="36" w="972" /><ent r="7" t="36" w="1046" /><ent r="7" t="36" w="1601" /></phr></stem><stem n="viewer"><phr n="viewer"><ent r="4" t="0" w="135" /></phr></stem><stem n=")"><phr n=")"><ent r="4" t="0" w="136" /><ent r="7" t="1" w="193" /><ent r="6" t="3" w="501" /><ent r="6" t="3" w="659" /><ent r="6" t="3" w="730" /><ent r="6" t="3" w="736" /><ent r="6" t="3" w="819" /><ent r="6" t="3" w="891" /><ent r="6" t="3" w="986" /><ent r="3" t="5" w="39" /><ent r="3" t="9" w="99" /><ent r="4" t="9" w="266" /><ent r="3" t="13" w="329" /><ent r="4" t="15" w="173" /><ent r="9" t="16" w="549" /><ent r="9" t="16" w="568" /><ent r="9" t="16" w="739" /><ent r="9" t="16" w="847" /><ent r="3" t="27" w="58" /><ent r="4" t="27" w="181" /><ent r="3" t="27" w="773" /><ent r="8" t="31" w="305" /><ent r="8" t="31" w="330" /><ent r="4" t="31" w="757" /><ent r="4" t="31" w="767" /><ent r="4" t="31" w="789" /><ent r="3" t="34" w="56" /><ent r="4" t="34" w="387" /><ent r="3" t="34" w="486" /><ent r="3" t="34" w="542" /><ent r="3" t="34" w="878" /><ent r="3" t="34" w="1983" /><ent r="7" t="35" w="165" /><ent r="7" t="35" w="177" /><ent r="6" t="36" w="1387" /><ent r="4" t="40" w="83" /><ent r="4" t="40" w="94" /><ent r="7" t="41" w="188" /><ent r="6" t="44" w="355" /><ent r="8" t="45" w="207" /></phr></stem><stem n="view"><phr n="view"><ent r="4" t="0" w="139" /><ent r="4" t="2" w="141" /><ent r="3" t="3" w="36" /><ent r="7" t="4" w="257" /><ent r="3" t="4" w="520" /><ent r="4" t="4" w="530" /><ent r="4" t="11" w="299" /><ent r="4" t="15" w="204" /><ent r="4" t="17" w="377" /><ent r="4" t="18" w="47" /><ent r="4" t="18" w="112" /><ent r="4" t="18" w="169" /><ent r="4" t="18" w="227" /><ent r="7" t="28" w="130" /><ent r="4" t="31" w="605" /><ent r="3" t="31" w="1085" /><ent r="3" t="31" w="1103" /><ent r="4" t="34" w="1763" /><ent r="3" t="34" w="1812" /><ent r="4" t="34" w="1836" /><ent r="3" t="35" w="19" /><ent r="4" t="36" w="219" /><ent r="3" t="37" w="16" /><ent r="3" t="38" w="27" /></phr><phr n="View"><ent r="7" t="1" w="214" /><ent r="7" t="4" w="218" /><ent r="5" t="4" w="545" /><ent r="4" t="13" w="213" /><ent r="7" t="28" w="118" /><ent r="8" t="28" w="134" /><ent r="7" t="36" w="1749" /><ent r="7" t="39" w="107" /><ent r="7" t="41" w="237" /></phr><phr n="viewing"><ent r="3" t="2" w="273" /><ent r="100" t="4" w="12" /><ent r="100" t="4" w="15" /><ent r="3" t="4" w="509" /><ent r="3" t="26" w="36" /><ent r="100" t="28" w="124" /><ent r="7" t="36" w="1011" /></phr><phr n="Viewing"><ent r="1000" t="4" w="1" /><ent r="100" t="4" w="6" /><ent r="102" t="4" w="17" /><ent r="3" t="17" w="415" /><ent r="1000" t="18" w="1" /><ent r="100" t="18" w="5" /><ent r="102" t="18" w="16" /><ent r="64" t="38" w="59" /><ent r="64" t="39" w="94" /></phr><phr n="viewed"><ent r="7" t="4" w="408" /><ent r="4" t="28" w="60" /><ent r="4" t="36" w="117" /><ent r="7" t="36" w="1713" /><ent r="6" t="36" w="1770" /><ent r="6" t="38" w="92" /><ent r="6" t="39" w="143" /></phr></stem><stem n="electron"><phr n="electronic"><ent r="4" t="0" w="141" /></phr></stem><stem n="version"><phr n="version"><ent r="4" t="0" w="142" /><ent r="3" t="3" w="98" /><ent r="3" t="3" w="122" /><ent r="6" t="3" w="1136" /><ent r="7" t="3" w="1175" /><ent r="3" t="12" w="437" /><ent r="3" t="32" w="54" /><ent r="4" t="34" w="268" /><ent r="4" t="34" w="283" /><ent r="4" t="34" w="356" /><ent r="4" t="34" w="1011" /><ent r="4" t="34" w="1021" /><ent r="4" t="34" w="1865" /><ent r="4" t="34" w="1942" /><ent r="4" t="34" w="1949" /><ent r="3" t="42" w="72" /></phr><phr n="Version"><ent r="3" t="3" w="113" /><ent r="7" t="3" w="1133" /><ent r="7" t="3" w="1201" /><ent r="4" t="34" w="1003" /><ent r="4" t="34" w="1913" /></phr></stem></index>