<?xml version="1.0" encoding="utf-8"?><index><stem n="tification"><phr n="notifications"><ent r="8" t="15" w="422" /><ent r="8" t="15" w="422" /><ent r="8" t="15" w="431" /><ent r="8" t="15" w="540" /><ent r="8" t="15" w="540" /><ent r="7" t="15" w="560" /><ent r="7" t="15" w="560" /><ent r="8" t="15" w="592" /><ent r="8" t="15" w="592" /><ent r="7" t="15" w="599" /><ent r="7" t="15" w="599" /><ent r="8" t="15" w="608" /><ent r="8" t="15" w="608" /><ent r="8" t="15" w="637" /><ent r="8" t="15" w="637" /><ent r="7" t="15" w="666" /><ent r="7" t="15" w="675" /><ent r="7" t="15" w="675" /><ent r="7" t="15" w="719" /><ent r="7" t="15" w="719" /><ent r="3" t="16" w="49" /><ent r="3" t="16" w="49" /><ent r="3" t="16" w="128" /><ent r="5" t="16" w="329" /><ent r="5" t="16" w="329" /><ent r="7" t="16" w="335" /><ent r="7" t="16" w="335" /><ent r="5" t="16" w="687" /><ent r="5" t="16" w="687" /><ent r="7" t="16" w="693" /><ent r="7" t="16" w="693" /><ent r="5" t="16" w="872" /><ent r="5" t="16" w="872" /><ent r="7" t="16" w="878" /><ent r="7" t="16" w="878" /><ent r="5" t="16" w="1102" /><ent r="5" t="16" w="1102" /><ent r="100" t="31" w="498" /><ent r="100" t="31" w="498" /><ent r="4" t="31" w="520" /><ent r="4" t="31" w="520" /><ent r="4" t="31" w="559" /><ent r="5" t="31" w="563" /><ent r="4" t="31" w="572" /><ent r="4" t="31" w="605" /><ent r="4" t="31" w="617" /><ent r="4" t="31" w="617" /><ent r="4" t="31" w="666" /><ent r="4" t="31" w="666" /><ent r="3" t="31" w="770" /><ent r="5" t="31" w="849" /><ent r="5" t="31" w="849" /></phr><phr n="Notifications"><ent r="8" t="15" w="436" /><ent r="8" t="15" w="436" /><ent r="7" t="15" w="571" /><ent r="7" t="15" w="571" /><ent r="4" t="16" w="103" /><ent r="4" t="16" w="103" /><ent r="70" t="16" w="674" /><ent r="70" t="16" w="674" /><ent r="70" t="16" w="830" /><ent r="70" t="16" w="830" /><ent r="70" t="16" w="1014" /><ent r="70" t="16" w="1014" /><ent r="92" t="16" w="1062" /><ent r="92" t="16" w="1062" /><ent r="82" t="31" w="505" /><ent r="82" t="31" w="505" /><ent r="5" t="31" w="527" /><ent r="5" t="31" w="527" /><ent r="3" t="31" w="834" /><ent r="3" t="31" w="834" /></phr><phr n="Notification"><ent r="8" t="15" w="624" /><ent r="8" t="15" w="624" /><ent r="1000" t="16" w="2" /><ent r="1000" t="16" w="2" /><ent r="100" t="16" w="8" /><ent r="100" t="16" w="8" /><ent r="100" t="16" w="13" /><ent r="102" t="16" w="24" /><ent r="102" t="16" w="24" /><ent r="65" t="16" w="113" /><ent r="65" t="16" w="113" /><ent r="4" t="16" w="250" /><ent r="4" t="16" w="250" /><ent r="4" t="16" w="258" /><ent r="4" t="16" w="258" /><ent r="65" t="16" w="1033" /><ent r="65" t="16" w="1033" /><ent r="100" t="16" w="1055" /><ent r="100" t="31" w="491" /><ent r="100" t="31" w="491" /><ent r="4" t="31" w="671" /><ent r="4" t="31" w="671" /><ent r="82" t="31" w="740" /><ent r="82" t="31" w="740" /><ent r="100" t="31" w="743" /><ent r="3" t="31" w="747" /><ent r="3" t="31" w="747" /><ent r="64" t="31" w="876" /><ent r="64" t="31" w="876" /></phr><phr n="notification"><ent r="7" t="15" w="642" /><ent r="7" t="15" w="642" /><ent r="100" t="16" w="17" /><ent r="100" t="16" w="17" /><ent r="4" t="16" w="62" /><ent r="4" t="16" w="62" /><ent r="4" t="16" w="88" /><ent r="4" t="16" w="88" /><ent r="3" t="16" w="231" /><ent r="3" t="16" w="231" /><ent r="100" t="16" w="325" /><ent r="100" t="16" w="325" /><ent r="9" t="16" w="603" /><ent r="100" t="16" w="683" /><ent r="100" t="16" w="683" /><ent r="100" t="16" w="868" /><ent r="100" t="16" w="868" /><ent r="4" t="16" w="1025" /><ent r="4" t="16" w="1025" /><ent r="3" t="16" w="1065" /><ent r="3" t="16" w="1065" /><ent r="3" t="16" w="1080" /><ent r="7" t="16" w="1192" /><ent r="7" t="16" w="1192" /><ent r="4" t="31" w="543" /><ent r="4" t="31" w="543" /><ent r="5" t="31" w="649" /><ent r="5" t="31" w="649" /><ent r="4" t="31" w="660" /><ent r="4" t="31" w="660" /><ent r="4" t="31" w="857" /><ent r="4" t="31" w="857" /><ent r="3" t="31" w="871" /><ent r="3" t="31" w="871" /></phr><phr n="identification"><ent r="9" t="16" w="857" /><ent r="9" t="16" w="857" /></phr></stem><stem n="ifications"><phr n="notifications"><ent r="8" t="15" w="422" /><ent r="8" t="15" w="422" /><ent r="8" t="15" w="431" /><ent r="8" t="15" w="540" /><ent r="8" t="15" w="540" /><ent r="7" t="15" w="560" /><ent r="7" t="15" w="560" /><ent r="8" t="15" w="592" /><ent r="8" t="15" w="592" /><ent r="7" t="15" w="599" /><ent r="7" t="15" w="599" /><ent r="8" t="15" w="608" /><ent r="8" t="15" w="608" /><ent r="8" t="15" w="637" /><ent r="8" t="15" w="637" /><ent r="7" t="15" w="666" /><ent r="7" t="15" w="675" /><ent r="7" t="15" w="675" /><ent r="7" t="15" w="719" /><ent r="7" t="15" w="719" /><ent r="3" t="16" w="49" /><ent r="3" t="16" w="49" /><ent r="3" t="16" w="128" /><ent r="5" t="16" w="329" /><ent r="5" t="16" w="329" /><ent r="7" t="16" w="335" /><ent r="7" t="16" w="335" /><ent r="5" t="16" w="687" /><ent r="5" t="16" w="687" /><ent r="7" t="16" w="693" /><ent r="7" t="16" w="693" /><ent r="5" t="16" w="872" /><ent r="5" t="16" w="872" /><ent r="7" t="16" w="878" /><ent r="7" t="16" w="878" /><ent r="5" t="16" w="1102" /><ent r="5" t="16" w="1102" /><ent r="100" t="31" w="498" /><ent r="100" t="31" w="498" /><ent r="4" t="31" w="520" /><ent r="4" t="31" w="520" /><ent r="4" t="31" w="559" /><ent r="5" t="31" w="563" /><ent r="4" t="31" w="572" /><ent r="4" t="31" w="605" /><ent r="4" t="31" w="617" /><ent r="4" t="31" w="617" /><ent r="4" t="31" w="666" /><ent r="4" t="31" w="666" /><ent r="3" t="31" w="770" /><ent r="5" t="31" w="849" /><ent r="5" t="31" w="849" /></phr><phr n="Notifications"><ent r="8" t="15" w="436" /><ent r="8" t="15" w="436" /><ent r="7" t="15" w="571" /><ent r="7" t="15" w="571" /><ent r="4" t="16" w="103" /><ent r="4" t="16" w="103" /><ent r="70" t="16" w="674" /><ent r="70" t="16" w="674" /><ent r="70" t="16" w="830" /><ent r="70" t="16" w="830" /><ent r="70" t="16" w="1014" /><ent r="70" t="16" w="1014" /><ent r="92" t="16" w="1062" /><ent r="92" t="16" w="1062" /><ent r="82" t="31" w="505" /><ent r="82" t="31" w="505" /><ent r="5" t="31" w="527" /><ent r="5" t="31" w="527" /><ent r="3" t="31" w="834" /><ent r="3" t="31" w="834" /></phr><phr n="ramifications"><ent r="100" t="34" w="606" /><ent r="100" t="34" w="606" /><ent r="3" t="34" w="615" /><ent r="3" t="34" w="615" /></phr><phr n="Ramifications"><ent r="92" t="34" w="610" /><ent r="92" t="34" w="610" /></phr></stem><stem n="notificatio"><phr n="notifications"><ent r="8" t="15" w="422" /><ent r="8" t="15" w="422" /><ent r="8" t="15" w="431" /><ent r="8" t="15" w="540" /><ent r="8" t="15" w="540" /><ent r="7" t="15" w="560" /><ent r="7" t="15" w="560" /><ent r="8" t="15" w="592" /><ent r="8" t="15" w="592" /><ent r="7" t="15" w="599" /><ent r="7" t="15" w="599" /><ent r="8" t="15" w="608" /><ent r="8" t="15" w="608" /><ent r="8" t="15" w="637" /><ent r="8" t="15" w="637" /><ent r="7" t="15" w="666" /><ent r="7" t="15" w="675" /><ent r="7" t="15" w="675" /><ent r="7" t="15" w="719" /><ent r="7" t="15" w="719" /><ent r="3" t="16" w="49" /><ent r="3" t="16" w="49" /><ent r="3" t="16" w="128" /><ent r="5" t="16" w="329" /><ent r="5" t="16" w="329" /><ent r="7" t="16" w="335" /><ent r="7" t="16" w="335" /><ent r="5" t="16" w="687" /><ent r="5" t="16" w="687" /><ent r="7" t="16" w="693" /><ent r="7" t="16" w="693" /><ent r="5" t="16" w="872" /><ent r="5" t="16" w="872" /><ent r="7" t="16" w="878" /><ent r="7" t="16" w="878" /><ent r="5" t="16" w="1102" /><ent r="5" t="16" w="1102" /><ent r="100" t="31" w="498" /><ent r="100" t="31" w="498" /><ent r="4" t="31" w="520" /><ent r="4" t="31" w="520" /><ent r="4" t="31" w="559" /><ent r="5" t="31" w="563" /><ent r="4" t="31" w="572" /><ent r="4" t="31" w="605" /><ent r="4" t="31" w="617" /><ent r="4" t="31" w="617" /><ent r="4" t="31" w="666" /><ent r="4" t="31" w="666" /><ent r="3" t="31" w="770" /><ent r="5" t="31" w="849" /><ent r="5" t="31" w="849" /></phr><phr n="Notifications"><ent r="8" t="15" w="436" /><ent r="8" t="15" w="436" /><ent r="7" t="15" w="571" /><ent r="7" t="15" w="571" /><ent r="4" t="16" w="103" /><ent r="4" t="16" w="103" /><ent r="70" t="16" w="674" /><ent r="70" t="16" w="674" /><ent r="70" t="16" w="830" /><ent r="70" t="16" w="830" /><ent r="70" t="16" w="1014" /><ent r="70" t="16" w="1014" /><ent r="92" t="16" w="1062" /><ent r="92" t="16" w="1062" /><ent r="82" t="31" w="505" /><ent r="82" t="31" w="505" /><ent r="5" t="31" w="527" /><ent r="5" t="31" w="527" /><ent r="3" t="31" w="834" /><ent r="3" t="31" w="834" /></phr><phr n="Notification"><ent r="8" t="15" w="624" /><ent r="8" t="15" w="624" /><ent r="1000" t="16" w="2" /><ent r="1000" t="16" w="2" /><ent r="100" t="16" w="8" /><ent r="100" t="16" w="8" /><ent r="100" t="16" w="13" /><ent r="102" t="16" w="24" /><ent r="102" t="16" w="24" /><ent r="65" t="16" w="113" /><ent r="65" t="16" w="113" /><ent r="4" t="16" w="250" /><ent r="4" t="16" w="250" /><ent r="4" t="16" w="258" /><ent r="4" t="16" w="258" /><ent r="65" t="16" w="1033" /><ent r="65" t="16" w="1033" /><ent r="100" t="16" w="1055" /><ent r="100" t="31" w="491" /><ent r="100" t="31" w="491" /><ent r="4" t="31" w="671" /><ent r="4" t="31" w="671" /><ent r="82" t="31" w="740" /><ent r="82" t="31" w="740" /><ent r="100" t="31" w="743" /><ent r="3" t="31" w="747" /><ent r="3" t="31" w="747" /><ent r="64" t="31" w="876" /><ent r="64" t="31" w="876" /></phr><phr n="notification"><ent r="7" t="15" w="642" /><ent r="7" t="15" w="642" /><ent r="100" t="16" w="17" /><ent r="100" t="16" w="17" /><ent r="4" t="16" w="62" /><ent r="4" t="16" w="62" /><ent r="4" t="16" w="88" /><ent r="4" t="16" w="88" /><ent r="3" t="16" w="231" /><ent r="3" t="16" w="231" /><ent r="100" t="16" w="325" /><ent r="100" t="16" w="325" /><ent r="9" t="16" w="603" /><ent r="100" t="16" w="683" /><ent r="100" t="16" w="683" /><ent r="100" t="16" w="868" /><ent r="100" t="16" w="868" /><ent r="4" t="16" w="1025" /><ent r="4" t="16" w="1025" /><ent r="3" t="16" w="1065" /><ent r="3" t="16" w="1065" /><ent r="3" t="16" w="1080" /><ent r="7" t="16" w="1192" /><ent r="7" t="16" w="1192" /><ent r="4" t="31" w="543" /><ent r="4" t="31" w="543" /><ent r="5" t="31" w="649" /><ent r="5" t="31" w="649" /><ent r="4" t="31" w="660" /><ent r="4" t="31" w="660" /><ent r="4" t="31" w="857" /><ent r="4" t="31" w="857" /><ent r="3" t="31" w="871" /><ent r="3" t="31" w="871" /></phr></stem><stem n="otification"><phr n="notifications"><ent r="8" t="15" w="422" /><ent r="8" t="15" w="422" /><ent r="8" t="15" w="431" /><ent r="8" t="15" w="540" /><ent r="8" t="15" w="540" /><ent r="7" t="15" w="560" /><ent r="7" t="15" w="560" /><ent r="8" t="15" w="592" /><ent r="8" t="15" w="592" /><ent r="7" t="15" w="599" /><ent r="7" t="15" w="599" /><ent r="8" t="15" w="608" /><ent r="8" t="15" w="608" /><ent r="8" t="15" w="637" /><ent r="8" t="15" w="637" /><ent r="7" t="15" w="666" /><ent r="7" t="15" w="675" /><ent r="7" t="15" w="675" /><ent r="7" t="15" w="719" /><ent r="7" t="15" w="719" /><ent r="3" t="16" w="49" /><ent r="3" t="16" w="49" /><ent r="3" t="16" w="128" /><ent r="5" t="16" w="329" /><ent r="5" t="16" w="329" /><ent r="7" t="16" w="335" /><ent r="7" t="16" w="335" /><ent r="5" t="16" w="687" /><ent r="5" t="16" w="687" /><ent r="7" t="16" w="693" /><ent r="7" t="16" w="693" /><ent r="5" t="16" w="872" /><ent r="5" t="16" w="872" /><ent r="7" t="16" w="878" /><ent r="7" t="16" w="878" /><ent r="5" t="16" w="1102" /><ent r="5" t="16" w="1102" /><ent r="100" t="31" w="498" /><ent r="100" t="31" w="498" /><ent r="4" t="31" w="520" /><ent r="4" t="31" w="520" /><ent r="4" t="31" w="559" /><ent r="5" t="31" w="563" /><ent r="4" t="31" w="572" /><ent r="4" t="31" w="605" /><ent r="4" t="31" w="617" /><ent r="4" t="31" w="617" /><ent r="4" t="31" w="666" /><ent r="4" t="31" w="666" /><ent r="3" t="31" w="770" /><ent r="5" t="31" w="849" /><ent r="5" t="31" w="849" /></phr><phr n="Notifications"><ent r="8" t="15" w="436" /><ent r="8" t="15" w="436" /><ent r="7" t="15" w="571" /><ent r="7" t="15" w="571" /><ent r="4" t="16" w="103" /><ent r="4" t="16" w="103" /><ent r="70" t="16" w="674" /><ent r="70" t="16" w="674" /><ent r="70" t="16" w="830" /><ent r="70" t="16" w="830" /><ent r="70" t="16" w="1014" /><ent r="70" t="16" w="1014" /><ent r="92" t="16" w="1062" /><ent r="92" t="16" w="1062" /><ent r="82" t="31" w="505" /><ent r="82" t="31" w="505" /><ent r="5" t="31" w="527" /><ent r="5" t="31" w="527" /><ent r="3" t="31" w="834" /><ent r="3" t="31" w="834" /></phr><phr n="Notification"><ent r="8" t="15" w="624" /><ent r="8" t="15" w="624" /><ent r="1000" t="16" w="2" /><ent r="1000" t="16" w="2" /><ent r="100" t="16" w="8" /><ent r="100" t="16" w="8" /><ent r="100" t="16" w="13" /><ent r="102" t="16" w="24" /><ent r="102" t="16" w="24" /><ent r="65" t="16" w="113" /><ent r="65" t="16" w="113" /><ent r="4" t="16" w="250" /><ent r="4" t="16" w="250" /><ent r="4" t="16" w="258" /><ent r="4" t="16" w="258" /><ent r="65" t="16" w="1033" /><ent r="65" t="16" w="1033" /><ent r="100" t="16" w="1055" /><ent r="100" t="31" w="491" /><ent r="100" t="31" w="491" /><ent r="4" t="31" w="671" /><ent r="4" t="31" w="671" /><ent r="82" t="31" w="740" /><ent r="82" t="31" w="740" /><ent r="100" t="31" w="743" /><ent r="3" t="31" w="747" /><ent r="3" t="31" w="747" /><ent r="64" t="31" w="876" /><ent r="64" t="31" w="876" /></phr><phr n="notification"><ent r="7" t="15" w="642" /><ent r="7" t="15" w="642" /><ent r="100" t="16" w="17" /><ent r="100" t="16" w="17" /><ent r="4" t="16" w="62" /><ent r="4" t="16" w="62" /><ent r="4" t="16" w="88" /><ent r="4" t="16" w="88" /><ent r="3" t="16" w="231" /><ent r="3" t="16" w="231" /><ent r="100" t="16" w="325" /><ent r="100" t="16" w="325" /><ent r="9" t="16" w="603" /><ent r="100" t="16" w="683" /><ent r="100" t="16" w="683" /><ent r="100" t="16" w="868" /><ent r="100" t="16" w="868" /><ent r="4" t="16" w="1025" /><ent r="4" t="16" w="1025" /><ent r="3" t="16" w="1065" /><ent r="3" t="16" w="1065" /><ent r="3" t="16" w="1080" /><ent r="7" t="16" w="1192" /><ent r="7" t="16" w="1192" /><ent r="4" t="31" w="543" /><ent r="4" t="31" w="543" /><ent r="5" t="31" w="649" /><ent r="5" t="31" w="649" /><ent r="4" t="31" w="660" /><ent r="4" t="31" w="660" /><ent r="4" t="31" w="857" /><ent r="4" t="31" w="857" /><ent r="3" t="31" w="871" /><ent r="3" t="31" w="871" /></phr></stem><stem n="tifications"><phr n="notifications"><ent r="8" t="15" w="422" /><ent r="8" t="15" w="422" /><ent r="8" t="15" w="431" /><ent r="8" t="15" w="540" /><ent r="8" t="15" w="540" /><ent r="7" t="15" w="560" /><ent r="7" t="15" w="560" /><ent r="8" t="15" w="592" /><ent r="8" t="15" w="592" /><ent r="7" t="15" w="599" /><ent r="7" t="15" w="599" /><ent r="8" t="15" w="608" /><ent r="8" t="15" w="608" /><ent r="8" t="15" w="637" /><ent r="8" t="15" w="637" /><ent r="7" t="15" w="666" /><ent r="7" t="15" w="675" /><ent r="7" t="15" w="675" /><ent r="7" t="15" w="719" /><ent r="7" t="15" w="719" /><ent r="3" t="16" w="49" /><ent r="3" t="16" w="49" /><ent r="3" t="16" w="128" /><ent r="5" t="16" w="329" /><ent r="5" t="16" w="329" /><ent r="7" t="16" w="335" /><ent r="7" t="16" w="335" /><ent r="5" t="16" w="687" /><ent r="5" t="16" w="687" /><ent r="7" t="16" w="693" /><ent r="7" t="16" w="693" /><ent r="5" t="16" w="872" /><ent r="5" t="16" w="872" /><ent r="7" t="16" w="878" /><ent r="7" t="16" w="878" /><ent r="5" t="16" w="1102" /><ent r="5" t="16" w="1102" /><ent r="100" t="31" w="498" /><ent r="100" t="31" w="498" /><ent r="4" t="31" w="520" /><ent r="4" t="31" w="520" /><ent r="4" t="31" w="559" /><ent r="5" t="31" w="563" /><ent r="4" t="31" w="572" /><ent r="4" t="31" w="605" /><ent r="4" t="31" w="617" /><ent r="4" t="31" w="617" /><ent r="4" t="31" w="666" /><ent r="4" t="31" w="666" /><ent r="3" t="31" w="770" /><ent r="5" t="31" w="849" /><ent r="5" t="31" w="849" /></phr><phr n="Notifications"><ent r="8" t="15" w="436" /><ent r="8" t="15" w="436" /><ent r="7" t="15" w="571" /><ent r="7" t="15" w="571" /><ent r="4" t="16" w="103" /><ent r="4" t="16" w="103" /><ent r="70" t="16" w="674" /><ent r="70" t="16" w="674" /><ent r="70" t="16" w="830" /><ent r="70" t="16" w="830" /><ent r="70" t="16" w="1014" /><ent r="70" t="16" w="1014" /><ent r="92" t="16" w="1062" /><ent r="92" t="16" w="1062" /><ent r="82" t="31" w="505" /><ent r="82" t="31" w="505" /><ent r="5" t="31" w="527" /><ent r="5" t="31" w="527" /><ent r="3" t="31" w="834" /><ent r="3" t="31" w="834" /></phr></stem><stem n="notification"><phr n="notifications"><ent r="8" t="15" w="422" /><ent r="8" t="15" w="422" /><ent r="8" t="15" w="431" /><ent r="8" t="15" w="540" /><ent r="8" t="15" w="540" /><ent r="7" t="15" w="560" /><ent r="7" t="15" w="560" /><ent r="8" t="15" w="592" /><ent r="8" t="15" w="592" /><ent r="7" t="15" w="599" /><ent r="7" t="15" w="599" /><ent r="8" t="15" w="608" /><ent r="8" t="15" w="608" /><ent r="8" t="15" w="637" /><ent r="8" t="15" w="637" /><ent r="7" t="15" w="666" /><ent r="7" t="15" w="675" /><ent r="7" t="15" w="675" /><ent r="7" t="15" w="719" /><ent r="7" t="15" w="719" /><ent r="3" t="16" w="49" /><ent r="3" t="16" w="49" /><ent r="3" t="16" w="128" /><ent r="5" t="16" w="329" /><ent r="5" t="16" w="329" /><ent r="7" t="16" w="335" /><ent r="7" t="16" w="335" /><ent r="5" t="16" w="687" /><ent r="5" t="16" w="687" /><ent r="7" t="16" w="693" /><ent r="7" t="16" w="693" /><ent r="5" t="16" w="872" /><ent r="5" t="16" w="872" /><ent r="7" t="16" w="878" /><ent r="7" t="16" w="878" /><ent r="5" t="16" w="1102" /><ent r="5" t="16" w="1102" /><ent r="100" t="31" w="498" /><ent r="100" t="31" w="498" /><ent r="4" t="31" w="520" /><ent r="4" t="31" w="520" /><ent r="4" t="31" w="559" /><ent r="5" t="31" w="563" /><ent r="4" t="31" w="572" /><ent r="4" t="31" w="605" /><ent r="4" t="31" w="617" /><ent r="4" t="31" w="617" /><ent r="4" t="31" w="666" /><ent r="4" t="31" w="666" /><ent r="3" t="31" w="770" /><ent r="5" t="31" w="849" /><ent r="5" t="31" w="849" /></phr><phr n="Notifications"><ent r="8" t="15" w="436" /><ent r="8" t="15" w="436" /><ent r="7" t="15" w="571" /><ent r="7" t="15" w="571" /><ent r="4" t="16" w="103" /><ent r="4" t="16" w="103" /><ent r="70" t="16" w="674" /><ent r="70" t="16" w="674" /><ent r="70" t="16" w="830" /><ent r="70" t="16" w="830" /><ent r="70" t="16" w="1014" /><ent r="70" t="16" w="1014" /><ent r="92" t="16" w="1062" /><ent r="92" t="16" w="1062" /><ent r="82" t="31" w="505" /><ent r="82" t="31" w="505" /><ent r="5" t="31" w="527" /><ent r="5" t="31" w="527" /><ent r="3" t="31" w="834" /><ent r="3" t="31" w="834" /></phr><phr n="Notification"><ent r="8" t="15" w="624" /><ent r="8" t="15" w="624" /><ent r="1000" t="16" w="2" /><ent r="1000" t="16" w="2" /><ent r="100" t="16" w="8" /><ent r="100" t="16" w="8" /><ent r="100" t="16" w="13" /><ent r="102" t="16" w="24" /><ent r="102" t="16" w="24" /><ent r="65" t="16" w="113" /><ent r="65" t="16" w="113" /><ent r="4" t="16" w="250" /><ent r="4" t="16" w="250" /><ent r="4" t="16" w="258" /><ent r="4" t="16" w="258" /><ent r="65" t="16" w="1033" /><ent r="65" t="16" w="1033" /><ent r="100" t="16" w="1055" /><ent r="100" t="31" w="491" /><ent r="100" t="31" w="491" /><ent r="4" t="31" w="671" /><ent r="4" t="31" w="671" /><ent r="82" t="31" w="740" /><ent r="82" t="31" w="740" /><ent r="100" t="31" w="743" /><ent r="3" t="31" w="747" /><ent r="3" t="31" w="747" /><ent r="64" t="31" w="876" /><ent r="64" t="31" w="876" /></phr><phr n="notification"><ent r="7" t="15" w="642" /><ent r="7" t="15" w="642" /><ent r="100" t="16" w="17" /><ent r="100" t="16" w="17" /><ent r="4" t="16" w="62" /><ent r="4" t="16" w="62" /><ent r="4" t="16" w="88" /><ent r="4" t="16" w="88" /><ent r="3" t="16" w="231" /><ent r="3" t="16" w="231" /><ent r="100" t="16" w="325" /><ent r="100" t="16" w="325" /><ent r="9" t="16" w="603" /><ent r="100" t="16" w="683" /><ent r="100" t="16" w="683" /><ent r="100" t="16" w="868" /><ent r="100" t="16" w="868" /><ent r="4" t="16" w="1025" /><ent r="4" t="16" w="1025" /><ent r="3" t="16" w="1065" /><ent r="3" t="16" w="1065" /><ent r="3" t="16" w="1080" /><ent r="7" t="16" w="1192" /><ent r="7" t="16" w="1192" /><ent r="4" t="31" w="543" /><ent r="4" t="31" w="543" /><ent r="5" t="31" w="649" /><ent r="5" t="31" w="649" /><ent r="4" t="31" w="660" /><ent r="4" t="31" w="660" /><ent r="4" t="31" w="857" /><ent r="4" t="31" w="857" /><ent r="3" t="31" w="871" /><ent r="3" t="31" w="871" /></phr></stem><stem n="otifications"><phr n="notifications"><ent r="8" t="15" w="422" /><ent r="8" t="15" w="422" /><ent r="8" t="15" w="431" /><ent r="8" t="15" w="540" /><ent r="8" t="15" w="540" /><ent r="7" t="15" w="560" /><ent r="7" t="15" w="560" /><ent r="8" t="15" w="592" /><ent r="8" t="15" w="592" /><ent r="7" t="15" w="599" /><ent r="7" t="15" w="599" /><ent r="8" t="15" w="608" /><ent r="8" t="15" w="608" /><ent r="8" t="15" w="637" /><ent r="8" t="15" w="637" /><ent r="7" t="15" w="666" /><ent r="7" t="15" w="675" /><ent r="7" t="15" w="675" /><ent r="7" t="15" w="719" /><ent r="7" t="15" w="719" /><ent r="3" t="16" w="49" /><ent r="3" t="16" w="49" /><ent r="3" t="16" w="128" /><ent r="5" t="16" w="329" /><ent r="5" t="16" w="329" /><ent r="7" t="16" w="335" /><ent r="7" t="16" w="335" /><ent r="5" t="16" w="687" /><ent r="5" t="16" w="687" /><ent r="7" t="16" w="693" /><ent r="7" t="16" w="693" /><ent r="5" t="16" w="872" /><ent r="5" t="16" w="872" /><ent r="7" t="16" w="878" /><ent r="7" t="16" w="878" /><ent r="5" t="16" w="1102" /><ent r="5" t="16" w="1102" /><ent r="100" t="31" w="498" /><ent r="100" t="31" w="498" /><ent r="4" t="31" w="520" /><ent r="4" t="31" w="520" /><ent r="4" t="31" w="559" /><ent r="5" t="31" w="563" /><ent r="4" t="31" w="572" /><ent r="4" t="31" w="605" /><ent r="4" t="31" w="617" /><ent r="4" t="31" w="617" /><ent r="4" t="31" w="666" /><ent r="4" t="31" w="666" /><ent r="3" t="31" w="770" /><ent r="5" t="31" w="849" /><ent r="5" t="31" w="849" /></phr><phr n="Notifications"><ent r="8" t="15" w="436" /><ent r="8" t="15" w="436" /><ent r="7" t="15" w="571" /><ent r="7" t="15" w="571" /><ent r="4" t="16" w="103" /><ent r="4" t="16" w="103" /><ent r="70" t="16" w="674" /><ent r="70" t="16" w="674" /><ent r="70" t="16" w="830" /><ent r="70" t="16" w="830" /><ent r="70" t="16" w="1014" /><ent r="70" t="16" w="1014" /><ent r="92" t="16" w="1062" /><ent r="92" t="16" w="1062" /><ent r="82" t="31" w="505" /><ent r="82" t="31" w="505" /><ent r="5" t="31" w="527" /><ent r="5" t="31" w="527" /><ent r="3" t="31" w="834" /><ent r="3" t="31" w="834" /></phr></stem><stem n="notifications"><phr n="notifications"><ent r="8" t="15" w="422" /><ent r="8" t="15" w="422" /><ent r="8" t="15" w="431" /><ent r="8" t="15" w="540" /><ent r="8" t="15" w="540" /><ent r="7" t="15" w="560" /><ent r="7" t="15" w="560" /><ent r="8" t="15" w="592" /><ent r="8" t="15" w="592" /><ent r="7" t="15" w="599" /><ent r="7" t="15" w="599" /><ent r="8" t="15" w="608" /><ent r="8" t="15" w="608" /><ent r="8" t="15" w="637" /><ent r="8" t="15" w="637" /><ent r="7" t="15" w="666" /><ent r="7" t="15" w="675" /><ent r="7" t="15" w="675" /><ent r="7" t="15" w="719" /><ent r="7" t="15" w="719" /><ent r="3" t="16" w="49" /><ent r="3" t="16" w="49" /><ent r="3" t="16" w="128" /><ent r="5" t="16" w="329" /><ent r="5" t="16" w="329" /><ent r="7" t="16" w="335" /><ent r="7" t="16" w="335" /><ent r="5" t="16" w="687" /><ent r="5" t="16" w="687" /><ent r="7" t="16" w="693" /><ent r="7" t="16" w="693" /><ent r="5" t="16" w="872" /><ent r="5" t="16" w="872" /><ent r="7" t="16" w="878" /><ent r="7" t="16" w="878" /><ent r="5" t="16" w="1102" /><ent r="5" t="16" w="1102" /><ent r="100" t="31" w="498" /><ent r="100" t="31" w="498" /><ent r="4" t="31" w="520" /><ent r="4" t="31" w="520" /><ent r="4" t="31" w="559" /><ent r="5" t="31" w="563" /><ent r="4" t="31" w="572" /><ent r="4" t="31" w="605" /><ent r="4" t="31" w="617" /><ent r="4" t="31" w="617" /><ent r="4" t="31" w="666" /><ent r="4" t="31" w="666" /><ent r="3" t="31" w="770" /><ent r="5" t="31" w="849" /><ent r="5" t="31" w="849" /></phr><phr n="Notifications"><ent r="8" t="15" w="436" /><ent r="8" t="15" w="436" /><ent r="7" t="15" w="571" /><ent r="7" t="15" w="571" /><ent r="4" t="16" w="103" /><ent r="4" t="16" w="103" /><ent r="70" t="16" w="674" /><ent r="70" t="16" w="674" /><ent r="70" t="16" w="830" /><ent r="70" t="16" w="830" /><ent r="70" t="16" w="1014" /><ent r="70" t="16" w="1014" /><ent r="92" t="16" w="1062" /><ent r="92" t="16" w="1062" /><ent r="82" t="31" w="505" /><ent r="82" t="31" w="505" /><ent r="5" t="31" w="527" /><ent r="5" t="31" w="527" /><ent r="3" t="31" w="834" /><ent r="3" t="31" w="834" /></phr></stem><stem n="sent"><phr n="sent"><ent r="8" t="15" w="424" /><ent r="8" t="15" w="424" /><ent r="7" t="15" w="721" /><ent r="7" t="15" w="721" /><ent r="3" t="16" w="140" /><ent r="3" t="16" w="140" /><ent r="3" t="16" w="209" /><ent r="3" t="16" w="209" /><ent r="5" t="31" w="651" /><ent r="4" t="31" w="662" /><ent r="4" t="31" w="662" /><ent r="4" t="31" w="778" /><ent r="4" t="31" w="778" /><ent r="4" t="31" w="828" /><ent r="4" t="31" w="828" /></phr><phr n="present"><ent r="3" t="27" w="630" /></phr><phr n="represents"><ent r="4" t="42" w="139" /><ent r="4" t="42" w="139" /></phr><phr n="representation"><ent r="3" t="45" w="50" /><ent r="3" t="45" w="50" /></phr></stem><stem n="out"><phr n="out"><ent r="8" t="15" w="425" /><ent r="7" t="15" w="664" /><ent r="7" t="15" w="664" /><ent r="7" t="15" w="722" /><ent r="4" t="31" w="663" /><ent r="4" t="31" w="663" /><ent r="7" t="36" w="1205" /><ent r="7" t="36" w="1205" /><ent r="4" t="42" w="459" /><ent r="4" t="42" w="459" /></phr></stem><stem n="gere"><phr n="triggered"><ent r="7" t="15" w="453" /><ent r="7" t="15" w="553" /><ent r="3" t="16" w="145" /><ent r="3" t="16" w="184" /><ent r="3" t="16" w="218" /><ent r="7" t="16" w="1190" /><ent r="7" t="16" w="1190" /><ent r="3" t="31" w="764" /></phr></stem><stem n="ered"><phr n="triggered"><ent r="7" t="15" w="453" /><ent r="7" t="15" w="553" /><ent r="3" t="16" w="145" /><ent r="3" t="16" w="184" /><ent r="3" t="16" w="218" /><ent r="7" t="16" w="1190" /><ent r="7" t="16" w="1190" /><ent r="3" t="31" w="764" /></phr><phr n="entered"><ent r="9" t="16" w="483" /><ent r="9" t="16" w="483" /><ent r="3" t="19" w="108" /><ent r="3" t="27" w="805" /><ent r="3" t="27" w="805" /><ent r="3" t="27" w="1010" /><ent r="4" t="34" w="1233" /><ent r="4" t="34" w="1233" /><ent r="6" t="36" w="1276" /><ent r="6" t="36" w="1317" /><ent r="6" t="36" w="1374" /><ent r="6" t="36" w="1433" /><ent r="6" t="36" w="1629" /><ent r="6" t="36" w="1629" /><ent r="6" t="43" w="133" /></phr><phr n="offered"><ent r="9" t="16" w="605" /></phr><phr n="filtered"><ent r="4" t="26" w="532" /><ent r="4" t="26" w="532" /><ent r="3" t="27" w="590" /><ent r="3" t="27" w="590" /></phr><phr n="recovered"><ent r="6" t="28" w="383" /></phr><phr n="severed"><ent r="3" t="31" w="1500" /><ent r="3" t="31" w="1500" /></phr><phr n="covered"><ent r="7" t="36" w="1144" /><ent r="7" t="36" w="1144" /></phr></stem></index>