<?xml version="1.0" encoding="utf-8"?><index><stem n="mplin"><phr n="sampling"><ent r="7" t="15" w="298" /><ent r="7" t="15" w="298" /><ent r="3" t="31" w="1049" /><ent r="3" t="31" w="1049" /><ent r="3" t="31" w="1355" /><ent r="3" t="31" w="1355" /></phr><phr n="Sampling"><ent r="7" t="31" w="228" /><ent r="7" t="31" w="228" /></phr></stem><stem n="pling"><phr n="sampling"><ent r="7" t="15" w="298" /><ent r="7" t="15" w="298" /><ent r="3" t="31" w="1049" /><ent r="3" t="31" w="1049" /><ent r="3" t="31" w="1355" /><ent r="3" t="31" w="1355" /></phr><phr n="Sampling"><ent r="7" t="31" w="228" /><ent r="7" t="31" w="228" /></phr></stem><stem n="sampli"><phr n="sampling"><ent r="7" t="15" w="298" /><ent r="7" t="15" w="298" /><ent r="3" t="31" w="1049" /><ent r="3" t="31" w="1049" /><ent r="3" t="31" w="1355" /><ent r="3" t="31" w="1355" /></phr><phr n="Sampling"><ent r="7" t="31" w="228" /><ent r="7" t="31" w="228" /></phr></stem><stem n="amplin"><phr n="sampling"><ent r="7" t="15" w="298" /><ent r="7" t="15" w="298" /><ent r="3" t="31" w="1049" /><ent r="3" t="31" w="1049" /><ent r="3" t="31" w="1355" /><ent r="3" t="31" w="1355" /></phr><phr n="Sampling"><ent r="7" t="31" w="228" /><ent r="7" t="31" w="228" /></phr></stem><stem n="mpling"><phr n="sampling"><ent r="7" t="15" w="298" /><ent r="7" t="15" w="298" /><ent r="3" t="31" w="1049" /><ent r="3" t="31" w="1049" /><ent r="3" t="31" w="1355" /><ent r="3" t="31" w="1355" /></phr><phr n="Sampling"><ent r="7" t="31" w="228" /><ent r="7" t="31" w="228" /></phr></stem><stem n="samplin"><phr n="sampling"><ent r="7" t="15" w="298" /><ent r="7" t="15" w="298" /><ent r="3" t="31" w="1049" /><ent r="3" t="31" w="1049" /><ent r="3" t="31" w="1355" /><ent r="3" t="31" w="1355" /></phr><phr n="Sampling"><ent r="7" t="31" w="228" /><ent r="7" t="31" w="228" /></phr></stem><stem n="ampling"><phr n="sampling"><ent r="7" t="15" w="298" /><ent r="7" t="15" w="298" /><ent r="3" t="31" w="1049" /><ent r="3" t="31" w="1049" /><ent r="3" t="31" w="1355" /><ent r="3" t="31" w="1355" /></phr><phr n="Sampling"><ent r="7" t="31" w="228" /><ent r="7" t="31" w="228" /></phr></stem><stem n="sampling"><phr n="sampling"><ent r="7" t="15" w="298" /><ent r="7" t="15" w="298" /><ent r="3" t="31" w="1049" /><ent r="3" t="31" w="1049" /><ent r="3" t="31" w="1355" /><ent r="3" t="31" w="1355" /></phr><phr n="Sampling"><ent r="7" t="31" w="228" /><ent r="7" t="31" w="228" /></phr></stem><stem n="interv"><phr n="interval"><ent r="7" t="15" w="299" /><ent r="7" t="15" w="299" /><ent r="4" t="26" w="494" /><ent r="4" t="26" w="494" /><ent r="4" t="26" w="504" /><ent r="7" t="31" w="229" /><ent r="7" t="31" w="229" /><ent r="3" t="31" w="1050" /><ent r="3" t="31" w="1050" /><ent r="3" t="31" w="1356" /><ent r="3" t="31" w="1356" /><ent r="7" t="36" w="857" /><ent r="7" t="36" w="857" /><ent r="7" t="36" w="874" /><ent r="7" t="36" w="1149" /><ent r="7" t="36" w="1149" /></phr><phr n="intervention"><ent r="4" t="17" w="570" /></phr><phr n="Interval"><ent r="5" t="26" w="476" /><ent r="5" t="26" w="476" /><ent r="5" t="26" w="498" /><ent r="5" t="26" w="498" /><ent r="8" t="36" w="854" /><ent r="8" t="36" w="854" /></phr><phr n="intervals"><ent r="4" t="26" w="490" /><ent r="6" t="29" w="179" /><ent r="6" t="29" w="285" /><ent r="7" t="36" w="1173" /><ent r="7" t="36" w="1173" /></phr></stem><stem n="rval"><phr n="interval"><ent r="7" t="15" w="299" /><ent r="7" t="15" w="299" /><ent r="4" t="26" w="494" /><ent r="4" t="26" w="494" /><ent r="4" t="26" w="504" /><ent r="7" t="31" w="229" /><ent r="7" t="31" w="229" /><ent r="3" t="31" w="1050" /><ent r="3" t="31" w="1050" /><ent r="3" t="31" w="1356" /><ent r="3" t="31" w="1356" /><ent r="7" t="36" w="857" /><ent r="7" t="36" w="857" /><ent r="7" t="36" w="874" /><ent r="7" t="36" w="1149" /><ent r="7" t="36" w="1149" /></phr><phr n="triggerValue"><ent r="8" t="16" w="1309" /></phr><phr n="Interval"><ent r="5" t="26" w="476" /><ent r="5" t="26" w="476" /><ent r="5" t="26" w="498" /><ent r="5" t="26" w="498" /><ent r="8" t="36" w="854" /><ent r="8" t="36" w="854" /></phr><phr n="intervals"><ent r="4" t="26" w="490" /><ent r="6" t="29" w="179" /><ent r="6" t="29" w="285" /><ent r="7" t="36" w="1173" /><ent r="7" t="36" w="1173" /></phr></stem><stem n="terv"><phr n="interval"><ent r="7" t="15" w="299" /><ent r="7" t="15" w="299" /><ent r="4" t="26" w="494" /><ent r="4" t="26" w="494" /><ent r="4" t="26" w="504" /><ent r="7" t="31" w="229" /><ent r="7" t="31" w="229" /><ent r="3" t="31" w="1050" /><ent r="3" t="31" w="1050" /><ent r="3" t="31" w="1356" /><ent r="3" t="31" w="1356" /><ent r="7" t="36" w="857" /><ent r="7" t="36" w="857" /><ent r="7" t="36" w="874" /><ent r="7" t="36" w="1149" /><ent r="7" t="36" w="1149" /></phr><phr n="intervention"><ent r="4" t="17" w="570" /></phr><phr n="Interval"><ent r="5" t="26" w="476" /><ent r="5" t="26" w="476" /><ent r="5" t="26" w="498" /><ent r="5" t="26" w="498" /><ent r="8" t="36" w="854" /><ent r="8" t="36" w="854" /></phr><phr n="intervals"><ent r="4" t="26" w="490" /><ent r="6" t="29" w="179" /><ent r="6" t="29" w="285" /><ent r="7" t="36" w="1173" /><ent r="7" t="36" w="1173" /></phr></stem><stem n="erva"><phr n="interval"><ent r="7" t="15" w="299" /><ent r="7" t="15" w="299" /><ent r="4" t="26" w="494" /><ent r="4" t="26" w="494" /><ent r="4" t="26" w="504" /><ent r="7" t="31" w="229" /><ent r="7" t="31" w="229" /><ent r="3" t="31" w="1050" /><ent r="3" t="31" w="1050" /><ent r="3" t="31" w="1356" /><ent r="3" t="31" w="1356" /><ent r="7" t="36" w="857" /><ent r="7" t="36" w="857" /><ent r="7" t="36" w="874" /><ent r="7" t="36" w="1149" /><ent r="7" t="36" w="1149" /></phr><phr n="triggerValue"><ent r="8" t="16" w="1309" /></phr><phr n="Interval"><ent r="5" t="26" w="476" /><ent r="5" t="26" w="476" /><ent r="5" t="26" w="498" /><ent r="5" t="26" w="498" /><ent r="8" t="36" w="854" /><ent r="8" t="36" w="854" /></phr><phr n="intervals"><ent r="4" t="26" w="490" /><ent r="6" t="29" w="179" /><ent r="6" t="29" w="285" /><ent r="7" t="36" w="1173" /><ent r="7" t="36" w="1173" /></phr></stem><stem n="nterv"><phr n="interval"><ent r="7" t="15" w="299" /><ent r="7" t="15" w="299" /><ent r="4" t="26" w="494" /><ent r="4" t="26" w="494" /><ent r="4" t="26" w="504" /><ent r="7" t="31" w="229" /><ent r="7" t="31" w="229" /><ent r="3" t="31" w="1050" /><ent r="3" t="31" w="1050" /><ent r="3" t="31" w="1356" /><ent r="3" t="31" w="1356" /><ent r="7" t="36" w="857" /><ent r="7" t="36" w="857" /><ent r="7" t="36" w="874" /><ent r="7" t="36" w="1149" /><ent r="7" t="36" w="1149" /></phr><phr n="intervention"><ent r="4" t="17" w="570" /></phr><phr n="Interval"><ent r="5" t="26" w="476" /><ent r="5" t="26" w="476" /><ent r="5" t="26" w="498" /><ent r="5" t="26" w="498" /><ent r="8" t="36" w="854" /><ent r="8" t="36" w="854" /></phr><phr n="intervals"><ent r="4" t="26" w="490" /><ent r="6" t="29" w="179" /><ent r="6" t="29" w="285" /><ent r="7" t="36" w="1173" /><ent r="7" t="36" w="1173" /></phr></stem><stem n="terva"><phr n="interval"><ent r="7" t="15" w="299" /><ent r="7" t="15" w="299" /><ent r="4" t="26" w="494" /><ent r="4" t="26" w="494" /><ent r="4" t="26" w="504" /><ent r="7" t="31" w="229" /><ent r="7" t="31" w="229" /><ent r="3" t="31" w="1050" /><ent r="3" t="31" w="1050" /><ent r="3" t="31" w="1356" /><ent r="3" t="31" w="1356" /><ent r="7" t="36" w="857" /><ent r="7" t="36" w="857" /><ent r="7" t="36" w="874" /><ent r="7" t="36" w="1149" /><ent r="7" t="36" w="1149" /></phr><phr n="Interval"><ent r="5" t="26" w="476" /><ent r="5" t="26" w="476" /><ent r="5" t="26" w="498" /><ent r="5" t="26" w="498" /><ent r="8" t="36" w="854" /><ent r="8" t="36" w="854" /></phr><phr n="intervals"><ent r="4" t="26" w="490" /><ent r="6" t="29" w="179" /><ent r="6" t="29" w="285" /><ent r="7" t="36" w="1173" /><ent r="7" t="36" w="1173" /></phr></stem><stem n="erval"><phr n="interval"><ent r="7" t="15" w="299" /><ent r="7" t="15" w="299" /><ent r="4" t="26" w="494" /><ent r="4" t="26" w="494" /><ent r="4" t="26" w="504" /><ent r="7" t="31" w="229" /><ent r="7" t="31" w="229" /><ent r="3" t="31" w="1050" /><ent r="3" t="31" w="1050" /><ent r="3" t="31" w="1356" /><ent r="3" t="31" w="1356" /><ent r="7" t="36" w="857" /><ent r="7" t="36" w="857" /><ent r="7" t="36" w="874" /><ent r="7" t="36" w="1149" /><ent r="7" t="36" w="1149" /></phr><phr n="triggerValue"><ent r="8" t="16" w="1309" /></phr><phr n="Interval"><ent r="5" t="26" w="476" /><ent r="5" t="26" w="476" /><ent r="5" t="26" w="498" /><ent r="5" t="26" w="498" /><ent r="8" t="36" w="854" /><ent r="8" t="36" w="854" /></phr><phr n="intervals"><ent r="4" t="26" w="490" /><ent r="6" t="29" w="179" /><ent r="6" t="29" w="285" /><ent r="7" t="36" w="1173" /><ent r="7" t="36" w="1173" /></phr></stem><stem n="nterva"><phr n="interval"><ent r="7" t="15" w="299" /><ent r="7" t="15" w="299" /><ent r="4" t="26" w="494" /><ent r="4" t="26" w="494" /><ent r="4" t="26" w="504" /><ent r="7" t="31" w="229" /><ent r="7" t="31" w="229" /><ent r="3" t="31" w="1050" /><ent r="3" t="31" w="1050" /><ent r="3" t="31" w="1356" /><ent r="3" t="31" w="1356" /><ent r="7" t="36" w="857" /><ent r="7" t="36" w="857" /><ent r="7" t="36" w="874" /><ent r="7" t="36" w="1149" /><ent r="7" t="36" w="1149" /></phr><phr n="Interval"><ent r="5" t="26" w="476" /><ent r="5" t="26" w="476" /><ent r="5" t="26" w="498" /><ent r="5" t="26" w="498" /><ent r="8" t="36" w="854" /><ent r="8" t="36" w="854" /></phr><phr n="intervals"><ent r="4" t="26" w="490" /><ent r="6" t="29" w="179" /><ent r="6" t="29" w="285" /><ent r="7" t="36" w="1173" /><ent r="7" t="36" w="1173" /></phr></stem><stem n="terval"><phr n="interval"><ent r="7" t="15" w="299" /><ent r="7" t="15" w="299" /><ent r="4" t="26" w="494" /><ent r="4" t="26" w="494" /><ent r="4" t="26" w="504" /><ent r="7" t="31" w="229" /><ent r="7" t="31" w="229" /><ent r="3" t="31" w="1050" /><ent r="3" t="31" w="1050" /><ent r="3" t="31" w="1356" /><ent r="3" t="31" w="1356" /><ent r="7" t="36" w="857" /><ent r="7" t="36" w="857" /><ent r="7" t="36" w="874" /><ent r="7" t="36" w="1149" /><ent r="7" t="36" w="1149" /></phr><phr n="Interval"><ent r="5" t="26" w="476" /><ent r="5" t="26" w="476" /><ent r="5" t="26" w="498" /><ent r="5" t="26" w="498" /><ent r="8" t="36" w="854" /><ent r="8" t="36" w="854" /></phr><phr n="intervals"><ent r="4" t="26" w="490" /><ent r="6" t="29" w="179" /><ent r="6" t="29" w="285" /><ent r="7" t="36" w="1173" /><ent r="7" t="36" w="1173" /></phr></stem><stem n="interva"><phr n="interval"><ent r="7" t="15" w="299" /><ent r="7" t="15" w="299" /><ent r="4" t="26" w="494" /><ent r="4" t="26" w="494" /><ent r="4" t="26" w="504" /><ent r="7" t="31" w="229" /><ent r="7" t="31" w="229" /><ent r="3" t="31" w="1050" /><ent r="3" t="31" w="1050" /><ent r="3" t="31" w="1356" /><ent r="3" t="31" w="1356" /><ent r="7" t="36" w="857" /><ent r="7" t="36" w="857" /><ent r="7" t="36" w="874" /><ent r="7" t="36" w="1149" /><ent r="7" t="36" w="1149" /></phr><phr n="Interval"><ent r="5" t="26" w="476" /><ent r="5" t="26" w="476" /><ent r="5" t="26" w="498" /><ent r="5" t="26" w="498" /><ent r="8" t="36" w="854" /><ent r="8" t="36" w="854" /></phr><phr n="intervals"><ent r="4" t="26" w="490" /><ent r="6" t="29" w="179" /><ent r="6" t="29" w="285" /><ent r="7" t="36" w="1173" /><ent r="7" t="36" w="1173" /></phr></stem><stem n="nterval"><phr n="interval"><ent r="7" t="15" w="299" /><ent r="7" t="15" w="299" /><ent r="4" t="26" w="494" /><ent r="4" t="26" w="494" /><ent r="4" t="26" w="504" /><ent r="7" t="31" w="229" /><ent r="7" t="31" w="229" /><ent r="3" t="31" w="1050" /><ent r="3" t="31" w="1050" /><ent r="3" t="31" w="1356" /><ent r="3" t="31" w="1356" /><ent r="7" t="36" w="857" /><ent r="7" t="36" w="857" /><ent r="7" t="36" w="874" /><ent r="7" t="36" w="1149" /><ent r="7" t="36" w="1149" /></phr><phr n="Interval"><ent r="5" t="26" w="476" /><ent r="5" t="26" w="476" /><ent r="5" t="26" w="498" /><ent r="5" t="26" w="498" /><ent r="8" t="36" w="854" /><ent r="8" t="36" w="854" /></phr><phr n="intervals"><ent r="4" t="26" w="490" /><ent r="6" t="29" w="179" /><ent r="6" t="29" w="285" /><ent r="7" t="36" w="1173" /><ent r="7" t="36" w="1173" /></phr></stem><stem n="interval"><phr n="interval"><ent r="7" t="15" w="299" /><ent r="7" t="15" w="299" /><ent r="4" t="26" w="494" /><ent r="4" t="26" w="494" /><ent r="4" t="26" w="504" /><ent r="7" t="31" w="229" /><ent r="7" t="31" w="229" /><ent r="3" t="31" w="1050" /><ent r="3" t="31" w="1050" /><ent r="3" t="31" w="1356" /><ent r="3" t="31" w="1356" /><ent r="7" t="36" w="857" /><ent r="7" t="36" w="857" /><ent r="7" t="36" w="874" /><ent r="7" t="36" w="1149" /><ent r="7" t="36" w="1149" /></phr><phr n="Interval"><ent r="5" t="26" w="476" /><ent r="5" t="26" w="476" /><ent r="5" t="26" w="498" /><ent r="5" t="26" w="498" /><ent r="8" t="36" w="854" /><ent r="8" t="36" w="854" /></phr><phr n="intervals"><ent r="4" t="26" w="490" /><ent r="6" t="29" w="179" /><ent r="6" t="29" w="285" /><ent r="7" t="36" w="1173" /><ent r="7" t="36" w="1173" /></phr></stem><stem n="often"><phr n="often"><ent r="7" t="15" w="302" /><ent r="7" t="15" w="302" /><ent r="6" t="29" w="297" /><ent r="6" t="29" w="297" /></phr></stem><stem n="ofte"><phr n="often"><ent r="7" t="15" w="302" /><ent r="7" t="15" w="302" /><ent r="6" t="29" w="297" /><ent r="6" t="29" w="297" /></phr></stem><stem n="ften"><phr n="often"><ent r="7" t="15" w="302" /><ent r="7" t="15" w="302" /><ent r="6" t="29" w="297" /><ent r="6" t="29" w="297" /></phr></stem><stem n="trigger"><phr n="trigger"><ent r="8" t="15" w="360" /><ent r="8" t="15" w="360" /><ent r="7" t="15" w="376" /><ent r="7" t="15" w="376" /><ent r="8" t="15" w="383" /><ent r="8" t="15" w="383" /><ent r="7" t="15" w="405" /><ent r="7" t="15" w="405" /><ent r="8" t="15" w="441" /><ent r="8" t="15" w="441" /><ent r="7" t="15" w="498" /><ent r="7" t="15" w="498" /><ent r="8" t="15" w="507" /><ent r="8" t="15" w="507" /><ent r="7" t="15" w="520" /><ent r="7" t="15" w="520" /><ent r="8" t="15" w="580" /><ent r="8" t="15" w="580" /><ent r="7" t="16" w="1267" /><ent r="7" t="16" w="1267" /><ent r="3" t="31" w="165" /><ent r="3" t="31" w="165" /><ent r="7" t="31" w="1266" /><ent r="7" t="31" w="1266" /></phr><phr n="triggered"><ent r="7" t="15" w="453" /><ent r="7" t="15" w="553" /><ent r="3" t="16" w="145" /><ent r="3" t="16" w="186" /><ent r="3" t="16" w="222" /><ent r="7" t="16" w="1194" /><ent r="7" t="16" w="1194" /><ent r="3" t="31" w="764" /></phr><phr n="Trigger"><ent r="8" t="16" w="1263" /><ent r="8" t="16" w="1263" /><ent r="7" t="31" w="233" /><ent r="7" t="31" w="233" /></phr><phr n="triggerValue"><ent r="8" t="16" w="1309" /></phr></stem><stem n="trig"><phr n="trigger"><ent r="8" t="15" w="360" /><ent r="8" t="15" w="360" /><ent r="7" t="15" w="376" /><ent r="7" t="15" w="376" /><ent r="8" t="15" w="383" /><ent r="8" t="15" w="383" /><ent r="7" t="15" w="405" /><ent r="7" t="15" w="405" /><ent r="8" t="15" w="441" /><ent r="8" t="15" w="441" /><ent r="7" t="15" w="498" /><ent r="7" t="15" w="498" /><ent r="8" t="15" w="507" /><ent r="8" t="15" w="507" /><ent r="7" t="15" w="520" /><ent r="7" t="15" w="520" /><ent r="8" t="15" w="580" /><ent r="8" t="15" w="580" /><ent r="7" t="16" w="1267" /><ent r="7" t="16" w="1267" /><ent r="3" t="31" w="165" /><ent r="3" t="31" w="165" /><ent r="7" t="31" w="1266" /><ent r="7" t="31" w="1266" /></phr><phr n="triggered"><ent r="7" t="15" w="453" /><ent r="7" t="15" w="553" /><ent r="3" t="16" w="145" /><ent r="3" t="16" w="186" /><ent r="3" t="16" w="222" /><ent r="7" t="16" w="1194" /><ent r="7" t="16" w="1194" /><ent r="3" t="31" w="764" /></phr><phr n="Trigger"><ent r="8" t="16" w="1263" /><ent r="8" t="16" w="1263" /><ent r="7" t="31" w="233" /><ent r="7" t="31" w="233" /></phr><phr n="triggerValue"><ent r="8" t="16" w="1309" /></phr></stem><stem n="rigg"><phr n="trigger"><ent r="8" t="15" w="360" /><ent r="8" t="15" w="360" /><ent r="7" t="15" w="376" /><ent r="7" t="15" w="376" /><ent r="8" t="15" w="383" /><ent r="8" t="15" w="383" /><ent r="7" t="15" w="405" /><ent r="7" t="15" w="405" /><ent r="8" t="15" w="441" /><ent r="8" t="15" w="441" /><ent r="7" t="15" w="498" /><ent r="7" t="15" w="498" /><ent r="8" t="15" w="507" /><ent r="8" t="15" w="507" /><ent r="7" t="15" w="520" /><ent r="7" t="15" w="520" /><ent r="8" t="15" w="580" /><ent r="8" t="15" w="580" /><ent r="7" t="16" w="1267" /><ent r="7" t="16" w="1267" /><ent r="3" t="31" w="165" /><ent r="3" t="31" w="165" /><ent r="7" t="31" w="1266" /><ent r="7" t="31" w="1266" /></phr><phr n="triggered"><ent r="7" t="15" w="453" /><ent r="7" t="15" w="553" /><ent r="3" t="16" w="145" /><ent r="3" t="16" w="186" /><ent r="3" t="16" w="222" /><ent r="7" t="16" w="1194" /><ent r="7" t="16" w="1194" /><ent r="3" t="31" w="764" /></phr><phr n="Trigger"><ent r="8" t="16" w="1263" /><ent r="8" t="16" w="1263" /><ent r="7" t="31" w="233" /><ent r="7" t="31" w="233" /></phr><phr n="triggerValue"><ent r="8" t="16" w="1309" /></phr></stem><stem n="igge"><phr n="trigger"><ent r="8" t="15" w="360" /><ent r="8" t="15" w="360" /><ent r="7" t="15" w="376" /><ent r="7" t="15" w="376" /><ent r="8" t="15" w="383" /><ent r="8" t="15" w="383" /><ent r="7" t="15" w="405" /><ent r="7" t="15" w="405" /><ent r="8" t="15" w="441" /><ent r="8" t="15" w="441" /><ent r="7" t="15" w="498" /><ent r="7" t="15" w="498" /><ent r="8" t="15" w="507" /><ent r="8" t="15" w="507" /><ent r="7" t="15" w="520" /><ent r="7" t="15" w="520" /><ent r="8" t="15" w="580" /><ent r="8" t="15" w="580" /><ent r="7" t="16" w="1267" /><ent r="7" t="16" w="1267" /><ent r="3" t="31" w="165" /><ent r="3" t="31" w="165" /><ent r="7" t="31" w="1266" /><ent r="7" t="31" w="1266" /></phr><phr n="triggered"><ent r="7" t="15" w="453" /><ent r="7" t="15" w="553" /><ent r="3" t="16" w="145" /><ent r="3" t="16" w="186" /><ent r="3" t="16" w="222" /><ent r="7" t="16" w="1194" /><ent r="7" t="16" w="1194" /><ent r="3" t="31" w="764" /></phr><phr n="Trigger"><ent r="8" t="16" w="1263" /><ent r="8" t="16" w="1263" /><ent r="7" t="31" w="233" /><ent r="7" t="31" w="233" /></phr><phr n="triggerValue"><ent r="8" t="16" w="1309" /></phr></stem><stem n="gger"><phr n="trigger"><ent r="8" t="15" w="360" /><ent r="8" t="15" w="360" /><ent r="7" t="15" w="376" /><ent r="7" t="15" w="376" /><ent r="8" t="15" w="383" /><ent r="8" t="15" w="383" /><ent r="7" t="15" w="405" /><ent r="7" t="15" w="405" /><ent r="8" t="15" w="441" /><ent r="8" t="15" w="441" /><ent r="7" t="15" w="498" /><ent r="7" t="15" w="498" /><ent r="8" t="15" w="507" /><ent r="8" t="15" w="507" /><ent r="7" t="15" w="520" /><ent r="7" t="15" w="520" /><ent r="8" t="15" w="580" /><ent r="8" t="15" w="580" /><ent r="7" t="16" w="1267" /><ent r="7" t="16" w="1267" /><ent r="3" t="31" w="165" /><ent r="3" t="31" w="165" /><ent r="7" t="31" w="1266" /><ent r="7" t="31" w="1266" /></phr><phr n="triggered"><ent r="7" t="15" w="453" /><ent r="7" t="15" w="553" /><ent r="3" t="16" w="145" /><ent r="3" t="16" w="186" /><ent r="3" t="16" w="222" /><ent r="7" t="16" w="1194" /><ent r="7" t="16" w="1194" /><ent r="3" t="31" w="764" /></phr><phr n="Trigger"><ent r="8" t="16" w="1263" /><ent r="8" t="16" w="1263" /><ent r="7" t="31" w="233" /><ent r="7" t="31" w="233" /></phr><phr n="triggerValue"><ent r="8" t="16" w="1309" /></phr></stem><stem n="trigg"><phr n="trigger"><ent r="8" t="15" w="360" /><ent r="8" t="15" w="360" /><ent r="7" t="15" w="376" /><ent r="7" t="15" w="376" /><ent r="8" t="15" w="383" /><ent r="8" t="15" w="383" /><ent r="7" t="15" w="405" /><ent r="7" t="15" w="405" /><ent r="8" t="15" w="441" /><ent r="8" t="15" w="441" /><ent r="7" t="15" w="498" /><ent r="7" t="15" w="498" /><ent r="8" t="15" w="507" /><ent r="8" t="15" w="507" /><ent r="7" t="15" w="520" /><ent r="7" t="15" w="520" /><ent r="8" t="15" w="580" /><ent r="8" t="15" w="580" /><ent r="7" t="16" w="1267" /><ent r="7" t="16" w="1267" /><ent r="3" t="31" w="165" /><ent r="3" t="31" w="165" /><ent r="7" t="31" w="1266" /><ent r="7" t="31" w="1266" /></phr><phr n="triggered"><ent r="7" t="15" w="453" /><ent r="7" t="15" w="553" /><ent r="3" t="16" w="145" /><ent r="3" t="16" w="186" /><ent r="3" t="16" w="222" /><ent r="7" t="16" w="1194" /><ent r="7" t="16" w="1194" /><ent r="3" t="31" w="764" /></phr><phr n="Trigger"><ent r="8" t="16" w="1263" /><ent r="8" t="16" w="1263" /><ent r="7" t="31" w="233" /><ent r="7" t="31" w="233" /></phr><phr n="triggerValue"><ent r="8" t="16" w="1309" /></phr></stem><stem n="rigge"><phr n="trigger"><ent r="8" t="15" w="360" /><ent r="8" t="15" w="360" /><ent r="7" t="15" w="376" /><ent r="7" t="15" w="376" /><ent r="8" t="15" w="383" /><ent r="8" t="15" w="383" /><ent r="7" t="15" w="405" /><ent r="7" t="15" w="405" /><ent r="8" t="15" w="441" /><ent r="8" t="15" w="441" /><ent r="7" t="15" w="498" /><ent r="7" t="15" w="498" /><ent r="8" t="15" w="507" /><ent r="8" t="15" w="507" /><ent r="7" t="15" w="520" /><ent r="7" t="15" w="520" /><ent r="8" t="15" w="580" /><ent r="8" t="15" w="580" /><ent r="7" t="16" w="1267" /><ent r="7" t="16" w="1267" /><ent r="3" t="31" w="165" /><ent r="3" t="31" w="165" /><ent r="7" t="31" w="1266" /><ent r="7" t="31" w="1266" /></phr><phr n="triggered"><ent r="7" t="15" w="453" /><ent r="7" t="15" w="553" /><ent r="3" t="16" w="145" /><ent r="3" t="16" w="186" /><ent r="3" t="16" w="222" /><ent r="7" t="16" w="1194" /><ent r="7" t="16" w="1194" /><ent r="3" t="31" w="764" /></phr><phr n="Trigger"><ent r="8" t="16" w="1263" /><ent r="8" t="16" w="1263" /><ent r="7" t="31" w="233" /><ent r="7" t="31" w="233" /></phr><phr n="triggerValue"><ent r="8" t="16" w="1309" /></phr></stem><stem n="igger"><phr n="trigger"><ent r="8" t="15" w="360" /><ent r="8" t="15" w="360" /><ent r="7" t="15" w="376" /><ent r="7" t="15" w="376" /><ent r="8" t="15" w="383" /><ent r="8" t="15" w="383" /><ent r="7" t="15" w="405" /><ent r="7" t="15" w="405" /><ent r="8" t="15" w="441" /><ent r="8" t="15" w="441" /><ent r="7" t="15" w="498" /><ent r="7" t="15" w="498" /><ent r="8" t="15" w="507" /><ent r="8" t="15" w="507" /><ent r="7" t="15" w="520" /><ent r="7" t="15" w="520" /><ent r="8" t="15" w="580" /><ent r="8" t="15" w="580" /><ent r="7" t="16" w="1267" /><ent r="7" t="16" w="1267" /><ent r="3" t="31" w="165" /><ent r="3" t="31" w="165" /><ent r="7" t="31" w="1266" /><ent r="7" t="31" w="1266" /></phr><phr n="triggered"><ent r="7" t="15" w="453" /><ent r="7" t="15" w="553" /><ent r="3" t="16" w="145" /><ent r="3" t="16" w="186" /><ent r="3" t="16" w="222" /><ent r="7" t="16" w="1194" /><ent r="7" t="16" w="1194" /><ent r="3" t="31" w="764" /></phr><phr n="Trigger"><ent r="8" t="16" w="1263" /><ent r="8" t="16" w="1263" /><ent r="7" t="31" w="233" /><ent r="7" t="31" w="233" /></phr><phr n="triggerValue"><ent r="8" t="16" w="1309" /></phr></stem><stem n="trigge"><phr n="trigger"><ent r="8" t="15" w="360" /><ent r="8" t="15" w="360" /><ent r="7" t="15" w="376" /><ent r="7" t="15" w="376" /><ent r="8" t="15" w="383" /><ent r="8" t="15" w="383" /><ent r="7" t="15" w="405" /><ent r="7" t="15" w="405" /><ent r="8" t="15" w="441" /><ent r="8" t="15" w="441" /><ent r="7" t="15" w="498" /><ent r="7" t="15" w="498" /><ent r="8" t="15" w="507" /><ent r="8" t="15" w="507" /><ent r="7" t="15" w="520" /><ent r="7" t="15" w="520" /><ent r="8" t="15" w="580" /><ent r="8" t="15" w="580" /><ent r="7" t="16" w="1267" /><ent r="7" t="16" w="1267" /><ent r="3" t="31" w="165" /><ent r="3" t="31" w="165" /><ent r="7" t="31" w="1266" /><ent r="7" t="31" w="1266" /></phr><phr n="triggered"><ent r="7" t="15" w="453" /><ent r="7" t="15" w="553" /><ent r="3" t="16" w="145" /><ent r="3" t="16" w="186" /><ent r="3" t="16" w="222" /><ent r="7" t="16" w="1194" /><ent r="7" t="16" w="1194" /><ent r="3" t="31" w="764" /></phr><phr n="Trigger"><ent r="8" t="16" w="1263" /><ent r="8" t="16" w="1263" /><ent r="7" t="31" w="233" /><ent r="7" t="31" w="233" /></phr><phr n="triggerValue"><ent r="8" t="16" w="1309" /></phr></stem><stem n="rigger"><phr n="trigger"><ent r="8" t="15" w="360" /><ent r="8" t="15" w="360" /><ent r="7" t="15" w="376" /><ent r="7" t="15" w="376" /><ent r="8" t="15" w="383" /><ent r="8" t="15" w="383" /><ent r="7" t="15" w="405" /><ent r="7" t="15" w="405" /><ent r="8" t="15" w="441" /><ent r="8" t="15" w="441" /><ent r="7" t="15" w="498" /><ent r="7" t="15" w="498" /><ent r="8" t="15" w="507" /><ent r="8" t="15" w="507" /><ent r="7" t="15" w="520" /><ent r="7" t="15" w="520" /><ent r="8" t="15" w="580" /><ent r="8" t="15" w="580" /><ent r="7" t="16" w="1267" /><ent r="7" t="16" w="1267" /><ent r="3" t="31" w="165" /><ent r="3" t="31" w="165" /><ent r="7" t="31" w="1266" /><ent r="7" t="31" w="1266" /></phr><phr n="triggered"><ent r="7" t="15" w="453" /><ent r="7" t="15" w="553" /><ent r="3" t="16" w="145" /><ent r="3" t="16" w="186" /><ent r="3" t="16" w="222" /><ent r="7" t="16" w="1194" /><ent r="7" t="16" w="1194" /><ent r="3" t="31" w="764" /></phr><phr n="Trigger"><ent r="8" t="16" w="1263" /><ent r="8" t="16" w="1263" /><ent r="7" t="31" w="233" /><ent r="7" t="31" w="233" /></phr><phr n="triggerValue"><ent r="8" t="16" w="1309" /></phr></stem><stem n="xcee"><phr n="exceeds"><ent r="7" t="15" w="374" /><ent r="7" t="15" w="374" /><ent r="3" t="16" w="43" /><ent r="3" t="16" w="43" /><ent r="4" t="31" w="60" /><ent r="4" t="31" w="60" /><ent r="7" t="31" w="1264" /><ent r="7" t="31" w="1264" /></phr><phr n="exceeding"><ent r="8" t="15" w="381" /><ent r="8" t="15" w="381" /></phr></stem><stem n="ceed"><phr n="exceeds"><ent r="7" t="15" w="374" /><ent r="7" t="15" w="374" /><ent r="3" t="16" w="43" /><ent r="3" t="16" w="43" /><ent r="4" t="31" w="60" /><ent r="4" t="31" w="60" /><ent r="7" t="31" w="1264" /><ent r="7" t="31" w="1264" /></phr><phr n="exceeding"><ent r="8" t="15" w="381" /><ent r="8" t="15" w="381" /></phr><phr n="proceed"><ent r="4" t="17" w="783" /><ent r="4" t="17" w="783" /><ent r="3" t="34" w="590" /><ent r="3" t="34" w="590" /><ent r="3" t="34" w="1988" /></phr></stem><stem n="excee"><phr n="exceeds"><ent r="7" t="15" w="374" /><ent r="7" t="15" w="374" /><ent r="3" t="16" w="43" /><ent r="3" t="16" w="43" /><ent r="4" t="31" w="60" /><ent r="4" t="31" w="60" /><ent r="7" t="31" w="1264" /><ent r="7" t="31" w="1264" /></phr><phr n="exceeding"><ent r="8" t="15" w="381" /><ent r="8" t="15" w="381" /></phr></stem><stem n="xceed"><phr n="exceeds"><ent r="7" t="15" w="374" /><ent r="7" t="15" w="374" /><ent r="3" t="16" w="43" /><ent r="3" t="16" w="43" /><ent r="4" t="31" w="60" /><ent r="4" t="31" w="60" /><ent r="7" t="31" w="1264" /><ent r="7" t="31" w="1264" /></phr><phr n="exceeding"><ent r="8" t="15" w="381" /><ent r="8" t="15" w="381" /></phr></stem></index>