<?xml version="1.0" encoding="utf-8"?><index><stem n="liseco"><phr n="milliseconds"><ent r="6" t="29" w="147" /><ent r="6" t="29" w="162" /><ent r="6" t="29" w="177" /><ent r="6" t="29" w="253" /><ent r="6" t="29" w="268" /><ent r="6" t="29" w="283" /></phr><phr n="millisecond"><ent r="6" t="36" w="1338" /><ent r="6" t="36" w="1338" /><ent r="6" t="36" w="1345" /><ent r="6" t="36" w="1345" /><ent r="6" t="36" w="1396" /><ent r="6" t="36" w="1396" /><ent r="6" t="36" w="1403" /><ent r="6" t="36" w="1403" /></phr></stem><stem n="isecon"><phr n="milliseconds"><ent r="6" t="29" w="147" /><ent r="6" t="29" w="162" /><ent r="6" t="29" w="177" /><ent r="6" t="29" w="253" /><ent r="6" t="29" w="268" /><ent r="6" t="29" w="283" /></phr><phr n="millisecond"><ent r="6" t="36" w="1338" /><ent r="6" t="36" w="1338" /><ent r="6" t="36" w="1345" /><ent r="6" t="36" w="1345" /><ent r="6" t="36" w="1396" /><ent r="6" t="36" w="1396" /><ent r="6" t="36" w="1403" /><ent r="6" t="36" w="1403" /></phr></stem><stem n="second"><phr n="milliseconds"><ent r="6" t="29" w="147" /><ent r="6" t="29" w="162" /><ent r="6" t="29" w="177" /><ent r="6" t="29" w="253" /><ent r="6" t="29" w="268" /><ent r="6" t="29" w="283" /></phr><phr n="seconds"><ent r="7" t="31" w="293" /><ent r="7" t="31" w="293" /></phr><phr n="millisecond"><ent r="6" t="36" w="1338" /><ent r="6" t="36" w="1338" /><ent r="6" t="36" w="1345" /><ent r="6" t="36" w="1345" /><ent r="6" t="36" w="1396" /><ent r="6" t="36" w="1396" /><ent r="6" t="36" w="1403" /><ent r="6" t="36" w="1403" /></phr></stem><stem n="millise"><phr n="milliseconds"><ent r="6" t="29" w="147" /><ent r="6" t="29" w="162" /><ent r="6" t="29" w="177" /><ent r="6" t="29" w="253" /><ent r="6" t="29" w="268" /><ent r="6" t="29" w="283" /></phr><phr n="millisecond"><ent r="6" t="36" w="1338" /><ent r="6" t="36" w="1338" /><ent r="6" t="36" w="1345" /><ent r="6" t="36" w="1345" /><ent r="6" t="36" w="1396" /><ent r="6" t="36" w="1396" /><ent r="6" t="36" w="1403" /><ent r="6" t="36" w="1403" /></phr></stem><stem n="illisec"><phr n="milliseconds"><ent r="6" t="29" w="147" /><ent r="6" t="29" w="162" /><ent r="6" t="29" w="177" /><ent r="6" t="29" w="253" /><ent r="6" t="29" w="268" /><ent r="6" t="29" w="283" /></phr><phr n="millisecond"><ent r="6" t="36" w="1338" /><ent r="6" t="36" w="1338" /><ent r="6" t="36" w="1345" /><ent r="6" t="36" w="1345" /><ent r="6" t="36" w="1396" /><ent r="6" t="36" w="1396" /><ent r="6" t="36" w="1403" /><ent r="6" t="36" w="1403" /></phr></stem><stem n="lliseco"><phr n="milliseconds"><ent r="6" t="29" w="147" /><ent r="6" t="29" w="162" /><ent r="6" t="29" w="177" /><ent r="6" t="29" w="253" /><ent r="6" t="29" w="268" /><ent r="6" t="29" w="283" /></phr><phr n="millisecond"><ent r="6" t="36" w="1338" /><ent r="6" t="36" w="1338" /><ent r="6" t="36" w="1345" /><ent r="6" t="36" w="1345" /><ent r="6" t="36" w="1396" /><ent r="6" t="36" w="1396" /><ent r="6" t="36" w="1403" /><ent r="6" t="36" w="1403" /></phr></stem><stem n="lisecon"><phr n="milliseconds"><ent r="6" t="29" w="147" /><ent r="6" t="29" w="162" /><ent r="6" t="29" w="177" /><ent r="6" t="29" w="253" /><ent r="6" t="29" w="268" /><ent r="6" t="29" w="283" /></phr><phr n="millisecond"><ent r="6" t="36" w="1338" /><ent r="6" t="36" w="1338" /><ent r="6" t="36" w="1345" /><ent r="6" t="36" w="1345" /><ent r="6" t="36" w="1396" /><ent r="6" t="36" w="1396" /><ent r="6" t="36" w="1403" /><ent r="6" t="36" w="1403" /></phr></stem><stem n="isecond"><phr n="milliseconds"><ent r="6" t="29" w="147" /><ent r="6" t="29" w="162" /><ent r="6" t="29" w="177" /><ent r="6" t="29" w="253" /><ent r="6" t="29" w="268" /><ent r="6" t="29" w="283" /></phr><phr n="millisecond"><ent r="6" t="36" w="1338" /><ent r="6" t="36" w="1338" /><ent r="6" t="36" w="1345" /><ent r="6" t="36" w="1345" /><ent r="6" t="36" w="1396" /><ent r="6" t="36" w="1396" /><ent r="6" t="36" w="1403" /><ent r="6" t="36" w="1403" /></phr></stem><stem n="seconds"><phr n="milliseconds"><ent r="6" t="29" w="147" /><ent r="6" t="29" w="162" /><ent r="6" t="29" w="177" /><ent r="6" t="29" w="253" /><ent r="6" t="29" w="268" /><ent r="6" t="29" w="283" /></phr><phr n="seconds"><ent r="7" t="31" w="293" /><ent r="7" t="31" w="293" /></phr></stem><stem n="millisec"><phr n="milliseconds"><ent r="6" t="29" w="147" /><ent r="6" t="29" w="162" /><ent r="6" t="29" w="177" /><ent r="6" t="29" w="253" /><ent r="6" t="29" w="268" /><ent r="6" t="29" w="283" /></phr><phr n="millisecond"><ent r="6" t="36" w="1338" /><ent r="6" t="36" w="1338" /><ent r="6" t="36" w="1345" /><ent r="6" t="36" w="1345" /><ent r="6" t="36" w="1396" /><ent r="6" t="36" w="1396" /><ent r="6" t="36" w="1403" /><ent r="6" t="36" w="1403" /></phr></stem><stem n="illiseco"><phr n="milliseconds"><ent r="6" t="29" w="147" /><ent r="6" t="29" w="162" /><ent r="6" t="29" w="177" /><ent r="6" t="29" w="253" /><ent r="6" t="29" w="268" /><ent r="6" t="29" w="283" /></phr><phr n="millisecond"><ent r="6" t="36" w="1338" /><ent r="6" t="36" w="1338" /><ent r="6" t="36" w="1345" /><ent r="6" t="36" w="1345" /><ent r="6" t="36" w="1396" /><ent r="6" t="36" w="1396" /><ent r="6" t="36" w="1403" /><ent r="6" t="36" w="1403" /></phr></stem><stem n="llisecon"><phr n="milliseconds"><ent r="6" t="29" w="147" /><ent r="6" t="29" w="162" /><ent r="6" t="29" w="177" /><ent r="6" t="29" w="253" /><ent r="6" t="29" w="268" /><ent r="6" t="29" w="283" /></phr><phr n="millisecond"><ent r="6" t="36" w="1338" /><ent r="6" t="36" w="1338" /><ent r="6" t="36" w="1345" /><ent r="6" t="36" w="1345" /><ent r="6" t="36" w="1396" /><ent r="6" t="36" w="1396" /><ent r="6" t="36" w="1403" /><ent r="6" t="36" w="1403" /></phr></stem><stem n="lisecond"><phr n="milliseconds"><ent r="6" t="29" w="147" /><ent r="6" t="29" w="162" /><ent r="6" t="29" w="177" /><ent r="6" t="29" w="253" /><ent r="6" t="29" w="268" /><ent r="6" t="29" w="283" /></phr><phr n="millisecond"><ent r="6" t="36" w="1338" /><ent r="6" t="36" w="1338" /><ent r="6" t="36" w="1345" /><ent r="6" t="36" w="1345" /><ent r="6" t="36" w="1396" /><ent r="6" t="36" w="1396" /><ent r="6" t="36" w="1403" /><ent r="6" t="36" w="1403" /></phr></stem><stem n="iseconds"><phr n="milliseconds"><ent r="6" t="29" w="147" /><ent r="6" t="29" w="162" /><ent r="6" t="29" w="177" /><ent r="6" t="29" w="253" /><ent r="6" t="29" w="268" /><ent r="6" t="29" w="283" /></phr></stem><stem n="milliseco"><phr n="milliseconds"><ent r="6" t="29" w="147" /><ent r="6" t="29" w="162" /><ent r="6" t="29" w="177" /><ent r="6" t="29" w="253" /><ent r="6" t="29" w="268" /><ent r="6" t="29" w="283" /></phr><phr n="millisecond"><ent r="6" t="36" w="1338" /><ent r="6" t="36" w="1338" /><ent r="6" t="36" w="1345" /><ent r="6" t="36" w="1345" /><ent r="6" t="36" w="1396" /><ent r="6" t="36" w="1396" /><ent r="6" t="36" w="1403" /><ent r="6" t="36" w="1403" /></phr></stem><stem n="illisecon"><phr n="milliseconds"><ent r="6" t="29" w="147" /><ent r="6" t="29" w="162" /><ent r="6" t="29" w="177" /><ent r="6" t="29" w="253" /><ent r="6" t="29" w="268" /><ent r="6" t="29" w="283" /></phr><phr n="millisecond"><ent r="6" t="36" w="1338" /><ent r="6" t="36" w="1338" /><ent r="6" t="36" w="1345" /><ent r="6" t="36" w="1345" /><ent r="6" t="36" w="1396" /><ent r="6" t="36" w="1396" /><ent r="6" t="36" w="1403" /><ent r="6" t="36" w="1403" /></phr></stem><stem n="llisecond"><phr n="milliseconds"><ent r="6" t="29" w="147" /><ent r="6" t="29" w="162" /><ent r="6" t="29" w="177" /><ent r="6" t="29" w="253" /><ent r="6" t="29" w="268" /><ent r="6" t="29" w="283" /></phr><phr n="millisecond"><ent r="6" t="36" w="1338" /><ent r="6" t="36" w="1338" /><ent r="6" t="36" w="1345" /><ent r="6" t="36" w="1345" /><ent r="6" t="36" w="1396" /><ent r="6" t="36" w="1396" /><ent r="6" t="36" w="1403" /><ent r="6" t="36" w="1403" /></phr></stem><stem n="liseconds"><phr n="milliseconds"><ent r="6" t="29" w="147" /><ent r="6" t="29" w="162" /><ent r="6" t="29" w="177" /><ent r="6" t="29" w="253" /><ent r="6" t="29" w="268" /><ent r="6" t="29" w="283" /></phr></stem><stem n="millisecon"><phr n="milliseconds"><ent r="6" t="29" w="147" /><ent r="6" t="29" w="162" /><ent r="6" t="29" w="177" /><ent r="6" t="29" w="253" /><ent r="6" t="29" w="268" /><ent r="6" t="29" w="283" /></phr><phr n="millisecond"><ent r="6" t="36" w="1338" /><ent r="6" t="36" w="1338" /><ent r="6" t="36" w="1345" /><ent r="6" t="36" w="1345" /><ent r="6" t="36" w="1396" /><ent r="6" t="36" w="1396" /><ent r="6" t="36" w="1403" /><ent r="6" t="36" w="1403" /></phr></stem><stem n="illisecond"><phr n="milliseconds"><ent r="6" t="29" w="147" /><ent r="6" t="29" w="162" /><ent r="6" t="29" w="177" /><ent r="6" t="29" w="253" /><ent r="6" t="29" w="268" /><ent r="6" t="29" w="283" /></phr><phr n="millisecond"><ent r="6" t="36" w="1338" /><ent r="6" t="36" w="1338" /><ent r="6" t="36" w="1345" /><ent r="6" t="36" w="1345" /><ent r="6" t="36" w="1396" /><ent r="6" t="36" w="1396" /><ent r="6" t="36" w="1403" /><ent r="6" t="36" w="1403" /></phr></stem><stem n="lliseconds"><phr n="milliseconds"><ent r="6" t="29" w="147" /><ent r="6" t="29" w="162" /><ent r="6" t="29" w="177" /><ent r="6" t="29" w="253" /><ent r="6" t="29" w="268" /><ent r="6" t="29" w="283" /></phr></stem><stem n="illiseconds"><phr n="milliseconds"><ent r="6" t="29" w="147" /><ent r="6" t="29" w="162" /><ent r="6" t="29" w="177" /><ent r="6" t="29" w="253" /><ent r="6" t="29" w="268" /><ent r="6" t="29" w="283" /></phr></stem><stem n="milliseconds"><phr n="milliseconds"><ent r="6" t="29" w="147" /><ent r="6" t="29" w="162" /><ent r="6" t="29" w="177" /><ent r="6" t="29" w="253" /><ent r="6" t="29" w="268" /><ent r="6" t="29" w="283" /></phr></stem><stem n="max"><phr n="Max"><ent r="7" t="29" w="153" /><ent r="7" t="29" w="153" /><ent r="7" t="29" w="244" /><ent r="7" t="29" w="244" /><ent r="7" t="29" w="259" /><ent r="7" t="29" w="259" /></phr><phr n="max"><ent r="8" t="29" w="384" /><ent r="4" t="36" w="65" /><ent r="4" t="36" w="65" /></phr></stem><stem n="maximum"><phr n="maximum"><ent r="6" t="29" w="156" /><ent r="6" t="29" w="156" /><ent r="6" t="29" w="262" /><ent r="6" t="29" w="262" /><ent r="7" t="29" w="387" /><ent r="7" t="29" w="387" /><ent r="3" t="39" w="93" /><ent r="3" t="39" w="93" /><ent r="7" t="41" w="121" /><ent r="7" t="41" w="121" /><ent r="4" t="42" w="499" /><ent r="4" t="42" w="499" /><ent r="6" t="43" w="162" /><ent r="6" t="43" w="172" /><ent r="6" t="43" w="185" /><ent r="6" t="43" w="203" /></phr></stem><stem n="maxi"><phr n="maximum"><ent r="6" t="29" w="156" /><ent r="6" t="29" w="156" /><ent r="6" t="29" w="262" /><ent r="6" t="29" w="262" /><ent r="7" t="29" w="387" /><ent r="7" t="29" w="387" /><ent r="3" t="39" w="93" /><ent r="3" t="39" w="93" /><ent r="7" t="41" w="121" /><ent r="7" t="41" w="121" /><ent r="4" t="42" w="499" /><ent r="4" t="42" w="499" /><ent r="6" t="43" w="162" /><ent r="6" t="43" w="172" /><ent r="6" t="43" w="185" /><ent r="6" t="43" w="203" /></phr></stem><stem n="axim"><phr n="maximum"><ent r="6" t="29" w="156" /><ent r="6" t="29" w="156" /><ent r="6" t="29" w="262" /><ent r="6" t="29" w="262" /><ent r="7" t="29" w="387" /><ent r="7" t="29" w="387" /><ent r="3" t="39" w="93" /><ent r="3" t="39" w="93" /><ent r="7" t="41" w="121" /><ent r="7" t="41" w="121" /><ent r="4" t="42" w="499" /><ent r="4" t="42" w="499" /><ent r="6" t="43" w="162" /><ent r="6" t="43" w="172" /><ent r="6" t="43" w="185" /><ent r="6" t="43" w="203" /></phr></stem><stem n="ximu"><phr n="maximum"><ent r="6" t="29" w="156" /><ent r="6" t="29" w="156" /><ent r="6" t="29" w="262" /><ent r="6" t="29" w="262" /><ent r="7" t="29" w="387" /><ent r="7" t="29" w="387" /><ent r="3" t="39" w="93" /><ent r="3" t="39" w="93" /><ent r="7" t="41" w="121" /><ent r="7" t="41" w="121" /><ent r="4" t="42" w="499" /><ent r="4" t="42" w="499" /><ent r="6" t="43" w="162" /><ent r="6" t="43" w="172" /><ent r="6" t="43" w="185" /><ent r="6" t="43" w="203" /></phr></stem><stem n="maxim"><phr n="maximum"><ent r="6" t="29" w="156" /><ent r="6" t="29" w="156" /><ent r="6" t="29" w="262" /><ent r="6" t="29" w="262" /><ent r="7" t="29" w="387" /><ent r="7" t="29" w="387" /><ent r="3" t="39" w="93" /><ent r="3" t="39" w="93" /><ent r="7" t="41" w="121" /><ent r="7" t="41" w="121" /><ent r="4" t="42" w="499" /><ent r="4" t="42" w="499" /><ent r="6" t="43" w="162" /><ent r="6" t="43" w="172" /><ent r="6" t="43" w="185" /><ent r="6" t="43" w="203" /></phr></stem><stem n="aximu"><phr n="maximum"><ent r="6" t="29" w="156" /><ent r="6" t="29" w="156" /><ent r="6" t="29" w="262" /><ent r="6" t="29" w="262" /><ent r="7" t="29" w="387" /><ent r="7" t="29" w="387" /><ent r="3" t="39" w="93" /><ent r="3" t="39" w="93" /><ent r="7" t="41" w="121" /><ent r="7" t="41" w="121" /><ent r="4" t="42" w="499" /><ent r="4" t="42" w="499" /><ent r="6" t="43" w="162" /><ent r="6" t="43" w="172" /><ent r="6" t="43" w="185" /><ent r="6" t="43" w="203" /></phr></stem><stem n="ximum"><phr n="maximum"><ent r="6" t="29" w="156" /><ent r="6" t="29" w="156" /><ent r="6" t="29" w="262" /><ent r="6" t="29" w="262" /><ent r="7" t="29" w="387" /><ent r="7" t="29" w="387" /><ent r="3" t="39" w="93" /><ent r="3" t="39" w="93" /><ent r="7" t="41" w="121" /><ent r="7" t="41" w="121" /><ent r="4" t="42" w="499" /><ent r="4" t="42" w="499" /><ent r="6" t="43" w="162" /><ent r="6" t="43" w="172" /><ent r="6" t="43" w="185" /><ent r="6" t="43" w="203" /></phr></stem><stem n="maximu"><phr n="maximum"><ent r="6" t="29" w="156" /><ent r="6" t="29" w="156" /><ent r="6" t="29" w="262" /><ent r="6" t="29" w="262" /><ent r="7" t="29" w="387" /><ent r="7" t="29" w="387" /><ent r="3" t="39" w="93" /><ent r="3" t="39" w="93" /><ent r="7" t="41" w="121" /><ent r="7" t="41" w="121" /><ent r="4" t="42" w="499" /><ent r="4" t="42" w="499" /><ent r="6" t="43" w="162" /><ent r="6" t="43" w="172" /><ent r="6" t="43" w="185" /><ent r="6" t="43" w="203" /></phr></stem><stem n="aximum"><phr n="maximum"><ent r="6" t="29" w="156" /><ent r="6" t="29" w="156" /><ent r="6" t="29" w="262" /><ent r="6" t="29" w="262" /><ent r="7" t="29" w="387" /><ent r="7" t="29" w="387" /><ent r="3" t="39" w="93" /><ent r="3" t="39" w="93" /><ent r="7" t="41" w="121" /><ent r="7" t="41" w="121" /><ent r="4" t="42" w="499" /><ent r="4" t="42" w="499" /><ent r="6" t="43" w="162" /><ent r="6" t="43" w="172" /><ent r="6" t="43" w="185" /><ent r="6" t="43" w="203" /></phr></stem><stem n="averag"><phr n="Average"><ent r="7" t="29" w="168" /><ent r="7" t="29" w="168" /><ent r="7" t="29" w="274" /><ent r="7" t="29" w="274" /><ent r="7" t="29" w="418" /></phr><phr n="average"><ent r="6" t="29" w="171" /><ent r="6" t="29" w="171" /><ent r="6" t="29" w="277" /><ent r="6" t="29" w="277" /><ent r="8" t="29" w="399" /><ent r="7" t="29" w="403" /><ent r="7" t="29" w="403" /><ent r="7" t="29" w="415" /><ent r="7" t="29" w="415" /><ent r="7" t="29" w="449" /><ent r="7" t="29" w="449" /><ent r="4" t="36" w="67" /><ent r="4" t="36" w="67" /></phr></stem><stem n="aver"><phr n="Average"><ent r="7" t="29" w="168" /><ent r="7" t="29" w="168" /><ent r="7" t="29" w="274" /><ent r="7" t="29" w="274" /><ent r="7" t="29" w="418" /></phr><phr n="average"><ent r="6" t="29" w="171" /><ent r="6" t="29" w="171" /><ent r="6" t="29" w="277" /><ent r="6" t="29" w="277" /><ent r="8" t="29" w="399" /><ent r="7" t="29" w="403" /><ent r="7" t="29" w="403" /><ent r="7" t="29" w="415" /><ent r="7" t="29" w="415" /><ent r="7" t="29" w="449" /><ent r="7" t="29" w="449" /><ent r="4" t="36" w="67" /><ent r="4" t="36" w="67" /></phr></stem><stem n="vera"><phr n="Average"><ent r="7" t="29" w="168" /><ent r="7" t="29" w="168" /><ent r="7" t="29" w="274" /><ent r="7" t="29" w="274" /><ent r="7" t="29" w="418" /></phr><phr n="average"><ent r="6" t="29" w="171" /><ent r="6" t="29" w="171" /><ent r="6" t="29" w="277" /><ent r="6" t="29" w="277" /><ent r="8" t="29" w="399" /><ent r="7" t="29" w="403" /><ent r="7" t="29" w="403" /><ent r="7" t="29" w="415" /><ent r="7" t="29" w="415" /><ent r="7" t="29" w="449" /><ent r="7" t="29" w="449" /><ent r="4" t="36" w="67" /><ent r="4" t="36" w="67" /></phr></stem><stem n="erag"><phr n="Average"><ent r="7" t="29" w="168" /><ent r="7" t="29" w="168" /><ent r="7" t="29" w="274" /><ent r="7" t="29" w="274" /><ent r="7" t="29" w="418" /></phr><phr n="average"><ent r="6" t="29" w="171" /><ent r="6" t="29" w="171" /><ent r="6" t="29" w="277" /><ent r="6" t="29" w="277" /><ent r="8" t="29" w="399" /><ent r="7" t="29" w="403" /><ent r="7" t="29" w="403" /><ent r="7" t="29" w="415" /><ent r="7" t="29" w="415" /><ent r="7" t="29" w="449" /><ent r="7" t="29" w="449" /><ent r="4" t="36" w="67" /><ent r="4" t="36" w="67" /></phr></stem><stem n="rage"><phr n="Average"><ent r="7" t="29" w="168" /><ent r="7" t="29" w="168" /><ent r="7" t="29" w="274" /><ent r="7" t="29" w="274" /><ent r="7" t="29" w="418" /></phr><phr n="average"><ent r="6" t="29" w="171" /><ent r="6" t="29" w="171" /><ent r="6" t="29" w="277" /><ent r="6" t="29" w="277" /><ent r="8" t="29" w="399" /><ent r="7" t="29" w="403" /><ent r="7" t="29" w="403" /><ent r="7" t="29" w="415" /><ent r="7" t="29" w="415" /><ent r="7" t="29" w="449" /><ent r="7" t="29" w="449" /><ent r="4" t="36" w="67" /><ent r="4" t="36" w="67" /></phr></stem><stem n="avera"><phr n="Average"><ent r="7" t="29" w="168" /><ent r="7" t="29" w="168" /><ent r="7" t="29" w="274" /><ent r="7" t="29" w="274" /><ent r="7" t="29" w="418" /></phr><phr n="average"><ent r="6" t="29" w="171" /><ent r="6" t="29" w="171" /><ent r="6" t="29" w="277" /><ent r="6" t="29" w="277" /><ent r="8" t="29" w="399" /><ent r="7" t="29" w="403" /><ent r="7" t="29" w="403" /><ent r="7" t="29" w="415" /><ent r="7" t="29" w="415" /><ent r="7" t="29" w="449" /><ent r="7" t="29" w="449" /><ent r="4" t="36" w="67" /><ent r="4" t="36" w="67" /></phr></stem><stem n="verag"><phr n="Average"><ent r="7" t="29" w="168" /><ent r="7" t="29" w="168" /><ent r="7" t="29" w="274" /><ent r="7" t="29" w="274" /><ent r="7" t="29" w="418" /></phr><phr n="average"><ent r="6" t="29" w="171" /><ent r="6" t="29" w="171" /><ent r="6" t="29" w="277" /><ent r="6" t="29" w="277" /><ent r="8" t="29" w="399" /><ent r="7" t="29" w="403" /><ent r="7" t="29" w="403" /><ent r="7" t="29" w="415" /><ent r="7" t="29" w="415" /><ent r="7" t="29" w="449" /><ent r="7" t="29" w="449" /><ent r="4" t="36" w="67" /><ent r="4" t="36" w="67" /></phr></stem><stem n="erage"><phr n="Average"><ent r="7" t="29" w="168" /><ent r="7" t="29" w="168" /><ent r="7" t="29" w="274" /><ent r="7" t="29" w="274" /><ent r="7" t="29" w="418" /></phr><phr n="average"><ent r="6" t="29" w="171" /><ent r="6" t="29" w="171" /><ent r="6" t="29" w="277" /><ent r="6" t="29" w="277" /><ent r="8" t="29" w="399" /><ent r="7" t="29" w="403" /><ent r="7" t="29" w="403" /><ent r="7" t="29" w="415" /><ent r="7" t="29" w="415" /><ent r="7" t="29" w="449" /><ent r="7" t="29" w="449" /><ent r="4" t="36" w="67" /><ent r="4" t="36" w="67" /></phr></stem><stem n="verage"><phr n="Average"><ent r="7" t="29" w="168" /><ent r="7" t="29" w="168" /><ent r="7" t="29" w="274" /><ent r="7" t="29" w="274" /><ent r="7" t="29" w="418" /></phr><phr n="average"><ent r="6" t="29" w="171" /><ent r="6" t="29" w="171" /><ent r="6" t="29" w="277" /><ent r="6" t="29" w="277" /><ent r="8" t="29" w="399" /><ent r="7" t="29" w="403" /><ent r="7" t="29" w="403" /><ent r="7" t="29" w="415" /><ent r="7" t="29" w="415" /><ent r="7" t="29" w="449" /><ent r="7" t="29" w="449" /><ent r="4" t="36" w="67" /><ent r="4" t="36" w="67" /></phr></stem><stem n="average"><phr n="Average"><ent r="7" t="29" w="168" /><ent r="7" t="29" w="168" /><ent r="7" t="29" w="274" /><ent r="7" t="29" w="274" /><ent r="7" t="29" w="418" /></phr><phr n="average"><ent r="6" t="29" w="171" /><ent r="6" t="29" w="171" /><ent r="6" t="29" w="277" /><ent r="6" t="29" w="277" /><ent r="8" t="29" w="399" /><ent r="7" t="29" w="403" /><ent r="7" t="29" w="403" /><ent r="7" t="29" w="415" /><ent r="7" t="29" w="415" /><ent r="7" t="29" w="449" /><ent r="7" t="29" w="449" /><ent r="4" t="36" w="67" /><ent r="4" t="36" w="67" /></phr></stem><stem n="iods"><phr n="periods"><ent r="6" t="29" w="181" /><ent r="6" t="29" w="181" /><ent r="6" t="29" w="287" /><ent r="6" t="29" w="287" /><ent r="5" t="36" w="1245" /><ent r="5" t="36" w="1245" /></phr></stem><stem n="riods"><phr n="periods"><ent r="6" t="29" w="181" /><ent r="6" t="29" w="181" /><ent r="6" t="29" w="287" /><ent r="6" t="29" w="287" /><ent r="5" t="36" w="1245" /><ent r="5" t="36" w="1245" /></phr></stem><stem n="eriods"><phr n="periods"><ent r="6" t="29" w="181" /><ent r="6" t="29" w="181" /><ent r="6" t="29" w="287" /><ent r="6" t="29" w="287" /><ent r="5" t="36" w="1245" /><ent r="5" t="36" w="1245" /></phr></stem><stem n="periods"><phr n="periods"><ent r="6" t="29" w="181" /><ent r="6" t="29" w="181" /><ent r="6" t="29" w="287" /><ent r="6" t="29" w="287" /><ent r="5" t="36" w="1245" /><ent r="5" t="36" w="1245" /></phr></stem><stem n="express"><phr n="expressed"><ent r="6" t="29" w="302" /><ent r="6" t="29" w="302" /><ent r="3" t="29" w="495" /><ent r="3" t="29" w="495" /></phr></stem><stem n="expr"><phr n="expressed"><ent r="6" t="29" w="302" /><ent r="6" t="29" w="302" /><ent r="3" t="29" w="495" /><ent r="3" t="29" w="495" /></phr></stem><stem n="xpre"><phr n="expressed"><ent r="6" t="29" w="302" /><ent r="6" t="29" w="302" /><ent r="3" t="29" w="495" /><ent r="3" t="29" w="495" /></phr></stem><stem n="expre"><phr n="expressed"><ent r="6" t="29" w="302" /><ent r="6" t="29" w="302" /><ent r="3" t="29" w="495" /><ent r="3" t="29" w="495" /></phr></stem><stem n="xpres"><phr n="expressed"><ent r="6" t="29" w="302" /><ent r="6" t="29" w="302" /><ent r="3" t="29" w="495" /><ent r="3" t="29" w="495" /></phr></stem><stem n="expres"><phr n="expressed"><ent r="6" t="29" w="302" /><ent r="6" t="29" w="302" /><ent r="3" t="29" w="495" /><ent r="3" t="29" w="495" /></phr></stem><stem n="xpress"><phr n="expressed"><ent r="6" t="29" w="302" /><ent r="6" t="29" w="302" /><ent r="3" t="29" w="495" /><ent r="3" t="29" w="495" /></phr></stem><stem n="presse"><phr n="expressed"><ent r="6" t="29" w="302" /><ent r="6" t="29" w="302" /><ent r="3" t="29" w="495" /><ent r="3" t="29" w="495" /></phr><phr n="suppressed"><ent r="3" t="31" w="837" /><ent r="3" t="31" w="837" /></phr><phr n="compressed"><ent r="6" t="35" w="251" /><ent r="6" t="35" w="251" /></phr></stem><stem n="ressed"><phr n="expressed"><ent r="6" t="29" w="302" /><ent r="6" t="29" w="302" /><ent r="3" t="29" w="495" /><ent r="3" t="29" w="495" /></phr><phr n="suppressed"><ent r="3" t="31" w="837" /><ent r="3" t="31" w="837" /></phr><phr n="compressed"><ent r="6" t="35" w="251" /><ent r="6" t="35" w="251" /></phr></stem><stem n="xpresse"><phr n="expressed"><ent r="6" t="29" w="302" /><ent r="6" t="29" w="302" /><ent r="3" t="29" w="495" /><ent r="3" t="29" w="495" /></phr></stem><stem n="pressed"><phr n="expressed"><ent r="6" t="29" w="302" /><ent r="6" t="29" w="302" /><ent r="3" t="29" w="495" /><ent r="3" t="29" w="495" /></phr><phr n="suppressed"><ent r="3" t="31" w="837" /><ent r="3" t="31" w="837" /></phr><phr n="compressed"><ent r="6" t="35" w="251" /><ent r="6" t="35" w="251" /></phr></stem><stem n="expresse"><phr n="expressed"><ent r="6" t="29" w="302" /><ent r="6" t="29" w="302" /><ent r="3" t="29" w="495" /><ent r="3" t="29" w="495" /></phr></stem><stem n="xpressed"><phr n="expressed"><ent r="6" t="29" w="302" /><ent r="6" t="29" w="302" /><ent r="3" t="29" w="495" /><ent r="3" t="29" w="495" /></phr></stem><stem n="expressed"><phr n="expressed"><ent r="6" t="29" w="302" /><ent r="6" t="29" w="302" /><ent r="3" t="29" w="495" /><ent r="3" t="29" w="495" /></phr></stem><stem n="percentag"><phr n="percentage"><ent r="6" t="29" w="305" /><ent r="3" t="29" w="473" /><ent r="3" t="29" w="473" /><ent r="4" t="36" w="76" /></phr><phr n="Percentage"><ent r="67" t="29" w="319" /><ent r="67" t="29" w="319" /><ent r="82" t="29" w="458" /><ent r="82" t="29" w="458" /></phr></stem><stem n="perc"><phr n="percentage"><ent r="6" t="29" w="305" /><ent r="3" t="29" w="473" /><ent r="3" t="29" w="473" /><ent r="4" t="36" w="76" /></phr><phr n="Percentage"><ent r="67" t="29" w="319" /><ent r="67" t="29" w="319" /><ent r="82" t="29" w="458" /><ent r="82" t="29" w="458" /></phr></stem><stem n="erce"><phr n="percentage"><ent r="6" t="29" w="305" /><ent r="3" t="29" w="473" /><ent r="3" t="29" w="473" /><ent r="4" t="36" w="76" /></phr><phr n="Percentage"><ent r="67" t="29" w="319" /><ent r="67" t="29" w="319" /><ent r="82" t="29" w="458" /><ent r="82" t="29" w="458" /></phr></stem><stem n="ntag"><phr n="percentage"><ent r="6" t="29" w="305" /><ent r="3" t="29" w="473" /><ent r="3" t="29" w="473" /><ent r="4" t="36" w="76" /></phr><phr n="Percentage"><ent r="67" t="29" w="319" /><ent r="67" t="29" w="319" /><ent r="82" t="29" w="458" /><ent r="82" t="29" w="458" /></phr></stem><stem n="rcen"><phr n="percentage"><ent r="6" t="29" w="305" /><ent r="3" t="29" w="473" /><ent r="3" t="29" w="473" /><ent r="4" t="36" w="76" /></phr><phr n="Percentage"><ent r="67" t="29" w="319" /><ent r="67" t="29" w="319" /><ent r="82" t="29" w="458" /><ent r="82" t="29" w="458" /></phr></stem><stem n="tage"><phr n="percentage"><ent r="6" t="29" w="305" /><ent r="3" t="29" w="473" /><ent r="3" t="29" w="473" /><ent r="4" t="36" w="76" /></phr><phr n="Percentage"><ent r="67" t="29" w="319" /><ent r="67" t="29" w="319" /><ent r="82" t="29" w="458" /><ent r="82" t="29" w="458" /></phr></stem><stem n="perce"><phr n="percentage"><ent r="6" t="29" w="305" /><ent r="3" t="29" w="473" /><ent r="3" t="29" w="473" /><ent r="4" t="36" w="76" /></phr><phr n="Percentage"><ent r="67" t="29" w="319" /><ent r="67" t="29" w="319" /><ent r="82" t="29" w="458" /><ent r="82" t="29" w="458" /></phr></stem><stem n="ntage"><phr n="percentage"><ent r="6" t="29" w="305" /><ent r="3" t="29" w="473" /><ent r="3" t="29" w="473" /><ent r="4" t="36" w="76" /></phr><phr n="Percentage"><ent r="67" t="29" w="319" /><ent r="67" t="29" w="319" /><ent r="82" t="29" w="458" /><ent r="82" t="29" w="458" /></phr></stem><stem n="ercen"><phr n="percentage"><ent r="6" t="29" w="305" /><ent r="3" t="29" w="473" /><ent r="3" t="29" w="473" /><ent r="4" t="36" w="76" /></phr><phr n="Percentage"><ent r="67" t="29" w="319" /><ent r="67" t="29" w="319" /><ent r="82" t="29" w="458" /><ent r="82" t="29" w="458" /></phr></stem><stem n="rcent"><phr n="percentage"><ent r="6" t="29" w="305" /><ent r="3" t="29" w="473" /><ent r="3" t="29" w="473" /><ent r="4" t="36" w="76" /></phr><phr n="Percentage"><ent r="67" t="29" w="319" /><ent r="67" t="29" w="319" /><ent r="82" t="29" w="458" /><ent r="82" t="29" w="458" /></phr></stem><stem n="centa"><phr n="percentage"><ent r="6" t="29" w="305" /><ent r="3" t="29" w="473" /><ent r="3" t="29" w="473" /><ent r="4" t="36" w="76" /></phr><phr n="Percentage"><ent r="67" t="29" w="319" /><ent r="67" t="29" w="319" /><ent r="82" t="29" w="458" /><ent r="82" t="29" w="458" /></phr></stem></index>