<?xml version="1.0" encoding="utf-8"?><index><stem n="ccurre"><phr n="occurred"><ent r="4" t="4" w="168" /><ent r="4" t="4" w="168" /><ent r="4" t="17" w="662" /><ent r="4" t="17" w="662" /><ent r="3" t="26" w="83" /><ent r="3" t="26" w="83" /><ent r="7" t="38" w="226" /><ent r="7" t="38" w="226" /><ent r="6" t="38" w="320" /></phr></stem><stem n="curred"><phr n="occurred"><ent r="4" t="4" w="168" /><ent r="4" t="4" w="168" /><ent r="4" t="17" w="662" /><ent r="4" t="17" w="662" /><ent r="3" t="26" w="83" /><ent r="3" t="26" w="83" /><ent r="7" t="38" w="226" /><ent r="7" t="38" w="226" /><ent r="6" t="38" w="320" /></phr></stem><stem n="occurre"><phr n="occurred"><ent r="4" t="4" w="168" /><ent r="4" t="4" w="168" /><ent r="4" t="17" w="662" /><ent r="4" t="17" w="662" /><ent r="3" t="26" w="83" /><ent r="3" t="26" w="83" /><ent r="7" t="38" w="226" /><ent r="7" t="38" w="226" /><ent r="6" t="38" w="320" /></phr></stem><stem n="ccurred"><phr n="occurred"><ent r="4" t="4" w="168" /><ent r="4" t="4" w="168" /><ent r="4" t="17" w="662" /><ent r="4" t="17" w="662" /><ent r="3" t="26" w="83" /><ent r="3" t="26" w="83" /><ent r="7" t="38" w="226" /><ent r="7" t="38" w="226" /><ent r="6" t="38" w="320" /></phr></stem><stem n="occurred"><phr n="occurred"><ent r="4" t="4" w="168" /><ent r="4" t="4" w="168" /><ent r="4" t="17" w="662" /><ent r="4" t="17" w="662" /><ent r="3" t="26" w="83" /><ent r="3" t="26" w="83" /><ent r="7" t="38" w="226" /><ent r="7" t="38" w="226" /><ent r="6" t="38" w="320" /></phr></stem><stem n="ormi"><phr n="performing"><ent r="4" t="4" w="175" /><ent r="4" t="4" w="175" /><ent r="3" t="13" w="110" /><ent r="3" t="13" w="110" /><ent r="3" t="13" w="241" /><ent r="3" t="13" w="241" /><ent r="4" t="19" w="301" /><ent r="4" t="19" w="301" /><ent r="7" t="38" w="233" /><ent r="7" t="38" w="233" /></phr></stem><stem n="ming"><phr n="performing"><ent r="4" t="4" w="175" /><ent r="4" t="4" w="175" /><ent r="3" t="13" w="110" /><ent r="3" t="13" w="110" /><ent r="3" t="13" w="241" /><ent r="3" t="13" w="241" /><ent r="4" t="19" w="301" /><ent r="4" t="19" w="301" /><ent r="7" t="38" w="233" /><ent r="7" t="38" w="233" /></phr><phr n="Confirming"><ent r="3" t="12" w="253" /><ent r="3" t="12" w="253" /></phr><phr n="assuming"><ent r="3" t="17" w="40" /><ent r="3" t="17" w="40" /><ent r="3" t="27" w="555" /><ent r="3" t="27" w="555" /></phr></stem><stem n="rming"><phr n="performing"><ent r="4" t="4" w="175" /><ent r="4" t="4" w="175" /><ent r="3" t="13" w="110" /><ent r="3" t="13" w="110" /><ent r="3" t="13" w="241" /><ent r="3" t="13" w="241" /><ent r="4" t="19" w="301" /><ent r="4" t="19" w="301" /><ent r="7" t="38" w="233" /><ent r="7" t="38" w="233" /></phr><phr n="Confirming"><ent r="3" t="12" w="253" /><ent r="3" t="12" w="253" /></phr></stem><stem n="formi"><phr n="performing"><ent r="4" t="4" w="175" /><ent r="4" t="4" w="175" /><ent r="3" t="13" w="110" /><ent r="3" t="13" w="110" /><ent r="3" t="13" w="241" /><ent r="3" t="13" w="241" /><ent r="4" t="19" w="301" /><ent r="4" t="19" w="301" /><ent r="7" t="38" w="233" /><ent r="7" t="38" w="233" /></phr></stem><stem n="ormin"><phr n="performing"><ent r="4" t="4" w="175" /><ent r="4" t="4" w="175" /><ent r="3" t="13" w="110" /><ent r="3" t="13" w="110" /><ent r="3" t="13" w="241" /><ent r="3" t="13" w="241" /><ent r="4" t="19" w="301" /><ent r="4" t="19" w="301" /><ent r="7" t="38" w="233" /><ent r="7" t="38" w="233" /></phr></stem><stem n="rformi"><phr n="performing"><ent r="4" t="4" w="175" /><ent r="4" t="4" w="175" /><ent r="3" t="13" w="110" /><ent r="3" t="13" w="110" /><ent r="3" t="13" w="241" /><ent r="3" t="13" w="241" /><ent r="4" t="19" w="301" /><ent r="4" t="19" w="301" /><ent r="7" t="38" w="233" /><ent r="7" t="38" w="233" /></phr></stem><stem n="formin"><phr n="performing"><ent r="4" t="4" w="175" /><ent r="4" t="4" w="175" /><ent r="3" t="13" w="110" /><ent r="3" t="13" w="110" /><ent r="3" t="13" w="241" /><ent r="3" t="13" w="241" /><ent r="4" t="19" w="301" /><ent r="4" t="19" w="301" /><ent r="7" t="38" w="233" /><ent r="7" t="38" w="233" /></phr></stem><stem n="orming"><phr n="performing"><ent r="4" t="4" w="175" /><ent r="4" t="4" w="175" /><ent r="3" t="13" w="110" /><ent r="3" t="13" w="110" /><ent r="3" t="13" w="241" /><ent r="3" t="13" w="241" /><ent r="4" t="19" w="301" /><ent r="4" t="19" w="301" /><ent r="7" t="38" w="233" /><ent r="7" t="38" w="233" /></phr></stem><stem n="erformi"><phr n="performing"><ent r="4" t="4" w="175" /><ent r="4" t="4" w="175" /><ent r="3" t="13" w="110" /><ent r="3" t="13" w="110" /><ent r="3" t="13" w="241" /><ent r="3" t="13" w="241" /><ent r="4" t="19" w="301" /><ent r="4" t="19" w="301" /><ent r="7" t="38" w="233" /><ent r="7" t="38" w="233" /></phr></stem><stem n="rformin"><phr n="performing"><ent r="4" t="4" w="175" /><ent r="4" t="4" w="175" /><ent r="3" t="13" w="110" /><ent r="3" t="13" w="110" /><ent r="3" t="13" w="241" /><ent r="3" t="13" w="241" /><ent r="4" t="19" w="301" /><ent r="4" t="19" w="301" /><ent r="7" t="38" w="233" /><ent r="7" t="38" w="233" /></phr></stem><stem n="forming"><phr n="performing"><ent r="4" t="4" w="175" /><ent r="4" t="4" w="175" /><ent r="3" t="13" w="110" /><ent r="3" t="13" w="110" /><ent r="3" t="13" w="241" /><ent r="3" t="13" w="241" /><ent r="4" t="19" w="301" /><ent r="4" t="19" w="301" /><ent r="7" t="38" w="233" /><ent r="7" t="38" w="233" /></phr></stem><stem n="performi"><phr n="performing"><ent r="4" t="4" w="175" /><ent r="4" t="4" w="175" /><ent r="3" t="13" w="110" /><ent r="3" t="13" w="110" /><ent r="3" t="13" w="241" /><ent r="3" t="13" w="241" /><ent r="4" t="19" w="301" /><ent r="4" t="19" w="301" /><ent r="7" t="38" w="233" /><ent r="7" t="38" w="233" /></phr></stem><stem n="erformin"><phr n="performing"><ent r="4" t="4" w="175" /><ent r="4" t="4" w="175" /><ent r="3" t="13" w="110" /><ent r="3" t="13" w="110" /><ent r="3" t="13" w="241" /><ent r="3" t="13" w="241" /><ent r="4" t="19" w="301" /><ent r="4" t="19" w="301" /><ent r="7" t="38" w="233" /><ent r="7" t="38" w="233" /></phr></stem><stem n="rforming"><phr n="performing"><ent r="4" t="4" w="175" /><ent r="4" t="4" w="175" /><ent r="3" t="13" w="110" /><ent r="3" t="13" w="110" /><ent r="3" t="13" w="241" /><ent r="3" t="13" w="241" /><ent r="4" t="19" w="301" /><ent r="4" t="19" w="301" /><ent r="7" t="38" w="233" /><ent r="7" t="38" w="233" /></phr></stem><stem n="performin"><phr n="performing"><ent r="4" t="4" w="175" /><ent r="4" t="4" w="175" /><ent r="3" t="13" w="110" /><ent r="3" t="13" w="110" /><ent r="3" t="13" w="241" /><ent r="3" t="13" w="241" /><ent r="4" t="19" w="301" /><ent r="4" t="19" w="301" /><ent r="7" t="38" w="233" /><ent r="7" t="38" w="233" /></phr></stem><stem n="erforming"><phr n="performing"><ent r="4" t="4" w="175" /><ent r="4" t="4" w="175" /><ent r="3" t="13" w="110" /><ent r="3" t="13" w="110" /><ent r="3" t="13" w="241" /><ent r="3" t="13" w="241" /><ent r="4" t="19" w="301" /><ent r="4" t="19" w="301" /><ent r="7" t="38" w="233" /><ent r="7" t="38" w="233" /></phr></stem><stem n="performing"><phr n="performing"><ent r="4" t="4" w="175" /><ent r="4" t="4" w="175" /><ent r="3" t="13" w="110" /><ent r="3" t="13" w="110" /><ent r="3" t="13" w="241" /><ent r="3" t="13" w="241" /><ent r="4" t="19" w="301" /><ent r="4" t="19" w="301" /><ent r="7" t="38" w="233" /><ent r="7" t="38" w="233" /></phr></stem><stem n="task"><phr n="task"><ent r="4" t="4" w="177" /><ent r="4" t="4" w="177" /><ent r="3" t="4" w="242" /><ent r="3" t="4" w="242" /><ent r="4" t="11" w="311" /><ent r="4" t="11" w="311" /><ent r="4" t="14" w="375" /><ent r="4" t="14" w="428" /><ent r="7" t="38" w="235" /><ent r="7" t="38" w="235" /></phr><phr n="tasks"><ent r="4" t="4" w="225" /><ent r="4" t="4" w="225" /><ent r="3" t="6" w="231" /><ent r="3" t="6" w="231" /><ent r="3" t="10" w="44" /><ent r="3" t="10" w="44" /><ent r="3" t="10" w="71" /><ent r="3" t="13" w="184" /><ent r="3" t="13" w="184" /><ent r="3" t="13" w="244" /><ent r="4" t="19" w="304" /><ent r="4" t="19" w="304" /><ent r="4" t="19" w="385" /><ent r="3" t="23" w="108" /><ent r="3" t="23" w="108" /><ent r="7" t="38" w="283" /><ent r="7" t="38" w="283" /><ent r="3" t="44" w="205" /><ent r="3" t="44" w="205" /></phr></stem><stem n="rnal"><phr n="internal"><ent r="4" t="4" w="207" /><ent r="4" t="4" w="207" /><ent r="3" t="34" w="295" /><ent r="3" t="34" w="295" /><ent r="4" t="34" w="1929" /><ent r="4" t="34" w="1929" /><ent r="7" t="38" w="265" /><ent r="7" t="38" w="265" /></phr><phr n="Internal"><ent r="4" t="9" w="274" /><ent r="4" t="9" w="274" /><ent r="3" t="34" w="334" /><ent r="3" t="34" w="334" /></phr></stem><stem n="erna"><phr n="internal"><ent r="4" t="4" w="207" /><ent r="4" t="4" w="207" /><ent r="3" t="34" w="295" /><ent r="3" t="34" w="295" /><ent r="4" t="34" w="1929" /><ent r="4" t="34" w="1929" /><ent r="7" t="38" w="265" /><ent r="7" t="38" w="265" /></phr><phr n="Internal"><ent r="4" t="9" w="274" /><ent r="4" t="9" w="274" /><ent r="3" t="34" w="334" /><ent r="3" t="34" w="334" /></phr><phr n="alternate"><ent r="9" t="16" w="751" /><ent r="9" t="16" w="751" /></phr><phr n="username"><ent r="3" t="27" w="758" /><ent r="3" t="27" w="758" /><ent r="3" t="27" w="764" /></phr><phr n="Alternatively"><ent r="7" t="36" w="629" /><ent r="7" t="45" w="266" /></phr><phr n="&lt;reportname&gt;_&lt;clustername&gt;"><ent r="7" t="36" w="1554" /><ent r="7" t="36" w="1554" /></phr><phr n="&lt;clusterName&gt;"><ent r="6" t="44" w="131" /><ent r="6" t="44" w="131" /></phr></stem><stem n="terna"><phr n="internal"><ent r="4" t="4" w="207" /><ent r="4" t="4" w="207" /><ent r="3" t="34" w="295" /><ent r="3" t="34" w="295" /><ent r="4" t="34" w="1929" /><ent r="4" t="34" w="1929" /><ent r="7" t="38" w="265" /><ent r="7" t="38" w="265" /></phr><phr n="Internal"><ent r="4" t="9" w="274" /><ent r="4" t="9" w="274" /><ent r="3" t="34" w="334" /><ent r="3" t="34" w="334" /></phr><phr n="alternate"><ent r="9" t="16" w="751" /><ent r="9" t="16" w="751" /></phr><phr n="Alternatively"><ent r="7" t="36" w="629" /><ent r="7" t="45" w="266" /></phr><phr n="&lt;reportname&gt;_&lt;clustername&gt;"><ent r="7" t="36" w="1554" /><ent r="7" t="36" w="1554" /></phr><phr n="&lt;clusterName&gt;"><ent r="6" t="44" w="131" /><ent r="6" t="44" w="131" /></phr></stem><stem n="ernal"><phr n="internal"><ent r="4" t="4" w="207" /><ent r="4" t="4" w="207" /><ent r="3" t="34" w="295" /><ent r="3" t="34" w="295" /><ent r="4" t="34" w="1929" /><ent r="4" t="34" w="1929" /><ent r="7" t="38" w="265" /><ent r="7" t="38" w="265" /></phr><phr n="Internal"><ent r="4" t="9" w="274" /><ent r="4" t="9" w="274" /><ent r="3" t="34" w="334" /><ent r="3" t="34" w="334" /></phr></stem><stem n="nterna"><phr n="internal"><ent r="4" t="4" w="207" /><ent r="4" t="4" w="207" /><ent r="3" t="34" w="295" /><ent r="3" t="34" w="295" /><ent r="4" t="34" w="1929" /><ent r="4" t="34" w="1929" /><ent r="7" t="38" w="265" /><ent r="7" t="38" w="265" /></phr><phr n="Internal"><ent r="4" t="9" w="274" /><ent r="4" t="9" w="274" /><ent r="3" t="34" w="334" /><ent r="3" t="34" w="334" /></phr></stem><stem n="ternal"><phr n="internal"><ent r="4" t="4" w="207" /><ent r="4" t="4" w="207" /><ent r="3" t="34" w="295" /><ent r="3" t="34" w="295" /><ent r="4" t="34" w="1929" /><ent r="4" t="34" w="1929" /><ent r="7" t="38" w="265" /><ent r="7" t="38" w="265" /></phr><phr n="Internal"><ent r="4" t="9" w="274" /><ent r="4" t="9" w="274" /><ent r="3" t="34" w="334" /><ent r="3" t="34" w="334" /></phr></stem><stem n="interna"><phr n="internal"><ent r="4" t="4" w="207" /><ent r="4" t="4" w="207" /><ent r="3" t="34" w="295" /><ent r="3" t="34" w="295" /><ent r="4" t="34" w="1929" /><ent r="4" t="34" w="1929" /><ent r="7" t="38" w="265" /><ent r="7" t="38" w="265" /></phr><phr n="Internal"><ent r="4" t="9" w="274" /><ent r="4" t="9" w="274" /><ent r="3" t="34" w="334" /><ent r="3" t="34" w="334" /></phr></stem><stem n="nternal"><phr n="internal"><ent r="4" t="4" w="207" /><ent r="4" t="4" w="207" /><ent r="3" t="34" w="295" /><ent r="3" t="34" w="295" /><ent r="4" t="34" w="1929" /><ent r="4" t="34" w="1929" /><ent r="7" t="38" w="265" /><ent r="7" t="38" w="265" /></phr><phr n="Internal"><ent r="4" t="9" w="274" /><ent r="4" t="9" w="274" /><ent r="3" t="34" w="334" /><ent r="3" t="34" w="334" /></phr></stem><stem n="internal"><phr n="internal"><ent r="4" t="4" w="207" /><ent r="4" t="4" w="207" /><ent r="3" t="34" w="295" /><ent r="3" t="34" w="295" /><ent r="4" t="34" w="1929" /><ent r="4" t="34" w="1929" /><ent r="7" t="38" w="265" /><ent r="7" t="38" w="265" /></phr><phr n="Internal"><ent r="4" t="9" w="274" /><ent r="4" t="9" w="274" /><ent r="3" t="34" w="334" /><ent r="3" t="34" w="334" /></phr></stem><stem n="constantli"><phr n="constantly"><ent r="4" t="4" w="211" /><ent r="4" t="4" w="211" /><ent r="7" t="38" w="269" /><ent r="7" t="38" w="269" /></phr></stem><stem n="onst"><phr n="constantly"><ent r="4" t="4" w="211" /><ent r="4" t="4" w="211" /><ent r="7" t="38" w="269" /><ent r="7" t="38" w="269" /></phr><phr n="constrain"><ent r="3" t="27" w="81" /><ent r="3" t="27" w="81" /></phr><phr n="constraint"><ent r="3" t="27" w="796" /><ent r="4" t="34" w="1079" /><ent r="4" t="34" w="1079" /></phr></stem><stem n="antl"><phr n="constantly"><ent r="4" t="4" w="211" /><ent r="4" t="4" w="211" /><ent r="7" t="38" w="269" /><ent r="7" t="38" w="269" /></phr></stem><stem n="const"><phr n="constantly"><ent r="4" t="4" w="211" /><ent r="4" t="4" w="211" /><ent r="7" t="38" w="269" /><ent r="7" t="38" w="269" /></phr><phr n="constrain"><ent r="3" t="27" w="81" /><ent r="3" t="27" w="81" /></phr><phr n="constraint"><ent r="3" t="27" w="796" /><ent r="4" t="34" w="1079" /><ent r="4" t="34" w="1079" /></phr></stem><stem n="antly"><phr n="constantly"><ent r="4" t="4" w="211" /><ent r="4" t="4" w="211" /><ent r="7" t="38" w="269" /><ent r="7" t="38" w="269" /></phr></stem><stem n="onsta"><phr n="constantly"><ent r="4" t="4" w="211" /><ent r="4" t="4" w="211" /><ent r="7" t="38" w="269" /><ent r="7" t="38" w="269" /></phr></stem><stem n="nstan"><phr n="constantly"><ent r="4" t="4" w="211" /><ent r="4" t="4" w="211" /><ent r="7" t="38" w="269" /><ent r="7" t="38" w="269" /></phr><phr n="instances"><ent r="9" t="16" w="372" /><ent r="3" t="31" w="186" /></phr></stem><stem n="stant"><phr n="constantly"><ent r="4" t="4" w="211" /><ent r="4" t="4" w="211" /><ent r="7" t="38" w="269" /><ent r="7" t="38" w="269" /></phr></stem><stem n="tantl"><phr n="constantly"><ent r="4" t="4" w="211" /><ent r="4" t="4" w="211" /><ent r="7" t="38" w="269" /><ent r="7" t="38" w="269" /></phr></stem><stem n="consta"><phr n="constantly"><ent r="4" t="4" w="211" /><ent r="4" t="4" w="211" /><ent r="7" t="38" w="269" /><ent r="7" t="38" w="269" /></phr></stem><stem n="onstan"><phr n="constantly"><ent r="4" t="4" w="211" /><ent r="4" t="4" w="211" /><ent r="7" t="38" w="269" /><ent r="7" t="38" w="269" /></phr></stem><stem n="nstant"><phr n="constantly"><ent r="4" t="4" w="211" /><ent r="4" t="4" w="211" /><ent r="7" t="38" w="269" /><ent r="7" t="38" w="269" /></phr></stem><stem n="stantl"><phr n="constantly"><ent r="4" t="4" w="211" /><ent r="4" t="4" w="211" /><ent r="7" t="38" w="269" /><ent r="7" t="38" w="269" /></phr></stem><stem n="tantly"><phr n="constantly"><ent r="4" t="4" w="211" /><ent r="4" t="4" w="211" /><ent r="7" t="38" w="269" /><ent r="7" t="38" w="269" /></phr></stem><stem n="constan"><phr n="constantly"><ent r="4" t="4" w="211" /><ent r="4" t="4" w="211" /><ent r="7" t="38" w="269" /><ent r="7" t="38" w="269" /></phr></stem><stem n="onstant"><phr n="constantly"><ent r="4" t="4" w="211" /><ent r="4" t="4" w="211" /><ent r="7" t="38" w="269" /><ent r="7" t="38" w="269" /></phr></stem><stem n="nstantl"><phr n="constantly"><ent r="4" t="4" w="211" /><ent r="4" t="4" w="211" /><ent r="7" t="38" w="269" /><ent r="7" t="38" w="269" /></phr></stem><stem n="stantly"><phr n="constantly"><ent r="4" t="4" w="211" /><ent r="4" t="4" w="211" /><ent r="7" t="38" w="269" /><ent r="7" t="38" w="269" /></phr></stem><stem n="constant"><phr n="constantly"><ent r="4" t="4" w="211" /><ent r="4" t="4" w="211" /><ent r="7" t="38" w="269" /><ent r="7" t="38" w="269" /></phr></stem><stem n="onstantl"><phr n="constantly"><ent r="4" t="4" w="211" /><ent r="4" t="4" w="211" /><ent r="7" t="38" w="269" /><ent r="7" t="38" w="269" /></phr></stem><stem n="nstantly"><phr n="constantly"><ent r="4" t="4" w="211" /><ent r="4" t="4" w="211" /><ent r="7" t="38" w="269" /><ent r="7" t="38" w="269" /></phr></stem><stem n="constantl"><phr n="constantly"><ent r="4" t="4" w="211" /><ent r="4" t="4" w="211" /><ent r="7" t="38" w="269" /><ent r="7" t="38" w="269" /></phr></stem><stem n="onstantly"><phr n="constantly"><ent r="4" t="4" w="211" /><ent r="4" t="4" w="211" /><ent r="7" t="38" w="269" /><ent r="7" t="38" w="269" /></phr></stem><stem n="constantly"><phr n="constantly"><ent r="4" t="4" w="211" /><ent r="4" t="4" w="211" /><ent r="7" t="38" w="269" /><ent r="7" t="38" w="269" /></phr></stem><stem n="background"><phr n="background"><ent r="4" t="4" w="215" /><ent r="4" t="4" w="215" /><ent r="3" t="14" w="53" /><ent r="3" t="14" w="53" /><ent r="8" t="15" w="392" /><ent r="8" t="15" w="392" /><ent r="3" t="26" w="744" /><ent r="4" t="34" w="220" /><ent r="4" t="34" w="220" /><ent r="3" t="34" w="1999" /><ent r="3" t="34" w="1999" /><ent r="7" t="36" w="1217" /><ent r="7" t="38" w="273" /><ent r="7" t="38" w="273" /><ent r="3" t="39" w="39" /><ent r="3" t="46" w="31" /><ent r="3" t="46" w="31" /></phr></stem><stem n="back"><phr n="background"><ent r="4" t="4" w="215" /><ent r="4" t="4" w="215" /><ent r="3" t="14" w="53" /><ent r="3" t="14" w="53" /><ent r="8" t="15" w="392" /><ent r="8" t="15" w="392" /><ent r="3" t="26" w="744" /><ent r="4" t="34" w="220" /><ent r="4" t="34" w="220" /><ent r="3" t="34" w="1999" /><ent r="3" t="34" w="1999" /><ent r="7" t="36" w="1217" /><ent r="7" t="38" w="273" /><ent r="7" t="38" w="273" /><ent r="3" t="39" w="39" /><ent r="3" t="46" w="31" /><ent r="3" t="46" w="31" /></phr><phr n="back"><ent r="7" t="10" w="268" /><ent r="7" t="10" w="268" /><ent r="4" t="14" w="130" /><ent r="4" t="14" w="130" /><ent r="7" t="22" w="272" /><ent r="7" t="22" w="272" /><ent r="6" t="29" w="116" /><ent r="6" t="29" w="116" /><ent r="6" t="29" w="130" /><ent r="6" t="29" w="130" /><ent r="6" t="29" w="248" /><ent r="6" t="29" w="248" /><ent r="6" t="29" w="263" /><ent r="6" t="29" w="263" /><ent r="6" t="29" w="278" /><ent r="6" t="29" w="278" /><ent r="3" t="29" w="489" /><ent r="3" t="29" w="489" /><ent r="3" t="31" w="1536" /><ent r="3" t="31" w="1536" /><ent r="3" t="31" w="1582" /><ent r="3" t="31" w="1582" /><ent r="6" t="32" w="654" /><ent r="6" t="32" w="654" /><ent r="6" t="35" w="403" /><ent r="6" t="35" w="413" /><ent r="6" t="35" w="413" /><ent r="4" t="36" w="70" /><ent r="4" t="36" w="70" /><ent r="7" t="36" w="633" /><ent r="7" t="36" w="633" /></phr><phr n="Back"><ent r="7" t="29" w="187" /><ent r="7" t="29" w="187" /><ent r="6" t="29" w="192" /><ent r="6" t="29" w="192" /><ent r="6" t="29" w="226" /><ent r="6" t="29" w="226" /><ent r="7" t="29" w="240" /><ent r="7" t="29" w="240" /><ent r="7" t="29" w="255" /><ent r="7" t="29" w="255" /><ent r="7" t="29" w="270" /><ent r="7" t="29" w="270" /><ent r="8" t="29" w="421" /><ent r="8" t="29" w="421" /></phr></stem><stem n="ackg"><phr n="background"><ent r="4" t="4" w="215" /><ent r="4" t="4" w="215" /><ent r="3" t="14" w="53" /><ent r="3" t="14" w="53" /><ent r="8" t="15" w="392" /><ent r="8" t="15" w="392" /><ent r="3" t="26" w="744" /><ent r="4" t="34" w="220" /><ent r="4" t="34" w="220" /><ent r="3" t="34" w="1999" /><ent r="3" t="34" w="1999" /><ent r="7" t="36" w="1217" /><ent r="7" t="38" w="273" /><ent r="7" t="38" w="273" /><ent r="3" t="39" w="39" /><ent r="3" t="46" w="31" /><ent r="3" t="46" w="31" /></phr></stem><stem n="roun"><phr n="background"><ent r="4" t="4" w="215" /><ent r="4" t="4" w="215" /><ent r="3" t="14" w="53" /><ent r="3" t="14" w="53" /><ent r="8" t="15" w="392" /><ent r="8" t="15" w="392" /><ent r="3" t="26" w="744" /><ent r="4" t="34" w="220" /><ent r="4" t="34" w="220" /><ent r="3" t="34" w="1999" /><ent r="3" t="34" w="1999" /><ent r="7" t="36" w="1217" /><ent r="7" t="38" w="273" /><ent r="7" t="38" w="273" /><ent r="3" t="39" w="39" /><ent r="3" t="46" w="31" /><ent r="3" t="46" w="31" /></phr></stem><stem n="ckgr"><phr n="background"><ent r="4" t="4" w="215" /><ent r="4" t="4" w="215" /><ent r="3" t="14" w="53" /><ent r="3" t="14" w="53" /><ent r="8" t="15" w="392" /><ent r="8" t="15" w="392" /><ent r="3" t="26" w="744" /><ent r="4" t="34" w="220" /><ent r="4" t="34" w="220" /><ent r="3" t="34" w="1999" /><ent r="3" t="34" w="1999" /><ent r="7" t="36" w="1217" /><ent r="7" t="38" w="273" /><ent r="7" t="38" w="273" /><ent r="3" t="39" w="39" /><ent r="3" t="46" w="31" /><ent r="3" t="46" w="31" /></phr></stem><stem n="kgro"><phr n="background"><ent r="4" t="4" w="215" /><ent r="4" t="4" w="215" /><ent r="3" t="14" w="53" /><ent r="3" t="14" w="53" /><ent r="8" t="15" w="392" /><ent r="8" t="15" w="392" /><ent r="3" t="26" w="744" /><ent r="4" t="34" w="220" /><ent r="4" t="34" w="220" /><ent r="3" t="34" w="1999" /><ent r="3" t="34" w="1999" /><ent r="7" t="36" w="1217" /><ent r="7" t="38" w="273" /><ent r="7" t="38" w="273" /><ent r="3" t="39" w="39" /><ent r="3" t="46" w="31" /><ent r="3" t="46" w="31" /></phr></stem><stem n="backg"><phr n="background"><ent r="4" t="4" w="215" /><ent r="4" t="4" w="215" /><ent r="3" t="14" w="53" /><ent r="3" t="14" w="53" /><ent r="8" t="15" w="392" /><ent r="8" t="15" w="392" /><ent r="3" t="26" w="744" /><ent r="4" t="34" w="220" /><ent r="4" t="34" w="220" /><ent r="3" t="34" w="1999" /><ent r="3" t="34" w="1999" /><ent r="7" t="36" w="1217" /><ent r="7" t="38" w="273" /><ent r="7" t="38" w="273" /><ent r="3" t="39" w="39" /><ent r="3" t="46" w="31" /><ent r="3" t="46" w="31" /></phr></stem><stem n="round"><phr n="background"><ent r="4" t="4" w="215" /><ent r="4" t="4" w="215" /><ent r="3" t="14" w="53" /><ent r="3" t="14" w="53" /><ent r="8" t="15" w="392" /><ent r="8" t="15" w="392" /><ent r="3" t="26" w="744" /><ent r="4" t="34" w="220" /><ent r="4" t="34" w="220" /><ent r="3" t="34" w="1999" /><ent r="3" t="34" w="1999" /><ent r="7" t="36" w="1217" /><ent r="7" t="38" w="273" /><ent r="7" t="38" w="273" /><ent r="3" t="39" w="39" /><ent r="3" t="46" w="31" /><ent r="3" t="46" w="31" /></phr></stem><stem n="ackgr"><phr n="background"><ent r="4" t="4" w="215" /><ent r="4" t="4" w="215" /><ent r="3" t="14" w="53" /><ent r="3" t="14" w="53" /><ent r="8" t="15" w="392" /><ent r="8" t="15" w="392" /><ent r="3" t="26" w="744" /><ent r="4" t="34" w="220" /><ent r="4" t="34" w="220" /><ent r="3" t="34" w="1999" /><ent r="3" t="34" w="1999" /><ent r="7" t="36" w="1217" /><ent r="7" t="38" w="273" /><ent r="7" t="38" w="273" /><ent r="3" t="39" w="39" /><ent r="3" t="46" w="31" /><ent r="3" t="46" w="31" /></phr></stem><stem n="ckgro"><phr n="background"><ent r="4" t="4" w="215" /><ent r="4" t="4" w="215" /><ent r="3" t="14" w="53" /><ent r="3" t="14" w="53" /><ent r="8" t="15" w="392" /><ent r="8" t="15" w="392" /><ent r="3" t="26" w="744" /><ent r="4" t="34" w="220" /><ent r="4" t="34" w="220" /><ent r="3" t="34" w="1999" /><ent r="3" t="34" w="1999" /><ent r="7" t="36" w="1217" /><ent r="7" t="38" w="273" /><ent r="7" t="38" w="273" /><ent r="3" t="39" w="39" /><ent r="3" t="46" w="31" /><ent r="3" t="46" w="31" /></phr></stem><stem n="kgrou"><phr n="background"><ent r="4" t="4" w="215" /><ent r="4" t="4" w="215" /><ent r="3" t="14" w="53" /><ent r="3" t="14" w="53" /><ent r="8" t="15" w="392" /><ent r="8" t="15" w="392" /><ent r="3" t="26" w="744" /><ent r="4" t="34" w="220" /><ent r="4" t="34" w="220" /><ent r="3" t="34" w="1999" /><ent r="3" t="34" w="1999" /><ent r="7" t="36" w="1217" /><ent r="7" t="38" w="273" /><ent r="7" t="38" w="273" /><ent r="3" t="39" w="39" /><ent r="3" t="46" w="31" /><ent r="3" t="46" w="31" /></phr></stem><stem n="groun"><phr n="background"><ent r="4" t="4" w="215" /><ent r="4" t="4" w="215" /><ent r="3" t="14" w="53" /><ent r="3" t="14" w="53" /><ent r="8" t="15" w="392" /><ent r="8" t="15" w="392" /><ent r="3" t="26" w="744" /><ent r="4" t="34" w="220" /><ent r="4" t="34" w="220" /><ent r="3" t="34" w="1999" /><ent r="3" t="34" w="1999" /><ent r="7" t="36" w="1217" /><ent r="7" t="38" w="273" /><ent r="7" t="38" w="273" /><ent r="3" t="39" w="39" /><ent r="3" t="46" w="31" /><ent r="3" t="46" w="31" /></phr></stem><stem n="backgr"><phr n="background"><ent r="4" t="4" w="215" /><ent r="4" t="4" w="215" /><ent r="3" t="14" w="53" /><ent r="3" t="14" w="53" /><ent r="8" t="15" w="392" /><ent r="8" t="15" w="392" /><ent r="3" t="26" w="744" /><ent r="4" t="34" w="220" /><ent r="4" t="34" w="220" /><ent r="3" t="34" w="1999" /><ent r="3" t="34" w="1999" /><ent r="7" t="36" w="1217" /><ent r="7" t="38" w="273" /><ent r="7" t="38" w="273" /><ent r="3" t="39" w="39" /><ent r="3" t="46" w="31" /><ent r="3" t="46" w="31" /></phr></stem><stem n="ackgro"><phr n="background"><ent r="4" t="4" w="215" /><ent r="4" t="4" w="215" /><ent r="3" t="14" w="53" /><ent r="3" t="14" w="53" /><ent r="8" t="15" w="392" /><ent r="8" t="15" w="392" /><ent r="3" t="26" w="744" /><ent r="4" t="34" w="220" /><ent r="4" t="34" w="220" /><ent r="3" t="34" w="1999" /><ent r="3" t="34" w="1999" /><ent r="7" t="36" w="1217" /><ent r="7" t="38" w="273" /><ent r="7" t="38" w="273" /><ent r="3" t="39" w="39" /><ent r="3" t="46" w="31" /><ent r="3" t="46" w="31" /></phr></stem><stem n="ckgrou"><phr n="background"><ent r="4" t="4" w="215" /><ent r="4" t="4" w="215" /><ent r="3" t="14" w="53" /><ent r="3" t="14" w="53" /><ent r="8" t="15" w="392" /><ent r="8" t="15" w="392" /><ent r="3" t="26" w="744" /><ent r="4" t="34" w="220" /><ent r="4" t="34" w="220" /><ent r="3" t="34" w="1999" /><ent r="3" t="34" w="1999" /><ent r="7" t="36" w="1217" /><ent r="7" t="38" w="273" /><ent r="7" t="38" w="273" /><ent r="3" t="39" w="39" /><ent r="3" t="46" w="31" /><ent r="3" t="46" w="31" /></phr></stem><stem n="kgroun"><phr n="background"><ent r="4" t="4" w="215" /><ent r="4" t="4" w="215" /><ent r="3" t="14" w="53" /><ent r="3" t="14" w="53" /><ent r="8" t="15" w="392" /><ent r="8" t="15" w="392" /><ent r="3" t="26" w="744" /><ent r="4" t="34" w="220" /><ent r="4" t="34" w="220" /><ent r="3" t="34" w="1999" /><ent r="3" t="34" w="1999" /><ent r="7" t="36" w="1217" /><ent r="7" t="38" w="273" /><ent r="7" t="38" w="273" /><ent r="3" t="39" w="39" /><ent r="3" t="46" w="31" /><ent r="3" t="46" w="31" /></phr></stem><stem n="ground"><phr n="background"><ent r="4" t="4" w="215" /><ent r="4" t="4" w="215" /><ent r="3" t="14" w="53" /><ent r="3" t="14" w="53" /><ent r="8" t="15" w="392" /><ent r="8" t="15" w="392" /><ent r="3" t="26" w="744" /><ent r="4" t="34" w="220" /><ent r="4" t="34" w="220" /><ent r="3" t="34" w="1999" /><ent r="3" t="34" w="1999" /><ent r="7" t="36" w="1217" /><ent r="7" t="38" w="273" /><ent r="7" t="38" w="273" /><ent r="3" t="39" w="39" /><ent r="3" t="46" w="31" /><ent r="3" t="46" w="31" /></phr></stem></index>