<?xml version="1.0" encoding="utf-8"?><index><stem n="inistrator"><phr n="Administrator"><ent r="3" t="3" w="154" /><ent r="3" t="3" w="154" /><ent r="6" t="3" w="1016" /><ent r="6" t="3" w="1016" /><ent r="3" t="6" w="237" /><ent r="3" t="10" w="61" /><ent r="3" t="11" w="39" /><ent r="3" t="13" w="93" /><ent r="3" t="15" w="86" /><ent r="3" t="19" w="19" /><ent r="5" t="19" w="279" /><ent r="5" t="19" w="279" /><ent r="4" t="19" w="333" /><ent r="4" t="19" w="333" /><ent r="3" t="20" w="25" /><ent r="3" t="21" w="29" /><ent r="4" t="22" w="36" /><ent r="4" t="22" w="36" /><ent r="3" t="23" w="34" /><ent r="3" t="23" w="60" /><ent r="3" t="23" w="60" /><ent r="3" t="24" w="53" /><ent r="3" t="25" w="17" /><ent r="3" t="25" w="17" /><ent r="3" t="25" w="42" /><ent r="3" t="31" w="194" /><ent r="3" t="32" w="62" /><ent r="3" t="34" w="109" /><ent r="3" t="35" w="41" /><ent r="3" t="36" w="1483" /><ent r="3" t="36" w="1483" /><ent r="3" t="38" w="44" /><ent r="3" t="39" w="75" /><ent r="3" t="43" w="27" /><ent r="3" t="44" w="24" /><ent r="5" t="44" w="89" /><ent r="4" t="44" w="159" /><ent r="4" t="44" w="159" /><ent r="6" t="44" w="265" /><ent r="6" t="44" w="493" /><ent r="6" t="44" w="493" /></phr><phr n="administrator"><ent r="7" t="3" w="1099" /><ent r="7" t="3" w="1099" /><ent r="4" t="7" w="197" /><ent r="4" t="7" w="197" /><ent r="3" t="8" w="50" /><ent r="3" t="8" w="50" /><ent r="4" t="12" w="327" /><ent r="4" t="12" w="327" /><ent r="3" t="14" w="191" /><ent r="3" t="14" w="191" /><ent r="9" t="16" w="376" /><ent r="9" t="16" w="376" /><ent r="3" t="27" w="856" /><ent r="3" t="34" w="131" /><ent r="3" t="34" w="131" /><ent r="3" t="34" w="854" /><ent r="3" t="34" w="854" /><ent r="3" t="36" w="1493" /><ent r="6" t="41" w="92" /><ent r="6" t="41" w="92" /><ent r="6" t="44" w="269" /><ent r="6" t="44" w="269" /></phr><phr n="Administrators"><ent r="3" t="22" w="85" /><ent r="3" t="22" w="85" /><ent r="4" t="40" w="67" /><ent r="4" t="40" w="67" /><ent r="4" t="40" w="74" /><ent r="4" t="40" w="74" /><ent r="4" t="44" w="115" /><ent r="4" t="44" w="115" /><ent r="6" t="44" w="482" /></phr><phr n="Non-administrator"><ent r="3" t="36" w="1492" /><ent r="3" t="36" w="1492" /></phr><phr n="administrators"><ent r="3" t="42" w="41" /><ent r="4" t="44" w="173" /><ent r="4" t="44" w="173" /><ent r="4" t="44" w="184" /><ent r="4" t="44" w="184" /></phr></stem><stem n="administrat"><phr n="Administrator"><ent r="3" t="3" w="154" /><ent r="3" t="3" w="154" /><ent r="6" t="3" w="1016" /><ent r="6" t="3" w="1016" /><ent r="3" t="6" w="237" /><ent r="3" t="10" w="61" /><ent r="3" t="11" w="39" /><ent r="3" t="13" w="93" /><ent r="3" t="15" w="86" /><ent r="3" t="19" w="19" /><ent r="5" t="19" w="279" /><ent r="5" t="19" w="279" /><ent r="4" t="19" w="333" /><ent r="4" t="19" w="333" /><ent r="3" t="20" w="25" /><ent r="3" t="21" w="29" /><ent r="4" t="22" w="36" /><ent r="4" t="22" w="36" /><ent r="3" t="23" w="34" /><ent r="3" t="23" w="60" /><ent r="3" t="23" w="60" /><ent r="3" t="24" w="53" /><ent r="3" t="25" w="17" /><ent r="3" t="25" w="17" /><ent r="3" t="25" w="42" /><ent r="3" t="31" w="194" /><ent r="3" t="32" w="62" /><ent r="3" t="34" w="109" /><ent r="3" t="35" w="41" /><ent r="3" t="36" w="1483" /><ent r="3" t="36" w="1483" /><ent r="3" t="38" w="44" /><ent r="3" t="39" w="75" /><ent r="3" t="43" w="27" /><ent r="3" t="44" w="24" /><ent r="5" t="44" w="89" /><ent r="4" t="44" w="159" /><ent r="4" t="44" w="159" /><ent r="6" t="44" w="265" /><ent r="6" t="44" w="493" /><ent r="6" t="44" w="493" /></phr><phr n="administrative"><ent r="6" t="3" w="1006" /><ent r="6" t="3" w="1006" /><ent r="6" t="3" w="1044" /><ent r="6" t="3" w="1044" /><ent r="4" t="6" w="46" /><ent r="4" t="6" w="46" /><ent r="4" t="7" w="208" /><ent r="4" t="7" w="208" /><ent r="4" t="7" w="243" /><ent r="4" t="7" w="243" /><ent r="4" t="11" w="299" /><ent r="4" t="11" w="299" /><ent r="6" t="44" w="499" /></phr><phr n="administrator"><ent r="7" t="3" w="1099" /><ent r="7" t="3" w="1099" /><ent r="4" t="7" w="197" /><ent r="4" t="7" w="197" /><ent r="3" t="8" w="50" /><ent r="3" t="8" w="50" /><ent r="4" t="12" w="327" /><ent r="4" t="12" w="327" /><ent r="3" t="14" w="191" /><ent r="3" t="14" w="191" /><ent r="9" t="16" w="376" /><ent r="9" t="16" w="376" /><ent r="3" t="27" w="856" /><ent r="3" t="34" w="131" /><ent r="3" t="34" w="131" /><ent r="3" t="34" w="854" /><ent r="3" t="34" w="854" /><ent r="3" t="36" w="1493" /><ent r="6" t="41" w="92" /><ent r="6" t="41" w="92" /><ent r="6" t="44" w="269" /><ent r="6" t="44" w="269" /></phr><phr n="Administrative"><ent r="7" t="3" w="1157" /><ent r="7" t="3" w="1157" /><ent r="5" t="4" w="160" /><ent r="7" t="4" w="302" /><ent r="7" t="4" w="302" /><ent r="5" t="11" w="285" /><ent r="5" t="11" w="285" /><ent r="8" t="32" w="474" /><ent r="8" t="32" w="474" /><ent r="8" t="38" w="218" /></phr><phr n="Administrators"><ent r="3" t="22" w="85" /><ent r="3" t="22" w="85" /><ent r="4" t="40" w="67" /><ent r="4" t="40" w="67" /><ent r="4" t="40" w="74" /><ent r="4" t="40" w="74" /><ent r="4" t="44" w="115" /><ent r="4" t="44" w="115" /><ent r="6" t="44" w="482" /></phr><phr n="Non-administrator"><ent r="3" t="36" w="1492" /><ent r="3" t="36" w="1492" /></phr><phr n="administrators"><ent r="3" t="42" w="41" /><ent r="4" t="44" w="173" /><ent r="4" t="44" w="173" /><ent r="4" t="44" w="184" /><ent r="4" t="44" w="184" /></phr><phr n="non-administrative"><ent r="6" t="44" w="498" /><ent r="6" t="44" w="498" /></phr></stem><stem n="dministrato"><phr n="Administrator"><ent r="3" t="3" w="154" /><ent r="3" t="3" w="154" /><ent r="6" t="3" w="1016" /><ent r="6" t="3" w="1016" /><ent r="3" t="6" w="237" /><ent r="3" t="10" w="61" /><ent r="3" t="11" w="39" /><ent r="3" t="13" w="93" /><ent r="3" t="15" w="86" /><ent r="3" t="19" w="19" /><ent r="5" t="19" w="279" /><ent r="5" t="19" w="279" /><ent r="4" t="19" w="333" /><ent r="4" t="19" w="333" /><ent r="3" t="20" w="25" /><ent r="3" t="21" w="29" /><ent r="4" t="22" w="36" /><ent r="4" t="22" w="36" /><ent r="3" t="23" w="34" /><ent r="3" t="23" w="60" /><ent r="3" t="23" w="60" /><ent r="3" t="24" w="53" /><ent r="3" t="25" w="17" /><ent r="3" t="25" w="17" /><ent r="3" t="25" w="42" /><ent r="3" t="31" w="194" /><ent r="3" t="32" w="62" /><ent r="3" t="34" w="109" /><ent r="3" t="35" w="41" /><ent r="3" t="36" w="1483" /><ent r="3" t="36" w="1483" /><ent r="3" t="38" w="44" /><ent r="3" t="39" w="75" /><ent r="3" t="43" w="27" /><ent r="3" t="44" w="24" /><ent r="5" t="44" w="89" /><ent r="4" t="44" w="159" /><ent r="4" t="44" w="159" /><ent r="6" t="44" w="265" /><ent r="6" t="44" w="493" /><ent r="6" t="44" w="493" /></phr><phr n="administrator"><ent r="7" t="3" w="1099" /><ent r="7" t="3" w="1099" /><ent r="4" t="7" w="197" /><ent r="4" t="7" w="197" /><ent r="3" t="8" w="50" /><ent r="3" t="8" w="50" /><ent r="4" t="12" w="327" /><ent r="4" t="12" w="327" /><ent r="3" t="14" w="191" /><ent r="3" t="14" w="191" /><ent r="9" t="16" w="376" /><ent r="9" t="16" w="376" /><ent r="3" t="27" w="856" /><ent r="3" t="34" w="131" /><ent r="3" t="34" w="131" /><ent r="3" t="34" w="854" /><ent r="3" t="34" w="854" /><ent r="3" t="36" w="1493" /><ent r="6" t="41" w="92" /><ent r="6" t="41" w="92" /><ent r="6" t="44" w="269" /><ent r="6" t="44" w="269" /></phr><phr n="Administrators"><ent r="3" t="22" w="85" /><ent r="3" t="22" w="85" /><ent r="4" t="40" w="67" /><ent r="4" t="40" w="67" /><ent r="4" t="40" w="74" /><ent r="4" t="40" w="74" /><ent r="4" t="44" w="115" /><ent r="4" t="44" w="115" /><ent r="6" t="44" w="482" /></phr><phr n="Non-administrator"><ent r="3" t="36" w="1492" /><ent r="3" t="36" w="1492" /></phr><phr n="administrators"><ent r="3" t="42" w="41" /><ent r="4" t="44" w="173" /><ent r="4" t="44" w="173" /><ent r="4" t="44" w="184" /><ent r="4" t="44" w="184" /></phr></stem><stem n="ministrator"><phr n="Administrator"><ent r="3" t="3" w="154" /><ent r="3" t="3" w="154" /><ent r="6" t="3" w="1016" /><ent r="6" t="3" w="1016" /><ent r="3" t="6" w="237" /><ent r="3" t="10" w="61" /><ent r="3" t="11" w="39" /><ent r="3" t="13" w="93" /><ent r="3" t="15" w="86" /><ent r="3" t="19" w="19" /><ent r="5" t="19" w="279" /><ent r="5" t="19" w="279" /><ent r="4" t="19" w="333" /><ent r="4" t="19" w="333" /><ent r="3" t="20" w="25" /><ent r="3" t="21" w="29" /><ent r="4" t="22" w="36" /><ent r="4" t="22" w="36" /><ent r="3" t="23" w="34" /><ent r="3" t="23" w="60" /><ent r="3" t="23" w="60" /><ent r="3" t="24" w="53" /><ent r="3" t="25" w="17" /><ent r="3" t="25" w="17" /><ent r="3" t="25" w="42" /><ent r="3" t="31" w="194" /><ent r="3" t="32" w="62" /><ent r="3" t="34" w="109" /><ent r="3" t="35" w="41" /><ent r="3" t="36" w="1483" /><ent r="3" t="36" w="1483" /><ent r="3" t="38" w="44" /><ent r="3" t="39" w="75" /><ent r="3" t="43" w="27" /><ent r="3" t="44" w="24" /><ent r="5" t="44" w="89" /><ent r="4" t="44" w="159" /><ent r="4" t="44" w="159" /><ent r="6" t="44" w="265" /><ent r="6" t="44" w="493" /><ent r="6" t="44" w="493" /></phr><phr n="administrator"><ent r="7" t="3" w="1099" /><ent r="7" t="3" w="1099" /><ent r="4" t="7" w="197" /><ent r="4" t="7" w="197" /><ent r="3" t="8" w="50" /><ent r="3" t="8" w="50" /><ent r="4" t="12" w="327" /><ent r="4" t="12" w="327" /><ent r="3" t="14" w="191" /><ent r="3" t="14" w="191" /><ent r="9" t="16" w="376" /><ent r="9" t="16" w="376" /><ent r="3" t="27" w="856" /><ent r="3" t="34" w="131" /><ent r="3" t="34" w="131" /><ent r="3" t="34" w="854" /><ent r="3" t="34" w="854" /><ent r="3" t="36" w="1493" /><ent r="6" t="41" w="92" /><ent r="6" t="41" w="92" /><ent r="6" t="44" w="269" /><ent r="6" t="44" w="269" /></phr><phr n="Administrators"><ent r="3" t="22" w="85" /><ent r="3" t="22" w="85" /><ent r="4" t="40" w="67" /><ent r="4" t="40" w="67" /><ent r="4" t="40" w="74" /><ent r="4" t="40" w="74" /><ent r="4" t="44" w="115" /><ent r="4" t="44" w="115" /><ent r="6" t="44" w="482" /></phr><phr n="Non-administrator"><ent r="3" t="36" w="1492" /><ent r="3" t="36" w="1492" /></phr><phr n="administrators"><ent r="3" t="42" w="41" /><ent r="4" t="44" w="173" /><ent r="4" t="44" w="173" /><ent r="4" t="44" w="184" /><ent r="4" t="44" w="184" /></phr></stem><stem n="administrato"><phr n="Administrator"><ent r="3" t="3" w="154" /><ent r="3" t="3" w="154" /><ent r="6" t="3" w="1016" /><ent r="6" t="3" w="1016" /><ent r="3" t="6" w="237" /><ent r="3" t="10" w="61" /><ent r="3" t="11" w="39" /><ent r="3" t="13" w="93" /><ent r="3" t="15" w="86" /><ent r="3" t="19" w="19" /><ent r="5" t="19" w="279" /><ent r="5" t="19" w="279" /><ent r="4" t="19" w="333" /><ent r="4" t="19" w="333" /><ent r="3" t="20" w="25" /><ent r="3" t="21" w="29" /><ent r="4" t="22" w="36" /><ent r="4" t="22" w="36" /><ent r="3" t="23" w="34" /><ent r="3" t="23" w="60" /><ent r="3" t="23" w="60" /><ent r="3" t="24" w="53" /><ent r="3" t="25" w="17" /><ent r="3" t="25" w="17" /><ent r="3" t="25" w="42" /><ent r="3" t="31" w="194" /><ent r="3" t="32" w="62" /><ent r="3" t="34" w="109" /><ent r="3" t="35" w="41" /><ent r="3" t="36" w="1483" /><ent r="3" t="36" w="1483" /><ent r="3" t="38" w="44" /><ent r="3" t="39" w="75" /><ent r="3" t="43" w="27" /><ent r="3" t="44" w="24" /><ent r="5" t="44" w="89" /><ent r="4" t="44" w="159" /><ent r="4" t="44" w="159" /><ent r="6" t="44" w="265" /><ent r="6" t="44" w="493" /><ent r="6" t="44" w="493" /></phr><phr n="administrator"><ent r="7" t="3" w="1099" /><ent r="7" t="3" w="1099" /><ent r="4" t="7" w="197" /><ent r="4" t="7" w="197" /><ent r="3" t="8" w="50" /><ent r="3" t="8" w="50" /><ent r="4" t="12" w="327" /><ent r="4" t="12" w="327" /><ent r="3" t="14" w="191" /><ent r="3" t="14" w="191" /><ent r="9" t="16" w="376" /><ent r="9" t="16" w="376" /><ent r="3" t="27" w="856" /><ent r="3" t="34" w="131" /><ent r="3" t="34" w="131" /><ent r="3" t="34" w="854" /><ent r="3" t="34" w="854" /><ent r="3" t="36" w="1493" /><ent r="6" t="41" w="92" /><ent r="6" t="41" w="92" /><ent r="6" t="44" w="269" /><ent r="6" t="44" w="269" /></phr><phr n="Administrators"><ent r="3" t="22" w="85" /><ent r="3" t="22" w="85" /><ent r="4" t="40" w="67" /><ent r="4" t="40" w="67" /><ent r="4" t="40" w="74" /><ent r="4" t="40" w="74" /><ent r="4" t="44" w="115" /><ent r="4" t="44" w="115" /><ent r="6" t="44" w="482" /></phr><phr n="Non-administrator"><ent r="3" t="36" w="1492" /><ent r="3" t="36" w="1492" /></phr><phr n="administrators"><ent r="3" t="42" w="41" /><ent r="4" t="44" w="173" /><ent r="4" t="44" w="173" /><ent r="4" t="44" w="184" /><ent r="4" t="44" w="184" /></phr></stem><stem n="dministrator"><phr n="Administrator"><ent r="3" t="3" w="154" /><ent r="3" t="3" w="154" /><ent r="6" t="3" w="1016" /><ent r="6" t="3" w="1016" /><ent r="3" t="6" w="237" /><ent r="3" t="10" w="61" /><ent r="3" t="11" w="39" /><ent r="3" t="13" w="93" /><ent r="3" t="15" w="86" /><ent r="3" t="19" w="19" /><ent r="5" t="19" w="279" /><ent r="5" t="19" w="279" /><ent r="4" t="19" w="333" /><ent r="4" t="19" w="333" /><ent r="3" t="20" w="25" /><ent r="3" t="21" w="29" /><ent r="4" t="22" w="36" /><ent r="4" t="22" w="36" /><ent r="3" t="23" w="34" /><ent r="3" t="23" w="60" /><ent r="3" t="23" w="60" /><ent r="3" t="24" w="53" /><ent r="3" t="25" w="17" /><ent r="3" t="25" w="17" /><ent r="3" t="25" w="42" /><ent r="3" t="31" w="194" /><ent r="3" t="32" w="62" /><ent r="3" t="34" w="109" /><ent r="3" t="35" w="41" /><ent r="3" t="36" w="1483" /><ent r="3" t="36" w="1483" /><ent r="3" t="38" w="44" /><ent r="3" t="39" w="75" /><ent r="3" t="43" w="27" /><ent r="3" t="44" w="24" /><ent r="5" t="44" w="89" /><ent r="4" t="44" w="159" /><ent r="4" t="44" w="159" /><ent r="6" t="44" w="265" /><ent r="6" t="44" w="493" /><ent r="6" t="44" w="493" /></phr><phr n="administrator"><ent r="7" t="3" w="1099" /><ent r="7" t="3" w="1099" /><ent r="4" t="7" w="197" /><ent r="4" t="7" w="197" /><ent r="3" t="8" w="50" /><ent r="3" t="8" w="50" /><ent r="4" t="12" w="327" /><ent r="4" t="12" w="327" /><ent r="3" t="14" w="191" /><ent r="3" t="14" w="191" /><ent r="9" t="16" w="376" /><ent r="9" t="16" w="376" /><ent r="3" t="27" w="856" /><ent r="3" t="34" w="131" /><ent r="3" t="34" w="131" /><ent r="3" t="34" w="854" /><ent r="3" t="34" w="854" /><ent r="3" t="36" w="1493" /><ent r="6" t="41" w="92" /><ent r="6" t="41" w="92" /><ent r="6" t="44" w="269" /><ent r="6" t="44" w="269" /></phr><phr n="Administrators"><ent r="3" t="22" w="85" /><ent r="3" t="22" w="85" /><ent r="4" t="40" w="67" /><ent r="4" t="40" w="67" /><ent r="4" t="40" w="74" /><ent r="4" t="40" w="74" /><ent r="4" t="44" w="115" /><ent r="4" t="44" w="115" /><ent r="6" t="44" w="482" /></phr><phr n="Non-administrator"><ent r="3" t="36" w="1492" /><ent r="3" t="36" w="1492" /></phr><phr n="administrators"><ent r="3" t="42" w="41" /><ent r="4" t="44" w="173" /><ent r="4" t="44" w="173" /><ent r="4" t="44" w="184" /><ent r="4" t="44" w="184" /></phr></stem><stem n="administrator"><phr n="Administrator"><ent r="3" t="3" w="154" /><ent r="3" t="3" w="154" /><ent r="6" t="3" w="1016" /><ent r="6" t="3" w="1016" /><ent r="3" t="6" w="237" /><ent r="3" t="10" w="61" /><ent r="3" t="11" w="39" /><ent r="3" t="13" w="93" /><ent r="3" t="15" w="86" /><ent r="3" t="19" w="19" /><ent r="5" t="19" w="279" /><ent r="5" t="19" w="279" /><ent r="4" t="19" w="333" /><ent r="4" t="19" w="333" /><ent r="3" t="20" w="25" /><ent r="3" t="21" w="29" /><ent r="4" t="22" w="36" /><ent r="4" t="22" w="36" /><ent r="3" t="23" w="34" /><ent r="3" t="23" w="60" /><ent r="3" t="23" w="60" /><ent r="3" t="24" w="53" /><ent r="3" t="25" w="17" /><ent r="3" t="25" w="17" /><ent r="3" t="25" w="42" /><ent r="3" t="31" w="194" /><ent r="3" t="32" w="62" /><ent r="3" t="34" w="109" /><ent r="3" t="35" w="41" /><ent r="3" t="36" w="1483" /><ent r="3" t="36" w="1483" /><ent r="3" t="38" w="44" /><ent r="3" t="39" w="75" /><ent r="3" t="43" w="27" /><ent r="3" t="44" w="24" /><ent r="5" t="44" w="89" /><ent r="4" t="44" w="159" /><ent r="4" t="44" w="159" /><ent r="6" t="44" w="265" /><ent r="6" t="44" w="493" /><ent r="6" t="44" w="493" /></phr><phr n="administrator"><ent r="7" t="3" w="1099" /><ent r="7" t="3" w="1099" /><ent r="4" t="7" w="197" /><ent r="4" t="7" w="197" /><ent r="3" t="8" w="50" /><ent r="3" t="8" w="50" /><ent r="4" t="12" w="327" /><ent r="4" t="12" w="327" /><ent r="3" t="14" w="191" /><ent r="3" t="14" w="191" /><ent r="9" t="16" w="376" /><ent r="9" t="16" w="376" /><ent r="3" t="27" w="856" /><ent r="3" t="34" w="131" /><ent r="3" t="34" w="131" /><ent r="3" t="34" w="854" /><ent r="3" t="34" w="854" /><ent r="3" t="36" w="1493" /><ent r="6" t="41" w="92" /><ent r="6" t="41" w="92" /><ent r="6" t="44" w="269" /><ent r="6" t="44" w="269" /></phr><phr n="Administrators"><ent r="3" t="22" w="85" /><ent r="3" t="22" w="85" /><ent r="4" t="40" w="67" /><ent r="4" t="40" w="67" /><ent r="4" t="40" w="74" /><ent r="4" t="40" w="74" /><ent r="4" t="44" w="115" /><ent r="4" t="44" w="115" /><ent r="6" t="44" w="482" /></phr><phr n="Non-administrator"><ent r="3" t="36" w="1492" /><ent r="3" t="36" w="1492" /></phr><phr n="administrators"><ent r="3" t="42" w="41" /><ent r="4" t="44" w="173" /><ent r="4" t="44" w="173" /><ent r="4" t="44" w="184" /><ent r="4" t="44" w="184" /></phr></stem><stem n="modifi"><phr n="modify"><ent r="3" t="3" w="159" /><ent r="3" t="3" w="159" /><ent r="4" t="3" w="427" /><ent r="4" t="3" w="427" /><ent r="4" t="20" w="36" /><ent r="4" t="20" w="36" /><ent r="4" t="20" w="69" /></phr><phr n="Modify"><ent r="9" t="16" w="412" /><ent r="9" t="16" w="412" /><ent r="6" t="32" w="365" /><ent r="6" t="32" w="365" /><ent r="7" t="32" w="414" /><ent r="7" t="32" w="414" /><ent r="8" t="46" w="284" /><ent r="8" t="46" w="284" /></phr><phr n="modifying"><ent r="65" t="19" w="149" /><ent r="65" t="19" w="149" /></phr></stem><stem n="modi"><phr n="modify"><ent r="3" t="3" w="159" /><ent r="3" t="3" w="159" /><ent r="4" t="3" w="427" /><ent r="4" t="3" w="427" /><ent r="4" t="20" w="36" /><ent r="4" t="20" w="36" /><ent r="4" t="20" w="69" /></phr><phr n="Modify"><ent r="9" t="16" w="412" /><ent r="9" t="16" w="412" /><ent r="6" t="32" w="365" /><ent r="6" t="32" w="365" /><ent r="7" t="32" w="414" /><ent r="7" t="32" w="414" /><ent r="8" t="46" w="284" /><ent r="8" t="46" w="284" /></phr><phr n="modifying"><ent r="65" t="19" w="149" /><ent r="65" t="19" w="149" /></phr></stem><stem n="odif"><phr n="modify"><ent r="3" t="3" w="159" /><ent r="3" t="3" w="159" /><ent r="4" t="3" w="427" /><ent r="4" t="3" w="427" /><ent r="4" t="20" w="36" /><ent r="4" t="20" w="36" /><ent r="4" t="20" w="69" /></phr><phr n="Modify"><ent r="9" t="16" w="412" /><ent r="9" t="16" w="412" /><ent r="6" t="32" w="365" /><ent r="6" t="32" w="365" /><ent r="7" t="32" w="414" /><ent r="7" t="32" w="414" /><ent r="8" t="46" w="284" /><ent r="8" t="46" w="284" /></phr><phr n="modifying"><ent r="65" t="19" w="149" /><ent r="65" t="19" w="149" /></phr></stem><stem n="dify"><phr n="modify"><ent r="3" t="3" w="159" /><ent r="3" t="3" w="159" /><ent r="4" t="3" w="427" /><ent r="4" t="3" w="427" /><ent r="4" t="20" w="36" /><ent r="4" t="20" w="36" /><ent r="4" t="20" w="69" /></phr><phr n="Modify"><ent r="9" t="16" w="412" /><ent r="9" t="16" w="412" /><ent r="6" t="32" w="365" /><ent r="6" t="32" w="365" /><ent r="7" t="32" w="414" /><ent r="7" t="32" w="414" /><ent r="8" t="46" w="284" /><ent r="8" t="46" w="284" /></phr><phr n="modifying"><ent r="65" t="19" w="149" /><ent r="65" t="19" w="149" /></phr></stem><stem n="modif"><phr n="modify"><ent r="3" t="3" w="159" /><ent r="3" t="3" w="159" /><ent r="4" t="3" w="427" /><ent r="4" t="3" w="427" /><ent r="4" t="20" w="36" /><ent r="4" t="20" w="36" /><ent r="4" t="20" w="69" /></phr><phr n="Modify"><ent r="9" t="16" w="412" /><ent r="9" t="16" w="412" /><ent r="6" t="32" w="365" /><ent r="6" t="32" w="365" /><ent r="7" t="32" w="414" /><ent r="7" t="32" w="414" /><ent r="8" t="46" w="284" /><ent r="8" t="46" w="284" /></phr><phr n="modifying"><ent r="65" t="19" w="149" /><ent r="65" t="19" w="149" /></phr></stem><stem n="odify"><phr n="modify"><ent r="3" t="3" w="159" /><ent r="3" t="3" w="159" /><ent r="4" t="3" w="427" /><ent r="4" t="3" w="427" /><ent r="4" t="20" w="36" /><ent r="4" t="20" w="36" /><ent r="4" t="20" w="69" /></phr><phr n="Modify"><ent r="9" t="16" w="412" /><ent r="9" t="16" w="412" /><ent r="6" t="32" w="365" /><ent r="6" t="32" w="365" /><ent r="7" t="32" w="414" /><ent r="7" t="32" w="414" /><ent r="8" t="46" w="284" /><ent r="8" t="46" w="284" /></phr><phr n="modifying"><ent r="65" t="19" w="149" /><ent r="65" t="19" w="149" /></phr></stem><stem n="modify"><phr n="modify"><ent r="3" t="3" w="159" /><ent r="3" t="3" w="159" /><ent r="4" t="3" w="427" /><ent r="4" t="3" w="427" /><ent r="4" t="20" w="36" /><ent r="4" t="20" w="36" /><ent r="4" t="20" w="69" /></phr><phr n="Modify"><ent r="9" t="16" w="412" /><ent r="9" t="16" w="412" /><ent r="6" t="32" w="365" /><ent r="6" t="32" w="365" /><ent r="7" t="32" w="414" /><ent r="7" t="32" w="414" /><ent r="8" t="46" w="284" /><ent r="8" t="46" w="284" /></phr><phr n="modifying"><ent r="65" t="19" w="149" /><ent r="65" t="19" w="149" /></phr></stem><stem n="here"><phr n="here"><ent r="3" t="3" w="168" /><ent r="3" t="3" w="168" /><ent r="3" t="6" w="73" /><ent r="3" t="6" w="73" /><ent r="9" t="16" w="484" /><ent r="9" t="16" w="484" /><ent r="3" t="26" w="591" /><ent r="3" t="27" w="311" /><ent r="4" t="34" w="1678" /><ent r="4" t="34" w="1678" /><ent r="3" t="36" w="1474" /><ent r="3" t="36" w="1474" /><ent r="6" t="36" w="1742" /><ent r="3" t="41" w="38" /><ent r="3" t="41" w="38" /><ent r="6" t="44" w="394" /></phr><phr n="anywhere"><ent r="7" t="22" w="332" /><ent r="7" t="22" w="332" /><ent r="4" t="34" w="2169" /><ent r="4" t="34" w="2169" /><ent r="6" t="44" w="352" /><ent r="6" t="44" w="352" /></phr></stem><stem n="purpos"><phr n="purposes"><ent r="3" t="3" w="172" /><ent r="3" t="3" w="172" /><ent r="9" t="16" w="858" /><ent r="9" t="16" w="858" /><ent r="6" t="28" w="394" /><ent r="6" t="28" w="394" /><ent r="7" t="32" w="436" /><ent r="7" t="32" w="436" /></phr><phr n="purpose"><ent r="3" t="3" w="361" /><ent r="3" t="3" w="361" /><ent r="4" t="16" w="279" /><ent r="4" t="16" w="279" /><ent r="4" t="26" w="660" /><ent r="4" t="26" w="660" /></phr></stem><stem n="purp"><phr n="purposes"><ent r="3" t="3" w="172" /><ent r="3" t="3" w="172" /><ent r="9" t="16" w="858" /><ent r="9" t="16" w="858" /><ent r="6" t="28" w="394" /><ent r="6" t="28" w="394" /><ent r="7" t="32" w="436" /><ent r="7" t="32" w="436" /></phr><phr n="purpose"><ent r="3" t="3" w="361" /><ent r="3" t="3" w="361" /><ent r="4" t="16" w="279" /><ent r="4" t="16" w="279" /><ent r="4" t="26" w="660" /><ent r="4" t="26" w="660" /></phr></stem><stem n="oses"><phr n="purposes"><ent r="3" t="3" w="172" /><ent r="3" t="3" w="172" /><ent r="9" t="16" w="858" /><ent r="9" t="16" w="858" /><ent r="6" t="28" w="394" /><ent r="6" t="28" w="394" /><ent r="7" t="32" w="436" /><ent r="7" t="32" w="436" /></phr><phr n="closes"><ent r="4" t="15" w="732" /><ent r="4" t="15" w="732" /></phr></stem><stem n="urpo"><phr n="purposes"><ent r="3" t="3" w="172" /><ent r="3" t="3" w="172" /><ent r="9" t="16" w="858" /><ent r="9" t="16" w="858" /><ent r="6" t="28" w="394" /><ent r="6" t="28" w="394" /><ent r="7" t="32" w="436" /><ent r="7" t="32" w="436" /></phr><phr n="purpose"><ent r="3" t="3" w="361" /><ent r="3" t="3" w="361" /><ent r="4" t="16" w="279" /><ent r="4" t="16" w="279" /><ent r="4" t="26" w="660" /><ent r="4" t="26" w="660" /></phr></stem><stem n="rpos"><phr n="purposes"><ent r="3" t="3" w="172" /><ent r="3" t="3" w="172" /><ent r="9" t="16" w="858" /><ent r="9" t="16" w="858" /><ent r="6" t="28" w="394" /><ent r="6" t="28" w="394" /><ent r="7" t="32" w="436" /><ent r="7" t="32" w="436" /></phr><phr n="purpose"><ent r="3" t="3" w="361" /><ent r="3" t="3" w="361" /><ent r="4" t="16" w="279" /><ent r="4" t="16" w="279" /><ent r="4" t="26" w="660" /><ent r="4" t="26" w="660" /></phr></stem><stem n="pose"><phr n="purposes"><ent r="3" t="3" w="172" /><ent r="3" t="3" w="172" /><ent r="9" t="16" w="858" /><ent r="9" t="16" w="858" /><ent r="6" t="28" w="394" /><ent r="6" t="28" w="394" /><ent r="7" t="32" w="436" /><ent r="7" t="32" w="436" /></phr><phr n="purpose"><ent r="3" t="3" w="361" /><ent r="3" t="3" w="361" /><ent r="4" t="16" w="279" /><ent r="4" t="16" w="279" /><ent r="4" t="26" w="660" /><ent r="4" t="26" w="660" /></phr></stem><stem n="purpo"><phr n="purposes"><ent r="3" t="3" w="172" /><ent r="3" t="3" w="172" /><ent r="9" t="16" w="858" /><ent r="9" t="16" w="858" /><ent r="6" t="28" w="394" /><ent r="6" t="28" w="394" /><ent r="7" t="32" w="436" /><ent r="7" t="32" w="436" /></phr><phr n="purpose"><ent r="3" t="3" w="361" /><ent r="3" t="3" w="361" /><ent r="4" t="16" w="279" /><ent r="4" t="16" w="279" /><ent r="4" t="26" w="660" /><ent r="4" t="26" w="660" /></phr></stem><stem n="urpos"><phr n="purposes"><ent r="3" t="3" w="172" /><ent r="3" t="3" w="172" /><ent r="9" t="16" w="858" /><ent r="9" t="16" w="858" /><ent r="6" t="28" w="394" /><ent r="6" t="28" w="394" /><ent r="7" t="32" w="436" /><ent r="7" t="32" w="436" /></phr><phr n="purpose"><ent r="3" t="3" w="361" /><ent r="3" t="3" w="361" /><ent r="4" t="16" w="279" /><ent r="4" t="16" w="279" /><ent r="4" t="26" w="660" /><ent r="4" t="26" w="660" /></phr></stem><stem n="rpose"><phr n="purposes"><ent r="3" t="3" w="172" /><ent r="3" t="3" w="172" /><ent r="9" t="16" w="858" /><ent r="9" t="16" w="858" /><ent r="6" t="28" w="394" /><ent r="6" t="28" w="394" /><ent r="7" t="32" w="436" /><ent r="7" t="32" w="436" /></phr><phr n="purpose"><ent r="3" t="3" w="361" /><ent r="3" t="3" w="361" /><ent r="4" t="16" w="279" /><ent r="4" t="16" w="279" /><ent r="4" t="26" w="660" /><ent r="4" t="26" w="660" /></phr></stem><stem n="poses"><phr n="purposes"><ent r="3" t="3" w="172" /><ent r="3" t="3" w="172" /><ent r="9" t="16" w="858" /><ent r="9" t="16" w="858" /><ent r="6" t="28" w="394" /><ent r="6" t="28" w="394" /><ent r="7" t="32" w="436" /><ent r="7" t="32" w="436" /></phr></stem><stem n="urpose"><phr n="purposes"><ent r="3" t="3" w="172" /><ent r="3" t="3" w="172" /><ent r="9" t="16" w="858" /><ent r="9" t="16" w="858" /><ent r="6" t="28" w="394" /><ent r="6" t="28" w="394" /><ent r="7" t="32" w="436" /><ent r="7" t="32" w="436" /></phr><phr n="purpose"><ent r="3" t="3" w="361" /><ent r="3" t="3" w="361" /><ent r="4" t="16" w="279" /><ent r="4" t="16" w="279" /><ent r="4" t="26" w="660" /><ent r="4" t="26" w="660" /></phr></stem></index>