﻿<?xml version="1.0" encoding="utf-8"?><index><stem n="end"><phr n="End"><ent r="8" t="4" w="234" /><ent r="8" t="4" w="304" /><ent r="5" t="18" w="75" /><ent r="7" t="35" w="76" /><ent r="7" t="38" w="187" /></phr><phr n="end"><ent r="7" t="29" w="86" /><ent r="6" t="29" w="91" /><ent r="6" t="29" w="125" /><ent r="6" t="29" w="131" /><ent r="7" t="29" w="135" /><ent r="6" t="29" w="143" /><ent r="7" t="29" w="150" /><ent r="6" t="29" w="158" /><ent r="7" t="29" w="165" /><ent r="6" t="29" w="173" /><ent r="7" t="29" w="188" /><ent r="6" t="29" w="193" /><ent r="6" t="29" w="227" /><ent r="6" t="29" w="235" /><ent r="7" t="29" w="241" /><ent r="6" t="29" w="249" /><ent r="7" t="29" w="256" /><ent r="6" t="29" w="264" /><ent r="7" t="29" w="271" /><ent r="6" t="29" w="279" /><ent r="8" t="29" w="367" /><ent r="7" t="29" w="374" /><ent r="8" t="29" w="382" /><ent r="7" t="29" w="389" /><ent r="8" t="29" w="397" /><ent r="8" t="29" w="422" /><ent r="7" t="29" w="428" /><ent r="3" t="29" w="490" /><ent r="4" t="36" w="71" /><ent r="7" t="36" w="849" /></phr><phr n="ends"><ent r="3" t="31" w="1490" /></phr><phr n="ending"><ent r="6" t="38" w="193" /></phr></stem><stem n="field"><phr n="fields"><ent r="7" t="4" w="237" /><ent r="7" t="4" w="307" /><ent r="4" t="16" w="316" /><ent r="4" t="18" w="78" /><ent r="3" t="26" w="160" /></phr><phr n="Fields"><ent r="7" t="16" w="335" /><ent r="7" t="16" w="693" /><ent r="7" t="16" w="878" /></phr><phr n="Field"><ent r="9" t="16" w="341" /><ent r="9" t="16" w="699" /><ent r="9" t="16" w="884" /></phr><phr n="field"><ent r="4" t="20" w="90" /><ent r="4" t="23" w="293" /><ent r="4" t="24" w="238" /><ent r="4" t="26" w="452" /><ent r="4" t="27" w="254" /><ent r="4" t="27" w="723" /><ent r="7" t="36" w="819" /><ent r="6" t="36" w="1637" /><ent r="6" t="43" w="190" /></phr></stem><stem n="pop"><phr n="pop"><ent r="7" t="4" w="244" /><ent r="7" t="4" w="314" /><ent r="6" t="35" w="88" /><ent r="6" t="38" w="178" /><ent r="6" t="38" w="199" /></phr></stem><stem n="pop-up"><phr n="pop-up"><ent r="7" t="4" w="244" /><ent r="7" t="4" w="314" /><ent r="6" t="35" w="88" /><ent r="6" t="38" w="178" /><ent r="6" t="38" w="199" /></phr></stem><stem n="calendar"><phr n="calendar"><ent r="7" t="4" w="246" /><ent r="7" t="4" w="316" /><ent r="4" t="18" w="83" /><ent r="4" t="26" w="460" /><ent r="6" t="35" w="90" /><ent r="7" t="36" w="827" /><ent r="6" t="36" w="1412" /><ent r="6" t="38" w="180" /><ent r="6" t="38" w="201" /></phr></stem><stem n="choos"><phr n="Choose"><ent r="7" t="4" w="258" /><ent r="4" t="12" w="259" /><ent r="9" t="16" w="925" /><ent r="3" t="28" w="79" /><ent r="7" t="36" w="459" /><ent r="7" t="36" w="493" /><ent r="6" t="41" w="170" /><ent r="6" t="41" w="205" /></phr><phr n="choose"><ent r="3" t="15" w="69" /><ent r="4" t="18" w="80" /><ent r="4" t="26" w="454" /><ent r="4" t="27" w="409" /><ent r="4" t="31" w="515" /><ent r="7" t="36" w="635" /><ent r="7" t="36" w="821" /></phr></stem><stem n="[any]"><phr n="[Any]"><ent r="7" t="4" w="260" /></phr></stem><stem n="both"><phr n="both"><ent r="7" t="4" w="262" /><ent r="3" t="34" w="634" /><ent r="3" t="34" w="685" /><ent r="3" t="34" w="913" /><ent r="4" t="34" w="1302" /><ent r="4" t="34" w="1556" /><ent r="3" t="34" w="1594" /><ent r="3" t="34" w="1617" /><ent r="7" t="36" w="971" /></phr></stem><stem n="appropri"><phr n="appropriate"><ent r="7" t="4" w="275" /><ent r="4" t="6" w="290" /><ent r="3" t="12" w="182" /><ent r="9" t="16" w="651" /><ent r="9" t="16" w="815" /><ent r="9" t="16" w="998" /><ent r="3" t="22" w="91" /><ent r="3" t="22" w="116" /><ent r="7" t="32" w="421" /><ent r="3" t="34" w="860" /><ent r="7" t="35" w="431" /><ent r="7" t="36" w="627" /><ent r="3" t="41" w="52" /><ent r="4" t="44" w="189" /><ent r="6" t="44" w="496" /></phr></stem><stem n="save"><phr n="Save"><ent r="7" t="4" w="278" /><ent r="8" t="4" w="361" /><ent r="5" t="4" w="590" /><ent r="5" t="15" w="727" /><ent r="5" t="16" w="1024" /><ent r="8" t="28" w="258" /><ent r="4" t="31" w="661" /><ent r="6" t="35" w="244" /><ent r="8" t="36" w="379" /></phr><phr n="save"><ent r="7" t="4" w="328" /><ent r="6" t="4" w="464" /><ent r="4" t="4" w="584" /><ent r="4" t="9" w="341" /><ent r="4" t="16" w="1027" /><ent r="4" t="20" w="103" /><ent r="3" t="26" w="145" /><ent r="7" t="28" w="182" /><ent r="6" t="28" w="332" /><ent r="3" t="34" w="1201" /><ent r="6" t="35" w="224" /><ent r="6" t="35" w="355" /><ent r="7" t="36" w="405" /><ent r="6" t="38" w="107" /></phr><phr n="saving"><ent r="7" t="4" w="393" /><ent r="3" t="4" w="511" /><ent r="3" t="26" w="38" /></phr><phr n="saved"><ent r="7" t="4" w="398" /><ent r="4" t="11" w="257" /><ent r="3" t="26" w="25" /><ent r="3" t="26" w="150" /><ent r="6" t="28" w="192" /><ent r="6" t="28" w="198" /><ent r="7" t="28" w="240" /><ent r="7" t="28" w="263" /><ent r="3" t="31" w="693" /><ent r="6" t="32" w="255" /><ent r="6" t="32" w="515" /><ent r="6" t="35" w="275" /><ent r="6" t="35" w="283" /><ent r="6" t="35" w="381" /><ent r="6" t="35" w="405" /><ent r="7" t="36" w="256" /><ent r="7" t="36" w="274" /><ent r="7" t="36" w="324" /><ent r="7" t="36" w="416" /><ent r="7" t="36" w="1114" /><ent r="6" t="36" w="1564" /></phr><phr n="Saving"><ent r="82" t="31" w="650" /></phr><phr n="Saved"><ent r="8" t="36" w="250" /><ent r="7" t="36" w="278" /></phr><phr n="Saves"><ent r="7" t="36" w="383" /><ent r="6" t="38" w="74" /><ent r="6" t="39" w="128" /></phr></stem><stem n="file"><phr n="file"><ent r="7" t="4" w="282" /><ent r="7" t="4" w="330" /><ent r="6" t="4" w="340" /><ent r="7" t="4" w="371" /><ent r="7" t="4" w="377" /><ent r="3" t="4" w="505" /><ent r="4" t="4" w="533" /><ent r="4" t="4" w="538" /><ent r="3" t="4" w="564" /><ent r="4" t="4" w="569" /><ent r="4" t="4" w="586" /><ent r="4" t="4" w="600" /><ent r="4" t="7" w="497" /><ent r="3" t="8" w="57" /><ent r="4" t="8" w="158" /><ent r="7" t="28" w="213" /><ent r="8" t="31" w="280" /><ent r="7" t="31" w="417" /><ent r="7" t="35" w="433" /><ent r="7" t="36" w="1108" /><ent r="6" t="36" w="1573" /><ent r="6" t="38" w="86" /><ent r="3" t="39" w="76" /><ent r="6" t="39" w="113" /><ent r="6" t="39" w="122" /><ent r="6" t="39" w="132" /><ent r="6" t="39" w="137" /><ent r="6" t="39" w="175" /><ent r="6" t="39" w="196" /><ent r="6" t="39" w="205" /><ent r="6" t="39" w="216" /><ent r="4" t="42" w="299" /><ent r="4" t="42" w="306" /><ent r="4" t="42" w="393" /><ent r="4" t="42" w="409" /><ent r="4" t="42" w="417" /></phr><phr n="Files"><ent r="92" t="4" w="474" /></phr><phr n="files"><ent r="3" t="4" w="477" /><ent r="7" t="31" w="293" /><ent r="6" t="35" w="279" /><ent r="6" t="35" w="286" /><ent r="3" t="39" w="70" /><ent r="3" t="39" w="85" /></phr></stem><stem n="download"><phr n="Download"><ent r="8" t="4" w="286" /><ent r="6" t="4" w="356" /><ent r="5" t="4" w="576" /><ent r="7" t="28" w="160" /><ent r="8" t="28" w="206" /><ent r="7" t="35" w="241" /><ent r="6" t="35" w="353" /><ent r="7" t="36" w="1532" /><ent r="7" t="36" w="1593" /><ent r="7" t="38" w="72" /><ent r="7" t="39" w="126" /></phr><phr n="download"><ent r="6" t="4" w="341" /><ent r="6" t="4" w="349" /><ent r="3" t="4" w="506" /><ent r="3" t="4" w="522" /><ent r="3" t="4" w="561" /><ent r="3" t="17" w="812" /><ent r="6" t="28" w="282" /><ent r="6" t="28" w="293" /><ent r="6" t="35" w="325" /><ent r="4" t="36" w="220" /><ent r="3" t="38" w="28" /><ent r="6" t="38" w="126" /><ent r="6" t="38" w="133" /><ent r="6" t="39" w="158" /><ent r="6" t="39" w="165" /></phr><phr n="downloads"><ent r="4" t="9" w="230" /><ent r="6" t="36" w="1596" /></phr><phr n="downloading"><ent r="3" t="17" w="243" /><ent r="3" t="17" w="823" /><ent r="100" t="28" w="166" /><ent r="7" t="28" w="218" /></phr><phr n="downloaded"><ent r="4" t="28" w="62" /><ent r="6" t="35" w="345" /><ent r="6" t="36" w="1585" /><ent r="7" t="36" w="1715" /></phr><phr n="Downloads"><ent r="6" t="36" w="1534" /></phr></stem><stem n="prompt"><phr n="prompted"><ent r="7" t="4" w="290" /><ent r="7" t="4" w="324" /><ent r="7" t="4" w="425" /><ent r="4" t="4" w="580" /><ent r="4" t="7" w="268" /><ent r="4" t="8" w="112" /><ent r="4" t="11" w="335" /><ent r="3" t="12" w="81" /><ent r="4" t="12" w="264" /><ent r="7" t="28" w="210" /><ent r="3" t="31" w="1495" /></phr><phr n="prompt"><ent r="4" t="5" w="187" /></phr><phr n="prompts"><ent r="3" t="8" w="85" /><ent r="3" t="8" w="104" /></phr></stem><stem n="open"><phr n="open"><ent r="7" t="4" w="326" /><ent r="4" t="4" w="582" /><ent r="4" t="15" w="130" /><ent r="3" t="17" w="846" /><ent r="3" t="18" w="32" /><ent r="4" t="19" w="55" /><ent r="4" t="20" w="52" /><ent r="4" t="21" w="53" /><ent r="4" t="23" w="155" /><ent r="4" t="24" w="118" /><ent r="4" t="25" w="60" /><ent r="7" t="28" w="228" /><ent r="3" t="31" w="134" /><ent r="3" t="42" w="524" /></phr><phr n="Open"><ent r="5" t="8" w="162" /><ent r="4" t="14" w="216" /><ent r="4" t="16" w="238" /><ent r="4" t="17" w="165" /></phr></stem><stem n="reissu"><phr n="reissue"><ent r="6" t="4" w="354" /></phr></stem><stem n="command"><phr n="command"><ent r="6" t="4" w="357" /></phr></stem><stem n="specifi"><phr n="specify"><ent r="7" t="4" w="365" /><ent r="4" t="4" w="594" /><ent r="4" t="18" w="57" /><ent r="4" t="26" w="404" /><ent r="4" t="26" w="503" /><ent r="3" t="26" w="591" /><ent r="3" t="27" w="74" /><ent r="4" t="27" w="187" /><ent r="3" t="27" w="311" /><ent r="3" t="27" w="756" /><ent r="4" t="34" w="504" /><ent r="4" t="34" w="564" /><ent r="7" t="36" w="393" /><ent r="6" t="36" w="1548" /><ent r="6" t="38" w="102" /><ent r="6" t="38" w="157" /><ent r="3" t="41" w="30" /><ent r="6" t="44" w="339" /></phr><phr n="specified"><ent r="3" t="12" w="155" /><ent r="4" t="26" w="442" /><ent r="4" t="27" w="448" /><ent r="4" t="27" w="487" /><ent r="4" t="27" w="902" /><ent r="4" t="27" w="934" /><ent r="4" t="27" w="964" /><ent r="6" t="35" w="108" /><ent r="6" t="38" w="79" /><ent r="6" t="38" w="310" /></phr><phr n="Specify"><ent r="9" t="16" w="918" /><ent r="4" t="26" w="382" /><ent r="4" t="26" w="473" /></phr><phr n="specifying"><ent r="7" t="36" w="775" /><ent r="7" t="36" w="808" /></phr><phr n="specifies"><ent r="3" t="42" w="332" /></phr></stem><stem n="locat"><phr n="location"><ent r="7" t="4" w="367" /><ent r="4" t="4" w="596" /><ent r="7" t="28" w="216" /><ent r="7" t="28" w="271" /><ent r="6" t="36" w="1545" /></phr><phr n="Locate"><ent r="4" t="8" w="152" /></phr><phr n="located"><ent r="4" t="9" w="289" /></phr><phr n="locate"><ent r="4" t="18" w="174" /><ent r="4" t="18" w="232" /><ent r="7" t="22" w="197" /><ent r="7" t="22" w="277" /><ent r="6" t="22" w="286" /><ent r="7" t="22" w="327" /><ent r="7" t="22" w="340" /><ent r="7" t="22" w="363" /><ent r="4" t="23" w="226" /><ent r="4" t="24" w="171" /><ent r="4" t="34" w="2119" /><ent r="4" t="34" w="2167" /><ent r="4" t="34" w="2180" /><ent r="4" t="34" w="2201" /><ent r="7" t="35" w="429" /><ent r="7" t="36" w="517" /><ent r="4" t="42" w="295" /><ent r="4" t="42" w="415" /><ent r="6" t="44" w="372" /></phr></stem><stem n="default"><phr n="default"><ent r="7" t="4" w="376" /><ent r="4" t="7" w="279" /><ent r="4" t="7" w="368" /><ent r="4" t="11" w="137" /><ent r="4" t="11" w="294" /><ent r="3" t="15" w="45" /><ent r="7" t="15" w="326" /><ent r="7" t="15" w="457" /><ent r="7" t="15" w="524" /><ent r="9" t="16" w="357" /><ent r="9" t="16" w="370" /><ent r="9" t="16" w="411" /><ent r="9" t="16" w="477" /><ent r="9" t="16" w="603" /><ent r="9" t="16" w="722" /><ent r="7" t="16" w="1275" /><ent r="3" t="22" w="79" /><ent r="4" t="26" w="367" /><ent r="4" t="26" w="483" /><ent r="4" t="26" w="630" /><ent r="4" t="27" w="144" /><ent r="7" t="28" w="246" /><ent r="3" t="31" w="81" /><ent r="3" t="31" w="217" /><ent r="4" t="31" w="648" /><ent r="4" t="31" w="1080" /><ent r="3" t="34" w="540" /><ent r="3" t="34" w="547" /><ent r="7" t="36" w="733" /><ent r="6" t="36" w="1550" /><ent r="4" t="42" w="505" /><ent r="6" t="44" w="260" /><ent r="3" t="45" w="16" /><ent r="7" t="45" w="47" /><ent r="7" t="45" w="103" /><ent r="7" t="45" w="162" /></phr><phr n="defaults"><ent r="4" t="7" w="315" /><ent r="3" t="31" w="976" /></phr><phr n="Default"><ent r="65" t="7" w="395" /><ent r="8" t="15" w="513" /><ent r="7" t="31" w="231" /><ent r="1000" t="45" w="1" /><ent r="102" t="45" w="4" /><ent r="5" t="45" w="26" /></phr></stem><stem n="audits.zip"><phr n="audits.zip"><ent r="7" t="4" w="381" /><ent r="7" t="4" w="380" /></phr></stem><stem n="zip"><phr n="zip"><ent r="7" t="4" w="381" /></phr><phr n="ZIP"><ent r="7" t="4" w="402" /><ent r="6" t="35" w="278" /><ent r="6" t="38" w="85" /><ent r="6" t="39" w="136" /></phr></stem><stem n="“audits.zip”."><phr n="“audits.zip”."><ent r="7" t="4" w="382" /></phr></stem><stem n="prior"><phr n="prior"><ent r="7" t="4" w="391" /><ent r="6" t="4" w="469" /></phr></stem><stem n="standard"><phr n="standard"><ent r="7" t="4" w="401" /><ent r="9" t="16" w="739" /><ent r="6" t="35" w="277" /><ent r="6" t="38" w="84" /><ent r="6" t="39" w="135" /></phr><phr n="Standard"><ent r="10" t="16" w="929" /></phr></stem><stem n=".zip"><phr n=".ZIP"><ent r="7" t="4" w="402" /><ent r="6" t="35" w="278" /><ent r="6" t="38" w="85" /><ent r="6" t="39" w="136" /></phr></stem><stem n="content"><phr n="contents"><ent r="7" t="4" w="405" /><ent r="4" t="34" w="1572" /></phr><phr n="content"><ent r="7" t="10" w="163" /><ent r="9" t="16" w="920" /><ent r="3" t="27" w="50" /></phr><phr n="Content"><ent r="10" t="16" w="914" /><ent r="9" t="16" w="947" /><ent r="5" t="26" w="242" /><ent r="8" t="36" w="526" /><ent r="8" t="36" w="643" /><ent r="8" t="36" w="670" /></phr></stem><stem n="text"><phr n="text"><ent r="7" t="4" w="411" /><ent r="8" t="15" w="388" /><ent r="9" t="16" w="623" /><ent r="9" t="16" w="662" /><ent r="9" t="16" w="787" /><ent r="9" t="16" w="970" /><ent r="7" t="22" w="329" /><ent r="4" t="34" w="2169" /><ent r="4" t="34" w="2218" /><ent r="6" t="38" w="95" /><ent r="6" t="39" w="146" /><ent r="6" t="44" w="343" /></phr><phr n="Text"><ent r="10" t="16" w="612" /><ent r="10" t="16" w="774" /></phr></stem><stem n="editor"><phr n="editor"><ent r="7" t="4" w="412" /><ent r="6" t="38" w="96" /><ent r="6" t="39" w="147" /></phr></stem><stem n="delet"><phr n="Delete"><ent r="7" t="4" w="414" /><ent r="8" t="4" w="421" /><ent r="7" t="10" w="201" /><ent r="9" t="10" w="226" /><ent r="7" t="10" w="236" /><ent r="9" t="10" w="282" /><ent r="5" t="14" w="238" /><ent r="4" t="14" w="317" /><ent r="5" t="18" w="182" /><ent r="5" t="21" w="74" /><ent r="7" t="28" w="295" /><ent r="8" t="28" w="313" /><ent r="7" t="32" w="619" /><ent r="7" t="35" w="328" /><ent r="8" t="36" w="368" /><ent r="7" t="36" w="1609" /><ent r="7" t="38" w="136" /><ent r="5" t="42" w="396" /><ent r="7" t="43" w="83" /></phr><phr n="delete"><ent r="7" t="4" w="433" /><ent r="8" t="10" w="222" /><ent r="8" t="10" w="278" /><ent r="3" t="18" w="124" /><ent r="3" t="18" w="142" /><ent r="3" t="21" w="31" /><ent r="4" t="21" w="37" /><ent r="7" t="28" w="309" /><ent r="6" t="32" w="637" /><ent r="4" t="36" w="222" /><ent r="3" t="38" w="30" /><ent r="4" t="42" w="389" /></phr><phr n="deleted"><ent r="7" t="4" w="456" /><ent r="7" t="10" w="216" /><ent r="7" t="10" w="266" /><ent r="4" t="18" w="187" /><ent r="7" t="28" w="318" /><ent r="6" t="32" w="613" /><ent r="6" t="32" w="649" /><ent r="6" t="35" w="401" /></phr><phr n="deleting"><ent r="6" t="4" w="471" /><ent r="100" t="21" w="12" /><ent r="100" t="28" w="301" /><ent r="6" t="28" w="340" /><ent r="6" t="35" w="359" /></phr><phr n="Deleting"><ent r="7" t="10" w="242" /><ent r="1000" t="21" w="1" /><ent r="100" t="21" w="6" /><ent r="102" t="21" w="14" /><ent r="64" t="24" w="88" /><ent r="67" t="43" w="94" /></phr><phr n="deletion"><ent r="4" t="14" w="242" /><ent r="4" t="42" w="402" /></phr><phr n="Deleted"><ent r="6" t="28" w="323" /></phr><phr n="Deletes"><ent r="6" t="35" w="330" /><ent r="6" t="36" w="1611" /><ent r="6" t="38" w="138" /><ent r="6" t="43" w="85" /></phr><phr n="Deletion"><ent r="6" t="36" w="1616" /></phr></stem><stem n="old"><phr n="old"><ent r="7" t="4" w="415" /><ent r="6" t="4" w="466" /><ent r="7" t="36" w="349" /><ent r="6" t="41" w="78" /><ent r="6" t="41" w="89" /></phr><phr n="Old"><ent r="7" t="41" w="68" /></phr></stem><stem n="ag"><phr n="age"><ent r="7" t="4" w="428" /><ent r="7" t="4" w="438" /><ent r="7" t="4" w="451" /><ent r="3" t="38" w="38" /></phr></stem><stem n="minimum"><phr n="minimum"><ent r="7" t="4" w="437" /><ent r="6" t="29" w="141" /><ent r="6" t="29" w="247" /><ent r="7" t="29" w="372" /><ent r="6" t="38" w="159" /><ent r="7" t="41" w="117" /><ent r="4" t="42" w="492" /></phr></stem><stem n="dai"><phr n="days"><ent r="7" t="4" w="440" /><ent r="4" t="26" w="423" /><ent r="8" t="36" w="770" /><ent r="7" t="36" w="1170" /><ent r="6" t="36" w="1356" /><ent r="6" t="38" w="147" /></phr><phr n="Days"><ent r="7" t="36" w="1292" /></phr><phr n="day"><ent r="6" t="36" w="1297" /><ent r="6" t="36" w="1303" /><ent r="6" t="36" w="1309" /><ent r="6" t="36" w="1362" /><ent r="4" t="42" w="503" /></phr><phr n="Day"><ent r="6" t="36" w="1316" /></phr></stem><stem n="older"><phr n="older"><ent r="7" t="4" w="453" /><ent r="6" t="38" w="142" /></phr></stem><stem n="want"><phr n="want"><ent r="6" t="4" w="462" /><ent r="4" t="14" w="112" /><ent r="4" t="17" w="182" /><ent r="3" t="23" w="68" /><ent r="3" t="27" w="746" /><ent r="6" t="35" w="397" /></phr></stem><stem n="behaviour"><phr n="behaviour"><ent r="3" t="4" w="495" /></phr></stem><stem n="repeat"><phr n="repeat"><ent r="3" t="4" w="518" /><ent r="6" t="28" w="291" /></phr><phr n="Repeat"><ent r="4" t="9" w="376" /></phr></stem><stem n="[view"><phr n="[View"><ent r="5" t="4" w="545" /></phr></stem><stem n="/disabl"><phr n="/Disabling"><ent r="1000" t="5" w="2" /><ent r="102" t="5" w="21" /><ent r="65" t="7" w="487" /></phr></stem><stem n="enabling/dis"><phr n="Enabling/Disabling"><ent r="1000" t="5" w="2" /><ent r="1000" t="5" w="1" /><ent r="102" t="5" w="21" /><ent r="102" t="5" w="20" /><ent r="65" t="7" w="487" /><ent r="65" t="7" w="486" /></phr><phr n="enabling/disabling"><ent r="100" t="5" w="12" /><ent r="100" t="5" w="11" /></phr></stem><stem n=":enabling/dis"><phr n=":enabling/disabling"><ent r="100" t="5" w="12" /></phr></stem><stem n="disablinig"><phr n="Disablinig"><ent r="100" t="5" w="17" /></phr></stem><stem n="(local"><phr n="(local"><ent r="3" t="5" w="36" /></phr></stem><stem n="local"><phr n="local"><ent r="3" t="5" w="36" /><ent r="6" t="35" w="249" /><ent r="6" t="35" w="406" /></phr></stem><stem n="applianc"><phr n="appliance"><ent r="3" t="5" w="43" /><ent r="4" t="5" w="96" /><ent r="4" t="5" w="180" /><ent r="4" t="6" w="57" /><ent r="3" t="7" w="59" /><ent r="4" t="7" w="146" /><ent r="4" t="7" w="480" /><ent r="4" t="9" w="366" /><ent r="7" t="31" w="1266" /></phr><phr n="Appliance"><ent r="8" t="45" w="205" /></phr></stem><stem n="onc"><phr n="Once"><ent r="3" t="5" w="44" /><ent r="3" t="6" w="220" /><ent r="3" t="7" w="67" /><ent r="3" t="7" w="464" /><ent r="3" t="8" w="203" /><ent r="3" t="9" w="387" /><ent r="4" t="11" w="328" /><ent r="3" t="12" w="410" /><ent r="4" t="17" w="545" /><ent r="3" t="26" w="734" /><ent r="3" t="26" w="760" /><ent r="7" t="36" w="411" /><ent r="7" t="36" w="1193" /></phr><phr n="once"><ent r="3" t="7" w="50" /><ent r="3" t="8" w="47" /><ent r="3" t="19" w="108" /><ent r="3" t="27" w="822" /><ent r="3" t="34" w="591" /><ent r="3" t="39" w="74" /><ent r="6" t="39" w="193" /><ent r="6" t="41" w="246" /><ent r="6" t="43" w="132" /></phr></stem><stem n="connect"><phr n="connect"><ent r="3" t="5" w="52" /></phr><phr n="Connect"><ent r="4" t="8" w="59" /></phr><phr n="connects"><ent r="4" t="23" w="351" /><ent r="4" t="24" w="296" /><ent r="6" t="32" w="748" /></phr><phr n="connection"><ent r="3" t="31" w="1454" /><ent r="3" t="31" w="1539" /><ent r="7" t="45" w="63" /></phr></stem><stem n="mainten"><phr n="Maintenance"><ent r="4" t="5" w="80" /><ent r="5" t="5" w="128" /><ent r="5" t="9" w="302" /><ent r="4" t="14" w="289" /><ent r="4" t="14" w="352" /><ent r="8" t="45" w="203" /></phr></stem><stem n="ssgconfig"><phr n="ssgconfig"><ent r="5" t="5" w="102" /><ent r="5" t="7" w="152" /><ent r="5" t="9" w="143" /><ent r="5" t="14" w="264" /></phr></stem><stem n="menu"><phr n="menu"><ent r="4" t="5" w="107" /><ent r="4" t="5" w="142" /><ent r="4" t="5" w="206" /><ent r="4" t="7" w="157" /><ent r="4" t="7" w="169" /><ent r="4" t="7" w="451" /><ent r="4" t="7" w="462" /><ent r="4" t="9" w="148" /><ent r="4" t="9" w="160" /><ent r="4" t="9" w="357" /><ent r="4" t="14" w="271" /><ent r="4" t="14" w="296" /><ent r="4" t="14" w="305" /><ent r="4" t="14" w="312" /><ent r="4" t="14" w="335" /><ent r="3" t="32" w="179" /></phr></stem><stem n="(displai"><phr n="(Display"><ent r="4" t="5" w="137" /><ent r="4" t="7" w="164" /><ent r="4" t="9" w="156" /><ent r="4" t="14" w="301" /></phr></stem><stem n="2"><phr n="2"><ent r="5" t="5" w="146" /><ent r="65" t="12" w="267" /><ent r="65" t="13" w="317" /><ent r="65" t="15" w="181" /><ent r="3" t="17" w="691" /><ent r="3" t="26" w="129" /><ent r="3" t="27" w="630" /><ent r="3" t="27" w="1021" /><ent r="6" t="28" w="193" /><ent r="3" t="31" w="1027" /><ent r="6" t="32" w="256" /><ent r="68" t="36" w="783" /><ent r="7" t="36" w="1038" /></phr></stem><stem n="(disable|en"><phr n="(Disable|Enable"><ent r="4" t="5" w="148" /></phr></stem><stem n="disable|en"><phr n="Disable|Enable"><ent r="4" t="5" w="148" /></phr></stem><stem n="y"><phr n="y"><ent r="5" t="5" w="156" /><ent r="5" t="9" w="371" /></phr></stem><stem n="n"><phr n="n"><ent r="5" t="5" w="170" /></phr></stem><stem n="take"><phr n="take"><ent r="4" t="5" w="175" /><ent r="3" t="12" w="380" /><ent r="4" t="15" w="737" /><ent r="4" t="23" w="320" /><ent r="3" t="27" w="547" /><ent r="4" t="34" w="1822" /><ent r="7" t="36" w="1179" /><ent r="4" t="42" w="178" /><ent r="4" t="42" w="370" /><ent r="4" t="42" w="479" /></phr><phr n="takes"><ent r="7" t="36" w="1132" /></phr></stem><stem n="effect"><phr n="effect"><ent r="4" t="5" w="176" /><ent r="3" t="13" w="389" /><ent r="4" t="15" w="738" /><ent r="4" t="23" w="321" /><ent r="3" t="31" w="674" /><ent r="4" t="34" w="1530" /><ent r="4" t="42" w="179" /><ent r="4" t="42" w="371" /><ent r="4" t="42" w="480" /></phr><phr n="effective"><ent r="4" t="25" w="110" /></phr></stem><stem n="reboot"><phr n="rebooted"><ent r="4" t="5" w="182" /><ent r="3" t="17" w="98" /><ent r="5" t="34" w="1101" /><ent r="4" t="34" w="1119" /></phr><phr n="reboot"><ent r="4" t="9" w="363" /><ent r="4" t="34" w="1137" /></phr></stem><stem n="disabled/en"><phr n="disabled/enabled"><ent r="4" t="5" w="199" /><ent r="4" t="5" w="198" /></phr></stem><stem n="disabled/enabled."><phr n="disabled/enabled."><ent r="4" t="5" w="199" /><ent r="4" t="5" w="198" /></phr></stem><stem n="/enabled."><phr n="/enabled."><ent r="4" t="5" w="200" /></phr></stem><stem n="exit"><phr n="Exit"><ent r="4" t="5" w="201" /><ent r="4" t="14" w="332" /></phr><phr n="exit"><ent r="4" t="9" w="344" /><ent r="7" t="36" w="1200" /></phr></stem><stem n="process"><phr n="Process"><ent r="1000" t="6" w="4" /><ent r="102" t="6" w="9" /><ent r="100" t="6" w="14" /></phr><phr n="process"><ent r="3" t="12" w="113" /><ent r="3" t="13" w="65" /><ent r="3" t="13" w="121" /><ent r="3" t="17" w="103" /><ent r="4" t="34" w="224" /><ent r="3" t="34" w="433" /><ent r="3" t="34" w="978" /><ent r="4" t="34" w="2075" /></phr><phr n="processes"><ent r="3" t="14" w="49" /></phr><phr n="processing"><ent r="3" t="26" w="740" /><ent r="4" t="28" w="41" /><ent r="4" t="28" w="46" /><ent r="7" t="36" w="1128" /><ent r="7" t="36" w="1213" /><ent r="7" t="36" w="1694" /><ent r="7" t="36" w="1699" /></phr><phr n="processed"><ent r="4" t="28" w="50" /><ent r="7" t="36" w="1703" /></phr></stem><stem n=":configur"><phr n=":configuring"><ent r="100" t="6" w="19" /></phr></stem><stem n=":overview"><phr n=":overview"><ent r="100" t="6" w="23" /></phr></stem><stem n="step"><phr n="steps"><ent r="3" t="6" w="29" /><ent r="3" t="7" w="29" /><ent r="3" t="7" w="44" /><ent r="3" t="7" w="54" /><ent r="3" t="9" w="33" /><ent r="4" t="9" w="378" /><ent r="3" t="11" w="73" /><ent r="4" t="18" w="166" /><ent r="4" t="18" w="224" /><ent r="4" t="27" w="346" /><ent r="6" t="32" w="321" /></phr><phr n="step"><ent r="4" t="6" w="189" /><ent r="6" t="6" w="329" /><ent r="4" t="7" w="193" /><ent r="4" t="7" w="420" /><ent r="4" t="19" w="247" /><ent r="5" t="26" w="508" /><ent r="4" t="26" w="714" /><ent r="4" t="27" w="361" /><ent r="4" t="27" w="452" /><ent r="4" t="27" w="491" /><ent r="4" t="34" w="227" /><ent r="4" t="34" w="229" /><ent r="3" t="36" w="168" /><ent r="3" t="36" w="170" /></phr></stem><stem n="them"><phr n="them"><ent r="4" t="6" w="99" /><ent r="4" t="6" w="167" /><ent r="4" t="6" w="287" /><ent r="3" t="15" w="77" /><ent r="3" t="17" w="497" /><ent r="4" t="17" w="583" /><ent r="3" t="26" w="133" /></phr></stem><stem n="suppli"><phr n="supplied"><ent r="4" t="6" w="125" /></phr></stem><stem n="valid"><phr n="valid"><ent r="4" t="6" w="132" /></phr></stem><stem n="sever"><phr n="severely"><ent r="4" t="6" w="139" /></phr><phr n="severed"><ent r="3" t="31" w="1462" /></phr><phr n="Severity"><ent r="7" t="38" w="323" /></phr><phr n="severity"><ent r="6" t="38" w="326" /></phr><phr n="SEVERE"><ent r="6" t="38" w="332" /></phr><phr n="Severe"><ent r="6" t="38" w="341" /></phr></stem><stem n="allow"><phr n="allow"><ent r="4" t="6" w="166" /><ent r="4" t="7" w="85" /><ent r="3" t="8" w="106" /><ent r="3" t="8" w="217" /><ent r="3" t="9" w="395" /><ent r="3" t="23" w="70" /><ent r="3" t="34" w="118" /><ent r="4" t="36" w="112" /></phr><phr n="allows"><ent r="3" t="9" w="52" /><ent r="3" t="17" w="28" /><ent r="4" t="19" w="283" /><ent r="3" t="27" w="803" /><ent r="6" t="35" w="304" /><ent r="7" t="36" w="699" /></phr></stem><stem n="though"><phr n="Though"><ent r="4" t="6" w="184" /></phr><phr n="though"><ent r="4" t="34" w="1748" /></phr></stem><stem n="absolut"><phr n="absolutely"><ent r="4" t="6" w="186" /></phr><phr n="Absolute"><ent r="5" t="26" w="427" /></phr><phr n="absolute"><ent r="7" t="36" w="810" /></phr></stem><stem n="highli"><phr n="highly"><ent r="4" t="6" w="191" /></phr></stem><stem n="(start/stop"><phr n="(start/stop"><ent r="4" t="6" w="201" /></phr></stem><stem n="(requir"><phr n="(requires"><ent r="3" t="6" w="237" /></phr></stem><stem n="author"><phr n="authorized"><ent r="4" t="6" w="324" /></phr><phr n="Authority"><ent r="9" t="16" w="738" /></phr><phr n="Authoring"><ent r="4" t="26" w="619" /><ent r="5" t="27" w="330" /><ent r="4" t="34" w="717" /></phr><phr n="authorization"><ent r="3" t="29" w="557" /></phr></stem><stem n=":set"><phr n=":setting"><ent r="100" t="7" w="17" /></phr><phr n=":settings"><ent r="100" t="40" w="8" /><ent r="100" t="41" w="13" /></phr></stem></index>