<?xml version="1.0" encoding="utf-8"?><index><stem n="erent"><phr n="different"><ent r="4" t="12" w="337" /><ent r="4" t="12" w="337" /><ent r="7" t="15" w="707" /><ent r="7" t="15" w="707" /><ent r="9" t="16" w="746" /><ent r="9" t="16" w="746" /><ent r="3" t="17" w="65" /><ent r="3" t="17" w="65" /><ent r="4" t="17" w="457" /><ent r="4" t="17" w="457" /><ent r="3" t="27" w="792" /><ent r="3" t="27" w="792" /><ent r="6" t="32" w="356" /><ent r="6" t="32" w="356" /><ent r="3" t="33" w="27" /><ent r="3" t="33" w="27" /><ent r="3" t="34" w="1281" /><ent r="4" t="34" w="2105" /><ent r="4" t="34" w="2105" /><ent r="7" t="36" w="723" /><ent r="7" t="36" w="723" /></phr></stem><stem n="iffere"><phr n="different"><ent r="4" t="12" w="337" /><ent r="4" t="12" w="337" /><ent r="7" t="15" w="707" /><ent r="7" t="15" w="707" /><ent r="9" t="16" w="746" /><ent r="9" t="16" w="746" /><ent r="3" t="17" w="65" /><ent r="3" t="17" w="65" /><ent r="4" t="17" w="457" /><ent r="4" t="17" w="457" /><ent r="3" t="27" w="792" /><ent r="3" t="27" w="792" /><ent r="6" t="32" w="356" /><ent r="6" t="32" w="356" /><ent r="3" t="33" w="27" /><ent r="3" t="33" w="27" /><ent r="3" t="34" w="1281" /><ent r="4" t="34" w="2105" /><ent r="4" t="34" w="2105" /><ent r="7" t="36" w="723" /><ent r="7" t="36" w="723" /></phr></stem><stem n="fferen"><phr n="different"><ent r="4" t="12" w="337" /><ent r="4" t="12" w="337" /><ent r="7" t="15" w="707" /><ent r="7" t="15" w="707" /><ent r="9" t="16" w="746" /><ent r="9" t="16" w="746" /><ent r="3" t="17" w="65" /><ent r="3" t="17" w="65" /><ent r="4" t="17" w="457" /><ent r="4" t="17" w="457" /><ent r="3" t="27" w="792" /><ent r="3" t="27" w="792" /><ent r="6" t="32" w="356" /><ent r="6" t="32" w="356" /><ent r="3" t="33" w="27" /><ent r="3" t="33" w="27" /><ent r="3" t="34" w="1281" /><ent r="4" t="34" w="2105" /><ent r="4" t="34" w="2105" /><ent r="7" t="36" w="723" /><ent r="7" t="36" w="723" /></phr></stem><stem n="ferent"><phr n="different"><ent r="4" t="12" w="337" /><ent r="4" t="12" w="337" /><ent r="7" t="15" w="707" /><ent r="7" t="15" w="707" /><ent r="9" t="16" w="746" /><ent r="9" t="16" w="746" /><ent r="3" t="17" w="65" /><ent r="3" t="17" w="65" /><ent r="4" t="17" w="457" /><ent r="4" t="17" w="457" /><ent r="3" t="27" w="792" /><ent r="3" t="27" w="792" /><ent r="6" t="32" w="356" /><ent r="6" t="32" w="356" /><ent r="3" t="33" w="27" /><ent r="3" t="33" w="27" /><ent r="3" t="34" w="1281" /><ent r="4" t="34" w="2105" /><ent r="4" t="34" w="2105" /><ent r="7" t="36" w="723" /><ent r="7" t="36" w="723" /></phr></stem><stem n="differe"><phr n="different"><ent r="4" t="12" w="337" /><ent r="4" t="12" w="337" /><ent r="7" t="15" w="707" /><ent r="7" t="15" w="707" /><ent r="9" t="16" w="746" /><ent r="9" t="16" w="746" /><ent r="3" t="17" w="65" /><ent r="3" t="17" w="65" /><ent r="4" t="17" w="457" /><ent r="4" t="17" w="457" /><ent r="3" t="27" w="792" /><ent r="3" t="27" w="792" /><ent r="6" t="32" w="356" /><ent r="6" t="32" w="356" /><ent r="3" t="33" w="27" /><ent r="3" t="33" w="27" /><ent r="3" t="34" w="1281" /><ent r="4" t="34" w="2105" /><ent r="4" t="34" w="2105" /><ent r="7" t="36" w="723" /><ent r="7" t="36" w="723" /></phr></stem><stem n="ifferen"><phr n="different"><ent r="4" t="12" w="337" /><ent r="4" t="12" w="337" /><ent r="7" t="15" w="707" /><ent r="7" t="15" w="707" /><ent r="9" t="16" w="746" /><ent r="9" t="16" w="746" /><ent r="3" t="17" w="65" /><ent r="3" t="17" w="65" /><ent r="4" t="17" w="457" /><ent r="4" t="17" w="457" /><ent r="3" t="27" w="792" /><ent r="3" t="27" w="792" /><ent r="6" t="32" w="356" /><ent r="6" t="32" w="356" /><ent r="3" t="33" w="27" /><ent r="3" t="33" w="27" /><ent r="3" t="34" w="1281" /><ent r="4" t="34" w="2105" /><ent r="4" t="34" w="2105" /><ent r="7" t="36" w="723" /><ent r="7" t="36" w="723" /></phr></stem><stem n="fferent"><phr n="different"><ent r="4" t="12" w="337" /><ent r="4" t="12" w="337" /><ent r="7" t="15" w="707" /><ent r="7" t="15" w="707" /><ent r="9" t="16" w="746" /><ent r="9" t="16" w="746" /><ent r="3" t="17" w="65" /><ent r="3" t="17" w="65" /><ent r="4" t="17" w="457" /><ent r="4" t="17" w="457" /><ent r="3" t="27" w="792" /><ent r="3" t="27" w="792" /><ent r="6" t="32" w="356" /><ent r="6" t="32" w="356" /><ent r="3" t="33" w="27" /><ent r="3" t="33" w="27" /><ent r="3" t="34" w="1281" /><ent r="4" t="34" w="2105" /><ent r="4" t="34" w="2105" /><ent r="7" t="36" w="723" /><ent r="7" t="36" w="723" /></phr></stem><stem n="differen"><phr n="different"><ent r="4" t="12" w="337" /><ent r="4" t="12" w="337" /><ent r="7" t="15" w="707" /><ent r="7" t="15" w="707" /><ent r="9" t="16" w="746" /><ent r="9" t="16" w="746" /><ent r="3" t="17" w="65" /><ent r="3" t="17" w="65" /><ent r="4" t="17" w="457" /><ent r="4" t="17" w="457" /><ent r="3" t="27" w="792" /><ent r="3" t="27" w="792" /><ent r="6" t="32" w="356" /><ent r="6" t="32" w="356" /><ent r="3" t="33" w="27" /><ent r="3" t="33" w="27" /><ent r="3" t="34" w="1281" /><ent r="4" t="34" w="2105" /><ent r="4" t="34" w="2105" /><ent r="7" t="36" w="723" /><ent r="7" t="36" w="723" /></phr></stem><stem n="ifferent"><phr n="different"><ent r="4" t="12" w="337" /><ent r="4" t="12" w="337" /><ent r="7" t="15" w="707" /><ent r="7" t="15" w="707" /><ent r="9" t="16" w="746" /><ent r="9" t="16" w="746" /><ent r="3" t="17" w="65" /><ent r="3" t="17" w="65" /><ent r="4" t="17" w="457" /><ent r="4" t="17" w="457" /><ent r="3" t="27" w="792" /><ent r="3" t="27" w="792" /><ent r="6" t="32" w="356" /><ent r="6" t="32" w="356" /><ent r="3" t="33" w="27" /><ent r="3" t="33" w="27" /><ent r="3" t="34" w="1281" /><ent r="4" t="34" w="2105" /><ent r="4" t="34" w="2105" /><ent r="7" t="36" w="723" /><ent r="7" t="36" w="723" /></phr></stem><stem n="different"><phr n="different"><ent r="4" t="12" w="337" /><ent r="4" t="12" w="337" /><ent r="7" t="15" w="707" /><ent r="7" t="15" w="707" /><ent r="9" t="16" w="746" /><ent r="9" t="16" w="746" /><ent r="3" t="17" w="65" /><ent r="3" t="17" w="65" /><ent r="4" t="17" w="457" /><ent r="4" t="17" w="457" /><ent r="3" t="27" w="792" /><ent r="3" t="27" w="792" /><ent r="6" t="32" w="356" /><ent r="6" t="32" w="356" /><ent r="3" t="33" w="27" /><ent r="3" t="33" w="27" /><ent r="3" t="34" w="1281" /><ent r="4" t="34" w="2105" /><ent r="4" t="34" w="2105" /><ent r="7" t="36" w="723" /><ent r="7" t="36" w="723" /></phr></stem><stem n="necessari"><phr n="necessary"><ent r="4" t="12" w="342" /><ent r="3" t="13" w="53" /><ent r="3" t="13" w="53" /><ent r="3" t="15" w="97" /><ent r="3" t="15" w="97" /><ent r="9" t="16" w="418" /><ent r="4" t="20" w="84" /><ent r="3" t="34" w="1364" /><ent r="7" t="36" w="397" /><ent r="7" t="36" w="397" /></phr></stem><stem n="nece"><phr n="necessary"><ent r="4" t="12" w="342" /><ent r="3" t="13" w="53" /><ent r="3" t="13" w="53" /><ent r="3" t="15" w="97" /><ent r="3" t="15" w="97" /><ent r="9" t="16" w="418" /><ent r="4" t="20" w="84" /><ent r="3" t="34" w="1364" /><ent r="7" t="36" w="397" /><ent r="7" t="36" w="397" /></phr></stem><stem n="ssar"><phr n="necessary"><ent r="4" t="12" w="342" /><ent r="3" t="13" w="53" /><ent r="3" t="13" w="53" /><ent r="3" t="15" w="97" /><ent r="3" t="15" w="97" /><ent r="9" t="16" w="418" /><ent r="4" t="20" w="84" /><ent r="3" t="34" w="1364" /><ent r="7" t="36" w="397" /><ent r="7" t="36" w="397" /></phr></stem><stem n="eces"><phr n="necessary"><ent r="4" t="12" w="342" /><ent r="3" t="13" w="53" /><ent r="3" t="13" w="53" /><ent r="3" t="15" w="97" /><ent r="3" t="15" w="97" /><ent r="9" t="16" w="418" /><ent r="4" t="20" w="84" /><ent r="3" t="34" w="1364" /><ent r="7" t="36" w="397" /><ent r="7" t="36" w="397" /></phr></stem><stem n="sary"><phr n="necessary"><ent r="4" t="12" w="342" /><ent r="3" t="13" w="53" /><ent r="3" t="13" w="53" /><ent r="3" t="15" w="97" /><ent r="3" t="15" w="97" /><ent r="9" t="16" w="418" /><ent r="4" t="20" w="84" /><ent r="3" t="34" w="1364" /><ent r="7" t="36" w="397" /><ent r="7" t="36" w="397" /></phr></stem><stem n="neces"><phr n="necessary"><ent r="4" t="12" w="342" /><ent r="3" t="13" w="53" /><ent r="3" t="13" w="53" /><ent r="3" t="15" w="97" /><ent r="3" t="15" w="97" /><ent r="9" t="16" w="418" /><ent r="4" t="20" w="84" /><ent r="3" t="34" w="1364" /><ent r="7" t="36" w="397" /><ent r="7" t="36" w="397" /></phr></stem><stem n="ecess"><phr n="necessary"><ent r="4" t="12" w="342" /><ent r="3" t="13" w="53" /><ent r="3" t="13" w="53" /><ent r="3" t="15" w="97" /><ent r="3" t="15" w="97" /><ent r="9" t="16" w="418" /><ent r="4" t="20" w="84" /><ent r="3" t="34" w="1364" /><ent r="7" t="36" w="397" /><ent r="7" t="36" w="397" /></phr></stem><stem n="cessa"><phr n="necessary"><ent r="4" t="12" w="342" /><ent r="3" t="13" w="53" /><ent r="3" t="13" w="53" /><ent r="3" t="15" w="97" /><ent r="3" t="15" w="97" /><ent r="9" t="16" w="418" /><ent r="4" t="20" w="84" /><ent r="3" t="34" w="1364" /><ent r="7" t="36" w="397" /><ent r="7" t="36" w="397" /></phr></stem><stem n="essar"><phr n="necessary"><ent r="4" t="12" w="342" /><ent r="3" t="13" w="53" /><ent r="3" t="13" w="53" /><ent r="3" t="15" w="97" /><ent r="3" t="15" w="97" /><ent r="9" t="16" w="418" /><ent r="4" t="20" w="84" /><ent r="3" t="34" w="1364" /><ent r="7" t="36" w="397" /><ent r="7" t="36" w="397" /></phr></stem><stem n="ssary"><phr n="necessary"><ent r="4" t="12" w="342" /><ent r="3" t="13" w="53" /><ent r="3" t="13" w="53" /><ent r="3" t="15" w="97" /><ent r="3" t="15" w="97" /><ent r="9" t="16" w="418" /><ent r="4" t="20" w="84" /><ent r="3" t="34" w="1364" /><ent r="7" t="36" w="397" /><ent r="7" t="36" w="397" /></phr></stem><stem n="necess"><phr n="necessary"><ent r="4" t="12" w="342" /><ent r="3" t="13" w="53" /><ent r="3" t="13" w="53" /><ent r="3" t="15" w="97" /><ent r="3" t="15" w="97" /><ent r="9" t="16" w="418" /><ent r="4" t="20" w="84" /><ent r="3" t="34" w="1364" /><ent r="7" t="36" w="397" /><ent r="7" t="36" w="397" /></phr></stem><stem n="ecessa"><phr n="necessary"><ent r="4" t="12" w="342" /><ent r="3" t="13" w="53" /><ent r="3" t="13" w="53" /><ent r="3" t="15" w="97" /><ent r="3" t="15" w="97" /><ent r="9" t="16" w="418" /><ent r="4" t="20" w="84" /><ent r="3" t="34" w="1364" /><ent r="7" t="36" w="397" /><ent r="7" t="36" w="397" /></phr></stem><stem n="cessar"><phr n="necessary"><ent r="4" t="12" w="342" /><ent r="3" t="13" w="53" /><ent r="3" t="13" w="53" /><ent r="3" t="15" w="97" /><ent r="3" t="15" w="97" /><ent r="9" t="16" w="418" /><ent r="4" t="20" w="84" /><ent r="3" t="34" w="1364" /><ent r="7" t="36" w="397" /><ent r="7" t="36" w="397" /></phr></stem><stem n="essary"><phr n="necessary"><ent r="4" t="12" w="342" /><ent r="3" t="13" w="53" /><ent r="3" t="13" w="53" /><ent r="3" t="15" w="97" /><ent r="3" t="15" w="97" /><ent r="9" t="16" w="418" /><ent r="4" t="20" w="84" /><ent r="3" t="34" w="1364" /><ent r="7" t="36" w="397" /><ent r="7" t="36" w="397" /></phr></stem><stem n="necessa"><phr n="necessary"><ent r="4" t="12" w="342" /><ent r="3" t="13" w="53" /><ent r="3" t="13" w="53" /><ent r="3" t="15" w="97" /><ent r="3" t="15" w="97" /><ent r="9" t="16" w="418" /><ent r="4" t="20" w="84" /><ent r="3" t="34" w="1364" /><ent r="7" t="36" w="397" /><ent r="7" t="36" w="397" /></phr></stem><stem n="ecessar"><phr n="necessary"><ent r="4" t="12" w="342" /><ent r="3" t="13" w="53" /><ent r="3" t="13" w="53" /><ent r="3" t="15" w="97" /><ent r="3" t="15" w="97" /><ent r="9" t="16" w="418" /><ent r="4" t="20" w="84" /><ent r="3" t="34" w="1364" /><ent r="7" t="36" w="397" /><ent r="7" t="36" w="397" /></phr></stem><stem n="cessary"><phr n="necessary"><ent r="4" t="12" w="342" /><ent r="3" t="13" w="53" /><ent r="3" t="13" w="53" /><ent r="3" t="15" w="97" /><ent r="3" t="15" w="97" /><ent r="9" t="16" w="418" /><ent r="4" t="20" w="84" /><ent r="3" t="34" w="1364" /><ent r="7" t="36" w="397" /><ent r="7" t="36" w="397" /></phr></stem><stem n="necessar"><phr n="necessary"><ent r="4" t="12" w="342" /><ent r="3" t="13" w="53" /><ent r="3" t="13" w="53" /><ent r="3" t="15" w="97" /><ent r="3" t="15" w="97" /><ent r="9" t="16" w="418" /><ent r="4" t="20" w="84" /><ent r="3" t="34" w="1364" /><ent r="7" t="36" w="397" /><ent r="7" t="36" w="397" /></phr></stem><stem n="ecessary"><phr n="necessary"><ent r="4" t="12" w="342" /><ent r="3" t="13" w="53" /><ent r="3" t="13" w="53" /><ent r="3" t="15" w="97" /><ent r="3" t="15" w="97" /><ent r="9" t="16" w="418" /><ent r="4" t="20" w="84" /><ent r="3" t="34" w="1364" /><ent r="7" t="36" w="397" /><ent r="7" t="36" w="397" /></phr></stem><stem n="necessary"><phr n="necessary"><ent r="4" t="12" w="342" /><ent r="3" t="13" w="53" /><ent r="3" t="13" w="53" /><ent r="3" t="15" w="97" /><ent r="3" t="15" w="97" /><ent r="9" t="16" w="418" /><ent r="4" t="20" w="84" /><ent r="3" t="34" w="1364" /><ent r="7" t="36" w="397" /><ent r="7" t="36" w="397" /></phr></stem><stem n="moment"><phr n="moment"><ent r="3" t="12" w="382" /><ent r="3" t="12" w="382" /><ent r="4" t="34" w="1823" /><ent r="4" t="34" w="1823" /></phr></stem><stem n="mome"><phr n="moment"><ent r="3" t="12" w="382" /><ent r="3" t="12" w="382" /><ent r="4" t="34" w="1823" /><ent r="4" t="34" w="1823" /></phr></stem><stem n="omen"><phr n="moment"><ent r="3" t="12" w="382" /><ent r="3" t="12" w="382" /><ent r="4" t="34" w="1823" /><ent r="4" t="34" w="1823" /></phr></stem><stem n="momen"><phr n="moment"><ent r="3" t="12" w="382" /><ent r="3" t="12" w="382" /><ent r="4" t="34" w="1823" /><ent r="4" t="34" w="1823" /></phr></stem><stem n="oment"><phr n="moment"><ent r="3" t="12" w="382" /><ent r="3" t="12" w="382" /><ent r="4" t="34" w="1823" /><ent r="4" t="34" w="1823" /></phr></stem><stem n="along"><phr n="along"><ent r="3" t="12" w="429" /><ent r="3" t="12" w="429" /><ent r="3" t="31" w="213" /><ent r="3" t="31" w="213" /><ent r="3" t="36" w="1475" /><ent r="3" t="36" w="1475" /></phr></stem><stem n="alon"><phr n="along"><ent r="3" t="12" w="429" /><ent r="3" t="12" w="429" /><ent r="3" t="31" w="213" /><ent r="3" t="31" w="213" /><ent r="3" t="36" w="1475" /><ent r="3" t="36" w="1475" /></phr></stem><stem n="labi"><phr n="availability"><ent r="3" t="12" w="435" /><ent r="7" t="29" w="436" /><ent r="7" t="29" w="436" /><ent r="3" t="29" w="564" /><ent r="3" t="29" w="564" /><ent r="4" t="36" w="75" /><ent r="4" t="36" w="75" /></phr><phr n="Availability"><ent r="7" t="29" w="294" /><ent r="7" t="29" w="294" /><ent r="67" t="29" w="318" /><ent r="67" t="29" w="318" /><ent r="8" t="29" w="432" /><ent r="7" t="29" w="453" /><ent r="82" t="29" w="457" /><ent r="82" t="29" w="457" /><ent r="3" t="29" w="464" /><ent r="7" t="32" w="270" /><ent r="7" t="32" w="359" /><ent r="7" t="32" w="517" /><ent r="7" t="32" w="571" /><ent r="7" t="32" w="673" /><ent r="7" t="32" w="706" /><ent r="7" t="32" w="730" /><ent r="7" t="32" w="783" /></phr></stem><stem n="abil"><phr n="availability"><ent r="3" t="12" w="435" /><ent r="7" t="29" w="436" /><ent r="7" t="29" w="436" /><ent r="3" t="29" w="564" /><ent r="3" t="29" w="564" /><ent r="4" t="36" w="75" /><ent r="4" t="36" w="75" /></phr><phr n="Availability"><ent r="7" t="29" w="294" /><ent r="7" t="29" w="294" /><ent r="67" t="29" w="318" /><ent r="67" t="29" w="318" /><ent r="8" t="29" w="432" /><ent r="7" t="29" w="453" /><ent r="82" t="29" w="457" /><ent r="82" t="29" w="457" /><ent r="3" t="29" w="464" /><ent r="7" t="32" w="270" /><ent r="7" t="32" w="359" /><ent r="7" t="32" w="517" /><ent r="7" t="32" w="571" /><ent r="7" t="32" w="673" /><ent r="7" t="32" w="706" /><ent r="7" t="32" w="730" /><ent r="7" t="32" w="783" /></phr><phr n="ability"><ent r="4" t="44" w="106" /><ent r="4" t="44" w="106" /></phr></stem><stem n="bili"><phr n="availability"><ent r="3" t="12" w="435" /><ent r="7" t="29" w="436" /><ent r="7" t="29" w="436" /><ent r="3" t="29" w="564" /><ent r="3" t="29" w="564" /><ent r="4" t="36" w="75" /><ent r="4" t="36" w="75" /></phr><phr n="responsibility"><ent r="3" t="22" w="83" /><ent r="3" t="22" w="83" /><ent r="4" t="44" w="181" /><ent r="4" t="44" w="181" /></phr><phr n="flexibility"><ent r="4" t="27" w="706" /></phr><phr n="Availability"><ent r="7" t="29" w="294" /><ent r="7" t="29" w="294" /><ent r="67" t="29" w="318" /><ent r="67" t="29" w="318" /><ent r="8" t="29" w="432" /><ent r="7" t="29" w="453" /><ent r="82" t="29" w="457" /><ent r="82" t="29" w="457" /><ent r="3" t="29" w="464" /><ent r="7" t="32" w="270" /><ent r="7" t="32" w="359" /><ent r="7" t="32" w="517" /><ent r="7" t="32" w="571" /><ent r="7" t="32" w="673" /><ent r="7" t="32" w="706" /><ent r="7" t="32" w="730" /><ent r="7" t="32" w="783" /></phr><phr n="ability"><ent r="4" t="44" w="106" /><ent r="4" t="44" w="106" /></phr></stem><stem n="ilit"><phr n="availability"><ent r="3" t="12" w="435" /><ent r="7" t="29" w="436" /><ent r="7" t="29" w="436" /><ent r="3" t="29" w="564" /><ent r="3" t="29" w="564" /><ent r="4" t="36" w="75" /><ent r="4" t="36" w="75" /></phr><phr n="responsibility"><ent r="3" t="22" w="83" /><ent r="3" t="22" w="83" /><ent r="4" t="44" w="181" /><ent r="4" t="44" w="181" /></phr><phr n="flexibility"><ent r="4" t="27" w="706" /></phr><phr n="Availability"><ent r="7" t="29" w="294" /><ent r="7" t="29" w="294" /><ent r="67" t="29" w="318" /><ent r="67" t="29" w="318" /><ent r="8" t="29" w="432" /><ent r="7" t="29" w="453" /><ent r="82" t="29" w="457" /><ent r="82" t="29" w="457" /><ent r="3" t="29" w="464" /><ent r="7" t="32" w="270" /><ent r="7" t="32" w="359" /><ent r="7" t="32" w="517" /><ent r="7" t="32" w="571" /><ent r="7" t="32" w="673" /><ent r="7" t="32" w="706" /><ent r="7" t="32" w="730" /><ent r="7" t="32" w="783" /></phr><phr n="ability"><ent r="4" t="44" w="106" /><ent r="4" t="44" w="106" /></phr></stem><stem n="abili"><phr n="availability"><ent r="3" t="12" w="435" /><ent r="7" t="29" w="436" /><ent r="7" t="29" w="436" /><ent r="3" t="29" w="564" /><ent r="3" t="29" w="564" /><ent r="4" t="36" w="75" /><ent r="4" t="36" w="75" /></phr><phr n="Availability"><ent r="7" t="29" w="294" /><ent r="7" t="29" w="294" /><ent r="67" t="29" w="318" /><ent r="67" t="29" w="318" /><ent r="8" t="29" w="432" /><ent r="7" t="29" w="453" /><ent r="82" t="29" w="457" /><ent r="82" t="29" w="457" /><ent r="3" t="29" w="464" /><ent r="7" t="32" w="270" /><ent r="7" t="32" w="359" /><ent r="7" t="32" w="517" /><ent r="7" t="32" w="571" /><ent r="7" t="32" w="673" /><ent r="7" t="32" w="706" /><ent r="7" t="32" w="730" /><ent r="7" t="32" w="783" /></phr><phr n="ability"><ent r="4" t="44" w="106" /><ent r="4" t="44" w="106" /></phr></stem><stem n="bilit"><phr n="availability"><ent r="3" t="12" w="435" /><ent r="7" t="29" w="436" /><ent r="7" t="29" w="436" /><ent r="3" t="29" w="564" /><ent r="3" t="29" w="564" /><ent r="4" t="36" w="75" /><ent r="4" t="36" w="75" /></phr><phr n="responsibility"><ent r="3" t="22" w="83" /><ent r="3" t="22" w="83" /><ent r="4" t="44" w="181" /><ent r="4" t="44" w="181" /></phr><phr n="flexibility"><ent r="4" t="27" w="706" /></phr><phr n="Availability"><ent r="7" t="29" w="294" /><ent r="7" t="29" w="294" /><ent r="67" t="29" w="318" /><ent r="67" t="29" w="318" /><ent r="8" t="29" w="432" /><ent r="7" t="29" w="453" /><ent r="82" t="29" w="457" /><ent r="82" t="29" w="457" /><ent r="3" t="29" w="464" /><ent r="7" t="32" w="270" /><ent r="7" t="32" w="359" /><ent r="7" t="32" w="517" /><ent r="7" t="32" w="571" /><ent r="7" t="32" w="673" /><ent r="7" t="32" w="706" /><ent r="7" t="32" w="730" /><ent r="7" t="32" w="783" /></phr><phr n="ability"><ent r="4" t="44" w="106" /><ent r="4" t="44" w="106" /></phr></stem><stem n="ility"><phr n="availability"><ent r="3" t="12" w="435" /><ent r="7" t="29" w="436" /><ent r="7" t="29" w="436" /><ent r="3" t="29" w="564" /><ent r="3" t="29" w="564" /><ent r="4" t="36" w="75" /><ent r="4" t="36" w="75" /></phr><phr n="responsibility"><ent r="3" t="22" w="83" /><ent r="3" t="22" w="83" /><ent r="4" t="44" w="181" /><ent r="4" t="44" w="181" /></phr><phr n="flexibility"><ent r="4" t="27" w="706" /></phr><phr n="Availability"><ent r="7" t="29" w="294" /><ent r="7" t="29" w="294" /><ent r="67" t="29" w="318" /><ent r="67" t="29" w="318" /><ent r="8" t="29" w="432" /><ent r="7" t="29" w="453" /><ent r="82" t="29" w="457" /><ent r="82" t="29" w="457" /><ent r="3" t="29" w="464" /><ent r="7" t="32" w="270" /><ent r="7" t="32" w="359" /><ent r="7" t="32" w="517" /><ent r="7" t="32" w="571" /><ent r="7" t="32" w="673" /><ent r="7" t="32" w="706" /><ent r="7" t="32" w="730" /><ent r="7" t="32" w="783" /></phr><phr n="ability"><ent r="4" t="44" w="106" /><ent r="4" t="44" w="106" /></phr></stem><stem n="ilabi"><phr n="availability"><ent r="3" t="12" w="435" /><ent r="7" t="29" w="436" /><ent r="7" t="29" w="436" /><ent r="3" t="29" w="564" /><ent r="3" t="29" w="564" /><ent r="4" t="36" w="75" /><ent r="4" t="36" w="75" /></phr><phr n="Availability"><ent r="7" t="29" w="294" /><ent r="7" t="29" w="294" /><ent r="67" t="29" w="318" /><ent r="67" t="29" w="318" /><ent r="8" t="29" w="432" /><ent r="7" t="29" w="453" /><ent r="82" t="29" w="457" /><ent r="82" t="29" w="457" /><ent r="3" t="29" w="464" /><ent r="7" t="32" w="270" /><ent r="7" t="32" w="359" /><ent r="7" t="32" w="517" /><ent r="7" t="32" w="571" /><ent r="7" t="32" w="673" /><ent r="7" t="32" w="706" /><ent r="7" t="32" w="730" /><ent r="7" t="32" w="783" /></phr></stem><stem n="labil"><phr n="availability"><ent r="3" t="12" w="435" /><ent r="7" t="29" w="436" /><ent r="7" t="29" w="436" /><ent r="3" t="29" w="564" /><ent r="3" t="29" w="564" /><ent r="4" t="36" w="75" /><ent r="4" t="36" w="75" /></phr><phr n="Availability"><ent r="7" t="29" w="294" /><ent r="7" t="29" w="294" /><ent r="67" t="29" w="318" /><ent r="67" t="29" w="318" /><ent r="8" t="29" w="432" /><ent r="7" t="29" w="453" /><ent r="82" t="29" w="457" /><ent r="82" t="29" w="457" /><ent r="3" t="29" w="464" /><ent r="7" t="32" w="270" /><ent r="7" t="32" w="359" /><ent r="7" t="32" w="517" /><ent r="7" t="32" w="571" /><ent r="7" t="32" w="673" /><ent r="7" t="32" w="706" /><ent r="7" t="32" w="730" /><ent r="7" t="32" w="783" /></phr></stem><stem n="bility"><phr n="availability"><ent r="3" t="12" w="435" /><ent r="7" t="29" w="436" /><ent r="7" t="29" w="436" /><ent r="3" t="29" w="564" /><ent r="3" t="29" w="564" /><ent r="4" t="36" w="75" /><ent r="4" t="36" w="75" /></phr><phr n="responsibility"><ent r="3" t="22" w="83" /><ent r="3" t="22" w="83" /><ent r="4" t="44" w="181" /><ent r="4" t="44" w="181" /></phr><phr n="flexibility"><ent r="4" t="27" w="706" /></phr><phr n="Availability"><ent r="7" t="29" w="294" /><ent r="7" t="29" w="294" /><ent r="67" t="29" w="318" /><ent r="67" t="29" w="318" /><ent r="8" t="29" w="432" /><ent r="7" t="29" w="453" /><ent r="82" t="29" w="457" /><ent r="82" t="29" w="457" /><ent r="3" t="29" w="464" /><ent r="7" t="32" w="270" /><ent r="7" t="32" w="359" /><ent r="7" t="32" w="517" /><ent r="7" t="32" w="571" /><ent r="7" t="32" w="673" /><ent r="7" t="32" w="706" /><ent r="7" t="32" w="730" /><ent r="7" t="32" w="783" /></phr><phr n="ability"><ent r="4" t="44" w="106" /><ent r="4" t="44" w="106" /></phr></stem><stem n="ailabi"><phr n="availability"><ent r="3" t="12" w="435" /><ent r="7" t="29" w="436" /><ent r="7" t="29" w="436" /><ent r="3" t="29" w="564" /><ent r="3" t="29" w="564" /><ent r="4" t="36" w="75" /><ent r="4" t="36" w="75" /></phr><phr n="Availability"><ent r="7" t="29" w="294" /><ent r="7" t="29" w="294" /><ent r="67" t="29" w="318" /><ent r="67" t="29" w="318" /><ent r="8" t="29" w="432" /><ent r="7" t="29" w="453" /><ent r="82" t="29" w="457" /><ent r="82" t="29" w="457" /><ent r="3" t="29" w="464" /><ent r="7" t="32" w="270" /><ent r="7" t="32" w="359" /><ent r="7" t="32" w="517" /><ent r="7" t="32" w="571" /><ent r="7" t="32" w="673" /><ent r="7" t="32" w="706" /><ent r="7" t="32" w="730" /><ent r="7" t="32" w="783" /></phr></stem><stem n="ilabil"><phr n="availability"><ent r="3" t="12" w="435" /><ent r="7" t="29" w="436" /><ent r="7" t="29" w="436" /><ent r="3" t="29" w="564" /><ent r="3" t="29" w="564" /><ent r="4" t="36" w="75" /><ent r="4" t="36" w="75" /></phr><phr n="Availability"><ent r="7" t="29" w="294" /><ent r="7" t="29" w="294" /><ent r="67" t="29" w="318" /><ent r="67" t="29" w="318" /><ent r="8" t="29" w="432" /><ent r="7" t="29" w="453" /><ent r="82" t="29" w="457" /><ent r="82" t="29" w="457" /><ent r="3" t="29" w="464" /><ent r="7" t="32" w="270" /><ent r="7" t="32" w="359" /><ent r="7" t="32" w="517" /><ent r="7" t="32" w="571" /><ent r="7" t="32" w="673" /><ent r="7" t="32" w="706" /><ent r="7" t="32" w="730" /><ent r="7" t="32" w="783" /></phr></stem><stem n="labili"><phr n="availability"><ent r="3" t="12" w="435" /><ent r="7" t="29" w="436" /><ent r="7" t="29" w="436" /><ent r="3" t="29" w="564" /><ent r="3" t="29" w="564" /><ent r="4" t="36" w="75" /><ent r="4" t="36" w="75" /></phr><phr n="Availability"><ent r="7" t="29" w="294" /><ent r="7" t="29" w="294" /><ent r="67" t="29" w="318" /><ent r="67" t="29" w="318" /><ent r="8" t="29" w="432" /><ent r="7" t="29" w="453" /><ent r="82" t="29" w="457" /><ent r="82" t="29" w="457" /><ent r="3" t="29" w="464" /><ent r="7" t="32" w="270" /><ent r="7" t="32" w="359" /><ent r="7" t="32" w="517" /><ent r="7" t="32" w="571" /><ent r="7" t="32" w="673" /><ent r="7" t="32" w="706" /><ent r="7" t="32" w="730" /><ent r="7" t="32" w="783" /></phr></stem><stem n="abilit"><phr n="availability"><ent r="3" t="12" w="435" /><ent r="7" t="29" w="436" /><ent r="7" t="29" w="436" /><ent r="3" t="29" w="564" /><ent r="3" t="29" w="564" /><ent r="4" t="36" w="75" /><ent r="4" t="36" w="75" /></phr><phr n="Availability"><ent r="7" t="29" w="294" /><ent r="7" t="29" w="294" /><ent r="67" t="29" w="318" /><ent r="67" t="29" w="318" /><ent r="8" t="29" w="432" /><ent r="7" t="29" w="453" /><ent r="82" t="29" w="457" /><ent r="82" t="29" w="457" /><ent r="3" t="29" w="464" /><ent r="7" t="32" w="270" /><ent r="7" t="32" w="359" /><ent r="7" t="32" w="517" /><ent r="7" t="32" w="571" /><ent r="7" t="32" w="673" /><ent r="7" t="32" w="706" /><ent r="7" t="32" w="730" /><ent r="7" t="32" w="783" /></phr><phr n="ability"><ent r="4" t="44" w="106" /><ent r="4" t="44" w="106" /></phr></stem><stem n="vailabi"><phr n="availability"><ent r="3" t="12" w="435" /><ent r="7" t="29" w="436" /><ent r="7" t="29" w="436" /><ent r="3" t="29" w="564" /><ent r="3" t="29" w="564" /><ent r="4" t="36" w="75" /><ent r="4" t="36" w="75" /></phr><phr n="Availability"><ent r="7" t="29" w="294" /><ent r="7" t="29" w="294" /><ent r="67" t="29" w="318" /><ent r="67" t="29" w="318" /><ent r="8" t="29" w="432" /><ent r="7" t="29" w="453" /><ent r="82" t="29" w="457" /><ent r="82" t="29" w="457" /><ent r="3" t="29" w="464" /><ent r="7" t="32" w="270" /><ent r="7" t="32" w="359" /><ent r="7" t="32" w="517" /><ent r="7" t="32" w="571" /><ent r="7" t="32" w="673" /><ent r="7" t="32" w="706" /><ent r="7" t="32" w="730" /><ent r="7" t="32" w="783" /></phr></stem></index>