<?xml version="1.0" encoding="utf-8"?><index><stem n="restart"><phr n="restarted"><ent r="6" t="3" w="701" /><ent r="4" t="34" w="1116" /><ent r="4" t="34" w="1116" /></phr><phr n="restarts"><ent r="3" t="31" w="1524" /></phr></stem><stem n="rest"><phr n="restarted"><ent r="6" t="3" w="701" /><ent r="4" t="34" w="1116" /><ent r="4" t="34" w="1116" /></phr><phr n="restricted"><ent r="6" t="3" w="949" /><ent r="4" t="6" w="138" /></phr><phr n="restore"><ent r="7" t="15" w="518" /><ent r="7" t="15" w="518" /><ent r="3" t="17" w="121" /><ent r="3" t="17" w="121" /><ent r="4" t="34" w="1153" /><ent r="4" t="34" w="1153" /><ent r="6" t="35" w="428" /><ent r="6" t="35" w="428" /></phr><phr n="unrestricted"><ent r="4" t="19" w="282" /><ent r="4" t="19" w="282" /></phr><phr n="restricts"><ent r="4" t="19" w="296" /><ent r="4" t="19" w="296" /></phr><phr n="restarts"><ent r="3" t="31" w="1524" /></phr><phr n="restored"><ent r="3" t="31" w="1564" /></phr></stem><stem n="esta"><phr n="restarted"><ent r="6" t="3" w="701" /><ent r="4" t="34" w="1116" /><ent r="4" t="34" w="1116" /></phr><phr n="established"><ent r="6" t="3" w="735" /><ent r="6" t="3" w="735" /><ent r="6" t="3" w="747" /><ent r="6" t="3" w="747" /><ent r="6" t="3" w="765" /><ent r="6" t="3" w="765" /><ent r="6" t="3" w="772" /><ent r="3" t="12" w="41" /><ent r="3" t="12" w="41" /><ent r="3" t="12" w="49" /><ent r="3" t="12" w="414" /><ent r="4" t="13" w="294" /><ent r="4" t="13" w="294" /></phr><phr n="establish"><ent r="6" t="3" w="791" /><ent r="6" t="3" w="791" /><ent r="4" t="6" w="252" /><ent r="4" t="6" w="252" /><ent r="4" t="11" w="350" /><ent r="4" t="11" w="350" /><ent r="4" t="11" w="362" /><ent r="4" t="11" w="362" /><ent r="4" t="11" w="380" /><ent r="4" t="11" w="380" /><ent r="4" t="11" w="391" /><ent r="4" t="11" w="391" /><ent r="4" t="11" w="431" /><ent r="4" t="11" w="431" /><ent r="3" t="12" w="83" /><ent r="3" t="12" w="83" /><ent r="3" t="12" w="94" /><ent r="3" t="12" w="94" /><ent r="4" t="12" w="204" /><ent r="4" t="12" w="204" /><ent r="3" t="12" w="258" /><ent r="3" t="12" w="258" /><ent r="4" t="12" w="303" /><ent r="4" t="12" w="303" /><ent r="3" t="14" w="55" /><ent r="3" t="14" w="55" /><ent r="4" t="14" w="451" /><ent r="4" t="14" w="451" /><ent r="7" t="45" w="269" /><ent r="7" t="45" w="269" /></phr><phr n="Establishing"><ent r="64" t="6" w="269" /><ent r="64" t="6" w="269" /><ent r="65" t="11" w="373" /><ent r="65" t="11" w="373" /><ent r="65" t="11" w="456" /><ent r="65" t="11" w="456" /><ent r="1000" t="12" w="1" /><ent r="1000" t="12" w="1" /><ent r="100" t="12" w="7" /><ent r="100" t="12" w="7" /><ent r="102" t="12" w="20" /><ent r="102" t="12" w="20" /><ent r="3" t="12" w="274" /><ent r="3" t="12" w="274" /><ent r="3" t="13" w="322" /><ent r="3" t="13" w="322" /><ent r="4" t="14" w="103" /><ent r="4" t="14" w="103" /><ent r="64" t="31" w="967" /><ent r="64" t="31" w="967" /></phr><phr n="establing"><ent r="100" t="12" w="14" /><ent r="100" t="12" w="14" /></phr><phr n="establishing"><ent r="100" t="12" w="18" /><ent r="100" t="12" w="18" /><ent r="3" t="12" w="137" /><ent r="3" t="12" w="137" /></phr><phr n="restarts"><ent r="3" t="31" w="1524" /></phr></stem><stem n="resta"><phr n="restarted"><ent r="6" t="3" w="701" /><ent r="4" t="34" w="1116" /><ent r="4" t="34" w="1116" /></phr><phr n="restarts"><ent r="3" t="31" w="1524" /></phr></stem><stem n="estar"><phr n="restarted"><ent r="6" t="3" w="701" /><ent r="4" t="34" w="1116" /><ent r="4" t="34" w="1116" /></phr><phr n="restarts"><ent r="3" t="31" w="1524" /></phr></stem><stem n="restar"><phr n="restarted"><ent r="6" t="3" w="701" /><ent r="4" t="34" w="1116" /><ent r="4" t="34" w="1116" /></phr><phr n="restarts"><ent r="3" t="31" w="1524" /></phr></stem><stem n="estart"><phr n="restarted"><ent r="6" t="3" w="701" /><ent r="4" t="34" w="1116" /><ent r="4" t="34" w="1116" /></phr><phr n="restarts"><ent r="3" t="31" w="1524" /></phr></stem><stem n="estarte"><phr n="restarted"><ent r="6" t="3" w="701" /><ent r="4" t="34" w="1116" /><ent r="4" t="34" w="1116" /></phr></stem><stem n="restarte"><phr n="restarted"><ent r="6" t="3" w="701" /><ent r="4" t="34" w="1116" /><ent r="4" t="34" w="1116" /></phr></stem><stem n="estarted"><phr n="restarted"><ent r="6" t="3" w="701" /><ent r="4" t="34" w="1116" /><ent r="4" t="34" w="1116" /></phr></stem><stem n="restarted"><phr n="restarted"><ent r="6" t="3" w="701" /><ent r="4" t="34" w="1116" /><ent r="4" t="34" w="1116" /></phr></stem><stem n="determin"><phr n="determined"><ent r="6" t="3" w="712" /><ent r="6" t="29" w="314" /></phr><phr n="determines"><ent r="3" t="13" w="146" /><ent r="3" t="13" w="146" /><ent r="4" t="19" w="345" /><ent r="4" t="19" w="345" /><ent r="3" t="22" w="128" /><ent r="3" t="22" w="128" /></phr></stem><stem n="dete"><phr n="determined"><ent r="6" t="3" w="712" /><ent r="6" t="29" w="314" /></phr><phr n="determines"><ent r="3" t="13" w="146" /><ent r="3" t="13" w="146" /><ent r="4" t="19" w="345" /><ent r="4" t="19" w="345" /><ent r="3" t="22" w="128" /><ent r="3" t="22" w="128" /></phr><phr n="detects"><ent r="4" t="31" w="535" /><ent r="4" t="31" w="535" /></phr></stem><stem n="rmin"><phr n="determined"><ent r="6" t="3" w="712" /><ent r="6" t="29" w="314" /></phr><phr n="performing"><ent r="4" t="4" w="175" /><ent r="4" t="4" w="175" /><ent r="3" t="13" w="110" /><ent r="3" t="13" w="110" /><ent r="3" t="13" w="241" /><ent r="3" t="13" w="241" /><ent r="4" t="19" w="301" /><ent r="4" t="19" w="301" /><ent r="7" t="38" w="233" /><ent r="7" t="38" w="233" /></phr><phr n="Confirming"><ent r="3" t="12" w="253" /><ent r="3" t="12" w="253" /></phr><phr n="determines"><ent r="3" t="13" w="146" /><ent r="3" t="13" w="146" /><ent r="4" t="19" w="345" /><ent r="4" t="19" w="345" /><ent r="3" t="22" w="128" /><ent r="3" t="22" w="128" /></phr></stem><stem n="eter"><phr n="determined"><ent r="6" t="3" w="712" /><ent r="6" t="29" w="314" /></phr><phr n="determines"><ent r="3" t="13" w="146" /><ent r="3" t="13" w="146" /><ent r="4" t="19" w="345" /><ent r="4" t="19" w="345" /><ent r="3" t="22" w="128" /><ent r="3" t="22" w="128" /></phr><phr n="parameters"><ent r="4" t="26" w="696" /><ent r="4" t="26" w="696" /><ent r="4" t="27" w="900" /><ent r="3" t="31" w="696" /><ent r="3" t="34" w="1644" /></phr><phr n="parameter"><ent r="3" t="31" w="705" /><ent r="3" t="31" w="705" /></phr></stem><stem n="mine"><phr n="determined"><ent r="6" t="3" w="712" /><ent r="6" t="29" w="314" /></phr><phr n="Examine"><ent r="4" t="9" w="247" /><ent r="4" t="9" w="247" /><ent r="4" t="12" w="280" /><ent r="4" t="12" w="280" /><ent r="4" t="17" w="708" /><ent r="4" t="17" w="708" /></phr><phr n="determines"><ent r="3" t="13" w="146" /><ent r="3" t="13" w="146" /><ent r="4" t="19" w="345" /><ent r="4" t="19" w="345" /><ent r="3" t="22" w="128" /><ent r="3" t="22" w="128" /></phr><phr n="examine"><ent r="4" t="14" w="473" /><ent r="4" t="14" w="473" /></phr></stem><stem n="term"><phr n="determined"><ent r="6" t="3" w="712" /><ent r="6" t="29" w="314" /></phr><phr n="determines"><ent r="3" t="13" w="146" /><ent r="3" t="13" w="146" /><ent r="4" t="19" w="345" /><ent r="4" t="19" w="345" /><ent r="3" t="22" w="128" /><ent r="3" t="22" w="128" /></phr></stem><stem n="deter"><phr n="determined"><ent r="6" t="3" w="712" /><ent r="6" t="29" w="314" /></phr><phr n="determines"><ent r="3" t="13" w="146" /><ent r="3" t="13" w="146" /><ent r="4" t="19" w="345" /><ent r="4" t="19" w="345" /><ent r="3" t="22" w="128" /><ent r="3" t="22" w="128" /></phr></stem><stem n="mined"><phr n="determined"><ent r="6" t="3" w="712" /><ent r="6" t="29" w="314" /></phr></stem><stem n="eterm"><phr n="determined"><ent r="6" t="3" w="712" /><ent r="6" t="29" w="314" /></phr><phr n="determines"><ent r="3" t="13" w="146" /><ent r="3" t="13" w="146" /><ent r="4" t="19" w="345" /><ent r="4" t="19" w="345" /><ent r="3" t="22" w="128" /><ent r="3" t="22" w="128" /></phr></stem><stem n="termi"><phr n="determined"><ent r="6" t="3" w="712" /><ent r="6" t="29" w="314" /></phr><phr n="determines"><ent r="3" t="13" w="146" /><ent r="3" t="13" w="146" /><ent r="4" t="19" w="345" /><ent r="4" t="19" w="345" /><ent r="3" t="22" w="128" /><ent r="3" t="22" w="128" /></phr></stem><stem n="ermin"><phr n="determined"><ent r="6" t="3" w="712" /><ent r="6" t="29" w="314" /></phr><phr n="determines"><ent r="3" t="13" w="146" /><ent r="3" t="13" w="146" /><ent r="4" t="19" w="345" /><ent r="4" t="19" w="345" /><ent r="3" t="22" w="128" /><ent r="3" t="22" w="128" /></phr></stem><stem n="rmine"><phr n="determined"><ent r="6" t="3" w="712" /><ent r="6" t="29" w="314" /></phr><phr n="determines"><ent r="3" t="13" w="146" /><ent r="3" t="13" w="146" /><ent r="4" t="19" w="345" /><ent r="4" t="19" w="345" /><ent r="3" t="22" w="128" /><ent r="3" t="22" w="128" /></phr></stem><stem n="determ"><phr n="determined"><ent r="6" t="3" w="712" /><ent r="6" t="29" w="314" /></phr><phr n="determines"><ent r="3" t="13" w="146" /><ent r="3" t="13" w="146" /><ent r="4" t="19" w="345" /><ent r="4" t="19" w="345" /><ent r="3" t="22" w="128" /><ent r="3" t="22" w="128" /></phr></stem><stem n="etermi"><phr n="determined"><ent r="6" t="3" w="712" /><ent r="6" t="29" w="314" /></phr><phr n="determines"><ent r="3" t="13" w="146" /><ent r="3" t="13" w="146" /><ent r="4" t="19" w="345" /><ent r="4" t="19" w="345" /><ent r="3" t="22" w="128" /><ent r="3" t="22" w="128" /></phr></stem><stem n="termin"><phr n="determined"><ent r="6" t="3" w="712" /><ent r="6" t="29" w="314" /></phr><phr n="determines"><ent r="3" t="13" w="146" /><ent r="3" t="13" w="146" /><ent r="4" t="19" w="345" /><ent r="4" t="19" w="345" /><ent r="3" t="22" w="128" /><ent r="3" t="22" w="128" /></phr></stem><stem n="ermine"><phr n="determined"><ent r="6" t="3" w="712" /><ent r="6" t="29" w="314" /></phr><phr n="determines"><ent r="3" t="13" w="146" /><ent r="3" t="13" w="146" /><ent r="4" t="19" w="345" /><ent r="4" t="19" w="345" /><ent r="3" t="22" w="128" /><ent r="3" t="22" w="128" /></phr></stem><stem n="rmined"><phr n="determined"><ent r="6" t="3" w="712" /><ent r="6" t="29" w="314" /></phr></stem><stem n="determi"><phr n="determined"><ent r="6" t="3" w="712" /><ent r="6" t="29" w="314" /></phr><phr n="determines"><ent r="3" t="13" w="146" /><ent r="3" t="13" w="146" /><ent r="4" t="19" w="345" /><ent r="4" t="19" w="345" /><ent r="3" t="22" w="128" /><ent r="3" t="22" w="128" /></phr></stem><stem n="etermin"><phr n="determined"><ent r="6" t="3" w="712" /><ent r="6" t="29" w="314" /></phr><phr n="determines"><ent r="3" t="13" w="146" /><ent r="3" t="13" w="146" /><ent r="4" t="19" w="345" /><ent r="4" t="19" w="345" /><ent r="3" t="22" w="128" /><ent r="3" t="22" w="128" /></phr></stem><stem n="termine"><phr n="determined"><ent r="6" t="3" w="712" /><ent r="6" t="29" w="314" /></phr><phr n="determines"><ent r="3" t="13" w="146" /><ent r="3" t="13" w="146" /><ent r="4" t="19" w="345" /><ent r="4" t="19" w="345" /><ent r="3" t="22" w="128" /><ent r="3" t="22" w="128" /></phr></stem><stem n="ermined"><phr n="determined"><ent r="6" t="3" w="712" /><ent r="6" t="29" w="314" /></phr></stem><stem n="etermine"><phr n="determined"><ent r="6" t="3" w="712" /><ent r="6" t="29" w="314" /></phr><phr n="determines"><ent r="3" t="13" w="146" /><ent r="3" t="13" w="146" /><ent r="4" t="19" w="345" /><ent r="4" t="19" w="345" /><ent r="3" t="22" w="128" /><ent r="3" t="22" w="128" /></phr></stem><stem n="termined"><phr n="determined"><ent r="6" t="3" w="712" /><ent r="6" t="29" w="314" /></phr></stem><stem n="determine"><phr n="determined"><ent r="6" t="3" w="712" /><ent r="6" t="29" w="314" /></phr><phr n="determines"><ent r="3" t="13" w="146" /><ent r="3" t="13" w="146" /><ent r="4" t="19" w="345" /><ent r="4" t="19" w="345" /><ent r="3" t="22" w="128" /><ent r="3" t="22" w="128" /></phr></stem><stem n="etermined"><phr n="determined"><ent r="6" t="3" w="712" /><ent r="6" t="29" w="314" /></phr></stem><stem n="determined"><phr n="determined"><ent r="6" t="3" w="712" /><ent r="6" t="29" w="314" /></phr></stem><stem n="node-bas"><phr n="Node-based"><ent r="6" t="3" w="713" /><ent r="6" t="3" w="713" /></phr><phr n="node-based"><ent r="4" t="6" w="195" /><ent r="4" t="6" w="195" /><ent r="4" t="19" w="351" /><ent r="4" t="19" w="351" /></phr></stem><stem n="ode-"><phr n="Node-based"><ent r="6" t="3" w="713" /><ent r="6" t="3" w="713" /></phr><phr n="node-based"><ent r="4" t="6" w="195" /><ent r="4" t="6" w="195" /><ent r="4" t="19" w="351" /><ent r="4" t="19" w="351" /></phr><phr n="node-specific"><ent r="4" t="44" w="143" /><ent r="4" t="44" w="143" /></phr></stem><stem n="de-b"><phr n="Node-based"><ent r="6" t="3" w="713" /><ent r="6" t="3" w="713" /></phr><phr n="node-based"><ent r="4" t="6" w="195" /><ent r="4" t="6" w="195" /><ent r="4" t="19" w="351" /><ent r="4" t="19" w="351" /></phr></stem><stem n="e-ba"><phr n="Node-based"><ent r="6" t="3" w="713" /><ent r="6" t="3" w="713" /></phr><phr n="node-based"><ent r="4" t="6" w="195" /><ent r="4" t="6" w="195" /><ent r="4" t="19" w="351" /><ent r="4" t="19" w="351" /></phr></stem><stem n="node-"><phr n="Node-based"><ent r="6" t="3" w="713" /><ent r="6" t="3" w="713" /></phr><phr n="node-based"><ent r="4" t="6" w="195" /><ent r="4" t="6" w="195" /><ent r="4" t="19" w="351" /><ent r="4" t="19" w="351" /></phr><phr n="node-specific"><ent r="4" t="44" w="143" /><ent r="4" t="44" w="143" /></phr></stem><stem n="ode-b"><phr n="Node-based"><ent r="6" t="3" w="713" /><ent r="6" t="3" w="713" /></phr><phr n="node-based"><ent r="4" t="6" w="195" /><ent r="4" t="6" w="195" /><ent r="4" t="19" w="351" /><ent r="4" t="19" w="351" /></phr></stem><stem n="de-ba"><phr n="Node-based"><ent r="6" t="3" w="713" /><ent r="6" t="3" w="713" /></phr><phr n="node-based"><ent r="4" t="6" w="195" /><ent r="4" t="6" w="195" /><ent r="4" t="19" w="351" /><ent r="4" t="19" w="351" /></phr></stem><stem n="e-bas"><phr n="Node-based"><ent r="6" t="3" w="713" /><ent r="6" t="3" w="713" /></phr><phr n="node-based"><ent r="4" t="6" w="195" /><ent r="4" t="6" w="195" /><ent r="4" t="19" w="351" /><ent r="4" t="19" w="351" /></phr></stem><stem n="node-b"><phr n="Node-based"><ent r="6" t="3" w="713" /><ent r="6" t="3" w="713" /></phr><phr n="node-based"><ent r="4" t="6" w="195" /><ent r="4" t="6" w="195" /><ent r="4" t="19" w="351" /><ent r="4" t="19" w="351" /></phr></stem><stem n="ode-ba"><phr n="Node-based"><ent r="6" t="3" w="713" /><ent r="6" t="3" w="713" /></phr><phr n="node-based"><ent r="4" t="6" w="195" /><ent r="4" t="6" w="195" /><ent r="4" t="19" w="351" /><ent r="4" t="19" w="351" /></phr></stem><stem n="de-bas"><phr n="Node-based"><ent r="6" t="3" w="713" /><ent r="6" t="3" w="713" /></phr><phr n="node-based"><ent r="4" t="6" w="195" /><ent r="4" t="6" w="195" /><ent r="4" t="19" w="351" /><ent r="4" t="19" w="351" /></phr></stem><stem n="e-base"><phr n="Node-based"><ent r="6" t="3" w="713" /><ent r="6" t="3" w="713" /></phr><phr n="node-based"><ent r="4" t="6" w="195" /><ent r="4" t="6" w="195" /><ent r="4" t="19" w="351" /><ent r="4" t="19" w="351" /></phr></stem><stem n="node-ba"><phr n="Node-based"><ent r="6" t="3" w="713" /><ent r="6" t="3" w="713" /></phr><phr n="node-based"><ent r="4" t="6" w="195" /><ent r="4" t="6" w="195" /><ent r="4" t="19" w="351" /><ent r="4" t="19" w="351" /></phr></stem><stem n="ode-bas"><phr n="Node-based"><ent r="6" t="3" w="713" /><ent r="6" t="3" w="713" /></phr><phr n="node-based"><ent r="4" t="6" w="195" /><ent r="4" t="6" w="195" /><ent r="4" t="19" w="351" /><ent r="4" t="19" w="351" /></phr></stem><stem n="de-base"><phr n="Node-based"><ent r="6" t="3" w="713" /><ent r="6" t="3" w="713" /></phr><phr n="node-based"><ent r="4" t="6" w="195" /><ent r="4" t="6" w="195" /><ent r="4" t="19" w="351" /><ent r="4" t="19" w="351" /></phr></stem><stem n="e-based"><phr n="Node-based"><ent r="6" t="3" w="713" /><ent r="6" t="3" w="713" /></phr><phr n="node-based"><ent r="4" t="6" w="195" /><ent r="4" t="6" w="195" /><ent r="4" t="19" w="351" /><ent r="4" t="19" w="351" /></phr></stem><stem n="ode-base"><phr n="Node-based"><ent r="6" t="3" w="713" /><ent r="6" t="3" w="713" /></phr><phr n="node-based"><ent r="4" t="6" w="195" /><ent r="4" t="6" w="195" /><ent r="4" t="19" w="351" /><ent r="4" t="19" w="351" /></phr></stem><stem n="de-based"><phr n="Node-based"><ent r="6" t="3" w="713" /><ent r="6" t="3" w="713" /></phr><phr n="node-based"><ent r="4" t="6" w="195" /><ent r="4" t="6" w="195" /><ent r="4" t="19" w="351" /><ent r="4" t="19" w="351" /></phr></stem><stem n="node-base"><phr n="Node-based"><ent r="6" t="3" w="713" /><ent r="6" t="3" w="713" /></phr><phr n="node-based"><ent r="4" t="6" w="195" /><ent r="4" t="6" w="195" /><ent r="4" t="19" w="351" /><ent r="4" t="19" w="351" /></phr></stem><stem n="ode-based"><phr n="Node-based"><ent r="6" t="3" w="713" /><ent r="6" t="3" w="713" /></phr><phr n="node-based"><ent r="4" t="6" w="195" /><ent r="4" t="6" w="195" /><ent r="4" t="19" w="351" /><ent r="4" t="19" w="351" /></phr></stem><stem n="node-based"><phr n="Node-based"><ent r="6" t="3" w="713" /><ent r="6" t="3" w="713" /></phr><phr n="node-based"><ent r="4" t="6" w="195" /><ent r="4" t="6" w="195" /><ent r="4" t="19" w="351" /><ent r="4" t="19" w="351" /></phr></stem><stem n="unavail"><phr n="unavailable"><ent r="6" t="3" w="724" /><ent r="4" t="11" w="422" /><ent r="4" t="26" w="691" /><ent r="7" t="32" w="488" /><ent r="7" t="32" w="488" /></phr></stem><stem n="unav"><phr n="unavailable"><ent r="6" t="3" w="724" /><ent r="4" t="11" w="422" /><ent r="4" t="26" w="691" /><ent r="7" t="32" w="488" /><ent r="7" t="32" w="488" /></phr></stem><stem n="nava"><phr n="unavailable"><ent r="6" t="3" w="724" /><ent r="4" t="11" w="422" /><ent r="4" t="26" w="691" /><ent r="7" t="32" w="488" /><ent r="7" t="32" w="488" /></phr></stem><stem n="unava"><phr n="unavailable"><ent r="6" t="3" w="724" /><ent r="4" t="11" w="422" /><ent r="4" t="26" w="691" /><ent r="7" t="32" w="488" /><ent r="7" t="32" w="488" /></phr></stem><stem n="navai"><phr n="unavailable"><ent r="6" t="3" w="724" /><ent r="4" t="11" w="422" /><ent r="4" t="26" w="691" /><ent r="7" t="32" w="488" /><ent r="7" t="32" w="488" /></phr></stem><stem n="unavai"><phr n="unavailable"><ent r="6" t="3" w="724" /><ent r="4" t="11" w="422" /><ent r="4" t="26" w="691" /><ent r="7" t="32" w="488" /><ent r="7" t="32" w="488" /></phr></stem><stem n="navail"><phr n="unavailable"><ent r="6" t="3" w="724" /><ent r="4" t="11" w="422" /><ent r="4" t="26" w="691" /><ent r="7" t="32" w="488" /><ent r="7" t="32" w="488" /></phr></stem><stem n="navaila"><phr n="unavailable"><ent r="6" t="3" w="724" /><ent r="4" t="11" w="422" /><ent r="4" t="26" w="691" /><ent r="7" t="32" w="488" /><ent r="7" t="32" w="488" /></phr></stem><stem n="unavaila"><phr n="unavailable"><ent r="6" t="3" w="724" /><ent r="4" t="11" w="422" /><ent r="4" t="26" w="691" /><ent r="7" t="32" w="488" /><ent r="7" t="32" w="488" /></phr></stem><stem n="navailab"><phr n="unavailable"><ent r="6" t="3" w="724" /><ent r="4" t="11" w="422" /><ent r="4" t="26" w="691" /><ent r="7" t="32" w="488" /><ent r="7" t="32" w="488" /></phr></stem><stem n="unavailab"><phr n="unavailable"><ent r="6" t="3" w="724" /><ent r="4" t="11" w="422" /><ent r="4" t="26" w="691" /><ent r="7" t="32" w="488" /><ent r="7" t="32" w="488" /></phr></stem><stem n="navailabl"><phr n="unavailable"><ent r="6" t="3" w="724" /><ent r="4" t="11" w="422" /><ent r="4" t="26" w="691" /><ent r="7" t="32" w="488" /><ent r="7" t="32" w="488" /></phr></stem><stem n="unavailabl"><phr n="unavailable"><ent r="6" t="3" w="724" /><ent r="4" t="11" w="422" /><ent r="4" t="26" w="691" /><ent r="7" t="32" w="488" /><ent r="7" t="32" w="488" /></phr></stem><stem n="navailable"><phr n="unavailable"><ent r="6" t="3" w="724" /><ent r="4" t="11" w="422" /><ent r="4" t="26" w="691" /><ent r="7" t="32" w="488" /><ent r="7" t="32" w="488" /></phr></stem><stem n="unavailable"><phr n="unavailable"><ent r="6" t="3" w="724" /><ent r="4" t="11" w="422" /><ent r="4" t="26" w="691" /><ent r="7" t="32" w="488" /><ent r="7" t="32" w="488" /></phr></stem><stem n="dicates"><phr n="Indicates"><ent r="6" t="3" w="730" /><ent r="6" t="3" w="730" /><ent r="6" t="3" w="813" /><ent r="6" t="3" w="813" /><ent r="6" t="36" w="1665" /><ent r="6" t="36" w="1665" /></phr><phr n="indicates"><ent r="7" t="15" w="300" /><ent r="7" t="15" w="300" /><ent r="6" t="36" w="1572" /><ent r="6" t="36" w="1572" /></phr></stem><stem n="ndicates"><phr n="Indicates"><ent r="6" t="3" w="730" /><ent r="6" t="3" w="730" /><ent r="6" t="3" w="813" /><ent r="6" t="3" w="813" /><ent r="6" t="36" w="1665" /><ent r="6" t="36" w="1665" /></phr><phr n="indicates"><ent r="7" t="15" w="300" /><ent r="7" t="15" w="300" /><ent r="6" t="36" w="1572" /><ent r="6" t="36" w="1572" /></phr></stem><stem n="indicates"><phr n="Indicates"><ent r="6" t="3" w="730" /><ent r="6" t="3" w="730" /><ent r="6" t="3" w="813" /><ent r="6" t="3" w="813" /><ent r="6" t="36" w="1665" /><ent r="6" t="36" w="1665" /></phr><phr n="indicates"><ent r="7" t="15" w="300" /><ent r="7" t="15" w="300" /><ent r="6" t="36" w="1572" /><ent r="6" t="36" w="1572" /></phr></stem><stem n="whether"><phr n="whether"><ent r="6" t="3" w="731" /><ent r="6" t="3" w="731" /><ent r="6" t="3" w="814" /><ent r="6" t="3" w="814" /><ent r="7" t="16" w="1112" /><ent r="7" t="16" w="1112" /><ent r="7" t="16" w="1241" /><ent r="7" t="16" w="1241" /><ent r="3" t="17" w="617" /><ent r="3" t="17" w="617" /><ent r="4" t="19" w="346" /><ent r="4" t="19" w="346" /><ent r="4" t="34" w="1454" /><ent r="4" t="34" w="1454" /><ent r="6" t="36" w="1587" /><ent r="6" t="36" w="1587" /><ent r="6" t="44" w="341" /><ent r="6" t="44" w="341" /></phr></stem><stem n="whet"><phr n="whether"><ent r="6" t="3" w="731" /><ent r="6" t="3" w="731" /><ent r="6" t="3" w="814" /><ent r="6" t="3" w="814" /><ent r="7" t="16" w="1112" /><ent r="7" t="16" w="1112" /><ent r="7" t="16" w="1241" /><ent r="7" t="16" w="1241" /><ent r="3" t="17" w="617" /><ent r="3" t="17" w="617" /><ent r="4" t="19" w="346" /><ent r="4" t="19" w="346" /><ent r="4" t="34" w="1454" /><ent r="4" t="34" w="1454" /><ent r="6" t="36" w="1587" /><ent r="6" t="36" w="1587" /><ent r="6" t="44" w="341" /><ent r="6" t="44" w="341" /></phr></stem><stem n="heth"><phr n="whether"><ent r="6" t="3" w="731" /><ent r="6" t="3" w="731" /><ent r="6" t="3" w="814" /><ent r="6" t="3" w="814" /><ent r="7" t="16" w="1112" /><ent r="7" t="16" w="1112" /><ent r="7" t="16" w="1241" /><ent r="7" t="16" w="1241" /><ent r="3" t="17" w="617" /><ent r="3" t="17" w="617" /><ent r="4" t="19" w="346" /><ent r="4" t="19" w="346" /><ent r="4" t="34" w="1454" /><ent r="4" t="34" w="1454" /><ent r="6" t="36" w="1587" /><ent r="6" t="36" w="1587" /><ent r="6" t="44" w="341" /><ent r="6" t="44" w="341" /></phr></stem><stem n="ethe"><phr n="whether"><ent r="6" t="3" w="731" /><ent r="6" t="3" w="731" /><ent r="6" t="3" w="814" /><ent r="6" t="3" w="814" /><ent r="7" t="16" w="1112" /><ent r="7" t="16" w="1112" /><ent r="7" t="16" w="1241" /><ent r="7" t="16" w="1241" /><ent r="3" t="17" w="617" /><ent r="3" t="17" w="617" /><ent r="4" t="19" w="346" /><ent r="4" t="19" w="346" /><ent r="4" t="34" w="1454" /><ent r="4" t="34" w="1454" /><ent r="6" t="36" w="1587" /><ent r="6" t="36" w="1587" /><ent r="6" t="44" w="341" /><ent r="6" t="44" w="341" /></phr><phr n="together"><ent r="6" t="28" w="203" /><ent r="6" t="28" w="203" /><ent r="4" t="36" w="118" /><ent r="4" t="36" w="118" /></phr></stem><stem n="wheth"><phr n="whether"><ent r="6" t="3" w="731" /><ent r="6" t="3" w="731" /><ent r="6" t="3" w="814" /><ent r="6" t="3" w="814" /><ent r="7" t="16" w="1112" /><ent r="7" t="16" w="1112" /><ent r="7" t="16" w="1241" /><ent r="7" t="16" w="1241" /><ent r="3" t="17" w="617" /><ent r="3" t="17" w="617" /><ent r="4" t="19" w="346" /><ent r="4" t="19" w="346" /><ent r="4" t="34" w="1454" /><ent r="4" t="34" w="1454" /><ent r="6" t="36" w="1587" /><ent r="6" t="36" w="1587" /><ent r="6" t="44" w="341" /><ent r="6" t="44" w="341" /></phr></stem><stem n="hethe"><phr n="whether"><ent r="6" t="3" w="731" /><ent r="6" t="3" w="731" /><ent r="6" t="3" w="814" /><ent r="6" t="3" w="814" /><ent r="7" t="16" w="1112" /><ent r="7" t="16" w="1112" /><ent r="7" t="16" w="1241" /><ent r="7" t="16" w="1241" /><ent r="3" t="17" w="617" /><ent r="3" t="17" w="617" /><ent r="4" t="19" w="346" /><ent r="4" t="19" w="346" /><ent r="4" t="34" w="1454" /><ent r="4" t="34" w="1454" /><ent r="6" t="36" w="1587" /><ent r="6" t="36" w="1587" /><ent r="6" t="44" w="341" /><ent r="6" t="44" w="341" /></phr></stem><stem n="ether"><phr n="whether"><ent r="6" t="3" w="731" /><ent r="6" t="3" w="731" /><ent r="6" t="3" w="814" /><ent r="6" t="3" w="814" /><ent r="7" t="16" w="1112" /><ent r="7" t="16" w="1112" /><ent r="7" t="16" w="1241" /><ent r="7" t="16" w="1241" /><ent r="3" t="17" w="617" /><ent r="3" t="17" w="617" /><ent r="4" t="19" w="346" /><ent r="4" t="19" w="346" /><ent r="4" t="34" w="1454" /><ent r="4" t="34" w="1454" /><ent r="6" t="36" w="1587" /><ent r="6" t="36" w="1587" /><ent r="6" t="44" w="341" /><ent r="6" t="44" w="341" /></phr><phr n="together"><ent r="6" t="28" w="203" /><ent r="6" t="28" w="203" /><ent r="4" t="36" w="118" /><ent r="4" t="36" w="118" /></phr></stem><stem n="whethe"><phr n="whether"><ent r="6" t="3" w="731" /><ent r="6" t="3" w="731" /><ent r="6" t="3" w="814" /><ent r="6" t="3" w="814" /><ent r="7" t="16" w="1112" /><ent r="7" t="16" w="1112" /><ent r="7" t="16" w="1241" /><ent r="7" t="16" w="1241" /><ent r="3" t="17" w="617" /><ent r="3" t="17" w="617" /><ent r="4" t="19" w="346" /><ent r="4" t="19" w="346" /><ent r="4" t="34" w="1454" /><ent r="4" t="34" w="1454" /><ent r="6" t="36" w="1587" /><ent r="6" t="36" w="1587" /><ent r="6" t="44" w="341" /><ent r="6" t="44" w="341" /></phr></stem><stem n="hether"><phr n="whether"><ent r="6" t="3" w="731" /><ent r="6" t="3" w="731" /><ent r="6" t="3" w="814" /><ent r="6" t="3" w="814" /><ent r="7" t="16" w="1112" /><ent r="7" t="16" w="1112" /><ent r="7" t="16" w="1241" /><ent r="7" t="16" w="1241" /><ent r="3" t="17" w="617" /><ent r="3" t="17" w="617" /><ent r="4" t="19" w="346" /><ent r="4" t="19" w="346" /><ent r="4" t="34" w="1454" /><ent r="4" t="34" w="1454" /><ent r="6" t="36" w="1587" /><ent r="6" t="36" w="1587" /><ent r="6" t="44" w="341" /><ent r="6" t="44" w="341" /></phr></stem><stem n="establish"><phr n="established"><ent r="6" t="3" w="735" /><ent r="6" t="3" w="735" /><ent r="6" t="3" w="747" /><ent r="6" t="3" w="747" /><ent r="6" t="3" w="765" /><ent r="6" t="3" w="765" /><ent r="6" t="3" w="772" /><ent r="3" t="12" w="41" /><ent r="3" t="12" w="41" /><ent r="3" t="12" w="49" /><ent r="3" t="12" w="414" /><ent r="4" t="13" w="294" /><ent r="4" t="13" w="294" /></phr><phr n="establish"><ent r="6" t="3" w="791" /><ent r="6" t="3" w="791" /><ent r="4" t="6" w="252" /><ent r="4" t="6" w="252" /><ent r="4" t="11" w="350" /><ent r="4" t="11" w="350" /><ent r="4" t="11" w="362" /><ent r="4" t="11" w="362" /><ent r="4" t="11" w="380" /><ent r="4" t="11" w="380" /><ent r="4" t="11" w="391" /><ent r="4" t="11" w="391" /><ent r="4" t="11" w="431" /><ent r="4" t="11" w="431" /><ent r="3" t="12" w="83" /><ent r="3" t="12" w="83" /><ent r="3" t="12" w="94" /><ent r="3" t="12" w="94" /><ent r="4" t="12" w="204" /><ent r="4" t="12" w="204" /><ent r="3" t="12" w="258" /><ent r="3" t="12" w="258" /><ent r="4" t="12" w="303" /><ent r="4" t="12" w="303" /><ent r="3" t="14" w="55" /><ent r="3" t="14" w="55" /><ent r="4" t="14" w="451" /><ent r="4" t="14" w="451" /><ent r="7" t="45" w="269" /><ent r="7" t="45" w="269" /></phr><phr n="Establishing"><ent r="64" t="6" w="269" /><ent r="64" t="6" w="269" /><ent r="65" t="11" w="373" /><ent r="65" t="11" w="373" /><ent r="65" t="11" w="456" /><ent r="65" t="11" w="456" /><ent r="1000" t="12" w="1" /><ent r="1000" t="12" w="1" /><ent r="100" t="12" w="7" /><ent r="100" t="12" w="7" /><ent r="102" t="12" w="20" /><ent r="102" t="12" w="20" /><ent r="3" t="12" w="274" /><ent r="3" t="12" w="274" /><ent r="3" t="13" w="322" /><ent r="3" t="13" w="322" /><ent r="4" t="14" w="103" /><ent r="4" t="14" w="103" /><ent r="64" t="31" w="967" /><ent r="64" t="31" w="967" /></phr><phr n="establishing"><ent r="100" t="12" w="18" /><ent r="100" t="12" w="18" /><ent r="3" t="12" w="137" /><ent r="3" t="12" w="137" /></phr></stem></index>