<?xml version="1.0" encoding="utf-8"?><index><stem n="rprise"><phr n="Enterprise"><ent r="1000" t="0" w="4" /><ent r="1000" t="0" w="4" /><ent r="102" t="0" w="11" /><ent r="102" t="0" w="11" /><ent r="100" t="0" w="18" /><ent r="100" t="0" w="18" /><ent r="100" t="0" w="22" /><ent r="100" t="0" w="22" /><ent r="3" t="0" w="31" /><ent r="3" t="0" w="31" /><ent r="4" t="0" w="75" /><ent r="4" t="0" w="75" /><ent r="4" t="0" w="115" /><ent r="4" t="0" w="115" /><ent r="3" t="0" w="138" /><ent r="3" t="0" w="138" /><ent r="3" t="0" w="165" /><ent r="3" t="0" w="165" /><ent r="64" t="0" w="182" /><ent r="64" t="0" w="182" /><ent r="64" t="0" w="193" /><ent r="64" t="0" w="193" /><ent r="1000" t="1" w="3" /><ent r="1000" t="1" w="3" /><ent r="100" t="1" w="15" /><ent r="100" t="1" w="15" /><ent r="102" t="1" w="22" /><ent r="102" t="1" w="22" /><ent r="3" t="1" w="32" /><ent r="3" t="1" w="32" /><ent r="4" t="1" w="53" /><ent r="4" t="1" w="53" /><ent r="65" t="1" w="77" /><ent r="65" t="1" w="77" /><ent r="5" t="1" w="162" /><ent r="5" t="1" w="162" /><ent r="6" t="1" w="195" /><ent r="6" t="1" w="195" /><ent r="6" t="1" w="279" /><ent r="6" t="1" w="279" /><ent r="100" t="2" w="7" /><ent r="100" t="2" w="7" /><ent r="3" t="2" w="16" /><ent r="3" t="2" w="16" /><ent r="3" t="2" w="51" /><ent r="3" t="2" w="51" /><ent r="4" t="2" w="148" /><ent r="4" t="2" w="148" /><ent r="4" t="2" w="168" /><ent r="4" t="2" w="168" /><ent r="1000" t="3" w="3" /><ent r="1000" t="3" w="3" /><ent r="100" t="3" w="8" /><ent r="100" t="3" w="8" /><ent r="100" t="3" w="11" /><ent r="100" t="3" w="11" /><ent r="102" t="3" w="19" /><ent r="102" t="3" w="19" /><ent r="3" t="3" w="48" /><ent r="3" t="3" w="48" /><ent r="4" t="3" w="226" /><ent r="3" t="3" w="297" /><ent r="3" t="3" w="297" /><ent r="3" t="3" w="357" /><ent r="3" t="3" w="357" /><ent r="3" t="3" w="388" /><ent r="3" t="3" w="388" /><ent r="4" t="3" w="432" /><ent r="4" t="3" w="432" /><ent r="5" t="3" w="486" /><ent r="5" t="3" w="486" /><ent r="6" t="3" w="609" /><ent r="6" t="3" w="609" /><ent r="6" t="3" w="750" /><ent r="6" t="3" w="750" /><ent r="6" t="3" w="848" /><ent r="6" t="3" w="848" /><ent r="6" t="3" w="902" /><ent r="6" t="3" w="902" /><ent r="6" t="3" w="922" /><ent r="6" t="3" w="922" /><ent r="7" t="3" w="1270" /><ent r="7" t="3" w="1270" /><ent r="7" t="3" w="1388" /><ent r="7" t="3" w="1388" /><ent r="7" t="3" w="1405" /><ent r="7" t="3" w="1405" /><ent r="3" t="4" w="23" /><ent r="3" t="4" w="23" /><ent r="4" t="4" w="179" /><ent r="4" t="4" w="179" /><ent r="4" t="4" w="217" /><ent r="4" t="4" w="217" /><ent r="4" t="4" w="231" /><ent r="4" t="4" w="231" /><ent r="1000" t="5" w="4" /><ent r="1000" t="5" w="4" /><ent r="100" t="5" w="8" /><ent r="100" t="5" w="8" /><ent r="102" t="5" w="23" /><ent r="102" t="5" w="23" /><ent r="3" t="5" w="31" /><ent r="3" t="5" w="31" /><ent r="3" t="5" w="55" /><ent r="3" t="5" w="55" /><ent r="3" t="5" w="68" /><ent r="3" t="5" w="68" /><ent r="3" t="5" w="88" /><ent r="3" t="5" w="88" /><ent r="4" t="5" w="135" /><ent r="4" t="5" w="135" /><ent r="4" t="5" w="147" /><ent r="4" t="5" w="147" /><ent r="4" t="5" w="160" /><ent r="4" t="5" w="160" /><ent r="4" t="5" w="189" /><ent r="4" t="5" w="189" /><ent r="100" t="6" w="16" /><ent r="100" t="6" w="16" /><ent r="3" t="6" w="40" /><ent r="3" t="6" w="40" /><ent r="4" t="6" w="61" /><ent r="4" t="6" w="61" /><ent r="3" t="6" w="80" /><ent r="3" t="6" w="80" /><ent r="64" t="6" w="113" /><ent r="64" t="6" w="113" /><ent r="4" t="6" w="120" /><ent r="4" t="6" w="120" /><ent r="4" t="6" w="133" /><ent r="4" t="6" w="133" /><ent r="64" t="6" w="147" /><ent r="64" t="6" w="147" /><ent r="4" t="6" w="172" /><ent r="4" t="6" w="172" /><ent r="3" t="6" w="220" /><ent r="3" t="6" w="220" /><ent r="4" t="6" w="247" /><ent r="4" t="6" w="247" /><ent r="4" t="6" w="280" /><ent r="4" t="6" w="280" /><ent r="1000" t="7" w="4" /><ent r="1000" t="7" w="4" /><ent r="100" t="7" w="10" /><ent r="100" t="7" w="10" /><ent r="100" t="7" w="14" /><ent r="100" t="7" w="14" /><ent r="102" t="7" w="23" /><ent r="102" t="7" w="23" /><ent r="3" t="7" w="36" /><ent r="3" t="7" w="36" /><ent r="3" t="7" w="62" /><ent r="3" t="7" w="62" /><ent r="4" t="7" w="119" /><ent r="4" t="7" w="119" /><ent r="3" t="7" w="138" /><ent r="3" t="7" w="138" /><ent r="4" t="7" w="164" /><ent r="4" t="7" w="164" /><ent r="4" t="7" w="176" /><ent r="4" t="7" w="176" /><ent r="5" t="7" w="184" /><ent r="5" t="7" w="184" /><ent r="4" t="7" w="200" /><ent r="4" t="7" w="200" /><ent r="4" t="7" w="274" /><ent r="4" t="7" w="274" /><ent r="4" t="7" w="473" /><ent r="4" t="7" w="473" /><ent r="65" t="7" w="487" /><ent r="65" t="7" w="487" /><ent r="65" t="7" w="503" /><ent r="65" t="7" w="503" /><ent r="1000" t="8" w="3" /><ent r="1000" t="8" w="3" /><ent r="100" t="8" w="12" /><ent r="100" t="8" w="12" /><ent r="102" t="8" w="21" /><ent r="102" t="8" w="21" /><ent r="3" t="8" w="27" /><ent r="3" t="8" w="27" /><ent r="4" t="8" w="62" /><ent r="4" t="8" w="62" /><ent r="65" t="8" w="72" /><ent r="65" t="8" w="72" /><ent r="3" t="8" w="91" /><ent r="3" t="8" w="91" /><ent r="4" t="8" w="116" /><ent r="4" t="8" w="116" /><ent r="4" t="8" w="154" /><ent r="4" t="8" w="154" /><ent r="4" t="8" w="196" /><ent r="4" t="8" w="196" /><ent r="3" t="8" w="205" /><ent r="3" t="8" w="205" /><ent r="3" t="8" w="224" /><ent r="3" t="8" w="224" /><ent r="3" t="9" w="46" /><ent r="3" t="9" w="46" /><ent r="3" t="9" w="54" /><ent r="3" t="9" w="54" /><ent r="3" t="9" w="107" /><ent r="3" t="9" w="107" /><ent r="64" t="9" w="122" /><ent r="64" t="9" w="122" /><ent r="4" t="9" w="201" /><ent r="4" t="9" w="201" /><ent r="65" t="9" w="218" /><ent r="65" t="9" w="218" /><ent r="4" t="9" w="236" /><ent r="4" t="9" w="236" /><ent r="7" t="10" w="252" /><ent r="7" t="10" w="252" /><ent r="64" t="11" w="78" /><ent r="64" t="11" w="78" /><ent r="64" t="11" w="90" /><ent r="64" t="11" w="90" /><ent r="4" t="11" w="105" /><ent r="4" t="11" w="105" /><ent r="65" t="11" w="151" /><ent r="65" t="11" w="151" /><ent r="5" t="11" w="324" /><ent r="5" t="11" w="324" /><ent r="4" t="11" w="357" /><ent r="4" t="11" w="357" /><ent r="4" t="11" w="414" /><ent r="4" t="11" w="414" /><ent r="3" t="12" w="35" /><ent r="3" t="12" w="35" /><ent r="3" t="12" w="76" /><ent r="3" t="12" w="76" /><ent r="3" t="12" w="146" /><ent r="3" t="12" w="146" /><ent r="3" t="12" w="161" /><ent r="3" t="12" w="161" /><ent r="4" t="12" w="208" /><ent r="4" t="12" w="208" /><ent r="3" t="13" w="40" /><ent r="3" t="13" w="40" /><ent r="3" t="13" w="82" /><ent r="3" t="13" w="82" /><ent r="3" t="13" w="105" /><ent r="3" t="13" w="105" /><ent r="3" t="13" w="156" /><ent r="3" t="13" w="156" /><ent r="3" t="14" w="42" /><ent r="3" t="14" w="42" /><ent r="4" t="14" w="133" /><ent r="4" t="14" w="133" /><ent r="4" t="14" w="141" /><ent r="4" t="14" w="141" /><ent r="3" t="14" w="174" /><ent r="3" t="14" w="174" /><ent r="4" t="14" w="212" /><ent r="4" t="14" w="212" /><ent r="5" t="14" w="401" /><ent r="5" t="14" w="401" /><ent r="4" t="14" w="455" /><ent r="4" t="14" w="455" /><ent r="3" t="14" w="511" /><ent r="3" t="14" w="511" /><ent r="3" t="15" w="41" /><ent r="3" t="15" w="41" /><ent r="65" t="15" w="145" /><ent r="65" t="15" w="145" /><ent r="7" t="15" w="344" /><ent r="7" t="15" w="344" /><ent r="3" t="16" w="33" /><ent r="3" t="16" w="33" /><ent r="3" t="17" w="25" /><ent r="3" t="17" w="25" /><ent r="3" t="17" w="815" /><ent r="3" t="17" w="815" /><ent r="3" t="19" w="36" /><ent r="3" t="19" w="36" /><ent r="4" t="19" w="378" /><ent r="4" t="19" w="378" /><ent r="4" t="20" w="42" /><ent r="4" t="20" w="42" /><ent r="4" t="21" w="43" /><ent r="4" t="21" w="43" /><ent r="4" t="21" w="108" /><ent r="4" t="21" w="108" /><ent r="3" t="22" w="138" /><ent r="3" t="22" w="138" /><ent r="3" t="24" w="83" /><ent r="3" t="24" w="83" /><ent r="3" t="26" w="67" /><ent r="3" t="26" w="67" /><ent r="4" t="27" w="168" /><ent r="4" t="27" w="168" /><ent r="3" t="30" w="34" /><ent r="3" t="30" w="34" /><ent r="66" t="31" w="64" /><ent r="66" t="31" w="64" /><ent r="3" t="31" w="94" /><ent r="3" t="31" w="94" /><ent r="100" t="31" w="495" /><ent r="100" t="31" w="495" /><ent r="100" t="31" w="500" /><ent r="100" t="31" w="500" /><ent r="4" t="31" w="532" /><ent r="4" t="31" w="532" /><ent r="3" t="31" w="752" /><ent r="3" t="31" w="752" /><ent r="92" t="31" w="882" /><ent r="92" t="31" w="882" /><ent r="3" t="31" w="887" /><ent r="3" t="31" w="887" /><ent r="3" t="31" w="1449" /><ent r="3" t="31" w="1449" /><ent r="3" t="31" w="1495" /><ent r="3" t="31" w="1495" /><ent r="3" t="31" w="1521" /><ent r="3" t="31" w="1521" /><ent r="64" t="32" w="149" /><ent r="64" t="32" w="149" /><ent r="7" t="32" w="439" /><ent r="7" t="32" w="439" /><ent r="6" t="32" w="629" /><ent r="6" t="32" w="629" /><ent r="3" t="34" w="105" /><ent r="3" t="34" w="105" /><ent r="3" t="34" w="137" /><ent r="3" t="34" w="137" /><ent r="4" t="34" w="341" /><ent r="4" t="34" w="341" /><ent r="3" t="34" w="440" /><ent r="3" t="34" w="440" /><ent r="64" t="34" w="1298" /><ent r="64" t="34" w="1298" /><ent r="6" t="35" w="185" /><ent r="6" t="35" w="185" /><ent r="6" t="35" w="416" /><ent r="6" t="35" w="416" /><ent r="7" t="36" w="728" /><ent r="7" t="36" w="728" /><ent r="7" t="36" w="1208" /><ent r="7" t="36" w="1208" /><ent r="3" t="36" w="1228" /><ent r="3" t="36" w="1228" /><ent r="3" t="37" w="24" /><ent r="3" t="37" w="24" /><ent r="3" t="38" w="19" /><ent r="3" t="38" w="19" /><ent r="7" t="38" w="237" /><ent r="7" t="38" w="237" /><ent r="7" t="38" w="275" /><ent r="7" t="38" w="275" /><ent r="7" t="38" w="289" /><ent r="7" t="38" w="289" /><ent r="3" t="40" w="25" /><ent r="3" t="40" w="25" /><ent r="6" t="41" w="252" /><ent r="6" t="41" w="252" /><ent r="3" t="42" w="57" /><ent r="3" t="42" w="57" /><ent r="3" t="42" w="88" /><ent r="3" t="42" w="88" /><ent r="4" t="42" w="155" /><ent r="4" t="42" w="155" /><ent r="65" t="42" w="166" /><ent r="65" t="42" w="166" /><ent r="3" t="42" w="255" /><ent r="3" t="42" w="255" /><ent r="3" t="42" w="383" /><ent r="3" t="42" w="383" /><ent r="4" t="42" w="452" /><ent r="4" t="42" w="452" /><ent r="4" t="42" w="488" /><ent r="4" t="42" w="488" /><ent r="3" t="43" w="53" /><ent r="3" t="43" w="53" /><ent r="3" t="44" w="51" /><ent r="3" t="44" w="51" /><ent r="3" t="44" w="65" /><ent r="3" t="44" w="65" /><ent r="4" t="44" w="101" /><ent r="4" t="44" w="101" /><ent r="6" t="44" w="257" /><ent r="6" t="44" w="257" /><ent r="6" t="44" w="274" /><ent r="6" t="44" w="274" /><ent r="3" t="45" w="23" /><ent r="3" t="45" w="23" /><ent r="5" t="45" w="59" /><ent r="5" t="45" w="59" /><ent r="7" t="45" w="76" /><ent r="7" t="45" w="76" /><ent r="7" t="45" w="156" /><ent r="7" t="45" w="156" /><ent r="7" t="45" w="229" /><ent r="7" t="45" w="229" /><ent r="7" t="45" w="292" /><ent r="7" t="45" w="292" /><ent r="3" t="45" w="483" /><ent r="3" t="45" w="483" /><ent r="3" t="46" w="20" /><ent r="3" t="46" w="20" /><ent r="3" t="46" w="130" /><ent r="3" t="46" w="130" /><ent r="3" t="46" w="215" /><ent r="3" t="46" w="215" /><ent r="3" t="46" w="347" /><ent r="3" t="46" w="347" /><ent r="4" t="46" w="362" /><ent r="4" t="46" w="362" /></phr><phr n="enterprise"><ent r="3" t="3" w="23" /><ent r="3" t="3" w="23" /><ent r="3" t="3" w="61" /><ent r="3" t="3" w="61" /><ent r="3" t="3" w="87" /><ent r="3" t="3" w="87" /><ent r="3" t="3" w="101" /><ent r="3" t="3" w="101" /><ent r="3" t="3" w="161" /><ent r="3" t="3" w="161" /><ent r="3" t="3" w="176" /><ent r="3" t="3" w="176" /><ent r="3" t="3" w="184" /><ent r="3" t="3" w="184" /><ent r="4" t="3" w="216" /><ent r="4" t="3" w="216" /><ent r="3" t="3" w="305" /><ent r="3" t="3" w="305" /><ent r="4" t="3" w="416" /><ent r="4" t="3" w="416" /><ent r="3" t="3" w="483" /><ent r="3" t="3" w="483" /><ent r="6" t="3" w="617" /><ent r="6" t="3" w="617" /><ent r="3" t="10" w="33" /><ent r="3" t="10" w="33" /><ent r="4" t="11" w="126" /><ent r="4" t="11" w="126" /><ent r="4" t="11" w="202" /><ent r="4" t="11" w="202" /><ent r="4" t="11" w="241" /><ent r="4" t="11" w="241" /><ent r="4" t="11" w="401" /><ent r="4" t="11" w="401" /><ent r="65" t="11" w="448" /><ent r="65" t="11" w="448" /><ent r="64" t="12" w="130" /><ent r="64" t="12" w="130" /><ent r="64" t="12" w="426" /><ent r="64" t="12" w="426" /><ent r="4" t="13" w="270" /><ent r="4" t="13" w="270" /><ent r="65" t="14" w="226" /><ent r="65" t="14" w="226" /><ent r="65" t="17" w="318" /><ent r="65" t="17" w="318" /><ent r="64" t="22" w="67" /><ent r="64" t="22" w="67" /><ent r="64" t="31" w="899" /><ent r="64" t="31" w="899" /><ent r="3" t="32" w="127" /><ent r="3" t="32" w="127" /><ent r="3" t="32" w="139" /><ent r="3" t="32" w="139" /><ent r="6" t="32" w="200" /><ent r="6" t="32" w="200" /><ent r="6" t="32" w="282" /><ent r="6" t="32" w="282" /><ent r="6" t="32" w="586" /><ent r="6" t="32" w="586" /><ent r="6" t="32" w="794" /><ent r="6" t="32" w="794" /><ent r="3" t="34" w="254" /><ent r="3" t="34" w="254" /><ent r="3" t="34" w="1275" /><ent r="3" t="34" w="1275" /><ent r="7" t="36" w="515" /><ent r="7" t="36" w="515" /></phr><phr n="EnterpriseManager"><ent r="4" t="46" w="185" /><ent r="4" t="46" w="405" /></phr></stem><stem n="enterpr"><phr n="Enterprise"><ent r="1000" t="0" w="4" /><ent r="1000" t="0" w="4" /><ent r="102" t="0" w="11" /><ent r="102" t="0" w="11" /><ent r="100" t="0" w="18" /><ent r="100" t="0" w="18" /><ent r="100" t="0" w="22" /><ent r="100" t="0" w="22" /><ent r="3" t="0" w="31" /><ent r="3" t="0" w="31" /><ent r="4" t="0" w="75" /><ent r="4" t="0" w="75" /><ent r="4" t="0" w="115" /><ent r="4" t="0" w="115" /><ent r="3" t="0" w="138" /><ent r="3" t="0" w="138" /><ent r="3" t="0" w="165" /><ent r="3" t="0" w="165" /><ent r="64" t="0" w="182" /><ent r="64" t="0" w="182" /><ent r="64" t="0" w="193" /><ent r="64" t="0" w="193" /><ent r="1000" t="1" w="3" /><ent r="1000" t="1" w="3" /><ent r="100" t="1" w="15" /><ent r="100" t="1" w="15" /><ent r="102" t="1" w="22" /><ent r="102" t="1" w="22" /><ent r="3" t="1" w="32" /><ent r="3" t="1" w="32" /><ent r="4" t="1" w="53" /><ent r="4" t="1" w="53" /><ent r="65" t="1" w="77" /><ent r="65" t="1" w="77" /><ent r="5" t="1" w="162" /><ent r="5" t="1" w="162" /><ent r="6" t="1" w="195" /><ent r="6" t="1" w="195" /><ent r="6" t="1" w="279" /><ent r="6" t="1" w="279" /><ent r="100" t="2" w="7" /><ent r="100" t="2" w="7" /><ent r="3" t="2" w="16" /><ent r="3" t="2" w="16" /><ent r="3" t="2" w="51" /><ent r="3" t="2" w="51" /><ent r="4" t="2" w="148" /><ent r="4" t="2" w="148" /><ent r="4" t="2" w="168" /><ent r="4" t="2" w="168" /><ent r="1000" t="3" w="3" /><ent r="1000" t="3" w="3" /><ent r="100" t="3" w="8" /><ent r="100" t="3" w="8" /><ent r="100" t="3" w="11" /><ent r="100" t="3" w="11" /><ent r="102" t="3" w="19" /><ent r="102" t="3" w="19" /><ent r="3" t="3" w="48" /><ent r="3" t="3" w="48" /><ent r="4" t="3" w="226" /><ent r="3" t="3" w="297" /><ent r="3" t="3" w="297" /><ent r="3" t="3" w="357" /><ent r="3" t="3" w="357" /><ent r="3" t="3" w="388" /><ent r="3" t="3" w="388" /><ent r="4" t="3" w="432" /><ent r="4" t="3" w="432" /><ent r="5" t="3" w="486" /><ent r="5" t="3" w="486" /><ent r="6" t="3" w="609" /><ent r="6" t="3" w="609" /><ent r="6" t="3" w="750" /><ent r="6" t="3" w="750" /><ent r="6" t="3" w="848" /><ent r="6" t="3" w="848" /><ent r="6" t="3" w="902" /><ent r="6" t="3" w="902" /><ent r="6" t="3" w="922" /><ent r="6" t="3" w="922" /><ent r="7" t="3" w="1270" /><ent r="7" t="3" w="1270" /><ent r="7" t="3" w="1388" /><ent r="7" t="3" w="1388" /><ent r="7" t="3" w="1405" /><ent r="7" t="3" w="1405" /><ent r="3" t="4" w="23" /><ent r="3" t="4" w="23" /><ent r="4" t="4" w="179" /><ent r="4" t="4" w="179" /><ent r="4" t="4" w="217" /><ent r="4" t="4" w="217" /><ent r="4" t="4" w="231" /><ent r="4" t="4" w="231" /><ent r="1000" t="5" w="4" /><ent r="1000" t="5" w="4" /><ent r="100" t="5" w="8" /><ent r="100" t="5" w="8" /><ent r="102" t="5" w="23" /><ent r="102" t="5" w="23" /><ent r="3" t="5" w="31" /><ent r="3" t="5" w="31" /><ent r="3" t="5" w="55" /><ent r="3" t="5" w="55" /><ent r="3" t="5" w="68" /><ent r="3" t="5" w="68" /><ent r="3" t="5" w="88" /><ent r="3" t="5" w="88" /><ent r="4" t="5" w="135" /><ent r="4" t="5" w="135" /><ent r="4" t="5" w="147" /><ent r="4" t="5" w="147" /><ent r="4" t="5" w="160" /><ent r="4" t="5" w="160" /><ent r="4" t="5" w="189" /><ent r="4" t="5" w="189" /><ent r="100" t="6" w="16" /><ent r="100" t="6" w="16" /><ent r="3" t="6" w="40" /><ent r="3" t="6" w="40" /><ent r="4" t="6" w="61" /><ent r="4" t="6" w="61" /><ent r="3" t="6" w="80" /><ent r="3" t="6" w="80" /><ent r="64" t="6" w="113" /><ent r="64" t="6" w="113" /><ent r="4" t="6" w="120" /><ent r="4" t="6" w="120" /><ent r="4" t="6" w="133" /><ent r="4" t="6" w="133" /><ent r="64" t="6" w="147" /><ent r="64" t="6" w="147" /><ent r="4" t="6" w="172" /><ent r="4" t="6" w="172" /><ent r="3" t="6" w="220" /><ent r="3" t="6" w="220" /><ent r="4" t="6" w="247" /><ent r="4" t="6" w="247" /><ent r="4" t="6" w="280" /><ent r="4" t="6" w="280" /><ent r="1000" t="7" w="4" /><ent r="1000" t="7" w="4" /><ent r="100" t="7" w="10" /><ent r="100" t="7" w="10" /><ent r="100" t="7" w="14" /><ent r="100" t="7" w="14" /><ent r="102" t="7" w="23" /><ent r="102" t="7" w="23" /><ent r="3" t="7" w="36" /><ent r="3" t="7" w="36" /><ent r="3" t="7" w="62" /><ent r="3" t="7" w="62" /><ent r="4" t="7" w="119" /><ent r="4" t="7" w="119" /><ent r="3" t="7" w="138" /><ent r="3" t="7" w="138" /><ent r="4" t="7" w="164" /><ent r="4" t="7" w="164" /><ent r="4" t="7" w="176" /><ent r="4" t="7" w="176" /><ent r="5" t="7" w="184" /><ent r="5" t="7" w="184" /><ent r="4" t="7" w="200" /><ent r="4" t="7" w="200" /><ent r="4" t="7" w="274" /><ent r="4" t="7" w="274" /><ent r="4" t="7" w="473" /><ent r="4" t="7" w="473" /><ent r="65" t="7" w="487" /><ent r="65" t="7" w="487" /><ent r="65" t="7" w="503" /><ent r="65" t="7" w="503" /><ent r="1000" t="8" w="3" /><ent r="1000" t="8" w="3" /><ent r="100" t="8" w="12" /><ent r="100" t="8" w="12" /><ent r="102" t="8" w="21" /><ent r="102" t="8" w="21" /><ent r="3" t="8" w="27" /><ent r="3" t="8" w="27" /><ent r="4" t="8" w="62" /><ent r="4" t="8" w="62" /><ent r="65" t="8" w="72" /><ent r="65" t="8" w="72" /><ent r="3" t="8" w="91" /><ent r="3" t="8" w="91" /><ent r="4" t="8" w="116" /><ent r="4" t="8" w="116" /><ent r="4" t="8" w="154" /><ent r="4" t="8" w="154" /><ent r="4" t="8" w="196" /><ent r="4" t="8" w="196" /><ent r="3" t="8" w="205" /><ent r="3" t="8" w="205" /><ent r="3" t="8" w="224" /><ent r="3" t="8" w="224" /><ent r="3" t="9" w="46" /><ent r="3" t="9" w="46" /><ent r="3" t="9" w="54" /><ent r="3" t="9" w="54" /><ent r="3" t="9" w="107" /><ent r="3" t="9" w="107" /><ent r="64" t="9" w="122" /><ent r="64" t="9" w="122" /><ent r="4" t="9" w="201" /><ent r="4" t="9" w="201" /><ent r="65" t="9" w="218" /><ent r="65" t="9" w="218" /><ent r="4" t="9" w="236" /><ent r="4" t="9" w="236" /><ent r="7" t="10" w="252" /><ent r="7" t="10" w="252" /><ent r="64" t="11" w="78" /><ent r="64" t="11" w="78" /><ent r="64" t="11" w="90" /><ent r="64" t="11" w="90" /><ent r="4" t="11" w="105" /><ent r="4" t="11" w="105" /><ent r="65" t="11" w="151" /><ent r="65" t="11" w="151" /><ent r="5" t="11" w="324" /><ent r="5" t="11" w="324" /><ent r="4" t="11" w="357" /><ent r="4" t="11" w="357" /><ent r="4" t="11" w="414" /><ent r="4" t="11" w="414" /><ent r="3" t="12" w="35" /><ent r="3" t="12" w="35" /><ent r="3" t="12" w="76" /><ent r="3" t="12" w="76" /><ent r="3" t="12" w="146" /><ent r="3" t="12" w="146" /><ent r="3" t="12" w="161" /><ent r="3" t="12" w="161" /><ent r="4" t="12" w="208" /><ent r="4" t="12" w="208" /><ent r="3" t="13" w="40" /><ent r="3" t="13" w="40" /><ent r="3" t="13" w="82" /><ent r="3" t="13" w="82" /><ent r="3" t="13" w="105" /><ent r="3" t="13" w="105" /><ent r="3" t="13" w="156" /><ent r="3" t="13" w="156" /><ent r="3" t="14" w="42" /><ent r="3" t="14" w="42" /><ent r="4" t="14" w="133" /><ent r="4" t="14" w="133" /><ent r="4" t="14" w="141" /><ent r="4" t="14" w="141" /><ent r="3" t="14" w="174" /><ent r="3" t="14" w="174" /><ent r="4" t="14" w="212" /><ent r="4" t="14" w="212" /><ent r="5" t="14" w="401" /><ent r="5" t="14" w="401" /><ent r="4" t="14" w="455" /><ent r="4" t="14" w="455" /><ent r="3" t="14" w="511" /><ent r="3" t="14" w="511" /><ent r="3" t="15" w="41" /><ent r="3" t="15" w="41" /><ent r="65" t="15" w="145" /><ent r="65" t="15" w="145" /><ent r="7" t="15" w="344" /><ent r="7" t="15" w="344" /><ent r="3" t="16" w="33" /><ent r="3" t="16" w="33" /><ent r="3" t="17" w="25" /><ent r="3" t="17" w="25" /><ent r="3" t="17" w="815" /><ent r="3" t="17" w="815" /><ent r="3" t="19" w="36" /><ent r="3" t="19" w="36" /><ent r="4" t="19" w="378" /><ent r="4" t="19" w="378" /><ent r="4" t="20" w="42" /><ent r="4" t="20" w="42" /><ent r="4" t="21" w="43" /><ent r="4" t="21" w="43" /><ent r="4" t="21" w="108" /><ent r="4" t="21" w="108" /><ent r="3" t="22" w="138" /><ent r="3" t="22" w="138" /><ent r="3" t="24" w="83" /><ent r="3" t="24" w="83" /><ent r="3" t="26" w="67" /><ent r="3" t="26" w="67" /><ent r="4" t="27" w="168" /><ent r="4" t="27" w="168" /><ent r="3" t="30" w="34" /><ent r="3" t="30" w="34" /><ent r="66" t="31" w="64" /><ent r="66" t="31" w="64" /><ent r="3" t="31" w="94" /><ent r="3" t="31" w="94" /><ent r="100" t="31" w="495" /><ent r="100" t="31" w="495" /><ent r="100" t="31" w="500" /><ent r="100" t="31" w="500" /><ent r="4" t="31" w="532" /><ent r="4" t="31" w="532" /><ent r="3" t="31" w="752" /><ent r="3" t="31" w="752" /><ent r="92" t="31" w="882" /><ent r="92" t="31" w="882" /><ent r="3" t="31" w="887" /><ent r="3" t="31" w="887" /><ent r="3" t="31" w="1449" /><ent r="3" t="31" w="1449" /><ent r="3" t="31" w="1495" /><ent r="3" t="31" w="1495" /><ent r="3" t="31" w="1521" /><ent r="3" t="31" w="1521" /><ent r="64" t="32" w="149" /><ent r="64" t="32" w="149" /><ent r="7" t="32" w="439" /><ent r="7" t="32" w="439" /><ent r="6" t="32" w="629" /><ent r="6" t="32" w="629" /><ent r="3" t="34" w="105" /><ent r="3" t="34" w="105" /><ent r="3" t="34" w="137" /><ent r="3" t="34" w="137" /><ent r="4" t="34" w="341" /><ent r="4" t="34" w="341" /><ent r="3" t="34" w="440" /><ent r="3" t="34" w="440" /><ent r="64" t="34" w="1298" /><ent r="64" t="34" w="1298" /><ent r="6" t="35" w="185" /><ent r="6" t="35" w="185" /><ent r="6" t="35" w="416" /><ent r="6" t="35" w="416" /><ent r="7" t="36" w="728" /><ent r="7" t="36" w="728" /><ent r="7" t="36" w="1208" /><ent r="7" t="36" w="1208" /><ent r="3" t="36" w="1228" /><ent r="3" t="36" w="1228" /><ent r="3" t="37" w="24" /><ent r="3" t="37" w="24" /><ent r="3" t="38" w="19" /><ent r="3" t="38" w="19" /><ent r="7" t="38" w="237" /><ent r="7" t="38" w="237" /><ent r="7" t="38" w="275" /><ent r="7" t="38" w="275" /><ent r="7" t="38" w="289" /><ent r="7" t="38" w="289" /><ent r="3" t="40" w="25" /><ent r="3" t="40" w="25" /><ent r="6" t="41" w="252" /><ent r="6" t="41" w="252" /><ent r="3" t="42" w="57" /><ent r="3" t="42" w="57" /><ent r="3" t="42" w="88" /><ent r="3" t="42" w="88" /><ent r="4" t="42" w="155" /><ent r="4" t="42" w="155" /><ent r="65" t="42" w="166" /><ent r="65" t="42" w="166" /><ent r="3" t="42" w="255" /><ent r="3" t="42" w="255" /><ent r="3" t="42" w="383" /><ent r="3" t="42" w="383" /><ent r="4" t="42" w="452" /><ent r="4" t="42" w="452" /><ent r="4" t="42" w="488" /><ent r="4" t="42" w="488" /><ent r="3" t="43" w="53" /><ent r="3" t="43" w="53" /><ent r="3" t="44" w="51" /><ent r="3" t="44" w="51" /><ent r="3" t="44" w="65" /><ent r="3" t="44" w="65" /><ent r="4" t="44" w="101" /><ent r="4" t="44" w="101" /><ent r="6" t="44" w="257" /><ent r="6" t="44" w="257" /><ent r="6" t="44" w="274" /><ent r="6" t="44" w="274" /><ent r="3" t="45" w="23" /><ent r="3" t="45" w="23" /><ent r="5" t="45" w="59" /><ent r="5" t="45" w="59" /><ent r="7" t="45" w="76" /><ent r="7" t="45" w="76" /><ent r="7" t="45" w="156" /><ent r="7" t="45" w="156" /><ent r="7" t="45" w="229" /><ent r="7" t="45" w="229" /><ent r="7" t="45" w="292" /><ent r="7" t="45" w="292" /><ent r="3" t="45" w="483" /><ent r="3" t="45" w="483" /><ent r="3" t="46" w="20" /><ent r="3" t="46" w="20" /><ent r="3" t="46" w="130" /><ent r="3" t="46" w="130" /><ent r="3" t="46" w="215" /><ent r="3" t="46" w="215" /><ent r="3" t="46" w="347" /><ent r="3" t="46" w="347" /><ent r="4" t="46" w="362" /><ent r="4" t="46" w="362" /></phr><phr n="enterprise"><ent r="3" t="3" w="23" /><ent r="3" t="3" w="23" /><ent r="3" t="3" w="61" /><ent r="3" t="3" w="61" /><ent r="3" t="3" w="87" /><ent r="3" t="3" w="87" /><ent r="3" t="3" w="101" /><ent r="3" t="3" w="101" /><ent r="3" t="3" w="161" /><ent r="3" t="3" w="161" /><ent r="3" t="3" w="176" /><ent r="3" t="3" w="176" /><ent r="3" t="3" w="184" /><ent r="3" t="3" w="184" /><ent r="4" t="3" w="216" /><ent r="4" t="3" w="216" /><ent r="3" t="3" w="305" /><ent r="3" t="3" w="305" /><ent r="4" t="3" w="416" /><ent r="4" t="3" w="416" /><ent r="3" t="3" w="483" /><ent r="3" t="3" w="483" /><ent r="6" t="3" w="617" /><ent r="6" t="3" w="617" /><ent r="3" t="10" w="33" /><ent r="3" t="10" w="33" /><ent r="4" t="11" w="126" /><ent r="4" t="11" w="126" /><ent r="4" t="11" w="202" /><ent r="4" t="11" w="202" /><ent r="4" t="11" w="241" /><ent r="4" t="11" w="241" /><ent r="4" t="11" w="401" /><ent r="4" t="11" w="401" /><ent r="65" t="11" w="448" /><ent r="65" t="11" w="448" /><ent r="64" t="12" w="130" /><ent r="64" t="12" w="130" /><ent r="64" t="12" w="426" /><ent r="64" t="12" w="426" /><ent r="4" t="13" w="270" /><ent r="4" t="13" w="270" /><ent r="65" t="14" w="226" /><ent r="65" t="14" w="226" /><ent r="65" t="17" w="318" /><ent r="65" t="17" w="318" /><ent r="64" t="22" w="67" /><ent r="64" t="22" w="67" /><ent r="64" t="31" w="899" /><ent r="64" t="31" w="899" /><ent r="3" t="32" w="127" /><ent r="3" t="32" w="127" /><ent r="3" t="32" w="139" /><ent r="3" t="32" w="139" /><ent r="6" t="32" w="200" /><ent r="6" t="32" w="200" /><ent r="6" t="32" w="282" /><ent r="6" t="32" w="282" /><ent r="6" t="32" w="586" /><ent r="6" t="32" w="586" /><ent r="6" t="32" w="794" /><ent r="6" t="32" w="794" /><ent r="3" t="34" w="254" /><ent r="3" t="34" w="254" /><ent r="3" t="34" w="1275" /><ent r="3" t="34" w="1275" /><ent r="7" t="36" w="515" /><ent r="7" t="36" w="515" /></phr><phr n="EnterpriseManager"><ent r="4" t="46" w="185" /><ent r="4" t="46" w="405" /></phr></stem></index>