<?xml version="1.0" encoding="utf-8"?><index><stem n="editor"><phr n="editor"><ent r="7" t="4" w="451" /><ent r="6" t="38" w="96" /><ent r="6" t="39" w="159" /></phr></stem><stem n="edit"><phr n="editor"><ent r="7" t="4" w="451" /><ent r="6" t="38" w="96" /><ent r="6" t="39" w="159" /></phr><phr n="Edit"><ent r="5" t="11" w="169" /><ent r="5" t="11" w="169" /><ent r="5" t="34" w="2012" /><ent r="5" t="34" w="2012" /><ent r="4" t="34" w="2019" /><ent r="4" t="34" w="2019" /><ent r="3" t="34" w="2025" /><ent r="3" t="34" w="2025" /><ent r="4" t="46" w="169" /><ent r="4" t="46" w="169" /></phr><phr n="editable"><ent r="4" t="12" w="309" /></phr><phr n="Editing"><ent r="1000" t="20" w="1" /><ent r="1000" t="20" w="1" /><ent r="100" t="20" w="6" /><ent r="100" t="20" w="6" /><ent r="102" t="20" w="14" /><ent r="102" t="20" w="14" /></phr><phr n="editing"><ent r="100" t="20" w="12" /><ent r="100" t="20" w="12" /><ent r="8" t="32" w="374" /><ent r="8" t="32" w="374" /><ent r="8" t="32" w="410" /><ent r="8" t="32" w="410" /></phr><phr n="edit"><ent r="3" t="20" w="30" /><ent r="3" t="20" w="30" /><ent r="4" t="20" w="79" /><ent r="4" t="20" w="79" /></phr></stem><stem n="dito"><phr n="editor"><ent r="7" t="4" w="451" /><ent r="6" t="38" w="96" /><ent r="6" t="39" w="159" /></phr></stem><stem n="edito"><phr n="editor"><ent r="7" t="4" w="451" /><ent r="6" t="38" w="96" /><ent r="6" t="39" w="159" /></phr></stem><stem n="ditor"><phr n="editor"><ent r="7" t="4" w="451" /><ent r="6" t="38" w="96" /><ent r="6" t="39" w="159" /></phr></stem><stem n="old"><phr n="old"><ent r="7" t="4" w="454" /><ent r="7" t="4" w="454" /><ent r="6" t="4" w="505" /><ent r="6" t="4" w="505" /><ent r="7" t="36" w="349" /><ent r="7" t="36" w="349" /><ent r="6" t="41" w="78" /><ent r="6" t="41" w="78" /><ent r="6" t="41" w="89" /><ent r="6" t="41" w="89" /></phr><phr n="Old"><ent r="7" t="41" w="68" /><ent r="7" t="41" w="68" /></phr></stem><stem n="ag"><phr n="age"><ent r="7" t="4" w="467" /><ent r="7" t="4" w="467" /><ent r="7" t="4" w="477" /><ent r="7" t="4" w="490" /><ent r="7" t="4" w="490" /><ent r="3" t="38" w="38" /></phr></stem><stem n="minimum"><phr n="minimum"><ent r="7" t="4" w="476" /><ent r="7" t="4" w="476" /><ent r="6" t="29" w="141" /><ent r="6" t="29" w="141" /><ent r="6" t="29" w="247" /><ent r="6" t="29" w="247" /><ent r="7" t="29" w="372" /><ent r="7" t="29" w="372" /><ent r="6" t="38" w="159" /><ent r="6" t="38" w="159" /><ent r="7" t="41" w="117" /><ent r="7" t="41" w="117" /><ent r="4" t="42" w="491" /><ent r="4" t="42" w="491" /></phr></stem><stem n="inim"><phr n="minimum"><ent r="7" t="4" w="476" /><ent r="7" t="4" w="476" /><ent r="6" t="29" w="141" /><ent r="6" t="29" w="141" /><ent r="6" t="29" w="247" /><ent r="6" t="29" w="247" /><ent r="7" t="29" w="372" /><ent r="7" t="29" w="372" /><ent r="6" t="38" w="159" /><ent r="6" t="38" w="159" /><ent r="7" t="41" w="117" /><ent r="7" t="41" w="117" /><ent r="4" t="42" w="491" /><ent r="4" t="42" w="491" /></phr></stem><stem n="nimu"><phr n="minimum"><ent r="7" t="4" w="476" /><ent r="7" t="4" w="476" /><ent r="6" t="29" w="141" /><ent r="6" t="29" w="141" /><ent r="6" t="29" w="247" /><ent r="6" t="29" w="247" /><ent r="7" t="29" w="372" /><ent r="7" t="29" w="372" /><ent r="6" t="38" w="159" /><ent r="6" t="38" w="159" /><ent r="7" t="41" w="117" /><ent r="7" t="41" w="117" /><ent r="4" t="42" w="491" /><ent r="4" t="42" w="491" /></phr></stem><stem n="imum"><phr n="minimum"><ent r="7" t="4" w="476" /><ent r="7" t="4" w="476" /><ent r="6" t="29" w="141" /><ent r="6" t="29" w="141" /><ent r="6" t="29" w="247" /><ent r="6" t="29" w="247" /><ent r="7" t="29" w="372" /><ent r="7" t="29" w="372" /><ent r="6" t="38" w="159" /><ent r="6" t="38" w="159" /><ent r="7" t="41" w="117" /><ent r="7" t="41" w="117" /><ent r="4" t="42" w="491" /><ent r="4" t="42" w="491" /></phr><phr n="maximum"><ent r="6" t="29" w="156" /><ent r="6" t="29" w="156" /><ent r="6" t="29" w="262" /><ent r="6" t="29" w="262" /><ent r="7" t="29" w="387" /><ent r="7" t="29" w="387" /><ent r="3" t="39" w="93" /><ent r="3" t="39" w="93" /><ent r="7" t="41" w="121" /><ent r="7" t="41" w="121" /><ent r="4" t="42" w="497" /><ent r="4" t="42" w="497" /><ent r="6" t="43" w="162" /><ent r="6" t="43" w="172" /><ent r="6" t="43" w="185" /><ent r="6" t="43" w="203" /></phr></stem><stem n="minim"><phr n="minimum"><ent r="7" t="4" w="476" /><ent r="7" t="4" w="476" /><ent r="6" t="29" w="141" /><ent r="6" t="29" w="141" /><ent r="6" t="29" w="247" /><ent r="6" t="29" w="247" /><ent r="7" t="29" w="372" /><ent r="7" t="29" w="372" /><ent r="6" t="38" w="159" /><ent r="6" t="38" w="159" /><ent r="7" t="41" w="117" /><ent r="7" t="41" w="117" /><ent r="4" t="42" w="491" /><ent r="4" t="42" w="491" /></phr></stem><stem n="inimu"><phr n="minimum"><ent r="7" t="4" w="476" /><ent r="7" t="4" w="476" /><ent r="6" t="29" w="141" /><ent r="6" t="29" w="141" /><ent r="6" t="29" w="247" /><ent r="6" t="29" w="247" /><ent r="7" t="29" w="372" /><ent r="7" t="29" w="372" /><ent r="6" t="38" w="159" /><ent r="6" t="38" w="159" /><ent r="7" t="41" w="117" /><ent r="7" t="41" w="117" /><ent r="4" t="42" w="491" /><ent r="4" t="42" w="491" /></phr></stem><stem n="nimum"><phr n="minimum"><ent r="7" t="4" w="476" /><ent r="7" t="4" w="476" /><ent r="6" t="29" w="141" /><ent r="6" t="29" w="141" /><ent r="6" t="29" w="247" /><ent r="6" t="29" w="247" /><ent r="7" t="29" w="372" /><ent r="7" t="29" w="372" /><ent r="6" t="38" w="159" /><ent r="6" t="38" w="159" /><ent r="7" t="41" w="117" /><ent r="7" t="41" w="117" /><ent r="4" t="42" w="491" /><ent r="4" t="42" w="491" /></phr></stem><stem n="minimu"><phr n="minimum"><ent r="7" t="4" w="476" /><ent r="7" t="4" w="476" /><ent r="6" t="29" w="141" /><ent r="6" t="29" w="141" /><ent r="6" t="29" w="247" /><ent r="6" t="29" w="247" /><ent r="7" t="29" w="372" /><ent r="7" t="29" w="372" /><ent r="6" t="38" w="159" /><ent r="6" t="38" w="159" /><ent r="7" t="41" w="117" /><ent r="7" t="41" w="117" /><ent r="4" t="42" w="491" /><ent r="4" t="42" w="491" /></phr></stem><stem n="inimum"><phr n="minimum"><ent r="7" t="4" w="476" /><ent r="7" t="4" w="476" /><ent r="6" t="29" w="141" /><ent r="6" t="29" w="141" /><ent r="6" t="29" w="247" /><ent r="6" t="29" w="247" /><ent r="7" t="29" w="372" /><ent r="7" t="29" w="372" /><ent r="6" t="38" w="159" /><ent r="6" t="38" w="159" /><ent r="7" t="41" w="117" /><ent r="7" t="41" w="117" /><ent r="4" t="42" w="491" /><ent r="4" t="42" w="491" /></phr></stem><stem n="dai"><phr n="days"><ent r="7" t="4" w="479" /><ent r="4" t="26" w="422" /><ent r="8" t="36" w="770" /><ent r="8" t="36" w="770" /><ent r="7" t="36" w="1169" /><ent r="7" t="36" w="1169" /><ent r="6" t="36" w="1355" /><ent r="6" t="38" w="147" /></phr><phr n="Days"><ent r="7" t="36" w="1291" /><ent r="7" t="36" w="1291" /></phr><phr n="day"><ent r="6" t="36" w="1296" /><ent r="6" t="36" w="1302" /><ent r="6" t="36" w="1308" /><ent r="6" t="36" w="1308" /><ent r="6" t="36" w="1361" /><ent r="4" t="42" w="502" /></phr><phr n="Day"><ent r="6" t="36" w="1315" /><ent r="6" t="36" w="1315" /></phr></stem><stem n="eted"><phr n="deleted"><ent r="7" t="4" w="495" /><ent r="7" t="10" w="216" /><ent r="7" t="10" w="266" /><ent r="7" t="10" w="266" /><ent r="4" t="18" w="187" /><ent r="7" t="28" w="374" /><ent r="7" t="28" w="374" /><ent r="6" t="32" w="611" /><ent r="6" t="32" w="647" /><ent r="6" t="32" w="647" /><ent r="6" t="35" w="430" /><ent r="6" t="35" w="430" /></phr><phr n="completed"><ent r="3" t="11" w="66" /><ent r="3" t="11" w="66" /><ent r="4" t="28" w="70" /><ent r="6" t="28" w="192" /><ent r="6" t="28" w="192" /><ent r="6" t="28" w="301" /><ent r="6" t="28" w="301" /><ent r="3" t="29" w="485" /><ent r="3" t="29" w="485" /><ent r="3" t="29" w="547" /><ent r="3" t="29" w="547" /><ent r="3" t="36" w="1470" /><ent r="6" t="36" w="1557" /><ent r="6" t="36" w="1557" /><ent r="6" t="36" w="1577" /><ent r="7" t="36" w="1720" /><ent r="6" t="36" w="1763" /><ent r="6" t="36" w="1763" /></phr><phr n="COMPLETED"><ent r="4" t="28" w="52" /><ent r="7" t="36" w="1702" /></phr><phr n="Deleted"><ent r="6" t="28" w="379" /><ent r="6" t="28" w="379" /></phr></stem><stem n="leted"><phr n="deleted"><ent r="7" t="4" w="495" /><ent r="7" t="10" w="216" /><ent r="7" t="10" w="266" /><ent r="7" t="10" w="266" /><ent r="4" t="18" w="187" /><ent r="7" t="28" w="374" /><ent r="7" t="28" w="374" /><ent r="6" t="32" w="611" /><ent r="6" t="32" w="647" /><ent r="6" t="32" w="647" /><ent r="6" t="35" w="430" /><ent r="6" t="35" w="430" /></phr><phr n="completed"><ent r="3" t="11" w="66" /><ent r="3" t="11" w="66" /><ent r="4" t="28" w="70" /><ent r="6" t="28" w="192" /><ent r="6" t="28" w="192" /><ent r="6" t="28" w="301" /><ent r="6" t="28" w="301" /><ent r="3" t="29" w="485" /><ent r="3" t="29" w="485" /><ent r="3" t="29" w="547" /><ent r="3" t="29" w="547" /><ent r="3" t="36" w="1470" /><ent r="6" t="36" w="1557" /><ent r="6" t="36" w="1557" /><ent r="6" t="36" w="1577" /><ent r="7" t="36" w="1720" /><ent r="6" t="36" w="1763" /><ent r="6" t="36" w="1763" /></phr><phr n="COMPLETED"><ent r="4" t="28" w="52" /><ent r="7" t="36" w="1702" /></phr><phr n="Deleted"><ent r="6" t="28" w="379" /><ent r="6" t="28" w="379" /></phr></stem><stem n="eleted"><phr n="deleted"><ent r="7" t="4" w="495" /><ent r="7" t="10" w="216" /><ent r="7" t="10" w="266" /><ent r="7" t="10" w="266" /><ent r="4" t="18" w="187" /><ent r="7" t="28" w="374" /><ent r="7" t="28" w="374" /><ent r="6" t="32" w="611" /><ent r="6" t="32" w="647" /><ent r="6" t="32" w="647" /><ent r="6" t="35" w="430" /><ent r="6" t="35" w="430" /></phr><phr n="Deleted"><ent r="6" t="28" w="379" /><ent r="6" t="28" w="379" /></phr></stem><stem n="deleted"><phr n="deleted"><ent r="7" t="4" w="495" /><ent r="7" t="10" w="216" /><ent r="7" t="10" w="266" /><ent r="7" t="10" w="266" /><ent r="4" t="18" w="187" /><ent r="7" t="28" w="374" /><ent r="7" t="28" w="374" /><ent r="6" t="32" w="611" /><ent r="6" t="32" w="647" /><ent r="6" t="32" w="647" /><ent r="6" t="35" w="430" /><ent r="6" t="35" w="430" /></phr><phr n="Deleted"><ent r="6" t="28" w="379" /><ent r="6" t="28" w="379" /></phr></stem><stem n="want"><phr n="want"><ent r="6" t="4" w="501" /><ent r="6" t="4" w="501" /><ent r="4" t="14" w="112" /><ent r="4" t="14" w="112" /><ent r="4" t="17" w="219" /><ent r="4" t="17" w="219" /><ent r="3" t="23" w="68" /><ent r="3" t="23" w="68" /><ent r="3" t="27" w="740" /><ent r="3" t="27" w="740" /><ent r="6" t="35" w="426" /><ent r="6" t="35" w="426" /></phr></stem><stem n="leti"><phr n="deleting"><ent r="6" t="4" w="510" /><ent r="100" t="21" w="12" /><ent r="100" t="21" w="12" /><ent r="100" t="28" w="357" /><ent r="100" t="28" w="357" /><ent r="6" t="28" w="396" /><ent r="6" t="35" w="388" /><ent r="6" t="35" w="388" /></phr><phr n="Deleting"><ent r="7" t="10" w="242" /><ent r="7" t="10" w="242" /><ent r="1000" t="21" w="1" /><ent r="1000" t="21" w="1" /><ent r="100" t="21" w="6" /><ent r="100" t="21" w="6" /><ent r="102" t="21" w="14" /><ent r="102" t="21" w="14" /><ent r="64" t="24" w="88" /><ent r="64" t="24" w="88" /><ent r="67" t="43" w="94" /><ent r="67" t="43" w="94" /></phr><phr n="deletion"><ent r="4" t="14" w="242" /><ent r="4" t="42" w="401" /></phr><phr n="completion"><ent r="6" t="28" w="307" /><ent r="6" t="28" w="307" /></phr><phr n="Deletion"><ent r="6" t="36" w="1613" /><ent r="6" t="36" w="1613" /></phr></stem><stem n="etin"><phr n="deleting"><ent r="6" t="4" w="510" /><ent r="100" t="21" w="12" /><ent r="100" t="21" w="12" /><ent r="100" t="28" w="357" /><ent r="100" t="28" w="357" /><ent r="6" t="28" w="396" /><ent r="6" t="35" w="388" /><ent r="6" t="35" w="388" /></phr><phr n="Deleting"><ent r="7" t="10" w="242" /><ent r="7" t="10" w="242" /><ent r="1000" t="21" w="1" /><ent r="1000" t="21" w="1" /><ent r="100" t="21" w="6" /><ent r="100" t="21" w="6" /><ent r="102" t="21" w="14" /><ent r="102" t="21" w="14" /><ent r="64" t="24" w="88" /><ent r="64" t="24" w="88" /><ent r="67" t="43" w="94" /><ent r="67" t="43" w="94" /></phr></stem><stem n="eleti"><phr n="deleting"><ent r="6" t="4" w="510" /><ent r="100" t="21" w="12" /><ent r="100" t="21" w="12" /><ent r="100" t="28" w="357" /><ent r="100" t="28" w="357" /><ent r="6" t="28" w="396" /><ent r="6" t="35" w="388" /><ent r="6" t="35" w="388" /></phr><phr n="Deleting"><ent r="7" t="10" w="242" /><ent r="7" t="10" w="242" /><ent r="1000" t="21" w="1" /><ent r="1000" t="21" w="1" /><ent r="100" t="21" w="6" /><ent r="100" t="21" w="6" /><ent r="102" t="21" w="14" /><ent r="102" t="21" w="14" /><ent r="64" t="24" w="88" /><ent r="64" t="24" w="88" /><ent r="67" t="43" w="94" /><ent r="67" t="43" w="94" /></phr><phr n="deletion"><ent r="4" t="14" w="242" /><ent r="4" t="42" w="401" /></phr><phr n="Deletion"><ent r="6" t="36" w="1613" /><ent r="6" t="36" w="1613" /></phr></stem><stem n="letin"><phr n="deleting"><ent r="6" t="4" w="510" /><ent r="100" t="21" w="12" /><ent r="100" t="21" w="12" /><ent r="100" t="28" w="357" /><ent r="100" t="28" w="357" /><ent r="6" t="28" w="396" /><ent r="6" t="35" w="388" /><ent r="6" t="35" w="388" /></phr><phr n="Deleting"><ent r="7" t="10" w="242" /><ent r="7" t="10" w="242" /><ent r="1000" t="21" w="1" /><ent r="1000" t="21" w="1" /><ent r="100" t="21" w="6" /><ent r="100" t="21" w="6" /><ent r="102" t="21" w="14" /><ent r="102" t="21" w="14" /><ent r="64" t="24" w="88" /><ent r="64" t="24" w="88" /><ent r="67" t="43" w="94" /><ent r="67" t="43" w="94" /></phr></stem><stem n="eting"><phr n="deleting"><ent r="6" t="4" w="510" /><ent r="100" t="21" w="12" /><ent r="100" t="21" w="12" /><ent r="100" t="28" w="357" /><ent r="100" t="28" w="357" /><ent r="6" t="28" w="396" /><ent r="6" t="35" w="388" /><ent r="6" t="35" w="388" /></phr><phr n="Deleting"><ent r="7" t="10" w="242" /><ent r="7" t="10" w="242" /><ent r="1000" t="21" w="1" /><ent r="1000" t="21" w="1" /><ent r="100" t="21" w="6" /><ent r="100" t="21" w="6" /><ent r="102" t="21" w="14" /><ent r="102" t="21" w="14" /><ent r="64" t="24" w="88" /><ent r="64" t="24" w="88" /><ent r="67" t="43" w="94" /><ent r="67" t="43" w="94" /></phr></stem><stem n="deleti"><phr n="deleting"><ent r="6" t="4" w="510" /><ent r="100" t="21" w="12" /><ent r="100" t="21" w="12" /><ent r="100" t="28" w="357" /><ent r="100" t="28" w="357" /><ent r="6" t="28" w="396" /><ent r="6" t="35" w="388" /><ent r="6" t="35" w="388" /></phr><phr n="Deleting"><ent r="7" t="10" w="242" /><ent r="7" t="10" w="242" /><ent r="1000" t="21" w="1" /><ent r="1000" t="21" w="1" /><ent r="100" t="21" w="6" /><ent r="100" t="21" w="6" /><ent r="102" t="21" w="14" /><ent r="102" t="21" w="14" /><ent r="64" t="24" w="88" /><ent r="64" t="24" w="88" /><ent r="67" t="43" w="94" /><ent r="67" t="43" w="94" /></phr><phr n="deletion"><ent r="4" t="14" w="242" /><ent r="4" t="42" w="401" /></phr><phr n="Deletion"><ent r="6" t="36" w="1613" /><ent r="6" t="36" w="1613" /></phr></stem><stem n="eletin"><phr n="deleting"><ent r="6" t="4" w="510" /><ent r="100" t="21" w="12" /><ent r="100" t="21" w="12" /><ent r="100" t="28" w="357" /><ent r="100" t="28" w="357" /><ent r="6" t="28" w="396" /><ent r="6" t="35" w="388" /><ent r="6" t="35" w="388" /></phr><phr n="Deleting"><ent r="7" t="10" w="242" /><ent r="7" t="10" w="242" /><ent r="1000" t="21" w="1" /><ent r="1000" t="21" w="1" /><ent r="100" t="21" w="6" /><ent r="100" t="21" w="6" /><ent r="102" t="21" w="14" /><ent r="102" t="21" w="14" /><ent r="64" t="24" w="88" /><ent r="64" t="24" w="88" /><ent r="67" t="43" w="94" /><ent r="67" t="43" w="94" /></phr></stem><stem n="leting"><phr n="deleting"><ent r="6" t="4" w="510" /><ent r="100" t="21" w="12" /><ent r="100" t="21" w="12" /><ent r="100" t="28" w="357" /><ent r="100" t="28" w="357" /><ent r="6" t="28" w="396" /><ent r="6" t="35" w="388" /><ent r="6" t="35" w="388" /></phr><phr n="Deleting"><ent r="7" t="10" w="242" /><ent r="7" t="10" w="242" /><ent r="1000" t="21" w="1" /><ent r="1000" t="21" w="1" /><ent r="100" t="21" w="6" /><ent r="100" t="21" w="6" /><ent r="102" t="21" w="14" /><ent r="102" t="21" w="14" /><ent r="64" t="24" w="88" /><ent r="64" t="24" w="88" /><ent r="67" t="43" w="94" /><ent r="67" t="43" w="94" /></phr></stem><stem n="deletin"><phr n="deleting"><ent r="6" t="4" w="510" /><ent r="100" t="21" w="12" /><ent r="100" t="21" w="12" /><ent r="100" t="28" w="357" /><ent r="100" t="28" w="357" /><ent r="6" t="28" w="396" /><ent r="6" t="35" w="388" /><ent r="6" t="35" w="388" /></phr><phr n="Deleting"><ent r="7" t="10" w="242" /><ent r="7" t="10" w="242" /><ent r="1000" t="21" w="1" /><ent r="1000" t="21" w="1" /><ent r="100" t="21" w="6" /><ent r="100" t="21" w="6" /><ent r="102" t="21" w="14" /><ent r="102" t="21" w="14" /><ent r="64" t="24" w="88" /><ent r="64" t="24" w="88" /><ent r="67" t="43" w="94" /><ent r="67" t="43" w="94" /></phr></stem><stem n="eleting"><phr n="deleting"><ent r="6" t="4" w="510" /><ent r="100" t="21" w="12" /><ent r="100" t="21" w="12" /><ent r="100" t="28" w="357" /><ent r="100" t="28" w="357" /><ent r="6" t="28" w="396" /><ent r="6" t="35" w="388" /><ent r="6" t="35" w="388" /></phr><phr n="Deleting"><ent r="7" t="10" w="242" /><ent r="7" t="10" w="242" /><ent r="1000" t="21" w="1" /><ent r="1000" t="21" w="1" /><ent r="100" t="21" w="6" /><ent r="100" t="21" w="6" /><ent r="102" t="21" w="14" /><ent r="102" t="21" w="14" /><ent r="64" t="24" w="88" /><ent r="64" t="24" w="88" /><ent r="67" t="43" w="94" /><ent r="67" t="43" w="94" /></phr></stem><stem n="deleting"><phr n="deleting"><ent r="6" t="4" w="510" /><ent r="100" t="21" w="12" /><ent r="100" t="21" w="12" /><ent r="100" t="28" w="357" /><ent r="100" t="28" w="357" /><ent r="6" t="28" w="396" /><ent r="6" t="35" w="388" /><ent r="6" t="35" w="388" /></phr><phr n="Deleting"><ent r="7" t="10" w="242" /><ent r="7" t="10" w="242" /><ent r="1000" t="21" w="1" /><ent r="1000" t="21" w="1" /><ent r="100" t="21" w="6" /><ent r="100" t="21" w="6" /><ent r="102" t="21" w="14" /><ent r="102" t="21" w="14" /><ent r="64" t="24" w="88" /><ent r="64" t="24" w="88" /><ent r="67" t="43" w="94" /><ent r="67" t="43" w="94" /></phr></stem><stem n="iled"><phr n="detailed"><ent r="3" t="4" w="530" /><ent r="3" t="4" w="530" /><ent r="3" t="31" w="864" /><ent r="3" t="31" w="864" /><ent r="7" t="36" w="788" /><ent r="7" t="36" w="788" /></phr><phr n="failed"><ent r="4" t="14" w="106" /><ent r="4" t="14" w="106" /><ent r="3" t="29" w="550" /><ent r="3" t="29" w="550" /><ent r="3" t="29" w="556" /><ent r="3" t="29" w="556" /><ent r="6" t="32" w="307" /><ent r="6" t="32" w="307" /><ent r="7" t="36" w="675" /><ent r="7" t="36" w="675" /><ent r="6" t="36" w="1735" /><ent r="6" t="36" w="1735" /></phr><phr n="FAILED"><ent r="4" t="28" w="64" /><ent r="7" t="36" w="1714" /></phr></stem><stem n="aile"><phr n="detailed"><ent r="3" t="4" w="530" /><ent r="3" t="4" w="530" /><ent r="3" t="31" w="864" /><ent r="3" t="31" w="864" /><ent r="7" t="36" w="788" /><ent r="7" t="36" w="788" /></phr><phr n="failed"><ent r="4" t="14" w="106" /><ent r="4" t="14" w="106" /><ent r="3" t="29" w="550" /><ent r="3" t="29" w="550" /><ent r="3" t="29" w="556" /><ent r="3" t="29" w="556" /><ent r="6" t="32" w="307" /><ent r="6" t="32" w="307" /><ent r="7" t="36" w="675" /><ent r="7" t="36" w="675" /><ent r="6" t="36" w="1735" /><ent r="6" t="36" w="1735" /></phr><phr n="FAILED"><ent r="4" t="28" w="64" /><ent r="7" t="36" w="1714" /></phr></stem><stem n="taile"><phr n="detailed"><ent r="3" t="4" w="530" /><ent r="3" t="4" w="530" /><ent r="3" t="31" w="864" /><ent r="3" t="31" w="864" /><ent r="7" t="36" w="788" /><ent r="7" t="36" w="788" /></phr></stem><stem n="ailed"><phr n="detailed"><ent r="3" t="4" w="530" /><ent r="3" t="4" w="530" /><ent r="3" t="31" w="864" /><ent r="3" t="31" w="864" /><ent r="7" t="36" w="788" /><ent r="7" t="36" w="788" /></phr><phr n="failed"><ent r="4" t="14" w="106" /><ent r="4" t="14" w="106" /><ent r="3" t="29" w="550" /><ent r="3" t="29" w="550" /><ent r="3" t="29" w="556" /><ent r="3" t="29" w="556" /><ent r="6" t="32" w="307" /><ent r="6" t="32" w="307" /><ent r="7" t="36" w="675" /><ent r="7" t="36" w="675" /><ent r="6" t="36" w="1735" /><ent r="6" t="36" w="1735" /></phr><phr n="FAILED"><ent r="4" t="28" w="64" /><ent r="7" t="36" w="1714" /></phr></stem><stem n="etaile"><phr n="detailed"><ent r="3" t="4" w="530" /><ent r="3" t="4" w="530" /><ent r="3" t="31" w="864" /><ent r="3" t="31" w="864" /><ent r="7" t="36" w="788" /><ent r="7" t="36" w="788" /></phr></stem><stem n="tailed"><phr n="detailed"><ent r="3" t="4" w="530" /><ent r="3" t="4" w="530" /><ent r="3" t="31" w="864" /><ent r="3" t="31" w="864" /><ent r="7" t="36" w="788" /><ent r="7" t="36" w="788" /></phr></stem><stem n="detaile"><phr n="detailed"><ent r="3" t="4" w="530" /><ent r="3" t="4" w="530" /><ent r="3" t="31" w="864" /><ent r="3" t="31" w="864" /><ent r="7" t="36" w="788" /><ent r="7" t="36" w="788" /></phr></stem><stem n="etailed"><phr n="detailed"><ent r="3" t="4" w="530" /><ent r="3" t="4" w="530" /><ent r="3" t="31" w="864" /><ent r="3" t="31" w="864" /><ent r="7" t="36" w="788" /><ent r="7" t="36" w="788" /></phr></stem><stem n="detailed"><phr n="detailed"><ent r="3" t="4" w="530" /><ent r="3" t="4" w="530" /><ent r="3" t="31" w="864" /><ent r="3" t="31" w="864" /><ent r="7" t="36" w="788" /><ent r="7" t="36" w="788" /></phr></stem><stem n="behaviour"><phr n="behaviour"><ent r="3" t="4" w="534" /></phr></stem><stem n="beha"><phr n="behaviour"><ent r="3" t="4" w="534" /></phr></stem><stem n="ehav"><phr n="behaviour"><ent r="3" t="4" w="534" /></phr></stem><stem n="iour"><phr n="behaviour"><ent r="3" t="4" w="534" /></phr></stem><stem n="havi"><phr n="behaviour"><ent r="3" t="4" w="534" /></phr></stem><stem n="avio"><phr n="behaviour"><ent r="3" t="4" w="534" /></phr></stem><stem n="behav"><phr n="behaviour"><ent r="3" t="4" w="534" /></phr></stem><stem n="ehavi"><phr n="behaviour"><ent r="3" t="4" w="534" /></phr></stem><stem n="havio"><phr n="behaviour"><ent r="3" t="4" w="534" /></phr></stem><stem n="aviou"><phr n="behaviour"><ent r="3" t="4" w="534" /></phr></stem><stem n="viour"><phr n="behaviour"><ent r="3" t="4" w="534" /></phr></stem><stem n="behavi"><phr n="behaviour"><ent r="3" t="4" w="534" /></phr></stem><stem n="ehavio"><phr n="behaviour"><ent r="3" t="4" w="534" /></phr></stem><stem n="haviou"><phr n="behaviour"><ent r="3" t="4" w="534" /></phr></stem><stem n="aviour"><phr n="behaviour"><ent r="3" t="4" w="534" /></phr></stem><stem n="behavio"><phr n="behaviour"><ent r="3" t="4" w="534" /></phr></stem><stem n="ehaviou"><phr n="behaviour"><ent r="3" t="4" w="534" /></phr></stem><stem n="haviour"><phr n="behaviour"><ent r="3" t="4" w="534" /></phr></stem><stem n="behaviou"><phr n="behaviour"><ent r="3" t="4" w="534" /></phr></stem><stem n="ehaviour"><phr n="behaviour"><ent r="3" t="4" w="534" /></phr></stem><stem n="repeat"><phr n="repeat"><ent r="3" t="4" w="557" /><ent r="3" t="4" w="557" /><ent r="6" t="28" w="347" /><ent r="6" t="28" w="347" /></phr><phr n="Repeat"><ent r="4" t="9" w="375" /><ent r="4" t="9" w="375" /></phr></stem><stem n="repe"><phr n="repeat"><ent r="3" t="4" w="557" /><ent r="3" t="4" w="557" /><ent r="6" t="28" w="347" /><ent r="6" t="28" w="347" /></phr><phr n="Repeat"><ent r="4" t="9" w="375" /><ent r="4" t="9" w="375" /></phr></stem><stem n="epea"><phr n="repeat"><ent r="3" t="4" w="557" /><ent r="3" t="4" w="557" /><ent r="6" t="28" w="347" /><ent r="6" t="28" w="347" /></phr><phr n="Repeat"><ent r="4" t="9" w="375" /><ent r="4" t="9" w="375" /></phr></stem><stem n="peat"><phr n="repeat"><ent r="3" t="4" w="557" /><ent r="3" t="4" w="557" /><ent r="6" t="28" w="347" /><ent r="6" t="28" w="347" /></phr><phr n="Repeat"><ent r="4" t="9" w="375" /><ent r="4" t="9" w="375" /></phr></stem><stem n="repea"><phr n="repeat"><ent r="3" t="4" w="557" /><ent r="3" t="4" w="557" /><ent r="6" t="28" w="347" /><ent r="6" t="28" w="347" /></phr><phr n="Repeat"><ent r="4" t="9" w="375" /><ent r="4" t="9" w="375" /></phr></stem><stem n="epeat"><phr n="repeat"><ent r="3" t="4" w="557" /><ent r="3" t="4" w="557" /><ent r="6" t="28" w="347" /><ent r="6" t="28" w="347" /></phr><phr n="Repeat"><ent r="4" t="9" w="375" /><ent r="4" t="9" w="375" /></phr></stem><stem n="dgin"><phr n="acknowledging"><ent r="3" t="4" w="564" /><ent r="3" t="4" w="564" /></phr></stem><stem n="edgi"><phr n="acknowledging"><ent r="3" t="4" w="564" /><ent r="3" t="4" w="564" /></phr></stem><stem n="ledgi"><phr n="acknowledging"><ent r="3" t="4" w="564" /><ent r="3" t="4" w="564" /></phr></stem><stem n="edgin"><phr n="acknowledging"><ent r="3" t="4" w="564" /><ent r="3" t="4" w="564" /></phr></stem><stem n="dging"><phr n="acknowledging"><ent r="3" t="4" w="564" /><ent r="3" t="4" w="564" /></phr></stem><stem n="ledgin"><phr n="acknowledging"><ent r="3" t="4" w="564" /><ent r="3" t="4" w="564" /></phr></stem><stem n="edging"><phr n="acknowledging"><ent r="3" t="4" w="564" /><ent r="3" t="4" w="564" /></phr></stem><stem n="wledgi"><phr n="acknowledging"><ent r="3" t="4" w="564" /><ent r="3" t="4" w="564" /></phr></stem><stem n="owledgi"><phr n="acknowledging"><ent r="3" t="4" w="564" /><ent r="3" t="4" w="564" /></phr></stem><stem n="wledgin"><phr n="acknowledging"><ent r="3" t="4" w="564" /><ent r="3" t="4" w="564" /></phr></stem><stem n="ledging"><phr n="acknowledging"><ent r="3" t="4" w="564" /><ent r="3" t="4" w="564" /></phr></stem><stem n="nowledgi"><phr n="acknowledging"><ent r="3" t="4" w="564" /><ent r="3" t="4" w="564" /></phr></stem><stem n="owledgin"><phr n="acknowledging"><ent r="3" t="4" w="564" /><ent r="3" t="4" w="564" /></phr></stem><stem n="wledging"><phr n="acknowledging"><ent r="3" t="4" w="564" /><ent r="3" t="4" w="564" /></phr></stem><stem n="knowledgi"><phr n="acknowledging"><ent r="3" t="4" w="564" /><ent r="3" t="4" w="564" /></phr></stem><stem n="nowledgin"><phr n="acknowledging"><ent r="3" t="4" w="564" /><ent r="3" t="4" w="564" /></phr></stem><stem n="owledging"><phr n="acknowledging"><ent r="3" t="4" w="564" /><ent r="3" t="4" w="564" /></phr></stem><stem n="cknowledgi"><phr n="acknowledging"><ent r="3" t="4" w="564" /><ent r="3" t="4" w="564" /></phr></stem><stem n="knowledgin"><phr n="acknowledging"><ent r="3" t="4" w="564" /><ent r="3" t="4" w="564" /></phr></stem><stem n="nowledging"><phr n="acknowledging"><ent r="3" t="4" w="564" /><ent r="3" t="4" w="564" /></phr></stem><stem n="acknowledgi"><phr n="acknowledging"><ent r="3" t="4" w="564" /><ent r="3" t="4" w="564" /></phr></stem><stem n="cknowledgin"><phr n="acknowledging"><ent r="3" t="4" w="564" /><ent r="3" t="4" w="564" /></phr></stem><stem n="knowledging"><phr n="acknowledging"><ent r="3" t="4" w="564" /><ent r="3" t="4" w="564" /></phr></stem><stem n="acknowledgin"><phr n="acknowledging"><ent r="3" t="4" w="564" /><ent r="3" t="4" w="564" /></phr></stem><stem n="cknowledging"><phr n="acknowledging"><ent r="3" t="4" w="564" /><ent r="3" t="4" w="564" /></phr></stem></index>