<?xml version="1.0" encoding="utf-8"?><index><stem n="tabl"><phr n="table"><ent r="3" t="3" w="476" /><ent r="3" t="3" w="476" /><ent r="3" t="3" w="1248" /><ent r="3" t="3" w="1248" /><ent r="3" t="4" w="245" /><ent r="3" t="4" w="245" /><ent r="4" t="27" w="377" /><ent r="3" t="28" w="84" /><ent r="3" t="28" w="84" /><ent r="3" t="29" w="18" /><ent r="3" t="29" w="18" /><ent r="3" t="36" w="232" /><ent r="3" t="36" w="232" /><ent r="3" t="36" w="1221" /><ent r="3" t="36" w="1221" /><ent r="3" t="46" w="223" /><ent r="3" t="46" w="223" /></phr><phr n="established"><ent r="6" t="3" w="735" /><ent r="6" t="3" w="735" /><ent r="6" t="3" w="747" /><ent r="6" t="3" w="747" /><ent r="6" t="3" w="765" /><ent r="6" t="3" w="765" /><ent r="6" t="3" w="772" /><ent r="3" t="12" w="41" /><ent r="3" t="12" w="41" /><ent r="3" t="12" w="49" /><ent r="3" t="12" w="414" /><ent r="4" t="13" w="294" /><ent r="4" t="13" w="294" /></phr><phr n="establish"><ent r="6" t="3" w="791" /><ent r="6" t="3" w="791" /><ent r="4" t="6" w="252" /><ent r="4" t="6" w="252" /><ent r="4" t="11" w="350" /><ent r="4" t="11" w="350" /><ent r="4" t="11" w="362" /><ent r="4" t="11" w="362" /><ent r="4" t="11" w="380" /><ent r="4" t="11" w="380" /><ent r="4" t="11" w="391" /><ent r="4" t="11" w="391" /><ent r="4" t="11" w="431" /><ent r="4" t="11" w="431" /><ent r="3" t="12" w="83" /><ent r="3" t="12" w="83" /><ent r="3" t="12" w="94" /><ent r="3" t="12" w="94" /><ent r="4" t="12" w="204" /><ent r="4" t="12" w="204" /><ent r="3" t="12" w="258" /><ent r="3" t="12" w="258" /><ent r="4" t="12" w="303" /><ent r="4" t="12" w="303" /><ent r="3" t="14" w="55" /><ent r="3" t="14" w="55" /><ent r="4" t="14" w="451" /><ent r="4" t="14" w="451" /><ent r="7" t="45" w="269" /><ent r="7" t="45" w="269" /></phr><phr n="Establishing"><ent r="64" t="6" w="269" /><ent r="64" t="6" w="269" /><ent r="65" t="11" w="373" /><ent r="65" t="11" w="373" /><ent r="65" t="11" w="456" /><ent r="65" t="11" w="456" /><ent r="1000" t="12" w="1" /><ent r="1000" t="12" w="1" /><ent r="100" t="12" w="7" /><ent r="100" t="12" w="7" /><ent r="102" t="12" w="20" /><ent r="102" t="12" w="20" /><ent r="3" t="12" w="274" /><ent r="3" t="12" w="274" /><ent r="3" t="13" w="322" /><ent r="3" t="13" w="322" /><ent r="4" t="14" w="103" /><ent r="4" t="14" w="103" /><ent r="64" t="31" w="967" /><ent r="64" t="31" w="967" /></phr><phr n="establing"><ent r="100" t="12" w="14" /><ent r="100" t="12" w="14" /></phr><phr n="establishing"><ent r="100" t="12" w="18" /><ent r="100" t="12" w="18" /><ent r="3" t="12" w="137" /><ent r="3" t="12" w="137" /></phr><phr n="editable"><ent r="4" t="12" w="309" /></phr><phr n="Table"><ent r="64" t="31" w="203" /><ent r="64" t="31" w="203" /><ent r="64" t="31" w="1053" /><ent r="64" t="31" w="1053" /><ent r="64" t="32" w="159" /><ent r="64" t="32" w="159" /><ent r="68" t="36" w="782" /><ent r="68" t="36" w="782" /><ent r="65" t="46" w="179" /><ent r="65" t="46" w="179" /></phr><phr n="acceptable"><ent r="7" t="41" w="130" /><ent r="7" t="41" w="130" /></phr></stem><stem n="table"><phr n="table"><ent r="3" t="3" w="476" /><ent r="3" t="3" w="476" /><ent r="3" t="3" w="1248" /><ent r="3" t="3" w="1248" /><ent r="3" t="4" w="245" /><ent r="3" t="4" w="245" /><ent r="4" t="27" w="377" /><ent r="3" t="28" w="84" /><ent r="3" t="28" w="84" /><ent r="3" t="29" w="18" /><ent r="3" t="29" w="18" /><ent r="3" t="36" w="232" /><ent r="3" t="36" w="232" /><ent r="3" t="36" w="1221" /><ent r="3" t="36" w="1221" /><ent r="3" t="46" w="223" /><ent r="3" t="46" w="223" /></phr><phr n="editable"><ent r="4" t="12" w="309" /></phr><phr n="Table"><ent r="64" t="31" w="203" /><ent r="64" t="31" w="203" /><ent r="64" t="31" w="1053" /><ent r="64" t="31" w="1053" /><ent r="64" t="32" w="159" /><ent r="64" t="32" w="159" /><ent r="68" t="36" w="782" /><ent r="68" t="36" w="782" /><ent r="65" t="46" w="179" /><ent r="65" t="46" w="179" /></phr><phr n="acceptable"><ent r="7" t="41" w="130" /><ent r="7" t="41" w="130" /></phr></stem><stem n="ibes"><phr n="describes"><ent r="3" t="3" w="477" /><ent r="3" t="3" w="477" /><ent r="4" t="17" w="723" /><ent r="4" t="17" w="723" /><ent r="3" t="36" w="233" /><ent r="3" t="36" w="233" /><ent r="3" t="36" w="1222" /><ent r="3" t="36" w="1222" /></phr></stem><stem n="ribes"><phr n="describes"><ent r="3" t="3" w="477" /><ent r="3" t="3" w="477" /><ent r="4" t="17" w="723" /><ent r="4" t="17" w="723" /><ent r="3" t="36" w="233" /><ent r="3" t="36" w="233" /><ent r="3" t="36" w="1222" /><ent r="3" t="36" w="1222" /></phr></stem><stem n="cribes"><phr n="describes"><ent r="3" t="3" w="477" /><ent r="3" t="3" w="477" /><ent r="4" t="17" w="723" /><ent r="4" t="17" w="723" /><ent r="3" t="36" w="233" /><ent r="3" t="36" w="233" /><ent r="3" t="36" w="1222" /><ent r="3" t="36" w="1222" /></phr></stem><stem n="scribes"><phr n="describes"><ent r="3" t="3" w="477" /><ent r="3" t="3" w="477" /><ent r="4" t="17" w="723" /><ent r="4" t="17" w="723" /><ent r="3" t="36" w="233" /><ent r="3" t="36" w="233" /><ent r="3" t="36" w="1222" /><ent r="3" t="36" w="1222" /></phr></stem><stem n="escribes"><phr n="describes"><ent r="3" t="3" w="477" /><ent r="3" t="3" w="477" /><ent r="4" t="17" w="723" /><ent r="4" t="17" w="723" /><ent r="3" t="36" w="233" /><ent r="3" t="36" w="233" /><ent r="3" t="36" w="1222" /><ent r="3" t="36" w="1222" /></phr></stem><stem n="describes"><phr n="describes"><ent r="3" t="3" w="477" /><ent r="3" t="3" w="477" /><ent r="4" t="17" w="723" /><ent r="4" t="17" w="723" /><ent r="3" t="36" w="233" /><ent r="3" t="36" w="233" /><ent r="3" t="36" w="1222" /><ent r="3" t="36" w="1222" /></phr></stem><stem n="cato"><phr n="indicators"><ent r="6" t="3" w="500" /><ent r="6" t="3" w="500" /><ent r="6" t="3" w="655" /><ent r="6" t="3" w="655" /><ent r="3" t="31" w="1161" /><ent r="3" t="31" w="1161" /></phr><phr n="indicator"><ent r="6" t="3" w="562" /><ent r="6" t="3" w="562" /><ent r="3" t="31" w="1437" /><ent r="3" t="31" w="1437" /><ent r="3" t="31" w="1463" /><ent r="3" t="31" w="1463" /><ent r="3" t="31" w="1482" /><ent r="3" t="31" w="1482" /><ent r="3" t="31" w="1508" /><ent r="3" t="31" w="1508" /></phr><phr n="Indicator"><ent r="3" t="31" w="1454" /><ent r="3" t="31" w="1454" /></phr></stem><stem n="ators"><phr n="indicators"><ent r="6" t="3" w="500" /><ent r="6" t="3" w="500" /><ent r="6" t="3" w="655" /><ent r="6" t="3" w="655" /><ent r="3" t="31" w="1161" /><ent r="3" t="31" w="1161" /></phr><phr n="Administrators"><ent r="3" t="22" w="85" /><ent r="3" t="22" w="85" /><ent r="4" t="40" w="67" /><ent r="4" t="40" w="67" /><ent r="4" t="40" w="74" /><ent r="4" t="40" w="74" /><ent r="4" t="44" w="115" /><ent r="4" t="44" w="115" /><ent r="6" t="44" w="482" /></phr><phr n="administrators"><ent r="3" t="42" w="41" /><ent r="4" t="44" w="173" /><ent r="4" t="44" w="173" /><ent r="4" t="44" w="184" /><ent r="4" t="44" w="184" /></phr></stem><stem n="icato"><phr n="indicators"><ent r="6" t="3" w="500" /><ent r="6" t="3" w="500" /><ent r="6" t="3" w="655" /><ent r="6" t="3" w="655" /><ent r="3" t="31" w="1161" /><ent r="3" t="31" w="1161" /></phr><phr n="indicator"><ent r="6" t="3" w="562" /><ent r="6" t="3" w="562" /><ent r="3" t="31" w="1437" /><ent r="3" t="31" w="1437" /><ent r="3" t="31" w="1463" /><ent r="3" t="31" w="1463" /><ent r="3" t="31" w="1482" /><ent r="3" t="31" w="1482" /><ent r="3" t="31" w="1508" /><ent r="3" t="31" w="1508" /></phr><phr n="Indicator"><ent r="3" t="31" w="1454" /><ent r="3" t="31" w="1454" /></phr></stem><stem n="cator"><phr n="indicators"><ent r="6" t="3" w="500" /><ent r="6" t="3" w="500" /><ent r="6" t="3" w="655" /><ent r="6" t="3" w="655" /><ent r="3" t="31" w="1161" /><ent r="3" t="31" w="1161" /></phr><phr n="indicator"><ent r="6" t="3" w="562" /><ent r="6" t="3" w="562" /><ent r="3" t="31" w="1437" /><ent r="3" t="31" w="1437" /><ent r="3" t="31" w="1463" /><ent r="3" t="31" w="1463" /><ent r="3" t="31" w="1482" /><ent r="3" t="31" w="1482" /><ent r="3" t="31" w="1508" /><ent r="3" t="31" w="1508" /></phr><phr n="Indicator"><ent r="3" t="31" w="1454" /><ent r="3" t="31" w="1454" /></phr></stem><stem n="dicato"><phr n="indicators"><ent r="6" t="3" w="500" /><ent r="6" t="3" w="500" /><ent r="6" t="3" w="655" /><ent r="6" t="3" w="655" /><ent r="3" t="31" w="1161" /><ent r="3" t="31" w="1161" /></phr><phr n="indicator"><ent r="6" t="3" w="562" /><ent r="6" t="3" w="562" /><ent r="3" t="31" w="1437" /><ent r="3" t="31" w="1437" /><ent r="3" t="31" w="1463" /><ent r="3" t="31" w="1463" /><ent r="3" t="31" w="1482" /><ent r="3" t="31" w="1482" /><ent r="3" t="31" w="1508" /><ent r="3" t="31" w="1508" /></phr><phr n="Indicator"><ent r="3" t="31" w="1454" /><ent r="3" t="31" w="1454" /></phr></stem><stem n="icator"><phr n="indicators"><ent r="6" t="3" w="500" /><ent r="6" t="3" w="500" /><ent r="6" t="3" w="655" /><ent r="6" t="3" w="655" /><ent r="3" t="31" w="1161" /><ent r="3" t="31" w="1161" /></phr><phr n="indicator"><ent r="6" t="3" w="562" /><ent r="6" t="3" w="562" /><ent r="3" t="31" w="1437" /><ent r="3" t="31" w="1437" /><ent r="3" t="31" w="1463" /><ent r="3" t="31" w="1463" /><ent r="3" t="31" w="1482" /><ent r="3" t="31" w="1482" /><ent r="3" t="31" w="1508" /><ent r="3" t="31" w="1508" /></phr><phr n="Indicator"><ent r="3" t="31" w="1454" /><ent r="3" t="31" w="1454" /></phr></stem><stem n="cators"><phr n="indicators"><ent r="6" t="3" w="500" /><ent r="6" t="3" w="500" /><ent r="6" t="3" w="655" /><ent r="6" t="3" w="655" /><ent r="3" t="31" w="1161" /><ent r="3" t="31" w="1161" /></phr></stem><stem n="ndicato"><phr n="indicators"><ent r="6" t="3" w="500" /><ent r="6" t="3" w="500" /><ent r="6" t="3" w="655" /><ent r="6" t="3" w="655" /><ent r="3" t="31" w="1161" /><ent r="3" t="31" w="1161" /></phr><phr n="indicator"><ent r="6" t="3" w="562" /><ent r="6" t="3" w="562" /><ent r="3" t="31" w="1437" /><ent r="3" t="31" w="1437" /><ent r="3" t="31" w="1463" /><ent r="3" t="31" w="1463" /><ent r="3" t="31" w="1482" /><ent r="3" t="31" w="1482" /><ent r="3" t="31" w="1508" /><ent r="3" t="31" w="1508" /></phr><phr n="Indicator"><ent r="3" t="31" w="1454" /><ent r="3" t="31" w="1454" /></phr></stem><stem n="dicator"><phr n="indicators"><ent r="6" t="3" w="500" /><ent r="6" t="3" w="500" /><ent r="6" t="3" w="655" /><ent r="6" t="3" w="655" /><ent r="3" t="31" w="1161" /><ent r="3" t="31" w="1161" /></phr><phr n="indicator"><ent r="6" t="3" w="562" /><ent r="6" t="3" w="562" /><ent r="3" t="31" w="1437" /><ent r="3" t="31" w="1437" /><ent r="3" t="31" w="1463" /><ent r="3" t="31" w="1463" /><ent r="3" t="31" w="1482" /><ent r="3" t="31" w="1482" /><ent r="3" t="31" w="1508" /><ent r="3" t="31" w="1508" /></phr><phr n="Indicator"><ent r="3" t="31" w="1454" /><ent r="3" t="31" w="1454" /></phr></stem><stem n="icators"><phr n="indicators"><ent r="6" t="3" w="500" /><ent r="6" t="3" w="500" /><ent r="6" t="3" w="655" /><ent r="6" t="3" w="655" /><ent r="3" t="31" w="1161" /><ent r="3" t="31" w="1161" /></phr></stem><stem n="indicato"><phr n="indicators"><ent r="6" t="3" w="500" /><ent r="6" t="3" w="500" /><ent r="6" t="3" w="655" /><ent r="6" t="3" w="655" /><ent r="3" t="31" w="1161" /><ent r="3" t="31" w="1161" /></phr><phr n="indicator"><ent r="6" t="3" w="562" /><ent r="6" t="3" w="562" /><ent r="3" t="31" w="1437" /><ent r="3" t="31" w="1437" /><ent r="3" t="31" w="1463" /><ent r="3" t="31" w="1463" /><ent r="3" t="31" w="1482" /><ent r="3" t="31" w="1482" /><ent r="3" t="31" w="1508" /><ent r="3" t="31" w="1508" /></phr><phr n="Indicator"><ent r="3" t="31" w="1454" /><ent r="3" t="31" w="1454" /></phr></stem><stem n="ndicator"><phr n="indicators"><ent r="6" t="3" w="500" /><ent r="6" t="3" w="500" /><ent r="6" t="3" w="655" /><ent r="6" t="3" w="655" /><ent r="3" t="31" w="1161" /><ent r="3" t="31" w="1161" /></phr><phr n="indicator"><ent r="6" t="3" w="562" /><ent r="6" t="3" w="562" /><ent r="3" t="31" w="1437" /><ent r="3" t="31" w="1437" /><ent r="3" t="31" w="1463" /><ent r="3" t="31" w="1463" /><ent r="3" t="31" w="1482" /><ent r="3" t="31" w="1482" /><ent r="3" t="31" w="1508" /><ent r="3" t="31" w="1508" /></phr><phr n="Indicator"><ent r="3" t="31" w="1454" /><ent r="3" t="31" w="1454" /></phr></stem><stem n="dicators"><phr n="indicators"><ent r="6" t="3" w="500" /><ent r="6" t="3" w="500" /><ent r="6" t="3" w="655" /><ent r="6" t="3" w="655" /><ent r="3" t="31" w="1161" /><ent r="3" t="31" w="1161" /></phr></stem><stem n="indicator"><phr n="indicators"><ent r="6" t="3" w="500" /><ent r="6" t="3" w="500" /><ent r="6" t="3" w="655" /><ent r="6" t="3" w="655" /><ent r="3" t="31" w="1161" /><ent r="3" t="31" w="1161" /></phr><phr n="indicator"><ent r="6" t="3" w="562" /><ent r="6" t="3" w="562" /><ent r="3" t="31" w="1437" /><ent r="3" t="31" w="1437" /><ent r="3" t="31" w="1463" /><ent r="3" t="31" w="1463" /><ent r="3" t="31" w="1482" /><ent r="3" t="31" w="1482" /><ent r="3" t="31" w="1508" /><ent r="3" t="31" w="1508" /></phr><phr n="Indicator"><ent r="3" t="31" w="1454" /><ent r="3" t="31" w="1454" /></phr></stem><stem n="ndicators"><phr n="indicators"><ent r="6" t="3" w="500" /><ent r="6" t="3" w="500" /><ent r="6" t="3" w="655" /><ent r="6" t="3" w="655" /><ent r="3" t="31" w="1161" /><ent r="3" t="31" w="1161" /></phr></stem><stem n="indicators"><phr n="indicators"><ent r="6" t="3" w="500" /><ent r="6" t="3" w="500" /><ent r="6" t="3" w="655" /><ent r="6" t="3" w="655" /><ent r="3" t="31" w="1161" /><ent r="3" t="31" w="1161" /></phr></stem><stem n="databas"><phr n="database"><ent r="6" t="3" w="518" /><ent r="6" t="3" w="518" /><ent r="6" t="3" w="543" /><ent r="6" t="3" w="543" /><ent r="7" t="3" w="1166" /><ent r="7" t="3" w="1166" /><ent r="4" t="23" w="356" /><ent r="4" t="23" w="356" /><ent r="4" t="24" w="299" /><ent r="4" t="24" w="299" /><ent r="4" t="27" w="699" /><ent r="4" t="27" w="699" /><ent r="7" t="31" w="245" /><ent r="7" t="31" w="245" /><ent r="7" t="31" w="262" /><ent r="7" t="31" w="262" /><ent r="4" t="34" w="1085" /><ent r="4" t="34" w="1085" /></phr><phr n="Database"><ent r="7" t="3" w="1161" /><ent r="7" t="3" w="1161" /></phr></stem><stem n="data"><phr n="database"><ent r="6" t="3" w="518" /><ent r="6" t="3" w="518" /><ent r="6" t="3" w="543" /><ent r="6" t="3" w="543" /><ent r="7" t="3" w="1166" /><ent r="7" t="3" w="1166" /><ent r="4" t="23" w="356" /><ent r="4" t="23" w="356" /><ent r="4" t="24" w="299" /><ent r="4" t="24" w="299" /><ent r="4" t="27" w="699" /><ent r="4" t="27" w="699" /><ent r="7" t="31" w="245" /><ent r="7" t="31" w="245" /><ent r="7" t="31" w="262" /><ent r="7" t="31" w="262" /><ent r="4" t="34" w="1085" /><ent r="4" t="34" w="1085" /></phr><phr n="Database"><ent r="7" t="3" w="1161" /><ent r="7" t="3" w="1161" /></phr><phr n="data"><ent r="4" t="26" w="438" /><ent r="4" t="26" w="438" /><ent r="3" t="27" w="61" /><ent r="3" t="27" w="61" /><ent r="3" t="27" w="848" /><ent r="3" t="27" w="848" /><ent r="4" t="27" w="921" /><ent r="4" t="27" w="921" /><ent r="7" t="29" w="409" /><ent r="7" t="29" w="443" /><ent r="3" t="36" w="26" /><ent r="3" t="36" w="26" /><ent r="7" t="36" w="354" /><ent r="7" t="36" w="354" /><ent r="7" t="36" w="867" /><ent r="7" t="36" w="867" /><ent r="7" t="36" w="1022" /><ent r="7" t="36" w="1022" /></phr></stem><stem n="atab"><phr n="database"><ent r="6" t="3" w="518" /><ent r="6" t="3" w="518" /><ent r="6" t="3" w="543" /><ent r="6" t="3" w="543" /><ent r="7" t="3" w="1166" /><ent r="7" t="3" w="1166" /><ent r="4" t="23" w="356" /><ent r="4" t="23" w="356" /><ent r="4" t="24" w="299" /><ent r="4" t="24" w="299" /><ent r="4" t="27" w="699" /><ent r="4" t="27" w="699" /><ent r="7" t="31" w="245" /><ent r="7" t="31" w="245" /><ent r="7" t="31" w="262" /><ent r="7" t="31" w="262" /><ent r="4" t="34" w="1085" /><ent r="4" t="34" w="1085" /></phr><phr n="Database"><ent r="7" t="3" w="1161" /><ent r="7" t="3" w="1161" /></phr></stem><stem n="taba"><phr n="database"><ent r="6" t="3" w="518" /><ent r="6" t="3" w="518" /><ent r="6" t="3" w="543" /><ent r="6" t="3" w="543" /><ent r="7" t="3" w="1166" /><ent r="7" t="3" w="1166" /><ent r="4" t="23" w="356" /><ent r="4" t="23" w="356" /><ent r="4" t="24" w="299" /><ent r="4" t="24" w="299" /><ent r="4" t="27" w="699" /><ent r="4" t="27" w="699" /><ent r="7" t="31" w="245" /><ent r="7" t="31" w="245" /><ent r="7" t="31" w="262" /><ent r="7" t="31" w="262" /><ent r="4" t="34" w="1085" /><ent r="4" t="34" w="1085" /></phr><phr n="Database"><ent r="7" t="3" w="1161" /><ent r="7" t="3" w="1161" /></phr></stem><stem n="abas"><phr n="database"><ent r="6" t="3" w="518" /><ent r="6" t="3" w="518" /><ent r="6" t="3" w="543" /><ent r="6" t="3" w="543" /><ent r="7" t="3" w="1166" /><ent r="7" t="3" w="1166" /><ent r="4" t="23" w="356" /><ent r="4" t="23" w="356" /><ent r="4" t="24" w="299" /><ent r="4" t="24" w="299" /><ent r="4" t="27" w="699" /><ent r="4" t="27" w="699" /><ent r="7" t="31" w="245" /><ent r="7" t="31" w="245" /><ent r="7" t="31" w="262" /><ent r="7" t="31" w="262" /><ent r="4" t="34" w="1085" /><ent r="4" t="34" w="1085" /></phr><phr n="Database"><ent r="7" t="3" w="1161" /><ent r="7" t="3" w="1161" /></phr></stem><stem n="datab"><phr n="database"><ent r="6" t="3" w="518" /><ent r="6" t="3" w="518" /><ent r="6" t="3" w="543" /><ent r="6" t="3" w="543" /><ent r="7" t="3" w="1166" /><ent r="7" t="3" w="1166" /><ent r="4" t="23" w="356" /><ent r="4" t="23" w="356" /><ent r="4" t="24" w="299" /><ent r="4" t="24" w="299" /><ent r="4" t="27" w="699" /><ent r="4" t="27" w="699" /><ent r="7" t="31" w="245" /><ent r="7" t="31" w="245" /><ent r="7" t="31" w="262" /><ent r="7" t="31" w="262" /><ent r="4" t="34" w="1085" /><ent r="4" t="34" w="1085" /></phr><phr n="Database"><ent r="7" t="3" w="1161" /><ent r="7" t="3" w="1161" /></phr></stem><stem n="ataba"><phr n="database"><ent r="6" t="3" w="518" /><ent r="6" t="3" w="518" /><ent r="6" t="3" w="543" /><ent r="6" t="3" w="543" /><ent r="7" t="3" w="1166" /><ent r="7" t="3" w="1166" /><ent r="4" t="23" w="356" /><ent r="4" t="23" w="356" /><ent r="4" t="24" w="299" /><ent r="4" t="24" w="299" /><ent r="4" t="27" w="699" /><ent r="4" t="27" w="699" /><ent r="7" t="31" w="245" /><ent r="7" t="31" w="245" /><ent r="7" t="31" w="262" /><ent r="7" t="31" w="262" /><ent r="4" t="34" w="1085" /><ent r="4" t="34" w="1085" /></phr><phr n="Database"><ent r="7" t="3" w="1161" /><ent r="7" t="3" w="1161" /></phr></stem><stem n="tabas"><phr n="database"><ent r="6" t="3" w="518" /><ent r="6" t="3" w="518" /><ent r="6" t="3" w="543" /><ent r="6" t="3" w="543" /><ent r="7" t="3" w="1166" /><ent r="7" t="3" w="1166" /><ent r="4" t="23" w="356" /><ent r="4" t="23" w="356" /><ent r="4" t="24" w="299" /><ent r="4" t="24" w="299" /><ent r="4" t="27" w="699" /><ent r="4" t="27" w="699" /><ent r="7" t="31" w="245" /><ent r="7" t="31" w="245" /><ent r="7" t="31" w="262" /><ent r="7" t="31" w="262" /><ent r="4" t="34" w="1085" /><ent r="4" t="34" w="1085" /></phr><phr n="Database"><ent r="7" t="3" w="1161" /><ent r="7" t="3" w="1161" /></phr></stem><stem n="abase"><phr n="database"><ent r="6" t="3" w="518" /><ent r="6" t="3" w="518" /><ent r="6" t="3" w="543" /><ent r="6" t="3" w="543" /><ent r="7" t="3" w="1166" /><ent r="7" t="3" w="1166" /><ent r="4" t="23" w="356" /><ent r="4" t="23" w="356" /><ent r="4" t="24" w="299" /><ent r="4" t="24" w="299" /><ent r="4" t="27" w="699" /><ent r="4" t="27" w="699" /><ent r="7" t="31" w="245" /><ent r="7" t="31" w="245" /><ent r="7" t="31" w="262" /><ent r="7" t="31" w="262" /><ent r="4" t="34" w="1085" /><ent r="4" t="34" w="1085" /></phr><phr n="Database"><ent r="7" t="3" w="1161" /><ent r="7" t="3" w="1161" /></phr></stem><stem n="databa"><phr n="database"><ent r="6" t="3" w="518" /><ent r="6" t="3" w="518" /><ent r="6" t="3" w="543" /><ent r="6" t="3" w="543" /><ent r="7" t="3" w="1166" /><ent r="7" t="3" w="1166" /><ent r="4" t="23" w="356" /><ent r="4" t="23" w="356" /><ent r="4" t="24" w="299" /><ent r="4" t="24" w="299" /><ent r="4" t="27" w="699" /><ent r="4" t="27" w="699" /><ent r="7" t="31" w="245" /><ent r="7" t="31" w="245" /><ent r="7" t="31" w="262" /><ent r="7" t="31" w="262" /><ent r="4" t="34" w="1085" /><ent r="4" t="34" w="1085" /></phr><phr n="Database"><ent r="7" t="3" w="1161" /><ent r="7" t="3" w="1161" /></phr></stem><stem n="atabas"><phr n="database"><ent r="6" t="3" w="518" /><ent r="6" t="3" w="518" /><ent r="6" t="3" w="543" /><ent r="6" t="3" w="543" /><ent r="7" t="3" w="1166" /><ent r="7" t="3" w="1166" /><ent r="4" t="23" w="356" /><ent r="4" t="23" w="356" /><ent r="4" t="24" w="299" /><ent r="4" t="24" w="299" /><ent r="4" t="27" w="699" /><ent r="4" t="27" w="699" /><ent r="7" t="31" w="245" /><ent r="7" t="31" w="245" /><ent r="7" t="31" w="262" /><ent r="7" t="31" w="262" /><ent r="4" t="34" w="1085" /><ent r="4" t="34" w="1085" /></phr><phr n="Database"><ent r="7" t="3" w="1161" /><ent r="7" t="3" w="1161" /></phr></stem><stem n="tabase"><phr n="database"><ent r="6" t="3" w="518" /><ent r="6" t="3" w="518" /><ent r="6" t="3" w="543" /><ent r="6" t="3" w="543" /><ent r="7" t="3" w="1166" /><ent r="7" t="3" w="1166" /><ent r="4" t="23" w="356" /><ent r="4" t="23" w="356" /><ent r="4" t="24" w="299" /><ent r="4" t="24" w="299" /><ent r="4" t="27" w="699" /><ent r="4" t="27" w="699" /><ent r="7" t="31" w="245" /><ent r="7" t="31" w="245" /><ent r="7" t="31" w="262" /><ent r="7" t="31" w="262" /><ent r="4" t="34" w="1085" /><ent r="4" t="34" w="1085" /></phr><phr n="Database"><ent r="7" t="3" w="1161" /><ent r="7" t="3" w="1161" /></phr></stem><stem n="atabase"><phr n="database"><ent r="6" t="3" w="518" /><ent r="6" t="3" w="518" /><ent r="6" t="3" w="543" /><ent r="6" t="3" w="543" /><ent r="7" t="3" w="1166" /><ent r="7" t="3" w="1166" /><ent r="4" t="23" w="356" /><ent r="4" t="23" w="356" /><ent r="4" t="24" w="299" /><ent r="4" t="24" w="299" /><ent r="4" t="27" w="699" /><ent r="4" t="27" w="699" /><ent r="7" t="31" w="245" /><ent r="7" t="31" w="245" /><ent r="7" t="31" w="262" /><ent r="7" t="31" w="262" /><ent r="4" t="34" w="1085" /><ent r="4" t="34" w="1085" /></phr><phr n="Database"><ent r="7" t="3" w="1161" /><ent r="7" t="3" w="1161" /></phr></stem><stem n="database"><phr n="database"><ent r="6" t="3" w="518" /><ent r="6" t="3" w="518" /><ent r="6" t="3" w="543" /><ent r="6" t="3" w="543" /><ent r="7" t="3" w="1166" /><ent r="7" t="3" w="1166" /><ent r="4" t="23" w="356" /><ent r="4" t="23" w="356" /><ent r="4" t="24" w="299" /><ent r="4" t="24" w="299" /><ent r="4" t="27" w="699" /><ent r="4" t="27" w="699" /><ent r="7" t="31" w="245" /><ent r="7" t="31" w="245" /><ent r="7" t="31" w="262" /><ent r="7" t="31" w="262" /><ent r="4" t="34" w="1085" /><ent r="4" t="34" w="1085" /></phr><phr n="Database"><ent r="7" t="3" w="1161" /><ent r="7" t="3" w="1161" /></phr></stem><stem n="normal"><phr n="normally"><ent r="6" t="3" w="521" /><ent r="6" t="3" w="672" /><ent r="6" t="3" w="680" /><ent r="6" t="3" w="680" /></phr><phr n="abnormally"><ent r="6" t="3" w="695" /><ent r="6" t="3" w="695" /></phr><phr n="normal"><ent r="7" t="16" w="1247" /><ent r="3" t="17" w="122" /><ent r="3" t="17" w="122" /><ent r="4" t="34" w="1154" /><ent r="4" t="34" w="1154" /></phr></stem><stem n="norm"><phr n="normally"><ent r="6" t="3" w="521" /><ent r="6" t="3" w="672" /><ent r="6" t="3" w="680" /><ent r="6" t="3" w="680" /></phr><phr n="abnormally"><ent r="6" t="3" w="695" /><ent r="6" t="3" w="695" /></phr><phr n="normal"><ent r="7" t="16" w="1247" /><ent r="3" t="17" w="122" /><ent r="3" t="17" w="122" /><ent r="4" t="34" w="1154" /><ent r="4" t="34" w="1154" /></phr></stem><stem n="rmal"><phr n="normally"><ent r="6" t="3" w="521" /><ent r="6" t="3" w="672" /><ent r="6" t="3" w="680" /><ent r="6" t="3" w="680" /></phr><phr n="abnormally"><ent r="6" t="3" w="695" /><ent r="6" t="3" w="695" /></phr><phr n="normal"><ent r="7" t="16" w="1247" /><ent r="3" t="17" w="122" /><ent r="3" t="17" w="122" /><ent r="4" t="34" w="1154" /><ent r="4" t="34" w="1154" /></phr></stem><stem n="mall"><phr n="normally"><ent r="6" t="3" w="521" /><ent r="6" t="3" w="672" /><ent r="6" t="3" w="680" /><ent r="6" t="3" w="680" /></phr><phr n="abnormally"><ent r="6" t="3" w="695" /><ent r="6" t="3" w="695" /></phr></stem><stem n="norma"><phr n="normally"><ent r="6" t="3" w="521" /><ent r="6" t="3" w="672" /><ent r="6" t="3" w="680" /><ent r="6" t="3" w="680" /></phr><phr n="abnormally"><ent r="6" t="3" w="695" /><ent r="6" t="3" w="695" /></phr><phr n="normal"><ent r="7" t="16" w="1247" /><ent r="3" t="17" w="122" /><ent r="3" t="17" w="122" /><ent r="4" t="34" w="1154" /><ent r="4" t="34" w="1154" /></phr></stem><stem n="ormal"><phr n="normally"><ent r="6" t="3" w="521" /><ent r="6" t="3" w="672" /><ent r="6" t="3" w="680" /><ent r="6" t="3" w="680" /></phr><phr n="abnormally"><ent r="6" t="3" w="695" /><ent r="6" t="3" w="695" /></phr><phr n="normal"><ent r="7" t="16" w="1247" /><ent r="3" t="17" w="122" /><ent r="3" t="17" w="122" /><ent r="4" t="34" w="1154" /><ent r="4" t="34" w="1154" /></phr></stem><stem n="rmall"><phr n="normally"><ent r="6" t="3" w="521" /><ent r="6" t="3" w="672" /><ent r="6" t="3" w="680" /><ent r="6" t="3" w="680" /></phr><phr n="abnormally"><ent r="6" t="3" w="695" /><ent r="6" t="3" w="695" /></phr></stem><stem n="mally"><phr n="normally"><ent r="6" t="3" w="521" /><ent r="6" t="3" w="672" /><ent r="6" t="3" w="680" /><ent r="6" t="3" w="680" /></phr><phr n="abnormally"><ent r="6" t="3" w="695" /><ent r="6" t="3" w="695" /></phr></stem><stem n="ormall"><phr n="normally"><ent r="6" t="3" w="521" /><ent r="6" t="3" w="672" /><ent r="6" t="3" w="680" /><ent r="6" t="3" w="680" /></phr><phr n="abnormally"><ent r="6" t="3" w="695" /><ent r="6" t="3" w="695" /></phr></stem><stem n="rmally"><phr n="normally"><ent r="6" t="3" w="521" /><ent r="6" t="3" w="672" /><ent r="6" t="3" w="680" /><ent r="6" t="3" w="680" /></phr><phr n="abnormally"><ent r="6" t="3" w="695" /><ent r="6" t="3" w="695" /></phr></stem><stem n="normall"><phr n="normally"><ent r="6" t="3" w="521" /><ent r="6" t="3" w="672" /><ent r="6" t="3" w="680" /><ent r="6" t="3" w="680" /></phr><phr n="abnormally"><ent r="6" t="3" w="695" /><ent r="6" t="3" w="695" /></phr></stem><stem n="ormally"><phr n="normally"><ent r="6" t="3" w="521" /><ent r="6" t="3" w="672" /><ent r="6" t="3" w="680" /><ent r="6" t="3" w="680" /></phr><phr n="abnormally"><ent r="6" t="3" w="695" /><ent r="6" t="3" w="695" /></phr></stem><stem n="normally"><phr n="normally"><ent r="6" t="3" w="521" /><ent r="6" t="3" w="672" /><ent r="6" t="3" w="680" /><ent r="6" t="3" w="680" /></phr><phr n="abnormally"><ent r="6" t="3" w="695" /><ent r="6" t="3" w="695" /></phr></stem><stem n="attent"><phr n="attention"><ent r="6" t="3" w="523" /><ent r="6" t="3" w="523" /><ent r="6" t="3" w="587" /><ent r="6" t="3" w="587" /></phr></stem></index>