<?xml version="1.0" encoding="utf-8"?><index><stem n="ging"><phr n="logging"><ent r="3" t="4" w="101" /><ent r="3" t="4" w="101" /><ent r="3" t="24" w="80" /><ent r="3" t="24" w="80" /><ent r="3" t="46" w="48" /><ent r="3" t="46" w="48" /><ent r="3" t="46" w="71" /><ent r="3" t="46" w="71" /><ent r="3" t="46" w="98" /><ent r="3" t="46" w="98" /><ent r="3" t="46" w="122" /><ent r="3" t="46" w="122" /><ent r="3" t="46" w="127" /><ent r="3" t="46" w="127" /><ent r="5" t="46" w="172" /><ent r="4" t="46" w="187" /><ent r="4" t="46" w="193" /><ent r="4" t="46" w="202" /><ent r="5" t="46" w="230" /><ent r="5" t="46" w="230" /><ent r="8" t="46" w="239" /><ent r="8" t="46" w="245" /><ent r="8" t="46" w="245" /><ent r="8" t="46" w="249" /><ent r="7" t="46" w="255" /><ent r="7" t="46" w="255" /><ent r="7" t="46" w="271" /><ent r="7" t="46" w="271" /><ent r="8" t="46" w="286" /><ent r="8" t="46" w="286" /><ent r="7" t="46" w="303" /><ent r="7" t="46" w="303" /><ent r="7" t="46" w="328" /><ent r="7" t="46" w="328" /></phr><phr n="acknowledging"><ent r="3" t="4" w="564" /><ent r="3" t="4" w="564" /></phr><phr n="managing"><ent r="3" t="14" w="65" /><ent r="3" t="14" w="65" /><ent r="4" t="14" w="147" /><ent r="4" t="14" w="147" /><ent r="3" t="17" w="43" /><ent r="3" t="17" w="43" /><ent r="100" t="22" w="13" /><ent r="100" t="22" w="13" /><ent r="100" t="30" w="11" /><ent r="100" t="30" w="11" /><ent r="100" t="33" w="10" /><ent r="100" t="33" w="10" /><ent r="4" t="34" w="345" /><ent r="4" t="34" w="345" /></phr><phr n="belonging"><ent r="4" t="14" w="251" /><ent r="4" t="14" w="251" /><ent r="7" t="22" w="187" /><ent r="7" t="22" w="187" /><ent r="7" t="22" w="243" /><ent r="7" t="22" w="243" /></phr><phr n="Managing"><ent r="4" t="14" w="378" /><ent r="4" t="14" w="378" /><ent r="4" t="14" w="431" /><ent r="4" t="14" w="431" /><ent r="3" t="17" w="148" /><ent r="3" t="17" w="148" /><ent r="64" t="19" w="402" /><ent r="64" t="19" w="402" /><ent r="1000" t="22" w="1" /><ent r="1000" t="22" w="1" /><ent r="100" t="22" w="5" /><ent r="100" t="22" w="5" /><ent r="102" t="22" w="15" /><ent r="102" t="22" w="15" /><ent r="64" t="26" w="44" /><ent r="64" t="26" w="44" /><ent r="1000" t="28" w="1" /><ent r="1000" t="28" w="1" /><ent r="100" t="28" w="4" /><ent r="100" t="28" w="4" /><ent r="102" t="28" w="9" /><ent r="102" t="28" w="9" /><ent r="4" t="34" w="953" /><ent r="4" t="34" w="953" /><ent r="4" t="42" w="263" /><ent r="4" t="42" w="263" /><ent r="8" t="45" w="142" /><ent r="8" t="45" w="142" /></phr><phr n="changing"><ent r="3" t="31" w="1366" /><ent r="3" t="31" w="1366" /><ent r="100" t="31" w="1373" /><ent r="100" t="31" w="1373" /><ent r="3" t="31" w="1406" /><ent r="3" t="31" w="1406" /><ent r="3" t="31" w="1416" /><ent r="3" t="31" w="1416" /></phr><phr n="Staging"><ent r="4" t="34" w="184" /></phr><phr n="Logging"><ent r="7" t="46" w="312" /><ent r="7" t="46" w="312" /></phr></stem><stem n="loggi"><phr n="logging"><ent r="3" t="4" w="101" /><ent r="3" t="4" w="101" /><ent r="3" t="24" w="80" /><ent r="3" t="24" w="80" /><ent r="3" t="46" w="48" /><ent r="3" t="46" w="48" /><ent r="3" t="46" w="71" /><ent r="3" t="46" w="71" /><ent r="3" t="46" w="98" /><ent r="3" t="46" w="98" /><ent r="3" t="46" w="122" /><ent r="3" t="46" w="122" /><ent r="3" t="46" w="127" /><ent r="3" t="46" w="127" /><ent r="5" t="46" w="172" /><ent r="4" t="46" w="187" /><ent r="4" t="46" w="193" /><ent r="4" t="46" w="202" /><ent r="5" t="46" w="230" /><ent r="5" t="46" w="230" /><ent r="8" t="46" w="239" /><ent r="8" t="46" w="245" /><ent r="8" t="46" w="245" /><ent r="8" t="46" w="249" /><ent r="7" t="46" w="255" /><ent r="7" t="46" w="255" /><ent r="7" t="46" w="271" /><ent r="7" t="46" w="271" /><ent r="8" t="46" w="286" /><ent r="8" t="46" w="286" /><ent r="7" t="46" w="303" /><ent r="7" t="46" w="303" /><ent r="7" t="46" w="328" /><ent r="7" t="46" w="328" /></phr><phr n="Logging"><ent r="7" t="46" w="312" /><ent r="7" t="46" w="312" /></phr></stem><stem n="oggin"><phr n="logging"><ent r="3" t="4" w="101" /><ent r="3" t="4" w="101" /><ent r="3" t="24" w="80" /><ent r="3" t="24" w="80" /><ent r="3" t="46" w="48" /><ent r="3" t="46" w="48" /><ent r="3" t="46" w="71" /><ent r="3" t="46" w="71" /><ent r="3" t="46" w="98" /><ent r="3" t="46" w="98" /><ent r="3" t="46" w="122" /><ent r="3" t="46" w="122" /><ent r="3" t="46" w="127" /><ent r="3" t="46" w="127" /><ent r="5" t="46" w="172" /><ent r="4" t="46" w="187" /><ent r="4" t="46" w="193" /><ent r="4" t="46" w="202" /><ent r="5" t="46" w="230" /><ent r="5" t="46" w="230" /><ent r="8" t="46" w="239" /><ent r="8" t="46" w="245" /><ent r="8" t="46" w="245" /><ent r="8" t="46" w="249" /><ent r="7" t="46" w="255" /><ent r="7" t="46" w="255" /><ent r="7" t="46" w="271" /><ent r="7" t="46" w="271" /><ent r="8" t="46" w="286" /><ent r="8" t="46" w="286" /><ent r="7" t="46" w="303" /><ent r="7" t="46" w="303" /><ent r="7" t="46" w="328" /><ent r="7" t="46" w="328" /></phr><phr n="Logging"><ent r="7" t="46" w="312" /><ent r="7" t="46" w="312" /></phr></stem><stem n="gging"><phr n="logging"><ent r="3" t="4" w="101" /><ent r="3" t="4" w="101" /><ent r="3" t="24" w="80" /><ent r="3" t="24" w="80" /><ent r="3" t="46" w="48" /><ent r="3" t="46" w="48" /><ent r="3" t="46" w="71" /><ent r="3" t="46" w="71" /><ent r="3" t="46" w="98" /><ent r="3" t="46" w="98" /><ent r="3" t="46" w="122" /><ent r="3" t="46" w="122" /><ent r="3" t="46" w="127" /><ent r="3" t="46" w="127" /><ent r="5" t="46" w="172" /><ent r="4" t="46" w="187" /><ent r="4" t="46" w="193" /><ent r="4" t="46" w="202" /><ent r="5" t="46" w="230" /><ent r="5" t="46" w="230" /><ent r="8" t="46" w="239" /><ent r="8" t="46" w="245" /><ent r="8" t="46" w="245" /><ent r="8" t="46" w="249" /><ent r="7" t="46" w="255" /><ent r="7" t="46" w="255" /><ent r="7" t="46" w="271" /><ent r="7" t="46" w="271" /><ent r="8" t="46" w="286" /><ent r="8" t="46" w="286" /><ent r="7" t="46" w="303" /><ent r="7" t="46" w="303" /><ent r="7" t="46" w="328" /><ent r="7" t="46" w="328" /></phr><phr n="Logging"><ent r="7" t="46" w="312" /><ent r="7" t="46" w="312" /></phr></stem><stem n="loggin"><phr n="logging"><ent r="3" t="4" w="101" /><ent r="3" t="4" w="101" /><ent r="3" t="24" w="80" /><ent r="3" t="24" w="80" /><ent r="3" t="46" w="48" /><ent r="3" t="46" w="48" /><ent r="3" t="46" w="71" /><ent r="3" t="46" w="71" /><ent r="3" t="46" w="98" /><ent r="3" t="46" w="98" /><ent r="3" t="46" w="122" /><ent r="3" t="46" w="122" /><ent r="3" t="46" w="127" /><ent r="3" t="46" w="127" /><ent r="5" t="46" w="172" /><ent r="4" t="46" w="187" /><ent r="4" t="46" w="193" /><ent r="4" t="46" w="202" /><ent r="5" t="46" w="230" /><ent r="5" t="46" w="230" /><ent r="8" t="46" w="239" /><ent r="8" t="46" w="245" /><ent r="8" t="46" w="245" /><ent r="8" t="46" w="249" /><ent r="7" t="46" w="255" /><ent r="7" t="46" w="255" /><ent r="7" t="46" w="271" /><ent r="7" t="46" w="271" /><ent r="8" t="46" w="286" /><ent r="8" t="46" w="286" /><ent r="7" t="46" w="303" /><ent r="7" t="46" w="303" /><ent r="7" t="46" w="328" /><ent r="7" t="46" w="328" /></phr><phr n="Logging"><ent r="7" t="46" w="312" /><ent r="7" t="46" w="312" /></phr></stem><stem n="ogging"><phr n="logging"><ent r="3" t="4" w="101" /><ent r="3" t="4" w="101" /><ent r="3" t="24" w="80" /><ent r="3" t="24" w="80" /><ent r="3" t="46" w="48" /><ent r="3" t="46" w="48" /><ent r="3" t="46" w="71" /><ent r="3" t="46" w="71" /><ent r="3" t="46" w="98" /><ent r="3" t="46" w="98" /><ent r="3" t="46" w="122" /><ent r="3" t="46" w="122" /><ent r="3" t="46" w="127" /><ent r="3" t="46" w="127" /><ent r="5" t="46" w="172" /><ent r="4" t="46" w="187" /><ent r="4" t="46" w="193" /><ent r="4" t="46" w="202" /><ent r="5" t="46" w="230" /><ent r="5" t="46" w="230" /><ent r="8" t="46" w="239" /><ent r="8" t="46" w="245" /><ent r="8" t="46" w="245" /><ent r="8" t="46" w="249" /><ent r="7" t="46" w="255" /><ent r="7" t="46" w="255" /><ent r="7" t="46" w="271" /><ent r="7" t="46" w="271" /><ent r="8" t="46" w="286" /><ent r="8" t="46" w="286" /><ent r="7" t="46" w="303" /><ent r="7" t="46" w="303" /><ent r="7" t="46" w="328" /><ent r="7" t="46" w="328" /></phr><phr n="Logging"><ent r="7" t="46" w="312" /><ent r="7" t="46" w="312" /></phr></stem><stem n="logging"><phr n="logging"><ent r="3" t="4" w="101" /><ent r="3" t="4" w="101" /><ent r="3" t="24" w="80" /><ent r="3" t="24" w="80" /><ent r="3" t="46" w="48" /><ent r="3" t="46" w="48" /><ent r="3" t="46" w="71" /><ent r="3" t="46" w="71" /><ent r="3" t="46" w="98" /><ent r="3" t="46" w="98" /><ent r="3" t="46" w="122" /><ent r="3" t="46" w="122" /><ent r="3" t="46" w="127" /><ent r="3" t="46" w="127" /><ent r="5" t="46" w="172" /><ent r="4" t="46" w="187" /><ent r="4" t="46" w="193" /><ent r="4" t="46" w="202" /><ent r="5" t="46" w="230" /><ent r="5" t="46" w="230" /><ent r="8" t="46" w="239" /><ent r="8" t="46" w="245" /><ent r="8" t="46" w="245" /><ent r="8" t="46" w="249" /><ent r="7" t="46" w="255" /><ent r="7" t="46" w="255" /><ent r="7" t="46" w="271" /><ent r="7" t="46" w="271" /><ent r="8" t="46" w="286" /><ent r="8" t="46" w="286" /><ent r="7" t="46" w="303" /><ent r="7" t="46" w="303" /><ent r="7" t="46" w="328" /><ent r="7" t="46" w="328" /></phr><phr n="Logging"><ent r="7" t="46" w="312" /><ent r="7" t="46" w="312" /></phr></stem><stem n="file"><phr n="files"><ent r="3" t="4" w="111" /><ent r="3" t="4" w="111" /><ent r="3" t="4" w="516" /><ent r="3" t="4" w="516" /><ent r="7" t="31" w="333" /><ent r="7" t="31" w="333" /><ent r="6" t="35" w="308" /><ent r="6" t="35" w="315" /><ent r="3" t="39" w="82" /><ent r="3" t="39" w="82" /><ent r="3" t="39" w="97" /><ent r="3" t="39" w="97" /><ent r="3" t="46" w="86" /><ent r="3" t="46" w="86" /></phr><phr n="file"><ent r="7" t="4" w="321" /><ent r="7" t="4" w="321" /><ent r="7" t="4" w="369" /><ent r="6" t="4" w="379" /><ent r="6" t="4" w="379" /><ent r="7" t="4" w="410" /><ent r="7" t="4" w="416" /><ent r="7" t="4" w="416" /><ent r="3" t="4" w="544" /><ent r="3" t="4" w="544" /><ent r="4" t="4" w="572" /><ent r="4" t="4" w="577" /><ent r="4" t="4" w="577" /><ent r="3" t="4" w="603" /><ent r="4" t="4" w="608" /><ent r="4" t="4" w="608" /><ent r="4" t="4" w="625" /><ent r="4" t="4" w="639" /><ent r="4" t="7" w="495" /><ent r="3" t="8" w="57" /><ent r="4" t="8" w="158" /><ent r="4" t="8" w="158" /><ent r="7" t="28" w="240" /><ent r="8" t="31" w="320" /><ent r="8" t="31" w="320" /><ent r="7" t="31" w="456" /><ent r="7" t="31" w="456" /><ent r="7" t="35" w="462" /><ent r="7" t="36" w="1107" /><ent r="7" t="36" w="1107" /><ent r="6" t="36" w="1570" /><ent r="6" t="36" w="1570" /><ent r="6" t="38" w="86" /><ent r="6" t="38" w="86" /><ent r="3" t="39" w="88" /><ent r="3" t="39" w="88" /><ent r="6" t="39" w="125" /><ent r="6" t="39" w="134" /><ent r="6" t="39" w="134" /><ent r="6" t="39" w="144" /><ent r="6" t="39" w="144" /><ent r="6" t="39" w="149" /><ent r="6" t="39" w="149" /><ent r="6" t="39" w="187" /><ent r="6" t="39" w="208" /><ent r="6" t="39" w="208" /><ent r="6" t="39" w="217" /><ent r="6" t="39" w="217" /><ent r="6" t="39" w="228" /><ent r="4" t="42" w="301" /><ent r="4" t="42" w="301" /><ent r="4" t="42" w="308" /><ent r="4" t="42" w="393" /><ent r="4" t="42" w="409" /><ent r="4" t="42" w="417" /><ent r="4" t="46" w="175" /><ent r="4" t="46" w="175" /><ent r="3" t="46" w="205" /><ent r="3" t="46" w="205" /></phr><phr n="Files"><ent r="92" t="4" w="513" /><ent r="92" t="4" w="513" /></phr></stem><stem n="iles"><phr n="files"><ent r="3" t="4" w="111" /><ent r="3" t="4" w="111" /><ent r="3" t="4" w="516" /><ent r="3" t="4" w="516" /><ent r="7" t="31" w="333" /><ent r="7" t="31" w="333" /><ent r="6" t="35" w="308" /><ent r="6" t="35" w="315" /><ent r="3" t="39" w="82" /><ent r="3" t="39" w="82" /><ent r="3" t="39" w="97" /><ent r="3" t="39" w="97" /><ent r="3" t="46" w="86" /><ent r="3" t="46" w="86" /></phr><phr n="Files"><ent r="92" t="4" w="513" /><ent r="92" t="4" w="513" /></phr></stem><stem n="files"><phr n="files"><ent r="3" t="4" w="111" /><ent r="3" t="4" w="111" /><ent r="3" t="4" w="516" /><ent r="3" t="4" w="516" /><ent r="7" t="31" w="333" /><ent r="7" t="31" w="333" /><ent r="6" t="35" w="308" /><ent r="6" t="35" w="315" /><ent r="3" t="39" w="82" /><ent r="3" t="39" w="82" /><ent r="3" t="39" w="97" /><ent r="3" t="39" w="97" /><ent r="3" t="46" w="86" /><ent r="3" t="46" w="86" /></phr><phr n="Files"><ent r="92" t="4" w="513" /><ent r="92" t="4" w="513" /></phr></stem><stem n="guri"><phr n="Configuring"><ent r="64" t="4" w="125" /><ent r="64" t="4" w="125" /><ent r="3" t="5" w="66" /><ent r="3" t="5" w="66" /><ent r="64" t="6" w="363" /><ent r="64" t="6" w="363" /><ent r="3" t="14" w="340" /><ent r="3" t="14" w="340" /><ent r="1000" t="15" w="1" /><ent r="1000" t="15" w="1" /><ent r="100" t="15" w="5" /><ent r="100" t="15" w="5" /><ent r="102" t="15" w="17" /><ent r="102" t="15" w="17" /><ent r="3" t="15" w="184" /><ent r="3" t="15" w="184" /><ent r="3" t="15" w="192" /><ent r="3" t="15" w="192" /><ent r="65" t="16" w="98" /><ent r="65" t="16" w="98" /><ent r="64" t="31" w="110" /><ent r="64" t="31" w="110" /><ent r="65" t="31" w="995" /><ent r="65" t="31" w="995" /><ent r="64" t="31" w="1422" /><ent r="64" t="31" w="1422" /><ent r="7" t="45" w="358" /><ent r="7" t="45" w="358" /><ent r="1000" t="46" w="1" /><ent r="1000" t="46" w="1" /><ent r="100" t="46" w="6" /><ent r="100" t="46" w="6" /><ent r="102" t="46" w="14" /><ent r="102" t="46" w="14" /><ent r="5" t="46" w="228" /><ent r="5" t="46" w="228" /></phr><phr n="configuring"><ent r="100" t="6" w="19" /><ent r="100" t="6" w="19" /><ent r="100" t="46" w="12" /><ent r="100" t="46" w="12" /></phr></stem><stem n="urin"><phr n="Configuring"><ent r="64" t="4" w="125" /><ent r="64" t="4" w="125" /><ent r="3" t="5" w="66" /><ent r="3" t="5" w="66" /><ent r="64" t="6" w="363" /><ent r="64" t="6" w="363" /><ent r="3" t="14" w="340" /><ent r="3" t="14" w="340" /><ent r="1000" t="15" w="1" /><ent r="1000" t="15" w="1" /><ent r="100" t="15" w="5" /><ent r="100" t="15" w="5" /><ent r="102" t="15" w="17" /><ent r="102" t="15" w="17" /><ent r="3" t="15" w="184" /><ent r="3" t="15" w="184" /><ent r="3" t="15" w="192" /><ent r="3" t="15" w="192" /><ent r="65" t="16" w="98" /><ent r="65" t="16" w="98" /><ent r="64" t="31" w="110" /><ent r="64" t="31" w="110" /><ent r="65" t="31" w="995" /><ent r="65" t="31" w="995" /><ent r="64" t="31" w="1422" /><ent r="64" t="31" w="1422" /><ent r="7" t="45" w="358" /><ent r="7" t="45" w="358" /><ent r="1000" t="46" w="1" /><ent r="1000" t="46" w="1" /><ent r="100" t="46" w="6" /><ent r="100" t="46" w="6" /><ent r="102" t="46" w="14" /><ent r="102" t="46" w="14" /><ent r="5" t="46" w="228" /><ent r="5" t="46" w="228" /></phr><phr n="configuring"><ent r="100" t="6" w="19" /><ent r="100" t="6" w="19" /><ent r="100" t="46" w="12" /><ent r="100" t="46" w="12" /></phr><phr n="ensuring"><ent r="3" t="22" w="106" /><ent r="3" t="22" w="106" /></phr></stem><stem n="ring"><phr n="Configuring"><ent r="64" t="4" w="125" /><ent r="64" t="4" w="125" /><ent r="3" t="5" w="66" /><ent r="3" t="5" w="66" /><ent r="64" t="6" w="363" /><ent r="64" t="6" w="363" /><ent r="3" t="14" w="340" /><ent r="3" t="14" w="340" /><ent r="1000" t="15" w="1" /><ent r="1000" t="15" w="1" /><ent r="100" t="15" w="5" /><ent r="100" t="15" w="5" /><ent r="102" t="15" w="17" /><ent r="102" t="15" w="17" /><ent r="3" t="15" w="184" /><ent r="3" t="15" w="184" /><ent r="3" t="15" w="192" /><ent r="3" t="15" w="192" /><ent r="65" t="16" w="98" /><ent r="65" t="16" w="98" /><ent r="64" t="31" w="110" /><ent r="64" t="31" w="110" /><ent r="65" t="31" w="995" /><ent r="65" t="31" w="995" /><ent r="64" t="31" w="1422" /><ent r="64" t="31" w="1422" /><ent r="7" t="45" w="358" /><ent r="7" t="45" w="358" /><ent r="1000" t="46" w="1" /><ent r="1000" t="46" w="1" /><ent r="100" t="46" w="6" /><ent r="100" t="46" w="6" /><ent r="102" t="46" w="14" /><ent r="102" t="46" w="14" /><ent r="5" t="46" w="228" /><ent r="5" t="46" w="228" /></phr><phr n="configuring"><ent r="100" t="6" w="19" /><ent r="100" t="6" w="19" /><ent r="100" t="46" w="12" /><ent r="100" t="46" w="12" /></phr><phr n="monitoring"><ent r="100" t="15" w="12" /><ent r="100" t="15" w="12" /><ent r="3" t="15" w="111" /><ent r="7" t="15" w="249" /><ent r="7" t="15" w="249" /><ent r="8" t="15" w="271" /><ent r="8" t="15" w="271" /><ent r="7" t="15" w="279" /><ent r="7" t="15" w="279" /><ent r="7" t="15" w="292" /><ent r="7" t="15" w="292" /><ent r="7" t="15" w="327" /><ent r="7" t="15" w="327" /><ent r="100" t="16" w="21" /><ent r="100" t="16" w="21" /><ent r="9" t="16" w="602" /><ent r="9" t="16" w="602" /><ent r="8" t="16" w="1125" /><ent r="8" t="16" w="1143" /><ent r="8" t="16" w="1176" /><ent r="8" t="16" w="1208" /><ent r="8" t="16" w="1233" /><ent r="8" t="16" w="1255" /><ent r="68" t="16" w="1293" /><ent r="68" t="16" w="1293" /><ent r="8" t="16" w="1303" /><ent r="100" t="31" w="10" /><ent r="100" t="31" w="10" /><ent r="3" t="31" w="83" /><ent r="3" t="31" w="83" /><ent r="3" t="31" w="120" /><ent r="3" t="31" w="201" /><ent r="3" t="31" w="513" /><ent r="3" t="31" w="695" /><ent r="3" t="31" w="695" /><ent r="3" t="31" w="1001" /><ent r="3" t="31" w="1001" /><ent r="7" t="31" w="1216" /><ent r="7" t="31" w="1216" /><ent r="3" t="31" w="1367" /><ent r="3" t="31" w="1367" /><ent r="3" t="31" w="1379" /><ent r="3" t="31" w="1379" /><ent r="3" t="31" w="1442" /><ent r="3" t="31" w="1442" /><ent r="7" t="45" w="320" /><ent r="7" t="45" w="320" /></phr><phr n="Monitoring"><ent r="100" t="15" w="120" /><ent r="4" t="15" w="206" /><ent r="4" t="15" w="206" /><ent r="3" t="15" w="216" /><ent r="3" t="15" w="216" /><ent r="5" t="15" w="229" /><ent r="5" t="15" w="229" /><ent r="68" t="15" w="314" /><ent r="68" t="15" w="314" /><ent r="68" t="15" w="463" /><ent r="68" t="15" w="463" /><ent r="68" t="15" w="530" /><ent r="68" t="15" w="530" /><ent r="68" t="15" w="615" /><ent r="68" t="15" w="615" /><ent r="68" t="15" w="649" /><ent r="68" t="15" w="649" /><ent r="1000" t="16" w="5" /><ent r="1000" t="16" w="5" /><ent r="100" t="16" w="11" /><ent r="100" t="16" w="11" /><ent r="100" t="16" w="16" /><ent r="102" t="16" w="27" /><ent r="102" t="16" w="27" /><ent r="65" t="16" w="70" /><ent r="65" t="16" w="70" /><ent r="4" t="16" w="79" /><ent r="4" t="16" w="79" /><ent r="65" t="16" w="244" /><ent r="65" t="16" w="244" /><ent r="4" t="16" w="1038" /><ent r="4" t="16" w="1038" /><ent r="68" t="16" w="1164" /><ent r="68" t="16" w="1164" /><ent r="68" t="16" w="1278" /><ent r="68" t="16" w="1278" /><ent r="66" t="31" w="43" /><ent r="66" t="31" w="43" /><ent r="92" t="31" w="150" /><ent r="92" t="31" w="150" /><ent r="3" t="31" w="155" /><ent r="3" t="31" w="155" /><ent r="64" t="31" w="879" /><ent r="64" t="31" w="879" /><ent r="64" t="31" w="1017" /><ent r="64" t="31" w="1017" /><ent r="100" t="31" w="1022" /><ent r="7" t="31" w="1238" /><ent r="7" t="31" w="1238" /><ent r="64" t="31" w="1359" /><ent r="64" t="31" w="1359" /><ent r="100" t="31" w="1369" /><ent r="100" t="31" w="1372" /><ent r="100" t="31" w="1432" /></phr><phr n="ensuring"><ent r="3" t="22" w="106" /><ent r="3" t="22" w="106" /></phr><phr n="Clearing"><ent r="4" t="23" w="292" /><ent r="4" t="23" w="292" /><ent r="4" t="24" w="235" /><ent r="4" t="24" w="235" /></phr><phr n="Authoring"><ent r="4" t="26" w="620" /><ent r="4" t="26" w="620" /><ent r="5" t="27" w="331" /><ent r="5" t="27" w="331" /><ent r="4" t="34" w="723" /><ent r="4" t="34" w="723" /></phr><phr n="entering"><ent r="4" t="26" w="702" /><ent r="4" t="26" w="702" /><ent r="4" t="27" w="245" /><ent r="4" t="27" w="245" /><ent r="6" t="35" w="297" /><ent r="6" t="35" w="297" /><ent r="100" t="41" w="10" /><ent r="100" t="41" w="10" /><ent r="7" t="45" w="277" /><ent r="7" t="45" w="277" /></phr><phr n="strings"><ent r="3" t="27" w="975" /><ent r="3" t="27" w="975" /></phr><phr n="string"><ent r="3" t="27" w="997" /><ent r="3" t="27" w="997" /><ent r="3" t="27" w="1030" /><ent r="3" t="27" w="1030" /><ent r="6" t="44" w="366" /></phr><phr n="covering"><ent r="7" t="36" w="1167" /><ent r="7" t="36" w="1167" /></phr><phr n="altering"><ent r="3" t="46" w="119" /><ent r="3" t="46" w="119" /></phr></stem><stem n="gurin"><phr n="Configuring"><ent r="64" t="4" w="125" /><ent r="64" t="4" w="125" /><ent r="3" t="5" w="66" /><ent r="3" t="5" w="66" /><ent r="64" t="6" w="363" /><ent r="64" t="6" w="363" /><ent r="3" t="14" w="340" /><ent r="3" t="14" w="340" /><ent r="1000" t="15" w="1" /><ent r="1000" t="15" w="1" /><ent r="100" t="15" w="5" /><ent r="100" t="15" w="5" /><ent r="102" t="15" w="17" /><ent r="102" t="15" w="17" /><ent r="3" t="15" w="184" /><ent r="3" t="15" w="184" /><ent r="3" t="15" w="192" /><ent r="3" t="15" w="192" /><ent r="65" t="16" w="98" /><ent r="65" t="16" w="98" /><ent r="64" t="31" w="110" /><ent r="64" t="31" w="110" /><ent r="65" t="31" w="995" /><ent r="65" t="31" w="995" /><ent r="64" t="31" w="1422" /><ent r="64" t="31" w="1422" /><ent r="7" t="45" w="358" /><ent r="7" t="45" w="358" /><ent r="1000" t="46" w="1" /><ent r="1000" t="46" w="1" /><ent r="100" t="46" w="6" /><ent r="100" t="46" w="6" /><ent r="102" t="46" w="14" /><ent r="102" t="46" w="14" /><ent r="5" t="46" w="228" /><ent r="5" t="46" w="228" /></phr><phr n="configuring"><ent r="100" t="6" w="19" /><ent r="100" t="6" w="19" /><ent r="100" t="46" w="12" /><ent r="100" t="46" w="12" /></phr></stem><stem n="uring"><phr n="Configuring"><ent r="64" t="4" w="125" /><ent r="64" t="4" w="125" /><ent r="3" t="5" w="66" /><ent r="3" t="5" w="66" /><ent r="64" t="6" w="363" /><ent r="64" t="6" w="363" /><ent r="3" t="14" w="340" /><ent r="3" t="14" w="340" /><ent r="1000" t="15" w="1" /><ent r="1000" t="15" w="1" /><ent r="100" t="15" w="5" /><ent r="100" t="15" w="5" /><ent r="102" t="15" w="17" /><ent r="102" t="15" w="17" /><ent r="3" t="15" w="184" /><ent r="3" t="15" w="184" /><ent r="3" t="15" w="192" /><ent r="3" t="15" w="192" /><ent r="65" t="16" w="98" /><ent r="65" t="16" w="98" /><ent r="64" t="31" w="110" /><ent r="64" t="31" w="110" /><ent r="65" t="31" w="995" /><ent r="65" t="31" w="995" /><ent r="64" t="31" w="1422" /><ent r="64" t="31" w="1422" /><ent r="7" t="45" w="358" /><ent r="7" t="45" w="358" /><ent r="1000" t="46" w="1" /><ent r="1000" t="46" w="1" /><ent r="100" t="46" w="6" /><ent r="100" t="46" w="6" /><ent r="102" t="46" w="14" /><ent r="102" t="46" w="14" /><ent r="5" t="46" w="228" /><ent r="5" t="46" w="228" /></phr><phr n="configuring"><ent r="100" t="6" w="19" /><ent r="100" t="6" w="19" /><ent r="100" t="46" w="12" /><ent r="100" t="46" w="12" /></phr><phr n="ensuring"><ent r="3" t="22" w="106" /><ent r="3" t="22" w="106" /></phr></stem><stem n="iguri"><phr n="Configuring"><ent r="64" t="4" w="125" /><ent r="64" t="4" w="125" /><ent r="3" t="5" w="66" /><ent r="3" t="5" w="66" /><ent r="64" t="6" w="363" /><ent r="64" t="6" w="363" /><ent r="3" t="14" w="340" /><ent r="3" t="14" w="340" /><ent r="1000" t="15" w="1" /><ent r="1000" t="15" w="1" /><ent r="100" t="15" w="5" /><ent r="100" t="15" w="5" /><ent r="102" t="15" w="17" /><ent r="102" t="15" w="17" /><ent r="3" t="15" w="184" /><ent r="3" t="15" w="184" /><ent r="3" t="15" w="192" /><ent r="3" t="15" w="192" /><ent r="65" t="16" w="98" /><ent r="65" t="16" w="98" /><ent r="64" t="31" w="110" /><ent r="64" t="31" w="110" /><ent r="65" t="31" w="995" /><ent r="65" t="31" w="995" /><ent r="64" t="31" w="1422" /><ent r="64" t="31" w="1422" /><ent r="7" t="45" w="358" /><ent r="7" t="45" w="358" /><ent r="1000" t="46" w="1" /><ent r="1000" t="46" w="1" /><ent r="100" t="46" w="6" /><ent r="100" t="46" w="6" /><ent r="102" t="46" w="14" /><ent r="102" t="46" w="14" /><ent r="5" t="46" w="228" /><ent r="5" t="46" w="228" /></phr><phr n="configuring"><ent r="100" t="6" w="19" /><ent r="100" t="6" w="19" /><ent r="100" t="46" w="12" /><ent r="100" t="46" w="12" /></phr></stem><stem n="figuri"><phr n="Configuring"><ent r="64" t="4" w="125" /><ent r="64" t="4" w="125" /><ent r="3" t="5" w="66" /><ent r="3" t="5" w="66" /><ent r="64" t="6" w="363" /><ent r="64" t="6" w="363" /><ent r="3" t="14" w="340" /><ent r="3" t="14" w="340" /><ent r="1000" t="15" w="1" /><ent r="1000" t="15" w="1" /><ent r="100" t="15" w="5" /><ent r="100" t="15" w="5" /><ent r="102" t="15" w="17" /><ent r="102" t="15" w="17" /><ent r="3" t="15" w="184" /><ent r="3" t="15" w="184" /><ent r="3" t="15" w="192" /><ent r="3" t="15" w="192" /><ent r="65" t="16" w="98" /><ent r="65" t="16" w="98" /><ent r="64" t="31" w="110" /><ent r="64" t="31" w="110" /><ent r="65" t="31" w="995" /><ent r="65" t="31" w="995" /><ent r="64" t="31" w="1422" /><ent r="64" t="31" w="1422" /><ent r="7" t="45" w="358" /><ent r="7" t="45" w="358" /><ent r="1000" t="46" w="1" /><ent r="1000" t="46" w="1" /><ent r="100" t="46" w="6" /><ent r="100" t="46" w="6" /><ent r="102" t="46" w="14" /><ent r="102" t="46" w="14" /><ent r="5" t="46" w="228" /><ent r="5" t="46" w="228" /></phr><phr n="configuring"><ent r="100" t="6" w="19" /><ent r="100" t="6" w="19" /><ent r="100" t="46" w="12" /><ent r="100" t="46" w="12" /></phr></stem><stem n="igurin"><phr n="Configuring"><ent r="64" t="4" w="125" /><ent r="64" t="4" w="125" /><ent r="3" t="5" w="66" /><ent r="3" t="5" w="66" /><ent r="64" t="6" w="363" /><ent r="64" t="6" w="363" /><ent r="3" t="14" w="340" /><ent r="3" t="14" w="340" /><ent r="1000" t="15" w="1" /><ent r="1000" t="15" w="1" /><ent r="100" t="15" w="5" /><ent r="100" t="15" w="5" /><ent r="102" t="15" w="17" /><ent r="102" t="15" w="17" /><ent r="3" t="15" w="184" /><ent r="3" t="15" w="184" /><ent r="3" t="15" w="192" /><ent r="3" t="15" w="192" /><ent r="65" t="16" w="98" /><ent r="65" t="16" w="98" /><ent r="64" t="31" w="110" /><ent r="64" t="31" w="110" /><ent r="65" t="31" w="995" /><ent r="65" t="31" w="995" /><ent r="64" t="31" w="1422" /><ent r="64" t="31" w="1422" /><ent r="7" t="45" w="358" /><ent r="7" t="45" w="358" /><ent r="1000" t="46" w="1" /><ent r="1000" t="46" w="1" /><ent r="100" t="46" w="6" /><ent r="100" t="46" w="6" /><ent r="102" t="46" w="14" /><ent r="102" t="46" w="14" /><ent r="5" t="46" w="228" /><ent r="5" t="46" w="228" /></phr><phr n="configuring"><ent r="100" t="6" w="19" /><ent r="100" t="6" w="19" /><ent r="100" t="46" w="12" /><ent r="100" t="46" w="12" /></phr></stem><stem n="guring"><phr n="Configuring"><ent r="64" t="4" w="125" /><ent r="64" t="4" w="125" /><ent r="3" t="5" w="66" /><ent r="3" t="5" w="66" /><ent r="64" t="6" w="363" /><ent r="64" t="6" w="363" /><ent r="3" t="14" w="340" /><ent r="3" t="14" w="340" /><ent r="1000" t="15" w="1" /><ent r="1000" t="15" w="1" /><ent r="100" t="15" w="5" /><ent r="100" t="15" w="5" /><ent r="102" t="15" w="17" /><ent r="102" t="15" w="17" /><ent r="3" t="15" w="184" /><ent r="3" t="15" w="184" /><ent r="3" t="15" w="192" /><ent r="3" t="15" w="192" /><ent r="65" t="16" w="98" /><ent r="65" t="16" w="98" /><ent r="64" t="31" w="110" /><ent r="64" t="31" w="110" /><ent r="65" t="31" w="995" /><ent r="65" t="31" w="995" /><ent r="64" t="31" w="1422" /><ent r="64" t="31" w="1422" /><ent r="7" t="45" w="358" /><ent r="7" t="45" w="358" /><ent r="1000" t="46" w="1" /><ent r="1000" t="46" w="1" /><ent r="100" t="46" w="6" /><ent r="100" t="46" w="6" /><ent r="102" t="46" w="14" /><ent r="102" t="46" w="14" /><ent r="5" t="46" w="228" /><ent r="5" t="46" w="228" /></phr><phr n="configuring"><ent r="100" t="6" w="19" /><ent r="100" t="6" w="19" /><ent r="100" t="46" w="12" /><ent r="100" t="46" w="12" /></phr></stem></index>