﻿<?xml version="1.0" encoding="utf-8"?><index><stem n="(all"><phr n="(all"><ent r="7" t="41" w="183" /></phr></stem><stem n="numer"><phr n="numeric"><ent r="7" t="41" w="184" /></phr></stem><stem n="mmm"><phr n="MMM"><ent r="7" t="41" w="186" /></phr></stem><stem n="affect"><phr n="affects"><ent r="6" t="41" w="193" /><ent r="6" t="41" w="226" /><ent r="3" t="42" w="53" /></phr></stem><stem n="-hour"><phr n="-hour"><ent r="7" t="41" w="215" /><ent r="7" t="41" w="215" /><ent r="7" t="41" w="219" /><ent r="7" t="41" w="219" /></phr></stem><stem n="24"><phr n="24"><ent r="7" t="41" w="215" /></phr></stem><stem n="24-hour"><phr n="24-hour"><ent r="7" t="41" w="215" /></phr></stem><stem n="clock"><phr n="clock"><ent r="7" t="41" w="217" /><ent r="7" t="41" w="221" /></phr></stem><stem n="12"><phr n="12"><ent r="7" t="41" w="219" /></phr></stem><stem n="12-hour"><phr n="12-hour"><ent r="7" t="41" w="219" /></phr></stem><stem n="system-specif"><phr n="system-specific"><ent r="3" t="42" w="30" /></phr></stem><stem n="advanc"><phr n="advanced"><ent r="3" t="42" w="37" /></phr></stem><stem n="'*'"><phr n="'*'"><ent r="4" t="42" w="141" /></phr></stem><stem n="repres"><phr n="represents"><ent r="4" t="42" w="141" /></phr></stem><stem n="rsa"><phr n="RSA"><ent r="5" t="42" w="223" /></phr></stem><stem n="&quot;remov"><phr n="&quot;Remove"><ent r="3" t="42" w="268" /></phr></stem><stem n="*.p12"><phr n="*.p12"><ent r="4" t="42" w="292" /></phr></stem><stem n="p12"><phr n="p12"><ent r="4" t="42" w="292" /></phr></stem><stem n="inact"><phr n="Inactivity"><ent r="5" t="42" w="429" /></phr><phr n="inactivity"><ent r="4" t="42" w="452" /></phr></stem><stem n="1440"><phr n="1440"><ent r="4" t="42" w="487" /></phr></stem><stem n="(one"><phr n="(one"><ent r="4" t="42" w="489" /></phr></stem><stem n="(s),"><phr n="(s),"><ent r="6" t="43" w="180" /></phr></stem><stem n="addit"><phr n="additional"><ent r="6" t="43" w="193" /></phr></stem><stem n="dictat"><phr n="dictates"><ent r="3" t="44" w="52" /></phr></stem><stem n="abil"><phr n="ability"><ent r="4" t="44" w="102" /></phr></stem><stem n="otherwis"><phr n="otherwise"><ent r="4" t="44" w="118" /></phr></stem><stem n="&quot;off"><phr n="&quot;off"><ent r="4" t="44" w="119" /></phr></stem><stem n="node-specif"><phr n="node-specific"><ent r="4" t="44" w="139" /></phr></stem><stem n="/start"><phr n="/start"><ent r="4" t="44" w="145" /></phr></stem><stem n="stop/start"><phr n="stop/start"><ent r="4" t="44" w="145" /><ent r="4" t="44" w="144" /></phr></stem><stem n="&quot;administr"><phr n="&quot;Administrator"><ent r="4" t="44" w="155" /></phr></stem><stem n="&quot;manag"><phr n="&quot;Manage"><ent r="4" t="44" w="162" /></phr></stem><stem n="/control"><phr n="/Control"><ent r="7" t="44" w="241" /></phr></stem><stem n="label/control"><phr n="Label/Control"><ent r="7" t="44" w="241" /><ent r="7" t="44" w="240" /></phr></stem><stem n="uniqu"><phr n="uniquely"><ent r="6" t="44" w="305" /></phr></stem><stem n="brief"><phr n="brief"><ent r="6" t="44" w="314" /></phr></stem><stem n="(anywher"><phr n="(anywhere"><ent r="6" t="44" w="348" /></phr></stem><stem n="(name"><phr n="(name"><ent r="6" t="44" w="357" /></phr></stem><stem n="&quot;search"><phr n="&quot;Search"><ent r="6" t="44" w="399" /></phr></stem><stem n="beneath"><phr n="beneath"><ent r="6" t="44" w="416" /></phr></stem><stem n="nobodi"><phr n="nobody"><ent r="6" t="44" w="468" /></phr></stem><stem n="(the"><phr n="(The"><ent r="6" t="44" w="473" /></phr></stem><stem n="member"><phr n="members"><ent r="6" t="44" w="475" /></phr></stem><stem n="-administr"><phr n="-administrative"><ent r="6" t="44" w="494" /><ent r="6" t="44" w="494" /></phr></stem><stem n="non-administr"><phr n="non-administrative"><ent r="6" t="44" w="494" /></phr></stem></index>