<?xml version="1.0" encoding="utf-8"?><index><stem n="broadcas"><phr n="broadcast"><ent r="3" t="16" w="176" /><ent r="3" t="16" w="176" /><ent r="9" t="16" w="784" /><ent r="9" t="16" w="784" /><ent r="9" t="16" w="821" /><ent r="4" t="31" w="807" /><ent r="4" t="31" w="807" /></phr></stem><stem n="roadcast"><phr n="broadcast"><ent r="3" t="16" w="176" /><ent r="3" t="16" w="176" /><ent r="9" t="16" w="784" /><ent r="9" t="16" w="784" /><ent r="9" t="16" w="821" /><ent r="4" t="31" w="807" /><ent r="4" t="31" w="807" /></phr></stem><stem n="request"><phr n="Request"><ent r="5" t="16" w="206" /><ent r="5" t="16" w="206" /><ent r="5" t="16" w="868" /><ent r="5" t="16" w="868" /><ent r="100" t="16" w="871" /><ent r="100" t="16" w="871" /><ent r="5" t="16" w="875" /><ent r="5" t="16" w="875" /><ent r="7" t="16" w="881" /><ent r="7" t="16" w="881" /><ent r="10" t="16" w="958" /><ent r="10" t="16" w="958" /><ent r="5" t="31" w="815" /></phr><phr n="request"><ent r="3" t="16" w="210" /><ent r="3" t="16" w="210" /><ent r="9" t="16" w="899" /><ent r="9" t="16" w="967" /><ent r="9" t="16" w="967" /><ent r="9" t="16" w="1005" /><ent r="4" t="27" w="890" /><ent r="4" t="27" w="890" /><ent r="6" t="29" w="105" /><ent r="6" t="29" w="105" /><ent r="6" t="29" w="207" /><ent r="6" t="29" w="207" /><ent r="4" t="31" w="819" /><ent r="4" t="31" w="819" /></phr><phr n="requested"><ent r="3" t="26" w="103" /><ent r="3" t="26" w="103" /><ent r="4" t="27" w="208" /><ent r="4" t="27" w="208" /></phr><phr n="requests"><ent r="3" t="26" w="123" /><ent r="6" t="29" w="47" /><ent r="6" t="29" w="47" /><ent r="6" t="29" w="63" /><ent r="6" t="29" w="63" /><ent r="6" t="29" w="77" /><ent r="6" t="29" w="77" /><ent r="3" t="29" w="479" /><ent r="3" t="29" w="479" /><ent r="3" t="29" w="511" /><ent r="3" t="29" w="511" /><ent r="3" t="29" w="543" /><ent r="3" t="29" w="543" /></phr><phr n="Requestor"><ent r="4" t="26" w="575" /><ent r="4" t="26" w="575" /><ent r="4" t="26" w="609" /><ent r="4" t="26" w="609" /><ent r="5" t="27" w="127" /><ent r="5" t="27" w="127" /><ent r="4" t="27" w="295" /><ent r="4" t="27" w="295" /><ent r="4" t="27" w="320" /><ent r="4" t="27" w="320" /><ent r="4" t="27" w="529" /><ent r="4" t="27" w="529" /><ent r="4" t="27" w="621" /><ent r="4" t="27" w="621" /><ent r="4" t="27" w="964" /><ent r="4" t="27" w="964" /><ent r="4" t="36" w="144" /><ent r="4" t="36" w="144" /></phr><phr n="requestor"><ent r="4" t="27" w="138" /><ent r="4" t="27" w="138" /><ent r="4" t="27" w="146" /><ent r="4" t="27" w="473" /></phr><phr n="Requests"><ent r="3" t="29" w="504" /><ent r="3" t="29" w="509" /></phr><phr n="requestors"><ent r="4" t="36" w="96" /><ent r="4" t="36" w="96" /></phr><phr n="requesting"><ent r="3" t="45" w="41" /><ent r="3" t="45" w="41" /></phr></stem><stem n="eque"><phr n="Request"><ent r="5" t="16" w="206" /><ent r="5" t="16" w="206" /><ent r="5" t="16" w="868" /><ent r="5" t="16" w="868" /><ent r="100" t="16" w="871" /><ent r="100" t="16" w="871" /><ent r="5" t="16" w="875" /><ent r="5" t="16" w="875" /><ent r="7" t="16" w="881" /><ent r="7" t="16" w="881" /><ent r="10" t="16" w="958" /><ent r="10" t="16" w="958" /><ent r="5" t="31" w="815" /></phr><phr n="request"><ent r="3" t="16" w="210" /><ent r="3" t="16" w="210" /><ent r="9" t="16" w="899" /><ent r="9" t="16" w="967" /><ent r="9" t="16" w="967" /><ent r="9" t="16" w="1005" /><ent r="4" t="27" w="890" /><ent r="4" t="27" w="890" /><ent r="6" t="29" w="105" /><ent r="6" t="29" w="105" /><ent r="6" t="29" w="207" /><ent r="6" t="29" w="207" /><ent r="4" t="31" w="819" /><ent r="4" t="31" w="819" /></phr><phr n="requested"><ent r="3" t="26" w="103" /><ent r="3" t="26" w="103" /><ent r="4" t="27" w="208" /><ent r="4" t="27" w="208" /></phr><phr n="requests"><ent r="3" t="26" w="123" /><ent r="6" t="29" w="47" /><ent r="6" t="29" w="47" /><ent r="6" t="29" w="63" /><ent r="6" t="29" w="63" /><ent r="6" t="29" w="77" /><ent r="6" t="29" w="77" /><ent r="3" t="29" w="479" /><ent r="3" t="29" w="479" /><ent r="3" t="29" w="511" /><ent r="3" t="29" w="511" /><ent r="3" t="29" w="543" /><ent r="3" t="29" w="543" /></phr><phr n="Requestor"><ent r="4" t="26" w="575" /><ent r="4" t="26" w="575" /><ent r="4" t="26" w="609" /><ent r="4" t="26" w="609" /><ent r="5" t="27" w="127" /><ent r="5" t="27" w="127" /><ent r="4" t="27" w="295" /><ent r="4" t="27" w="295" /><ent r="4" t="27" w="320" /><ent r="4" t="27" w="320" /><ent r="4" t="27" w="529" /><ent r="4" t="27" w="529" /><ent r="4" t="27" w="621" /><ent r="4" t="27" w="621" /><ent r="4" t="27" w="964" /><ent r="4" t="27" w="964" /><ent r="4" t="36" w="144" /><ent r="4" t="36" w="144" /></phr><phr n="requestor"><ent r="4" t="27" w="138" /><ent r="4" t="27" w="138" /><ent r="4" t="27" w="146" /><ent r="4" t="27" w="473" /></phr><phr n="Requests"><ent r="3" t="29" w="504" /><ent r="3" t="29" w="509" /></phr><phr n="frequency"><ent r="3" t="31" w="163" /><ent r="3" t="31" w="163" /></phr><phr n="requestors"><ent r="4" t="36" w="96" /><ent r="4" t="36" w="96" /></phr><phr n="requesting"><ent r="3" t="45" w="41" /><ent r="3" t="45" w="41" /></phr></stem><stem n="ques"><phr n="Request"><ent r="5" t="16" w="206" /><ent r="5" t="16" w="206" /><ent r="5" t="16" w="868" /><ent r="5" t="16" w="868" /><ent r="100" t="16" w="871" /><ent r="100" t="16" w="871" /><ent r="5" t="16" w="875" /><ent r="5" t="16" w="875" /><ent r="7" t="16" w="881" /><ent r="7" t="16" w="881" /><ent r="10" t="16" w="958" /><ent r="10" t="16" w="958" /><ent r="5" t="31" w="815" /></phr><phr n="request"><ent r="3" t="16" w="210" /><ent r="3" t="16" w="210" /><ent r="9" t="16" w="899" /><ent r="9" t="16" w="967" /><ent r="9" t="16" w="967" /><ent r="9" t="16" w="1005" /><ent r="4" t="27" w="890" /><ent r="4" t="27" w="890" /><ent r="6" t="29" w="105" /><ent r="6" t="29" w="105" /><ent r="6" t="29" w="207" /><ent r="6" t="29" w="207" /><ent r="4" t="31" w="819" /><ent r="4" t="31" w="819" /></phr><phr n="requested"><ent r="3" t="26" w="103" /><ent r="3" t="26" w="103" /><ent r="4" t="27" w="208" /><ent r="4" t="27" w="208" /></phr><phr n="requests"><ent r="3" t="26" w="123" /><ent r="6" t="29" w="47" /><ent r="6" t="29" w="47" /><ent r="6" t="29" w="63" /><ent r="6" t="29" w="63" /><ent r="6" t="29" w="77" /><ent r="6" t="29" w="77" /><ent r="3" t="29" w="479" /><ent r="3" t="29" w="479" /><ent r="3" t="29" w="511" /><ent r="3" t="29" w="511" /><ent r="3" t="29" w="543" /><ent r="3" t="29" w="543" /></phr><phr n="Requestor"><ent r="4" t="26" w="575" /><ent r="4" t="26" w="575" /><ent r="4" t="26" w="609" /><ent r="4" t="26" w="609" /><ent r="5" t="27" w="127" /><ent r="5" t="27" w="127" /><ent r="4" t="27" w="295" /><ent r="4" t="27" w="295" /><ent r="4" t="27" w="320" /><ent r="4" t="27" w="320" /><ent r="4" t="27" w="529" /><ent r="4" t="27" w="529" /><ent r="4" t="27" w="621" /><ent r="4" t="27" w="621" /><ent r="4" t="27" w="964" /><ent r="4" t="27" w="964" /><ent r="4" t="36" w="144" /><ent r="4" t="36" w="144" /></phr><phr n="requestor"><ent r="4" t="27" w="138" /><ent r="4" t="27" w="138" /><ent r="4" t="27" w="146" /><ent r="4" t="27" w="473" /></phr><phr n="Requests"><ent r="3" t="29" w="504" /><ent r="3" t="29" w="509" /></phr><phr n="requestors"><ent r="4" t="36" w="96" /><ent r="4" t="36" w="96" /></phr><phr n="requesting"><ent r="3" t="45" w="41" /><ent r="3" t="45" w="41" /></phr></stem><stem n="uest"><phr n="Request"><ent r="5" t="16" w="206" /><ent r="5" t="16" w="206" /><ent r="5" t="16" w="868" /><ent r="5" t="16" w="868" /><ent r="100" t="16" w="871" /><ent r="100" t="16" w="871" /><ent r="5" t="16" w="875" /><ent r="5" t="16" w="875" /><ent r="7" t="16" w="881" /><ent r="7" t="16" w="881" /><ent r="10" t="16" w="958" /><ent r="10" t="16" w="958" /><ent r="5" t="31" w="815" /></phr><phr n="request"><ent r="3" t="16" w="210" /><ent r="3" t="16" w="210" /><ent r="9" t="16" w="899" /><ent r="9" t="16" w="967" /><ent r="9" t="16" w="967" /><ent r="9" t="16" w="1005" /><ent r="4" t="27" w="890" /><ent r="4" t="27" w="890" /><ent r="6" t="29" w="105" /><ent r="6" t="29" w="105" /><ent r="6" t="29" w="207" /><ent r="6" t="29" w="207" /><ent r="4" t="31" w="819" /><ent r="4" t="31" w="819" /></phr><phr n="requested"><ent r="3" t="26" w="103" /><ent r="3" t="26" w="103" /><ent r="4" t="27" w="208" /><ent r="4" t="27" w="208" /></phr><phr n="requests"><ent r="3" t="26" w="123" /><ent r="6" t="29" w="47" /><ent r="6" t="29" w="47" /><ent r="6" t="29" w="63" /><ent r="6" t="29" w="63" /><ent r="6" t="29" w="77" /><ent r="6" t="29" w="77" /><ent r="3" t="29" w="479" /><ent r="3" t="29" w="479" /><ent r="3" t="29" w="511" /><ent r="3" t="29" w="511" /><ent r="3" t="29" w="543" /><ent r="3" t="29" w="543" /></phr><phr n="Requestor"><ent r="4" t="26" w="575" /><ent r="4" t="26" w="575" /><ent r="4" t="26" w="609" /><ent r="4" t="26" w="609" /><ent r="5" t="27" w="127" /><ent r="5" t="27" w="127" /><ent r="4" t="27" w="295" /><ent r="4" t="27" w="295" /><ent r="4" t="27" w="320" /><ent r="4" t="27" w="320" /><ent r="4" t="27" w="529" /><ent r="4" t="27" w="529" /><ent r="4" t="27" w="621" /><ent r="4" t="27" w="621" /><ent r="4" t="27" w="964" /><ent r="4" t="27" w="964" /><ent r="4" t="36" w="144" /><ent r="4" t="36" w="144" /></phr><phr n="requestor"><ent r="4" t="27" w="138" /><ent r="4" t="27" w="138" /><ent r="4" t="27" w="146" /><ent r="4" t="27" w="473" /></phr><phr n="Requests"><ent r="3" t="29" w="504" /><ent r="3" t="29" w="509" /></phr><phr n="requestors"><ent r="4" t="36" w="96" /><ent r="4" t="36" w="96" /></phr><phr n="requesting"><ent r="3" t="45" w="41" /><ent r="3" t="45" w="41" /></phr></stem><stem n="reque"><phr n="Request"><ent r="5" t="16" w="206" /><ent r="5" t="16" w="206" /><ent r="5" t="16" w="868" /><ent r="5" t="16" w="868" /><ent r="100" t="16" w="871" /><ent r="100" t="16" w="871" /><ent r="5" t="16" w="875" /><ent r="5" t="16" w="875" /><ent r="7" t="16" w="881" /><ent r="7" t="16" w="881" /><ent r="10" t="16" w="958" /><ent r="10" t="16" w="958" /><ent r="5" t="31" w="815" /></phr><phr n="request"><ent r="3" t="16" w="210" /><ent r="3" t="16" w="210" /><ent r="9" t="16" w="899" /><ent r="9" t="16" w="967" /><ent r="9" t="16" w="967" /><ent r="9" t="16" w="1005" /><ent r="4" t="27" w="890" /><ent r="4" t="27" w="890" /><ent r="6" t="29" w="105" /><ent r="6" t="29" w="105" /><ent r="6" t="29" w="207" /><ent r="6" t="29" w="207" /><ent r="4" t="31" w="819" /><ent r="4" t="31" w="819" /></phr><phr n="requested"><ent r="3" t="26" w="103" /><ent r="3" t="26" w="103" /><ent r="4" t="27" w="208" /><ent r="4" t="27" w="208" /></phr><phr n="requests"><ent r="3" t="26" w="123" /><ent r="6" t="29" w="47" /><ent r="6" t="29" w="47" /><ent r="6" t="29" w="63" /><ent r="6" t="29" w="63" /><ent r="6" t="29" w="77" /><ent r="6" t="29" w="77" /><ent r="3" t="29" w="479" /><ent r="3" t="29" w="479" /><ent r="3" t="29" w="511" /><ent r="3" t="29" w="511" /><ent r="3" t="29" w="543" /><ent r="3" t="29" w="543" /></phr><phr n="Requestor"><ent r="4" t="26" w="575" /><ent r="4" t="26" w="575" /><ent r="4" t="26" w="609" /><ent r="4" t="26" w="609" /><ent r="5" t="27" w="127" /><ent r="5" t="27" w="127" /><ent r="4" t="27" w="295" /><ent r="4" t="27" w="295" /><ent r="4" t="27" w="320" /><ent r="4" t="27" w="320" /><ent r="4" t="27" w="529" /><ent r="4" t="27" w="529" /><ent r="4" t="27" w="621" /><ent r="4" t="27" w="621" /><ent r="4" t="27" w="964" /><ent r="4" t="27" w="964" /><ent r="4" t="36" w="144" /><ent r="4" t="36" w="144" /></phr><phr n="requestor"><ent r="4" t="27" w="138" /><ent r="4" t="27" w="138" /><ent r="4" t="27" w="146" /><ent r="4" t="27" w="473" /></phr><phr n="Requests"><ent r="3" t="29" w="504" /><ent r="3" t="29" w="509" /></phr><phr n="frequency"><ent r="3" t="31" w="163" /><ent r="3" t="31" w="163" /></phr><phr n="requestors"><ent r="4" t="36" w="96" /><ent r="4" t="36" w="96" /></phr><phr n="requesting"><ent r="3" t="45" w="41" /><ent r="3" t="45" w="41" /></phr></stem><stem n="eques"><phr n="Request"><ent r="5" t="16" w="206" /><ent r="5" t="16" w="206" /><ent r="5" t="16" w="868" /><ent r="5" t="16" w="868" /><ent r="100" t="16" w="871" /><ent r="100" t="16" w="871" /><ent r="5" t="16" w="875" /><ent r="5" t="16" w="875" /><ent r="7" t="16" w="881" /><ent r="7" t="16" w="881" /><ent r="10" t="16" w="958" /><ent r="10" t="16" w="958" /><ent r="5" t="31" w="815" /></phr><phr n="request"><ent r="3" t="16" w="210" /><ent r="3" t="16" w="210" /><ent r="9" t="16" w="899" /><ent r="9" t="16" w="967" /><ent r="9" t="16" w="967" /><ent r="9" t="16" w="1005" /><ent r="4" t="27" w="890" /><ent r="4" t="27" w="890" /><ent r="6" t="29" w="105" /><ent r="6" t="29" w="105" /><ent r="6" t="29" w="207" /><ent r="6" t="29" w="207" /><ent r="4" t="31" w="819" /><ent r="4" t="31" w="819" /></phr><phr n="requested"><ent r="3" t="26" w="103" /><ent r="3" t="26" w="103" /><ent r="4" t="27" w="208" /><ent r="4" t="27" w="208" /></phr><phr n="requests"><ent r="3" t="26" w="123" /><ent r="6" t="29" w="47" /><ent r="6" t="29" w="47" /><ent r="6" t="29" w="63" /><ent r="6" t="29" w="63" /><ent r="6" t="29" w="77" /><ent r="6" t="29" w="77" /><ent r="3" t="29" w="479" /><ent r="3" t="29" w="479" /><ent r="3" t="29" w="511" /><ent r="3" t="29" w="511" /><ent r="3" t="29" w="543" /><ent r="3" t="29" w="543" /></phr><phr n="Requestor"><ent r="4" t="26" w="575" /><ent r="4" t="26" w="575" /><ent r="4" t="26" w="609" /><ent r="4" t="26" w="609" /><ent r="5" t="27" w="127" /><ent r="5" t="27" w="127" /><ent r="4" t="27" w="295" /><ent r="4" t="27" w="295" /><ent r="4" t="27" w="320" /><ent r="4" t="27" w="320" /><ent r="4" t="27" w="529" /><ent r="4" t="27" w="529" /><ent r="4" t="27" w="621" /><ent r="4" t="27" w="621" /><ent r="4" t="27" w="964" /><ent r="4" t="27" w="964" /><ent r="4" t="36" w="144" /><ent r="4" t="36" w="144" /></phr><phr n="requestor"><ent r="4" t="27" w="138" /><ent r="4" t="27" w="138" /><ent r="4" t="27" w="146" /><ent r="4" t="27" w="473" /></phr><phr n="Requests"><ent r="3" t="29" w="504" /><ent r="3" t="29" w="509" /></phr><phr n="requestors"><ent r="4" t="36" w="96" /><ent r="4" t="36" w="96" /></phr><phr n="requesting"><ent r="3" t="45" w="41" /><ent r="3" t="45" w="41" /></phr></stem><stem n="quest"><phr n="Request"><ent r="5" t="16" w="206" /><ent r="5" t="16" w="206" /><ent r="5" t="16" w="868" /><ent r="5" t="16" w="868" /><ent r="100" t="16" w="871" /><ent r="100" t="16" w="871" /><ent r="5" t="16" w="875" /><ent r="5" t="16" w="875" /><ent r="7" t="16" w="881" /><ent r="7" t="16" w="881" /><ent r="10" t="16" w="958" /><ent r="10" t="16" w="958" /><ent r="5" t="31" w="815" /></phr><phr n="request"><ent r="3" t="16" w="210" /><ent r="3" t="16" w="210" /><ent r="9" t="16" w="899" /><ent r="9" t="16" w="967" /><ent r="9" t="16" w="967" /><ent r="9" t="16" w="1005" /><ent r="4" t="27" w="890" /><ent r="4" t="27" w="890" /><ent r="6" t="29" w="105" /><ent r="6" t="29" w="105" /><ent r="6" t="29" w="207" /><ent r="6" t="29" w="207" /><ent r="4" t="31" w="819" /><ent r="4" t="31" w="819" /></phr><phr n="requested"><ent r="3" t="26" w="103" /><ent r="3" t="26" w="103" /><ent r="4" t="27" w="208" /><ent r="4" t="27" w="208" /></phr><phr n="requests"><ent r="3" t="26" w="123" /><ent r="6" t="29" w="47" /><ent r="6" t="29" w="47" /><ent r="6" t="29" w="63" /><ent r="6" t="29" w="63" /><ent r="6" t="29" w="77" /><ent r="6" t="29" w="77" /><ent r="3" t="29" w="479" /><ent r="3" t="29" w="479" /><ent r="3" t="29" w="511" /><ent r="3" t="29" w="511" /><ent r="3" t="29" w="543" /><ent r="3" t="29" w="543" /></phr><phr n="Requestor"><ent r="4" t="26" w="575" /><ent r="4" t="26" w="575" /><ent r="4" t="26" w="609" /><ent r="4" t="26" w="609" /><ent r="5" t="27" w="127" /><ent r="5" t="27" w="127" /><ent r="4" t="27" w="295" /><ent r="4" t="27" w="295" /><ent r="4" t="27" w="320" /><ent r="4" t="27" w="320" /><ent r="4" t="27" w="529" /><ent r="4" t="27" w="529" /><ent r="4" t="27" w="621" /><ent r="4" t="27" w="621" /><ent r="4" t="27" w="964" /><ent r="4" t="27" w="964" /><ent r="4" t="36" w="144" /><ent r="4" t="36" w="144" /></phr><phr n="requestor"><ent r="4" t="27" w="138" /><ent r="4" t="27" w="138" /><ent r="4" t="27" w="146" /><ent r="4" t="27" w="473" /></phr><phr n="Requests"><ent r="3" t="29" w="504" /><ent r="3" t="29" w="509" /></phr><phr n="requestors"><ent r="4" t="36" w="96" /><ent r="4" t="36" w="96" /></phr><phr n="requesting"><ent r="3" t="45" w="41" /><ent r="3" t="45" w="41" /></phr></stem><stem n="reques"><phr n="Request"><ent r="5" t="16" w="206" /><ent r="5" t="16" w="206" /><ent r="5" t="16" w="868" /><ent r="5" t="16" w="868" /><ent r="100" t="16" w="871" /><ent r="100" t="16" w="871" /><ent r="5" t="16" w="875" /><ent r="5" t="16" w="875" /><ent r="7" t="16" w="881" /><ent r="7" t="16" w="881" /><ent r="10" t="16" w="958" /><ent r="10" t="16" w="958" /><ent r="5" t="31" w="815" /></phr><phr n="request"><ent r="3" t="16" w="210" /><ent r="3" t="16" w="210" /><ent r="9" t="16" w="899" /><ent r="9" t="16" w="967" /><ent r="9" t="16" w="967" /><ent r="9" t="16" w="1005" /><ent r="4" t="27" w="890" /><ent r="4" t="27" w="890" /><ent r="6" t="29" w="105" /><ent r="6" t="29" w="105" /><ent r="6" t="29" w="207" /><ent r="6" t="29" w="207" /><ent r="4" t="31" w="819" /><ent r="4" t="31" w="819" /></phr><phr n="requested"><ent r="3" t="26" w="103" /><ent r="3" t="26" w="103" /><ent r="4" t="27" w="208" /><ent r="4" t="27" w="208" /></phr><phr n="requests"><ent r="3" t="26" w="123" /><ent r="6" t="29" w="47" /><ent r="6" t="29" w="47" /><ent r="6" t="29" w="63" /><ent r="6" t="29" w="63" /><ent r="6" t="29" w="77" /><ent r="6" t="29" w="77" /><ent r="3" t="29" w="479" /><ent r="3" t="29" w="479" /><ent r="3" t="29" w="511" /><ent r="3" t="29" w="511" /><ent r="3" t="29" w="543" /><ent r="3" t="29" w="543" /></phr><phr n="Requestor"><ent r="4" t="26" w="575" /><ent r="4" t="26" w="575" /><ent r="4" t="26" w="609" /><ent r="4" t="26" w="609" /><ent r="5" t="27" w="127" /><ent r="5" t="27" w="127" /><ent r="4" t="27" w="295" /><ent r="4" t="27" w="295" /><ent r="4" t="27" w="320" /><ent r="4" t="27" w="320" /><ent r="4" t="27" w="529" /><ent r="4" t="27" w="529" /><ent r="4" t="27" w="621" /><ent r="4" t="27" w="621" /><ent r="4" t="27" w="964" /><ent r="4" t="27" w="964" /><ent r="4" t="36" w="144" /><ent r="4" t="36" w="144" /></phr><phr n="requestor"><ent r="4" t="27" w="138" /><ent r="4" t="27" w="138" /><ent r="4" t="27" w="146" /><ent r="4" t="27" w="473" /></phr><phr n="Requests"><ent r="3" t="29" w="504" /><ent r="3" t="29" w="509" /></phr><phr n="requestors"><ent r="4" t="36" w="96" /><ent r="4" t="36" w="96" /></phr><phr n="requesting"><ent r="3" t="45" w="41" /><ent r="3" t="45" w="41" /></phr></stem><stem n="equest"><phr n="Request"><ent r="5" t="16" w="206" /><ent r="5" t="16" w="206" /><ent r="5" t="16" w="868" /><ent r="5" t="16" w="868" /><ent r="100" t="16" w="871" /><ent r="100" t="16" w="871" /><ent r="5" t="16" w="875" /><ent r="5" t="16" w="875" /><ent r="7" t="16" w="881" /><ent r="7" t="16" w="881" /><ent r="10" t="16" w="958" /><ent r="10" t="16" w="958" /><ent r="5" t="31" w="815" /></phr><phr n="request"><ent r="3" t="16" w="210" /><ent r="3" t="16" w="210" /><ent r="9" t="16" w="899" /><ent r="9" t="16" w="967" /><ent r="9" t="16" w="967" /><ent r="9" t="16" w="1005" /><ent r="4" t="27" w="890" /><ent r="4" t="27" w="890" /><ent r="6" t="29" w="105" /><ent r="6" t="29" w="105" /><ent r="6" t="29" w="207" /><ent r="6" t="29" w="207" /><ent r="4" t="31" w="819" /><ent r="4" t="31" w="819" /></phr><phr n="requested"><ent r="3" t="26" w="103" /><ent r="3" t="26" w="103" /><ent r="4" t="27" w="208" /><ent r="4" t="27" w="208" /></phr><phr n="requests"><ent r="3" t="26" w="123" /><ent r="6" t="29" w="47" /><ent r="6" t="29" w="47" /><ent r="6" t="29" w="63" /><ent r="6" t="29" w="63" /><ent r="6" t="29" w="77" /><ent r="6" t="29" w="77" /><ent r="3" t="29" w="479" /><ent r="3" t="29" w="479" /><ent r="3" t="29" w="511" /><ent r="3" t="29" w="511" /><ent r="3" t="29" w="543" /><ent r="3" t="29" w="543" /></phr><phr n="Requestor"><ent r="4" t="26" w="575" /><ent r="4" t="26" w="575" /><ent r="4" t="26" w="609" /><ent r="4" t="26" w="609" /><ent r="5" t="27" w="127" /><ent r="5" t="27" w="127" /><ent r="4" t="27" w="295" /><ent r="4" t="27" w="295" /><ent r="4" t="27" w="320" /><ent r="4" t="27" w="320" /><ent r="4" t="27" w="529" /><ent r="4" t="27" w="529" /><ent r="4" t="27" w="621" /><ent r="4" t="27" w="621" /><ent r="4" t="27" w="964" /><ent r="4" t="27" w="964" /><ent r="4" t="36" w="144" /><ent r="4" t="36" w="144" /></phr><phr n="requestor"><ent r="4" t="27" w="138" /><ent r="4" t="27" w="138" /><ent r="4" t="27" w="146" /><ent r="4" t="27" w="473" /></phr><phr n="Requests"><ent r="3" t="29" w="504" /><ent r="3" t="29" w="509" /></phr><phr n="requestors"><ent r="4" t="36" w="96" /><ent r="4" t="36" w="96" /></phr><phr n="requesting"><ent r="3" t="45" w="41" /><ent r="3" t="45" w="41" /></phr></stem><stem n="method"><phr n="method"><ent r="3" t="16" w="225" /><ent r="3" t="16" w="225" /><ent r="9" t="16" w="907" /><ent r="9" t="16" w="907" /><ent r="9" t="16" w="956" /></phr><phr n="Method"><ent r="10" t="16" w="902" /><ent r="10" t="16" w="902" /></phr><phr n="methods"><ent r="4" t="31" w="826" /></phr></stem><stem n="meth"><phr n="method"><ent r="3" t="16" w="225" /><ent r="3" t="16" w="225" /><ent r="9" t="16" w="907" /><ent r="9" t="16" w="907" /><ent r="9" t="16" w="956" /></phr><phr n="Method"><ent r="10" t="16" w="902" /><ent r="10" t="16" w="902" /></phr><phr n="methods"><ent r="4" t="31" w="826" /></phr></stem><stem n="etho"><phr n="method"><ent r="3" t="16" w="225" /><ent r="3" t="16" w="225" /><ent r="9" t="16" w="907" /><ent r="9" t="16" w="907" /><ent r="9" t="16" w="956" /></phr><phr n="Method"><ent r="10" t="16" w="902" /><ent r="10" t="16" w="902" /></phr><phr n="methods"><ent r="4" t="31" w="826" /></phr></stem><stem n="thod"><phr n="method"><ent r="3" t="16" w="225" /><ent r="3" t="16" w="225" /><ent r="9" t="16" w="907" /><ent r="9" t="16" w="907" /><ent r="9" t="16" w="956" /></phr><phr n="Method"><ent r="10" t="16" w="902" /><ent r="10" t="16" w="902" /></phr><phr n="methods"><ent r="4" t="31" w="826" /></phr></stem><stem n="metho"><phr n="method"><ent r="3" t="16" w="225" /><ent r="3" t="16" w="225" /><ent r="9" t="16" w="907" /><ent r="9" t="16" w="907" /><ent r="9" t="16" w="956" /></phr><phr n="Method"><ent r="10" t="16" w="902" /><ent r="10" t="16" w="902" /></phr><phr n="methods"><ent r="4" t="31" w="826" /></phr></stem><stem n="ethod"><phr n="method"><ent r="3" t="16" w="225" /><ent r="3" t="16" w="225" /><ent r="9" t="16" w="907" /><ent r="9" t="16" w="907" /><ent r="9" t="16" w="956" /></phr><phr n="Method"><ent r="10" t="16" w="902" /><ent r="10" t="16" w="902" /></phr><phr n="methods"><ent r="4" t="31" w="826" /></phr></stem><stem n="post"><phr n="POST"><ent r="3" t="16" w="230" /><ent r="9" t="16" w="912" /><ent r="9" t="16" w="954" /><ent r="4" t="31" w="825" /><ent r="4" t="31" w="825" /></phr></stem><stem n="explain"><phr n="explains"><ent r="4" t="16" w="281" /><ent r="4" t="16" w="281" /><ent r="4" t="28" w="75" /><ent r="4" t="28" w="75" /><ent r="7" t="36" w="1725" /><ent r="7" t="36" w="1725" /></phr></stem><stem n="xpla"><phr n="explains"><ent r="4" t="16" w="281" /><ent r="4" t="16" w="281" /><ent r="4" t="28" w="75" /><ent r="4" t="28" w="75" /><ent r="7" t="36" w="1725" /><ent r="7" t="36" w="1725" /></phr><phr n="Explanation"><ent r="64" t="26" w="55" /><ent r="64" t="26" w="55" /><ent r="68" t="28" w="154" /><ent r="68" t="28" w="154" /><ent r="1000" t="29" w="1" /><ent r="1000" t="29" w="1" /><ent r="100" t="29" w="6" /><ent r="100" t="29" w="6" /><ent r="102" t="29" w="11" /><ent r="102" t="29" w="11" /></phr><phr n="explanation"><ent r="3" t="31" w="1178" /><ent r="3" t="31" w="1178" /><ent r="7" t="36" w="789" /><ent r="7" t="36" w="789" /><ent r="3" t="36" w="1478" /><ent r="3" t="36" w="1478" /></phr></stem><stem n="plai"><phr n="explains"><ent r="4" t="16" w="281" /><ent r="4" t="16" w="281" /><ent r="4" t="28" w="75" /><ent r="4" t="28" w="75" /><ent r="7" t="36" w="1725" /><ent r="7" t="36" w="1725" /></phr><phr n="Plain"><ent r="10" t="16" w="354" /><ent r="10" t="16" w="354" /></phr><phr n="play"><ent r="3" t="34" w="880" /><ent r="3" t="34" w="880" /></phr></stem><stem n="lain"><phr n="explains"><ent r="4" t="16" w="281" /><ent r="4" t="16" w="281" /><ent r="4" t="28" w="75" /><ent r="4" t="28" w="75" /><ent r="7" t="36" w="1725" /><ent r="7" t="36" w="1725" /></phr><phr n="Plain"><ent r="10" t="16" w="354" /><ent r="10" t="16" w="354" /></phr></stem><stem n="expla"><phr n="explains"><ent r="4" t="16" w="281" /><ent r="4" t="16" w="281" /><ent r="4" t="28" w="75" /><ent r="4" t="28" w="75" /><ent r="7" t="36" w="1725" /><ent r="7" t="36" w="1725" /></phr><phr n="Explanation"><ent r="64" t="26" w="55" /><ent r="64" t="26" w="55" /><ent r="68" t="28" w="154" /><ent r="68" t="28" w="154" /><ent r="1000" t="29" w="1" /><ent r="1000" t="29" w="1" /><ent r="100" t="29" w="6" /><ent r="100" t="29" w="6" /><ent r="102" t="29" w="11" /><ent r="102" t="29" w="11" /></phr><phr n="explanation"><ent r="3" t="31" w="1178" /><ent r="3" t="31" w="1178" /><ent r="7" t="36" w="789" /><ent r="7" t="36" w="789" /><ent r="3" t="36" w="1478" /><ent r="3" t="36" w="1478" /></phr></stem><stem n="xplai"><phr n="explains"><ent r="4" t="16" w="281" /><ent r="4" t="16" w="281" /><ent r="4" t="28" w="75" /><ent r="4" t="28" w="75" /><ent r="7" t="36" w="1725" /><ent r="7" t="36" w="1725" /></phr></stem><stem n="plain"><phr n="explains"><ent r="4" t="16" w="281" /><ent r="4" t="16" w="281" /><ent r="4" t="28" w="75" /><ent r="4" t="28" w="75" /><ent r="7" t="36" w="1725" /><ent r="7" t="36" w="1725" /></phr><phr n="Plain"><ent r="10" t="16" w="354" /><ent r="10" t="16" w="354" /></phr></stem><stem n="lains"><phr n="explains"><ent r="4" t="16" w="281" /><ent r="4" t="16" w="281" /><ent r="4" t="28" w="75" /><ent r="4" t="28" w="75" /><ent r="7" t="36" w="1725" /><ent r="7" t="36" w="1725" /></phr></stem><stem n="explai"><phr n="explains"><ent r="4" t="16" w="281" /><ent r="4" t="16" w="281" /><ent r="4" t="28" w="75" /><ent r="4" t="28" w="75" /><ent r="7" t="36" w="1725" /><ent r="7" t="36" w="1725" /></phr></stem><stem n="xplain"><phr n="explains"><ent r="4" t="16" w="281" /><ent r="4" t="16" w="281" /><ent r="4" t="28" w="75" /><ent r="4" t="28" w="75" /><ent r="7" t="36" w="1725" /><ent r="7" t="36" w="1725" /></phr></stem><stem n="plains"><phr n="explains"><ent r="4" t="16" w="281" /><ent r="4" t="16" w="281" /><ent r="4" t="28" w="75" /><ent r="4" t="28" w="75" /><ent r="7" t="36" w="1725" /><ent r="7" t="36" w="1725" /></phr></stem></index>