<?xml version="1.0" encoding="utf-8"?><index><stem n="llowing"><phr n="following"><ent r="3" t="2" w="58" /><ent r="3" t="2" w="58" /><ent r="3" t="2" w="215" /><ent r="3" t="2" w="215" /><ent r="3" t="2" w="229" /><ent r="3" t="2" w="229" /><ent r="3" t="3" w="67" /><ent r="3" t="3" w="67" /><ent r="3" t="3" w="475" /><ent r="3" t="3" w="475" /><ent r="6" t="3" w="499" /><ent r="6" t="3" w="499" /><ent r="6" t="3" w="654" /><ent r="6" t="3" w="654" /><ent r="6" t="3" w="885" /><ent r="6" t="3" w="885" /><ent r="6" t="3" w="982" /><ent r="6" t="3" w="982" /><ent r="6" t="3" w="1144" /><ent r="6" t="3" w="1144" /><ent r="6" t="3" w="1188" /><ent r="6" t="3" w="1188" /><ent r="3" t="6" w="26" /><ent r="3" t="6" w="26" /><ent r="3" t="7" w="28" /><ent r="3" t="7" w="28" /><ent r="3" t="7" w="76" /><ent r="3" t="9" w="32" /><ent r="3" t="9" w="32" /><ent r="3" t="10" w="43" /><ent r="3" t="10" w="43" /><ent r="4" t="14" w="209" /><ent r="4" t="14" w="209" /><ent r="4" t="14" w="246" /><ent r="4" t="14" w="246" /><ent r="4" t="14" w="356" /><ent r="4" t="14" w="356" /><ent r="7" t="15" w="369" /><ent r="7" t="15" w="369" /><ent r="3" t="16" w="54" /><ent r="3" t="16" w="54" /><ent r="3" t="16" w="125" /><ent r="3" t="16" w="125" /><ent r="3" t="16" w="1094" /><ent r="3" t="16" w="1094" /><ent r="4" t="17" w="578" /><ent r="3" t="17" w="682" /><ent r="4" t="19" w="76" /><ent r="4" t="19" w="76" /><ent r="3" t="19" w="224" /><ent r="3" t="19" w="224" /><ent r="6" t="22" w="302" /><ent r="3" t="27" w="105" /><ent r="3" t="27" w="105" /><ent r="3" t="27" w="1002" /><ent r="3" t="27" w="1002" /><ent r="3" t="29" w="17" /><ent r="3" t="29" w="17" /><ent r="3" t="30" w="44" /><ent r="3" t="30" w="44" /><ent r="3" t="31" w="842" /><ent r="3" t="31" w="842" /><ent r="3" t="31" w="921" /><ent r="3" t="31" w="921" /><ent r="3" t="31" w="1092" /><ent r="3" t="31" w="1092" /><ent r="3" t="31" w="1175" /><ent r="3" t="31" w="1175" /><ent r="3" t="31" w="1436" /><ent r="3" t="31" w="1436" /><ent r="7" t="32" w="416" /><ent r="7" t="32" w="416" /><ent r="3" t="33" w="53" /><ent r="3" t="33" w="53" /><ent r="3" t="34" w="157" /><ent r="3" t="34" w="157" /><ent r="3" t="34" w="312" /><ent r="3" t="34" w="312" /><ent r="3" t="34" w="759" /><ent r="3" t="34" w="759" /><ent r="3" t="34" w="972" /><ent r="3" t="34" w="972" /><ent r="3" t="34" w="1046" /><ent r="3" t="34" w="1046" /><ent r="3" t="34" w="1156" /><ent r="3" t="34" w="1156" /><ent r="3" t="34" w="1437" /><ent r="3" t="36" w="231" /><ent r="3" t="36" w="231" /><ent r="3" t="36" w="1220" /><ent r="3" t="36" w="1220" /><ent r="3" t="37" w="30" /><ent r="3" t="37" w="30" /><ent r="3" t="40" w="52" /><ent r="3" t="40" w="52" /><ent r="6" t="41" w="115" /><ent r="3" t="45" w="28" /><ent r="3" t="45" w="28" /><ent r="7" t="45" w="127" /><ent r="7" t="45" w="127" /><ent r="3" t="46" w="222" /><ent r="3" t="46" w="222" /><ent r="4" t="46" w="395" /><ent r="4" t="46" w="395" /></phr></stem><stem n="followin"><phr n="following"><ent r="3" t="2" w="58" /><ent r="3" t="2" w="58" /><ent r="3" t="2" w="215" /><ent r="3" t="2" w="215" /><ent r="3" t="2" w="229" /><ent r="3" t="2" w="229" /><ent r="3" t="3" w="67" /><ent r="3" t="3" w="67" /><ent r="3" t="3" w="475" /><ent r="3" t="3" w="475" /><ent r="6" t="3" w="499" /><ent r="6" t="3" w="499" /><ent r="6" t="3" w="654" /><ent r="6" t="3" w="654" /><ent r="6" t="3" w="885" /><ent r="6" t="3" w="885" /><ent r="6" t="3" w="982" /><ent r="6" t="3" w="982" /><ent r="6" t="3" w="1144" /><ent r="6" t="3" w="1144" /><ent r="6" t="3" w="1188" /><ent r="6" t="3" w="1188" /><ent r="3" t="6" w="26" /><ent r="3" t="6" w="26" /><ent r="3" t="7" w="28" /><ent r="3" t="7" w="28" /><ent r="3" t="7" w="76" /><ent r="3" t="9" w="32" /><ent r="3" t="9" w="32" /><ent r="3" t="10" w="43" /><ent r="3" t="10" w="43" /><ent r="4" t="14" w="209" /><ent r="4" t="14" w="209" /><ent r="4" t="14" w="246" /><ent r="4" t="14" w="246" /><ent r="4" t="14" w="356" /><ent r="4" t="14" w="356" /><ent r="7" t="15" w="369" /><ent r="7" t="15" w="369" /><ent r="3" t="16" w="54" /><ent r="3" t="16" w="54" /><ent r="3" t="16" w="125" /><ent r="3" t="16" w="125" /><ent r="3" t="16" w="1094" /><ent r="3" t="16" w="1094" /><ent r="4" t="17" w="578" /><ent r="3" t="17" w="682" /><ent r="4" t="19" w="76" /><ent r="4" t="19" w="76" /><ent r="3" t="19" w="224" /><ent r="3" t="19" w="224" /><ent r="6" t="22" w="302" /><ent r="3" t="27" w="105" /><ent r="3" t="27" w="105" /><ent r="3" t="27" w="1002" /><ent r="3" t="27" w="1002" /><ent r="3" t="29" w="17" /><ent r="3" t="29" w="17" /><ent r="3" t="30" w="44" /><ent r="3" t="30" w="44" /><ent r="3" t="31" w="842" /><ent r="3" t="31" w="842" /><ent r="3" t="31" w="921" /><ent r="3" t="31" w="921" /><ent r="3" t="31" w="1092" /><ent r="3" t="31" w="1092" /><ent r="3" t="31" w="1175" /><ent r="3" t="31" w="1175" /><ent r="3" t="31" w="1436" /><ent r="3" t="31" w="1436" /><ent r="7" t="32" w="416" /><ent r="7" t="32" w="416" /><ent r="3" t="33" w="53" /><ent r="3" t="33" w="53" /><ent r="3" t="34" w="157" /><ent r="3" t="34" w="157" /><ent r="3" t="34" w="312" /><ent r="3" t="34" w="312" /><ent r="3" t="34" w="759" /><ent r="3" t="34" w="759" /><ent r="3" t="34" w="972" /><ent r="3" t="34" w="972" /><ent r="3" t="34" w="1046" /><ent r="3" t="34" w="1046" /><ent r="3" t="34" w="1156" /><ent r="3" t="34" w="1156" /><ent r="3" t="34" w="1437" /><ent r="3" t="36" w="231" /><ent r="3" t="36" w="231" /><ent r="3" t="36" w="1220" /><ent r="3" t="36" w="1220" /><ent r="3" t="37" w="30" /><ent r="3" t="37" w="30" /><ent r="3" t="40" w="52" /><ent r="3" t="40" w="52" /><ent r="6" t="41" w="115" /><ent r="3" t="45" w="28" /><ent r="3" t="45" w="28" /><ent r="7" t="45" w="127" /><ent r="7" t="45" w="127" /><ent r="3" t="46" w="222" /><ent r="3" t="46" w="222" /><ent r="4" t="46" w="395" /><ent r="4" t="46" w="395" /></phr></stem><stem n="ollowing"><phr n="following"><ent r="3" t="2" w="58" /><ent r="3" t="2" w="58" /><ent r="3" t="2" w="215" /><ent r="3" t="2" w="215" /><ent r="3" t="2" w="229" /><ent r="3" t="2" w="229" /><ent r="3" t="3" w="67" /><ent r="3" t="3" w="67" /><ent r="3" t="3" w="475" /><ent r="3" t="3" w="475" /><ent r="6" t="3" w="499" /><ent r="6" t="3" w="499" /><ent r="6" t="3" w="654" /><ent r="6" t="3" w="654" /><ent r="6" t="3" w="885" /><ent r="6" t="3" w="885" /><ent r="6" t="3" w="982" /><ent r="6" t="3" w="982" /><ent r="6" t="3" w="1144" /><ent r="6" t="3" w="1144" /><ent r="6" t="3" w="1188" /><ent r="6" t="3" w="1188" /><ent r="3" t="6" w="26" /><ent r="3" t="6" w="26" /><ent r="3" t="7" w="28" /><ent r="3" t="7" w="28" /><ent r="3" t="7" w="76" /><ent r="3" t="9" w="32" /><ent r="3" t="9" w="32" /><ent r="3" t="10" w="43" /><ent r="3" t="10" w="43" /><ent r="4" t="14" w="209" /><ent r="4" t="14" w="209" /><ent r="4" t="14" w="246" /><ent r="4" t="14" w="246" /><ent r="4" t="14" w="356" /><ent r="4" t="14" w="356" /><ent r="7" t="15" w="369" /><ent r="7" t="15" w="369" /><ent r="3" t="16" w="54" /><ent r="3" t="16" w="54" /><ent r="3" t="16" w="125" /><ent r="3" t="16" w="125" /><ent r="3" t="16" w="1094" /><ent r="3" t="16" w="1094" /><ent r="4" t="17" w="578" /><ent r="3" t="17" w="682" /><ent r="4" t="19" w="76" /><ent r="4" t="19" w="76" /><ent r="3" t="19" w="224" /><ent r="3" t="19" w="224" /><ent r="6" t="22" w="302" /><ent r="3" t="27" w="105" /><ent r="3" t="27" w="105" /><ent r="3" t="27" w="1002" /><ent r="3" t="27" w="1002" /><ent r="3" t="29" w="17" /><ent r="3" t="29" w="17" /><ent r="3" t="30" w="44" /><ent r="3" t="30" w="44" /><ent r="3" t="31" w="842" /><ent r="3" t="31" w="842" /><ent r="3" t="31" w="921" /><ent r="3" t="31" w="921" /><ent r="3" t="31" w="1092" /><ent r="3" t="31" w="1092" /><ent r="3" t="31" w="1175" /><ent r="3" t="31" w="1175" /><ent r="3" t="31" w="1436" /><ent r="3" t="31" w="1436" /><ent r="7" t="32" w="416" /><ent r="7" t="32" w="416" /><ent r="3" t="33" w="53" /><ent r="3" t="33" w="53" /><ent r="3" t="34" w="157" /><ent r="3" t="34" w="157" /><ent r="3" t="34" w="312" /><ent r="3" t="34" w="312" /><ent r="3" t="34" w="759" /><ent r="3" t="34" w="759" /><ent r="3" t="34" w="972" /><ent r="3" t="34" w="972" /><ent r="3" t="34" w="1046" /><ent r="3" t="34" w="1046" /><ent r="3" t="34" w="1156" /><ent r="3" t="34" w="1156" /><ent r="3" t="34" w="1437" /><ent r="3" t="36" w="231" /><ent r="3" t="36" w="231" /><ent r="3" t="36" w="1220" /><ent r="3" t="36" w="1220" /><ent r="3" t="37" w="30" /><ent r="3" t="37" w="30" /><ent r="3" t="40" w="52" /><ent r="3" t="40" w="52" /><ent r="6" t="41" w="115" /><ent r="3" t="45" w="28" /><ent r="3" t="45" w="28" /><ent r="7" t="45" w="127" /><ent r="7" t="45" w="127" /><ent r="3" t="46" w="222" /><ent r="3" t="46" w="222" /><ent r="4" t="46" w="395" /><ent r="4" t="46" w="395" /></phr></stem><stem n="following"><phr n="following"><ent r="3" t="2" w="58" /><ent r="3" t="2" w="58" /><ent r="3" t="2" w="215" /><ent r="3" t="2" w="215" /><ent r="3" t="2" w="229" /><ent r="3" t="2" w="229" /><ent r="3" t="3" w="67" /><ent r="3" t="3" w="67" /><ent r="3" t="3" w="475" /><ent r="3" t="3" w="475" /><ent r="6" t="3" w="499" /><ent r="6" t="3" w="499" /><ent r="6" t="3" w="654" /><ent r="6" t="3" w="654" /><ent r="6" t="3" w="885" /><ent r="6" t="3" w="885" /><ent r="6" t="3" w="982" /><ent r="6" t="3" w="982" /><ent r="6" t="3" w="1144" /><ent r="6" t="3" w="1144" /><ent r="6" t="3" w="1188" /><ent r="6" t="3" w="1188" /><ent r="3" t="6" w="26" /><ent r="3" t="6" w="26" /><ent r="3" t="7" w="28" /><ent r="3" t="7" w="28" /><ent r="3" t="7" w="76" /><ent r="3" t="9" w="32" /><ent r="3" t="9" w="32" /><ent r="3" t="10" w="43" /><ent r="3" t="10" w="43" /><ent r="4" t="14" w="209" /><ent r="4" t="14" w="209" /><ent r="4" t="14" w="246" /><ent r="4" t="14" w="246" /><ent r="4" t="14" w="356" /><ent r="4" t="14" w="356" /><ent r="7" t="15" w="369" /><ent r="7" t="15" w="369" /><ent r="3" t="16" w="54" /><ent r="3" t="16" w="54" /><ent r="3" t="16" w="125" /><ent r="3" t="16" w="125" /><ent r="3" t="16" w="1094" /><ent r="3" t="16" w="1094" /><ent r="4" t="17" w="578" /><ent r="3" t="17" w="682" /><ent r="4" t="19" w="76" /><ent r="4" t="19" w="76" /><ent r="3" t="19" w="224" /><ent r="3" t="19" w="224" /><ent r="6" t="22" w="302" /><ent r="3" t="27" w="105" /><ent r="3" t="27" w="105" /><ent r="3" t="27" w="1002" /><ent r="3" t="27" w="1002" /><ent r="3" t="29" w="17" /><ent r="3" t="29" w="17" /><ent r="3" t="30" w="44" /><ent r="3" t="30" w="44" /><ent r="3" t="31" w="842" /><ent r="3" t="31" w="842" /><ent r="3" t="31" w="921" /><ent r="3" t="31" w="921" /><ent r="3" t="31" w="1092" /><ent r="3" t="31" w="1092" /><ent r="3" t="31" w="1175" /><ent r="3" t="31" w="1175" /><ent r="3" t="31" w="1436" /><ent r="3" t="31" w="1436" /><ent r="7" t="32" w="416" /><ent r="7" t="32" w="416" /><ent r="3" t="33" w="53" /><ent r="3" t="33" w="53" /><ent r="3" t="34" w="157" /><ent r="3" t="34" w="157" /><ent r="3" t="34" w="312" /><ent r="3" t="34" w="312" /><ent r="3" t="34" w="759" /><ent r="3" t="34" w="759" /><ent r="3" t="34" w="972" /><ent r="3" t="34" w="972" /><ent r="3" t="34" w="1046" /><ent r="3" t="34" w="1046" /><ent r="3" t="34" w="1156" /><ent r="3" t="34" w="1156" /><ent r="3" t="34" w="1437" /><ent r="3" t="36" w="231" /><ent r="3" t="36" w="231" /><ent r="3" t="36" w="1220" /><ent r="3" t="36" w="1220" /><ent r="3" t="37" w="30" /><ent r="3" t="37" w="30" /><ent r="3" t="40" w="52" /><ent r="3" t="40" w="52" /><ent r="6" t="41" w="115" /><ent r="3" t="45" w="28" /><ent r="3" t="45" w="28" /><ent r="7" t="45" w="127" /><ent r="7" t="45" w="127" /><ent r="3" t="46" w="222" /><ent r="3" t="46" w="222" /><ent r="4" t="46" w="395" /><ent r="4" t="46" w="395" /></phr></stem><stem n="top"><phr n="top"><ent r="3" t="2" w="61" /><ent r="3" t="2" w="61" /><ent r="4" t="11" w="133" /><ent r="4" t="11" w="133" /><ent r="4" t="11" w="158" /><ent r="4" t="11" w="158" /><ent r="4" t="11" w="208" /><ent r="4" t="11" w="208" /><ent r="3" t="32" w="137" /><ent r="7" t="36" w="342" /><ent r="7" t="36" w="342" /></phr></stem><stem n="level"><phr n="level"><ent r="3" t="2" w="62" /><ent r="3" t="2" w="62" /><ent r="3" t="4" w="105" /><ent r="3" t="4" w="105" /><ent r="4" t="11" w="134" /><ent r="4" t="11" w="134" /><ent r="4" t="11" w="159" /><ent r="4" t="11" w="159" /><ent r="4" t="11" w="209" /><ent r="4" t="11" w="209" /><ent r="4" t="17" w="370" /><ent r="4" t="26" w="215" /><ent r="4" t="34" w="1413" /><ent r="4" t="36" w="55" /><ent r="4" t="36" w="90" /><ent r="7" t="36" w="482" /><ent r="3" t="39" w="31" /><ent r="3" t="39" w="31" /><ent r="3" t="46" w="79" /><ent r="3" t="46" w="79" /><ent r="8" t="46" w="291" /><ent r="8" t="46" w="291" /><ent r="7" t="46" w="304" /><ent r="7" t="46" w="330" /><ent r="7" t="46" w="330" /><ent r="8" t="46" w="336" /><ent r="8" t="46" w="336" /></phr><phr n="levels"><ent r="3" t="46" w="123" /><ent r="8" t="46" w="287" /><ent r="8" t="46" w="287" /><ent r="7" t="46" w="310" /></phr><phr n="&lt;level&gt;"><ent r="9" t="46" w="293" /><ent r="9" t="46" w="293" /><ent r="8" t="46" w="297" /><ent r="8" t="46" w="297" /></phr><phr n="Levels"><ent r="8" t="46" w="314" /><ent r="8" t="46" w="314" /></phr></stem><stem n="leve"><phr n="level"><ent r="3" t="2" w="62" /><ent r="3" t="2" w="62" /><ent r="3" t="4" w="105" /><ent r="3" t="4" w="105" /><ent r="4" t="11" w="134" /><ent r="4" t="11" w="134" /><ent r="4" t="11" w="159" /><ent r="4" t="11" w="159" /><ent r="4" t="11" w="209" /><ent r="4" t="11" w="209" /><ent r="4" t="17" w="370" /><ent r="4" t="26" w="215" /><ent r="4" t="34" w="1413" /><ent r="4" t="36" w="55" /><ent r="4" t="36" w="90" /><ent r="7" t="36" w="482" /><ent r="3" t="39" w="31" /><ent r="3" t="39" w="31" /><ent r="3" t="46" w="79" /><ent r="3" t="46" w="79" /><ent r="8" t="46" w="291" /><ent r="8" t="46" w="291" /><ent r="7" t="46" w="304" /><ent r="7" t="46" w="330" /><ent r="7" t="46" w="330" /><ent r="8" t="46" w="336" /><ent r="8" t="46" w="336" /></phr><phr n="levels"><ent r="3" t="46" w="123" /><ent r="8" t="46" w="287" /><ent r="8" t="46" w="287" /><ent r="7" t="46" w="310" /></phr><phr n="&lt;level&gt;"><ent r="9" t="46" w="293" /><ent r="9" t="46" w="293" /><ent r="8" t="46" w="297" /><ent r="8" t="46" w="297" /></phr><phr n="Levels"><ent r="8" t="46" w="314" /><ent r="8" t="46" w="314" /></phr></stem><stem n="evel"><phr n="level"><ent r="3" t="2" w="62" /><ent r="3" t="2" w="62" /><ent r="3" t="4" w="105" /><ent r="3" t="4" w="105" /><ent r="4" t="11" w="134" /><ent r="4" t="11" w="134" /><ent r="4" t="11" w="159" /><ent r="4" t="11" w="159" /><ent r="4" t="11" w="209" /><ent r="4" t="11" w="209" /><ent r="4" t="17" w="370" /><ent r="4" t="26" w="215" /><ent r="4" t="34" w="1413" /><ent r="4" t="36" w="55" /><ent r="4" t="36" w="90" /><ent r="7" t="36" w="482" /><ent r="3" t="39" w="31" /><ent r="3" t="39" w="31" /><ent r="3" t="46" w="79" /><ent r="3" t="46" w="79" /><ent r="8" t="46" w="291" /><ent r="8" t="46" w="291" /><ent r="7" t="46" w="304" /><ent r="7" t="46" w="330" /><ent r="7" t="46" w="330" /><ent r="8" t="46" w="336" /><ent r="8" t="46" w="336" /></phr><phr n="levels"><ent r="3" t="46" w="123" /><ent r="8" t="46" w="287" /><ent r="8" t="46" w="287" /><ent r="7" t="46" w="310" /></phr><phr n="&lt;level&gt;"><ent r="9" t="46" w="293" /><ent r="9" t="46" w="293" /><ent r="8" t="46" w="297" /><ent r="8" t="46" w="297" /></phr><phr n="Levels"><ent r="8" t="46" w="314" /><ent r="8" t="46" w="314" /></phr></stem><stem n="monitor"><phr n="monitor"><ent r="4" t="2" w="70" /><ent r="4" t="2" w="70" /><ent r="6" t="3" w="721" /><ent r="6" t="3" w="721" /><ent r="6" t="3" w="784" /><ent r="6" t="3" w="784" /><ent r="67" t="3" w="864" /><ent r="67" t="3" w="864" /><ent r="4" t="6" w="202" /><ent r="4" t="6" w="202" /><ent r="4" t="7" w="283" /><ent r="4" t="7" w="283" /><ent r="65" t="9" w="65" /><ent r="65" t="9" w="65" /><ent r="7" t="10" w="250" /><ent r="7" t="10" w="250" /><ent r="3" t="15" w="73" /><ent r="3" t="15" w="73" /><ent r="3" t="15" w="118" /><ent r="7" t="15" w="356" /><ent r="4" t="19" w="365" /><ent r="4" t="19" w="365" /><ent r="3" t="30" w="26" /><ent r="3" t="30" w="26" /><ent r="3" t="31" w="104" /><ent r="4" t="31" w="986" /><ent r="4" t="31" w="986" /><ent r="4" t="42" w="136" /></phr><phr n="Monitor"><ent r="64" t="2" w="329" /><ent r="64" t="2" w="329" /><ent r="65" t="3" w="70" /><ent r="65" t="3" w="70" /><ent r="100" t="15" w="14" /><ent r="100" t="15" w="14" /><ent r="64" t="15" w="23" /><ent r="64" t="15" w="23" /><ent r="65" t="15" w="133" /><ent r="65" t="15" w="133" /><ent r="7" t="15" w="320" /><ent r="7" t="15" w="320" /><ent r="7" t="15" w="469" /><ent r="7" t="15" w="469" /><ent r="7" t="15" w="536" /><ent r="7" t="15" w="536" /><ent r="7" t="15" w="621" /><ent r="7" t="15" w="621" /><ent r="7" t="15" w="655" /><ent r="7" t="15" w="655" /><ent r="4" t="16" w="76" /><ent r="4" t="16" w="76" /><ent r="4" t="16" w="118" /><ent r="4" t="16" w="118" /><ent r="65" t="16" w="237" /><ent r="65" t="16" w="237" /><ent r="65" t="16" w="1045" /><ent r="65" t="16" w="1045" /><ent r="7" t="16" w="1170" /><ent r="7" t="16" w="1170" /><ent r="7" t="16" w="1284" /><ent r="7" t="16" w="1284" /><ent r="65" t="30" w="47" /><ent r="65" t="30" w="47" /><ent r="1000" t="31" w="1" /><ent r="1000" t="31" w="1" /><ent r="100" t="31" w="4" /><ent r="100" t="31" w="4" /><ent r="102" t="31" w="12" /><ent r="102" t="31" w="12" /><ent r="3" t="31" w="16" /><ent r="3" t="31" w="16" /><ent r="3" t="31" w="132" /><ent r="3" t="31" w="132" /><ent r="3" t="31" w="515" /><ent r="3" t="31" w="515" /><ent r="4" t="31" w="634" /><ent r="4" t="31" w="634" /><ent r="64" t="42" w="519" /><ent r="64" t="42" w="519" /></phr><phr n="monitored"><ent r="4" t="3" w="259" /><ent r="3" t="3" w="372" /><ent r="6" t="3" w="1068" /><ent r="6" t="3" w="1068" /><ent r="4" t="6" w="162" /><ent r="4" t="6" w="162" /><ent r="4" t="6" w="356" /><ent r="3" t="15" w="49" /><ent r="3" t="15" w="49" /><ent r="3" t="15" w="92" /><ent r="3" t="15" w="92" /><ent r="3" t="15" w="197" /><ent r="3" t="15" w="197" /><ent r="3" t="16" w="41" /><ent r="3" t="16" w="41" /><ent r="4" t="16" w="294" /><ent r="4" t="16" w="294" /><ent r="7" t="16" w="1152" /><ent r="7" t="16" w="1152" /><ent r="3" t="31" w="30" /><ent r="3" t="31" w="30" /><ent r="4" t="31" w="70" /><ent r="4" t="31" w="70" /><ent r="3" t="31" w="171" /><ent r="3" t="31" w="171" /><ent r="3" t="31" w="212" /><ent r="3" t="31" w="212" /><ent r="4" t="31" w="590" /><ent r="4" t="31" w="590" /><ent r="3" t="31" w="931" /><ent r="3" t="31" w="931" /><ent r="4" t="31" w="941" /><ent r="4" t="31" w="941" /><ent r="3" t="31" w="1078" /><ent r="3" t="31" w="1078" /><ent r="7" t="31" w="1184" /><ent r="7" t="31" w="1184" /><ent r="7" t="31" w="1206" /><ent r="7" t="31" w="1206" /><ent r="7" t="31" w="1283" /><ent r="7" t="31" w="1283" /><ent r="7" t="31" w="1295" /><ent r="7" t="31" w="1295" /><ent r="3" t="31" w="1337" /><ent r="3" t="31" w="1337" /><ent r="3" t="31" w="1408" /><ent r="3" t="31" w="1408" /><ent r="3" t="31" w="1418" /><ent r="3" t="31" w="1418" /><ent r="3" t="31" w="1429" /><ent r="3" t="31" w="1429" /><ent r="3" t="31" w="1456" /><ent r="3" t="31" w="1456" /><ent r="3" t="31" w="1516" /><ent r="3" t="31" w="1516" /><ent r="4" t="46" w="402" /></phr><phr n="Monitored"><ent r="64" t="6" w="364" /><ent r="64" t="6" w="364" /><ent r="1000" t="15" w="2" /><ent r="1000" t="15" w="2" /><ent r="100" t="15" w="6" /><ent r="100" t="15" w="6" /><ent r="102" t="15" w="18" /><ent r="102" t="15" w="18" /><ent r="3" t="15" w="64" /><ent r="3" t="15" w="64" /><ent r="4" t="15" w="139" /><ent r="4" t="15" w="139" /><ent r="65" t="16" w="99" /><ent r="65" t="16" w="99" /><ent r="64" t="31" w="111" /><ent r="64" t="31" w="111" /><ent r="5" t="31" w="220" /><ent r="5" t="31" w="220" /><ent r="65" t="31" w="996" /><ent r="65" t="31" w="996" /><ent r="82" t="31" w="1025" /><ent r="82" t="31" w="1025" /><ent r="3" t="31" w="1033" /><ent r="3" t="31" w="1033" /><ent r="3" t="31" w="1087" /><ent r="3" t="31" w="1087" /><ent r="3" t="31" w="1120" /><ent r="3" t="31" w="1120" /><ent r="4" t="31" w="1135" /><ent r="4" t="31" w="1135" /><ent r="3" t="31" w="1138" /><ent r="3" t="31" w="1138" /><ent r="64" t="31" w="1423" /><ent r="64" t="31" w="1423" /></phr><phr n="monitoring"><ent r="100" t="15" w="12" /><ent r="100" t="15" w="12" /><ent r="3" t="15" w="111" /><ent r="7" t="15" w="249" /><ent r="7" t="15" w="249" /><ent r="8" t="15" w="271" /><ent r="8" t="15" w="271" /><ent r="7" t="15" w="279" /><ent r="7" t="15" w="279" /><ent r="7" t="15" w="292" /><ent r="7" t="15" w="292" /><ent r="7" t="15" w="327" /><ent r="7" t="15" w="327" /><ent r="100" t="16" w="21" /><ent r="100" t="16" w="21" /><ent r="9" t="16" w="602" /><ent r="9" t="16" w="602" /><ent r="8" t="16" w="1125" /><ent r="8" t="16" w="1143" /><ent r="8" t="16" w="1176" /><ent r="8" t="16" w="1208" /><ent r="8" t="16" w="1233" /><ent r="8" t="16" w="1255" /><ent r="68" t="16" w="1293" /><ent r="68" t="16" w="1293" /><ent r="8" t="16" w="1303" /><ent r="100" t="31" w="10" /><ent r="100" t="31" w="10" /><ent r="3" t="31" w="83" /><ent r="3" t="31" w="83" /><ent r="3" t="31" w="120" /><ent r="3" t="31" w="201" /><ent r="3" t="31" w="513" /><ent r="3" t="31" w="695" /><ent r="3" t="31" w="695" /><ent r="3" t="31" w="1001" /><ent r="3" t="31" w="1001" /><ent r="7" t="31" w="1216" /><ent r="7" t="31" w="1216" /><ent r="3" t="31" w="1367" /><ent r="3" t="31" w="1367" /><ent r="3" t="31" w="1379" /><ent r="3" t="31" w="1379" /><ent r="3" t="31" w="1442" /><ent r="3" t="31" w="1442" /><ent r="7" t="45" w="319" /><ent r="7" t="45" w="319" /></phr><phr n="Monitoring"><ent r="100" t="15" w="120" /><ent r="4" t="15" w="206" /><ent r="4" t="15" w="206" /><ent r="3" t="15" w="216" /><ent r="3" t="15" w="216" /><ent r="5" t="15" w="229" /><ent r="5" t="15" w="229" /><ent r="68" t="15" w="314" /><ent r="68" t="15" w="314" /><ent r="68" t="15" w="463" /><ent r="68" t="15" w="463" /><ent r="68" t="15" w="530" /><ent r="68" t="15" w="530" /><ent r="68" t="15" w="615" /><ent r="68" t="15" w="615" /><ent r="68" t="15" w="649" /><ent r="68" t="15" w="649" /><ent r="1000" t="16" w="5" /><ent r="1000" t="16" w="5" /><ent r="100" t="16" w="11" /><ent r="100" t="16" w="11" /><ent r="100" t="16" w="16" /><ent r="102" t="16" w="27" /><ent r="102" t="16" w="27" /><ent r="65" t="16" w="70" /><ent r="65" t="16" w="70" /><ent r="4" t="16" w="79" /><ent r="4" t="16" w="79" /><ent r="65" t="16" w="244" /><ent r="65" t="16" w="244" /><ent r="4" t="16" w="1038" /><ent r="4" t="16" w="1038" /><ent r="68" t="16" w="1164" /><ent r="68" t="16" w="1164" /><ent r="68" t="16" w="1278" /><ent r="68" t="16" w="1278" /><ent r="66" t="31" w="43" /><ent r="66" t="31" w="43" /><ent r="92" t="31" w="150" /><ent r="92" t="31" w="150" /><ent r="3" t="31" w="155" /><ent r="3" t="31" w="155" /><ent r="64" t="31" w="879" /><ent r="64" t="31" w="879" /><ent r="64" t="31" w="1017" /><ent r="64" t="31" w="1017" /><ent r="100" t="31" w="1022" /><ent r="7" t="31" w="1238" /><ent r="7" t="31" w="1238" /><ent r="64" t="31" w="1359" /><ent r="64" t="31" w="1359" /><ent r="100" t="31" w="1369" /><ent r="100" t="31" w="1372" /><ent r="100" t="31" w="1432" /></phr></stem><stem n="moni"><phr n="monitor"><ent r="4" t="2" w="70" /><ent r="4" t="2" w="70" /><ent r="6" t="3" w="721" /><ent r="6" t="3" w="721" /><ent r="6" t="3" w="784" /><ent r="6" t="3" w="784" /><ent r="67" t="3" w="864" /><ent r="67" t="3" w="864" /><ent r="4" t="6" w="202" /><ent r="4" t="6" w="202" /><ent r="4" t="7" w="283" /><ent r="4" t="7" w="283" /><ent r="65" t="9" w="65" /><ent r="65" t="9" w="65" /><ent r="7" t="10" w="250" /><ent r="7" t="10" w="250" /><ent r="3" t="15" w="73" /><ent r="3" t="15" w="73" /><ent r="3" t="15" w="118" /><ent r="7" t="15" w="356" /><ent r="4" t="19" w="365" /><ent r="4" t="19" w="365" /><ent r="3" t="30" w="26" /><ent r="3" t="30" w="26" /><ent r="3" t="31" w="104" /><ent r="4" t="31" w="986" /><ent r="4" t="31" w="986" /><ent r="4" t="42" w="136" /></phr><phr n="Monitor"><ent r="64" t="2" w="329" /><ent r="64" t="2" w="329" /><ent r="65" t="3" w="70" /><ent r="65" t="3" w="70" /><ent r="100" t="15" w="14" /><ent r="100" t="15" w="14" /><ent r="64" t="15" w="23" /><ent r="64" t="15" w="23" /><ent r="65" t="15" w="133" /><ent r="65" t="15" w="133" /><ent r="7" t="15" w="320" /><ent r="7" t="15" w="320" /><ent r="7" t="15" w="469" /><ent r="7" t="15" w="469" /><ent r="7" t="15" w="536" /><ent r="7" t="15" w="536" /><ent r="7" t="15" w="621" /><ent r="7" t="15" w="621" /><ent r="7" t="15" w="655" /><ent r="7" t="15" w="655" /><ent r="4" t="16" w="76" /><ent r="4" t="16" w="76" /><ent r="4" t="16" w="118" /><ent r="4" t="16" w="118" /><ent r="65" t="16" w="237" /><ent r="65" t="16" w="237" /><ent r="65" t="16" w="1045" /><ent r="65" t="16" w="1045" /><ent r="7" t="16" w="1170" /><ent r="7" t="16" w="1170" /><ent r="7" t="16" w="1284" /><ent r="7" t="16" w="1284" /><ent r="65" t="30" w="47" /><ent r="65" t="30" w="47" /><ent r="1000" t="31" w="1" /><ent r="1000" t="31" w="1" /><ent r="100" t="31" w="4" /><ent r="100" t="31" w="4" /><ent r="102" t="31" w="12" /><ent r="102" t="31" w="12" /><ent r="3" t="31" w="16" /><ent r="3" t="31" w="16" /><ent r="3" t="31" w="132" /><ent r="3" t="31" w="132" /><ent r="3" t="31" w="515" /><ent r="3" t="31" w="515" /><ent r="4" t="31" w="634" /><ent r="4" t="31" w="634" /><ent r="64" t="42" w="519" /><ent r="64" t="42" w="519" /></phr><phr n="monitored"><ent r="4" t="3" w="259" /><ent r="3" t="3" w="372" /><ent r="6" t="3" w="1068" /><ent r="6" t="3" w="1068" /><ent r="4" t="6" w="162" /><ent r="4" t="6" w="162" /><ent r="4" t="6" w="356" /><ent r="3" t="15" w="49" /><ent r="3" t="15" w="49" /><ent r="3" t="15" w="92" /><ent r="3" t="15" w="92" /><ent r="3" t="15" w="197" /><ent r="3" t="15" w="197" /><ent r="3" t="16" w="41" /><ent r="3" t="16" w="41" /><ent r="4" t="16" w="294" /><ent r="4" t="16" w="294" /><ent r="7" t="16" w="1152" /><ent r="7" t="16" w="1152" /><ent r="3" t="31" w="30" /><ent r="3" t="31" w="30" /><ent r="4" t="31" w="70" /><ent r="4" t="31" w="70" /><ent r="3" t="31" w="171" /><ent r="3" t="31" w="171" /><ent r="3" t="31" w="212" /><ent r="3" t="31" w="212" /><ent r="4" t="31" w="590" /><ent r="4" t="31" w="590" /><ent r="3" t="31" w="931" /><ent r="3" t="31" w="931" /><ent r="4" t="31" w="941" /><ent r="4" t="31" w="941" /><ent r="3" t="31" w="1078" /><ent r="3" t="31" w="1078" /><ent r="7" t="31" w="1184" /><ent r="7" t="31" w="1184" /><ent r="7" t="31" w="1206" /><ent r="7" t="31" w="1206" /><ent r="7" t="31" w="1283" /><ent r="7" t="31" w="1283" /><ent r="7" t="31" w="1295" /><ent r="7" t="31" w="1295" /><ent r="3" t="31" w="1337" /><ent r="3" t="31" w="1337" /><ent r="3" t="31" w="1408" /><ent r="3" t="31" w="1408" /><ent r="3" t="31" w="1418" /><ent r="3" t="31" w="1418" /><ent r="3" t="31" w="1429" /><ent r="3" t="31" w="1429" /><ent r="3" t="31" w="1456" /><ent r="3" t="31" w="1456" /><ent r="3" t="31" w="1516" /><ent r="3" t="31" w="1516" /><ent r="4" t="46" w="402" /></phr><phr n="Monitored"><ent r="64" t="6" w="364" /><ent r="64" t="6" w="364" /><ent r="1000" t="15" w="2" /><ent r="1000" t="15" w="2" /><ent r="100" t="15" w="6" /><ent r="100" t="15" w="6" /><ent r="102" t="15" w="18" /><ent r="102" t="15" w="18" /><ent r="3" t="15" w="64" /><ent r="3" t="15" w="64" /><ent r="4" t="15" w="139" /><ent r="4" t="15" w="139" /><ent r="65" t="16" w="99" /><ent r="65" t="16" w="99" /><ent r="64" t="31" w="111" /><ent r="64" t="31" w="111" /><ent r="5" t="31" w="220" /><ent r="5" t="31" w="220" /><ent r="65" t="31" w="996" /><ent r="65" t="31" w="996" /><ent r="82" t="31" w="1025" /><ent r="82" t="31" w="1025" /><ent r="3" t="31" w="1033" /><ent r="3" t="31" w="1033" /><ent r="3" t="31" w="1087" /><ent r="3" t="31" w="1087" /><ent r="3" t="31" w="1120" /><ent r="3" t="31" w="1120" /><ent r="4" t="31" w="1135" /><ent r="4" t="31" w="1135" /><ent r="3" t="31" w="1138" /><ent r="3" t="31" w="1138" /><ent r="64" t="31" w="1423" /><ent r="64" t="31" w="1423" /></phr><phr n="monitoring"><ent r="100" t="15" w="12" /><ent r="100" t="15" w="12" /><ent r="3" t="15" w="111" /><ent r="7" t="15" w="249" /><ent r="7" t="15" w="249" /><ent r="8" t="15" w="271" /><ent r="8" t="15" w="271" /><ent r="7" t="15" w="279" /><ent r="7" t="15" w="279" /><ent r="7" t="15" w="292" /><ent r="7" t="15" w="292" /><ent r="7" t="15" w="327" /><ent r="7" t="15" w="327" /><ent r="100" t="16" w="21" /><ent r="100" t="16" w="21" /><ent r="9" t="16" w="602" /><ent r="9" t="16" w="602" /><ent r="8" t="16" w="1125" /><ent r="8" t="16" w="1143" /><ent r="8" t="16" w="1176" /><ent r="8" t="16" w="1208" /><ent r="8" t="16" w="1233" /><ent r="8" t="16" w="1255" /><ent r="68" t="16" w="1293" /><ent r="68" t="16" w="1293" /><ent r="8" t="16" w="1303" /><ent r="100" t="31" w="10" /><ent r="100" t="31" w="10" /><ent r="3" t="31" w="83" /><ent r="3" t="31" w="83" /><ent r="3" t="31" w="120" /><ent r="3" t="31" w="201" /><ent r="3" t="31" w="513" /><ent r="3" t="31" w="695" /><ent r="3" t="31" w="695" /><ent r="3" t="31" w="1001" /><ent r="3" t="31" w="1001" /><ent r="7" t="31" w="1216" /><ent r="7" t="31" w="1216" /><ent r="3" t="31" w="1367" /><ent r="3" t="31" w="1367" /><ent r="3" t="31" w="1379" /><ent r="3" t="31" w="1379" /><ent r="3" t="31" w="1442" /><ent r="3" t="31" w="1442" /><ent r="7" t="45" w="319" /><ent r="7" t="45" w="319" /></phr><phr n="Monitoring"><ent r="100" t="15" w="120" /><ent r="4" t="15" w="206" /><ent r="4" t="15" w="206" /><ent r="3" t="15" w="216" /><ent r="3" t="15" w="216" /><ent r="5" t="15" w="229" /><ent r="5" t="15" w="229" /><ent r="68" t="15" w="314" /><ent r="68" t="15" w="314" /><ent r="68" t="15" w="463" /><ent r="68" t="15" w="463" /><ent r="68" t="15" w="530" /><ent r="68" t="15" w="530" /><ent r="68" t="15" w="615" /><ent r="68" t="15" w="615" /><ent r="68" t="15" w="649" /><ent r="68" t="15" w="649" /><ent r="1000" t="16" w="5" /><ent r="1000" t="16" w="5" /><ent r="100" t="16" w="11" /><ent r="100" t="16" w="11" /><ent r="100" t="16" w="16" /><ent r="102" t="16" w="27" /><ent r="102" t="16" w="27" /><ent r="65" t="16" w="70" /><ent r="65" t="16" w="70" /><ent r="4" t="16" w="79" /><ent r="4" t="16" w="79" /><ent r="65" t="16" w="244" /><ent r="65" t="16" w="244" /><ent r="4" t="16" w="1038" /><ent r="4" t="16" w="1038" /><ent r="68" t="16" w="1164" /><ent r="68" t="16" w="1164" /><ent r="68" t="16" w="1278" /><ent r="68" t="16" w="1278" /><ent r="66" t="31" w="43" /><ent r="66" t="31" w="43" /><ent r="92" t="31" w="150" /><ent r="92" t="31" w="150" /><ent r="3" t="31" w="155" /><ent r="3" t="31" w="155" /><ent r="64" t="31" w="879" /><ent r="64" t="31" w="879" /><ent r="64" t="31" w="1017" /><ent r="64" t="31" w="1017" /><ent r="100" t="31" w="1022" /><ent r="7" t="31" w="1238" /><ent r="7" t="31" w="1238" /><ent r="64" t="31" w="1359" /><ent r="64" t="31" w="1359" /><ent r="100" t="31" w="1369" /><ent r="100" t="31" w="1372" /><ent r="100" t="31" w="1432" /></phr></stem></index>