<?xml version="1.0" encoding="utf-8"?><index><stem n="esm"><phr n="ESM"><ent r="3" t="0" w="31" /><ent r="3" t="0" w="63" /><ent r="3" t="0" w="63" /><ent r="100" t="1" w="11" /><ent r="100" t="1" w="11" /><ent r="6" t="3" w="941" /><ent r="6" t="3" w="941" /><ent r="67" t="3" w="968" /><ent r="67" t="3" w="968" /><ent r="7" t="3" w="1260" /><ent r="7" t="3" w="1260" /><ent r="7" t="3" w="1278" /><ent r="7" t="3" w="1278" /><ent r="7" t="3" w="1293" /><ent r="7" t="3" w="1360" /><ent r="7" t="3" w="1360" /><ent r="64" t="4" w="127" /><ent r="64" t="4" w="127" /><ent r="100" t="5" w="15" /><ent r="100" t="5" w="15" /><ent r="100" t="5" w="18" /><ent r="100" t="5" w="18" /><ent r="64" t="6" w="342" /><ent r="64" t="6" w="342" /><ent r="64" t="7" w="398" /><ent r="64" t="7" w="398" /><ent r="100" t="8" w="9" /><ent r="100" t="8" w="9" /><ent r="3" t="12" w="178" /><ent r="3" t="12" w="178" /><ent r="64" t="12" w="194" /><ent r="64" t="12" w="194" /><ent r="5" t="12" w="283" /><ent r="5" t="12" w="283" /><ent r="65" t="12" w="350" /><ent r="65" t="12" w="350" /><ent r="1000" t="13" w="3" /><ent r="1000" t="13" w="3" /><ent r="100" t="13" w="19" /><ent r="100" t="13" w="19" /><ent r="102" t="13" w="28" /><ent r="102" t="13" w="28" /><ent r="3" t="13" w="149" /><ent r="3" t="13" w="149" /><ent r="3" t="13" w="175" /><ent r="3" t="13" w="175" /><ent r="3" t="13" w="224" /><ent r="3" t="13" w="224" /><ent r="3" t="13" w="250" /><ent r="3" t="13" w="250" /><ent r="100" t="14" w="26" /><ent r="100" t="14" w="26" /><ent r="3" t="14" w="45" /><ent r="3" t="14" w="64" /><ent r="3" t="14" w="64" /><ent r="5" t="14" w="366" /><ent r="5" t="14" w="366" /><ent r="4" t="14" w="374" /><ent r="4" t="14" w="374" /><ent r="4" t="14" w="390" /><ent r="4" t="14" w="390" /><ent r="4" t="14" w="440" /><ent r="4" t="14" w="440" /><ent r="9" t="16" w="605" /><ent r="9" t="16" w="605" /><ent r="3" t="17" w="180" /><ent r="4" t="19" w="264" /><ent r="4" t="19" w="264" /><ent r="4" t="19" w="298" /><ent r="4" t="19" w="298" /><ent r="64" t="19" w="322" /><ent r="64" t="19" w="322" /><ent r="4" t="19" w="332" /><ent r="4" t="19" w="332" /><ent r="64" t="22" w="148" /><ent r="64" t="22" w="148" /><ent r="64" t="23" w="134" /><ent r="64" t="23" w="134" /><ent r="7" t="31" w="1236" /><ent r="3" t="31" w="1557" /><ent r="3" t="31" w="1557" /><ent r="3" t="34" w="79" /><ent r="3" t="34" w="79" /><ent r="64" t="34" w="147" /><ent r="64" t="34" w="147" /><ent r="6" t="41" w="259" /><ent r="6" t="41" w="259" /><ent r="4" t="42" w="264" /><ent r="4" t="42" w="264" /><ent r="64" t="44" w="231" /><ent r="64" t="44" w="231" /><ent r="1000" t="45" w="5" /><ent r="1000" t="45" w="5" /><ent r="100" t="45" w="11" /><ent r="100" t="45" w="11" /><ent r="102" t="45" w="20" /><ent r="102" t="45" w="20" /><ent r="7" t="45" w="95" /><ent r="7" t="45" w="95" /><ent r="7" t="45" w="175" /><ent r="7" t="45" w="203" /><ent r="7" t="45" w="203" /><ent r="7" t="45" w="213" /><ent r="7" t="45" w="318" /><ent r="7" t="45" w="399" /><ent r="1000" t="46" w="3" /><ent r="1000" t="46" w="3" /><ent r="100" t="46" w="8" /><ent r="100" t="46" w="8" /><ent r="102" t="46" w="16" /><ent r="102" t="46" w="16" /><ent r="5" t="46" w="230" /><ent r="5" t="46" w="230" /><ent r="5" t="46" w="369" /><ent r="5" t="46" w="392" /></phr><phr n="esm"><ent r="9" t="16" w="470" /></phr></stem><stem n="make"><phr n="makes"><ent r="3" t="0" w="32" /><ent r="3" t="0" w="32" /><ent r="3" t="0" w="62" /><ent r="3" t="0" w="62" /><ent r="4" t="17" w="727" /><ent r="4" t="17" w="727" /><ent r="4" t="17" w="742" /><ent r="4" t="17" w="742" /><ent r="7" t="36" w="1004" /><ent r="7" t="36" w="1004" /></phr><phr n="make"><ent r="4" t="7" w="211" /><ent r="4" t="7" w="211" /><ent r="3" t="10" w="36" /><ent r="3" t="10" w="36" /><ent r="4" t="26" w="282" /><ent r="4" t="26" w="282" /><ent r="3" t="34" w="409" /><ent r="3" t="34" w="409" /></phr><phr n="Make"><ent r="4" t="17" w="451" /><ent r="4" t="17" w="451" /></phr><phr n="making"><ent r="7" t="36" w="1027" /><ent r="7" t="36" w="1027" /></phr></stem><stem n="akes"><phr n="makes"><ent r="3" t="0" w="32" /><ent r="3" t="0" w="32" /><ent r="3" t="0" w="62" /><ent r="3" t="0" w="62" /><ent r="4" t="17" w="727" /><ent r="4" t="17" w="727" /><ent r="4" t="17" w="742" /><ent r="4" t="17" w="742" /><ent r="7" t="36" w="1004" /><ent r="7" t="36" w="1004" /></phr><phr n="takes"><ent r="7" t="31" w="260" /><ent r="7" t="31" w="260" /><ent r="7" t="36" w="1131" /><ent r="7" t="36" w="1131" /></phr></stem><stem n="makes"><phr n="makes"><ent r="3" t="0" w="32" /><ent r="3" t="0" w="32" /><ent r="3" t="0" w="62" /><ent r="3" t="0" w="62" /><ent r="4" t="17" w="727" /><ent r="4" t="17" w="727" /><ent r="4" t="17" w="742" /><ent r="4" t="17" w="742" /><ent r="7" t="36" w="1004" /><ent r="7" t="36" w="1004" /></phr></stem><stem n="possibl"><phr n="possible"><ent r="3" t="0" w="34" /><ent r="3" t="0" w="34" /><ent r="3" t="5" w="50" /><ent r="3" t="5" w="50" /><ent r="7" t="15" w="573" /><ent r="7" t="15" w="573" /><ent r="3" t="17" w="289" /><ent r="3" t="17" w="289" /><ent r="3" t="31" w="1165" /><ent r="3" t="31" w="1165" /><ent r="3" t="34" w="97" /><ent r="3" t="34" w="123" /><ent r="3" t="34" w="123" /></phr></stem><stem n="poss"><phr n="possible"><ent r="3" t="0" w="34" /><ent r="3" t="0" w="34" /><ent r="3" t="5" w="50" /><ent r="3" t="5" w="50" /><ent r="7" t="15" w="573" /><ent r="7" t="15" w="573" /><ent r="3" t="17" w="289" /><ent r="3" t="17" w="289" /><ent r="3" t="31" w="1165" /><ent r="3" t="31" w="1165" /><ent r="3" t="34" w="97" /><ent r="3" t="34" w="123" /><ent r="3" t="34" w="123" /></phr></stem><stem n="ible"><phr n="possible"><ent r="3" t="0" w="34" /><ent r="3" t="0" w="34" /><ent r="3" t="5" w="50" /><ent r="3" t="5" w="50" /><ent r="7" t="15" w="573" /><ent r="7" t="15" w="573" /><ent r="3" t="17" w="289" /><ent r="3" t="17" w="289" /><ent r="3" t="31" w="1165" /><ent r="3" t="31" w="1165" /><ent r="3" t="34" w="97" /><ent r="3" t="34" w="123" /><ent r="3" t="34" w="123" /></phr><phr n="visible"><ent r="4" t="3" w="405" /><ent r="4" t="3" w="405" /><ent r="6" t="3" w="614" /><ent r="6" t="3" w="614" /><ent r="6" t="3" w="1065" /><ent r="3" t="27" w="517" /><ent r="3" t="27" w="517" /><ent r="4" t="44" w="164" /><ent r="4" t="44" w="164" /></phr><phr n="accessible"><ent r="3" t="4" w="28" /><ent r="3" t="4" w="28" /><ent r="7" t="36" w="289" /><ent r="7" t="36" w="289" /></phr><phr n="responsible"><ent r="3" t="6" w="90" /><ent r="3" t="6" w="90" /></phr><phr n="compatible"><ent r="3" t="17" w="167" /><ent r="3" t="17" w="167" /></phr><phr n="Collapsible"><ent r="4" t="31" w="1096" /><ent r="4" t="31" w="1096" /></phr></stem><stem n="ossi"><phr n="possible"><ent r="3" t="0" w="34" /><ent r="3" t="0" w="34" /><ent r="3" t="5" w="50" /><ent r="3" t="5" w="50" /><ent r="7" t="15" w="573" /><ent r="7" t="15" w="573" /><ent r="3" t="17" w="289" /><ent r="3" t="17" w="289" /><ent r="3" t="31" w="1165" /><ent r="3" t="31" w="1165" /><ent r="3" t="34" w="97" /><ent r="3" t="34" w="123" /><ent r="3" t="34" w="123" /></phr></stem><stem n="ssib"><phr n="possible"><ent r="3" t="0" w="34" /><ent r="3" t="0" w="34" /><ent r="3" t="5" w="50" /><ent r="3" t="5" w="50" /><ent r="7" t="15" w="573" /><ent r="7" t="15" w="573" /><ent r="3" t="17" w="289" /><ent r="3" t="17" w="289" /><ent r="3" t="31" w="1165" /><ent r="3" t="31" w="1165" /><ent r="3" t="34" w="97" /><ent r="3" t="34" w="123" /><ent r="3" t="34" w="123" /></phr><phr n="accessible"><ent r="3" t="4" w="28" /><ent r="3" t="4" w="28" /><ent r="7" t="36" w="289" /><ent r="7" t="36" w="289" /></phr></stem><stem n="sibl"><phr n="possible"><ent r="3" t="0" w="34" /><ent r="3" t="0" w="34" /><ent r="3" t="5" w="50" /><ent r="3" t="5" w="50" /><ent r="7" t="15" w="573" /><ent r="7" t="15" w="573" /><ent r="3" t="17" w="289" /><ent r="3" t="17" w="289" /><ent r="3" t="31" w="1165" /><ent r="3" t="31" w="1165" /><ent r="3" t="34" w="97" /><ent r="3" t="34" w="123" /><ent r="3" t="34" w="123" /></phr><phr n="visible"><ent r="4" t="3" w="405" /><ent r="4" t="3" w="405" /><ent r="6" t="3" w="614" /><ent r="6" t="3" w="614" /><ent r="6" t="3" w="1065" /><ent r="3" t="27" w="517" /><ent r="3" t="27" w="517" /><ent r="4" t="44" w="164" /><ent r="4" t="44" w="164" /></phr><phr n="accessible"><ent r="3" t="4" w="28" /><ent r="3" t="4" w="28" /><ent r="7" t="36" w="289" /><ent r="7" t="36" w="289" /></phr><phr n="responsible"><ent r="3" t="6" w="90" /><ent r="3" t="6" w="90" /></phr><phr n="Collapsible"><ent r="4" t="31" w="1096" /><ent r="4" t="31" w="1096" /></phr></stem><stem n="possi"><phr n="possible"><ent r="3" t="0" w="34" /><ent r="3" t="0" w="34" /><ent r="3" t="5" w="50" /><ent r="3" t="5" w="50" /><ent r="7" t="15" w="573" /><ent r="7" t="15" w="573" /><ent r="3" t="17" w="289" /><ent r="3" t="17" w="289" /><ent r="3" t="31" w="1165" /><ent r="3" t="31" w="1165" /><ent r="3" t="34" w="97" /><ent r="3" t="34" w="123" /><ent r="3" t="34" w="123" /></phr></stem><stem n="ossib"><phr n="possible"><ent r="3" t="0" w="34" /><ent r="3" t="0" w="34" /><ent r="3" t="5" w="50" /><ent r="3" t="5" w="50" /><ent r="7" t="15" w="573" /><ent r="7" t="15" w="573" /><ent r="3" t="17" w="289" /><ent r="3" t="17" w="289" /><ent r="3" t="31" w="1165" /><ent r="3" t="31" w="1165" /><ent r="3" t="34" w="97" /><ent r="3" t="34" w="123" /><ent r="3" t="34" w="123" /></phr></stem><stem n="ssibl"><phr n="possible"><ent r="3" t="0" w="34" /><ent r="3" t="0" w="34" /><ent r="3" t="5" w="50" /><ent r="3" t="5" w="50" /><ent r="7" t="15" w="573" /><ent r="7" t="15" w="573" /><ent r="3" t="17" w="289" /><ent r="3" t="17" w="289" /><ent r="3" t="31" w="1165" /><ent r="3" t="31" w="1165" /><ent r="3" t="34" w="97" /><ent r="3" t="34" w="123" /><ent r="3" t="34" w="123" /></phr><phr n="accessible"><ent r="3" t="4" w="28" /><ent r="3" t="4" w="28" /><ent r="7" t="36" w="289" /><ent r="7" t="36" w="289" /></phr></stem><stem n="sible"><phr n="possible"><ent r="3" t="0" w="34" /><ent r="3" t="0" w="34" /><ent r="3" t="5" w="50" /><ent r="3" t="5" w="50" /><ent r="7" t="15" w="573" /><ent r="7" t="15" w="573" /><ent r="3" t="17" w="289" /><ent r="3" t="17" w="289" /><ent r="3" t="31" w="1165" /><ent r="3" t="31" w="1165" /><ent r="3" t="34" w="97" /><ent r="3" t="34" w="123" /><ent r="3" t="34" w="123" /></phr><phr n="visible"><ent r="4" t="3" w="405" /><ent r="4" t="3" w="405" /><ent r="6" t="3" w="614" /><ent r="6" t="3" w="614" /><ent r="6" t="3" w="1065" /><ent r="3" t="27" w="517" /><ent r="3" t="27" w="517" /><ent r="4" t="44" w="164" /><ent r="4" t="44" w="164" /></phr><phr n="accessible"><ent r="3" t="4" w="28" /><ent r="3" t="4" w="28" /><ent r="7" t="36" w="289" /><ent r="7" t="36" w="289" /></phr><phr n="responsible"><ent r="3" t="6" w="90" /><ent r="3" t="6" w="90" /></phr><phr n="Collapsible"><ent r="4" t="31" w="1096" /><ent r="4" t="31" w="1096" /></phr></stem><stem n="possib"><phr n="possible"><ent r="3" t="0" w="34" /><ent r="3" t="0" w="34" /><ent r="3" t="5" w="50" /><ent r="3" t="5" w="50" /><ent r="7" t="15" w="573" /><ent r="7" t="15" w="573" /><ent r="3" t="17" w="289" /><ent r="3" t="17" w="289" /><ent r="3" t="31" w="1165" /><ent r="3" t="31" w="1165" /><ent r="3" t="34" w="97" /><ent r="3" t="34" w="123" /><ent r="3" t="34" w="123" /></phr></stem><stem n="ossibl"><phr n="possible"><ent r="3" t="0" w="34" /><ent r="3" t="0" w="34" /><ent r="3" t="5" w="50" /><ent r="3" t="5" w="50" /><ent r="7" t="15" w="573" /><ent r="7" t="15" w="573" /><ent r="3" t="17" w="289" /><ent r="3" t="17" w="289" /><ent r="3" t="31" w="1165" /><ent r="3" t="31" w="1165" /><ent r="3" t="34" w="97" /><ent r="3" t="34" w="123" /><ent r="3" t="34" w="123" /></phr></stem><stem n="ssible"><phr n="possible"><ent r="3" t="0" w="34" /><ent r="3" t="0" w="34" /><ent r="3" t="5" w="50" /><ent r="3" t="5" w="50" /><ent r="7" t="15" w="573" /><ent r="7" t="15" w="573" /><ent r="3" t="17" w="289" /><ent r="3" t="17" w="289" /><ent r="3" t="31" w="1165" /><ent r="3" t="31" w="1165" /><ent r="3" t="34" w="97" /><ent r="3" t="34" w="123" /><ent r="3" t="34" w="123" /></phr><phr n="accessible"><ent r="3" t="4" w="28" /><ent r="3" t="4" w="28" /><ent r="7" t="36" w="289" /><ent r="7" t="36" w="289" /></phr></stem><stem n="ossible"><phr n="possible"><ent r="3" t="0" w="34" /><ent r="3" t="0" w="34" /><ent r="3" t="5" w="50" /><ent r="3" t="5" w="50" /><ent r="7" t="15" w="573" /><ent r="7" t="15" w="573" /><ent r="3" t="17" w="289" /><ent r="3" t="17" w="289" /><ent r="3" t="31" w="1165" /><ent r="3" t="31" w="1165" /><ent r="3" t="34" w="97" /><ent r="3" t="34" w="123" /><ent r="3" t="34" w="123" /></phr></stem><stem n="possible"><phr n="possible"><ent r="3" t="0" w="34" /><ent r="3" t="0" w="34" /><ent r="3" t="5" w="50" /><ent r="3" t="5" w="50" /><ent r="7" t="15" w="573" /><ent r="7" t="15" w="573" /><ent r="3" t="17" w="289" /><ent r="3" t="17" w="289" /><ent r="3" t="31" w="1165" /><ent r="3" t="31" w="1165" /><ent r="3" t="34" w="97" /><ent r="3" t="34" w="123" /><ent r="3" t="34" w="123" /></phr></stem><stem n="gatewai"><phr n="Gateway"><ent r="3" t="0" w="38" /><ent r="3" t="0" w="38" /><ent r="4" t="2" w="73" /><ent r="4" t="2" w="73" /><ent r="3" t="3" w="39" /><ent r="3" t="3" w="39" /><ent r="4" t="3" w="256" /><ent r="4" t="3" w="256" /><ent r="65" t="3" w="277" /><ent r="65" t="3" w="277" /><ent r="3" t="3" w="375" /><ent r="3" t="3" w="375" /><ent r="4" t="3" w="398" /><ent r="4" t="3" w="398" /><ent r="6" t="3" w="515" /><ent r="6" t="3" w="515" /><ent r="6" t="3" w="533" /><ent r="6" t="3" w="533" /><ent r="6" t="3" w="573" /><ent r="6" t="3" w="738" /><ent r="6" t="3" w="738" /><ent r="67" t="3" w="801" /><ent r="67" t="3" w="801" /><ent r="6" t="3" w="914" /><ent r="6" t="3" w="914" /><ent r="6" t="3" w="935" /><ent r="6" t="3" w="935" /><ent r="8" t="3" w="1107" /><ent r="8" t="3" w="1107" /><ent r="7" t="3" w="1111" /><ent r="7" t="3" w="1111" /><ent r="8" t="3" w="1115" /><ent r="8" t="3" w="1115" /><ent r="7" t="3" w="1123" /><ent r="6" t="3" w="1131" /><ent r="6" t="3" w="1131" /><ent r="7" t="3" w="1165" /><ent r="7" t="3" w="1165" /><ent r="7" t="3" w="1351" /><ent r="7" t="3" w="1351" /><ent r="4" t="4" w="185" /><ent r="4" t="4" w="185" /><ent r="3" t="5" w="42" /><ent r="3" t="5" w="42" /><ent r="4" t="5" w="95" /><ent r="4" t="5" w="95" /><ent r="4" t="5" w="105" /><ent r="4" t="5" w="105" /><ent r="5" t="5" w="117" /><ent r="5" t="5" w="117" /><ent r="4" t="5" w="203" /><ent r="4" t="5" w="203" /><ent r="4" t="6" w="158" /><ent r="4" t="6" w="158" /><ent r="4" t="6" w="183" /><ent r="4" t="6" w="183" /><ent r="64" t="6" w="265" /><ent r="64" t="6" w="265" /><ent r="3" t="7" w="58" /><ent r="3" t="7" w="58" /><ent r="4" t="7" w="107" /><ent r="4" t="7" w="107" /><ent r="4" t="7" w="116" /><ent r="4" t="7" w="116" /><ent r="65" t="7" w="128" /><ent r="65" t="7" w="128" /><ent r="4" t="7" w="144" /><ent r="4" t="7" w="144" /><ent r="4" t="7" w="154" /><ent r="4" t="7" w="154" /><ent r="3" t="8" w="214" /><ent r="3" t="8" w="214" /><ent r="100" t="9" w="21" /><ent r="3" t="9" w="36" /><ent r="3" t="9" w="36" /><ent r="4" t="9" w="133" /><ent r="4" t="9" w="133" /><ent r="4" t="9" w="147" /><ent r="4" t="9" w="147" /><ent r="4" t="9" w="364" /><ent r="4" t="9" w="364" /><ent r="3" t="9" w="401" /><ent r="3" t="9" w="401" /><ent r="64" t="9" w="413" /><ent r="64" t="9" w="413" /><ent r="3" t="10" w="29" /><ent r="3" t="10" w="29" /><ent r="1000" t="11" w="3" /><ent r="1000" t="11" w="3" /><ent r="100" t="11" w="10" /><ent r="100" t="11" w="10" /><ent r="100" t="11" w="18" /><ent r="100" t="11" w="18" /><ent r="102" t="11" w="28" /><ent r="102" t="11" w="28" /><ent r="3" t="11" w="46" /><ent r="3" t="11" w="46" /><ent r="3" t="11" w="98" /><ent r="3" t="11" w="98" /><ent r="4" t="11" w="175" /><ent r="4" t="11" w="175" /><ent r="4" t="11" w="192" /><ent r="4" t="11" w="219" /><ent r="4" t="11" w="219" /><ent r="3" t="11" w="226" /><ent r="3" t="11" w="226" /><ent r="4" t="11" w="268" /><ent r="4" t="11" w="268" /><ent r="4" t="11" w="396" /><ent r="4" t="11" w="396" /><ent r="3" t="12" w="28" /><ent r="3" t="12" w="28" /><ent r="3" t="12" w="156" /><ent r="3" t="12" w="156" /><ent r="3" t="12" w="186" /><ent r="3" t="12" w="278" /><ent r="3" t="12" w="278" /><ent r="4" t="12" w="323" /><ent r="4" t="12" w="323" /><ent r="4" t="12" w="338" /><ent r="4" t="12" w="338" /><ent r="3" t="12" w="416" /><ent r="3" t="12" w="416" /><ent r="3" t="12" w="436" /><ent r="3" t="12" w="436" /><ent r="3" t="13" w="49" /><ent r="3" t="13" w="49" /><ent r="3" t="13" w="60" /><ent r="3" t="13" w="60" /><ent r="3" t="13" w="143" /><ent r="3" t="13" w="143" /><ent r="3" t="13" w="163" /><ent r="3" t="13" w="163" /><ent r="3" t="13" w="194" /><ent r="3" t="13" w="194" /><ent r="3" t="13" w="254" /><ent r="3" t="13" w="254" /><ent r="3" t="13" w="326" /><ent r="3" t="13" w="326" /><ent r="4" t="13" w="341" /><ent r="4" t="13" w="341" /><ent r="3" t="13" w="364" /><ent r="3" t="13" w="364" /><ent r="3" t="13" w="377" /><ent r="3" t="13" w="377" /><ent r="4" t="13" w="409" /><ent r="4" t="13" w="409" /><ent r="100" t="14" w="23" /><ent r="3" t="14" w="181" /><ent r="3" t="14" w="181" /><ent r="4" t="14" w="249" /><ent r="4" t="14" w="249" /><ent r="4" t="14" w="269" /><ent r="4" t="14" w="269" /><ent r="4" t="14" w="277" /><ent r="4" t="14" w="277" /><ent r="4" t="14" w="293" /><ent r="4" t="14" w="293" /><ent r="4" t="14" w="339" /><ent r="4" t="14" w="339" /><ent r="3" t="14" w="509" /><ent r="3" t="14" w="509" /><ent r="3" t="15" w="105" /><ent r="3" t="15" w="105" /><ent r="8" t="15" w="237" /><ent r="8" t="15" w="237" /><ent r="3" t="17" w="36" /><ent r="3" t="17" w="36" /><ent r="3" t="17" w="66" /><ent r="3" t="17" w="143" /><ent r="3" t="17" w="194" /><ent r="3" t="17" w="194" /><ent r="4" t="17" w="312" /><ent r="4" t="17" w="312" /><ent r="4" t="17" w="442" /><ent r="4" t="17" w="442" /><ent r="4" t="19" w="243" /><ent r="4" t="19" w="243" /><ent r="4" t="19" w="258" /><ent r="4" t="19" w="258" /><ent r="4" t="19" w="277" /><ent r="4" t="19" w="277" /><ent r="4" t="19" w="292" /><ent r="4" t="19" w="292" /><ent r="4" t="22" w="48" /><ent r="4" t="22" w="48" /><ent r="64" t="22" w="59" /><ent r="64" t="22" w="59" /><ent r="3" t="22" w="121" /><ent r="3" t="22" w="121" /><ent r="3" t="23" w="122" /><ent r="3" t="23" w="122" /><ent r="5" t="26" w="220" /><ent r="5" t="26" w="220" /><ent r="5" t="27" w="381" /><ent r="5" t="27" w="381" /><ent r="3" t="27" w="570" /><ent r="3" t="27" w="584" /><ent r="3" t="27" w="584" /><ent r="6" t="29" w="101" /><ent r="6" t="29" w="101" /><ent r="6" t="29" w="203" /><ent r="6" t="29" w="203" /><ent r="100" t="30" w="10" /><ent r="3" t="31" w="31" /><ent r="3" t="31" w="31" /><ent r="7" t="31" w="244" /><ent r="7" t="31" w="244" /><ent r="7" t="31" w="268" /><ent r="7" t="31" w="268" /><ent r="7" t="31" w="331" /><ent r="7" t="31" w="331" /><ent r="4" t="31" w="937" /><ent r="4" t="31" w="937" /><ent r="64" t="31" w="962" /><ent r="64" t="31" w="962" /><ent r="7" t="31" w="1202" /><ent r="7" t="31" w="1202" /><ent r="7" t="31" w="1298" /><ent r="7" t="31" w="1298" /><ent r="6" t="32" w="209" /><ent r="6" t="32" w="209" /><ent r="6" t="32" w="280" /><ent r="6" t="32" w="280" /><ent r="67" t="32" w="292" /><ent r="67" t="32" w="292" /><ent r="6" t="32" w="694" /><ent r="6" t="32" w="694" /><ent r="6" t="32" w="718" /><ent r="6" t="32" w="718" /><ent r="6" t="32" w="752" /><ent r="6" t="32" w="752" /><ent r="6" t="32" w="804" /><ent r="6" t="32" w="804" /><ent r="3" t="33" w="28" /><ent r="3" t="33" w="28" /><ent r="3" t="34" w="16" /><ent r="3" t="34" w="16" /><ent r="3" t="34" w="87" /><ent r="3" t="34" w="87" /><ent r="3" t="34" w="130" /><ent r="3" t="34" w="130" /><ent r="4" t="34" w="360" /><ent r="4" t="34" w="360" /><ent r="3" t="34" w="737" /><ent r="3" t="34" w="737" /><ent r="3" t="36" w="30" /><ent r="3" t="36" w="30" /><ent r="8" t="36" w="510" /><ent r="8" t="36" w="510" /><ent r="7" t="36" w="519" /><ent r="7" t="36" w="519" /><ent r="8" t="36" w="638" /><ent r="8" t="36" w="638" /><ent r="6" t="36" w="1657" /><ent r="6" t="36" w="1657" /><ent r="7" t="38" w="243" /><ent r="7" t="38" w="243" /><ent r="3" t="42" w="252" /><ent r="3" t="42" w="252" /><ent r="4" t="44" w="113" /><ent r="4" t="44" w="113" /><ent r="5" t="44" w="133" /><ent r="5" t="44" w="133" /><ent r="3" t="44" w="219" /><ent r="3" t="44" w="219" /><ent r="6" t="44" w="281" /><ent r="6" t="44" w="281" /><ent r="67" t="44" w="293" /><ent r="67" t="44" w="293" /><ent r="6" t="44" w="464" /><ent r="6" t="44" w="464" /><ent r="6" t="44" w="504" /><ent r="6" t="44" w="504" /><ent r="3" t="45" w="34" /><ent r="3" t="45" w="34" /><ent r="7" t="45" w="80" /><ent r="7" t="45" w="80" /><ent r="7" t="45" w="100" /><ent r="7" t="45" w="100" /><ent r="8" t="45" w="151" /><ent r="8" t="45" w="151" /><ent r="7" t="45" w="194" /><ent r="7" t="45" w="194" /><ent r="7" t="45" w="227" /><ent r="7" t="45" w="227" /><ent r="7" t="45" w="252" /><ent r="7" t="45" w="275" /><ent r="7" t="45" w="275" /><ent r="7" t="45" w="297" /><ent r="7" t="45" w="297" /><ent r="7" t="45" w="310" /><ent r="7" t="45" w="310" /><ent r="7" t="45" w="323" /><ent r="7" t="45" w="323" /><ent r="7" t="45" w="334" /><ent r="7" t="45" w="334" /><ent r="8" t="45" w="362" /><ent r="8" t="45" w="362" /><ent r="7" t="45" w="381" /><ent r="7" t="45" w="381" /><ent r="7" t="45" w="394" /><ent r="7" t="45" w="394" /><ent r="7" t="45" w="422" /><ent r="7" t="45" w="422" /><ent r="7" t="45" w="441" /><ent r="7" t="45" w="441" /><ent r="4" t="46" w="137" /><ent r="4" t="46" w="137" /><ent r="4" t="46" w="147" /><ent r="4" t="46" w="147" /><ent r="4" t="46" w="400" /><ent r="4" t="46" w="400" /></phr><phr n="Gateways"><ent r="3" t="0" w="142" /><ent r="3" t="0" w="142" /><ent r="3" t="0" w="156" /><ent r="5" t="2" w="66" /><ent r="65" t="2" w="82" /><ent r="4" t="11" w="118" /><ent r="65" t="15" w="127" /><ent r="65" t="15" w="146" /><ent r="65" t="15" w="146" /><ent r="1000" t="30" w="2" /><ent r="100" t="30" w="6" /><ent r="100" t="30" w="6" /><ent r="102" t="30" w="14" /><ent r="3" t="30" w="19" /><ent r="3" t="30" w="28" /><ent r="3" t="30" w="28" /><ent r="3" t="30" w="40" /><ent r="64" t="31" w="22" /><ent r="66" t="31" w="65" /><ent r="66" t="31" w="65" /><ent r="92" t="31" w="883" /><ent r="92" t="31" w="883" /><ent r="3" t="31" w="888" /><ent r="3" t="31" w="888" /><ent r="64" t="32" w="36" /><ent r="64" t="33" w="43" /></phr></stem><stem n="gate"><phr n="Gateway"><ent r="3" t="0" w="38" /><ent r="3" t="0" w="38" /><ent r="4" t="2" w="73" /><ent r="4" t="2" w="73" /><ent r="3" t="3" w="39" /><ent r="3" t="3" w="39" /><ent r="4" t="3" w="256" /><ent r="4" t="3" w="256" /><ent r="65" t="3" w="277" /><ent r="65" t="3" w="277" /><ent r="3" t="3" w="375" /><ent r="3" t="3" w="375" /><ent r="4" t="3" w="398" /><ent r="4" t="3" w="398" /><ent r="6" t="3" w="515" /><ent r="6" t="3" w="515" /><ent r="6" t="3" w="533" /><ent r="6" t="3" w="533" /><ent r="6" t="3" w="573" /><ent r="6" t="3" w="738" /><ent r="6" t="3" w="738" /><ent r="67" t="3" w="801" /><ent r="67" t="3" w="801" /><ent r="6" t="3" w="914" /><ent r="6" t="3" w="914" /><ent r="6" t="3" w="935" /><ent r="6" t="3" w="935" /><ent r="8" t="3" w="1107" /><ent r="8" t="3" w="1107" /><ent r="7" t="3" w="1111" /><ent r="7" t="3" w="1111" /><ent r="8" t="3" w="1115" /><ent r="8" t="3" w="1115" /><ent r="7" t="3" w="1123" /><ent r="6" t="3" w="1131" /><ent r="6" t="3" w="1131" /><ent r="7" t="3" w="1165" /><ent r="7" t="3" w="1165" /><ent r="7" t="3" w="1351" /><ent r="7" t="3" w="1351" /><ent r="4" t="4" w="185" /><ent r="4" t="4" w="185" /><ent r="3" t="5" w="42" /><ent r="3" t="5" w="42" /><ent r="4" t="5" w="95" /><ent r="4" t="5" w="95" /><ent r="4" t="5" w="105" /><ent r="4" t="5" w="105" /><ent r="5" t="5" w="117" /><ent r="5" t="5" w="117" /><ent r="4" t="5" w="203" /><ent r="4" t="5" w="203" /><ent r="4" t="6" w="158" /><ent r="4" t="6" w="158" /><ent r="4" t="6" w="183" /><ent r="4" t="6" w="183" /><ent r="64" t="6" w="265" /><ent r="64" t="6" w="265" /><ent r="3" t="7" w="58" /><ent r="3" t="7" w="58" /><ent r="4" t="7" w="107" /><ent r="4" t="7" w="107" /><ent r="4" t="7" w="116" /><ent r="4" t="7" w="116" /><ent r="65" t="7" w="128" /><ent r="65" t="7" w="128" /><ent r="4" t="7" w="144" /><ent r="4" t="7" w="144" /><ent r="4" t="7" w="154" /><ent r="4" t="7" w="154" /><ent r="3" t="8" w="214" /><ent r="3" t="8" w="214" /><ent r="100" t="9" w="21" /><ent r="3" t="9" w="36" /><ent r="3" t="9" w="36" /><ent r="4" t="9" w="133" /><ent r="4" t="9" w="133" /><ent r="4" t="9" w="147" /><ent r="4" t="9" w="147" /><ent r="4" t="9" w="364" /><ent r="4" t="9" w="364" /><ent r="3" t="9" w="401" /><ent r="3" t="9" w="401" /><ent r="64" t="9" w="413" /><ent r="64" t="9" w="413" /><ent r="3" t="10" w="29" /><ent r="3" t="10" w="29" /><ent r="1000" t="11" w="3" /><ent r="1000" t="11" w="3" /><ent r="100" t="11" w="10" /><ent r="100" t="11" w="10" /><ent r="100" t="11" w="18" /><ent r="100" t="11" w="18" /><ent r="102" t="11" w="28" /><ent r="102" t="11" w="28" /><ent r="3" t="11" w="46" /><ent r="3" t="11" w="46" /><ent r="3" t="11" w="98" /><ent r="3" t="11" w="98" /><ent r="4" t="11" w="175" /><ent r="4" t="11" w="175" /><ent r="4" t="11" w="192" /><ent r="4" t="11" w="219" /><ent r="4" t="11" w="219" /><ent r="3" t="11" w="226" /><ent r="3" t="11" w="226" /><ent r="4" t="11" w="268" /><ent r="4" t="11" w="268" /><ent r="4" t="11" w="396" /><ent r="4" t="11" w="396" /><ent r="3" t="12" w="28" /><ent r="3" t="12" w="28" /><ent r="3" t="12" w="156" /><ent r="3" t="12" w="156" /><ent r="3" t="12" w="186" /><ent r="3" t="12" w="278" /><ent r="3" t="12" w="278" /><ent r="4" t="12" w="323" /><ent r="4" t="12" w="323" /><ent r="4" t="12" w="338" /><ent r="4" t="12" w="338" /><ent r="3" t="12" w="416" /><ent r="3" t="12" w="416" /><ent r="3" t="12" w="436" /><ent r="3" t="12" w="436" /><ent r="3" t="13" w="49" /><ent r="3" t="13" w="49" /><ent r="3" t="13" w="60" /><ent r="3" t="13" w="60" /><ent r="3" t="13" w="143" /><ent r="3" t="13" w="143" /><ent r="3" t="13" w="163" /><ent r="3" t="13" w="163" /><ent r="3" t="13" w="194" /><ent r="3" t="13" w="194" /><ent r="3" t="13" w="254" /><ent r="3" t="13" w="254" /><ent r="3" t="13" w="326" /><ent r="3" t="13" w="326" /><ent r="4" t="13" w="341" /><ent r="4" t="13" w="341" /><ent r="3" t="13" w="364" /><ent r="3" t="13" w="364" /><ent r="3" t="13" w="377" /><ent r="3" t="13" w="377" /><ent r="4" t="13" w="409" /><ent r="4" t="13" w="409" /><ent r="100" t="14" w="23" /><ent r="3" t="14" w="181" /><ent r="3" t="14" w="181" /><ent r="4" t="14" w="249" /><ent r="4" t="14" w="249" /><ent r="4" t="14" w="269" /><ent r="4" t="14" w="269" /><ent r="4" t="14" w="277" /><ent r="4" t="14" w="277" /><ent r="4" t="14" w="293" /><ent r="4" t="14" w="293" /><ent r="4" t="14" w="339" /><ent r="4" t="14" w="339" /><ent r="3" t="14" w="509" /><ent r="3" t="14" w="509" /><ent r="3" t="15" w="105" /><ent r="3" t="15" w="105" /><ent r="8" t="15" w="237" /><ent r="8" t="15" w="237" /><ent r="3" t="17" w="36" /><ent r="3" t="17" w="36" /><ent r="3" t="17" w="66" /><ent r="3" t="17" w="143" /><ent r="3" t="17" w="194" /><ent r="3" t="17" w="194" /><ent r="4" t="17" w="312" /><ent r="4" t="17" w="312" /><ent r="4" t="17" w="442" /><ent r="4" t="17" w="442" /><ent r="4" t="19" w="243" /><ent r="4" t="19" w="243" /><ent r="4" t="19" w="258" /><ent r="4" t="19" w="258" /><ent r="4" t="19" w="277" /><ent r="4" t="19" w="277" /><ent r="4" t="19" w="292" /><ent r="4" t="19" w="292" /><ent r="4" t="22" w="48" /><ent r="4" t="22" w="48" /><ent r="64" t="22" w="59" /><ent r="64" t="22" w="59" /><ent r="3" t="22" w="121" /><ent r="3" t="22" w="121" /><ent r="3" t="23" w="122" /><ent r="3" t="23" w="122" /><ent r="5" t="26" w="220" /><ent r="5" t="26" w="220" /><ent r="5" t="27" w="381" /><ent r="5" t="27" w="381" /><ent r="3" t="27" w="570" /><ent r="3" t="27" w="584" /><ent r="3" t="27" w="584" /><ent r="6" t="29" w="101" /><ent r="6" t="29" w="101" /><ent r="6" t="29" w="203" /><ent r="6" t="29" w="203" /><ent r="100" t="30" w="10" /><ent r="3" t="31" w="31" /><ent r="3" t="31" w="31" /><ent r="7" t="31" w="244" /><ent r="7" t="31" w="244" /><ent r="7" t="31" w="268" /><ent r="7" t="31" w="268" /><ent r="7" t="31" w="331" /><ent r="7" t="31" w="331" /><ent r="4" t="31" w="937" /><ent r="4" t="31" w="937" /><ent r="64" t="31" w="962" /><ent r="64" t="31" w="962" /><ent r="7" t="31" w="1202" /><ent r="7" t="31" w="1202" /><ent r="7" t="31" w="1298" /><ent r="7" t="31" w="1298" /><ent r="6" t="32" w="209" /><ent r="6" t="32" w="209" /><ent r="6" t="32" w="280" /><ent r="6" t="32" w="280" /><ent r="67" t="32" w="292" /><ent r="67" t="32" w="292" /><ent r="6" t="32" w="694" /><ent r="6" t="32" w="694" /><ent r="6" t="32" w="718" /><ent r="6" t="32" w="718" /><ent r="6" t="32" w="752" /><ent r="6" t="32" w="752" /><ent r="6" t="32" w="804" /><ent r="6" t="32" w="804" /><ent r="3" t="33" w="28" /><ent r="3" t="33" w="28" /><ent r="3" t="34" w="16" /><ent r="3" t="34" w="16" /><ent r="3" t="34" w="87" /><ent r="3" t="34" w="87" /><ent r="3" t="34" w="130" /><ent r="3" t="34" w="130" /><ent r="4" t="34" w="360" /><ent r="4" t="34" w="360" /><ent r="3" t="34" w="737" /><ent r="3" t="34" w="737" /><ent r="3" t="36" w="30" /><ent r="3" t="36" w="30" /><ent r="8" t="36" w="510" /><ent r="8" t="36" w="510" /><ent r="7" t="36" w="519" /><ent r="7" t="36" w="519" /><ent r="8" t="36" w="638" /><ent r="8" t="36" w="638" /><ent r="6" t="36" w="1657" /><ent r="6" t="36" w="1657" /><ent r="7" t="38" w="243" /><ent r="7" t="38" w="243" /><ent r="3" t="42" w="252" /><ent r="3" t="42" w="252" /><ent r="4" t="44" w="113" /><ent r="4" t="44" w="113" /><ent r="5" t="44" w="133" /><ent r="5" t="44" w="133" /><ent r="3" t="44" w="219" /><ent r="3" t="44" w="219" /><ent r="6" t="44" w="281" /><ent r="6" t="44" w="281" /><ent r="67" t="44" w="293" /><ent r="67" t="44" w="293" /><ent r="6" t="44" w="464" /><ent r="6" t="44" w="464" /><ent r="6" t="44" w="504" /><ent r="6" t="44" w="504" /><ent r="3" t="45" w="34" /><ent r="3" t="45" w="34" /><ent r="7" t="45" w="80" /><ent r="7" t="45" w="80" /><ent r="7" t="45" w="100" /><ent r="7" t="45" w="100" /><ent r="8" t="45" w="151" /><ent r="8" t="45" w="151" /><ent r="7" t="45" w="194" /><ent r="7" t="45" w="194" /><ent r="7" t="45" w="227" /><ent r="7" t="45" w="227" /><ent r="7" t="45" w="252" /><ent r="7" t="45" w="275" /><ent r="7" t="45" w="275" /><ent r="7" t="45" w="297" /><ent r="7" t="45" w="297" /><ent r="7" t="45" w="310" /><ent r="7" t="45" w="310" /><ent r="7" t="45" w="323" /><ent r="7" t="45" w="323" /><ent r="7" t="45" w="334" /><ent r="7" t="45" w="334" /><ent r="8" t="45" w="362" /><ent r="8" t="45" w="362" /><ent r="7" t="45" w="381" /><ent r="7" t="45" w="381" /><ent r="7" t="45" w="394" /><ent r="7" t="45" w="394" /><ent r="7" t="45" w="422" /><ent r="7" t="45" w="422" /><ent r="7" t="45" w="441" /><ent r="7" t="45" w="441" /><ent r="4" t="46" w="137" /><ent r="4" t="46" w="137" /><ent r="4" t="46" w="147" /><ent r="4" t="46" w="147" /><ent r="4" t="46" w="400" /><ent r="4" t="46" w="400" /></phr><phr n="Gateways"><ent r="3" t="0" w="142" /><ent r="3" t="0" w="142" /><ent r="3" t="0" w="156" /><ent r="5" t="2" w="66" /><ent r="65" t="2" w="82" /><ent r="4" t="11" w="118" /><ent r="65" t="15" w="127" /><ent r="65" t="15" w="146" /><ent r="65" t="15" w="146" /><ent r="1000" t="30" w="2" /><ent r="100" t="30" w="6" /><ent r="100" t="30" w="6" /><ent r="102" t="30" w="14" /><ent r="3" t="30" w="19" /><ent r="3" t="30" w="28" /><ent r="3" t="30" w="28" /><ent r="3" t="30" w="40" /><ent r="64" t="31" w="22" /><ent r="66" t="31" w="65" /><ent r="66" t="31" w="65" /><ent r="92" t="31" w="883" /><ent r="92" t="31" w="883" /><ent r="3" t="31" w="888" /><ent r="3" t="31" w="888" /><ent r="64" t="32" w="36" /><ent r="64" t="33" w="43" /></phr><phr n="navigate"><ent r="4" t="1" w="62" /><ent r="4" t="1" w="62" /></phr><phr n="aggregated"><ent r="7" t="31" w="435" /><ent r="7" t="31" w="435" /></phr><phr n="investigated"><ent r="6" t="38" w="344" /><ent r="6" t="38" w="344" /></phr></stem></index>