<?xml version="1.0" encoding="utf-8"?><index><stem n="nitore"><phr n="monitored"><ent r="4" t="3" w="259" /><ent r="3" t="3" w="372" /><ent r="6" t="3" w="1068" /><ent r="6" t="3" w="1068" /><ent r="4" t="6" w="162" /><ent r="4" t="6" w="162" /><ent r="4" t="6" w="356" /><ent r="3" t="15" w="49" /><ent r="3" t="15" w="49" /><ent r="3" t="15" w="92" /><ent r="3" t="15" w="92" /><ent r="3" t="15" w="197" /><ent r="3" t="15" w="197" /><ent r="3" t="16" w="41" /><ent r="3" t="16" w="41" /><ent r="4" t="16" w="294" /><ent r="4" t="16" w="294" /><ent r="7" t="16" w="1152" /><ent r="7" t="16" w="1152" /><ent r="3" t="31" w="30" /><ent r="3" t="31" w="30" /><ent r="4" t="31" w="70" /><ent r="4" t="31" w="70" /><ent r="3" t="31" w="171" /><ent r="3" t="31" w="171" /><ent r="3" t="31" w="212" /><ent r="3" t="31" w="212" /><ent r="4" t="31" w="590" /><ent r="4" t="31" w="590" /><ent r="3" t="31" w="931" /><ent r="3" t="31" w="931" /><ent r="4" t="31" w="941" /><ent r="4" t="31" w="941" /><ent r="3" t="31" w="1078" /><ent r="3" t="31" w="1078" /><ent r="7" t="31" w="1184" /><ent r="7" t="31" w="1184" /><ent r="7" t="31" w="1206" /><ent r="7" t="31" w="1206" /><ent r="7" t="31" w="1283" /><ent r="7" t="31" w="1283" /><ent r="7" t="31" w="1295" /><ent r="7" t="31" w="1295" /><ent r="3" t="31" w="1337" /><ent r="3" t="31" w="1337" /><ent r="3" t="31" w="1408" /><ent r="3" t="31" w="1408" /><ent r="3" t="31" w="1418" /><ent r="3" t="31" w="1418" /><ent r="3" t="31" w="1429" /><ent r="3" t="31" w="1429" /><ent r="3" t="31" w="1456" /><ent r="3" t="31" w="1456" /><ent r="3" t="31" w="1516" /><ent r="3" t="31" w="1516" /><ent r="4" t="46" w="401" /></phr><phr n="Monitored"><ent r="64" t="6" w="364" /><ent r="64" t="6" w="364" /><ent r="1000" t="15" w="2" /><ent r="1000" t="15" w="2" /><ent r="100" t="15" w="6" /><ent r="100" t="15" w="6" /><ent r="102" t="15" w="18" /><ent r="102" t="15" w="18" /><ent r="3" t="15" w="64" /><ent r="3" t="15" w="64" /><ent r="4" t="15" w="139" /><ent r="4" t="15" w="139" /><ent r="65" t="16" w="99" /><ent r="65" t="16" w="99" /><ent r="64" t="31" w="111" /><ent r="64" t="31" w="111" /><ent r="5" t="31" w="220" /><ent r="5" t="31" w="220" /><ent r="65" t="31" w="996" /><ent r="65" t="31" w="996" /><ent r="82" t="31" w="1025" /><ent r="82" t="31" w="1025" /><ent r="3" t="31" w="1033" /><ent r="3" t="31" w="1033" /><ent r="3" t="31" w="1087" /><ent r="3" t="31" w="1087" /><ent r="3" t="31" w="1120" /><ent r="3" t="31" w="1120" /><ent r="4" t="31" w="1135" /><ent r="4" t="31" w="1135" /><ent r="3" t="31" w="1138" /><ent r="3" t="31" w="1138" /><ent r="64" t="31" w="1423" /><ent r="64" t="31" w="1423" /></phr></stem><stem n="itored"><phr n="monitored"><ent r="4" t="3" w="259" /><ent r="3" t="3" w="372" /><ent r="6" t="3" w="1068" /><ent r="6" t="3" w="1068" /><ent r="4" t="6" w="162" /><ent r="4" t="6" w="162" /><ent r="4" t="6" w="356" /><ent r="3" t="15" w="49" /><ent r="3" t="15" w="49" /><ent r="3" t="15" w="92" /><ent r="3" t="15" w="92" /><ent r="3" t="15" w="197" /><ent r="3" t="15" w="197" /><ent r="3" t="16" w="41" /><ent r="3" t="16" w="41" /><ent r="4" t="16" w="294" /><ent r="4" t="16" w="294" /><ent r="7" t="16" w="1152" /><ent r="7" t="16" w="1152" /><ent r="3" t="31" w="30" /><ent r="3" t="31" w="30" /><ent r="4" t="31" w="70" /><ent r="4" t="31" w="70" /><ent r="3" t="31" w="171" /><ent r="3" t="31" w="171" /><ent r="3" t="31" w="212" /><ent r="3" t="31" w="212" /><ent r="4" t="31" w="590" /><ent r="4" t="31" w="590" /><ent r="3" t="31" w="931" /><ent r="3" t="31" w="931" /><ent r="4" t="31" w="941" /><ent r="4" t="31" w="941" /><ent r="3" t="31" w="1078" /><ent r="3" t="31" w="1078" /><ent r="7" t="31" w="1184" /><ent r="7" t="31" w="1184" /><ent r="7" t="31" w="1206" /><ent r="7" t="31" w="1206" /><ent r="7" t="31" w="1283" /><ent r="7" t="31" w="1283" /><ent r="7" t="31" w="1295" /><ent r="7" t="31" w="1295" /><ent r="3" t="31" w="1337" /><ent r="3" t="31" w="1337" /><ent r="3" t="31" w="1408" /><ent r="3" t="31" w="1408" /><ent r="3" t="31" w="1418" /><ent r="3" t="31" w="1418" /><ent r="3" t="31" w="1429" /><ent r="3" t="31" w="1429" /><ent r="3" t="31" w="1456" /><ent r="3" t="31" w="1456" /><ent r="3" t="31" w="1516" /><ent r="3" t="31" w="1516" /><ent r="4" t="46" w="401" /></phr><phr n="Monitored"><ent r="64" t="6" w="364" /><ent r="64" t="6" w="364" /><ent r="1000" t="15" w="2" /><ent r="1000" t="15" w="2" /><ent r="100" t="15" w="6" /><ent r="100" t="15" w="6" /><ent r="102" t="15" w="18" /><ent r="102" t="15" w="18" /><ent r="3" t="15" w="64" /><ent r="3" t="15" w="64" /><ent r="4" t="15" w="139" /><ent r="4" t="15" w="139" /><ent r="65" t="16" w="99" /><ent r="65" t="16" w="99" /><ent r="64" t="31" w="111" /><ent r="64" t="31" w="111" /><ent r="5" t="31" w="220" /><ent r="5" t="31" w="220" /><ent r="65" t="31" w="996" /><ent r="65" t="31" w="996" /><ent r="82" t="31" w="1025" /><ent r="82" t="31" w="1025" /><ent r="3" t="31" w="1033" /><ent r="3" t="31" w="1033" /><ent r="3" t="31" w="1087" /><ent r="3" t="31" w="1087" /><ent r="3" t="31" w="1120" /><ent r="3" t="31" w="1120" /><ent r="4" t="31" w="1135" /><ent r="4" t="31" w="1135" /><ent r="3" t="31" w="1138" /><ent r="3" t="31" w="1138" /><ent r="64" t="31" w="1423" /><ent r="64" t="31" w="1423" /></phr></stem><stem n="onitore"><phr n="monitored"><ent r="4" t="3" w="259" /><ent r="3" t="3" w="372" /><ent r="6" t="3" w="1068" /><ent r="6" t="3" w="1068" /><ent r="4" t="6" w="162" /><ent r="4" t="6" w="162" /><ent r="4" t="6" w="356" /><ent r="3" t="15" w="49" /><ent r="3" t="15" w="49" /><ent r="3" t="15" w="92" /><ent r="3" t="15" w="92" /><ent r="3" t="15" w="197" /><ent r="3" t="15" w="197" /><ent r="3" t="16" w="41" /><ent r="3" t="16" w="41" /><ent r="4" t="16" w="294" /><ent r="4" t="16" w="294" /><ent r="7" t="16" w="1152" /><ent r="7" t="16" w="1152" /><ent r="3" t="31" w="30" /><ent r="3" t="31" w="30" /><ent r="4" t="31" w="70" /><ent r="4" t="31" w="70" /><ent r="3" t="31" w="171" /><ent r="3" t="31" w="171" /><ent r="3" t="31" w="212" /><ent r="3" t="31" w="212" /><ent r="4" t="31" w="590" /><ent r="4" t="31" w="590" /><ent r="3" t="31" w="931" /><ent r="3" t="31" w="931" /><ent r="4" t="31" w="941" /><ent r="4" t="31" w="941" /><ent r="3" t="31" w="1078" /><ent r="3" t="31" w="1078" /><ent r="7" t="31" w="1184" /><ent r="7" t="31" w="1184" /><ent r="7" t="31" w="1206" /><ent r="7" t="31" w="1206" /><ent r="7" t="31" w="1283" /><ent r="7" t="31" w="1283" /><ent r="7" t="31" w="1295" /><ent r="7" t="31" w="1295" /><ent r="3" t="31" w="1337" /><ent r="3" t="31" w="1337" /><ent r="3" t="31" w="1408" /><ent r="3" t="31" w="1408" /><ent r="3" t="31" w="1418" /><ent r="3" t="31" w="1418" /><ent r="3" t="31" w="1429" /><ent r="3" t="31" w="1429" /><ent r="3" t="31" w="1456" /><ent r="3" t="31" w="1456" /><ent r="3" t="31" w="1516" /><ent r="3" t="31" w="1516" /><ent r="4" t="46" w="401" /></phr><phr n="Monitored"><ent r="64" t="6" w="364" /><ent r="64" t="6" w="364" /><ent r="1000" t="15" w="2" /><ent r="1000" t="15" w="2" /><ent r="100" t="15" w="6" /><ent r="100" t="15" w="6" /><ent r="102" t="15" w="18" /><ent r="102" t="15" w="18" /><ent r="3" t="15" w="64" /><ent r="3" t="15" w="64" /><ent r="4" t="15" w="139" /><ent r="4" t="15" w="139" /><ent r="65" t="16" w="99" /><ent r="65" t="16" w="99" /><ent r="64" t="31" w="111" /><ent r="64" t="31" w="111" /><ent r="5" t="31" w="220" /><ent r="5" t="31" w="220" /><ent r="65" t="31" w="996" /><ent r="65" t="31" w="996" /><ent r="82" t="31" w="1025" /><ent r="82" t="31" w="1025" /><ent r="3" t="31" w="1033" /><ent r="3" t="31" w="1033" /><ent r="3" t="31" w="1087" /><ent r="3" t="31" w="1087" /><ent r="3" t="31" w="1120" /><ent r="3" t="31" w="1120" /><ent r="4" t="31" w="1135" /><ent r="4" t="31" w="1135" /><ent r="3" t="31" w="1138" /><ent r="3" t="31" w="1138" /><ent r="64" t="31" w="1423" /><ent r="64" t="31" w="1423" /></phr></stem><stem n="nitored"><phr n="monitored"><ent r="4" t="3" w="259" /><ent r="3" t="3" w="372" /><ent r="6" t="3" w="1068" /><ent r="6" t="3" w="1068" /><ent r="4" t="6" w="162" /><ent r="4" t="6" w="162" /><ent r="4" t="6" w="356" /><ent r="3" t="15" w="49" /><ent r="3" t="15" w="49" /><ent r="3" t="15" w="92" /><ent r="3" t="15" w="92" /><ent r="3" t="15" w="197" /><ent r="3" t="15" w="197" /><ent r="3" t="16" w="41" /><ent r="3" t="16" w="41" /><ent r="4" t="16" w="294" /><ent r="4" t="16" w="294" /><ent r="7" t="16" w="1152" /><ent r="7" t="16" w="1152" /><ent r="3" t="31" w="30" /><ent r="3" t="31" w="30" /><ent r="4" t="31" w="70" /><ent r="4" t="31" w="70" /><ent r="3" t="31" w="171" /><ent r="3" t="31" w="171" /><ent r="3" t="31" w="212" /><ent r="3" t="31" w="212" /><ent r="4" t="31" w="590" /><ent r="4" t="31" w="590" /><ent r="3" t="31" w="931" /><ent r="3" t="31" w="931" /><ent r="4" t="31" w="941" /><ent r="4" t="31" w="941" /><ent r="3" t="31" w="1078" /><ent r="3" t="31" w="1078" /><ent r="7" t="31" w="1184" /><ent r="7" t="31" w="1184" /><ent r="7" t="31" w="1206" /><ent r="7" t="31" w="1206" /><ent r="7" t="31" w="1283" /><ent r="7" t="31" w="1283" /><ent r="7" t="31" w="1295" /><ent r="7" t="31" w="1295" /><ent r="3" t="31" w="1337" /><ent r="3" t="31" w="1337" /><ent r="3" t="31" w="1408" /><ent r="3" t="31" w="1408" /><ent r="3" t="31" w="1418" /><ent r="3" t="31" w="1418" /><ent r="3" t="31" w="1429" /><ent r="3" t="31" w="1429" /><ent r="3" t="31" w="1456" /><ent r="3" t="31" w="1456" /><ent r="3" t="31" w="1516" /><ent r="3" t="31" w="1516" /><ent r="4" t="46" w="401" /></phr><phr n="Monitored"><ent r="64" t="6" w="364" /><ent r="64" t="6" w="364" /><ent r="1000" t="15" w="2" /><ent r="1000" t="15" w="2" /><ent r="100" t="15" w="6" /><ent r="100" t="15" w="6" /><ent r="102" t="15" w="18" /><ent r="102" t="15" w="18" /><ent r="3" t="15" w="64" /><ent r="3" t="15" w="64" /><ent r="4" t="15" w="139" /><ent r="4" t="15" w="139" /><ent r="65" t="16" w="99" /><ent r="65" t="16" w="99" /><ent r="64" t="31" w="111" /><ent r="64" t="31" w="111" /><ent r="5" t="31" w="220" /><ent r="5" t="31" w="220" /><ent r="65" t="31" w="996" /><ent r="65" t="31" w="996" /><ent r="82" t="31" w="1025" /><ent r="82" t="31" w="1025" /><ent r="3" t="31" w="1033" /><ent r="3" t="31" w="1033" /><ent r="3" t="31" w="1087" /><ent r="3" t="31" w="1087" /><ent r="3" t="31" w="1120" /><ent r="3" t="31" w="1120" /><ent r="4" t="31" w="1135" /><ent r="4" t="31" w="1135" /><ent r="3" t="31" w="1138" /><ent r="3" t="31" w="1138" /><ent r="64" t="31" w="1423" /><ent r="64" t="31" w="1423" /></phr></stem><stem n="monitore"><phr n="monitored"><ent r="4" t="3" w="259" /><ent r="3" t="3" w="372" /><ent r="6" t="3" w="1068" /><ent r="6" t="3" w="1068" /><ent r="4" t="6" w="162" /><ent r="4" t="6" w="162" /><ent r="4" t="6" w="356" /><ent r="3" t="15" w="49" /><ent r="3" t="15" w="49" /><ent r="3" t="15" w="92" /><ent r="3" t="15" w="92" /><ent r="3" t="15" w="197" /><ent r="3" t="15" w="197" /><ent r="3" t="16" w="41" /><ent r="3" t="16" w="41" /><ent r="4" t="16" w="294" /><ent r="4" t="16" w="294" /><ent r="7" t="16" w="1152" /><ent r="7" t="16" w="1152" /><ent r="3" t="31" w="30" /><ent r="3" t="31" w="30" /><ent r="4" t="31" w="70" /><ent r="4" t="31" w="70" /><ent r="3" t="31" w="171" /><ent r="3" t="31" w="171" /><ent r="3" t="31" w="212" /><ent r="3" t="31" w="212" /><ent r="4" t="31" w="590" /><ent r="4" t="31" w="590" /><ent r="3" t="31" w="931" /><ent r="3" t="31" w="931" /><ent r="4" t="31" w="941" /><ent r="4" t="31" w="941" /><ent r="3" t="31" w="1078" /><ent r="3" t="31" w="1078" /><ent r="7" t="31" w="1184" /><ent r="7" t="31" w="1184" /><ent r="7" t="31" w="1206" /><ent r="7" t="31" w="1206" /><ent r="7" t="31" w="1283" /><ent r="7" t="31" w="1283" /><ent r="7" t="31" w="1295" /><ent r="7" t="31" w="1295" /><ent r="3" t="31" w="1337" /><ent r="3" t="31" w="1337" /><ent r="3" t="31" w="1408" /><ent r="3" t="31" w="1408" /><ent r="3" t="31" w="1418" /><ent r="3" t="31" w="1418" /><ent r="3" t="31" w="1429" /><ent r="3" t="31" w="1429" /><ent r="3" t="31" w="1456" /><ent r="3" t="31" w="1456" /><ent r="3" t="31" w="1516" /><ent r="3" t="31" w="1516" /><ent r="4" t="46" w="401" /></phr><phr n="Monitored"><ent r="64" t="6" w="364" /><ent r="64" t="6" w="364" /><ent r="1000" t="15" w="2" /><ent r="1000" t="15" w="2" /><ent r="100" t="15" w="6" /><ent r="100" t="15" w="6" /><ent r="102" t="15" w="18" /><ent r="102" t="15" w="18" /><ent r="3" t="15" w="64" /><ent r="3" t="15" w="64" /><ent r="4" t="15" w="139" /><ent r="4" t="15" w="139" /><ent r="65" t="16" w="99" /><ent r="65" t="16" w="99" /><ent r="64" t="31" w="111" /><ent r="64" t="31" w="111" /><ent r="5" t="31" w="220" /><ent r="5" t="31" w="220" /><ent r="65" t="31" w="996" /><ent r="65" t="31" w="996" /><ent r="82" t="31" w="1025" /><ent r="82" t="31" w="1025" /><ent r="3" t="31" w="1033" /><ent r="3" t="31" w="1033" /><ent r="3" t="31" w="1087" /><ent r="3" t="31" w="1087" /><ent r="3" t="31" w="1120" /><ent r="3" t="31" w="1120" /><ent r="4" t="31" w="1135" /><ent r="4" t="31" w="1135" /><ent r="3" t="31" w="1138" /><ent r="3" t="31" w="1138" /><ent r="64" t="31" w="1423" /><ent r="64" t="31" w="1423" /></phr></stem><stem n="onitored"><phr n="monitored"><ent r="4" t="3" w="259" /><ent r="3" t="3" w="372" /><ent r="6" t="3" w="1068" /><ent r="6" t="3" w="1068" /><ent r="4" t="6" w="162" /><ent r="4" t="6" w="162" /><ent r="4" t="6" w="356" /><ent r="3" t="15" w="49" /><ent r="3" t="15" w="49" /><ent r="3" t="15" w="92" /><ent r="3" t="15" w="92" /><ent r="3" t="15" w="197" /><ent r="3" t="15" w="197" /><ent r="3" t="16" w="41" /><ent r="3" t="16" w="41" /><ent r="4" t="16" w="294" /><ent r="4" t="16" w="294" /><ent r="7" t="16" w="1152" /><ent r="7" t="16" w="1152" /><ent r="3" t="31" w="30" /><ent r="3" t="31" w="30" /><ent r="4" t="31" w="70" /><ent r="4" t="31" w="70" /><ent r="3" t="31" w="171" /><ent r="3" t="31" w="171" /><ent r="3" t="31" w="212" /><ent r="3" t="31" w="212" /><ent r="4" t="31" w="590" /><ent r="4" t="31" w="590" /><ent r="3" t="31" w="931" /><ent r="3" t="31" w="931" /><ent r="4" t="31" w="941" /><ent r="4" t="31" w="941" /><ent r="3" t="31" w="1078" /><ent r="3" t="31" w="1078" /><ent r="7" t="31" w="1184" /><ent r="7" t="31" w="1184" /><ent r="7" t="31" w="1206" /><ent r="7" t="31" w="1206" /><ent r="7" t="31" w="1283" /><ent r="7" t="31" w="1283" /><ent r="7" t="31" w="1295" /><ent r="7" t="31" w="1295" /><ent r="3" t="31" w="1337" /><ent r="3" t="31" w="1337" /><ent r="3" t="31" w="1408" /><ent r="3" t="31" w="1408" /><ent r="3" t="31" w="1418" /><ent r="3" t="31" w="1418" /><ent r="3" t="31" w="1429" /><ent r="3" t="31" w="1429" /><ent r="3" t="31" w="1456" /><ent r="3" t="31" w="1456" /><ent r="3" t="31" w="1516" /><ent r="3" t="31" w="1516" /><ent r="4" t="46" w="401" /></phr><phr n="Monitored"><ent r="64" t="6" w="364" /><ent r="64" t="6" w="364" /><ent r="1000" t="15" w="2" /><ent r="1000" t="15" w="2" /><ent r="100" t="15" w="6" /><ent r="100" t="15" w="6" /><ent r="102" t="15" w="18" /><ent r="102" t="15" w="18" /><ent r="3" t="15" w="64" /><ent r="3" t="15" w="64" /><ent r="4" t="15" w="139" /><ent r="4" t="15" w="139" /><ent r="65" t="16" w="99" /><ent r="65" t="16" w="99" /><ent r="64" t="31" w="111" /><ent r="64" t="31" w="111" /><ent r="5" t="31" w="220" /><ent r="5" t="31" w="220" /><ent r="65" t="31" w="996" /><ent r="65" t="31" w="996" /><ent r="82" t="31" w="1025" /><ent r="82" t="31" w="1025" /><ent r="3" t="31" w="1033" /><ent r="3" t="31" w="1033" /><ent r="3" t="31" w="1087" /><ent r="3" t="31" w="1087" /><ent r="3" t="31" w="1120" /><ent r="3" t="31" w="1120" /><ent r="4" t="31" w="1135" /><ent r="4" t="31" w="1135" /><ent r="3" t="31" w="1138" /><ent r="3" t="31" w="1138" /><ent r="64" t="31" w="1423" /><ent r="64" t="31" w="1423" /></phr></stem><stem n="monitored"><phr n="monitored"><ent r="4" t="3" w="259" /><ent r="3" t="3" w="372" /><ent r="6" t="3" w="1068" /><ent r="6" t="3" w="1068" /><ent r="4" t="6" w="162" /><ent r="4" t="6" w="162" /><ent r="4" t="6" w="356" /><ent r="3" t="15" w="49" /><ent r="3" t="15" w="49" /><ent r="3" t="15" w="92" /><ent r="3" t="15" w="92" /><ent r="3" t="15" w="197" /><ent r="3" t="15" w="197" /><ent r="3" t="16" w="41" /><ent r="3" t="16" w="41" /><ent r="4" t="16" w="294" /><ent r="4" t="16" w="294" /><ent r="7" t="16" w="1152" /><ent r="7" t="16" w="1152" /><ent r="3" t="31" w="30" /><ent r="3" t="31" w="30" /><ent r="4" t="31" w="70" /><ent r="4" t="31" w="70" /><ent r="3" t="31" w="171" /><ent r="3" t="31" w="171" /><ent r="3" t="31" w="212" /><ent r="3" t="31" w="212" /><ent r="4" t="31" w="590" /><ent r="4" t="31" w="590" /><ent r="3" t="31" w="931" /><ent r="3" t="31" w="931" /><ent r="4" t="31" w="941" /><ent r="4" t="31" w="941" /><ent r="3" t="31" w="1078" /><ent r="3" t="31" w="1078" /><ent r="7" t="31" w="1184" /><ent r="7" t="31" w="1184" /><ent r="7" t="31" w="1206" /><ent r="7" t="31" w="1206" /><ent r="7" t="31" w="1283" /><ent r="7" t="31" w="1283" /><ent r="7" t="31" w="1295" /><ent r="7" t="31" w="1295" /><ent r="3" t="31" w="1337" /><ent r="3" t="31" w="1337" /><ent r="3" t="31" w="1408" /><ent r="3" t="31" w="1408" /><ent r="3" t="31" w="1418" /><ent r="3" t="31" w="1418" /><ent r="3" t="31" w="1429" /><ent r="3" t="31" w="1429" /><ent r="3" t="31" w="1456" /><ent r="3" t="31" w="1456" /><ent r="3" t="31" w="1516" /><ent r="3" t="31" w="1516" /><ent r="4" t="46" w="401" /></phr><phr n="Monitored"><ent r="64" t="6" w="364" /><ent r="64" t="6" w="364" /><ent r="1000" t="15" w="2" /><ent r="1000" t="15" w="2" /><ent r="100" t="15" w="6" /><ent r="100" t="15" w="6" /><ent r="102" t="15" w="18" /><ent r="102" t="15" w="18" /><ent r="3" t="15" w="64" /><ent r="3" t="15" w="64" /><ent r="4" t="15" w="139" /><ent r="4" t="15" w="139" /><ent r="65" t="16" w="99" /><ent r="65" t="16" w="99" /><ent r="64" t="31" w="111" /><ent r="64" t="31" w="111" /><ent r="5" t="31" w="220" /><ent r="5" t="31" w="220" /><ent r="65" t="31" w="996" /><ent r="65" t="31" w="996" /><ent r="82" t="31" w="1025" /><ent r="82" t="31" w="1025" /><ent r="3" t="31" w="1033" /><ent r="3" t="31" w="1033" /><ent r="3" t="31" w="1087" /><ent r="3" t="31" w="1087" /><ent r="3" t="31" w="1120" /><ent r="3" t="31" w="1120" /><ent r="4" t="31" w="1135" /><ent r="4" t="31" w="1135" /><ent r="3" t="31" w="1138" /><ent r="3" t="31" w="1138" /><ent r="64" t="31" w="1423" /><ent r="64" t="31" w="1423" /></phr></stem><stem n="nized"><phr n="organized"><ent r="4" t="3" w="263" /><ent r="4" t="3" w="263" /></phr><phr n="unrecognized"><ent r="3" t="3" w="315" /><ent r="3" t="3" w="315" /></phr><phr n="UNSYNCHRONIZED"><ent r="7" t="31" w="479" /></phr><phr n="recognized"><ent r="3" t="32" w="120" /></phr></stem><stem n="anized"><phr n="organized"><ent r="4" t="3" w="263" /><ent r="4" t="3" w="263" /></phr></stem><stem n="ganized"><phr n="organized"><ent r="4" t="3" w="263" /><ent r="4" t="3" w="263" /></phr></stem><stem n="rganized"><phr n="organized"><ent r="4" t="3" w="263" /><ent r="4" t="3" w="263" /></phr></stem><stem n="organized"><phr n="organized"><ent r="4" t="3" w="263" /><ent r="4" t="3" w="263" /></phr></stem><stem n="ad"><phr n="adding"><ent r="4" t="3" w="271" /><ent r="4" t="3" w="271" /><ent r="4" t="4" w="234" /><ent r="64" t="6" w="93" /><ent r="64" t="6" w="93" /><ent r="100" t="11" w="16" /><ent r="100" t="11" w="16" /><ent r="100" t="11" w="20" /><ent r="100" t="11" w="20" /><ent r="100" t="11" w="24" /><ent r="100" t="11" w="24" /><ent r="65" t="12" w="219" /><ent r="65" t="12" w="219" /><ent r="4" t="12" w="239" /><ent r="4" t="12" w="239" /><ent r="9" t="16" w="618" /><ent r="9" t="16" w="618" /><ent r="9" t="16" w="782" /><ent r="9" t="16" w="782" /><ent r="9" t="16" w="965" /><ent r="9" t="16" w="965" /><ent r="100" t="23" w="16" /><ent r="100" t="23" w="16" /><ent r="4" t="23" w="180" /><ent r="4" t="23" w="180" /><ent r="4" t="26" w="534" /><ent r="4" t="26" w="534" /><ent r="4" t="26" w="707" /><ent r="4" t="26" w="707" /><ent r="6" t="32" w="301" /><ent r="6" t="32" w="301" /><ent r="3" t="33" w="36" /><ent r="3" t="33" w="36" /><ent r="7" t="38" w="292" /></phr><phr n="Adding"><ent r="65" t="3" w="275" /><ent r="65" t="3" w="275" /><ent r="67" t="3" w="799" /><ent r="67" t="3" w="799" /><ent r="67" t="3" w="1076" /><ent r="67" t="3" w="1076" /><ent r="64" t="6" w="260" /><ent r="64" t="6" w="260" /><ent r="64" t="6" w="304" /><ent r="64" t="6" w="304" /><ent r="65" t="7" w="126" /><ent r="65" t="7" w="126" /><ent r="64" t="9" w="412" /><ent r="64" t="9" w="412" /><ent r="1000" t="11" w="1" /><ent r="1000" t="11" w="1" /><ent r="100" t="11" w="8" /><ent r="100" t="11" w="8" /><ent r="102" t="11" w="26" /><ent r="102" t="11" w="26" /><ent r="3" t="22" w="96" /><ent r="3" t="22" w="96" /><ent r="1000" t="23" w="1" /><ent r="1000" t="23" w="1" /><ent r="100" t="23" w="8" /><ent r="100" t="23" w="8" /><ent r="102" t="23" w="21" /><ent r="102" t="23" w="21" /><ent r="3" t="23" w="44" /><ent r="3" t="23" w="44" /><ent r="3" t="27" w="44" /><ent r="3" t="27" w="44" /><ent r="64" t="31" w="960" /><ent r="64" t="31" w="960" /><ent r="67" t="32" w="288" /><ent r="67" t="32" w="288" /></phr><phr n="added"><ent r="7" t="3" w="1385" /><ent r="7" t="3" w="1385" /><ent r="4" t="4" w="188" /><ent r="4" t="4" w="188" /><ent r="4" t="11" w="345" /><ent r="4" t="11" w="398" /><ent r="4" t="11" w="398" /><ent r="3" t="12" w="100" /><ent r="3" t="12" w="100" /><ent r="3" t="13" w="103" /><ent r="3" t="13" w="103" /><ent r="3" t="14" w="39" /><ent r="3" t="14" w="39" /><ent r="4" t="14" w="129" /><ent r="4" t="14" w="129" /><ent r="64" t="15" w="55" /><ent r="64" t="15" w="55" /><ent r="7" t="15" w="341" /><ent r="7" t="15" w="341" /><ent r="64" t="22" w="62" /><ent r="64" t="22" w="62" /><ent r="7" t="22" w="215" /><ent r="7" t="22" w="215" /><ent r="4" t="26" w="328" /><ent r="4" t="26" w="328" /><ent r="4" t="27" w="374" /><ent r="4" t="27" w="374" /><ent r="3" t="27" w="787" /><ent r="3" t="27" w="787" /><ent r="3" t="27" w="814" /><ent r="3" t="27" w="814" /><ent r="3" t="27" w="830" /><ent r="3" t="27" w="830" /><ent r="3" t="27" w="839" /><ent r="3" t="27" w="839" /><ent r="4" t="27" w="878" /><ent r="64" t="31" w="90" /><ent r="64" t="31" w="90" /><ent r="4" t="31" w="944" /><ent r="67" t="32" w="652" /><ent r="67" t="32" w="652" /><ent r="3" t="36" w="137" /><ent r="3" t="36" w="137" /><ent r="7" t="36" w="591" /><ent r="7" t="36" w="601" /><ent r="7" t="36" w="601" /><ent r="7" t="38" w="246" /><ent r="7" t="38" w="246" /><ent r="6" t="44" w="271" /><ent r="6" t="44" w="271" /></phr></stem><stem n="addi"><phr n="adding"><ent r="4" t="3" w="271" /><ent r="4" t="3" w="271" /><ent r="4" t="4" w="234" /><ent r="64" t="6" w="93" /><ent r="64" t="6" w="93" /><ent r="100" t="11" w="16" /><ent r="100" t="11" w="16" /><ent r="100" t="11" w="20" /><ent r="100" t="11" w="20" /><ent r="100" t="11" w="24" /><ent r="100" t="11" w="24" /><ent r="65" t="12" w="219" /><ent r="65" t="12" w="219" /><ent r="4" t="12" w="239" /><ent r="4" t="12" w="239" /><ent r="9" t="16" w="618" /><ent r="9" t="16" w="618" /><ent r="9" t="16" w="782" /><ent r="9" t="16" w="782" /><ent r="9" t="16" w="965" /><ent r="9" t="16" w="965" /><ent r="100" t="23" w="16" /><ent r="100" t="23" w="16" /><ent r="4" t="23" w="180" /><ent r="4" t="23" w="180" /><ent r="4" t="26" w="534" /><ent r="4" t="26" w="534" /><ent r="4" t="26" w="707" /><ent r="4" t="26" w="707" /><ent r="6" t="32" w="301" /><ent r="6" t="32" w="301" /><ent r="3" t="33" w="36" /><ent r="3" t="33" w="36" /><ent r="7" t="38" w="292" /></phr><phr n="Adding"><ent r="65" t="3" w="275" /><ent r="65" t="3" w="275" /><ent r="67" t="3" w="799" /><ent r="67" t="3" w="799" /><ent r="67" t="3" w="1076" /><ent r="67" t="3" w="1076" /><ent r="64" t="6" w="260" /><ent r="64" t="6" w="260" /><ent r="64" t="6" w="304" /><ent r="64" t="6" w="304" /><ent r="65" t="7" w="126" /><ent r="65" t="7" w="126" /><ent r="64" t="9" w="412" /><ent r="64" t="9" w="412" /><ent r="1000" t="11" w="1" /><ent r="1000" t="11" w="1" /><ent r="100" t="11" w="8" /><ent r="100" t="11" w="8" /><ent r="102" t="11" w="26" /><ent r="102" t="11" w="26" /><ent r="3" t="22" w="96" /><ent r="3" t="22" w="96" /><ent r="1000" t="23" w="1" /><ent r="1000" t="23" w="1" /><ent r="100" t="23" w="8" /><ent r="100" t="23" w="8" /><ent r="102" t="23" w="21" /><ent r="102" t="23" w="21" /><ent r="3" t="23" w="44" /><ent r="3" t="23" w="44" /><ent r="3" t="27" w="44" /><ent r="3" t="27" w="44" /><ent r="64" t="31" w="960" /><ent r="64" t="31" w="960" /><ent r="67" t="32" w="288" /><ent r="67" t="32" w="288" /></phr><phr n="additional"><ent r="6" t="43" w="196" /><ent r="6" t="43" w="196" /></phr></stem><stem n="ddin"><phr n="adding"><ent r="4" t="3" w="271" /><ent r="4" t="3" w="271" /><ent r="4" t="4" w="234" /><ent r="64" t="6" w="93" /><ent r="64" t="6" w="93" /><ent r="100" t="11" w="16" /><ent r="100" t="11" w="16" /><ent r="100" t="11" w="20" /><ent r="100" t="11" w="20" /><ent r="100" t="11" w="24" /><ent r="100" t="11" w="24" /><ent r="65" t="12" w="219" /><ent r="65" t="12" w="219" /><ent r="4" t="12" w="239" /><ent r="4" t="12" w="239" /><ent r="9" t="16" w="618" /><ent r="9" t="16" w="618" /><ent r="9" t="16" w="782" /><ent r="9" t="16" w="782" /><ent r="9" t="16" w="965" /><ent r="9" t="16" w="965" /><ent r="100" t="23" w="16" /><ent r="100" t="23" w="16" /><ent r="4" t="23" w="180" /><ent r="4" t="23" w="180" /><ent r="4" t="26" w="534" /><ent r="4" t="26" w="534" /><ent r="4" t="26" w="707" /><ent r="4" t="26" w="707" /><ent r="6" t="32" w="301" /><ent r="6" t="32" w="301" /><ent r="3" t="33" w="36" /><ent r="3" t="33" w="36" /><ent r="7" t="38" w="292" /></phr><phr n="Adding"><ent r="65" t="3" w="275" /><ent r="65" t="3" w="275" /><ent r="67" t="3" w="799" /><ent r="67" t="3" w="799" /><ent r="67" t="3" w="1076" /><ent r="67" t="3" w="1076" /><ent r="64" t="6" w="260" /><ent r="64" t="6" w="260" /><ent r="64" t="6" w="304" /><ent r="64" t="6" w="304" /><ent r="65" t="7" w="126" /><ent r="65" t="7" w="126" /><ent r="64" t="9" w="412" /><ent r="64" t="9" w="412" /><ent r="1000" t="11" w="1" /><ent r="1000" t="11" w="1" /><ent r="100" t="11" w="8" /><ent r="100" t="11" w="8" /><ent r="102" t="11" w="26" /><ent r="102" t="11" w="26" /><ent r="3" t="22" w="96" /><ent r="3" t="22" w="96" /><ent r="1000" t="23" w="1" /><ent r="1000" t="23" w="1" /><ent r="100" t="23" w="8" /><ent r="100" t="23" w="8" /><ent r="102" t="23" w="21" /><ent r="102" t="23" w="21" /><ent r="3" t="23" w="44" /><ent r="3" t="23" w="44" /><ent r="3" t="27" w="44" /><ent r="3" t="27" w="44" /><ent r="64" t="31" w="960" /><ent r="64" t="31" w="960" /><ent r="67" t="32" w="288" /><ent r="67" t="32" w="288" /></phr></stem></index>