﻿<?xml version="1.0" encoding="utf-8"?><index><stem n="effect"><phr n="effect"><ent r="4" t="5" w="177" /><ent r="3" t="13" w="389" /><ent r="4" t="15" w="738" /><ent r="4" t="23" w="321" /><ent r="3" t="31" w="674" /><ent r="4" t="34" w="1485" /><ent r="4" t="42" w="168" /><ent r="4" t="42" w="360" /><ent r="4" t="42" w="469" /></phr><phr n="effective"><ent r="4" t="25" w="110" /></phr></stem><stem n="reboot"><phr n="rebooted"><ent r="4" t="5" w="183" /><ent r="3" t="17" w="98" /><ent r="5" t="34" w="1056" /><ent r="4" t="34" w="1074" /></phr><phr n="reboot"><ent r="4" t="9" w="368" /><ent r="4" t="34" w="1092" /></phr></stem><stem n="disabled/en"><phr n="disabled/enabled"><ent r="4" t="5" w="200" /><ent r="4" t="5" w="199" /></phr></stem><stem n="disabled/enabled."><phr n="disabled/enabled."><ent r="4" t="5" w="200" /><ent r="4" t="5" w="199" /></phr></stem><stem n="/enabled."><phr n="/enabled."><ent r="4" t="5" w="201" /></phr></stem><stem n="exit"><phr n="Exit"><ent r="4" t="5" w="202" /><ent r="4" t="14" w="332" /></phr><phr n="exit"><ent r="4" t="9" w="349" /><ent r="7" t="36" w="1200" /></phr></stem><stem n="process"><phr n="Process"><ent r="1000" t="6" w="4" /><ent r="102" t="6" w="9" /><ent r="100" t="6" w="14" /></phr><phr n="process"><ent r="3" t="12" w="113" /><ent r="3" t="13" w="65" /><ent r="3" t="13" w="121" /><ent r="3" t="17" w="103" /><ent r="4" t="34" w="224" /><ent r="3" t="34" w="388" /><ent r="3" t="34" w="933" /><ent r="4" t="34" w="2035" /></phr><phr n="processes"><ent r="3" t="14" w="49" /></phr><phr n="processing"><ent r="3" t="26" w="740" /><ent r="4" t="28" w="41" /><ent r="4" t="28" w="46" /><ent r="7" t="36" w="1128" /><ent r="7" t="36" w="1213" /><ent r="7" t="36" w="1694" /><ent r="7" t="36" w="1699" /></phr><phr n="processed"><ent r="4" t="28" w="50" /><ent r="7" t="36" w="1703" /></phr></stem><stem n=":configur"><phr n=":configuring"><ent r="100" t="6" w="19" /></phr></stem><stem n=":overview"><phr n=":overview"><ent r="100" t="6" w="23" /></phr></stem><stem n="step"><phr n="steps"><ent r="3" t="6" w="29" /><ent r="3" t="7" w="27" /><ent r="3" t="7" w="42" /><ent r="3" t="7" w="52" /><ent r="3" t="9" w="33" /><ent r="4" t="9" w="383" /><ent r="3" t="11" w="73" /><ent r="4" t="18" w="166" /><ent r="4" t="18" w="224" /><ent r="4" t="27" w="346" /><ent r="6" t="32" w="287" /></phr><phr n="step"><ent r="4" t="6" w="189" /><ent r="6" t="6" w="329" /><ent r="4" t="7" w="193" /><ent r="4" t="7" w="426" /><ent r="4" t="19" w="247" /><ent r="5" t="26" w="508" /><ent r="4" t="26" w="714" /><ent r="4" t="27" w="361" /><ent r="4" t="27" w="452" /><ent r="4" t="27" w="491" /><ent r="4" t="34" w="227" /><ent r="4" t="34" w="229" /><ent r="3" t="36" w="168" /><ent r="3" t="36" w="170" /></phr></stem><stem n="them"><phr n="them"><ent r="4" t="6" w="99" /><ent r="4" t="6" w="167" /><ent r="4" t="6" w="287" /><ent r="3" t="15" w="77" /><ent r="4" t="17" w="429" /><ent r="3" t="26" w="133" /></phr></stem><stem n="suppli"><phr n="supplied"><ent r="4" t="6" w="125" /></phr></stem><stem n="valid"><phr n="valid"><ent r="4" t="6" w="132" /></phr></stem><stem n="sever"><phr n="severely"><ent r="4" t="6" w="139" /></phr><phr n="severed"><ent r="3" t="31" w="1462" /></phr><phr n="Severity"><ent r="7" t="38" w="323" /></phr><phr n="severity"><ent r="6" t="38" w="326" /></phr><phr n="SEVERE"><ent r="6" t="38" w="332" /></phr><phr n="Severe"><ent r="6" t="38" w="341" /></phr></stem><stem n="allow"><phr n="allow"><ent r="4" t="6" w="166" /><ent r="4" t="7" w="83" /><ent r="3" t="8" w="106" /><ent r="3" t="8" w="219" /><ent r="3" t="9" w="400" /><ent r="3" t="23" w="70" /><ent r="3" t="34" w="118" /><ent r="4" t="36" w="112" /></phr><phr n="allows"><ent r="3" t="9" w="52" /><ent r="3" t="17" w="28" /><ent r="4" t="19" w="283" /><ent r="3" t="27" w="803" /><ent r="6" t="35" w="276" /><ent r="7" t="36" w="699" /></phr></stem><stem n="though"><phr n="Though"><ent r="4" t="6" w="184" /></phr><phr n="though"><ent r="4" t="34" w="1703" /></phr></stem><stem n="absolut"><phr n="absolutely"><ent r="4" t="6" w="186" /></phr><phr n="Absolute"><ent r="5" t="26" w="427" /></phr><phr n="absolute"><ent r="7" t="36" w="810" /></phr></stem><stem n="highli"><phr n="highly"><ent r="4" t="6" w="191" /></phr></stem><stem n="(start/stop"><phr n="(start/stop"><ent r="4" t="6" w="201" /></phr></stem><stem n="(requir"><phr n="(requires"><ent r="3" t="6" w="237" /></phr></stem><stem n="author"><phr n="authorized"><ent r="4" t="6" w="324" /></phr><phr n="Authority"><ent r="9" t="16" w="738" /></phr><phr n="Authoring"><ent r="4" t="26" w="619" /><ent r="5" t="27" w="330" /><ent r="4" t="34" w="672" /></phr><phr n="authorization"><ent r="3" t="29" w="557" /></phr></stem><stem n=":set"><phr n=":setting"><ent r="100" t="7" w="16" /></phr><phr n=":settings"><ent r="100" t="40" w="8" /><ent r="100" t="41" w="11" /></phr></stem><stem n="procedur"><phr n="procedure"><ent r="4" t="7" w="110" /><ent r="3" t="14" w="93" /><ent r="3" t="14" w="184" /></phr></stem><stem n="–"><phr n="–"><ent r="5" t="7" w="162" /><ent r="5" t="7" w="174" /><ent r="5" t="9" w="156" /><ent r="5" t="9" w="194" /><ent r="5" t="9" w="267" /><ent r="7" t="29" w="138" /><ent r="7" t="29" w="153" /><ent r="7" t="29" w="168" /><ent r="7" t="29" w="244" /><ent r="7" t="29" w="259" /><ent r="7" t="29" w="274" /><ent r="3" t="29" w="501" /><ent r="3" t="29" w="528" /><ent r="4" t="29" w="573" /><ent r="4" t="34" w="260" /><ent r="4" t="34" w="276" /></phr></stem><stem n="(example:"><phr n="(example:"><ent r="4" t="7" w="218" /></phr></stem><stem n="emadmin"><phr n="emadmin"><ent r="4" t="7" w="218" /></phr></stem><stem n="“emadmin”)."><phr n="“emadmin”)."><ent r="4" t="7" w="219" /></phr></stem><stem n="128"><phr n="128"><ent r="4" t="7" w="226" /><ent r="4" t="19" w="91" /><ent r="4" t="19" w="164" /><ent r="7" t="32" w="364" /><ent r="6" t="43" w="108" /><ent r="6" t="43" w="159" /></phr></stem><stem n="charact"><phr n="characters"><ent r="4" t="7" w="227" /><ent r="4" t="7" w="263" /><ent r="4" t="19" w="92" /><ent r="4" t="19" w="97" /><ent r="4" t="19" w="120" /><ent r="4" t="19" w="165" /><ent r="4" t="19" w="177" /><ent r="4" t="19" w="190" /><ent r="4" t="19" w="204" /><ent r="7" t="22" w="354" /><ent r="4" t="23" w="252" /><ent r="4" t="24" w="197" /><ent r="7" t="32" w="365" /><ent r="4" t="34" w="2152" /><ent r="7" t="41" w="117" /><ent r="7" t="41" w="121" /><ent r="6" t="43" w="109" /><ent r="6" t="43" w="120" /><ent r="6" t="43" w="143" /><ent r="6" t="43" w="160" /><ent r="6" t="43" w="170" /><ent r="6" t="43" w="183" /><ent r="6" t="43" w="201" /></phr><phr n="character"><ent r="4" t="7" w="232" /><ent r="4" t="27" w="717" /><ent r="7" t="32" w="375" /></phr></stem><stem n="#"><phr n="#"><ent r="5" t="7" w="235" /><ent r="4" t="19" w="98" /><ent r="6" t="43" w="121" /></phr></stem><stem n="+"><phr n="+"><ent r="5" t="7" w="235" /><ent r="8" t="10" w="300" /><ent r="4" t="19" w="98" /><ent r="3" t="29" w="531" /><ent r="3" t="29" w="534" /><ent r="6" t="43" w="121" /></phr></stem><stem n="\"><phr n="\"><ent r="5" t="7" w="236" /><ent r="4" t="19" w="99" /><ent r="6" t="43" w="122" /></phr></stem><stem n="&lt;"><phr n="&lt;"><ent r="5" t="7" w="236" /><ent r="4" t="7" w="420" /><ent r="4" t="19" w="99" /><ent r="6" t="43" w="122" /></phr></stem><stem n="&gt;"><phr n="&gt;"><ent r="5" t="7" w="237" /><ent r="4" t="8" w="134" /><ent r="4" t="11" w="121" /><ent r="4" t="19" w="100" /><ent r="6" t="43" w="123" /></phr></stem><stem n="retyp"><phr n="Retype"><ent r="4" t="7" w="246" /><ent r="4" t="19" w="132" /><ent r="7" t="41" w="135" /></phr><phr n="retype"><ent r="4" t="25" w="94" /></phr></stem><stem n="letter"><phr n="letters"><ent r="4" t="7" w="253" /><ent r="4" t="19" w="124" /><ent r="7" t="32" w="369" /><ent r="7" t="41" w="123" /><ent r="6" t="43" w="113" /><ent r="6" t="43" w="147" /></phr><phr n="Letter"><ent r="7" t="36" w="959" /><ent r="7" t="36" w="986" /></phr></stem><stem n="symbol"><phr n="symbols"><ent r="4" t="7" w="256" /><ent r="4" t="19" w="127" /><ent r="7" t="32" w="372" /><ent r="7" t="41" w="126" /><ent r="6" t="43" w="116" /><ent r="6" t="43" w="150" /></phr></stem><stem n="6"><phr n="6"><ent r="4" t="7" w="260" /><ent r="4" t="19" w="118" /><ent r="3" t="31" w="1292" /><ent r="7" t="41" w="116" /><ent r="6" t="43" w="141" /></phr></stem><stem n="32"><phr n="32"><ent r="4" t="7" w="262" /><ent r="4" t="19" w="119" /><ent r="4" t="19" w="176" /><ent r="4" t="19" w="189" /><ent r="7" t="41" w="120" /><ent r="6" t="43" w="142" /><ent r="6" t="43" w="169" /><ent r="6" t="43" w="182" /></phr></stem><stem n="server"><phr n="server"><ent r="4" t="7" w="271" /><ent r="9" t="16" w="399" /><ent r="9" t="16" w="413" /><ent r="9" t="16" w="439" /><ent r="4" t="21" w="111" /><ent r="7" t="31" w="438" /><ent r="3" t="31" w="1414" /><ent r="3" t="31" w="1460" /><ent r="3" t="31" w="1466" /><ent r="3" t="31" w="1520" /><ent r="7" t="36" w="762" /></phr><phr n="Server"><ent r="10" t="16" w="389" /><ent r="10" t="16" w="703" /></phr></stem><stem n="factori"><phr n="factory"><ent r="4" t="7" w="281" /><ent r="4" t="7" w="295" /><ent r="4" t="7" w="320" /><ent r="3" t="31" w="180" /><ent r="3" t="31" w="216" /></phr></stem><stem n="press"><phr n="press"><ent r="4" t="7" w="303" /><ent r="4" t="7" w="328" /><ent r="4" t="7" w="342" /><ent r="4" t="7" w="361" /><ent r="4" t="7" w="428" /><ent r="4" t="9" w="351" /></phr><phr n="Press"><ent r="4" t="7" w="448" /></phr></stem><stem n="overrid"><phr n="overriding"><ent r="4" t="7" w="313" /></phr><phr n="override"><ent r="4" t="7" w="318" /><ent r="4" t="31" w="542" /><ent r="3" t="31" w="971" /></phr></stem><stem n="ye"><phr n="yes"><ent r="5" t="7" w="324" /><ent r="5" t="9" w="187" /><ent r="5" t="9" w="257" /><ent r="5" t="14" w="328" /></phr><phr n="Yes"><ent r="5" t="9" w="173" /></phr></stem><stem n="listen"><phr n="listener"><ent r="4" t="7" w="340" /><ent r="4" t="7" w="359" /><ent r="3" t="9" w="337" /><ent r="4" t="42" w="165" /></phr><phr n="Listener"><ent r="5" t="9" w="267" /><ent r="100" t="42" w="13" /><ent r="3" t="42" w="96" /><ent r="3" t="42" w="108" /><ent r="4" t="42" w="116" /><ent r="3" t="42" w="124" /></phr><phr n="Listen"><ent r="5" t="11" w="310" /></phr></stem><stem n="“8182”."><phr n="“8182”."><ent r="4" t="7" w="371" /></phr></stem><stem n="rememb"><phr n="Remember"><ent r="5" t="7" w="372" /></phr></stem><stem n="reserv"><phr n="reserved"><ent r="3" t="7" w="394" /></phr></stem><stem n="8080"><phr n="8080"><ent r="3" t="7" w="399" /></phr></stem><stem n="8443"><phr n="8443"><ent r="3" t="7" w="400" /><ent r="4" t="11" w="298" /></phr></stem><stem n="9443"><phr n="9443"><ent r="3" t="7" w="401" /></phr></stem><stem n="2124"><phr n="2124"><ent r="3" t="7" w="402" /></phr></stem><stem n="0"><phr n="0"><ent r="3" t="7" w="405" /><ent r="9" t="16" w="855" /><ent r="3" t="29" w="500" /><ent r="3" t="29" w="527" /><ent r="7" t="39" w="182" /></phr></stem><stem n="1023"><phr n="1023"><ent r="3" t="7" w="407" /></phr></stem><stem n="summari"><phr n="summary"><ent r="4" t="7" w="411" /><ent r="4" t="17" w="412" /><ent r="3" t="17" w="638" /><ent r="3" t="18" w="23" /><ent r="4" t="26" w="625" /><ent r="3" t="34" w="1114" /><ent r="6" t="35" w="453" /><ent r="7" t="36" w="880" /><ent r="7" t="36" w="929" /></phr><phr n="Summary"><ent r="92" t="17" w="633" /><ent r="4" t="18" w="120" /><ent r="4" t="26" w="485" /><ent r="5" t="26" w="645" /><ent r="7" t="35" w="450" /></phr></stem><stem n="“&lt;”"><phr n="“&lt;”"><ent r="4" t="7" w="421" /></phr></stem><stem n="go"><phr n="go"><ent r="4" t="7" w="422" /><ent r="7" t="36" w="632" /></phr><phr n="going"><ent r="3" t="31" w="1521" /></phr><phr n="Go"><ent r="7" t="44" w="407" /></phr></stem><stem n="appli"><phr n="apply"><ent r="4" t="7" w="433" /><ent r="4" t="8" w="176" /><ent r="7" t="15" w="684" /><ent r="3" t="31" w="655" /><ent r="7" t="31" w="1162" /><ent r="4" t="34" w="2037" /><ent r="3" t="41" w="37" /><ent r="3" t="42" w="425" /></phr><phr n="applied"><ent r="4" t="7" w="446" /></phr><phr n="Apply"><ent r="5" t="8" w="169" /><ent r="5" t="19" w="208" /><ent r="5" t="20" w="100" /><ent r="5" t="34" w="2023" /><ent r="4" t="41" w="46" /><ent r="5" t="42" w="410" /><ent r="5" t="42" w="457" /></phr><phr n="applies"><ent r="7" t="15" w="501" /><ent r="3" t="31" w="805" /><ent r="7" t="31" w="1171" /></phr></stem><stem n="should"><phr n="should"><ent r="4" t="7" w="440" /><ent r="3" t="8" w="101" /><ent r="3" t="14" w="185" /><ent r="7" t="15" w="671" /><ent r="9" t="16" w="372" /><ent r="9" t="16" w="766" /><ent r="3" t="16" w="1075" /><ent r="3" t="17" w="462" /><ent r="3" t="19" w="226" /><ent r="4" t="19" w="233" /><ent r="4" t="31" w="54" /><ent r="4" t="34" w="2016" /><ent r="6" t="38" w="343" /><ent r="3" t="40" w="44" /><ent r="6" t="41" w="240" /><ent r="6" t="44" w="343" /></phr></stem><stem n="successfulli"><phr n="successfully"><ent r="4" t="7" w="447" /><ent r="3" t="29" w="486" /></phr></stem><stem n="return"><phr n="return"><ent r="4" t="7" w="453" /><ent r="4" t="7" w="464" /><ent r="4" t="12" w="364" /><ent r="4" t="13" w="422" /></phr><phr n="Return"><ent r="4" t="9" w="358" /></phr><phr n="returns"><ent r="4" t="23" w="294" /><ent r="4" t="24" w="239" /></phr></stem><stem n="x"><phr n="x"><ent r="5" t="7" w="461" /><ent r="7" t="38" w="145" /><ent r="7" t="38" w="150" /></phr></stem><stem n=":licens"><phr n=":license"><ent r="100" t="8" w="15" /></phr></stem><stem n="befor"><phr n="before"><ent r="3" t="8" w="34" /><ent r="7" t="10" w="212" /><ent r="4" t="13" w="295" /><ent r="4" t="26" w="671" /><ent r="6" t="28" w="339" /><ent r="3" t="31" w="887" /><ent r="6" t="32" w="288" /><ent r="6" t="32" w="565" /><ent r="3" t="34" w="1946" /><ent r="6" t="35" w="330" /></phr><phr n="Before"><ent r="3" t="12" w="26" /></phr></stem><stem n="close"><phr n="Close"><ent r="5" t="8" w="122" /><ent r="4" t="14" w="413" /><ent r="4" t="14" w="498" /></phr><phr n="closes"><ent r="4" t="15" w="732" /></phr></stem><stem n="dismiss"><phr n="dismiss"><ent r="4" t="8" w="125" /><ent r="4" t="14" w="478" /><ent r="4" t="26" w="727" /></phr></stem><stem n="scroll"><phr n="Scroll"><ent r="4" t="8" w="142" /></phr></stem><stem n="brows"><phr n="Browse"><ent r="5" t="8" w="151" /><ent r="8" t="35" w="398" /><ent r="5" t="42" w="281" /><ent r="5" t="42" w="401" /></phr><phr n="browse"><ent r="4" t="23" w="222" /><ent r="4" t="24" w="167" /></phr></stem><stem n="agreement"><phr n="Agreement"><ent r="4" t="8" w="181" /><ent r="4" t="8" w="196" /></phr></stem><stem n="[ok"><phr n="[OK"><ent r="5" t="8" w="187" /><ent r="9" t="10" w="154" /><ent r="9" t="10" w="198" /><ent r="5" t="12" w="223" /><ent r="7" t="32" w="510" /></phr></stem><stem n="now"><phr n="now"><ent r="4" t="8" w="202" /><ent r="4" t="11" w="353" /><ent r="3" t="14" w="513" /><ent r="4" t="17" w="430" /><ent r="3" t="17" w="486" /><ent r="4" t="17" w="605" /></phr></stem><stem n=":remot"><phr n=":remote"><ent r="100" t="9" w="17" /></phr></stem><stem n="securespan"><phr n="SecureSpan"><ent r="100" t="9" w="20" /><ent r="100" t="14" w="22" /><ent r="100" t="30" w="9" /><ent r="100" t="32" w="22" /></phr></stem><stem n=":node"><phr n=":nodes"><ent r="100" t="9" w="22" /></phr></stem><stem n="5"><phr n="5"><ent r="5" t="9" w="155" /><ent r="5" t="14" w="299" /><ent r="5" t="14" w="315" /><ent r="4" t="26" w="715" /></phr></stem><stem n="verifi"><phr n="Verify"><ent r="4" t="9" w="163" /><ent r="7" t="36" w="608" /></phr><phr n="verify"><ent r="4" t="26" w="692" /></phr></stem><stem n="read"><phr n="reads"><ent r="4" t="9" w="167" /></phr></stem><stem n="doesn"><phr n="doesn"><ent r="4" t="9" w="177" /></phr></stem><stem n="t"><phr n="t"><ent r="4" t="9" w="178" /></phr></stem><stem n="’t,"><phr n="’t,"><ent r="4" t="9" w="179" /></phr></stem><stem n="fulli"><phr n="Fully"><ent r="4" t="9" w="209" /></phr><phr n="fully"><ent r="4" t="11" w="263" /></phr></stem><stem n="qualifi"><phr n="Qualified"><ent r="4" t="9" w="210" /></phr><phr n="qualified"><ent r="4" t="11" w="264" /></phr></stem><stem n="domain"><phr n="Domain"><ent r="4" t="9" w="211" /></phr><phr n="domain"><ent r="4" t="9" w="230" /><ent r="4" t="11" w="265" /></phr></stem><stem n="append"><phr n="appended"><ent r="4" t="9" w="225" /></phr></stem><stem n="machine.domain"><phr n="machine.domain"><ent r="4" t="9" w="230" /><ent r="4" t="9" w="229" /></phr></stem><stem n="machine.domain.com"><phr n="machine.domain.com"><ent r="4" t="9" w="231" /><ent r="4" t="9" w="229" /></phr></stem><stem n="“https://machine.domain.com:8182”)."><phr n="“https://machine.domain.com:8182”)."><ent r="4" t="9" w="233" /></phr></stem><stem n="examin"><phr n="Examine"><ent r="4" t="9" w="250" /><ent r="4" t="12" w="278" /><ent r="4" t="17" w="547" /></phr><phr n="examine"><ent r="4" t="14" w="467" /></phr></stem><stem n="lan"><phr n="LAN"><ent r="4" t="9" w="280" /></phr></stem><stem n="eth0"><phr n="eth0"><ent r="4" t="9" w="284" /><ent r="3" t="9" w="317" /></phr></stem><stem n="“eth0”"><phr n="“eth0”"><ent r="4" t="9" w="285" /></phr></stem><stem n="shown"><phr n="shown"><ent r="4" t="9" w="286" /><ent r="7" t="15" w="309" /><ent r="7" t="15" w="459" /><ent r="7" t="16" w="1164" /><ent r="4" t="26" w="370" /><ent r="3" t="26" w="601" /><ent r="3" t="29" w="466" /><ent r="3" t="31" w="1290" /><ent r="4" t="34" w="1815" /><ent r="4" t="34" w="1872" /><ent r="4" t="34" w="1909" /><ent r="7" t="36" w="603" /><ent r="7" t="36" w="736" /><ent r="6" t="44" w="297" /></phr></stem><stem n="diagram"><phr n="diagrams"><ent r="4" t="9" w="289" /></phr></stem><stem n="network"><phr n="Network"><ent r="4" t="9" w="291" /><ent r="3" t="16" w="169" /><ent r="4" t="31" w="764" /></phr><phr n="network"><ent r="3" t="9" w="329" /><ent r="3" t="16" w="180" /><ent r="9" t="16" w="708" /><ent r="9" t="16" w="865" /><ent r="4" t="31" w="773" /></phr><phr n="networking"><ent r="3" t="31" w="1511" /><ent r="3" t="31" w="1524" /></phr></stem><stem n="deploy"><phr n="Deployment"><ent r="4" t="9" w="292" /></phr><phr n="deployment"><ent r="3" t="9" w="324" /></phr></stem><stem n="guid"><phr n="Guide"><ent r="4" t="9" w="293" /></phr></stem><stem n="appendix"><phr n="appendix"><ent r="4" t="9" w="297" /></phr></stem><stem n="‘*’"><phr n="‘*’"><ent r="3" t="9" w="334" /><ent r="4" t="27" w="716" /></phr></stem><stem n="asterisk"><phr n="asterisk"><ent r="3" t="9" w="334" /><ent r="4" t="42" w="138" /></phr></stem><stem n="(asterisk)"><phr n="(asterisk)"><ent r="3" t="9" w="335" /></phr></stem><stem n="r"><phr n="R"><ent r="5" t="9" w="365" /></phr></stem><stem n=":organ"><phr n=":organizing"><ent r="100" t="10" w="17" /><ent r="100" t="10" w="20" /><ent r="100" t="10" w="23" /></phr></stem><stem n="sens"><phr n="sense"><ent r="3" t="10" w="39" /></phr></stem><stem n="&quot;administrator&quot;"><phr n="&quot;Administrator&quot;"><ent r="3" t="10" w="62" /></phr></stem><stem n="organiz"><phr n="organizational"><ent r="3" t="10" w="70" /></phr></stem><stem n="move"><phr n="Move"><ent r="7" t="10" w="127" /><ent r="9" t="10" w="143" /><ent r="7" t="10" w="172" /><ent r="9" t="10" w="187" /><ent r="7" t="32" w="226" /><ent r="7" t="32" w="310" /></phr><phr n="moved"><ent r="8" t="10" w="139" /><ent r="7" t="10" w="168" /><ent r="7" t="22" w="268" /><ent r="4" t="23" w="306" /><ent r="4" t="24" w="251" /></phr><phr n="move"><ent r="7" t="10" w="159" /><ent r="8" t="10" w="183" /><ent r="4" t="15" w="149" /><ent r="6" t="32" w="317" /><ent r="6" t="32" w="517" /></phr><phr n="Moves"><ent r="6" t="32" w="493" /></phr></stem><stem n="destin"><phr n="destination"><ent r="8" t="10" w="148" /><ent r="8" t="10" w="192" /><ent r="9" t="16" w="725" /><ent r="4" t="17" w="343" /><ent r="4" t="17" w="395" /><ent r="3" t="17" w="528" /><ent r="3" t="17" w="534" /><ent r="3" t="18" w="208" /><ent r="7" t="28" w="236" /><ent r="6" t="32" w="504" /><ent r="6" t="32" w="524" /><ent r="3" t="34" w="67" /><ent r="4" t="34" w="305" /><ent r="4" t="34" w="420" /><ent r="4" t="34" w="465" /><ent r="4" t="34" w="525" /><ent r="3" t="34" w="600" /><ent r="3" t="34" w="705" /><ent r="4" t="34" w="723" /><ent r="4" t="34" w="955" /><ent r="4" t="34" w="982" /><ent r="5" t="34" w="1054" /><ent r="4" t="34" w="1071" /><ent r="3" t="34" w="1230" /><ent r="3" t="34" w="1385" /><ent r="4" t="34" w="1410" /><ent r="4" t="34" w="1418" /><ent r="4" t="34" w="1449" /><ent r="4" t="34" w="1461" /><ent r="4" t="34" w="1501" /><ent r="4" t="34" w="1524" /><ent r="3" t="34" w="1553" /><ent r="3" t="34" w="1575" /><ent r="4" t="34" w="2039" /><ent r="4" t="34" w="2067" /><ent r="4" t="34" w="2081" /><ent r="6" t="35" w="179" /></phr><phr n="Destination"><ent r="66" t="17" w="192" /><ent r="66" t="17" w="260" /><ent r="4" t="17" w="327" /><ent r="66" t="17" w="355" /><ent r="66" t="17" w="384" /><ent r="82" t="34" w="1215" /><ent r="3" t="34" w="1219" /><ent r="82" t="34" w="1276" /><ent r="3" t="34" w="1282" /><ent r="4" t="34" w="1376" /><ent r="4" t="34" w="1691" /><ent r="3" t="34" w="1764" /><ent r="5" t="34" w="2008" /><ent r="7" t="35" w="175" /></phr><phr n="destinations"><ent r="4" t="34" w="1710" /></phr></stem><stem n="well"><phr n="well"><ent r="7" t="10" w="170" /><ent r="4" t="23" w="189" /><ent r="3" t="31" w="183" /></phr></stem><stem n="empti"><phr n="empty"><ent r="7" t="10" w="211" /><ent r="3" t="27" w="982" /><ent r="3" t="27" w="1004" /><ent r="3" t="27" w="1037" /><ent r="6" t="32" w="564" /><ent r="3" t="34" w="804" /><ent r="7" t="36" w="267" /></phr></stem><stem n="remov"><phr n="removes"><ent r="7" t="10" w="246" /><ent r="6" t="32" w="579" /></phr><phr n="removed"><ent r="4" t="11" w="254" /><ent r="3" t="14" w="515" /><ent r="4" t="21" w="79" /><ent r="4" t="24" w="266" /><ent r="4" t="24" w="286" /><ent r="6" t="32" w="216" /><ent r="6" t="32" w="476" /><ent r="6" t="35" w="292" /></phr><phr n="Removing"><ent r="1000" t="14" w="1" /><ent r="100" t="14" w="8" /><ent r="102" t="14" w="28" /><ent r="3" t="14" w="84" /><ent r="3" t="14" w="164" /><ent r="1000" t="24" w="1" /><ent r="100" t="24" w="8" /><ent r="102" t="24" w="22" /><ent r="67" t="32" w="297" /><ent r="67" t="32" w="621" /></phr><phr n="removing"><ent r="100" t="14" w="16" /><ent r="100" t="14" w="19" /><ent r="100" t="14" w="24" /><ent r="4" t="14" w="257" /><ent r="100" t="24" w="16" /><ent r="3" t="24" w="60" /><ent r="4" t="24" w="141" /></phr><phr n="remove"><ent r="3" t="14" w="72" /><ent r="4" t="14" w="154" /><ent r="4" t="14" w="199" /><ent r="4" t="14" w="233" /><ent r="4" t="18" w="178" /><ent r="4" t="21" w="70" /><ent r="3" t="22" w="22" /><ent r="7" t="22" w="257" /><ent r="3" t="24" w="31" /><ent r="4" t="24" w="105" /><ent r="4" t="24" w="156" /><ent r="4" t="26" w="337" /><ent r="6" t="32" w="600" /><ent r="7" t="36" w="616" /><ent r="3" t="42" w="234" /></phr><phr n="Remove"><ent r="4" t="14" w="309" /><ent r="5" t="14" w="404" /><ent r="5" t="14" w="484" /><ent r="5" t="14" w="492" /><ent r="7" t="22" w="219" /><ent r="7" t="35" w="260" /><ent r="6" t="35" w="263" /><ent r="7" t="36" w="370" /><ent r="3" t="42" w="268" /></phr><phr n="Removes"><ent r="6" t="32" w="547" /><ent r="6" t="44" w="509" /></phr></stem><stem n="untouch"><phr n="untouched"><ent r="7" t="10" w="259" /></phr></stem><stem n="back"><phr n="back"><ent r="7" t="10" w="268" /><ent r="4" t="14" w="130" /><ent r="7" t="22" w="269" /><ent r="6" t="29" w="116" /><ent r="6" t="29" w="130" /><ent r="6" t="29" w="248" /><ent r="6" t="29" w="263" /><ent r="6" t="29" w="278" /><ent r="3" t="29" w="489" /><ent r="3" t="31" w="1498" /><ent r="3" t="31" w="1544" /><ent r="6" t="32" w="612" /><ent r="6" t="35" w="346" /><ent r="6" t="35" w="356" /><ent r="4" t="36" w="70" /><ent r="7" t="36" w="633" /></phr><phr n="Back"><ent r="7" t="29" w="187" /><ent r="6" t="29" w="192" /><ent r="6" t="29" w="226" /><ent r="7" t="29" w="240" /><ent r="7" t="29" w="255" /><ent r="7" t="29" w="270" /><ent r="8" t="29" w="421" /></phr></stem><stem n="collaps"><phr n="Collapse"><ent r="7" t="10" w="292" /></phr><phr n="collapse"><ent r="8" t="10" w="309" /></phr><phr n="Collapsible"><ent r="4" t="31" w="1058" /></phr><phr n="collapsed"><ent r="3" t="31" w="1084" /></phr></stem><stem n="expand"><phr n="expand"><ent r="7" t="10" w="294" /><ent r="8" t="10" w="311" /><ent r="4" t="16" w="245" /></phr><phr n="expanded"><ent r="3" t="29" w="521" /><ent r="3" t="31" w="1102" /></phr></stem><stem n="[-]"><phr n="[-]"><ent r="8" t="10" w="299" /></phr></stem><stem n="[+]"><phr n="[+]"><ent r="8" t="10" w="301" /></phr></stem><stem n="marker"><phr n="markers"><ent r="8" t="10" w="301" /></phr></stem><stem n=":ad"><phr n=":adding"><ent r="100" t="11" w="16" /><ent r="100" t="11" w="20" /><ent r="100" t="11" w="24" /><ent r="100" t="23" w="16" /></phr></stem><stem n="ssg"><phr n="SSG"><ent r="100" t="11" w="22" /></phr></stem><stem n="'administrator'"><phr n="'Administrator'"><ent r="3" t="11" w="40" /><ent r="3" t="13" w="94" /><ent r="3" t="15" w="87" /><ent r="3" t="19" w="20" /><ent r="3" t="20" w="26" /><ent r="3" t="21" w="30" /><ent r="3" t="23" w="35" /><ent r="3" t="24" w="54" /><ent r="3" t="25" w="43" /><ent r="3" t="31" w="195" /><ent r="3" t="32" w="65" /><ent r="3" t="35" w="42" /><ent r="3" t="38" w="45" /><ent r="3" t="39" w="64" /><ent r="3" t="43" w="27" /><ent r="3" t="44" w="24" /><ent r="6" t="44" w="264" /></phr></stem><stem n="assum"><phr n="assumes"><ent r="3" t="11" w="62" /></phr><phr n="assuming"><ent r="3" t="17" w="40" /><ent r="3" t="27" w="559" /></phr><phr n="assume"><ent r="6" t="38" w="113" /></phr></stem><stem n="alreadi"><phr n="already"><ent r="4" t="11" w="111" /><ent r="4" t="13" w="292" /><ent r="6" t="32" w="534" /><ent r="4" t="34" w="1406" /><ent r="4" t="34" w="1457" /></phr></stem><stem n="defin"><phr n="defined"><ent r="4" t="11" w="137" /><ent r="7" t="15" w="645" /><ent r="4" t="16" w="66" /><ent r="7" t="16" w="1278" /><ent r="4" t="27" w="428" /><ent r="3" t="27" w="513" /><ent r="4" t="31" w="636" /><ent r="4" t="31" w="823" /><ent r="7" t="31" w="1230" /><ent r="3" t="36" w="133" /><ent r="7" t="36" w="487" /><ent r="6" t="44" w="253" /></phr><phr n="define"><ent r="4" t="19" w="262" /><ent r="4" t="31" w="508" /><ent r="3" t="31" w="711" /></phr></stem><stem n="(optional)"><phr n="(Optional)"><ent r="4" t="11" w="157" /><ent r="4" t="17" w="558" /></phr></stem><stem n="edit"><phr n="Edit"><ent r="5" t="11" w="170" /><ent r="5" t="34" w="1973" /><ent r="4" t="34" w="1980" /><ent r="3" t="34" w="1986" /></phr><phr n="editable"><ent r="4" t="12" w="307" /></phr><phr n="Editing"><ent r="1000" t="20" w="1" /><ent r="100" t="20" w="6" /><ent r="102" t="20" w="14" /></phr><phr n="editing"><ent r="100" t="20" w="12" /><ent r="8" t="32" w="342" /><ent r="8" t="32" w="378" /></phr><phr n="edit"><ent r="3" t="20" w="30" /><ent r="4" t="20" w="79" /></phr></stem><stem n="button"><phr n="button"><ent r="4" t="11" w="172" /><ent r="3" t="17" w="516" /><ent r="4" t="26" w="689" /><ent r="6" t="32" w="228" /><ent r="6" t="32" w="312" /><ent r="6" t="32" w="577" /><ent r="3" t="34" w="1382" /><ent r="7" t="36" w="569" /><ent r="6" t="36" w="1595" /><ent r="6" t="39" w="115" /></phr><phr n="buttons"><ent r="3" t="32" w="102" /><ent r="3" t="32" w="122" /><ent r="5" t="32" w="152" /></phr></stem></index>