﻿<?xml version="1.0" encoding="utf-8"?><index><stem n="migrat"><phr n="migrate"><ent r="4" t="2" w="94" /><ent r="3" t="17" w="32" /><ent r="4" t="17" w="125" /><ent r="5" t="17" w="209" /><ent r="4" t="17" w="245" /><ent r="3" t="17" w="267" /><ent r="5" t="34" w="1303" /><ent r="4" t="34" w="1330" /><ent r="4" t="34" w="1598" /></phr><phr n="migrations"><ent r="4" t="2" w="107" /><ent r="3" t="17" w="626" /><ent r="100" t="18" w="14" /><ent r="64" t="18" w="30" /><ent r="4" t="18" w="66" /><ent r="4" t="18" w="94" /><ent r="4" t="18" w="107" /><ent r="3" t="34" w="1138" /><ent r="4" t="34" w="1148" /><ent r="3" t="35" w="48" /><ent r="3" t="35" w="57" /><ent r="6" t="35" w="82" /><ent r="6" t="35" w="286" /></phr><phr n="Migration"><ent r="65" t="3" w="76" /><ent r="64" t="17" w="87" /><ent r="3" t="17" w="105" /><ent r="65" t="17" w="132" /><ent r="5" t="17" w="161" /><ent r="65" t="17" w="168" /><ent r="3" t="17" w="530" /><ent r="65" t="17" w="576" /><ent r="92" t="17" w="615" /><ent r="1000" t="18" w="2" /><ent r="100" t="18" w="6" /><ent r="100" t="18" w="9" /><ent r="102" t="18" w="17" /><ent r="4" t="18" w="54" /><ent r="4" t="18" w="119" /><ent r="126" t="33" w="53" /><ent r="1000" t="34" w="1" /><ent r="100" t="34" w="4" /><ent r="102" t="34" w="9" /><ent r="3" t="34" w="22" /><ent r="3" t="34" w="93" /><ent r="4" t="34" w="236" /><ent r="3" t="34" w="532" /><ent r="92" t="34" w="549" /><ent r="82" t="34" w="972" /><ent r="4" t="34" w="1033" /><ent r="4" t="34" w="1059" /><ent r="92" t="34" w="1081" /><ent r="3" t="34" w="1096" /><ent r="82" t="34" w="1100" /><ent r="4" t="34" w="1126" /><ent r="4" t="34" w="1188" /><ent r="100" t="35" w="7" /><ent r="64" t="35" w="64" /><ent r="6" t="35" w="135" /><ent r="67" t="35" w="140" /><ent r="7" t="35" w="451" /></phr><phr n="migrating"><ent r="64" t="3" w="142" /><ent r="64" t="8" w="86" /><ent r="64" t="13" w="191" /><ent r="100" t="17" w="14" /><ent r="100" t="17" w="17" /><ent r="3" t="17" w="84" /><ent r="65" t="19" w="310" /><ent r="64" t="23" w="112" /><ent r="4" t="34" w="194" /><ent r="3" t="34" w="557" /><ent r="64" t="44" w="205" /></phr><phr n="migration"><ent r="6" t="3" w="504" /><ent r="3" t="17" w="100" /><ent r="4" t="17" w="143" /><ent r="4" t="17" w="205" /><ent r="4" t="17" w="226" /><ent r="3" t="17" w="470" /><ent r="4" t="17" w="478" /><ent r="4" t="17" w="480" /><ent r="4" t="17" w="487" /><ent r="4" t="17" w="551" /><ent r="4" t="17" w="560" /><ent r="4" t="17" w="571" /><ent r="4" t="17" w="613" /><ent r="4" t="18" w="49" /><ent r="4" t="18" w="110" /><ent r="3" t="18" w="126" /><ent r="3" t="18" w="139" /><ent r="3" t="18" w="152" /><ent r="4" t="18" w="171" /><ent r="4" t="18" w="192" /><ent r="3" t="18" w="197" /><ent r="4" t="18" w="229" /><ent r="3" t="34" w="77" /><ent r="3" t="34" w="121" /><ent r="3" t="34" w="161" /><ent r="4" t="34" w="223" /><ent r="3" t="34" w="376" /><ent r="3" t="34" w="573" /><ent r="3" t="34" w="826" /><ent r="3" t="34" w="867" /><ent r="3" t="34" w="907" /><ent r="3" t="34" w="982" /><ent r="4" t="34" w="988" /><ent r="4" t="34" w="1051" /><ent r="3" t="34" w="1113" /><ent r="3" t="34" w="1131" /><ent r="4" t="34" w="1168" /><ent r="4" t="34" w="1182" /><ent r="4" t="34" w="1325" /><ent r="4" t="34" w="1339" /><ent r="4" t="34" w="1415" /><ent r="4" t="34" w="1433" /><ent r="3" t="34" w="1567" /><ent r="4" t="34" w="1684" /><ent r="4" t="34" w="1808" /><ent r="3" t="34" w="1919" /><ent r="4" t="34" w="2010" /><ent r="64" t="35" w="24" /><ent r="3" t="35" w="31" /><ent r="6" t="35" w="105" /><ent r="6" t="35" w="122" /><ent r="6" t="35" w="152" /><ent r="6" t="35" w="174" /><ent r="6" t="35" w="186" /><ent r="6" t="35" w="215" /><ent r="6" t="35" w="307" /><ent r="6" t="35" w="313" /><ent r="6" t="35" w="356" /><ent r="7" t="35" w="396" /><ent r="6" t="35" w="414" /><ent r="6" t="35" w="431" /><ent r="6" t="35" w="459" /></phr><phr n="Migrating"><ent r="1000" t="17" w="1" /><ent r="100" t="17" w="7" /><ent r="102" t="17" w="19" /><ent r="3" t="17" w="48" /><ent r="4" t="34" w="165" /><ent r="4" t="34" w="185" /><ent r="65" t="34" w="240" /></phr><phr n="Migrate"><ent r="65" t="17" w="256" /><ent r="65" t="17" w="373" /><ent r="82" t="34" w="1254" /><ent r="3" t="34" w="1262" /><ent r="3" t="34" w="1740" /></phr><phr n="migrated"><ent r="3" t="34" w="59" /><ent r="3" t="34" w="250" /><ent r="3" t="34" w="582" /><ent r="3" t="34" w="611" /><ent r="3" t="34" w="616" /><ent r="3" t="34" w="676" /><ent r="3" t="34" w="762" /><ent r="4" t="34" w="914" /><ent r="4" t="34" w="937" /><ent r="4" t="34" w="946" /><ent r="4" t="34" w="968" /><ent r="4" t="34" w="1018" /><ent r="3" t="34" w="1282" /><ent r="4" t="34" w="1604" /><ent r="6" t="35" w="200" /><ent r="6" t="35" w="267" /></phr><phr n="Migrations"><ent r="3" t="34" w="1105" /><ent r="6" t="35" w="123" /></phr></stem><stem n="anoth"><phr n="another"><ent r="4" t="2" w="102" /><ent r="6" t="10" w="133" /><ent r="7" t="15" w="523" /><ent r="7" t="15" w="760" /><ent r="3" t="17" w="39" /><ent r="3" t="18" w="161" /><ent r="3" t="23" w="38" /><ent r="3" t="23" w="63" /><ent r="6" t="32" w="286" /><ent r="6" t="32" w="491" /><ent r="3" t="34" w="38" /><ent r="3" t="34" w="45" /><ent r="4" t="34" w="173" /><ent r="4" t="34" w="191" /><ent r="3" t="34" w="563" /><ent r="7" t="36" w="601" /></phr></stem><stem n="previou"><phr n="previous"><ent r="4" t="2" w="106" /><ent r="4" t="7" w="428" /><ent r="4" t="7" w="459" /><ent r="4" t="17" w="142" /><ent r="7" t="31" w="1258" /><ent r="7" t="31" w="1268" /><ent r="3" t="31" w="1301" /><ent r="6" t="32" w="273" /><ent r="3" t="34" w="1112" /><ent r="3" t="34" w="1130" /><ent r="4" t="34" w="1181" /><ent r="4" t="34" w="1866" /><ent r="6" t="36" w="1351" /></phr></stem><stem n="report"><phr n="Reports"><ent r="5" t="2" w="119" /><ent r="65" t="2" w="136" /><ent r="65" t="3" w="79" /><ent r="1000" t="26" w="2" /><ent r="100" t="26" w="5" /><ent r="100" t="26" w="7" /><ent r="102" t="26" w="10" /><ent r="3" t="26" w="12" /><ent r="64" t="26" w="18" /><ent r="64" t="26" w="44" /><ent r="64" t="26" w="162" /><ent r="5" t="26" w="520" /><ent r="3" t="26" w="762" /><ent r="3" t="26" w="771" /><ent r="64" t="26" w="791" /><ent r="64" t="26" w="797" /><ent r="3" t="27" w="97" /><ent r="65" t="27" w="330" /><ent r="1000" t="28" w="2" /><ent r="100" t="28" w="5" /><ent r="100" t="28" w="7" /><ent r="102" t="28" w="10" /><ent r="3" t="28" w="14" /><ent r="64" t="28" w="19" /><ent r="3" t="28" w="102" /><ent r="1000" t="36" w="1" /><ent r="100" t="36" w="4" /><ent r="100" t="36" w="8" /><ent r="102" t="36" w="10" /><ent r="3" t="36" w="14" /><ent r="64" t="36" w="168" /><ent r="3" t="36" w="177" /><ent r="5" t="36" w="195" /><ent r="7" t="36" w="873" /><ent r="7" t="36" w="985" /><ent r="7" t="36" w="1169" /><ent r="92" t="36" w="1413" /><ent r="3" t="36" w="1417" /><ent r="4" t="36" w="1472" /></phr><phr n="reports"><ent r="4" t="2" w="124" /><ent r="3" t="26" w="91" /><ent r="5" t="26" w="513" /><ent r="3" t="28" w="24" /><ent r="7" t="28" w="176" /><ent r="6" t="28" w="185" /><ent r="6" t="28" w="191" /><ent r="7" t="28" w="257" /><ent r="7" t="28" w="300" /><ent r="7" t="28" w="309" /><ent r="6" t="28" w="317" /><ent r="3" t="29" w="468" /><ent r="3" t="36" w="31" /><ent r="4" t="36" w="104" /><ent r="4" t="36" w="201" /><ent r="4" t="36" w="213" /><ent r="7" t="36" w="973" /><ent r="7" t="36" w="1069" /><ent r="3" t="36" w="1422" /><ent r="6" t="36" w="1509" /><ent r="6" t="36" w="1547" /><ent r="6" t="36" w="1717" /><ent r="6" t="41" w="197" /><ent r="6" t="41" w="230" /></phr><phr n="report"><ent r="64" t="3" w="138" /><ent r="64" t="8" w="94" /><ent r="3" t="26" w="40" /><ent r="3" t="26" w="50" /><ent r="3" t="26" w="112" /><ent r="3" t="26" w="125" /><ent r="4" t="26" w="138" /><ent r="4" t="26" w="179" /><ent r="4" t="26" w="208" /><ent r="3" t="26" w="252" /><ent r="4" t="26" w="278" /><ent r="4" t="26" w="319" /><ent r="4" t="26" w="358" /><ent r="4" t="26" w="390" /><ent r="4" t="26" w="480" /><ent r="4" t="26" w="495" /><ent r="4" t="26" w="526" /><ent r="3" t="26" w="559" /><ent r="4" t="26" w="624" /><ent r="4" t="26" w="652" /><ent r="4" t="26" w="657" /><ent r="4" t="26" w="664" /><ent r="4" t="26" w="674" /><ent r="4" t="26" w="708" /><ent r="3" t="26" w="725" /><ent r="3" t="26" w="746" /><ent r="3" t="26" w="774" /><ent r="64" t="27" w="28" /><ent r="3" t="27" w="55" /><ent r="4" t="27" w="157" /><ent r="4" t="27" w="214" /><ent r="4" t="27" w="248" /><ent r="3" t="27" w="271" /><ent r="4" t="27" w="336" /><ent r="4" t="27" w="446" /><ent r="4" t="27" w="485" /><ent r="3" t="27" w="639" /><ent r="4" t="27" w="880" /><ent r="3" t="27" w="968" /><ent r="4" t="28" w="36" /><ent r="4" t="28" w="54" /><ent r="4" t="28" w="66" /><ent r="3" t="28" w="95" /><ent r="7" t="28" w="123" /><ent r="7" t="28" w="127" /><ent r="7" t="28" w="136" /><ent r="7" t="28" w="150" /><ent r="7" t="28" w="162" /><ent r="7" t="28" w="217" /><ent r="7" t="28" w="231" /><ent r="7" t="28" w="237" /><ent r="6" t="28" w="277" /><ent r="7" t="28" w="294" /><ent r="6" t="28" w="327" /><ent r="3" t="29" w="27" /><ent r="3" t="36" w="24" /><ent r="4" t="36" w="102" /><ent r="3" t="36" w="164" /><ent r="4" t="36" w="192" /><ent r="4" t="36" w="235" /><ent r="7" t="36" w="251" /><ent r="7" t="36" w="263" /><ent r="7" t="36" w="278" /><ent r="7" t="36" w="312" /><ent r="7" t="36" w="323" /><ent r="7" t="36" w="335" /><ent r="7" t="36" w="354" /><ent r="7" t="36" w="377" /><ent r="7" t="36" w="408" /><ent r="7" t="36" w="440" /><ent r="7" t="36" w="488" /><ent r="7" t="36" w="504" /><ent r="7" t="36" w="542" /><ent r="7" t="36" w="549" /><ent r="7" t="36" w="660" /><ent r="7" t="36" w="666" /><ent r="7" t="36" w="829" /><ent r="7" t="36" w="848" /><ent r="7" t="36" w="854" /><ent r="7" t="36" w="903" /><ent r="7" t="36" w="918" /><ent r="7" t="36" w="966" /><ent r="7" t="36" w="1047" /><ent r="7" t="36" w="1058" /><ent r="7" t="36" w="1063" /><ent r="7" t="36" w="1079" /><ent r="7" t="36" w="1093" /><ent r="7" t="36" w="1102" /><ent r="7" t="36" w="1115" /><ent r="7" t="36" w="1134" /><ent r="7" t="36" w="1162" /><ent r="6" t="36" w="1251" /><ent r="6" t="36" w="1291" /><ent r="6" t="36" w="1346" /><ent r="6" t="36" w="1404" /><ent r="3" t="36" w="1431" /><ent r="6" t="36" w="1484" /><ent r="6" t="36" w="1527" /><ent r="6" t="36" w="1563" /><ent r="6" t="36" w="1579" /><ent r="6" t="36" w="1596" /><ent r="6" t="36" w="1624" /><ent r="7" t="36" w="1639" /><ent r="7" t="36" w="1657" /><ent r="7" t="36" w="1669" /><ent r="6" t="36" w="1687" /><ent r="6" t="36" w="1704" /></phr><phr n="Report"><ent r="64" t="26" w="56" /><ent r="5" t="26" w="169" /><ent r="5" t="26" w="189" /><ent r="4" t="26" w="485" /><ent r="5" t="26" w="642" /><ent r="5" t="26" w="669" /><ent r="4" t="26" w="692" /><ent r="3" t="27" w="92" /><ent r="4" t="28" w="112" /><ent r="68" t="28" w="155" /><ent r="1000" t="29" w="3" /><ent r="100" t="29" w="8" /><ent r="100" t="29" w="11" /><ent r="102" t="29" w="16" /><ent r="4" t="29" w="32" /><ent r="5" t="36" w="182" /><ent r="92" t="36" w="217" /><ent r="8" t="36" w="401" /><ent r="7" t="36" w="834" /><ent r="7" t="36" w="867" /><ent r="7" t="36" w="919" /><ent r="8" t="36" w="1052" /><ent r="7" t="36" w="1083" /><ent r="8" t="36" w="1089" /><ent r="7" t="36" w="1179" /><ent r="6" t="36" w="1584" /></phr><phr n="reporting"><ent r="3" t="26" w="63" /><ent r="3" t="26" w="158" /><ent r="4" t="26" w="378" /><ent r="4" t="26" w="700" /><ent r="7" t="36" w="438" /><ent r="7" t="36" w="473" /></phr><phr n="reported"><ent r="4" t="26" w="228" /><ent r="3" t="26" w="564" /><ent r="3" t="27" w="276" /><ent r="6" t="36" w="1613" /></phr></stem><stem n="gener"><phr n="generate"><ent r="4" t="2" w="123" /><ent r="4" t="26" w="181" /><ent r="4" t="26" w="662" /><ent r="3" t="31" w="474" /><ent r="3" t="36" w="22" /><ent r="4" t="36" w="189" /><ent r="7" t="36" w="410" /><ent r="7" t="36" w="547" /><ent r="6" t="36" w="1690" /></phr><phr n="generated"><ent r="4" t="2" w="148" /><ent r="4" t="4" w="177" /><ent r="3" t="26" w="39" /><ent r="3" t="26" w="255" /><ent r="7" t="28" w="122" /><ent r="7" t="28" w="161" /><ent r="7" t="28" w="293" /><ent r="4" t="36" w="212" /><ent r="7" t="36" w="917" /><ent r="7" t="36" w="1068" /><ent r="3" t="36" w="1428" /><ent r="3" t="37" w="21" /><ent r="7" t="38" w="272" /></phr><phr n="generating"><ent r="64" t="3" w="136" /><ent r="64" t="8" w="92" /><ent r="4" t="27" w="155" /><ent r="4" t="36" w="233" /><ent r="3" t="42" w="231" /></phr><phr n="Generating"><ent r="1000" t="26" w="1" /><ent r="100" t="26" w="4" /><ent r="102" t="26" w="9" /><ent r="65" t="27" w="329" /><ent r="100" t="36" w="7" /><ent r="64" t="36" w="167" /></phr><phr n="Generate"><ent r="5" t="26" w="668" /><ent r="5" t="36" w="180" /><ent r="92" t="36" w="215" /><ent r="8" t="36" w="1088" /><ent r="5" t="42" w="206" /></phr><phr n="Generated"><ent r="3" t="26" w="761" /><ent r="3" t="26" w="770" /><ent r="64" t="26" w="790" /><ent r="3" t="28" w="13" /><ent r="3" t="28" w="101" /><ent r="4" t="28" w="111" /><ent r="5" t="36" w="194" /><ent r="92" t="36" w="1412" /><ent r="3" t="36" w="1416" /><ent r="4" t="36" w="1471" /></phr></stem><stem n="show"><phr n="showing"><ent r="4" t="2" w="125" /><ent r="4" t="27" w="897" /><ent r="3" t="31" w="1392" /><ent r="6" t="36" w="1601" /></phr><phr n="shows"><ent r="3" t="3" w="84" /><ent r="4" t="3" w="361" /><ent r="3" t="27" w="561" /><ent r="3" t="28" w="22" /><ent r="7" t="36" w="337" /><ent r="7" t="36" w="617" /><ent r="6" t="44" w="429" /><ent r="6" t="44" w="444" /></phr><phr n="show"><ent r="6" t="3" w="449" /><ent r="6" t="3" w="570" /><ent r="6" t="3" w="803" /><ent r="6" t="3" w="878" /><ent r="4" t="7" w="444" /><ent r="3" t="26" w="119" /><ent r="3" t="31" w="855" /><ent r="6" t="38" w="218" /></phr></stem><stem n="perform"><phr n="performance"><ent r="4" t="2" w="126" /><ent r="6" t="3" w="697" /><ent r="4" t="27" w="899" /><ent r="4" t="36" w="37" /><ent r="4" t="36" w="100" /></phr><phr n="performed"><ent r="3" t="2" w="304" /><ent r="4" t="6" w="53" /><ent r="4" t="6" w="140" /><ent r="3" t="7" w="47" /><ent r="3" t="10" w="47" /><ent r="3" t="14" w="182" /><ent r="4" t="18" w="97" /><ent r="3" t="18" w="199" /><ent r="3" t="34" w="1139" /><ent r="3" t="35" w="32" /><ent r="6" t="35" w="83" /><ent r="6" t="35" w="154" /></phr><phr n="performing"><ent r="4" t="4" w="140" /><ent r="3" t="13" w="113" /><ent r="3" t="13" w="244" /><ent r="4" t="19" w="303" /><ent r="7" t="38" w="235" /></phr><phr n="Perform"><ent r="3" t="7" w="50" /><ent r="3" t="8" w="26" /></phr><phr n="perform"><ent r="4" t="7" w="109" /><ent r="3" t="10" w="66" /><ent r="3" t="13" w="184" /><ent r="4" t="19" w="348" /><ent r="4" t="19" w="380" /><ent r="3" t="23" w="105" /><ent r="6" t="32" w="279" /><ent r="3" t="34" w="75" /><ent r="4" t="42" w="204" /><ent r="4" t="44" w="138" /><ent r="3" t="44" w="198" /></phr><phr n="performs"><ent r="4" t="21" w="100" /><ent r="4" t="23" w="347" /><ent r="4" t="24" w="292" /></phr><phr n="Performance"><ent r="5" t="26" w="183" /><ent r="5" t="26" w="511" /><ent r="3" t="27" w="90" /><ent r="3" t="29" w="466" /><ent r="5" t="36" w="33" /><ent r="8" t="36" w="412" /><ent r="7" t="36" w="871" /></phr></stem><stem n="usag"><phr n="usage"><ent r="4" t="2" w="128" /><ent r="4" t="27" w="902" /><ent r="8" t="31" w="307" /><ent r="7" t="31" w="329" /><ent r="8" t="31" w="394" /><ent r="4" t="36" w="76" /></phr><phr n="Usage"><ent r="5" t="26" w="188" /><ent r="5" t="26" w="519" /><ent r="3" t="27" w="96" /><ent r="5" t="36" w="71" /><ent r="4" t="36" w="93" /><ent r="4" t="36" w="103" /><ent r="8" t="36" w="417" /><ent r="7" t="36" w="866" /></phr></stem><stem n="statist"><phr n="statistics"><ent r="4" t="2" w="129" /><ent r="3" t="2" w="354" /><ent r="3" t="15" w="35" /><ent r="3" t="15" w="62" /><ent r="4" t="15" w="177" /><ent r="7" t="15" w="292" /><ent r="7" t="15" w="306" /><ent r="4" t="27" w="229" /><ent r="4" t="27" w="254" /><ent r="4" t="27" w="900" /><ent r="3" t="31" w="838" /><ent r="3" t="31" w="873" /><ent r="3" t="31" w="986" /><ent r="3" t="31" w="1017" /><ent r="4" t="36" w="38" /><ent r="4" t="36" w="50" /><ent r="4" t="36" w="101" /></phr><phr n="statistic"><ent r="7" t="15" w="314" /></phr><phr n="Statistics"><ent r="5" t="26" w="184" /><ent r="5" t="26" w="512" /><ent r="3" t="27" w="91" /><ent r="5" t="36" w="34" /><ent r="5" t="36" w="72" /><ent r="8" t="36" w="413" /><ent r="8" t="36" w="418" /><ent r="7" t="36" w="872" /></phr><phr n="Statistic"><ent r="3" t="29" w="467" /></phr></stem><stem n="tool"><phr n="Tools"><ent r="5" t="2" w="140" /><ent r="65" t="2" w="160" /><ent r="4" t="4" w="47" /><ent r="4" t="4" w="110" /><ent r="3" t="4" w="493" /><ent r="1000" t="37" w="1" /><ent r="100" t="37" w="4" /><ent r="102" t="37" w="7" /><ent r="3" t="37" w="11" /></phr><phr n="tool"><ent r="6" t="3" w="1099" /></phr></stem><stem n="audit"><phr n="audit"><ent r="4" t="2" w="145" /><ent r="3" t="4" w="122" /><ent r="7" t="4" w="260" /><ent r="7" t="4" w="377" /><ent r="7" t="4" w="423" /><ent r="7" t="4" w="454" /><ent r="6" t="4" w="474" /><ent r="69" t="15" w="409" /><ent r="8" t="15" w="453" /><ent r="8" t="31" w="238" /><ent r="7" t="31" w="243" /><ent r="7" t="31" w="255" /><ent r="4" t="31" w="593" /><ent r="7" t="31" w="1143" /><ent r="3" t="37" w="17" /><ent r="3" t="38" w="14" /><ent r="3" t="38" w="31" /><ent r="6" t="38" w="77" /><ent r="6" t="38" w="142" /><ent r="6" t="38" w="171" /><ent r="6" t="38" w="192" /><ent r="6" t="38" w="215" /><ent r="6" t="38" w="306" /><ent r="6" t="38" w="320" /><ent r="6" t="38" w="330" /><ent r="6" t="38" w="352" /></phr><phr n="Audits"><ent r="1000" t="4" w="2" /><ent r="100" t="4" w="7" /><ent r="100" t="4" w="11" /><ent r="102" t="4" w="18" /><ent r="3" t="4" w="56" /><ent r="69" t="15" w="420" /><ent r="69" t="15" w="463" /><ent r="8" t="15" w="488" /><ent r="100" t="31" w="459" /><ent r="82" t="31" w="463" /><ent r="5" t="31" w="562" /><ent r="65" t="31" w="577" /><ent r="126" t="37" w="33" /><ent r="1000" t="38" w="1" /><ent r="100" t="38" w="4" /><ent r="102" t="38" w="7" /><ent r="3" t="38" w="11" /><ent r="3" t="38" w="51" /><ent r="64" t="38" w="60" /><ent r="4" t="38" w="67" /><ent r="64" t="39" w="38" /><ent r="64" t="39" w="92" /></phr><phr n="audits"><ent r="3" t="4" w="86" /><ent r="4" t="4" w="128" /><ent r="4" t="4" w="169" /><ent r="7" t="4" w="225" /><ent r="7" t="4" w="272" /><ent r="7" t="4" w="283" /><ent r="7" t="4" w="286" /><ent r="7" t="4" w="387" /><ent r="7" t="4" w="403" /><ent r="7" t="4" w="438" /><ent r="4" t="31" w="480" /><ent r="7" t="38" w="223" /><ent r="7" t="38" w="264" /></phr><phr n="Audit"><ent r="82" t="4" w="94" /><ent r="3" t="4" w="97" /><ent r="4" t="4" w="104" /><ent r="4" t="4" w="215" /><ent r="3" t="31" w="626" /></phr></stem><stem n="assign"><phr n="assign"><ent r="4" t="2" w="180" /><ent r="4" t="6" w="283" /><ent r="4" t="19" w="334" /><ent r="3" t="34" w="793" /><ent r="4" t="44" w="182" /><ent r="6" t="44" w="491" /></phr><phr n="assigning"><ent r="4" t="6" w="97" /></phr><phr n="assigned"><ent r="3" t="13" w="93" /><ent r="3" t="22" w="74" /><ent r="4" t="23" w="192" /><ent r="3" t="36" w="146" /><ent r="6" t="44" w="469" /><ent r="6" t="44" w="510" /></phr><phr n="Assigned"><ent r="9" t="16" w="736" /><ent r="7" t="22" w="193" /><ent r="7" t="22" w="217" /><ent r="7" t="22" w="249" /><ent r="7" t="22" w="253" /><ent r="4" t="23" w="314" /><ent r="5" t="24" w="148" /><ent r="4" t="24" w="254" /><ent r="6" t="44" w="374" /><ent r="6" t="44" w="424" /></phr><phr n="Assign"><ent r="8" t="22" w="207" /><ent r="5" t="23" w="300" /><ent r="7" t="44" w="528" /></phr></stem><stem n="descript"><phr n="description"><ent r="3" t="2" w="196" /><ent r="4" t="19" w="195" /><ent r="4" t="20" w="87" /><ent r="4" t="34" w="230" /><ent r="6" t="44" w="315" /></phr><phr n="Description"><ent r="6" t="3" w="437" /><ent r="7" t="15" w="244" /><ent r="9" t="16" w="362" /><ent r="9" t="16" w="701" /><ent r="9" t="16" w="892" /><ent r="7" t="16" w="1124" /><ent r="5" t="19" w="192" /><ent r="5" t="23" w="184" /><ent r="7" t="31" w="229" /><ent r="6" t="32" w="158" /><ent r="7" t="35" w="75" /><ent r="7" t="36" w="239" /><ent r="7" t="36" w="1219" /><ent r="7" t="36" w="1477" /><ent r="7" t="38" w="72" /><ent r="7" t="39" w="104" /><ent r="7" t="41" w="60" /><ent r="7" t="43" w="60" /><ent r="7" t="43" w="184" /><ent r="7" t="44" w="243" /><ent r="7" t="44" w="311" /></phr><phr n="descriptive"><ent r="7" t="4" w="396" /><ent r="4" t="16" w="297" /></phr></stem><stem n="element"><phr n="elements"><ent r="3" t="2" w="199" /></phr><phr n="Element"><ent r="7" t="15" w="242" /></phr><phr n="element"><ent r="3" t="34" w="1093" /></phr></stem><stem n="specif"><phr n="specific"><ent r="3" t="2" w="200" /><ent r="7" t="4" w="228" /><ent r="7" t="15" w="525" /><ent r="4" t="19" w="354" /><ent r="3" t="23" w="107" /><ent r="3" t="24" w="45" /><ent r="4" t="27" w="658" /><ent r="4" t="36" w="86" /><ent r="7" t="36" w="434" /><ent r="7" t="36" w="467" /><ent r="7" t="36" w="509" /><ent r="7" t="36" w="676" /><ent r="3" t="40" w="20" /><ent r="3" t="42" w="31" /><ent r="4" t="44" w="140" /><ent r="3" t="44" w="200" /></phr></stem><stem n="pleas"><phr n="please"><ent r="3" t="2" w="204" /><ent r="3" t="34" w="643" /></phr><phr n="Please"><ent r="8" t="36" w="619" /></phr></stem><stem n="refer"><phr n="refer"><ent r="3" t="2" w="205" /><ent r="6" t="3" w="707" /><ent r="6" t="3" w="859" /><ent r="3" t="34" w="644" /></phr><phr n="Reference"><ent r="4" t="14" w="270" /><ent r="4" t="14" w="336" /><ent r="4" t="14" w="372" /><ent r="4" t="14" w="420" /><ent r="5" t="17" w="164" /><ent r="5" t="17" w="187" /><ent r="5" t="17" w="251" /><ent r="5" t="17" w="296" /><ent r="5" t="17" w="343" /><ent r="5" t="17" w="368" /><ent r="5" t="17" w="421" /><ent r="4" t="17" w="454" /></phr><phr n="reference"><ent r="4" t="34" w="1944" /></phr></stem><stem n="list"><phr n="Lists"><ent r="92" t="2" w="215" /><ent r="7" t="16" w="1152" /></phr><phr n="list"><ent r="3" t="2" w="226" /><ent r="3" t="2" w="244" /><ent r="3" t="2" w="278" /><ent r="3" t="2" w="295" /><ent r="3" t="2" w="319" /><ent r="3" t="2" w="333" /><ent r="3" t="4" w="84" /><ent r="64" t="4" w="90" /><ent r="3" t="4" w="497" /><ent r="4" t="4" w="548" /><ent r="4" t="4" w="579" /><ent r="4" t="16" w="330" /><ent r="9" t="16" w="590" /><ent r="9" t="16" w="637" /><ent r="9" t="16" w="801" /><ent r="9" t="16" w="941" /><ent r="9" t="16" w="990" /><ent r="7" t="16" w="1181" /><ent r="4" t="17" w="155" /><ent r="3" t="17" w="441" /><ent r="4" t="18" w="64" /><ent r="4" t="18" w="105" /><ent r="3" t="18" w="147" /><ent r="4" t="18" w="253" /><ent r="4" t="20" w="62" /><ent r="4" t="21" w="63" /><ent r="4" t="21" w="82" /><ent r="7" t="22" w="177" /><ent r="7" t="22" w="219" /><ent r="7" t="22" w="233" /><ent r="7" t="22" w="276" /><ent r="7" t="22" w="284" /><ent r="6" t="22" w="293" /><ent r="7" t="22" w="313" /><ent r="4" t="23" w="170" /><ent r="4" t="23" w="206" /><ent r="4" t="23" w="215" /><ent r="4" t="23" w="224" /><ent r="4" t="23" w="232" /><ent r="4" t="23" w="243" /><ent r="4" t="23" w="311" /><ent r="4" t="23" w="316" /><ent r="4" t="23" w="363" /><ent r="4" t="24" w="133" /><ent r="4" t="24" w="151" /><ent r="4" t="24" w="160" /><ent r="4" t="24" w="169" /><ent r="4" t="24" w="177" /><ent r="4" t="24" w="188" /><ent r="4" t="24" w="256" /><ent r="4" t="24" w="261" /><ent r="4" t="24" w="308" /><ent r="4" t="25" w="70" /><ent r="4" t="26" w="174" /><ent r="4" t="26" w="222" /><ent r="4" t="26" w="231" /><ent r="4" t="26" w="243" /><ent r="4" t="26" w="330" /><ent r="4" t="26" w="341" /><ent r="4" t="26" w="363" /><ent r="4" t="26" w="470" /><ent r="3" t="26" w="758" /><ent r="3" t="27" w="505" /><ent r="3" t="27" w="560" /><ent r="3" t="27" w="570" /><ent r="3" t="27" w="624" /><ent r="3" t="28" w="107" /><ent r="3" t="34" w="1120" /><ent r="4" t="34" w="1159" /><ent r="4" t="34" w="1319" /><ent r="4" t="34" w="1667" /><ent r="3" t="34" w="1726" /><ent r="4" t="34" w="1760" /><ent r="6" t="35" w="106" /><ent r="6" t="35" w="311" /><ent r="7" t="35" w="449" /><ent r="7" t="36" w="256" /><ent r="7" t="36" w="258" /><ent r="7" t="36" w="357" /><ent r="7" t="36" w="571" /><ent r="7" t="36" w="586" /><ent r="7" t="36" w="616" /><ent r="7" t="36" w="637" /><ent r="7" t="36" w="805" /><ent r="7" t="36" w="1066" /><ent r="3" t="36" w="1467" /><ent r="6" t="36" w="1630" /><ent r="6" t="38" w="307" /><ent r="6" t="41" w="162" /><ent r="6" t="41" w="178" /><ent r="6" t="41" w="213" /><ent r="6" t="44" w="333" /><ent r="6" t="44" w="415" /><ent r="6" t="44" w="426" /><ent r="6" t="44" w="428" /><ent r="6" t="44" w="441" /><ent r="6" t="44" w="443" /></phr><phr n="List"><ent r="3" t="2" w="234" /><ent r="3" t="2" w="255" /><ent r="82" t="2" w="261" /><ent r="7" t="44" w="418" /></phr><phr n="lists"><ent r="3" t="3" w="32" /><ent r="9" t="16" w="581" /><ent r="3" t="35" w="29" /><ent r="4" t="36" w="199" /><ent r="3" t="36" w="1419" /><ent r="6" t="44" w="379" /></phr><phr n="listed"><ent r="7" t="22" w="191" /><ent r="7" t="22" w="247" /><ent r="3" t="27" w="619" /><ent r="4" t="34" w="522" /><ent r="3" t="36" w="1438" /><ent r="6" t="36" w="1694" /></phr></stem><stem n="control"><phr n="controls"><ent r="3" t="2" w="219" /><ent r="3" t="2" w="236" /><ent r="3" t="2" w="257" /><ent r="64" t="4" w="91" /><ent r="3" t="32" w="70" /><ent r="3" t="36" w="224" /></phr><phr n="control"><ent r="3" t="3" w="45" /><ent r="4" t="18" w="84" /><ent r="3" t="30" w="28" /><ent r="6" t="35" w="93" /><ent r="6" t="38" w="182" /><ent r="6" t="38" w="203" /></phr><phr n="Control"><ent r="7" t="35" w="73" /><ent r="7" t="36" w="237" /><ent r="7" t="36" w="1475" /><ent r="7" t="38" w="70" /><ent r="7" t="39" w="102" /><ent r="7" t="43" w="58" /><ent r="7" t="44" w="241" /></phr><phr n="Controls"><ent r="4" t="36" w="231" /></phr></stem><stem n="avail"><phr n="available"><ent r="3" t="2" w="221" /><ent r="3" t="2" w="269" /><ent r="6" t="3" w="500" /><ent r="6" t="3" w="688" /><ent r="3" t="4" w="55" /><ent r="4" t="7" w="352" /><ent r="3" t="8" w="99" /><ent r="3" t="8" w="315" /><ent r="4" t="11" w="295" /><ent r="3" t="12" w="59" /><ent r="3" t="16" w="1113" /><ent r="4" t="17" w="572" /><ent r="4" t="19" w="214" /><ent r="4" t="23" w="341" /><ent r="3" t="27" w="534" /><ent r="6" t="29" w="299" /><ent r="6" t="32" w="630" /><ent r="7" t="36" w="518" /><ent r="3" t="36" w="1447" /><ent r="6" t="36" w="1697" /></phr><phr n="availability"><ent r="3" t="12" w="432" /><ent r="7" t="29" w="434" /><ent r="3" t="29" w="566" /><ent r="4" t="36" w="68" /></phr><phr n="Availability"><ent r="7" t="29" w="292" /><ent r="67" t="29" w="316" /><ent r="8" t="29" w="430" /><ent r="7" t="29" w="451" /><ent r="82" t="29" w="455" /><ent r="3" t="29" w="462" /><ent r="7" t="32" w="234" /><ent r="7" t="32" w="316" /><ent r="7" t="32" w="474" /><ent r="7" t="32" w="528" /><ent r="7" t="32" w="620" /><ent r="7" t="32" w="653" /><ent r="7" t="32" w="677" /><ent r="7" t="32" w="725" /></phr></stem></index>