<?xml version="1.0" encoding="utf-8"?><index><stem n="welcom"><phr n="Welcome"><ent r="1000" t="0" w="1" /><ent r="102" t="0" w="8" /><ent r="100" t="0" w="15" /></phr><phr n="welcome"><ent r="100" t="0" w="25" /></phr></stem><stem n="enterpris"><phr n="Enterprise"><ent r="1000" t="0" w="4" /><ent r="102" t="0" w="11" /><ent r="100" t="0" w="18" /><ent r="100" t="0" w="22" /><ent r="3" t="0" w="28" /><ent r="4" t="0" w="72" /><ent r="4" t="0" w="113" /><ent r="3" t="0" w="140" /><ent r="64" t="0" w="156" /><ent r="64" t="0" w="166" /><ent r="1000" t="1" w="3" /><ent r="100" t="1" w="15" /><ent r="102" t="1" w="22" /><ent r="3" t="1" w="32" /><ent r="4" t="1" w="53" /><ent r="65" t="1" w="76" /><ent r="5" t="1" w="162" /><ent r="6" t="1" w="196" /><ent r="6" t="1" w="280" /><ent r="100" t="2" w="7" /><ent r="3" t="2" w="16" /><ent r="3" t="2" w="51" /><ent r="4" t="2" w="148" /><ent r="4" t="2" w="168" /><ent r="1000" t="3" w="3" /><ent r="100" t="3" w="8" /><ent r="100" t="3" w="11" /><ent r="102" t="3" w="19" /><ent r="3" t="3" w="48" /><ent r="4" t="3" w="227" /><ent r="3" t="3" w="299" /><ent r="3" t="3" w="359" /><ent r="3" t="3" w="390" /><ent r="4" t="3" w="436" /><ent r="5" t="3" w="490" /><ent r="6" t="3" w="616" /><ent r="6" t="3" w="757" /><ent r="6" t="3" w="856" /><ent r="6" t="3" w="910" /><ent r="6" t="3" w="930" /><ent r="7" t="3" w="1278" /><ent r="7" t="3" w="1396" /><ent r="7" t="3" w="1413" /><ent r="3" t="4" w="23" /><ent r="4" t="4" w="179" /><ent r="4" t="4" w="217" /><ent r="4" t="4" w="231" /><ent r="1000" t="5" w="4" /><ent r="100" t="5" w="8" /><ent r="102" t="5" w="23" /><ent r="3" t="5" w="31" /><ent r="3" t="5" w="55" /><ent r="4" t="5" w="69" /><ent r="3" t="5" w="89" /><ent r="4" t="5" w="138" /><ent r="4" t="5" w="150" /><ent r="4" t="5" w="163" /><ent r="4" t="5" w="192" /><ent r="100" t="6" w="16" /><ent r="3" t="6" w="40" /><ent r="4" t="6" w="61" /><ent r="3" t="6" w="80" /><ent r="64" t="6" w="112" /><ent r="4" t="6" w="119" /><ent r="4" t="6" w="135" /><ent r="64" t="6" w="149" /><ent r="4" t="6" w="174" /><ent r="3" t="6" w="222" /><ent r="4" t="6" w="249" /><ent r="4" t="6" w="282" /><ent r="1000" t="7" w="4" /><ent r="100" t="7" w="10" /><ent r="100" t="7" w="14" /><ent r="102" t="7" w="23" /><ent r="3" t="7" w="36" /><ent r="3" t="7" w="62" /><ent r="4" t="7" w="119" /><ent r="3" t="7" w="138" /><ent r="4" t="7" w="165" /><ent r="4" t="7" w="177" /><ent r="5" t="7" w="185" /><ent r="4" t="7" w="201" /><ent r="4" t="7" w="275" /><ent r="65" t="7" w="399" /><ent r="4" t="7" w="480" /><ent r="65" t="7" w="494" /><ent r="65" t="7" w="510" /><ent r="1000" t="8" w="3" /><ent r="100" t="8" w="12" /><ent r="102" t="8" w="21" /><ent r="3" t="8" w="27" /><ent r="4" t="8" w="62" /><ent r="65" t="8" w="72" /><ent r="3" t="8" w="91" /><ent r="4" t="8" w="116" /><ent r="4" t="8" w="154" /><ent r="4" t="8" w="196" /><ent r="3" t="8" w="205" /><ent r="3" t="8" w="224" /><ent r="3" t="9" w="46" /><ent r="3" t="9" w="54" /><ent r="3" t="9" w="107" /><ent r="64" t="9" w="121" /><ent r="4" t="9" w="200" /><ent r="65" t="9" w="217" /><ent r="4" t="9" w="235" /><ent r="7" t="10" w="252" /><ent r="64" t="11" w="77" /><ent r="64" t="11" w="89" /><ent r="4" t="11" w="104" /><ent r="65" t="11" w="150" /><ent r="5" t="11" w="325" /><ent r="4" t="11" w="358" /><ent r="4" t="11" w="416" /><ent r="3" t="12" w="35" /><ent r="3" t="12" w="76" /><ent r="3" t="12" w="146" /><ent r="3" t="12" w="161" /><ent r="4" t="12" w="206" /><ent r="3" t="13" w="40" /><ent r="3" t="13" w="82" /><ent r="3" t="13" w="105" /><ent r="3" t="13" w="156" /><ent r="3" t="14" w="42" /><ent r="4" t="14" w="133" /><ent r="4" t="14" w="141" /><ent r="3" t="14" w="174" /><ent r="4" t="14" w="212" /><ent r="5" t="14" w="396" /><ent r="4" t="14" w="449" /><ent r="3" t="14" w="505" /><ent r="3" t="15" w="41" /><ent r="65" t="15" w="145" /><ent r="7" t="15" w="344" /><ent r="3" t="16" w="33" /><ent r="3" t="17" w="25" /><ent r="3" t="17" w="809" /><ent r="3" t="19" w="36" /><ent r="4" t="19" w="379" /><ent r="4" t="20" w="42" /><ent r="4" t="21" w="43" /><ent r="4" t="21" w="108" /><ent r="3" t="22" w="138" /><ent r="3" t="24" w="83" /><ent r="3" t="26" w="67" /><ent r="4" t="27" w="168" /><ent r="3" t="30" w="34" /><ent r="66" t="31" w="64" /><ent r="3" t="31" w="94" /><ent r="100" t="31" w="497" /><ent r="100" t="31" w="502" /><ent r="4" t="31" w="534" /><ent r="3" t="31" w="755" /><ent r="92" t="31" w="885" /><ent r="3" t="31" w="890" /><ent r="3" t="31" w="1452" /><ent r="3" t="31" w="1498" /><ent r="3" t="31" w="1524" /><ent r="64" t="32" w="151" /><ent r="7" t="32" w="441" /><ent r="6" t="32" w="631" /><ent r="3" t="34" w="105" /><ent r="3" t="34" w="137" /><ent r="4" t="34" w="337" /><ent r="3" t="34" w="436" /><ent r="64" t="34" w="1292" /><ent r="6" t="35" w="185" /><ent r="6" t="35" w="416" /><ent r="7" t="36" w="728" /><ent r="7" t="36" w="1209" /><ent r="3" t="36" w="1229" /><ent r="3" t="37" w="24" /><ent r="3" t="38" w="19" /><ent r="7" t="38" w="238" /><ent r="7" t="38" w="276" /><ent r="7" t="38" w="290" /><ent r="3" t="40" w="25" /><ent r="6" t="41" w="252" /><ent r="3" t="42" w="57" /><ent r="3" t="42" w="88" /><ent r="4" t="42" w="155" /><ent r="65" t="42" w="165" /><ent r="3" t="42" w="254" /><ent r="3" t="42" w="383" /><ent r="4" t="42" w="452" /><ent r="4" t="42" w="488" /><ent r="3" t="43" w="53" /><ent r="3" t="44" w="51" /><ent r="3" t="44" w="65" /><ent r="4" t="44" w="101" /><ent r="6" t="44" w="256" /><ent r="6" t="44" w="273" /><ent r="3" t="45" w="23" /><ent r="5" t="45" w="59" /><ent r="7" t="45" w="76" /><ent r="7" t="45" w="157" /><ent r="7" t="45" w="230" /><ent r="7" t="45" w="293" /><ent r="3" t="45" w="487" /><ent r="3" t="46" w="20" /><ent r="3" t="46" w="131" /><ent r="3" t="46" w="217" /><ent r="3" t="46" w="350" /><ent r="4" t="46" w="365" /></phr><phr n="enterprise"><ent r="3" t="3" w="23" /><ent r="3" t="3" w="61" /><ent r="3" t="3" w="87" /><ent r="3" t="3" w="101" /><ent r="3" t="3" w="161" /><ent r="3" t="3" w="176" /><ent r="3" t="3" w="184" /><ent r="4" t="3" w="217" /><ent r="3" t="3" w="307" /><ent r="4" t="3" w="420" /><ent r="3" t="3" w="487" /><ent r="6" t="3" w="624" /><ent r="3" t="10" w="33" /><ent r="4" t="11" w="125" /><ent r="4" t="11" w="201" /><ent r="4" t="11" w="240" /><ent r="4" t="11" w="403" /><ent r="65" t="11" w="450" /><ent r="64" t="12" w="130" /><ent r="64" t="12" w="426" /><ent r="4" t="13" w="270" /><ent r="65" t="14" w="226" /><ent r="65" t="17" w="283" /><ent r="64" t="22" w="67" /><ent r="64" t="31" w="902" /><ent r="3" t="32" w="129" /><ent r="3" t="32" w="141" /><ent r="6" t="32" w="202" /><ent r="6" t="32" w="284" /><ent r="6" t="32" w="588" /><ent r="6" t="32" w="795" /><ent r="3" t="34" w="253" /><ent r="3" t="34" w="1269" /><ent r="7" t="36" w="515" /></phr></stem><stem n="servic"><phr n="Service"><ent r="1000" t="0" w="5" /><ent r="102" t="0" w="12" /><ent r="100" t="0" w="19" /><ent r="100" t="0" w="23" /><ent r="3" t="0" w="29" /><ent r="4" t="0" w="73" /><ent r="4" t="0" w="114" /><ent r="3" t="0" w="141" /><ent r="64" t="0" w="157" /><ent r="1000" t="1" w="4" /><ent r="100" t="1" w="16" /><ent r="102" t="1" w="23" /><ent r="3" t="1" w="33" /><ent r="4" t="1" w="54" /><ent r="65" t="1" w="77" /><ent r="5" t="1" w="163" /><ent r="6" t="1" w="197" /><ent r="6" t="1" w="281" /><ent r="100" t="2" w="8" /><ent r="3" t="2" w="17" /><ent r="3" t="2" w="52" /><ent r="4" t="2" w="149" /><ent r="4" t="2" w="169" /><ent r="3" t="3" w="49" /><ent r="3" t="3" w="300" /><ent r="3" t="3" w="360" /><ent r="3" t="3" w="391" /><ent r="4" t="3" w="437" /><ent r="6" t="3" w="617" /><ent r="6" t="3" w="758" /><ent r="6" t="3" w="857" /><ent r="6" t="3" w="911" /><ent r="6" t="3" w="931" /><ent r="7" t="3" w="1279" /><ent r="3" t="4" w="24" /><ent r="4" t="4" w="180" /><ent r="4" t="4" w="218" /><ent r="4" t="4" w="232" /><ent r="1000" t="5" w="5" /><ent r="100" t="5" w="9" /><ent r="102" t="5" w="24" /><ent r="3" t="5" w="32" /><ent r="3" t="5" w="56" /><ent r="4" t="5" w="70" /><ent r="3" t="5" w="90" /><ent r="4" t="5" w="139" /><ent r="4" t="5" w="151" /><ent r="4" t="5" w="164" /><ent r="4" t="5" w="193" /><ent r="100" t="6" w="17" /><ent r="3" t="6" w="41" /><ent r="4" t="6" w="62" /><ent r="3" t="6" w="81" /><ent r="64" t="6" w="113" /><ent r="4" t="6" w="120" /><ent r="4" t="6" w="136" /><ent r="64" t="6" w="150" /><ent r="4" t="6" w="175" /><ent r="3" t="6" w="223" /><ent r="4" t="6" w="250" /><ent r="4" t="6" w="283" /><ent r="1000" t="7" w="5" /><ent r="100" t="7" w="11" /><ent r="100" t="7" w="15" /><ent r="102" t="7" w="24" /><ent r="3" t="7" w="37" /><ent r="3" t="7" w="63" /><ent r="4" t="7" w="120" /><ent r="3" t="7" w="139" /><ent r="4" t="7" w="166" /><ent r="4" t="7" w="178" /><ent r="5" t="7" w="186" /><ent r="4" t="7" w="202" /><ent r="4" t="7" w="276" /><ent r="65" t="7" w="400" /><ent r="4" t="7" w="481" /><ent r="65" t="7" w="495" /><ent r="65" t="7" w="511" /><ent r="1000" t="8" w="4" /><ent r="100" t="8" w="13" /><ent r="102" t="8" w="22" /><ent r="3" t="8" w="28" /><ent r="4" t="8" w="63" /><ent r="65" t="8" w="73" /><ent r="3" t="8" w="92" /><ent r="4" t="8" w="117" /><ent r="4" t="8" w="155" /><ent r="4" t="8" w="197" /><ent r="3" t="8" w="206" /><ent r="3" t="8" w="225" /><ent r="3" t="9" w="47" /><ent r="3" t="9" w="55" /><ent r="3" t="9" w="108" /><ent r="64" t="9" w="122" /><ent r="4" t="9" w="201" /><ent r="65" t="9" w="218" /><ent r="4" t="9" w="236" /><ent r="7" t="10" w="253" /><ent r="64" t="11" w="78" /><ent r="64" t="11" w="90" /><ent r="4" t="11" w="105" /><ent r="4" t="11" w="359" /><ent r="4" t="11" w="417" /><ent r="3" t="12" w="36" /><ent r="3" t="12" w="77" /><ent r="3" t="12" w="147" /><ent r="3" t="12" w="162" /><ent r="4" t="12" w="207" /><ent r="3" t="13" w="41" /><ent r="3" t="13" w="83" /><ent r="3" t="13" w="106" /><ent r="3" t="13" w="157" /><ent r="4" t="13" w="214" /><ent r="3" t="14" w="43" /><ent r="4" t="14" w="134" /><ent r="4" t="14" w="142" /><ent r="3" t="14" w="175" /><ent r="4" t="14" w="213" /><ent r="5" t="14" w="397" /><ent r="4" t="14" w="450" /><ent r="3" t="14" w="506" /><ent r="3" t="15" w="42" /><ent r="7" t="15" w="345" /><ent r="3" t="16" w="34" /><ent r="1000" t="17" w="3" /><ent r="102" t="17" w="9" /><ent r="100" t="17" w="15" /><ent r="100" t="17" w="19" /><ent r="3" t="17" w="26" /><ent r="3" t="17" w="158" /><ent r="3" t="17" w="810" /><ent r="3" t="19" w="37" /><ent r="4" t="19" w="380" /><ent r="4" t="20" w="43" /><ent r="4" t="21" w="44" /><ent r="4" t="21" w="109" /><ent r="3" t="22" w="139" /><ent r="3" t="24" w="84" /><ent r="3" t="26" w="68" /><ent r="5" t="26" w="202" /><ent r="4" t="27" w="169" /><ent r="7" t="29" w="293" /><ent r="8" t="29" w="431" /><ent r="7" t="29" w="452" /><ent r="3" t="29" w="463" /><ent r="3" t="30" w="35" /><ent r="3" t="31" w="95" /><ent r="100" t="31" w="498" /><ent r="100" t="31" w="503" /><ent r="4" t="31" w="535" /><ent r="3" t="31" w="756" /><ent r="3" t="31" w="1453" /><ent r="3" t="31" w="1499" /><ent r="3" t="31" w="1525" /><ent r="7" t="32" w="442" /><ent r="6" t="32" w="632" /><ent r="3" t="34" w="106" /><ent r="3" t="34" w="138" /><ent r="65" t="34" w="242" /><ent r="4" t="34" w="338" /><ent r="3" t="34" w="437" /><ent r="3" t="34" w="473" /><ent r="3" t="34" w="480" /><ent r="3" t="34" w="487" /><ent r="5" t="34" w="795" /><ent r="5" t="34" w="815" /><ent r="4" t="34" w="837" /><ent r="4" t="34" w="923" /><ent r="5" t="34" w="1083" /><ent r="6" t="35" w="186" /><ent r="6" t="35" w="417" /><ent r="8" t="36" w="462" /><ent r="8" t="36" w="564" /><ent r="8" t="36" w="682" /><ent r="7" t="36" w="729" /><ent r="7" t="36" w="1210" /><ent r="3" t="36" w="1230" /><ent r="3" t="37" w="25" /><ent r="3" t="38" w="20" /><ent r="7" t="38" w="239" /><ent r="7" t="38" w="277" /><ent r="7" t="38" w="291" /><ent r="3" t="40" w="26" /><ent r="6" t="41" w="253" /><ent r="3" t="42" w="58" /><ent r="3" t="42" w="89" /><ent r="4" t="42" w="156" /><ent r="65" t="42" w="166" /><ent r="3" t="42" w="255" /><ent r="3" t="42" w="384" /><ent r="4" t="42" w="453" /><ent r="4" t="42" w="489" /><ent r="3" t="43" w="54" /><ent r="3" t="44" w="52" /><ent r="3" t="44" w="66" /><ent r="4" t="44" w="102" /><ent r="6" t="44" w="257" /><ent r="6" t="44" w="274" /><ent r="3" t="45" w="24" /><ent r="5" t="45" w="60" /><ent r="7" t="45" w="77" /><ent r="7" t="45" w="158" /><ent r="7" t="45" w="231" /><ent r="7" t="45" w="294" /><ent r="3" t="45" w="488" /><ent r="3" t="46" w="21" /><ent r="3" t="46" w="132" /><ent r="3" t="46" w="218" /><ent r="3" t="46" w="351" /><ent r="4" t="46" w="366" /></phr><phr n="services"><ent r="4" t="2" w="92" /><ent r="3" t="17" w="131" /><ent r="5" t="17" w="521" /><ent r="4" t="26" w="235" /><ent r="4" t="26" w="324" /><ent r="3" t="26" w="563" /><ent r="3" t="27" w="283" /><ent r="3" t="27" w="599" /><ent r="3" t="27" w="616" /><ent r="4" t="34" w="275" /><ent r="5" t="34" w="1442" /><ent r="4" t="34" w="1459" /><ent r="5" t="34" w="1470" /><ent r="4" t="34" w="1500" /><ent r="5" t="34" w="1523" /><ent r="3" t="34" w="1602" /><ent r="3" t="34" w="1621" /><ent r="4" t="34" w="1710" /><ent r="4" t="36" w="49" /><ent r="7" t="36" w="313" /><ent r="7" t="36" w="421" /><ent r="7" t="36" w="471" /><ent r="7" t="36" w="537" /><ent r="7" t="36" w="574" /><ent r="7" t="36" w="587" /><ent r="7" t="36" w="597" /></phr><phr n="service"><ent r="64" t="3" w="145" /><ent r="7" t="3" w="1360" /><ent r="3" t="13" w="207" /><ent r="64" t="18" w="28" /><ent r="65" t="19" w="313" /><ent r="3" t="26" w="80" /><ent r="3" t="26" w="101" /><ent r="4" t="26" w="212" /><ent r="4" t="26" w="270" /><ent r="4" t="27" w="117" /><ent r="4" t="27" w="207" /><ent r="3" t="27" w="527" /><ent r="3" t="27" w="554" /><ent r="4" t="27" w="672" /><ent r="6" t="29" w="50" /><ent r="6" t="29" w="211" /><ent r="6" t="29" w="222" /><ent r="6" t="29" w="299" /><ent r="3" t="29" w="482" /><ent r="3" t="29" w="491" /><ent r="3" t="29" w="567" /><ent r="3" t="33" w="24" /><ent r="3" t="34" w="29" /><ent r="4" t="34" w="196" /><ent r="3" t="34" w="394" /><ent r="3" t="34" w="482" /><ent r="4" t="34" w="777" /><ent r="4" t="34" w="779" /><ent r="3" t="34" w="825" /><ent r="3" t="34" w="910" /><ent r="4" t="34" w="1035" /><ent r="4" t="34" w="1089" /><ent r="4" t="34" w="1093" /><ent r="4" t="34" w="1450" /><ent r="4" t="34" w="1477" /><ent r="4" t="34" w="1487" /><ent r="4" t="34" w="1509" /><ent r="4" t="34" w="1552" /><ent r="3" t="34" w="1590" /><ent r="4" t="34" w="1743" /><ent r="3" t="34" w="1788" /><ent r="3" t="34" w="1800" /><ent r="4" t="34" w="1891" /><ent r="4" t="34" w="1929" /><ent r="3" t="36" w="24" /><ent r="4" t="36" w="52" /><ent r="4" t="36" w="82" /><ent r="4" t="36" w="87" /><ent r="4" t="36" w="99" /><ent r="4" t="36" w="126" /><ent r="3" t="36" w="131" /><ent r="3" t="36" w="149" /><ent r="7" t="36" w="326" /><ent r="7" t="36" w="364" /><ent r="7" t="36" w="481" /><ent r="7" t="36" w="506" /><ent r="7" t="36" w="548" /></phr><phr n="Services"><ent r="4" t="13" w="170" /><ent r="5" t="26" w="307" /><ent r="4" t="34" w="1380" /><ent r="5" t="34" w="1718" /></phr></stem><stem n="manag"><phr n="Manager"><ent r="1000" t="0" w="6" /><ent r="102" t="0" w="13" /><ent r="100" t="0" w="20" /><ent r="100" t="0" w="24" /><ent r="3" t="0" w="30" /><ent r="4" t="0" w="74" /><ent r="4" t="0" w="110" /><ent r="4" t="0" w="115" /><ent r="3" t="0" w="142" /><ent r="64" t="0" w="158" /><ent r="1000" t="1" w="5" /><ent r="100" t="1" w="17" /><ent r="102" t="1" w="24" /><ent r="3" t="1" w="34" /><ent r="4" t="1" w="55" /><ent r="65" t="1" w="78" /><ent r="5" t="1" w="164" /><ent r="6" t="1" w="198" /><ent r="6" t="1" w="282" /><ent r="100" t="2" w="9" /><ent r="3" t="2" w="18" /><ent r="3" t="2" w="53" /><ent r="4" t="2" w="150" /><ent r="4" t="2" w="170" /><ent r="3" t="3" w="50" /><ent r="3" t="3" w="301" /><ent r="3" t="3" w="361" /><ent r="3" t="3" w="392" /><ent r="4" t="3" w="438" /><ent r="6" t="3" w="618" /><ent r="6" t="3" w="759" /><ent r="6" t="3" w="858" /><ent r="6" t="3" w="912" /><ent r="6" t="3" w="932" /><ent r="7" t="3" w="1280" /><ent r="7" t="3" w="1436" /><ent r="7" t="3" w="1455" /><ent r="3" t="4" w="25" /><ent r="4" t="4" w="181" /><ent r="4" t="4" w="219" /><ent r="4" t="4" w="233" /><ent r="1000" t="5" w="6" /><ent r="100" t="5" w="10" /><ent r="102" t="5" w="25" /><ent r="3" t="5" w="33" /><ent r="3" t="5" w="57" /><ent r="4" t="5" w="71" /><ent r="3" t="5" w="91" /><ent r="4" t="5" w="140" /><ent r="4" t="5" w="152" /><ent r="4" t="5" w="165" /><ent r="4" t="5" w="194" /><ent r="100" t="6" w="18" /><ent r="3" t="6" w="42" /><ent r="4" t="6" w="63" /><ent r="3" t="6" w="82" /><ent r="64" t="6" w="114" /><ent r="4" t="6" w="121" /><ent r="4" t="6" w="137" /><ent r="64" t="6" w="151" /><ent r="4" t="6" w="176" /><ent r="3" t="6" w="224" /><ent r="4" t="6" w="251" /><ent r="4" t="6" w="284" /><ent r="1000" t="7" w="6" /><ent r="100" t="7" w="12" /><ent r="100" t="7" w="16" /><ent r="102" t="7" w="25" /><ent r="3" t="7" w="38" /><ent r="3" t="7" w="64" /><ent r="4" t="7" w="121" /><ent r="3" t="7" w="140" /><ent r="4" t="7" w="167" /><ent r="4" t="7" w="179" /><ent r="5" t="7" w="187" /><ent r="4" t="7" w="203" /><ent r="4" t="7" w="277" /><ent r="65" t="7" w="401" /><ent r="4" t="7" w="482" /><ent r="65" t="7" w="496" /><ent r="65" t="7" w="512" /><ent r="1000" t="8" w="5" /><ent r="100" t="8" w="14" /><ent r="102" t="8" w="23" /><ent r="3" t="8" w="29" /><ent r="4" t="8" w="64" /><ent r="65" t="8" w="74" /><ent r="3" t="8" w="93" /><ent r="4" t="8" w="118" /><ent r="4" t="8" w="156" /><ent r="4" t="8" w="198" /><ent r="3" t="8" w="207" /><ent r="3" t="8" w="226" /><ent r="3" t="9" w="48" /><ent r="3" t="9" w="56" /><ent r="3" t="9" w="109" /><ent r="64" t="9" w="123" /><ent r="4" t="9" w="202" /><ent r="65" t="9" w="219" /><ent r="4" t="9" w="237" /><ent r="7" t="10" w="254" /><ent r="64" t="11" w="79" /><ent r="64" t="11" w="91" /><ent r="4" t="11" w="106" /><ent r="4" t="11" w="316" /><ent r="5" t="11" w="326" /><ent r="4" t="11" w="360" /><ent r="4" t="11" w="418" /><ent r="3" t="12" w="37" /><ent r="3" t="12" w="78" /><ent r="3" t="12" w="148" /><ent r="3" t="12" w="163" /><ent r="4" t="12" w="208" /><ent r="3" t="13" w="42" /><ent r="3" t="13" w="84" /><ent r="3" t="13" w="107" /><ent r="3" t="13" w="158" /><ent r="3" t="14" w="44" /><ent r="4" t="14" w="135" /><ent r="4" t="14" w="143" /><ent r="3" t="14" w="176" /><ent r="3" t="14" w="178" /><ent r="4" t="14" w="214" /><ent r="4" t="14" w="361" /><ent r="4" t="14" w="385" /><ent r="5" t="14" w="435" /><ent r="4" t="14" w="451" /><ent r="3" t="14" w="507" /><ent r="3" t="15" w="43" /><ent r="7" t="15" w="346" /><ent r="3" t="16" w="35" /><ent r="3" t="16" w="162" /><ent r="3" t="16" w="203" /><ent r="3" t="17" w="27" /><ent r="3" t="17" w="152" /><ent r="3" t="17" w="811" /><ent r="3" t="19" w="38" /><ent r="4" t="19" w="381" /><ent r="4" t="20" w="44" /><ent r="4" t="21" w="45" /><ent r="4" t="21" w="110" /><ent r="3" t="22" w="140" /><ent r="3" t="24" w="85" /><ent r="3" t="26" w="69" /><ent r="4" t="27" w="170" /><ent r="3" t="30" w="36" /><ent r="3" t="31" w="96" /><ent r="100" t="31" w="499" /><ent r="100" t="31" w="504" /><ent r="4" t="31" w="536" /><ent r="3" t="31" w="757" /><ent r="4" t="31" w="797" /><ent r="3" t="31" w="1454" /><ent r="3" t="31" w="1500" /><ent r="3" t="31" w="1526" /><ent r="100" t="32" w="23" /><ent r="3" t="32" w="60" /><ent r="7" t="32" w="443" /><ent r="6" t="32" w="633" /><ent r="6" t="32" w="744" /><ent r="7" t="32" w="768" /><ent r="7" t="32" w="778" /><ent r="3" t="34" w="107" /><ent r="3" t="34" w="139" /><ent r="4" t="34" w="319" /><ent r="4" t="34" w="339" /><ent r="6" t="34" w="379" /><ent r="3" t="34" w="438" /><ent r="4" t="34" w="964" /><ent r="4" t="34" w="1705" /><ent r="5" t="34" w="1728" /><ent r="4" t="34" w="1881" /><ent r="5" t="34" w="1907" /><ent r="6" t="35" w="187" /><ent r="6" t="35" w="418" /><ent r="7" t="36" w="730" /><ent r="7" t="36" w="1211" /><ent r="3" t="36" w="1231" /><ent r="3" t="37" w="26" /><ent r="3" t="38" w="21" /><ent r="7" t="38" w="240" /><ent r="7" t="38" w="278" /><ent r="7" t="38" w="292" /><ent r="3" t="40" w="27" /><ent r="6" t="41" w="254" /><ent r="3" t="42" w="59" /><ent r="3" t="42" w="90" /><ent r="4" t="42" w="157" /><ent r="65" t="42" w="167" /><ent r="3" t="42" w="256" /><ent r="4" t="42" w="273" /><ent r="3" t="42" w="356" /><ent r="3" t="42" w="385" /><ent r="4" t="42" w="454" /><ent r="4" t="42" w="490" /><ent r="3" t="43" w="55" /><ent r="3" t="44" w="53" /><ent r="3" t="44" w="67" /><ent r="4" t="44" w="103" /><ent r="6" t="44" w="258" /><ent r="6" t="44" w="275" /><ent r="3" t="45" w="25" /><ent r="5" t="45" w="61" /><ent r="7" t="45" w="78" /><ent r="7" t="45" w="122" /><ent r="8" t="45" w="138" /><ent r="7" t="45" w="159" /><ent r="7" t="45" w="232" /><ent r="7" t="45" w="295" /><ent r="7" t="45" w="418" /><ent r="7" t="45" w="434" /><ent r="7" t="45" w="461" /><ent r="8" t="45" w="469" /><ent r="8" t="45" w="479" /><ent r="3" t="45" w="489" /><ent r="3" t="46" w="22" /><ent r="3" t="46" w="133" /><ent r="3" t="46" w="219" /><ent r="3" t="46" w="352" /><ent r="4" t="46" w="367" /></phr><phr n="manage"><ent r="3" t="0" w="36" /><ent r="4" t="2" w="102" /><ent r="4" t="2" w="173" /><ent r="3" t="4" w="79" /><ent r="4" t="4" w="197" /><ent r="3" t="11" w="100" /><ent r="3" t="13" w="233" /><ent r="3" t="35" w="21" /><ent r="7" t="38" w="256" /><ent r="3" t="43" w="48" /><ent r="3" t="44" w="46" /><ent r="3" t="44" w="72" /><ent r="4" t="44" w="108" /></phr><phr n="Manage"><ent r="5" t="2" w="65" /><ent r="65" t="2" w="81" /><ent r="5" t="2" w="86" /><ent r="65" t="2" w="111" /><ent r="65" t="3" w="282" /><ent r="67" t="3" w="811" /><ent r="6" t="3" w="1027" /><ent r="64" t="6" w="267" /><ent r="65" t="7" w="131" /><ent r="64" t="9" w="415" /><ent r="1000" t="11" w="6" /><ent r="100" t="11" w="13" /><ent r="102" t="11" w="31" /><ent r="4" t="11" w="116" /><ent r="5" t="11" w="306" /><ent r="4" t="13" w="168" /><ent r="5" t="14" w="366" /><ent r="5" t="14" w="420" /><ent r="65" t="15" w="126" /><ent r="64" t="17" w="847" /><ent r="64" t="18" w="41" /><ent r="4" t="22" w="47" /><ent r="1000" t="30" w="1" /><ent r="100" t="30" w="5" /><ent r="102" t="30" w="13" /><ent r="3" t="30" w="18" /><ent r="3" t="30" w="39" /><ent r="64" t="31" w="21" /><ent r="64" t="31" w="968" /><ent r="64" t="32" w="35" /><ent r="3" t="32" w="79" /><ent r="67" t="32" w="295" /><ent r="1000" t="33" w="1" /><ent r="100" t="33" w="5" /><ent r="102" t="33" w="12" /><ent r="3" t="33" w="17" /><ent r="64" t="33" w="42" /><ent r="3" t="33" w="48" /><ent r="5" t="34" w="793" /><ent r="5" t="34" w="813" /><ent r="4" t="34" w="835" /><ent r="4" t="34" w="921" /><ent r="5" t="44" w="129" /><ent r="4" t="44" w="167" /><ent r="6" t="44" w="279" /><ent r="6" t="44" w="462" /><ent r="6" t="44" w="502" /></phr><phr n="management"><ent r="3" t="2" w="225" /><ent r="4" t="3" w="453" /><ent r="6" t="3" w="829" /><ent r="6" t="3" w="835" /><ent r="6" t="3" w="848" /><ent r="100" t="9" w="14" /><ent r="100" t="9" w="18" /><ent r="3" t="9" w="51" /><ent r="3" t="9" w="74" /><ent r="4" t="9" w="129" /><ent r="3" t="9" w="395" /><ent r="4" t="31" w="957" /><ent r="6" t="32" w="704" /><ent r="6" t="32" w="728" /><ent r="7" t="45" w="249" /></phr><phr n="Management"><ent r="65" t="3" w="473" /><ent r="67" t="3" w="883" /><ent r="64" t="6" w="215" /><ent r="65" t="7" w="97" /><ent r="64" t="8" w="234" /><ent r="1000" t="9" w="3" /><ent r="100" t="9" w="9" /><ent r="102" t="9" w="26" /><ent r="4" t="9" w="158" /><ent r="4" t="9" w="170" /><ent r="4" t="9" w="274" /><ent r="64" t="11" w="83" /><ent r="4" t="14" w="303" /><ent r="4" t="14" w="310" /><ent r="3" t="16" w="170" /><ent r="3" t="17" w="157" /><ent r="7" t="22" w="178" /><ent r="7" t="22" w="234" /><ent r="5" t="23" w="197" /><ent r="4" t="31" w="806" /><ent r="64" t="31" w="978" /><ent r="7" t="45" w="344" /></phr><phr n="managed"><ent r="7" t="3" w="1121" /><ent r="4" t="6" w="170" /><ent r="4" t="6" w="246" /><ent r="4" t="7" w="89" /><ent r="3" t="8" w="222" /><ent r="3" t="9" w="41" /><ent r="3" t="9" w="404" /><ent r="3" t="12" w="32" /><ent r="3" t="15" w="39" /><ent r="7" t="31" w="1236" /><ent r="6" t="32" w="628" /><ent r="7" t="45" w="315" /></phr><phr n="managing"><ent r="3" t="14" w="65" /><ent r="4" t="14" w="147" /><ent r="3" t="17" w="43" /><ent r="100" t="22" w="13" /><ent r="100" t="30" w="11" /><ent r="100" t="33" w="10" /><ent r="4" t="34" w="341" /></phr><phr n="Managing"><ent r="4" t="14" w="374" /><ent r="4" t="14" w="426" /><ent r="64" t="19" w="403" /><ent r="1000" t="22" w="1" /><ent r="100" t="22" w="5" /><ent r="102" t="22" w="15" /><ent r="64" t="26" w="44" /><ent r="1000" t="28" w="1" /><ent r="100" t="28" w="4" /><ent r="102" t="28" w="9" /><ent r="4" t="34" w="948" /><ent r="4" t="42" w="262" /><ent r="8" t="45" w="143" /></phr><phr n="Managers"><ent r="5" t="14" w="398" /></phr></stem><stem n=":welcom"><phr n=":welcome"><ent r="100" t="0" w="25" /></phr></stem><stem n="esm"><phr n="ESM"><ent r="3" t="0" w="31" /><ent r="3" t="0" w="63" /><ent r="100" t="1" w="11" /><ent r="6" t="3" w="949" /><ent r="67" t="3" w="976" /><ent r="7" t="3" w="1268" /><ent r="7" t="3" w="1286" /><ent r="7" t="3" w="1301" /><ent r="7" t="3" w="1368" /><ent r="64" t="4" w="127" /><ent r="100" t="5" w="15" /><ent r="100" t="5" w="18" /><ent r="64" t="6" w="341" /><ent r="100" t="8" w="9" /><ent r="3" t="12" w="178" /><ent r="64" t="12" w="194" /><ent r="5" t="12" w="281" /><ent r="65" t="12" w="348" /><ent r="1000" t="13" w="3" /><ent r="100" t="13" w="19" /><ent r="102" t="13" w="28" /><ent r="3" t="13" w="149" /><ent r="3" t="13" w="175" /><ent r="3" t="13" w="224" /><ent r="3" t="13" w="250" /><ent r="100" t="14" w="26" /><ent r="3" t="14" w="45" /><ent r="3" t="14" w="64" /><ent r="5" t="14" w="367" /><ent r="4" t="14" w="375" /><ent r="4" t="14" w="391" /><ent r="4" t="14" w="441" /><ent r="9" t="16" w="605" /><ent r="3" t="17" w="142" /><ent r="4" t="19" w="265" /><ent r="4" t="19" w="301" /><ent r="64" t="19" w="325" /><ent r="4" t="19" w="333" /><ent r="64" t="22" w="148" /><ent r="64" t="23" w="134" /><ent r="7" t="31" w="1239" /><ent r="3" t="31" w="1560" /><ent r="3" t="34" w="79" /><ent r="64" t="34" w="147" /><ent r="6" t="41" w="259" /><ent r="4" t="42" w="263" /><ent r="64" t="44" w="232" /><ent r="1000" t="45" w="5" /><ent r="100" t="45" w="11" /><ent r="102" t="45" w="20" /><ent r="7" t="45" w="95" /><ent r="7" t="45" w="175" /><ent r="7" t="45" w="203" /><ent r="7" t="45" w="213" /><ent r="7" t="45" w="318" /><ent r="7" t="45" w="399" /><ent r="1000" t="46" w="3" /><ent r="100" t="46" w="8" /><ent r="102" t="46" w="16" /><ent r="5" t="46" w="231" /><ent r="5" t="46" w="370" /><ent r="5" t="46" w="393" /></phr><phr n="esm"><ent r="9" t="16" w="470" /></phr></stem></index>