<?xml version="1.0" encoding="utf-8"?><index><stem n="accompani"><phr n="accompanying"><ent r="3" t="2" w="265" /><ent r="3" t="2" w="265" /></phr></stem><stem n="ying"><phr n="accompanying"><ent r="3" t="2" w="265" /><ent r="3" t="2" w="265" /></phr><phr n="modifying"><ent r="65" t="19" w="149" /><ent r="65" t="19" w="149" /></phr><phr n="identifying"><ent r="4" t="27" w="134" /><ent r="4" t="27" w="134" /></phr><phr n="underlying"><ent r="7" t="29" w="408" /><ent r="7" t="29" w="408" /><ent r="7" t="29" w="442" /><ent r="7" t="29" w="442" /></phr><phr n="displaying"><ent r="3" t="32" w="178" /><ent r="3" t="32" w="178" /><ent r="4" t="34" w="2222" /><ent r="4" t="34" w="2222" /></phr><phr n="specifying"><ent r="7" t="36" w="775" /><ent r="7" t="36" w="775" /><ent r="7" t="36" w="807" /><ent r="7" t="36" w="807" /></phr></stem><stem n="ccom"><phr n="accompanying"><ent r="3" t="2" w="265" /><ent r="3" t="2" w="265" /></phr></stem><stem n="anyi"><phr n="accompanying"><ent r="3" t="2" w="265" /><ent r="3" t="2" w="265" /></phr></stem><stem n="nyin"><phr n="accompanying"><ent r="3" t="2" w="265" /><ent r="3" t="2" w="265" /></phr></stem><stem n="accom"><phr n="accompanying"><ent r="3" t="2" w="265" /><ent r="3" t="2" w="265" /></phr></stem><stem n="panyi"><phr n="accompanying"><ent r="3" t="2" w="265" /><ent r="3" t="2" w="265" /></phr></stem><stem n="ccomp"><phr n="accompanying"><ent r="3" t="2" w="265" /><ent r="3" t="2" w="265" /></phr></stem><stem n="anyin"><phr n="accompanying"><ent r="3" t="2" w="265" /><ent r="3" t="2" w="265" /></phr></stem><stem n="nying"><phr n="accompanying"><ent r="3" t="2" w="265" /><ent r="3" t="2" w="265" /></phr></stem><stem n="accomp"><phr n="accompanying"><ent r="3" t="2" w="265" /><ent r="3" t="2" w="265" /></phr></stem><stem n="anying"><phr n="accompanying"><ent r="3" t="2" w="265" /><ent r="3" t="2" w="265" /></phr></stem><stem n="ccompa"><phr n="accompanying"><ent r="3" t="2" w="265" /><ent r="3" t="2" w="265" /></phr></stem><stem n="mpanyi"><phr n="accompanying"><ent r="3" t="2" w="265" /><ent r="3" t="2" w="265" /></phr></stem><stem n="panyin"><phr n="accompanying"><ent r="3" t="2" w="265" /><ent r="3" t="2" w="265" /></phr></stem><stem n="accompa"><phr n="accompanying"><ent r="3" t="2" w="265" /><ent r="3" t="2" w="265" /></phr></stem><stem n="ccompan"><phr n="accompanying"><ent r="3" t="2" w="265" /><ent r="3" t="2" w="265" /></phr></stem><stem n="ompanyi"><phr n="accompanying"><ent r="3" t="2" w="265" /><ent r="3" t="2" w="265" /></phr></stem><stem n="mpanyin"><phr n="accompanying"><ent r="3" t="2" w="265" /><ent r="3" t="2" w="265" /></phr></stem><stem n="panying"><phr n="accompanying"><ent r="3" t="2" w="265" /><ent r="3" t="2" w="265" /></phr></stem><stem n="accompan"><phr n="accompanying"><ent r="3" t="2" w="265" /><ent r="3" t="2" w="265" /></phr></stem><stem n="ccompany"><phr n="accompanying"><ent r="3" t="2" w="265" /><ent r="3" t="2" w="265" /></phr></stem><stem n="companyi"><phr n="accompanying"><ent r="3" t="2" w="265" /><ent r="3" t="2" w="265" /></phr></stem><stem n="ompanyin"><phr n="accompanying"><ent r="3" t="2" w="265" /><ent r="3" t="2" w="265" /></phr></stem><stem n="mpanying"><phr n="accompanying"><ent r="3" t="2" w="265" /><ent r="3" t="2" w="265" /></phr></stem><stem n="accompany"><phr n="accompanying"><ent r="3" t="2" w="265" /><ent r="3" t="2" w="265" /></phr></stem><stem n="ccompanyi"><phr n="accompanying"><ent r="3" t="2" w="265" /><ent r="3" t="2" w="265" /></phr></stem><stem n="companyin"><phr n="accompanying"><ent r="3" t="2" w="265" /><ent r="3" t="2" w="265" /></phr></stem><stem n="ompanying"><phr n="accompanying"><ent r="3" t="2" w="265" /><ent r="3" t="2" w="265" /></phr></stem><stem n="accompanyi"><phr n="accompanying"><ent r="3" t="2" w="265" /><ent r="3" t="2" w="265" /></phr></stem><stem n="ccompanyin"><phr n="accompanying"><ent r="3" t="2" w="265" /><ent r="3" t="2" w="265" /></phr></stem><stem n="companying"><phr n="accompanying"><ent r="3" t="2" w="265" /><ent r="3" t="2" w="265" /></phr></stem><stem n="accompanyin"><phr n="accompanying"><ent r="3" t="2" w="265" /><ent r="3" t="2" w="265" /></phr></stem><stem n="ccompanying"><phr n="accompanying"><ent r="3" t="2" w="265" /><ent r="3" t="2" w="265" /></phr></stem><stem n="accompanying"><phr n="accompanying"><ent r="3" t="2" w="265" /><ent r="3" t="2" w="265" /></phr></stem><stem n="elps"><phr n="helps"><ent r="3" t="2" w="268" /><ent r="3" t="2" w="268" /></phr></stem><stem n="helps"><phr n="helps"><ent r="3" t="2" w="268" /><ent r="3" t="2" w="268" /></phr></stem><stem n="ensur"><phr n="ensure"><ent r="3" t="2" w="269" /><ent r="3" t="2" w="269" /><ent r="4" t="12" w="288" /><ent r="4" t="12" w="288" /><ent r="3" t="16" w="52" /><ent r="3" t="16" w="52" /><ent r="3" t="17" w="132" /><ent r="3" t="17" w="132" /><ent r="3" t="17" w="254" /><ent r="3" t="17" w="254" /><ent r="3" t="31" w="118" /><ent r="3" t="31" w="118" /><ent r="3" t="36" w="1506" /><ent r="3" t="36" w="1506" /></phr><phr n="Ensure"><ent r="3" t="7" w="379" /><ent r="3" t="7" w="379" /><ent r="4" t="31" w="934" /><ent r="4" t="31" w="934" /><ent r="4" t="31" w="979" /><ent r="4" t="31" w="979" /></phr><phr n="ensuring"><ent r="3" t="22" w="106" /><ent r="3" t="22" w="106" /></phr></stem><stem n="ensu"><phr n="ensure"><ent r="3" t="2" w="269" /><ent r="3" t="2" w="269" /><ent r="4" t="12" w="288" /><ent r="4" t="12" w="288" /><ent r="3" t="16" w="52" /><ent r="3" t="16" w="52" /><ent r="3" t="17" w="132" /><ent r="3" t="17" w="132" /><ent r="3" t="17" w="254" /><ent r="3" t="17" w="254" /><ent r="3" t="31" w="118" /><ent r="3" t="31" w="118" /><ent r="3" t="36" w="1506" /><ent r="3" t="36" w="1506" /></phr><phr n="Ensure"><ent r="3" t="7" w="379" /><ent r="3" t="7" w="379" /><ent r="4" t="31" w="934" /><ent r="4" t="31" w="934" /><ent r="4" t="31" w="979" /><ent r="4" t="31" w="979" /></phr><phr n="ensuring"><ent r="3" t="22" w="106" /><ent r="3" t="22" w="106" /></phr></stem><stem n="nsur"><phr n="ensure"><ent r="3" t="2" w="269" /><ent r="3" t="2" w="269" /><ent r="4" t="12" w="288" /><ent r="4" t="12" w="288" /><ent r="3" t="16" w="52" /><ent r="3" t="16" w="52" /><ent r="3" t="17" w="132" /><ent r="3" t="17" w="132" /><ent r="3" t="17" w="254" /><ent r="3" t="17" w="254" /><ent r="3" t="31" w="118" /><ent r="3" t="31" w="118" /><ent r="3" t="36" w="1506" /><ent r="3" t="36" w="1506" /></phr><phr n="Ensure"><ent r="3" t="7" w="379" /><ent r="3" t="7" w="379" /><ent r="4" t="31" w="934" /><ent r="4" t="31" w="934" /><ent r="4" t="31" w="979" /><ent r="4" t="31" w="979" /></phr><phr n="unsure"><ent r="9" t="16" w="380" /><ent r="9" t="16" w="380" /></phr><phr n="ensuring"><ent r="3" t="22" w="106" /><ent r="3" t="22" w="106" /></phr></stem><stem n="sure"><phr n="ensure"><ent r="3" t="2" w="269" /><ent r="3" t="2" w="269" /><ent r="4" t="12" w="288" /><ent r="4" t="12" w="288" /><ent r="3" t="16" w="52" /><ent r="3" t="16" w="52" /><ent r="3" t="17" w="132" /><ent r="3" t="17" w="132" /><ent r="3" t="17" w="254" /><ent r="3" t="17" w="254" /><ent r="3" t="31" w="118" /><ent r="3" t="31" w="118" /><ent r="3" t="36" w="1506" /><ent r="3" t="36" w="1506" /></phr><phr n="Ensure"><ent r="3" t="7" w="379" /><ent r="3" t="7" w="379" /><ent r="4" t="31" w="934" /><ent r="4" t="31" w="934" /><ent r="4" t="31" w="979" /><ent r="4" t="31" w="979" /></phr><phr n="unsure"><ent r="9" t="16" w="380" /><ent r="9" t="16" w="380" /></phr><phr n="sure"><ent r="9" t="16" w="478" /><ent r="9" t="16" w="478" /><ent r="4" t="17" w="451" /><ent r="4" t="17" w="451" /></phr><phr n="measurement"><ent r="7" t="16" w="1216" /><ent r="7" t="16" w="1216" /></phr></stem><stem n="nsure"><phr n="ensure"><ent r="3" t="2" w="269" /><ent r="3" t="2" w="269" /><ent r="4" t="12" w="288" /><ent r="4" t="12" w="288" /><ent r="3" t="16" w="52" /><ent r="3" t="16" w="52" /><ent r="3" t="17" w="132" /><ent r="3" t="17" w="132" /><ent r="3" t="17" w="254" /><ent r="3" t="17" w="254" /><ent r="3" t="31" w="118" /><ent r="3" t="31" w="118" /><ent r="3" t="36" w="1506" /><ent r="3" t="36" w="1506" /></phr><phr n="Ensure"><ent r="3" t="7" w="379" /><ent r="3" t="7" w="379" /><ent r="4" t="31" w="934" /><ent r="4" t="31" w="934" /><ent r="4" t="31" w="979" /><ent r="4" t="31" w="979" /></phr><phr n="unsure"><ent r="9" t="16" w="380" /><ent r="9" t="16" w="380" /></phr></stem><stem n="ensure"><phr n="ensure"><ent r="3" t="2" w="269" /><ent r="3" t="2" w="269" /><ent r="4" t="12" w="288" /><ent r="4" t="12" w="288" /><ent r="3" t="16" w="52" /><ent r="3" t="16" w="52" /><ent r="3" t="17" w="132" /><ent r="3" t="17" w="132" /><ent r="3" t="17" w="254" /><ent r="3" t="17" w="254" /><ent r="3" t="31" w="118" /><ent r="3" t="31" w="118" /><ent r="3" t="36" w="1506" /><ent r="3" t="36" w="1506" /></phr><phr n="Ensure"><ent r="3" t="7" w="379" /><ent r="3" t="7" w="379" /><ent r="4" t="31" w="934" /><ent r="4" t="31" w="934" /><ent r="4" t="31" w="979" /><ent r="4" t="31" w="979" /></phr></stem><stem n="iewi"><phr n="viewing"><ent r="3" t="2" w="273" /><ent r="3" t="2" w="273" /><ent r="100" t="4" w="12" /><ent r="100" t="4" w="12" /><ent r="100" t="4" w="15" /><ent r="100" t="4" w="15" /><ent r="3" t="4" w="548" /><ent r="3" t="4" w="548" /><ent r="3" t="26" w="36" /><ent r="3" t="26" w="36" /><ent r="100" t="28" w="124" /><ent r="100" t="28" w="124" /><ent r="7" t="36" w="1010" /><ent r="7" t="36" w="1010" /><ent r="100" t="39" w="17" /><ent r="100" t="39" w="17" /></phr><phr n="Viewing"><ent r="1000" t="4" w="1" /><ent r="1000" t="4" w="1" /><ent r="100" t="4" w="6" /><ent r="100" t="4" w="6" /><ent r="102" t="4" w="17" /><ent r="102" t="4" w="17" /><ent r="3" t="17" w="431" /><ent r="3" t="17" w="431" /><ent r="1000" t="18" w="1" /><ent r="1000" t="18" w="1" /><ent r="100" t="18" w="5" /><ent r="100" t="18" w="5" /><ent r="102" t="18" w="16" /><ent r="102" t="18" w="16" /><ent r="64" t="38" w="59" /><ent r="64" t="38" w="59" /><ent r="64" t="39" w="106" /><ent r="64" t="39" w="106" /><ent r="64" t="46" w="39" /><ent r="64" t="46" w="39" /><ent r="65" t="46" w="379" /><ent r="65" t="46" w="379" /></phr></stem><stem n="ewin"><phr n="viewing"><ent r="3" t="2" w="273" /><ent r="3" t="2" w="273" /><ent r="100" t="4" w="12" /><ent r="100" t="4" w="12" /><ent r="100" t="4" w="15" /><ent r="100" t="4" w="15" /><ent r="3" t="4" w="548" /><ent r="3" t="4" w="548" /><ent r="3" t="26" w="36" /><ent r="3" t="26" w="36" /><ent r="100" t="28" w="124" /><ent r="100" t="28" w="124" /><ent r="7" t="36" w="1010" /><ent r="7" t="36" w="1010" /><ent r="100" t="39" w="17" /><ent r="100" t="39" w="17" /></phr><phr n="Viewing"><ent r="1000" t="4" w="1" /><ent r="1000" t="4" w="1" /><ent r="100" t="4" w="6" /><ent r="100" t="4" w="6" /><ent r="102" t="4" w="17" /><ent r="102" t="4" w="17" /><ent r="3" t="17" w="431" /><ent r="3" t="17" w="431" /><ent r="1000" t="18" w="1" /><ent r="1000" t="18" w="1" /><ent r="100" t="18" w="5" /><ent r="100" t="18" w="5" /><ent r="102" t="18" w="16" /><ent r="102" t="18" w="16" /><ent r="64" t="38" w="59" /><ent r="64" t="38" w="59" /><ent r="64" t="39" w="106" /><ent r="64" t="39" w="106" /><ent r="64" t="46" w="39" /><ent r="64" t="46" w="39" /><ent r="65" t="46" w="379" /><ent r="65" t="46" w="379" /></phr></stem><stem n="viewi"><phr n="viewing"><ent r="3" t="2" w="273" /><ent r="3" t="2" w="273" /><ent r="100" t="4" w="12" /><ent r="100" t="4" w="12" /><ent r="100" t="4" w="15" /><ent r="100" t="4" w="15" /><ent r="3" t="4" w="548" /><ent r="3" t="4" w="548" /><ent r="3" t="26" w="36" /><ent r="3" t="26" w="36" /><ent r="100" t="28" w="124" /><ent r="100" t="28" w="124" /><ent r="7" t="36" w="1010" /><ent r="7" t="36" w="1010" /><ent r="100" t="39" w="17" /><ent r="100" t="39" w="17" /></phr><phr n="Viewing"><ent r="1000" t="4" w="1" /><ent r="1000" t="4" w="1" /><ent r="100" t="4" w="6" /><ent r="100" t="4" w="6" /><ent r="102" t="4" w="17" /><ent r="102" t="4" w="17" /><ent r="3" t="17" w="431" /><ent r="3" t="17" w="431" /><ent r="1000" t="18" w="1" /><ent r="1000" t="18" w="1" /><ent r="100" t="18" w="5" /><ent r="100" t="18" w="5" /><ent r="102" t="18" w="16" /><ent r="102" t="18" w="16" /><ent r="64" t="38" w="59" /><ent r="64" t="38" w="59" /><ent r="64" t="39" w="106" /><ent r="64" t="39" w="106" /><ent r="64" t="46" w="39" /><ent r="64" t="46" w="39" /><ent r="65" t="46" w="379" /><ent r="65" t="46" w="379" /></phr></stem><stem n="iewin"><phr n="viewing"><ent r="3" t="2" w="273" /><ent r="3" t="2" w="273" /><ent r="100" t="4" w="12" /><ent r="100" t="4" w="12" /><ent r="100" t="4" w="15" /><ent r="100" t="4" w="15" /><ent r="3" t="4" w="548" /><ent r="3" t="4" w="548" /><ent r="3" t="26" w="36" /><ent r="3" t="26" w="36" /><ent r="100" t="28" w="124" /><ent r="100" t="28" w="124" /><ent r="7" t="36" w="1010" /><ent r="7" t="36" w="1010" /><ent r="100" t="39" w="17" /><ent r="100" t="39" w="17" /></phr><phr n="Viewing"><ent r="1000" t="4" w="1" /><ent r="1000" t="4" w="1" /><ent r="100" t="4" w="6" /><ent r="100" t="4" w="6" /><ent r="102" t="4" w="17" /><ent r="102" t="4" w="17" /><ent r="3" t="17" w="431" /><ent r="3" t="17" w="431" /><ent r="1000" t="18" w="1" /><ent r="1000" t="18" w="1" /><ent r="100" t="18" w="5" /><ent r="100" t="18" w="5" /><ent r="102" t="18" w="16" /><ent r="102" t="18" w="16" /><ent r="64" t="38" w="59" /><ent r="64" t="38" w="59" /><ent r="64" t="39" w="106" /><ent r="64" t="39" w="106" /><ent r="64" t="46" w="39" /><ent r="64" t="46" w="39" /><ent r="65" t="46" w="379" /><ent r="65" t="46" w="379" /></phr></stem><stem n="ewing"><phr n="viewing"><ent r="3" t="2" w="273" /><ent r="3" t="2" w="273" /><ent r="100" t="4" w="12" /><ent r="100" t="4" w="12" /><ent r="100" t="4" w="15" /><ent r="100" t="4" w="15" /><ent r="3" t="4" w="548" /><ent r="3" t="4" w="548" /><ent r="3" t="26" w="36" /><ent r="3" t="26" w="36" /><ent r="100" t="28" w="124" /><ent r="100" t="28" w="124" /><ent r="7" t="36" w="1010" /><ent r="7" t="36" w="1010" /><ent r="100" t="39" w="17" /><ent r="100" t="39" w="17" /></phr><phr n="Viewing"><ent r="1000" t="4" w="1" /><ent r="1000" t="4" w="1" /><ent r="100" t="4" w="6" /><ent r="100" t="4" w="6" /><ent r="102" t="4" w="17" /><ent r="102" t="4" w="17" /><ent r="3" t="17" w="431" /><ent r="3" t="17" w="431" /><ent r="1000" t="18" w="1" /><ent r="1000" t="18" w="1" /><ent r="100" t="18" w="5" /><ent r="100" t="18" w="5" /><ent r="102" t="18" w="16" /><ent r="102" t="18" w="16" /><ent r="64" t="38" w="59" /><ent r="64" t="38" w="59" /><ent r="64" t="39" w="106" /><ent r="64" t="39" w="106" /><ent r="64" t="46" w="39" /><ent r="64" t="46" w="39" /><ent r="65" t="46" w="379" /><ent r="65" t="46" w="379" /></phr></stem><stem n="viewin"><phr n="viewing"><ent r="3" t="2" w="273" /><ent r="3" t="2" w="273" /><ent r="100" t="4" w="12" /><ent r="100" t="4" w="12" /><ent r="100" t="4" w="15" /><ent r="100" t="4" w="15" /><ent r="3" t="4" w="548" /><ent r="3" t="4" w="548" /><ent r="3" t="26" w="36" /><ent r="3" t="26" w="36" /><ent r="100" t="28" w="124" /><ent r="100" t="28" w="124" /><ent r="7" t="36" w="1010" /><ent r="7" t="36" w="1010" /><ent r="100" t="39" w="17" /><ent r="100" t="39" w="17" /></phr><phr n="Viewing"><ent r="1000" t="4" w="1" /><ent r="1000" t="4" w="1" /><ent r="100" t="4" w="6" /><ent r="100" t="4" w="6" /><ent r="102" t="4" w="17" /><ent r="102" t="4" w="17" /><ent r="3" t="17" w="431" /><ent r="3" t="17" w="431" /><ent r="1000" t="18" w="1" /><ent r="1000" t="18" w="1" /><ent r="100" t="18" w="5" /><ent r="100" t="18" w="5" /><ent r="102" t="18" w="16" /><ent r="102" t="18" w="16" /><ent r="64" t="38" w="59" /><ent r="64" t="38" w="59" /><ent r="64" t="39" w="106" /><ent r="64" t="39" w="106" /><ent r="64" t="46" w="39" /><ent r="64" t="46" w="39" /><ent r="65" t="46" w="379" /><ent r="65" t="46" w="379" /></phr></stem><stem n="iewing"><phr n="viewing"><ent r="3" t="2" w="273" /><ent r="3" t="2" w="273" /><ent r="100" t="4" w="12" /><ent r="100" t="4" w="12" /><ent r="100" t="4" w="15" /><ent r="100" t="4" w="15" /><ent r="3" t="4" w="548" /><ent r="3" t="4" w="548" /><ent r="3" t="26" w="36" /><ent r="3" t="26" w="36" /><ent r="100" t="28" w="124" /><ent r="100" t="28" w="124" /><ent r="7" t="36" w="1010" /><ent r="7" t="36" w="1010" /><ent r="100" t="39" w="17" /><ent r="100" t="39" w="17" /></phr><phr n="Viewing"><ent r="1000" t="4" w="1" /><ent r="1000" t="4" w="1" /><ent r="100" t="4" w="6" /><ent r="100" t="4" w="6" /><ent r="102" t="4" w="17" /><ent r="102" t="4" w="17" /><ent r="3" t="17" w="431" /><ent r="3" t="17" w="431" /><ent r="1000" t="18" w="1" /><ent r="1000" t="18" w="1" /><ent r="100" t="18" w="5" /><ent r="100" t="18" w="5" /><ent r="102" t="18" w="16" /><ent r="102" t="18" w="16" /><ent r="64" t="38" w="59" /><ent r="64" t="38" w="59" /><ent r="64" t="39" w="106" /><ent r="64" t="39" w="106" /><ent r="64" t="46" w="39" /><ent r="64" t="46" w="39" /><ent r="65" t="46" w="379" /><ent r="65" t="46" w="379" /></phr></stem><stem n="viewing"><phr n="viewing"><ent r="3" t="2" w="273" /><ent r="3" t="2" w="273" /><ent r="100" t="4" w="12" /><ent r="100" t="4" w="12" /><ent r="100" t="4" w="15" /><ent r="100" t="4" w="15" /><ent r="3" t="4" w="548" /><ent r="3" t="4" w="548" /><ent r="3" t="26" w="36" /><ent r="3" t="26" w="36" /><ent r="100" t="28" w="124" /><ent r="100" t="28" w="124" /><ent r="7" t="36" w="1010" /><ent r="7" t="36" w="1010" /><ent r="100" t="39" w="17" /><ent r="100" t="39" w="17" /></phr><phr n="Viewing"><ent r="1000" t="4" w="1" /><ent r="1000" t="4" w="1" /><ent r="100" t="4" w="6" /><ent r="100" t="4" w="6" /><ent r="102" t="4" w="17" /><ent r="102" t="4" w="17" /><ent r="3" t="17" w="431" /><ent r="3" t="17" w="431" /><ent r="1000" t="18" w="1" /><ent r="1000" t="18" w="1" /><ent r="100" t="18" w="5" /><ent r="100" t="18" w="5" /><ent r="102" t="18" w="16" /><ent r="102" t="18" w="16" /><ent r="64" t="38" w="59" /><ent r="64" t="38" w="59" /><ent r="64" t="39" w="106" /><ent r="64" t="39" w="106" /><ent r="64" t="46" w="39" /><ent r="64" t="46" w="39" /><ent r="65" t="46" w="379" /><ent r="65" t="46" w="379" /></phr></stem><stem n="recent"><phr n="recent"><ent r="3" t="2" w="276" /><ent r="3" t="2" w="276" /><ent r="6" t="32" w="798" /><ent r="6" t="32" w="798" /><ent r="6" t="36" w="1681" /><ent r="6" t="36" w="1681" /></phr><phr n="recently"><ent r="3" t="2" w="291" /><ent r="3" t="2" w="291" /></phr></stem><stem n="ecen"><phr n="recent"><ent r="3" t="2" w="276" /><ent r="3" t="2" w="276" /><ent r="6" t="32" w="798" /><ent r="6" t="32" w="798" /><ent r="6" t="36" w="1681" /><ent r="6" t="36" w="1681" /></phr><phr n="recently"><ent r="3" t="2" w="291" /><ent r="3" t="2" w="291" /></phr></stem><stem n="cent"><phr n="recent"><ent r="3" t="2" w="276" /><ent r="3" t="2" w="276" /><ent r="6" t="32" w="798" /><ent r="6" t="32" w="798" /><ent r="6" t="36" w="1681" /><ent r="6" t="36" w="1681" /></phr><phr n="recently"><ent r="3" t="2" w="291" /><ent r="3" t="2" w="291" /></phr><phr n="percentage"><ent r="6" t="29" w="305" /><ent r="3" t="29" w="473" /><ent r="3" t="29" w="473" /><ent r="4" t="36" w="76" /></phr><phr n="Percentage"><ent r="67" t="29" w="319" /><ent r="67" t="29" w="319" /><ent r="82" t="29" w="458" /><ent r="82" t="29" w="458" /></phr></stem><stem n="recen"><phr n="recent"><ent r="3" t="2" w="276" /><ent r="3" t="2" w="276" /><ent r="6" t="32" w="798" /><ent r="6" t="32" w="798" /><ent r="6" t="36" w="1681" /><ent r="6" t="36" w="1681" /></phr><phr n="recently"><ent r="3" t="2" w="291" /><ent r="3" t="2" w="291" /></phr></stem><stem n="ecent"><phr n="recent"><ent r="3" t="2" w="276" /><ent r="3" t="2" w="276" /><ent r="6" t="32" w="798" /><ent r="6" t="32" w="798" /><ent r="6" t="36" w="1681" /><ent r="6" t="36" w="1681" /></phr><phr n="recently"><ent r="3" t="2" w="291" /><ent r="3" t="2" w="291" /></phr></stem><stem n="action"><phr n="action"><ent r="3" t="2" w="289" /><ent r="3" t="2" w="289" /><ent r="3" t="4" w="562" /><ent r="3" t="4" w="562" /><ent r="3" t="13" w="112" /><ent r="3" t="13" w="112" /><ent r="4" t="14" w="487" /><ent r="4" t="14" w="487" /><ent r="4" t="21" w="102" /><ent r="4" t="21" w="102" /><ent r="4" t="23" w="351" /><ent r="4" t="23" w="351" /><ent r="4" t="24" w="294" /><ent r="4" t="24" w="294" /><ent r="3" t="28" w="81" /><ent r="3" t="28" w="81" /><ent r="3" t="32" w="133" /><ent r="3" t="32" w="133" /><ent r="3" t="32" w="153" /><ent r="3" t="32" w="153" /><ent r="4" t="42" w="208" /><ent r="4" t="42" w="208" /></phr><phr n="actions"><ent r="4" t="4" w="166" /><ent r="4" t="4" w="166" /><ent r="5" t="4" w="250" /><ent r="5" t="4" w="250" /><ent r="5" t="28" w="111" /><ent r="5" t="28" w="111" /><ent r="3" t="32" w="181" /><ent r="7" t="38" w="224" /><ent r="7" t="38" w="224" /></phr><phr n="Action"><ent r="5" t="32" w="183" /><ent r="5" t="32" w="183" /><ent r="7" t="32" w="190" /><ent r="7" t="32" w="190" /></phr><phr n="SOAPAction"><ent r="3" t="34" w="1628" /></phr></stem><stem n="acti"><phr n="action"><ent r="3" t="2" w="289" /><ent r="3" t="2" w="289" /><ent r="3" t="4" w="562" /><ent r="3" t="4" w="562" /><ent r="3" t="13" w="112" /><ent r="3" t="13" w="112" /><ent r="4" t="14" w="487" /><ent r="4" t="14" w="487" /><ent r="4" t="21" w="102" /><ent r="4" t="21" w="102" /><ent r="4" t="23" w="351" /><ent r="4" t="23" w="351" /><ent r="4" t="24" w="294" /><ent r="4" t="24" w="294" /><ent r="3" t="28" w="81" /><ent r="3" t="28" w="81" /><ent r="3" t="32" w="133" /><ent r="3" t="32" w="133" /><ent r="3" t="32" w="153" /><ent r="3" t="32" w="153" /><ent r="4" t="42" w="208" /><ent r="4" t="42" w="208" /></phr><phr n="actions"><ent r="4" t="4" w="166" /><ent r="4" t="4" w="166" /><ent r="5" t="4" w="250" /><ent r="5" t="4" w="250" /><ent r="5" t="28" w="111" /><ent r="5" t="28" w="111" /><ent r="3" t="32" w="181" /><ent r="7" t="38" w="224" /><ent r="7" t="38" w="224" /></phr><phr n="activity"><ent r="3" t="26" w="81" /><ent r="3" t="26" w="81" /></phr><phr n="Action"><ent r="5" t="32" w="183" /><ent r="5" t="32" w="183" /><ent r="7" t="32" w="190" /><ent r="7" t="32" w="190" /></phr><phr n="active"><ent r="4" t="34" w="267" /><ent r="4" t="34" w="267" /><ent r="4" t="34" w="282" /><ent r="4" t="34" w="282" /><ent r="4" t="34" w="1940" /><ent r="4" t="34" w="1940" /><ent r="6" t="39" w="129" /><ent r="6" t="39" w="129" /></phr><phr n="SOAPAction"><ent r="3" t="34" w="1628" /></phr><phr n="Inactivity"><ent r="5" t="42" w="441" /><ent r="5" t="42" w="441" /></phr><phr n="inactivity"><ent r="4" t="42" w="464" /></phr></stem><stem n="actio"><phr n="action"><ent r="3" t="2" w="289" /><ent r="3" t="2" w="289" /><ent r="3" t="4" w="562" /><ent r="3" t="4" w="562" /><ent r="3" t="13" w="112" /><ent r="3" t="13" w="112" /><ent r="4" t="14" w="487" /><ent r="4" t="14" w="487" /><ent r="4" t="21" w="102" /><ent r="4" t="21" w="102" /><ent r="4" t="23" w="351" /><ent r="4" t="23" w="351" /><ent r="4" t="24" w="294" /><ent r="4" t="24" w="294" /><ent r="3" t="28" w="81" /><ent r="3" t="28" w="81" /><ent r="3" t="32" w="133" /><ent r="3" t="32" w="133" /><ent r="3" t="32" w="153" /><ent r="3" t="32" w="153" /><ent r="4" t="42" w="208" /><ent r="4" t="42" w="208" /></phr><phr n="actions"><ent r="4" t="4" w="166" /><ent r="4" t="4" w="166" /><ent r="5" t="4" w="250" /><ent r="5" t="4" w="250" /><ent r="5" t="28" w="111" /><ent r="5" t="28" w="111" /><ent r="3" t="32" w="181" /><ent r="7" t="38" w="224" /><ent r="7" t="38" w="224" /></phr><phr n="Action"><ent r="5" t="32" w="183" /><ent r="5" t="32" w="183" /><ent r="7" t="32" w="190" /><ent r="7" t="32" w="190" /></phr><phr n="SOAPAction"><ent r="3" t="34" w="1628" /></phr></stem><stem n="ntly"><phr n="recently"><ent r="3" t="2" w="291" /><ent r="3" t="2" w="291" /></phr><phr n="currently"><ent r="3" t="3" w="343" /><ent r="3" t="3" w="343" /><ent r="4" t="5" w="196" /><ent r="4" t="5" w="196" /><ent r="3" t="7" w="386" /><ent r="3" t="7" w="386" /><ent r="3" t="12" w="143" /><ent r="3" t="12" w="143" /><ent r="4" t="12" w="238" /><ent r="4" t="12" w="238" /><ent r="3" t="15" w="38" /><ent r="3" t="15" w="38" /><ent r="4" t="15" w="174" /><ent r="4" t="15" w="174" /><ent r="3" t="15" w="195" /><ent r="3" t="15" w="195" /><ent r="4" t="21" w="87" /><ent r="4" t="21" w="87" /><ent r="7" t="22" w="185" /><ent r="7" t="22" w="185" /><ent r="7" t="22" w="241" /><ent r="7" t="22" w="241" /><ent r="4" t="23" w="337" /><ent r="4" t="23" w="337" /><ent r="4" t="24" w="280" /><ent r="4" t="24" w="280" /><ent r="4" t="28" w="48" /><ent r="4" t="28" w="48" /><ent r="7" t="31" w="458" /><ent r="7" t="31" w="458" /><ent r="3" t="31" w="710" /><ent r="3" t="31" w="710" /><ent r="6" t="36" w="1648" /><ent r="6" t="36" w="1648" /><ent r="7" t="36" w="1698" /><ent r="7" t="36" w="1698" /><ent r="6" t="38" w="117" /><ent r="6" t="38" w="117" /><ent r="3" t="41" w="43" /><ent r="3" t="41" w="43" /></phr><phr n="constantly"><ent r="4" t="4" w="211" /><ent r="4" t="4" w="211" /><ent r="7" t="38" w="269" /><ent r="7" t="38" w="269" /></phr><phr n="Currently"><ent r="3" t="44" w="78" /><ent r="3" t="44" w="78" /></phr></stem><stem n="entl"><phr n="recently"><ent r="3" t="2" w="291" /><ent r="3" t="2" w="291" /></phr><phr n="currently"><ent r="3" t="3" w="343" /><ent r="3" t="3" w="343" /><ent r="4" t="5" w="196" /><ent r="4" t="5" w="196" /><ent r="3" t="7" w="386" /><ent r="3" t="7" w="386" /><ent r="3" t="12" w="143" /><ent r="3" t="12" w="143" /><ent r="4" t="12" w="238" /><ent r="4" t="12" w="238" /><ent r="3" t="15" w="38" /><ent r="3" t="15" w="38" /><ent r="4" t="15" w="174" /><ent r="4" t="15" w="174" /><ent r="3" t="15" w="195" /><ent r="3" t="15" w="195" /><ent r="4" t="21" w="87" /><ent r="4" t="21" w="87" /><ent r="7" t="22" w="185" /><ent r="7" t="22" w="185" /><ent r="7" t="22" w="241" /><ent r="7" t="22" w="241" /><ent r="4" t="23" w="337" /><ent r="4" t="23" w="337" /><ent r="4" t="24" w="280" /><ent r="4" t="24" w="280" /><ent r="4" t="28" w="48" /><ent r="4" t="28" w="48" /><ent r="7" t="31" w="458" /><ent r="7" t="31" w="458" /><ent r="3" t="31" w="710" /><ent r="3" t="31" w="710" /><ent r="6" t="36" w="1648" /><ent r="6" t="36" w="1648" /><ent r="7" t="36" w="1698" /><ent r="7" t="36" w="1698" /><ent r="6" t="38" w="117" /><ent r="6" t="38" w="117" /><ent r="3" t="41" w="43" /><ent r="3" t="41" w="43" /></phr><phr n="Currently"><ent r="3" t="44" w="78" /><ent r="3" t="44" w="78" /></phr></stem><stem n="centl"><phr n="recently"><ent r="3" t="2" w="291" /><ent r="3" t="2" w="291" /></phr></stem><stem n="ently"><phr n="recently"><ent r="3" t="2" w="291" /><ent r="3" t="2" w="291" /></phr><phr n="currently"><ent r="3" t="3" w="343" /><ent r="3" t="3" w="343" /><ent r="4" t="5" w="196" /><ent r="4" t="5" w="196" /><ent r="3" t="7" w="386" /><ent r="3" t="7" w="386" /><ent r="3" t="12" w="143" /><ent r="3" t="12" w="143" /><ent r="4" t="12" w="238" /><ent r="4" t="12" w="238" /><ent r="3" t="15" w="38" /><ent r="3" t="15" w="38" /><ent r="4" t="15" w="174" /><ent r="4" t="15" w="174" /><ent r="3" t="15" w="195" /><ent r="3" t="15" w="195" /><ent r="4" t="21" w="87" /><ent r="4" t="21" w="87" /><ent r="7" t="22" w="185" /><ent r="7" t="22" w="185" /><ent r="7" t="22" w="241" /><ent r="7" t="22" w="241" /><ent r="4" t="23" w="337" /><ent r="4" t="23" w="337" /><ent r="4" t="24" w="280" /><ent r="4" t="24" w="280" /><ent r="4" t="28" w="48" /><ent r="4" t="28" w="48" /><ent r="7" t="31" w="458" /><ent r="7" t="31" w="458" /><ent r="3" t="31" w="710" /><ent r="3" t="31" w="710" /><ent r="6" t="36" w="1648" /><ent r="6" t="36" w="1648" /><ent r="7" t="36" w="1698" /><ent r="7" t="36" w="1698" /><ent r="6" t="38" w="117" /><ent r="6" t="38" w="117" /><ent r="3" t="41" w="43" /><ent r="3" t="41" w="43" /></phr><phr n="Currently"><ent r="3" t="44" w="78" /><ent r="3" t="44" w="78" /></phr></stem></index>