<?xml version="1.0" encoding="utf-8"?><index><stem n="migratio"><phr n="migrations"><ent r="4" t="2" w="104" /><ent r="3" t="17" w="839" /><ent r="3" t="17" w="839" /><ent r="100" t="18" w="14" /><ent r="100" t="18" w="14" /><ent r="64" t="18" w="30" /><ent r="64" t="18" w="30" /><ent r="4" t="18" w="66" /><ent r="4" t="18" w="94" /><ent r="4" t="18" w="94" /><ent r="4" t="18" w="107" /><ent r="3" t="34" w="1206" /><ent r="3" t="34" w="1206" /><ent r="4" t="34" w="1216" /><ent r="4" t="34" w="1216" /><ent r="3" t="35" w="48" /><ent r="3" t="35" w="57" /><ent r="6" t="35" w="80" /><ent r="6" t="35" w="80" /><ent r="6" t="35" w="341" /></phr><phr n="Migration"><ent r="65" t="3" w="76" /><ent r="65" t="3" w="76" /><ent r="64" t="17" w="87" /><ent r="64" t="17" w="87" /><ent r="3" t="17" w="106" /><ent r="3" t="17" w="106" /><ent r="3" t="17" w="164" /><ent r="3" t="17" w="164" /><ent r="65" t="17" w="205" /><ent r="65" t="17" w="205" /><ent r="5" t="17" w="234" /><ent r="5" t="17" w="234" /><ent r="65" t="17" w="240" /><ent r="65" t="17" w="240" /><ent r="3" t="17" w="702" /><ent r="3" t="17" w="702" /><ent r="65" t="17" w="748" /><ent r="65" t="17" w="748" /><ent r="92" t="17" w="828" /><ent r="92" t="17" w="828" /><ent r="1000" t="18" w="2" /><ent r="1000" t="18" w="2" /><ent r="100" t="18" w="6" /><ent r="100" t="18" w="6" /><ent r="100" t="18" w="9" /><ent r="100" t="18" w="9" /><ent r="102" t="18" w="17" /><ent r="102" t="18" w="17" /><ent r="4" t="18" w="54" /><ent r="4" t="18" w="54" /><ent r="4" t="18" w="119" /><ent r="4" t="18" w="119" /><ent r="126" t="33" w="56" /><ent r="126" t="33" w="56" /><ent r="1000" t="34" w="1" /><ent r="1000" t="34" w="1" /><ent r="100" t="34" w="4" /><ent r="100" t="34" w="4" /><ent r="102" t="34" w="9" /><ent r="102" t="34" w="9" /><ent r="3" t="34" w="22" /><ent r="3" t="34" w="22" /><ent r="3" t="34" w="93" /><ent r="3" t="34" w="93" /><ent r="4" t="34" w="237" /><ent r="4" t="34" w="237" /><ent r="100" t="34" w="384" /><ent r="100" t="34" w="384" /><ent r="3" t="34" w="588" /><ent r="3" t="34" w="588" /><ent r="100" t="34" w="604" /><ent r="100" t="34" w="604" /><ent r="92" t="34" w="609" /><ent r="92" t="34" w="609" /><ent r="82" t="34" w="1042" /><ent r="82" t="34" w="1042" /><ent r="4" t="34" w="1103" /><ent r="4" t="34" w="1103" /><ent r="4" t="34" w="1129" /><ent r="4" t="34" w="1129" /><ent r="92" t="34" w="1151" /><ent r="92" t="34" w="1151" /><ent r="3" t="34" w="1166" /><ent r="3" t="34" w="1166" /><ent r="82" t="34" w="1170" /><ent r="82" t="34" w="1170" /><ent r="4" t="34" w="1194" /><ent r="4" t="34" w="1194" /><ent r="4" t="34" w="1256" /><ent r="4" t="34" w="1256" /><ent r="100" t="35" w="7" /><ent r="100" t="35" w="7" /><ent r="64" t="35" w="64" /><ent r="64" t="35" w="64" /><ent r="6" t="35" w="162" /><ent r="67" t="35" w="167" /><ent r="67" t="35" w="167" /><ent r="7" t="35" w="504" /><ent r="7" t="35" w="504" /></phr><phr n="migration"><ent r="3" t="3" w="311" /><ent r="3" t="3" w="311" /><ent r="6" t="3" w="557" /><ent r="6" t="3" w="625" /><ent r="6" t="3" w="625" /><ent r="3" t="17" w="101" /><ent r="3" t="17" w="101" /><ent r="4" t="17" w="216" /><ent r="4" t="17" w="216" /><ent r="4" t="17" w="336" /><ent r="4" t="17" w="357" /><ent r="4" t="17" w="357" /><ent r="3" t="17" w="639" /><ent r="3" t="17" w="639" /><ent r="4" t="17" w="647" /><ent r="4" t="17" w="649" /><ent r="4" t="17" w="649" /><ent r="4" t="17" w="656" /><ent r="4" t="17" w="656" /><ent r="4" t="17" w="723" /><ent r="4" t="17" w="732" /><ent r="4" t="17" w="732" /><ent r="4" t="17" w="743" /><ent r="4" t="17" w="743" /><ent r="4" t="17" w="785" /><ent r="3" t="17" w="797" /><ent r="3" t="17" w="797" /><ent r="3" t="17" w="803" /><ent r="3" t="17" w="803" /><ent r="4" t="18" w="49" /><ent r="4" t="18" w="49" /><ent r="4" t="18" w="110" /><ent r="4" t="18" w="110" /><ent r="3" t="18" w="126" /><ent r="3" t="18" w="126" /><ent r="3" t="18" w="139" /><ent r="3" t="18" w="152" /><ent r="3" t="18" w="152" /><ent r="4" t="18" w="171" /><ent r="4" t="18" w="171" /><ent r="4" t="18" w="192" /><ent r="4" t="18" w="192" /><ent r="3" t="18" w="197" /><ent r="3" t="18" w="197" /><ent r="4" t="18" w="229" /><ent r="4" t="18" w="229" /><ent r="3" t="32" w="103" /><ent r="3" t="32" w="103" /><ent r="3" t="32" w="106" /><ent r="3" t="32" w="106" /><ent r="6" t="32" w="593" /><ent r="6" t="32" w="593" /><ent r="3" t="34" w="77" /><ent r="3" t="34" w="121" /><ent r="3" t="34" w="121" /><ent r="3" t="34" w="163" /><ent r="3" t="34" w="163" /><ent r="4" t="34" w="224" /><ent r="4" t="34" w="224" /><ent r="3" t="34" w="432" /><ent r="3" t="34" w="432" /><ent r="3" t="34" w="633" /><ent r="3" t="34" w="891" /><ent r="3" t="34" w="932" /><ent r="3" t="34" w="932" /><ent r="3" t="34" w="977" /><ent r="3" t="34" w="977" /><ent r="3" t="34" w="1052" /><ent r="4" t="34" w="1058" /><ent r="4" t="34" w="1058" /><ent r="4" t="34" w="1121" /><ent r="4" t="34" w="1121" /><ent r="3" t="34" w="1181" /><ent r="3" t="34" w="1199" /><ent r="3" t="34" w="1199" /><ent r="4" t="34" w="1236" /><ent r="4" t="34" w="1236" /><ent r="4" t="34" w="1250" /><ent r="4" t="34" w="1250" /><ent r="4" t="34" w="1389" /><ent r="4" t="34" w="1403" /><ent r="4" t="34" w="1403" /><ent r="4" t="34" w="1479" /><ent r="4" t="34" w="1497" /><ent r="3" t="34" w="1631" /><ent r="3" t="34" w="1631" /><ent r="4" t="34" w="1753" /><ent r="4" t="34" w="1753" /><ent r="4" t="34" w="1872" /><ent r="3" t="34" w="1986" /><ent r="3" t="34" w="1986" /><ent r="4" t="34" w="2073" /><ent r="4" t="34" w="2073" /><ent r="64" t="35" w="24" /><ent r="64" t="35" w="24" /><ent r="3" t="35" w="31" /><ent r="3" t="35" w="31" /><ent r="6" t="35" w="132" /><ent r="6" t="35" w="132" /><ent r="6" t="35" w="149" /><ent r="6" t="35" w="179" /><ent r="6" t="35" w="179" /><ent r="6" t="35" w="201" /><ent r="6" t="35" w="213" /><ent r="6" t="35" w="242" /><ent r="6" t="35" w="242" /><ent r="7" t="35" w="291" /><ent r="7" t="35" w="291" /><ent r="6" t="35" w="362" /><ent r="6" t="35" w="362" /><ent r="6" t="35" w="368" /><ent r="6" t="35" w="368" /><ent r="6" t="35" w="411" /><ent r="6" t="35" w="411" /><ent r="7" t="35" w="451" /><ent r="6" t="35" w="512" /></phr><phr n="Migrations"><ent r="3" t="34" w="1173" /><ent r="3" t="34" w="1173" /><ent r="6" t="35" w="150" /><ent r="6" t="35" w="150" /></phr></stem><stem n="igration"><phr n="migrations"><ent r="4" t="2" w="104" /><ent r="3" t="17" w="839" /><ent r="3" t="17" w="839" /><ent r="100" t="18" w="14" /><ent r="100" t="18" w="14" /><ent r="64" t="18" w="30" /><ent r="64" t="18" w="30" /><ent r="4" t="18" w="66" /><ent r="4" t="18" w="94" /><ent r="4" t="18" w="94" /><ent r="4" t="18" w="107" /><ent r="3" t="34" w="1206" /><ent r="3" t="34" w="1206" /><ent r="4" t="34" w="1216" /><ent r="4" t="34" w="1216" /><ent r="3" t="35" w="48" /><ent r="3" t="35" w="57" /><ent r="6" t="35" w="80" /><ent r="6" t="35" w="80" /><ent r="6" t="35" w="341" /></phr><phr n="Migration"><ent r="65" t="3" w="76" /><ent r="65" t="3" w="76" /><ent r="64" t="17" w="87" /><ent r="64" t="17" w="87" /><ent r="3" t="17" w="106" /><ent r="3" t="17" w="106" /><ent r="3" t="17" w="164" /><ent r="3" t="17" w="164" /><ent r="65" t="17" w="205" /><ent r="65" t="17" w="205" /><ent r="5" t="17" w="234" /><ent r="5" t="17" w="234" /><ent r="65" t="17" w="240" /><ent r="65" t="17" w="240" /><ent r="3" t="17" w="702" /><ent r="3" t="17" w="702" /><ent r="65" t="17" w="748" /><ent r="65" t="17" w="748" /><ent r="92" t="17" w="828" /><ent r="92" t="17" w="828" /><ent r="1000" t="18" w="2" /><ent r="1000" t="18" w="2" /><ent r="100" t="18" w="6" /><ent r="100" t="18" w="6" /><ent r="100" t="18" w="9" /><ent r="100" t="18" w="9" /><ent r="102" t="18" w="17" /><ent r="102" t="18" w="17" /><ent r="4" t="18" w="54" /><ent r="4" t="18" w="54" /><ent r="4" t="18" w="119" /><ent r="4" t="18" w="119" /><ent r="126" t="33" w="56" /><ent r="126" t="33" w="56" /><ent r="1000" t="34" w="1" /><ent r="1000" t="34" w="1" /><ent r="100" t="34" w="4" /><ent r="100" t="34" w="4" /><ent r="102" t="34" w="9" /><ent r="102" t="34" w="9" /><ent r="3" t="34" w="22" /><ent r="3" t="34" w="22" /><ent r="3" t="34" w="93" /><ent r="3" t="34" w="93" /><ent r="4" t="34" w="237" /><ent r="4" t="34" w="237" /><ent r="100" t="34" w="384" /><ent r="100" t="34" w="384" /><ent r="3" t="34" w="588" /><ent r="3" t="34" w="588" /><ent r="100" t="34" w="604" /><ent r="100" t="34" w="604" /><ent r="92" t="34" w="609" /><ent r="92" t="34" w="609" /><ent r="82" t="34" w="1042" /><ent r="82" t="34" w="1042" /><ent r="4" t="34" w="1103" /><ent r="4" t="34" w="1103" /><ent r="4" t="34" w="1129" /><ent r="4" t="34" w="1129" /><ent r="92" t="34" w="1151" /><ent r="92" t="34" w="1151" /><ent r="3" t="34" w="1166" /><ent r="3" t="34" w="1166" /><ent r="82" t="34" w="1170" /><ent r="82" t="34" w="1170" /><ent r="4" t="34" w="1194" /><ent r="4" t="34" w="1194" /><ent r="4" t="34" w="1256" /><ent r="4" t="34" w="1256" /><ent r="100" t="35" w="7" /><ent r="100" t="35" w="7" /><ent r="64" t="35" w="64" /><ent r="64" t="35" w="64" /><ent r="6" t="35" w="162" /><ent r="67" t="35" w="167" /><ent r="67" t="35" w="167" /><ent r="7" t="35" w="504" /><ent r="7" t="35" w="504" /></phr><phr n="migration"><ent r="3" t="3" w="311" /><ent r="3" t="3" w="311" /><ent r="6" t="3" w="557" /><ent r="6" t="3" w="625" /><ent r="6" t="3" w="625" /><ent r="3" t="17" w="101" /><ent r="3" t="17" w="101" /><ent r="4" t="17" w="216" /><ent r="4" t="17" w="216" /><ent r="4" t="17" w="336" /><ent r="4" t="17" w="357" /><ent r="4" t="17" w="357" /><ent r="3" t="17" w="639" /><ent r="3" t="17" w="639" /><ent r="4" t="17" w="647" /><ent r="4" t="17" w="649" /><ent r="4" t="17" w="649" /><ent r="4" t="17" w="656" /><ent r="4" t="17" w="656" /><ent r="4" t="17" w="723" /><ent r="4" t="17" w="732" /><ent r="4" t="17" w="732" /><ent r="4" t="17" w="743" /><ent r="4" t="17" w="743" /><ent r="4" t="17" w="785" /><ent r="3" t="17" w="797" /><ent r="3" t="17" w="797" /><ent r="3" t="17" w="803" /><ent r="3" t="17" w="803" /><ent r="4" t="18" w="49" /><ent r="4" t="18" w="49" /><ent r="4" t="18" w="110" /><ent r="4" t="18" w="110" /><ent r="3" t="18" w="126" /><ent r="3" t="18" w="126" /><ent r="3" t="18" w="139" /><ent r="3" t="18" w="152" /><ent r="3" t="18" w="152" /><ent r="4" t="18" w="171" /><ent r="4" t="18" w="171" /><ent r="4" t="18" w="192" /><ent r="4" t="18" w="192" /><ent r="3" t="18" w="197" /><ent r="3" t="18" w="197" /><ent r="4" t="18" w="229" /><ent r="4" t="18" w="229" /><ent r="3" t="32" w="103" /><ent r="3" t="32" w="103" /><ent r="3" t="32" w="106" /><ent r="3" t="32" w="106" /><ent r="6" t="32" w="593" /><ent r="6" t="32" w="593" /><ent r="3" t="34" w="77" /><ent r="3" t="34" w="121" /><ent r="3" t="34" w="121" /><ent r="3" t="34" w="163" /><ent r="3" t="34" w="163" /><ent r="4" t="34" w="224" /><ent r="4" t="34" w="224" /><ent r="3" t="34" w="432" /><ent r="3" t="34" w="432" /><ent r="3" t="34" w="633" /><ent r="3" t="34" w="891" /><ent r="3" t="34" w="932" /><ent r="3" t="34" w="932" /><ent r="3" t="34" w="977" /><ent r="3" t="34" w="977" /><ent r="3" t="34" w="1052" /><ent r="4" t="34" w="1058" /><ent r="4" t="34" w="1058" /><ent r="4" t="34" w="1121" /><ent r="4" t="34" w="1121" /><ent r="3" t="34" w="1181" /><ent r="3" t="34" w="1199" /><ent r="3" t="34" w="1199" /><ent r="4" t="34" w="1236" /><ent r="4" t="34" w="1236" /><ent r="4" t="34" w="1250" /><ent r="4" t="34" w="1250" /><ent r="4" t="34" w="1389" /><ent r="4" t="34" w="1403" /><ent r="4" t="34" w="1403" /><ent r="4" t="34" w="1479" /><ent r="4" t="34" w="1497" /><ent r="3" t="34" w="1631" /><ent r="3" t="34" w="1631" /><ent r="4" t="34" w="1753" /><ent r="4" t="34" w="1753" /><ent r="4" t="34" w="1872" /><ent r="3" t="34" w="1986" /><ent r="3" t="34" w="1986" /><ent r="4" t="34" w="2073" /><ent r="4" t="34" w="2073" /><ent r="64" t="35" w="24" /><ent r="64" t="35" w="24" /><ent r="3" t="35" w="31" /><ent r="3" t="35" w="31" /><ent r="6" t="35" w="132" /><ent r="6" t="35" w="132" /><ent r="6" t="35" w="149" /><ent r="6" t="35" w="179" /><ent r="6" t="35" w="179" /><ent r="6" t="35" w="201" /><ent r="6" t="35" w="213" /><ent r="6" t="35" w="242" /><ent r="6" t="35" w="242" /><ent r="7" t="35" w="291" /><ent r="7" t="35" w="291" /><ent r="6" t="35" w="362" /><ent r="6" t="35" w="362" /><ent r="6" t="35" w="368" /><ent r="6" t="35" w="368" /><ent r="6" t="35" w="411" /><ent r="6" t="35" w="411" /><ent r="7" t="35" w="451" /><ent r="6" t="35" w="512" /></phr><phr n="Migrations"><ent r="3" t="34" w="1173" /><ent r="3" t="34" w="1173" /><ent r="6" t="35" w="150" /><ent r="6" t="35" w="150" /></phr></stem><stem n="grations"><phr n="migrations"><ent r="4" t="2" w="104" /><ent r="3" t="17" w="839" /><ent r="3" t="17" w="839" /><ent r="100" t="18" w="14" /><ent r="100" t="18" w="14" /><ent r="64" t="18" w="30" /><ent r="64" t="18" w="30" /><ent r="4" t="18" w="66" /><ent r="4" t="18" w="94" /><ent r="4" t="18" w="94" /><ent r="4" t="18" w="107" /><ent r="3" t="34" w="1206" /><ent r="3" t="34" w="1206" /><ent r="4" t="34" w="1216" /><ent r="4" t="34" w="1216" /><ent r="3" t="35" w="48" /><ent r="3" t="35" w="57" /><ent r="6" t="35" w="80" /><ent r="6" t="35" w="80" /><ent r="6" t="35" w="341" /></phr><phr n="Migrations"><ent r="3" t="34" w="1173" /><ent r="3" t="34" w="1173" /><ent r="6" t="35" w="150" /><ent r="6" t="35" w="150" /></phr></stem><stem n="migration"><phr n="migrations"><ent r="4" t="2" w="104" /><ent r="3" t="17" w="839" /><ent r="3" t="17" w="839" /><ent r="100" t="18" w="14" /><ent r="100" t="18" w="14" /><ent r="64" t="18" w="30" /><ent r="64" t="18" w="30" /><ent r="4" t="18" w="66" /><ent r="4" t="18" w="94" /><ent r="4" t="18" w="94" /><ent r="4" t="18" w="107" /><ent r="3" t="34" w="1206" /><ent r="3" t="34" w="1206" /><ent r="4" t="34" w="1216" /><ent r="4" t="34" w="1216" /><ent r="3" t="35" w="48" /><ent r="3" t="35" w="57" /><ent r="6" t="35" w="80" /><ent r="6" t="35" w="80" /><ent r="6" t="35" w="341" /></phr><phr n="Migration"><ent r="65" t="3" w="76" /><ent r="65" t="3" w="76" /><ent r="64" t="17" w="87" /><ent r="64" t="17" w="87" /><ent r="3" t="17" w="106" /><ent r="3" t="17" w="106" /><ent r="3" t="17" w="164" /><ent r="3" t="17" w="164" /><ent r="65" t="17" w="205" /><ent r="65" t="17" w="205" /><ent r="5" t="17" w="234" /><ent r="5" t="17" w="234" /><ent r="65" t="17" w="240" /><ent r="65" t="17" w="240" /><ent r="3" t="17" w="702" /><ent r="3" t="17" w="702" /><ent r="65" t="17" w="748" /><ent r="65" t="17" w="748" /><ent r="92" t="17" w="828" /><ent r="92" t="17" w="828" /><ent r="1000" t="18" w="2" /><ent r="1000" t="18" w="2" /><ent r="100" t="18" w="6" /><ent r="100" t="18" w="6" /><ent r="100" t="18" w="9" /><ent r="100" t="18" w="9" /><ent r="102" t="18" w="17" /><ent r="102" t="18" w="17" /><ent r="4" t="18" w="54" /><ent r="4" t="18" w="54" /><ent r="4" t="18" w="119" /><ent r="4" t="18" w="119" /><ent r="126" t="33" w="56" /><ent r="126" t="33" w="56" /><ent r="1000" t="34" w="1" /><ent r="1000" t="34" w="1" /><ent r="100" t="34" w="4" /><ent r="100" t="34" w="4" /><ent r="102" t="34" w="9" /><ent r="102" t="34" w="9" /><ent r="3" t="34" w="22" /><ent r="3" t="34" w="22" /><ent r="3" t="34" w="93" /><ent r="3" t="34" w="93" /><ent r="4" t="34" w="237" /><ent r="4" t="34" w="237" /><ent r="100" t="34" w="384" /><ent r="100" t="34" w="384" /><ent r="3" t="34" w="588" /><ent r="3" t="34" w="588" /><ent r="100" t="34" w="604" /><ent r="100" t="34" w="604" /><ent r="92" t="34" w="609" /><ent r="92" t="34" w="609" /><ent r="82" t="34" w="1042" /><ent r="82" t="34" w="1042" /><ent r="4" t="34" w="1103" /><ent r="4" t="34" w="1103" /><ent r="4" t="34" w="1129" /><ent r="4" t="34" w="1129" /><ent r="92" t="34" w="1151" /><ent r="92" t="34" w="1151" /><ent r="3" t="34" w="1166" /><ent r="3" t="34" w="1166" /><ent r="82" t="34" w="1170" /><ent r="82" t="34" w="1170" /><ent r="4" t="34" w="1194" /><ent r="4" t="34" w="1194" /><ent r="4" t="34" w="1256" /><ent r="4" t="34" w="1256" /><ent r="100" t="35" w="7" /><ent r="100" t="35" w="7" /><ent r="64" t="35" w="64" /><ent r="64" t="35" w="64" /><ent r="6" t="35" w="162" /><ent r="67" t="35" w="167" /><ent r="67" t="35" w="167" /><ent r="7" t="35" w="504" /><ent r="7" t="35" w="504" /></phr><phr n="migration"><ent r="3" t="3" w="311" /><ent r="3" t="3" w="311" /><ent r="6" t="3" w="557" /><ent r="6" t="3" w="625" /><ent r="6" t="3" w="625" /><ent r="3" t="17" w="101" /><ent r="3" t="17" w="101" /><ent r="4" t="17" w="216" /><ent r="4" t="17" w="216" /><ent r="4" t="17" w="336" /><ent r="4" t="17" w="357" /><ent r="4" t="17" w="357" /><ent r="3" t="17" w="639" /><ent r="3" t="17" w="639" /><ent r="4" t="17" w="647" /><ent r="4" t="17" w="649" /><ent r="4" t="17" w="649" /><ent r="4" t="17" w="656" /><ent r="4" t="17" w="656" /><ent r="4" t="17" w="723" /><ent r="4" t="17" w="732" /><ent r="4" t="17" w="732" /><ent r="4" t="17" w="743" /><ent r="4" t="17" w="743" /><ent r="4" t="17" w="785" /><ent r="3" t="17" w="797" /><ent r="3" t="17" w="797" /><ent r="3" t="17" w="803" /><ent r="3" t="17" w="803" /><ent r="4" t="18" w="49" /><ent r="4" t="18" w="49" /><ent r="4" t="18" w="110" /><ent r="4" t="18" w="110" /><ent r="3" t="18" w="126" /><ent r="3" t="18" w="126" /><ent r="3" t="18" w="139" /><ent r="3" t="18" w="152" /><ent r="3" t="18" w="152" /><ent r="4" t="18" w="171" /><ent r="4" t="18" w="171" /><ent r="4" t="18" w="192" /><ent r="4" t="18" w="192" /><ent r="3" t="18" w="197" /><ent r="3" t="18" w="197" /><ent r="4" t="18" w="229" /><ent r="4" t="18" w="229" /><ent r="3" t="32" w="103" /><ent r="3" t="32" w="103" /><ent r="3" t="32" w="106" /><ent r="3" t="32" w="106" /><ent r="6" t="32" w="593" /><ent r="6" t="32" w="593" /><ent r="3" t="34" w="77" /><ent r="3" t="34" w="121" /><ent r="3" t="34" w="121" /><ent r="3" t="34" w="163" /><ent r="3" t="34" w="163" /><ent r="4" t="34" w="224" /><ent r="4" t="34" w="224" /><ent r="3" t="34" w="432" /><ent r="3" t="34" w="432" /><ent r="3" t="34" w="633" /><ent r="3" t="34" w="891" /><ent r="3" t="34" w="932" /><ent r="3" t="34" w="932" /><ent r="3" t="34" w="977" /><ent r="3" t="34" w="977" /><ent r="3" t="34" w="1052" /><ent r="4" t="34" w="1058" /><ent r="4" t="34" w="1058" /><ent r="4" t="34" w="1121" /><ent r="4" t="34" w="1121" /><ent r="3" t="34" w="1181" /><ent r="3" t="34" w="1199" /><ent r="3" t="34" w="1199" /><ent r="4" t="34" w="1236" /><ent r="4" t="34" w="1236" /><ent r="4" t="34" w="1250" /><ent r="4" t="34" w="1250" /><ent r="4" t="34" w="1389" /><ent r="4" t="34" w="1403" /><ent r="4" t="34" w="1403" /><ent r="4" t="34" w="1479" /><ent r="4" t="34" w="1497" /><ent r="3" t="34" w="1631" /><ent r="3" t="34" w="1631" /><ent r="4" t="34" w="1753" /><ent r="4" t="34" w="1753" /><ent r="4" t="34" w="1872" /><ent r="3" t="34" w="1986" /><ent r="3" t="34" w="1986" /><ent r="4" t="34" w="2073" /><ent r="4" t="34" w="2073" /><ent r="64" t="35" w="24" /><ent r="64" t="35" w="24" /><ent r="3" t="35" w="31" /><ent r="3" t="35" w="31" /><ent r="6" t="35" w="132" /><ent r="6" t="35" w="132" /><ent r="6" t="35" w="149" /><ent r="6" t="35" w="179" /><ent r="6" t="35" w="179" /><ent r="6" t="35" w="201" /><ent r="6" t="35" w="213" /><ent r="6" t="35" w="242" /><ent r="6" t="35" w="242" /><ent r="7" t="35" w="291" /><ent r="7" t="35" w="291" /><ent r="6" t="35" w="362" /><ent r="6" t="35" w="362" /><ent r="6" t="35" w="368" /><ent r="6" t="35" w="368" /><ent r="6" t="35" w="411" /><ent r="6" t="35" w="411" /><ent r="7" t="35" w="451" /><ent r="6" t="35" w="512" /></phr><phr n="Migrations"><ent r="3" t="34" w="1173" /><ent r="3" t="34" w="1173" /><ent r="6" t="35" w="150" /><ent r="6" t="35" w="150" /></phr></stem><stem n="igrations"><phr n="migrations"><ent r="4" t="2" w="104" /><ent r="3" t="17" w="839" /><ent r="3" t="17" w="839" /><ent r="100" t="18" w="14" /><ent r="100" t="18" w="14" /><ent r="64" t="18" w="30" /><ent r="64" t="18" w="30" /><ent r="4" t="18" w="66" /><ent r="4" t="18" w="94" /><ent r="4" t="18" w="94" /><ent r="4" t="18" w="107" /><ent r="3" t="34" w="1206" /><ent r="3" t="34" w="1206" /><ent r="4" t="34" w="1216" /><ent r="4" t="34" w="1216" /><ent r="3" t="35" w="48" /><ent r="3" t="35" w="57" /><ent r="6" t="35" w="80" /><ent r="6" t="35" w="80" /><ent r="6" t="35" w="341" /></phr><phr n="Migrations"><ent r="3" t="34" w="1173" /><ent r="3" t="34" w="1173" /><ent r="6" t="35" w="150" /><ent r="6" t="35" w="150" /></phr></stem><stem n="migrations"><phr n="migrations"><ent r="4" t="2" w="104" /><ent r="3" t="17" w="839" /><ent r="3" t="17" w="839" /><ent r="100" t="18" w="14" /><ent r="100" t="18" w="14" /><ent r="64" t="18" w="30" /><ent r="64" t="18" w="30" /><ent r="4" t="18" w="66" /><ent r="4" t="18" w="94" /><ent r="4" t="18" w="94" /><ent r="4" t="18" w="107" /><ent r="3" t="34" w="1206" /><ent r="3" t="34" w="1206" /><ent r="4" t="34" w="1216" /><ent r="4" t="34" w="1216" /><ent r="3" t="35" w="48" /><ent r="3" t="35" w="57" /><ent r="6" t="35" w="80" /><ent r="6" t="35" w="80" /><ent r="6" t="35" w="341" /></phr><phr n="Migrations"><ent r="3" t="34" w="1173" /><ent r="3" t="34" w="1173" /><ent r="6" t="35" w="150" /><ent r="6" t="35" w="150" /></phr></stem><stem n="report"><phr n="Reports"><ent r="5" t="2" w="116" /><ent r="65" t="2" w="133" /><ent r="65" t="3" w="79" /><ent r="1000" t="26" w="2" /><ent r="1000" t="26" w="2" /><ent r="100" t="26" w="5" /><ent r="100" t="26" w="5" /><ent r="100" t="26" w="7" /><ent r="102" t="26" w="11" /><ent r="102" t="26" w="11" /><ent r="3" t="26" w="13" /><ent r="3" t="26" w="13" /><ent r="64" t="26" w="19" /><ent r="64" t="26" w="45" /><ent r="64" t="26" w="45" /><ent r="64" t="26" w="163" /><ent r="5" t="26" w="520" /><ent r="3" t="26" w="772" /><ent r="3" t="26" w="772" /><ent r="3" t="26" w="781" /><ent r="64" t="26" w="801" /><ent r="64" t="26" w="801" /><ent r="64" t="26" w="807" /><ent r="100" t="27" w="26" /><ent r="3" t="27" w="102" /><ent r="65" t="27" w="349" /><ent r="65" t="27" w="349" /><ent r="1000" t="28" w="2" /><ent r="1000" t="28" w="2" /><ent r="100" t="28" w="5" /><ent r="100" t="28" w="5" /><ent r="100" t="28" w="7" /><ent r="100" t="28" w="7" /><ent r="102" t="28" w="10" /><ent r="102" t="28" w="10" /><ent r="3" t="28" w="14" /><ent r="3" t="28" w="14" /><ent r="64" t="28" w="19" /><ent r="3" t="28" w="102" /><ent r="100" t="28" w="123" /><ent r="100" t="28" w="165" /><ent r="100" t="28" w="356" /><ent r="1000" t="36" w="1" /><ent r="100" t="36" w="4" /><ent r="100" t="36" w="4" /><ent r="100" t="36" w="8" /><ent r="100" t="36" w="8" /><ent r="102" t="36" w="10" /><ent r="3" t="36" w="14" /><ent r="64" t="36" w="179" /><ent r="64" t="36" w="179" /><ent r="3" t="36" w="188" /><ent r="5" t="36" w="206" /><ent r="7" t="36" w="905" /><ent r="7" t="36" w="1017" /><ent r="7" t="36" w="1017" /><ent r="7" t="36" w="1201" /><ent r="92" t="36" w="1448" /><ent r="92" t="36" w="1448" /><ent r="3" t="36" w="1452" /><ent r="3" t="36" w="1452" /><ent r="5" t="36" w="1524" /><ent r="5" t="36" w="1524" /></phr><phr n="reports"><ent r="4" t="2" w="121" /><ent r="4" t="2" w="121" /><ent r="3" t="26" w="92" /><ent r="3" t="26" w="92" /><ent r="5" t="26" w="513" /><ent r="5" t="26" w="513" /><ent r="3" t="28" w="24" /><ent r="3" t="28" w="24" /><ent r="7" t="28" w="184" /><ent r="7" t="28" w="184" /><ent r="6" t="28" w="193" /><ent r="6" t="28" w="193" /><ent r="6" t="28" w="199" /><ent r="6" t="28" w="199" /><ent r="7" t="28" w="260" /><ent r="7" t="28" w="280" /><ent r="7" t="28" w="280" /><ent r="7" t="28" w="363" /><ent r="7" t="28" w="363" /><ent r="7" t="28" w="372" /><ent r="7" t="28" w="372" /><ent r="6" t="28" w="380" /><ent r="6" t="28" w="380" /><ent r="3" t="29" w="470" /><ent r="3" t="29" w="470" /><ent r="3" t="36" w="38" /><ent r="4" t="36" w="111" /><ent r="4" t="36" w="111" /><ent r="4" t="36" w="212" /><ent r="4" t="36" w="212" /><ent r="4" t="36" w="224" /><ent r="7" t="36" w="1005" /><ent r="7" t="36" w="1005" /><ent r="7" t="36" w="1101" /><ent r="7" t="36" w="1101" /><ent r="3" t="36" w="1457" /><ent r="3" t="36" w="1457" /><ent r="3" t="36" w="1487" /><ent r="3" t="36" w="1487" /><ent r="3" t="36" w="1498" /><ent r="3" t="36" w="1498" /><ent r="6" t="36" w="1558" /><ent r="6" t="36" w="1558" /><ent r="6" t="36" w="1595" /><ent r="6" t="36" w="1595" /><ent r="6" t="36" w="1764" /><ent r="6" t="36" w="1764" /><ent r="6" t="41" w="200" /><ent r="6" t="41" w="233" /></phr><phr n="report"><ent r="64" t="3" w="139" /><ent r="64" t="3" w="139" /><ent r="64" t="9" w="97" /><ent r="64" t="9" w="97" /><ent r="3" t="26" w="41" /><ent r="3" t="26" w="51" /><ent r="3" t="26" w="51" /><ent r="3" t="26" w="113" /><ent r="3" t="26" w="113" /><ent r="3" t="26" w="126" /><ent r="3" t="26" w="126" /><ent r="4" t="26" w="139" /><ent r="4" t="26" w="180" /><ent r="4" t="26" w="180" /><ent r="4" t="26" w="209" /><ent r="4" t="26" w="209" /><ent r="3" t="26" w="253" /><ent r="3" t="26" w="253" /><ent r="4" t="26" w="279" /><ent r="4" t="26" w="320" /><ent r="4" t="26" w="320" /><ent r="4" t="26" w="359" /><ent r="4" t="26" w="359" /><ent r="4" t="26" w="390" /><ent r="4" t="26" w="480" /><ent r="4" t="26" w="495" /><ent r="4" t="26" w="526" /><ent r="4" t="26" w="526" /><ent r="3" t="26" w="559" /><ent r="4" t="26" w="635" /><ent r="4" t="26" w="663" /><ent r="4" t="26" w="668" /><ent r="4" t="26" w="668" /><ent r="4" t="26" w="675" /><ent r="4" t="26" w="685" /><ent r="4" t="26" w="718" /><ent r="4" t="26" w="718" /><ent r="3" t="26" w="735" /><ent r="3" t="26" w="735" /><ent r="3" t="26" w="756" /><ent r="3" t="26" w="756" /><ent r="3" t="26" w="784" /><ent r="3" t="26" w="784" /><ent r="64" t="27" w="33" /><ent r="64" t="27" w="33" /><ent r="3" t="27" w="60" /><ent r="3" t="27" w="60" /><ent r="4" t="27" w="166" /><ent r="4" t="27" w="166" /><ent r="4" t="27" w="222" /><ent r="4" t="27" w="256" /><ent r="4" t="27" w="256" /><ent r="3" t="27" w="279" /><ent r="4" t="27" w="355" /><ent r="4" t="27" w="463" /><ent r="4" t="27" w="501" /><ent r="3" t="27" w="660" /><ent r="3" t="27" w="660" /><ent r="4" t="27" w="898" /><ent r="4" t="27" w="898" /><ent r="3" t="27" w="987" /><ent r="3" t="27" w="987" /><ent r="4" t="28" w="36" /><ent r="4" t="28" w="36" /><ent r="4" t="28" w="54" /><ent r="4" t="28" w="54" /><ent r="4" t="28" w="66" /><ent r="4" t="28" w="66" /><ent r="3" t="28" w="95" /><ent r="7" t="28" w="121" /><ent r="7" t="28" w="121" /><ent r="7" t="28" w="128" /><ent r="7" t="28" w="128" /><ent r="7" t="28" w="137" /><ent r="7" t="28" w="137" /><ent r="7" t="28" w="151" /><ent r="7" t="28" w="163" /><ent r="7" t="28" w="163" /><ent r="7" t="28" w="217" /><ent r="7" t="28" w="217" /><ent r="7" t="28" w="246" /><ent r="7" t="28" w="255" /><ent r="6" t="28" w="300" /><ent r="6" t="28" w="300" /><ent r="6" t="28" w="306" /><ent r="6" t="28" w="306" /><ent r="6" t="28" w="328" /><ent r="6" t="28" w="328" /><ent r="6" t="28" w="339" /><ent r="6" t="28" w="339" /><ent r="7" t="28" w="354" /><ent r="7" t="28" w="354" /><ent r="6" t="28" w="390" /><ent r="6" t="28" w="390" /><ent r="64" t="29" w="31" /><ent r="64" t="29" w="31" /><ent r="4" t="36" w="109" /><ent r="3" t="36" w="175" /><ent r="4" t="36" w="203" /><ent r="5" t="36" w="244" /><ent r="5" t="36" w="244" /><ent r="7" t="36" w="257" /><ent r="7" t="36" w="257" /><ent r="7" t="36" w="270" /><ent r="7" t="36" w="270" /><ent r="7" t="36" w="279" /><ent r="7" t="36" w="279" /><ent r="7" t="36" w="299" /><ent r="7" t="36" w="299" /><ent r="7" t="36" w="334" /><ent r="7" t="36" w="334" /><ent r="7" t="36" w="345" /><ent r="7" t="36" w="345" /><ent r="7" t="36" w="357" /><ent r="7" t="36" w="357" /><ent r="7" t="36" w="373" /><ent r="7" t="36" w="373" /><ent r="7" t="36" w="386" /><ent r="7" t="36" w="386" /><ent r="7" t="36" w="401" /><ent r="7" t="36" w="401" /><ent r="7" t="36" w="412" /><ent r="7" t="36" w="412" /><ent r="7" t="36" w="443" /><ent r="7" t="36" w="443" /><ent r="7" t="36" w="475" /><ent r="7" t="36" w="475" /><ent r="7" t="36" w="523" /><ent r="7" t="36" w="523" /><ent r="7" t="36" w="539" /><ent r="7" t="36" w="539" /><ent r="7" t="36" w="577" /><ent r="7" t="36" w="584" /><ent r="7" t="36" w="584" /><ent r="7" t="36" w="695" /><ent r="7" t="36" w="695" /><ent r="7" t="36" w="701" /><ent r="7" t="36" w="861" /><ent r="7" t="36" w="861" /><ent r="7" t="36" w="880" /><ent r="7" t="36" w="886" /><ent r="7" t="36" w="886" /><ent r="7" t="36" w="935" /><ent r="7" t="36" w="950" /><ent r="7" t="36" w="998" /><ent r="7" t="36" w="998" /><ent r="7" t="36" w="1079" /><ent r="7" t="36" w="1079" /><ent r="7" t="36" w="1090" /><ent r="7" t="36" w="1095" /><ent r="7" t="36" w="1095" /><ent r="7" t="36" w="1111" /><ent r="7" t="36" w="1111" /><ent r="7" t="36" w="1125" /><ent r="7" t="36" w="1125" /><ent r="7" t="36" w="1134" /><ent r="7" t="36" w="1134" /><ent r="7" t="36" w="1147" /><ent r="7" t="36" w="1166" /><ent r="7" t="36" w="1166" /><ent r="7" t="36" w="1194" /><ent r="7" t="36" w="1194" /><ent r="6" t="36" w="1282" /><ent r="6" t="36" w="1282" /><ent r="6" t="36" w="1323" /><ent r="6" t="36" w="1323" /><ent r="6" t="36" w="1380" /><ent r="6" t="36" w="1380" /><ent r="6" t="36" w="1439" /><ent r="6" t="36" w="1439" /><ent r="3" t="36" w="1466" /><ent r="3" t="36" w="1466" /><ent r="6" t="36" w="1536" /><ent r="6" t="36" w="1575" /><ent r="6" t="36" w="1575" /><ent r="6" t="36" w="1611" /><ent r="6" t="36" w="1627" /><ent r="6" t="36" w="1644" /><ent r="6" t="36" w="1644" /><ent r="6" t="36" w="1671" /><ent r="7" t="36" w="1686" /><ent r="7" t="36" w="1686" /><ent r="7" t="36" w="1704" /><ent r="7" t="36" w="1704" /><ent r="7" t="36" w="1716" /><ent r="7" t="36" w="1716" /><ent r="6" t="36" w="1734" /><ent r="6" t="36" w="1734" /><ent r="6" t="36" w="1751" /><ent r="6" t="36" w="1751" /></phr><phr n="Report"><ent r="64" t="26" w="57" /><ent r="64" t="26" w="57" /><ent r="5" t="26" w="170" /><ent r="5" t="26" w="170" /><ent r="5" t="26" w="190" /><ent r="5" t="26" w="190" /><ent r="4" t="26" w="485" /><ent r="4" t="26" w="485" /><ent r="5" t="26" w="653" /><ent r="5" t="26" w="653" /><ent r="5" t="26" w="680" /><ent r="5" t="26" w="680" /><ent r="4" t="26" w="703" /><ent r="4" t="26" w="703" /><ent r="3" t="27" w="97" /><ent r="5" t="28" w="110" /><ent r="5" t="28" w="110" /><ent r="68" t="28" w="156" /><ent r="68" t="28" w="156" /><ent r="1000" t="29" w="3" /><ent r="1000" t="29" w="3" /><ent r="100" t="29" w="8" /><ent r="100" t="29" w="8" /><ent r="102" t="29" w="13" /><ent r="102" t="29" w="13" /><ent r="5" t="29" w="34" /><ent r="5" t="29" w="34" /><ent r="5" t="36" w="193" /><ent r="92" t="36" w="228" /><ent r="92" t="36" w="228" /><ent r="8" t="36" w="436" /><ent r="8" t="36" w="436" /><ent r="7" t="36" w="866" /><ent r="7" t="36" w="866" /><ent r="7" t="36" w="899" /><ent r="7" t="36" w="951" /><ent r="7" t="36" w="951" /><ent r="8" t="36" w="1084" /><ent r="8" t="36" w="1084" /><ent r="7" t="36" w="1115" /><ent r="7" t="36" w="1115" /><ent r="8" t="36" w="1121" /><ent r="8" t="36" w="1121" /><ent r="7" t="36" w="1211" /><ent r="7" t="36" w="1211" /><ent r="6" t="36" w="1632" /><ent r="6" t="36" w="1632" /></phr><phr n="reporting"><ent r="3" t="26" w="64" /><ent r="3" t="26" w="64" /><ent r="3" t="26" w="159" /><ent r="3" t="26" w="159" /><ent r="4" t="26" w="379" /><ent r="4" t="26" w="379" /><ent r="4" t="26" w="711" /><ent r="4" t="26" w="711" /><ent r="3" t="36" w="19" /><ent r="3" t="36" w="19" /><ent r="7" t="36" w="473" /><ent r="7" t="36" w="508" /></phr><phr n="reported"><ent r="4" t="26" w="229" /><ent r="4" t="26" w="229" /><ent r="3" t="26" w="564" /><ent r="3" t="26" w="564" /><ent r="3" t="27" w="284" /><ent r="3" t="27" w="284" /><ent r="6" t="36" w="1660" /><ent r="6" t="36" w="1660" /></phr><phr n="&lt;reportname&gt;_&lt;clustername&gt;"><ent r="7" t="36" w="1554" /><ent r="7" t="36" w="1554" /></phr></stem></index>