﻿<?xml version="1.0" encoding="utf-8"?><index><stem n="column"><phr n="columns"><ent r="3" t="3" w="115" /><ent r="3" t="26" w="51" /><ent r="100" t="29" w="12" /><ent r="3" t="29" w="27" /><ent r="4" t="29" w="38" /><ent r="4" t="31" w="1100" /><ent r="7" t="36" w="895" /></phr><phr n="column"><ent r="6" t="3" w="1092" /><ent r="7" t="22" w="310" /><ent r="4" t="27" w="365" /><ent r="4" t="27" w="380" /><ent r="4" t="28" w="74" /><ent r="7" t="28" w="146" /><ent r="6" t="29" w="331" /><ent r="4" t="31" w="1091" /><ent r="4" t="31" w="1107" /><ent r="4" t="31" w="1125" /><ent r="7" t="36" w="1584" /></phr><phr n="Columns"><ent r="64" t="26" w="57" /><ent r="68" t="28" w="156" /><ent r="1000" t="29" w="4" /><ent r="100" t="29" w="9" /><ent r="102" t="29" w="17" /></phr><phr n="Column"><ent r="7" t="29" w="40" /></phr></stem><stem n="omit"><phr n="omitted"><ent r="3" t="3" w="118" /></phr></stem><stem n=")."><phr n=")."><ent r="3" t="3" w="119" /><ent r="3" t="3" w="148" /><ent r="4" t="3" w="384" /><ent r="6" t="3" w="505" /><ent r="6" t="3" w="597" /><ent r="6" t="3" w="920" /><ent r="4" t="5" w="146" /><ent r="4" t="5" w="157" /><ent r="4" t="5" w="175" /><ent r="4" t="6" w="168" /><ent r="4" t="11" w="201" /><ent r="4" t="11" w="274" /><ent r="3" t="12" w="89" /><ent r="3" t="13" w="94" /><ent r="4" t="14" w="304" /><ent r="4" t="14" w="324" /><ent r="4" t="15" w="180" /><ent r="4" t="15" w="214" /><ent r="7" t="15" w="762" /><ent r="4" t="16" w="120" /><ent r="7" t="16" w="1235" /><ent r="7" t="16" w="1259" /><ent r="4" t="17" w="240" /><ent r="4" t="19" w="341" /><ent r="4" t="23" w="453" /><ent r="4" t="24" w="309" /><ent r="4" t="26" w="478" /><ent r="4" t="26" w="691" /><ent r="3" t="27" w="66" /><ent r="4" t="27" w="134" /><ent r="3" t="27" w="554" /><ent r="4" t="31" w="613" /><ent r="3" t="31" w="1049" /><ent r="7" t="31" w="1270" /><ent r="3" t="31" w="1390" /><ent r="3" t="31" w="1478" /><ent r="7" t="32" w="363" /><ent r="4" t="34" w="1017" /><ent r="4" t="34" w="1358" /><ent r="6" t="36" w="1223" /><ent r="6" t="36" w="1279" /><ent r="3" t="42" w="286" /><ent r="4" t="42" w="499" /><ent r="6" t="44" w="371" /></phr></stem><stem n="abbrevi"><phr n="abbreviated"><ent r="3" t="3" w="120" /><ent r="4" t="31" w="1110" /></phr></stem><stem n="complet"><phr n="complete"><ent r="3" t="3" w="130" /><ent r="3" t="7" w="70" /><ent r="3" t="7" w="516" /><ent r="4" t="12" w="349" /><ent r="4" t="13" w="405" /><ent r="3" t="26" w="735" /><ent r="4" t="34" w="1954" /><ent r="7" t="36" w="1011" /><ent r="7" t="36" w="1058" /><ent r="3" t="41" w="50" /></phr><phr n="completed"><ent r="3" t="11" w="63" /><ent r="4" t="28" w="70" /><ent r="6" t="28" w="184" /><ent r="3" t="29" w="488" /><ent r="3" t="29" w="554" /><ent r="3" t="36" w="1342" /><ent r="6" t="36" w="1415" /><ent r="6" t="36" w="1436" /><ent r="7" t="36" w="1580" /><ent r="6" t="36" w="1623" /></phr><phr n="completely"><ent r="3" t="14" w="506" /></phr><phr n="Complete"><ent r="4" t="16" w="338" /><ent r="9" t="16" w="854" /></phr><phr n="COMPLETED"><ent r="4" t="28" w="52" /><ent r="7" t="36" w="1562" /></phr></stem><stem n="oper"><phr n="operation"><ent r="3" t="3" w="132" /><ent r="4" t="12" w="351" /><ent r="4" t="13" w="407" /><ent r="3" t="17" w="122" /><ent r="4" t="26" w="200" /><ent r="4" t="26" w="258" /><ent r="4" t="34" w="1084" /><ent r="4" t="36" w="47" /><ent r="4" t="36" w="82" /></phr><phr n="operating"><ent r="4" t="3" w="216" /><ent r="8" t="31" w="258" /><ent r="7" t="31" w="263" /></phr><phr n="operations"><ent r="6" t="3" w="496" /><ent r="6" t="3" w="626" /><ent r="6" t="3" w="685" /><ent r="4" t="6" w="160" /><ent r="3" t="8" w="82" /><ent r="4" t="11" w="392" /><ent r="3" t="12" w="52" /><ent r="4" t="19" w="326" /><ent r="4" t="26" w="223" /><ent r="4" t="26" w="312" /><ent r="3" t="27" w="579" /><ent r="3" t="27" w="597" /><ent r="7" t="36" w="358" /><ent r="7" t="36" w="375" /><ent r="7" t="36" w="417" /><ent r="7" t="36" w="424" /><ent r="7" t="36" w="470" /><ent r="4" t="44" w="149" /></phr><phr n="Operator"><ent r="4" t="13" w="216" /><ent r="5" t="19" w="279" /></phr><phr n="operates"><ent r="3" t="26" w="69" /></phr><phr n="Operation"><ent r="5" t="26" w="192" /><ent r="8" t="36" w="367" /></phr><phr n="Operations"><ent r="5" t="26" w="299" /></phr></stem><stem n="administr"><phr n="Administrator"><ent r="3" t="3" w="153" /><ent r="6" t="3" w="907" /><ent r="3" t="6" w="236" /><ent r="3" t="10" w="61" /><ent r="3" t="11" w="39" /><ent r="3" t="13" w="90" /><ent r="3" t="15" w="89" /><ent r="3" t="19" w="28" /><ent r="5" t="19" w="268" /><ent r="3" t="20" w="25" /><ent r="3" t="21" w="29" /><ent r="4" t="22" w="36" /><ent r="3" t="23" w="34" /><ent r="5" t="23" w="64" /><ent r="4" t="23" w="81" /><ent r="4" t="23" w="105" /><ent r="4" t="23" w="176" /><ent r="3" t="24" w="53" /><ent r="3" t="25" w="17" /><ent r="3" t="25" w="42" /><ent r="3" t="31" w="196" /><ent r="4" t="31" w="952" /><ent r="4" t="31" w="967" /><ent r="3" t="32" w="68" /><ent r="3" t="34" w="110" /><ent r="3" t="35" w="41" /><ent r="3" t="38" w="44" /><ent r="3" t="39" w="60" /><ent r="3" t="43" w="22" /><ent r="3" t="44" w="20" /><ent r="5" t="44" w="96" /><ent r="4" t="44" w="163" /><ent r="6" t="44" w="269" /><ent r="6" t="44" w="497" /></phr><phr n="administrator"><ent r="7" t="3" w="975" /><ent r="4" t="7" w="202" /><ent r="3" t="9" w="53" /><ent r="4" t="12" w="314" /><ent r="3" t="14" w="186" /><ent r="9" t="16" w="405" /><ent r="3" t="27" w="838" /><ent r="3" t="34" w="132" /><ent r="3" t="34" w="794" /><ent r="6" t="41" w="89" /><ent r="6" t="44" w="273" /></phr><phr n="Administrative"><ent r="7" t="3" w="1035" /><ent r="5" t="4" w="125" /><ent r="7" t="4" w="269" /><ent r="5" t="11" w="278" /><ent r="8" t="32" w="429" /><ent r="8" t="38" w="220" /></phr><phr n="administrative"><ent r="4" t="6" w="45" /><ent r="4" t="7" w="213" /><ent r="4" t="7" w="247" /><ent r="4" t="23" w="138" /><ent r="6" t="44" w="503" /></phr><phr n="Administrators"><ent r="3" t="22" w="85" /><ent r="4" t="40" w="67" /><ent r="4" t="40" w="75" /><ent r="4" t="44" w="119" /><ent r="6" t="44" w="486" /></phr><phr n="administrators"><ent r="3" t="42" w="41" /><ent r="4" t="44" w="177" /><ent r="4" t="44" w="188" /></phr></stem><stem n="modifi"><phr n="modify"><ent r="3" t="3" w="158" /><ent r="4" t="3" w="370" /><ent r="4" t="20" w="36" /><ent r="4" t="20" w="69" /><ent r="3" t="32" w="70" /></phr><phr n="Modify"><ent r="9" t="16" w="441" /><ent r="7" t="28" w="234" /><ent r="6" t="32" w="320" /><ent r="7" t="32" w="369" /></phr><phr n="modifying"><ent r="65" t="19" w="150" /></phr></stem><stem n="here"><phr n="here"><ent r="3" t="3" w="167" /><ent r="4" t="6" w="72" /><ent r="9" t="16" w="513" /><ent r="3" t="26" w="574" /><ent r="3" t="27" w="299" /><ent r="3" t="32" w="78" /><ent r="4" t="34" w="1616" /><ent r="3" t="36" w="1346" /><ent r="6" t="36" w="1602" /><ent r="3" t="41" w="33" /><ent r="6" t="44" w="398" /></phr></stem><stem n="purpos"><phr n="purposes"><ent r="3" t="3" w="171" /><ent r="9" t="16" w="874" /><ent r="6" t="28" w="329" /><ent r="3" t="32" w="82" /><ent r="7" t="32" w="391" /></phr><phr n="purpose"><ent r="3" t="3" w="302" /><ent r="4" t="16" w="308" /><ent r="4" t="26" w="636" /></phr></stem><stem n="contain"><phr n="contains"><ent r="3" t="3" w="188" /><ent r="4" t="3" w="222" /><ent r="8" t="22" w="328" /><ent r="5" t="23" w="358" /><ent r="5" t="24" w="214" /><ent r="4" t="27" w="114" /><ent r="3" t="30" w="47" /><ent r="3" t="31" w="40" /><ent r="3" t="33" w="48" /><ent r="4" t="34" w="2098" /><ent r="5" t="34" w="2104" /><ent r="3" t="37" w="28" /><ent r="3" t="40" w="25" /><ent r="3" t="42" w="43" /><ent r="3" t="42" w="332" /><ent r="7" t="44" w="354" /></phr><phr n="contain"><ent r="4" t="7" w="234" /><ent r="4" t="7" w="255" /><ent r="4" t="19" w="95" /><ent r="3" t="26" w="554" /><ent r="3" t="27" w="279" /><ent r="7" t="32" w="355" /><ent r="7" t="36" w="851" /><ent r="3" t="39" w="46" /></phr><phr n="containing"><ent r="4" t="15" w="157" /><ent r="3" t="27" w="508" /><ent r="6" t="35" w="429" /></phr></stem><stem n="three"><phr n="three"><ent r="3" t="3" w="189" /><ent r="4" t="27" w="209" /><ent r="3" t="31" w="716" /><ent r="3" t="34" w="389" /></phr></stem><stem n="major"><phr n="major"><ent r="3" t="3" w="190" /></phr></stem><stem n="entiti"><phr n="entities"><ent r="3" t="3" w="191" /><ent r="3" t="14" w="511" /><ent r="4" t="17" w="233" /><ent r="4" t="17" w="330" /><ent r="4" t="26" w="304" /><ent r="4" t="26" w="685" /><ent r="3" t="34" w="26" /><ent r="3" t="34" w="352" /><ent r="3" t="34" w="673" /><ent r="4" t="34" w="1339" /><ent r="4" t="34" w="1348" /><ent r="6" t="35" w="211" /><ent r="6" t="35" w="268" /></phr><phr n="Entity"><ent r="8" t="16" w="1132" /><ent r="8" t="16" w="1154" /><ent r="5" t="26" w="181" /><ent r="5" t="34" w="989" /><ent r="8" t="36" w="328" /><ent r="7" t="36" w="403" /></phr><phr n="entity"><ent r="7" t="16" w="1166" /><ent r="4" t="26" w="325" /><ent r="7" t="31" w="1190" /><ent r="7" t="31" w="1210" /><ent r="3" t="34" w="41" /><ent r="3" t="34" w="61" /><ent r="3" t="34" w="585" /><ent r="4" t="34" w="999" /><ent r="4" t="34" w="1007" /><ent r="7" t="36" w="490" /><ent r="7" t="36" w="522" /><ent r="8" t="36" w="531" /></phr></stem><stem n="folder"><phr n="Folders"><ent r="5" t="3" w="194" /><ent r="4" t="3" w="196" /><ent r="6" t="32" w="164" /><ent r="3" t="34" w="413" /><ent r="4" t="34" w="1581" /></phr><phr n="folders"><ent r="4" t="3" w="210" /><ent r="4" t="3" w="245" /><ent r="4" t="3" w="270" /><ent r="5" t="17" w="210" /><ent r="4" t="17" w="230" /><ent r="4" t="34" w="257" /><ent r="3" t="34" w="612" /><ent r="4" t="34" w="1255" /><ent r="5" t="34" w="1309" /><ent r="4" t="34" w="1336" /><ent r="4" t="34" w="1357" /><ent r="4" t="34" w="1601" /><ent r="4" t="34" w="1614" /><ent r="4" t="34" w="1622" /><ent r="4" t="34" w="1638" /></phr><phr n="folder"><ent r="4" t="3" w="226" /><ent r="8" t="3" w="970" /><ent r="6" t="10" w="96" /><ent r="8" t="10" w="100" /><ent r="8" t="10" w="108" /><ent r="8" t="10" w="121" /><ent r="6" t="10" w="131" /><ent r="6" t="10" w="134" /><ent r="8" t="10" w="138" /><ent r="8" t="10" w="151" /><ent r="7" t="10" w="163" /><ent r="7" t="10" w="168" /><ent r="6" t="10" w="179" /><ent r="8" t="10" w="195" /><ent r="6" t="10" w="205" /><ent r="7" t="10" w="210" /><ent r="8" t="10" w="222" /><ent r="8" t="10" w="306" /><ent r="4" t="11" w="125" /><ent r="4" t="11" w="149" /><ent r="4" t="11" w="189" /><ent r="4" t="11" w="200" /><ent r="8" t="15" w="264" /><ent r="7" t="16" w="1171" /><ent r="4" t="17" w="198" /><ent r="4" t="17" w="325" /><ent r="3" t="17" w="514" /><ent r="4" t="26" w="278" /><ent r="6" t="32" w="159" /><ent r="6" t="32" w="177" /><ent r="6" t="32" w="186" /><ent r="6" t="32" w="195" /><ent r="6" t="32" w="206" /><ent r="6" t="32" w="228" /><ent r="6" t="32" w="234" /><ent r="6" t="32" w="310" /><ent r="6" t="32" w="316" /><ent r="6" t="32" w="324" /><ent r="8" t="32" w="331" /><ent r="7" t="32" w="336" /><ent r="6" t="32" w="457" /><ent r="6" t="32" w="474" /><ent r="6" t="32" w="485" /><ent r="6" t="32" w="488" /><ent r="6" t="32" w="492" /><ent r="6" t="32" w="507" /><ent r="6" t="32" w="516" /><ent r="6" t="32" w="530" /><ent r="6" t="32" w="538" /><ent r="6" t="32" w="545" /><ent r="6" t="32" w="620" /><ent r="6" t="32" w="630" /><ent r="3" t="34" w="601" /><ent r="3" t="34" w="640" /><ent r="3" t="34" w="1292" /><ent r="4" t="34" w="1318" /><ent r="3" t="34" w="1372" /></phr><phr n="Folder"><ent r="100" t="10" w="11" /><ent r="9" t="10" w="113" /><ent r="65" t="17" w="258" /><ent r="65" t="17" w="375" /><ent r="100" t="32" w="7" /><ent r="82" t="34" w="1261" /><ent r="3" t="34" w="1269" /><ent r="3" t="34" w="1744" /></phr></stem><stem n="manipul"><phr n="manipulated"><ent r="4" t="3" w="206" /></phr><phr n="manipulate"><ent r="4" t="44" w="115" /></phr></stem><stem n="just"><phr n="just"><ent r="4" t="3" w="207" /></phr></stem><stem n="like"><phr n="like"><ent r="4" t="3" w="208" /></phr></stem><stem n="directori"><phr n="directories"><ent r="4" t="3" w="212" /></phr></stem><stem n="root"><phr n="root"><ent r="4" t="3" w="225" /><ent r="8" t="15" w="263" /><ent r="7" t="16" w="1170" /><ent r="8" t="31" w="308" /><ent r="7" t="31" w="322" /><ent r="8" t="31" w="333" /><ent r="7" t="31" w="343" /><ent r="6" t="32" w="506" /><ent r="6" t="32" w="629" /></phr></stem><stem n="“my"><phr n="“My"><ent r="4" t="3" w="228" /></phr></stem><stem n="my"><phr n="My"><ent r="4" t="3" w="228" /></phr></stem><stem n="”"><phr n="”"><ent r="4" t="3" w="230" /><ent r="6" t="3" w="916" /><ent r="4" t="11" w="211" /><ent r="4" t="18" w="169" /><ent r="4" t="18" w="227" /><ent r="7" t="22" w="221" /><ent r="7" t="22" w="278" /><ent r="7" t="22" w="310" /><ent r="7" t="22" w="330" /><ent r="7" t="22" w="353" /><ent r="3" t="28" w="103" /><ent r="7" t="29" w="457" /><ent r="3" t="29" w="468" /><ent r="3" t="29" w="515" /><ent r="4" t="34" w="2106" /><ent r="4" t="34" w="2127" /></phr></stem><stem n="renam"><phr n="rename"><ent r="4" t="3" w="233" /><ent r="4" t="18" w="186" /><ent r="4" t="18" w="232" /></phr><phr n="Rename"><ent r="4" t="11" w="145" /><ent r="5" t="18" w="236" /></phr><phr n="renamed"><ent r="7" t="32" w="404" /></phr></stem><stem n="’s"><phr n="’s"><ent r="4" t="3" w="237" /><ent r="6" t="3" w="881" /><ent r="6" t="3" w="927" /><ent r="4" t="11" w="153" /><ent r="7" t="22" w="213" /><ent r="7" t="22" w="269" /><ent r="7" t="36" w="574" /></phr></stem><stem n="s"><phr n="s"><ent r="4" t="3" w="237" /><ent r="6" t="3" w="881" /><ent r="6" t="3" w="927" /><ent r="5" t="8" w="338" /><ent r="4" t="11" w="153" /><ent r="4" t="14" w="461" /><ent r="8" t="15" w="266" /><ent r="4" t="19" w="159" /><ent r="4" t="19" w="171" /><ent r="4" t="19" w="184" /><ent r="3" t="22" w="135" /><ent r="7" t="22" w="213" /><ent r="7" t="22" w="269" /><ent r="4" t="27" w="138" /><ent r="4" t="27" w="253" /><ent r="4" t="27" w="458" /><ent r="3" t="31" w="1043" /><ent r="3" t="34" w="115" /><ent r="8" t="36" w="437" /><ent r="8" t="36" w="555" /><ent r="7" t="36" w="574" /><ent r="6" t="36" w="1392" /><ent r="6" t="36" w="1471" /><ent r="6" t="38" w="124" /><ent r="6" t="39" w="153" /><ent r="6" t="43" w="165" /><ent r="6" t="43" w="176" /><ent r="6" t="43" w="179" /><ent r="6" t="44" w="525" /><ent r="6" t="44" w="548" /></phr></stem><stem n="be"><phr n="being"><ent r="4" t="3" w="263" /><ent r="3" t="3" w="312" /><ent r="7" t="3" w="989" /><ent r="7" t="10" w="251" /><ent r="4" t="11" w="179" /><ent r="3" t="15" w="197" /><ent r="7" t="15" w="277" /><ent r="3" t="26" w="550" /><ent r="3" t="27" w="275" /><ent r="4" t="28" w="49" /><ent r="3" t="31" w="1431" /><ent r="3" t="31" w="1447" /><ent r="6" t="32" w="570" /><ent r="3" t="34" w="615" /><ent r="6" t="36" w="1519" /><ent r="7" t="36" w="1559" /></phr></stem><stem n="ad"><phr n="adding"><ent r="4" t="3" w="276" /><ent r="4" t="4" w="199" /><ent r="65" t="6" w="92" /><ent r="3" t="9" w="223" /><ent r="100" t="11" w="16" /><ent r="100" t="11" w="20" /><ent r="100" t="11" w="24" /><ent r="65" t="12" w="206" /><ent r="4" t="12" w="224" /><ent r="9" t="16" w="628" /><ent r="9" t="16" w="792" /><ent r="9" t="16" w="981" /><ent r="100" t="23" w="16" /><ent r="4" t="23" w="267" /><ent r="4" t="26" w="521" /><ent r="4" t="26" w="682" /><ent r="3" t="33" w="33" /><ent r="7" t="38" w="294" /></phr><phr n="Adding"><ent r="65" t="3" w="280" /><ent r="67" t="3" w="710" /><ent r="64" t="6" w="259" /><ent r="64" t="6" w="303" /><ent r="65" t="7" w="126" /><ent r="65" t="8" w="423" /><ent r="1000" t="11" w="1" /><ent r="100" t="11" w="8" /><ent r="102" t="11" w="26" /><ent r="3" t="22" w="96" /><ent r="1000" t="23" w="1" /><ent r="100" t="23" w="8" /><ent r="102" t="23" w="21" /><ent r="3" t="27" w="39" /><ent r="64" t="31" w="907" /><ent r="67" t="32" w="251" /></phr><phr n="added"><ent r="4" t="4" w="153" /><ent r="4" t="11" w="324" /><ent r="4" t="11" w="378" /><ent r="3" t="12" w="99" /><ent r="3" t="13" w="100" /><ent r="3" t="14" w="33" /><ent r="4" t="14" w="123" /><ent r="64" t="15" w="58" /><ent r="7" t="15" w="351" /><ent r="64" t="22" w="62" /><ent r="7" t="22" w="216" /><ent r="65" t="23" w="164" /><ent r="4" t="26" w="314" /><ent r="4" t="27" w="354" /><ent r="3" t="27" w="768" /><ent r="3" t="27" w="795" /><ent r="3" t="27" w="811" /><ent r="3" t="27" w="820" /><ent r="4" t="27" w="860" /><ent r="64" t="31" w="91" /><ent r="4" t="31" w="891" /><ent r="6" t="32" w="266" /><ent r="67" t="32" w="597" /><ent r="3" t="36" w="130" /><ent r="7" t="36" w="463" /><ent r="7" t="36" w="473" /><ent r="7" t="38" w="248" /><ent r="6" t="44" w="275" /></phr></stem><stem n="note"><phr n="Note"><ent r="4" t="3" w="288" /><ent r="6" t="3" w="505" /><ent r="7" t="3" w="539" /><ent r="7" t="4" w="339" /><ent r="4" t="4" w="504" /><ent r="4" t="9" w="87" /><ent r="4" t="10" w="55" /><ent r="8" t="10" w="207" /><ent r="8" t="10" w="242" /><ent r="4" t="13" w="133" /><ent r="4" t="13" w="334" /><ent r="4" t="14" w="156" /><ent r="4" t="15" w="83" /><ent r="8" t="15" w="333" /><ent r="8" t="15" w="637" /><ent r="8" t="15" w="729" /><ent r="10" t="16" w="956" /><ent r="4" t="17" w="91" /><ent r="4" t="17" w="485" /><ent r="4" t="19" w="22" /><ent r="4" t="20" w="19" /><ent r="4" t="21" w="19" /><ent r="4" t="22" w="94" /><ent r="4" t="23" w="28" /><ent r="5" t="23" w="365" /><ent r="4" t="24" w="56" /><ent r="5" t="24" w="221" /><ent r="4" t="25" w="32" /><ent r="4" t="26" w="60" /><ent r="4" t="26" w="235" /><ent r="4" t="26" w="538" /><ent r="4" t="27" w="263" /><ent r="4" t="27" w="556" /><ent r="4" t="27" w="711" /><ent r="4" t="27" w="944" /><ent r="4" t="31" w="79" /><ent r="4" t="31" w="190" /><ent r="3" t="31" w="619" /><ent r="4" t="31" w="670" /><ent r="6" t="32" w="259" /><ent r="7" t="32" w="500" /><ent r="4" t="34" w="71" /><ent r="4" t="34" w="609" /><ent r="3" t="34" w="1288" /><ent r="4" t="34" w="1555" /><ent r="6" t="35" w="202" /><ent r="7" t="35" w="288" /><ent r="7" t="35" w="409" /><ent r="7" t="36" w="450" /><ent r="7" t="38" w="100" /><ent r="7" t="39" w="148" /><ent r="4" t="42" w="166" /><ent r="4" t="42" w="243" /><ent r="4" t="43" w="12" /><ent r="4" t="44" w="14" /><ent r="5" t="44" w="174" /><ent r="6" t="44" w="464" /></phr><phr n="note"><ent r="4" t="4" w="170" /><ent r="4" t="7" w="217" /><ent r="4" t="19" w="197" /><ent r="4" t="31" w="602" /><ent r="7" t="38" w="265" /></phr><phr n="Notes"><ent r="4" t="11" w="33" /><ent r="4" t="12" w="133" /><ent r="8" t="36" w="889" /></phr></stem><stem n="easili"><phr n="easily"><ent r="3" t="3" w="308" /><ent r="3" t="4" w="27" /></phr></stem><stem n="identifi"><phr n="identify"><ent r="3" t="3" w="309" /><ent r="4" t="11" w="229" /><ent r="4" t="17" w="558" /><ent r="3" t="18" w="213" /><ent r="6" t="35" w="120" /><ent r="7" t="36" w="968" /><ent r="6" t="44" w="314" /></phr><phr n="Identifier"><ent r="9" t="16" w="858" /></phr><phr n="Identifies"><ent r="7" t="16" w="1135" /><ent r="7" t="16" w="1182" /><ent r="7" t="16" w="1269" /></phr><phr n="Identified"><ent r="3" t="17" w="407" /></phr><phr n="identified"><ent r="4" t="17" w="416" /><ent r="3" t="18" w="198" /><ent r="4" t="34" w="1776" /><ent r="3" t="34" w="1903" /></phr><phr n="identifying"><ent r="4" t="27" w="125" /></phr></stem><stem n="actual"><phr n="actual"><ent r="3" t="3" w="315" /><ent r="7" t="10" w="258" /><ent r="3" t="16" w="1110" /><ent r="7" t="32" w="399" /><ent r="6" t="32" w="582" /></phr></stem><stem n="awar"><phr n="aware"><ent r="3" t="3" w="320" /><ent r="3" t="27" w="581" /></phr></stem><stem n="ani"><phr n="any"><ent r="3" t="3" w="322" /><ent r="7" t="4" w="417" /><ent r="4" t="7" w="235" /><ent r="3" t="7" w="396" /><ent r="4" t="7" w="418" /><ent r="3" t="10" w="67" /><ent r="7" t="10" w="272" /><ent r="3" t="12" w="114" /><ent r="3" t="12" w="159" /><ent r="7" t="15" w="344" /><ent r="4" t="16" w="322" /><ent r="4" t="17" w="390" /><ent r="3" t="17" w="445" /><ent r="4" t="23" w="128" /><ent r="4" t="23" w="351" /><ent r="4" t="24" w="207" /><ent r="3" t="26" w="90" /><ent r="4" t="27" w="400" /><ent r="3" t="31" w="1008" /><ent r="6" t="32" w="601" /><ent r="3" t="34" w="437" /><ent r="3" t="34" w="1525" /><ent r="6" t="35" w="421" /><ent r="6" t="38" w="96" /><ent r="6" t="39" w="144" /><ent r="3" t="44" w="70" /></phr><phr n="Any"><ent r="7" t="4" w="265" /><ent r="4" t="11" w="236" /><ent r="7" t="15" w="614" /><ent r="4" t="23" w="96" /><ent r="7" t="31" w="277" /><ent r="7" t="31" w="451" /><ent r="6" t="38" w="341" /></phr></stem><stem n="individu"><phr n="individual"><ent r="4" t="3" w="340" /><ent r="7" t="3" w="996" /><ent r="4" t="11" w="385" /><ent r="4" t="44" w="154" /></phr></stem><stem n="visibl"><phr n="visible"><ent r="4" t="3" w="348" /><ent r="7" t="3" w="1071" /><ent r="3" t="27" w="502" /><ent r="4" t="44" w="168" /></phr></stem><stem n="access"><phr n="access"><ent r="4" t="3" w="352" /><ent r="6" t="3" w="554" /><ent r="6" t="3" w="805" /><ent r="6" t="3" w="882" /><ent r="6" t="3" w="898" /><ent r="7" t="3" w="923" /><ent r="6" t="3" w="932" /><ent r="6" t="3" w="937" /><ent r="6" t="3" w="952" /><ent r="7" t="3" w="1076" /><ent r="3" t="5" w="36" /><ent r="4" t="6" w="322" /><ent r="4" t="7" w="103" /><ent r="3" t="12" w="166" /><ent r="3" t="13" w="43" /><ent r="3" t="13" w="124" /><ent r="3" t="13" w="201" /><ent r="3" t="14" w="162" /><ent r="4" t="21" w="95" /><ent r="4" t="21" w="105" /><ent r="3" t="22" w="136" /><ent r="3" t="23" w="47" /><ent r="4" t="23" w="73" /><ent r="4" t="23" w="117" /><ent r="3" t="24" w="42" /><ent r="3" t="38" w="49" /><ent r="3" t="39" w="62" /><ent r="3" t="40" w="16" /><ent r="3" t="43" w="24" /><ent r="3" t="44" w="23" /><ent r="4" t="44" w="104" /><ent r="6" t="44" w="489" /><ent r="6" t="44" w="526" /><ent r="6" t="44" w="549" /></phr><phr n="Access"><ent r="7" t="3" w="889" /><ent r="4" t="14" w="342" /></phr><phr n="accessible"><ent r="3" t="4" w="28" /></phr><phr n="accessed"><ent r="3" t="4" w="43" /></phr><phr n="Accessing"><ent r="5" t="5" w="118" /><ent r="4" t="14" w="273" /></phr></stem><stem n="permiss"><phr n="permission"><ent r="4" t="3" w="353" /><ent r="6" t="3" w="555" /><ent r="7" t="3" w="1077" /></phr><phr n="Permissions"><ent r="100" t="23" w="19" /><ent r="82" t="34" w="664" /><ent r="4" t="34" w="896" /></phr><phr n="permissions"><ent r="3" t="34" w="93" /><ent r="3" t="34" w="669" /><ent r="6" t="44" w="527" /><ent r="6" t="44" w="550" /></phr></stem><stem n="parent"><phr n="parent"><ent r="4" t="3" w="356" /></phr></stem><stem n="cannot"><phr n="cannot"><ent r="4" t="3" w="369" /><ent r="6" t="3" w="621" /><ent r="6" t="3" w="694" /><ent r="6" t="3" w="764" /><ent r="6" t="3" w="942" /><ent r="7" t="15" w="748" /><ent r="4" t="19" w="94" /><ent r="3" t="19" w="105" /><ent r="4" t="19" w="283" /><ent r="6" t="28" w="316" /><ent r="7" t="31" w="1279" /><ent r="7" t="31" w="1291" /><ent r="6" t="32" w="503" /><ent r="4" t="34" w="397" /><ent r="4" t="34" w="447" /><ent r="4" t="34" w="1682" /><ent r="4" t="34" w="1982" /><ent r="7" t="36" w="453" /><ent r="6" t="36" w="1476" /><ent r="6" t="43" w="126" /></phr></stem><stem n="(node"><phr n="(nodes"><ent r="4" t="3" w="378" /></phr></stem><stem n="link"><phr n="linked"><ent r="4" t="3" w="380" /></phr></stem><stem n="enabl"><phr n="enabled"><ent r="4" t="3" w="389" /><ent r="6" t="3" w="730" /><ent r="6" t="3" w="742" /><ent r="6" t="3" w="757" /><ent r="4" t="5" w="183" /><ent r="3" t="8" w="75" /><ent r="7" t="15" w="342" /><ent r="7" t="15" w="727" /><ent r="4" t="16" w="82" /><ent r="3" t="17" w="504" /><ent r="4" t="27" w="545" /><ent r="4" t="31" w="615" /><ent r="7" t="31" w="1220" /><ent r="7" t="31" w="1239" /><ent r="67" t="32" w="643" /><ent r="67" t="32" w="667" /><ent r="4" t="34" w="322" /></phr><phr n="Enable"><ent r="65" t="3" w="410" /><ent r="67" t="3" w="786" /><ent r="65" t="7" w="94" /><ent r="4" t="7" w="521" /><ent r="1000" t="8" w="1" /><ent r="8" t="15" w="280" /><ent r="8" t="15" w="368" /><ent r="8" t="15" w="555" /><ent r="8" t="15" w="589" /><ent r="8" t="15" w="628" /><ent r="8" t="15" w="641" /><ent r="8" t="15" w="686" /></phr><phr n="Enabled"><ent r="7" t="3" w="736" /><ent r="5" t="8" w="170" /></phr><phr n="Enabling"><ent r="1000" t="5" w="1" /><ent r="100" t="5" w="14" /><ent r="102" t="5" w="21" /><ent r="3" t="5" w="28" /><ent r="64" t="6" w="174" /><ent r="65" t="7" w="534" /><ent r="65" t="7" w="562" /><ent r="100" t="8" w="7" /><ent r="102" t="8" w="20" /><ent r="3" t="8" w="46" /><ent r="65" t="9" w="80" /><ent r="64" t="11" w="78" /><ent r="64" t="31" w="920" /><ent r="3" t="31" w="1362" /><ent r="3" t="31" w="1393" /></phr><phr n="enabling"><ent r="100" t="5" w="11" /><ent r="3" t="31" w="1403" /></phr><phr n="enable"><ent r="3" t="5" w="86" /><ent r="4" t="6" w="157" /><ent r="4" t="8" w="124" /><ent r="7" t="15" w="288" /><ent r="7" t="15" w="360" /><ent r="5" t="17" w="354" /><ent r="3" t="31" w="101" /><ent r="3" t="31" w="1368" /><ent r="5" t="34" w="1381" /><ent r="5" t="34" w="1409" /><ent r="4" t="34" w="1416" /><ent r="5" t="34" w="1462" /></phr></stem><stem n="remot"><phr n="remote"><ent r="4" t="3" w="391" /><ent r="6" t="3" w="732" /><ent r="3" t="5" w="39" /><ent r="100" t="8" w="17" /><ent r="3" t="8" w="47" /><ent r="3" t="8" w="70" /><ent r="4" t="8" w="125" /><ent r="3" t="8" w="381" /><ent r="4" t="31" w="900" /><ent r="6" t="32" w="646" /><ent r="6" t="32" w="670" /></phr><phr n="Remote"><ent r="65" t="3" w="411" /><ent r="6" t="3" w="738" /><ent r="6" t="3" w="752" /><ent r="67" t="3" w="787" /><ent r="64" t="6" w="175" /><ent r="65" t="7" w="95" /><ent r="65" t="7" w="563" /><ent r="1000" t="8" w="2" /><ent r="100" t="8" w="8" /><ent r="100" t="8" w="13" /><ent r="102" t="8" w="21" /><ent r="5" t="8" w="155" /><ent r="5" t="8" w="167" /><ent r="65" t="9" w="81" /><ent r="64" t="11" w="79" /><ent r="4" t="14" w="300" /><ent r="4" t="14" w="341" /><ent r="64" t="31" w="921" /></phr><phr n="remotely"><ent r="4" t="6" w="132" /><ent r="4" t="7" w="89" /><ent r="4" t="7" w="551" /><ent r="3" t="8" w="39" /><ent r="7" t="31" w="1230" /></phr></stem><stem n="stop"><phr n="stop"><ent r="4" t="3" w="395" /><ent r="6" t="3" w="630" /><ent r="6" t="3" w="768" /><ent r="4" t="6" w="162" /><ent r="65" t="8" w="57" /><ent r="4" t="14" w="140" /><ent r="4" t="19" w="334" /><ent r="4" t="31" w="526" /><ent r="3" t="32" w="46" /><ent r="4" t="44" w="152" /></phr><phr n="stopped"><ent r="6" t="3" w="590" /><ent r="6" t="3" w="605" /><ent r="6" t="32" w="653" /></phr><phr n="stopping"><ent r="4" t="4" w="194" /><ent r="100" t="32" w="14" /><ent r="7" t="38" w="289" /></phr><phr n="STOPPING"><ent r="7" t="31" w="271" /></phr><phr n="STOPPED"><ent r="7" t="31" w="272" /></phr><phr n="Stopping"><ent r="100" t="32" w="19" /></phr><phr n="Stops"><ent r="6" t="32" w="658" /></phr></stem></index>