<?xml version="1.0" encoding="utf-8"?><index><stem n="ileg"><phr n="privileges"><ent r="6" t="3" w="992" /><ent r="6" t="3" w="992" /><ent r="4" t="19" w="254" /><ent r="4" t="19" w="254" /><ent r="3" t="22" w="135" /><ent r="3" t="22" w="135" /><ent r="3" t="23" w="61" /><ent r="3" t="23" w="61" /><ent r="3" t="23" w="126" /><ent r="4" t="23" w="321" /><ent r="4" t="23" w="321" /><ent r="4" t="23" w="341" /><ent r="4" t="23" w="341" /><ent r="3" t="24" w="54" /><ent r="4" t="24" w="263" /><ent r="4" t="24" w="263" /><ent r="4" t="24" w="284" /><ent r="4" t="24" w="284" /><ent r="3" t="44" w="223" /><ent r="4" t="46" w="168" /></phr><phr n="privileged"><ent r="4" t="46" w="158" /><ent r="4" t="46" w="158" /></phr></stem><stem n="rivi"><phr n="privileges"><ent r="6" t="3" w="992" /><ent r="6" t="3" w="992" /><ent r="4" t="19" w="254" /><ent r="4" t="19" w="254" /><ent r="3" t="22" w="135" /><ent r="3" t="22" w="135" /><ent r="3" t="23" w="61" /><ent r="3" t="23" w="61" /><ent r="3" t="23" w="126" /><ent r="4" t="23" w="321" /><ent r="4" t="23" w="321" /><ent r="4" t="23" w="341" /><ent r="4" t="23" w="341" /><ent r="3" t="24" w="54" /><ent r="4" t="24" w="263" /><ent r="4" t="24" w="263" /><ent r="4" t="24" w="284" /><ent r="4" t="24" w="284" /><ent r="3" t="44" w="223" /><ent r="4" t="46" w="168" /></phr><phr n="privileged"><ent r="4" t="46" w="158" /><ent r="4" t="46" w="158" /></phr></stem><stem n="lege"><phr n="privileges"><ent r="6" t="3" w="992" /><ent r="6" t="3" w="992" /><ent r="4" t="19" w="254" /><ent r="4" t="19" w="254" /><ent r="3" t="22" w="135" /><ent r="3" t="22" w="135" /><ent r="3" t="23" w="61" /><ent r="3" t="23" w="61" /><ent r="3" t="23" w="126" /><ent r="4" t="23" w="321" /><ent r="4" t="23" w="321" /><ent r="4" t="23" w="341" /><ent r="4" t="23" w="341" /><ent r="3" t="24" w="54" /><ent r="4" t="24" w="263" /><ent r="4" t="24" w="263" /><ent r="4" t="24" w="284" /><ent r="4" t="24" w="284" /><ent r="3" t="44" w="223" /><ent r="4" t="46" w="168" /></phr><phr n="privileged"><ent r="4" t="46" w="158" /><ent r="4" t="46" w="158" /></phr></stem><stem n="ivil"><phr n="privileges"><ent r="6" t="3" w="992" /><ent r="6" t="3" w="992" /><ent r="4" t="19" w="254" /><ent r="4" t="19" w="254" /><ent r="3" t="22" w="135" /><ent r="3" t="22" w="135" /><ent r="3" t="23" w="61" /><ent r="3" t="23" w="61" /><ent r="3" t="23" w="126" /><ent r="4" t="23" w="321" /><ent r="4" t="23" w="321" /><ent r="4" t="23" w="341" /><ent r="4" t="23" w="341" /><ent r="3" t="24" w="54" /><ent r="4" t="24" w="263" /><ent r="4" t="24" w="263" /><ent r="4" t="24" w="284" /><ent r="4" t="24" w="284" /><ent r="3" t="44" w="223" /><ent r="4" t="46" w="168" /></phr><phr n="privileged"><ent r="4" t="46" w="158" /><ent r="4" t="46" w="158" /></phr></stem><stem n="eges"><phr n="privileges"><ent r="6" t="3" w="992" /><ent r="6" t="3" w="992" /><ent r="4" t="19" w="254" /><ent r="4" t="19" w="254" /><ent r="3" t="22" w="135" /><ent r="3" t="22" w="135" /><ent r="3" t="23" w="61" /><ent r="3" t="23" w="61" /><ent r="3" t="23" w="126" /><ent r="4" t="23" w="321" /><ent r="4" t="23" w="321" /><ent r="4" t="23" w="341" /><ent r="4" t="23" w="341" /><ent r="3" t="24" w="54" /><ent r="4" t="24" w="263" /><ent r="4" t="24" w="263" /><ent r="4" t="24" w="284" /><ent r="4" t="24" w="284" /><ent r="3" t="44" w="223" /><ent r="4" t="46" w="168" /></phr></stem><stem n="vile"><phr n="privileges"><ent r="6" t="3" w="992" /><ent r="6" t="3" w="992" /><ent r="4" t="19" w="254" /><ent r="4" t="19" w="254" /><ent r="3" t="22" w="135" /><ent r="3" t="22" w="135" /><ent r="3" t="23" w="61" /><ent r="3" t="23" w="61" /><ent r="3" t="23" w="126" /><ent r="4" t="23" w="321" /><ent r="4" t="23" w="321" /><ent r="4" t="23" w="341" /><ent r="4" t="23" w="341" /><ent r="3" t="24" w="54" /><ent r="4" t="24" w="263" /><ent r="4" t="24" w="263" /><ent r="4" t="24" w="284" /><ent r="4" t="24" w="284" /><ent r="3" t="44" w="223" /><ent r="4" t="46" w="168" /></phr><phr n="privileged"><ent r="4" t="46" w="158" /><ent r="4" t="46" w="158" /></phr></stem><stem n="privi"><phr n="privileges"><ent r="6" t="3" w="992" /><ent r="6" t="3" w="992" /><ent r="4" t="19" w="254" /><ent r="4" t="19" w="254" /><ent r="3" t="22" w="135" /><ent r="3" t="22" w="135" /><ent r="3" t="23" w="61" /><ent r="3" t="23" w="61" /><ent r="3" t="23" w="126" /><ent r="4" t="23" w="321" /><ent r="4" t="23" w="321" /><ent r="4" t="23" w="341" /><ent r="4" t="23" w="341" /><ent r="3" t="24" w="54" /><ent r="4" t="24" w="263" /><ent r="4" t="24" w="263" /><ent r="4" t="24" w="284" /><ent r="4" t="24" w="284" /><ent r="3" t="44" w="223" /><ent r="4" t="46" w="168" /></phr><phr n="privileged"><ent r="4" t="46" w="158" /><ent r="4" t="46" w="158" /></phr></stem><stem n="leges"><phr n="privileges"><ent r="6" t="3" w="992" /><ent r="6" t="3" w="992" /><ent r="4" t="19" w="254" /><ent r="4" t="19" w="254" /><ent r="3" t="22" w="135" /><ent r="3" t="22" w="135" /><ent r="3" t="23" w="61" /><ent r="3" t="23" w="61" /><ent r="3" t="23" w="126" /><ent r="4" t="23" w="321" /><ent r="4" t="23" w="321" /><ent r="4" t="23" w="341" /><ent r="4" t="23" w="341" /><ent r="3" t="24" w="54" /><ent r="4" t="24" w="263" /><ent r="4" t="24" w="263" /><ent r="4" t="24" w="284" /><ent r="4" t="24" w="284" /><ent r="3" t="44" w="223" /><ent r="4" t="46" w="168" /></phr></stem><stem n="rivil"><phr n="privileges"><ent r="6" t="3" w="992" /><ent r="6" t="3" w="992" /><ent r="4" t="19" w="254" /><ent r="4" t="19" w="254" /><ent r="3" t="22" w="135" /><ent r="3" t="22" w="135" /><ent r="3" t="23" w="61" /><ent r="3" t="23" w="61" /><ent r="3" t="23" w="126" /><ent r="4" t="23" w="321" /><ent r="4" t="23" w="321" /><ent r="4" t="23" w="341" /><ent r="4" t="23" w="341" /><ent r="3" t="24" w="54" /><ent r="4" t="24" w="263" /><ent r="4" t="24" w="263" /><ent r="4" t="24" w="284" /><ent r="4" t="24" w="284" /><ent r="3" t="44" w="223" /><ent r="4" t="46" w="168" /></phr><phr n="privileged"><ent r="4" t="46" w="158" /><ent r="4" t="46" w="158" /></phr></stem><stem n="ivile"><phr n="privileges"><ent r="6" t="3" w="992" /><ent r="6" t="3" w="992" /><ent r="4" t="19" w="254" /><ent r="4" t="19" w="254" /><ent r="3" t="22" w="135" /><ent r="3" t="22" w="135" /><ent r="3" t="23" w="61" /><ent r="3" t="23" w="61" /><ent r="3" t="23" w="126" /><ent r="4" t="23" w="321" /><ent r="4" t="23" w="321" /><ent r="4" t="23" w="341" /><ent r="4" t="23" w="341" /><ent r="3" t="24" w="54" /><ent r="4" t="24" w="263" /><ent r="4" t="24" w="263" /><ent r="4" t="24" w="284" /><ent r="4" t="24" w="284" /><ent r="3" t="44" w="223" /><ent r="4" t="46" w="168" /></phr><phr n="privileged"><ent r="4" t="46" w="158" /><ent r="4" t="46" w="158" /></phr></stem><stem n="vileg"><phr n="privileges"><ent r="6" t="3" w="992" /><ent r="6" t="3" w="992" /><ent r="4" t="19" w="254" /><ent r="4" t="19" w="254" /><ent r="3" t="22" w="135" /><ent r="3" t="22" w="135" /><ent r="3" t="23" w="61" /><ent r="3" t="23" w="61" /><ent r="3" t="23" w="126" /><ent r="4" t="23" w="321" /><ent r="4" t="23" w="321" /><ent r="4" t="23" w="341" /><ent r="4" t="23" w="341" /><ent r="3" t="24" w="54" /><ent r="4" t="24" w="263" /><ent r="4" t="24" w="263" /><ent r="4" t="24" w="284" /><ent r="4" t="24" w="284" /><ent r="3" t="44" w="223" /><ent r="4" t="46" w="168" /></phr><phr n="privileged"><ent r="4" t="46" w="158" /><ent r="4" t="46" w="158" /></phr></stem><stem n="ilege"><phr n="privileges"><ent r="6" t="3" w="992" /><ent r="6" t="3" w="992" /><ent r="4" t="19" w="254" /><ent r="4" t="19" w="254" /><ent r="3" t="22" w="135" /><ent r="3" t="22" w="135" /><ent r="3" t="23" w="61" /><ent r="3" t="23" w="61" /><ent r="3" t="23" w="126" /><ent r="4" t="23" w="321" /><ent r="4" t="23" w="321" /><ent r="4" t="23" w="341" /><ent r="4" t="23" w="341" /><ent r="3" t="24" w="54" /><ent r="4" t="24" w="263" /><ent r="4" t="24" w="263" /><ent r="4" t="24" w="284" /><ent r="4" t="24" w="284" /><ent r="3" t="44" w="223" /><ent r="4" t="46" w="168" /></phr><phr n="privileged"><ent r="4" t="46" w="158" /><ent r="4" t="46" w="158" /></phr></stem><stem n="privil"><phr n="privileges"><ent r="6" t="3" w="992" /><ent r="6" t="3" w="992" /><ent r="4" t="19" w="254" /><ent r="4" t="19" w="254" /><ent r="3" t="22" w="135" /><ent r="3" t="22" w="135" /><ent r="3" t="23" w="61" /><ent r="3" t="23" w="61" /><ent r="3" t="23" w="126" /><ent r="4" t="23" w="321" /><ent r="4" t="23" w="321" /><ent r="4" t="23" w="341" /><ent r="4" t="23" w="341" /><ent r="3" t="24" w="54" /><ent r="4" t="24" w="263" /><ent r="4" t="24" w="263" /><ent r="4" t="24" w="284" /><ent r="4" t="24" w="284" /><ent r="3" t="44" w="223" /><ent r="4" t="46" w="168" /></phr><phr n="privileged"><ent r="4" t="46" w="158" /><ent r="4" t="46" w="158" /></phr></stem><stem n="rivile"><phr n="privileges"><ent r="6" t="3" w="992" /><ent r="6" t="3" w="992" /><ent r="4" t="19" w="254" /><ent r="4" t="19" w="254" /><ent r="3" t="22" w="135" /><ent r="3" t="22" w="135" /><ent r="3" t="23" w="61" /><ent r="3" t="23" w="61" /><ent r="3" t="23" w="126" /><ent r="4" t="23" w="321" /><ent r="4" t="23" w="321" /><ent r="4" t="23" w="341" /><ent r="4" t="23" w="341" /><ent r="3" t="24" w="54" /><ent r="4" t="24" w="263" /><ent r="4" t="24" w="263" /><ent r="4" t="24" w="284" /><ent r="4" t="24" w="284" /><ent r="3" t="44" w="223" /><ent r="4" t="46" w="168" /></phr><phr n="privileged"><ent r="4" t="46" w="158" /><ent r="4" t="46" w="158" /></phr></stem><stem n="ivileg"><phr n="privileges"><ent r="6" t="3" w="992" /><ent r="6" t="3" w="992" /><ent r="4" t="19" w="254" /><ent r="4" t="19" w="254" /><ent r="3" t="22" w="135" /><ent r="3" t="22" w="135" /><ent r="3" t="23" w="61" /><ent r="3" t="23" w="61" /><ent r="3" t="23" w="126" /><ent r="4" t="23" w="321" /><ent r="4" t="23" w="321" /><ent r="4" t="23" w="341" /><ent r="4" t="23" w="341" /><ent r="3" t="24" w="54" /><ent r="4" t="24" w="263" /><ent r="4" t="24" w="263" /><ent r="4" t="24" w="284" /><ent r="4" t="24" w="284" /><ent r="3" t="44" w="223" /><ent r="4" t="46" w="168" /></phr><phr n="privileged"><ent r="4" t="46" w="158" /><ent r="4" t="46" w="158" /></phr></stem><stem n="vilege"><phr n="privileges"><ent r="6" t="3" w="992" /><ent r="6" t="3" w="992" /><ent r="4" t="19" w="254" /><ent r="4" t="19" w="254" /><ent r="3" t="22" w="135" /><ent r="3" t="22" w="135" /><ent r="3" t="23" w="61" /><ent r="3" t="23" w="61" /><ent r="3" t="23" w="126" /><ent r="4" t="23" w="321" /><ent r="4" t="23" w="321" /><ent r="4" t="23" w="341" /><ent r="4" t="23" w="341" /><ent r="3" t="24" w="54" /><ent r="4" t="24" w="263" /><ent r="4" t="24" w="263" /><ent r="4" t="24" w="284" /><ent r="4" t="24" w="284" /><ent r="3" t="44" w="223" /><ent r="4" t="46" w="168" /></phr><phr n="privileged"><ent r="4" t="46" w="158" /><ent r="4" t="46" w="158" /></phr></stem><stem n="ileges"><phr n="privileges"><ent r="6" t="3" w="992" /><ent r="6" t="3" w="992" /><ent r="4" t="19" w="254" /><ent r="4" t="19" w="254" /><ent r="3" t="22" w="135" /><ent r="3" t="22" w="135" /><ent r="3" t="23" w="61" /><ent r="3" t="23" w="61" /><ent r="3" t="23" w="126" /><ent r="4" t="23" w="321" /><ent r="4" t="23" w="321" /><ent r="4" t="23" w="341" /><ent r="4" t="23" w="341" /><ent r="3" t="24" w="54" /><ent r="4" t="24" w="263" /><ent r="4" t="24" w="263" /><ent r="4" t="24" w="284" /><ent r="4" t="24" w="284" /><ent r="3" t="44" w="223" /><ent r="4" t="46" w="168" /></phr></stem><stem n="privile"><phr n="privileges"><ent r="6" t="3" w="992" /><ent r="6" t="3" w="992" /><ent r="4" t="19" w="254" /><ent r="4" t="19" w="254" /><ent r="3" t="22" w="135" /><ent r="3" t="22" w="135" /><ent r="3" t="23" w="61" /><ent r="3" t="23" w="61" /><ent r="3" t="23" w="126" /><ent r="4" t="23" w="321" /><ent r="4" t="23" w="321" /><ent r="4" t="23" w="341" /><ent r="4" t="23" w="341" /><ent r="3" t="24" w="54" /><ent r="4" t="24" w="263" /><ent r="4" t="24" w="263" /><ent r="4" t="24" w="284" /><ent r="4" t="24" w="284" /><ent r="3" t="44" w="223" /><ent r="4" t="46" w="168" /></phr><phr n="privileged"><ent r="4" t="46" w="158" /><ent r="4" t="46" w="158" /></phr></stem><stem n="rivileg"><phr n="privileges"><ent r="6" t="3" w="992" /><ent r="6" t="3" w="992" /><ent r="4" t="19" w="254" /><ent r="4" t="19" w="254" /><ent r="3" t="22" w="135" /><ent r="3" t="22" w="135" /><ent r="3" t="23" w="61" /><ent r="3" t="23" w="61" /><ent r="3" t="23" w="126" /><ent r="4" t="23" w="321" /><ent r="4" t="23" w="321" /><ent r="4" t="23" w="341" /><ent r="4" t="23" w="341" /><ent r="3" t="24" w="54" /><ent r="4" t="24" w="263" /><ent r="4" t="24" w="263" /><ent r="4" t="24" w="284" /><ent r="4" t="24" w="284" /><ent r="3" t="44" w="223" /><ent r="4" t="46" w="168" /></phr><phr n="privileged"><ent r="4" t="46" w="158" /><ent r="4" t="46" w="158" /></phr></stem><stem n="ivilege"><phr n="privileges"><ent r="6" t="3" w="992" /><ent r="6" t="3" w="992" /><ent r="4" t="19" w="254" /><ent r="4" t="19" w="254" /><ent r="3" t="22" w="135" /><ent r="3" t="22" w="135" /><ent r="3" t="23" w="61" /><ent r="3" t="23" w="61" /><ent r="3" t="23" w="126" /><ent r="4" t="23" w="321" /><ent r="4" t="23" w="321" /><ent r="4" t="23" w="341" /><ent r="4" t="23" w="341" /><ent r="3" t="24" w="54" /><ent r="4" t="24" w="263" /><ent r="4" t="24" w="263" /><ent r="4" t="24" w="284" /><ent r="4" t="24" w="284" /><ent r="3" t="44" w="223" /><ent r="4" t="46" w="168" /></phr><phr n="privileged"><ent r="4" t="46" w="158" /><ent r="4" t="46" w="158" /></phr></stem><stem n="vileges"><phr n="privileges"><ent r="6" t="3" w="992" /><ent r="6" t="3" w="992" /><ent r="4" t="19" w="254" /><ent r="4" t="19" w="254" /><ent r="3" t="22" w="135" /><ent r="3" t="22" w="135" /><ent r="3" t="23" w="61" /><ent r="3" t="23" w="61" /><ent r="3" t="23" w="126" /><ent r="4" t="23" w="321" /><ent r="4" t="23" w="321" /><ent r="4" t="23" w="341" /><ent r="4" t="23" w="341" /><ent r="3" t="24" w="54" /><ent r="4" t="24" w="263" /><ent r="4" t="24" w="263" /><ent r="4" t="24" w="284" /><ent r="4" t="24" w="284" /><ent r="3" t="44" w="223" /><ent r="4" t="46" w="168" /></phr></stem><stem n="rivilege"><phr n="privileges"><ent r="6" t="3" w="992" /><ent r="6" t="3" w="992" /><ent r="4" t="19" w="254" /><ent r="4" t="19" w="254" /><ent r="3" t="22" w="135" /><ent r="3" t="22" w="135" /><ent r="3" t="23" w="61" /><ent r="3" t="23" w="61" /><ent r="3" t="23" w="126" /><ent r="4" t="23" w="321" /><ent r="4" t="23" w="321" /><ent r="4" t="23" w="341" /><ent r="4" t="23" w="341" /><ent r="3" t="24" w="54" /><ent r="4" t="24" w="263" /><ent r="4" t="24" w="263" /><ent r="4" t="24" w="284" /><ent r="4" t="24" w="284" /><ent r="3" t="44" w="223" /><ent r="4" t="46" w="168" /></phr><phr n="privileged"><ent r="4" t="46" w="158" /><ent r="4" t="46" w="158" /></phr></stem><stem n="ivileges"><phr n="privileges"><ent r="6" t="3" w="992" /><ent r="6" t="3" w="992" /><ent r="4" t="19" w="254" /><ent r="4" t="19" w="254" /><ent r="3" t="22" w="135" /><ent r="3" t="22" w="135" /><ent r="3" t="23" w="61" /><ent r="3" t="23" w="61" /><ent r="3" t="23" w="126" /><ent r="4" t="23" w="321" /><ent r="4" t="23" w="321" /><ent r="4" t="23" w="341" /><ent r="4" t="23" w="341" /><ent r="3" t="24" w="54" /><ent r="4" t="24" w="263" /><ent r="4" t="24" w="263" /><ent r="4" t="24" w="284" /><ent r="4" t="24" w="284" /><ent r="3" t="44" w="223" /><ent r="4" t="46" w="168" /></phr></stem><stem n="privilege"><phr n="privileges"><ent r="6" t="3" w="992" /><ent r="6" t="3" w="992" /><ent r="4" t="19" w="254" /><ent r="4" t="19" w="254" /><ent r="3" t="22" w="135" /><ent r="3" t="22" w="135" /><ent r="3" t="23" w="61" /><ent r="3" t="23" w="61" /><ent r="3" t="23" w="126" /><ent r="4" t="23" w="321" /><ent r="4" t="23" w="321" /><ent r="4" t="23" w="341" /><ent r="4" t="23" w="341" /><ent r="3" t="24" w="54" /><ent r="4" t="24" w="263" /><ent r="4" t="24" w="263" /><ent r="4" t="24" w="284" /><ent r="4" t="24" w="284" /><ent r="3" t="44" w="223" /><ent r="4" t="46" w="168" /></phr><phr n="privileged"><ent r="4" t="46" w="158" /><ent r="4" t="46" w="158" /></phr></stem><stem n="rivileges"><phr n="privileges"><ent r="6" t="3" w="992" /><ent r="6" t="3" w="992" /><ent r="4" t="19" w="254" /><ent r="4" t="19" w="254" /><ent r="3" t="22" w="135" /><ent r="3" t="22" w="135" /><ent r="3" t="23" w="61" /><ent r="3" t="23" w="61" /><ent r="3" t="23" w="126" /><ent r="4" t="23" w="321" /><ent r="4" t="23" w="321" /><ent r="4" t="23" w="341" /><ent r="4" t="23" w="341" /><ent r="3" t="24" w="54" /><ent r="4" t="24" w="263" /><ent r="4" t="24" w="263" /><ent r="4" t="24" w="284" /><ent r="4" t="24" w="284" /><ent r="3" t="44" w="223" /><ent r="4" t="46" w="168" /></phr></stem><stem n="privileges"><phr n="privileges"><ent r="6" t="3" w="992" /><ent r="6" t="3" w="992" /><ent r="4" t="19" w="254" /><ent r="4" t="19" w="254" /><ent r="3" t="22" w="135" /><ent r="3" t="22" w="135" /><ent r="3" t="23" w="61" /><ent r="3" t="23" w="61" /><ent r="3" t="23" w="126" /><ent r="4" t="23" w="321" /><ent r="4" t="23" w="321" /><ent r="4" t="23" w="341" /><ent r="4" t="23" w="341" /><ent r="3" t="24" w="54" /><ent r="4" t="24" w="263" /><ent r="4" t="24" w="263" /><ent r="4" t="24" w="284" /><ent r="4" t="24" w="284" /><ent r="3" t="44" w="223" /><ent r="4" t="46" w="168" /></phr></stem><stem n="permit"><phr n="permits"><ent r="6" t="3" w="1005" /><ent r="6" t="3" w="1005" /><ent r="6" t="3" w="1043" /><ent r="6" t="3" w="1043" /><ent r="3" t="13" w="202" /><ent r="3" t="13" w="202" /></phr><phr n="permitted"><ent r="3" t="13" w="45" /><ent r="3" t="13" w="45" /><ent r="3" t="13" w="231" /><ent r="3" t="13" w="231" /></phr></stem><stem n="rmit"><phr n="permits"><ent r="6" t="3" w="1005" /><ent r="6" t="3" w="1005" /><ent r="6" t="3" w="1043" /><ent r="6" t="3" w="1043" /><ent r="3" t="13" w="202" /><ent r="3" t="13" w="202" /></phr><phr n="permitted"><ent r="3" t="13" w="45" /><ent r="3" t="13" w="45" /><ent r="3" t="13" w="231" /><ent r="3" t="13" w="231" /></phr></stem><stem n="mits"><phr n="permits"><ent r="6" t="3" w="1005" /><ent r="6" t="3" w="1005" /><ent r="6" t="3" w="1043" /><ent r="6" t="3" w="1043" /><ent r="3" t="13" w="202" /><ent r="3" t="13" w="202" /></phr><phr n="limits"><ent r="4" t="31" w="62" /><ent r="3" t="31" w="1002" /><ent r="3" t="31" w="1002" /><ent r="4" t="44" w="124" /></phr><phr n="Submits"><ent r="7" t="36" w="1123" /><ent r="7" t="36" w="1123" /></phr></stem><stem n="ermit"><phr n="permits"><ent r="6" t="3" w="1005" /><ent r="6" t="3" w="1005" /><ent r="6" t="3" w="1043" /><ent r="6" t="3" w="1043" /><ent r="3" t="13" w="202" /><ent r="3" t="13" w="202" /></phr><phr n="permitted"><ent r="3" t="13" w="45" /><ent r="3" t="13" w="45" /><ent r="3" t="13" w="231" /><ent r="3" t="13" w="231" /></phr></stem><stem n="rmits"><phr n="permits"><ent r="6" t="3" w="1005" /><ent r="6" t="3" w="1005" /><ent r="6" t="3" w="1043" /><ent r="6" t="3" w="1043" /><ent r="3" t="13" w="202" /><ent r="3" t="13" w="202" /></phr></stem><stem n="ermits"><phr n="permits"><ent r="6" t="3" w="1005" /><ent r="6" t="3" w="1005" /><ent r="6" t="3" w="1043" /><ent r="6" t="3" w="1043" /><ent r="3" t="13" w="202" /><ent r="3" t="13" w="202" /></phr></stem><stem n="permits"><phr n="permits"><ent r="6" t="3" w="1005" /><ent r="6" t="3" w="1005" /><ent r="6" t="3" w="1043" /><ent r="6" t="3" w="1043" /><ent r="3" t="13" w="202" /><ent r="3" t="13" w="202" /></phr></stem><stem n="ativ"><phr n="administrative"><ent r="6" t="3" w="1006" /><ent r="6" t="3" w="1006" /><ent r="6" t="3" w="1044" /><ent r="6" t="3" w="1044" /><ent r="4" t="6" w="46" /><ent r="4" t="6" w="46" /><ent r="4" t="7" w="208" /><ent r="4" t="7" w="208" /><ent r="4" t="7" w="243" /><ent r="4" t="7" w="243" /><ent r="4" t="11" w="299" /><ent r="4" t="11" w="299" /><ent r="6" t="44" w="499" /></phr><phr n="Administrative"><ent r="7" t="3" w="1157" /><ent r="7" t="3" w="1157" /><ent r="5" t="4" w="160" /><ent r="7" t="4" w="302" /><ent r="7" t="4" w="302" /><ent r="5" t="11" w="285" /><ent r="5" t="11" w="285" /><ent r="8" t="32" w="476" /><ent r="8" t="32" w="476" /><ent r="8" t="38" w="218" /></phr><phr n="relative"><ent r="4" t="26" w="405" /><ent r="4" t="26" w="405" /><ent r="7" t="36" w="708" /><ent r="7" t="36" w="708" /><ent r="7" t="36" w="777" /><ent r="7" t="36" w="777" /></phr><phr n="Alternatively"><ent r="7" t="36" w="629" /><ent r="7" t="45" w="267" /></phr><phr n="non-administrative"><ent r="6" t="44" w="498" /><ent r="6" t="44" w="498" /></phr></stem><stem n="tive"><phr n="administrative"><ent r="6" t="3" w="1006" /><ent r="6" t="3" w="1006" /><ent r="6" t="3" w="1044" /><ent r="6" t="3" w="1044" /><ent r="4" t="6" w="46" /><ent r="4" t="6" w="46" /><ent r="4" t="7" w="208" /><ent r="4" t="7" w="208" /><ent r="4" t="7" w="243" /><ent r="4" t="7" w="243" /><ent r="4" t="11" w="299" /><ent r="4" t="11" w="299" /><ent r="6" t="44" w="499" /></phr><phr n="Administrative"><ent r="7" t="3" w="1157" /><ent r="7" t="3" w="1157" /><ent r="5" t="4" w="160" /><ent r="7" t="4" w="302" /><ent r="7" t="4" w="302" /><ent r="5" t="11" w="285" /><ent r="5" t="11" w="285" /><ent r="8" t="32" w="476" /><ent r="8" t="32" w="476" /><ent r="8" t="38" w="218" /></phr><phr n="descriptive"><ent r="7" t="4" w="428" /><ent r="7" t="4" w="428" /><ent r="4" t="16" w="278" /><ent r="4" t="16" w="278" /></phr><phr n="insensitive"><ent r="4" t="23" w="276" /><ent r="4" t="24" w="219" /></phr><phr n="effective"><ent r="4" t="25" w="110" /><ent r="4" t="25" w="110" /></phr><phr n="relative"><ent r="4" t="26" w="405" /><ent r="4" t="26" w="405" /><ent r="7" t="36" w="708" /><ent r="7" t="36" w="708" /><ent r="7" t="36" w="777" /><ent r="7" t="36" w="777" /></phr><phr n="sensitive"><ent r="4" t="27" w="703" /></phr><phr n="active"><ent r="4" t="34" w="267" /><ent r="4" t="34" w="267" /><ent r="4" t="34" w="282" /><ent r="4" t="34" w="282" /><ent r="4" t="34" w="1940" /><ent r="4" t="34" w="1940" /><ent r="6" t="39" w="129" /><ent r="6" t="39" w="129" /></phr><phr n="Alternatively"><ent r="7" t="36" w="629" /><ent r="7" t="45" w="267" /></phr><phr n="non-administrative"><ent r="6" t="44" w="498" /><ent r="6" t="44" w="498" /></phr></stem><stem n="trati"><phr n="administrative"><ent r="6" t="3" w="1006" /><ent r="6" t="3" w="1006" /><ent r="6" t="3" w="1044" /><ent r="6" t="3" w="1044" /><ent r="4" t="6" w="46" /><ent r="4" t="6" w="46" /><ent r="4" t="7" w="208" /><ent r="4" t="7" w="208" /><ent r="4" t="7" w="243" /><ent r="4" t="7" w="243" /><ent r="4" t="11" w="299" /><ent r="4" t="11" w="299" /><ent r="6" t="44" w="499" /></phr><phr n="Administrative"><ent r="7" t="3" w="1157" /><ent r="7" t="3" w="1157" /><ent r="5" t="4" w="160" /><ent r="7" t="4" w="302" /><ent r="7" t="4" w="302" /><ent r="5" t="11" w="285" /><ent r="5" t="11" w="285" /><ent r="8" t="32" w="476" /><ent r="8" t="32" w="476" /><ent r="8" t="38" w="218" /></phr><phr n="Registration"><ent r="5" t="14" w="404" /><ent r="5" t="14" w="404" /><ent r="3" t="42" w="281" /></phr><phr n="non-administrative"><ent r="6" t="44" w="498" /><ent r="6" t="44" w="498" /></phr></stem><stem n="rativ"><phr n="administrative"><ent r="6" t="3" w="1006" /><ent r="6" t="3" w="1006" /><ent r="6" t="3" w="1044" /><ent r="6" t="3" w="1044" /><ent r="4" t="6" w="46" /><ent r="4" t="6" w="46" /><ent r="4" t="7" w="208" /><ent r="4" t="7" w="208" /><ent r="4" t="7" w="243" /><ent r="4" t="7" w="243" /><ent r="4" t="11" w="299" /><ent r="4" t="11" w="299" /><ent r="6" t="44" w="499" /></phr><phr n="Administrative"><ent r="7" t="3" w="1157" /><ent r="7" t="3" w="1157" /><ent r="5" t="4" w="160" /><ent r="7" t="4" w="302" /><ent r="7" t="4" w="302" /><ent r="5" t="11" w="285" /><ent r="5" t="11" w="285" /><ent r="8" t="32" w="476" /><ent r="8" t="32" w="476" /><ent r="8" t="38" w="218" /></phr><phr n="non-administrative"><ent r="6" t="44" w="498" /><ent r="6" t="44" w="498" /></phr></stem><stem n="ative"><phr n="administrative"><ent r="6" t="3" w="1006" /><ent r="6" t="3" w="1006" /><ent r="6" t="3" w="1044" /><ent r="6" t="3" w="1044" /><ent r="4" t="6" w="46" /><ent r="4" t="6" w="46" /><ent r="4" t="7" w="208" /><ent r="4" t="7" w="208" /><ent r="4" t="7" w="243" /><ent r="4" t="7" w="243" /><ent r="4" t="11" w="299" /><ent r="4" t="11" w="299" /><ent r="6" t="44" w="499" /></phr><phr n="Administrative"><ent r="7" t="3" w="1157" /><ent r="7" t="3" w="1157" /><ent r="5" t="4" w="160" /><ent r="7" t="4" w="302" /><ent r="7" t="4" w="302" /><ent r="5" t="11" w="285" /><ent r="5" t="11" w="285" /><ent r="8" t="32" w="476" /><ent r="8" t="32" w="476" /><ent r="8" t="38" w="218" /></phr><phr n="relative"><ent r="4" t="26" w="405" /><ent r="4" t="26" w="405" /><ent r="7" t="36" w="708" /><ent r="7" t="36" w="708" /><ent r="7" t="36" w="777" /><ent r="7" t="36" w="777" /></phr><phr n="Alternatively"><ent r="7" t="36" w="629" /><ent r="7" t="45" w="267" /></phr><phr n="non-administrative"><ent r="6" t="44" w="498" /><ent r="6" t="44" w="498" /></phr></stem><stem n="strati"><phr n="administrative"><ent r="6" t="3" w="1006" /><ent r="6" t="3" w="1006" /><ent r="6" t="3" w="1044" /><ent r="6" t="3" w="1044" /><ent r="4" t="6" w="46" /><ent r="4" t="6" w="46" /><ent r="4" t="7" w="208" /><ent r="4" t="7" w="208" /><ent r="4" t="7" w="243" /><ent r="4" t="7" w="243" /><ent r="4" t="11" w="299" /><ent r="4" t="11" w="299" /><ent r="6" t="44" w="499" /></phr><phr n="Administrative"><ent r="7" t="3" w="1157" /><ent r="7" t="3" w="1157" /><ent r="5" t="4" w="160" /><ent r="7" t="4" w="302" /><ent r="7" t="4" w="302" /><ent r="5" t="11" w="285" /><ent r="5" t="11" w="285" /><ent r="8" t="32" w="476" /><ent r="8" t="32" w="476" /><ent r="8" t="38" w="218" /></phr><phr n="Registration"><ent r="5" t="14" w="404" /><ent r="5" t="14" w="404" /><ent r="3" t="42" w="281" /></phr><phr n="non-administrative"><ent r="6" t="44" w="498" /><ent r="6" t="44" w="498" /></phr></stem><stem n="trativ"><phr n="administrative"><ent r="6" t="3" w="1006" /><ent r="6" t="3" w="1006" /><ent r="6" t="3" w="1044" /><ent r="6" t="3" w="1044" /><ent r="4" t="6" w="46" /><ent r="4" t="6" w="46" /><ent r="4" t="7" w="208" /><ent r="4" t="7" w="208" /><ent r="4" t="7" w="243" /><ent r="4" t="7" w="243" /><ent r="4" t="11" w="299" /><ent r="4" t="11" w="299" /><ent r="6" t="44" w="499" /></phr><phr n="Administrative"><ent r="7" t="3" w="1157" /><ent r="7" t="3" w="1157" /><ent r="5" t="4" w="160" /><ent r="7" t="4" w="302" /><ent r="7" t="4" w="302" /><ent r="5" t="11" w="285" /><ent r="5" t="11" w="285" /><ent r="8" t="32" w="476" /><ent r="8" t="32" w="476" /><ent r="8" t="38" w="218" /></phr><phr n="non-administrative"><ent r="6" t="44" w="498" /><ent r="6" t="44" w="498" /></phr></stem></index>