<?xml version="1.0" encoding="utf-8"?><index><stem n="tring"><phr n="strings"><ent r="3" t="27" w="974" /><ent r="3" t="27" w="974" /></phr><phr n="string"><ent r="3" t="27" w="996" /><ent r="3" t="27" w="996" /><ent r="3" t="27" w="1029" /><ent r="3" t="27" w="1029" /><ent r="6" t="44" w="366" /></phr></stem><stem n="rings"><phr n="strings"><ent r="3" t="27" w="974" /><ent r="3" t="27" w="974" /></phr></stem><stem n="trings"><phr n="strings"><ent r="3" t="27" w="974" /><ent r="3" t="27" w="974" /></phr></stem><stem n="strings"><phr n="strings"><ent r="3" t="27" w="974" /><ent r="3" t="27" w="974" /></phr></stem><stem n="categori"><phr n="category"><ent r="3" t="27" w="985" /><ent r="3" t="27" w="985" /><ent r="4" t="34" w="2135" /><ent r="4" t="34" w="2135" /><ent r="4" t="34" w="2149" /></phr><phr n="categories"><ent r="3" t="34" w="445" /><ent r="4" t="34" w="586" /><ent r="4" t="34" w="586" /></phr></stem><stem n="gory"><phr n="category"><ent r="3" t="27" w="985" /><ent r="3" t="27" w="985" /><ent r="4" t="34" w="2135" /><ent r="4" t="34" w="2135" /><ent r="4" t="34" w="2149" /></phr></stem><stem n="ateg"><phr n="category"><ent r="3" t="27" w="985" /><ent r="3" t="27" w="985" /><ent r="4" t="34" w="2135" /><ent r="4" t="34" w="2135" /><ent r="4" t="34" w="2149" /></phr><phr n="categories"><ent r="3" t="34" w="445" /><ent r="4" t="34" w="586" /><ent r="4" t="34" w="586" /></phr></stem><stem n="tego"><phr n="category"><ent r="3" t="27" w="985" /><ent r="3" t="27" w="985" /><ent r="4" t="34" w="2135" /><ent r="4" t="34" w="2135" /><ent r="4" t="34" w="2149" /></phr><phr n="categories"><ent r="3" t="34" w="445" /><ent r="4" t="34" w="586" /><ent r="4" t="34" w="586" /></phr></stem><stem n="egor"><phr n="category"><ent r="3" t="27" w="985" /><ent r="3" t="27" w="985" /><ent r="4" t="34" w="2135" /><ent r="4" t="34" w="2135" /><ent r="4" t="34" w="2149" /></phr><phr n="categories"><ent r="3" t="34" w="445" /><ent r="4" t="34" w="586" /><ent r="4" t="34" w="586" /></phr></stem><stem n="categ"><phr n="category"><ent r="3" t="27" w="985" /><ent r="3" t="27" w="985" /><ent r="4" t="34" w="2135" /><ent r="4" t="34" w="2135" /><ent r="4" t="34" w="2149" /></phr><phr n="categories"><ent r="3" t="34" w="445" /><ent r="4" t="34" w="586" /><ent r="4" t="34" w="586" /></phr></stem><stem n="atego"><phr n="category"><ent r="3" t="27" w="985" /><ent r="3" t="27" w="985" /><ent r="4" t="34" w="2135" /><ent r="4" t="34" w="2135" /><ent r="4" t="34" w="2149" /></phr><phr n="categories"><ent r="3" t="34" w="445" /><ent r="4" t="34" w="586" /><ent r="4" t="34" w="586" /></phr></stem><stem n="tegor"><phr n="category"><ent r="3" t="27" w="985" /><ent r="3" t="27" w="985" /><ent r="4" t="34" w="2135" /><ent r="4" t="34" w="2135" /><ent r="4" t="34" w="2149" /></phr><phr n="categories"><ent r="3" t="34" w="445" /><ent r="4" t="34" w="586" /><ent r="4" t="34" w="586" /></phr></stem><stem n="egory"><phr n="category"><ent r="3" t="27" w="985" /><ent r="3" t="27" w="985" /><ent r="4" t="34" w="2135" /><ent r="4" t="34" w="2135" /><ent r="4" t="34" w="2149" /></phr></stem><stem n="catego"><phr n="category"><ent r="3" t="27" w="985" /><ent r="3" t="27" w="985" /><ent r="4" t="34" w="2135" /><ent r="4" t="34" w="2135" /><ent r="4" t="34" w="2149" /></phr><phr n="categories"><ent r="3" t="34" w="445" /><ent r="4" t="34" w="586" /><ent r="4" t="34" w="586" /></phr></stem><stem n="ategor"><phr n="category"><ent r="3" t="27" w="985" /><ent r="3" t="27" w="985" /><ent r="4" t="34" w="2135" /><ent r="4" t="34" w="2135" /><ent r="4" t="34" w="2149" /></phr><phr n="categories"><ent r="3" t="34" w="445" /><ent r="4" t="34" w="586" /><ent r="4" t="34" w="586" /></phr></stem><stem n="tegory"><phr n="category"><ent r="3" t="27" w="985" /><ent r="3" t="27" w="985" /><ent r="4" t="34" w="2135" /><ent r="4" t="34" w="2135" /><ent r="4" t="34" w="2149" /></phr></stem><stem n="categor"><phr n="category"><ent r="3" t="27" w="985" /><ent r="3" t="27" w="985" /><ent r="4" t="34" w="2135" /><ent r="4" t="34" w="2135" /><ent r="4" t="34" w="2149" /></phr><phr n="categories"><ent r="3" t="34" w="445" /><ent r="4" t="34" w="586" /><ent r="4" t="34" w="586" /></phr></stem><stem n="ategory"><phr n="category"><ent r="3" t="27" w="985" /><ent r="3" t="27" w="985" /><ent r="4" t="34" w="2135" /><ent r="4" t="34" w="2135" /><ent r="4" t="34" w="2149" /></phr></stem><stem n="category"><phr n="category"><ent r="3" t="27" w="985" /><ent r="3" t="27" w="985" /><ent r="4" t="34" w="2135" /><ent r="4" t="34" w="2135" /><ent r="4" t="34" w="2149" /></phr></stem><stem n="condit"><phr n="conditions"><ent r="3" t="27" w="1003" /><ent r="3" t="34" w="1047" /><ent r="3" t="34" w="1047" /></phr></stem><stem n="cond"><phr n="conditions"><ent r="3" t="27" w="1003" /><ent r="3" t="34" w="1047" /><ent r="3" t="34" w="1047" /></phr><phr n="milliseconds"><ent r="6" t="29" w="147" /><ent r="6" t="29" w="162" /><ent r="6" t="29" w="177" /><ent r="6" t="29" w="253" /><ent r="6" t="29" w="268" /><ent r="6" t="29" w="283" /></phr><phr n="seconds"><ent r="7" t="31" w="293" /><ent r="7" t="31" w="293" /></phr><phr n="millisecond"><ent r="6" t="36" w="1338" /><ent r="6" t="36" w="1338" /><ent r="6" t="36" w="1345" /><ent r="6" t="36" w="1345" /><ent r="6" t="36" w="1396" /><ent r="6" t="36" w="1396" /><ent r="6" t="36" w="1403" /><ent r="6" t="36" w="1403" /></phr></stem><stem n="itio"><phr n="conditions"><ent r="3" t="27" w="1003" /><ent r="3" t="34" w="1047" /><ent r="3" t="34" w="1047" /></phr><phr n="partition"><ent r="8" t="31" w="344" /><ent r="7" t="31" w="358" /><ent r="7" t="31" w="358" /><ent r="8" t="31" w="369" /><ent r="7" t="31" w="379" /><ent r="7" t="31" w="379" /></phr><phr n="position"><ent r="3" t="31" w="1383" /><ent r="3" t="31" w="1383" /></phr><phr n="reposition"><ent r="6" t="32" w="264" /><ent r="6" t="32" w="264" /></phr><phr n="additional"><ent r="6" t="43" w="196" /><ent r="6" t="43" w="196" /></phr></stem><stem n="ondi"><phr n="conditions"><ent r="3" t="27" w="1003" /><ent r="3" t="34" w="1047" /><ent r="3" t="34" w="1047" /></phr></stem><stem n="ndit"><phr n="conditions"><ent r="3" t="27" w="1003" /><ent r="3" t="34" w="1047" /><ent r="3" t="34" w="1047" /></phr></stem><stem n="condi"><phr n="conditions"><ent r="3" t="27" w="1003" /><ent r="3" t="34" w="1047" /><ent r="3" t="34" w="1047" /></phr></stem><stem n="ondit"><phr n="conditions"><ent r="3" t="27" w="1003" /><ent r="3" t="34" w="1047" /><ent r="3" t="34" w="1047" /></phr></stem><stem n="nditi"><phr n="conditions"><ent r="3" t="27" w="1003" /><ent r="3" t="34" w="1047" /><ent r="3" t="34" w="1047" /></phr></stem><stem n="ditio"><phr n="conditions"><ent r="3" t="27" w="1003" /><ent r="3" t="34" w="1047" /><ent r="3" t="34" w="1047" /></phr><phr n="additional"><ent r="6" t="43" w="196" /><ent r="6" t="43" w="196" /></phr></stem><stem n="ition"><phr n="conditions"><ent r="3" t="27" w="1003" /><ent r="3" t="34" w="1047" /><ent r="3" t="34" w="1047" /></phr><phr n="partition"><ent r="8" t="31" w="344" /><ent r="7" t="31" w="358" /><ent r="7" t="31" w="358" /><ent r="8" t="31" w="369" /><ent r="7" t="31" w="379" /><ent r="7" t="31" w="379" /></phr><phr n="position"><ent r="3" t="31" w="1383" /><ent r="3" t="31" w="1383" /></phr><phr n="reposition"><ent r="6" t="32" w="264" /><ent r="6" t="32" w="264" /></phr><phr n="additional"><ent r="6" t="43" w="196" /><ent r="6" t="43" w="196" /></phr></stem><stem n="onditi"><phr n="conditions"><ent r="3" t="27" w="1003" /><ent r="3" t="34" w="1047" /><ent r="3" t="34" w="1047" /></phr></stem><stem n="nditio"><phr n="conditions"><ent r="3" t="27" w="1003" /><ent r="3" t="34" w="1047" /><ent r="3" t="34" w="1047" /></phr></stem><stem n="dition"><phr n="conditions"><ent r="3" t="27" w="1003" /><ent r="3" t="34" w="1047" /><ent r="3" t="34" w="1047" /></phr><phr n="additional"><ent r="6" t="43" w="196" /><ent r="6" t="43" w="196" /></phr></stem><stem n="itions"><phr n="conditions"><ent r="3" t="27" w="1003" /><ent r="3" t="34" w="1047" /><ent r="3" t="34" w="1047" /></phr></stem><stem n="conditi"><phr n="conditions"><ent r="3" t="27" w="1003" /><ent r="3" t="34" w="1047" /><ent r="3" t="34" w="1047" /></phr></stem><stem n="onditio"><phr n="conditions"><ent r="3" t="27" w="1003" /><ent r="3" t="34" w="1047" /><ent r="3" t="34" w="1047" /></phr></stem><stem n="ndition"><phr n="conditions"><ent r="3" t="27" w="1003" /><ent r="3" t="34" w="1047" /><ent r="3" t="34" w="1047" /></phr></stem><stem n="ditions"><phr n="conditions"><ent r="3" t="27" w="1003" /><ent r="3" t="34" w="1047" /><ent r="3" t="34" w="1047" /></phr></stem><stem n="conditio"><phr n="conditions"><ent r="3" t="27" w="1003" /><ent r="3" t="34" w="1047" /><ent r="3" t="34" w="1047" /></phr></stem><stem n="ondition"><phr n="conditions"><ent r="3" t="27" w="1003" /><ent r="3" t="34" w="1047" /><ent r="3" t="34" w="1047" /></phr></stem><stem n="nditions"><phr n="conditions"><ent r="3" t="27" w="1003" /><ent r="3" t="34" w="1047" /><ent r="3" t="34" w="1047" /></phr></stem><stem n="condition"><phr n="conditions"><ent r="3" t="27" w="1003" /><ent r="3" t="34" w="1047" /><ent r="3" t="34" w="1047" /></phr></stem><stem n="onditions"><phr n="conditions"><ent r="3" t="27" w="1003" /><ent r="3" t="34" w="1047" /><ent r="3" t="34" w="1047" /></phr></stem><stem n="conditions"><phr n="conditions"><ent r="3" t="27" w="1003" /><ent r="3" t="34" w="1047" /><ent r="3" t="34" w="1047" /></phr></stem><stem n="othi"><phr n="nothing"><ent r="3" t="27" w="1006" /><ent r="3" t="27" w="1006" /></phr></stem><stem n="nothi"><phr n="nothing"><ent r="3" t="27" w="1006" /><ent r="3" t="27" w="1006" /></phr></stem><stem n="othin"><phr n="nothing"><ent r="3" t="27" w="1006" /><ent r="3" t="27" w="1006" /></phr></stem><stem n="nothin"><phr n="nothing"><ent r="3" t="27" w="1006" /><ent r="3" t="27" w="1006" /></phr></stem><stem n="othing"><phr n="nothing"><ent r="3" t="27" w="1006" /><ent r="3" t="27" w="1006" /></phr></stem><stem n="nothing"><phr n="nothing"><ent r="3" t="27" w="1006" /><ent r="3" t="27" w="1006" /></phr></stem><stem n="nonexist"><phr n="nonexistent"><ent r="3" t="27" w="1014" /><ent r="3" t="27" w="1014" /></phr></stem><stem n="onex"><phr n="nonexistent"><ent r="3" t="27" w="1014" /><ent r="3" t="27" w="1014" /></phr></stem><stem n="nexi"><phr n="nonexistent"><ent r="3" t="27" w="1014" /><ent r="3" t="27" w="1014" /></phr></stem><stem n="nonex"><phr n="nonexistent"><ent r="3" t="27" w="1014" /><ent r="3" t="27" w="1014" /></phr></stem><stem n="onexi"><phr n="nonexistent"><ent r="3" t="27" w="1014" /><ent r="3" t="27" w="1014" /></phr></stem><stem n="stent"><phr n="nonexistent"><ent r="3" t="27" w="1014" /><ent r="3" t="27" w="1014" /></phr></stem><stem n="nexis"><phr n="nonexistent"><ent r="3" t="27" w="1014" /><ent r="3" t="27" w="1014" /></phr></stem><stem n="xiste"><phr n="nonexistent"><ent r="3" t="27" w="1014" /><ent r="3" t="27" w="1014" /></phr></stem><stem n="nonexi"><phr n="nonexistent"><ent r="3" t="27" w="1014" /><ent r="3" t="27" w="1014" /></phr></stem><stem n="onexis"><phr n="nonexistent"><ent r="3" t="27" w="1014" /><ent r="3" t="27" w="1014" /></phr></stem><stem n="nexist"><phr n="nonexistent"><ent r="3" t="27" w="1014" /><ent r="3" t="27" w="1014" /></phr></stem><stem n="existe"><phr n="nonexistent"><ent r="3" t="27" w="1014" /><ent r="3" t="27" w="1014" /></phr></stem><stem n="xisten"><phr n="nonexistent"><ent r="3" t="27" w="1014" /><ent r="3" t="27" w="1014" /></phr></stem><stem n="istent"><phr n="nonexistent"><ent r="3" t="27" w="1014" /><ent r="3" t="27" w="1014" /></phr></stem><stem n="nonexis"><phr n="nonexistent"><ent r="3" t="27" w="1014" /><ent r="3" t="27" w="1014" /></phr></stem><stem n="onexist"><phr n="nonexistent"><ent r="3" t="27" w="1014" /><ent r="3" t="27" w="1014" /></phr></stem><stem n="nexiste"><phr n="nonexistent"><ent r="3" t="27" w="1014" /><ent r="3" t="27" w="1014" /></phr></stem><stem n="existen"><phr n="nonexistent"><ent r="3" t="27" w="1014" /><ent r="3" t="27" w="1014" /></phr></stem><stem n="xistent"><phr n="nonexistent"><ent r="3" t="27" w="1014" /><ent r="3" t="27" w="1014" /></phr></stem><stem n="onexiste"><phr n="nonexistent"><ent r="3" t="27" w="1014" /><ent r="3" t="27" w="1014" /></phr></stem><stem n="nexisten"><phr n="nonexistent"><ent r="3" t="27" w="1014" /><ent r="3" t="27" w="1014" /></phr></stem><stem n="existent"><phr n="nonexistent"><ent r="3" t="27" w="1014" /><ent r="3" t="27" w="1014" /></phr></stem><stem n="nonexiste"><phr n="nonexistent"><ent r="3" t="27" w="1014" /><ent r="3" t="27" w="1014" /></phr></stem><stem n="onexisten"><phr n="nonexistent"><ent r="3" t="27" w="1014" /><ent r="3" t="27" w="1014" /></phr></stem><stem n="nexistent"><phr n="nonexistent"><ent r="3" t="27" w="1014" /><ent r="3" t="27" w="1014" /></phr></stem><stem n="nonexisten"><phr n="nonexistent"><ent r="3" t="27" w="1014" /><ent r="3" t="27" w="1014" /></phr></stem><stem n="onexistent"><phr n="nonexistent"><ent r="3" t="27" w="1014" /><ent r="3" t="27" w="1014" /></phr></stem><stem n="nonexistent"><phr n="nonexistent"><ent r="3" t="27" w="1014" /><ent r="3" t="27" w="1014" /></phr></stem><stem n="uates"><phr n="evaluates"><ent r="3" t="27" w="1025" /><ent r="3" t="27" w="1025" /></phr></stem><stem n="luates"><phr n="evaluates"><ent r="3" t="27" w="1025" /><ent r="3" t="27" w="1025" /></phr></stem><stem n="aluates"><phr n="evaluates"><ent r="3" t="27" w="1025" /><ent r="3" t="27" w="1025" /></phr></stem><stem n="valuates"><phr n="evaluates"><ent r="3" t="27" w="1025" /><ent r="3" t="27" w="1025" /></phr></stem><stem n="evaluates"><phr n="evaluates"><ent r="3" t="27" w="1025" /><ent r="3" t="27" w="1025" /></phr></stem><stem n="await"><phr n="awaiting"><ent r="4" t="28" w="45" /><ent r="4" t="28" w="45" /><ent r="7" t="36" w="1695" /><ent r="7" t="36" w="1695" /></phr></stem><stem n="awai"><phr n="awaiting"><ent r="4" t="28" w="45" /><ent r="4" t="28" w="45" /><ent r="7" t="36" w="1695" /><ent r="7" t="36" w="1695" /></phr></stem><stem n="aiti"><phr n="awaiting"><ent r="4" t="28" w="45" /><ent r="4" t="28" w="45" /><ent r="7" t="36" w="1695" /><ent r="7" t="36" w="1695" /></phr></stem><stem n="waiti"><phr n="awaiting"><ent r="4" t="28" w="45" /><ent r="4" t="28" w="45" /><ent r="7" t="36" w="1695" /><ent r="7" t="36" w="1695" /></phr></stem><stem n="aitin"><phr n="awaiting"><ent r="4" t="28" w="45" /><ent r="4" t="28" w="45" /><ent r="7" t="36" w="1695" /><ent r="7" t="36" w="1695" /></phr></stem><stem n="awaiti"><phr n="awaiting"><ent r="4" t="28" w="45" /><ent r="4" t="28" w="45" /><ent r="7" t="36" w="1695" /><ent r="7" t="36" w="1695" /></phr></stem><stem n="waitin"><phr n="awaiting"><ent r="4" t="28" w="45" /><ent r="4" t="28" w="45" /><ent r="7" t="36" w="1695" /><ent r="7" t="36" w="1695" /></phr></stem><stem n="aiting"><phr n="awaiting"><ent r="4" t="28" w="45" /><ent r="4" t="28" w="45" /><ent r="7" t="36" w="1695" /><ent r="7" t="36" w="1695" /></phr></stem><stem n="awaitin"><phr n="awaiting"><ent r="4" t="28" w="45" /><ent r="4" t="28" w="45" /><ent r="7" t="36" w="1695" /><ent r="7" t="36" w="1695" /></phr></stem><stem n="waiting"><phr n="awaiting"><ent r="4" t="28" w="45" /><ent r="4" t="28" w="45" /><ent r="7" t="36" w="1695" /><ent r="7" t="36" w="1695" /></phr></stem><stem n="awaiting"><phr n="awaiting"><ent r="4" t="28" w="45" /><ent r="4" t="28" w="45" /><ent r="7" t="36" w="1695" /><ent r="7" t="36" w="1695" /></phr></stem><stem n="ocessed"><phr n="processed"><ent r="4" t="28" w="50" /><ent r="7" t="36" w="1700" /></phr></stem><stem n="rocessed"><phr n="processed"><ent r="4" t="28" w="50" /><ent r="7" t="36" w="1700" /></phr></stem><stem n="processed"><phr n="processed"><ent r="4" t="28" w="50" /><ent r="7" t="36" w="1700" /></phr></stem><stem n="nloade"><phr n="downloaded"><ent r="4" t="28" w="62" /><ent r="6" t="35" w="374" /><ent r="6" t="35" w="374" /><ent r="6" t="36" w="1582" /><ent r="7" t="36" w="1712" /></phr></stem><stem n="wnloade"><phr n="downloaded"><ent r="4" t="28" w="62" /><ent r="6" t="35" w="374" /><ent r="6" t="35" w="374" /><ent r="6" t="36" w="1582" /><ent r="7" t="36" w="1712" /></phr></stem><stem n="nloaded"><phr n="downloaded"><ent r="4" t="28" w="62" /><ent r="6" t="35" w="374" /><ent r="6" t="35" w="374" /><ent r="6" t="36" w="1582" /><ent r="7" t="36" w="1712" /></phr></stem><stem n="ownloade"><phr n="downloaded"><ent r="4" t="28" w="62" /><ent r="6" t="35" w="374" /><ent r="6" t="35" w="374" /><ent r="6" t="36" w="1582" /><ent r="7" t="36" w="1712" /></phr></stem><stem n="wnloaded"><phr n="downloaded"><ent r="4" t="28" w="62" /><ent r="6" t="35" w="374" /><ent r="6" t="35" w="374" /><ent r="6" t="36" w="1582" /><ent r="7" t="36" w="1712" /></phr></stem><stem n="downloade"><phr n="downloaded"><ent r="4" t="28" w="62" /><ent r="6" t="35" w="374" /><ent r="6" t="35" w="374" /><ent r="6" t="36" w="1582" /><ent r="7" t="36" w="1712" /></phr></stem><stem n="ownloaded"><phr n="downloaded"><ent r="4" t="28" w="62" /><ent r="6" t="35" w="374" /><ent r="6" t="35" w="374" /><ent r="6" t="36" w="1582" /><ent r="7" t="36" w="1712" /></phr></stem><stem n="downloaded"><phr n="downloaded"><ent r="4" t="28" w="62" /><ent r="6" t="35" w="374" /><ent r="6" t="35" w="374" /><ent r="6" t="36" w="1582" /><ent r="7" t="36" w="1712" /></phr></stem><stem n="dings"><phr n="headings"><ent r="7" t="28" w="148" /><ent r="7" t="28" w="148" /><ent r="4" t="31" w="1098" /><ent r="4" t="31" w="1098" /><ent r="4" t="31" w="1114" /><ent r="4" t="31" w="1114" /><ent r="4" t="31" w="1130" /></phr></stem><stem n="adings"><phr n="headings"><ent r="7" t="28" w="148" /><ent r="7" t="28" w="148" /><ent r="4" t="31" w="1098" /><ent r="4" t="31" w="1098" /><ent r="4" t="31" w="1114" /><ent r="4" t="31" w="1114" /><ent r="4" t="31" w="1130" /></phr></stem><stem n="eadings"><phr n="headings"><ent r="7" t="28" w="148" /><ent r="7" t="28" w="148" /><ent r="4" t="31" w="1098" /><ent r="4" t="31" w="1098" /><ent r="4" t="31" w="1114" /><ent r="4" t="31" w="1114" /><ent r="4" t="31" w="1130" /></phr></stem><stem n="headings"><phr n="headings"><ent r="7" t="28" w="148" /><ent r="7" t="28" w="148" /><ent r="4" t="31" w="1098" /><ent r="4" t="31" w="1098" /><ent r="4" t="31" w="1114" /><ent r="4" t="31" w="1114" /><ent r="4" t="31" w="1130" /></phr></stem><stem n="togeth"><phr n="together"><ent r="6" t="28" w="203" /><ent r="6" t="28" w="203" /><ent r="4" t="36" w="118" /><ent r="4" t="36" w="118" /></phr></stem><stem n="toge"><phr n="together"><ent r="6" t="28" w="203" /><ent r="6" t="28" w="203" /><ent r="4" t="36" w="118" /><ent r="4" t="36" w="118" /></phr></stem><stem n="oget"><phr n="together"><ent r="6" t="28" w="203" /><ent r="6" t="28" w="203" /><ent r="4" t="36" w="118" /><ent r="4" t="36" w="118" /></phr></stem><stem n="geth"><phr n="together"><ent r="6" t="28" w="203" /><ent r="6" t="28" w="203" /><ent r="4" t="36" w="118" /><ent r="4" t="36" w="118" /></phr></stem><stem n="toget"><phr n="together"><ent r="6" t="28" w="203" /><ent r="6" t="28" w="203" /><ent r="4" t="36" w="118" /><ent r="4" t="36" w="118" /></phr></stem><stem n="ogeth"><phr n="together"><ent r="6" t="28" w="203" /><ent r="6" t="28" w="203" /><ent r="4" t="36" w="118" /><ent r="4" t="36" w="118" /></phr></stem><stem n="gethe"><phr n="together"><ent r="6" t="28" w="203" /><ent r="6" t="28" w="203" /><ent r="4" t="36" w="118" /><ent r="4" t="36" w="118" /></phr></stem><stem n="ogethe"><phr n="together"><ent r="6" t="28" w="203" /><ent r="6" t="28" w="203" /><ent r="4" t="36" w="118" /><ent r="4" t="36" w="118" /></phr></stem><stem n="gether"><phr n="together"><ent r="6" t="28" w="203" /><ent r="6" t="28" w="203" /><ent r="4" t="36" w="118" /><ent r="4" t="36" w="118" /></phr></stem><stem n="togethe"><phr n="together"><ent r="6" t="28" w="203" /><ent r="6" t="28" w="203" /><ent r="4" t="36" w="118" /><ent r="4" t="36" w="118" /></phr></stem><stem n="ogether"><phr n="together"><ent r="6" t="28" w="203" /><ent r="6" t="28" w="203" /><ent r="4" t="36" w="118" /><ent r="4" t="36" w="118" /></phr></stem><stem n="together"><phr n="together"><ent r="6" t="28" w="203" /><ent r="6" t="28" w="203" /><ent r="4" t="36" w="118" /><ent r="4" t="36" w="118" /></phr></stem><stem n="ependi"><phr n="Depending"><ent r="7" t="28" w="212" /><ent r="7" t="28" w="212" /><ent r="7" t="36" w="528" /><ent r="7" t="36" w="528" /></phr><phr n="depending"><ent r="6" t="35" w="235" /><ent r="6" t="35" w="235" /></phr></stem><stem n="dependi"><phr n="Depending"><ent r="7" t="28" w="212" /><ent r="7" t="28" w="212" /><ent r="7" t="36" w="528" /><ent r="7" t="36" w="528" /></phr><phr n="depending"><ent r="6" t="35" w="235" /><ent r="6" t="35" w="235" /></phr></stem><stem n="ependin"><phr n="Depending"><ent r="7" t="28" w="212" /><ent r="7" t="28" w="212" /><ent r="7" t="36" w="528" /><ent r="7" t="36" w="528" /></phr><phr n="depending"><ent r="6" t="35" w="235" /><ent r="6" t="35" w="235" /></phr></stem><stem n="dependin"><phr n="Depending"><ent r="7" t="28" w="212" /><ent r="7" t="28" w="212" /><ent r="7" t="36" w="528" /><ent r="7" t="36" w="528" /></phr><phr n="depending"><ent r="6" t="35" w="235" /><ent r="6" t="35" w="235" /></phr></stem><stem n="epending"><phr n="Depending"><ent r="7" t="28" w="212" /><ent r="7" t="28" w="212" /><ent r="7" t="36" w="528" /><ent r="7" t="36" w="528" /></phr><phr n="depending"><ent r="6" t="35" w="235" /><ent r="6" t="35" w="235" /></phr></stem><stem n="depending"><phr n="Depending"><ent r="7" t="28" w="212" /><ent r="7" t="28" w="212" /><ent r="7" t="36" w="528" /><ent r="7" t="36" w="528" /></phr><phr n="depending"><ent r="6" t="35" w="235" /><ent r="6" t="35" w="235" /></phr></stem><stem n="ectory"><phr n="directory"><ent r="7" t="28" w="226" /><ent r="4" t="46" w="397" /><ent r="4" t="46" w="397" /></phr></stem><stem n="rectory"><phr n="directory"><ent r="7" t="28" w="226" /><ent r="4" t="46" w="397" /><ent r="4" t="46" w="397" /></phr></stem><stem n="irectory"><phr n="directory"><ent r="7" t="28" w="226" /><ent r="4" t="46" w="397" /><ent r="4" t="46" w="397" /></phr></stem><stem n="directory"><phr n="directory"><ent r="7" t="28" w="226" /><ent r="4" t="46" w="397" /><ent r="4" t="46" w="397" /></phr></stem><stem n="choic"><phr n="choice"><ent r="7" t="28" w="233" /><ent r="7" t="28" w="233" /></phr></stem><stem n="choi"><phr n="choice"><ent r="7" t="28" w="233" /><ent r="7" t="28" w="233" /></phr></stem><stem n="hoic"><phr n="choice"><ent r="7" t="28" w="233" /><ent r="7" t="28" w="233" /></phr></stem><stem n="oice"><phr n="choice"><ent r="7" t="28" w="233" /><ent r="7" t="28" w="233" /></phr></stem><stem n="hoice"><phr n="choice"><ent r="7" t="28" w="233" /><ent r="7" t="28" w="233" /></phr></stem><stem n="choice"><phr n="choice"><ent r="7" t="28" w="233" /><ent r="7" t="28" w="233" /></phr></stem><stem n="stored"><phr n="stored"><ent r="7" t="28" w="264" /><ent r="7" t="28" w="264" /></phr><phr n="restored"><ent r="3" t="31" w="1564" /></phr></stem><stem n="&lt;date&gt;_&lt;time&gt;_&lt;id&gt;_&lt;name&gt;"><phr n="&lt;date&gt;_&lt;time&gt;_&lt;ID&gt;_&lt;name&gt;"><ent r="7" t="28" w="291" /><ent r="7" t="28" w="291" /></phr></stem><stem n="&lt;dat"><phr n="&lt;date&gt;_&lt;time&gt;_&lt;ID&gt;_&lt;name&gt;"><ent r="7" t="28" w="291" /><ent r="7" t="28" w="291" /></phr><phr n="&lt;date&gt;"><ent r="7" t="28" w="295" /><ent r="7" t="28" w="295" /></phr></stem><stem n="e&gt;_&lt;"><phr n="&lt;date&gt;_&lt;time&gt;_&lt;ID&gt;_&lt;name&gt;"><ent r="7" t="28" w="291" /><ent r="7" t="28" w="291" /></phr><phr n="&lt;reportname&gt;_&lt;clustername&gt;"><ent r="7" t="36" w="1554" /><ent r="7" t="36" w="1554" /></phr></stem><stem n="&gt;_&lt;i"><phr n="&lt;date&gt;_&lt;time&gt;_&lt;ID&gt;_&lt;name&gt;"><ent r="7" t="28" w="291" /><ent r="7" t="28" w="291" /></phr></stem><stem n="d&gt;_&lt;"><phr n="&lt;date&gt;_&lt;time&gt;_&lt;ID&gt;_&lt;name&gt;"><ent r="7" t="28" w="291" /><ent r="7" t="28" w="291" /></phr></stem><stem n="&gt;_&lt;t"><phr n="&lt;date&gt;_&lt;time&gt;_&lt;ID&gt;_&lt;name&gt;"><ent r="7" t="28" w="291" /><ent r="7" t="28" w="291" /></phr></stem><stem n="ime&gt;"><phr n="&lt;date&gt;_&lt;time&gt;_&lt;ID&gt;_&lt;name&gt;"><ent r="7" t="28" w="291" /><ent r="7" t="28" w="291" /></phr><phr n="&lt;time&gt;"><ent r="7" t="28" w="303" /><ent r="7" t="28" w="303" /></phr></stem><stem n="_&lt;id"><phr n="&lt;date&gt;_&lt;time&gt;_&lt;ID&gt;_&lt;name&gt;"><ent r="7" t="28" w="291" /><ent r="7" t="28" w="291" /></phr></stem><stem n="&gt;_&lt;n"><phr n="&lt;date&gt;_&lt;time&gt;_&lt;ID&gt;_&lt;name&gt;"><ent r="7" t="28" w="291" /><ent r="7" t="28" w="291" /></phr></stem><stem n="ate&gt;"><phr n="&lt;date&gt;_&lt;time&gt;_&lt;ID&gt;_&lt;name&gt;"><ent r="7" t="28" w="291" /><ent r="7" t="28" w="291" /></phr><phr n="&lt;date&gt;"><ent r="7" t="28" w="295" /><ent r="7" t="28" w="295" /></phr></stem><stem n="_&lt;ti"><phr n="&lt;date&gt;_&lt;time&gt;_&lt;ID&gt;_&lt;name&gt;"><ent r="7" t="28" w="291" /><ent r="7" t="28" w="291" /></phr></stem><stem n="me&gt;_"><phr n="&lt;date&gt;_&lt;time&gt;_&lt;ID&gt;_&lt;name&gt;"><ent r="7" t="28" w="291" /><ent r="7" t="28" w="291" /></phr><phr n="&lt;reportname&gt;_&lt;clustername&gt;"><ent r="7" t="36" w="1554" /><ent r="7" t="36" w="1554" /></phr></stem><stem n="&lt;id&gt;"><phr n="&lt;date&gt;_&lt;time&gt;_&lt;ID&gt;_&lt;name&gt;"><ent r="7" t="28" w="291" /><ent r="7" t="28" w="291" /></phr><phr n="&lt;ID&gt;"><ent r="7" t="28" w="314" /><ent r="7" t="28" w="314" /></phr></stem><stem n="_&lt;na"><phr n="&lt;date&gt;_&lt;time&gt;_&lt;ID&gt;_&lt;name&gt;"><ent r="7" t="28" w="291" /><ent r="7" t="28" w="291" /></phr></stem><stem n="te&gt;_"><phr n="&lt;date&gt;_&lt;time&gt;_&lt;ID&gt;_&lt;name&gt;"><ent r="7" t="28" w="291" /><ent r="7" t="28" w="291" /></phr></stem><stem n="&lt;tim"><phr n="&lt;date&gt;_&lt;time&gt;_&lt;ID&gt;_&lt;name&gt;"><ent r="7" t="28" w="291" /><ent r="7" t="28" w="291" /></phr><phr n="&lt;time&gt;"><ent r="7" t="28" w="303" /><ent r="7" t="28" w="303" /></phr></stem><stem n="id&gt;_"><phr n="&lt;date&gt;_&lt;time&gt;_&lt;ID&gt;_&lt;name&gt;"><ent r="7" t="28" w="291" /><ent r="7" t="28" w="291" /></phr></stem><stem n="&lt;nam"><phr n="&lt;date&gt;_&lt;time&gt;_&lt;ID&gt;_&lt;name&gt;"><ent r="7" t="28" w="291" /><ent r="7" t="28" w="291" /></phr><phr n="&lt;name&gt;"><ent r="7" t="28" w="321" /><ent r="7" t="28" w="321" /></phr></stem><stem n="&lt;date"><phr n="&lt;date&gt;_&lt;time&gt;_&lt;ID&gt;_&lt;name&gt;"><ent r="7" t="28" w="291" /><ent r="7" t="28" w="291" /></phr><phr n="&lt;date&gt;"><ent r="7" t="28" w="295" /><ent r="7" t="28" w="295" /></phr></stem><stem n="&gt;_&lt;ti"><phr n="&lt;date&gt;_&lt;time&gt;_&lt;ID&gt;_&lt;name&gt;"><ent r="7" t="28" w="291" /><ent r="7" t="28" w="291" /></phr></stem><stem n="me&gt;_&lt;"><phr n="&lt;date&gt;_&lt;time&gt;_&lt;ID&gt;_&lt;name&gt;"><ent r="7" t="28" w="291" /><ent r="7" t="28" w="291" /></phr><phr n="&lt;reportname&gt;_&lt;clustername&gt;"><ent r="7" t="36" w="1554" /><ent r="7" t="36" w="1554" /></phr></stem><stem n="id&gt;_&lt;"><phr n="&lt;date&gt;_&lt;time&gt;_&lt;ID&gt;_&lt;name&gt;"><ent r="7" t="28" w="291" /><ent r="7" t="28" w="291" /></phr></stem><stem n="date&gt;"><phr n="&lt;date&gt;_&lt;time&gt;_&lt;ID&gt;_&lt;name&gt;"><ent r="7" t="28" w="291" /><ent r="7" t="28" w="291" /></phr><phr n="&lt;date&gt;"><ent r="7" t="28" w="295" /><ent r="7" t="28" w="295" /></phr></stem><stem n="_&lt;tim"><phr n="&lt;date&gt;_&lt;time&gt;_&lt;ID&gt;_&lt;name&gt;"><ent r="7" t="28" w="291" /><ent r="7" t="28" w="291" /></phr></stem><stem n="e&gt;_&lt;i"><phr n="&lt;date&gt;_&lt;time&gt;_&lt;ID&gt;_&lt;name&gt;"><ent r="7" t="28" w="291" /><ent r="7" t="28" w="291" /></phr></stem><stem n="d&gt;_&lt;n"><phr n="&lt;date&gt;_&lt;time&gt;_&lt;ID&gt;_&lt;name&gt;"><ent r="7" t="28" w="291" /><ent r="7" t="28" w="291" /></phr></stem><stem n="ate&gt;_"><phr n="&lt;date&gt;_&lt;time&gt;_&lt;ID&gt;_&lt;name&gt;"><ent r="7" t="28" w="291" /><ent r="7" t="28" w="291" /></phr></stem><stem n="&lt;time"><phr n="&lt;date&gt;_&lt;time&gt;_&lt;ID&gt;_&lt;name&gt;"><ent r="7" t="28" w="291" /><ent r="7" t="28" w="291" /></phr><phr n="&lt;time&gt;"><ent r="7" t="28" w="303" /><ent r="7" t="28" w="303" /></phr></stem><stem n="&gt;_&lt;id"><phr n="&lt;date&gt;_&lt;time&gt;_&lt;ID&gt;_&lt;name&gt;"><ent r="7" t="28" w="291" /><ent r="7" t="28" w="291" /></phr></stem><stem n="&gt;_&lt;na"><phr n="&lt;date&gt;_&lt;time&gt;_&lt;ID&gt;_&lt;name&gt;"><ent r="7" t="28" w="291" /><ent r="7" t="28" w="291" /></phr></stem></index>