<?xml version="1.0" encoding="utf-8"?><index><stem n="ntag"><phr n="percentage"><ent r="6" t="29" w="305" /><ent r="3" t="29" w="473" /><ent r="3" t="29" w="473" /><ent r="4" t="36" w="76" /></phr><phr n="Percentage"><ent r="67" t="29" w="319" /><ent r="67" t="29" w="319" /><ent r="82" t="29" w="458" /><ent r="82" t="29" w="458" /></phr></stem><stem n="rcen"><phr n="percentage"><ent r="6" t="29" w="305" /><ent r="3" t="29" w="473" /><ent r="3" t="29" w="473" /><ent r="4" t="36" w="76" /></phr><phr n="Percentage"><ent r="67" t="29" w="319" /><ent r="67" t="29" w="319" /><ent r="82" t="29" w="458" /><ent r="82" t="29" w="458" /></phr></stem><stem n="tage"><phr n="percentage"><ent r="6" t="29" w="305" /><ent r="3" t="29" w="473" /><ent r="3" t="29" w="473" /><ent r="4" t="36" w="76" /></phr><phr n="Percentage"><ent r="67" t="29" w="319" /><ent r="67" t="29" w="319" /><ent r="82" t="29" w="458" /><ent r="82" t="29" w="458" /></phr></stem><stem n="perce"><phr n="percentage"><ent r="6" t="29" w="305" /><ent r="3" t="29" w="473" /><ent r="3" t="29" w="473" /><ent r="4" t="36" w="76" /></phr><phr n="Percentage"><ent r="67" t="29" w="319" /><ent r="67" t="29" w="319" /><ent r="82" t="29" w="458" /><ent r="82" t="29" w="458" /></phr></stem><stem n="ntage"><phr n="percentage"><ent r="6" t="29" w="305" /><ent r="3" t="29" w="473" /><ent r="3" t="29" w="473" /><ent r="4" t="36" w="76" /></phr><phr n="Percentage"><ent r="67" t="29" w="319" /><ent r="67" t="29" w="319" /><ent r="82" t="29" w="458" /><ent r="82" t="29" w="458" /></phr></stem><stem n="ercen"><phr n="percentage"><ent r="6" t="29" w="305" /><ent r="3" t="29" w="473" /><ent r="3" t="29" w="473" /><ent r="4" t="36" w="76" /></phr><phr n="Percentage"><ent r="67" t="29" w="319" /><ent r="67" t="29" w="319" /><ent r="82" t="29" w="458" /><ent r="82" t="29" w="458" /></phr></stem><stem n="rcent"><phr n="percentage"><ent r="6" t="29" w="305" /><ent r="3" t="29" w="473" /><ent r="3" t="29" w="473" /><ent r="4" t="36" w="76" /></phr><phr n="Percentage"><ent r="67" t="29" w="319" /><ent r="67" t="29" w="319" /><ent r="82" t="29" w="458" /><ent r="82" t="29" w="458" /></phr></stem><stem n="centa"><phr n="percentage"><ent r="6" t="29" w="305" /><ent r="3" t="29" w="473" /><ent r="3" t="29" w="473" /><ent r="4" t="36" w="76" /></phr><phr n="Percentage"><ent r="67" t="29" w="319" /><ent r="67" t="29" w="319" /><ent r="82" t="29" w="458" /><ent r="82" t="29" w="458" /></phr></stem><stem n="entag"><phr n="percentage"><ent r="6" t="29" w="305" /><ent r="3" t="29" w="473" /><ent r="3" t="29" w="473" /><ent r="4" t="36" w="76" /></phr><phr n="Percentage"><ent r="67" t="29" w="319" /><ent r="67" t="29" w="319" /><ent r="82" t="29" w="458" /><ent r="82" t="29" w="458" /></phr></stem><stem n="percen"><phr n="percentage"><ent r="6" t="29" w="305" /><ent r="3" t="29" w="473" /><ent r="3" t="29" w="473" /><ent r="4" t="36" w="76" /></phr><phr n="Percentage"><ent r="67" t="29" w="319" /><ent r="67" t="29" w="319" /><ent r="82" t="29" w="458" /><ent r="82" t="29" w="458" /></phr></stem><stem n="ercent"><phr n="percentage"><ent r="6" t="29" w="305" /><ent r="3" t="29" w="473" /><ent r="3" t="29" w="473" /><ent r="4" t="36" w="76" /></phr><phr n="Percentage"><ent r="67" t="29" w="319" /><ent r="67" t="29" w="319" /><ent r="82" t="29" w="458" /><ent r="82" t="29" w="458" /></phr></stem><stem n="rcenta"><phr n="percentage"><ent r="6" t="29" w="305" /><ent r="3" t="29" w="473" /><ent r="3" t="29" w="473" /><ent r="4" t="36" w="76" /></phr><phr n="Percentage"><ent r="67" t="29" w="319" /><ent r="67" t="29" w="319" /><ent r="82" t="29" w="458" /><ent r="82" t="29" w="458" /></phr></stem><stem n="centag"><phr n="percentage"><ent r="6" t="29" w="305" /><ent r="3" t="29" w="473" /><ent r="3" t="29" w="473" /><ent r="4" t="36" w="76" /></phr><phr n="Percentage"><ent r="67" t="29" w="319" /><ent r="67" t="29" w="319" /><ent r="82" t="29" w="458" /><ent r="82" t="29" w="458" /></phr></stem><stem n="entage"><phr n="percentage"><ent r="6" t="29" w="305" /><ent r="3" t="29" w="473" /><ent r="3" t="29" w="473" /><ent r="4" t="36" w="76" /></phr><phr n="Percentage"><ent r="67" t="29" w="319" /><ent r="67" t="29" w="319" /><ent r="82" t="29" w="458" /><ent r="82" t="29" w="458" /></phr></stem><stem n="percent"><phr n="percentage"><ent r="6" t="29" w="305" /><ent r="3" t="29" w="473" /><ent r="3" t="29" w="473" /><ent r="4" t="36" w="76" /></phr><phr n="Percentage"><ent r="67" t="29" w="319" /><ent r="67" t="29" w="319" /><ent r="82" t="29" w="458" /><ent r="82" t="29" w="458" /></phr></stem><stem n="ercenta"><phr n="percentage"><ent r="6" t="29" w="305" /><ent r="3" t="29" w="473" /><ent r="3" t="29" w="473" /><ent r="4" t="36" w="76" /></phr><phr n="Percentage"><ent r="67" t="29" w="319" /><ent r="67" t="29" w="319" /><ent r="82" t="29" w="458" /><ent r="82" t="29" w="458" /></phr></stem><stem n="rcentag"><phr n="percentage"><ent r="6" t="29" w="305" /><ent r="3" t="29" w="473" /><ent r="3" t="29" w="473" /><ent r="4" t="36" w="76" /></phr><phr n="Percentage"><ent r="67" t="29" w="319" /><ent r="67" t="29" w="319" /><ent r="82" t="29" w="458" /><ent r="82" t="29" w="458" /></phr></stem><stem n="centage"><phr n="percentage"><ent r="6" t="29" w="305" /><ent r="3" t="29" w="473" /><ent r="3" t="29" w="473" /><ent r="4" t="36" w="76" /></phr><phr n="Percentage"><ent r="67" t="29" w="319" /><ent r="67" t="29" w="319" /><ent r="82" t="29" w="458" /><ent r="82" t="29" w="458" /></phr></stem><stem n="percenta"><phr n="percentage"><ent r="6" t="29" w="305" /><ent r="3" t="29" w="473" /><ent r="3" t="29" w="473" /><ent r="4" t="36" w="76" /></phr><phr n="Percentage"><ent r="67" t="29" w="319" /><ent r="67" t="29" w="319" /><ent r="82" t="29" w="458" /><ent r="82" t="29" w="458" /></phr></stem><stem n="ercentag"><phr n="percentage"><ent r="6" t="29" w="305" /><ent r="3" t="29" w="473" /><ent r="3" t="29" w="473" /><ent r="4" t="36" w="76" /></phr><phr n="Percentage"><ent r="67" t="29" w="319" /><ent r="67" t="29" w="319" /><ent r="82" t="29" w="458" /><ent r="82" t="29" w="458" /></phr></stem><stem n="rcentage"><phr n="percentage"><ent r="6" t="29" w="305" /><ent r="3" t="29" w="473" /><ent r="3" t="29" w="473" /><ent r="4" t="36" w="76" /></phr><phr n="Percentage"><ent r="67" t="29" w="319" /><ent r="67" t="29" w="319" /><ent r="82" t="29" w="458" /><ent r="82" t="29" w="458" /></phr></stem><stem n="ercentage"><phr n="percentage"><ent r="6" t="29" w="305" /><ent r="3" t="29" w="473" /><ent r="3" t="29" w="473" /><ent r="4" t="36" w="76" /></phr><phr n="Percentage"><ent r="67" t="29" w="319" /><ent r="67" t="29" w="319" /><ent r="82" t="29" w="458" /><ent r="82" t="29" w="458" /></phr></stem><stem n="percentage"><phr n="percentage"><ent r="6" t="29" w="305" /><ent r="3" t="29" w="473" /><ent r="3" t="29" w="473" /><ent r="4" t="36" w="76" /></phr><phr n="Percentage"><ent r="67" t="29" w="319" /><ent r="67" t="29" w="319" /><ent r="82" t="29" w="458" /><ent r="82" t="29" w="458" /></phr></stem><stem n="calcul"><phr n="Calculated"><ent r="67" t="29" w="321" /><ent r="67" t="29" w="321" /><ent r="82" t="29" w="460" /><ent r="82" t="29" w="460" /></phr><phr n="calculated"><ent r="7" t="29" w="404" /><ent r="7" t="29" w="404" /><ent r="7" t="29" w="438" /><ent r="7" t="29" w="438" /><ent r="7" t="31" w="286" /><ent r="7" t="36" w="707" /><ent r="7" t="36" w="707" /></phr></stem><stem n="calc"><phr n="Calculated"><ent r="67" t="29" w="321" /><ent r="67" t="29" w="321" /><ent r="82" t="29" w="460" /><ent r="82" t="29" w="460" /></phr><phr n="calculated"><ent r="7" t="29" w="404" /><ent r="7" t="29" w="404" /><ent r="7" t="29" w="438" /><ent r="7" t="29" w="438" /><ent r="7" t="31" w="286" /><ent r="7" t="36" w="707" /><ent r="7" t="36" w="707" /></phr></stem><stem n="alcu"><phr n="Calculated"><ent r="67" t="29" w="321" /><ent r="67" t="29" w="321" /><ent r="82" t="29" w="460" /><ent r="82" t="29" w="460" /></phr><phr n="calculated"><ent r="7" t="29" w="404" /><ent r="7" t="29" w="404" /><ent r="7" t="29" w="438" /><ent r="7" t="29" w="438" /><ent r="7" t="31" w="286" /><ent r="7" t="36" w="707" /><ent r="7" t="36" w="707" /></phr></stem><stem n="lcul"><phr n="Calculated"><ent r="67" t="29" w="321" /><ent r="67" t="29" w="321" /><ent r="82" t="29" w="460" /><ent r="82" t="29" w="460" /></phr><phr n="calculated"><ent r="7" t="29" w="404" /><ent r="7" t="29" w="404" /><ent r="7" t="29" w="438" /><ent r="7" t="29" w="438" /><ent r="7" t="31" w="286" /><ent r="7" t="36" w="707" /><ent r="7" t="36" w="707" /></phr></stem><stem n="calcu"><phr n="Calculated"><ent r="67" t="29" w="321" /><ent r="67" t="29" w="321" /><ent r="82" t="29" w="460" /><ent r="82" t="29" w="460" /></phr><phr n="calculated"><ent r="7" t="29" w="404" /><ent r="7" t="29" w="404" /><ent r="7" t="29" w="438" /><ent r="7" t="29" w="438" /><ent r="7" t="31" w="286" /><ent r="7" t="36" w="707" /><ent r="7" t="36" w="707" /></phr></stem><stem n="alcul"><phr n="Calculated"><ent r="67" t="29" w="321" /><ent r="67" t="29" w="321" /><ent r="82" t="29" w="460" /><ent r="82" t="29" w="460" /></phr><phr n="calculated"><ent r="7" t="29" w="404" /><ent r="7" t="29" w="404" /><ent r="7" t="29" w="438" /><ent r="7" t="29" w="438" /><ent r="7" t="31" w="286" /><ent r="7" t="36" w="707" /><ent r="7" t="36" w="707" /></phr></stem><stem n="lcula"><phr n="Calculated"><ent r="67" t="29" w="321" /><ent r="67" t="29" w="321" /><ent r="82" t="29" w="460" /><ent r="82" t="29" w="460" /></phr><phr n="calculated"><ent r="7" t="29" w="404" /><ent r="7" t="29" w="404" /><ent r="7" t="29" w="438" /><ent r="7" t="29" w="438" /><ent r="7" t="31" w="286" /><ent r="7" t="36" w="707" /><ent r="7" t="36" w="707" /></phr></stem><stem n="culat"><phr n="Calculated"><ent r="67" t="29" w="321" /><ent r="67" t="29" w="321" /><ent r="82" t="29" w="460" /><ent r="82" t="29" w="460" /></phr><phr n="calculated"><ent r="7" t="29" w="404" /><ent r="7" t="29" w="404" /><ent r="7" t="29" w="438" /><ent r="7" t="29" w="438" /><ent r="7" t="31" w="286" /><ent r="7" t="36" w="707" /><ent r="7" t="36" w="707" /></phr></stem><stem n="alcula"><phr n="Calculated"><ent r="67" t="29" w="321" /><ent r="67" t="29" w="321" /><ent r="82" t="29" w="460" /><ent r="82" t="29" w="460" /></phr><phr n="calculated"><ent r="7" t="29" w="404" /><ent r="7" t="29" w="404" /><ent r="7" t="29" w="438" /><ent r="7" t="29" w="438" /><ent r="7" t="31" w="286" /><ent r="7" t="36" w="707" /><ent r="7" t="36" w="707" /></phr></stem><stem n="lculat"><phr n="Calculated"><ent r="67" t="29" w="321" /><ent r="67" t="29" w="321" /><ent r="82" t="29" w="460" /><ent r="82" t="29" w="460" /></phr><phr n="calculated"><ent r="7" t="29" w="404" /><ent r="7" t="29" w="404" /><ent r="7" t="29" w="438" /><ent r="7" t="29" w="438" /><ent r="7" t="31" w="286" /><ent r="7" t="36" w="707" /><ent r="7" t="36" w="707" /></phr></stem><stem n="culate"><phr n="Calculated"><ent r="67" t="29" w="321" /><ent r="67" t="29" w="321" /><ent r="82" t="29" w="460" /><ent r="82" t="29" w="460" /></phr><phr n="calculated"><ent r="7" t="29" w="404" /><ent r="7" t="29" w="404" /><ent r="7" t="29" w="438" /><ent r="7" t="29" w="438" /><ent r="7" t="31" w="286" /><ent r="7" t="36" w="707" /><ent r="7" t="36" w="707" /></phr></stem><stem n="calcula"><phr n="Calculated"><ent r="67" t="29" w="321" /><ent r="67" t="29" w="321" /><ent r="82" t="29" w="460" /><ent r="82" t="29" w="460" /></phr><phr n="calculated"><ent r="7" t="29" w="404" /><ent r="7" t="29" w="404" /><ent r="7" t="29" w="438" /><ent r="7" t="29" w="438" /><ent r="7" t="31" w="286" /><ent r="7" t="36" w="707" /><ent r="7" t="36" w="707" /></phr></stem><stem n="alculat"><phr n="Calculated"><ent r="67" t="29" w="321" /><ent r="67" t="29" w="321" /><ent r="82" t="29" w="460" /><ent r="82" t="29" w="460" /></phr><phr n="calculated"><ent r="7" t="29" w="404" /><ent r="7" t="29" w="404" /><ent r="7" t="29" w="438" /><ent r="7" t="29" w="438" /><ent r="7" t="31" w="286" /><ent r="7" t="36" w="707" /><ent r="7" t="36" w="707" /></phr></stem><stem n="lculate"><phr n="Calculated"><ent r="67" t="29" w="321" /><ent r="67" t="29" w="321" /><ent r="82" t="29" w="460" /><ent r="82" t="29" w="460" /></phr><phr n="calculated"><ent r="7" t="29" w="404" /><ent r="7" t="29" w="404" /><ent r="7" t="29" w="438" /><ent r="7" t="29" w="438" /><ent r="7" t="31" w="286" /><ent r="7" t="36" w="707" /><ent r="7" t="36" w="707" /></phr></stem><stem n="culated"><phr n="Calculated"><ent r="67" t="29" w="321" /><ent r="67" t="29" w="321" /><ent r="82" t="29" w="460" /><ent r="82" t="29" w="460" /></phr><phr n="calculated"><ent r="7" t="29" w="404" /><ent r="7" t="29" w="404" /><ent r="7" t="29" w="438" /><ent r="7" t="29" w="438" /><ent r="7" t="31" w="286" /><ent r="7" t="36" w="707" /><ent r="7" t="36" w="707" /></phr></stem><stem n="calculat"><phr n="Calculated"><ent r="67" t="29" w="321" /><ent r="67" t="29" w="321" /><ent r="82" t="29" w="460" /><ent r="82" t="29" w="460" /></phr><phr n="calculated"><ent r="7" t="29" w="404" /><ent r="7" t="29" w="404" /><ent r="7" t="29" w="438" /><ent r="7" t="29" w="438" /><ent r="7" t="31" w="286" /><ent r="7" t="36" w="707" /><ent r="7" t="36" w="707" /></phr></stem><stem n="alculate"><phr n="Calculated"><ent r="67" t="29" w="321" /><ent r="67" t="29" w="321" /><ent r="82" t="29" w="460" /><ent r="82" t="29" w="460" /></phr><phr n="calculated"><ent r="7" t="29" w="404" /><ent r="7" t="29" w="404" /><ent r="7" t="29" w="438" /><ent r="7" t="29" w="438" /><ent r="7" t="31" w="286" /><ent r="7" t="36" w="707" /><ent r="7" t="36" w="707" /></phr></stem><stem n="lculated"><phr n="Calculated"><ent r="67" t="29" w="321" /><ent r="67" t="29" w="321" /><ent r="82" t="29" w="460" /><ent r="82" t="29" w="460" /></phr><phr n="calculated"><ent r="7" t="29" w="404" /><ent r="7" t="29" w="404" /><ent r="7" t="29" w="438" /><ent r="7" t="29" w="438" /><ent r="7" t="31" w="286" /><ent r="7" t="36" w="707" /><ent r="7" t="36" w="707" /></phr></stem><stem n="calculate"><phr n="Calculated"><ent r="67" t="29" w="321" /><ent r="67" t="29" w="321" /><ent r="82" t="29" w="460" /><ent r="82" t="29" w="460" /></phr><phr n="calculated"><ent r="7" t="29" w="404" /><ent r="7" t="29" w="404" /><ent r="7" t="29" w="438" /><ent r="7" t="29" w="438" /><ent r="7" t="31" w="286" /><ent r="7" t="36" w="707" /><ent r="7" t="36" w="707" /></phr></stem><stem n="alculated"><phr n="Calculated"><ent r="67" t="29" w="321" /><ent r="67" t="29" w="321" /><ent r="82" t="29" w="460" /><ent r="82" t="29" w="460" /></phr><phr n="calculated"><ent r="7" t="29" w="404" /><ent r="7" t="29" w="404" /><ent r="7" t="29" w="438" /><ent r="7" t="29" w="438" /><ent r="7" t="31" w="286" /><ent r="7" t="36" w="707" /><ent r="7" t="36" w="707" /></phr></stem><stem n="calculated"><phr n="Calculated"><ent r="67" t="29" w="321" /><ent r="67" t="29" w="321" /><ent r="82" t="29" w="460" /><ent r="82" t="29" w="460" /></phr><phr n="calculated"><ent r="7" t="29" w="404" /><ent r="7" t="29" w="404" /><ent r="7" t="29" w="438" /><ent r="7" t="29" w="438" /><ent r="7" t="31" w="286" /><ent r="7" t="36" w="707" /><ent r="7" t="36" w="707" /></phr></stem><stem n="total"><phr n="Totals"><ent r="7" t="29" w="325" /><ent r="7" t="29" w="325" /></phr><phr n="totals"><ent r="6" t="29" w="329" /><ent r="6" t="29" w="329" /><ent r="8" t="29" w="423" /></phr><phr n="total"><ent r="7" t="29" w="402" /><ent r="7" t="29" w="402" /><ent r="7" t="29" w="411" /><ent r="7" t="29" w="411" /><ent r="7" t="29" w="435" /><ent r="7" t="29" w="435" /><ent r="7" t="29" w="445" /><ent r="7" t="29" w="445" /><ent r="3" t="29" w="476" /><ent r="3" t="29" w="476" /><ent r="7" t="31" w="326" /><ent r="7" t="31" w="326" /></phr></stem><stem n="tota"><phr n="Totals"><ent r="7" t="29" w="325" /><ent r="7" t="29" w="325" /></phr><phr n="totals"><ent r="6" t="29" w="329" /><ent r="6" t="29" w="329" /><ent r="8" t="29" w="423" /></phr><phr n="total"><ent r="7" t="29" w="402" /><ent r="7" t="29" w="402" /><ent r="7" t="29" w="411" /><ent r="7" t="29" w="411" /><ent r="7" t="29" w="435" /><ent r="7" t="29" w="435" /><ent r="7" t="29" w="445" /><ent r="7" t="29" w="445" /><ent r="3" t="29" w="476" /><ent r="3" t="29" w="476" /><ent r="7" t="31" w="326" /><ent r="7" t="31" w="326" /></phr></stem><stem n="otal"><phr n="Totals"><ent r="7" t="29" w="325" /><ent r="7" t="29" w="325" /></phr><phr n="totals"><ent r="6" t="29" w="329" /><ent r="6" t="29" w="329" /><ent r="8" t="29" w="423" /></phr><phr n="total"><ent r="7" t="29" w="402" /><ent r="7" t="29" w="402" /><ent r="7" t="29" w="411" /><ent r="7" t="29" w="411" /><ent r="7" t="29" w="435" /><ent r="7" t="29" w="435" /><ent r="7" t="29" w="445" /><ent r="7" t="29" w="445" /><ent r="3" t="29" w="476" /><ent r="3" t="29" w="476" /><ent r="7" t="31" w="326" /><ent r="7" t="31" w="326" /></phr></stem><stem n="tals"><phr n="Totals"><ent r="7" t="29" w="325" /><ent r="7" t="29" w="325" /></phr><phr n="totals"><ent r="6" t="29" w="329" /><ent r="6" t="29" w="329" /><ent r="8" t="29" w="423" /></phr></stem><stem n="otals"><phr n="Totals"><ent r="7" t="29" w="325" /><ent r="7" t="29" w="325" /></phr><phr n="totals"><ent r="6" t="29" w="329" /><ent r="6" t="29" w="329" /><ent r="8" t="29" w="423" /></phr></stem><stem n="totals"><phr n="Totals"><ent r="7" t="29" w="325" /><ent r="7" t="29" w="325" /></phr><phr n="totals"><ent r="6" t="29" w="329" /><ent r="6" t="29" w="329" /><ent r="8" t="29" w="423" /></phr></stem><stem n="sum"><phr n="sum"><ent r="7" t="29" w="337" /><ent r="7" t="29" w="337" /><ent r="7" t="29" w="348" /><ent r="7" t="29" w="348" /><ent r="7" t="29" w="359" /><ent r="7" t="29" w="359" /></phr></stem><stem n="underli"><phr n="underlying"><ent r="7" t="29" w="408" /><ent r="7" t="29" w="408" /><ent r="7" t="29" w="442" /><ent r="7" t="29" w="442" /></phr></stem><stem n="rlyi"><phr n="underlying"><ent r="7" t="29" w="408" /><ent r="7" t="29" w="408" /><ent r="7" t="29" w="442" /><ent r="7" t="29" w="442" /></phr></stem><stem n="lyin"><phr n="underlying"><ent r="7" t="29" w="408" /><ent r="7" t="29" w="408" /><ent r="7" t="29" w="442" /><ent r="7" t="29" w="442" /></phr></stem><stem n="derl"><phr n="underlying"><ent r="7" t="29" w="408" /><ent r="7" t="29" w="408" /><ent r="7" t="29" w="442" /><ent r="7" t="29" w="442" /></phr></stem><stem n="erly"><phr n="underlying"><ent r="7" t="29" w="408" /><ent r="7" t="29" w="408" /><ent r="7" t="29" w="442" /><ent r="7" t="29" w="442" /></phr></stem><stem n="lying"><phr n="underlying"><ent r="7" t="29" w="408" /><ent r="7" t="29" w="408" /><ent r="7" t="29" w="442" /><ent r="7" t="29" w="442" /></phr></stem><stem n="nderl"><phr n="underlying"><ent r="7" t="29" w="408" /><ent r="7" t="29" w="408" /><ent r="7" t="29" w="442" /><ent r="7" t="29" w="442" /></phr></stem><stem n="derly"><phr n="underlying"><ent r="7" t="29" w="408" /><ent r="7" t="29" w="408" /><ent r="7" t="29" w="442" /><ent r="7" t="29" w="442" /></phr></stem><stem n="erlyi"><phr n="underlying"><ent r="7" t="29" w="408" /><ent r="7" t="29" w="408" /><ent r="7" t="29" w="442" /><ent r="7" t="29" w="442" /></phr></stem><stem n="rlyin"><phr n="underlying"><ent r="7" t="29" w="408" /><ent r="7" t="29" w="408" /><ent r="7" t="29" w="442" /><ent r="7" t="29" w="442" /></phr></stem><stem n="underl"><phr n="underlying"><ent r="7" t="29" w="408" /><ent r="7" t="29" w="408" /><ent r="7" t="29" w="442" /><ent r="7" t="29" w="442" /></phr></stem><stem n="nderly"><phr n="underlying"><ent r="7" t="29" w="408" /><ent r="7" t="29" w="408" /><ent r="7" t="29" w="442" /><ent r="7" t="29" w="442" /></phr></stem><stem n="derlyi"><phr n="underlying"><ent r="7" t="29" w="408" /><ent r="7" t="29" w="408" /><ent r="7" t="29" w="442" /><ent r="7" t="29" w="442" /></phr></stem><stem n="erlyin"><phr n="underlying"><ent r="7" t="29" w="408" /><ent r="7" t="29" w="408" /><ent r="7" t="29" w="442" /><ent r="7" t="29" w="442" /></phr></stem><stem n="rlying"><phr n="underlying"><ent r="7" t="29" w="408" /><ent r="7" t="29" w="408" /><ent r="7" t="29" w="442" /><ent r="7" t="29" w="442" /></phr></stem><stem n="underly"><phr n="underlying"><ent r="7" t="29" w="408" /><ent r="7" t="29" w="408" /><ent r="7" t="29" w="442" /><ent r="7" t="29" w="442" /></phr></stem><stem n="nderlyi"><phr n="underlying"><ent r="7" t="29" w="408" /><ent r="7" t="29" w="408" /><ent r="7" t="29" w="442" /><ent r="7" t="29" w="442" /></phr></stem><stem n="derlyin"><phr n="underlying"><ent r="7" t="29" w="408" /><ent r="7" t="29" w="408" /><ent r="7" t="29" w="442" /><ent r="7" t="29" w="442" /></phr></stem><stem n="erlying"><phr n="underlying"><ent r="7" t="29" w="408" /><ent r="7" t="29" w="408" /><ent r="7" t="29" w="442" /><ent r="7" t="29" w="442" /></phr></stem><stem n="underlyi"><phr n="underlying"><ent r="7" t="29" w="408" /><ent r="7" t="29" w="408" /><ent r="7" t="29" w="442" /><ent r="7" t="29" w="442" /></phr></stem><stem n="nderlyin"><phr n="underlying"><ent r="7" t="29" w="408" /><ent r="7" t="29" w="408" /><ent r="7" t="29" w="442" /><ent r="7" t="29" w="442" /></phr></stem><stem n="derlying"><phr n="underlying"><ent r="7" t="29" w="408" /><ent r="7" t="29" w="408" /><ent r="7" t="29" w="442" /><ent r="7" t="29" w="442" /></phr></stem><stem n="underlyin"><phr n="underlying"><ent r="7" t="29" w="408" /><ent r="7" t="29" w="408" /><ent r="7" t="29" w="442" /><ent r="7" t="29" w="442" /></phr></stem><stem n="nderlying"><phr n="underlying"><ent r="7" t="29" w="408" /><ent r="7" t="29" w="408" /><ent r="7" t="29" w="442" /><ent r="7" t="29" w="442" /></phr></stem><stem n="underlying"><phr n="underlying"><ent r="7" t="29" w="408" /><ent r="7" t="29" w="408" /><ent r="7" t="29" w="442" /><ent r="7" t="29" w="442" /></phr></stem><stem n="per"><phr n="per"><ent r="7" t="29" w="426" /><ent r="7" t="29" w="426" /><ent r="4" t="46" w="177" /><ent r="4" t="46" w="177" /></phr></stem><stem n="ap"><phr n="AP"><ent r="3" t="29" w="465" /><ent r="3" t="29" w="498" /><ent r="3" t="29" w="498" /><ent r="3" t="29" w="523" /><ent r="3" t="29" w="523" /><ent r="4" t="29" w="567" /><ent r="4" t="29" w="567" /></phr></stem><stem n="outcom"><phr n="outcome"><ent r="3" t="29" w="514" /></phr></stem><stem n="outc"><phr n="outcome"><ent r="3" t="29" w="514" /></phr></stem><stem n="utco"><phr n="outcome"><ent r="3" t="29" w="514" /></phr></stem><stem n="tcom"><phr n="outcome"><ent r="3" t="29" w="514" /></phr></stem><stem n="outco"><phr n="outcome"><ent r="3" t="29" w="514" /></phr></stem><stem n="utcom"><phr n="outcome"><ent r="3" t="29" w="514" /></phr></stem><stem n="tcome"><phr n="outcome"><ent r="3" t="29" w="514" /></phr></stem><stem n="utcome"><phr n="outcome"><ent r="3" t="29" w="514" /></phr></stem><stem n="outcome"><phr n="outcome"><ent r="3" t="29" w="514" /></phr></stem><stem n="ande"><phr n="expanded"><ent r="3" t="29" w="519" /><ent r="3" t="29" w="519" /><ent r="3" t="31" w="1140" /><ent r="3" t="31" w="1140" /></phr></stem><stem n="pande"><phr n="expanded"><ent r="3" t="29" w="519" /><ent r="3" t="29" w="519" /><ent r="3" t="31" w="1140" /><ent r="3" t="31" w="1140" /></phr></stem><stem n="anded"><phr n="expanded"><ent r="3" t="29" w="519" /><ent r="3" t="29" w="519" /><ent r="3" t="31" w="1140" /><ent r="3" t="31" w="1140" /></phr></stem><stem n="xpande"><phr n="expanded"><ent r="3" t="29" w="519" /><ent r="3" t="29" w="519" /><ent r="3" t="31" w="1140" /><ent r="3" t="31" w="1140" /></phr></stem><stem n="panded"><phr n="expanded"><ent r="3" t="29" w="519" /><ent r="3" t="29" w="519" /><ent r="3" t="31" w="1140" /><ent r="3" t="31" w="1140" /></phr></stem><stem n="expande"><phr n="expanded"><ent r="3" t="29" w="519" /><ent r="3" t="29" w="519" /><ent r="3" t="31" w="1140" /><ent r="3" t="31" w="1140" /></phr></stem><stem n="xpanded"><phr n="expanded"><ent r="3" t="29" w="519" /><ent r="3" t="29" w="519" /><ent r="3" t="31" w="1140" /><ent r="3" t="31" w="1140" /></phr></stem><stem n="expanded"><phr n="expanded"><ent r="3" t="29" w="519" /><ent r="3" t="29" w="519" /><ent r="3" t="31" w="1140" /><ent r="3" t="31" w="1140" /></phr></stem><stem n="80"><phr n="80"><ent r="3" t="29" w="546" /><ent r="3" t="29" w="546" /><ent r="7" t="31" w="363" /></phr></stem><stem n="10"><phr n="10"><ent r="3" t="29" w="549" /><ent r="3" t="29" w="549" /><ent r="3" t="29" w="555" /><ent r="3" t="29" w="555" /><ent r="4" t="29" w="569" /><ent r="4" t="29" w="569" /><ent r="7" t="31" w="310" /><ent r="7" t="31" w="310" /><ent r="7" t="31" w="404" /><ent r="7" t="31" w="404" /><ent r="7" t="31" w="421" /><ent r="7" t="31" w="421" /><ent r="7" t="36" w="1175" /><ent r="7" t="36" w="1175" /><ent r="3" t="39" w="95" /><ent r="3" t="39" w="95" /></phr></stem><stem n="riza"><phr n="authorization"><ent r="3" t="29" w="553" /><ent r="3" t="29" w="553" /></phr></stem><stem n="rizat"><phr n="authorization"><ent r="3" t="29" w="553" /><ent r="3" t="29" w="553" /></phr></stem><stem n="oriza"><phr n="authorization"><ent r="3" t="29" w="553" /><ent r="3" t="29" w="553" /></phr></stem><stem n="horiza"><phr n="authorization"><ent r="3" t="29" w="553" /><ent r="3" t="29" w="553" /></phr></stem><stem n="orizat"><phr n="authorization"><ent r="3" t="29" w="553" /><ent r="3" t="29" w="553" /></phr></stem><stem n="rizati"><phr n="authorization"><ent r="3" t="29" w="553" /><ent r="3" t="29" w="553" /></phr></stem><stem n="thoriza"><phr n="authorization"><ent r="3" t="29" w="553" /><ent r="3" t="29" w="553" /></phr></stem><stem n="horizat"><phr n="authorization"><ent r="3" t="29" w="553" /><ent r="3" t="29" w="553" /></phr></stem><stem n="orizati"><phr n="authorization"><ent r="3" t="29" w="553" /><ent r="3" t="29" w="553" /></phr></stem><stem n="rizatio"><phr n="authorization"><ent r="3" t="29" w="553" /><ent r="3" t="29" w="553" /></phr></stem><stem n="uthoriza"><phr n="authorization"><ent r="3" t="29" w="553" /><ent r="3" t="29" w="553" /></phr></stem><stem n="thorizat"><phr n="authorization"><ent r="3" t="29" w="553" /><ent r="3" t="29" w="553" /></phr></stem><stem n="horizati"><phr n="authorization"><ent r="3" t="29" w="553" /><ent r="3" t="29" w="553" /></phr></stem><stem n="orizatio"><phr n="authorization"><ent r="3" t="29" w="553" /><ent r="3" t="29" w="553" /></phr></stem><stem n="rization"><phr n="authorization"><ent r="3" t="29" w="553" /><ent r="3" t="29" w="553" /></phr></stem><stem n="authoriza"><phr n="authorization"><ent r="3" t="29" w="553" /><ent r="3" t="29" w="553" /></phr></stem><stem n="uthorizat"><phr n="authorization"><ent r="3" t="29" w="553" /><ent r="3" t="29" w="553" /></phr></stem><stem n="thorizati"><phr n="authorization"><ent r="3" t="29" w="553" /><ent r="3" t="29" w="553" /></phr></stem><stem n="horizatio"><phr n="authorization"><ent r="3" t="29" w="553" /><ent r="3" t="29" w="553" /></phr></stem><stem n="orization"><phr n="authorization"><ent r="3" t="29" w="553" /><ent r="3" t="29" w="553" /></phr></stem><stem n="authorizat"><phr n="authorization"><ent r="3" t="29" w="553" /><ent r="3" t="29" w="553" /></phr></stem><stem n="uthorizati"><phr n="authorization"><ent r="3" t="29" w="553" /><ent r="3" t="29" w="553" /></phr></stem><stem n="thorizatio"><phr n="authorization"><ent r="3" t="29" w="553" /><ent r="3" t="29" w="553" /></phr></stem></index>