<?xml version="1.0" encoding="utf-8"?><index><stem n="map"><phr n="Mapped"><ent r="7" t="3" w="898" /></phr><phr n="mapped"><ent r="6" t="3" w="907" /><ent r="6" t="3" w="907" /><ent r="7" t="3" w="918" /><ent r="6" t="3" w="928" /><ent r="6" t="3" w="928" /><ent r="3" t="12" w="152" /><ent r="3" t="12" w="152" /><ent r="3" t="13" w="115" /><ent r="3" t="13" w="115" /><ent r="3" t="13" w="134" /><ent r="3" t="13" w="142" /><ent r="3" t="13" w="142" /><ent r="64" t="15" w="101" /><ent r="64" t="15" w="101" /><ent r="3" t="17" w="624" /><ent r="4" t="19" w="257" /><ent r="4" t="19" w="257" /><ent r="4" t="19" w="390" /><ent r="4" t="19" w="390" /><ent r="3" t="23" w="119" /><ent r="3" t="23" w="119" /><ent r="3" t="34" w="55" /><ent r="3" t="34" w="84" /><ent r="3" t="34" w="84" /><ent r="3" t="34" w="112" /><ent r="3" t="34" w="112" /><ent r="3" t="34" w="127" /><ent r="3" t="34" w="127" /><ent r="4" t="34" w="454" /><ent r="4" t="34" w="454" /><ent r="4" t="34" w="506" /><ent r="4" t="34" w="506" /><ent r="4" t="34" w="566" /><ent r="4" t="34" w="566" /><ent r="3" t="34" w="602" /><ent r="3" t="34" w="899" /><ent r="3" t="34" w="899" /><ent r="3" t="34" w="1605" /><ent r="3" t="34" w="1605" /><ent r="4" t="34" w="2037" /><ent r="3" t="44" w="216" /><ent r="3" t="44" w="216" /></phr><phr n="mapping"><ent r="6" t="3" w="939" /><ent r="6" t="3" w="956" /><ent r="100" t="13" w="12" /><ent r="100" t="13" w="12" /><ent r="100" t="13" w="16" /><ent r="100" t="13" w="16" /><ent r="3" t="13" w="64" /><ent r="3" t="13" w="64" /><ent r="3" t="13" w="327" /><ent r="3" t="13" w="327" /><ent r="4" t="17" w="588" /><ent r="4" t="17" w="588" /><ent r="3" t="17" w="608" /><ent r="4" t="19" w="274" /><ent r="4" t="19" w="274" /><ent r="4" t="19" w="289" /><ent r="4" t="19" w="289" /><ent r="3" t="22" w="126" /><ent r="3" t="22" w="126" /><ent r="4" t="27" w="420" /><ent r="4" t="27" w="420" /><ent r="3" t="27" w="511" /><ent r="3" t="27" w="511" /><ent r="4" t="34" w="2095" /><ent r="4" t="34" w="2095" /><ent r="3" t="34" w="2125" /><ent r="3" t="34" w="2125" /><ent r="6" t="35" w="378" /></phr><phr n="Mapping"><ent r="67" t="3" w="966" /><ent r="67" t="3" w="966" /><ent r="64" t="6" w="340" /><ent r="64" t="6" w="340" /><ent r="64" t="12" w="192" /><ent r="64" t="12" w="192" /><ent r="65" t="12" w="348" /><ent r="65" t="12" w="348" /><ent r="1000" t="13" w="1" /><ent r="1000" t="13" w="1" /><ent r="100" t="13" w="18" /><ent r="100" t="13" w="18" /><ent r="102" t="13" w="26" /><ent r="102" t="13" w="26" /><ent r="65" t="17" w="598" /><ent r="65" t="17" w="598" /><ent r="64" t="17" w="629" /><ent r="64" t="17" w="629" /><ent r="64" t="19" w="320" /><ent r="64" t="19" w="320" /><ent r="64" t="22" w="146" /><ent r="64" t="22" w="146" /><ent r="64" t="23" w="132" /><ent r="64" t="23" w="132" /><ent r="64" t="34" w="145" /><ent r="64" t="34" w="145" /><ent r="4" t="34" w="1850" /><ent r="4" t="34" w="1850" /><ent r="82" t="34" w="1958" /><ent r="82" t="34" w="1958" /><ent r="3" t="34" w="1962" /><ent r="3" t="34" w="1962" /><ent r="3" t="34" w="2001" /><ent r="3" t="34" w="2001" /><ent r="5" t="34" w="2013" /><ent r="5" t="34" w="2013" /><ent r="4" t="34" w="2020" /><ent r="4" t="34" w="2020" /><ent r="3" t="34" w="2026" /><ent r="3" t="34" w="2026" /><ent r="64" t="44" w="229" /><ent r="64" t="44" w="229" /></phr><phr n="Map"><ent r="4" t="6" w="315" /><ent r="4" t="6" w="315" /><ent r="4" t="13" w="277" /><ent r="4" t="13" w="277" /></phr><phr n="map"><ent r="3" t="12" w="174" /><ent r="3" t="12" w="174" /><ent r="3" t="13" w="55" /><ent r="3" t="13" w="55" /><ent r="3" t="13" w="248" /><ent r="3" t="13" w="248" /><ent r="4" t="13" w="312" /><ent r="4" t="13" w="312" /><ent r="4" t="13" w="344" /><ent r="4" t="13" w="344" /><ent r="3" t="13" w="361" /><ent r="3" t="13" w="361" /><ent r="64" t="17" w="292" /><ent r="64" t="17" w="292" /><ent r="64" t="17" w="519" /><ent r="64" t="17" w="519" /><ent r="4" t="17" w="591" /><ent r="4" t="17" w="591" /><ent r="4" t="19" w="237" /><ent r="4" t="19" w="237" /><ent r="5" t="34" w="491" /><ent r="5" t="34" w="551" /><ent r="4" t="34" w="585" /><ent r="3" t="34" w="1967" /><ent r="3" t="34" w="1967" /><ent r="3" t="34" w="1980" /><ent r="4" t="34" w="2004" /><ent r="4" t="34" w="2004" /><ent r="4" t="34" w="2112" /><ent r="4" t="34" w="2112" /></phr><phr n="Mappings"><ent r="5" t="14" w="368" /><ent r="5" t="14" w="368" /><ent r="4" t="14" w="376" /><ent r="4" t="14" w="376" /><ent r="4" t="42" w="266" /><ent r="4" t="42" w="266" /></phr><phr n="mappings"><ent r="3" t="17" w="842" /><ent r="4" t="27" w="157" /><ent r="4" t="27" w="157" /><ent r="6" t="32" w="599" /><ent r="5" t="34" w="2065" /><ent r="5" t="34" w="2065" /><ent r="6" t="35" w="331" /><ent r="3" t="42" w="249" /><ent r="3" t="42" w="249" /></phr><phr n="maps"><ent r="3" t="22" w="110" /><ent r="3" t="22" w="110" /></phr></stem><stem n="mapp"><phr n="Mapped"><ent r="7" t="3" w="898" /></phr><phr n="mapped"><ent r="6" t="3" w="907" /><ent r="6" t="3" w="907" /><ent r="7" t="3" w="918" /><ent r="6" t="3" w="928" /><ent r="6" t="3" w="928" /><ent r="3" t="12" w="152" /><ent r="3" t="12" w="152" /><ent r="3" t="13" w="115" /><ent r="3" t="13" w="115" /><ent r="3" t="13" w="134" /><ent r="3" t="13" w="142" /><ent r="3" t="13" w="142" /><ent r="64" t="15" w="101" /><ent r="64" t="15" w="101" /><ent r="3" t="17" w="624" /><ent r="4" t="19" w="257" /><ent r="4" t="19" w="257" /><ent r="4" t="19" w="390" /><ent r="4" t="19" w="390" /><ent r="3" t="23" w="119" /><ent r="3" t="23" w="119" /><ent r="3" t="34" w="55" /><ent r="3" t="34" w="84" /><ent r="3" t="34" w="84" /><ent r="3" t="34" w="112" /><ent r="3" t="34" w="112" /><ent r="3" t="34" w="127" /><ent r="3" t="34" w="127" /><ent r="4" t="34" w="454" /><ent r="4" t="34" w="454" /><ent r="4" t="34" w="506" /><ent r="4" t="34" w="506" /><ent r="4" t="34" w="566" /><ent r="4" t="34" w="566" /><ent r="3" t="34" w="602" /><ent r="3" t="34" w="899" /><ent r="3" t="34" w="899" /><ent r="3" t="34" w="1605" /><ent r="3" t="34" w="1605" /><ent r="4" t="34" w="2037" /><ent r="3" t="44" w="216" /><ent r="3" t="44" w="216" /></phr><phr n="mapping"><ent r="6" t="3" w="939" /><ent r="6" t="3" w="956" /><ent r="100" t="13" w="12" /><ent r="100" t="13" w="12" /><ent r="100" t="13" w="16" /><ent r="100" t="13" w="16" /><ent r="3" t="13" w="64" /><ent r="3" t="13" w="64" /><ent r="3" t="13" w="327" /><ent r="3" t="13" w="327" /><ent r="4" t="17" w="588" /><ent r="4" t="17" w="588" /><ent r="3" t="17" w="608" /><ent r="4" t="19" w="274" /><ent r="4" t="19" w="274" /><ent r="4" t="19" w="289" /><ent r="4" t="19" w="289" /><ent r="3" t="22" w="126" /><ent r="3" t="22" w="126" /><ent r="4" t="27" w="420" /><ent r="4" t="27" w="420" /><ent r="3" t="27" w="511" /><ent r="3" t="27" w="511" /><ent r="4" t="34" w="2095" /><ent r="4" t="34" w="2095" /><ent r="3" t="34" w="2125" /><ent r="3" t="34" w="2125" /><ent r="6" t="35" w="378" /></phr><phr n="Mapping"><ent r="67" t="3" w="966" /><ent r="67" t="3" w="966" /><ent r="64" t="6" w="340" /><ent r="64" t="6" w="340" /><ent r="64" t="12" w="192" /><ent r="64" t="12" w="192" /><ent r="65" t="12" w="348" /><ent r="65" t="12" w="348" /><ent r="1000" t="13" w="1" /><ent r="1000" t="13" w="1" /><ent r="100" t="13" w="18" /><ent r="100" t="13" w="18" /><ent r="102" t="13" w="26" /><ent r="102" t="13" w="26" /><ent r="65" t="17" w="598" /><ent r="65" t="17" w="598" /><ent r="64" t="17" w="629" /><ent r="64" t="17" w="629" /><ent r="64" t="19" w="320" /><ent r="64" t="19" w="320" /><ent r="64" t="22" w="146" /><ent r="64" t="22" w="146" /><ent r="64" t="23" w="132" /><ent r="64" t="23" w="132" /><ent r="64" t="34" w="145" /><ent r="64" t="34" w="145" /><ent r="4" t="34" w="1850" /><ent r="4" t="34" w="1850" /><ent r="82" t="34" w="1958" /><ent r="82" t="34" w="1958" /><ent r="3" t="34" w="1962" /><ent r="3" t="34" w="1962" /><ent r="3" t="34" w="2001" /><ent r="3" t="34" w="2001" /><ent r="5" t="34" w="2013" /><ent r="5" t="34" w="2013" /><ent r="4" t="34" w="2020" /><ent r="4" t="34" w="2020" /><ent r="3" t="34" w="2026" /><ent r="3" t="34" w="2026" /><ent r="64" t="44" w="229" /><ent r="64" t="44" w="229" /></phr><phr n="Mappings"><ent r="5" t="14" w="368" /><ent r="5" t="14" w="368" /><ent r="4" t="14" w="376" /><ent r="4" t="14" w="376" /><ent r="4" t="42" w="266" /><ent r="4" t="42" w="266" /></phr><phr n="mappings"><ent r="3" t="17" w="842" /><ent r="4" t="27" w="157" /><ent r="4" t="27" w="157" /><ent r="6" t="32" w="599" /><ent r="5" t="34" w="2065" /><ent r="5" t="34" w="2065" /><ent r="6" t="35" w="331" /><ent r="3" t="42" w="249" /><ent r="3" t="42" w="249" /></phr></stem><stem n="mappe"><phr n="Mapped"><ent r="7" t="3" w="898" /></phr><phr n="mapped"><ent r="6" t="3" w="907" /><ent r="6" t="3" w="907" /><ent r="7" t="3" w="918" /><ent r="6" t="3" w="928" /><ent r="6" t="3" w="928" /><ent r="3" t="12" w="152" /><ent r="3" t="12" w="152" /><ent r="3" t="13" w="115" /><ent r="3" t="13" w="115" /><ent r="3" t="13" w="134" /><ent r="3" t="13" w="142" /><ent r="3" t="13" w="142" /><ent r="64" t="15" w="101" /><ent r="64" t="15" w="101" /><ent r="3" t="17" w="624" /><ent r="4" t="19" w="257" /><ent r="4" t="19" w="257" /><ent r="4" t="19" w="390" /><ent r="4" t="19" w="390" /><ent r="3" t="23" w="119" /><ent r="3" t="23" w="119" /><ent r="3" t="34" w="55" /><ent r="3" t="34" w="84" /><ent r="3" t="34" w="84" /><ent r="3" t="34" w="112" /><ent r="3" t="34" w="112" /><ent r="3" t="34" w="127" /><ent r="3" t="34" w="127" /><ent r="4" t="34" w="454" /><ent r="4" t="34" w="454" /><ent r="4" t="34" w="506" /><ent r="4" t="34" w="506" /><ent r="4" t="34" w="566" /><ent r="4" t="34" w="566" /><ent r="3" t="34" w="602" /><ent r="3" t="34" w="899" /><ent r="3" t="34" w="899" /><ent r="3" t="34" w="1605" /><ent r="3" t="34" w="1605" /><ent r="4" t="34" w="2037" /><ent r="3" t="44" w="216" /><ent r="3" t="44" w="216" /></phr></stem><stem n="apped"><phr n="Mapped"><ent r="7" t="3" w="898" /></phr><phr n="mapped"><ent r="6" t="3" w="907" /><ent r="6" t="3" w="907" /><ent r="7" t="3" w="918" /><ent r="6" t="3" w="928" /><ent r="6" t="3" w="928" /><ent r="3" t="12" w="152" /><ent r="3" t="12" w="152" /><ent r="3" t="13" w="115" /><ent r="3" t="13" w="115" /><ent r="3" t="13" w="134" /><ent r="3" t="13" w="142" /><ent r="3" t="13" w="142" /><ent r="64" t="15" w="101" /><ent r="64" t="15" w="101" /><ent r="3" t="17" w="624" /><ent r="4" t="19" w="257" /><ent r="4" t="19" w="257" /><ent r="4" t="19" w="390" /><ent r="4" t="19" w="390" /><ent r="3" t="23" w="119" /><ent r="3" t="23" w="119" /><ent r="3" t="34" w="55" /><ent r="3" t="34" w="84" /><ent r="3" t="34" w="84" /><ent r="3" t="34" w="112" /><ent r="3" t="34" w="112" /><ent r="3" t="34" w="127" /><ent r="3" t="34" w="127" /><ent r="4" t="34" w="454" /><ent r="4" t="34" w="454" /><ent r="4" t="34" w="506" /><ent r="4" t="34" w="506" /><ent r="4" t="34" w="566" /><ent r="4" t="34" w="566" /><ent r="3" t="34" w="602" /><ent r="3" t="34" w="899" /><ent r="3" t="34" w="899" /><ent r="3" t="34" w="1605" /><ent r="3" t="34" w="1605" /><ent r="4" t="34" w="2037" /><ent r="3" t="44" w="216" /><ent r="3" t="44" w="216" /></phr></stem><stem n="mapped"><phr n="Mapped"><ent r="7" t="3" w="898" /></phr><phr n="mapped"><ent r="6" t="3" w="907" /><ent r="6" t="3" w="907" /><ent r="7" t="3" w="918" /><ent r="6" t="3" w="928" /><ent r="6" t="3" w="928" /><ent r="3" t="12" w="152" /><ent r="3" t="12" w="152" /><ent r="3" t="13" w="115" /><ent r="3" t="13" w="115" /><ent r="3" t="13" w="134" /><ent r="3" t="13" w="142" /><ent r="3" t="13" w="142" /><ent r="64" t="15" w="101" /><ent r="64" t="15" w="101" /><ent r="3" t="17" w="624" /><ent r="4" t="19" w="257" /><ent r="4" t="19" w="257" /><ent r="4" t="19" w="390" /><ent r="4" t="19" w="390" /><ent r="3" t="23" w="119" /><ent r="3" t="23" w="119" /><ent r="3" t="34" w="55" /><ent r="3" t="34" w="84" /><ent r="3" t="34" w="84" /><ent r="3" t="34" w="112" /><ent r="3" t="34" w="112" /><ent r="3" t="34" w="127" /><ent r="3" t="34" w="127" /><ent r="4" t="34" w="454" /><ent r="4" t="34" w="454" /><ent r="4" t="34" w="506" /><ent r="4" t="34" w="506" /><ent r="4" t="34" w="566" /><ent r="4" t="34" w="566" /><ent r="3" t="34" w="602" /><ent r="3" t="34" w="899" /><ent r="3" t="34" w="899" /><ent r="3" t="34" w="1605" /><ent r="3" t="34" w="1605" /><ent r="4" t="34" w="2037" /><ent r="3" t="44" w="216" /><ent r="3" t="44" w="216" /></phr></stem><stem n="without"><phr n="Without"><ent r="6" t="3" w="937" /><ent r="6" t="3" w="937" /><ent r="4" t="6" w="131" /><ent r="4" t="6" w="131" /><ent r="4" t="19" w="368" /><ent r="4" t="19" w="368" /></phr><phr n="without"><ent r="3" t="13" w="70" /><ent r="3" t="13" w="70" /><ent r="3" t="23" w="100" /><ent r="3" t="23" w="100" /><ent r="3" t="31" w="1578" /><ent r="3" t="31" w="1578" /><ent r="3" t="44" w="197" /><ent r="3" t="44" w="197" /></phr></stem><stem n="itho"><phr n="Without"><ent r="6" t="3" w="937" /><ent r="6" t="3" w="937" /><ent r="4" t="6" w="131" /><ent r="4" t="6" w="131" /><ent r="4" t="19" w="368" /><ent r="4" t="19" w="368" /></phr><phr n="without"><ent r="3" t="13" w="70" /><ent r="3" t="13" w="70" /><ent r="3" t="23" w="100" /><ent r="3" t="23" w="100" /><ent r="3" t="31" w="1578" /><ent r="3" t="31" w="1578" /><ent r="3" t="44" w="197" /><ent r="3" t="44" w="197" /></phr></stem><stem n="thou"><phr n="Without"><ent r="6" t="3" w="937" /><ent r="6" t="3" w="937" /><ent r="4" t="6" w="131" /><ent r="4" t="6" w="131" /><ent r="4" t="19" w="368" /><ent r="4" t="19" w="368" /></phr><phr n="Though"><ent r="4" t="6" w="185" /><ent r="4" t="6" w="185" /></phr><phr n="without"><ent r="3" t="13" w="70" /><ent r="3" t="13" w="70" /><ent r="3" t="23" w="100" /><ent r="3" t="23" w="100" /><ent r="3" t="31" w="1578" /><ent r="3" t="31" w="1578" /><ent r="3" t="44" w="197" /><ent r="3" t="44" w="197" /></phr><phr n="though"><ent r="4" t="34" w="1747" /><ent r="4" t="34" w="1747" /></phr></stem><stem n="hout"><phr n="Without"><ent r="6" t="3" w="937" /><ent r="6" t="3" w="937" /><ent r="4" t="6" w="131" /><ent r="4" t="6" w="131" /><ent r="4" t="19" w="368" /><ent r="4" t="19" w="368" /></phr><phr n="without"><ent r="3" t="13" w="70" /><ent r="3" t="13" w="70" /><ent r="3" t="23" w="100" /><ent r="3" t="23" w="100" /><ent r="3" t="31" w="1578" /><ent r="3" t="31" w="1578" /><ent r="3" t="44" w="197" /><ent r="3" t="44" w="197" /></phr></stem><stem n="witho"><phr n="Without"><ent r="6" t="3" w="937" /><ent r="6" t="3" w="937" /><ent r="4" t="6" w="131" /><ent r="4" t="6" w="131" /><ent r="4" t="19" w="368" /><ent r="4" t="19" w="368" /></phr><phr n="without"><ent r="3" t="13" w="70" /><ent r="3" t="13" w="70" /><ent r="3" t="23" w="100" /><ent r="3" t="23" w="100" /><ent r="3" t="31" w="1578" /><ent r="3" t="31" w="1578" /><ent r="3" t="44" w="197" /><ent r="3" t="44" w="197" /></phr></stem><stem n="ithou"><phr n="Without"><ent r="6" t="3" w="937" /><ent r="6" t="3" w="937" /><ent r="4" t="6" w="131" /><ent r="4" t="6" w="131" /><ent r="4" t="19" w="368" /><ent r="4" t="19" w="368" /></phr><phr n="without"><ent r="3" t="13" w="70" /><ent r="3" t="13" w="70" /><ent r="3" t="23" w="100" /><ent r="3" t="23" w="100" /><ent r="3" t="31" w="1578" /><ent r="3" t="31" w="1578" /><ent r="3" t="44" w="197" /><ent r="3" t="44" w="197" /></phr></stem><stem n="thout"><phr n="Without"><ent r="6" t="3" w="937" /><ent r="6" t="3" w="937" /><ent r="4" t="6" w="131" /><ent r="4" t="6" w="131" /><ent r="4" t="19" w="368" /><ent r="4" t="19" w="368" /></phr><phr n="without"><ent r="3" t="13" w="70" /><ent r="3" t="13" w="70" /><ent r="3" t="23" w="100" /><ent r="3" t="23" w="100" /><ent r="3" t="31" w="1578" /><ent r="3" t="31" w="1578" /><ent r="3" t="44" w="197" /><ent r="3" t="44" w="197" /></phr></stem><stem n="withou"><phr n="Without"><ent r="6" t="3" w="937" /><ent r="6" t="3" w="937" /><ent r="4" t="6" w="131" /><ent r="4" t="6" w="131" /><ent r="4" t="19" w="368" /><ent r="4" t="19" w="368" /></phr><phr n="without"><ent r="3" t="13" w="70" /><ent r="3" t="13" w="70" /><ent r="3" t="23" w="100" /><ent r="3" t="23" w="100" /><ent r="3" t="31" w="1578" /><ent r="3" t="31" w="1578" /><ent r="3" t="44" w="197" /><ent r="3" t="44" w="197" /></phr></stem><stem n="ithout"><phr n="Without"><ent r="6" t="3" w="937" /><ent r="6" t="3" w="937" /><ent r="4" t="6" w="131" /><ent r="4" t="6" w="131" /><ent r="4" t="19" w="368" /><ent r="4" t="19" w="368" /></phr><phr n="without"><ent r="3" t="13" w="70" /><ent r="3" t="13" w="70" /><ent r="3" t="23" w="100" /><ent r="3" t="23" w="100" /><ent r="3" t="31" w="1578" /><ent r="3" t="31" w="1578" /><ent r="3" t="44" w="197" /><ent r="3" t="44" w="197" /></phr></stem><stem n="appi"><phr n="mapping"><ent r="6" t="3" w="939" /><ent r="6" t="3" w="956" /><ent r="100" t="13" w="12" /><ent r="100" t="13" w="12" /><ent r="100" t="13" w="16" /><ent r="100" t="13" w="16" /><ent r="3" t="13" w="64" /><ent r="3" t="13" w="64" /><ent r="3" t="13" w="327" /><ent r="3" t="13" w="327" /><ent r="4" t="17" w="588" /><ent r="4" t="17" w="588" /><ent r="3" t="17" w="608" /><ent r="4" t="19" w="274" /><ent r="4" t="19" w="274" /><ent r="4" t="19" w="289" /><ent r="4" t="19" w="289" /><ent r="3" t="22" w="126" /><ent r="3" t="22" w="126" /><ent r="4" t="27" w="420" /><ent r="4" t="27" w="420" /><ent r="3" t="27" w="511" /><ent r="3" t="27" w="511" /><ent r="4" t="34" w="2095" /><ent r="4" t="34" w="2095" /><ent r="3" t="34" w="2125" /><ent r="3" t="34" w="2125" /><ent r="6" t="35" w="378" /></phr><phr n="Mapping"><ent r="67" t="3" w="966" /><ent r="67" t="3" w="966" /><ent r="64" t="6" w="340" /><ent r="64" t="6" w="340" /><ent r="64" t="12" w="192" /><ent r="64" t="12" w="192" /><ent r="65" t="12" w="348" /><ent r="65" t="12" w="348" /><ent r="1000" t="13" w="1" /><ent r="1000" t="13" w="1" /><ent r="100" t="13" w="18" /><ent r="100" t="13" w="18" /><ent r="102" t="13" w="26" /><ent r="102" t="13" w="26" /><ent r="65" t="17" w="598" /><ent r="65" t="17" w="598" /><ent r="64" t="17" w="629" /><ent r="64" t="17" w="629" /><ent r="64" t="19" w="320" /><ent r="64" t="19" w="320" /><ent r="64" t="22" w="146" /><ent r="64" t="22" w="146" /><ent r="64" t="23" w="132" /><ent r="64" t="23" w="132" /><ent r="64" t="34" w="145" /><ent r="64" t="34" w="145" /><ent r="4" t="34" w="1850" /><ent r="4" t="34" w="1850" /><ent r="82" t="34" w="1958" /><ent r="82" t="34" w="1958" /><ent r="3" t="34" w="1962" /><ent r="3" t="34" w="1962" /><ent r="3" t="34" w="2001" /><ent r="3" t="34" w="2001" /><ent r="5" t="34" w="2013" /><ent r="5" t="34" w="2013" /><ent r="4" t="34" w="2020" /><ent r="4" t="34" w="2020" /><ent r="3" t="34" w="2026" /><ent r="3" t="34" w="2026" /><ent r="64" t="44" w="229" /><ent r="64" t="44" w="229" /></phr><phr n="Mappings"><ent r="5" t="14" w="368" /><ent r="5" t="14" w="368" /><ent r="4" t="14" w="376" /><ent r="4" t="14" w="376" /><ent r="4" t="42" w="266" /><ent r="4" t="42" w="266" /></phr><phr n="mappings"><ent r="3" t="17" w="842" /><ent r="4" t="27" w="157" /><ent r="4" t="27" w="157" /><ent r="6" t="32" w="599" /><ent r="5" t="34" w="2065" /><ent r="5" t="34" w="2065" /><ent r="6" t="35" w="331" /><ent r="3" t="42" w="249" /><ent r="3" t="42" w="249" /></phr></stem><stem n="ppin"><phr n="mapping"><ent r="6" t="3" w="939" /><ent r="6" t="3" w="956" /><ent r="100" t="13" w="12" /><ent r="100" t="13" w="12" /><ent r="100" t="13" w="16" /><ent r="100" t="13" w="16" /><ent r="3" t="13" w="64" /><ent r="3" t="13" w="64" /><ent r="3" t="13" w="327" /><ent r="3" t="13" w="327" /><ent r="4" t="17" w="588" /><ent r="4" t="17" w="588" /><ent r="3" t="17" w="608" /><ent r="4" t="19" w="274" /><ent r="4" t="19" w="274" /><ent r="4" t="19" w="289" /><ent r="4" t="19" w="289" /><ent r="3" t="22" w="126" /><ent r="3" t="22" w="126" /><ent r="4" t="27" w="420" /><ent r="4" t="27" w="420" /><ent r="3" t="27" w="511" /><ent r="3" t="27" w="511" /><ent r="4" t="34" w="2095" /><ent r="4" t="34" w="2095" /><ent r="3" t="34" w="2125" /><ent r="3" t="34" w="2125" /><ent r="6" t="35" w="378" /></phr><phr n="Mapping"><ent r="67" t="3" w="966" /><ent r="67" t="3" w="966" /><ent r="64" t="6" w="340" /><ent r="64" t="6" w="340" /><ent r="64" t="12" w="192" /><ent r="64" t="12" w="192" /><ent r="65" t="12" w="348" /><ent r="65" t="12" w="348" /><ent r="1000" t="13" w="1" /><ent r="1000" t="13" w="1" /><ent r="100" t="13" w="18" /><ent r="100" t="13" w="18" /><ent r="102" t="13" w="26" /><ent r="102" t="13" w="26" /><ent r="65" t="17" w="598" /><ent r="65" t="17" w="598" /><ent r="64" t="17" w="629" /><ent r="64" t="17" w="629" /><ent r="64" t="19" w="320" /><ent r="64" t="19" w="320" /><ent r="64" t="22" w="146" /><ent r="64" t="22" w="146" /><ent r="64" t="23" w="132" /><ent r="64" t="23" w="132" /><ent r="64" t="34" w="145" /><ent r="64" t="34" w="145" /><ent r="4" t="34" w="1850" /><ent r="4" t="34" w="1850" /><ent r="82" t="34" w="1958" /><ent r="82" t="34" w="1958" /><ent r="3" t="34" w="1962" /><ent r="3" t="34" w="1962" /><ent r="3" t="34" w="2001" /><ent r="3" t="34" w="2001" /><ent r="5" t="34" w="2013" /><ent r="5" t="34" w="2013" /><ent r="4" t="34" w="2020" /><ent r="4" t="34" w="2020" /><ent r="3" t="34" w="2026" /><ent r="3" t="34" w="2026" /><ent r="64" t="44" w="229" /><ent r="64" t="44" w="229" /></phr><phr n="stopping"><ent r="4" t="4" w="229" /><ent r="4" t="4" w="229" /><ent r="100" t="32" w="14" /><ent r="100" t="32" w="14" /><ent r="7" t="38" w="287" /><ent r="7" t="38" w="287" /></phr><phr n="Mappings"><ent r="5" t="14" w="368" /><ent r="5" t="14" w="368" /><ent r="4" t="14" w="376" /><ent r="4" t="14" w="376" /><ent r="4" t="42" w="266" /><ent r="4" t="42" w="266" /></phr><phr n="mappings"><ent r="3" t="17" w="842" /><ent r="4" t="27" w="157" /><ent r="4" t="27" w="157" /><ent r="6" t="32" w="599" /><ent r="5" t="34" w="2065" /><ent r="5" t="34" w="2065" /><ent r="6" t="35" w="331" /><ent r="3" t="42" w="249" /><ent r="3" t="42" w="249" /></phr><phr n="STOPPING"><ent r="7" t="31" w="307" /></phr><phr n="Stopping"><ent r="100" t="32" w="19" /><ent r="100" t="32" w="19" /></phr></stem><stem n="ping"><phr n="mapping"><ent r="6" t="3" w="939" /><ent r="6" t="3" w="956" /><ent r="100" t="13" w="12" /><ent r="100" t="13" w="12" /><ent r="100" t="13" w="16" /><ent r="100" t="13" w="16" /><ent r="3" t="13" w="64" /><ent r="3" t="13" w="64" /><ent r="3" t="13" w="327" /><ent r="3" t="13" w="327" /><ent r="4" t="17" w="588" /><ent r="4" t="17" w="588" /><ent r="3" t="17" w="608" /><ent r="4" t="19" w="274" /><ent r="4" t="19" w="274" /><ent r="4" t="19" w="289" /><ent r="4" t="19" w="289" /><ent r="3" t="22" w="126" /><ent r="3" t="22" w="126" /><ent r="4" t="27" w="420" /><ent r="4" t="27" w="420" /><ent r="3" t="27" w="511" /><ent r="3" t="27" w="511" /><ent r="4" t="34" w="2095" /><ent r="4" t="34" w="2095" /><ent r="3" t="34" w="2125" /><ent r="3" t="34" w="2125" /><ent r="6" t="35" w="378" /></phr><phr n="Mapping"><ent r="67" t="3" w="966" /><ent r="67" t="3" w="966" /><ent r="64" t="6" w="340" /><ent r="64" t="6" w="340" /><ent r="64" t="12" w="192" /><ent r="64" t="12" w="192" /><ent r="65" t="12" w="348" /><ent r="65" t="12" w="348" /><ent r="1000" t="13" w="1" /><ent r="1000" t="13" w="1" /><ent r="100" t="13" w="18" /><ent r="100" t="13" w="18" /><ent r="102" t="13" w="26" /><ent r="102" t="13" w="26" /><ent r="65" t="17" w="598" /><ent r="65" t="17" w="598" /><ent r="64" t="17" w="629" /><ent r="64" t="17" w="629" /><ent r="64" t="19" w="320" /><ent r="64" t="19" w="320" /><ent r="64" t="22" w="146" /><ent r="64" t="22" w="146" /><ent r="64" t="23" w="132" /><ent r="64" t="23" w="132" /><ent r="64" t="34" w="145" /><ent r="64" t="34" w="145" /><ent r="4" t="34" w="1850" /><ent r="4" t="34" w="1850" /><ent r="82" t="34" w="1958" /><ent r="82" t="34" w="1958" /><ent r="3" t="34" w="1962" /><ent r="3" t="34" w="1962" /><ent r="3" t="34" w="2001" /><ent r="3" t="34" w="2001" /><ent r="5" t="34" w="2013" /><ent r="5" t="34" w="2013" /><ent r="4" t="34" w="2020" /><ent r="4" t="34" w="2020" /><ent r="3" t="34" w="2026" /><ent r="3" t="34" w="2026" /><ent r="64" t="44" w="229" /><ent r="64" t="44" w="229" /></phr><phr n="housekeeping"><ent r="4" t="4" w="224" /><ent r="7" t="38" w="282" /></phr><phr n="stopping"><ent r="4" t="4" w="229" /><ent r="4" t="4" w="229" /><ent r="100" t="32" w="14" /><ent r="100" t="32" w="14" /><ent r="7" t="38" w="287" /><ent r="7" t="38" w="287" /></phr><phr n="Mappings"><ent r="5" t="14" w="368" /><ent r="5" t="14" w="368" /><ent r="4" t="14" w="376" /><ent r="4" t="14" w="376" /><ent r="4" t="42" w="266" /><ent r="4" t="42" w="266" /></phr><phr n="mappings"><ent r="3" t="17" w="842" /><ent r="4" t="27" w="157" /><ent r="4" t="27" w="157" /><ent r="6" t="32" w="599" /><ent r="5" t="34" w="2065" /><ent r="5" t="34" w="2065" /><ent r="6" t="35" w="331" /><ent r="3" t="42" w="249" /><ent r="3" t="42" w="249" /></phr><phr n="Grouping"><ent r="65" t="26" w="544" /><ent r="65" t="26" w="544" /><ent r="1000" t="27" w="1" /><ent r="1000" t="27" w="1" /><ent r="102" t="27" w="7" /><ent r="102" t="27" w="7" /><ent r="100" t="27" w="13" /><ent r="100" t="27" w="13" /><ent r="3" t="27" w="85" /><ent r="3" t="27" w="85" /><ent r="4" t="27" w="359" /><ent r="4" t="27" w="359" /><ent r="5" t="27" w="364" /><ent r="5" t="27" w="364" /><ent r="8" t="36" w="882" /><ent r="8" t="36" w="882" /><ent r="68" t="36" w="915" /><ent r="68" t="36" w="915" /></phr><phr n="groupings"><ent r="3" t="26" w="554" /><ent r="3" t="26" w="554" /><ent r="3" t="27" w="274" /><ent r="3" t="27" w="274" /><ent r="4" t="27" w="453" /><ent r="4" t="27" w="453" /><ent r="4" t="27" w="491" /><ent r="4" t="27" w="491" /><ent r="7" t="36" w="892" /><ent r="7" t="36" w="892" /><ent r="7" t="36" w="1154" /><ent r="7" t="36" w="1154" /><ent r="7" t="36" w="1176" /><ent r="7" t="36" w="1176" /></phr><phr n="grouping"><ent r="3" t="27" w="46" /><ent r="3" t="27" w="46" /><ent r="3" t="27" w="110" /><ent r="3" t="27" w="110" /><ent r="4" t="27" w="218" /><ent r="4" t="27" w="218" /><ent r="4" t="27" w="337" /><ent r="4" t="27" w="337" /><ent r="4" t="27" w="430" /><ent r="4" t="27" w="430" /><ent r="4" t="27" w="467" /><ent r="4" t="27" w="467" /><ent r="4" t="27" w="723" /><ent r="4" t="27" w="723" /><ent r="4" t="27" w="882" /><ent r="4" t="27" w="882" /><ent r="4" t="27" w="913" /><ent r="4" t="27" w="913" /><ent r="4" t="27" w="943" /><ent r="4" t="27" w="943" /></phr><phr n="STOPPING"><ent r="7" t="31" w="307" /></phr><phr n="Stopping"><ent r="100" t="32" w="19" /><ent r="100" t="32" w="19" /></phr></stem></index>