<?xml version="1.0" encoding="utf-8"?><index><stem n="odes"><phr n="nodes"><ent r="3" t="3" w="42" /><ent r="3" t="3" w="42" /><ent r="3" t="3" w="129" /><ent r="3" t="3" w="129" /><ent r="4" t="3" w="399" /><ent r="4" t="3" w="399" /><ent r="4" t="3" w="435" /><ent r="4" t="3" w="435" /><ent r="6" t="3" w="516" /><ent r="6" t="3" w="516" /><ent r="6" t="3" w="534" /><ent r="6" t="3" w="534" /><ent r="7" t="3" w="1382" /><ent r="7" t="3" w="1382" /><ent r="7" t="3" w="1395" /><ent r="7" t="3" w="1395" /><ent r="100" t="9" w="22" /><ent r="100" t="9" w="22" /><ent r="4" t="9" w="381" /><ent r="4" t="9" w="381" /><ent r="3" t="9" w="389" /><ent r="3" t="9" w="389" /><ent r="5" t="10" w="84" /><ent r="5" t="10" w="84" /><ent r="4" t="11" w="185" /><ent r="4" t="11" w="406" /><ent r="4" t="11" w="406" /><ent r="3" t="12" w="61" /><ent r="3" t="12" w="61" /><ent r="3" t="12" w="417" /><ent r="3" t="12" w="417" /><ent r="3" t="15" w="37" /><ent r="3" t="15" w="37" /><ent r="7" t="15" w="693" /><ent r="7" t="15" w="693" /><ent r="3" t="31" w="32" /><ent r="3" t="31" w="32" /><ent r="4" t="31" w="76" /><ent r="3" t="31" w="895" /><ent r="3" t="31" w="895" /><ent r="4" t="31" w="948" /><ent r="4" t="31" w="948" /><ent r="3" t="32" w="49" /><ent r="3" t="44" w="73" /><ent r="3" t="44" w="73" /><ent r="4" t="44" w="110" /><ent r="4" t="44" w="110" /><ent r="4" t="44" w="151" /><ent r="4" t="44" w="151" /></phr><phr n="Nodes"><ent r="65" t="3" w="248" /><ent r="65" t="3" w="248" /><ent r="5" t="3" w="392" /><ent r="65" t="3" w="471" /><ent r="65" t="3" w="471" /><ent r="67" t="3" w="877" /><ent r="67" t="3" w="877" /><ent r="64" t="6" w="215" /><ent r="64" t="6" w="215" /><ent r="65" t="7" w="99" /><ent r="65" t="7" w="99" /><ent r="64" t="8" w="236" /><ent r="64" t="8" w="236" /><ent r="1000" t="9" w="5" /><ent r="1000" t="9" w="5" /><ent r="100" t="9" w="11" /><ent r="100" t="9" w="11" /><ent r="102" t="9" w="28" /><ent r="102" t="9" w="28" /><ent r="1000" t="10" w="4" /><ent r="1000" t="10" w="4" /><ent r="102" t="10" w="9" /><ent r="102" t="10" w="9" /><ent r="100" t="10" w="14" /><ent r="100" t="10" w="14" /><ent r="64" t="11" w="86" /><ent r="64" t="11" w="86" /><ent r="4" t="22" w="50" /><ent r="4" t="22" w="50" /><ent r="64" t="31" w="977" /><ent r="64" t="31" w="977" /><ent r="3" t="32" w="79" /><ent r="5" t="44" w="135" /><ent r="6" t="44" w="466" /><ent r="6" t="44" w="506" /></phr></stem><stem n="nodes"><phr n="nodes"><ent r="3" t="3" w="42" /><ent r="3" t="3" w="42" /><ent r="3" t="3" w="129" /><ent r="3" t="3" w="129" /><ent r="4" t="3" w="399" /><ent r="4" t="3" w="399" /><ent r="4" t="3" w="435" /><ent r="4" t="3" w="435" /><ent r="6" t="3" w="516" /><ent r="6" t="3" w="516" /><ent r="6" t="3" w="534" /><ent r="6" t="3" w="534" /><ent r="7" t="3" w="1382" /><ent r="7" t="3" w="1382" /><ent r="7" t="3" w="1395" /><ent r="7" t="3" w="1395" /><ent r="100" t="9" w="22" /><ent r="100" t="9" w="22" /><ent r="4" t="9" w="381" /><ent r="4" t="9" w="381" /><ent r="3" t="9" w="389" /><ent r="3" t="9" w="389" /><ent r="5" t="10" w="84" /><ent r="5" t="10" w="84" /><ent r="4" t="11" w="185" /><ent r="4" t="11" w="406" /><ent r="4" t="11" w="406" /><ent r="3" t="12" w="61" /><ent r="3" t="12" w="61" /><ent r="3" t="12" w="417" /><ent r="3" t="12" w="417" /><ent r="3" t="15" w="37" /><ent r="3" t="15" w="37" /><ent r="7" t="15" w="693" /><ent r="7" t="15" w="693" /><ent r="3" t="31" w="32" /><ent r="3" t="31" w="32" /><ent r="4" t="31" w="76" /><ent r="3" t="31" w="895" /><ent r="3" t="31" w="895" /><ent r="4" t="31" w="948" /><ent r="4" t="31" w="948" /><ent r="3" t="32" w="49" /><ent r="3" t="44" w="73" /><ent r="3" t="44" w="73" /><ent r="4" t="44" w="110" /><ent r="4" t="44" w="110" /><ent r="4" t="44" w="151" /><ent r="4" t="44" w="151" /></phr><phr n="Nodes"><ent r="65" t="3" w="248" /><ent r="65" t="3" w="248" /><ent r="5" t="3" w="392" /><ent r="65" t="3" w="471" /><ent r="65" t="3" w="471" /><ent r="67" t="3" w="877" /><ent r="67" t="3" w="877" /><ent r="64" t="6" w="215" /><ent r="64" t="6" w="215" /><ent r="65" t="7" w="99" /><ent r="65" t="7" w="99" /><ent r="64" t="8" w="236" /><ent r="64" t="8" w="236" /><ent r="1000" t="9" w="5" /><ent r="1000" t="9" w="5" /><ent r="100" t="9" w="11" /><ent r="100" t="9" w="11" /><ent r="102" t="9" w="28" /><ent r="102" t="9" w="28" /><ent r="1000" t="10" w="4" /><ent r="1000" t="10" w="4" /><ent r="102" t="10" w="9" /><ent r="102" t="10" w="9" /><ent r="100" t="10" w="14" /><ent r="100" t="10" w="14" /><ent r="64" t="11" w="86" /><ent r="64" t="11" w="86" /><ent r="4" t="22" w="50" /><ent r="4" t="22" w="50" /><ent r="64" t="31" w="977" /><ent r="64" t="31" w="977" /><ent r="3" t="32" w="79" /><ent r="5" t="44" w="135" /><ent r="6" t="44" w="466" /><ent r="6" t="44" w="506" /></phr></stem><stem n="plu"><phr n="plus"><ent r="3" t="3" w="51" /><ent r="3" t="3" w="51" /><ent r="4" t="27" w="417" /><ent r="4" t="27" w="417" /></phr></stem><stem n="rtan"><phr n="important"><ent r="3" t="3" w="53" /><ent r="3" t="3" w="53" /><ent r="6" t="6" w="329" /><ent r="6" t="6" w="329" /><ent r="3" t="13" w="68" /><ent r="3" t="13" w="68" /><ent r="4" t="19" w="249" /><ent r="3" t="34" w="423" /><ent r="3" t="34" w="423" /></phr><phr n="IMPORTANT"><ent r="4" t="17" w="162" /></phr><phr n="importance"><ent r="3" t="22" w="104" /><ent r="3" t="22" w="104" /></phr></stem><stem n="tant"><phr n="important"><ent r="3" t="3" w="53" /><ent r="3" t="3" w="53" /><ent r="6" t="6" w="329" /><ent r="6" t="6" w="329" /><ent r="3" t="13" w="68" /><ent r="3" t="13" w="68" /><ent r="4" t="19" w="249" /><ent r="3" t="34" w="423" /><ent r="3" t="34" w="423" /></phr><phr n="constantly"><ent r="4" t="4" w="211" /><ent r="4" t="4" w="211" /><ent r="7" t="38" w="269" /><ent r="7" t="38" w="269" /></phr><phr n="IMPORTANT"><ent r="4" t="17" w="162" /></phr></stem><stem n="orta"><phr n="important"><ent r="3" t="3" w="53" /><ent r="3" t="3" w="53" /><ent r="6" t="6" w="329" /><ent r="6" t="6" w="329" /><ent r="3" t="13" w="68" /><ent r="3" t="13" w="68" /><ent r="4" t="19" w="249" /><ent r="3" t="34" w="423" /><ent r="3" t="34" w="423" /></phr><phr n="IMPORTANT"><ent r="4" t="17" w="162" /></phr><phr n="importance"><ent r="3" t="22" w="104" /><ent r="3" t="22" w="104" /></phr></stem><stem n="porta"><phr n="important"><ent r="3" t="3" w="53" /><ent r="3" t="3" w="53" /><ent r="6" t="6" w="329" /><ent r="6" t="6" w="329" /><ent r="3" t="13" w="68" /><ent r="3" t="13" w="68" /><ent r="4" t="19" w="249" /><ent r="3" t="34" w="423" /><ent r="3" t="34" w="423" /></phr><phr n="IMPORTANT"><ent r="4" t="17" w="162" /></phr><phr n="importance"><ent r="3" t="22" w="104" /><ent r="3" t="22" w="104" /></phr></stem><stem n="ortan"><phr n="important"><ent r="3" t="3" w="53" /><ent r="3" t="3" w="53" /><ent r="6" t="6" w="329" /><ent r="6" t="6" w="329" /><ent r="3" t="13" w="68" /><ent r="3" t="13" w="68" /><ent r="4" t="19" w="249" /><ent r="3" t="34" w="423" /><ent r="3" t="34" w="423" /></phr><phr n="IMPORTANT"><ent r="4" t="17" w="162" /></phr><phr n="importance"><ent r="3" t="22" w="104" /><ent r="3" t="22" w="104" /></phr></stem><stem n="rtant"><phr n="important"><ent r="3" t="3" w="53" /><ent r="3" t="3" w="53" /><ent r="6" t="6" w="329" /><ent r="6" t="6" w="329" /><ent r="3" t="13" w="68" /><ent r="3" t="13" w="68" /><ent r="4" t="19" w="249" /><ent r="3" t="34" w="423" /><ent r="3" t="34" w="423" /></phr><phr n="IMPORTANT"><ent r="4" t="17" w="162" /></phr></stem><stem n="mporta"><phr n="important"><ent r="3" t="3" w="53" /><ent r="3" t="3" w="53" /><ent r="6" t="6" w="329" /><ent r="6" t="6" w="329" /><ent r="3" t="13" w="68" /><ent r="3" t="13" w="68" /><ent r="4" t="19" w="249" /><ent r="3" t="34" w="423" /><ent r="3" t="34" w="423" /></phr><phr n="IMPORTANT"><ent r="4" t="17" w="162" /></phr><phr n="importance"><ent r="3" t="22" w="104" /><ent r="3" t="22" w="104" /></phr></stem><stem n="portan"><phr n="important"><ent r="3" t="3" w="53" /><ent r="3" t="3" w="53" /><ent r="6" t="6" w="329" /><ent r="6" t="6" w="329" /><ent r="3" t="13" w="68" /><ent r="3" t="13" w="68" /><ent r="4" t="19" w="249" /><ent r="3" t="34" w="423" /><ent r="3" t="34" w="423" /></phr><phr n="IMPORTANT"><ent r="4" t="17" w="162" /></phr><phr n="importance"><ent r="3" t="22" w="104" /><ent r="3" t="22" w="104" /></phr></stem><stem n="ortant"><phr n="important"><ent r="3" t="3" w="53" /><ent r="3" t="3" w="53" /><ent r="6" t="6" w="329" /><ent r="6" t="6" w="329" /><ent r="3" t="13" w="68" /><ent r="3" t="13" w="68" /><ent r="4" t="19" w="249" /><ent r="3" t="34" w="423" /><ent r="3" t="34" w="423" /></phr><phr n="IMPORTANT"><ent r="4" t="17" w="162" /></phr></stem><stem n="importa"><phr n="important"><ent r="3" t="3" w="53" /><ent r="3" t="3" w="53" /><ent r="6" t="6" w="329" /><ent r="6" t="6" w="329" /><ent r="3" t="13" w="68" /><ent r="3" t="13" w="68" /><ent r="4" t="19" w="249" /><ent r="3" t="34" w="423" /><ent r="3" t="34" w="423" /></phr><phr n="IMPORTANT"><ent r="4" t="17" w="162" /></phr><phr n="importance"><ent r="3" t="22" w="104" /><ent r="3" t="22" w="104" /></phr></stem><stem n="mportan"><phr n="important"><ent r="3" t="3" w="53" /><ent r="3" t="3" w="53" /><ent r="6" t="6" w="329" /><ent r="6" t="6" w="329" /><ent r="3" t="13" w="68" /><ent r="3" t="13" w="68" /><ent r="4" t="19" w="249" /><ent r="3" t="34" w="423" /><ent r="3" t="34" w="423" /></phr><phr n="IMPORTANT"><ent r="4" t="17" w="162" /></phr><phr n="importance"><ent r="3" t="22" w="104" /><ent r="3" t="22" w="104" /></phr></stem><stem n="portant"><phr n="important"><ent r="3" t="3" w="53" /><ent r="3" t="3" w="53" /><ent r="6" t="6" w="329" /><ent r="6" t="6" w="329" /><ent r="3" t="13" w="68" /><ent r="3" t="13" w="68" /><ent r="4" t="19" w="249" /><ent r="3" t="34" w="423" /><ent r="3" t="34" w="423" /></phr><phr n="IMPORTANT"><ent r="4" t="17" w="162" /></phr></stem><stem n="importan"><phr n="important"><ent r="3" t="3" w="53" /><ent r="3" t="3" w="53" /><ent r="6" t="6" w="329" /><ent r="6" t="6" w="329" /><ent r="3" t="13" w="68" /><ent r="3" t="13" w="68" /><ent r="4" t="19" w="249" /><ent r="3" t="34" w="423" /><ent r="3" t="34" w="423" /></phr><phr n="IMPORTANT"><ent r="4" t="17" w="162" /></phr><phr n="importance"><ent r="3" t="22" w="104" /><ent r="3" t="22" w="104" /></phr></stem><stem n="mportant"><phr n="important"><ent r="3" t="3" w="53" /><ent r="3" t="3" w="53" /><ent r="6" t="6" w="329" /><ent r="6" t="6" w="329" /><ent r="3" t="13" w="68" /><ent r="3" t="13" w="68" /><ent r="4" t="19" w="249" /><ent r="3" t="34" w="423" /><ent r="3" t="34" w="423" /></phr><phr n="IMPORTANT"><ent r="4" t="17" w="162" /></phr></stem><stem n="important"><phr n="important"><ent r="3" t="3" w="53" /><ent r="3" t="3" w="53" /><ent r="6" t="6" w="329" /><ent r="6" t="6" w="329" /><ent r="3" t="13" w="68" /><ent r="3" t="13" w="68" /><ent r="4" t="19" w="249" /><ent r="3" t="34" w="423" /><ent r="3" t="34" w="423" /></phr><phr n="IMPORTANT"><ent r="4" t="17" w="162" /></phr></stem><stem n="statu"><phr n="status"><ent r="3" t="3" w="59" /><ent r="4" t="3" w="420" /><ent r="4" t="3" w="420" /><ent r="6" t="3" w="506" /><ent r="6" t="3" w="506" /><ent r="6" t="3" w="632" /><ent r="6" t="3" w="632" /><ent r="6" t="3" w="661" /><ent r="6" t="3" w="661" /><ent r="6" t="3" w="706" /><ent r="6" t="3" w="706" /><ent r="6" t="3" w="893" /><ent r="6" t="3" w="893" /><ent r="7" t="3" w="1173" /><ent r="7" t="3" w="1173" /><ent r="7" t="3" w="1206" /><ent r="7" t="3" w="1206" /><ent r="3" t="12" w="386" /><ent r="3" t="12" w="386" /><ent r="7" t="16" w="1203" /><ent r="7" t="16" w="1228" /><ent r="3" t="28" w="32" /><ent r="8" t="31" w="296" /><ent r="8" t="31" w="296" /><ent r="7" t="31" w="301" /><ent r="7" t="31" w="314" /><ent r="7" t="31" w="314" /><ent r="8" t="31" w="390" /><ent r="8" t="31" w="390" /><ent r="7" t="31" w="394" /><ent r="7" t="31" w="394" /><ent r="8" t="31" w="469" /><ent r="8" t="31" w="469" /><ent r="7" t="31" w="473" /><ent r="7" t="31" w="473" /><ent r="7" t="31" w="486" /><ent r="7" t="31" w="486" /><ent r="4" t="34" w="1514" /><ent r="4" t="34" w="1514" /><ent r="6" t="36" w="1668" /><ent r="6" t="36" w="1668" /><ent r="6" t="36" w="1682" /></phr><phr n="Status"><ent r="8" t="3" w="1440" /><ent r="8" t="3" w="1440" /><ent r="4" t="28" w="72" /><ent r="4" t="28" w="72" /><ent r="7" t="36" w="1663" /><ent r="7" t="36" w="1663" /><ent r="7" t="36" w="1722" /><ent r="7" t="36" w="1722" /><ent r="7" t="36" w="1729" /><ent r="7" t="36" w="1729" /></phr></stem><stem n="tatu"><phr n="status"><ent r="3" t="3" w="59" /><ent r="4" t="3" w="420" /><ent r="4" t="3" w="420" /><ent r="6" t="3" w="506" /><ent r="6" t="3" w="506" /><ent r="6" t="3" w="632" /><ent r="6" t="3" w="632" /><ent r="6" t="3" w="661" /><ent r="6" t="3" w="661" /><ent r="6" t="3" w="706" /><ent r="6" t="3" w="706" /><ent r="6" t="3" w="893" /><ent r="6" t="3" w="893" /><ent r="7" t="3" w="1173" /><ent r="7" t="3" w="1173" /><ent r="7" t="3" w="1206" /><ent r="7" t="3" w="1206" /><ent r="3" t="12" w="386" /><ent r="3" t="12" w="386" /><ent r="7" t="16" w="1203" /><ent r="7" t="16" w="1228" /><ent r="3" t="28" w="32" /><ent r="8" t="31" w="296" /><ent r="8" t="31" w="296" /><ent r="7" t="31" w="301" /><ent r="7" t="31" w="314" /><ent r="7" t="31" w="314" /><ent r="8" t="31" w="390" /><ent r="8" t="31" w="390" /><ent r="7" t="31" w="394" /><ent r="7" t="31" w="394" /><ent r="8" t="31" w="469" /><ent r="8" t="31" w="469" /><ent r="7" t="31" w="473" /><ent r="7" t="31" w="473" /><ent r="7" t="31" w="486" /><ent r="7" t="31" w="486" /><ent r="4" t="34" w="1514" /><ent r="4" t="34" w="1514" /><ent r="6" t="36" w="1668" /><ent r="6" t="36" w="1668" /><ent r="6" t="36" w="1682" /></phr><phr n="Status"><ent r="8" t="3" w="1440" /><ent r="8" t="3" w="1440" /><ent r="4" t="28" w="72" /><ent r="4" t="28" w="72" /><ent r="7" t="36" w="1663" /><ent r="7" t="36" w="1663" /><ent r="7" t="36" w="1722" /><ent r="7" t="36" w="1722" /><ent r="7" t="36" w="1729" /><ent r="7" t="36" w="1729" /></phr></stem><stem n="atus"><phr n="status"><ent r="3" t="3" w="59" /><ent r="4" t="3" w="420" /><ent r="4" t="3" w="420" /><ent r="6" t="3" w="506" /><ent r="6" t="3" w="506" /><ent r="6" t="3" w="632" /><ent r="6" t="3" w="632" /><ent r="6" t="3" w="661" /><ent r="6" t="3" w="661" /><ent r="6" t="3" w="706" /><ent r="6" t="3" w="706" /><ent r="6" t="3" w="893" /><ent r="6" t="3" w="893" /><ent r="7" t="3" w="1173" /><ent r="7" t="3" w="1173" /><ent r="7" t="3" w="1206" /><ent r="7" t="3" w="1206" /><ent r="3" t="12" w="386" /><ent r="3" t="12" w="386" /><ent r="7" t="16" w="1203" /><ent r="7" t="16" w="1228" /><ent r="3" t="28" w="32" /><ent r="8" t="31" w="296" /><ent r="8" t="31" w="296" /><ent r="7" t="31" w="301" /><ent r="7" t="31" w="314" /><ent r="7" t="31" w="314" /><ent r="8" t="31" w="390" /><ent r="8" t="31" w="390" /><ent r="7" t="31" w="394" /><ent r="7" t="31" w="394" /><ent r="8" t="31" w="469" /><ent r="8" t="31" w="469" /><ent r="7" t="31" w="473" /><ent r="7" t="31" w="473" /><ent r="7" t="31" w="486" /><ent r="7" t="31" w="486" /><ent r="4" t="34" w="1514" /><ent r="4" t="34" w="1514" /><ent r="6" t="36" w="1668" /><ent r="6" t="36" w="1668" /><ent r="6" t="36" w="1682" /></phr><phr n="Status"><ent r="8" t="3" w="1440" /><ent r="8" t="3" w="1440" /><ent r="4" t="28" w="72" /><ent r="4" t="28" w="72" /><ent r="7" t="36" w="1663" /><ent r="7" t="36" w="1663" /><ent r="7" t="36" w="1722" /><ent r="7" t="36" w="1722" /><ent r="7" t="36" w="1729" /><ent r="7" t="36" w="1729" /></phr></stem><stem n="tatus"><phr n="status"><ent r="3" t="3" w="59" /><ent r="4" t="3" w="420" /><ent r="4" t="3" w="420" /><ent r="6" t="3" w="506" /><ent r="6" t="3" w="506" /><ent r="6" t="3" w="632" /><ent r="6" t="3" w="632" /><ent r="6" t="3" w="661" /><ent r="6" t="3" w="661" /><ent r="6" t="3" w="706" /><ent r="6" t="3" w="706" /><ent r="6" t="3" w="893" /><ent r="6" t="3" w="893" /><ent r="7" t="3" w="1173" /><ent r="7" t="3" w="1173" /><ent r="7" t="3" w="1206" /><ent r="7" t="3" w="1206" /><ent r="3" t="12" w="386" /><ent r="3" t="12" w="386" /><ent r="7" t="16" w="1203" /><ent r="7" t="16" w="1228" /><ent r="3" t="28" w="32" /><ent r="8" t="31" w="296" /><ent r="8" t="31" w="296" /><ent r="7" t="31" w="301" /><ent r="7" t="31" w="314" /><ent r="7" t="31" w="314" /><ent r="8" t="31" w="390" /><ent r="8" t="31" w="390" /><ent r="7" t="31" w="394" /><ent r="7" t="31" w="394" /><ent r="8" t="31" w="469" /><ent r="8" t="31" w="469" /><ent r="7" t="31" w="473" /><ent r="7" t="31" w="473" /><ent r="7" t="31" w="486" /><ent r="7" t="31" w="486" /><ent r="4" t="34" w="1514" /><ent r="4" t="34" w="1514" /><ent r="6" t="36" w="1668" /><ent r="6" t="36" w="1668" /><ent r="6" t="36" w="1682" /></phr><phr n="Status"><ent r="8" t="3" w="1440" /><ent r="8" t="3" w="1440" /><ent r="4" t="28" w="72" /><ent r="4" t="28" w="72" /><ent r="7" t="36" w="1663" /><ent r="7" t="36" w="1663" /><ent r="7" t="36" w="1722" /><ent r="7" t="36" w="1722" /><ent r="7" t="36" w="1729" /><ent r="7" t="36" w="1729" /></phr></stem><stem n="status"><phr n="status"><ent r="3" t="3" w="59" /><ent r="4" t="3" w="420" /><ent r="4" t="3" w="420" /><ent r="6" t="3" w="506" /><ent r="6" t="3" w="506" /><ent r="6" t="3" w="632" /><ent r="6" t="3" w="632" /><ent r="6" t="3" w="661" /><ent r="6" t="3" w="661" /><ent r="6" t="3" w="706" /><ent r="6" t="3" w="706" /><ent r="6" t="3" w="893" /><ent r="6" t="3" w="893" /><ent r="7" t="3" w="1173" /><ent r="7" t="3" w="1173" /><ent r="7" t="3" w="1206" /><ent r="7" t="3" w="1206" /><ent r="3" t="12" w="386" /><ent r="3" t="12" w="386" /><ent r="7" t="16" w="1203" /><ent r="7" t="16" w="1228" /><ent r="3" t="28" w="32" /><ent r="8" t="31" w="296" /><ent r="8" t="31" w="296" /><ent r="7" t="31" w="301" /><ent r="7" t="31" w="314" /><ent r="7" t="31" w="314" /><ent r="8" t="31" w="390" /><ent r="8" t="31" w="390" /><ent r="7" t="31" w="394" /><ent r="7" t="31" w="394" /><ent r="8" t="31" w="469" /><ent r="8" t="31" w="469" /><ent r="7" t="31" w="473" /><ent r="7" t="31" w="473" /><ent r="7" t="31" w="486" /><ent r="7" t="31" w="486" /><ent r="4" t="34" w="1514" /><ent r="4" t="34" w="1514" /><ent r="6" t="36" w="1668" /><ent r="6" t="36" w="1668" /><ent r="6" t="36" w="1682" /></phr><phr n="Status"><ent r="8" t="3" w="1440" /><ent r="8" t="3" w="1440" /><ent r="4" t="28" w="72" /><ent r="4" t="28" w="72" /><ent r="7" t="36" w="1663" /><ent r="7" t="36" w="1663" /><ent r="7" t="36" w="1722" /><ent r="7" t="36" w="1722" /><ent r="7" t="36" w="1729" /><ent r="7" t="36" w="1729" /></phr></stem><stem n="1"><phr n="1"><ent r="64" t="3" w="83" /><ent r="64" t="3" w="83" /><ent r="5" t="7" w="172" /><ent r="5" t="7" w="172" /><ent r="5" t="9" w="262" /><ent r="5" t="9" w="262" /><ent r="64" t="12" w="88" /><ent r="64" t="12" w="88" /><ent r="65" t="12" w="234" /><ent r="65" t="12" w="234" /><ent r="65" t="12" w="250" /><ent r="65" t="12" w="250" /><ent r="65" t="13" w="317" /><ent r="65" t="13" w="317" /><ent r="65" t="15" w="171" /><ent r="65" t="15" w="171" /><ent r="3" t="17" w="93" /><ent r="3" t="17" w="683" /><ent r="3" t="26" w="107" /><ent r="3" t="26" w="110" /><ent r="3" t="26" w="116" /><ent r="3" t="27" w="604" /><ent r="3" t="27" w="842" /><ent r="3" t="27" w="865" /><ent r="3" t="27" w="1004" /><ent r="6" t="28" w="190" /><ent r="3" t="29" w="499" /><ent r="3" t="29" w="524" /><ent r="4" t="29" w="568" /><ent r="4" t="29" w="568" /><ent r="64" t="31" w="204" /><ent r="64" t="31" w="204" /><ent r="7" t="31" w="386" /><ent r="7" t="31" w="386" /><ent r="3" t="31" w="1031" /><ent r="64" t="31" w="1054" /><ent r="64" t="31" w="1054" /><ent r="64" t="32" w="160" /><ent r="64" t="32" w="160" /><ent r="6" t="32" w="237" /><ent r="7" t="32" w="394" /><ent r="7" t="32" w="394" /><ent r="7" t="36" w="1016" /><ent r="7" t="36" w="1171" /><ent r="7" t="36" w="1171" /><ent r="6" t="36" w="1273" /><ent r="6" t="36" w="1273" /><ent r="6" t="36" w="1314" /><ent r="6" t="36" w="1314" /><ent r="6" t="36" w="1371" /><ent r="6" t="36" w="1371" /><ent r="6" t="36" w="1430" /><ent r="6" t="36" w="1430" /><ent r="4" t="42" w="494" /><ent r="4" t="42" w="494" /><ent r="64" t="45" w="45" /><ent r="64" t="45" w="45" /><ent r="8" t="45" w="207" /><ent r="8" t="45" w="207" /><ent r="65" t="46" w="180" /><ent r="65" t="46" w="180" /></phr></stem><stem n="hows"><phr n="shows"><ent r="3" t="3" w="85" /><ent r="3" t="3" w="85" /><ent r="4" t="3" w="418" /><ent r="4" t="3" w="418" /><ent r="3" t="27" w="578" /><ent r="3" t="27" w="578" /><ent r="3" t="28" w="22" /><ent r="3" t="28" w="22" /><ent r="7" t="36" w="359" /><ent r="7" t="36" w="359" /><ent r="7" t="36" w="652" /><ent r="7" t="36" w="652" /><ent r="6" t="44" w="433" /><ent r="6" t="44" w="433" /><ent r="6" t="44" w="448" /><ent r="6" t="44" w="448" /></phr></stem><stem n="shows"><phr n="shows"><ent r="3" t="3" w="85" /><ent r="3" t="3" w="85" /><ent r="4" t="3" w="418" /><ent r="4" t="3" w="418" /><ent r="3" t="27" w="578" /><ent r="3" t="27" w="578" /><ent r="3" t="28" w="22" /><ent r="3" t="28" w="22" /><ent r="7" t="36" w="359" /><ent r="7" t="36" w="359" /><ent r="7" t="36" w="652" /><ent r="7" t="36" w="652" /><ent r="6" t="44" w="433" /><ent r="6" t="44" w="433" /><ent r="6" t="44" w="448" /><ent r="6" t="44" w="448" /></phr></stem><stem n="simplifi"><phr n="simplified"><ent r="3" t="3" w="97" /><ent r="3" t="3" w="97" /></phr></stem><stem n="lifi"><phr n="simplified"><ent r="3" t="3" w="97" /><ent r="3" t="3" w="97" /></phr><phr n="Qualified"><ent r="4" t="9" w="207" /><ent r="4" t="9" w="207" /></phr><phr n="qualified"><ent r="4" t="11" w="263" /><ent r="4" t="11" w="263" /></phr></stem><stem n="ifie"><phr n="simplified"><ent r="3" t="3" w="97" /><ent r="3" t="3" w="97" /></phr><phr n="Qualified"><ent r="4" t="9" w="207" /><ent r="4" t="9" w="207" /></phr><phr n="qualified"><ent r="4" t="11" w="263" /><ent r="4" t="11" w="263" /></phr><phr n="specified"><ent r="3" t="12" w="155" /><ent r="3" t="12" w="155" /><ent r="4" t="26" w="441" /><ent r="4" t="26" w="441" /><ent r="4" t="27" w="445" /><ent r="4" t="27" w="445" /><ent r="4" t="27" w="483" /><ent r="4" t="27" w="483" /><ent r="4" t="27" w="895" /><ent r="4" t="27" w="895" /><ent r="4" t="27" w="926" /><ent r="4" t="27" w="926" /><ent r="4" t="27" w="955" /><ent r="4" t="27" w="955" /><ent r="6" t="35" w="137" /><ent r="6" t="35" w="137" /><ent r="6" t="38" w="79" /><ent r="6" t="38" w="79" /><ent r="6" t="38" w="309" /><ent r="6" t="38" w="309" /></phr><phr n="notified"><ent r="7" t="15" w="548" /><ent r="7" t="15" w="548" /><ent r="4" t="31" w="56" /><ent r="4" t="31" w="56" /></phr><phr n="Identifier"><ent r="9" t="16" w="842" /></phr><phr n="Identifies"><ent r="7" t="16" w="1111" /><ent r="7" t="16" w="1111" /><ent r="7" t="16" w="1150" /><ent r="7" t="16" w="1150" /><ent r="7" t="16" w="1240" /><ent r="7" t="16" w="1240" /></phr><phr n="identifier"><ent r="7" t="16" w="1135" /><ent r="7" t="16" w="1135" /><ent r="6" t="28" w="319" /><ent r="6" t="28" w="319" /></phr><phr n="Identified"><ent r="3" t="17" w="580" /><ent r="3" t="17" w="580" /></phr><phr n="identified"><ent r="4" t="17" w="589" /><ent r="3" t="18" w="202" /><ent r="3" t="18" w="202" /><ent r="4" t="34" w="1841" /><ent r="4" t="34" w="1841" /><ent r="3" t="34" w="1970" /><ent r="3" t="34" w="1970" /></phr><phr n="specifies"><ent r="3" t="42" w="333" /><ent r="3" t="42" w="333" /></phr></stem><stem n="mpli"><phr n="simplified"><ent r="3" t="3" w="97" /><ent r="3" t="3" w="97" /></phr><phr n="sampling"><ent r="7" t="15" w="298" /><ent r="7" t="15" w="298" /><ent r="3" t="31" w="1049" /><ent r="3" t="31" w="1049" /><ent r="3" t="31" w="1355" /><ent r="3" t="31" w="1355" /></phr><phr n="Sampling"><ent r="7" t="31" w="228" /><ent r="7" t="31" w="228" /></phr><phr n="implied"><ent r="6" t="44" w="478" /><ent r="6" t="44" w="478" /></phr></stem><stem n="fied"><phr n="simplified"><ent r="3" t="3" w="97" /><ent r="3" t="3" w="97" /></phr><phr n="Qualified"><ent r="4" t="9" w="207" /><ent r="4" t="9" w="207" /></phr><phr n="qualified"><ent r="4" t="11" w="263" /><ent r="4" t="11" w="263" /></phr><phr n="specified"><ent r="3" t="12" w="155" /><ent r="3" t="12" w="155" /><ent r="4" t="26" w="441" /><ent r="4" t="26" w="441" /><ent r="4" t="27" w="445" /><ent r="4" t="27" w="445" /><ent r="4" t="27" w="483" /><ent r="4" t="27" w="483" /><ent r="4" t="27" w="895" /><ent r="4" t="27" w="895" /><ent r="4" t="27" w="926" /><ent r="4" t="27" w="926" /><ent r="4" t="27" w="955" /><ent r="4" t="27" w="955" /><ent r="6" t="35" w="137" /><ent r="6" t="35" w="137" /><ent r="6" t="38" w="79" /><ent r="6" t="38" w="79" /><ent r="6" t="38" w="309" /><ent r="6" t="38" w="309" /></phr><phr n="notified"><ent r="7" t="15" w="548" /><ent r="7" t="15" w="548" /><ent r="4" t="31" w="56" /><ent r="4" t="31" w="56" /></phr><phr n="Identified"><ent r="3" t="17" w="580" /><ent r="3" t="17" w="580" /></phr><phr n="identified"><ent r="4" t="17" w="589" /><ent r="3" t="18" w="202" /><ent r="3" t="18" w="202" /><ent r="4" t="34" w="1841" /><ent r="4" t="34" w="1841" /><ent r="3" t="34" w="1970" /><ent r="3" t="34" w="1970" /></phr></stem><stem n="plif"><phr n="simplified"><ent r="3" t="3" w="97" /><ent r="3" t="3" w="97" /></phr></stem><stem n="ified"><phr n="simplified"><ent r="3" t="3" w="97" /><ent r="3" t="3" w="97" /></phr><phr n="Qualified"><ent r="4" t="9" w="207" /><ent r="4" t="9" w="207" /></phr><phr n="qualified"><ent r="4" t="11" w="263" /><ent r="4" t="11" w="263" /></phr><phr n="specified"><ent r="3" t="12" w="155" /><ent r="3" t="12" w="155" /><ent r="4" t="26" w="441" /><ent r="4" t="26" w="441" /><ent r="4" t="27" w="445" /><ent r="4" t="27" w="445" /><ent r="4" t="27" w="483" /><ent r="4" t="27" w="483" /><ent r="4" t="27" w="895" /><ent r="4" t="27" w="895" /><ent r="4" t="27" w="926" /><ent r="4" t="27" w="926" /><ent r="4" t="27" w="955" /><ent r="4" t="27" w="955" /><ent r="6" t="35" w="137" /><ent r="6" t="35" w="137" /><ent r="6" t="38" w="79" /><ent r="6" t="38" w="79" /><ent r="6" t="38" w="309" /><ent r="6" t="38" w="309" /></phr><phr n="notified"><ent r="7" t="15" w="548" /><ent r="7" t="15" w="548" /><ent r="4" t="31" w="56" /><ent r="4" t="31" w="56" /></phr><phr n="Identified"><ent r="3" t="17" w="580" /><ent r="3" t="17" w="580" /></phr><phr n="identified"><ent r="4" t="17" w="589" /><ent r="3" t="18" w="202" /><ent r="3" t="18" w="202" /><ent r="4" t="34" w="1841" /><ent r="4" t="34" w="1841" /><ent r="3" t="34" w="1970" /><ent r="3" t="34" w="1970" /></phr></stem><stem n="impli"><phr n="simplified"><ent r="3" t="3" w="97" /><ent r="3" t="3" w="97" /></phr><phr n="imply"><ent r="3" t="27" w="607" /><ent r="3" t="27" w="607" /></phr><phr n="implied"><ent r="6" t="44" w="478" /><ent r="6" t="44" w="478" /></phr></stem></index>