<?xml version="1.0" encoding="utf-8"?><index><stem n="adin"><phr n="uploading"><ent r="3" t="3" w="321" /><ent r="3" t="3" w="321" /><ent r="67" t="3" w="622" /><ent r="67" t="3" w="622" /><ent r="3" t="17" w="280" /><ent r="3" t="17" w="280" /></phr><phr n="heading"><ent r="3" t="4" w="77" /><ent r="7" t="22" w="310" /><ent r="7" t="22" w="310" /><ent r="3" t="28" w="103" /><ent r="3" t="28" w="103" /></phr><phr n="leading"><ent r="4" t="11" w="244" /><ent r="4" t="11" w="244" /></phr><phr n="downloading"><ent r="3" t="17" w="278" /><ent r="3" t="17" w="278" /><ent r="3" t="17" w="821" /><ent r="3" t="17" w="821" /><ent r="100" t="28" w="166" /><ent r="100" t="28" w="166" /><ent r="7" t="28" w="243" /><ent r="7" t="28" w="243" /><ent r="7" t="28" w="258" /><ent r="7" t="28" w="258" /><ent r="100" t="39" w="20" /><ent r="100" t="39" w="20" /></phr><phr n="loading"><ent r="3" t="26" w="148" /><ent r="3" t="26" w="148" /></phr><phr n="headings"><ent r="7" t="28" w="148" /><ent r="7" t="28" w="148" /><ent r="4" t="31" w="1098" /><ent r="4" t="31" w="1098" /><ent r="4" t="31" w="1114" /><ent r="4" t="31" w="1114" /><ent r="4" t="31" w="1130" /></phr><phr n="Leading"><ent r="6" t="32" w="238" /><ent r="6" t="32" w="238" /><ent r="6" t="32" w="496" /><ent r="6" t="32" w="496" /></phr><phr n="Reloading"><ent r="3" t="34" w="1202" /><ent r="3" t="34" w="1202" /><ent r="4" t="34" w="1253" /><ent r="4" t="34" w="1253" /></phr></stem><stem n="oadi"><phr n="uploading"><ent r="3" t="3" w="321" /><ent r="3" t="3" w="321" /><ent r="67" t="3" w="622" /><ent r="67" t="3" w="622" /><ent r="3" t="17" w="280" /><ent r="3" t="17" w="280" /></phr><phr n="downloading"><ent r="3" t="17" w="278" /><ent r="3" t="17" w="278" /><ent r="3" t="17" w="821" /><ent r="3" t="17" w="821" /><ent r="100" t="28" w="166" /><ent r="100" t="28" w="166" /><ent r="7" t="28" w="243" /><ent r="7" t="28" w="243" /><ent r="7" t="28" w="258" /><ent r="7" t="28" w="258" /><ent r="100" t="39" w="20" /><ent r="100" t="39" w="20" /></phr><phr n="loading"><ent r="3" t="26" w="148" /><ent r="3" t="26" w="148" /></phr><phr n="Reloading"><ent r="3" t="34" w="1202" /><ent r="3" t="34" w="1202" /><ent r="4" t="34" w="1253" /><ent r="4" t="34" w="1253" /></phr></stem><stem n="loadi"><phr n="uploading"><ent r="3" t="3" w="321" /><ent r="3" t="3" w="321" /><ent r="67" t="3" w="622" /><ent r="67" t="3" w="622" /><ent r="3" t="17" w="280" /><ent r="3" t="17" w="280" /></phr><phr n="downloading"><ent r="3" t="17" w="278" /><ent r="3" t="17" w="278" /><ent r="3" t="17" w="821" /><ent r="3" t="17" w="821" /><ent r="100" t="28" w="166" /><ent r="100" t="28" w="166" /><ent r="7" t="28" w="243" /><ent r="7" t="28" w="243" /><ent r="7" t="28" w="258" /><ent r="7" t="28" w="258" /><ent r="100" t="39" w="20" /><ent r="100" t="39" w="20" /></phr><phr n="loading"><ent r="3" t="26" w="148" /><ent r="3" t="26" w="148" /></phr><phr n="Reloading"><ent r="3" t="34" w="1202" /><ent r="3" t="34" w="1202" /><ent r="4" t="34" w="1253" /><ent r="4" t="34" w="1253" /></phr></stem><stem n="oadin"><phr n="uploading"><ent r="3" t="3" w="321" /><ent r="3" t="3" w="321" /><ent r="67" t="3" w="622" /><ent r="67" t="3" w="622" /><ent r="3" t="17" w="280" /><ent r="3" t="17" w="280" /></phr><phr n="downloading"><ent r="3" t="17" w="278" /><ent r="3" t="17" w="278" /><ent r="3" t="17" w="821" /><ent r="3" t="17" w="821" /><ent r="100" t="28" w="166" /><ent r="100" t="28" w="166" /><ent r="7" t="28" w="243" /><ent r="7" t="28" w="243" /><ent r="7" t="28" w="258" /><ent r="7" t="28" w="258" /><ent r="100" t="39" w="20" /><ent r="100" t="39" w="20" /></phr><phr n="loading"><ent r="3" t="26" w="148" /><ent r="3" t="26" w="148" /></phr><phr n="Reloading"><ent r="3" t="34" w="1202" /><ent r="3" t="34" w="1202" /><ent r="4" t="34" w="1253" /><ent r="4" t="34" w="1253" /></phr></stem><stem n="ading"><phr n="uploading"><ent r="3" t="3" w="321" /><ent r="3" t="3" w="321" /><ent r="67" t="3" w="622" /><ent r="67" t="3" w="622" /><ent r="3" t="17" w="280" /><ent r="3" t="17" w="280" /></phr><phr n="heading"><ent r="3" t="4" w="77" /><ent r="7" t="22" w="310" /><ent r="7" t="22" w="310" /><ent r="3" t="28" w="103" /><ent r="3" t="28" w="103" /></phr><phr n="leading"><ent r="4" t="11" w="244" /><ent r="4" t="11" w="244" /></phr><phr n="downloading"><ent r="3" t="17" w="278" /><ent r="3" t="17" w="278" /><ent r="3" t="17" w="821" /><ent r="3" t="17" w="821" /><ent r="100" t="28" w="166" /><ent r="100" t="28" w="166" /><ent r="7" t="28" w="243" /><ent r="7" t="28" w="243" /><ent r="7" t="28" w="258" /><ent r="7" t="28" w="258" /><ent r="100" t="39" w="20" /><ent r="100" t="39" w="20" /></phr><phr n="loading"><ent r="3" t="26" w="148" /><ent r="3" t="26" w="148" /></phr><phr n="headings"><ent r="7" t="28" w="148" /><ent r="7" t="28" w="148" /><ent r="4" t="31" w="1098" /><ent r="4" t="31" w="1098" /><ent r="4" t="31" w="1114" /><ent r="4" t="31" w="1114" /><ent r="4" t="31" w="1130" /></phr><phr n="Leading"><ent r="6" t="32" w="238" /><ent r="6" t="32" w="238" /><ent r="6" t="32" w="496" /><ent r="6" t="32" w="496" /></phr><phr n="Reloading"><ent r="3" t="34" w="1202" /><ent r="3" t="34" w="1202" /><ent r="4" t="34" w="1253" /><ent r="4" t="34" w="1253" /></phr></stem><stem n="ploadi"><phr n="uploading"><ent r="3" t="3" w="321" /><ent r="3" t="3" w="321" /><ent r="67" t="3" w="622" /><ent r="67" t="3" w="622" /><ent r="3" t="17" w="280" /><ent r="3" t="17" w="280" /></phr></stem><stem n="loadin"><phr n="uploading"><ent r="3" t="3" w="321" /><ent r="3" t="3" w="321" /><ent r="67" t="3" w="622" /><ent r="67" t="3" w="622" /><ent r="3" t="17" w="280" /><ent r="3" t="17" w="280" /></phr><phr n="downloading"><ent r="3" t="17" w="278" /><ent r="3" t="17" w="278" /><ent r="3" t="17" w="821" /><ent r="3" t="17" w="821" /><ent r="100" t="28" w="166" /><ent r="100" t="28" w="166" /><ent r="7" t="28" w="243" /><ent r="7" t="28" w="243" /><ent r="7" t="28" w="258" /><ent r="7" t="28" w="258" /><ent r="100" t="39" w="20" /><ent r="100" t="39" w="20" /></phr><phr n="loading"><ent r="3" t="26" w="148" /><ent r="3" t="26" w="148" /></phr><phr n="Reloading"><ent r="3" t="34" w="1202" /><ent r="3" t="34" w="1202" /><ent r="4" t="34" w="1253" /><ent r="4" t="34" w="1253" /></phr></stem><stem n="oading"><phr n="uploading"><ent r="3" t="3" w="321" /><ent r="3" t="3" w="321" /><ent r="67" t="3" w="622" /><ent r="67" t="3" w="622" /><ent r="3" t="17" w="280" /><ent r="3" t="17" w="280" /></phr><phr n="downloading"><ent r="3" t="17" w="278" /><ent r="3" t="17" w="278" /><ent r="3" t="17" w="821" /><ent r="3" t="17" w="821" /><ent r="100" t="28" w="166" /><ent r="100" t="28" w="166" /><ent r="7" t="28" w="243" /><ent r="7" t="28" w="243" /><ent r="7" t="28" w="258" /><ent r="7" t="28" w="258" /><ent r="100" t="39" w="20" /><ent r="100" t="39" w="20" /></phr><phr n="loading"><ent r="3" t="26" w="148" /><ent r="3" t="26" w="148" /></phr><phr n="Reloading"><ent r="3" t="34" w="1202" /><ent r="3" t="34" w="1202" /><ent r="4" t="34" w="1253" /><ent r="4" t="34" w="1253" /></phr></stem><stem n="uploadi"><phr n="uploading"><ent r="3" t="3" w="321" /><ent r="3" t="3" w="321" /><ent r="67" t="3" w="622" /><ent r="67" t="3" w="622" /><ent r="3" t="17" w="280" /><ent r="3" t="17" w="280" /></phr></stem><stem n="ploadin"><phr n="uploading"><ent r="3" t="3" w="321" /><ent r="3" t="3" w="321" /><ent r="67" t="3" w="622" /><ent r="67" t="3" w="622" /><ent r="3" t="17" w="280" /><ent r="3" t="17" w="280" /></phr></stem><stem n="loading"><phr n="uploading"><ent r="3" t="3" w="321" /><ent r="3" t="3" w="321" /><ent r="67" t="3" w="622" /><ent r="67" t="3" w="622" /><ent r="3" t="17" w="280" /><ent r="3" t="17" w="280" /></phr><phr n="downloading"><ent r="3" t="17" w="278" /><ent r="3" t="17" w="278" /><ent r="3" t="17" w="821" /><ent r="3" t="17" w="821" /><ent r="100" t="28" w="166" /><ent r="100" t="28" w="166" /><ent r="7" t="28" w="243" /><ent r="7" t="28" w="243" /><ent r="7" t="28" w="258" /><ent r="7" t="28" w="258" /><ent r="100" t="39" w="20" /><ent r="100" t="39" w="20" /></phr><phr n="loading"><ent r="3" t="26" w="148" /><ent r="3" t="26" w="148" /></phr><phr n="Reloading"><ent r="3" t="34" w="1202" /><ent r="3" t="34" w="1202" /><ent r="4" t="34" w="1253" /><ent r="4" t="34" w="1253" /></phr></stem><stem n="uploadin"><phr n="uploading"><ent r="3" t="3" w="321" /><ent r="3" t="3" w="321" /><ent r="67" t="3" w="622" /><ent r="67" t="3" w="622" /><ent r="3" t="17" w="280" /><ent r="3" t="17" w="280" /></phr></stem><stem n="ploading"><phr n="uploading"><ent r="3" t="3" w="321" /><ent r="3" t="3" w="321" /><ent r="67" t="3" w="622" /><ent r="67" t="3" w="622" /><ent r="3" t="17" w="280" /><ent r="3" t="17" w="280" /></phr></stem><stem n="uploading"><phr n="uploading"><ent r="3" t="3" w="321" /><ent r="3" t="3" w="321" /><ent r="67" t="3" w="622" /><ent r="67" t="3" w="622" /><ent r="3" t="17" w="280" /><ent r="3" t="17" w="280" /></phr></stem><stem n="histori"><phr n="History"><ent r="64" t="3" w="326" /><ent r="64" t="3" w="326" /><ent r="64" t="17" w="285" /><ent r="64" t="17" w="285" /><ent r="65" t="17" w="738" /><ent r="65" t="17" w="738" /><ent r="65" t="17" w="775" /><ent r="65" t="17" w="775" /><ent r="64" t="17" w="826" /><ent r="64" t="17" w="826" /><ent r="64" t="17" w="847" /><ent r="64" t="17" w="847" /><ent r="1000" t="18" w="3" /><ent r="1000" t="18" w="3" /><ent r="100" t="18" w="7" /><ent r="100" t="18" w="7" /><ent r="100" t="18" w="12" /><ent r="100" t="18" w="12" /><ent r="102" t="18" w="18" /><ent r="102" t="18" w="18" /><ent r="64" t="18" w="35" /><ent r="64" t="18" w="35" /><ent r="126" t="33" w="59" /><ent r="126" t="33" w="59" /><ent r="65" t="34" w="1249" /><ent r="65" t="34" w="1249" /><ent r="1000" t="35" w="1" /><ent r="1000" t="35" w="1" /><ent r="100" t="35" w="4" /><ent r="100" t="35" w="4" /><ent r="102" t="35" w="10" /><ent r="102" t="35" w="10" /><ent r="3" t="35" w="14" /><ent r="3" t="35" w="14" /><ent r="5" t="35" w="68" /><ent r="5" t="35" w="68" /></phr><phr n="history"><ent r="100" t="18" w="10" /><ent r="100" t="18" w="10" /><ent r="6" t="32" w="594" /><ent r="6" t="32" w="594" /><ent r="4" t="34" w="1010" /><ent r="4" t="34" w="1010" /><ent r="100" t="35" w="8" /><ent r="100" t="35" w="8" /></phr></stem><stem n="hist"><phr n="History"><ent r="64" t="3" w="326" /><ent r="64" t="3" w="326" /><ent r="64" t="17" w="285" /><ent r="64" t="17" w="285" /><ent r="65" t="17" w="738" /><ent r="65" t="17" w="738" /><ent r="65" t="17" w="775" /><ent r="65" t="17" w="775" /><ent r="64" t="17" w="826" /><ent r="64" t="17" w="826" /><ent r="64" t="17" w="847" /><ent r="64" t="17" w="847" /><ent r="1000" t="18" w="3" /><ent r="1000" t="18" w="3" /><ent r="100" t="18" w="7" /><ent r="100" t="18" w="7" /><ent r="100" t="18" w="12" /><ent r="100" t="18" w="12" /><ent r="102" t="18" w="18" /><ent r="102" t="18" w="18" /><ent r="64" t="18" w="35" /><ent r="64" t="18" w="35" /><ent r="126" t="33" w="59" /><ent r="126" t="33" w="59" /><ent r="65" t="34" w="1249" /><ent r="65" t="34" w="1249" /><ent r="1000" t="35" w="1" /><ent r="1000" t="35" w="1" /><ent r="100" t="35" w="4" /><ent r="100" t="35" w="4" /><ent r="102" t="35" w="10" /><ent r="102" t="35" w="10" /><ent r="3" t="35" w="14" /><ent r="3" t="35" w="14" /><ent r="5" t="35" w="68" /><ent r="5" t="35" w="68" /></phr><phr n="history"><ent r="100" t="18" w="10" /><ent r="100" t="18" w="10" /><ent r="6" t="32" w="594" /><ent r="6" t="32" w="594" /><ent r="4" t="34" w="1010" /><ent r="4" t="34" w="1010" /><ent r="100" t="35" w="8" /><ent r="100" t="35" w="8" /></phr></stem><stem n="isto"><phr n="History"><ent r="64" t="3" w="326" /><ent r="64" t="3" w="326" /><ent r="64" t="17" w="285" /><ent r="64" t="17" w="285" /><ent r="65" t="17" w="738" /><ent r="65" t="17" w="738" /><ent r="65" t="17" w="775" /><ent r="65" t="17" w="775" /><ent r="64" t="17" w="826" /><ent r="64" t="17" w="826" /><ent r="64" t="17" w="847" /><ent r="64" t="17" w="847" /><ent r="1000" t="18" w="3" /><ent r="1000" t="18" w="3" /><ent r="100" t="18" w="7" /><ent r="100" t="18" w="7" /><ent r="100" t="18" w="12" /><ent r="100" t="18" w="12" /><ent r="102" t="18" w="18" /><ent r="102" t="18" w="18" /><ent r="64" t="18" w="35" /><ent r="64" t="18" w="35" /><ent r="126" t="33" w="59" /><ent r="126" t="33" w="59" /><ent r="65" t="34" w="1249" /><ent r="65" t="34" w="1249" /><ent r="1000" t="35" w="1" /><ent r="1000" t="35" w="1" /><ent r="100" t="35" w="4" /><ent r="100" t="35" w="4" /><ent r="102" t="35" w="10" /><ent r="102" t="35" w="10" /><ent r="3" t="35" w="14" /><ent r="3" t="35" w="14" /><ent r="5" t="35" w="68" /><ent r="5" t="35" w="68" /></phr><phr n="history"><ent r="100" t="18" w="10" /><ent r="100" t="18" w="10" /><ent r="6" t="32" w="594" /><ent r="6" t="32" w="594" /><ent r="4" t="34" w="1010" /><ent r="4" t="34" w="1010" /><ent r="100" t="35" w="8" /><ent r="100" t="35" w="8" /></phr></stem><stem n="tory"><phr n="History"><ent r="64" t="3" w="326" /><ent r="64" t="3" w="326" /><ent r="64" t="17" w="285" /><ent r="64" t="17" w="285" /><ent r="65" t="17" w="738" /><ent r="65" t="17" w="738" /><ent r="65" t="17" w="775" /><ent r="65" t="17" w="775" /><ent r="64" t="17" w="826" /><ent r="64" t="17" w="826" /><ent r="64" t="17" w="847" /><ent r="64" t="17" w="847" /><ent r="1000" t="18" w="3" /><ent r="1000" t="18" w="3" /><ent r="100" t="18" w="7" /><ent r="100" t="18" w="7" /><ent r="100" t="18" w="12" /><ent r="100" t="18" w="12" /><ent r="102" t="18" w="18" /><ent r="102" t="18" w="18" /><ent r="64" t="18" w="35" /><ent r="64" t="18" w="35" /><ent r="126" t="33" w="59" /><ent r="126" t="33" w="59" /><ent r="65" t="34" w="1249" /><ent r="65" t="34" w="1249" /><ent r="1000" t="35" w="1" /><ent r="1000" t="35" w="1" /><ent r="100" t="35" w="4" /><ent r="100" t="35" w="4" /><ent r="102" t="35" w="10" /><ent r="102" t="35" w="10" /><ent r="3" t="35" w="14" /><ent r="3" t="35" w="14" /><ent r="5" t="35" w="68" /><ent r="5" t="35" w="68" /></phr><phr n="factory"><ent r="4" t="7" w="280" /><ent r="4" t="7" w="280" /><ent r="4" t="7" w="294" /><ent r="4" t="7" w="294" /><ent r="4" t="7" w="319" /><ent r="4" t="7" w="319" /><ent r="3" t="31" w="180" /><ent r="3" t="31" w="180" /><ent r="3" t="31" w="216" /><ent r="3" t="31" w="216" /></phr><phr n="satisfactory"><ent r="4" t="17" w="716" /></phr><phr n="history"><ent r="100" t="18" w="10" /><ent r="100" t="18" w="10" /><ent r="6" t="32" w="594" /><ent r="6" t="32" w="594" /><ent r="4" t="34" w="1010" /><ent r="4" t="34" w="1010" /><ent r="100" t="35" w="8" /><ent r="100" t="35" w="8" /></phr><phr n="directory"><ent r="7" t="28" w="226" /><ent r="4" t="46" w="395" /><ent r="4" t="46" w="395" /></phr></stem><stem n="histo"><phr n="History"><ent r="64" t="3" w="326" /><ent r="64" t="3" w="326" /><ent r="64" t="17" w="285" /><ent r="64" t="17" w="285" /><ent r="65" t="17" w="738" /><ent r="65" t="17" w="738" /><ent r="65" t="17" w="775" /><ent r="65" t="17" w="775" /><ent r="64" t="17" w="826" /><ent r="64" t="17" w="826" /><ent r="64" t="17" w="847" /><ent r="64" t="17" w="847" /><ent r="1000" t="18" w="3" /><ent r="1000" t="18" w="3" /><ent r="100" t="18" w="7" /><ent r="100" t="18" w="7" /><ent r="100" t="18" w="12" /><ent r="100" t="18" w="12" /><ent r="102" t="18" w="18" /><ent r="102" t="18" w="18" /><ent r="64" t="18" w="35" /><ent r="64" t="18" w="35" /><ent r="126" t="33" w="59" /><ent r="126" t="33" w="59" /><ent r="65" t="34" w="1249" /><ent r="65" t="34" w="1249" /><ent r="1000" t="35" w="1" /><ent r="1000" t="35" w="1" /><ent r="100" t="35" w="4" /><ent r="100" t="35" w="4" /><ent r="102" t="35" w="10" /><ent r="102" t="35" w="10" /><ent r="3" t="35" w="14" /><ent r="3" t="35" w="14" /><ent r="5" t="35" w="68" /><ent r="5" t="35" w="68" /></phr><phr n="history"><ent r="100" t="18" w="10" /><ent r="100" t="18" w="10" /><ent r="6" t="32" w="594" /><ent r="6" t="32" w="594" /><ent r="4" t="34" w="1010" /><ent r="4" t="34" w="1010" /><ent r="100" t="35" w="8" /><ent r="100" t="35" w="8" /></phr></stem><stem n="istor"><phr n="History"><ent r="64" t="3" w="326" /><ent r="64" t="3" w="326" /><ent r="64" t="17" w="285" /><ent r="64" t="17" w="285" /><ent r="65" t="17" w="738" /><ent r="65" t="17" w="738" /><ent r="65" t="17" w="775" /><ent r="65" t="17" w="775" /><ent r="64" t="17" w="826" /><ent r="64" t="17" w="826" /><ent r="64" t="17" w="847" /><ent r="64" t="17" w="847" /><ent r="1000" t="18" w="3" /><ent r="1000" t="18" w="3" /><ent r="100" t="18" w="7" /><ent r="100" t="18" w="7" /><ent r="100" t="18" w="12" /><ent r="100" t="18" w="12" /><ent r="102" t="18" w="18" /><ent r="102" t="18" w="18" /><ent r="64" t="18" w="35" /><ent r="64" t="18" w="35" /><ent r="126" t="33" w="59" /><ent r="126" t="33" w="59" /><ent r="65" t="34" w="1249" /><ent r="65" t="34" w="1249" /><ent r="1000" t="35" w="1" /><ent r="1000" t="35" w="1" /><ent r="100" t="35" w="4" /><ent r="100" t="35" w="4" /><ent r="102" t="35" w="10" /><ent r="102" t="35" w="10" /><ent r="3" t="35" w="14" /><ent r="3" t="35" w="14" /><ent r="5" t="35" w="68" /><ent r="5" t="35" w="68" /></phr><phr n="history"><ent r="100" t="18" w="10" /><ent r="100" t="18" w="10" /><ent r="6" t="32" w="594" /><ent r="6" t="32" w="594" /><ent r="4" t="34" w="1010" /><ent r="4" t="34" w="1010" /><ent r="100" t="35" w="8" /><ent r="100" t="35" w="8" /></phr></stem><stem n="story"><phr n="History"><ent r="64" t="3" w="326" /><ent r="64" t="3" w="326" /><ent r="64" t="17" w="285" /><ent r="64" t="17" w="285" /><ent r="65" t="17" w="738" /><ent r="65" t="17" w="738" /><ent r="65" t="17" w="775" /><ent r="65" t="17" w="775" /><ent r="64" t="17" w="826" /><ent r="64" t="17" w="826" /><ent r="64" t="17" w="847" /><ent r="64" t="17" w="847" /><ent r="1000" t="18" w="3" /><ent r="1000" t="18" w="3" /><ent r="100" t="18" w="7" /><ent r="100" t="18" w="7" /><ent r="100" t="18" w="12" /><ent r="100" t="18" w="12" /><ent r="102" t="18" w="18" /><ent r="102" t="18" w="18" /><ent r="64" t="18" w="35" /><ent r="64" t="18" w="35" /><ent r="126" t="33" w="59" /><ent r="126" t="33" w="59" /><ent r="65" t="34" w="1249" /><ent r="65" t="34" w="1249" /><ent r="1000" t="35" w="1" /><ent r="1000" t="35" w="1" /><ent r="100" t="35" w="4" /><ent r="100" t="35" w="4" /><ent r="102" t="35" w="10" /><ent r="102" t="35" w="10" /><ent r="3" t="35" w="14" /><ent r="3" t="35" w="14" /><ent r="5" t="35" w="68" /><ent r="5" t="35" w="68" /></phr><phr n="history"><ent r="100" t="18" w="10" /><ent r="100" t="18" w="10" /><ent r="6" t="32" w="594" /><ent r="6" t="32" w="594" /><ent r="4" t="34" w="1010" /><ent r="4" t="34" w="1010" /><ent r="100" t="35" w="8" /><ent r="100" t="35" w="8" /></phr></stem><stem n="histor"><phr n="History"><ent r="64" t="3" w="326" /><ent r="64" t="3" w="326" /><ent r="64" t="17" w="285" /><ent r="64" t="17" w="285" /><ent r="65" t="17" w="738" /><ent r="65" t="17" w="738" /><ent r="65" t="17" w="775" /><ent r="65" t="17" w="775" /><ent r="64" t="17" w="826" /><ent r="64" t="17" w="826" /><ent r="64" t="17" w="847" /><ent r="64" t="17" w="847" /><ent r="1000" t="18" w="3" /><ent r="1000" t="18" w="3" /><ent r="100" t="18" w="7" /><ent r="100" t="18" w="7" /><ent r="100" t="18" w="12" /><ent r="100" t="18" w="12" /><ent r="102" t="18" w="18" /><ent r="102" t="18" w="18" /><ent r="64" t="18" w="35" /><ent r="64" t="18" w="35" /><ent r="126" t="33" w="59" /><ent r="126" t="33" w="59" /><ent r="65" t="34" w="1249" /><ent r="65" t="34" w="1249" /><ent r="1000" t="35" w="1" /><ent r="1000" t="35" w="1" /><ent r="100" t="35" w="4" /><ent r="100" t="35" w="4" /><ent r="102" t="35" w="10" /><ent r="102" t="35" w="10" /><ent r="3" t="35" w="14" /><ent r="3" t="35" w="14" /><ent r="5" t="35" w="68" /><ent r="5" t="35" w="68" /></phr><phr n="history"><ent r="100" t="18" w="10" /><ent r="100" t="18" w="10" /><ent r="6" t="32" w="594" /><ent r="6" t="32" w="594" /><ent r="4" t="34" w="1010" /><ent r="4" t="34" w="1010" /><ent r="100" t="35" w="8" /><ent r="100" t="35" w="8" /></phr></stem><stem n="istory"><phr n="History"><ent r="64" t="3" w="326" /><ent r="64" t="3" w="326" /><ent r="64" t="17" w="285" /><ent r="64" t="17" w="285" /><ent r="65" t="17" w="738" /><ent r="65" t="17" w="738" /><ent r="65" t="17" w="775" /><ent r="65" t="17" w="775" /><ent r="64" t="17" w="826" /><ent r="64" t="17" w="826" /><ent r="64" t="17" w="847" /><ent r="64" t="17" w="847" /><ent r="1000" t="18" w="3" /><ent r="1000" t="18" w="3" /><ent r="100" t="18" w="7" /><ent r="100" t="18" w="7" /><ent r="100" t="18" w="12" /><ent r="100" t="18" w="12" /><ent r="102" t="18" w="18" /><ent r="102" t="18" w="18" /><ent r="64" t="18" w="35" /><ent r="64" t="18" w="35" /><ent r="126" t="33" w="59" /><ent r="126" t="33" w="59" /><ent r="65" t="34" w="1249" /><ent r="65" t="34" w="1249" /><ent r="1000" t="35" w="1" /><ent r="1000" t="35" w="1" /><ent r="100" t="35" w="4" /><ent r="100" t="35" w="4" /><ent r="102" t="35" w="10" /><ent r="102" t="35" w="10" /><ent r="3" t="35" w="14" /><ent r="3" t="35" w="14" /><ent r="5" t="35" w="68" /><ent r="5" t="35" w="68" /></phr><phr n="history"><ent r="100" t="18" w="10" /><ent r="100" t="18" w="10" /><ent r="6" t="32" w="594" /><ent r="6" t="32" w="594" /><ent r="4" t="34" w="1010" /><ent r="4" t="34" w="1010" /><ent r="100" t="35" w="8" /><ent r="100" t="35" w="8" /></phr></stem><stem n="history"><phr n="History"><ent r="64" t="3" w="326" /><ent r="64" t="3" w="326" /><ent r="64" t="17" w="285" /><ent r="64" t="17" w="285" /><ent r="65" t="17" w="738" /><ent r="65" t="17" w="738" /><ent r="65" t="17" w="775" /><ent r="65" t="17" w="775" /><ent r="64" t="17" w="826" /><ent r="64" t="17" w="826" /><ent r="64" t="17" w="847" /><ent r="64" t="17" w="847" /><ent r="1000" t="18" w="3" /><ent r="1000" t="18" w="3" /><ent r="100" t="18" w="7" /><ent r="100" t="18" w="7" /><ent r="100" t="18" w="12" /><ent r="100" t="18" w="12" /><ent r="102" t="18" w="18" /><ent r="102" t="18" w="18" /><ent r="64" t="18" w="35" /><ent r="64" t="18" w="35" /><ent r="126" t="33" w="59" /><ent r="126" t="33" w="59" /><ent r="65" t="34" w="1249" /><ent r="65" t="34" w="1249" /><ent r="1000" t="35" w="1" /><ent r="1000" t="35" w="1" /><ent r="100" t="35" w="4" /><ent r="100" t="35" w="4" /><ent r="102" t="35" w="10" /><ent r="102" t="35" w="10" /><ent r="3" t="35" w="14" /><ent r="3" t="35" w="14" /><ent r="5" t="35" w="68" /><ent r="5" t="35" w="68" /></phr><phr n="history"><ent r="100" t="18" w="10" /><ent r="100" t="18" w="10" /><ent r="6" t="32" w="594" /><ent r="6" t="32" w="594" /><ent r="4" t="34" w="1010" /><ent r="4" t="34" w="1010" /><ent r="100" t="35" w="8" /><ent r="100" t="35" w="8" /></phr></stem><stem n="note"><phr n="Note"><ent r="3" t="3" w="329" /><ent r="3" t="3" w="329" /><ent r="4" t="3" w="347" /><ent r="6" t="3" w="558" /><ent r="6" t="3" w="558" /><ent r="7" t="3" w="628" /><ent r="7" t="4" w="371" /><ent r="4" t="4" w="536" /><ent r="5" t="5" w="181" /><ent r="4" t="8" w="79" /><ent r="4" t="10" w="55" /><ent r="8" t="10" w="205" /><ent r="8" t="10" w="240" /><ent r="4" t="13" w="136" /><ent r="5" t="13" w="287" /><ent r="4" t="13" w="347" /><ent r="4" t="14" w="162" /><ent r="4" t="15" w="80" /><ent r="8" t="15" w="323" /><ent r="8" t="15" w="587" /><ent r="8" t="15" w="679" /><ent r="10" t="16" w="940" /><ent r="4" t="17" w="245" /><ent r="4" t="17" w="471" /><ent r="3" t="17" w="515" /><ent r="3" t="17" w="515" /><ent r="4" t="17" w="656" /><ent r="4" t="17" w="656" /><ent r="4" t="17" w="790" /><ent r="4" t="19" w="13" /><ent r="4" t="20" w="19" /><ent r="4" t="21" w="19" /><ent r="4" t="22" w="94" /><ent r="4" t="23" w="28" /><ent r="5" t="23" w="278" /><ent r="4" t="24" w="56" /><ent r="5" t="24" w="221" /><ent r="4" t="25" w="32" /><ent r="4" t="26" w="61" /><ent r="4" t="26" w="249" /><ent r="4" t="26" w="551" /><ent r="4" t="27" w="271" /><ent r="4" t="27" w="573" /><ent r="4" t="27" w="732" /><ent r="4" t="27" w="960" /><ent r="4" t="31" w="78" /><ent r="4" t="31" w="188" /><ent r="8" t="31" w="271" /><ent r="4" t="31" w="718" /><ent r="4" t="32" w="89" /><ent r="7" t="32" w="296" /><ent r="7" t="32" w="545" /><ent r="4" t="34" w="70" /><ent r="3" t="34" w="290" /><ent r="3" t="34" w="290" /><ent r="4" t="34" w="668" /><ent r="3" t="34" w="1353" /><ent r="3" t="34" w="1353" /><ent r="4" t="34" w="1620" /><ent r="7" t="35" w="97" /><ent r="6" t="35" w="229" /><ent r="6" t="35" w="229" /><ent r="7" t="35" w="343" /><ent r="8" t="36" w="302" /><ent r="8" t="36" w="409" /><ent r="7" t="36" w="578" /><ent r="7" t="36" w="578" /><ent r="7" t="38" w="98" /><ent r="7" t="39" w="161" /><ent r="4" t="42" w="236" /><ent r="4" t="43" w="17" /><ent r="4" t="44" w="18" /><ent r="5" t="44" w="170" /><ent r="6" t="44" w="460" /><ent r="6" t="44" w="460" /><ent r="4" t="46" w="95" /><ent r="8" t="46" w="268" /></phr><phr n="note"><ent r="4" t="4" w="205" /><ent r="4" t="4" w="205" /><ent r="4" t="7" w="212" /><ent r="4" t="7" w="212" /><ent r="4" t="19" w="196" /><ent r="4" t="19" w="196" /><ent r="4" t="31" w="664" /><ent r="4" t="31" w="664" /><ent r="7" t="38" w="263" /><ent r="7" t="38" w="263" /></phr><phr n="Notes"><ent r="4" t="11" w="33" /><ent r="4" t="12" w="134" /><ent r="4" t="17" w="91" /><ent r="8" t="36" w="1014" /></phr></stem><stem n="current"><phr n="currently"><ent r="3" t="3" w="343" /><ent r="3" t="3" w="343" /><ent r="4" t="5" w="194" /><ent r="4" t="5" w="194" /><ent r="3" t="7" w="386" /><ent r="3" t="7" w="386" /><ent r="3" t="12" w="143" /><ent r="3" t="12" w="143" /><ent r="4" t="12" w="238" /><ent r="4" t="12" w="238" /><ent r="3" t="15" w="38" /><ent r="3" t="15" w="38" /><ent r="4" t="15" w="174" /><ent r="4" t="15" w="174" /><ent r="3" t="15" w="195" /><ent r="3" t="15" w="195" /><ent r="4" t="21" w="87" /><ent r="4" t="21" w="87" /><ent r="7" t="22" w="186" /><ent r="7" t="22" w="186" /><ent r="7" t="22" w="242" /><ent r="7" t="22" w="242" /><ent r="4" t="23" w="337" /><ent r="4" t="23" w="337" /><ent r="4" t="24" w="280" /><ent r="4" t="24" w="280" /><ent r="4" t="28" w="48" /><ent r="4" t="28" w="48" /><ent r="7" t="31" w="458" /><ent r="7" t="31" w="458" /><ent r="3" t="31" w="710" /><ent r="3" t="31" w="710" /><ent r="6" t="36" w="1648" /><ent r="6" t="36" w="1648" /><ent r="7" t="36" w="1698" /><ent r="7" t="36" w="1698" /><ent r="6" t="38" w="117" /><ent r="6" t="38" w="117" /><ent r="3" t="41" w="43" /><ent r="3" t="41" w="43" /></phr><phr n="current"><ent r="6" t="3" w="901" /><ent r="6" t="3" w="901" /><ent r="6" t="3" w="921" /><ent r="6" t="3" w="921" /><ent r="3" t="12" w="434" /><ent r="3" t="12" w="434" /><ent r="3" t="28" w="31" /><ent r="3" t="28" w="31" /><ent r="7" t="31" w="299" /><ent r="7" t="31" w="299" /><ent r="7" t="31" w="393" /><ent r="7" t="31" w="393" /><ent r="7" t="31" w="472" /><ent r="7" t="31" w="472" /><ent r="7" t="31" w="1286" /><ent r="7" t="31" w="1286" /><ent r="3" t="31" w="1345" /><ent r="3" t="31" w="1345" /><ent r="4" t="34" w="1016" /><ent r="4" t="34" w="1016" /><ent r="4" t="34" w="1258" /><ent r="4" t="34" w="1258" /><ent r="4" t="34" w="1519" /><ent r="4" t="34" w="1519" /><ent r="7" t="36" w="385" /><ent r="7" t="36" w="385" /><ent r="6" t="36" w="1260" /><ent r="6" t="36" w="1260" /><ent r="6" t="36" w="1267" /><ent r="6" t="36" w="1267" /><ent r="6" t="36" w="1300" /><ent r="6" t="36" w="1300" /><ent r="6" t="36" w="1307" /><ent r="6" t="36" w="1307" /><ent r="6" t="36" w="1359" /><ent r="6" t="36" w="1359" /><ent r="6" t="36" w="1416" /><ent r="6" t="36" w="1416" /><ent r="6" t="36" w="1667" /><ent r="6" t="36" w="1667" /></phr><phr n="Current"><ent r="8" t="36" w="380" /><ent r="8" t="36" w="380" /></phr><phr n="Currently"><ent r="3" t="44" w="78" /><ent r="3" t="44" w="78" /></phr></stem></index>