﻿<?xml version="1.0" encoding="utf-8"?><index><stem n="us"><phr n="using"><ent r="3" t="0" w="57" /><ent r="5" t="1" w="162" /><ent r="3" t="2" w="321" /><ent r="3" t="3" w="33" /><ent r="3" t="5" w="60" /><ent r="3" t="6" w="227" /><ent r="4" t="8" w="205" /><ent r="4" t="9" w="74" /><ent r="3" t="9" w="103" /><ent r="4" t="11" w="155" /><ent r="4" t="11" w="286" /><ent r="4" t="11" w="298" /><ent r="4" t="15" w="229" /><ent r="7" t="15" w="653" /><ent r="4" t="17" w="246" /><ent r="3" t="22" w="26" /><ent r="3" t="27" w="541" /><ent r="4" t="31" w="767" /><ent r="6" t="32" w="708" /><ent r="6" t="35" w="377" /><ent r="7" t="36" w="785" /><ent r="6" t="41" w="95" /><ent r="3" t="42" w="344" /></phr><phr n="Using"><ent r="64" t="0" w="176" /><ent r="100" t="3" w="6" /><ent r="102" t="3" w="17" /><ent r="65" t="11" w="139" /><ent r="64" t="32" w="113" /><ent r="64" t="34" w="1221" /></phr><phr n="Used"><ent r="4" t="2" w="70" /><ent r="4" t="2" w="92" /><ent r="4" t="2" w="121" /><ent r="4" t="2" w="142" /><ent r="4" t="2" w="166" /><ent r="4" t="31" w="48" /><ent r="6" t="35" w="232" /><ent r="7" t="36" w="966" /></phr><phr n="used"><ent r="3" t="3" w="64" /><ent r="3" t="3" w="103" /><ent r="3" t="3" w="123" /><ent r="4" t="3" w="198" /><ent r="4" t="3" w="213" /><ent r="3" t="3" w="294" /><ent r="3" t="3" w="423" /><ent r="6" t="3" w="447" /><ent r="6" t="3" w="568" /><ent r="6" t="3" w="766" /><ent r="6" t="3" w="801" /><ent r="6" t="3" w="876" /><ent r="7" t="3" w="977" /><ent r="4" t="6" w="74" /><ent r="3" t="9" w="42" /><ent r="4" t="12" w="298" /><ent r="4" t="14" w="434" /><ent r="4" t="16" w="314" /><ent r="9" t="16" w="427" /><ent r="9" t="16" w="768" /><ent r="9" t="16" w="865" /><ent r="9" t="16" w="957" /><ent r="3" t="27" w="999" /><ent r="3" t="30" w="18" /><ent r="8" t="31" w="415" /><ent r="3" t="32" w="40" /><ent r="7" t="32" w="392" /><ent r="3" t="33" w="18" /><ent r="3" t="34" w="1890" /><ent r="3" t="35" w="17" /><ent r="6" t="35" w="171" /><ent r="6" t="35" w="183" /><ent r="3" t="36" w="17" /><ent r="4" t="36" w="187" /><ent r="7" t="36" w="918" /><ent r="7" t="36" w="979" /><ent r="3" t="37" w="14" /><ent r="3" t="40" w="14" /><ent r="3" t="41" w="19" /><ent r="4" t="42" w="152" /><ent r="3" t="42" w="326" /><ent r="3" t="42" w="334" /><ent r="3" t="42" w="418" /><ent r="3" t="43" w="41" /><ent r="6" t="43" w="190" /><ent r="3" t="44" w="40" /><ent r="6" t="44" w="303" /></phr><phr n="useful"><ent r="3" t="16" w="1085" /><ent r="3" t="31" w="1408" /><ent r="6" t="32" w="170" /><ent r="3" t="34" w="163" /><ent r="6" t="35" w="366" /><ent r="7" t="36" w="588" /><ent r="3" t="42" w="45" /></phr><phr n="US"><ent r="7" t="36" w="832" /><ent r="7" t="36" w="859" /></phr></stem><stem n="web"><phr n="web"><ent r="3" t="0" w="60" /><ent r="4" t="0" w="90" /><ent r="4" t="1" w="53" /><ent r="4" t="9" w="64" /></phr><phr n="Web"><ent r="4" t="13" w="166" /><ent r="6" t="29" w="208" /><ent r="6" t="29" w="219" /></phr></stem><stem n="browser"><phr n="browser"><ent r="3" t="0" w="61" /><ent r="3" t="0" w="72" /><ent r="4" t="1" w="54" /><ent r="5" t="1" w="142" /><ent r="5" t="1" w="153" /><ent r="3" t="2" w="310" /><ent r="3" t="5" w="62" /><ent r="4" t="9" w="65" /><ent r="3" t="9" w="96" /><ent r="3" t="17" w="117" /><ent r="7" t="28" w="141" /><ent r="6" t="28" w="272" /><ent r="3" t="32" w="53" /><ent r="6" t="32" w="692" /><ent r="6" t="32" w="710" /><ent r="4" t="34" w="1071" /><ent r="6" t="36" w="1618" /><ent r="6" t="38" w="123" /><ent r="6" t="39" w="152" /></phr><phr n="browsers"><ent r="4" t="0" w="91" /><ent r="4" t="0" w="99" /></phr><phr n="Browser"><ent r="7" t="32" w="716" /></phr></stem><stem n="."><phr n="."><ent r="3" t="0" w="62" /><ent r="3" t="0" w="80" /><ent r="4" t="0" w="98" /><ent r="4" t="0" w="110" /><ent r="4" t="0" w="128" /><ent r="4" t="0" w="146" /><ent r="3" t="1" w="43" /><ent r="4" t="1" w="63" /><ent r="4" t="1" w="74" /><ent r="4" t="1" w="109" /><ent r="4" t="1" w="121" /><ent r="4" t="1" w="139" /><ent r="5" t="1" w="167" /><ent r="6" t="1" w="205" /><ent r="6" t="1" w="216" /><ent r="6" t="1" w="221" /><ent r="6" t="1" w="232" /><ent r="6" t="1" w="279" /><ent r="6" t="1" w="291" /><ent r="6" t="1" w="314" /><ent r="3" t="2" w="37" /><ent r="3" t="2" w="50" /><ent r="4" t="2" w="78" /><ent r="4" t="2" w="88" /><ent r="4" t="2" w="108" /><ent r="4" t="2" w="118" /><ent r="4" t="2" w="130" /><ent r="4" t="2" w="139" /><ent r="4" t="2" w="154" /><ent r="4" t="2" w="163" /><ent r="4" t="2" w="184" /><ent r="4" t="2" w="193" /><ent r="3" t="2" w="212" /><ent r="3" t="2" w="279" /><ent r="3" t="2" w="290" /><ent r="3" t="2" w="305" /><ent r="3" t="2" w="336" /><ent r="3" t="2" w="370" /><ent r="3" t="3" w="31" /><ent r="3" t="3" w="60" /><ent r="3" t="3" w="95" /><ent r="3" t="3" w="162" /><ent r="3" t="3" w="173" /><ent r="4" t="3" w="218" /><ent r="4" t="3" w="239" /><ent r="4" t="3" w="253" /><ent r="4" t="3" w="265" /><ent r="4" t="3" w="273" /><ent r="4" t="3" w="287" /><ent r="3" t="3" w="301" /><ent r="3" t="3" w="314" /><ent r="3" t="3" w="332" /><ent r="4" t="3" w="358" /><ent r="4" t="3" w="405" /><ent r="4" t="3" w="416" /><ent r="3" t="3" w="428" /><ent r="6" t="3" w="468" /><ent r="6" t="3" w="472" /><ent r="6" t="3" w="493" /><ent r="6" t="3" w="521" /><ent r="6" t="3" w="534" /><ent r="6" t="3" w="538" /><ent r="6" t="3" w="559" /><ent r="6" t="3" w="584" /><ent r="6" t="3" w="604" /><ent r="6" t="3" w="613" /><ent r="6" t="3" w="624" /><ent r="6" t="3" w="636" /><ent r="6" t="3" w="651" /><ent r="6" t="3" w="667" /><ent r="6" t="3" w="680" /><ent r="6" t="3" w="701" /><ent r="6" t="3" w="719" /><ent r="6" t="3" w="734" /><ent r="6" t="3" w="746" /><ent r="6" t="3" w="761" /><ent r="6" t="3" w="781" /><ent r="6" t="3" w="792" /><ent r="6" t="3" w="829" /><ent r="6" t="3" w="846" /><ent r="6" t="3" w="867" /><ent r="6" t="3" w="936" /><ent r="6" t="3" w="950" /><ent r="67" t="3" w="958" /><ent r="7" t="3" w="982" /><ent r="7" t="3" w="991" /><ent r="7" t="3" w="1001" /><ent r="5" t="3" w="1015" /><ent r="6" t="3" w="1101" /><ent r="3" t="4" w="39" /><ent r="3" t="4" w="50" /><ent r="3" t="4" w="59" /><ent r="3" t="4" w="63" /><ent r="3" t="4" w="80" /><ent r="3" t="4" w="93" /><ent r="3" t="4" w="113" /><ent r="4" t="4" w="165" /><ent r="4" t="4" w="185" /><ent r="4" t="4" w="204" /><ent r="3" t="4" w="212" /><ent r="7" t="4" w="264" /><ent r="7" t="4" w="273" /><ent r="7" t="4" w="284" /><ent r="7" t="4" w="302" /><ent r="7" t="4" w="324" /><ent r="7" t="4" w="338" /><ent r="6" t="4" w="350" /><ent r="6" t="4" w="357" /><ent r="6" t="4" w="365" /><ent r="7" t="4" w="379" /><ent r="7" t="4" w="401" /><ent r="7" t="4" w="411" /><ent r="7" t="4" w="420" /><ent r="7" t="4" w="441" /><ent r="7" t="4" w="448" /><ent r="7" t="4" w="464" /><ent r="6" t="4" w="479" /><ent r="3" t="4" w="495" /><ent r="3" t="4" w="503" /><ent r="3" t="4" w="521" /><ent r="3" t="4" w="535" /><ent r="4" t="4" w="549" /><ent r="4" t="4" w="566" /><ent r="4" t="4" w="580" /><ent r="4" t="4" w="594" /><ent r="4" t="4" w="608" /><ent r="3" t="5" w="46" /><ent r="3" t="5" w="63" /><ent r="3" t="5" w="84" /><ent r="4" t="5" w="106" /><ent r="4" t="5" w="113" /><ent r="4" t="5" w="134" /><ent r="4" t="5" w="187" /><ent r="4" t="5" w="212" /><ent r="4" t="6" w="51" /><ent r="4" t="6" w="65" /><ent r="4" t="6" w="86" /><ent r="4" t="6" w="103" /><ent r="64" t="6" w="114" /><ent r="4" t="6" w="138" /><ent r="4" t="6" w="145" /><ent r="64" t="6" w="179" /><ent r="4" t="6" w="186" /><ent r="4" t="6" w="193" /><ent r="4" t="6" w="204" /><ent r="64" t="6" w="216" /><ent r="3" t="6" w="229" /><ent r="4" t="6" w="253" /><ent r="3" t="6" w="274" /><ent r="4" t="6" w="289" /><ent r="64" t="6" w="309" /><ent r="4" t="6" w="323" /><ent r="5" t="6" w="329" /><ent r="4" t="6" w="352" /><ent r="64" t="6" w="361" /><ent r="3" t="7" w="41" /><ent r="3" t="7" w="49" /><ent r="3" t="7" w="66" /><ent r="4" t="7" w="90" /><ent r="4" t="7" w="100" /><ent r="4" t="7" w="112" /><ent r="4" t="7" w="121" /><ent r="4" t="7" w="133" /><ent r="4" t="7" w="155" /><ent r="4" t="7" w="161" /><ent r="4" t="7" w="173" /><ent r="4" t="7" w="184" /><ent r="4" t="7" w="194" /><ent r="4" t="7" w="208" /><ent r="4" t="7" w="249" /><ent r="4" t="7" w="252" /><ent r="4" t="7" w="267" /><ent r="4" t="7" w="281" /><ent r="4" t="7" w="294" /><ent r="4" t="7" w="319" /><ent r="4" t="7" w="354" /><ent r="4" t="7" w="380" /><ent r="3" t="7" w="393" /><ent r="3" t="7" w="411" /><ent r="4" t="7" w="417" /><ent r="4" t="7" w="439" /><ent r="4" t="7" w="451" /><ent r="4" t="7" w="472" /><ent r="4" t="7" w="495" /><ent r="4" t="7" w="508" /><ent r="4" t="7" w="529" /><ent r="4" t="7" w="541" /><ent r="4" t="7" w="557" /><ent r="4" t="7" w="568" /><ent r="3" t="8" w="46" /><ent r="3" t="8" w="100" /><ent r="3" t="8" w="111" /><ent r="3" t="8" w="122" /><ent r="4" t="8" w="142" /><ent r="4" t="8" w="149" /><ent r="4" t="8" w="160" /><ent r="4" t="8" w="187" /><ent r="4" t="8" w="196" /><ent r="4" t="8" w="247" /><ent r="4" t="8" w="260" /><ent r="4" t="8" w="279" /><ent r="4" t="8" w="305" /><ent r="3" t="8" w="335" /><ent r="4" t="8" w="352" /><ent r="4" t="8" w="364" /><ent r="4" t="8" w="371" /><ent r="4" t="8" w="398" /><ent r="4" t="8" w="410" /><ent r="4" t="8" w="418" /><ent r="4" t="8" w="430" /><ent r="3" t="9" w="43" /><ent r="3" t="9" w="55" /><ent r="4" t="9" w="86" /><ent r="3" t="9" w="108" /><ent r="3" t="9" w="117" /><ent r="4" t="9" w="128" /><ent r="4" t="9" w="136" /><ent r="4" t="9" w="150" /><ent r="4" t="9" w="187" /><ent r="4" t="9" w="192" /><ent r="4" t="9" w="205" /><ent r="4" t="9" w="212" /><ent r="3" t="9" w="229" /><ent r="3" t="10" w="42" /><ent r="3" t="10" w="54" /><ent r="3" t="10" w="72" /><ent r="8" t="10" w="109" /><ent r="8" t="10" w="142" /><ent r="7" t="10" w="173" /><ent r="8" t="10" w="186" /><ent r="7" t="10" w="219" /><ent r="8" t="10" w="225" /><ent r="8" t="10" w="237" /><ent r="7" t="10" w="257" /><ent r="7" t="10" w="262" /><ent r="7" t="10" w="274" /><ent r="8" t="10" w="280" /><ent r="8" t="10" w="292" /><ent r="8" t="10" w="314" /><ent r="3" t="11" w="46" /><ent r="3" t="11" w="56" /><ent r="4" t="11" w="102" /><ent r="4" t="11" w="115" /><ent r="4" t="11" w="129" /><ent r="65" t="11" w="143" /><ent r="4" t="11" w="161" /><ent r="4" t="11" w="167" /><ent r="4" t="11" w="183" /><ent r="4" t="11" w="214" /><ent r="4" t="11" w="236" /><ent r="4" t="11" w="252" /><ent r="4" t="11" w="310" /><ent r="4" t="11" w="319" /><ent r="4" t="11" w="339" /><ent r="65" t="11" w="358" /><ent r="4" t="11" w="403" /><ent r="65" t="11" w="441" /><ent r="3" t="12" w="46" /><ent r="3" t="12" w="69" /><ent r="3" t="12" w="107" /><ent r="3" t="12" w="132" /><ent r="3" t="12" w="158" /><ent r="3" t="12" w="187" /><ent r="3" t="12" w="200" /><ent r="4" t="12" w="232" /><ent r="4" t="12" w="246" /><ent r="4" t="12" w="263" /><ent r="4" t="12" w="267" /><ent r="4" t="12" w="291" /><ent r="4" t="12" w="302" /><ent r="4" t="12" w="307" /><ent r="4" t="12" w="327" /><ent r="4" t="12" w="341" /><ent r="4" t="12" w="354" /><ent r="4" t="12" w="363" /><ent r="4" t="12" w="371" /><ent r="3" t="12" w="396" /><ent r="3" t="12" w="406" /><ent r="3" t="12" w="438" /><ent r="3" t="13" w="60" /><ent r="3" t="13" w="119" /><ent r="3" t="13" w="132" /><ent r="3" t="13" w="156" /><ent r="3" t="13" w="188" /><ent r="3" t="13" w="242" /><ent r="4" t="13" w="269" /><ent r="4" t="13" w="276" /><ent r="4" t="13" w="300" /><ent r="4" t="13" w="304" /><ent r="4" t="13" w="333" /><ent r="3" t="13" w="359" /><ent r="3" t="13" w="386" /><ent r="4" t="13" w="399" /><ent r="4" t="13" w="408" /><ent r="4" t="13" w="416" /><ent r="3" t="14" w="61" /><ent r="3" t="14" w="77" /><ent r="4" t="14" w="116" /><ent r="4" t="14" w="133" /><ent r="4" t="14" w="155" /><ent r="3" t="14" w="178" /><ent r="3" t="14" w="192" /><ent r="4" t="14" w="217" /><ent r="4" t="14" w="238" /><ent r="4" t="14" w="269" /><ent r="4" t="14" w="330" /><ent r="4" t="14" w="335" /><ent r="4" t="14" w="371" /><ent r="4" t="14" w="408" /><ent r="4" t="14" w="411" /><ent r="4" t="14" w="419" /><ent r="4" t="14" w="443" /><ent r="4" t="14" w="463" /><ent r="4" t="14" w="489" /><ent r="4" t="14" w="492" /><ent r="3" t="14" w="518" /><ent r="3" t="15" w="47" /><ent r="3" t="15" w="70" /><ent r="3" t="15" w="82" /><ent r="3" t="15" w="97" /><ent r="3" t="15" w="115" /><ent r="4" t="15" w="136" /><ent r="4" t="15" w="164" /><ent r="4" t="15" w="235" /><ent r="7" t="15" w="279" /><ent r="7" t="15" w="296" /><ent r="7" t="15" w="307" /><ent r="7" t="15" w="317" /><ent r="7" t="15" w="332" /><ent r="7" t="15" w="357" /><ent r="7" t="15" w="367" /><ent r="8" t="15" w="427" /><ent r="7" t="15" w="504" /><ent r="7" t="15" w="529" /><ent r="7" t="15" w="536" /><ent r="7" t="15" w="546" /><ent r="7" t="15" w="561" /><ent r="7" t="15" w="588" /><ent r="7" t="15" w="604" /><ent r="7" t="15" w="614" /><ent r="7" t="15" w="620" /><ent r="7" t="15" w="636" /><ent r="7" t="15" w="673" /><ent r="7" t="15" w="691" /><ent r="7" t="15" w="707" /><ent r="7" t="15" w="717" /><ent r="7" t="15" w="728" /><ent r="7" t="15" w="763" /><ent r="4" t="15" w="779" /><ent r="3" t="16" w="47" /><ent r="4" t="16" w="93" /><ent r="4" t="16" w="102" /><ent r="3" t="16" w="153" /><ent r="3" t="16" w="168" /><ent r="3" t="16" w="200" /><ent r="3" t="16" w="215" /><ent r="3" t="16" w="242" /><ent r="3" t="16" w="250" /><ent r="4" t="16" w="271" /><ent r="4" t="16" w="286" /><ent r="4" t="16" w="295" /><ent r="4" t="16" w="306" /><ent r="4" t="16" w="319" /><ent r="4" t="16" w="331" /><ent r="9" t="16" w="388" /><ent r="9" t="16" w="396" /><ent r="9" t="16" w="407" /><ent r="9" t="16" w="421" /><ent r="9" t="16" w="435" /><ent r="9" t="16" w="438" /><ent r="9" t="16" w="459" /><ent r="9" t="16" w="478" /><ent r="9" t="16" w="486" /><ent r="9" t="16" w="497" /><ent r="9" t="16" w="517" /><ent r="9" t="16" w="532" /><ent r="9" t="16" w="538" /><ent r="9" t="16" w="550" /><ent r="9" t="16" w="556" /><ent r="9" t="16" w="569" /><ent r="9" t="16" w="575" /><ent r="9" t="16" w="591" /><ent r="9" t="16" w="602" /><ent r="9" t="16" w="610" /><ent r="9" t="16" w="627" /><ent r="9" t="16" w="658" /><ent r="9" t="16" w="666" /><ent r="9" t="16" w="681" /><ent r="9" t="16" w="717" /><ent r="9" t="16" w="743" /><ent r="9" t="16" w="758" /><ent r="9" t="16" w="773" /><ent r="9" t="16" w="791" /><ent r="9" t="16" w="822" /><ent r="9" t="16" w="828" /><ent r="9" t="16" w="843" /><ent r="9" t="16" w="857" /><ent r="9" t="16" w="862" /><ent r="9" t="16" w="872" /><ent r="9" t="16" w="906" /><ent r="9" t="16" w="919" /><ent r="9" t="16" w="931" /><ent r="9" t="16" w="949" /><ent r="9" t="16" w="963" /><ent r="9" t="16" w="980" /><ent r="9" t="16" w="1011" /><ent r="9" t="16" w="1017" /><ent r="9" t="16" w="1032" /><ent r="4" t="16" w="1042" /><ent r="4" t="16" w="1066" /><ent r="3" t="16" w="1097" /><ent r="3" t="16" w="1109" /><ent r="7" t="16" w="1166" /><ent r="7" t="16" w="1180" /><ent r="7" t="16" w="1198" /><ent r="7" t="16" w="1274" /><ent r="7" t="16" w="1292" /><ent r="7" t="16" w="1322" /><ent r="3" t="17" w="48" /><ent r="3" t="17" w="79" /><ent r="3" t="17" w="90" /><ent r="3" t="17" w="111" /><ent r="3" t="17" w="123" /><ent r="4" t="17" w="135" /><ent r="4" t="17" w="186" /><ent r="4" t="17" w="214" /><ent r="4" t="17" w="250" /><ent r="4" t="17" w="295" /><ent r="4" t="17" w="331" /><ent r="4" t="17" w="342" /><ent r="4" t="17" w="367" /><ent r="4" t="17" w="395" /><ent r="4" t="17" w="420" /><ent r="3" t="17" w="453" /><ent r="3" t="17" w="472" /><ent r="4" t="17" w="479" /><ent r="4" t="17" w="485" /><ent r="4" t="17" w="495" /><ent r="3" t="17" w="526" /><ent r="4" t="17" w="538" /><ent r="4" t="17" w="552" /><ent r="4" t="17" w="567" /><ent r="4" t="17" w="604" /><ent r="4" t="17" w="614" /><ent r="3" t="17" w="642" /><ent r="3" t="18" w="45" /><ent r="4" t="18" w="67" /><ent r="4" t="18" w="85" /><ent r="4" t="18" w="102" /><ent r="4" t="18" w="113" /><ent r="4" t="18" w="122" /><ent r="3" t="18" w="148" /><ent r="3" t="18" w="163" /><ent r="4" t="18" w="179" /><ent r="4" t="18" w="188" /><ent r="3" t="18" w="210" /><ent r="3" t="18" w="221" /><ent r="4" t="18" w="237" /><ent r="4" t="18" w="260" /><ent r="3" t="19" w="37" /><ent r="4" t="19" w="62" /><ent r="4" t="19" w="73" /><ent r="3" t="19" w="110" /><ent r="4" t="19" w="216" /><ent r="4" t="19" w="245" /><ent r="4" t="19" w="271" /><ent r="3" t="19" w="328" /><ent r="4" t="19" w="341" /><ent r="4" t="19" w="392" /><ent r="64" t="19" w="401" /><ent r="3" t="20" w="34" /><ent r="4" t="20" w="59" /><ent r="4" t="20" w="70" /><ent r="4" t="20" w="76" /><ent r="4" t="20" w="85" /><ent r="4" t="20" w="97" /><ent r="4" t="20" w="106" /><ent r="3" t="21" w="35" /><ent r="4" t="21" w="60" /><ent r="4" t="21" w="71" /><ent r="4" t="21" w="83" /><ent r="4" t="21" w="109" /><ent r="3" t="22" w="33" /><ent r="3" t="22" w="45" /><ent r="3" t="22" w="80" /><ent r="3" t="22" w="93" /><ent r="3" t="22" w="102" /><ent r="3" t="22" w="123" /><ent r="3" t="22" w="141" /><ent r="64" t="22" w="153" /><ent r="7" t="22" w="178" /><ent r="7" t="22" w="184" /><ent r="7" t="22" w="204" /><ent r="7" t="22" w="220" /><ent r="7" t="22" w="234" /><ent r="7" t="22" w="240" /><ent r="7" t="22" w="260" /><ent r="7" t="22" w="277" /><ent r="7" t="22" w="319" /><ent r="3" t="23" w="43" /><ent r="3" t="23" w="51" /><ent r="3" t="23" w="85" /><ent r="64" t="23" w="96" /><ent r="3" t="23" w="127" /><ent r="3" t="23" w="140" /><ent r="4" t="23" w="162" /><ent r="4" t="23" w="181" /><ent r="4" t="23" w="199" /><ent r="4" t="23" w="212" /><ent r="4" t="23" w="229" /><ent r="4" t="23" w="244" /><ent r="4" t="23" w="275" /><ent r="4" t="23" w="290" /><ent r="4" t="23" w="297" /><ent r="4" t="23" w="317" /><ent r="4" t="23" w="331" /><ent r="3" t="24" w="55" /><ent r="3" t="24" w="75" /><ent r="64" t="24" w="92" /><ent r="64" t="24" w="103" /><ent r="4" t="24" w="125" /><ent r="4" t="24" w="144" /><ent r="4" t="24" w="157" /><ent r="4" t="24" w="174" /><ent r="4" t="24" w="189" /><ent r="4" t="24" w="220" /><ent r="4" t="24" w="235" /><ent r="4" t="24" w="242" /><ent r="4" t="24" w="262" /><ent r="4" t="24" w="276" /><ent r="3" t="25" w="31" /><ent r="3" t="25" w="47" /><ent r="4" t="25" w="67" /><ent r="4" t="25" w="82" /><ent r="4" t="25" w="97" /><ent r="4" t="25" w="106" /><ent r="4" t="25" w="112" /><ent r="3" t="26" w="31" /><ent r="3" t="26" w="46" /><ent r="3" t="26" w="59" /><ent r="3" t="26" w="75" /><ent r="3" t="26" w="96" /><ent r="3" t="26" w="133" /><ent r="3" t="26" w="152" /><ent r="4" t="26" w="178" /><ent r="4" t="26" w="202" /><ent r="4" t="26" w="217" /><ent r="4" t="26" w="234" /><ent r="3" t="26" w="248" /><ent r="4" t="26" w="266" /><ent r="4" t="26" w="273" /><ent r="4" t="26" w="287" /><ent r="4" t="26" w="308" /><ent r="4" t="26" w="319" /><ent r="4" t="26" w="336" /><ent r="4" t="26" w="367" /><ent r="4" t="26" w="395" /><ent r="4" t="26" w="432" /><ent r="4" t="26" w="447" /><ent r="4" t="26" w="458" /><ent r="4" t="26" w="468" /><ent r="4" t="26" w="492" /><ent r="5" t="26" w="508" /><ent r="4" t="26" w="526" /><ent r="4" t="26" w="537" /><ent r="3" t="26" w="575" /><ent r="3" t="26" w="584" /><ent r="3" t="26" w="598" /><ent r="4" t="26" w="612" /><ent r="4" t="26" w="625" /><ent r="4" t="26" w="640" /><ent r="4" t="26" w="652" /><ent r="4" t="26" w="662" /><ent r="4" t="26" w="707" /><ent r="3" t="26" w="721" /><ent r="3" t="26" w="736" /><ent r="3" t="26" w="771" /><ent r="3" t="26" w="787" /><ent r="3" t="27" w="39" /><ent r="3" t="27" w="79" /><ent r="3" t="27" w="98" /><ent r="4" t="27" w="121" /><ent r="4" t="27" w="153" /><ent r="4" t="27" w="183" /><ent r="4" t="27" w="194" /><ent r="4" t="27" w="222" /><ent r="4" t="27" w="246" /><ent r="4" t="27" w="262" /><ent r="3" t="27" w="300" /><ent r="3" t="27" w="314" /><ent r="4" t="27" w="337" /><ent r="4" t="27" w="358" /><ent r="4" t="27" w="371" /><ent r="4" t="27" w="387" /><ent r="4" t="27" w="422" /><ent r="4" t="27" w="447" /><ent r="4" t="27" w="461" /><ent r="4" t="27" w="486" /><ent r="3" t="27" w="519" /><ent r="3" t="27" w="625" /><ent r="3" t="27" w="653" /><ent r="4" t="27" w="669" /><ent r="4" t="27" w="683" /><ent r="4" t="27" w="692" /><ent r="4" t="27" w="709" /><ent r="3" t="27" w="777" /><ent r="3" t="27" w="790" /><ent r="3" t="27" w="804" /><ent r="4" t="27" w="882" /><ent r="4" t="27" w="912" /><ent r="4" t="27" w="942" /><ent r="3" t="27" w="970" /><ent r="3" t="27" w="1013" /><ent r="4" t="28" w="51" /><ent r="4" t="28" w="63" /><ent r="4" t="28" w="71" /><ent r="4" t="28" w="78" /><ent r="3" t="28" w="86" /><ent r="3" t="28" w="108" /><ent r="7" t="28" w="130" /><ent r="7" t="28" w="142" /><ent r="7" t="28" w="158" /><ent r="7" t="28" w="171" /><ent r="7" t="28" w="179" /><ent r="6" t="28" w="189" /><ent r="6" t="28" w="199" /><ent r="7" t="28" w="213" /><ent r="7" t="28" w="226" /><ent r="7" t="28" w="233" /><ent r="7" t="28" w="241" /><ent r="7" t="28" w="251" /><ent r="7" t="28" w="268" /><ent r="6" t="28" w="279" /><ent r="6" t="28" w="290" /><ent r="7" t="28" w="303" /><ent r="7" t="28" w="313" /><ent r="6" t="28" w="321" /><ent r="6" t="28" w="334" /><ent r="3" t="29" w="29" /><ent r="6" t="29" w="54" /><ent r="6" t="29" w="68" /><ent r="6" t="29" w="82" /><ent r="6" t="29" w="118" /><ent r="6" t="29" w="131" /><ent r="6" t="29" w="146" /><ent r="6" t="29" w="161" /><ent r="6" t="29" w="184" /><ent r="6" t="29" w="221" /><ent r="6" t="29" w="237" /><ent r="6" t="29" w="252" /><ent r="6" t="29" w="267" /><ent r="6" t="29" w="290" /><ent r="6" t="29" w="304" /><ent r="6" t="29" w="322" /><ent r="7" t="29" w="341" /><ent r="7" t="29" w="352" /><ent r="7" t="29" w="363" /><ent r="7" t="29" w="378" /><ent r="7" t="29" w="393" /><ent r="7" t="29" w="408" /><ent r="7" t="29" w="418" /><ent r="7" t="29" w="428" /><ent r="7" t="29" w="442" /><ent r="7" t="29" w="453" /><ent r="3" t="29" w="490" /><ent r="3" t="29" w="515" /><ent r="3" t="30" w="34" /><ent r="3" t="31" w="37" /><ent r="4" t="31" w="64" /><ent r="4" t="31" w="78" /><ent r="3" t="31" w="98" /><ent r="3" t="31" w="106" /><ent r="3" t="31" w="115" /><ent r="3" t="31" w="137" /><ent r="3" t="31" w="151" /><ent r="3" t="31" w="175" /><ent r="3" t="31" w="189" /><ent r="3" t="31" w="204" /><ent r="3" t="31" w="220" /><ent r="4" t="31" w="495" /><ent r="4" t="31" w="508" /><ent r="4" t="31" w="529" /><ent r="4" t="31" w="544" /><ent r="4" t="31" w="561" /><ent r="4" t="31" w="574" /><ent r="4" t="31" w="584" /><ent r="4" t="31" w="618" /><ent r="3" t="31" w="660" /><ent r="3" t="31" w="679" /><ent r="3" t="31" w="685" /><ent r="3" t="31" w="691" /><ent r="3" t="31" w="714" /><ent r="3" t="31" w="828" /><ent r="3" t="31" w="849" /><ent r="3" t="31" w="864" /><ent r="4" t="31" w="902" /><ent r="4" t="31" w="937" /><ent r="65" t="31" w="945" /><ent r="3" t="31" w="962" /><ent r="3" t="31" w="1007" /><ent r="3" t="31" w="1027" /><ent r="3" t="31" w="1102" /><ent r="3" t="31" w="1112" /><ent r="7" t="31" w="1184" /><ent r="7" t="31" w="1193" /><ent r="7" t="31" w="1199" /><ent r="7" t="31" w="1236" /><ent r="7" t="31" w="1252" /><ent r="3" t="31" w="1295" /><ent r="3" t="31" w="1364" /><ent r="3" t="31" w="1475" /><ent r="3" t="31" w="1503" /><ent r="3" t="31" w="1521" /><ent r="3" t="32" w="59" /><ent r="3" t="32" w="74" /><ent r="3" t="32" w="88" /><ent r="3" t="32" w="104" /><ent r="3" t="32" w="118" /><ent r="3" t="32" w="126" /><ent r="3" t="32" w="146" /><ent r="6" t="32" w="168" /><ent r="6" t="32" w="175" /><ent r="6" t="32" w="200" /><ent r="6" t="32" w="220" /><ent r="6" t="32" w="233" /><ent r="6" t="32" w="241" /><ent r="6" t="32" w="251" /><ent r="6" t="32" w="262" /><ent r="6" t="32" w="288" /><ent r="6" t="32" w="299" /><ent r="6" t="32" w="315" /><ent r="6" t="32" w="323" /><ent r="6" t="32" w="331" /><ent r="7" t="32" w="389" /><ent r="7" t="32" w="409" /><ent r="7" t="32" w="417" /><ent r="7" t="32" w="428" /><ent r="7" t="32" w="437" /><ent r="7" t="32" w="452" /><ent r="6" t="32" w="473" /><ent r="6" t="32" w="483" /><ent r="6" t="32" w="493" /><ent r="6" t="32" w="527" /><ent r="6" t="32" w="537" /><ent r="6" t="32" w="547" /><ent r="6" t="32" w="561" /><ent r="6" t="32" w="581" /><ent r="6" t="32" w="595" /><ent r="6" t="32" w="607" /><ent r="6" t="32" w="619" /><ent r="6" t="32" w="629" /><ent r="6" t="32" w="637" /><ent r="6" t="32" w="643" /><ent r="6" t="32" w="652" /><ent r="6" t="32" w="661" /><ent r="6" t="32" w="667" /><ent r="6" t="32" w="676" /><ent r="6" t="32" w="687" /><ent r="6" t="32" w="701" /><ent r="6" t="32" w="704" /><ent r="6" t="32" w="724" /><ent r="6" t="32" w="735" /><ent r="6" t="32" w="749" /><ent r="3" t="33" w="27" /><ent r="3" t="33" w="43" /><ent r="3" t="34" w="39" /><ent r="3" t="34" w="69" /><ent r="3" t="34" w="93" /><ent r="3" t="34" w="120" /><ent r="3" t="34" w="153" /><ent r="4" t="34" w="184" /><ent r="4" t="34" w="212" /><ent r="4" t="34" w="225" /><ent r="65" t="34" w="245" /><ent r="3" t="34" w="365" /><ent r="3" t="34" w="378" /><ent r="4" t="34" w="516" /><ent r="3" t="34" w="544" /><ent r="3" t="34" w="561" /><ent r="3" t="34" w="580" /><ent r="3" t="34" w="600" /><ent r="3" t="34" w="614" /><ent r="3" t="34" w="634" /><ent r="3" t="34" w="653" /><ent r="3" t="34" w="675" /><ent r="3" t="34" w="686" /><ent r="3" t="34" w="777" /><ent r="3" t="34" w="797" /><ent r="3" t="34" w="824" /><ent r="3" t="34" w="838" /><ent r="3" t="34" w="874" /><ent r="3" t="34" w="895" /><ent r="4" t="34" w="912" /><ent r="4" t="34" w="929" /><ent r="4" t="34" w="935" /><ent r="4" t="34" w="944" /><ent r="4" t="34" w="957" /><ent r="4" t="34" w="966" /><ent r="4" t="34" w="1023" /><ent r="4" t="34" w="1052" /><ent r="4" t="34" w="1066" /><ent r="4" t="34" w="1077" /><ent r="3" t="34" w="1095" /><ent r="3" t="34" w="1141" /><ent r="4" t="34" w="1157" /><ent r="4" t="34" w="1175" /><ent r="3" t="34" w="1208" /><ent r="3" t="34" w="1213" /><ent r="3" t="34" w="1226" /><ent r="4" t="34" w="1240" /><ent r="4" t="34" w="1248" /><ent r="3" t="34" w="1280" /><ent r="3" t="34" w="1298" /><ent r="4" t="34" w="1323" /><ent r="3" t="34" w="1365" /><ent r="4" t="34" w="1413" /><ent r="4" t="34" w="1431" /><ent r="4" t="34" w="1464" /><ent r="4" t="34" w="1481" /><ent r="3" t="34" w="1519" /><ent r="3" t="34" w="1546" /><ent r="3" t="34" w="1570" /><ent r="4" t="34" w="1587" /><ent r="4" t="34" w="1599" /><ent r="4" t="34" w="1604" /><ent r="4" t="34" w="1626" /><ent r="4" t="34" w="1643" /><ent r="4" t="34" w="1657" /><ent r="4" t="34" w="1680" /><ent r="4" t="34" w="1694" /><ent r="3" t="34" w="1722" /><ent r="3" t="34" w="1743" /><ent r="4" t="34" w="1763" /><ent r="4" t="34" w="1781" /><ent r="4" t="34" w="1803" /><ent r="4" t="34" w="1822" /><ent r="4" t="34" w="1835" /><ent r="4" t="34" w="1867" /><ent r="4" t="34" w="1881" /><ent r="3" t="34" w="1903" /><ent r="3" t="34" w="1916" /><ent r="3" t="34" w="1926" /><ent r="4" t="34" w="1969" /><ent r="4" t="34" w="1977" /><ent r="4" t="34" w="1992" /><ent r="4" t="34" w="2018" /><ent r="4" t="34" w="2028" /><ent r="4" t="34" w="2041" /><ent r="4" t="34" w="2083" /><ent r="4" t="34" w="2146" /><ent r="4" t="34" w="2158" /><ent r="3" t="35" w="27" /><ent r="3" t="35" w="38" /><ent r="3" t="35" w="49" /><ent r="3" t="35" w="58" /><ent r="3" t="35" w="67" /><ent r="6" t="35" w="88" /><ent r="6" t="35" w="98" /><ent r="6" t="35" w="112" /><ent r="6" t="35" w="123" /><ent r="6" t="35" w="143" /><ent r="6" t="35" w="163" /><ent r="6" t="35" w="175" /><ent r="6" t="35" w="187" /><ent r="6" t="35" w="202" /><ent r="6" t="35" w="221" /><ent r="6" t="35" w="228" /><ent r="6" t="35" w="242" /><ent r="6" t="35" w="253" /><ent r="6" t="35" w="261" /><ent r="6" t="35" w="277" /><ent r="6" t="35" w="287" /><ent r="6" t="35" w="301" /><ent r="6" t="35" w="312" /><ent r="6" t="35" w="324" /><ent r="6" t="35" w="335" /><ent r="6" t="35" w="349" /><ent r="6" t="35" w="364" /><ent r="6" t="35" w="382" /><ent r="7" t="35" w="397" /><ent r="7" t="35" w="408" /><ent r="6" t="35" w="420" /><ent r="6" t="35" w="438" /><ent r="7" t="35" w="450" /><ent r="6" t="35" w="460" /><ent r="3" t="36" w="25" /><ent r="4" t="36" w="49" /><ent r="4" t="36" w="70" /><ent r="4" t="36" w="93" /><ent r="4" t="36" w="103" /><ent r="4" t="36" w="120" /><ent r="3" t="36" w="153" /><ent r="3" t="36" w="170" /><ent r="4" t="36" w="193" /><ent r="4" t="36" w="206" /><ent r="4" t="36" w="214" /><ent r="3" t="36" w="228" /><ent r="7" t="36" w="257" /><ent r="7" t="36" w="268" /><ent r="7" t="36" w="279" /><ent r="7" t="36" w="292" /><ent r="7" t="36" w="307" /><ent r="7" t="36" w="327" /><ent r="7" t="36" w="346" /><ent r="7" t="36" w="364" /><ent r="7" t="36" w="381" /><ent r="7" t="36" w="397" /><ent r="7" t="36" w="423" /><ent r="7" t="36" w="432" /><ent r="7" t="36" w="450" /><ent r="7" t="36" w="464" /><ent r="7" t="36" w="480" /><ent r="7" t="36" w="487" /><ent r="7" t="36" w="501" /><ent r="7" t="36" w="517" /><ent r="7" t="36" w="570" /><ent r="7" t="36" w="586" /><ent r="7" t="36" w="603" /><ent r="7" t="36" w="616" /><ent r="7" t="36" w="636" /><ent r="7" t="36" w="654" /><ent r="7" t="36" w="669" /><ent r="7" t="36" w="687" /><ent r="7" t="36" w="702" /><ent r="7" t="36" w="713" /><ent r="7" t="36" w="727" /><ent r="7" t="36" w="741" /><ent r="7" t="36" w="750" /><ent r="7" t="36" w="756" /><ent r="7" t="36" w="766" /><ent r="7" t="36" w="781" /><ent r="7" t="36" w="796" /><ent r="7" t="36" w="811" /><ent r="7" t="36" w="826" /><ent r="7" t="36" w="839" /><ent r="7" t="36" w="865" /><ent r="7" t="36" w="878" /><ent r="7" t="36" w="888" /><ent r="7" t="36" w="928" /><ent r="7" t="36" w="943" /><ent r="7" t="36" w="958" /><ent r="7" t="36" w="966" /><ent r="7" t="36" w="989" /><ent r="7" t="36" w="994" /><ent r="7" t="36" w="1003" /><ent r="7" t="36" w="1038" /><ent r="7" t="36" w="1064" /><ent r="7" t="36" w="1086" /><ent r="7" t="36" w="1093" /><ent r="3" t="36" w="1115" /><ent r="6" t="36" w="1139" /><ent r="6" t="36" w="1153" /><ent r="6" t="36" w="1178" /><ent r="6" t="36" w="1193" /><ent r="6" t="36" w="1235" /><ent r="6" t="36" w="1248" /><ent r="6" t="36" w="1291" /><ent r="6" t="36" w="1306" /><ent r="6" t="36" w="1318" /><ent r="3" t="36" w="1336" /><ent r="3" t="36" w="1355" /><ent r="3" t="36" w="1375" /><ent r="6" t="36" w="1414" /><ent r="6" t="36" w="1420" /><ent r="6" t="36" w="1442" /><ent r="6" t="36" w="1464" /><ent r="6" t="36" w="1479" /><ent r="6" t="36" w="1494" /><ent r="6" t="36" w="1512" /><ent r="6" t="36" w="1522" /><ent r="6" t="36" w="1532" /><ent r="6" t="36" w="1543" /><ent r="7" t="36" w="1561" /><ent r="7" t="36" w="1573" /><ent r="7" t="36" w="1581" /><ent r="7" t="36" w="1588" /><ent r="6" t="36" w="1605" /><ent r="6" t="36" w="1622" /><ent r="6" t="36" w="1628" /><ent r="3" t="37" w="27" /><ent r="3" t="38" w="22" /><ent r="3" t="38" w="39" /><ent r="3" t="38" w="53" /><ent r="3" t="38" w="64" /><ent r="6" t="38" w="99" /><ent r="6" t="38" w="121" /><ent r="6" t="38" w="137" /><ent r="6" t="38" w="160" /><ent r="6" t="38" w="166" /><ent r="6" t="38" w="177" /><ent r="6" t="38" w="187" /><ent r="6" t="38" w="198" /><ent r="6" t="38" w="208" /><ent r="7" t="38" w="260" /><ent r="7" t="38" w="280" /><ent r="7" t="38" w="299" /><ent r="6" t="38" w="315" /><ent r="6" t="38" w="323" /><ent r="6" t="38" w="348" /><ent r="6" t="38" w="355" /><ent r="3" t="39" w="25" /><ent r="3" t="39" w="35" /><ent r="3" t="39" w="52" /><ent r="3" t="39" w="66" /><ent r="3" t="39" w="77" /><ent r="3" t="39" w="85" /><ent r="3" t="39" w="96" /><ent r="5" t="39" w="113" /><ent r="5" t="39" w="124" /><ent r="6" t="39" w="147" /><ent r="6" t="39" w="166" /><ent r="6" t="39" w="175" /><ent r="6" t="39" w="190" /><ent r="6" t="39" w="198" /><ent r="6" t="39" w="207" /><ent r="6" t="39" w="216" /><ent r="6" t="39" w="225" /><ent r="3" t="40" w="22" /><ent r="3" t="40" w="43" /><ent r="3" t="41" w="31" /><ent r="3" t="41" w="41" /><ent r="3" t="41" w="51" /><ent r="6" t="41" w="77" /><ent r="6" t="41" w="100" /><ent r="6" t="41" w="133" /><ent r="6" t="41" w="144" /><ent r="6" t="41" w="163" /><ent r="6" t="41" w="198" /><ent r="6" t="41" w="231" /><ent r="6" t="41" w="252" /><ent r="3" t="42" w="42" /><ent r="3" t="42" w="48" /><ent r="3" t="42" w="60" /><ent r="3" t="42" w="74" /><ent r="3" t="42" w="91" /><ent r="3" t="42" w="103" /><ent r="4" t="42" w="122" /><ent r="4" t="42" w="139" /><ent r="4" t="42" w="145" /><ent r="4" t="42" w="160" /><ent r="4" t="42" w="172" /><ent r="4" t="42" w="191" /><ent r="4" t="42" w="227" /><ent r="3" t="42" w="251" /><ent r="4" t="42" w="306" /><ent r="3" t="42" w="320" /><ent r="3" t="42" w="327" /><ent r="3" t="42" w="348" /><ent r="4" t="42" w="360" /><ent r="3" t="42" w="374" /><ent r="4" t="42" w="390" /><ent r="3" t="42" w="427" /><ent r="4" t="42" w="438" /><ent r="4" t="42" w="453" /><ent r="4" t="42" w="462" /><ent r="4" t="42" w="478" /><ent r="4" t="42" w="496" /><ent r="3" t="42" w="512" /><ent r="3" t="43" w="29" /><ent r="3" t="43" w="51" /><ent r="6" t="43" w="68" /><ent r="6" t="43" w="79" /><ent r="6" t="43" w="86" /><ent r="6" t="43" w="96" /><ent r="6" t="43" w="131" /><ent r="6" t="43" w="149" /><ent r="6" t="43" w="160" /><ent r="6" t="43" w="170" /><ent r="6" t="43" w="183" /><ent r="6" t="43" w="201" /><ent r="3" t="44" w="28" /><ent r="3" t="44" w="50" /><ent r="3" t="44" w="73" /><ent r="4" t="44" w="111" /><ent r="4" t="44" w="124" /><ent r="4" t="44" w="151" /><ent r="4" t="44" w="165" /><ent r="4" t="44" w="189" /><ent r="3" t="44" w="220" /><ent r="3" t="44" w="233" /><ent r="6" t="44" w="256" /><ent r="6" t="44" w="275" /><ent r="6" t="44" w="292" /><ent r="6" t="44" w="309" /><ent r="6" t="44" w="324" /><ent r="6" t="44" w="391" /><ent r="6" t="44" w="404" /><ent r="6" t="44" w="417" /><ent r="6" t="44" w="437" /><ent r="6" t="44" w="455" /><ent r="6" t="44" w="473" /><ent r="6" t="44" w="504" /><ent r="6" t="44" w="515" /><ent r="6" t="44" w="527" /><ent r="6" t="44" w="538" /><ent r="6" t="44" w="550" /></phr></stem></index>