﻿<?xml version="1.0" encoding="utf-8"?><index><stem n="press"><phr n="press"><ent r="4" t="7" w="303" /><ent r="4" t="7" w="328" /><ent r="4" t="7" w="342" /><ent r="4" t="7" w="361" /><ent r="4" t="7" w="427" /><ent r="4" t="9" w="346" /></phr><phr n="Press"><ent r="4" t="7" w="447" /></phr></stem><stem n="overrid"><phr n="overriding"><ent r="4" t="7" w="313" /></phr><phr n="override"><ent r="4" t="7" w="318" /><ent r="4" t="31" w="583" /><ent r="3" t="31" w="1012" /></phr></stem><stem n="ye"><phr n="yes"><ent r="5" t="7" w="324" /><ent r="5" t="9" w="184" /><ent r="5" t="9" w="253" /><ent r="5" t="14" w="328" /></phr><phr n="Yes"><ent r="4" t="9" w="172" /></phr></stem><stem n="listen"><phr n="listener"><ent r="4" t="7" w="340" /><ent r="4" t="7" w="359" /><ent r="3" t="9" w="332" /><ent r="4" t="42" w="176" /><ent r="7" t="45" w="172" /></phr><phr n="Listener"><ent r="4" t="9" w="263" /><ent r="100" t="42" w="13" /><ent r="3" t="42" w="96" /><ent r="3" t="42" w="108" /><ent r="4" t="42" w="116" /><ent r="3" t="42" w="124" /><ent r="7" t="45" w="352" /></phr><phr n="Listen"><ent r="5" t="11" w="307" /><ent r="8" t="45" w="144" /><ent r="8" t="45" w="147" /></phr></stem><stem n="“8182”."><phr n="“8182”."><ent r="4" t="7" w="371" /></phr></stem><stem n="rememb"><phr n="Remember"><ent r="5" t="7" w="372" /></phr></stem><stem n="summari"><phr n="summary"><ent r="4" t="7" w="410" /><ent r="4" t="17" w="566" /><ent r="3" t="17" w="830" /><ent r="3" t="18" w="23" /><ent r="4" t="26" w="625" /><ent r="3" t="34" w="1159" /><ent r="6" t="35" w="508" /><ent r="7" t="36" w="880" /><ent r="7" t="36" w="929" /></phr><phr n="Summary"><ent r="92" t="17" w="825" /><ent r="4" t="18" w="120" /><ent r="4" t="26" w="485" /><ent r="5" t="26" w="645" /><ent r="7" t="35" w="505" /></phr></stem><stem n="“&lt;”"><phr n="“&lt;”"><ent r="4" t="7" w="420" /></phr></stem><stem n="go"><phr n="go"><ent r="4" t="7" w="421" /><ent r="7" t="35" w="496" /><ent r="7" t="36" w="632" /></phr><phr n="going"><ent r="3" t="31" w="1562" /></phr><phr n="Go"><ent r="7" t="44" w="408" /></phr></stem><stem n="appli"><phr n="apply"><ent r="4" t="7" w="432" /><ent r="4" t="8" w="174" /><ent r="7" t="15" w="684" /><ent r="3" t="31" w="696" /><ent r="7" t="31" w="1203" /><ent r="4" t="34" w="2077" /><ent r="3" t="41" w="39" /><ent r="3" t="42" w="436" /></phr><phr n="applied"><ent r="4" t="7" w="445" /></phr><phr n="Apply"><ent r="5" t="8" w="167" /><ent r="5" t="19" w="208" /><ent r="5" t="20" w="100" /><ent r="5" t="34" w="2063" /><ent r="4" t="41" w="48" /><ent r="5" t="42" w="421" /><ent r="5" t="42" w="468" /></phr><phr n="applies"><ent r="7" t="15" w="501" /><ent r="3" t="31" w="846" /><ent r="7" t="31" w="1212" /></phr></stem><stem n="should"><phr n="should"><ent r="4" t="7" w="439" /><ent r="3" t="8" w="101" /><ent r="3" t="14" w="185" /><ent r="7" t="15" w="671" /><ent r="9" t="16" w="372" /><ent r="9" t="16" w="766" /><ent r="3" t="16" w="1075" /><ent r="3" t="17" w="612" /><ent r="3" t="19" w="226" /><ent r="4" t="19" w="233" /><ent r="4" t="31" w="54" /><ent r="4" t="34" w="2056" /><ent r="6" t="38" w="343" /><ent r="3" t="40" w="44" /><ent r="6" t="41" w="242" /><ent r="6" t="44" w="344" /></phr></stem><stem n="successfulli"><phr n="successfully"><ent r="4" t="7" w="446" /><ent r="3" t="29" w="486" /></phr></stem><stem n="return"><phr n="return"><ent r="4" t="7" w="452" /><ent r="4" t="7" w="463" /><ent r="4" t="12" w="364" /><ent r="4" t="13" w="422" /></phr><phr n="Return"><ent r="4" t="9" w="353" /></phr><phr n="returns"><ent r="4" t="23" w="294" /><ent r="4" t="24" w="239" /></phr></stem><stem n="x"><phr n="x"><ent r="5" t="7" w="460" /><ent r="7" t="38" w="145" /><ent r="7" t="38" w="150" /></phr></stem><stem n=":licens"><phr n=":license"><ent r="100" t="8" w="15" /></phr></stem><stem n="befor"><phr n="before"><ent r="3" t="8" w="34" /><ent r="7" t="10" w="212" /><ent r="4" t="13" w="295" /><ent r="4" t="26" w="671" /><ent r="6" t="28" w="399" /><ent r="3" t="31" w="928" /><ent r="6" t="32" w="322" /><ent r="6" t="32" w="609" /><ent r="3" t="34" w="1986" /><ent r="6" t="35" w="387" /><ent r="3" t="46" w="119" /></phr><phr n="Before"><ent r="3" t="12" w="26" /></phr></stem><stem n="close"><phr n="Close"><ent r="5" t="8" w="122" /><ent r="4" t="14" w="413" /><ent r="4" t="14" w="498" /></phr><phr n="closes"><ent r="4" t="15" w="732" /></phr></stem><stem n="dismiss"><phr n="dismiss"><ent r="4" t="8" w="125" /><ent r="4" t="14" w="478" /><ent r="4" t="26" w="727" /></phr></stem><stem n="scroll"><phr n="Scroll"><ent r="4" t="8" w="140" /></phr></stem><stem n="brows"><phr n="Browse"><ent r="5" t="8" w="149" /><ent r="8" t="35" w="455" /><ent r="5" t="42" w="292" /><ent r="5" t="42" w="412" /></phr><phr n="browse"><ent r="4" t="23" w="222" /><ent r="4" t="24" w="167" /></phr></stem><stem n="agreement"><phr n="Agreement"><ent r="4" t="8" w="179" /><ent r="4" t="8" w="194" /></phr></stem><stem n="now"><phr n="now"><ent r="4" t="8" w="200" /><ent r="4" t="11" w="365" /><ent r="3" t="14" w="513" /><ent r="4" t="17" w="584" /><ent r="3" t="17" w="632" /><ent r="4" t="17" w="756" /></phr></stem><stem n=":remot"><phr n=":remote"><ent r="100" t="9" w="17" /></phr></stem><stem n="securespan"><phr n="SecureSpan"><ent r="100" t="9" w="20" /><ent r="100" t="14" w="22" /><ent r="3" t="17" w="150" /><ent r="100" t="30" w="9" /><ent r="100" t="32" w="22" /><ent r="4" t="46" w="186" /><ent r="4" t="46" w="407" /></phr></stem><stem n=":node"><phr n=":nodes"><ent r="100" t="9" w="22" /></phr></stem><stem n="5"><phr n="5"><ent r="5" t="9" w="154" /><ent r="5" t="14" w="299" /><ent r="5" t="14" w="315" /><ent r="4" t="26" w="715" /><ent r="8" t="45" w="340" /></phr></stem><stem n="verifi"><phr n="Verify"><ent r="4" t="9" w="162" /><ent r="7" t="36" w="608" /></phr><phr n="verify"><ent r="4" t="26" w="692" /></phr></stem><stem n="read"><phr n="reads"><ent r="4" t="9" w="167" /></phr></stem><stem n="“remot"><phr n="“Remote"><ent r="4" t="9" w="168" /></phr></stem><stem n="’t,"><phr n="’t,"><ent r="4" t="9" w="177" /></phr></stem><stem n="4"><phr n="4"><ent r="5" t="9" w="189" /><ent r="64" t="31" w="1404" /></phr></stem><stem n="(new"><phr n="(New"><ent r="4" t="9" w="191" /></phr></stem><stem n="fulli"><phr n="Fully"><ent r="4" t="9" w="205" /></phr><phr n="fully"><ent r="4" t="11" w="261" /></phr></stem><stem n="qualifi"><phr n="Qualified"><ent r="4" t="9" w="206" /></phr><phr n="qualified"><ent r="4" t="11" w="262" /></phr></stem><stem n="domain"><phr n="Domain"><ent r="4" t="9" w="207" /></phr><phr n="domain"><ent r="4" t="9" w="226" /><ent r="4" t="11" w="263" /></phr></stem><stem n="append"><phr n="appended"><ent r="4" t="9" w="221" /></phr></stem><stem n="machine.domain"><phr n="machine.domain"><ent r="4" t="9" w="226" /><ent r="4" t="9" w="225" /></phr></stem><stem n="machine.domain.com"><phr n="machine.domain.com"><ent r="4" t="9" w="227" /><ent r="4" t="9" w="225" /></phr></stem><stem n="“https://machine.domain.com:8182”)."><phr n="“https://machine.domain.com:8182”)."><ent r="4" t="9" w="229" /></phr></stem><stem n="examin"><phr n="Examine"><ent r="4" t="9" w="246" /><ent r="4" t="12" w="278" /><ent r="4" t="17" w="698" /></phr><phr n="examine"><ent r="4" t="14" w="467" /></phr></stem><stem n="(listen"><phr n="(Listener"><ent r="4" t="9" w="263" /><ent r="7" t="45" w="352" /></phr></stem><stem n="lan"><phr n="LAN"><ent r="4" t="9" w="275" /></phr></stem><stem n="eth0"><phr n="eth0"><ent r="4" t="9" w="279" /><ent r="3" t="9" w="312" /></phr></stem><stem n="“eth0”"><phr n="“eth0”"><ent r="4" t="9" w="280" /></phr></stem><stem n="diagram"><phr n="diagrams"><ent r="4" t="9" w="284" /></phr></stem><stem n="deploy"><phr n="Deployment"><ent r="4" t="9" w="287" /></phr><phr n="deployment"><ent r="3" t="9" w="319" /></phr></stem><stem n="guid"><phr n="Guide"><ent r="4" t="9" w="288" /></phr></stem><stem n="appendix"><phr n="appendix"><ent r="4" t="9" w="292" /></phr></stem><stem n="‘*’"><phr n="‘*’"><ent r="3" t="9" w="329" /><ent r="4" t="27" w="716" /></phr></stem><stem n="asterisk"><phr n="asterisk"><ent r="3" t="9" w="329" /><ent r="4" t="42" w="138" /></phr></stem><stem n="(asterisk)"><phr n="(asterisk)"><ent r="3" t="9" w="330" /></phr></stem><stem n="r"><phr n="R"><ent r="5" t="9" w="360" /></phr></stem><stem n=":organ"><phr n=":organizing"><ent r="100" t="10" w="17" /><ent r="100" t="10" w="20" /><ent r="100" t="10" w="23" /></phr></stem><stem n="sens"><phr n="sense"><ent r="3" t="10" w="39" /></phr></stem><stem n="&quot;administrator&quot;"><phr n="&quot;Administrator&quot;"><ent r="3" t="10" w="62" /></phr></stem><stem n="organiz"><phr n="organizational"><ent r="3" t="10" w="70" /></phr></stem><stem n="move"><phr n="Move"><ent r="7" t="10" w="127" /><ent r="9" t="10" w="143" /><ent r="7" t="10" w="172" /><ent r="9" t="10" w="187" /><ent r="7" t="32" w="260" /><ent r="7" t="32" w="344" /></phr><phr n="moved"><ent r="8" t="10" w="139" /><ent r="7" t="10" w="168" /><ent r="7" t="22" w="268" /><ent r="4" t="23" w="306" /><ent r="4" t="24" w="251" /></phr><phr n="move"><ent r="7" t="10" w="159" /><ent r="8" t="10" w="183" /><ent r="4" t="15" w="149" /><ent r="6" t="32" w="351" /><ent r="6" t="32" w="551" /></phr><phr n="Moves"><ent r="6" t="32" w="527" /></phr></stem><stem n="destin"><phr n="destination"><ent r="8" t="10" w="148" /><ent r="8" t="10" w="192" /><ent r="9" t="16" w="725" /><ent r="4" t="17" w="437" /><ent r="4" t="17" w="480" /><ent r="3" t="17" w="487" /><ent r="3" t="17" w="500" /><ent r="3" t="17" w="514" /><ent r="4" t="17" w="549" /><ent r="3" t="17" w="677" /><ent r="3" t="17" w="685" /><ent r="3" t="17" w="791" /><ent r="3" t="18" w="208" /><ent r="3" t="32" w="113" /><ent r="6" t="32" w="538" /><ent r="6" t="32" w="558" /><ent r="3" t="34" w="67" /><ent r="4" t="34" w="350" /><ent r="4" t="34" w="465" /><ent r="4" t="34" w="510" /><ent r="4" t="34" w="570" /><ent r="3" t="34" w="645" /><ent r="3" t="34" w="750" /><ent r="4" t="34" w="768" /><ent r="4" t="34" w="1000" /><ent r="4" t="34" w="1027" /><ent r="5" t="34" w="1099" /><ent r="4" t="34" w="1116" /><ent r="3" t="34" w="1275" /><ent r="3" t="34" w="1430" /><ent r="4" t="34" w="1455" /><ent r="4" t="34" w="1463" /><ent r="4" t="34" w="1494" /><ent r="4" t="34" w="1506" /><ent r="4" t="34" w="1546" /><ent r="4" t="34" w="1569" /><ent r="3" t="34" w="1598" /><ent r="3" t="34" w="1620" /><ent r="4" t="34" w="2079" /><ent r="4" t="34" w="2107" /><ent r="4" t="34" w="2121" /><ent r="6" t="35" w="208" /></phr><phr n="Destination"><ent r="66" t="17" w="290" /><ent r="66" t="17" w="358" /><ent r="4" t="17" w="421" /><ent r="66" t="17" w="449" /><ent r="3" t="17" w="460" /><ent r="66" t="17" w="538" /><ent r="82" t="34" w="1260" /><ent r="3" t="34" w="1264" /><ent r="82" t="34" w="1321" /><ent r="3" t="34" w="1327" /><ent r="4" t="34" w="1421" /><ent r="4" t="34" w="1736" /><ent r="3" t="34" w="1809" /><ent r="5" t="34" w="2048" /><ent r="7" t="35" w="204" /></phr><phr n="destinations"><ent r="4" t="34" w="1755" /></phr></stem><stem n="[ok"><phr n="[OK"><ent r="9" t="10" w="154" /><ent r="9" t="10" w="198" /><ent r="5" t="12" w="223" /><ent r="7" t="32" w="544" /></phr></stem><stem n="well"><phr n="well"><ent r="7" t="10" w="170" /><ent r="4" t="23" w="189" /><ent r="3" t="31" w="183" /></phr></stem><stem n="empti"><phr n="empty"><ent r="7" t="10" w="211" /><ent r="3" t="27" w="982" /><ent r="3" t="27" w="1004" /><ent r="3" t="27" w="1037" /><ent r="6" t="32" w="608" /><ent r="3" t="34" w="849" /><ent r="7" t="36" w="267" /></phr></stem><stem n="untouch"><phr n="untouched"><ent r="7" t="10" w="259" /></phr></stem><stem n="back"><phr n="back"><ent r="7" t="10" w="268" /><ent r="4" t="14" w="130" /><ent r="7" t="22" w="269" /><ent r="6" t="29" w="116" /><ent r="6" t="29" w="130" /><ent r="6" t="29" w="248" /><ent r="6" t="29" w="263" /><ent r="6" t="29" w="278" /><ent r="3" t="29" w="489" /><ent r="3" t="31" w="1539" /><ent r="3" t="31" w="1585" /><ent r="6" t="32" w="656" /><ent r="6" t="35" w="403" /><ent r="6" t="35" w="413" /><ent r="4" t="36" w="70" /><ent r="7" t="36" w="633" /></phr><phr n="Back"><ent r="7" t="29" w="187" /><ent r="6" t="29" w="192" /><ent r="6" t="29" w="226" /><ent r="7" t="29" w="240" /><ent r="7" t="29" w="255" /><ent r="7" t="29" w="270" /><ent r="8" t="29" w="421" /></phr></stem><stem n="collaps"><phr n="Collapse"><ent r="7" t="10" w="292" /></phr><phr n="collapse"><ent r="8" t="10" w="309" /></phr><phr n="Collapsible"><ent r="4" t="31" w="1099" /></phr><phr n="collapsed"><ent r="3" t="31" w="1125" /></phr></stem><stem n="expand"><phr n="expand"><ent r="7" t="10" w="294" /><ent r="8" t="10" w="311" /><ent r="4" t="16" w="245" /></phr><phr n="expanded"><ent r="3" t="29" w="521" /><ent r="3" t="31" w="1143" /></phr></stem><stem n="[-]"><phr n="[-]"><ent r="8" t="10" w="299" /></phr></stem><stem n="[+]"><phr n="[+]"><ent r="8" t="10" w="301" /></phr></stem><stem n="marker"><phr n="markers"><ent r="8" t="10" w="301" /></phr></stem><stem n=":ad"><phr n=":adding"><ent r="100" t="11" w="16" /><ent r="100" t="11" w="20" /><ent r="100" t="11" w="24" /><ent r="100" t="23" w="16" /></phr></stem><stem n="ssg"><phr n="SSG"><ent r="100" t="11" w="22" /></phr></stem><stem n="'administrator'"><phr n="'Administrator'"><ent r="3" t="11" w="40" /><ent r="3" t="13" w="94" /><ent r="3" t="15" w="87" /><ent r="3" t="19" w="20" /><ent r="3" t="20" w="26" /><ent r="3" t="21" w="30" /><ent r="3" t="23" w="35" /><ent r="3" t="24" w="54" /><ent r="3" t="25" w="43" /><ent r="3" t="31" w="195" /><ent r="3" t="32" w="65" /><ent r="3" t="35" w="42" /><ent r="3" t="38" w="45" /><ent r="3" t="39" w="64" /><ent r="3" t="43" w="28" /><ent r="3" t="44" w="25" /><ent r="6" t="44" w="265" /></phr></stem><stem n="assum"><phr n="assumes"><ent r="3" t="11" w="62" /></phr><phr n="assuming"><ent r="3" t="17" w="40" /><ent r="3" t="27" w="559" /></phr><phr n="assume"><ent r="6" t="38" w="113" /></phr></stem><stem n="alreadi"><phr n="already"><ent r="4" t="11" w="111" /><ent r="4" t="13" w="292" /><ent r="6" t="32" w="568" /><ent r="4" t="34" w="1451" /><ent r="4" t="34" w="1502" /></phr></stem><stem n="defin"><phr n="defined"><ent r="4" t="11" w="135" /><ent r="4" t="11" w="302" /><ent r="7" t="15" w="645" /><ent r="4" t="16" w="66" /><ent r="7" t="16" w="1278" /><ent r="4" t="27" w="428" /><ent r="3" t="27" w="513" /><ent r="4" t="31" w="677" /><ent r="4" t="31" w="864" /><ent r="7" t="31" w="1271" /><ent r="3" t="36" w="133" /><ent r="7" t="36" w="487" /><ent r="6" t="44" w="254" /><ent r="7" t="45" w="108" /><ent r="7" t="45" w="405" /><ent r="7" t="45" w="448" /><ent r="7" t="46" w="343" /></phr><phr n="define"><ent r="4" t="19" w="262" /><ent r="4" t="31" w="549" /><ent r="3" t="31" w="752" /></phr></stem><stem n="(optional)"><phr n="(Optional)"><ent r="4" t="11" w="155" /><ent r="4" t="17" w="709" /></phr></stem><stem n="edit"><phr n="Edit"><ent r="5" t="11" w="168" /><ent r="5" t="34" w="2013" /><ent r="4" t="34" w="2020" /><ent r="3" t="34" w="2026" /><ent r="4" t="46" w="170" /></phr><phr n="editable"><ent r="4" t="12" w="307" /></phr><phr n="Editing"><ent r="1000" t="20" w="1" /><ent r="100" t="20" w="6" /><ent r="102" t="20" w="14" /></phr><phr n="editing"><ent r="100" t="20" w="12" /><ent r="8" t="32" w="376" /><ent r="8" t="32" w="412" /></phr><phr n="edit"><ent r="3" t="20" w="30" /><ent r="4" t="20" w="79" /></phr><phr n="Edition"><ent r="8" t="45" w="377" /></phr></stem><stem n="button"><phr n="button"><ent r="4" t="11" w="170" /><ent r="3" t="17" w="662" /><ent r="4" t="26" w="689" /><ent r="6" t="32" w="262" /><ent r="6" t="32" w="346" /><ent r="6" t="32" w="621" /><ent r="3" t="34" w="1427" /><ent r="7" t="36" w="569" /><ent r="6" t="36" w="1595" /><ent r="6" t="39" w="115" /></phr><phr n="buttons"><ent r="3" t="32" w="136" /><ent r="3" t="32" w="156" /><ent r="5" t="32" w="186" /></phr></stem><stem n="predefin"><phr n="predefined"><ent r="4" t="11" w="206" /><ent r="3" t="16" w="45" /><ent r="3" t="16" w="179" /><ent r="3" t="16" w="216" /><ent r="3" t="22" w="40" /><ent r="4" t="27" w="415" /><ent r="4" t="31" w="783" /><ent r="4" t="31" w="813" /><ent r="4" t="31" w="834" /></phr><phr n="Predefined"><ent r="4" t="34" w="953" /></phr></stem><stem n="“add"><phr n="“Add"><ent r="4" t="11" w="217" /></phr></stem><stem n="lead"><phr n="leading"><ent r="4" t="11" w="243" /></phr><phr n="Leading"><ent r="6" t="32" w="240" /><ent r="6" t="32" w="498" /></phr></stem><stem n="trail"><phr n="trailing"><ent r="4" t="11" w="245" /><ent r="6" t="32" w="242" /><ent r="6" t="32" w="500" /></phr></stem><stem n="space"><phr n="spaces"><ent r="4" t="11" w="246" /><ent r="3" t="27" w="985" /><ent r="3" t="27" w="1017" /><ent r="3" t="27" w="1040" /><ent r="6" t="32" w="243" /><ent r="6" t="32" w="501" /></phr><phr n="space"><ent r="3" t="27" w="767" /><ent r="7" t="31" w="376" /><ent r="8" t="31" w="450" /><ent r="4" t="31" w="1114" /><ent r="6" t="35" w="220" /><ent r="6" t="35" w="232" /><ent r="6" t="35" w="254" /></phr></stem><stem n="(do"><phr n="(do"><ent r="4" t="11" w="275" /></phr></stem><stem n="“https://”"><phr n="“https://”"><ent r="4" t="11" w="279" /></phr></stem><stem n="prefix"><phr n="prefix"><ent r="4" t="11" w="279" /></phr></stem><stem n="8443"><phr n="8443"><ent r="4" t="11" w="296" /><ent r="7" t="45" w="83" /><ent r="7" t="45" w="385" /></phr></stem><stem n="'8443'."><phr n="'8443'."><ent r="4" t="11" w="297" /></phr></stem><stem n="check"><phr n="check"><ent r="4" t="11" w="329" /><ent r="7" t="15" w="275" /><ent r="7" t="15" w="288" /><ent r="7" t="15" w="364" /><ent r="7" t="15" w="399" /><ent r="8" t="15" w="432" /><ent r="7" t="15" w="544" /><ent r="7" t="15" w="556" /><ent r="7" t="15" w="582" /><ent r="7" t="15" w="594" /><ent r="7" t="15" w="610" /><ent r="9" t="16" w="424" /><ent r="4" t="17" w="314" /><ent r="4" t="17" w="320" /><ent r="4" t="17" w="350" /><ent r="3" t="17" w="482" /><ent r="4" t="17" w="529" /><ent r="4" t="26" w="265" /><ent r="4" t="26" w="648" /><ent r="4" t="31" w="569" /><ent r="4" t="31" w="577" /><ent r="4" t="31" w="854" /><ent r="3" t="34" w="1338" /><ent r="4" t="34" w="1372" /><ent r="4" t="34" w="1472" /><ent r="4" t="34" w="1482" /><ent r="4" t="34" w="1525" /><ent r="4" t="34" w="1539" /><ent r="4" t="34" w="1564" /><ent r="3" t="34" w="1580" /><ent r="4" t="34" w="1655" /><ent r="6" t="35" w="294" /><ent r="7" t="36" w="942" /><ent r="7" t="36" w="994" /></phr><phr n="Checked"><ent r="5" t="26" w="305" /><ent r="5" t="26" w="312" /><ent r="8" t="36" w="562" /><ent r="8" t="36" w="680" /></phr></stem><stem n="cancel"><phr n="Cancel"><ent r="5" t="11" w="387" /></phr></stem><stem n="readi"><phr n="ready"><ent r="4" t="11" w="431" /><ent r="3" t="17" w="72" /><ent r="3" t="34" w="62" /></phr></stem><stem n=":establ"><phr n=":establing"><ent r="100" t="12" w="14" /></phr></stem><stem n="establ"><phr n="establing"><ent r="100" t="12" w="14" /></phr></stem><stem n=":establish"><phr n=":establishing"><ent r="100" t="12" w="18" /></phr></stem><stem n="relat"><phr n="related"><ent r="3" t="12" w="52" /><ent r="3" t="13" w="183" /><ent r="3" t="13" w="243" /><ent r="4" t="19" w="306" /><ent r="6" t="32" w="591" /><ent r="4" t="34" w="170" /><ent r="3" t="39" w="36" /></phr><phr n="relation"><ent r="4" t="34" w="1946" /></phr></stem><stem n="(see"><phr n="(see"><ent r="3" t="12" w="85" /><ent r="4" t="16" w="111" /><ent r="4" t="26" w="713" /><ent r="3" t="31" w="1054" /><ent r="3" t="31" w="1360" /><ent r="3" t="31" w="1401" /><ent r="4" t="34" w="367" /></phr></stem><stem n="declin"><phr n="decline"><ent r="3" t="12" w="92" /></phr></stem><stem n="state"><phr n="state"><ent r="3" t="12" w="107" /><ent r="4" t="14" w="121" /><ent r="7" t="16" w="1254" /><ent r="3" t="26" w="791" /><ent r="3" t="31" w="1184" /><ent r="7" t="31" w="1266" /><ent r="4" t="34" w="1491" /><ent r="6" t="36" w="1650" /></phr><phr n="State"><ent r="8" t="16" w="1242" /></phr><phr n="states"><ent r="3" t="31" w="1147" /><ent r="3" t="31" w="1157" /><ent r="3" t="31" w="1169" /><ent r="3" t="31" w="1172" /></phr></stem><stem n="resum"><phr n="resume"><ent r="3" t="12" w="110" /><ent r="3" t="31" w="1578" /></phr></stem><stem n="-in"><phr n="-in"><ent r="3" t="12" w="144" /><ent r="3" t="12" w="144" /></phr></stem><stem n="logged-in"><phr n="logged-in"><ent r="3" t="12" w="144" /></phr></stem><stem n="wish"><phr n="wish"><ent r="3" t="12" w="254" /><ent r="4" t="13" w="310" /><ent r="4" t="15" w="160" /><ent r="7" t="15" w="354" /><ent r="3" t="17" w="214" /><ent r="3" t="23" w="57" /><ent r="3" t="24" w="39" /><ent r="4" t="26" w="274" /><ent r="4" t="27" w="235" /><ent r="6" t="28" w="390" /><ent r="4" t="31" w="616" /><ent r="4" t="31" w="987" /><ent r="3" t="31" w="1010" /><ent r="4" t="42" w="209" /><ent r="3" t="46" w="67" /></phr></stem><stem n="client"><phr n="client"><ent r="4" t="12" w="261" /><ent r="6" t="29" w="108" /><ent r="6" t="29" w="119" /><ent r="6" t="32" w="746" /><ent r="6" t="32" w="764" /><ent r="7" t="45" w="437" /></phr><phr n="Client"><ent r="7" t="32" w="770" /><ent r="8" t="45" w="472" /></phr><phr n="clients"><ent r="3" t="45" w="40" /></phr></stem><stem n="credenti"><phr n="credentials"><ent r="3" t="12" w="273" /><ent r="3" t="13" w="323" /></phr></stem><stem n="everyth"><phr n="everything"><ent r="4" t="12" w="288" /><ent r="3" t="14" w="79" /><ent r="4" t="14" w="117" /><ent r="4" t="14" w="474" /><ent r="4" t="17" w="323" /><ent r="6" t="44" w="486" /></phr></stem><stem n="remap"><phr n="remap"><ent r="4" t="12" w="332" /></phr></stem><stem n="differ"><phr n="different"><ent r="4" t="12" w="335" /><ent r="7" t="15" w="707" /><ent r="9" t="16" w="746" /><ent r="3" t="17" w="65" /><ent r="4" t="17" w="440" /><ent r="3" t="27" w="798" /><ent r="6" t="32" w="356" /><ent r="3" t="33" w="27" /><ent r="3" t="34" w="1281" /><ent r="4" t="34" w="2106" /><ent r="7" t="36" w="723" /></phr></stem><stem n="necessari"><phr n="necessary"><ent r="4" t="12" w="340" /><ent r="3" t="13" w="53" /><ent r="3" t="15" w="97" /><ent r="9" t="16" w="418" /><ent r="4" t="20" w="84" /><ent r="3" t="34" w="1364" /><ent r="7" t="36" w="397" /></phr></stem><stem n="moment"><phr n="moment"><ent r="3" t="12" w="382" /><ent r="4" t="34" w="1824" /></phr></stem><stem n="“untrusted”"><phr n="“untrusted”"><ent r="3" t="12" w="392" /></phr></stem><stem n="“trusted”"><phr n="“trusted”"><ent r="3" t="12" w="395" /></phr></stem><stem n="along"><phr n="along"><ent r="3" t="12" w="429" /><ent r="3" t="31" w="213" /><ent r="3" t="36" w="1476" /></phr></stem><stem n=":map"><phr n=":mapping"><ent r="100" t="13" w="12" /><ent r="100" t="13" w="16" /></phr></stem><stem n="prove"><phr n="prove"><ent r="3" t="13" w="37" /></phr></stem><stem n="veri"><phr n="very"><ent r="3" t="13" w="67" /><ent r="3" t="13" w="74" /><ent r="4" t="19" w="249" /></phr></stem><stem n="littl"><phr n="little"><ent r="3" t="13" w="75" /></phr></stem><stem n="(even"><phr n="(even"><ent r="3" t="13" w="85" /></phr></stem><stem n="even"><phr n="even"><ent r="3" t="13" w="85" /><ent r="3" t="34" w="98" /><ent r="4" t="34" w="1747" /></phr><phr n="Even"><ent r="3" t="24" w="58" /><ent r="3" t="34" w="892" /></phr></stem><stem n="part"><phr n="part"><ent r="3" t="13" w="117" /><ent r="4" t="23" w="263" /><ent r="4" t="24" w="208" /><ent r="3" t="34" w="888" /><ent r="6" t="44" w="387" /></phr></stem><stem n="what"><phr n="what"><ent r="3" t="13" w="147" /><ent r="4" t="19" w="263" /><ent r="3" t="31" w="711" /><ent r="7" t="36" w="612" /></phr></stem><stem n="abl"><phr n="able"><ent r="3" t="13" w="179" /><ent r="3" t="23" w="75" /><ent r="3" t="24" w="71" /><ent r="7" t="36" w="466" /><ent r="7" t="36" w="499" /></phr></stem><stem n="-relat"><phr n="-related"><ent r="3" t="13" w="182" /><ent r="3" t="13" w="182" /><ent r="3" t="13" w="242" /><ent r="3" t="13" w="242" /><ent r="4" t="19" w="305" /><ent r="4" t="19" w="305" /><ent r="3" t="39" w="35" /><ent r="3" t="39" w="35" /></phr></stem><stem n="cluster-rel"><phr n="cluster-related"><ent r="3" t="13" w="182" /><ent r="3" t="13" w="242" /><ent r="4" t="19" w="305" /></phr></stem><stem n="write"><phr n="write"><ent r="3" t="13" w="203" /></phr></stem><stem n="metric"><phr n="Metrics"><ent r="4" t="13" w="215" /></phr><phr n="metric"><ent r="3" t="26" w="75" /></phr><phr n="metrics"><ent r="3" t="27" w="555" /><ent r="3" t="27" w="560" /><ent r="4" t="27" w="673" /><ent r="3" t="36" w="25" /></phr></stem><stem n="),"><phr n="),"><ent r="3" t="13" w="222" /><ent r="3" t="31" w="1564" /><ent r="4" t="34" w="2142" /><ent r="4" t="42" w="307" /></phr></stem><stem n="prevent"><phr n="prevented"><ent r="3" t="13" w="239" /></phr><phr n="prevent"><ent r="3" t="24" w="76" /><ent r="3" t="34" w="1049" /><ent r="3" t="34" w="1583" /></phr><phr n="preventing"><ent r="7" t="31" w="280" /></phr></stem><stem n="(map"><phr n="(mapping"><ent r="3" t="13" w="327" /></phr></stem><stem n="&quot;password"><phr n="&quot;Password"><ent r="3" t="13" w="352" /></phr></stem><stem n="expir"><phr n="expired"><ent r="3" t="13" w="353" /></phr><phr n="Expired"><ent r="3" t="31" w="1588" /></phr><phr n="expires"><ent r="6" t="41" w="135" /></phr></stem><stem n="attempt"><phr n="attempt"><ent r="3" t="13" w="359" /><ent r="3" t="31" w="759" /><ent r="6" t="32" w="310" /></phr><phr n="attempting"><ent r="6" t="32" w="323" /></phr></stem><stem n="pend"><phr n="pending"><ent r="3" t="13" w="369" /></phr></stem><stem n="newli"><phr n="newly"><ent r="3" t="13" w="380" /><ent r="6" t="32" w="266" /></phr></stem><stem n="&quot;forc"><phr n="&quot;Force"><ent r="3" t="13" w="384" /></phr></stem><stem n="forc"><phr n="Force"><ent r="3" t="13" w="384" /></phr></stem><stem n="yet"><phr n="yet"><ent r="3" t="13" w="396" /><ent r="3" t="15" w="188" /><ent r="4" t="17" w="651" /><ent r="3" t="26" w="789" /><ent r="3" t="27" w="542" /><ent r="7" t="31" w="1248" /><ent r="7" t="31" w="1278" /></phr></stem><stem n=":remov"><phr n=":removing"><ent r="100" t="14" w="16" /><ent r="100" t="14" w="19" /><ent r="100" t="14" w="24" /><ent r="100" t="24" w="16" /></phr></stem><stem n="(esm),"><phr n="(ESM),"><ent r="3" t="14" w="46" /></phr></stem><stem n="seri"><phr n="series"><ent r="3" t="14" w="47" /><ent r="3" t="32" w="133" /></phr></stem><stem n="happen"><phr n="happen"><ent r="3" t="14" w="50" /><ent r="4" t="31" w="634" /></phr><phr n="happens"><ent r="3" t="17" w="113" /><ent r="4" t="34" w="1141" /></phr></stem><stem n="ever"><phr n="ever"><ent r="3" t="14" w="69" /></phr></stem><stem n="revers"><phr n="reverse"><ent r="3" t="14" w="78" /><ent r="3" t="31" w="739" /></phr></stem><stem n="done"><phr n="done"><ent r="3" t="14" w="82" /><ent r="3" t="16" w="57" /><ent r="3" t="19" w="228" /><ent r="3" t="31" w="927" /></phr></stem><stem n="common"><phr n="common"><ent r="3" t="14" w="92" /></phr></stem><stem n="fail"><phr n="failed"><ent r="4" t="14" w="106" /><ent r="3" t="29" w="554" /><ent r="3" t="29" w="560" /><ent r="6" t="32" w="309" /><ent r="7" t="36" w="675" /><ent r="6" t="36" w="1738" /></phr><phr n="FAILED"><ent r="4" t="28" w="64" /><ent r="7" t="36" w="1717" /></phr><phr n="fail"><ent r="4" t="34" w="1105" /><ent r="3" t="34" w="1633" /></phr></stem><stem n="whatev"><phr n="whatever"><ent r="4" t="14" w="108" /><ent r="4" t="14" w="137" /></phr></stem></index>