<?xml version="1.0" encoding="utf-8"?><index><stem n="manipul"><phr n="manipulated"><ent r="4" t="3" w="204" /></phr></stem><stem n="just"><phr n="just"><ent r="4" t="3" w="205" /></phr></stem><stem n="like"><phr n="like"><ent r="4" t="3" w="206" /></phr></stem><stem n="directori"><phr n="directories"><ent r="4" t="3" w="210" /></phr><phr n="directory"><ent r="7" t="28" w="226" /><ent r="4" t="46" w="398" /></phr></stem><stem n="root"><phr n="root"><ent r="4" t="3" w="223" /><ent r="8" t="15" w="254" /><ent r="8" t="31" w="344" /><ent r="7" t="31" w="358" /><ent r="8" t="31" w="369" /><ent r="7" t="31" w="379" /><ent r="6" t="32" w="553" /><ent r="6" t="32" w="686" /><ent r="4" t="46" w="160" /><ent r="4" t="46" w="167" /></phr></stem><stem n="“my"><phr n="“My"><ent r="4" t="3" w="226" /></phr></stem><stem n="my"><phr n="My"><ent r="4" t="3" w="226" /></phr></stem><stem n="”"><phr n="”"><ent r="4" t="3" w="228" /><ent r="6" t="3" w="1034" /><ent r="4" t="11" w="221" /><ent r="4" t="18" w="173" /><ent r="4" t="18" w="231" /><ent r="7" t="22" w="219" /><ent r="7" t="22" w="276" /><ent r="7" t="22" w="308" /><ent r="7" t="22" w="328" /><ent r="7" t="22" w="351" /><ent r="3" t="28" w="103" /><ent r="7" t="29" w="454" /><ent r="3" t="29" w="465" /><ent r="3" t="29" w="512" /><ent r="4" t="34" w="2168" /><ent r="4" t="34" w="2189" /></phr></stem><stem n="renam"><phr n="rename"><ent r="4" t="3" w="231" /><ent r="4" t="11" w="156" /><ent r="4" t="18" w="190" /><ent r="4" t="18" w="236" /><ent r="5" t="18" w="240" /></phr><phr n="renamed"><ent r="7" t="32" w="451" /></phr></stem><stem n="’s"><phr n="’s"><ent r="4" t="3" w="235" /><ent r="6" t="3" w="998" /><ent r="4" t="11" w="164" /><ent r="7" t="22" w="211" /><ent r="7" t="22" w="267" /><ent r="7" t="36" w="702" /></phr></stem><stem n="s"><phr n="s"><ent r="4" t="3" w="235" /><ent r="6" t="3" w="951" /><ent r="6" t="3" w="998" /><ent r="7" t="3" w="1382" /><ent r="7" t="3" w="1431" /><ent r="5" t="9" w="337" /><ent r="4" t="11" w="164" /><ent r="4" t="14" w="470" /><ent r="8" t="15" w="257" /><ent r="4" t="19" w="159" /><ent r="4" t="19" w="171" /><ent r="4" t="19" w="184" /><ent r="3" t="22" w="133" /><ent r="7" t="22" w="211" /><ent r="7" t="22" w="267" /><ent r="4" t="27" w="147" /><ent r="4" t="27" w="262" /><ent r="4" t="27" w="478" /><ent r="6" t="28" w="339" /><ent r="4" t="31" w="683" /><ent r="3" t="31" w="1051" /><ent r="3" t="34" w="114" /><ent r="8" t="36" w="565" /><ent r="8" t="36" w="683" /><ent r="7" t="36" w="702" /><ent r="6" t="36" w="1538" /><ent r="6" t="36" w="1615" /><ent r="6" t="38" w="122" /><ent r="6" t="39" w="166" /><ent r="6" t="43" w="168" /><ent r="6" t="43" w="179" /><ent r="6" t="43" w="182" /><ent r="6" t="44" w="522" /><ent r="6" t="44" w="545" /></phr></stem><stem n="be"><phr n="being"><ent r="4" t="3" w="260" /><ent r="3" t="3" w="373" /><ent r="7" t="3" w="1122" /><ent r="7" t="10" w="249" /><ent r="4" t="11" w="189" /><ent r="3" t="15" w="196" /><ent r="7" t="15" w="267" /><ent r="3" t="26" w="564" /><ent r="3" t="27" w="284" /><ent r="4" t="28" w="49" /><ent r="7" t="31" w="285" /><ent r="3" t="31" w="1448" /><ent r="3" t="31" w="1462" /><ent r="6" t="32" w="627" /><ent r="3" t="34" w="672" /><ent r="6" t="36" w="1662" /><ent r="7" t="36" w="1702" /><ent r="4" t="46" w="403" /></phr></stem><stem n="ad"><phr n="adding"><ent r="4" t="3" w="273" /><ent r="65" t="3" w="277" /><ent r="67" t="3" w="806" /><ent r="67" t="3" w="1086" /><ent r="4" t="4" w="234" /><ent r="64" t="6" w="93" /><ent r="64" t="6" w="263" /><ent r="64" t="6" w="307" /><ent r="65" t="7" w="126" /><ent r="64" t="9" w="411" /><ent r="1000" t="11" w="1" /><ent r="100" t="11" w="8" /><ent r="100" t="11" w="16" /><ent r="100" t="11" w="20" /><ent r="100" t="11" w="24" /><ent r="102" t="11" w="26" /><ent r="65" t="12" w="219" /><ent r="4" t="12" w="239" /><ent r="9" t="16" w="622" /><ent r="9" t="16" w="786" /><ent r="9" t="16" w="969" /><ent r="3" t="22" w="96" /><ent r="1000" t="23" w="1" /><ent r="100" t="23" w="8" /><ent r="100" t="23" w="16" /><ent r="102" t="23" w="21" /><ent r="3" t="23" w="44" /><ent r="4" t="23" w="180" /><ent r="4" t="26" w="535" /><ent r="4" t="26" w="707" /><ent r="3" t="27" w="44" /><ent r="64" t="31" w="963" /><ent r="67" t="32" w="290" /><ent r="6" t="32" w="303" /><ent r="3" t="33" w="36" /><ent r="7" t="38" w="293" /></phr><phr n="added"><ent r="7" t="3" w="1395" /><ent r="4" t="4" w="188" /><ent r="4" t="11" w="347" /><ent r="4" t="11" w="401" /><ent r="3" t="12" w="100" /><ent r="3" t="13" w="103" /><ent r="3" t="14" w="39" /><ent r="4" t="14" w="129" /><ent r="64" t="15" w="55" /><ent r="7" t="15" w="341" /><ent r="64" t="22" w="62" /><ent r="7" t="22" w="214" /><ent r="4" t="26" w="328" /><ent r="4" t="27" w="374" /><ent r="3" t="27" w="792" /><ent r="3" t="27" w="819" /><ent r="3" t="27" w="835" /><ent r="3" t="27" w="844" /><ent r="4" t="27" w="884" /><ent r="64" t="31" w="90" /><ent r="4" t="31" w="947" /><ent r="67" t="32" w="654" /><ent r="3" t="36" w="137" /><ent r="7" t="36" w="591" /><ent r="7" t="36" w="601" /><ent r="7" t="38" w="247" /><ent r="6" t="44" w="272" /></phr></stem><stem n="offlin"><phr n="Offline"><ent r="100" t="3" w="285" /><ent r="4" t="3" w="288" /><ent r="3" t="3" w="334" /><ent r="3" t="3" w="347" /><ent r="7" t="3" w="601" /><ent r="100" t="3" w="604" /><ent r="7" t="3" w="710" /><ent r="6" t="3" w="1188" /><ent r="6" t="3" w="1190" /><ent r="4" t="17" w="244" /><ent r="3" t="17" w="254" /><ent r="3" t="17" w="298" /><ent r="4" t="17" w="471" /><ent r="3" t="17" w="480" /><ent r="3" t="17" w="489" /><ent r="4" t="17" w="494" /><ent r="3" t="17" w="514" /><ent r="3" t="17" w="528" /><ent r="4" t="17" w="790" /><ent r="3" t="17" w="797" /><ent r="100" t="32" w="93" /><ent r="3" t="32" w="96" /><ent r="3" t="32" w="112" /><ent r="6" t="32" w="788" /><ent r="6" t="35" w="100" /><ent r="6" t="35" w="111" /></phr></stem><stem n="cannot"><phr n="cannot"><ent r="3" t="3" w="295" /><ent r="4" t="3" w="430" /><ent r="6" t="3" w="717" /><ent r="6" t="3" w="790" /><ent r="6" t="3" w="859" /><ent r="6" t="3" w="1065" /><ent r="7" t="15" w="698" /><ent r="3" t="17" w="519" /><ent r="4" t="19" w="94" /><ent r="3" t="19" w="105" /><ent r="6" t="28" w="385" /><ent r="7" t="31" w="1284" /><ent r="7" t="31" w="1296" /><ent r="6" t="32" w="550" /><ent r="4" t="34" w="454" /><ent r="4" t="34" w="497" /><ent r="4" t="34" w="1752" /><ent r="4" t="34" w="2046" /><ent r="7" t="36" w="581" /><ent r="6" t="36" w="1620" /><ent r="6" t="43" w="129" /></phr></stem><stem n="reach"><phr n="reached"><ent r="3" t="3" w="297" /><ent r="6" t="36" w="1648" /></phr><phr n="reaches"><ent r="3" t="39" w="90" /><ent r="6" t="39" w="209" /></phr></stem><stem n="creat"><phr n="created"><ent r="3" t="3" w="304" /><ent r="7" t="3" w="1106" /><ent r="4" t="4" w="195" /><ent r="3" t="6" w="72" /><ent r="3" t="13" w="381" /><ent r="3" t="19" w="223" /><ent r="3" t="22" w="55" /><ent r="3" t="26" w="15" /><ent r="4" t="26" w="488" /><ent r="4" t="27" w="161" /><ent r="4" t="27" w="436" /><ent r="4" t="27" w="474" /><ent r="3" t="32" w="99" /><ent r="6" t="32" w="228" /><ent r="6" t="32" w="267" /><ent r="3" t="34" w="843" /><ent r="3" t="34" w="943" /><ent r="4" t="34" w="1687" /><ent r="4" t="34" w="1703" /><ent r="6" t="35" w="114" /><ent r="7" t="38" w="254" /><ent r="6" t="39" w="219" /><ent r="6" t="44" w="288" /><ent r="6" t="44" w="325" /><ent r="6" t="44" w="471" /></phr><phr n="Create"><ent r="4" t="6" w="44" /><ent r="4" t="7" w="196" /><ent r="7" t="10" w="91" /><ent r="3" t="16" w="123" /><ent r="3" t="16" w="233" /><ent r="9" t="16" w="614" /><ent r="9" t="16" w="778" /><ent r="9" t="16" w="961" /><ent r="3" t="19" w="24" /><ent r="4" t="19" w="68" /><ent r="4" t="26" w="136" /><ent r="4" t="26" w="493" /><ent r="4" t="27" w="336" /><ent r="4" t="27" w="353" /><ent r="4" t="27" w="726" /><ent r="4" t="27" w="887" /><ent r="4" t="27" w="919" /><ent r="4" t="27" w="950" /><ent r="4" t="34" w="1062" /><ent r="3" t="42" w="348" /></phr><phr n="Creating"><ent r="64" t="6" w="299" /><ent r="8" t="10" w="103" /><ent r="1000" t="16" w="1" /><ent r="100" t="16" w="7" /><ent r="102" t="16" w="23" /><ent r="1000" t="19" w="1" /><ent r="102" t="19" w="7" /><ent r="100" t="19" w="40" /><ent r="100" t="19" w="47" /><ent r="3" t="27" w="93" /><ent r="3" t="31" w="870" /><ent r="64" t="31" w="878" /><ent r="100" t="32" w="8" /><ent r="3" t="36" w="173" /><ent r="7" t="36" w="897" /><ent r="67" t="43" w="76" /></phr><phr n="Creates"><ent r="6" t="32" w="196" /><ent r="6" t="43" w="67" /></phr></stem><stem n="upload"><phr n="upload"><ent r="3" t="3" w="311" /><ent r="6" t="35" w="401" /><ent r="7" t="35" w="405" /><ent r="6" t="35" w="438" /><ent r="5" t="42" w="284" /></phr><phr n="uploading"><ent r="3" t="3" w="323" /><ent r="67" t="3" w="629" /><ent r="3" t="17" w="280" /></phr><phr n="uploaded"><ent r="3" t="17" w="265" /><ent r="3" t="17" w="304" /><ent r="3" t="32" w="115" /><ent r="7" t="35" w="450" /><ent r="7" t="35" w="480" /><ent r="7" t="35" w="494" /></phr><phr n="Uploads"><ent r="6" t="35" w="408" /></phr></stem><stem n="archiv"><phr n="archive"><ent r="3" t="3" w="314" /><ent r="3" t="3" w="325" /><ent r="6" t="3" w="633" /><ent r="7" t="4" w="442" /><ent r="3" t="17" w="259" /><ent r="3" t="17" w="269" /><ent r="3" t="17" w="282" /><ent r="3" t="17" w="807" /><ent r="3" t="17" w="824" /><ent r="6" t="28" w="206" /><ent r="7" t="28" w="268" /><ent r="7" t="28" w="277" /><ent r="7" t="28" w="283" /><ent r="3" t="32" w="109" /><ent r="6" t="35" w="112" /><ent r="6" t="35" w="119" /><ent r="7" t="35" w="215" /><ent r="6" t="35" w="224" /><ent r="6" t="35" w="249" /><ent r="6" t="35" w="268" /><ent r="7" t="35" w="271" /><ent r="6" t="35" w="275" /><ent r="6" t="35" w="285" /><ent r="7" t="35" w="292" /><ent r="7" t="35" w="318" /><ent r="6" t="35" w="327" /><ent r="6" t="35" w="335" /><ent r="6" t="35" w="347" /><ent r="6" t="35" w="386" /><ent r="7" t="35" w="406" /><ent r="6" t="35" w="412" /><ent r="6" t="35" w="431" /><ent r="6" t="35" w="440" /><ent r="7" t="35" w="461" /><ent r="7" t="35" w="471" /><ent r="7" t="35" w="481" /><ent r="7" t="35" w="495" /></phr><phr n="archival"><ent r="6" t="28" w="397" /></phr><phr n="archives"><ent r="3" t="35" w="26" /><ent r="6" t="35" w="101" /><ent r="6" t="35" w="302" /><ent r="6" t="35" w="310" /></phr></stem><stem n="unrecogn"><phr n="unrecognized"><ent r="3" t="3" w="317" /></phr></stem><stem n="sourc"><phr n="source"><ent r="3" t="3" w="318" /><ent r="4" t="17" w="308" /><ent r="4" t="17" w="312" /><ent r="65" t="17" w="324" /><ent r="4" t="17" w="335" /><ent r="4" t="17" w="462" /><ent r="65" t="17" w="467" /><ent r="4" t="17" w="558" /><ent r="3" t="17" w="702" /><ent r="3" t="18" w="207" /><ent r="3" t="32" w="118" /><ent r="4" t="34" w="350" /><ent r="4" t="34" w="464" /><ent r="3" t="34" w="663" /><ent r="3" t="34" w="738" /><ent r="4" t="34" w="766" /><ent r="4" t="34" w="993" /><ent r="4" t="34" w="1027" /><ent r="5" t="34" w="1099" /><ent r="4" t="34" w="1116" /><ent r="82" t="34" w="1261" /><ent r="3" t="34" w="1265" /><ent r="3" t="34" w="1275" /><ent r="4" t="34" w="1335" /><ent r="4" t="34" w="1388" /><ent r="4" t="34" w="1560" /><ent r="4" t="34" w="1577" /><ent r="3" t="34" w="1598" /><ent r="3" t="34" w="1620" /><ent r="5" t="34" w="2032" /><ent r="5" t="34" w="2071" /><ent r="7" t="35" w="192" /><ent r="6" t="35" w="196" /><ent r="7" t="45" w="63" /></phr><phr n="sources"><ent r="4" t="34" w="2085" /></phr></stem><stem n="histori"><phr n="History"><ent r="64" t="3" w="328" /><ent r="64" t="17" w="285" /><ent r="65" t="17" w="739" /><ent r="65" t="17" w="776" /><ent r="64" t="17" w="827" /><ent r="64" t="17" w="848" /><ent r="1000" t="18" w="3" /><ent r="100" t="18" w="7" /><ent r="100" t="18" w="10" /><ent r="100" t="18" w="12" /><ent r="102" t="18" w="18" /><ent r="64" t="18" w="35" /><ent r="6" t="32" w="596" /><ent r="126" t="33" w="60" /><ent r="4" t="34" w="1006" /><ent r="65" t="34" w="1245" /><ent r="1000" t="35" w="1" /><ent r="100" t="35" w="4" /><ent r="100" t="35" w="8" /><ent r="102" t="35" w="10" /><ent r="3" t="35" w="14" /><ent r="5" t="35" w="68" /></phr></stem><stem n="note"><phr n="Note"><ent r="3" t="3" w="331" /><ent r="4" t="3" w="349" /><ent r="6" t="3" w="564" /><ent r="7" t="3" w="635" /><ent r="4" t="4" w="205" /><ent r="7" t="4" w="371" /><ent r="4" t="4" w="536" /><ent r="5" t="5" w="184" /><ent r="4" t="7" w="213" /><ent r="4" t="8" w="79" /><ent r="4" t="10" w="55" /><ent r="8" t="10" w="205" /><ent r="8" t="10" w="240" /><ent r="4" t="13" w="136" /><ent r="5" t="13" w="287" /><ent r="4" t="13" w="347" /><ent r="4" t="14" w="162" /><ent r="4" t="15" w="80" /><ent r="8" t="15" w="323" /><ent r="8" t="15" w="587" /><ent r="8" t="15" w="679" /><ent r="10" t="16" w="944" /><ent r="4" t="17" w="245" /><ent r="4" t="17" w="472" /><ent r="3" t="17" w="516" /><ent r="4" t="17" w="657" /><ent r="4" t="17" w="791" /><ent r="4" t="19" w="13" /><ent r="4" t="19" w="197" /><ent r="4" t="20" w="19" /><ent r="4" t="21" w="19" /><ent r="4" t="22" w="94" /><ent r="4" t="23" w="28" /><ent r="5" t="23" w="278" /><ent r="4" t="24" w="56" /><ent r="5" t="24" w="221" /><ent r="4" t="25" w="32" /><ent r="4" t="26" w="61" /><ent r="4" t="26" w="249" /><ent r="4" t="26" w="552" /><ent r="4" t="27" w="272" /><ent r="4" t="27" w="577" /><ent r="4" t="27" w="736" /><ent r="4" t="27" w="968" /><ent r="4" t="31" w="78" /><ent r="4" t="31" w="188" /><ent r="8" t="31" w="271" /><ent r="4" t="31" w="667" /><ent r="4" t="31" w="721" /><ent r="4" t="32" w="91" /><ent r="7" t="32" w="298" /><ent r="7" t="32" w="547" /><ent r="4" t="34" w="70" /><ent r="3" t="34" w="291" /><ent r="4" t="34" w="666" /><ent r="3" t="34" w="1349" /><ent r="4" t="34" w="1616" /><ent r="7" t="35" w="97" /><ent r="6" t="35" w="229" /><ent r="7" t="35" w="343" /><ent r="8" t="36" w="302" /><ent r="8" t="36" w="409" /><ent r="7" t="36" w="578" /><ent r="7" t="38" w="98" /><ent r="7" t="38" w="264" /><ent r="7" t="39" w="161" /><ent r="4" t="42" w="236" /><ent r="4" t="43" w="17" /><ent r="4" t="44" w="18" /><ent r="5" t="44" w="171" /><ent r="6" t="44" w="461" /><ent r="4" t="46" w="95" /><ent r="8" t="46" w="270" /></phr><phr n="Notes"><ent r="4" t="11" w="33" /><ent r="4" t="12" w="134" /><ent r="4" t="17" w="91" /><ent r="8" t="36" w="1015" /></phr></stem><stem n="&quot;offlin"><phr n="&quot;offline"><ent r="3" t="3" w="334" /><ent r="3" t="17" w="514" /><ent r="3" t="32" w="96" /></phr></stem><stem n="current"><phr n="currently"><ent r="3" t="3" w="345" /><ent r="4" t="5" w="197" /><ent r="3" t="7" w="387" /><ent r="3" t="12" w="143" /><ent r="4" t="12" w="238" /><ent r="3" t="15" w="38" /><ent r="4" t="15" w="174" /><ent r="3" t="15" w="195" /><ent r="4" t="21" w="87" /><ent r="7" t="22" w="185" /><ent r="7" t="22" w="241" /><ent r="4" t="23" w="337" /><ent r="4" t="24" w="280" /><ent r="4" t="28" w="48" /><ent r="7" t="31" w="460" /><ent r="3" t="31" w="713" /><ent r="6" t="36" w="1651" /><ent r="7" t="36" w="1701" /><ent r="6" t="38" w="117" /><ent r="3" t="41" w="43" /><ent r="3" t="44" w="78" /></phr><phr n="current"><ent r="6" t="3" w="909" /><ent r="6" t="3" w="929" /><ent r="3" t="12" w="434" /><ent r="3" t="28" w="31" /><ent r="7" t="31" w="299" /><ent r="7" t="31" w="394" /><ent r="7" t="31" w="474" /><ent r="7" t="31" w="1289" /><ent r="3" t="31" w="1348" /><ent r="4" t="34" w="1012" /><ent r="4" t="34" w="1254" /><ent r="4" t="34" w="1515" /><ent r="8" t="36" w="380" /><ent r="7" t="36" w="385" /><ent r="6" t="36" w="1261" /><ent r="6" t="36" w="1268" /><ent r="6" t="36" w="1301" /><ent r="6" t="36" w="1308" /><ent r="6" t="36" w="1360" /><ent r="6" t="36" w="1417" /><ent r="6" t="36" w="1670" /></phr></stem><stem n="down"><phr n="down"><ent r="3" t="3" w="346" /><ent r="6" t="3" w="551" /><ent r="7" t="3" w="582" /><ent r="6" t="3" w="587" /><ent r="7" t="3" w="694" /><ent r="6" t="3" w="699" /><ent r="7" t="3" w="1337" /><ent r="3" t="4" w="34" /><ent r="4" t="8" w="141" /><ent r="4" t="16" w="310" /><ent r="9" t="16" w="636" /><ent r="9" t="16" w="800" /><ent r="9" t="16" w="934" /><ent r="9" t="16" w="983" /><ent r="4" t="17" w="229" /><ent r="3" t="17" w="273" /><ent r="4" t="23" w="243" /><ent r="4" t="24" w="186" /><ent r="4" t="26" w="174" /><ent r="4" t="26" w="363" /><ent r="4" t="26" w="470" /><ent r="3" t="27" w="581" /><ent r="3" t="27" w="649" /><ent r="3" t="31" w="1509" /><ent r="3" t="31" w="1563" /><ent r="3" t="34" w="1189" /><ent r="4" t="34" w="1228" /><ent r="7" t="36" w="262" /><ent r="7" t="36" w="837" /><ent r="7" t="36" w="865" /><ent r="6" t="41" w="164" /><ent r="6" t="41" w="180" /><ent r="6" t="41" w="215" /></phr></stem><stem n="(offline)."><phr n="(offline)."><ent r="3" t="3" w="348" /></phr></stem><stem n="easili"><phr n="easily"><ent r="3" t="3" w="369" /><ent r="3" t="4" w="27" /></phr></stem><stem n="identifi"><phr n="identify"><ent r="3" t="3" w="370" /><ent r="4" t="11" w="236" /><ent r="4" t="17" w="733" /><ent r="3" t="18" w="217" /><ent r="6" t="35" w="147" /><ent r="7" t="36" w="1094" /><ent r="6" t="44" w="311" /></phr><phr n="Identifier"><ent r="9" t="16" w="846" /><ent r="7" t="16" w="1139" /><ent r="6" t="28" w="323" /></phr><phr n="Identifies"><ent r="7" t="16" w="1115" /><ent r="7" t="16" w="1154" /><ent r="7" t="16" w="1244" /></phr><phr n="Identified"><ent r="3" t="17" w="583" /><ent r="4" t="17" w="592" /><ent r="3" t="18" w="202" /><ent r="4" t="34" w="1844" /><ent r="3" t="34" w="1973" /></phr><phr n="identifying"><ent r="4" t="27" w="134" /></phr></stem><stem n="actual"><phr n="actual"><ent r="3" t="3" w="376" /><ent r="7" t="10" w="256" /><ent r="3" t="16" w="1092" /><ent r="7" t="31" w="282" /><ent r="7" t="32" w="446" /><ent r="6" t="32" w="639" /></phr><phr n="actually"><ent r="3" t="17" w="802" /></phr></stem><stem n="awar"><phr n="aware"><ent r="3" t="3" w="381" /><ent r="3" t="27" w="602" /></phr></stem><stem n="ani"><phr n="any"><ent r="3" t="3" w="383" /><ent r="6" t="3" w="938" /><ent r="7" t="3" w="1179" /><ent r="7" t="3" w="1212" /><ent r="7" t="4" w="298" /><ent r="7" t="4" w="449" /><ent r="4" t="7" w="231" /><ent r="4" t="7" w="408" /><ent r="3" t="10" w="67" /><ent r="7" t="10" w="270" /><ent r="4" t="11" w="243" /><ent r="3" t="12" w="115" /><ent r="3" t="12" w="159" /><ent r="7" t="15" w="334" /><ent r="7" t="15" w="564" /><ent r="4" t="16" w="297" /><ent r="4" t="17" w="568" /><ent r="3" t="17" w="619" /><ent r="4" t="23" w="264" /><ent r="4" t="24" w="207" /><ent r="3" t="26" w="91" /><ent r="4" t="27" w="420" /><ent r="7" t="31" w="314" /><ent r="7" t="31" w="487" /><ent r="3" t="31" w="1013" /><ent r="3" t="32" w="173" /><ent r="6" t="32" w="658" /><ent r="3" t="34" w="487" /><ent r="3" t="34" w="1586" /><ent r="7" t="36" w="417" /><ent r="6" t="38" w="94" /><ent r="6" t="38" w="340" /><ent r="6" t="39" w="157" /><ent r="7" t="45" w="176" /></phr></stem><stem n="individu"><phr n="individual"><ent r="4" t="3" w="401" /><ent r="7" t="3" w="1129" /><ent r="4" t="11" w="408" /><ent r="4" t="31" w="588" /><ent r="4" t="44" w="151" /></phr></stem><stem n="visibl"><phr n="visible"><ent r="4" t="3" w="409" /><ent r="6" t="3" w="621" /><ent r="6" t="3" w="1075" /><ent r="3" t="27" w="522" /><ent r="4" t="44" w="165" /></phr></stem><stem n="access"><phr n="access"><ent r="4" t="3" w="413" /><ent r="6" t="3" w="650" /><ent r="6" t="3" w="900" /><ent r="6" t="3" w="952" /><ent r="6" t="3" w="999" /><ent r="7" t="3" w="1006" /><ent r="6" t="3" w="1016" /><ent r="7" t="3" w="1041" /><ent r="6" t="3" w="1055" /><ent r="6" t="3" w="1060" /><ent r="6" t="3" w="1083" /><ent r="3" t="5" w="35" /><ent r="4" t="6" w="327" /><ent r="4" t="7" w="104" /><ent r="5" t="11" w="328" /><ent r="3" t="12" w="166" /><ent r="3" t="13" w="47" /><ent r="3" t="13" w="127" /><ent r="3" t="13" w="204" /><ent r="4" t="13" w="278" /><ent r="4" t="13" w="282" /><ent r="3" t="14" w="168" /><ent r="4" t="14" w="343" /><ent r="4" t="19" w="285" /><ent r="4" t="21" w="95" /><ent r="3" t="22" w="134" /><ent r="3" t="24" w="42" /><ent r="3" t="36" w="1487" /><ent r="3" t="36" w="1497" /><ent r="3" t="38" w="49" /><ent r="3" t="39" w="77" /><ent r="3" t="40" w="19" /><ent r="3" t="43" w="29" /><ent r="3" t="44" w="27" /><ent r="4" t="44" w="97" /><ent r="6" t="44" w="486" /><ent r="6" t="44" w="523" /><ent r="6" t="44" w="546" /><ent r="3" t="45" w="42" /><ent r="8" t="45" w="365" /></phr><phr n="accessing"><ent r="7" t="3" w="1320" /><ent r="7" t="3" w="1342" /><ent r="5" t="5" w="115" /><ent r="4" t="14" w="276" /></phr><phr n="accessible"><ent r="3" t="4" w="28" /><ent r="7" t="36" w="289" /></phr><phr n="accessed"><ent r="3" t="4" w="43" /></phr></stem><stem n="permiss"><phr n="permission"><ent r="4" t="3" w="414" /><ent r="6" t="3" w="651" /><ent r="3" t="44" w="70" /></phr><phr n="Permissions"><ent r="100" t="23" w="19" /><ent r="3" t="34" w="92" /><ent r="82" t="34" w="726" /><ent r="3" t="34" w="731" /><ent r="4" t="34" w="958" /><ent r="3" t="44" w="58" /><ent r="6" t="44" w="524" /><ent r="6" t="44" w="547" /></phr></stem><stem n="parent"><phr n="parent"><ent r="4" t="3" w="417" /></phr></stem><stem n="(node"><phr n="(nodes"><ent r="4" t="3" w="439" /></phr></stem><stem n="link"><phr n="linked"><ent r="4" t="3" w="441" /></phr></stem><stem n="enabl"><phr n="enabled"><ent r="4" t="3" w="450" /><ent r="6" t="3" w="826" /><ent r="7" t="3" w="832" /><ent r="6" t="3" w="838" /><ent r="6" t="3" w="852" /><ent r="4" t="5" w="199" /><ent r="3" t="9" w="78" /><ent r="4" t="9" w="172" /><ent r="7" t="15" w="332" /><ent r="7" t="15" w="677" /><ent r="4" t="16" w="82" /><ent r="3" t="17" w="676" /><ent r="4" t="27" w="569" /><ent r="4" t="31" w="687" /><ent r="7" t="31" w="1225" /><ent r="7" t="31" w="1244" /><ent r="67" t="32" w="700" /><ent r="67" t="32" w="724" /><ent r="4" t="34" w="368" /><ent r="3" t="46" w="51" /></phr><phr n="Enabling"><ent r="65" t="3" w="471" /><ent r="67" t="3" w="881" /><ent r="1000" t="5" w="1" /><ent r="100" t="5" w="11" /><ent r="100" t="5" w="14" /><ent r="102" t="5" w="20" /><ent r="3" t="5" w="27" /><ent r="64" t="6" w="214" /><ent r="65" t="7" w="95" /><ent r="65" t="7" w="485" /><ent r="64" t="8" w="232" /><ent r="1000" t="9" w="1" /><ent r="100" t="9" w="7" /><ent r="102" t="9" w="24" /><ent r="3" t="9" w="49" /><ent r="64" t="11" w="82" /><ent r="64" t="31" w="976" /><ent r="3" t="31" w="1367" /><ent r="100" t="31" w="1373" /><ent r="3" t="31" w="1407" /><ent r="3" t="31" w="1417" /><ent r="7" t="46" w="255" /></phr><phr n="enable"><ent r="3" t="4" w="99" /><ent r="3" t="5" w="85" /><ent r="4" t="5" w="161" /><ent r="4" t="6" w="197" /><ent r="4" t="7" w="472" /><ent r="4" t="9" w="128" /><ent r="5" t="11" w="325" /><ent r="8" t="15" w="270" /><ent r="7" t="15" w="278" /><ent r="7" t="15" w="350" /><ent r="8" t="15" w="358" /><ent r="8" t="15" w="505" /><ent r="8" t="15" w="539" /><ent r="8" t="15" w="578" /><ent r="8" t="15" w="591" /><ent r="8" t="15" w="636" /><ent r="5" t="17" w="534" /><ent r="3" t="31" w="100" /><ent r="3" t="31" w="1379" /><ent r="5" t="34" w="1442" /><ent r="5" t="34" w="1470" /><ent r="4" t="34" w="1477" /><ent r="5" t="34" w="1523" /><ent r="3" t="46" w="69" /><ent r="8" t="46" w="245" /></phr></stem><stem n="remot"><phr n="remote"><ent r="4" t="3" w="452" /><ent r="65" t="3" w="472" /><ent r="6" t="3" w="828" /><ent r="6" t="3" w="834" /><ent r="6" t="3" w="847" /><ent r="67" t="3" w="882" /><ent r="3" t="5" w="38" /><ent r="64" t="6" w="215" /><ent r="65" t="7" w="96" /><ent r="64" t="8" w="233" /><ent r="1000" t="9" w="2" /><ent r="100" t="9" w="8" /><ent r="100" t="9" w="13" /><ent r="100" t="9" w="17" /><ent r="102" t="9" w="25" /><ent r="3" t="9" w="50" /><ent r="3" t="9" w="73" /><ent r="4" t="9" w="129" /><ent r="4" t="9" w="158" /><ent r="4" t="9" w="169" /><ent r="3" t="9" w="395" /><ent r="64" t="11" w="83" /><ent r="4" t="14" w="302" /><ent r="4" t="14" w="309" /><ent r="4" t="14" w="342" /><ent r="4" t="31" w="956" /><ent r="64" t="31" w="977" /><ent r="6" t="32" w="703" /><ent r="6" t="32" w="727" /><ent r="7" t="45" w="248" /><ent r="7" t="45" w="343" /><ent r="8" t="45" w="364" /></phr><phr n="remotely"><ent r="4" t="6" w="172" /><ent r="4" t="7" w="90" /><ent r="3" t="8" w="221" /><ent r="3" t="9" w="42" /><ent r="7" t="31" w="1235" /><ent r="7" t="45" w="314" /></phr></stem><stem n="stop"><phr n="stop"><ent r="4" t="3" w="456" /><ent r="6" t="3" w="726" /><ent r="6" t="3" w="863" /><ent r="6" t="3" w="1068" /><ent r="4" t="6" w="202" /><ent r="65" t="9" w="60" /><ent r="4" t="14" w="146" /><ent r="4" t="19" w="364" /><ent r="3" t="23" w="79" /><ent r="4" t="31" w="572" /><ent r="3" t="32" w="46" /><ent r="3" t="32" w="87" /><ent r="4" t="44" w="149" /><ent r="7" t="45" w="326" /></phr><phr n="stopped"><ent r="6" t="3" w="686" /><ent r="6" t="3" w="701" /><ent r="7" t="3" w="1367" /><ent r="7" t="31" w="309" /><ent r="6" t="32" w="710" /></phr><phr n="stopping"><ent r="4" t="4" w="229" /><ent r="7" t="31" w="308" /><ent r="100" t="32" w="14" /><ent r="100" t="32" w="19" /><ent r="7" t="38" w="288" /></phr><phr n="Stops"><ent r="6" t="32" w="715" /></phr></stem><stem n="tabl"><phr n="table"><ent r="3" t="3" w="480" /><ent r="3" t="3" w="1258" /><ent r="3" t="4" w="245" /><ent r="4" t="27" w="377" /><ent r="3" t="28" w="84" /><ent r="3" t="29" w="18" /><ent r="64" t="31" w="203" /><ent r="64" t="31" w="1056" /><ent r="64" t="32" w="161" /><ent r="3" t="36" w="232" /><ent r="68" t="36" w="782" /><ent r="3" t="36" w="1222" /><ent r="65" t="46" w="180" /><ent r="3" t="46" w="225" /></phr></stem><stem n="(up):"><phr n="(Up):"><ent r="7" t="3" w="517" /></phr></stem><stem n="databas"><phr n="database"><ent r="6" t="3" w="523" /><ent r="6" t="3" w="549" /><ent r="7" t="3" w="1171" /><ent r="7" t="3" w="1176" /><ent r="4" t="23" w="356" /><ent r="4" t="24" w="299" /><ent r="4" t="27" w="703" /><ent r="7" t="31" w="245" /><ent r="7" t="31" w="262" /><ent r="4" t="34" w="1081" /></phr></stem><stem n="normal"><phr n="normally"><ent r="6" t="3" w="526" /><ent r="6" t="3" w="679" /><ent r="6" t="3" w="687" /></phr><phr n="normal"><ent r="7" t="16" w="1251" /><ent r="3" t="17" w="122" /><ent r="4" t="34" w="1150" /></phr></stem><stem n="attent"><phr n="attention"><ent r="6" t="3" w="528" /><ent r="6" t="3" w="594" /></phr></stem><stem n="(partial"><phr n="(Partially"><ent r="7" t="3" w="533" /></phr></stem><stem n="partial"><phr n="Partially"><ent r="7" t="3" w="533" /></phr><phr n="partial"><ent r="6" t="36" w="1262" /><ent r="6" t="36" w="1302" /><ent r="6" t="36" w="1361" /><ent r="6" t="36" w="1418" /></phr></stem></index>