<?xml version="1.0" encoding="utf-8"?><index><stem n="ministrat"><phr n="Administrator"><ent r="3" t="3" w="154" /><ent r="3" t="3" w="154" /><ent r="6" t="3" w="1016" /><ent r="6" t="3" w="1016" /><ent r="3" t="6" w="237" /><ent r="3" t="10" w="61" /><ent r="3" t="11" w="39" /><ent r="3" t="13" w="93" /><ent r="3" t="15" w="86" /><ent r="3" t="19" w="19" /><ent r="5" t="19" w="279" /><ent r="5" t="19" w="279" /><ent r="4" t="19" w="333" /><ent r="4" t="19" w="333" /><ent r="3" t="20" w="25" /><ent r="3" t="21" w="29" /><ent r="4" t="22" w="36" /><ent r="4" t="22" w="36" /><ent r="3" t="23" w="34" /><ent r="3" t="23" w="60" /><ent r="3" t="23" w="60" /><ent r="3" t="24" w="53" /><ent r="3" t="25" w="17" /><ent r="3" t="25" w="17" /><ent r="3" t="25" w="42" /><ent r="3" t="31" w="194" /><ent r="3" t="32" w="62" /><ent r="3" t="34" w="109" /><ent r="3" t="35" w="41" /><ent r="3" t="36" w="1483" /><ent r="3" t="36" w="1483" /><ent r="3" t="38" w="44" /><ent r="3" t="39" w="75" /><ent r="3" t="43" w="27" /><ent r="3" t="44" w="24" /><ent r="5" t="44" w="89" /><ent r="4" t="44" w="159" /><ent r="4" t="44" w="159" /><ent r="6" t="44" w="265" /><ent r="6" t="44" w="493" /><ent r="6" t="44" w="493" /></phr><phr n="administrative"><ent r="6" t="3" w="1006" /><ent r="6" t="3" w="1006" /><ent r="6" t="3" w="1044" /><ent r="6" t="3" w="1044" /><ent r="4" t="6" w="46" /><ent r="4" t="6" w="46" /><ent r="4" t="7" w="208" /><ent r="4" t="7" w="208" /><ent r="4" t="7" w="243" /><ent r="4" t="7" w="243" /><ent r="4" t="11" w="299" /><ent r="4" t="11" w="299" /><ent r="6" t="44" w="499" /></phr><phr n="administrator"><ent r="7" t="3" w="1099" /><ent r="7" t="3" w="1099" /><ent r="4" t="7" w="197" /><ent r="4" t="7" w="197" /><ent r="3" t="8" w="50" /><ent r="3" t="8" w="50" /><ent r="4" t="12" w="327" /><ent r="4" t="12" w="327" /><ent r="3" t="14" w="191" /><ent r="3" t="14" w="191" /><ent r="9" t="16" w="376" /><ent r="9" t="16" w="376" /><ent r="3" t="27" w="857" /><ent r="3" t="34" w="131" /><ent r="3" t="34" w="131" /><ent r="3" t="34" w="859" /><ent r="3" t="34" w="859" /><ent r="3" t="36" w="1493" /><ent r="6" t="41" w="92" /><ent r="6" t="41" w="92" /><ent r="6" t="44" w="269" /><ent r="6" t="44" w="269" /></phr><phr n="Administrative"><ent r="7" t="3" w="1157" /><ent r="7" t="3" w="1157" /><ent r="5" t="4" w="160" /><ent r="7" t="4" w="302" /><ent r="7" t="4" w="302" /><ent r="5" t="11" w="285" /><ent r="5" t="11" w="285" /><ent r="8" t="32" w="474" /><ent r="8" t="32" w="474" /><ent r="8" t="38" w="218" /></phr><phr n="Administrators"><ent r="3" t="22" w="85" /><ent r="3" t="22" w="85" /><ent r="4" t="40" w="67" /><ent r="4" t="40" w="67" /><ent r="4" t="40" w="74" /><ent r="4" t="40" w="74" /><ent r="4" t="44" w="115" /><ent r="4" t="44" w="115" /><ent r="6" t="44" w="482" /></phr><phr n="Non-administrator"><ent r="3" t="36" w="1492" /><ent r="3" t="36" w="1492" /></phr><phr n="administrators"><ent r="3" t="42" w="41" /><ent r="4" t="44" w="173" /><ent r="4" t="44" w="173" /><ent r="4" t="44" w="184" /><ent r="4" t="44" w="184" /></phr><phr n="non-administrative"><ent r="6" t="44" w="498" /><ent r="6" t="44" w="498" /></phr></stem><stem n="inistrato"><phr n="Administrator"><ent r="3" t="3" w="154" /><ent r="3" t="3" w="154" /><ent r="6" t="3" w="1016" /><ent r="6" t="3" w="1016" /><ent r="3" t="6" w="237" /><ent r="3" t="10" w="61" /><ent r="3" t="11" w="39" /><ent r="3" t="13" w="93" /><ent r="3" t="15" w="86" /><ent r="3" t="19" w="19" /><ent r="5" t="19" w="279" /><ent r="5" t="19" w="279" /><ent r="4" t="19" w="333" /><ent r="4" t="19" w="333" /><ent r="3" t="20" w="25" /><ent r="3" t="21" w="29" /><ent r="4" t="22" w="36" /><ent r="4" t="22" w="36" /><ent r="3" t="23" w="34" /><ent r="3" t="23" w="60" /><ent r="3" t="23" w="60" /><ent r="3" t="24" w="53" /><ent r="3" t="25" w="17" /><ent r="3" t="25" w="17" /><ent r="3" t="25" w="42" /><ent r="3" t="31" w="194" /><ent r="3" t="32" w="62" /><ent r="3" t="34" w="109" /><ent r="3" t="35" w="41" /><ent r="3" t="36" w="1483" /><ent r="3" t="36" w="1483" /><ent r="3" t="38" w="44" /><ent r="3" t="39" w="75" /><ent r="3" t="43" w="27" /><ent r="3" t="44" w="24" /><ent r="5" t="44" w="89" /><ent r="4" t="44" w="159" /><ent r="4" t="44" w="159" /><ent r="6" t="44" w="265" /><ent r="6" t="44" w="493" /><ent r="6" t="44" w="493" /></phr><phr n="administrator"><ent r="7" t="3" w="1099" /><ent r="7" t="3" w="1099" /><ent r="4" t="7" w="197" /><ent r="4" t="7" w="197" /><ent r="3" t="8" w="50" /><ent r="3" t="8" w="50" /><ent r="4" t="12" w="327" /><ent r="4" t="12" w="327" /><ent r="3" t="14" w="191" /><ent r="3" t="14" w="191" /><ent r="9" t="16" w="376" /><ent r="9" t="16" w="376" /><ent r="3" t="27" w="857" /><ent r="3" t="34" w="131" /><ent r="3" t="34" w="131" /><ent r="3" t="34" w="859" /><ent r="3" t="34" w="859" /><ent r="3" t="36" w="1493" /><ent r="6" t="41" w="92" /><ent r="6" t="41" w="92" /><ent r="6" t="44" w="269" /><ent r="6" t="44" w="269" /></phr><phr n="Administrators"><ent r="3" t="22" w="85" /><ent r="3" t="22" w="85" /><ent r="4" t="40" w="67" /><ent r="4" t="40" w="67" /><ent r="4" t="40" w="74" /><ent r="4" t="40" w="74" /><ent r="4" t="44" w="115" /><ent r="4" t="44" w="115" /><ent r="6" t="44" w="482" /></phr><phr n="Non-administrator"><ent r="3" t="36" w="1492" /><ent r="3" t="36" w="1492" /></phr><phr n="administrators"><ent r="3" t="42" w="41" /><ent r="4" t="44" w="173" /><ent r="4" t="44" w="173" /><ent r="4" t="44" w="184" /><ent r="4" t="44" w="184" /></phr></stem><stem n="nistrator"><phr n="Administrator"><ent r="3" t="3" w="154" /><ent r="3" t="3" w="154" /><ent r="6" t="3" w="1016" /><ent r="6" t="3" w="1016" /><ent r="3" t="6" w="237" /><ent r="3" t="10" w="61" /><ent r="3" t="11" w="39" /><ent r="3" t="13" w="93" /><ent r="3" t="15" w="86" /><ent r="3" t="19" w="19" /><ent r="5" t="19" w="279" /><ent r="5" t="19" w="279" /><ent r="4" t="19" w="333" /><ent r="4" t="19" w="333" /><ent r="3" t="20" w="25" /><ent r="3" t="21" w="29" /><ent r="4" t="22" w="36" /><ent r="4" t="22" w="36" /><ent r="3" t="23" w="34" /><ent r="3" t="23" w="60" /><ent r="3" t="23" w="60" /><ent r="3" t="24" w="53" /><ent r="3" t="25" w="17" /><ent r="3" t="25" w="17" /><ent r="3" t="25" w="42" /><ent r="3" t="31" w="194" /><ent r="3" t="32" w="62" /><ent r="3" t="34" w="109" /><ent r="3" t="35" w="41" /><ent r="3" t="36" w="1483" /><ent r="3" t="36" w="1483" /><ent r="3" t="38" w="44" /><ent r="3" t="39" w="75" /><ent r="3" t="43" w="27" /><ent r="3" t="44" w="24" /><ent r="5" t="44" w="89" /><ent r="4" t="44" w="159" /><ent r="4" t="44" w="159" /><ent r="6" t="44" w="265" /><ent r="6" t="44" w="493" /><ent r="6" t="44" w="493" /></phr><phr n="administrator"><ent r="7" t="3" w="1099" /><ent r="7" t="3" w="1099" /><ent r="4" t="7" w="197" /><ent r="4" t="7" w="197" /><ent r="3" t="8" w="50" /><ent r="3" t="8" w="50" /><ent r="4" t="12" w="327" /><ent r="4" t="12" w="327" /><ent r="3" t="14" w="191" /><ent r="3" t="14" w="191" /><ent r="9" t="16" w="376" /><ent r="9" t="16" w="376" /><ent r="3" t="27" w="857" /><ent r="3" t="34" w="131" /><ent r="3" t="34" w="131" /><ent r="3" t="34" w="859" /><ent r="3" t="34" w="859" /><ent r="3" t="36" w="1493" /><ent r="6" t="41" w="92" /><ent r="6" t="41" w="92" /><ent r="6" t="44" w="269" /><ent r="6" t="44" w="269" /></phr><phr n="Administrators"><ent r="3" t="22" w="85" /><ent r="3" t="22" w="85" /><ent r="4" t="40" w="67" /><ent r="4" t="40" w="67" /><ent r="4" t="40" w="74" /><ent r="4" t="40" w="74" /><ent r="4" t="44" w="115" /><ent r="4" t="44" w="115" /><ent r="6" t="44" w="482" /></phr><phr n="Non-administrator"><ent r="3" t="36" w="1492" /><ent r="3" t="36" w="1492" /></phr><phr n="administrators"><ent r="3" t="42" w="41" /><ent r="4" t="44" w="173" /><ent r="4" t="44" w="173" /><ent r="4" t="44" w="184" /><ent r="4" t="44" w="184" /></phr></stem><stem n="administra"><phr n="Administrator"><ent r="3" t="3" w="154" /><ent r="3" t="3" w="154" /><ent r="6" t="3" w="1016" /><ent r="6" t="3" w="1016" /><ent r="3" t="6" w="237" /><ent r="3" t="10" w="61" /><ent r="3" t="11" w="39" /><ent r="3" t="13" w="93" /><ent r="3" t="15" w="86" /><ent r="3" t="19" w="19" /><ent r="5" t="19" w="279" /><ent r="5" t="19" w="279" /><ent r="4" t="19" w="333" /><ent r="4" t="19" w="333" /><ent r="3" t="20" w="25" /><ent r="3" t="21" w="29" /><ent r="4" t="22" w="36" /><ent r="4" t="22" w="36" /><ent r="3" t="23" w="34" /><ent r="3" t="23" w="60" /><ent r="3" t="23" w="60" /><ent r="3" t="24" w="53" /><ent r="3" t="25" w="17" /><ent r="3" t="25" w="17" /><ent r="3" t="25" w="42" /><ent r="3" t="31" w="194" /><ent r="3" t="32" w="62" /><ent r="3" t="34" w="109" /><ent r="3" t="35" w="41" /><ent r="3" t="36" w="1483" /><ent r="3" t="36" w="1483" /><ent r="3" t="38" w="44" /><ent r="3" t="39" w="75" /><ent r="3" t="43" w="27" /><ent r="3" t="44" w="24" /><ent r="5" t="44" w="89" /><ent r="4" t="44" w="159" /><ent r="4" t="44" w="159" /><ent r="6" t="44" w="265" /><ent r="6" t="44" w="493" /><ent r="6" t="44" w="493" /></phr><phr n="administrative"><ent r="6" t="3" w="1006" /><ent r="6" t="3" w="1006" /><ent r="6" t="3" w="1044" /><ent r="6" t="3" w="1044" /><ent r="4" t="6" w="46" /><ent r="4" t="6" w="46" /><ent r="4" t="7" w="208" /><ent r="4" t="7" w="208" /><ent r="4" t="7" w="243" /><ent r="4" t="7" w="243" /><ent r="4" t="11" w="299" /><ent r="4" t="11" w="299" /><ent r="6" t="44" w="499" /></phr><phr n="administrator"><ent r="7" t="3" w="1099" /><ent r="7" t="3" w="1099" /><ent r="4" t="7" w="197" /><ent r="4" t="7" w="197" /><ent r="3" t="8" w="50" /><ent r="3" t="8" w="50" /><ent r="4" t="12" w="327" /><ent r="4" t="12" w="327" /><ent r="3" t="14" w="191" /><ent r="3" t="14" w="191" /><ent r="9" t="16" w="376" /><ent r="9" t="16" w="376" /><ent r="3" t="27" w="857" /><ent r="3" t="34" w="131" /><ent r="3" t="34" w="131" /><ent r="3" t="34" w="859" /><ent r="3" t="34" w="859" /><ent r="3" t="36" w="1493" /><ent r="6" t="41" w="92" /><ent r="6" t="41" w="92" /><ent r="6" t="44" w="269" /><ent r="6" t="44" w="269" /></phr><phr n="Administrative"><ent r="7" t="3" w="1157" /><ent r="7" t="3" w="1157" /><ent r="5" t="4" w="160" /><ent r="7" t="4" w="302" /><ent r="7" t="4" w="302" /><ent r="5" t="11" w="285" /><ent r="5" t="11" w="285" /><ent r="8" t="32" w="474" /><ent r="8" t="32" w="474" /><ent r="8" t="38" w="218" /></phr><phr n="Administrators"><ent r="3" t="22" w="85" /><ent r="3" t="22" w="85" /><ent r="4" t="40" w="67" /><ent r="4" t="40" w="67" /><ent r="4" t="40" w="74" /><ent r="4" t="40" w="74" /><ent r="4" t="44" w="115" /><ent r="4" t="44" w="115" /><ent r="6" t="44" w="482" /></phr><phr n="Non-administrator"><ent r="3" t="36" w="1492" /><ent r="3" t="36" w="1492" /></phr><phr n="administrators"><ent r="3" t="42" w="41" /><ent r="4" t="44" w="173" /><ent r="4" t="44" w="173" /><ent r="4" t="44" w="184" /><ent r="4" t="44" w="184" /></phr><phr n="non-administrative"><ent r="6" t="44" w="498" /><ent r="6" t="44" w="498" /></phr></stem><stem n="dministrat"><phr n="Administrator"><ent r="3" t="3" w="154" /><ent r="3" t="3" w="154" /><ent r="6" t="3" w="1016" /><ent r="6" t="3" w="1016" /><ent r="3" t="6" w="237" /><ent r="3" t="10" w="61" /><ent r="3" t="11" w="39" /><ent r="3" t="13" w="93" /><ent r="3" t="15" w="86" /><ent r="3" t="19" w="19" /><ent r="5" t="19" w="279" /><ent r="5" t="19" w="279" /><ent r="4" t="19" w="333" /><ent r="4" t="19" w="333" /><ent r="3" t="20" w="25" /><ent r="3" t="21" w="29" /><ent r="4" t="22" w="36" /><ent r="4" t="22" w="36" /><ent r="3" t="23" w="34" /><ent r="3" t="23" w="60" /><ent r="3" t="23" w="60" /><ent r="3" t="24" w="53" /><ent r="3" t="25" w="17" /><ent r="3" t="25" w="17" /><ent r="3" t="25" w="42" /><ent r="3" t="31" w="194" /><ent r="3" t="32" w="62" /><ent r="3" t="34" w="109" /><ent r="3" t="35" w="41" /><ent r="3" t="36" w="1483" /><ent r="3" t="36" w="1483" /><ent r="3" t="38" w="44" /><ent r="3" t="39" w="75" /><ent r="3" t="43" w="27" /><ent r="3" t="44" w="24" /><ent r="5" t="44" w="89" /><ent r="4" t="44" w="159" /><ent r="4" t="44" w="159" /><ent r="6" t="44" w="265" /><ent r="6" t="44" w="493" /><ent r="6" t="44" w="493" /></phr><phr n="administrative"><ent r="6" t="3" w="1006" /><ent r="6" t="3" w="1006" /><ent r="6" t="3" w="1044" /><ent r="6" t="3" w="1044" /><ent r="4" t="6" w="46" /><ent r="4" t="6" w="46" /><ent r="4" t="7" w="208" /><ent r="4" t="7" w="208" /><ent r="4" t="7" w="243" /><ent r="4" t="7" w="243" /><ent r="4" t="11" w="299" /><ent r="4" t="11" w="299" /><ent r="6" t="44" w="499" /></phr><phr n="administrator"><ent r="7" t="3" w="1099" /><ent r="7" t="3" w="1099" /><ent r="4" t="7" w="197" /><ent r="4" t="7" w="197" /><ent r="3" t="8" w="50" /><ent r="3" t="8" w="50" /><ent r="4" t="12" w="327" /><ent r="4" t="12" w="327" /><ent r="3" t="14" w="191" /><ent r="3" t="14" w="191" /><ent r="9" t="16" w="376" /><ent r="9" t="16" w="376" /><ent r="3" t="27" w="857" /><ent r="3" t="34" w="131" /><ent r="3" t="34" w="131" /><ent r="3" t="34" w="859" /><ent r="3" t="34" w="859" /><ent r="3" t="36" w="1493" /><ent r="6" t="41" w="92" /><ent r="6" t="41" w="92" /><ent r="6" t="44" w="269" /><ent r="6" t="44" w="269" /></phr><phr n="Administrative"><ent r="7" t="3" w="1157" /><ent r="7" t="3" w="1157" /><ent r="5" t="4" w="160" /><ent r="7" t="4" w="302" /><ent r="7" t="4" w="302" /><ent r="5" t="11" w="285" /><ent r="5" t="11" w="285" /><ent r="8" t="32" w="474" /><ent r="8" t="32" w="474" /><ent r="8" t="38" w="218" /></phr><phr n="Administrators"><ent r="3" t="22" w="85" /><ent r="3" t="22" w="85" /><ent r="4" t="40" w="67" /><ent r="4" t="40" w="67" /><ent r="4" t="40" w="74" /><ent r="4" t="40" w="74" /><ent r="4" t="44" w="115" /><ent r="4" t="44" w="115" /><ent r="6" t="44" w="482" /></phr><phr n="Non-administrator"><ent r="3" t="36" w="1492" /><ent r="3" t="36" w="1492" /></phr><phr n="administrators"><ent r="3" t="42" w="41" /><ent r="4" t="44" w="173" /><ent r="4" t="44" w="173" /><ent r="4" t="44" w="184" /><ent r="4" t="44" w="184" /></phr><phr n="non-administrative"><ent r="6" t="44" w="498" /><ent r="6" t="44" w="498" /></phr></stem><stem n="ministrato"><phr n="Administrator"><ent r="3" t="3" w="154" /><ent r="3" t="3" w="154" /><ent r="6" t="3" w="1016" /><ent r="6" t="3" w="1016" /><ent r="3" t="6" w="237" /><ent r="3" t="10" w="61" /><ent r="3" t="11" w="39" /><ent r="3" t="13" w="93" /><ent r="3" t="15" w="86" /><ent r="3" t="19" w="19" /><ent r="5" t="19" w="279" /><ent r="5" t="19" w="279" /><ent r="4" t="19" w="333" /><ent r="4" t="19" w="333" /><ent r="3" t="20" w="25" /><ent r="3" t="21" w="29" /><ent r="4" t="22" w="36" /><ent r="4" t="22" w="36" /><ent r="3" t="23" w="34" /><ent r="3" t="23" w="60" /><ent r="3" t="23" w="60" /><ent r="3" t="24" w="53" /><ent r="3" t="25" w="17" /><ent r="3" t="25" w="17" /><ent r="3" t="25" w="42" /><ent r="3" t="31" w="194" /><ent r="3" t="32" w="62" /><ent r="3" t="34" w="109" /><ent r="3" t="35" w="41" /><ent r="3" t="36" w="1483" /><ent r="3" t="36" w="1483" /><ent r="3" t="38" w="44" /><ent r="3" t="39" w="75" /><ent r="3" t="43" w="27" /><ent r="3" t="44" w="24" /><ent r="5" t="44" w="89" /><ent r="4" t="44" w="159" /><ent r="4" t="44" w="159" /><ent r="6" t="44" w="265" /><ent r="6" t="44" w="493" /><ent r="6" t="44" w="493" /></phr><phr n="administrator"><ent r="7" t="3" w="1099" /><ent r="7" t="3" w="1099" /><ent r="4" t="7" w="197" /><ent r="4" t="7" w="197" /><ent r="3" t="8" w="50" /><ent r="3" t="8" w="50" /><ent r="4" t="12" w="327" /><ent r="4" t="12" w="327" /><ent r="3" t="14" w="191" /><ent r="3" t="14" w="191" /><ent r="9" t="16" w="376" /><ent r="9" t="16" w="376" /><ent r="3" t="27" w="857" /><ent r="3" t="34" w="131" /><ent r="3" t="34" w="131" /><ent r="3" t="34" w="859" /><ent r="3" t="34" w="859" /><ent r="3" t="36" w="1493" /><ent r="6" t="41" w="92" /><ent r="6" t="41" w="92" /><ent r="6" t="44" w="269" /><ent r="6" t="44" w="269" /></phr><phr n="Administrators"><ent r="3" t="22" w="85" /><ent r="3" t="22" w="85" /><ent r="4" t="40" w="67" /><ent r="4" t="40" w="67" /><ent r="4" t="40" w="74" /><ent r="4" t="40" w="74" /><ent r="4" t="44" w="115" /><ent r="4" t="44" w="115" /><ent r="6" t="44" w="482" /></phr><phr n="Non-administrator"><ent r="3" t="36" w="1492" /><ent r="3" t="36" w="1492" /></phr><phr n="administrators"><ent r="3" t="42" w="41" /><ent r="4" t="44" w="173" /><ent r="4" t="44" w="173" /><ent r="4" t="44" w="184" /><ent r="4" t="44" w="184" /></phr></stem><stem n="inistrator"><phr n="Administrator"><ent r="3" t="3" w="154" /><ent r="3" t="3" w="154" /><ent r="6" t="3" w="1016" /><ent r="6" t="3" w="1016" /><ent r="3" t="6" w="237" /><ent r="3" t="10" w="61" /><ent r="3" t="11" w="39" /><ent r="3" t="13" w="93" /><ent r="3" t="15" w="86" /><ent r="3" t="19" w="19" /><ent r="5" t="19" w="279" /><ent r="5" t="19" w="279" /><ent r="4" t="19" w="333" /><ent r="4" t="19" w="333" /><ent r="3" t="20" w="25" /><ent r="3" t="21" w="29" /><ent r="4" t="22" w="36" /><ent r="4" t="22" w="36" /><ent r="3" t="23" w="34" /><ent r="3" t="23" w="60" /><ent r="3" t="23" w="60" /><ent r="3" t="24" w="53" /><ent r="3" t="25" w="17" /><ent r="3" t="25" w="17" /><ent r="3" t="25" w="42" /><ent r="3" t="31" w="194" /><ent r="3" t="32" w="62" /><ent r="3" t="34" w="109" /><ent r="3" t="35" w="41" /><ent r="3" t="36" w="1483" /><ent r="3" t="36" w="1483" /><ent r="3" t="38" w="44" /><ent r="3" t="39" w="75" /><ent r="3" t="43" w="27" /><ent r="3" t="44" w="24" /><ent r="5" t="44" w="89" /><ent r="4" t="44" w="159" /><ent r="4" t="44" w="159" /><ent r="6" t="44" w="265" /><ent r="6" t="44" w="493" /><ent r="6" t="44" w="493" /></phr><phr n="administrator"><ent r="7" t="3" w="1099" /><ent r="7" t="3" w="1099" /><ent r="4" t="7" w="197" /><ent r="4" t="7" w="197" /><ent r="3" t="8" w="50" /><ent r="3" t="8" w="50" /><ent r="4" t="12" w="327" /><ent r="4" t="12" w="327" /><ent r="3" t="14" w="191" /><ent r="3" t="14" w="191" /><ent r="9" t="16" w="376" /><ent r="9" t="16" w="376" /><ent r="3" t="27" w="857" /><ent r="3" t="34" w="131" /><ent r="3" t="34" w="131" /><ent r="3" t="34" w="859" /><ent r="3" t="34" w="859" /><ent r="3" t="36" w="1493" /><ent r="6" t="41" w="92" /><ent r="6" t="41" w="92" /><ent r="6" t="44" w="269" /><ent r="6" t="44" w="269" /></phr><phr n="Administrators"><ent r="3" t="22" w="85" /><ent r="3" t="22" w="85" /><ent r="4" t="40" w="67" /><ent r="4" t="40" w="67" /><ent r="4" t="40" w="74" /><ent r="4" t="40" w="74" /><ent r="4" t="44" w="115" /><ent r="4" t="44" w="115" /><ent r="6" t="44" w="482" /></phr><phr n="Non-administrator"><ent r="3" t="36" w="1492" /><ent r="3" t="36" w="1492" /></phr><phr n="administrators"><ent r="3" t="42" w="41" /><ent r="4" t="44" w="173" /><ent r="4" t="44" w="173" /><ent r="4" t="44" w="184" /><ent r="4" t="44" w="184" /></phr></stem><stem n="administrat"><phr n="Administrator"><ent r="3" t="3" w="154" /><ent r="3" t="3" w="154" /><ent r="6" t="3" w="1016" /><ent r="6" t="3" w="1016" /><ent r="3" t="6" w="237" /><ent r="3" t="10" w="61" /><ent r="3" t="11" w="39" /><ent r="3" t="13" w="93" /><ent r="3" t="15" w="86" /><ent r="3" t="19" w="19" /><ent r="5" t="19" w="279" /><ent r="5" t="19" w="279" /><ent r="4" t="19" w="333" /><ent r="4" t="19" w="333" /><ent r="3" t="20" w="25" /><ent r="3" t="21" w="29" /><ent r="4" t="22" w="36" /><ent r="4" t="22" w="36" /><ent r="3" t="23" w="34" /><ent r="3" t="23" w="60" /><ent r="3" t="23" w="60" /><ent r="3" t="24" w="53" /><ent r="3" t="25" w="17" /><ent r="3" t="25" w="17" /><ent r="3" t="25" w="42" /><ent r="3" t="31" w="194" /><ent r="3" t="32" w="62" /><ent r="3" t="34" w="109" /><ent r="3" t="35" w="41" /><ent r="3" t="36" w="1483" /><ent r="3" t="36" w="1483" /><ent r="3" t="38" w="44" /><ent r="3" t="39" w="75" /><ent r="3" t="43" w="27" /><ent r="3" t="44" w="24" /><ent r="5" t="44" w="89" /><ent r="4" t="44" w="159" /><ent r="4" t="44" w="159" /><ent r="6" t="44" w="265" /><ent r="6" t="44" w="493" /><ent r="6" t="44" w="493" /></phr><phr n="administrative"><ent r="6" t="3" w="1006" /><ent r="6" t="3" w="1006" /><ent r="6" t="3" w="1044" /><ent r="6" t="3" w="1044" /><ent r="4" t="6" w="46" /><ent r="4" t="6" w="46" /><ent r="4" t="7" w="208" /><ent r="4" t="7" w="208" /><ent r="4" t="7" w="243" /><ent r="4" t="7" w="243" /><ent r="4" t="11" w="299" /><ent r="4" t="11" w="299" /><ent r="6" t="44" w="499" /></phr><phr n="administrator"><ent r="7" t="3" w="1099" /><ent r="7" t="3" w="1099" /><ent r="4" t="7" w="197" /><ent r="4" t="7" w="197" /><ent r="3" t="8" w="50" /><ent r="3" t="8" w="50" /><ent r="4" t="12" w="327" /><ent r="4" t="12" w="327" /><ent r="3" t="14" w="191" /><ent r="3" t="14" w="191" /><ent r="9" t="16" w="376" /><ent r="9" t="16" w="376" /><ent r="3" t="27" w="857" /><ent r="3" t="34" w="131" /><ent r="3" t="34" w="131" /><ent r="3" t="34" w="859" /><ent r="3" t="34" w="859" /><ent r="3" t="36" w="1493" /><ent r="6" t="41" w="92" /><ent r="6" t="41" w="92" /><ent r="6" t="44" w="269" /><ent r="6" t="44" w="269" /></phr><phr n="Administrative"><ent r="7" t="3" w="1157" /><ent r="7" t="3" w="1157" /><ent r="5" t="4" w="160" /><ent r="7" t="4" w="302" /><ent r="7" t="4" w="302" /><ent r="5" t="11" w="285" /><ent r="5" t="11" w="285" /><ent r="8" t="32" w="474" /><ent r="8" t="32" w="474" /><ent r="8" t="38" w="218" /></phr><phr n="Administrators"><ent r="3" t="22" w="85" /><ent r="3" t="22" w="85" /><ent r="4" t="40" w="67" /><ent r="4" t="40" w="67" /><ent r="4" t="40" w="74" /><ent r="4" t="40" w="74" /><ent r="4" t="44" w="115" /><ent r="4" t="44" w="115" /><ent r="6" t="44" w="482" /></phr><phr n="Non-administrator"><ent r="3" t="36" w="1492" /><ent r="3" t="36" w="1492" /></phr><phr n="administrators"><ent r="3" t="42" w="41" /><ent r="4" t="44" w="173" /><ent r="4" t="44" w="173" /><ent r="4" t="44" w="184" /><ent r="4" t="44" w="184" /></phr><phr n="non-administrative"><ent r="6" t="44" w="498" /><ent r="6" t="44" w="498" /></phr></stem><stem n="dministrato"><phr n="Administrator"><ent r="3" t="3" w="154" /><ent r="3" t="3" w="154" /><ent r="6" t="3" w="1016" /><ent r="6" t="3" w="1016" /><ent r="3" t="6" w="237" /><ent r="3" t="10" w="61" /><ent r="3" t="11" w="39" /><ent r="3" t="13" w="93" /><ent r="3" t="15" w="86" /><ent r="3" t="19" w="19" /><ent r="5" t="19" w="279" /><ent r="5" t="19" w="279" /><ent r="4" t="19" w="333" /><ent r="4" t="19" w="333" /><ent r="3" t="20" w="25" /><ent r="3" t="21" w="29" /><ent r="4" t="22" w="36" /><ent r="4" t="22" w="36" /><ent r="3" t="23" w="34" /><ent r="3" t="23" w="60" /><ent r="3" t="23" w="60" /><ent r="3" t="24" w="53" /><ent r="3" t="25" w="17" /><ent r="3" t="25" w="17" /><ent r="3" t="25" w="42" /><ent r="3" t="31" w="194" /><ent r="3" t="32" w="62" /><ent r="3" t="34" w="109" /><ent r="3" t="35" w="41" /><ent r="3" t="36" w="1483" /><ent r="3" t="36" w="1483" /><ent r="3" t="38" w="44" /><ent r="3" t="39" w="75" /><ent r="3" t="43" w="27" /><ent r="3" t="44" w="24" /><ent r="5" t="44" w="89" /><ent r="4" t="44" w="159" /><ent r="4" t="44" w="159" /><ent r="6" t="44" w="265" /><ent r="6" t="44" w="493" /><ent r="6" t="44" w="493" /></phr><phr n="administrator"><ent r="7" t="3" w="1099" /><ent r="7" t="3" w="1099" /><ent r="4" t="7" w="197" /><ent r="4" t="7" w="197" /><ent r="3" t="8" w="50" /><ent r="3" t="8" w="50" /><ent r="4" t="12" w="327" /><ent r="4" t="12" w="327" /><ent r="3" t="14" w="191" /><ent r="3" t="14" w="191" /><ent r="9" t="16" w="376" /><ent r="9" t="16" w="376" /><ent r="3" t="27" w="857" /><ent r="3" t="34" w="131" /><ent r="3" t="34" w="131" /><ent r="3" t="34" w="859" /><ent r="3" t="34" w="859" /><ent r="3" t="36" w="1493" /><ent r="6" t="41" w="92" /><ent r="6" t="41" w="92" /><ent r="6" t="44" w="269" /><ent r="6" t="44" w="269" /></phr><phr n="Administrators"><ent r="3" t="22" w="85" /><ent r="3" t="22" w="85" /><ent r="4" t="40" w="67" /><ent r="4" t="40" w="67" /><ent r="4" t="40" w="74" /><ent r="4" t="40" w="74" /><ent r="4" t="44" w="115" /><ent r="4" t="44" w="115" /><ent r="6" t="44" w="482" /></phr><phr n="Non-administrator"><ent r="3" t="36" w="1492" /><ent r="3" t="36" w="1492" /></phr><phr n="administrators"><ent r="3" t="42" w="41" /><ent r="4" t="44" w="173" /><ent r="4" t="44" w="173" /><ent r="4" t="44" w="184" /><ent r="4" t="44" w="184" /></phr></stem><stem n="ministrator"><phr n="Administrator"><ent r="3" t="3" w="154" /><ent r="3" t="3" w="154" /><ent r="6" t="3" w="1016" /><ent r="6" t="3" w="1016" /><ent r="3" t="6" w="237" /><ent r="3" t="10" w="61" /><ent r="3" t="11" w="39" /><ent r="3" t="13" w="93" /><ent r="3" t="15" w="86" /><ent r="3" t="19" w="19" /><ent r="5" t="19" w="279" /><ent r="5" t="19" w="279" /><ent r="4" t="19" w="333" /><ent r="4" t="19" w="333" /><ent r="3" t="20" w="25" /><ent r="3" t="21" w="29" /><ent r="4" t="22" w="36" /><ent r="4" t="22" w="36" /><ent r="3" t="23" w="34" /><ent r="3" t="23" w="60" /><ent r="3" t="23" w="60" /><ent r="3" t="24" w="53" /><ent r="3" t="25" w="17" /><ent r="3" t="25" w="17" /><ent r="3" t="25" w="42" /><ent r="3" t="31" w="194" /><ent r="3" t="32" w="62" /><ent r="3" t="34" w="109" /><ent r="3" t="35" w="41" /><ent r="3" t="36" w="1483" /><ent r="3" t="36" w="1483" /><ent r="3" t="38" w="44" /><ent r="3" t="39" w="75" /><ent r="3" t="43" w="27" /><ent r="3" t="44" w="24" /><ent r="5" t="44" w="89" /><ent r="4" t="44" w="159" /><ent r="4" t="44" w="159" /><ent r="6" t="44" w="265" /><ent r="6" t="44" w="493" /><ent r="6" t="44" w="493" /></phr><phr n="administrator"><ent r="7" t="3" w="1099" /><ent r="7" t="3" w="1099" /><ent r="4" t="7" w="197" /><ent r="4" t="7" w="197" /><ent r="3" t="8" w="50" /><ent r="3" t="8" w="50" /><ent r="4" t="12" w="327" /><ent r="4" t="12" w="327" /><ent r="3" t="14" w="191" /><ent r="3" t="14" w="191" /><ent r="9" t="16" w="376" /><ent r="9" t="16" w="376" /><ent r="3" t="27" w="857" /><ent r="3" t="34" w="131" /><ent r="3" t="34" w="131" /><ent r="3" t="34" w="859" /><ent r="3" t="34" w="859" /><ent r="3" t="36" w="1493" /><ent r="6" t="41" w="92" /><ent r="6" t="41" w="92" /><ent r="6" t="44" w="269" /><ent r="6" t="44" w="269" /></phr><phr n="Administrators"><ent r="3" t="22" w="85" /><ent r="3" t="22" w="85" /><ent r="4" t="40" w="67" /><ent r="4" t="40" w="67" /><ent r="4" t="40" w="74" /><ent r="4" t="40" w="74" /><ent r="4" t="44" w="115" /><ent r="4" t="44" w="115" /><ent r="6" t="44" w="482" /></phr><phr n="Non-administrator"><ent r="3" t="36" w="1492" /><ent r="3" t="36" w="1492" /></phr><phr n="administrators"><ent r="3" t="42" w="41" /><ent r="4" t="44" w="173" /><ent r="4" t="44" w="173" /><ent r="4" t="44" w="184" /><ent r="4" t="44" w="184" /></phr></stem></index>