<?xml version="1.0" encoding="utf-8"?><index><stem n="&lt;id&gt;_&lt;name"><phr n="&lt;date&gt;_&lt;time&gt;_&lt;ID&gt;_&lt;name&gt;"><ent r="7" t="28" w="291" /><ent r="7" t="28" w="291" /></phr></stem><stem n="&gt;_&lt;time&gt;_&lt;"><phr n="&lt;date&gt;_&lt;time&gt;_&lt;ID&gt;_&lt;name&gt;"><ent r="7" t="28" w="291" /><ent r="7" t="28" w="291" /></phr></stem><stem n="id&gt;_&lt;name&gt;"><phr n="&lt;date&gt;_&lt;time&gt;_&lt;ID&gt;_&lt;name&gt;"><ent r="7" t="28" w="291" /><ent r="7" t="28" w="291" /></phr></stem><stem n="_&lt;time&gt;_&lt;i"><phr n="&lt;date&gt;_&lt;time&gt;_&lt;ID&gt;_&lt;name&gt;"><ent r="7" t="28" w="291" /><ent r="7" t="28" w="291" /></phr></stem><stem n="&lt;time&gt;_&lt;id"><phr n="&lt;date&gt;_&lt;time&gt;_&lt;ID&gt;_&lt;name&gt;"><ent r="7" t="28" w="291" /><ent r="7" t="28" w="291" /></phr></stem><stem n="time&gt;_&lt;id&gt;"><phr n="&lt;date&gt;_&lt;time&gt;_&lt;ID&gt;_&lt;name&gt;"><ent r="7" t="28" w="291" /><ent r="7" t="28" w="291" /></phr></stem><stem n="ime&gt;_&lt;id&gt;_"><phr n="&lt;date&gt;_&lt;time&gt;_&lt;ID&gt;_&lt;name&gt;"><ent r="7" t="28" w="291" /><ent r="7" t="28" w="291" /></phr></stem><stem n="&lt;date&gt;_&lt;tim"><phr n="&lt;date&gt;_&lt;time&gt;_&lt;ID&gt;_&lt;name&gt;"><ent r="7" t="28" w="291" /><ent r="7" t="28" w="291" /></phr></stem><stem n="e&gt;_&lt;id&gt;_&lt;na"><phr n="&lt;date&gt;_&lt;time&gt;_&lt;ID&gt;_&lt;name&gt;"><ent r="7" t="28" w="291" /><ent r="7" t="28" w="291" /></phr></stem><stem n="date&gt;_&lt;time"><phr n="&lt;date&gt;_&lt;time&gt;_&lt;ID&gt;_&lt;name&gt;"><ent r="7" t="28" w="291" /><ent r="7" t="28" w="291" /></phr></stem><stem n="&gt;_&lt;id&gt;_&lt;nam"><phr n="&lt;date&gt;_&lt;time&gt;_&lt;ID&gt;_&lt;name&gt;"><ent r="7" t="28" w="291" /><ent r="7" t="28" w="291" /></phr></stem><stem n="ate&gt;_&lt;time&gt;"><phr n="&lt;date&gt;_&lt;time&gt;_&lt;ID&gt;_&lt;name&gt;"><ent r="7" t="28" w="291" /><ent r="7" t="28" w="291" /></phr></stem><stem n="_&lt;id&gt;_&lt;name"><phr n="&lt;date&gt;_&lt;time&gt;_&lt;ID&gt;_&lt;name&gt;"><ent r="7" t="28" w="291" /><ent r="7" t="28" w="291" /></phr></stem><stem n="te&gt;_&lt;time&gt;_"><phr n="&lt;date&gt;_&lt;time&gt;_&lt;ID&gt;_&lt;name&gt;"><ent r="7" t="28" w="291" /><ent r="7" t="28" w="291" /></phr></stem><stem n="&lt;id&gt;_&lt;name&gt;"><phr n="&lt;date&gt;_&lt;time&gt;_&lt;ID&gt;_&lt;name&gt;"><ent r="7" t="28" w="291" /><ent r="7" t="28" w="291" /></phr></stem><stem n="e&gt;_&lt;time&gt;_&lt;"><phr n="&lt;date&gt;_&lt;time&gt;_&lt;ID&gt;_&lt;name&gt;"><ent r="7" t="28" w="291" /><ent r="7" t="28" w="291" /></phr></stem><stem n="&gt;_&lt;time&gt;_&lt;i"><phr n="&lt;date&gt;_&lt;time&gt;_&lt;ID&gt;_&lt;name&gt;"><ent r="7" t="28" w="291" /><ent r="7" t="28" w="291" /></phr></stem><stem n="_&lt;time&gt;_&lt;id"><phr n="&lt;date&gt;_&lt;time&gt;_&lt;ID&gt;_&lt;name&gt;"><ent r="7" t="28" w="291" /><ent r="7" t="28" w="291" /></phr></stem><stem n="&lt;time&gt;_&lt;id&gt;"><phr n="&lt;date&gt;_&lt;time&gt;_&lt;ID&gt;_&lt;name&gt;"><ent r="7" t="28" w="291" /><ent r="7" t="28" w="291" /></phr></stem><stem n="time&gt;_&lt;id&gt;_"><phr n="&lt;date&gt;_&lt;time&gt;_&lt;ID&gt;_&lt;name&gt;"><ent r="7" t="28" w="291" /><ent r="7" t="28" w="291" /></phr></stem><stem n="ime&gt;_&lt;id&gt;_&lt;"><phr n="&lt;date&gt;_&lt;time&gt;_&lt;ID&gt;_&lt;name&gt;"><ent r="7" t="28" w="291" /><ent r="7" t="28" w="291" /></phr></stem><stem n="me&gt;_&lt;id&gt;_&lt;n"><phr n="&lt;date&gt;_&lt;time&gt;_&lt;ID&gt;_&lt;name&gt;"><ent r="7" t="28" w="291" /><ent r="7" t="28" w="291" /></phr></stem><stem n="&lt;date&gt;_&lt;time"><phr n="&lt;date&gt;_&lt;time&gt;_&lt;ID&gt;_&lt;name&gt;"><ent r="7" t="28" w="291" /><ent r="7" t="28" w="291" /></phr></stem><stem n="&gt;_&lt;id&gt;_&lt;name"><phr n="&lt;date&gt;_&lt;time&gt;_&lt;ID&gt;_&lt;name&gt;"><ent r="7" t="28" w="291" /><ent r="7" t="28" w="291" /></phr></stem><stem n="date&gt;_&lt;time&gt;"><phr n="&lt;date&gt;_&lt;time&gt;_&lt;ID&gt;_&lt;name&gt;"><ent r="7" t="28" w="291" /><ent r="7" t="28" w="291" /></phr></stem><stem n="_&lt;id&gt;_&lt;name&gt;"><phr n="&lt;date&gt;_&lt;time&gt;_&lt;ID&gt;_&lt;name&gt;"><ent r="7" t="28" w="291" /><ent r="7" t="28" w="291" /></phr></stem><stem n="ate&gt;_&lt;time&gt;_"><phr n="&lt;date&gt;_&lt;time&gt;_&lt;ID&gt;_&lt;name&gt;"><ent r="7" t="28" w="291" /><ent r="7" t="28" w="291" /></phr></stem><stem n="te&gt;_&lt;time&gt;_&lt;"><phr n="&lt;date&gt;_&lt;time&gt;_&lt;ID&gt;_&lt;name&gt;"><ent r="7" t="28" w="291" /><ent r="7" t="28" w="291" /></phr></stem><stem n="e&gt;_&lt;time&gt;_&lt;i"><phr n="&lt;date&gt;_&lt;time&gt;_&lt;ID&gt;_&lt;name&gt;"><ent r="7" t="28" w="291" /><ent r="7" t="28" w="291" /></phr></stem><stem n="&gt;_&lt;time&gt;_&lt;id"><phr n="&lt;date&gt;_&lt;time&gt;_&lt;ID&gt;_&lt;name&gt;"><ent r="7" t="28" w="291" /><ent r="7" t="28" w="291" /></phr></stem><stem n="_&lt;time&gt;_&lt;id&gt;"><phr n="&lt;date&gt;_&lt;time&gt;_&lt;ID&gt;_&lt;name&gt;"><ent r="7" t="28" w="291" /><ent r="7" t="28" w="291" /></phr></stem><stem n="&lt;time&gt;_&lt;id&gt;_"><phr n="&lt;date&gt;_&lt;time&gt;_&lt;ID&gt;_&lt;name&gt;"><ent r="7" t="28" w="291" /><ent r="7" t="28" w="291" /></phr></stem><stem n="time&gt;_&lt;id&gt;_&lt;"><phr n="&lt;date&gt;_&lt;time&gt;_&lt;ID&gt;_&lt;name&gt;"><ent r="7" t="28" w="291" /><ent r="7" t="28" w="291" /></phr></stem><stem n="ime&gt;_&lt;id&gt;_&lt;n"><phr n="&lt;date&gt;_&lt;time&gt;_&lt;ID&gt;_&lt;name&gt;"><ent r="7" t="28" w="291" /><ent r="7" t="28" w="291" /></phr></stem><stem n="me&gt;_&lt;id&gt;_&lt;na"><phr n="&lt;date&gt;_&lt;time&gt;_&lt;ID&gt;_&lt;name&gt;"><ent r="7" t="28" w="291" /><ent r="7" t="28" w="291" /></phr></stem><stem n="e&gt;_&lt;id&gt;_&lt;nam"><phr n="&lt;date&gt;_&lt;time&gt;_&lt;ID&gt;_&lt;name&gt;"><ent r="7" t="28" w="291" /><ent r="7" t="28" w="291" /></phr></stem><stem n="&lt;date&gt;_&lt;time&gt;"><phr n="&lt;date&gt;_&lt;time&gt;_&lt;ID&gt;_&lt;name&gt;"><ent r="7" t="28" w="291" /><ent r="7" t="28" w="291" /></phr></stem><stem n="date&gt;_&lt;time&gt;_"><phr n="&lt;date&gt;_&lt;time&gt;_&lt;ID&gt;_&lt;name&gt;"><ent r="7" t="28" w="291" /><ent r="7" t="28" w="291" /></phr></stem><stem n="ate&gt;_&lt;time&gt;_&lt;"><phr n="&lt;date&gt;_&lt;time&gt;_&lt;ID&gt;_&lt;name&gt;"><ent r="7" t="28" w="291" /><ent r="7" t="28" w="291" /></phr></stem><stem n="te&gt;_&lt;time&gt;_&lt;i"><phr n="&lt;date&gt;_&lt;time&gt;_&lt;ID&gt;_&lt;name&gt;"><ent r="7" t="28" w="291" /><ent r="7" t="28" w="291" /></phr></stem><stem n="e&gt;_&lt;time&gt;_&lt;id"><phr n="&lt;date&gt;_&lt;time&gt;_&lt;ID&gt;_&lt;name&gt;"><ent r="7" t="28" w="291" /><ent r="7" t="28" w="291" /></phr></stem><stem n="&gt;_&lt;time&gt;_&lt;id&gt;"><phr n="&lt;date&gt;_&lt;time&gt;_&lt;ID&gt;_&lt;name&gt;"><ent r="7" t="28" w="291" /><ent r="7" t="28" w="291" /></phr></stem><stem n="_&lt;time&gt;_&lt;id&gt;_"><phr n="&lt;date&gt;_&lt;time&gt;_&lt;ID&gt;_&lt;name&gt;"><ent r="7" t="28" w="291" /><ent r="7" t="28" w="291" /></phr></stem><stem n="&lt;time&gt;_&lt;id&gt;_&lt;"><phr n="&lt;date&gt;_&lt;time&gt;_&lt;ID&gt;_&lt;name&gt;"><ent r="7" t="28" w="291" /><ent r="7" t="28" w="291" /></phr></stem><stem n="time&gt;_&lt;id&gt;_&lt;n"><phr n="&lt;date&gt;_&lt;time&gt;_&lt;ID&gt;_&lt;name&gt;"><ent r="7" t="28" w="291" /><ent r="7" t="28" w="291" /></phr></stem><stem n="ime&gt;_&lt;id&gt;_&lt;na"><phr n="&lt;date&gt;_&lt;time&gt;_&lt;ID&gt;_&lt;name&gt;"><ent r="7" t="28" w="291" /><ent r="7" t="28" w="291" /></phr></stem><stem n="me&gt;_&lt;id&gt;_&lt;nam"><phr n="&lt;date&gt;_&lt;time&gt;_&lt;ID&gt;_&lt;name&gt;"><ent r="7" t="28" w="291" /><ent r="7" t="28" w="291" /></phr></stem><stem n="e&gt;_&lt;id&gt;_&lt;name"><phr n="&lt;date&gt;_&lt;time&gt;_&lt;ID&gt;_&lt;name&gt;"><ent r="7" t="28" w="291" /><ent r="7" t="28" w="291" /></phr></stem><stem n="&gt;_&lt;id&gt;_&lt;name&gt;"><phr n="&lt;date&gt;_&lt;time&gt;_&lt;ID&gt;_&lt;name&gt;"><ent r="7" t="28" w="291" /><ent r="7" t="28" w="291" /></phr></stem><stem n="&lt;date&gt;_&lt;time&gt;_"><phr n="&lt;date&gt;_&lt;time&gt;_&lt;ID&gt;_&lt;name&gt;"><ent r="7" t="28" w="291" /><ent r="7" t="28" w="291" /></phr></stem><stem n="date&gt;_&lt;time&gt;_&lt;"><phr n="&lt;date&gt;_&lt;time&gt;_&lt;ID&gt;_&lt;name&gt;"><ent r="7" t="28" w="291" /><ent r="7" t="28" w="291" /></phr></stem><stem n="ate&gt;_&lt;time&gt;_&lt;i"><phr n="&lt;date&gt;_&lt;time&gt;_&lt;ID&gt;_&lt;name&gt;"><ent r="7" t="28" w="291" /><ent r="7" t="28" w="291" /></phr></stem><stem n="te&gt;_&lt;time&gt;_&lt;id"><phr n="&lt;date&gt;_&lt;time&gt;_&lt;ID&gt;_&lt;name&gt;"><ent r="7" t="28" w="291" /><ent r="7" t="28" w="291" /></phr></stem><stem n="e&gt;_&lt;time&gt;_&lt;id&gt;"><phr n="&lt;date&gt;_&lt;time&gt;_&lt;ID&gt;_&lt;name&gt;"><ent r="7" t="28" w="291" /><ent r="7" t="28" w="291" /></phr></stem><stem n="&gt;_&lt;time&gt;_&lt;id&gt;_"><phr n="&lt;date&gt;_&lt;time&gt;_&lt;ID&gt;_&lt;name&gt;"><ent r="7" t="28" w="291" /><ent r="7" t="28" w="291" /></phr></stem><stem n="_&lt;time&gt;_&lt;id&gt;_&lt;"><phr n="&lt;date&gt;_&lt;time&gt;_&lt;ID&gt;_&lt;name&gt;"><ent r="7" t="28" w="291" /><ent r="7" t="28" w="291" /></phr></stem><stem n="&lt;time&gt;_&lt;id&gt;_&lt;n"><phr n="&lt;date&gt;_&lt;time&gt;_&lt;ID&gt;_&lt;name&gt;"><ent r="7" t="28" w="291" /><ent r="7" t="28" w="291" /></phr></stem><stem n="time&gt;_&lt;id&gt;_&lt;na"><phr n="&lt;date&gt;_&lt;time&gt;_&lt;ID&gt;_&lt;name&gt;"><ent r="7" t="28" w="291" /><ent r="7" t="28" w="291" /></phr></stem><stem n="ime&gt;_&lt;id&gt;_&lt;nam"><phr n="&lt;date&gt;_&lt;time&gt;_&lt;ID&gt;_&lt;name&gt;"><ent r="7" t="28" w="291" /><ent r="7" t="28" w="291" /></phr></stem><stem n="me&gt;_&lt;id&gt;_&lt;name"><phr n="&lt;date&gt;_&lt;time&gt;_&lt;ID&gt;_&lt;name&gt;"><ent r="7" t="28" w="291" /><ent r="7" t="28" w="291" /></phr></stem><stem n="e&gt;_&lt;id&gt;_&lt;name&gt;"><phr n="&lt;date&gt;_&lt;time&gt;_&lt;ID&gt;_&lt;name&gt;"><ent r="7" t="28" w="291" /><ent r="7" t="28" w="291" /></phr></stem><stem n="&lt;date&gt;_&lt;time&gt;_&lt;"><phr n="&lt;date&gt;_&lt;time&gt;_&lt;ID&gt;_&lt;name&gt;"><ent r="7" t="28" w="291" /><ent r="7" t="28" w="291" /></phr></stem><stem n="date&gt;_&lt;time&gt;_&lt;i"><phr n="&lt;date&gt;_&lt;time&gt;_&lt;ID&gt;_&lt;name&gt;"><ent r="7" t="28" w="291" /><ent r="7" t="28" w="291" /></phr></stem><stem n="ate&gt;_&lt;time&gt;_&lt;id"><phr n="&lt;date&gt;_&lt;time&gt;_&lt;ID&gt;_&lt;name&gt;"><ent r="7" t="28" w="291" /><ent r="7" t="28" w="291" /></phr></stem><stem n="te&gt;_&lt;time&gt;_&lt;id&gt;"><phr n="&lt;date&gt;_&lt;time&gt;_&lt;ID&gt;_&lt;name&gt;"><ent r="7" t="28" w="291" /><ent r="7" t="28" w="291" /></phr></stem><stem n="e&gt;_&lt;time&gt;_&lt;id&gt;_"><phr n="&lt;date&gt;_&lt;time&gt;_&lt;ID&gt;_&lt;name&gt;"><ent r="7" t="28" w="291" /><ent r="7" t="28" w="291" /></phr></stem><stem n="&gt;_&lt;time&gt;_&lt;id&gt;_&lt;"><phr n="&lt;date&gt;_&lt;time&gt;_&lt;ID&gt;_&lt;name&gt;"><ent r="7" t="28" w="291" /><ent r="7" t="28" w="291" /></phr></stem><stem n="_&lt;time&gt;_&lt;id&gt;_&lt;n"><phr n="&lt;date&gt;_&lt;time&gt;_&lt;ID&gt;_&lt;name&gt;"><ent r="7" t="28" w="291" /><ent r="7" t="28" w="291" /></phr></stem><stem n="&lt;time&gt;_&lt;id&gt;_&lt;na"><phr n="&lt;date&gt;_&lt;time&gt;_&lt;ID&gt;_&lt;name&gt;"><ent r="7" t="28" w="291" /><ent r="7" t="28" w="291" /></phr></stem><stem n="time&gt;_&lt;id&gt;_&lt;nam"><phr n="&lt;date&gt;_&lt;time&gt;_&lt;ID&gt;_&lt;name&gt;"><ent r="7" t="28" w="291" /><ent r="7" t="28" w="291" /></phr></stem><stem n="ime&gt;_&lt;id&gt;_&lt;name"><phr n="&lt;date&gt;_&lt;time&gt;_&lt;ID&gt;_&lt;name&gt;"><ent r="7" t="28" w="291" /><ent r="7" t="28" w="291" /></phr></stem><stem n="me&gt;_&lt;id&gt;_&lt;name&gt;"><phr n="&lt;date&gt;_&lt;time&gt;_&lt;ID&gt;_&lt;name&gt;"><ent r="7" t="28" w="291" /><ent r="7" t="28" w="291" /></phr></stem><stem n="&lt;date&gt;_&lt;time&gt;_&lt;i"><phr n="&lt;date&gt;_&lt;time&gt;_&lt;ID&gt;_&lt;name&gt;"><ent r="7" t="28" w="291" /><ent r="7" t="28" w="291" /></phr></stem><stem n="date&gt;_&lt;time&gt;_&lt;id"><phr n="&lt;date&gt;_&lt;time&gt;_&lt;ID&gt;_&lt;name&gt;"><ent r="7" t="28" w="291" /><ent r="7" t="28" w="291" /></phr></stem><stem n="ate&gt;_&lt;time&gt;_&lt;id&gt;"><phr n="&lt;date&gt;_&lt;time&gt;_&lt;ID&gt;_&lt;name&gt;"><ent r="7" t="28" w="291" /><ent r="7" t="28" w="291" /></phr></stem><stem n="te&gt;_&lt;time&gt;_&lt;id&gt;_"><phr n="&lt;date&gt;_&lt;time&gt;_&lt;ID&gt;_&lt;name&gt;"><ent r="7" t="28" w="291" /><ent r="7" t="28" w="291" /></phr></stem><stem n="e&gt;_&lt;time&gt;_&lt;id&gt;_&lt;"><phr n="&lt;date&gt;_&lt;time&gt;_&lt;ID&gt;_&lt;name&gt;"><ent r="7" t="28" w="291" /><ent r="7" t="28" w="291" /></phr></stem><stem n="&gt;_&lt;time&gt;_&lt;id&gt;_&lt;n"><phr n="&lt;date&gt;_&lt;time&gt;_&lt;ID&gt;_&lt;name&gt;"><ent r="7" t="28" w="291" /><ent r="7" t="28" w="291" /></phr></stem><stem n="_&lt;time&gt;_&lt;id&gt;_&lt;na"><phr n="&lt;date&gt;_&lt;time&gt;_&lt;ID&gt;_&lt;name&gt;"><ent r="7" t="28" w="291" /><ent r="7" t="28" w="291" /></phr></stem><stem n="&lt;time&gt;_&lt;id&gt;_&lt;nam"><phr n="&lt;date&gt;_&lt;time&gt;_&lt;ID&gt;_&lt;name&gt;"><ent r="7" t="28" w="291" /><ent r="7" t="28" w="291" /></phr></stem><stem n="time&gt;_&lt;id&gt;_&lt;name"><phr n="&lt;date&gt;_&lt;time&gt;_&lt;ID&gt;_&lt;name&gt;"><ent r="7" t="28" w="291" /><ent r="7" t="28" w="291" /></phr></stem><stem n="ime&gt;_&lt;id&gt;_&lt;name&gt;"><phr n="&lt;date&gt;_&lt;time&gt;_&lt;ID&gt;_&lt;name&gt;"><ent r="7" t="28" w="291" /><ent r="7" t="28" w="291" /></phr></stem><stem n="&lt;date&gt;_&lt;time&gt;_&lt;id"><phr n="&lt;date&gt;_&lt;time&gt;_&lt;ID&gt;_&lt;name&gt;"><ent r="7" t="28" w="291" /><ent r="7" t="28" w="291" /></phr></stem><stem n="date&gt;_&lt;time&gt;_&lt;id&gt;"><phr n="&lt;date&gt;_&lt;time&gt;_&lt;ID&gt;_&lt;name&gt;"><ent r="7" t="28" w="291" /><ent r="7" t="28" w="291" /></phr></stem><stem n="ate&gt;_&lt;time&gt;_&lt;id&gt;_"><phr n="&lt;date&gt;_&lt;time&gt;_&lt;ID&gt;_&lt;name&gt;"><ent r="7" t="28" w="291" /><ent r="7" t="28" w="291" /></phr></stem><stem n="te&gt;_&lt;time&gt;_&lt;id&gt;_&lt;"><phr n="&lt;date&gt;_&lt;time&gt;_&lt;ID&gt;_&lt;name&gt;"><ent r="7" t="28" w="291" /><ent r="7" t="28" w="291" /></phr></stem><stem n="e&gt;_&lt;time&gt;_&lt;id&gt;_&lt;n"><phr n="&lt;date&gt;_&lt;time&gt;_&lt;ID&gt;_&lt;name&gt;"><ent r="7" t="28" w="291" /><ent r="7" t="28" w="291" /></phr></stem><stem n="&gt;_&lt;time&gt;_&lt;id&gt;_&lt;na"><phr n="&lt;date&gt;_&lt;time&gt;_&lt;ID&gt;_&lt;name&gt;"><ent r="7" t="28" w="291" /><ent r="7" t="28" w="291" /></phr></stem><stem n="_&lt;time&gt;_&lt;id&gt;_&lt;nam"><phr n="&lt;date&gt;_&lt;time&gt;_&lt;ID&gt;_&lt;name&gt;"><ent r="7" t="28" w="291" /><ent r="7" t="28" w="291" /></phr></stem><stem n="&lt;time&gt;_&lt;id&gt;_&lt;name"><phr n="&lt;date&gt;_&lt;time&gt;_&lt;ID&gt;_&lt;name&gt;"><ent r="7" t="28" w="291" /><ent r="7" t="28" w="291" /></phr></stem><stem n="time&gt;_&lt;id&gt;_&lt;name&gt;"><phr n="&lt;date&gt;_&lt;time&gt;_&lt;ID&gt;_&lt;name&gt;"><ent r="7" t="28" w="291" /><ent r="7" t="28" w="291" /></phr></stem><stem n="&lt;date&gt;_&lt;time&gt;_&lt;id&gt;"><phr n="&lt;date&gt;_&lt;time&gt;_&lt;ID&gt;_&lt;name&gt;"><ent r="7" t="28" w="291" /><ent r="7" t="28" w="291" /></phr></stem><stem n="date&gt;_&lt;time&gt;_&lt;id&gt;_"><phr n="&lt;date&gt;_&lt;time&gt;_&lt;ID&gt;_&lt;name&gt;"><ent r="7" t="28" w="291" /><ent r="7" t="28" w="291" /></phr></stem><stem n="ate&gt;_&lt;time&gt;_&lt;id&gt;_&lt;"><phr n="&lt;date&gt;_&lt;time&gt;_&lt;ID&gt;_&lt;name&gt;"><ent r="7" t="28" w="291" /><ent r="7" t="28" w="291" /></phr></stem><stem n="te&gt;_&lt;time&gt;_&lt;id&gt;_&lt;n"><phr n="&lt;date&gt;_&lt;time&gt;_&lt;ID&gt;_&lt;name&gt;"><ent r="7" t="28" w="291" /><ent r="7" t="28" w="291" /></phr></stem><stem n="e&gt;_&lt;time&gt;_&lt;id&gt;_&lt;na"><phr n="&lt;date&gt;_&lt;time&gt;_&lt;ID&gt;_&lt;name&gt;"><ent r="7" t="28" w="291" /><ent r="7" t="28" w="291" /></phr></stem><stem n="&gt;_&lt;time&gt;_&lt;id&gt;_&lt;nam"><phr n="&lt;date&gt;_&lt;time&gt;_&lt;ID&gt;_&lt;name&gt;"><ent r="7" t="28" w="291" /><ent r="7" t="28" w="291" /></phr></stem><stem n="_&lt;time&gt;_&lt;id&gt;_&lt;name"><phr n="&lt;date&gt;_&lt;time&gt;_&lt;ID&gt;_&lt;name&gt;"><ent r="7" t="28" w="291" /><ent r="7" t="28" w="291" /></phr></stem><stem n="&lt;time&gt;_&lt;id&gt;_&lt;name&gt;"><phr n="&lt;date&gt;_&lt;time&gt;_&lt;ID&gt;_&lt;name&gt;"><ent r="7" t="28" w="291" /><ent r="7" t="28" w="291" /></phr></stem><stem n="&lt;date&gt;_&lt;time&gt;_&lt;id&gt;_"><phr n="&lt;date&gt;_&lt;time&gt;_&lt;ID&gt;_&lt;name&gt;"><ent r="7" t="28" w="291" /><ent r="7" t="28" w="291" /></phr></stem><stem n="date&gt;_&lt;time&gt;_&lt;id&gt;_&lt;"><phr n="&lt;date&gt;_&lt;time&gt;_&lt;ID&gt;_&lt;name&gt;"><ent r="7" t="28" w="291" /><ent r="7" t="28" w="291" /></phr></stem><stem n="ate&gt;_&lt;time&gt;_&lt;id&gt;_&lt;n"><phr n="&lt;date&gt;_&lt;time&gt;_&lt;ID&gt;_&lt;name&gt;"><ent r="7" t="28" w="291" /><ent r="7" t="28" w="291" /></phr></stem><stem n="te&gt;_&lt;time&gt;_&lt;id&gt;_&lt;na"><phr n="&lt;date&gt;_&lt;time&gt;_&lt;ID&gt;_&lt;name&gt;"><ent r="7" t="28" w="291" /><ent r="7" t="28" w="291" /></phr></stem><stem n="e&gt;_&lt;time&gt;_&lt;id&gt;_&lt;nam"><phr n="&lt;date&gt;_&lt;time&gt;_&lt;ID&gt;_&lt;name&gt;"><ent r="7" t="28" w="291" /><ent r="7" t="28" w="291" /></phr></stem><stem n="&gt;_&lt;time&gt;_&lt;id&gt;_&lt;name"><phr n="&lt;date&gt;_&lt;time&gt;_&lt;ID&gt;_&lt;name&gt;"><ent r="7" t="28" w="291" /><ent r="7" t="28" w="291" /></phr></stem><stem n="_&lt;time&gt;_&lt;id&gt;_&lt;name&gt;"><phr n="&lt;date&gt;_&lt;time&gt;_&lt;ID&gt;_&lt;name&gt;"><ent r="7" t="28" w="291" /><ent r="7" t="28" w="291" /></phr></stem><stem n="&lt;date&gt;_&lt;time&gt;_&lt;id&gt;_&lt;"><phr n="&lt;date&gt;_&lt;time&gt;_&lt;ID&gt;_&lt;name&gt;"><ent r="7" t="28" w="291" /><ent r="7" t="28" w="291" /></phr></stem><stem n="date&gt;_&lt;time&gt;_&lt;id&gt;_&lt;n"><phr n="&lt;date&gt;_&lt;time&gt;_&lt;ID&gt;_&lt;name&gt;"><ent r="7" t="28" w="291" /><ent r="7" t="28" w="291" /></phr></stem><stem n="ate&gt;_&lt;time&gt;_&lt;id&gt;_&lt;na"><phr n="&lt;date&gt;_&lt;time&gt;_&lt;ID&gt;_&lt;name&gt;"><ent r="7" t="28" w="291" /><ent r="7" t="28" w="291" /></phr></stem><stem n="te&gt;_&lt;time&gt;_&lt;id&gt;_&lt;nam"><phr n="&lt;date&gt;_&lt;time&gt;_&lt;ID&gt;_&lt;name&gt;"><ent r="7" t="28" w="291" /><ent r="7" t="28" w="291" /></phr></stem><stem n="e&gt;_&lt;time&gt;_&lt;id&gt;_&lt;name"><phr n="&lt;date&gt;_&lt;time&gt;_&lt;ID&gt;_&lt;name&gt;"><ent r="7" t="28" w="291" /><ent r="7" t="28" w="291" /></phr></stem><stem n="&gt;_&lt;time&gt;_&lt;id&gt;_&lt;name&gt;"><phr n="&lt;date&gt;_&lt;time&gt;_&lt;ID&gt;_&lt;name&gt;"><ent r="7" t="28" w="291" /><ent r="7" t="28" w="291" /></phr></stem><stem n="&lt;date&gt;_&lt;time&gt;_&lt;id&gt;_&lt;n"><phr n="&lt;date&gt;_&lt;time&gt;_&lt;ID&gt;_&lt;name&gt;"><ent r="7" t="28" w="291" /><ent r="7" t="28" w="291" /></phr></stem><stem n="date&gt;_&lt;time&gt;_&lt;id&gt;_&lt;na"><phr n="&lt;date&gt;_&lt;time&gt;_&lt;ID&gt;_&lt;name&gt;"><ent r="7" t="28" w="291" /><ent r="7" t="28" w="291" /></phr></stem><stem n="ate&gt;_&lt;time&gt;_&lt;id&gt;_&lt;nam"><phr n="&lt;date&gt;_&lt;time&gt;_&lt;ID&gt;_&lt;name&gt;"><ent r="7" t="28" w="291" /><ent r="7" t="28" w="291" /></phr></stem><stem n="te&gt;_&lt;time&gt;_&lt;id&gt;_&lt;name"><phr n="&lt;date&gt;_&lt;time&gt;_&lt;ID&gt;_&lt;name&gt;"><ent r="7" t="28" w="291" /><ent r="7" t="28" w="291" /></phr></stem><stem n="e&gt;_&lt;time&gt;_&lt;id&gt;_&lt;name&gt;"><phr n="&lt;date&gt;_&lt;time&gt;_&lt;ID&gt;_&lt;name&gt;"><ent r="7" t="28" w="291" /><ent r="7" t="28" w="291" /></phr></stem><stem n="&lt;date&gt;_&lt;time&gt;_&lt;id&gt;_&lt;na"><phr n="&lt;date&gt;_&lt;time&gt;_&lt;ID&gt;_&lt;name&gt;"><ent r="7" t="28" w="291" /><ent r="7" t="28" w="291" /></phr></stem><stem n="date&gt;_&lt;time&gt;_&lt;id&gt;_&lt;nam"><phr n="&lt;date&gt;_&lt;time&gt;_&lt;ID&gt;_&lt;name&gt;"><ent r="7" t="28" w="291" /><ent r="7" t="28" w="291" /></phr></stem><stem n="ate&gt;_&lt;time&gt;_&lt;id&gt;_&lt;name"><phr n="&lt;date&gt;_&lt;time&gt;_&lt;ID&gt;_&lt;name&gt;"><ent r="7" t="28" w="291" /><ent r="7" t="28" w="291" /></phr></stem><stem n="te&gt;_&lt;time&gt;_&lt;id&gt;_&lt;name&gt;"><phr n="&lt;date&gt;_&lt;time&gt;_&lt;ID&gt;_&lt;name&gt;"><ent r="7" t="28" w="291" /><ent r="7" t="28" w="291" /></phr></stem><stem n="&lt;date&gt;_&lt;time&gt;_&lt;id&gt;_&lt;nam"><phr n="&lt;date&gt;_&lt;time&gt;_&lt;ID&gt;_&lt;name&gt;"><ent r="7" t="28" w="291" /><ent r="7" t="28" w="291" /></phr></stem><stem n="date&gt;_&lt;time&gt;_&lt;id&gt;_&lt;name"><phr n="&lt;date&gt;_&lt;time&gt;_&lt;ID&gt;_&lt;name&gt;"><ent r="7" t="28" w="291" /><ent r="7" t="28" w="291" /></phr></stem><stem n="ate&gt;_&lt;time&gt;_&lt;id&gt;_&lt;name&gt;"><phr n="&lt;date&gt;_&lt;time&gt;_&lt;ID&gt;_&lt;name&gt;"><ent r="7" t="28" w="291" /><ent r="7" t="28" w="291" /></phr></stem><stem n="&lt;date&gt;_&lt;time&gt;_&lt;id&gt;_&lt;name"><phr n="&lt;date&gt;_&lt;time&gt;_&lt;ID&gt;_&lt;name&gt;"><ent r="7" t="28" w="291" /><ent r="7" t="28" w="291" /></phr></stem><stem n="date&gt;_&lt;time&gt;_&lt;id&gt;_&lt;name&gt;"><phr n="&lt;date&gt;_&lt;time&gt;_&lt;ID&gt;_&lt;name&gt;"><ent r="7" t="28" w="291" /><ent r="7" t="28" w="291" /></phr></stem><stem n="pleti"><phr n="completion"><ent r="6" t="28" w="307" /><ent r="6" t="28" w="307" /></phr></stem><stem n="mpleti"><phr n="completion"><ent r="6" t="28" w="307" /><ent r="6" t="28" w="307" /></phr></stem><stem n="pletio"><phr n="completion"><ent r="6" t="28" w="307" /><ent r="6" t="28" w="307" /></phr></stem><stem n="ompleti"><phr n="completion"><ent r="6" t="28" w="307" /><ent r="6" t="28" w="307" /></phr></stem><stem n="mpletio"><phr n="completion"><ent r="6" t="28" w="307" /><ent r="6" t="28" w="307" /></phr></stem><stem n="pletion"><phr n="completion"><ent r="6" t="28" w="307" /><ent r="6" t="28" w="307" /></phr></stem><stem n="completi"><phr n="completion"><ent r="6" t="28" w="307" /><ent r="6" t="28" w="307" /></phr></stem><stem n="ompletio"><phr n="completion"><ent r="6" t="28" w="307" /><ent r="6" t="28" w="307" /></phr></stem><stem n="mpletion"><phr n="completion"><ent r="6" t="28" w="307" /><ent r="6" t="28" w="307" /></phr></stem><stem n="completio"><phr n="completion"><ent r="6" t="28" w="307" /><ent r="6" t="28" w="307" /></phr></stem><stem n="ompletion"><phr n="completion"><ent r="6" t="28" w="307" /><ent r="6" t="28" w="307" /></phr></stem><stem n="completion"><phr n="completion"><ent r="6" t="28" w="307" /><ent r="6" t="28" w="307" /></phr></stem><stem n="24-hour"><phr n="24-hour"><ent r="6" t="28" w="310" /><ent r="6" t="28" w="310" /><ent r="7" t="41" w="218" /><ent r="7" t="41" w="218" /></phr></stem><stem n="24-h"><phr n="24-hour"><ent r="6" t="28" w="310" /><ent r="6" t="28" w="310" /><ent r="7" t="41" w="218" /><ent r="7" t="41" w="218" /></phr></stem><stem n="4-ho"><phr n="24-hour"><ent r="6" t="28" w="310" /><ent r="6" t="28" w="310" /><ent r="7" t="41" w="218" /><ent r="7" t="41" w="218" /></phr></stem><stem n="-hou"><phr n="24-hour"><ent r="6" t="28" w="310" /><ent r="6" t="28" w="310" /><ent r="7" t="41" w="218" /><ent r="7" t="41" w="218" /></phr><phr n="12-hour"><ent r="7" t="41" w="222" /><ent r="7" t="41" w="222" /></phr></stem><stem n="24-ho"><phr n="24-hour"><ent r="6" t="28" w="310" /><ent r="6" t="28" w="310" /><ent r="7" t="41" w="218" /><ent r="7" t="41" w="218" /></phr></stem><stem n="4-hou"><phr n="24-hour"><ent r="6" t="28" w="310" /><ent r="6" t="28" w="310" /><ent r="7" t="41" w="218" /><ent r="7" t="41" w="218" /></phr></stem><stem n="-hour"><phr n="24-hour"><ent r="6" t="28" w="310" /><ent r="6" t="28" w="310" /><ent r="7" t="41" w="218" /><ent r="7" t="41" w="218" /></phr><phr n="12-hour"><ent r="7" t="41" w="222" /><ent r="7" t="41" w="222" /></phr></stem><stem n="24-hou"><phr n="24-hour"><ent r="6" t="28" w="310" /><ent r="6" t="28" w="310" /><ent r="7" t="41" w="218" /><ent r="7" t="41" w="218" /></phr></stem><stem n="4-hour"><phr n="24-hour"><ent r="6" t="28" w="310" /><ent r="6" t="28" w="310" /><ent r="7" t="41" w="218" /><ent r="7" t="41" w="218" /></phr></stem><stem n="24"><phr n="24"><ent r="6" t="28" w="310" /><ent r="7" t="41" w="218" /></phr></stem><stem n="notat"><phr n="notation"><ent r="6" t="28" w="312" /><ent r="6" t="28" w="312" /></phr></stem><stem n="nota"><phr n="notation"><ent r="6" t="28" w="312" /><ent r="6" t="28" w="312" /></phr></stem><stem n="otat"><phr n="notation"><ent r="6" t="28" w="312" /><ent r="6" t="28" w="312" /></phr><phr n="rotated"><ent r="3" t="39" w="84" /><ent r="3" t="39" w="84" /></phr></stem><stem n="otati"><phr n="notation"><ent r="6" t="28" w="312" /><ent r="6" t="28" w="312" /></phr></stem><stem n="notati"><phr n="notation"><ent r="6" t="28" w="312" /><ent r="6" t="28" w="312" /></phr></stem><stem n="otatio"><phr n="notation"><ent r="6" t="28" w="312" /><ent r="6" t="28" w="312" /></phr></stem><stem n="notatio"><phr n="notation"><ent r="6" t="28" w="312" /><ent r="6" t="28" w="312" /></phr></stem><stem n="otation"><phr n="notation"><ent r="6" t="28" w="312" /><ent r="6" t="28" w="312" /></phr></stem><stem n="notation"><phr n="notation"><ent r="6" t="28" w="312" /><ent r="6" t="28" w="312" /></phr></stem><stem n="uniqu"><phr n="unique"><ent r="6" t="28" w="318" /><ent r="6" t="28" w="318" /></phr><phr n="uniquely"><ent r="6" t="44" w="309" /><ent r="6" t="44" w="309" /></phr></stem><stem n="uniq"><phr n="unique"><ent r="6" t="28" w="318" /><ent r="6" t="28" w="318" /></phr><phr n="uniquely"><ent r="6" t="44" w="309" /><ent r="6" t="44" w="309" /></phr></stem><stem n="niqu"><phr n="unique"><ent r="6" t="28" w="318" /><ent r="6" t="28" w="318" /></phr><phr n="uniquely"><ent r="6" t="44" w="309" /><ent r="6" t="44" w="309" /></phr></stem><stem n="ique"><phr n="unique"><ent r="6" t="28" w="318" /><ent r="6" t="28" w="318" /></phr><phr n="uniquely"><ent r="6" t="44" w="309" /><ent r="6" t="44" w="309" /></phr></stem><stem n="nique"><phr n="unique"><ent r="6" t="28" w="318" /><ent r="6" t="28" w="318" /></phr><phr n="uniquely"><ent r="6" t="44" w="309" /><ent r="6" t="44" w="309" /></phr></stem><stem n="unique"><phr n="unique"><ent r="6" t="28" w="318" /><ent r="6" t="28" w="318" /></phr><phr n="uniquely"><ent r="6" t="44" w="309" /><ent r="6" t="44" w="309" /></phr></stem><stem n="ocks"><phr n="blocks"><ent r="6" t="28" w="337" /><ent r="6" t="28" w="337" /><ent r="6" t="38" w="124" /><ent r="6" t="38" w="124" /><ent r="6" t="39" w="168" /><ent r="6" t="39" w="168" /></phr></stem><stem n="locks"><phr n="blocks"><ent r="6" t="28" w="337" /><ent r="6" t="28" w="337" /><ent r="6" t="38" w="124" /><ent r="6" t="38" w="124" /><ent r="6" t="39" w="168" /><ent r="6" t="39" w="168" /></phr></stem><stem n="blocks"><phr n="blocks"><ent r="6" t="28" w="337" /><ent r="6" t="28" w="337" /><ent r="6" t="38" w="124" /><ent r="6" t="38" w="124" /><ent r="6" t="39" w="168" /><ent r="6" t="39" w="168" /></phr></stem><stem n="recov"><phr n="recovered"><ent r="6" t="28" w="383" /></phr></stem><stem n="ecov"><phr n="recovered"><ent r="6" t="28" w="383" /></phr></stem><stem n="cove"><phr n="recovered"><ent r="6" t="28" w="383" /></phr><phr n="covered"><ent r="7" t="36" w="1144" /><ent r="7" t="36" w="1144" /></phr><phr n="covering"><ent r="7" t="36" w="1167" /><ent r="7" t="36" w="1167" /></phr></stem><stem n="ecove"><phr n="recovered"><ent r="6" t="28" w="383" /></phr></stem><stem n="cover"><phr n="recovered"><ent r="6" t="28" w="383" /></phr><phr n="covered"><ent r="7" t="36" w="1144" /><ent r="7" t="36" w="1144" /></phr><phr n="covering"><ent r="7" t="36" w="1167" /><ent r="7" t="36" w="1167" /></phr></stem><stem n="overe"><phr n="recovered"><ent r="6" t="28" w="383" /></phr><phr n="covered"><ent r="7" t="36" w="1144" /><ent r="7" t="36" w="1144" /></phr></stem><stem n="vered"><phr n="recovered"><ent r="6" t="28" w="383" /></phr><phr n="severed"><ent r="3" t="31" w="1500" /><ent r="3" t="31" w="1500" /></phr><phr n="covered"><ent r="7" t="36" w="1144" /><ent r="7" t="36" w="1144" /></phr></stem><stem n="recove"><phr n="recovered"><ent r="6" t="28" w="383" /></phr></stem><stem n="ecover"><phr n="recovered"><ent r="6" t="28" w="383" /></phr></stem><stem n="covere"><phr n="recovered"><ent r="6" t="28" w="383" /></phr><phr n="covered"><ent r="7" t="36" w="1144" /><ent r="7" t="36" w="1144" /></phr></stem><stem n="overed"><phr n="recovered"><ent r="6" t="28" w="383" /></phr><phr n="covered"><ent r="7" t="36" w="1144" /><ent r="7" t="36" w="1144" /></phr></stem><stem n="recover"><phr n="recovered"><ent r="6" t="28" w="383" /></phr></stem><stem n="ecovere"><phr n="recovered"><ent r="6" t="28" w="383" /></phr></stem><stem n="covered"><phr n="recovered"><ent r="6" t="28" w="383" /></phr><phr n="covered"><ent r="7" t="36" w="1144" /><ent r="7" t="36" w="1144" /></phr></stem><stem n="recovere"><phr n="recovered"><ent r="6" t="28" w="383" /></phr></stem><stem n="ecovered"><phr n="recovered"><ent r="6" t="28" w="383" /></phr></stem><stem n="recovered"><phr n="recovered"><ent r="6" t="28" w="383" /></phr></stem><stem n="hiva"><phr n="archival"><ent r="6" t="28" w="393" /><ent r="6" t="28" w="393" /></phr></stem><stem n="chiva"><phr n="archival"><ent r="6" t="28" w="393" /><ent r="6" t="28" w="393" /></phr></stem><stem n="hival"><phr n="archival"><ent r="6" t="28" w="393" /><ent r="6" t="28" w="393" /></phr></stem><stem n="rchiva"><phr n="archival"><ent r="6" t="28" w="393" /><ent r="6" t="28" w="393" /></phr></stem><stem n="chival"><phr n="archival"><ent r="6" t="28" w="393" /><ent r="6" t="28" w="393" /></phr></stem><stem n="archiva"><phr n="archival"><ent r="6" t="28" w="393" /><ent r="6" t="28" w="393" /></phr></stem><stem n="rchival"><phr n="archival"><ent r="6" t="28" w="393" /><ent r="6" t="28" w="393" /></phr></stem><stem n="archival"><phr n="archival"><ent r="6" t="28" w="393" /><ent r="6" t="28" w="393" /></phr></stem><stem n="vides"><phr n="provides"><ent r="3" t="29" w="19" /><ent r="3" t="29" w="19" /><ent r="3" t="31" w="1090" /><ent r="3" t="31" w="1090" /><ent r="3" t="31" w="1438" /><ent r="3" t="31" w="1438" /><ent r="4" t="34" w="219" /><ent r="4" t="34" w="219" /><ent r="3" t="36" w="16" /><ent r="3" t="36" w="16" /><ent r="3" t="45" w="47" /><ent r="3" t="45" w="47" /></phr><phr n="Provides"><ent r="4" t="36" w="43" /><ent r="4" t="36" w="43" /><ent r="4" t="36" w="81" /><ent r="4" t="36" w="81" /></phr></stem><stem n="ovides"><phr n="provides"><ent r="3" t="29" w="19" /><ent r="3" t="29" w="19" /><ent r="3" t="31" w="1090" /><ent r="3" t="31" w="1090" /><ent r="3" t="31" w="1438" /><ent r="3" t="31" w="1438" /><ent r="4" t="34" w="219" /><ent r="4" t="34" w="219" /><ent r="3" t="36" w="16" /><ent r="3" t="36" w="16" /><ent r="3" t="45" w="47" /><ent r="3" t="45" w="47" /></phr><phr n="Provides"><ent r="4" t="36" w="43" /><ent r="4" t="36" w="43" /><ent r="4" t="36" w="81" /><ent r="4" t="36" w="81" /></phr></stem><stem n="rovides"><phr n="provides"><ent r="3" t="29" w="19" /><ent r="3" t="29" w="19" /><ent r="3" t="31" w="1090" /><ent r="3" t="31" w="1090" /><ent r="3" t="31" w="1438" /><ent r="3" t="31" w="1438" /><ent r="4" t="34" w="219" /><ent r="4" t="34" w="219" /><ent r="3" t="36" w="16" /><ent r="3" t="36" w="16" /><ent r="3" t="45" w="47" /><ent r="3" t="45" w="47" /></phr><phr n="Provides"><ent r="4" t="36" w="43" /><ent r="4" t="36" w="43" /><ent r="4" t="36" w="81" /><ent r="4" t="36" w="81" /></phr></stem><stem n="provides"><phr n="provides"><ent r="3" t="29" w="19" /><ent r="3" t="29" w="19" /><ent r="3" t="31" w="1090" /><ent r="3" t="31" w="1090" /><ent r="3" t="31" w="1438" /><ent r="3" t="31" w="1438" /><ent r="4" t="34" w="219" /><ent r="4" t="34" w="219" /><ent r="3" t="36" w="16" /><ent r="3" t="36" w="16" /><ent r="3" t="45" w="47" /><ent r="3" t="45" w="47" /></phr><phr n="Provides"><ent r="4" t="36" w="43" /><ent r="4" t="36" w="43" /><ent r="4" t="36" w="81" /><ent r="4" t="36" w="81" /></phr></stem><stem n="throughput"><phr n="Throughput"><ent r="6" t="29" w="41" /><ent r="6" t="29" w="41" /><ent r="8" t="29" w="334" /><ent r="3" t="29" w="528" /><ent r="3" t="29" w="528" /></phr><phr n="throughput"><ent r="7" t="29" w="341" /><ent r="7" t="29" w="341" /><ent r="4" t="36" w="59" /><ent r="4" t="36" w="104" /><ent r="4" t="36" w="104" /></phr></stem><stem n="thro"><phr n="Throughput"><ent r="6" t="29" w="41" /><ent r="6" t="29" w="41" /><ent r="8" t="29" w="334" /><ent r="3" t="29" w="528" /><ent r="3" t="29" w="528" /></phr><phr n="throughput"><ent r="7" t="29" w="341" /><ent r="7" t="29" w="341" /><ent r="4" t="36" w="59" /><ent r="4" t="36" w="104" /><ent r="4" t="36" w="104" /></phr></stem><stem n="ughp"><phr n="Throughput"><ent r="6" t="29" w="41" /><ent r="6" t="29" w="41" /><ent r="8" t="29" w="334" /><ent r="3" t="29" w="528" /><ent r="3" t="29" w="528" /></phr><phr n="throughput"><ent r="7" t="29" w="341" /><ent r="7" t="29" w="341" /><ent r="4" t="36" w="59" /><ent r="4" t="36" w="104" /><ent r="4" t="36" w="104" /></phr></stem></index>