<?xml version="1.0" encoding="utf-8"?><index><stem n="whatev"><phr n="whatever"><ent r="4" t="14" w="108" /><ent r="4" t="14" w="137" /></phr></stem><stem n="reason"><phr n="reason"><ent r="4" t="14" w="109" /><ent r="4" t="14" w="138" /></phr><phr n="Reason"><ent r="4" t="34" w="1756" /></phr></stem><stem n="origin"><phr n="original"><ent r="4" t="14" w="120" /><ent r="3" t="34" w="639" /><ent r="3" t="34" w="650" /><ent r="3" t="34" w="687" /><ent r="3" t="34" w="866" /><ent r="4" t="34" w="2034" /></phr></stem><stem n="trace"><phr n="traces"><ent r="4" t="14" w="156" /><ent r="7" t="46" w="261" /></phr></stem><stem n="someon"><phr n="someone"><ent r="3" t="14" w="189" /><ent r="6" t="44" w="288" /></phr></stem><stem n="right"><phr n="rights"><ent r="3" t="14" w="192" /></phr><phr n="right"><ent r="4" t="14" w="459" /><ent r="4" t="26" w="247" /><ent r="3" t="32" w="170" /></phr></stem><stem n="belong"><phr n="belonging"><ent r="4" t="14" w="251" /><ent r="7" t="22" w="184" /><ent r="7" t="22" w="240" /></phr></stem><stem n="'."><phr n="'."><ent r="4" t="14" w="266" /></phr></stem><stem n="(delet"><phr n="(Delete"><ent r="4" t="14" w="317" /></phr></stem><stem n="cn"><phr n="CN"><ent r="4" t="14" w="320" /></phr></stem><stem n="="><phr n="="><ent r="4" t="14" w="321" /><ent r="4" t="27" w="878" /><ent r="4" t="27" w="911" /><ent r="4" t="27" w="916" /><ent r="4" t="27" w="941" /><ent r="4" t="27" w="946" /><ent r="3" t="29" w="499" /><ent r="3" t="29" w="512" /><ent r="3" t="29" w="526" /><ent r="4" t="29" w="572" /><ent r="4" t="29" w="578" /><ent r="8" t="46" w="253" /><ent r="8" t="46" w="294" /></phr></stem><stem n="cluster.compani"><phr n="cluster.company"><ent r="5" t="14" w="323" /><ent r="5" t="14" w="322" /></phr></stem><stem n=".company.com"><phr n=".company.com"><ent r="5" t="14" w="324" /></phr></stem><stem n="cluster.company.com"><phr n="cluster.company.com"><ent r="5" t="14" w="324" /><ent r="5" t="14" w="322" /></phr></stem><stem n="registr"><phr n="Registration"><ent r="5" t="14" w="405" /><ent r="3" t="42" w="280" /></phr></stem><stem n="'ve"><phr n="'ve"><ent r="4" t="14" w="456" /></phr></stem><stem n="you'v"><phr n="you've"><ent r="4" t="14" w="456" /><ent r="4" t="14" w="455" /></phr></stem><stem n="ve"><phr n="ve"><ent r="4" t="14" w="456" /></phr></stem><stem n="carefulli"><phr n="carefully"><ent r="4" t="14" w="466" /><ent r="4" t="17" w="701" /></phr></stem><stem n="certificate'"><phr n="certificate's"><ent r="4" t="14" w="470" /><ent r="4" t="14" w="469" /></phr></stem><stem n=":monitor"><phr n=":monitoring"><ent r="100" t="15" w="12" /><ent r="100" t="16" w="21" /><ent r="100" t="31" w="10" /></phr></stem><stem n="larg"><phr n="large"><ent r="3" t="15" w="29" /><ent r="3" t="31" w="913" /><ent r="4" t="31" w="1106" /><ent r="7" t="36" w="1068" /></phr></stem><stem n="grid"><phr n="grid"><ent r="3" t="15" w="66" /><ent r="4" t="15" w="141" /><ent r="7" t="15" w="285" /><ent r="8" t="15" w="395" /><ent r="8" t="15" w="414" /><ent r="3" t="31" w="1038" /><ent r="3" t="31" w="1092" /></phr><phr n="Grid"><ent r="82" t="31" w="1030" /></phr></stem><stem n="accordingli"><phr n="accordingly"><ent r="3" t="15" w="78" /></phr></stem><stem n=":properti"><phr n=":properties"><ent r="100" t="15" w="121" /><ent r="100" t="31" w="1026" /></phr></stem><stem n="mous"><phr n="mouse"><ent r="4" t="15" w="151" /><ent r="3" t="31" w="1388" /></phr></stem><stem n="pointer"><phr n="pointer"><ent r="4" t="15" w="152" /><ent r="3" t="31" w="1389" /></phr></stem><stem n="cell"><phr n="cell"><ent r="4" t="15" w="155" /><ent r="4" t="15" w="164" /><ent r="3" t="31" w="1392" /></phr></stem><stem n="unconfigur"><phr n="unconfigured"><ent r="4" t="15" w="168" /></phr></stem><stem n="full"><phr n="full"><ent r="7" t="15" w="242" /><ent r="4" t="31" w="1131" /><ent r="6" t="36" w="1256" /><ent r="6" t="36" w="1296" /><ent r="6" t="36" w="1355" /><ent r="4" t="44" w="96" /></phr></stem><stem n="path"><phr n="path"><ent r="7" t="15" w="243" /><ent r="3" t="34" w="657" /></phr><phr n="Path"><ent r="8" t="16" w="1134" /></phr></stem><stem n="format"><phr n="format"><ent r="7" t="15" w="252" /><ent r="3" t="27" w="762" /><ent r="7" t="28" w="171" /><ent r="7" t="28" w="289" /><ent r="7" t="36" w="997" /><ent r="6" t="36" w="1542" /><ent r="6" t="36" w="1607" /><ent r="6" t="36" w="1757" /><ent r="6" t="41" w="174" /><ent r="6" t="41" w="195" /><ent r="6" t="41" w="209" /><ent r="6" t="41" w="228" /></phr><phr n="formats"><ent r="3" t="26" w="31" /></phr><phr n="Formatting"><ent r="8" t="36" w="938" /></phr><phr n="Format"><ent r="7" t="36" w="1587" /><ent r="7" t="41" w="168" /><ent r="6" t="41" w="178" /><ent r="7" t="41" w="203" /><ent r="6" t="41" w="213" /></phr></stem><stem n="[root"><phr n="[root"><ent r="8" t="15" w="254" /></phr></stem><stem n="/"><phr n="/"><ent r="8" t="15" w="256" /><ent r="8" t="15" w="258" /><ent r="8" t="15" w="259" /><ent r="10" t="16" w="443" /><ent r="3" t="29" w="503" /><ent r="3" t="29" w="530" /><ent r="4" t="29" w="574" /><ent r="8" t="36" w="770" /><ent r="8" t="36" w="771" /><ent r="8" t="36" w="772" /></phr></stem><stem n="subfold"><phr n="subfolder"><ent r="8" t="15" w="256" /><ent r="6" t="32" w="231" /></phr></stem><stem n="[subfolder(s)]"><phr n="[subfolder(s)]"><ent r="8" t="15" w="258" /></phr></stem><stem n="[cluster]"><phr n="[cluster]"><ent r="8" t="15" w="259" /></phr></stem><stem n="[node]"><phr n="[node]"><ent r="8" t="15" w="260" /></phr></stem><stem n="clear"><phr n="Clear"><ent r="7" t="15" w="286" /><ent r="7" t="15" w="397" /><ent r="7" t="15" w="554" /><ent r="4" t="34" w="1480" /><ent r="3" t="34" w="1578" /><ent r="7" t="36" w="992" /></phr><phr n="Clearing"><ent r="4" t="23" w="290" /><ent r="4" t="24" w="235" /></phr><phr n="clear"><ent r="4" t="26" w="641" /></phr></stem><stem n="suppress"><phr n="suppress"><ent r="7" t="15" w="294" /><ent r="7" t="15" w="559" /><ent r="4" t="31" w="560" /></phr><phr n="suppressed"><ent r="3" t="31" w="840" /></phr></stem><stem n="sampl"><phr n="sampling"><ent r="7" t="15" w="298" /><ent r="3" t="31" w="1052" /><ent r="3" t="31" w="1358" /></phr><phr n="sample"><ent r="9" t="16" w="659" /></phr><phr n="Sampling"><ent r="7" t="31" w="228" /></phr><phr n="Sample"><ent r="4" t="34" w="1031" /></phr></stem><stem n="interv"><phr n="interval"><ent r="7" t="15" w="299" /><ent r="4" t="26" w="495" /><ent r="4" t="26" w="505" /><ent r="7" t="31" w="229" /><ent r="3" t="31" w="1053" /><ent r="3" t="31" w="1359" /><ent r="7" t="36" w="858" /><ent r="7" t="36" w="875" /><ent r="7" t="36" w="1150" /></phr><phr n="Interval"><ent r="5" t="26" w="477" /><ent r="5" t="26" w="499" /><ent r="8" t="36" w="855" /></phr><phr n="intervals"><ent r="4" t="26" w="491" /><ent r="6" t="29" w="179" /><ent r="6" t="29" w="285" /><ent r="7" t="36" w="1174" /></phr></stem><stem n="often"><phr n="often"><ent r="7" t="15" w="302" /><ent r="6" t="29" w="297" /></phr></stem><stem n="trigger"><phr n="trigger"><ent r="8" t="15" w="360" /><ent r="7" t="15" w="376" /><ent r="8" t="15" w="383" /><ent r="7" t="15" w="405" /><ent r="8" t="15" w="441" /><ent r="7" t="15" w="498" /><ent r="8" t="15" w="507" /><ent r="7" t="15" w="520" /><ent r="8" t="15" w="580" /><ent r="7" t="16" w="1267" /><ent r="3" t="31" w="165" /><ent r="7" t="31" w="1269" /></phr><phr n="triggered"><ent r="7" t="15" w="453" /><ent r="7" t="15" w="553" /><ent r="3" t="16" w="145" /><ent r="3" t="16" w="186" /><ent r="3" t="16" w="222" /><ent r="7" t="16" w="1194" /><ent r="3" t="31" w="767" /></phr><phr n="Trigger"><ent r="8" t="16" w="1263" /><ent r="7" t="31" w="233" /></phr></stem><stem n="exce"><phr n="exceeds"><ent r="7" t="15" w="374" /><ent r="3" t="16" w="43" /><ent r="4" t="31" w="60" /><ent r="7" t="31" w="1267" /></phr></stem><stem n="threshold"><phr n="threshold"><ent r="7" t="15" w="377" /><ent r="7" t="15" w="406" /><ent r="8" t="15" w="442" /><ent r="7" t="15" w="446" /><ent r="7" t="15" w="480" /><ent r="7" t="15" w="499" /><ent r="7" t="15" w="521" /><ent r="3" t="16" w="46" /><ent r="7" t="16" w="1268" /><ent r="7" t="31" w="1270" /></phr><phr n="thresholds"><ent r="7" t="16" w="1276" /><ent r="3" t="31" w="166" /></phr></stem><stem n="exceed"><phr n="exceeding"><ent r="8" t="15" w="381" /></phr></stem><stem n="highlight"><phr n="highlighted"><ent r="8" t="15" w="385" /><ent r="8" t="15" w="411" /></phr></stem><stem n="red"><phr n="red"><ent r="8" t="15" w="387" /></phr></stem><stem n="regardless"><phr n="regardless"><ent r="8" t="15" w="415" /><ent r="8" t="15" w="426" /><ent r="3" t="29" w="514" /><ent r="3" t="31" w="1083" /><ent r="4" t="34" w="1647" /></phr></stem><stem n="notif"><phr n="notifications"><ent r="8" t="15" w="422" /><ent r="8" t="15" w="431" /><ent r="8" t="15" w="540" /><ent r="7" t="15" w="560" /><ent r="8" t="15" w="592" /><ent r="7" t="15" w="599" /><ent r="8" t="15" w="608" /><ent r="8" t="15" w="637" /><ent r="7" t="15" w="666" /><ent r="7" t="15" w="675" /><ent r="7" t="15" w="719" /><ent r="3" t="16" w="49" /><ent r="3" t="16" w="128" /><ent r="5" t="16" w="333" /><ent r="7" t="16" w="339" /><ent r="5" t="16" w="691" /><ent r="7" t="16" w="697" /><ent r="5" t="16" w="876" /><ent r="7" t="16" w="882" /><ent r="5" t="16" w="1106" /><ent r="100" t="31" w="500" /><ent r="4" t="31" w="522" /><ent r="4" t="31" w="561" /><ent r="5" t="31" w="565" /><ent r="4" t="31" w="574" /><ent r="4" t="31" w="608" /><ent r="4" t="31" w="620" /><ent r="4" t="31" w="669" /><ent r="3" t="31" w="773" /><ent r="5" t="31" w="852" /></phr><phr n="Notifications"><ent r="8" t="15" w="436" /><ent r="7" t="15" w="571" /><ent r="4" t="16" w="103" /><ent r="70" t="16" w="678" /><ent r="70" t="16" w="834" /><ent r="70" t="16" w="1018" /><ent r="92" t="16" w="1066" /><ent r="82" t="31" w="507" /><ent r="5" t="31" w="529" /><ent r="3" t="31" w="837" /></phr><phr n="Notification"><ent r="8" t="15" w="624" /><ent r="1000" t="16" w="2" /><ent r="100" t="16" w="8" /><ent r="100" t="16" w="13" /><ent r="102" t="16" w="24" /><ent r="65" t="16" w="113" /><ent r="4" t="16" w="254" /><ent r="4" t="16" w="262" /><ent r="65" t="16" w="1037" /><ent r="100" t="16" w="1059" /><ent r="100" t="31" w="493" /><ent r="4" t="31" w="674" /><ent r="82" t="31" w="743" /><ent r="100" t="31" w="746" /><ent r="3" t="31" w="750" /><ent r="64" t="31" w="879" /></phr><phr n="notification"><ent r="7" t="15" w="642" /><ent r="100" t="16" w="17" /><ent r="4" t="16" w="62" /><ent r="4" t="16" w="88" /><ent r="3" t="16" w="235" /><ent r="100" t="16" w="329" /><ent r="9" t="16" w="607" /><ent r="100" t="16" w="687" /><ent r="100" t="16" w="872" /><ent r="4" t="16" w="1029" /><ent r="3" t="16" w="1069" /><ent r="3" t="16" w="1084" /><ent r="7" t="16" w="1196" /><ent r="4" t="31" w="545" /><ent r="5" t="31" w="652" /><ent r="4" t="31" w="663" /><ent r="4" t="31" w="860" /><ent r="3" t="31" w="874" /></phr></stem><stem n="sent"><phr n="sent"><ent r="8" t="15" w="424" /><ent r="7" t="15" w="721" /><ent r="3" t="16" w="140" /><ent r="3" t="16" w="213" /><ent r="5" t="31" w="654" /><ent r="4" t="31" w="665" /><ent r="4" t="31" w="781" /><ent r="4" t="31" w="831" /></phr></stem><stem n="out"><phr n="out"><ent r="8" t="15" w="425" /><ent r="7" t="15" w="664" /><ent r="7" t="15" w="722" /><ent r="4" t="31" w="666" /><ent r="7" t="36" w="1206" /><ent r="4" t="42" w="460" /></phr></stem><stem n="[disabl"><phr n="[Disable"><ent r="8" t="15" w="429" /></phr></stem><stem n="&quot;notif"><phr n="&quot;Notifications"><ent r="8" t="15" w="436" /></phr><phr n="&quot;Notification"><ent r="4" t="16" w="254" /><ent r="4" t="31" w="674" /></phr></stem><stem n="integ"><phr n="integer"><ent r="7" t="15" w="485" /></phr></stem><stem n="[enabl"><phr n="[Enable"><ent r="8" t="15" w="505" /></phr></stem><stem n="restor"><phr n="restore"><ent r="7" t="15" w="518" /><ent r="3" t="17" w="120" /><ent r="4" t="34" w="1147" /><ent r="6" t="35" w="428" /></phr><phr n="restored"><ent r="3" t="31" w="1567" /></phr></stem><stem n="notifi"><phr n="notified"><ent r="7" t="15" w="548" /><ent r="4" t="31" w="56" /></phr><phr n="notify"><ent r="3" t="16" w="37" /><ent r="3" t="31" w="761" /></phr></stem><stem n="rule"><phr n="rules"><ent r="7" t="15" w="565" /><ent r="8" t="15" w="625" /><ent r="7" t="15" w="643" /><ent r="7" t="15" w="661" /><ent r="7" t="15" w="683" /><ent r="100" t="16" w="14" /><ent r="100" t="16" w="18" /><ent r="4" t="16" w="63" /><ent r="4" t="16" w="89" /><ent r="4" t="31" w="546" /><ent r="100" t="31" w="747" /></phr><phr n="rule"><ent r="7" t="15" w="631" /><ent r="7" t="15" w="670" /><ent r="7" t="15" w="701" /><ent r="7" t="15" w="708" /><ent r="7" t="15" w="714" /><ent r="3" t="16" w="236" /><ent r="4" t="16" w="275" /><ent r="4" t="16" w="286" /><ent r="4" t="16" w="292" /><ent r="4" t="16" w="303" /><ent r="4" t="16" w="321" /><ent r="4" t="16" w="1030" /><ent r="4" t="16" w="1032" /><ent r="4" t="31" w="861" /><ent r="3" t="31" w="875" /></phr><phr n="Rules"><ent r="1000" t="16" w="3" /><ent r="100" t="16" w="9" /><ent r="102" t="16" w="25" /><ent r="65" t="16" w="114" /><ent r="4" t="16" w="255" /><ent r="65" t="16" w="1038" /><ent r="4" t="31" w="675" /><ent r="82" t="31" w="744" /><ent r="3" t="31" w="751" /><ent r="64" t="31" w="880" /></phr><phr n="Rule"><ent r="4" t="16" w="263" /></phr></stem><stem n="overridden"><phr n="overridden"><ent r="7" t="15" w="597" /><ent r="7" t="16" w="1293" /></phr></stem><stem n="global"><phr n="globally"><ent r="7" t="15" w="602" /><ent r="4" t="16" w="110" /></phr><phr n="global"><ent r="3" t="34" w="291" /></phr><phr n="Global"><ent r="3" t="34" w="325" /><ent r="3" t="34" w="529" /><ent r="92" t="42" w="424" /></phr></stem><stem n="multipl"><phr n="multiple"><ent r="7" t="15" w="660" /><ent r="7" t="15" w="665" /><ent r="9" t="16" w="515" /><ent r="9" t="16" w="551" /><ent r="9" t="16" w="570" /><ent r="3" t="27" w="793" /><ent r="7" t="28" w="259" /><ent r="3" t="34" w="15" /><ent r="4" t="34" w="2139" /><ent r="3" t="42" w="329" /></phr></stem><stem n="least"><phr n="least"><ent r="7" t="15" w="668" /><ent r="4" t="26" w="284" /><ent r="8" t="36" w="657" /></phr></stem><stem n="entir"><phr n="entire"><ent r="7" t="15" w="687" /><ent r="4" t="44" w="100" /></phr><phr n="entirely"><ent r="7" t="36" w="1050" /></phr></stem><stem n="(in"><phr n="(in"><ent r="7" t="15" w="694" /><ent r="3" t="31" w="1479" /></phr></stem><stem n="word"><phr n="words"><ent r="7" t="15" w="696" /><ent r="3" t="31" w="1481" /></phr></stem><stem n=").if"><phr n=").If"><ent r="7" t="15" w="712" /></phr></stem><stem n=":rule"><phr n=":rules"><ent r="100" t="16" w="14" /><ent r="100" t="31" w="747" /></phr></stem><stem n=":notif"><phr n=":notification"><ent r="100" t="16" w="17" /></phr><phr n=":notifications"><ent r="100" t="31" w="500" /></phr></stem><stem n="relev"><phr n="relevant"><ent r="4" t="16" w="85" /><ent r="5" t="36" w="1244" /><ent r="3" t="39" w="63" /></phr><phr n="Relevant"><ent r="5" t="26" w="393" /></phr></stem><stem n="chosen"><phr n="chosen"><ent r="4" t="16" w="92" /><ent r="4" t="16" w="322" /><ent r="4" t="27" w="677" /><ent r="7" t="36" w="874" /><ent r="7" t="36" w="1151" /><ent r="6" t="36" w="1541" /></phr></stem><stem n="-mail"><phr n="-mail"><ent r="5" t="16" w="130" /><ent r="5" t="16" w="130" /><ent r="5" t="16" w="324" /><ent r="5" t="16" w="324" /><ent r="100" t="16" w="327" /><ent r="100" t="16" w="327" /><ent r="5" t="16" w="331" /><ent r="5" t="16" w="331" /><ent r="7" t="16" w="337" /><ent r="7" t="16" w="337" /><ent r="9" t="16" w="619" /><ent r="9" t="16" w="619" /></phr></stem><stem n="e-mail"><phr n="E-mail"><ent r="5" t="16" w="130" /><ent r="5" t="16" w="324" /><ent r="100" t="16" w="327" /><ent r="5" t="16" w="331" /><ent r="7" t="16" w="337" /><ent r="5" t="31" w="775" /></phr><phr n="e-mail"><ent r="9" t="16" w="619" /></phr></stem><stem n="mail"><phr n="mail"><ent r="5" t="16" w="131" /><ent r="5" t="16" w="325" /><ent r="100" t="16" w="328" /><ent r="5" t="16" w="332" /><ent r="7" t="16" w="338" /><ent r="9" t="16" w="398" /><ent r="9" t="16" w="412" /><ent r="9" t="16" w="496" /><ent r="9" t="16" w="620" /><ent r="5" t="31" w="776" /></phr></stem><stem n="-configur"><phr n="-configured"><ent r="3" t="16" w="134" /><ent r="3" t="16" w="134" /></phr></stem><stem n="pre"><phr n="pre"><ent r="3" t="16" w="134" /></phr></stem><stem n="pre-configur"><phr n="pre-configured"><ent r="3" t="16" w="134" /></phr></stem><stem n="email"><phr n="email"><ent r="3" t="16" w="136" /><ent r="9" t="16" w="349" /><ent r="9" t="16" w="438" /><ent r="9" t="16" w="465" /><ent r="9" t="16" w="485" /><ent r="9" t="16" w="504" /><ent r="9" t="16" w="543" /><ent r="9" t="16" w="561" /><ent r="9" t="16" w="601" /><ent r="9" t="16" w="660" /><ent r="4" t="19" w="160" /><ent r="4" t="31" w="779" /><ent r="6" t="43" w="156" /></phr><phr n="Email"><ent r="4" t="16" w="153" /><ent r="5" t="19" w="155" /><ent r="5" t="31" w="790" /><ent r="7" t="43" w="153" /></phr><phr n="emailing"><ent r="9" t="16" w="657" /></phr></stem><stem n="similar"><phr n="similar"><ent r="3" t="16" w="148" /><ent r="3" t="16" w="189" /><ent r="4" t="17" w="567" /><ent r="4" t="31" w="785" /></phr></stem><stem n="assert"><phr n="Assertion"><ent r="4" t="16" w="155" /><ent r="4" t="16" w="196" /><ent r="4" t="26" w="611" /><ent r="4" t="27" w="535" /><ent r="4" t="27" w="627" /><ent r="5" t="31" w="792" /><ent r="4" t="36" w="145" /></phr><phr n="Assertions"><ent r="4" t="26" w="577" /><ent r="5" t="27" w="128" /><ent r="4" t="27" w="297" /><ent r="4" t="27" w="322" /><ent r="4" t="27" w="974" /></phr><phr n="assertion"><ent r="4" t="27" w="132" /><ent r="3" t="27" w="633" /></phr><phr n="assertions"><ent r="4" t="34" w="981" /><ent r="4" t="34" w="987" /></phr></stem><stem n="snmp"><phr n="SNMP"><ent r="5" t="16" w="164" /><ent r="3" t="16" w="172" /><ent r="4" t="16" w="194" /><ent r="5" t="16" w="682" /><ent r="100" t="16" w="685" /><ent r="5" t="16" w="689" /><ent r="7" t="16" w="695" /><ent r="9" t="16" w="715" /><ent r="9" t="16" w="723" /><ent r="9" t="16" w="740" /><ent r="9" t="16" w="763" /><ent r="9" t="16" w="771" /><ent r="9" t="16" w="783" /><ent r="9" t="16" w="849" /><ent r="5" t="31" w="799" /><ent r="4" t="31" w="803" /></phr></stem><stem n="trap"><phr n="Trap"><ent r="5" t="16" w="165" /><ent r="4" t="16" w="195" /><ent r="5" t="16" w="683" /><ent r="100" t="16" w="686" /><ent r="5" t="16" w="690" /><ent r="7" t="16" w="696" /><ent r="5" t="31" w="800" /></phr><phr n="trap"><ent r="3" t="16" w="173" /><ent r="9" t="16" w="724" /><ent r="9" t="16" w="741" /><ent r="9" t="16" w="772" /><ent r="9" t="16" w="850" /><ent r="4" t="31" w="808" /></phr></stem><stem n="protocol"><phr n="Protocol"><ent r="3" t="16" w="171" /><ent r="10" t="16" w="345" /><ent r="4" t="31" w="807" /></phr><phr n="protocol"><ent r="9" t="16" w="350" /><ent r="9" t="16" w="387" /></phr></stem><stem n="(snmp)"><phr n="(SNMP)"><ent r="3" t="16" w="173" /></phr></stem><stem n="broadcast"><phr n="broadcast"><ent r="3" t="16" w="176" /><ent r="9" t="16" w="784" /><ent r="9" t="16" w="821" /><ent r="4" t="31" w="810" /></phr></stem><stem n="request"><phr n="Request"><ent r="5" t="16" w="206" /><ent r="5" t="16" w="868" /><ent r="100" t="16" w="871" /><ent r="5" t="16" w="875" /><ent r="7" t="16" w="881" /><ent r="10" t="16" w="958" /><ent r="5" t="31" w="818" /></phr><phr n="request"><ent r="3" t="16" w="210" /><ent r="9" t="16" w="899" /><ent r="9" t="16" w="967" /><ent r="9" t="16" w="1005" /><ent r="4" t="27" w="897" /><ent r="6" t="29" w="105" /><ent r="6" t="29" w="207" /><ent r="4" t="31" w="822" /></phr><phr n="requested"><ent r="3" t="26" w="103" /><ent r="4" t="27" w="209" /></phr><phr n="requests"><ent r="3" t="26" w="123" /><ent r="6" t="29" w="47" /><ent r="6" t="29" w="63" /><ent r="6" t="29" w="77" /><ent r="3" t="29" w="479" /><ent r="3" t="29" w="513" /><ent r="3" t="29" w="547" /></phr><phr n="Requests"><ent r="3" t="29" w="504" /><ent r="3" t="29" w="511" /></phr><phr n="requesting"><ent r="3" t="45" w="41" /></phr></stem><stem n="method"><phr n="method"><ent r="3" t="16" w="225" /><ent r="9" t="16" w="907" /><ent r="9" t="16" w="956" /></phr><phr n="Method"><ent r="10" t="16" w="902" /></phr><phr n="methods"><ent r="4" t="31" w="829" /></phr></stem><stem n="post"><phr n="POST"><ent r="3" t="16" w="230" /><ent r="9" t="16" w="912" /><ent r="9" t="16" w="954" /><ent r="4" t="31" w="828" /></phr></stem><stem n="&quot;,"><phr n="&quot;,"><ent r="4" t="16" w="256" /><ent r="8" t="36" w="660" /></phr></stem><stem n="explain"><phr n="explains"><ent r="4" t="16" w="281" /><ent r="4" t="28" w="75" /><ent r="7" t="36" w="1728" /></phr></stem><stem n="keep"><phr n="Keep"><ent r="4" t="16" w="287" /></phr></stem><stem n="mind"><phr n="mind"><ent r="4" t="16" w="289" /></phr></stem><stem n="-down"><phr n="-down"><ent r="4" t="16" w="309" /><ent r="4" t="16" w="309" /><ent r="9" t="16" w="635" /><ent r="9" t="16" w="635" /><ent r="9" t="16" w="799" /><ent r="9" t="16" w="799" /><ent r="9" t="16" w="933" /><ent r="9" t="16" w="933" /><ent r="9" t="16" w="982" /><ent r="9" t="16" w="982" /><ent r="4" t="17" w="189" /><ent r="4" t="17" w="189" /><ent r="3" t="17" w="237" /><ent r="3" t="17" w="237" /><ent r="4" t="26" w="173" /><ent r="4" t="26" w="173" /><ent r="4" t="26" w="362" /><ent r="4" t="26" w="362" /><ent r="4" t="26" w="469" /><ent r="4" t="26" w="469" /><ent r="3" t="27" w="580" /><ent r="3" t="27" w="580" /><ent r="3" t="27" w="648" /><ent r="3" t="27" w="648" /><ent r="3" t="34" w="1186" /><ent r="3" t="34" w="1186" /><ent r="4" t="34" w="1225" /><ent r="4" t="34" w="1225" /><ent r="7" t="36" w="261" /><ent r="7" t="36" w="261" /><ent r="7" t="36" w="836" /><ent r="7" t="36" w="836" /><ent r="6" t="41" w="163" /><ent r="6" t="41" w="163" /><ent r="6" t="41" w="179" /><ent r="6" t="41" w="179" /><ent r="6" t="41" w="214" /><ent r="6" t="41" w="214" /></phr></stem><stem n="drop"><phr n="drop"><ent r="4" t="16" w="309" /><ent r="9" t="16" w="635" /><ent r="9" t="16" w="799" /><ent r="9" t="16" w="933" /><ent r="9" t="16" w="982" /><ent r="4" t="17" w="189" /><ent r="3" t="17" w="237" /><ent r="4" t="26" w="173" /><ent r="4" t="26" w="362" /><ent r="4" t="26" w="469" /><ent r="3" t="27" w="580" /><ent r="3" t="27" w="648" /><ent r="3" t="34" w="1186" /><ent r="4" t="34" w="1225" /><ent r="7" t="36" w="261" /><ent r="7" t="36" w="836" /><ent r="6" t="41" w="163" /><ent r="6" t="41" w="179" /><ent r="6" t="41" w="214" /></phr></stem><stem n="drop-down"><phr n="drop-down"><ent r="4" t="16" w="309" /><ent r="9" t="16" w="635" /><ent r="9" t="16" w="799" /><ent r="9" t="16" w="933" /><ent r="9" t="16" w="982" /><ent r="4" t="17" w="189" /><ent r="3" t="17" w="237" /><ent r="4" t="26" w="173" /><ent r="4" t="26" w="362" /><ent r="4" t="26" w="469" /><ent r="3" t="27" w="580" /><ent r="3" t="27" w="648" /><ent r="3" t="34" w="1186" /><ent r="4" t="34" w="1225" /><ent r="7" t="36" w="261" /><ent r="7" t="36" w="836" /><ent r="6" t="41" w="163" /><ent r="6" t="41" w="179" /><ent r="6" t="41" w="214" /></phr></stem><stem n="remain"><phr n="remaining"><ent r="4" t="16" w="315" /></phr><phr n="remain"><ent r="3" t="26" w="752" /></phr></stem><stem n="plain"><phr n="Plain"><ent r="10" t="16" w="354" /></phr></stem><stem n="smtp"><phr n="SMTP"><ent r="10" t="16" w="355" /><ent r="10" t="16" w="359" /><ent r="10" t="16" w="365" /></phr></stem><stem n="(default),"><phr n="(default),"><ent r="9" t="16" w="358" /></phr></stem><stem n="starttl"><phr n="STARTTLS"><ent r="10" t="16" w="367" /></phr></stem><stem n="instanc"><phr n="instances"><ent r="9" t="16" w="376" /><ent r="3" t="31" w="186" /></phr></stem><stem n="consult"><phr n="Consult"><ent r="9" t="16" w="377" /></phr><phr n="consult"><ent r="3" t="46" w="113" /></phr></stem><stem n="unsur"><phr n="unsure"><ent r="9" t="16" w="384" /></phr></stem><stem n="hostnam"><phr n="hostname"><ent r="9" t="16" w="394" /></phr></stem><stem n="outgo"><phr n="outgoing"><ent r="9" t="16" w="397" /></phr></stem><stem n="onto"><phr n="onto"><ent r="9" t="16" w="436" /></phr></stem><stem n="dummi"><phr n="dummy"><ent r="9" t="16" w="468" /></phr></stem><stem n="esm-repli"><phr n="esm-reply"><ent r="9" t="16" w="470" /></phr></stem><stem n="repli"><phr n="reply"><ent r="9" t="16" w="471" /></phr></stem><stem n="company.com"><phr n="company.com"><ent r="9" t="16" w="473" /><ent r="9" t="16" w="472" /></phr></stem><stem n="&quot;esm-reply@company.com&quot;"><phr n="&quot;esm-reply@company.com&quot;"><ent r="9" t="16" w="474" /></phr></stem><stem n="insert"><phr n="inserted"><ent r="9" t="16" w="475" /></phr><phr n="Insert"><ent r="10" t="16" w="642" /><ent r="10" t="16" w="806" /><ent r="10" t="16" w="989" /></phr></stem><stem n="sure"><phr n="sure"><ent r="9" t="16" w="482" /><ent r="4" t="17" w="435" /></phr></stem><stem n="block"><phr n="blocked"><ent r="9" t="16" w="491" /></phr><phr n="blocks"><ent r="6" t="28" w="341" /><ent r="6" t="38" w="124" /><ent r="6" t="39" w="168" /></phr></stem><stem n="corpor"><phr n="corporate"><ent r="9" t="16" w="494" /></phr></stem><stem n="junk"><phr n="junk"><ent r="9" t="16" w="495" /></phr></stem><stem n="filter"><phr n="filter"><ent r="9" t="16" w="497" /><ent r="4" t="18" w="62" /><ent r="4" t="26" w="539" /><ent r="3" t="27" w="78" /><ent r="4" t="27" w="460" /><ent r="4" t="27" w="499" /><ent r="3" t="27" w="748" /><ent r="3" t="27" w="807" /><ent r="3" t="27" w="824" /></phr><phr n="filtered"><ent r="4" t="26" w="533" /><ent r="3" t="27" w="595" /></phr><phr n="Filter"><ent r="4" t="27" w="191" /><ent r="4" t="27" w="253" /><ent r="4" t="27" w="446" /><ent r="4" t="27" w="485" /><ent r="5" t="27" w="693" /><ent r="4" t="27" w="722" /><ent r="4" t="27" w="883" /><ent r="4" t="27" w="915" /><ent r="4" t="27" w="945" /></phr></stem><stem n="recipi"><phr n="recipients"><ent r="9" t="16" w="508" /><ent r="9" t="16" w="528" /><ent r="9" t="16" w="537" /><ent r="9" t="16" w="549" /><ent r="9" t="16" w="568" /><ent r="9" t="16" w="586" /><ent r="4" t="31" w="784" /></phr><phr n="Recipients"><ent r="9" t="16" w="575" /></phr></stem><stem n="separ"><phr n="Separate"><ent r="9" t="16" w="514" /><ent r="9" t="16" w="550" /><ent r="9" t="16" w="569" /></phr><phr n="separate"><ent r="3" t="26" w="252" /><ent r="4" t="27" w="197" /></phr></stem><stem n="comma"><phr n="comma"><ent r="9" t="16" w="519" /><ent r="9" t="16" w="555" /><ent r="9" t="16" w="574" /></phr></stem><stem n="exclud"><phr n="exclude"><ent r="9" t="16" w="525" /><ent r="4" t="26" w="638" /><ent r="4" t="27" w="265" /><ent r="7" t="36" w="927" /></phr><phr n="excluding"><ent r="7" t="32" w="407" /></phr></stem><stem n="&quot;to&quot;"><phr n="&quot;To&quot;"><ent r="9" t="16" w="528" /></phr></stem><stem n="everyon"><phr n="everyone"><ent r="9" t="16" w="534" /></phr></stem><stem n="bcc"><phr n="BCC"><ent r="9" t="16" w="536" /><ent r="10" t="16" w="557" /><ent r="9" t="16" w="564" /><ent r="9" t="16" w="589" /></phr></stem><stem n="&quot;bcc&quot;"><phr n="&quot;BCC&quot;"><ent r="9" t="16" w="537" /></phr></stem><stem n="cc"><phr n="CC"><ent r="10" t="16" w="539" /><ent r="9" t="16" w="546" /><ent r="9" t="16" w="580" /></phr></stem><stem n="(carbon"><phr n="(carbon"><ent r="9" t="16" w="547" /></phr></stem></index>