<?xml version="1.0" encoding="utf-8"?><index><stem n="ules"><phr n="rules"><ent r="7" t="15" w="565" /><ent r="7" t="15" w="565" /><ent r="8" t="15" w="625" /><ent r="8" t="15" w="625" /><ent r="7" t="15" w="643" /><ent r="7" t="15" w="643" /><ent r="7" t="15" w="661" /><ent r="7" t="15" w="661" /><ent r="7" t="15" w="683" /><ent r="7" t="15" w="683" /><ent r="100" t="16" w="14" /><ent r="100" t="16" w="14" /><ent r="100" t="16" w="18" /><ent r="100" t="16" w="18" /><ent r="4" t="16" w="63" /><ent r="4" t="16" w="63" /><ent r="4" t="16" w="89" /><ent r="4" t="16" w="89" /><ent r="4" t="31" w="544" /><ent r="4" t="31" w="544" /><ent r="100" t="31" w="744" /><ent r="100" t="31" w="744" /></phr><phr n="Rules"><ent r="1000" t="16" w="3" /><ent r="1000" t="16" w="3" /><ent r="100" t="16" w="9" /><ent r="100" t="16" w="9" /><ent r="102" t="16" w="25" /><ent r="102" t="16" w="25" /><ent r="65" t="16" w="114" /><ent r="65" t="16" w="114" /><ent r="4" t="16" w="251" /><ent r="65" t="16" w="1034" /><ent r="65" t="16" w="1034" /><ent r="4" t="31" w="672" /><ent r="82" t="31" w="741" /><ent r="82" t="31" w="741" /><ent r="3" t="31" w="748" /><ent r="3" t="31" w="748" /><ent r="64" t="31" w="877" /><ent r="64" t="31" w="877" /></phr></stem><stem n="rules"><phr n="rules"><ent r="7" t="15" w="565" /><ent r="7" t="15" w="565" /><ent r="8" t="15" w="625" /><ent r="8" t="15" w="625" /><ent r="7" t="15" w="643" /><ent r="7" t="15" w="643" /><ent r="7" t="15" w="661" /><ent r="7" t="15" w="661" /><ent r="7" t="15" w="683" /><ent r="7" t="15" w="683" /><ent r="100" t="16" w="14" /><ent r="100" t="16" w="14" /><ent r="100" t="16" w="18" /><ent r="100" t="16" w="18" /><ent r="4" t="16" w="63" /><ent r="4" t="16" w="63" /><ent r="4" t="16" w="89" /><ent r="4" t="16" w="89" /><ent r="4" t="31" w="544" /><ent r="4" t="31" w="544" /><ent r="100" t="31" w="744" /><ent r="100" t="31" w="744" /></phr><phr n="Rules"><ent r="1000" t="16" w="3" /><ent r="1000" t="16" w="3" /><ent r="100" t="16" w="9" /><ent r="100" t="16" w="9" /><ent r="102" t="16" w="25" /><ent r="102" t="16" w="25" /><ent r="65" t="16" w="114" /><ent r="65" t="16" w="114" /><ent r="4" t="16" w="251" /><ent r="65" t="16" w="1034" /><ent r="65" t="16" w="1034" /><ent r="4" t="31" w="672" /><ent r="82" t="31" w="741" /><ent r="82" t="31" w="741" /><ent r="3" t="31" w="748" /><ent r="3" t="31" w="748" /><ent r="64" t="31" w="877" /><ent r="64" t="31" w="877" /></phr></stem><stem n="overridden"><phr n="overridden"><ent r="7" t="15" w="597" /><ent r="7" t="15" w="597" /><ent r="7" t="16" w="1289" /><ent r="7" t="16" w="1289" /></phr></stem><stem n="ridd"><phr n="overridden"><ent r="7" t="15" w="597" /><ent r="7" t="15" w="597" /><ent r="7" t="16" w="1289" /><ent r="7" t="16" w="1289" /></phr></stem><stem n="idde"><phr n="overridden"><ent r="7" t="15" w="597" /><ent r="7" t="15" w="597" /><ent r="7" t="16" w="1289" /><ent r="7" t="16" w="1289" /></phr></stem><stem n="dden"><phr n="overridden"><ent r="7" t="15" w="597" /><ent r="7" t="15" w="597" /><ent r="7" t="16" w="1289" /><ent r="7" t="16" w="1289" /></phr></stem><stem n="idden"><phr n="overridden"><ent r="7" t="15" w="597" /><ent r="7" t="15" w="597" /><ent r="7" t="16" w="1289" /><ent r="7" t="16" w="1289" /></phr></stem><stem n="rridd"><phr n="overridden"><ent r="7" t="15" w="597" /><ent r="7" t="15" w="597" /><ent r="7" t="16" w="1289" /><ent r="7" t="16" w="1289" /></phr></stem><stem n="ridde"><phr n="overridden"><ent r="7" t="15" w="597" /><ent r="7" t="15" w="597" /><ent r="7" t="16" w="1289" /><ent r="7" t="16" w="1289" /></phr></stem><stem n="erridd"><phr n="overridden"><ent r="7" t="15" w="597" /><ent r="7" t="15" w="597" /><ent r="7" t="16" w="1289" /><ent r="7" t="16" w="1289" /></phr></stem><stem n="rridde"><phr n="overridden"><ent r="7" t="15" w="597" /><ent r="7" t="15" w="597" /><ent r="7" t="16" w="1289" /><ent r="7" t="16" w="1289" /></phr></stem><stem n="ridden"><phr n="overridden"><ent r="7" t="15" w="597" /><ent r="7" t="15" w="597" /><ent r="7" t="16" w="1289" /><ent r="7" t="16" w="1289" /></phr></stem><stem n="verridd"><phr n="overridden"><ent r="7" t="15" w="597" /><ent r="7" t="15" w="597" /><ent r="7" t="16" w="1289" /><ent r="7" t="16" w="1289" /></phr></stem><stem n="erridde"><phr n="overridden"><ent r="7" t="15" w="597" /><ent r="7" t="15" w="597" /><ent r="7" t="16" w="1289" /><ent r="7" t="16" w="1289" /></phr></stem><stem n="rridden"><phr n="overridden"><ent r="7" t="15" w="597" /><ent r="7" t="15" w="597" /><ent r="7" t="16" w="1289" /><ent r="7" t="16" w="1289" /></phr></stem><stem n="overridd"><phr n="overridden"><ent r="7" t="15" w="597" /><ent r="7" t="15" w="597" /><ent r="7" t="16" w="1289" /><ent r="7" t="16" w="1289" /></phr></stem><stem n="verridde"><phr n="overridden"><ent r="7" t="15" w="597" /><ent r="7" t="15" w="597" /><ent r="7" t="16" w="1289" /><ent r="7" t="16" w="1289" /></phr></stem><stem n="erridden"><phr n="overridden"><ent r="7" t="15" w="597" /><ent r="7" t="15" w="597" /><ent r="7" t="16" w="1289" /><ent r="7" t="16" w="1289" /></phr></stem><stem n="overridde"><phr n="overridden"><ent r="7" t="15" w="597" /><ent r="7" t="15" w="597" /><ent r="7" t="16" w="1289" /><ent r="7" t="16" w="1289" /></phr></stem><stem n="verridden"><phr n="overridden"><ent r="7" t="15" w="597" /><ent r="7" t="15" w="597" /><ent r="7" t="16" w="1289" /><ent r="7" t="16" w="1289" /></phr></stem><stem n="global"><phr n="globally"><ent r="7" t="15" w="602" /><ent r="7" t="15" w="602" /><ent r="4" t="16" w="110" /><ent r="4" t="16" w="110" /></phr><phr n="global"><ent r="3" t="34" w="292" /><ent r="3" t="34" w="292" /></phr><phr n="Global"><ent r="3" t="34" w="329" /><ent r="3" t="34" w="329" /><ent r="3" t="34" w="533" /><ent r="3" t="34" w="533" /><ent r="92" t="42" w="424" /><ent r="92" t="42" w="424" /></phr></stem><stem n="glob"><phr n="globally"><ent r="7" t="15" w="602" /><ent r="7" t="15" w="602" /><ent r="4" t="16" w="110" /><ent r="4" t="16" w="110" /></phr><phr n="global"><ent r="3" t="34" w="292" /><ent r="3" t="34" w="292" /></phr><phr n="Global"><ent r="3" t="34" w="329" /><ent r="3" t="34" w="329" /><ent r="3" t="34" w="533" /><ent r="3" t="34" w="533" /><ent r="92" t="42" w="424" /><ent r="92" t="42" w="424" /></phr></stem><stem n="loba"><phr n="globally"><ent r="7" t="15" w="602" /><ent r="7" t="15" w="602" /><ent r="4" t="16" w="110" /><ent r="4" t="16" w="110" /></phr><phr n="global"><ent r="3" t="34" w="292" /><ent r="3" t="34" w="292" /></phr><phr n="Global"><ent r="3" t="34" w="329" /><ent r="3" t="34" w="329" /><ent r="3" t="34" w="533" /><ent r="3" t="34" w="533" /><ent r="92" t="42" w="424" /><ent r="92" t="42" w="424" /></phr></stem><stem n="obal"><phr n="globally"><ent r="7" t="15" w="602" /><ent r="7" t="15" w="602" /><ent r="4" t="16" w="110" /><ent r="4" t="16" w="110" /></phr><phr n="global"><ent r="3" t="34" w="292" /><ent r="3" t="34" w="292" /></phr><phr n="Global"><ent r="3" t="34" w="329" /><ent r="3" t="34" w="329" /><ent r="3" t="34" w="533" /><ent r="3" t="34" w="533" /><ent r="92" t="42" w="424" /><ent r="92" t="42" w="424" /></phr></stem><stem n="ball"><phr n="globally"><ent r="7" t="15" w="602" /><ent r="7" t="15" w="602" /><ent r="4" t="16" w="110" /><ent r="4" t="16" w="110" /></phr></stem><stem n="globa"><phr n="globally"><ent r="7" t="15" w="602" /><ent r="7" t="15" w="602" /><ent r="4" t="16" w="110" /><ent r="4" t="16" w="110" /></phr><phr n="global"><ent r="3" t="34" w="292" /><ent r="3" t="34" w="292" /></phr><phr n="Global"><ent r="3" t="34" w="329" /><ent r="3" t="34" w="329" /><ent r="3" t="34" w="533" /><ent r="3" t="34" w="533" /><ent r="92" t="42" w="424" /><ent r="92" t="42" w="424" /></phr></stem><stem n="lobal"><phr n="globally"><ent r="7" t="15" w="602" /><ent r="7" t="15" w="602" /><ent r="4" t="16" w="110" /><ent r="4" t="16" w="110" /></phr><phr n="global"><ent r="3" t="34" w="292" /><ent r="3" t="34" w="292" /></phr><phr n="Global"><ent r="3" t="34" w="329" /><ent r="3" t="34" w="329" /><ent r="3" t="34" w="533" /><ent r="3" t="34" w="533" /><ent r="92" t="42" w="424" /><ent r="92" t="42" w="424" /></phr></stem><stem n="oball"><phr n="globally"><ent r="7" t="15" w="602" /><ent r="7" t="15" w="602" /><ent r="4" t="16" w="110" /><ent r="4" t="16" w="110" /></phr></stem><stem n="bally"><phr n="globally"><ent r="7" t="15" w="602" /><ent r="7" t="15" w="602" /><ent r="4" t="16" w="110" /><ent r="4" t="16" w="110" /></phr></stem><stem n="loball"><phr n="globally"><ent r="7" t="15" w="602" /><ent r="7" t="15" w="602" /><ent r="4" t="16" w="110" /><ent r="4" t="16" w="110" /></phr></stem><stem n="obally"><phr n="globally"><ent r="7" t="15" w="602" /><ent r="7" t="15" w="602" /><ent r="4" t="16" w="110" /><ent r="4" t="16" w="110" /></phr></stem><stem n="globall"><phr n="globally"><ent r="7" t="15" w="602" /><ent r="7" t="15" w="602" /><ent r="4" t="16" w="110" /><ent r="4" t="16" w="110" /></phr></stem><stem n="lobally"><phr n="globally"><ent r="7" t="15" w="602" /><ent r="7" t="15" w="602" /><ent r="4" t="16" w="110" /><ent r="4" t="16" w="110" /></phr></stem><stem n="globally"><phr n="globally"><ent r="7" t="15" w="602" /><ent r="7" t="15" w="602" /><ent r="4" t="16" w="110" /><ent r="4" t="16" w="110" /></phr></stem><stem n="multipl"><phr n="multiple"><ent r="7" t="15" w="660" /><ent r="7" t="15" w="660" /><ent r="7" t="15" w="665" /><ent r="7" t="15" w="665" /><ent r="9" t="16" w="511" /><ent r="9" t="16" w="511" /><ent r="9" t="16" w="547" /><ent r="9" t="16" w="547" /><ent r="9" t="16" w="566" /><ent r="9" t="16" w="566" /><ent r="3" t="27" w="788" /><ent r="3" t="27" w="788" /><ent r="7" t="28" w="259" /><ent r="7" t="28" w="259" /><ent r="3" t="34" w="15" /><ent r="3" t="34" w="15" /><ent r="4" t="34" w="2146" /><ent r="4" t="34" w="2146" /><ent r="3" t="42" w="331" /><ent r="3" t="42" w="331" /></phr></stem><stem n="mult"><phr n="multiple"><ent r="7" t="15" w="660" /><ent r="7" t="15" w="660" /><ent r="7" t="15" w="665" /><ent r="7" t="15" w="665" /><ent r="9" t="16" w="511" /><ent r="9" t="16" w="511" /><ent r="9" t="16" w="547" /><ent r="9" t="16" w="547" /><ent r="9" t="16" w="566" /><ent r="9" t="16" w="566" /><ent r="3" t="27" w="788" /><ent r="3" t="27" w="788" /><ent r="7" t="28" w="259" /><ent r="7" t="28" w="259" /><ent r="3" t="34" w="15" /><ent r="3" t="34" w="15" /><ent r="4" t="34" w="2146" /><ent r="4" t="34" w="2146" /><ent r="3" t="42" w="331" /><ent r="3" t="42" w="331" /></phr></stem><stem n="iple"><phr n="multiple"><ent r="7" t="15" w="660" /><ent r="7" t="15" w="660" /><ent r="7" t="15" w="665" /><ent r="7" t="15" w="665" /><ent r="9" t="16" w="511" /><ent r="9" t="16" w="511" /><ent r="9" t="16" w="547" /><ent r="9" t="16" w="547" /><ent r="9" t="16" w="566" /><ent r="9" t="16" w="566" /><ent r="3" t="27" w="788" /><ent r="3" t="27" w="788" /><ent r="7" t="28" w="259" /><ent r="7" t="28" w="259" /><ent r="3" t="34" w="15" /><ent r="3" t="34" w="15" /><ent r="4" t="34" w="2146" /><ent r="4" t="34" w="2146" /><ent r="3" t="42" w="331" /><ent r="3" t="42" w="331" /></phr></stem><stem n="ulti"><phr n="multiple"><ent r="7" t="15" w="660" /><ent r="7" t="15" w="660" /><ent r="7" t="15" w="665" /><ent r="7" t="15" w="665" /><ent r="9" t="16" w="511" /><ent r="9" t="16" w="511" /><ent r="9" t="16" w="547" /><ent r="9" t="16" w="547" /><ent r="9" t="16" w="566" /><ent r="9" t="16" w="566" /><ent r="3" t="27" w="788" /><ent r="3" t="27" w="788" /><ent r="7" t="28" w="259" /><ent r="7" t="28" w="259" /><ent r="3" t="34" w="15" /><ent r="3" t="34" w="15" /><ent r="4" t="34" w="2146" /><ent r="4" t="34" w="2146" /><ent r="3" t="42" w="331" /><ent r="3" t="42" w="331" /></phr><phr n="resulting"><ent r="4" t="27" w="255" /><ent r="4" t="27" w="255" /></phr></stem><stem n="ltip"><phr n="multiple"><ent r="7" t="15" w="660" /><ent r="7" t="15" w="660" /><ent r="7" t="15" w="665" /><ent r="7" t="15" w="665" /><ent r="9" t="16" w="511" /><ent r="9" t="16" w="511" /><ent r="9" t="16" w="547" /><ent r="9" t="16" w="547" /><ent r="9" t="16" w="566" /><ent r="9" t="16" w="566" /><ent r="3" t="27" w="788" /><ent r="3" t="27" w="788" /><ent r="7" t="28" w="259" /><ent r="7" t="28" w="259" /><ent r="3" t="34" w="15" /><ent r="3" t="34" w="15" /><ent r="4" t="34" w="2146" /><ent r="4" t="34" w="2146" /><ent r="3" t="42" w="331" /><ent r="3" t="42" w="331" /></phr></stem><stem n="tipl"><phr n="multiple"><ent r="7" t="15" w="660" /><ent r="7" t="15" w="660" /><ent r="7" t="15" w="665" /><ent r="7" t="15" w="665" /><ent r="9" t="16" w="511" /><ent r="9" t="16" w="511" /><ent r="9" t="16" w="547" /><ent r="9" t="16" w="547" /><ent r="9" t="16" w="566" /><ent r="9" t="16" w="566" /><ent r="3" t="27" w="788" /><ent r="3" t="27" w="788" /><ent r="7" t="28" w="259" /><ent r="7" t="28" w="259" /><ent r="3" t="34" w="15" /><ent r="3" t="34" w="15" /><ent r="4" t="34" w="2146" /><ent r="4" t="34" w="2146" /><ent r="3" t="42" w="331" /><ent r="3" t="42" w="331" /></phr></stem><stem n="multi"><phr n="multiple"><ent r="7" t="15" w="660" /><ent r="7" t="15" w="660" /><ent r="7" t="15" w="665" /><ent r="7" t="15" w="665" /><ent r="9" t="16" w="511" /><ent r="9" t="16" w="511" /><ent r="9" t="16" w="547" /><ent r="9" t="16" w="547" /><ent r="9" t="16" w="566" /><ent r="9" t="16" w="566" /><ent r="3" t="27" w="788" /><ent r="3" t="27" w="788" /><ent r="7" t="28" w="259" /><ent r="7" t="28" w="259" /><ent r="3" t="34" w="15" /><ent r="3" t="34" w="15" /><ent r="4" t="34" w="2146" /><ent r="4" t="34" w="2146" /><ent r="3" t="42" w="331" /><ent r="3" t="42" w="331" /></phr></stem><stem n="ultip"><phr n="multiple"><ent r="7" t="15" w="660" /><ent r="7" t="15" w="660" /><ent r="7" t="15" w="665" /><ent r="7" t="15" w="665" /><ent r="9" t="16" w="511" /><ent r="9" t="16" w="511" /><ent r="9" t="16" w="547" /><ent r="9" t="16" w="547" /><ent r="9" t="16" w="566" /><ent r="9" t="16" w="566" /><ent r="3" t="27" w="788" /><ent r="3" t="27" w="788" /><ent r="7" t="28" w="259" /><ent r="7" t="28" w="259" /><ent r="3" t="34" w="15" /><ent r="3" t="34" w="15" /><ent r="4" t="34" w="2146" /><ent r="4" t="34" w="2146" /><ent r="3" t="42" w="331" /><ent r="3" t="42" w="331" /></phr></stem><stem n="ltipl"><phr n="multiple"><ent r="7" t="15" w="660" /><ent r="7" t="15" w="660" /><ent r="7" t="15" w="665" /><ent r="7" t="15" w="665" /><ent r="9" t="16" w="511" /><ent r="9" t="16" w="511" /><ent r="9" t="16" w="547" /><ent r="9" t="16" w="547" /><ent r="9" t="16" w="566" /><ent r="9" t="16" w="566" /><ent r="3" t="27" w="788" /><ent r="3" t="27" w="788" /><ent r="7" t="28" w="259" /><ent r="7" t="28" w="259" /><ent r="3" t="34" w="15" /><ent r="3" t="34" w="15" /><ent r="4" t="34" w="2146" /><ent r="4" t="34" w="2146" /><ent r="3" t="42" w="331" /><ent r="3" t="42" w="331" /></phr></stem><stem n="tiple"><phr n="multiple"><ent r="7" t="15" w="660" /><ent r="7" t="15" w="660" /><ent r="7" t="15" w="665" /><ent r="7" t="15" w="665" /><ent r="9" t="16" w="511" /><ent r="9" t="16" w="511" /><ent r="9" t="16" w="547" /><ent r="9" t="16" w="547" /><ent r="9" t="16" w="566" /><ent r="9" t="16" w="566" /><ent r="3" t="27" w="788" /><ent r="3" t="27" w="788" /><ent r="7" t="28" w="259" /><ent r="7" t="28" w="259" /><ent r="3" t="34" w="15" /><ent r="3" t="34" w="15" /><ent r="4" t="34" w="2146" /><ent r="4" t="34" w="2146" /><ent r="3" t="42" w="331" /><ent r="3" t="42" w="331" /></phr></stem><stem n="multip"><phr n="multiple"><ent r="7" t="15" w="660" /><ent r="7" t="15" w="660" /><ent r="7" t="15" w="665" /><ent r="7" t="15" w="665" /><ent r="9" t="16" w="511" /><ent r="9" t="16" w="511" /><ent r="9" t="16" w="547" /><ent r="9" t="16" w="547" /><ent r="9" t="16" w="566" /><ent r="9" t="16" w="566" /><ent r="3" t="27" w="788" /><ent r="3" t="27" w="788" /><ent r="7" t="28" w="259" /><ent r="7" t="28" w="259" /><ent r="3" t="34" w="15" /><ent r="3" t="34" w="15" /><ent r="4" t="34" w="2146" /><ent r="4" t="34" w="2146" /><ent r="3" t="42" w="331" /><ent r="3" t="42" w="331" /></phr></stem><stem n="ultipl"><phr n="multiple"><ent r="7" t="15" w="660" /><ent r="7" t="15" w="660" /><ent r="7" t="15" w="665" /><ent r="7" t="15" w="665" /><ent r="9" t="16" w="511" /><ent r="9" t="16" w="511" /><ent r="9" t="16" w="547" /><ent r="9" t="16" w="547" /><ent r="9" t="16" w="566" /><ent r="9" t="16" w="566" /><ent r="3" t="27" w="788" /><ent r="3" t="27" w="788" /><ent r="7" t="28" w="259" /><ent r="7" t="28" w="259" /><ent r="3" t="34" w="15" /><ent r="3" t="34" w="15" /><ent r="4" t="34" w="2146" /><ent r="4" t="34" w="2146" /><ent r="3" t="42" w="331" /><ent r="3" t="42" w="331" /></phr></stem><stem n="ltiple"><phr n="multiple"><ent r="7" t="15" w="660" /><ent r="7" t="15" w="660" /><ent r="7" t="15" w="665" /><ent r="7" t="15" w="665" /><ent r="9" t="16" w="511" /><ent r="9" t="16" w="511" /><ent r="9" t="16" w="547" /><ent r="9" t="16" w="547" /><ent r="9" t="16" w="566" /><ent r="9" t="16" w="566" /><ent r="3" t="27" w="788" /><ent r="3" t="27" w="788" /><ent r="7" t="28" w="259" /><ent r="7" t="28" w="259" /><ent r="3" t="34" w="15" /><ent r="3" t="34" w="15" /><ent r="4" t="34" w="2146" /><ent r="4" t="34" w="2146" /><ent r="3" t="42" w="331" /><ent r="3" t="42" w="331" /></phr></stem><stem n="ultiple"><phr n="multiple"><ent r="7" t="15" w="660" /><ent r="7" t="15" w="660" /><ent r="7" t="15" w="665" /><ent r="7" t="15" w="665" /><ent r="9" t="16" w="511" /><ent r="9" t="16" w="511" /><ent r="9" t="16" w="547" /><ent r="9" t="16" w="547" /><ent r="9" t="16" w="566" /><ent r="9" t="16" w="566" /><ent r="3" t="27" w="788" /><ent r="3" t="27" w="788" /><ent r="7" t="28" w="259" /><ent r="7" t="28" w="259" /><ent r="3" t="34" w="15" /><ent r="3" t="34" w="15" /><ent r="4" t="34" w="2146" /><ent r="4" t="34" w="2146" /><ent r="3" t="42" w="331" /><ent r="3" t="42" w="331" /></phr></stem><stem n="multiple"><phr n="multiple"><ent r="7" t="15" w="660" /><ent r="7" t="15" w="660" /><ent r="7" t="15" w="665" /><ent r="7" t="15" w="665" /><ent r="9" t="16" w="511" /><ent r="9" t="16" w="511" /><ent r="9" t="16" w="547" /><ent r="9" t="16" w="547" /><ent r="9" t="16" w="566" /><ent r="9" t="16" w="566" /><ent r="3" t="27" w="788" /><ent r="3" t="27" w="788" /><ent r="7" t="28" w="259" /><ent r="7" t="28" w="259" /><ent r="3" t="34" w="15" /><ent r="3" t="34" w="15" /><ent r="4" t="34" w="2146" /><ent r="4" t="34" w="2146" /><ent r="3" t="42" w="331" /><ent r="3" t="42" w="331" /></phr></stem><stem n="least"><phr n="least"><ent r="7" t="15" w="668" /><ent r="7" t="15" w="668" /><ent r="4" t="26" w="284" /><ent r="4" t="26" w="284" /><ent r="8" t="36" w="657" /><ent r="8" t="36" w="657" /></phr></stem><stem n="east"><phr n="least"><ent r="7" t="15" w="668" /><ent r="7" t="15" w="668" /><ent r="4" t="26" w="284" /><ent r="4" t="26" w="284" /><ent r="8" t="36" w="657" /><ent r="8" t="36" w="657" /></phr><phr n="east"><ent r="4" t="34" w="201" /><ent r="4" t="34" w="201" /></phr></stem><stem n="entir"><phr n="entire"><ent r="7" t="15" w="687" /><ent r="7" t="15" w="687" /><ent r="4" t="44" w="100" /><ent r="4" t="44" w="100" /></phr><phr n="entirely"><ent r="7" t="36" w="1049" /><ent r="7" t="36" w="1049" /></phr></stem><stem n="ntir"><phr n="entire"><ent r="7" t="15" w="687" /><ent r="7" t="15" w="687" /><ent r="4" t="44" w="100" /><ent r="4" t="44" w="100" /></phr><phr n="entirely"><ent r="7" t="36" w="1049" /><ent r="7" t="36" w="1049" /></phr></stem><stem n="tire"><phr n="entire"><ent r="7" t="15" w="687" /><ent r="7" t="15" w="687" /><ent r="4" t="44" w="100" /><ent r="4" t="44" w="100" /></phr><phr n="entirely"><ent r="7" t="36" w="1049" /><ent r="7" t="36" w="1049" /></phr></stem><stem n="ntire"><phr n="entire"><ent r="7" t="15" w="687" /><ent r="7" t="15" w="687" /><ent r="4" t="44" w="100" /><ent r="4" t="44" w="100" /></phr><phr n="entirely"><ent r="7" t="36" w="1049" /><ent r="7" t="36" w="1049" /></phr></stem><stem n="entire"><phr n="entire"><ent r="7" t="15" w="687" /><ent r="7" t="15" w="687" /><ent r="4" t="44" w="100" /><ent r="4" t="44" w="100" /></phr><phr n="entirely"><ent r="7" t="36" w="1049" /><ent r="7" t="36" w="1049" /></phr></stem><stem n="words"><phr n="words"><ent r="7" t="15" w="696" /><ent r="3" t="31" w="1478" /></phr></stem><stem n="loses"><phr n="closes"><ent r="4" t="15" w="732" /><ent r="4" t="15" w="732" /></phr></stem><stem n="closes"><phr n="closes"><ent r="4" t="15" w="732" /><ent r="4" t="15" w="732" /></phr></stem><stem n="otify"><phr n="notify"><ent r="3" t="16" w="37" /><ent r="3" t="16" w="37" /><ent r="3" t="31" w="758" /><ent r="3" t="31" w="758" /></phr></stem><stem n="notify"><phr n="notify"><ent r="3" t="16" w="37" /><ent r="3" t="16" w="37" /><ent r="3" t="31" w="758" /><ent r="3" t="31" w="758" /></phr></stem><stem n="relev"><phr n="relevant"><ent r="4" t="16" w="85" /><ent r="4" t="16" w="85" /><ent r="5" t="36" w="1243" /><ent r="5" t="36" w="1243" /><ent r="3" t="39" w="63" /><ent r="3" t="39" w="63" /></phr><phr n="Relevant"><ent r="5" t="26" w="392" /><ent r="5" t="26" w="392" /></phr></stem><stem n="rele"><phr n="relevant"><ent r="4" t="16" w="85" /><ent r="4" t="16" w="85" /><ent r="5" t="36" w="1243" /><ent r="5" t="36" w="1243" /><ent r="3" t="39" w="63" /><ent r="3" t="39" w="63" /></phr><phr n="Relevant"><ent r="5" t="26" w="392" /><ent r="5" t="26" w="392" /></phr></stem><stem n="vant"><phr n="relevant"><ent r="4" t="16" w="85" /><ent r="4" t="16" w="85" /><ent r="5" t="36" w="1243" /><ent r="5" t="36" w="1243" /><ent r="3" t="39" w="63" /><ent r="3" t="39" w="63" /></phr><phr n="Relevant"><ent r="5" t="26" w="392" /><ent r="5" t="26" w="392" /></phr></stem><stem n="elev"><phr n="relevant"><ent r="4" t="16" w="85" /><ent r="4" t="16" w="85" /><ent r="5" t="36" w="1243" /><ent r="5" t="36" w="1243" /><ent r="3" t="39" w="63" /><ent r="3" t="39" w="63" /></phr><phr n="Relevant"><ent r="5" t="26" w="392" /><ent r="5" t="26" w="392" /></phr></stem><stem n="leva"><phr n="relevant"><ent r="4" t="16" w="85" /><ent r="4" t="16" w="85" /><ent r="5" t="36" w="1243" /><ent r="5" t="36" w="1243" /><ent r="3" t="39" w="63" /><ent r="3" t="39" w="63" /></phr><phr n="Relevant"><ent r="5" t="26" w="392" /><ent r="5" t="26" w="392" /></phr></stem><stem n="evan"><phr n="relevant"><ent r="4" t="16" w="85" /><ent r="4" t="16" w="85" /><ent r="5" t="36" w="1243" /><ent r="5" t="36" w="1243" /><ent r="3" t="39" w="63" /><ent r="3" t="39" w="63" /></phr><phr n="Relevant"><ent r="5" t="26" w="392" /><ent r="5" t="26" w="392" /></phr></stem><stem n="eleva"><phr n="relevant"><ent r="4" t="16" w="85" /><ent r="4" t="16" w="85" /><ent r="5" t="36" w="1243" /><ent r="5" t="36" w="1243" /><ent r="3" t="39" w="63" /><ent r="3" t="39" w="63" /></phr><phr n="Relevant"><ent r="5" t="26" w="392" /><ent r="5" t="26" w="392" /></phr></stem><stem n="levan"><phr n="relevant"><ent r="4" t="16" w="85" /><ent r="4" t="16" w="85" /><ent r="5" t="36" w="1243" /><ent r="5" t="36" w="1243" /><ent r="3" t="39" w="63" /><ent r="3" t="39" w="63" /></phr><phr n="Relevant"><ent r="5" t="26" w="392" /><ent r="5" t="26" w="392" /></phr></stem><stem n="evant"><phr n="relevant"><ent r="4" t="16" w="85" /><ent r="4" t="16" w="85" /><ent r="5" t="36" w="1243" /><ent r="5" t="36" w="1243" /><ent r="3" t="39" w="63" /><ent r="3" t="39" w="63" /></phr><phr n="Relevant"><ent r="5" t="26" w="392" /><ent r="5" t="26" w="392" /></phr></stem><stem n="releva"><phr n="relevant"><ent r="4" t="16" w="85" /><ent r="4" t="16" w="85" /><ent r="5" t="36" w="1243" /><ent r="5" t="36" w="1243" /><ent r="3" t="39" w="63" /><ent r="3" t="39" w="63" /></phr><phr n="Relevant"><ent r="5" t="26" w="392" /><ent r="5" t="26" w="392" /></phr></stem><stem n="elevan"><phr n="relevant"><ent r="4" t="16" w="85" /><ent r="4" t="16" w="85" /><ent r="5" t="36" w="1243" /><ent r="5" t="36" w="1243" /><ent r="3" t="39" w="63" /><ent r="3" t="39" w="63" /></phr><phr n="Relevant"><ent r="5" t="26" w="392" /><ent r="5" t="26" w="392" /></phr></stem><stem n="levant"><phr n="relevant"><ent r="4" t="16" w="85" /><ent r="4" t="16" w="85" /><ent r="5" t="36" w="1243" /><ent r="5" t="36" w="1243" /><ent r="3" t="39" w="63" /><ent r="3" t="39" w="63" /></phr><phr n="Relevant"><ent r="5" t="26" w="392" /><ent r="5" t="26" w="392" /></phr></stem><stem n="relevan"><phr n="relevant"><ent r="4" t="16" w="85" /><ent r="4" t="16" w="85" /><ent r="5" t="36" w="1243" /><ent r="5" t="36" w="1243" /><ent r="3" t="39" w="63" /><ent r="3" t="39" w="63" /></phr><phr n="Relevant"><ent r="5" t="26" w="392" /><ent r="5" t="26" w="392" /></phr></stem><stem n="elevant"><phr n="relevant"><ent r="4" t="16" w="85" /><ent r="4" t="16" w="85" /><ent r="5" t="36" w="1243" /><ent r="5" t="36" w="1243" /><ent r="3" t="39" w="63" /><ent r="3" t="39" w="63" /></phr><phr n="Relevant"><ent r="5" t="26" w="392" /><ent r="5" t="26" w="392" /></phr></stem><stem n="relevant"><phr n="relevant"><ent r="4" t="16" w="85" /><ent r="4" t="16" w="85" /><ent r="5" t="36" w="1243" /><ent r="5" t="36" w="1243" /><ent r="3" t="39" w="63" /><ent r="3" t="39" w="63" /></phr><phr n="Relevant"><ent r="5" t="26" w="392" /><ent r="5" t="26" w="392" /></phr></stem><stem n="chosen"><phr n="chosen"><ent r="4" t="16" w="92" /><ent r="4" t="16" w="318" /><ent r="4" t="27" w="673" /><ent r="7" t="36" w="873" /><ent r="7" t="36" w="873" /><ent r="7" t="36" w="1150" /><ent r="6" t="36" w="1540" /><ent r="6" t="36" w="1540" /></phr></stem><stem n="chos"><phr n="chosen"><ent r="4" t="16" w="92" /><ent r="4" t="16" w="318" /><ent r="4" t="27" w="673" /><ent r="7" t="36" w="873" /><ent r="7" t="36" w="873" /><ent r="7" t="36" w="1150" /><ent r="6" t="36" w="1540" /><ent r="6" t="36" w="1540" /></phr></stem><stem n="hose"><phr n="chosen"><ent r="4" t="16" w="92" /><ent r="4" t="16" w="318" /><ent r="4" t="27" w="673" /><ent r="7" t="36" w="873" /><ent r="7" t="36" w="873" /><ent r="7" t="36" w="1150" /><ent r="6" t="36" w="1540" /><ent r="6" t="36" w="1540" /></phr><phr n="whose"><ent r="4" t="25" w="76" /><ent r="4" t="25" w="76" /></phr><phr n="those"><ent r="3" t="27" w="63" /><ent r="3" t="27" w="63" /><ent r="4" t="27" w="265" /><ent r="4" t="27" w="265" /></phr></stem><stem n="osen"><phr n="chosen"><ent r="4" t="16" w="92" /><ent r="4" t="16" w="318" /><ent r="4" t="27" w="673" /><ent r="7" t="36" w="873" /><ent r="7" t="36" w="873" /><ent r="7" t="36" w="1150" /><ent r="6" t="36" w="1540" /><ent r="6" t="36" w="1540" /></phr></stem><stem n="chose"><phr n="chosen"><ent r="4" t="16" w="92" /><ent r="4" t="16" w="318" /><ent r="4" t="27" w="673" /><ent r="7" t="36" w="873" /><ent r="7" t="36" w="873" /><ent r="7" t="36" w="1150" /><ent r="6" t="36" w="1540" /><ent r="6" t="36" w="1540" /></phr></stem><stem n="hosen"><phr n="chosen"><ent r="4" t="16" w="92" /><ent r="4" t="16" w="318" /><ent r="4" t="27" w="673" /><ent r="7" t="36" w="873" /><ent r="7" t="36" w="873" /><ent r="7" t="36" w="1150" /><ent r="6" t="36" w="1540" /><ent r="6" t="36" w="1540" /></phr></stem></index>