<?xml version="1.0" encoding="utf-8"?><index><stem n="layi"><phr n="displaying"><ent r="3" t="32" w="180" /><ent r="3" t="32" w="180" /><ent r="4" t="34" w="2222" /><ent r="4" t="34" w="2222" /></phr></stem><stem n="ayin"><phr n="displaying"><ent r="3" t="32" w="180" /><ent r="3" t="32" w="180" /><ent r="4" t="34" w="2222" /><ent r="4" t="34" w="2222" /></phr></stem><stem n="aying"><phr n="displaying"><ent r="3" t="32" w="180" /><ent r="3" t="32" w="180" /><ent r="4" t="34" w="2222" /><ent r="4" t="34" w="2222" /></phr></stem><stem n="playi"><phr n="displaying"><ent r="3" t="32" w="180" /><ent r="3" t="32" w="180" /><ent r="4" t="34" w="2222" /><ent r="4" t="34" w="2222" /></phr></stem><stem n="layin"><phr n="displaying"><ent r="3" t="32" w="180" /><ent r="3" t="32" w="180" /><ent r="4" t="34" w="2222" /><ent r="4" t="34" w="2222" /></phr></stem><stem n="splayi"><phr n="displaying"><ent r="3" t="32" w="180" /><ent r="3" t="32" w="180" /><ent r="4" t="34" w="2222" /><ent r="4" t="34" w="2222" /></phr></stem><stem n="playin"><phr n="displaying"><ent r="3" t="32" w="180" /><ent r="3" t="32" w="180" /><ent r="4" t="34" w="2222" /><ent r="4" t="34" w="2222" /></phr></stem><stem n="laying"><phr n="displaying"><ent r="3" t="32" w="180" /><ent r="3" t="32" w="180" /><ent r="4" t="34" w="2222" /><ent r="4" t="34" w="2222" /></phr></stem><stem n="isplayi"><phr n="displaying"><ent r="3" t="32" w="180" /><ent r="3" t="32" w="180" /><ent r="4" t="34" w="2222" /><ent r="4" t="34" w="2222" /></phr></stem><stem n="splayin"><phr n="displaying"><ent r="3" t="32" w="180" /><ent r="3" t="32" w="180" /><ent r="4" t="34" w="2222" /><ent r="4" t="34" w="2222" /></phr></stem><stem n="playing"><phr n="displaying"><ent r="3" t="32" w="180" /><ent r="3" t="32" w="180" /><ent r="4" t="34" w="2222" /><ent r="4" t="34" w="2222" /></phr></stem><stem n="displayi"><phr n="displaying"><ent r="3" t="32" w="180" /><ent r="3" t="32" w="180" /><ent r="4" t="34" w="2222" /><ent r="4" t="34" w="2222" /></phr></stem><stem n="isplayin"><phr n="displaying"><ent r="3" t="32" w="180" /><ent r="3" t="32" w="180" /><ent r="4" t="34" w="2222" /><ent r="4" t="34" w="2222" /></phr></stem><stem n="splaying"><phr n="displaying"><ent r="3" t="32" w="180" /><ent r="3" t="32" w="180" /><ent r="4" t="34" w="2222" /><ent r="4" t="34" w="2222" /></phr></stem><stem n="displayin"><phr n="displaying"><ent r="3" t="32" w="180" /><ent r="3" t="32" w="180" /><ent r="4" t="34" w="2222" /><ent r="4" t="34" w="2222" /></phr></stem><stem n="isplaying"><phr n="displaying"><ent r="3" t="32" w="180" /><ent r="3" t="32" w="180" /><ent r="4" t="34" w="2222" /><ent r="4" t="34" w="2222" /></phr></stem><stem n="displaying"><phr n="displaying"><ent r="3" t="32" w="180" /><ent r="3" t="32" w="180" /><ent r="4" t="34" w="2222" /><ent r="4" t="34" w="2222" /></phr></stem><stem n="eates"><phr n="Creates"><ent r="6" t="32" w="196" /><ent r="6" t="32" w="196" /><ent r="6" t="43" w="67" /><ent r="6" t="43" w="67" /></phr></stem><stem n="reates"><phr n="Creates"><ent r="6" t="32" w="196" /><ent r="6" t="32" w="196" /><ent r="6" t="43" w="67" /><ent r="6" t="43" w="67" /></phr></stem><stem n="creates"><phr n="Creates"><ent r="6" t="32" w="196" /><ent r="6" t="32" w="196" /><ent r="6" t="43" w="67" /><ent r="6" t="43" w="67" /></phr></stem><stem n="reposit"><phr n="reposition"><ent r="6" t="32" w="264" /><ent r="6" t="32" w="264" /></phr></stem><stem n="epos"><phr n="reposition"><ent r="6" t="32" w="264" /><ent r="6" t="32" w="264" /></phr></stem><stem n="repos"><phr n="reposition"><ent r="6" t="32" w="264" /><ent r="6" t="32" w="264" /></phr></stem><stem n="eposi"><phr n="reposition"><ent r="6" t="32" w="264" /><ent r="6" t="32" w="264" /></phr></stem><stem n="reposi"><phr n="reposition"><ent r="6" t="32" w="264" /><ent r="6" t="32" w="264" /></phr></stem><stem n="eposit"><phr n="reposition"><ent r="6" t="32" w="264" /><ent r="6" t="32" w="264" /></phr></stem><stem n="epositi"><phr n="reposition"><ent r="6" t="32" w="264" /><ent r="6" t="32" w="264" /></phr></stem><stem n="repositi"><phr n="reposition"><ent r="6" t="32" w="264" /><ent r="6" t="32" w="264" /></phr></stem><stem n="epositio"><phr n="reposition"><ent r="6" t="32" w="264" /><ent r="6" t="32" w="264" /></phr></stem><stem n="repositio"><phr n="reposition"><ent r="6" t="32" w="264" /><ent r="6" t="32" w="264" /></phr></stem><stem n="eposition"><phr n="reposition"><ent r="6" t="32" w="264" /><ent r="6" t="32" w="264" /></phr></stem><stem n="reposition"><phr n="reposition"><ent r="6" t="32" w="264" /><ent r="6" t="32" w="264" /></phr></stem><stem n="cleanup"><phr n="cleanup"><ent r="6" t="32" w="320" /><ent r="6" t="32" w="320" /></phr></stem><stem n="lean"><phr n="cleanup"><ent r="6" t="32" w="320" /><ent r="6" t="32" w="320" /></phr></stem><stem n="eanu"><phr n="cleanup"><ent r="6" t="32" w="320" /><ent r="6" t="32" w="320" /></phr></stem><stem n="anup"><phr n="cleanup"><ent r="6" t="32" w="320" /><ent r="6" t="32" w="320" /></phr></stem><stem n="clean"><phr n="cleanup"><ent r="6" t="32" w="320" /><ent r="6" t="32" w="320" /></phr></stem><stem n="leanu"><phr n="cleanup"><ent r="6" t="32" w="320" /><ent r="6" t="32" w="320" /></phr></stem><stem n="eanup"><phr n="cleanup"><ent r="6" t="32" w="320" /><ent r="6" t="32" w="320" /></phr></stem><stem n="cleanu"><phr n="cleanup"><ent r="6" t="32" w="320" /><ent r="6" t="32" w="320" /></phr></stem><stem n="leanup"><phr n="cleanup"><ent r="6" t="32" w="320" /><ent r="6" t="32" w="320" /></phr></stem><stem n="ptin"><phr n="attempting"><ent r="6" t="32" w="323" /><ent r="6" t="32" w="323" /></phr></stem><stem n="pting"><phr n="attempting"><ent r="6" t="32" w="323" /><ent r="6" t="32" w="323" /></phr></stem><stem n="mptin"><phr n="attempting"><ent r="6" t="32" w="323" /><ent r="6" t="32" w="323" /></phr></stem><stem n="tempti"><phr n="attempting"><ent r="6" t="32" w="323" /><ent r="6" t="32" w="323" /></phr></stem><stem n="emptin"><phr n="attempting"><ent r="6" t="32" w="323" /><ent r="6" t="32" w="323" /></phr></stem><stem n="mpting"><phr n="attempting"><ent r="6" t="32" w="323" /><ent r="6" t="32" w="323" /></phr></stem><stem n="ttempti"><phr n="attempting"><ent r="6" t="32" w="323" /><ent r="6" t="32" w="323" /></phr></stem><stem n="temptin"><phr n="attempting"><ent r="6" t="32" w="323" /><ent r="6" t="32" w="323" /></phr></stem><stem n="empting"><phr n="attempting"><ent r="6" t="32" w="323" /><ent r="6" t="32" w="323" /></phr></stem><stem n="attempti"><phr n="attempting"><ent r="6" t="32" w="323" /><ent r="6" t="32" w="323" /></phr></stem><stem n="ttemptin"><phr n="attempting"><ent r="6" t="32" w="323" /><ent r="6" t="32" w="323" /></phr></stem><stem n="tempting"><phr n="attempting"><ent r="6" t="32" w="323" /><ent r="6" t="32" w="323" /></phr></stem><stem n="attemptin"><phr n="attempting"><ent r="6" t="32" w="323" /><ent r="6" t="32" w="323" /></phr></stem><stem n="ttempting"><phr n="attempting"><ent r="6" t="32" w="323" /><ent r="6" t="32" w="323" /></phr></stem><stem n="attempting"><phr n="attempting"><ent r="6" t="32" w="323" /><ent r="6" t="32" w="323" /></phr></stem><stem n="xcludi"><phr n="excluding"><ent r="7" t="32" w="407" /><ent r="7" t="32" w="407" /></phr></stem><stem n="excludi"><phr n="excluding"><ent r="7" t="32" w="407" /><ent r="7" t="32" w="407" /></phr></stem><stem n="xcludin"><phr n="excluding"><ent r="7" t="32" w="407" /><ent r="7" t="32" w="407" /></phr></stem><stem n="excludin"><phr n="excluding"><ent r="7" t="32" w="407" /><ent r="7" t="32" w="407" /></phr></stem><stem n="xcluding"><phr n="excluding"><ent r="7" t="32" w="407" /><ent r="7" t="32" w="407" /></phr></stem><stem n="excluding"><phr n="excluding"><ent r="7" t="32" w="407" /><ent r="7" t="32" w="407" /></phr></stem><stem n="enamed"><phr n="renamed"><ent r="7" t="32" w="451" /></phr></stem><stem n="renamed"><phr n="renamed"><ent r="7" t="32" w="451" /></phr></stem><stem n="omes"><phr n="becomes"><ent r="7" t="32" w="489" /><ent r="7" t="32" w="489" /></phr></stem><stem n="comes"><phr n="becomes"><ent r="7" t="32" w="489" /><ent r="7" t="32" w="489" /></phr></stem><stem n="ecomes"><phr n="becomes"><ent r="7" t="32" w="489" /><ent r="7" t="32" w="489" /></phr></stem><stem n="becomes"><phr n="becomes"><ent r="7" t="32" w="489" /><ent r="7" t="32" w="489" /></phr></stem><stem n="xists"><phr n="exists"><ent r="6" t="32" w="569" /><ent r="3" t="34" w="911" /><ent r="3" t="34" w="911" /><ent r="3" t="34" w="926" /><ent r="3" t="34" w="926" /><ent r="4" t="34" w="1452" /><ent r="4" t="34" w="1452" /><ent r="4" t="34" w="1554" /><ent r="4" t="34" w="1554" /><ent r="3" t="34" w="1592" /><ent r="3" t="34" w="1592" /></phr></stem><stem n="exists"><phr n="exists"><ent r="6" t="32" w="569" /><ent r="3" t="34" w="911" /><ent r="3" t="34" w="911" /><ent r="3" t="34" w="926" /><ent r="3" t="34" w="926" /><ent r="4" t="34" w="1452" /><ent r="4" t="34" w="1452" /><ent r="4" t="34" w="1554" /><ent r="4" t="34" w="1554" /><ent r="3" t="34" w="1592" /><ent r="3" t="34" w="1592" /></phr></stem><stem n="tops"><phr n="Stops"><ent r="6" t="32" w="715" /><ent r="6" t="32" w="715" /></phr></stem><stem n="stops"><phr n="Stops"><ent r="6" t="32" w="715" /><ent r="6" t="32" w="715" /></phr></stem><stem n="non-offlin"><phr n="non-offline"><ent r="6" t="32" w="787" /><ent r="6" t="32" w="787" /></phr></stem><stem n="non-"><phr n="non-offline"><ent r="6" t="32" w="787" /><ent r="6" t="32" w="787" /></phr><phr n="non-default"><ent r="3" t="34" w="539" /><ent r="3" t="34" w="539" /><ent r="3" t="34" w="546" /><ent r="3" t="34" w="546" /></phr><phr n="Non-administrator"><ent r="3" t="36" w="1492" /><ent r="3" t="36" w="1492" /></phr><phr n="non-administrative"><ent r="6" t="44" w="498" /><ent r="6" t="44" w="498" /></phr></stem><stem n="on-o"><phr n="non-offline"><ent r="6" t="32" w="787" /><ent r="6" t="32" w="787" /></phr></stem><stem n="n-of"><phr n="non-offline"><ent r="6" t="32" w="787" /><ent r="6" t="32" w="787" /></phr></stem><stem n="-off"><phr n="non-offline"><ent r="6" t="32" w="787" /><ent r="6" t="32" w="787" /></phr></stem><stem n="non-o"><phr n="non-offline"><ent r="6" t="32" w="787" /><ent r="6" t="32" w="787" /></phr></stem><stem n="on-of"><phr n="non-offline"><ent r="6" t="32" w="787" /><ent r="6" t="32" w="787" /></phr></stem><stem n="n-off"><phr n="non-offline"><ent r="6" t="32" w="787" /><ent r="6" t="32" w="787" /></phr></stem><stem n="-offl"><phr n="non-offline"><ent r="6" t="32" w="787" /><ent r="6" t="32" w="787" /></phr></stem><stem n="non-of"><phr n="non-offline"><ent r="6" t="32" w="787" /><ent r="6" t="32" w="787" /></phr></stem><stem n="on-off"><phr n="non-offline"><ent r="6" t="32" w="787" /><ent r="6" t="32" w="787" /></phr></stem><stem n="n-offl"><phr n="non-offline"><ent r="6" t="32" w="787" /><ent r="6" t="32" w="787" /></phr></stem><stem n="-offli"><phr n="non-offline"><ent r="6" t="32" w="787" /><ent r="6" t="32" w="787" /></phr></stem><stem n="non-off"><phr n="non-offline"><ent r="6" t="32" w="787" /><ent r="6" t="32" w="787" /></phr></stem><stem n="on-offl"><phr n="non-offline"><ent r="6" t="32" w="787" /><ent r="6" t="32" w="787" /></phr></stem><stem n="n-offli"><phr n="non-offline"><ent r="6" t="32" w="787" /><ent r="6" t="32" w="787" /></phr></stem><stem n="-offlin"><phr n="non-offline"><ent r="6" t="32" w="787" /><ent r="6" t="32" w="787" /></phr></stem><stem n="non-offl"><phr n="non-offline"><ent r="6" t="32" w="787" /><ent r="6" t="32" w="787" /></phr></stem><stem n="on-offli"><phr n="non-offline"><ent r="6" t="32" w="787" /><ent r="6" t="32" w="787" /></phr></stem><stem n="n-offlin"><phr n="non-offline"><ent r="6" t="32" w="787" /><ent r="6" t="32" w="787" /></phr></stem><stem n="-offline"><phr n="non-offline"><ent r="6" t="32" w="787" /><ent r="6" t="32" w="787" /></phr></stem><stem n="non-offli"><phr n="non-offline"><ent r="6" t="32" w="787" /><ent r="6" t="32" w="787" /></phr></stem><stem n="on-offlin"><phr n="non-offline"><ent r="6" t="32" w="787" /><ent r="6" t="32" w="787" /></phr></stem><stem n="n-offline"><phr n="non-offline"><ent r="6" t="32" w="787" /><ent r="6" t="32" w="787" /></phr></stem><stem n="on-offline"><phr n="non-offline"><ent r="6" t="32" w="787" /><ent r="6" t="32" w="787" /></phr></stem><stem n="non-offline"><phr n="non-offline"><ent r="6" t="32" w="787" /><ent r="6" t="32" w="787" /></phr></stem><stem n="fragment"><phr n="fragments"><ent r="3" t="34" w="33" /><ent r="3" t="34" w="33" /><ent r="4" t="34" w="260" /><ent r="4" t="34" w="260" /><ent r="4" t="34" w="264" /><ent r="4" t="34" w="264" /></phr><phr n="fragment"><ent r="4" t="34" w="1745" /><ent r="4" t="34" w="1745" /><ent r="3" t="34" w="1802" /><ent r="3" t="34" w="1802" /></phr></stem><stem n="frag"><phr n="fragments"><ent r="3" t="34" w="33" /><ent r="3" t="34" w="33" /><ent r="4" t="34" w="260" /><ent r="4" t="34" w="260" /><ent r="4" t="34" w="264" /><ent r="4" t="34" w="264" /></phr><phr n="fragment"><ent r="4" t="34" w="1745" /><ent r="4" t="34" w="1745" /><ent r="3" t="34" w="1802" /><ent r="3" t="34" w="1802" /></phr></stem><stem n="ragm"><phr n="fragments"><ent r="3" t="34" w="33" /><ent r="3" t="34" w="33" /><ent r="4" t="34" w="260" /><ent r="4" t="34" w="260" /><ent r="4" t="34" w="264" /><ent r="4" t="34" w="264" /></phr><phr n="fragment"><ent r="4" t="34" w="1745" /><ent r="4" t="34" w="1745" /><ent r="3" t="34" w="1802" /><ent r="3" t="34" w="1802" /></phr></stem><stem n="agme"><phr n="fragments"><ent r="3" t="34" w="33" /><ent r="3" t="34" w="33" /><ent r="4" t="34" w="260" /><ent r="4" t="34" w="260" /><ent r="4" t="34" w="264" /><ent r="4" t="34" w="264" /></phr><phr n="fragment"><ent r="4" t="34" w="1745" /><ent r="4" t="34" w="1745" /><ent r="3" t="34" w="1802" /><ent r="3" t="34" w="1802" /></phr></stem><stem n="gmen"><phr n="fragments"><ent r="3" t="34" w="33" /><ent r="3" t="34" w="33" /><ent r="4" t="34" w="260" /><ent r="4" t="34" w="260" /><ent r="4" t="34" w="264" /><ent r="4" t="34" w="264" /></phr><phr n="fragment"><ent r="4" t="34" w="1745" /><ent r="4" t="34" w="1745" /><ent r="3" t="34" w="1802" /><ent r="3" t="34" w="1802" /></phr></stem><stem n="fragm"><phr n="fragments"><ent r="3" t="34" w="33" /><ent r="3" t="34" w="33" /><ent r="4" t="34" w="260" /><ent r="4" t="34" w="260" /><ent r="4" t="34" w="264" /><ent r="4" t="34" w="264" /></phr><phr n="fragment"><ent r="4" t="34" w="1745" /><ent r="4" t="34" w="1745" /><ent r="3" t="34" w="1802" /><ent r="3" t="34" w="1802" /></phr></stem><stem n="ragme"><phr n="fragments"><ent r="3" t="34" w="33" /><ent r="3" t="34" w="33" /><ent r="4" t="34" w="260" /><ent r="4" t="34" w="260" /><ent r="4" t="34" w="264" /><ent r="4" t="34" w="264" /></phr><phr n="fragment"><ent r="4" t="34" w="1745" /><ent r="4" t="34" w="1745" /><ent r="3" t="34" w="1802" /><ent r="3" t="34" w="1802" /></phr></stem><stem n="agmen"><phr n="fragments"><ent r="3" t="34" w="33" /><ent r="3" t="34" w="33" /><ent r="4" t="34" w="260" /><ent r="4" t="34" w="260" /><ent r="4" t="34" w="264" /><ent r="4" t="34" w="264" /></phr><phr n="fragment"><ent r="4" t="34" w="1745" /><ent r="4" t="34" w="1745" /><ent r="3" t="34" w="1802" /><ent r="3" t="34" w="1802" /></phr></stem><stem n="gment"><phr n="fragments"><ent r="3" t="34" w="33" /><ent r="3" t="34" w="33" /><ent r="4" t="34" w="260" /><ent r="4" t="34" w="260" /><ent r="4" t="34" w="264" /><ent r="4" t="34" w="264" /></phr><phr n="fragment"><ent r="4" t="34" w="1745" /><ent r="4" t="34" w="1745" /><ent r="3" t="34" w="1802" /><ent r="3" t="34" w="1802" /></phr></stem><stem n="fragme"><phr n="fragments"><ent r="3" t="34" w="33" /><ent r="3" t="34" w="33" /><ent r="4" t="34" w="260" /><ent r="4" t="34" w="260" /><ent r="4" t="34" w="264" /><ent r="4" t="34" w="264" /></phr><phr n="fragment"><ent r="4" t="34" w="1745" /><ent r="4" t="34" w="1745" /><ent r="3" t="34" w="1802" /><ent r="3" t="34" w="1802" /></phr></stem><stem n="ragmen"><phr n="fragments"><ent r="3" t="34" w="33" /><ent r="3" t="34" w="33" /><ent r="4" t="34" w="260" /><ent r="4" t="34" w="260" /><ent r="4" t="34" w="264" /><ent r="4" t="34" w="264" /></phr><phr n="fragment"><ent r="4" t="34" w="1745" /><ent r="4" t="34" w="1745" /><ent r="3" t="34" w="1802" /><ent r="3" t="34" w="1802" /></phr></stem><stem n="agment"><phr n="fragments"><ent r="3" t="34" w="33" /><ent r="3" t="34" w="33" /><ent r="4" t="34" w="260" /><ent r="4" t="34" w="260" /><ent r="4" t="34" w="264" /><ent r="4" t="34" w="264" /></phr><phr n="fragment"><ent r="4" t="34" w="1745" /><ent r="4" t="34" w="1745" /><ent r="3" t="34" w="1802" /><ent r="3" t="34" w="1802" /></phr></stem><stem n="gments"><phr n="fragments"><ent r="3" t="34" w="33" /><ent r="3" t="34" w="33" /><ent r="4" t="34" w="260" /><ent r="4" t="34" w="260" /><ent r="4" t="34" w="264" /><ent r="4" t="34" w="264" /></phr></stem><stem n="fragmen"><phr n="fragments"><ent r="3" t="34" w="33" /><ent r="3" t="34" w="33" /><ent r="4" t="34" w="260" /><ent r="4" t="34" w="260" /><ent r="4" t="34" w="264" /><ent r="4" t="34" w="264" /></phr><phr n="fragment"><ent r="4" t="34" w="1745" /><ent r="4" t="34" w="1745" /><ent r="3" t="34" w="1802" /><ent r="3" t="34" w="1802" /></phr></stem><stem n="ragment"><phr n="fragments"><ent r="3" t="34" w="33" /><ent r="3" t="34" w="33" /><ent r="4" t="34" w="260" /><ent r="4" t="34" w="260" /><ent r="4" t="34" w="264" /><ent r="4" t="34" w="264" /></phr><phr n="fragment"><ent r="4" t="34" w="1745" /><ent r="4" t="34" w="1745" /><ent r="3" t="34" w="1802" /><ent r="3" t="34" w="1802" /></phr></stem><stem n="agments"><phr n="fragments"><ent r="3" t="34" w="33" /><ent r="3" t="34" w="33" /><ent r="4" t="34" w="260" /><ent r="4" t="34" w="260" /><ent r="4" t="34" w="264" /><ent r="4" t="34" w="264" /></phr></stem><stem n="ragments"><phr n="fragments"><ent r="3" t="34" w="33" /><ent r="3" t="34" w="33" /><ent r="4" t="34" w="260" /><ent r="4" t="34" w="260" /><ent r="4" t="34" w="264" /><ent r="4" t="34" w="264" /></phr></stem><stem n="fragments"><phr n="fragments"><ent r="3" t="34" w="33" /><ent r="3" t="34" w="33" /><ent r="4" t="34" w="260" /><ent r="4" t="34" w="260" /><ent r="4" t="34" w="264" /><ent r="4" t="34" w="264" /></phr></stem><stem n="transfer"><phr n="transferred"><ent r="3" t="34" w="50" /><ent r="3" t="34" w="50" /></phr></stem><stem n="tran"><phr n="transferred"><ent r="3" t="34" w="50" /><ent r="3" t="34" w="50" /></phr></stem><stem n="sfer"><phr n="transferred"><ent r="3" t="34" w="50" /><ent r="3" t="34" w="50" /></phr></stem><stem n="rans"><phr n="transferred"><ent r="3" t="34" w="50" /><ent r="3" t="34" w="50" /></phr></stem><stem n="ferr"><phr n="transferred"><ent r="3" t="34" w="50" /><ent r="3" t="34" w="50" /></phr><phr n="preferred"><ent r="6" t="41" w="172" /><ent r="6" t="41" w="172" /><ent r="6" t="41" w="207" /><ent r="6" t="41" w="207" /></phr></stem><stem n="ansf"><phr n="transferred"><ent r="3" t="34" w="50" /><ent r="3" t="34" w="50" /></phr></stem><stem n="erre"><phr n="transferred"><ent r="3" t="34" w="50" /><ent r="3" t="34" w="50" /></phr><phr n="preferred"><ent r="6" t="41" w="172" /><ent r="6" t="41" w="172" /><ent r="6" t="41" w="207" /><ent r="6" t="41" w="207" /></phr></stem><stem n="nsfe"><phr n="transferred"><ent r="3" t="34" w="50" /><ent r="3" t="34" w="50" /></phr></stem><stem n="trans"><phr n="transferred"><ent r="3" t="34" w="50" /><ent r="3" t="34" w="50" /></phr></stem><stem n="ferre"><phr n="transferred"><ent r="3" t="34" w="50" /><ent r="3" t="34" w="50" /></phr><phr n="preferred"><ent r="6" t="41" w="172" /><ent r="6" t="41" w="172" /><ent r="6" t="41" w="207" /><ent r="6" t="41" w="207" /></phr></stem><stem n="ransf"><phr n="transferred"><ent r="3" t="34" w="50" /><ent r="3" t="34" w="50" /></phr></stem><stem n="erred"><phr n="transferred"><ent r="3" t="34" w="50" /><ent r="3" t="34" w="50" /></phr><phr n="preferred"><ent r="6" t="41" w="172" /><ent r="6" t="41" w="172" /><ent r="6" t="41" w="207" /><ent r="6" t="41" w="207" /></phr></stem><stem n="ansfe"><phr n="transferred"><ent r="3" t="34" w="50" /><ent r="3" t="34" w="50" /></phr></stem><stem n="nsfer"><phr n="transferred"><ent r="3" t="34" w="50" /><ent r="3" t="34" w="50" /></phr></stem><stem n="sferr"><phr n="transferred"><ent r="3" t="34" w="50" /><ent r="3" t="34" w="50" /></phr></stem><stem n="transf"><phr n="transferred"><ent r="3" t="34" w="50" /><ent r="3" t="34" w="50" /></phr></stem><stem n="ransfe"><phr n="transferred"><ent r="3" t="34" w="50" /><ent r="3" t="34" w="50" /></phr></stem><stem n="ansfer"><phr n="transferred"><ent r="3" t="34" w="50" /><ent r="3" t="34" w="50" /></phr></stem><stem n="nsferr"><phr n="transferred"><ent r="3" t="34" w="50" /><ent r="3" t="34" w="50" /></phr></stem><stem n="sferre"><phr n="transferred"><ent r="3" t="34" w="50" /><ent r="3" t="34" w="50" /></phr></stem><stem n="ferred"><phr n="transferred"><ent r="3" t="34" w="50" /><ent r="3" t="34" w="50" /></phr><phr n="preferred"><ent r="6" t="41" w="172" /><ent r="6" t="41" w="172" /><ent r="6" t="41" w="207" /><ent r="6" t="41" w="207" /></phr></stem><stem n="transfe"><phr n="transferred"><ent r="3" t="34" w="50" /><ent r="3" t="34" w="50" /></phr></stem><stem n="ransfer"><phr n="transferred"><ent r="3" t="34" w="50" /><ent r="3" t="34" w="50" /></phr></stem><stem n="ansferr"><phr n="transferred"><ent r="3" t="34" w="50" /><ent r="3" t="34" w="50" /></phr></stem><stem n="nsferre"><phr n="transferred"><ent r="3" t="34" w="50" /><ent r="3" t="34" w="50" /></phr></stem><stem n="sferred"><phr n="transferred"><ent r="3" t="34" w="50" /><ent r="3" t="34" w="50" /></phr></stem><stem n="ransferr"><phr n="transferred"><ent r="3" t="34" w="50" /><ent r="3" t="34" w="50" /></phr></stem><stem n="ansferre"><phr n="transferred"><ent r="3" t="34" w="50" /><ent r="3" t="34" w="50" /></phr></stem><stem n="nsferred"><phr n="transferred"><ent r="3" t="34" w="50" /><ent r="3" t="34" w="50" /></phr></stem><stem n="transferr"><phr n="transferred"><ent r="3" t="34" w="50" /><ent r="3" t="34" w="50" /></phr></stem><stem n="ransferre"><phr n="transferred"><ent r="3" t="34" w="50" /><ent r="3" t="34" w="50" /></phr></stem><stem n="ansferred"><phr n="transferred"><ent r="3" t="34" w="50" /><ent r="3" t="34" w="50" /></phr></stem><stem n="transferre"><phr n="transferred"><ent r="3" t="34" w="50" /><ent r="3" t="34" w="50" /></phr></stem><stem n="ransferred"><phr n="transferred"><ent r="3" t="34" w="50" /><ent r="3" t="34" w="50" /></phr></stem><stem n="transferred"><phr n="transferred"><ent r="3" t="34" w="50" /><ent r="3" t="34" w="50" /></phr></stem><stem n="convers"><phr n="Conversely"><ent r="3" t="34" w="120" /></phr></stem><stem n="nver"><phr n="Conversely"><ent r="3" t="34" w="120" /></phr></stem><stem n="sely"><phr n="Conversely"><ent r="3" t="34" w="120" /></phr></stem><stem n="rsely"><phr n="Conversely"><ent r="3" t="34" w="120" /></phr></stem><stem n="onver"><phr n="Conversely"><ent r="3" t="34" w="120" /></phr></stem><stem n="nvers"><phr n="Conversely"><ent r="3" t="34" w="120" /></phr></stem><stem n="conver"><phr n="Conversely"><ent r="3" t="34" w="120" /></phr></stem><stem n="onvers"><phr n="Conversely"><ent r="3" t="34" w="120" /></phr></stem><stem n="nverse"><phr n="Conversely"><ent r="3" t="34" w="120" /></phr></stem><stem n="versel"><phr n="Conversely"><ent r="3" t="34" w="120" /></phr></stem><stem n="ersely"><phr n="Conversely"><ent r="3" t="34" w="120" /></phr></stem><stem n="onverse"><phr n="Conversely"><ent r="3" t="34" w="120" /></phr></stem><stem n="nversel"><phr n="Conversely"><ent r="3" t="34" w="120" /></phr></stem><stem n="versely"><phr n="Conversely"><ent r="3" t="34" w="120" /></phr></stem><stem n="converse"><phr n="Conversely"><ent r="3" t="34" w="120" /></phr></stem><stem n="onversel"><phr n="Conversely"><ent r="3" t="34" w="120" /></phr></stem><stem n="nversely"><phr n="Conversely"><ent r="3" t="34" w="120" /></phr></stem><stem n="conversel"><phr n="Conversely"><ent r="3" t="34" w="120" /></phr></stem><stem n="onversely"><phr n="Conversely"><ent r="3" t="34" w="120" /></phr></stem><stem n="conversely"><phr n="Conversely"><ent r="3" t="34" w="120" /></phr></stem><stem n="dev"><phr n="Dev"><ent r="4" t="34" w="180" /></phr></stem><stem n="stage"><phr n="Staging"><ent r="4" t="34" w="184" /></phr></stem><stem n="stag"><phr n="Staging"><ent r="4" t="34" w="184" /></phr></stem><stem n="tagi"><phr n="Staging"><ent r="4" t="34" w="184" /></phr></stem><stem n="stagi"><phr n="Staging"><ent r="4" t="34" w="184" /></phr></stem><stem n="tagin"><phr n="Staging"><ent r="4" t="34" w="184" /></phr></stem><stem n="stagin"><phr n="Staging"><ent r="4" t="34" w="184" /></phr></stem><stem n="taging"><phr n="Staging"><ent r="4" t="34" w="184" /></phr></stem><stem n="staging"><phr n="Staging"><ent r="4" t="34" w="184" /></phr></stem><stem n="unrel"><phr n="unrelated"><ent r="4" t="34" w="190" /><ent r="4" t="34" w="190" /></phr></stem><stem n="nrel"><phr n="unrelated"><ent r="4" t="34" w="190" /><ent r="4" t="34" w="190" /></phr></stem><stem n="nrela"><phr n="unrelated"><ent r="4" t="34" w="190" /><ent r="4" t="34" w="190" /></phr></stem><stem n="unrela"><phr n="unrelated"><ent r="4" t="34" w="190" /><ent r="4" t="34" w="190" /></phr></stem><stem n="nrelat"><phr n="unrelated"><ent r="4" t="34" w="190" /><ent r="4" t="34" w="190" /></phr></stem><stem n="unrelat"><phr n="unrelated"><ent r="4" t="34" w="190" /><ent r="4" t="34" w="190" /></phr></stem><stem n="nrelate"><phr n="unrelated"><ent r="4" t="34" w="190" /><ent r="4" t="34" w="190" /></phr></stem><stem n="unrelate"><phr n="unrelated"><ent r="4" t="34" w="190" /><ent r="4" t="34" w="190" /></phr></stem><stem n="nrelated"><phr n="unrelated"><ent r="4" t="34" w="190" /><ent r="4" t="34" w="190" /></phr></stem><stem n="unrelated"><phr n="unrelated"><ent r="4" t="34" w="190" /><ent r="4" t="34" w="190" /></phr></stem><stem n="coast"><phr n="coast"><ent r="4" t="34" w="202" /><ent r="4" t="34" w="202" /><ent r="4" t="34" w="207" /><ent r="4" t="34" w="207" /></phr></stem><stem n="coas"><phr n="coast"><ent r="4" t="34" w="202" /><ent r="4" t="34" w="202" /><ent r="4" t="34" w="207" /><ent r="4" t="34" w="207" /></phr></stem><stem n="oast"><phr n="coast"><ent r="4" t="34" w="202" /><ent r="4" t="34" w="202" /><ent r="4" t="34" w="207" /><ent r="4" t="34" w="207" /></phr></stem><stem n="west"><phr n="west"><ent r="4" t="34" w="206" /><ent r="4" t="34" w="206" /></phr></stem><stem n="act"><phr n="act"><ent r="4" t="34" w="210" /><ent r="4" t="34" w="210" /></phr></stem><stem n="standbi"><phr n="standby"><ent r="4" t="34" w="213" /></phr></stem><stem n="andb"><phr n="standby"><ent r="4" t="34" w="213" /></phr></stem><stem n="ndby"><phr n="standby"><ent r="4" t="34" w="213" /></phr></stem><stem n="tandb"><phr n="standby"><ent r="4" t="34" w="213" /></phr></stem><stem n="andby"><phr n="standby"><ent r="4" t="34" w="213" /></phr></stem><stem n="standb"><phr n="standby"><ent r="4" t="34" w="213" /></phr></stem><stem n="tandby"><phr n="standby"><ent r="4" t="34" w="213" /></phr></stem><stem n="standby"><phr n="standby"><ent r="4" t="34" w="213" /></phr></stem><stem n="step-by-step"><phr n="step-by-step"><ent r="4" t="34" w="228" /><ent r="4" t="34" w="228" /><ent r="3" t="36" w="168" /><ent r="3" t="36" w="168" /></phr></stem><stem n="-by-"><phr n="step-by-step"><ent r="4" t="34" w="228" /><ent r="4" t="34" w="228" /><ent r="3" t="36" w="168" /><ent r="3" t="36" w="168" /></phr></stem><stem n="tep-"><phr n="step-by-step"><ent r="4" t="34" w="228" /><ent r="4" t="34" w="228" /><ent r="3" t="36" w="168" /><ent r="3" t="36" w="168" /></phr><phr n="step-by"><ent r="4" t="34" w="228" /><ent r="3" t="36" w="168" /></phr></stem></index>