<?xml version="1.0" encoding="utf-8"?><index><stem n="itore"><phr n="monitored"><ent r="4" t="3" w="259" /><ent r="3" t="3" w="372" /><ent r="6" t="3" w="1068" /><ent r="6" t="3" w="1068" /><ent r="4" t="6" w="165" /><ent r="4" t="6" w="165" /><ent r="4" t="6" w="359" /><ent r="3" t="15" w="49" /><ent r="3" t="15" w="49" /><ent r="3" t="15" w="92" /><ent r="3" t="15" w="92" /><ent r="3" t="15" w="197" /><ent r="3" t="15" w="197" /><ent r="3" t="16" w="41" /><ent r="3" t="16" w="41" /><ent r="4" t="16" w="298" /><ent r="4" t="16" w="298" /><ent r="7" t="16" w="1156" /><ent r="7" t="16" w="1156" /><ent r="3" t="31" w="30" /><ent r="3" t="31" w="30" /><ent r="4" t="31" w="70" /><ent r="4" t="31" w="70" /><ent r="3" t="31" w="171" /><ent r="3" t="31" w="171" /><ent r="3" t="31" w="212" /><ent r="3" t="31" w="212" /><ent r="4" t="31" w="590" /><ent r="4" t="31" w="590" /><ent r="3" t="31" w="931" /><ent r="3" t="31" w="931" /><ent r="4" t="31" w="941" /><ent r="4" t="31" w="941" /><ent r="3" t="31" w="1078" /><ent r="3" t="31" w="1078" /><ent r="7" t="31" w="1184" /><ent r="7" t="31" w="1184" /><ent r="7" t="31" w="1206" /><ent r="7" t="31" w="1206" /><ent r="7" t="31" w="1283" /><ent r="7" t="31" w="1283" /><ent r="7" t="31" w="1295" /><ent r="7" t="31" w="1295" /><ent r="3" t="31" w="1337" /><ent r="3" t="31" w="1337" /><ent r="3" t="31" w="1408" /><ent r="3" t="31" w="1408" /><ent r="3" t="31" w="1418" /><ent r="3" t="31" w="1418" /><ent r="3" t="31" w="1429" /><ent r="3" t="31" w="1429" /><ent r="3" t="31" w="1456" /><ent r="3" t="31" w="1456" /><ent r="3" t="31" w="1516" /><ent r="3" t="31" w="1516" /><ent r="4" t="46" w="403" /></phr><phr n="Monitored"><ent r="64" t="6" w="367" /><ent r="64" t="6" w="367" /><ent r="1000" t="15" w="2" /><ent r="1000" t="15" w="2" /><ent r="100" t="15" w="6" /><ent r="100" t="15" w="6" /><ent r="102" t="15" w="18" /><ent r="102" t="15" w="18" /><ent r="3" t="15" w="64" /><ent r="3" t="15" w="64" /><ent r="4" t="15" w="139" /><ent r="4" t="15" w="139" /><ent r="65" t="16" w="99" /><ent r="65" t="16" w="99" /><ent r="64" t="31" w="111" /><ent r="64" t="31" w="111" /><ent r="5" t="31" w="220" /><ent r="5" t="31" w="220" /><ent r="65" t="31" w="996" /><ent r="65" t="31" w="996" /><ent r="82" t="31" w="1025" /><ent r="82" t="31" w="1025" /><ent r="3" t="31" w="1033" /><ent r="3" t="31" w="1033" /><ent r="3" t="31" w="1087" /><ent r="3" t="31" w="1087" /><ent r="3" t="31" w="1120" /><ent r="3" t="31" w="1120" /><ent r="4" t="31" w="1135" /><ent r="4" t="31" w="1135" /><ent r="3" t="31" w="1138" /><ent r="3" t="31" w="1138" /><ent r="64" t="31" w="1423" /><ent r="64" t="31" w="1423" /></phr></stem><stem n="tored"><phr n="monitored"><ent r="4" t="3" w="259" /><ent r="3" t="3" w="372" /><ent r="6" t="3" w="1068" /><ent r="6" t="3" w="1068" /><ent r="4" t="6" w="165" /><ent r="4" t="6" w="165" /><ent r="4" t="6" w="359" /><ent r="3" t="15" w="49" /><ent r="3" t="15" w="49" /><ent r="3" t="15" w="92" /><ent r="3" t="15" w="92" /><ent r="3" t="15" w="197" /><ent r="3" t="15" w="197" /><ent r="3" t="16" w="41" /><ent r="3" t="16" w="41" /><ent r="4" t="16" w="298" /><ent r="4" t="16" w="298" /><ent r="7" t="16" w="1156" /><ent r="7" t="16" w="1156" /><ent r="3" t="31" w="30" /><ent r="3" t="31" w="30" /><ent r="4" t="31" w="70" /><ent r="4" t="31" w="70" /><ent r="3" t="31" w="171" /><ent r="3" t="31" w="171" /><ent r="3" t="31" w="212" /><ent r="3" t="31" w="212" /><ent r="4" t="31" w="590" /><ent r="4" t="31" w="590" /><ent r="3" t="31" w="931" /><ent r="3" t="31" w="931" /><ent r="4" t="31" w="941" /><ent r="4" t="31" w="941" /><ent r="3" t="31" w="1078" /><ent r="3" t="31" w="1078" /><ent r="7" t="31" w="1184" /><ent r="7" t="31" w="1184" /><ent r="7" t="31" w="1206" /><ent r="7" t="31" w="1206" /><ent r="7" t="31" w="1283" /><ent r="7" t="31" w="1283" /><ent r="7" t="31" w="1295" /><ent r="7" t="31" w="1295" /><ent r="3" t="31" w="1337" /><ent r="3" t="31" w="1337" /><ent r="3" t="31" w="1408" /><ent r="3" t="31" w="1408" /><ent r="3" t="31" w="1418" /><ent r="3" t="31" w="1418" /><ent r="3" t="31" w="1429" /><ent r="3" t="31" w="1429" /><ent r="3" t="31" w="1456" /><ent r="3" t="31" w="1456" /><ent r="3" t="31" w="1516" /><ent r="3" t="31" w="1516" /><ent r="4" t="46" w="403" /></phr><phr n="Monitored"><ent r="64" t="6" w="367" /><ent r="64" t="6" w="367" /><ent r="1000" t="15" w="2" /><ent r="1000" t="15" w="2" /><ent r="100" t="15" w="6" /><ent r="100" t="15" w="6" /><ent r="102" t="15" w="18" /><ent r="102" t="15" w="18" /><ent r="3" t="15" w="64" /><ent r="3" t="15" w="64" /><ent r="4" t="15" w="139" /><ent r="4" t="15" w="139" /><ent r="65" t="16" w="99" /><ent r="65" t="16" w="99" /><ent r="64" t="31" w="111" /><ent r="64" t="31" w="111" /><ent r="5" t="31" w="220" /><ent r="5" t="31" w="220" /><ent r="65" t="31" w="996" /><ent r="65" t="31" w="996" /><ent r="82" t="31" w="1025" /><ent r="82" t="31" w="1025" /><ent r="3" t="31" w="1033" /><ent r="3" t="31" w="1033" /><ent r="3" t="31" w="1087" /><ent r="3" t="31" w="1087" /><ent r="3" t="31" w="1120" /><ent r="3" t="31" w="1120" /><ent r="4" t="31" w="1135" /><ent r="4" t="31" w="1135" /><ent r="3" t="31" w="1138" /><ent r="3" t="31" w="1138" /><ent r="64" t="31" w="1423" /><ent r="64" t="31" w="1423" /></phr><phr n="stored"><ent r="7" t="28" w="264" /><ent r="7" t="28" w="264" /></phr><phr n="restored"><ent r="3" t="31" w="1564" /></phr></stem><stem n="nitore"><phr n="monitored"><ent r="4" t="3" w="259" /><ent r="3" t="3" w="372" /><ent r="6" t="3" w="1068" /><ent r="6" t="3" w="1068" /><ent r="4" t="6" w="165" /><ent r="4" t="6" w="165" /><ent r="4" t="6" w="359" /><ent r="3" t="15" w="49" /><ent r="3" t="15" w="49" /><ent r="3" t="15" w="92" /><ent r="3" t="15" w="92" /><ent r="3" t="15" w="197" /><ent r="3" t="15" w="197" /><ent r="3" t="16" w="41" /><ent r="3" t="16" w="41" /><ent r="4" t="16" w="298" /><ent r="4" t="16" w="298" /><ent r="7" t="16" w="1156" /><ent r="7" t="16" w="1156" /><ent r="3" t="31" w="30" /><ent r="3" t="31" w="30" /><ent r="4" t="31" w="70" /><ent r="4" t="31" w="70" /><ent r="3" t="31" w="171" /><ent r="3" t="31" w="171" /><ent r="3" t="31" w="212" /><ent r="3" t="31" w="212" /><ent r="4" t="31" w="590" /><ent r="4" t="31" w="590" /><ent r="3" t="31" w="931" /><ent r="3" t="31" w="931" /><ent r="4" t="31" w="941" /><ent r="4" t="31" w="941" /><ent r="3" t="31" w="1078" /><ent r="3" t="31" w="1078" /><ent r="7" t="31" w="1184" /><ent r="7" t="31" w="1184" /><ent r="7" t="31" w="1206" /><ent r="7" t="31" w="1206" /><ent r="7" t="31" w="1283" /><ent r="7" t="31" w="1283" /><ent r="7" t="31" w="1295" /><ent r="7" t="31" w="1295" /><ent r="3" t="31" w="1337" /><ent r="3" t="31" w="1337" /><ent r="3" t="31" w="1408" /><ent r="3" t="31" w="1408" /><ent r="3" t="31" w="1418" /><ent r="3" t="31" w="1418" /><ent r="3" t="31" w="1429" /><ent r="3" t="31" w="1429" /><ent r="3" t="31" w="1456" /><ent r="3" t="31" w="1456" /><ent r="3" t="31" w="1516" /><ent r="3" t="31" w="1516" /><ent r="4" t="46" w="403" /></phr><phr n="Monitored"><ent r="64" t="6" w="367" /><ent r="64" t="6" w="367" /><ent r="1000" t="15" w="2" /><ent r="1000" t="15" w="2" /><ent r="100" t="15" w="6" /><ent r="100" t="15" w="6" /><ent r="102" t="15" w="18" /><ent r="102" t="15" w="18" /><ent r="3" t="15" w="64" /><ent r="3" t="15" w="64" /><ent r="4" t="15" w="139" /><ent r="4" t="15" w="139" /><ent r="65" t="16" w="99" /><ent r="65" t="16" w="99" /><ent r="64" t="31" w="111" /><ent r="64" t="31" w="111" /><ent r="5" t="31" w="220" /><ent r="5" t="31" w="220" /><ent r="65" t="31" w="996" /><ent r="65" t="31" w="996" /><ent r="82" t="31" w="1025" /><ent r="82" t="31" w="1025" /><ent r="3" t="31" w="1033" /><ent r="3" t="31" w="1033" /><ent r="3" t="31" w="1087" /><ent r="3" t="31" w="1087" /><ent r="3" t="31" w="1120" /><ent r="3" t="31" w="1120" /><ent r="4" t="31" w="1135" /><ent r="4" t="31" w="1135" /><ent r="3" t="31" w="1138" /><ent r="3" t="31" w="1138" /><ent r="64" t="31" w="1423" /><ent r="64" t="31" w="1423" /></phr></stem><stem n="itored"><phr n="monitored"><ent r="4" t="3" w="259" /><ent r="3" t="3" w="372" /><ent r="6" t="3" w="1068" /><ent r="6" t="3" w="1068" /><ent r="4" t="6" w="165" /><ent r="4" t="6" w="165" /><ent r="4" t="6" w="359" /><ent r="3" t="15" w="49" /><ent r="3" t="15" w="49" /><ent r="3" t="15" w="92" /><ent r="3" t="15" w="92" /><ent r="3" t="15" w="197" /><ent r="3" t="15" w="197" /><ent r="3" t="16" w="41" /><ent r="3" t="16" w="41" /><ent r="4" t="16" w="298" /><ent r="4" t="16" w="298" /><ent r="7" t="16" w="1156" /><ent r="7" t="16" w="1156" /><ent r="3" t="31" w="30" /><ent r="3" t="31" w="30" /><ent r="4" t="31" w="70" /><ent r="4" t="31" w="70" /><ent r="3" t="31" w="171" /><ent r="3" t="31" w="171" /><ent r="3" t="31" w="212" /><ent r="3" t="31" w="212" /><ent r="4" t="31" w="590" /><ent r="4" t="31" w="590" /><ent r="3" t="31" w="931" /><ent r="3" t="31" w="931" /><ent r="4" t="31" w="941" /><ent r="4" t="31" w="941" /><ent r="3" t="31" w="1078" /><ent r="3" t="31" w="1078" /><ent r="7" t="31" w="1184" /><ent r="7" t="31" w="1184" /><ent r="7" t="31" w="1206" /><ent r="7" t="31" w="1206" /><ent r="7" t="31" w="1283" /><ent r="7" t="31" w="1283" /><ent r="7" t="31" w="1295" /><ent r="7" t="31" w="1295" /><ent r="3" t="31" w="1337" /><ent r="3" t="31" w="1337" /><ent r="3" t="31" w="1408" /><ent r="3" t="31" w="1408" /><ent r="3" t="31" w="1418" /><ent r="3" t="31" w="1418" /><ent r="3" t="31" w="1429" /><ent r="3" t="31" w="1429" /><ent r="3" t="31" w="1456" /><ent r="3" t="31" w="1456" /><ent r="3" t="31" w="1516" /><ent r="3" t="31" w="1516" /><ent r="4" t="46" w="403" /></phr><phr n="Monitored"><ent r="64" t="6" w="367" /><ent r="64" t="6" w="367" /><ent r="1000" t="15" w="2" /><ent r="1000" t="15" w="2" /><ent r="100" t="15" w="6" /><ent r="100" t="15" w="6" /><ent r="102" t="15" w="18" /><ent r="102" t="15" w="18" /><ent r="3" t="15" w="64" /><ent r="3" t="15" w="64" /><ent r="4" t="15" w="139" /><ent r="4" t="15" w="139" /><ent r="65" t="16" w="99" /><ent r="65" t="16" w="99" /><ent r="64" t="31" w="111" /><ent r="64" t="31" w="111" /><ent r="5" t="31" w="220" /><ent r="5" t="31" w="220" /><ent r="65" t="31" w="996" /><ent r="65" t="31" w="996" /><ent r="82" t="31" w="1025" /><ent r="82" t="31" w="1025" /><ent r="3" t="31" w="1033" /><ent r="3" t="31" w="1033" /><ent r="3" t="31" w="1087" /><ent r="3" t="31" w="1087" /><ent r="3" t="31" w="1120" /><ent r="3" t="31" w="1120" /><ent r="4" t="31" w="1135" /><ent r="4" t="31" w="1135" /><ent r="3" t="31" w="1138" /><ent r="3" t="31" w="1138" /><ent r="64" t="31" w="1423" /><ent r="64" t="31" w="1423" /></phr></stem><stem n="onitore"><phr n="monitored"><ent r="4" t="3" w="259" /><ent r="3" t="3" w="372" /><ent r="6" t="3" w="1068" /><ent r="6" t="3" w="1068" /><ent r="4" t="6" w="165" /><ent r="4" t="6" w="165" /><ent r="4" t="6" w="359" /><ent r="3" t="15" w="49" /><ent r="3" t="15" w="49" /><ent r="3" t="15" w="92" /><ent r="3" t="15" w="92" /><ent r="3" t="15" w="197" /><ent r="3" t="15" w="197" /><ent r="3" t="16" w="41" /><ent r="3" t="16" w="41" /><ent r="4" t="16" w="298" /><ent r="4" t="16" w="298" /><ent r="7" t="16" w="1156" /><ent r="7" t="16" w="1156" /><ent r="3" t="31" w="30" /><ent r="3" t="31" w="30" /><ent r="4" t="31" w="70" /><ent r="4" t="31" w="70" /><ent r="3" t="31" w="171" /><ent r="3" t="31" w="171" /><ent r="3" t="31" w="212" /><ent r="3" t="31" w="212" /><ent r="4" t="31" w="590" /><ent r="4" t="31" w="590" /><ent r="3" t="31" w="931" /><ent r="3" t="31" w="931" /><ent r="4" t="31" w="941" /><ent r="4" t="31" w="941" /><ent r="3" t="31" w="1078" /><ent r="3" t="31" w="1078" /><ent r="7" t="31" w="1184" /><ent r="7" t="31" w="1184" /><ent r="7" t="31" w="1206" /><ent r="7" t="31" w="1206" /><ent r="7" t="31" w="1283" /><ent r="7" t="31" w="1283" /><ent r="7" t="31" w="1295" /><ent r="7" t="31" w="1295" /><ent r="3" t="31" w="1337" /><ent r="3" t="31" w="1337" /><ent r="3" t="31" w="1408" /><ent r="3" t="31" w="1408" /><ent r="3" t="31" w="1418" /><ent r="3" t="31" w="1418" /><ent r="3" t="31" w="1429" /><ent r="3" t="31" w="1429" /><ent r="3" t="31" w="1456" /><ent r="3" t="31" w="1456" /><ent r="3" t="31" w="1516" /><ent r="3" t="31" w="1516" /><ent r="4" t="46" w="403" /></phr><phr n="Monitored"><ent r="64" t="6" w="367" /><ent r="64" t="6" w="367" /><ent r="1000" t="15" w="2" /><ent r="1000" t="15" w="2" /><ent r="100" t="15" w="6" /><ent r="100" t="15" w="6" /><ent r="102" t="15" w="18" /><ent r="102" t="15" w="18" /><ent r="3" t="15" w="64" /><ent r="3" t="15" w="64" /><ent r="4" t="15" w="139" /><ent r="4" t="15" w="139" /><ent r="65" t="16" w="99" /><ent r="65" t="16" w="99" /><ent r="64" t="31" w="111" /><ent r="64" t="31" w="111" /><ent r="5" t="31" w="220" /><ent r="5" t="31" w="220" /><ent r="65" t="31" w="996" /><ent r="65" t="31" w="996" /><ent r="82" t="31" w="1025" /><ent r="82" t="31" w="1025" /><ent r="3" t="31" w="1033" /><ent r="3" t="31" w="1033" /><ent r="3" t="31" w="1087" /><ent r="3" t="31" w="1087" /><ent r="3" t="31" w="1120" /><ent r="3" t="31" w="1120" /><ent r="4" t="31" w="1135" /><ent r="4" t="31" w="1135" /><ent r="3" t="31" w="1138" /><ent r="3" t="31" w="1138" /><ent r="64" t="31" w="1423" /><ent r="64" t="31" w="1423" /></phr></stem><stem n="nitored"><phr n="monitored"><ent r="4" t="3" w="259" /><ent r="3" t="3" w="372" /><ent r="6" t="3" w="1068" /><ent r="6" t="3" w="1068" /><ent r="4" t="6" w="165" /><ent r="4" t="6" w="165" /><ent r="4" t="6" w="359" /><ent r="3" t="15" w="49" /><ent r="3" t="15" w="49" /><ent r="3" t="15" w="92" /><ent r="3" t="15" w="92" /><ent r="3" t="15" w="197" /><ent r="3" t="15" w="197" /><ent r="3" t="16" w="41" /><ent r="3" t="16" w="41" /><ent r="4" t="16" w="298" /><ent r="4" t="16" w="298" /><ent r="7" t="16" w="1156" /><ent r="7" t="16" w="1156" /><ent r="3" t="31" w="30" /><ent r="3" t="31" w="30" /><ent r="4" t="31" w="70" /><ent r="4" t="31" w="70" /><ent r="3" t="31" w="171" /><ent r="3" t="31" w="171" /><ent r="3" t="31" w="212" /><ent r="3" t="31" w="212" /><ent r="4" t="31" w="590" /><ent r="4" t="31" w="590" /><ent r="3" t="31" w="931" /><ent r="3" t="31" w="931" /><ent r="4" t="31" w="941" /><ent r="4" t="31" w="941" /><ent r="3" t="31" w="1078" /><ent r="3" t="31" w="1078" /><ent r="7" t="31" w="1184" /><ent r="7" t="31" w="1184" /><ent r="7" t="31" w="1206" /><ent r="7" t="31" w="1206" /><ent r="7" t="31" w="1283" /><ent r="7" t="31" w="1283" /><ent r="7" t="31" w="1295" /><ent r="7" t="31" w="1295" /><ent r="3" t="31" w="1337" /><ent r="3" t="31" w="1337" /><ent r="3" t="31" w="1408" /><ent r="3" t="31" w="1408" /><ent r="3" t="31" w="1418" /><ent r="3" t="31" w="1418" /><ent r="3" t="31" w="1429" /><ent r="3" t="31" w="1429" /><ent r="3" t="31" w="1456" /><ent r="3" t="31" w="1456" /><ent r="3" t="31" w="1516" /><ent r="3" t="31" w="1516" /><ent r="4" t="46" w="403" /></phr><phr n="Monitored"><ent r="64" t="6" w="367" /><ent r="64" t="6" w="367" /><ent r="1000" t="15" w="2" /><ent r="1000" t="15" w="2" /><ent r="100" t="15" w="6" /><ent r="100" t="15" w="6" /><ent r="102" t="15" w="18" /><ent r="102" t="15" w="18" /><ent r="3" t="15" w="64" /><ent r="3" t="15" w="64" /><ent r="4" t="15" w="139" /><ent r="4" t="15" w="139" /><ent r="65" t="16" w="99" /><ent r="65" t="16" w="99" /><ent r="64" t="31" w="111" /><ent r="64" t="31" w="111" /><ent r="5" t="31" w="220" /><ent r="5" t="31" w="220" /><ent r="65" t="31" w="996" /><ent r="65" t="31" w="996" /><ent r="82" t="31" w="1025" /><ent r="82" t="31" w="1025" /><ent r="3" t="31" w="1033" /><ent r="3" t="31" w="1033" /><ent r="3" t="31" w="1087" /><ent r="3" t="31" w="1087" /><ent r="3" t="31" w="1120" /><ent r="3" t="31" w="1120" /><ent r="4" t="31" w="1135" /><ent r="4" t="31" w="1135" /><ent r="3" t="31" w="1138" /><ent r="3" t="31" w="1138" /><ent r="64" t="31" w="1423" /><ent r="64" t="31" w="1423" /></phr></stem><stem n="monitore"><phr n="monitored"><ent r="4" t="3" w="259" /><ent r="3" t="3" w="372" /><ent r="6" t="3" w="1068" /><ent r="6" t="3" w="1068" /><ent r="4" t="6" w="165" /><ent r="4" t="6" w="165" /><ent r="4" t="6" w="359" /><ent r="3" t="15" w="49" /><ent r="3" t="15" w="49" /><ent r="3" t="15" w="92" /><ent r="3" t="15" w="92" /><ent r="3" t="15" w="197" /><ent r="3" t="15" w="197" /><ent r="3" t="16" w="41" /><ent r="3" t="16" w="41" /><ent r="4" t="16" w="298" /><ent r="4" t="16" w="298" /><ent r="7" t="16" w="1156" /><ent r="7" t="16" w="1156" /><ent r="3" t="31" w="30" /><ent r="3" t="31" w="30" /><ent r="4" t="31" w="70" /><ent r="4" t="31" w="70" /><ent r="3" t="31" w="171" /><ent r="3" t="31" w="171" /><ent r="3" t="31" w="212" /><ent r="3" t="31" w="212" /><ent r="4" t="31" w="590" /><ent r="4" t="31" w="590" /><ent r="3" t="31" w="931" /><ent r="3" t="31" w="931" /><ent r="4" t="31" w="941" /><ent r="4" t="31" w="941" /><ent r="3" t="31" w="1078" /><ent r="3" t="31" w="1078" /><ent r="7" t="31" w="1184" /><ent r="7" t="31" w="1184" /><ent r="7" t="31" w="1206" /><ent r="7" t="31" w="1206" /><ent r="7" t="31" w="1283" /><ent r="7" t="31" w="1283" /><ent r="7" t="31" w="1295" /><ent r="7" t="31" w="1295" /><ent r="3" t="31" w="1337" /><ent r="3" t="31" w="1337" /><ent r="3" t="31" w="1408" /><ent r="3" t="31" w="1408" /><ent r="3" t="31" w="1418" /><ent r="3" t="31" w="1418" /><ent r="3" t="31" w="1429" /><ent r="3" t="31" w="1429" /><ent r="3" t="31" w="1456" /><ent r="3" t="31" w="1456" /><ent r="3" t="31" w="1516" /><ent r="3" t="31" w="1516" /><ent r="4" t="46" w="403" /></phr><phr n="Monitored"><ent r="64" t="6" w="367" /><ent r="64" t="6" w="367" /><ent r="1000" t="15" w="2" /><ent r="1000" t="15" w="2" /><ent r="100" t="15" w="6" /><ent r="100" t="15" w="6" /><ent r="102" t="15" w="18" /><ent r="102" t="15" w="18" /><ent r="3" t="15" w="64" /><ent r="3" t="15" w="64" /><ent r="4" t="15" w="139" /><ent r="4" t="15" w="139" /><ent r="65" t="16" w="99" /><ent r="65" t="16" w="99" /><ent r="64" t="31" w="111" /><ent r="64" t="31" w="111" /><ent r="5" t="31" w="220" /><ent r="5" t="31" w="220" /><ent r="65" t="31" w="996" /><ent r="65" t="31" w="996" /><ent r="82" t="31" w="1025" /><ent r="82" t="31" w="1025" /><ent r="3" t="31" w="1033" /><ent r="3" t="31" w="1033" /><ent r="3" t="31" w="1087" /><ent r="3" t="31" w="1087" /><ent r="3" t="31" w="1120" /><ent r="3" t="31" w="1120" /><ent r="4" t="31" w="1135" /><ent r="4" t="31" w="1135" /><ent r="3" t="31" w="1138" /><ent r="3" t="31" w="1138" /><ent r="64" t="31" w="1423" /><ent r="64" t="31" w="1423" /></phr></stem><stem n="onitored"><phr n="monitored"><ent r="4" t="3" w="259" /><ent r="3" t="3" w="372" /><ent r="6" t="3" w="1068" /><ent r="6" t="3" w="1068" /><ent r="4" t="6" w="165" /><ent r="4" t="6" w="165" /><ent r="4" t="6" w="359" /><ent r="3" t="15" w="49" /><ent r="3" t="15" w="49" /><ent r="3" t="15" w="92" /><ent r="3" t="15" w="92" /><ent r="3" t="15" w="197" /><ent r="3" t="15" w="197" /><ent r="3" t="16" w="41" /><ent r="3" t="16" w="41" /><ent r="4" t="16" w="298" /><ent r="4" t="16" w="298" /><ent r="7" t="16" w="1156" /><ent r="7" t="16" w="1156" /><ent r="3" t="31" w="30" /><ent r="3" t="31" w="30" /><ent r="4" t="31" w="70" /><ent r="4" t="31" w="70" /><ent r="3" t="31" w="171" /><ent r="3" t="31" w="171" /><ent r="3" t="31" w="212" /><ent r="3" t="31" w="212" /><ent r="4" t="31" w="590" /><ent r="4" t="31" w="590" /><ent r="3" t="31" w="931" /><ent r="3" t="31" w="931" /><ent r="4" t="31" w="941" /><ent r="4" t="31" w="941" /><ent r="3" t="31" w="1078" /><ent r="3" t="31" w="1078" /><ent r="7" t="31" w="1184" /><ent r="7" t="31" w="1184" /><ent r="7" t="31" w="1206" /><ent r="7" t="31" w="1206" /><ent r="7" t="31" w="1283" /><ent r="7" t="31" w="1283" /><ent r="7" t="31" w="1295" /><ent r="7" t="31" w="1295" /><ent r="3" t="31" w="1337" /><ent r="3" t="31" w="1337" /><ent r="3" t="31" w="1408" /><ent r="3" t="31" w="1408" /><ent r="3" t="31" w="1418" /><ent r="3" t="31" w="1418" /><ent r="3" t="31" w="1429" /><ent r="3" t="31" w="1429" /><ent r="3" t="31" w="1456" /><ent r="3" t="31" w="1456" /><ent r="3" t="31" w="1516" /><ent r="3" t="31" w="1516" /><ent r="4" t="46" w="403" /></phr><phr n="Monitored"><ent r="64" t="6" w="367" /><ent r="64" t="6" w="367" /><ent r="1000" t="15" w="2" /><ent r="1000" t="15" w="2" /><ent r="100" t="15" w="6" /><ent r="100" t="15" w="6" /><ent r="102" t="15" w="18" /><ent r="102" t="15" w="18" /><ent r="3" t="15" w="64" /><ent r="3" t="15" w="64" /><ent r="4" t="15" w="139" /><ent r="4" t="15" w="139" /><ent r="65" t="16" w="99" /><ent r="65" t="16" w="99" /><ent r="64" t="31" w="111" /><ent r="64" t="31" w="111" /><ent r="5" t="31" w="220" /><ent r="5" t="31" w="220" /><ent r="65" t="31" w="996" /><ent r="65" t="31" w="996" /><ent r="82" t="31" w="1025" /><ent r="82" t="31" w="1025" /><ent r="3" t="31" w="1033" /><ent r="3" t="31" w="1033" /><ent r="3" t="31" w="1087" /><ent r="3" t="31" w="1087" /><ent r="3" t="31" w="1120" /><ent r="3" t="31" w="1120" /><ent r="4" t="31" w="1135" /><ent r="4" t="31" w="1135" /><ent r="3" t="31" w="1138" /><ent r="3" t="31" w="1138" /><ent r="64" t="31" w="1423" /><ent r="64" t="31" w="1423" /></phr></stem><stem n="monitored"><phr n="monitored"><ent r="4" t="3" w="259" /><ent r="3" t="3" w="372" /><ent r="6" t="3" w="1068" /><ent r="6" t="3" w="1068" /><ent r="4" t="6" w="165" /><ent r="4" t="6" w="165" /><ent r="4" t="6" w="359" /><ent r="3" t="15" w="49" /><ent r="3" t="15" w="49" /><ent r="3" t="15" w="92" /><ent r="3" t="15" w="92" /><ent r="3" t="15" w="197" /><ent r="3" t="15" w="197" /><ent r="3" t="16" w="41" /><ent r="3" t="16" w="41" /><ent r="4" t="16" w="298" /><ent r="4" t="16" w="298" /><ent r="7" t="16" w="1156" /><ent r="7" t="16" w="1156" /><ent r="3" t="31" w="30" /><ent r="3" t="31" w="30" /><ent r="4" t="31" w="70" /><ent r="4" t="31" w="70" /><ent r="3" t="31" w="171" /><ent r="3" t="31" w="171" /><ent r="3" t="31" w="212" /><ent r="3" t="31" w="212" /><ent r="4" t="31" w="590" /><ent r="4" t="31" w="590" /><ent r="3" t="31" w="931" /><ent r="3" t="31" w="931" /><ent r="4" t="31" w="941" /><ent r="4" t="31" w="941" /><ent r="3" t="31" w="1078" /><ent r="3" t="31" w="1078" /><ent r="7" t="31" w="1184" /><ent r="7" t="31" w="1184" /><ent r="7" t="31" w="1206" /><ent r="7" t="31" w="1206" /><ent r="7" t="31" w="1283" /><ent r="7" t="31" w="1283" /><ent r="7" t="31" w="1295" /><ent r="7" t="31" w="1295" /><ent r="3" t="31" w="1337" /><ent r="3" t="31" w="1337" /><ent r="3" t="31" w="1408" /><ent r="3" t="31" w="1408" /><ent r="3" t="31" w="1418" /><ent r="3" t="31" w="1418" /><ent r="3" t="31" w="1429" /><ent r="3" t="31" w="1429" /><ent r="3" t="31" w="1456" /><ent r="3" t="31" w="1456" /><ent r="3" t="31" w="1516" /><ent r="3" t="31" w="1516" /><ent r="4" t="46" w="403" /></phr><phr n="Monitored"><ent r="64" t="6" w="367" /><ent r="64" t="6" w="367" /><ent r="1000" t="15" w="2" /><ent r="1000" t="15" w="2" /><ent r="100" t="15" w="6" /><ent r="100" t="15" w="6" /><ent r="102" t="15" w="18" /><ent r="102" t="15" w="18" /><ent r="3" t="15" w="64" /><ent r="3" t="15" w="64" /><ent r="4" t="15" w="139" /><ent r="4" t="15" w="139" /><ent r="65" t="16" w="99" /><ent r="65" t="16" w="99" /><ent r="64" t="31" w="111" /><ent r="64" t="31" w="111" /><ent r="5" t="31" w="220" /><ent r="5" t="31" w="220" /><ent r="65" t="31" w="996" /><ent r="65" t="31" w="996" /><ent r="82" t="31" w="1025" /><ent r="82" t="31" w="1025" /><ent r="3" t="31" w="1033" /><ent r="3" t="31" w="1033" /><ent r="3" t="31" w="1087" /><ent r="3" t="31" w="1087" /><ent r="3" t="31" w="1120" /><ent r="3" t="31" w="1120" /><ent r="4" t="31" w="1135" /><ent r="4" t="31" w="1135" /><ent r="3" t="31" w="1138" /><ent r="3" t="31" w="1138" /><ent r="64" t="31" w="1423" /><ent r="64" t="31" w="1423" /></phr></stem><stem n="nized"><phr n="organized"><ent r="4" t="3" w="263" /><ent r="4" t="3" w="263" /></phr><phr n="unrecognized"><ent r="3" t="3" w="315" /><ent r="3" t="3" w="315" /></phr><phr n="UNSYNCHRONIZED"><ent r="7" t="31" w="479" /></phr><phr n="recognized"><ent r="3" t="32" w="122" /></phr></stem><stem n="anized"><phr n="organized"><ent r="4" t="3" w="263" /><ent r="4" t="3" w="263" /></phr></stem><stem n="ganized"><phr n="organized"><ent r="4" t="3" w="263" /><ent r="4" t="3" w="263" /></phr></stem><stem n="rganized"><phr n="organized"><ent r="4" t="3" w="263" /><ent r="4" t="3" w="263" /></phr></stem><stem n="organized"><phr n="organized"><ent r="4" t="3" w="263" /><ent r="4" t="3" w="263" /></phr></stem><stem n="ad"><phr n="adding"><ent r="4" t="3" w="271" /><ent r="4" t="3" w="271" /><ent r="4" t="4" w="234" /><ent r="64" t="6" w="93" /><ent r="64" t="6" w="93" /><ent r="100" t="11" w="16" /><ent r="100" t="11" w="16" /><ent r="100" t="11" w="20" /><ent r="100" t="11" w="20" /><ent r="100" t="11" w="24" /><ent r="100" t="11" w="24" /><ent r="65" t="12" w="219" /><ent r="65" t="12" w="219" /><ent r="4" t="12" w="239" /><ent r="4" t="12" w="239" /><ent r="9" t="16" w="622" /><ent r="9" t="16" w="622" /><ent r="9" t="16" w="786" /><ent r="9" t="16" w="786" /><ent r="9" t="16" w="969" /><ent r="9" t="16" w="969" /><ent r="100" t="23" w="16" /><ent r="100" t="23" w="16" /><ent r="4" t="23" w="180" /><ent r="4" t="23" w="180" /><ent r="4" t="26" w="534" /><ent r="4" t="26" w="534" /><ent r="4" t="26" w="706" /><ent r="4" t="26" w="706" /><ent r="6" t="32" w="303" /><ent r="6" t="32" w="303" /><ent r="3" t="33" w="36" /><ent r="3" t="33" w="36" /><ent r="7" t="38" w="292" /></phr><phr n="Adding"><ent r="65" t="3" w="275" /><ent r="65" t="3" w="275" /><ent r="67" t="3" w="799" /><ent r="67" t="3" w="799" /><ent r="67" t="3" w="1076" /><ent r="67" t="3" w="1076" /><ent r="64" t="6" w="263" /><ent r="64" t="6" w="263" /><ent r="64" t="6" w="307" /><ent r="64" t="6" w="307" /><ent r="65" t="7" w="126" /><ent r="65" t="7" w="126" /><ent r="64" t="9" w="411" /><ent r="64" t="9" w="411" /><ent r="1000" t="11" w="1" /><ent r="1000" t="11" w="1" /><ent r="100" t="11" w="8" /><ent r="100" t="11" w="8" /><ent r="102" t="11" w="26" /><ent r="102" t="11" w="26" /><ent r="3" t="22" w="96" /><ent r="3" t="22" w="96" /><ent r="1000" t="23" w="1" /><ent r="1000" t="23" w="1" /><ent r="100" t="23" w="8" /><ent r="100" t="23" w="8" /><ent r="102" t="23" w="21" /><ent r="102" t="23" w="21" /><ent r="3" t="23" w="44" /><ent r="3" t="23" w="44" /><ent r="3" t="27" w="44" /><ent r="3" t="27" w="44" /><ent r="64" t="31" w="960" /><ent r="64" t="31" w="960" /><ent r="67" t="32" w="290" /><ent r="67" t="32" w="290" /></phr><phr n="added"><ent r="7" t="3" w="1385" /><ent r="7" t="3" w="1385" /><ent r="4" t="4" w="188" /><ent r="4" t="4" w="188" /><ent r="4" t="11" w="347" /><ent r="4" t="11" w="400" /><ent r="4" t="11" w="400" /><ent r="3" t="12" w="100" /><ent r="3" t="12" w="100" /><ent r="3" t="13" w="103" /><ent r="3" t="13" w="103" /><ent r="3" t="14" w="39" /><ent r="3" t="14" w="39" /><ent r="4" t="14" w="129" /><ent r="4" t="14" w="129" /><ent r="64" t="15" w="55" /><ent r="64" t="15" w="55" /><ent r="7" t="15" w="341" /><ent r="7" t="15" w="341" /><ent r="64" t="22" w="62" /><ent r="64" t="22" w="62" /><ent r="7" t="22" w="214" /><ent r="7" t="22" w="214" /><ent r="4" t="26" w="328" /><ent r="4" t="26" w="328" /><ent r="4" t="27" w="373" /><ent r="4" t="27" w="373" /><ent r="3" t="27" w="786" /><ent r="3" t="27" w="786" /><ent r="3" t="27" w="813" /><ent r="3" t="27" w="813" /><ent r="3" t="27" w="829" /><ent r="3" t="27" w="829" /><ent r="3" t="27" w="838" /><ent r="3" t="27" w="838" /><ent r="4" t="27" w="877" /><ent r="64" t="31" w="90" /><ent r="64" t="31" w="90" /><ent r="4" t="31" w="944" /><ent r="67" t="32" w="654" /><ent r="67" t="32" w="654" /><ent r="3" t="36" w="137" /><ent r="3" t="36" w="137" /><ent r="7" t="36" w="591" /><ent r="7" t="36" w="601" /><ent r="7" t="36" w="601" /><ent r="7" t="38" w="246" /><ent r="7" t="38" w="246" /><ent r="6" t="44" w="271" /><ent r="6" t="44" w="271" /></phr></stem></index>