<?xml version="1.0" encoding="utf-8"?><index><stem n="eloa"><phr n="Reload"><ent r="5" t="17" w="234" /><ent r="5" t="17" w="234" /><ent r="65" t="17" w="240" /><ent r="65" t="17" w="240" /><ent r="65" t="17" w="748" /><ent r="65" t="17" w="748" /><ent r="82" t="34" w="1169" /><ent r="82" t="34" w="1169" /><ent r="3" t="34" w="1172" /><ent r="3" t="34" w="1172" /><ent r="4" t="34" w="1193" /><ent r="4" t="34" w="1193" /><ent r="6" t="35" w="161" /><ent r="6" t="35" w="161" /></phr><phr n="Reloading"><ent r="3" t="34" w="1196" /><ent r="3" t="34" w="1196" /><ent r="4" t="34" w="1247" /><ent r="4" t="34" w="1247" /></phr><phr n="reloaded"><ent r="6" t="35" w="338" /><ent r="6" t="35" w="338" /></phr></stem><stem n="reloa"><phr n="Reload"><ent r="5" t="17" w="234" /><ent r="5" t="17" w="234" /><ent r="65" t="17" w="240" /><ent r="65" t="17" w="240" /><ent r="65" t="17" w="748" /><ent r="65" t="17" w="748" /><ent r="82" t="34" w="1169" /><ent r="82" t="34" w="1169" /><ent r="3" t="34" w="1172" /><ent r="3" t="34" w="1172" /><ent r="4" t="34" w="1193" /><ent r="4" t="34" w="1193" /><ent r="6" t="35" w="161" /><ent r="6" t="35" w="161" /></phr><phr n="Reloading"><ent r="3" t="34" w="1196" /><ent r="3" t="34" w="1196" /><ent r="4" t="34" w="1247" /><ent r="4" t="34" w="1247" /></phr><phr n="reloaded"><ent r="6" t="35" w="338" /><ent r="6" t="35" w="338" /></phr></stem><stem n="eload"><phr n="Reload"><ent r="5" t="17" w="234" /><ent r="5" t="17" w="234" /><ent r="65" t="17" w="240" /><ent r="65" t="17" w="240" /><ent r="65" t="17" w="748" /><ent r="65" t="17" w="748" /><ent r="82" t="34" w="1169" /><ent r="82" t="34" w="1169" /><ent r="3" t="34" w="1172" /><ent r="3" t="34" w="1172" /><ent r="4" t="34" w="1193" /><ent r="4" t="34" w="1193" /><ent r="6" t="35" w="161" /><ent r="6" t="35" w="161" /></phr><phr n="Reloading"><ent r="3" t="34" w="1196" /><ent r="3" t="34" w="1196" /><ent r="4" t="34" w="1247" /><ent r="4" t="34" w="1247" /></phr><phr n="reloaded"><ent r="6" t="35" w="338" /><ent r="6" t="35" w="338" /></phr></stem><stem n="aded"><phr n="uploaded"><ent r="3" t="17" w="264" /><ent r="3" t="17" w="303" /><ent r="3" t="32" w="115" /><ent r="3" t="32" w="115" /><ent r="7" t="35" w="450" /><ent r="7" t="35" w="450" /><ent r="7" t="35" w="480" /><ent r="7" t="35" w="480" /><ent r="7" t="35" w="494" /><ent r="7" t="35" w="494" /></phr><phr n="downloaded"><ent r="4" t="28" w="62" /><ent r="6" t="35" w="374" /><ent r="6" t="35" w="374" /><ent r="6" t="36" w="1582" /><ent r="7" t="36" w="1712" /></phr><phr n="reloaded"><ent r="6" t="35" w="338" /><ent r="6" t="35" w="338" /></phr><phr n="loaded"><ent r="7" t="36" w="308" /><ent r="7" t="36" w="434" /></phr></stem><stem n="oade"><phr n="uploaded"><ent r="3" t="17" w="264" /><ent r="3" t="17" w="303" /><ent r="3" t="32" w="115" /><ent r="3" t="32" w="115" /><ent r="7" t="35" w="450" /><ent r="7" t="35" w="450" /><ent r="7" t="35" w="480" /><ent r="7" t="35" w="480" /><ent r="7" t="35" w="494" /><ent r="7" t="35" w="494" /></phr><phr n="downloaded"><ent r="4" t="28" w="62" /><ent r="6" t="35" w="374" /><ent r="6" t="35" w="374" /><ent r="6" t="36" w="1582" /><ent r="7" t="36" w="1712" /></phr><phr n="reloaded"><ent r="6" t="35" w="338" /><ent r="6" t="35" w="338" /></phr><phr n="loaded"><ent r="7" t="36" w="308" /><ent r="7" t="36" w="434" /></phr></stem><stem n="loade"><phr n="uploaded"><ent r="3" t="17" w="264" /><ent r="3" t="17" w="303" /><ent r="3" t="32" w="115" /><ent r="3" t="32" w="115" /><ent r="7" t="35" w="450" /><ent r="7" t="35" w="450" /><ent r="7" t="35" w="480" /><ent r="7" t="35" w="480" /><ent r="7" t="35" w="494" /><ent r="7" t="35" w="494" /></phr><phr n="downloaded"><ent r="4" t="28" w="62" /><ent r="6" t="35" w="374" /><ent r="6" t="35" w="374" /><ent r="6" t="36" w="1582" /><ent r="7" t="36" w="1712" /></phr><phr n="reloaded"><ent r="6" t="35" w="338" /><ent r="6" t="35" w="338" /></phr><phr n="loaded"><ent r="7" t="36" w="308" /><ent r="7" t="36" w="434" /></phr></stem><stem n="oaded"><phr n="uploaded"><ent r="3" t="17" w="264" /><ent r="3" t="17" w="303" /><ent r="3" t="32" w="115" /><ent r="3" t="32" w="115" /><ent r="7" t="35" w="450" /><ent r="7" t="35" w="450" /><ent r="7" t="35" w="480" /><ent r="7" t="35" w="480" /><ent r="7" t="35" w="494" /><ent r="7" t="35" w="494" /></phr><phr n="downloaded"><ent r="4" t="28" w="62" /><ent r="6" t="35" w="374" /><ent r="6" t="35" w="374" /><ent r="6" t="36" w="1582" /><ent r="7" t="36" w="1712" /></phr><phr n="reloaded"><ent r="6" t="35" w="338" /><ent r="6" t="35" w="338" /></phr><phr n="loaded"><ent r="7" t="36" w="308" /><ent r="7" t="36" w="434" /></phr></stem><stem n="ploade"><phr n="uploaded"><ent r="3" t="17" w="264" /><ent r="3" t="17" w="303" /><ent r="3" t="32" w="115" /><ent r="3" t="32" w="115" /><ent r="7" t="35" w="450" /><ent r="7" t="35" w="450" /><ent r="7" t="35" w="480" /><ent r="7" t="35" w="480" /><ent r="7" t="35" w="494" /><ent r="7" t="35" w="494" /></phr></stem><stem n="loaded"><phr n="uploaded"><ent r="3" t="17" w="264" /><ent r="3" t="17" w="303" /><ent r="3" t="32" w="115" /><ent r="3" t="32" w="115" /><ent r="7" t="35" w="450" /><ent r="7" t="35" w="450" /><ent r="7" t="35" w="480" /><ent r="7" t="35" w="480" /><ent r="7" t="35" w="494" /><ent r="7" t="35" w="494" /></phr><phr n="downloaded"><ent r="4" t="28" w="62" /><ent r="6" t="35" w="374" /><ent r="6" t="35" w="374" /><ent r="6" t="36" w="1582" /><ent r="7" t="36" w="1712" /></phr><phr n="reloaded"><ent r="6" t="35" w="338" /><ent r="6" t="35" w="338" /></phr><phr n="loaded"><ent r="7" t="36" w="308" /><ent r="7" t="36" w="434" /></phr></stem><stem n="uploade"><phr n="uploaded"><ent r="3" t="17" w="264" /><ent r="3" t="17" w="303" /><ent r="3" t="32" w="115" /><ent r="3" t="32" w="115" /><ent r="7" t="35" w="450" /><ent r="7" t="35" w="450" /><ent r="7" t="35" w="480" /><ent r="7" t="35" w="480" /><ent r="7" t="35" w="494" /><ent r="7" t="35" w="494" /></phr></stem><stem n="ploaded"><phr n="uploaded"><ent r="3" t="17" w="264" /><ent r="3" t="17" w="303" /><ent r="3" t="32" w="115" /><ent r="3" t="32" w="115" /><ent r="7" t="35" w="450" /><ent r="7" t="35" w="450" /><ent r="7" t="35" w="480" /><ent r="7" t="35" w="480" /><ent r="7" t="35" w="494" /><ent r="7" t="35" w="494" /></phr></stem><stem n="uploaded"><phr n="uploaded"><ent r="3" t="17" w="264" /><ent r="3" t="17" w="303" /><ent r="3" t="32" w="115" /><ent r="3" t="32" w="115" /><ent r="7" t="35" w="450" /><ent r="7" t="35" w="450" /><ent r="7" t="35" w="480" /><ent r="7" t="35" w="480" /><ent r="7" t="35" w="494" /><ent r="7" t="35" w="494" /></phr></stem><stem n="nloadi"><phr n="downloading"><ent r="3" t="17" w="277" /><ent r="3" t="17" w="277" /><ent r="3" t="17" w="820" /><ent r="3" t="17" w="820" /><ent r="100" t="28" w="166" /><ent r="100" t="28" w="166" /><ent r="7" t="28" w="243" /><ent r="7" t="28" w="243" /><ent r="7" t="28" w="258" /><ent r="7" t="28" w="258" /><ent r="100" t="39" w="20" /><ent r="100" t="39" w="20" /></phr></stem><stem n="wnloadi"><phr n="downloading"><ent r="3" t="17" w="277" /><ent r="3" t="17" w="277" /><ent r="3" t="17" w="820" /><ent r="3" t="17" w="820" /><ent r="100" t="28" w="166" /><ent r="100" t="28" w="166" /><ent r="7" t="28" w="243" /><ent r="7" t="28" w="243" /><ent r="7" t="28" w="258" /><ent r="7" t="28" w="258" /><ent r="100" t="39" w="20" /><ent r="100" t="39" w="20" /></phr></stem><stem n="nloadin"><phr n="downloading"><ent r="3" t="17" w="277" /><ent r="3" t="17" w="277" /><ent r="3" t="17" w="820" /><ent r="3" t="17" w="820" /><ent r="100" t="28" w="166" /><ent r="100" t="28" w="166" /><ent r="7" t="28" w="243" /><ent r="7" t="28" w="243" /><ent r="7" t="28" w="258" /><ent r="7" t="28" w="258" /><ent r="100" t="39" w="20" /><ent r="100" t="39" w="20" /></phr></stem><stem n="ownloadi"><phr n="downloading"><ent r="3" t="17" w="277" /><ent r="3" t="17" w="277" /><ent r="3" t="17" w="820" /><ent r="3" t="17" w="820" /><ent r="100" t="28" w="166" /><ent r="100" t="28" w="166" /><ent r="7" t="28" w="243" /><ent r="7" t="28" w="243" /><ent r="7" t="28" w="258" /><ent r="7" t="28" w="258" /><ent r="100" t="39" w="20" /><ent r="100" t="39" w="20" /></phr></stem><stem n="wnloadin"><phr n="downloading"><ent r="3" t="17" w="277" /><ent r="3" t="17" w="277" /><ent r="3" t="17" w="820" /><ent r="3" t="17" w="820" /><ent r="100" t="28" w="166" /><ent r="100" t="28" w="166" /><ent r="7" t="28" w="243" /><ent r="7" t="28" w="243" /><ent r="7" t="28" w="258" /><ent r="7" t="28" w="258" /><ent r="100" t="39" w="20" /><ent r="100" t="39" w="20" /></phr></stem><stem n="nloading"><phr n="downloading"><ent r="3" t="17" w="277" /><ent r="3" t="17" w="277" /><ent r="3" t="17" w="820" /><ent r="3" t="17" w="820" /><ent r="100" t="28" w="166" /><ent r="100" t="28" w="166" /><ent r="7" t="28" w="243" /><ent r="7" t="28" w="243" /><ent r="7" t="28" w="258" /><ent r="7" t="28" w="258" /><ent r="100" t="39" w="20" /><ent r="100" t="39" w="20" /></phr></stem><stem n="downloadi"><phr n="downloading"><ent r="3" t="17" w="277" /><ent r="3" t="17" w="277" /><ent r="3" t="17" w="820" /><ent r="3" t="17" w="820" /><ent r="100" t="28" w="166" /><ent r="100" t="28" w="166" /><ent r="7" t="28" w="243" /><ent r="7" t="28" w="243" /><ent r="7" t="28" w="258" /><ent r="7" t="28" w="258" /><ent r="100" t="39" w="20" /><ent r="100" t="39" w="20" /></phr></stem><stem n="ownloadin"><phr n="downloading"><ent r="3" t="17" w="277" /><ent r="3" t="17" w="277" /><ent r="3" t="17" w="820" /><ent r="3" t="17" w="820" /><ent r="100" t="28" w="166" /><ent r="100" t="28" w="166" /><ent r="7" t="28" w="243" /><ent r="7" t="28" w="243" /><ent r="7" t="28" w="258" /><ent r="7" t="28" w="258" /><ent r="100" t="39" w="20" /><ent r="100" t="39" w="20" /></phr></stem><stem n="wnloading"><phr n="downloading"><ent r="3" t="17" w="277" /><ent r="3" t="17" w="277" /><ent r="3" t="17" w="820" /><ent r="3" t="17" w="820" /><ent r="100" t="28" w="166" /><ent r="100" t="28" w="166" /><ent r="7" t="28" w="243" /><ent r="7" t="28" w="243" /><ent r="7" t="28" w="258" /><ent r="7" t="28" w="258" /><ent r="100" t="39" w="20" /><ent r="100" t="39" w="20" /></phr></stem><stem n="downloadin"><phr n="downloading"><ent r="3" t="17" w="277" /><ent r="3" t="17" w="277" /><ent r="3" t="17" w="820" /><ent r="3" t="17" w="820" /><ent r="100" t="28" w="166" /><ent r="100" t="28" w="166" /><ent r="7" t="28" w="243" /><ent r="7" t="28" w="243" /><ent r="7" t="28" w="258" /><ent r="7" t="28" w="258" /><ent r="100" t="39" w="20" /><ent r="100" t="39" w="20" /></phr></stem><stem n="ownloading"><phr n="downloading"><ent r="3" t="17" w="277" /><ent r="3" t="17" w="277" /><ent r="3" t="17" w="820" /><ent r="3" t="17" w="820" /><ent r="100" t="28" w="166" /><ent r="100" t="28" w="166" /><ent r="7" t="28" w="243" /><ent r="7" t="28" w="243" /><ent r="7" t="28" w="258" /><ent r="7" t="28" w="258" /><ent r="100" t="39" w="20" /><ent r="100" t="39" w="20" /></phr></stem><stem n="downloading"><phr n="downloading"><ent r="3" t="17" w="277" /><ent r="3" t="17" w="277" /><ent r="3" t="17" w="820" /><ent r="3" t="17" w="820" /><ent r="100" t="28" w="166" /><ent r="100" t="28" w="166" /><ent r="7" t="28" w="243" /><ent r="7" t="28" w="243" /><ent r="7" t="28" w="258" /><ent r="7" t="28" w="258" /><ent r="100" t="39" w="20" /><ent r="100" t="39" w="20" /></phr></stem><stem n="panel"><phr n="panel"><ent r="4" t="17" w="308" /><ent r="4" t="17" w="439" /><ent r="3" t="17" w="474" /><ent r="3" t="17" w="474" /><ent r="3" t="17" w="507" /><ent r="3" t="17" w="507" /></phr></stem><stem n="pane"><phr n="panel"><ent r="4" t="17" w="308" /><ent r="4" t="17" w="439" /><ent r="3" t="17" w="474" /><ent r="3" t="17" w="474" /><ent r="3" t="17" w="507" /><ent r="3" t="17" w="507" /></phr></stem><stem n="anel"><phr n="panel"><ent r="4" t="17" w="308" /><ent r="4" t="17" w="439" /><ent r="3" t="17" w="474" /><ent r="3" t="17" w="474" /><ent r="3" t="17" w="507" /><ent r="3" t="17" w="507" /></phr></stem><stem n="preserv"><phr n="preserve"><ent r="4" t="17" w="328" /><ent r="4" t="17" w="328" /></phr></stem><stem n="rese"><phr n="preserve"><ent r="4" t="17" w="328" /><ent r="4" t="17" w="328" /></phr><phr n="Resetting"><ent r="1000" t="25" w="1" /><ent r="1000" t="25" w="1" /><ent r="100" t="25" w="5" /><ent r="100" t="25" w="5" /><ent r="102" t="25" w="12" /><ent r="102" t="25" w="12" /></phr><phr n="resetting"><ent r="100" t="25" w="10" /><ent r="100" t="25" w="10" /></phr><phr n="reset"><ent r="3" t="25" w="19" /><ent r="3" t="25" w="19" /><ent r="3" t="25" w="44" /><ent r="3" t="25" w="44" /><ent r="4" t="25" w="49" /><ent r="4" t="25" w="49" /><ent r="4" t="25" w="81" /><ent r="4" t="25" w="103" /><ent r="4" t="25" w="103" /><ent r="6" t="41" w="94" /><ent r="6" t="41" w="94" /></phr><phr n="Reset"><ent r="4" t="25" w="85" /><ent r="4" t="25" w="85" /><ent r="5" t="25" w="100" /><ent r="5" t="25" w="100" /></phr><phr n="presence"><ent r="3" t="27" w="600" /><ent r="3" t="27" w="600" /></phr><phr n="present"><ent r="3" t="27" w="630" /></phr><phr n="preset"><ent r="4" t="31" w="61" /><ent r="4" t="31" w="61" /></phr><phr n="presets"><ent r="3" t="31" w="181" /><ent r="3" t="31" w="181" /></phr><phr n="represents"><ent r="4" t="42" w="139" /><ent r="4" t="42" w="139" /></phr><phr n="representation"><ent r="3" t="45" w="50" /><ent r="3" t="45" w="50" /></phr></stem><stem n="eser"><phr n="preserve"><ent r="4" t="17" w="328" /><ent r="4" t="17" w="328" /></phr></stem><stem n="prese"><phr n="preserve"><ent r="4" t="17" w="328" /><ent r="4" t="17" w="328" /></phr><phr n="presence"><ent r="3" t="27" w="600" /><ent r="3" t="27" w="600" /></phr><phr n="present"><ent r="3" t="27" w="630" /></phr><phr n="preset"><ent r="4" t="31" w="61" /><ent r="4" t="31" w="61" /></phr><phr n="presets"><ent r="3" t="31" w="181" /><ent r="3" t="31" w="181" /></phr><phr n="represents"><ent r="4" t="42" w="139" /><ent r="4" t="42" w="139" /></phr><phr n="representation"><ent r="3" t="45" w="50" /><ent r="3" t="45" w="50" /></phr></stem><stem n="reser"><phr n="preserve"><ent r="4" t="17" w="328" /><ent r="4" t="17" w="328" /></phr></stem><stem n="eserv"><phr n="preserve"><ent r="4" t="17" w="328" /><ent r="4" t="17" w="328" /></phr></stem><stem n="preser"><phr n="preserve"><ent r="4" t="17" w="328" /><ent r="4" t="17" w="328" /></phr></stem><stem n="reserv"><phr n="preserve"><ent r="4" t="17" w="328" /><ent r="4" t="17" w="328" /></phr></stem><stem n="eserve"><phr n="preserve"><ent r="4" t="17" w="328" /><ent r="4" t="17" w="328" /></phr></stem><stem n="reserve"><phr n="preserve"><ent r="4" t="17" w="328" /><ent r="4" t="17" w="328" /></phr></stem><stem n="preserve"><phr n="preserve"><ent r="4" t="17" w="328" /><ent r="4" t="17" w="328" /></phr></stem><stem n="structur"><phr n="structure"><ent r="4" t="17" w="331" /><ent r="4" t="17" w="331" /><ent r="3" t="34" w="696" /><ent r="4" t="34" w="1378" /><ent r="4" t="34" w="1378" /></phr></stem><stem n="ctur"><phr n="structure"><ent r="4" t="17" w="331" /><ent r="4" t="17" w="331" /><ent r="3" t="34" w="696" /><ent r="4" t="34" w="1378" /><ent r="4" t="34" w="1378" /></phr></stem><stem n="uctu"><phr n="structure"><ent r="4" t="17" w="331" /><ent r="4" t="17" w="331" /><ent r="3" t="34" w="696" /><ent r="4" t="34" w="1378" /><ent r="4" t="34" w="1378" /></phr></stem><stem n="ructu"><phr n="structure"><ent r="4" t="17" w="331" /><ent r="4" t="17" w="331" /><ent r="3" t="34" w="696" /><ent r="4" t="34" w="1378" /><ent r="4" t="34" w="1378" /></phr></stem><stem n="uctur"><phr n="structure"><ent r="4" t="17" w="331" /><ent r="4" t="17" w="331" /><ent r="3" t="34" w="696" /><ent r="4" t="34" w="1378" /><ent r="4" t="34" w="1378" /></phr></stem><stem n="cture"><phr n="structure"><ent r="4" t="17" w="331" /><ent r="4" t="17" w="331" /><ent r="3" t="34" w="696" /><ent r="4" t="34" w="1378" /><ent r="4" t="34" w="1378" /></phr></stem><stem n="tructu"><phr n="structure"><ent r="4" t="17" w="331" /><ent r="4" t="17" w="331" /><ent r="3" t="34" w="696" /><ent r="4" t="34" w="1378" /><ent r="4" t="34" w="1378" /></phr></stem><stem n="ructur"><phr n="structure"><ent r="4" t="17" w="331" /><ent r="4" t="17" w="331" /><ent r="3" t="34" w="696" /><ent r="4" t="34" w="1378" /><ent r="4" t="34" w="1378" /></phr></stem><stem n="ucture"><phr n="structure"><ent r="4" t="17" w="331" /><ent r="4" t="17" w="331" /><ent r="3" t="34" w="696" /><ent r="4" t="34" w="1378" /><ent r="4" t="34" w="1378" /></phr></stem><stem n="structu"><phr n="structure"><ent r="4" t="17" w="331" /><ent r="4" t="17" w="331" /><ent r="3" t="34" w="696" /><ent r="4" t="34" w="1378" /><ent r="4" t="34" w="1378" /></phr></stem><stem n="tructur"><phr n="structure"><ent r="4" t="17" w="331" /><ent r="4" t="17" w="331" /><ent r="3" t="34" w="696" /><ent r="4" t="34" w="1378" /><ent r="4" t="34" w="1378" /></phr></stem><stem n="ructure"><phr n="structure"><ent r="4" t="17" w="331" /><ent r="4" t="17" w="331" /><ent r="3" t="34" w="696" /><ent r="4" t="34" w="1378" /><ent r="4" t="34" w="1378" /></phr></stem><stem n="tructure"><phr n="structure"><ent r="4" t="17" w="331" /><ent r="4" t="17" w="331" /><ent r="3" t="34" w="696" /><ent r="4" t="34" w="1378" /><ent r="4" t="34" w="1378" /></phr></stem><stem n="structure"><phr n="structure"><ent r="4" t="17" w="331" /><ent r="4" t="17" w="331" /><ent r="3" t="34" w="696" /><ent r="4" t="34" w="1378" /><ent r="4" t="34" w="1378" /></phr></stem><stem n="leav"><phr n="leave"><ent r="4" t="17" w="348" /><ent r="4" t="17" w="348" /><ent r="4" t="34" w="1485" /><ent r="4" t="34" w="1485" /></phr><phr n="Leave"><ent r="4" t="27" w="713" /><ent r="4" t="27" w="713" /></phr></stem><stem n="eave"><phr n="leave"><ent r="4" t="17" w="348" /><ent r="4" t="17" w="348" /><ent r="4" t="34" w="1485" /><ent r="4" t="34" w="1485" /></phr><phr n="Leave"><ent r="4" t="27" w="713" /><ent r="4" t="27" w="713" /></phr></stem><stem n="leave"><phr n="leave"><ent r="4" t="17" w="348" /><ent r="4" t="17" w="348" /><ent r="4" t="34" w="1485" /><ent r="4" t="34" w="1485" /></phr><phr n="Leave"><ent r="4" t="27" w="713" /><ent r="4" t="27" w="713" /></phr></stem><stem n="unselect"><phr n="unselected"><ent r="4" t="17" w="352" /></phr><phr n="unselect"><ent r="3" t="34" w="1360" /><ent r="3" t="34" w="1360" /></phr></stem><stem n="unse"><phr n="unselected"><ent r="4" t="17" w="352" /></phr><phr n="unselect"><ent r="3" t="34" w="1360" /><ent r="3" t="34" w="1360" /></phr></stem><stem n="nsel"><phr n="unselected"><ent r="4" t="17" w="352" /></phr><phr n="unselect"><ent r="3" t="34" w="1360" /><ent r="3" t="34" w="1360" /></phr></stem><stem n="unsel"><phr n="unselected"><ent r="4" t="17" w="352" /></phr><phr n="unselect"><ent r="3" t="34" w="1360" /><ent r="3" t="34" w="1360" /></phr></stem><stem n="nsele"><phr n="unselected"><ent r="4" t="17" w="352" /></phr><phr n="unselect"><ent r="3" t="34" w="1360" /><ent r="3" t="34" w="1360" /></phr></stem><stem n="unsele"><phr n="unselected"><ent r="4" t="17" w="352" /></phr><phr n="unselect"><ent r="3" t="34" w="1360" /><ent r="3" t="34" w="1360" /></phr></stem><stem n="nselec"><phr n="unselected"><ent r="4" t="17" w="352" /></phr><phr n="unselect"><ent r="3" t="34" w="1360" /><ent r="3" t="34" w="1360" /></phr></stem><stem n="unselec"><phr n="unselected"><ent r="4" t="17" w="352" /></phr><phr n="unselect"><ent r="3" t="34" w="1360" /><ent r="3" t="34" w="1360" /></phr></stem><stem n="nselect"><phr n="unselected"><ent r="4" t="17" w="352" /></phr><phr n="unselect"><ent r="3" t="34" w="1360" /><ent r="3" t="34" w="1360" /></phr></stem><stem n="nselecte"><phr n="unselected"><ent r="4" t="17" w="352" /></phr></stem><stem n="unselecte"><phr n="unselected"><ent r="4" t="17" w="352" /></phr></stem><stem n="nselected"><phr n="unselected"><ent r="4" t="17" w="352" /></phr></stem><stem n="unselected"><phr n="unselected"><ent r="4" t="17" w="352" /></phr></stem><stem n="flatten"><phr n="flattened"><ent r="4" t="17" w="356" /><ent r="4" t="34" w="1401" /></phr></stem><stem n="flat"><phr n="flattened"><ent r="4" t="17" w="356" /><ent r="4" t="34" w="1401" /></phr><phr n="flat"><ent r="3" t="34" w="694" /><ent r="3" t="34" w="694" /></phr></stem><stem n="latt"><phr n="flattened"><ent r="4" t="17" w="356" /><ent r="4" t="34" w="1401" /></phr></stem><stem n="ened"><phr n="flattened"><ent r="4" t="17" w="356" /><ent r="4" t="34" w="1401" /></phr></stem><stem n="flatt"><phr n="flattened"><ent r="4" t="17" w="356" /><ent r="4" t="34" w="1401" /></phr></stem><stem n="latte"><phr n="flattened"><ent r="4" t="17" w="356" /><ent r="4" t="34" w="1401" /></phr></stem><stem n="ttene"><phr n="flattened"><ent r="4" t="17" w="356" /><ent r="4" t="34" w="1401" /></phr></stem><stem n="tened"><phr n="flattened"><ent r="4" t="17" w="356" /><ent r="4" t="34" w="1401" /></phr></stem><stem n="flatte"><phr n="flattened"><ent r="4" t="17" w="356" /><ent r="4" t="34" w="1401" /></phr></stem><stem n="latten"><phr n="flattened"><ent r="4" t="17" w="356" /><ent r="4" t="34" w="1401" /></phr></stem><stem n="attene"><phr n="flattened"><ent r="4" t="17" w="356" /><ent r="4" t="34" w="1401" /></phr></stem><stem n="ttened"><phr n="flattened"><ent r="4" t="17" w="356" /><ent r="4" t="34" w="1401" /></phr></stem><stem n="lattene"><phr n="flattened"><ent r="4" t="17" w="356" /><ent r="4" t="34" w="1401" /></phr></stem><stem n="attened"><phr n="flattened"><ent r="4" t="17" w="356" /><ent r="4" t="34" w="1401" /></phr></stem><stem n="flattene"><phr n="flattened"><ent r="4" t="17" w="356" /><ent r="4" t="34" w="1401" /></phr></stem><stem n="lattened"><phr n="flattened"><ent r="4" t="17" w="356" /><ent r="4" t="34" w="1401" /></phr></stem><stem n="flattened"><phr n="flattened"><ent r="4" t="17" w="356" /><ent r="4" t="34" w="1401" /></phr></stem><stem n="items"><phr n="items"><ent r="4" t="17" w="375" /><ent r="4" t="17" w="375" /><ent r="3" t="17" w="393" /><ent r="3" t="17" w="393" /><ent r="5" t="17" w="540" /><ent r="5" t="17" w="540" /><ent r="4" t="26" w="298" /><ent r="4" t="26" w="298" /><ent r="3" t="34" w="618" /><ent r="3" t="34" w="618" /><ent r="3" t="34" w="1343" /><ent r="3" t="34" w="1343" /><ent r="3" t="34" w="1356" /><ent r="3" t="34" w="1362" /><ent r="3" t="34" w="1362" /><ent r="5" t="34" w="1535" /><ent r="5" t="34" w="1535" /><ent r="4" t="34" w="1543" /><ent r="4" t="34" w="1543" /><ent r="5" t="34" w="1653" /><ent r="5" t="34" w="1653" /></phr><phr n="Items"><ent r="65" t="17" w="385" /><ent r="65" t="17" w="385" /><ent r="65" t="17" w="548" /><ent r="65" t="17" w="548" /><ent r="3" t="34" w="247" /><ent r="3" t="34" w="247" /><ent r="82" t="34" w="1318" /><ent r="82" t="34" w="1318" /><ent r="3" t="34" w="1324" /><ent r="3" t="34" w="1324" /><ent r="3" t="34" w="1805" /><ent r="3" t="34" w="1805" /></phr></stem><stem n="boxe"><phr n="boxes"><ent r="4" t="17" w="381" /><ent r="4" t="17" w="543" /><ent r="4" t="17" w="543" /></phr></stem><stem n="oxes"><phr n="boxes"><ent r="4" t="17" w="381" /><ent r="4" t="17" w="543" /><ent r="4" t="17" w="543" /></phr></stem><stem n="boxes"><phr n="boxes"><ent r="4" t="17" w="381" /><ent r="4" t="17" w="543" /><ent r="4" t="17" w="543" /></phr></stem><stem n="ctin"><phr n="Selecting"><ent r="3" t="17" w="391" /><ent r="3" t="17" w="391" /><ent r="4" t="26" w="290" /><ent r="4" t="26" w="290" /><ent r="4" t="34" w="2087" /><ent r="4" t="34" w="2087" /></phr><phr n="selecting"><ent r="3" t="34" w="1349" /><ent r="3" t="34" w="1349" /><ent r="4" t="34" w="1562" /><ent r="4" t="34" w="1562" /><ent r="4" t="34" w="1831" /><ent r="4" t="34" w="1831" /><ent r="4" t="34" w="2098" /><ent r="4" t="34" w="2098" /><ent r="4" t="34" w="2147" /><ent r="4" t="34" w="2147" /><ent r="6" t="35" w="287" /><ent r="6" t="35" w="287" /></phr></stem><stem n="lecti"><phr n="Selecting"><ent r="3" t="17" w="391" /><ent r="3" t="17" w="391" /><ent r="4" t="26" w="290" /><ent r="4" t="26" w="290" /><ent r="4" t="34" w="2087" /><ent r="4" t="34" w="2087" /></phr><phr n="Selection"><ent r="4" t="18" w="55" /><ent r="4" t="18" w="55" /><ent r="5" t="26" w="196" /><ent r="5" t="26" w="196" /><ent r="8" t="36" w="457" /><ent r="8" t="36" w="457" /><ent r="7" t="36" w="532" /></phr><phr n="selection"><ent r="4" t="26" w="286" /><ent r="4" t="31" w="583" /><ent r="4" t="31" w="583" /></phr><phr n="selecting"><ent r="3" t="34" w="1349" /><ent r="3" t="34" w="1349" /><ent r="4" t="34" w="1562" /><ent r="4" t="34" w="1562" /><ent r="4" t="34" w="1831" /><ent r="4" t="34" w="1831" /><ent r="4" t="34" w="2098" /><ent r="4" t="34" w="2098" /><ent r="4" t="34" w="2147" /><ent r="4" t="34" w="2147" /><ent r="6" t="35" w="287" /><ent r="6" t="35" w="287" /></phr></stem><stem n="ectin"><phr n="Selecting"><ent r="3" t="17" w="391" /><ent r="3" t="17" w="391" /><ent r="4" t="26" w="290" /><ent r="4" t="26" w="290" /><ent r="4" t="34" w="2087" /><ent r="4" t="34" w="2087" /></phr><phr n="selecting"><ent r="3" t="34" w="1349" /><ent r="3" t="34" w="1349" /><ent r="4" t="34" w="1562" /><ent r="4" t="34" w="1562" /><ent r="4" t="34" w="1831" /><ent r="4" t="34" w="1831" /><ent r="4" t="34" w="2098" /><ent r="4" t="34" w="2098" /><ent r="4" t="34" w="2147" /><ent r="4" t="34" w="2147" /><ent r="6" t="35" w="287" /><ent r="6" t="35" w="287" /></phr></stem><stem n="cting"><phr n="Selecting"><ent r="3" t="17" w="391" /><ent r="3" t="17" w="391" /><ent r="4" t="26" w="290" /><ent r="4" t="26" w="290" /><ent r="4" t="34" w="2087" /><ent r="4" t="34" w="2087" /></phr><phr n="selecting"><ent r="3" t="34" w="1349" /><ent r="3" t="34" w="1349" /><ent r="4" t="34" w="1562" /><ent r="4" t="34" w="1562" /><ent r="4" t="34" w="1831" /><ent r="4" t="34" w="1831" /><ent r="4" t="34" w="2098" /><ent r="4" t="34" w="2098" /><ent r="4" t="34" w="2147" /><ent r="4" t="34" w="2147" /><ent r="6" t="35" w="287" /><ent r="6" t="35" w="287" /></phr></stem><stem n="electi"><phr n="Selecting"><ent r="3" t="17" w="391" /><ent r="3" t="17" w="391" /><ent r="4" t="26" w="290" /><ent r="4" t="26" w="290" /><ent r="4" t="34" w="2087" /><ent r="4" t="34" w="2087" /></phr><phr n="Selection"><ent r="4" t="18" w="55" /><ent r="4" t="18" w="55" /><ent r="5" t="26" w="196" /><ent r="5" t="26" w="196" /><ent r="8" t="36" w="457" /><ent r="8" t="36" w="457" /><ent r="7" t="36" w="532" /></phr><phr n="selection"><ent r="4" t="26" w="286" /><ent r="4" t="31" w="583" /><ent r="4" t="31" w="583" /></phr><phr n="selecting"><ent r="3" t="34" w="1349" /><ent r="3" t="34" w="1349" /><ent r="4" t="34" w="1562" /><ent r="4" t="34" w="1562" /><ent r="4" t="34" w="1831" /><ent r="4" t="34" w="1831" /><ent r="4" t="34" w="2098" /><ent r="4" t="34" w="2098" /><ent r="4" t="34" w="2147" /><ent r="4" t="34" w="2147" /><ent r="6" t="35" w="287" /><ent r="6" t="35" w="287" /></phr></stem><stem n="lectin"><phr n="Selecting"><ent r="3" t="17" w="391" /><ent r="3" t="17" w="391" /><ent r="4" t="26" w="290" /><ent r="4" t="26" w="290" /><ent r="4" t="34" w="2087" /><ent r="4" t="34" w="2087" /></phr><phr n="selecting"><ent r="3" t="34" w="1349" /><ent r="3" t="34" w="1349" /><ent r="4" t="34" w="1562" /><ent r="4" t="34" w="1562" /><ent r="4" t="34" w="1831" /><ent r="4" t="34" w="1831" /><ent r="4" t="34" w="2098" /><ent r="4" t="34" w="2098" /><ent r="4" t="34" w="2147" /><ent r="4" t="34" w="2147" /><ent r="6" t="35" w="287" /><ent r="6" t="35" w="287" /></phr></stem></index>