<?xml version="1.0" encoding="utf-8"?><index><stem n="download"><phr n="Download"><ent r="8" t="4" w="325" /><ent r="6" t="4" w="380" /><ent r="6" t="4" w="388" /><ent r="6" t="4" w="395" /><ent r="3" t="4" w="545" /><ent r="3" t="4" w="561" /><ent r="3" t="4" w="600" /><ent r="5" t="4" w="615" /><ent r="3" t="17" w="811" /><ent r="7" t="28" w="160" /><ent r="8" t="28" w="210" /><ent r="7" t="28" w="225" /><ent r="6" t="28" w="344" /><ent r="6" t="28" w="353" /><ent r="7" t="35" w="270" /><ent r="6" t="35" w="354" /><ent r="6" t="35" w="382" /><ent r="4" t="36" w="220" /><ent r="7" t="36" w="1532" /><ent r="7" t="36" w="1593" /><ent r="3" t="38" w="28" /><ent r="7" t="38" w="72" /><ent r="6" t="38" w="126" /><ent r="6" t="38" w="133" /><ent r="100" t="39" w="13" /><ent r="7" t="39" w="138" /><ent r="6" t="39" w="170" /><ent r="6" t="39" w="177" /></phr><phr n="downloads"><ent r="4" t="9" w="231" /><ent r="6" t="36" w="1534" /><ent r="6" t="36" w="1596" /></phr><phr n="downloading"><ent r="3" t="17" w="278" /><ent r="3" t="17" w="822" /><ent r="100" t="28" w="166" /><ent r="7" t="28" w="243" /><ent r="7" t="28" w="258" /><ent r="100" t="39" w="20" /></phr><phr n="downloaded"><ent r="4" t="28" w="62" /><ent r="6" t="35" w="374" /><ent r="6" t="36" w="1585" /><ent r="7" t="36" w="1715" /></phr></stem><stem n="prompt"><phr n="prompted"><ent r="7" t="4" w="329" /><ent r="7" t="4" w="363" /><ent r="7" t="4" w="464" /><ent r="4" t="4" w="619" /><ent r="4" t="7" w="268" /><ent r="4" t="8" w="112" /><ent r="4" t="11" w="350" /><ent r="3" t="12" w="81" /><ent r="4" t="12" w="266" /><ent r="3" t="31" w="1535" /></phr><phr n="prompt"><ent r="4" t="5" w="187" /><ent r="4" t="46" w="165" /></phr><phr n="prompts"><ent r="3" t="8" w="85" /><ent r="3" t="8" w="104" /></phr></stem><stem n="open"><phr n="open"><ent r="7" t="4" w="365" /><ent r="4" t="4" w="621" /><ent r="5" t="8" w="162" /><ent r="4" t="14" w="216" /><ent r="4" t="15" w="130" /><ent r="4" t="16" w="238" /><ent r="4" t="17" w="204" /><ent r="3" t="17" w="845" /><ent r="3" t="18" w="32" /><ent r="4" t="19" w="55" /><ent r="4" t="20" w="52" /><ent r="4" t="21" w="53" /><ent r="4" t="23" w="157" /><ent r="4" t="24" w="118" /><ent r="4" t="25" w="60" /><ent r="7" t="28" w="236" /><ent r="3" t="31" w="134" /><ent r="3" t="42" w="525" /></phr><phr n="opens"><ent r="4" t="46" w="162" /></phr></stem><stem n="reissu"><phr n="reissue"><ent r="6" t="4" w="393" /></phr></stem><stem n="command"><phr n="command"><ent r="6" t="4" w="396" /><ent r="4" t="46" w="164" /></phr></stem><stem n="specifi"><phr n="specify"><ent r="7" t="4" w="404" /><ent r="4" t="4" w="633" /><ent r="9" t="16" w="918" /><ent r="4" t="18" w="57" /><ent r="4" t="26" w="382" /><ent r="4" t="26" w="404" /><ent r="4" t="26" w="473" /><ent r="4" t="26" w="503" /><ent r="3" t="26" w="591" /><ent r="3" t="27" w="74" /><ent r="4" t="27" w="187" /><ent r="3" t="27" w="311" /><ent r="3" t="27" w="756" /><ent r="7" t="28" w="249" /><ent r="7" t="28" w="271" /><ent r="4" t="34" w="506" /><ent r="4" t="34" w="566" /><ent r="7" t="36" w="393" /><ent r="6" t="36" w="1548" /><ent r="6" t="38" w="102" /><ent r="6" t="38" w="157" /><ent r="3" t="41" w="30" /><ent r="6" t="44" w="341" /></phr><phr n="specified"><ent r="3" t="12" w="155" /><ent r="4" t="26" w="442" /><ent r="4" t="27" w="448" /><ent r="4" t="27" w="487" /><ent r="4" t="27" w="902" /><ent r="4" t="27" w="934" /><ent r="4" t="27" w="964" /><ent r="6" t="35" w="137" /><ent r="6" t="38" w="79" /><ent r="6" t="38" w="310" /></phr><phr n="specifying"><ent r="7" t="36" w="775" /><ent r="7" t="36" w="808" /></phr><phr n="specifies"><ent r="3" t="42" w="333" /></phr></stem><stem n="locat"><phr n="location"><ent r="7" t="4" w="406" /><ent r="4" t="4" w="635" /><ent r="6" t="36" w="1545" /></phr><phr n="Locate"><ent r="4" t="8" w="152" /><ent r="4" t="18" w="174" /><ent r="4" t="18" w="232" /><ent r="7" t="22" w="199" /><ent r="7" t="22" w="279" /><ent r="6" t="22" w="288" /><ent r="7" t="22" w="329" /><ent r="7" t="22" w="342" /><ent r="7" t="22" w="365" /><ent r="4" t="23" w="228" /><ent r="4" t="24" w="171" /><ent r="4" t="34" w="2121" /><ent r="4" t="34" w="2169" /><ent r="4" t="34" w="2182" /><ent r="4" t="34" w="2203" /><ent r="7" t="35" w="458" /><ent r="7" t="36" w="517" /><ent r="4" t="42" w="296" /><ent r="4" t="42" w="416" /><ent r="6" t="44" w="374" /></phr><phr n="located"><ent r="4" t="9" w="290" /></phr></stem><stem n="default"><phr n="default"><ent r="7" t="4" w="415" /><ent r="4" t="7" w="279" /><ent r="4" t="7" w="368" /><ent r="4" t="11" w="138" /><ent r="4" t="11" w="295" /><ent r="3" t="15" w="45" /><ent r="7" t="15" w="326" /><ent r="7" t="15" w="457" /><ent r="8" t="15" w="513" /><ent r="7" t="15" w="524" /><ent r="9" t="16" w="357" /><ent r="9" t="16" w="370" /><ent r="9" t="16" w="411" /><ent r="9" t="16" w="477" /><ent r="9" t="16" w="603" /><ent r="9" t="16" w="722" /><ent r="7" t="16" w="1275" /><ent r="3" t="22" w="79" /><ent r="4" t="26" w="367" /><ent r="4" t="26" w="483" /><ent r="4" t="26" w="630" /><ent r="4" t="27" w="144" /><ent r="7" t="28" w="224" /><ent r="3" t="31" w="81" /><ent r="3" t="31" w="217" /><ent r="7" t="31" w="231" /><ent r="4" t="31" w="688" /><ent r="4" t="31" w="1120" /><ent r="3" t="34" w="542" /><ent r="3" t="34" w="549" /><ent r="7" t="36" w="733" /><ent r="6" t="36" w="1550" /><ent r="4" t="42" w="506" /><ent r="6" t="44" w="262" /><ent r="100" t="45" w="13" /><ent r="7" t="45" w="67" /><ent r="7" t="45" w="254" /><ent r="3" t="46" w="46" /><ent r="7" t="46" w="330" /></phr><phr n="defaults"><ent r="4" t="7" w="315" /><ent r="3" t="31" w="1016" /></phr></stem><stem n="zip"><phr n="zip"><ent r="7" t="4" w="420" /><ent r="7" t="4" w="441" /><ent r="7" t="28" w="267" /><ent r="7" t="28" w="276" /><ent r="6" t="35" w="307" /><ent r="6" t="38" w="85" /><ent r="6" t="39" w="148" /></phr></stem><stem n="“audits.zip”."><phr n="“audits.zip”."><ent r="7" t="4" w="421" /></phr></stem><stem n="prior"><phr n="prior"><ent r="7" t="4" w="430" /><ent r="6" t="4" w="508" /></phr></stem><stem n="standard"><phr n="standard"><ent r="7" t="4" w="440" /><ent r="9" t="16" w="739" /><ent r="10" t="16" w="929" /><ent r="6" t="35" w="306" /><ent r="6" t="38" w="84" /><ent r="6" t="39" w="147" /></phr></stem><stem n=".zip"><phr n=".ZIP"><ent r="7" t="4" w="441" /><ent r="6" t="35" w="307" /><ent r="6" t="38" w="85" /><ent r="6" t="39" w="148" /></phr></stem><stem n="content"><phr n="contents"><ent r="7" t="4" w="444" /><ent r="4" t="34" w="1574" /></phr><phr n="content"><ent r="7" t="10" w="163" /><ent r="10" t="16" w="914" /><ent r="9" t="16" w="920" /><ent r="9" t="16" w="947" /><ent r="5" t="26" w="242" /><ent r="3" t="27" w="50" /><ent r="8" t="36" w="526" /><ent r="8" t="36" w="643" /><ent r="8" t="36" w="670" /></phr></stem><stem n="text"><phr n="text"><ent r="7" t="4" w="450" /><ent r="8" t="15" w="388" /><ent r="10" t="16" w="612" /><ent r="9" t="16" w="623" /><ent r="9" t="16" w="662" /><ent r="10" t="16" w="774" /><ent r="9" t="16" w="787" /><ent r="9" t="16" w="970" /><ent r="7" t="22" w="331" /><ent r="4" t="34" w="2171" /><ent r="4" t="34" w="2220" /><ent r="6" t="38" w="95" /><ent r="6" t="39" w="158" /><ent r="6" t="44" w="345" /></phr></stem><stem n="editor"><phr n="editor"><ent r="7" t="4" w="451" /><ent r="6" t="38" w="96" /><ent r="6" t="39" w="159" /></phr></stem><stem n="old"><phr n="old"><ent r="7" t="4" w="454" /><ent r="6" t="4" w="505" /><ent r="7" t="36" w="349" /><ent r="7" t="41" w="68" /><ent r="6" t="41" w="78" /><ent r="6" t="41" w="89" /></phr></stem><stem n="ag"><phr n="age"><ent r="7" t="4" w="467" /><ent r="7" t="4" w="477" /><ent r="7" t="4" w="490" /><ent r="3" t="38" w="38" /></phr></stem><stem n="minimum"><phr n="minimum"><ent r="7" t="4" w="476" /><ent r="6" t="29" w="141" /><ent r="6" t="29" w="247" /><ent r="7" t="29" w="372" /><ent r="6" t="38" w="159" /><ent r="7" t="41" w="117" /><ent r="4" t="42" w="493" /></phr></stem><stem n="dai"><phr n="days"><ent r="7" t="4" w="479" /><ent r="4" t="26" w="423" /><ent r="8" t="36" w="770" /><ent r="7" t="36" w="1170" /><ent r="7" t="36" w="1292" /><ent r="6" t="36" w="1356" /><ent r="6" t="38" w="147" /></phr><phr n="day"><ent r="6" t="36" w="1297" /><ent r="6" t="36" w="1303" /><ent r="6" t="36" w="1309" /><ent r="6" t="36" w="1316" /><ent r="6" t="36" w="1362" /><ent r="4" t="42" w="504" /></phr></stem><stem n="older"><phr n="older"><ent r="7" t="4" w="492" /><ent r="6" t="38" w="142" /></phr></stem><stem n="want"><phr n="want"><ent r="6" t="4" w="501" /><ent r="4" t="14" w="112" /><ent r="4" t="17" w="221" /><ent r="3" t="23" w="68" /><ent r="3" t="27" w="746" /><ent r="6" t="35" w="426" /></phr></stem><stem n="behaviour"><phr n="behaviour"><ent r="3" t="4" w="534" /></phr></stem><stem n="repeat"><phr n="repeat"><ent r="3" t="4" w="557" /><ent r="4" t="9" w="375" /><ent r="6" t="28" w="351" /></phr></stem><stem n="[view"><phr n="[View"><ent r="5" t="4" w="584" /></phr></stem><stem n="/disabl"><phr n="/Disabling"><ent r="1000" t="5" w="2" /><ent r="102" t="5" w="21" /><ent r="65" t="7" w="486" /></phr></stem><stem n=":enabling/dis"><phr n=":enabling/disabling"><ent r="100" t="5" w="12" /></phr></stem><stem n="disablinig"><phr n="Disablinig"><ent r="100" t="5" w="17" /></phr></stem><stem n="(local"><phr n="(local"><ent r="3" t="5" w="36" /></phr></stem><stem n="local"><phr n="local"><ent r="3" t="5" w="36" /><ent r="6" t="35" w="278" /><ent r="6" t="35" w="435" /></phr></stem><stem n="onc"><phr n="Once"><ent r="3" t="5" w="44" /><ent r="3" t="6" w="221" /><ent r="3" t="7" w="50" /><ent r="3" t="7" w="67" /><ent r="3" t="7" w="463" /><ent r="3" t="8" w="47" /><ent r="3" t="8" w="203" /><ent r="3" t="9" w="386" /><ent r="4" t="11" w="343" /><ent r="3" t="12" w="410" /><ent r="4" t="17" w="556" /><ent r="3" t="19" w="108" /><ent r="3" t="26" w="734" /><ent r="3" t="26" w="760" /><ent r="3" t="27" w="822" /><ent r="3" t="34" w="593" /><ent r="7" t="36" w="411" /><ent r="7" t="36" w="1193" /><ent r="3" t="39" w="86" /><ent r="6" t="39" w="205" /><ent r="6" t="41" w="246" /><ent r="6" t="43" w="132" /></phr></stem><stem n="mainten"><phr n="Maintenance"><ent r="4" t="5" w="80" /><ent r="5" t="5" w="128" /><ent r="5" t="9" w="301" /><ent r="4" t="14" w="289" /><ent r="4" t="14" w="352" /><ent r="8" t="45" w="374" /><ent r="8" t="46" w="325" /></phr></stem><stem n="ssgconfig"><phr n="ssgconfig"><ent r="5" t="5" w="102" /><ent r="5" t="7" w="152" /><ent r="5" t="9" w="144" /><ent r="5" t="14" w="264" /><ent r="5" t="46" w="144" /></phr></stem><stem n="menu"><phr n="menu"><ent r="4" t="5" w="107" /><ent r="4" t="5" w="142" /><ent r="4" t="5" w="206" /><ent r="4" t="7" w="157" /><ent r="4" t="7" w="169" /><ent r="4" t="7" w="450" /><ent r="4" t="7" w="461" /><ent r="4" t="9" w="149" /><ent r="4" t="9" w="161" /><ent r="4" t="9" w="356" /><ent r="4" t="14" w="271" /><ent r="4" t="14" w="296" /><ent r="4" t="14" w="305" /><ent r="4" t="14" w="312" /><ent r="4" t="14" w="335" /><ent r="3" t="32" w="179" /><ent r="7" t="45" w="196" /><ent r="7" t="45" w="205" /><ent r="7" t="45" w="336" /><ent r="7" t="45" w="346" /><ent r="4" t="46" w="149" /></phr></stem><stem n="(displai"><phr n="(Display"><ent r="4" t="5" w="137" /><ent r="4" t="7" w="164" /><ent r="4" t="9" w="157" /><ent r="4" t="14" w="301" /><ent r="7" t="45" w="202" /><ent r="7" t="45" w="342" /></phr></stem><stem n="2"><phr n="2"><ent r="5" t="5" w="146" /><ent r="65" t="12" w="269" /><ent r="65" t="15" w="181" /><ent r="3" t="17" w="124" /><ent r="3" t="17" w="694" /><ent r="3" t="26" w="129" /><ent r="3" t="27" w="630" /><ent r="3" t="27" w="1021" /><ent r="6" t="28" w="197" /><ent r="3" t="31" w="1067" /><ent r="6" t="32" w="256" /><ent r="68" t="36" w="783" /><ent r="7" t="36" w="1038" /><ent r="8" t="45" w="350" /></phr></stem><stem n="(disable|en"><phr n="(Disable|Enable"><ent r="4" t="5" w="148" /></phr></stem><stem n="disable|en"><phr n="Disable|Enable"><ent r="4" t="5" w="148" /></phr></stem><stem n="y"><phr n="y"><ent r="5" t="5" w="156" /><ent r="5" t="9" w="370" /></phr></stem><stem n="n"><phr n="n"><ent r="5" t="5" w="170" /></phr></stem><stem n="take"><phr n="take"><ent r="4" t="5" w="175" /><ent r="3" t="12" w="380" /><ent r="4" t="15" w="737" /><ent r="4" t="23" w="322" /><ent r="3" t="27" w="547" /><ent r="4" t="34" w="1824" /><ent r="7" t="36" w="1179" /><ent r="4" t="42" w="179" /><ent r="4" t="42" w="371" /><ent r="4" t="42" w="480" /><ent r="3" t="46" w="198" /></phr><phr n="takes"><ent r="7" t="31" w="260" /><ent r="7" t="36" w="1132" /></phr></stem><stem n="effect"><phr n="effect"><ent r="4" t="5" w="176" /><ent r="3" t="13" w="389" /><ent r="4" t="15" w="738" /><ent r="4" t="23" w="323" /><ent r="3" t="31" w="714" /><ent r="4" t="34" w="1532" /><ent r="4" t="42" w="180" /><ent r="4" t="42" w="372" /><ent r="4" t="42" w="481" /><ent r="3" t="46" w="199" /></phr><phr n="effective"><ent r="4" t="25" w="110" /></phr></stem><stem n="reboot"><phr n="rebooted"><ent r="4" t="5" w="182" /><ent r="3" t="17" w="99" /><ent r="5" t="34" w="1103" /><ent r="4" t="34" w="1121" /></phr><phr n="reboot"><ent r="4" t="9" w="362" /><ent r="4" t="34" w="1139" /></phr></stem><stem n="/enabled."><phr n="/enabled."><ent r="4" t="5" w="200" /></phr></stem><stem n="exit"><phr n="Exit"><ent r="4" t="5" w="201" /><ent r="4" t="9" w="343" /><ent r="4" t="14" w="332" /><ent r="7" t="36" w="1200" /></phr></stem><stem n="process"><phr n="Process"><ent r="1000" t="6" w="4" /><ent r="102" t="6" w="9" /><ent r="100" t="6" w="14" /><ent r="3" t="12" w="113" /><ent r="3" t="13" w="65" /><ent r="3" t="13" w="121" /><ent r="3" t="17" w="104" /><ent r="4" t="34" w="226" /><ent r="3" t="34" w="435" /><ent r="3" t="34" w="980" /><ent r="4" t="34" w="2077" /></phr><phr n="processes"><ent r="3" t="14" w="49" /></phr><phr n="processing"><ent r="3" t="26" w="740" /><ent r="4" t="28" w="41" /><ent r="4" t="28" w="46" /><ent r="7" t="36" w="1128" /><ent r="7" t="36" w="1213" /><ent r="7" t="36" w="1694" /><ent r="7" t="36" w="1699" /></phr><phr n="processed"><ent r="4" t="28" w="50" /><ent r="7" t="36" w="1703" /></phr></stem><stem n=":configur"><phr n=":configuring"><ent r="100" t="6" w="19" /><ent r="100" t="46" w="12" /></phr></stem><stem n=":overview"><phr n=":overview"><ent r="100" t="6" w="23" /></phr></stem><stem n="step"><phr n="steps"><ent r="3" t="6" w="29" /><ent r="3" t="7" w="29" /><ent r="3" t="7" w="44" /><ent r="3" t="7" w="54" /><ent r="3" t="9" w="33" /><ent r="4" t="9" w="377" /><ent r="3" t="11" w="73" /><ent r="4" t="18" w="166" /><ent r="4" t="18" w="224" /><ent r="4" t="27" w="346" /><ent r="6" t="32" w="321" /><ent r="3" t="46" w="63" /></phr><phr n="step"><ent r="4" t="6" w="190" /><ent r="6" t="6" w="330" /><ent r="4" t="7" w="193" /><ent r="4" t="7" w="419" /><ent r="4" t="19" w="247" /><ent r="5" t="26" w="508" /><ent r="4" t="26" w="714" /><ent r="4" t="27" w="361" /><ent r="4" t="27" w="452" /><ent r="4" t="27" w="491" /><ent r="4" t="34" w="229" /><ent r="4" t="34" w="231" /><ent r="3" t="36" w="168" /><ent r="3" t="36" w="170" /></phr></stem><stem n="them"><phr n="them"><ent r="3" t="6" w="99" /><ent r="4" t="6" w="168" /><ent r="4" t="6" w="288" /><ent r="3" t="15" w="77" /><ent r="3" t="17" w="512" /><ent r="4" t="17" w="594" /><ent r="3" t="26" w="133" /></phr></stem><stem n="suppli"><phr n="supplied"><ent r="4" t="6" w="126" /></phr></stem><stem n="valid"><phr n="valid"><ent r="4" t="6" w="133" /><ent r="7" t="46" w="303" /></phr></stem><stem n="sever"><phr n="severely"><ent r="4" t="6" w="140" /></phr><phr n="severed"><ent r="3" t="31" w="1502" /></phr><phr n="Severity"><ent r="7" t="38" w="323" /><ent r="6" t="38" w="326" /></phr><phr n="SEVERE"><ent r="6" t="38" w="332" /><ent r="6" t="38" w="341" /></phr></stem><stem n="allow"><phr n="allow"><ent r="4" t="6" w="167" /><ent r="4" t="7" w="85" /><ent r="3" t="8" w="106" /><ent r="3" t="8" w="217" /><ent r="3" t="9" w="394" /><ent r="3" t="23" w="70" /><ent r="3" t="34" w="118" /><ent r="4" t="36" w="112" /></phr><phr n="allows"><ent r="3" t="9" w="52" /><ent r="3" t="17" w="28" /><ent r="4" t="19" w="283" /><ent r="3" t="27" w="803" /><ent r="6" t="35" w="333" /><ent r="7" t="36" w="699" /><ent r="7" t="45" w="308" /><ent r="7" t="45" w="431" /></phr></stem><stem n="though"><phr n="Though"><ent r="4" t="6" w="185" /><ent r="4" t="34" w="1750" /></phr></stem><stem n="absolut"><phr n="absolutely"><ent r="4" t="6" w="187" /></phr><phr n="Absolute"><ent r="5" t="26" w="427" /><ent r="7" t="36" w="810" /></phr></stem><stem n="highli"><phr n="highly"><ent r="4" t="6" w="192" /></phr></stem><stem n="(start/stop"><phr n="(start/stop"><ent r="4" t="6" w="202" /></phr></stem><stem n="(requir"><phr n="(requires"><ent r="3" t="6" w="238" /></phr></stem><stem n="author"><phr n="authorized"><ent r="4" t="6" w="325" /></phr><phr n="Authority"><ent r="9" t="16" w="738" /></phr><phr n="Authoring"><ent r="4" t="26" w="619" /><ent r="5" t="27" w="330" /><ent r="4" t="34" w="719" /></phr><phr n="authorization"><ent r="3" t="29" w="553" /></phr></stem><stem n=":set"><phr n=":setting"><ent r="100" t="7" w="17" /></phr><phr n=":settings"><ent r="100" t="40" w="8" /><ent r="100" t="41" w="13" /></phr></stem><stem n="procedur"><phr n="procedure"><ent r="4" t="7" w="112" /><ent r="3" t="14" w="93" /><ent r="3" t="14" w="184" /></phr></stem><stem n="(configur"><phr n="(Configure"><ent r="4" t="7" w="175" /><ent r="7" t="45" w="211" /></phr></stem><stem n="(example:"><phr n="(example:"><ent r="4" t="7" w="218" /></phr></stem><stem n="emadmin"><phr n="emadmin"><ent r="4" t="7" w="218" /></phr></stem><stem n="“emadmin”)."><phr n="“emadmin”)."><ent r="4" t="7" w="219" /></phr></stem><stem n="3"><phr n="3"><ent r="4" t="7" w="224" /><ent r="5" t="9" w="166" /><ent r="5" t="9" w="180" /><ent r="65" t="15" w="213" /><ent r="4" t="19" w="90" /><ent r="4" t="26" w="421" /><ent r="3" t="27" w="1029" /><ent r="64" t="31" w="1159" /><ent r="6" t="43" w="108" /><ent r="5" t="46" w="154" /></phr></stem><stem n="128"><phr n="128"><ent r="4" t="7" w="226" /><ent r="4" t="19" w="91" /><ent r="4" t="19" w="164" /><ent r="7" t="32" w="398" /><ent r="6" t="43" w="109" /><ent r="6" t="43" w="160" /></phr></stem><stem n="charact"><phr n="characters"><ent r="4" t="7" w="227" /><ent r="4" t="7" w="263" /><ent r="4" t="19" w="92" /><ent r="4" t="19" w="97" /><ent r="4" t="19" w="120" /><ent r="4" t="19" w="165" /><ent r="4" t="19" w="177" /><ent r="4" t="19" w="190" /><ent r="4" t="19" w="204" /><ent r="7" t="22" w="356" /><ent r="4" t="23" w="254" /><ent r="4" t="24" w="197" /><ent r="7" t="32" w="399" /><ent r="4" t="34" w="2194" /><ent r="7" t="41" w="119" /><ent r="7" t="41" w="123" /><ent r="6" t="43" w="110" /><ent r="6" t="43" w="121" /><ent r="6" t="43" w="144" /><ent r="6" t="43" w="161" /><ent r="6" t="43" w="171" /><ent r="6" t="43" w="184" /><ent r="6" t="43" w="202" /></phr><phr n="character"><ent r="4" t="7" w="232" /><ent r="4" t="27" w="717" /><ent r="7" t="32" w="409" /></phr></stem><stem n="#"><phr n="#"><ent r="5" t="7" w="235" /><ent r="4" t="19" w="98" /><ent r="6" t="43" w="122" /></phr></stem><stem n="+"><phr n="+"><ent r="5" t="7" w="235" /><ent r="8" t="10" w="300" /><ent r="4" t="19" w="98" /><ent r="3" t="29" w="529" /><ent r="3" t="29" w="532" /><ent r="6" t="43" w="122" /></phr></stem><stem n="\"><phr n="\"><ent r="5" t="7" w="236" /><ent r="4" t="19" w="99" /><ent r="6" t="43" w="123" /></phr></stem><stem n="&lt;"><phr n="&lt;"><ent r="5" t="7" w="236" /><ent r="4" t="7" w="413" /><ent r="4" t="19" w="99" /><ent r="6" t="43" w="123" /></phr></stem><stem n="&gt;"><phr n="&gt;"><ent r="5" t="7" w="237" /><ent r="4" t="8" w="132" /><ent r="4" t="11" w="120" /><ent r="4" t="19" w="100" /><ent r="6" t="43" w="124" /><ent r="7" t="45" w="206" /><ent r="7" t="45" w="347" /></phr></stem><stem n="retyp"><phr n="Retype"><ent r="4" t="7" w="246" /><ent r="4" t="19" w="132" /><ent r="4" t="25" w="94" /><ent r="7" t="41" w="137" /></phr></stem><stem n="letter"><phr n="letters"><ent r="4" t="7" w="253" /><ent r="4" t="19" w="124" /><ent r="7" t="32" w="403" /><ent r="7" t="41" w="125" /><ent r="6" t="43" w="114" /><ent r="6" t="43" w="148" /></phr><phr n="Letter"><ent r="7" t="36" w="959" /><ent r="7" t="36" w="986" /></phr></stem><stem n="symbol"><phr n="symbols"><ent r="4" t="7" w="256" /><ent r="4" t="19" w="127" /><ent r="7" t="32" w="406" /><ent r="7" t="41" w="128" /><ent r="6" t="43" w="117" /><ent r="6" t="43" w="151" /></phr></stem><stem n="6"><phr n="6"><ent r="4" t="7" w="260" /><ent r="4" t="19" w="118" /><ent r="3" t="31" w="1332" /><ent r="7" t="41" w="118" /><ent r="6" t="43" w="142" /></phr></stem><stem n="32"><phr n="32"><ent r="4" t="7" w="262" /><ent r="4" t="19" w="119" /><ent r="4" t="19" w="176" /><ent r="4" t="19" w="189" /><ent r="7" t="41" w="122" /><ent r="6" t="43" w="143" /><ent r="6" t="43" w="170" /><ent r="6" t="43" w="183" /></phr></stem><stem n="server"><phr n="server"><ent r="4" t="7" w="271" /><ent r="10" t="16" w="389" /><ent r="9" t="16" w="399" /><ent r="9" t="16" w="413" /><ent r="9" t="16" w="439" /><ent r="10" t="16" w="703" /><ent r="4" t="21" w="111" /><ent r="7" t="31" w="479" /><ent r="3" t="31" w="1454" /><ent r="3" t="31" w="1500" /><ent r="3" t="31" w="1506" /><ent r="3" t="31" w="1560" /><ent r="7" t="36" w="762" /></phr></stem><stem n="factori"><phr n="factory"><ent r="4" t="7" w="281" /><ent r="4" t="7" w="295" /><ent r="4" t="7" w="320" /><ent r="3" t="31" w="180" /><ent r="3" t="31" w="216" /></phr></stem><stem n="press"><phr n="press"><ent r="4" t="7" w="303" /><ent r="4" t="7" w="328" /><ent r="4" t="7" w="342" /><ent r="4" t="7" w="361" /><ent r="4" t="7" w="421" /><ent r="4" t="7" w="441" /><ent r="4" t="9" w="345" /></phr></stem><stem n="overrid"><phr n="overriding"><ent r="4" t="7" w="313" /></phr><phr n="override"><ent r="4" t="7" w="318" /><ent r="4" t="31" w="583" /><ent r="3" t="31" w="1011" /></phr></stem><stem n="ye"><phr n="yes"><ent r="5" t="7" w="324" /><ent r="4" t="9" w="173" /><ent r="5" t="9" w="185" /><ent r="5" t="9" w="254" /><ent r="5" t="14" w="328" /></phr></stem><stem n="listen"><phr n="listener"><ent r="4" t="7" w="340" /><ent r="4" t="7" w="359" /><ent r="4" t="9" w="264" /><ent r="3" t="9" w="331" /><ent r="100" t="42" w="13" /><ent r="3" t="42" w="96" /><ent r="3" t="42" w="108" /><ent r="4" t="42" w="116" /><ent r="3" t="42" w="124" /><ent r="4" t="42" w="177" /><ent r="7" t="45" w="172" /><ent r="7" t="45" w="352" /></phr><phr n="Listen"><ent r="5" t="11" w="308" /><ent r="8" t="45" w="144" /><ent r="8" t="45" w="147" /></phr></stem><stem n="“8182”."><phr n="“8182”."><ent r="4" t="7" w="371" /></phr></stem><stem n="rememb"><phr n="Remember"><ent r="5" t="7" w="372" /></phr></stem><stem n="summari"><phr n="summary"><ent r="4" t="7" w="404" /><ent r="4" t="17" w="577" /><ent r="92" t="17" w="832" /><ent r="3" t="17" w="837" /><ent r="3" t="18" w="23" /><ent r="4" t="18" w="120" /><ent r="4" t="26" w="485" /><ent r="4" t="26" w="625" /><ent r="5" t="26" w="645" /><ent r="3" t="34" w="1161" /><ent r="7" t="35" w="505" /><ent r="6" t="35" w="508" /><ent r="7" t="36" w="880" /><ent r="7" t="36" w="929" /></phr></stem><stem n="“&lt;”"><phr n="“&lt;”"><ent r="4" t="7" w="414" /></phr></stem><stem n="go"><phr n="go"><ent r="4" t="7" w="415" /><ent r="7" t="35" w="496" /><ent r="7" t="36" w="632" /><ent r="7" t="44" w="410" /></phr><phr n="going"><ent r="3" t="31" w="1561" /></phr></stem><stem n="appli"><phr n="apply"><ent r="4" t="7" w="426" /><ent r="5" t="8" w="167" /><ent r="4" t="8" w="174" /><ent r="7" t="15" w="684" /><ent r="5" t="19" w="208" /><ent r="5" t="20" w="100" /><ent r="3" t="31" w="695" /><ent r="7" t="31" w="1202" /><ent r="5" t="34" w="2065" /><ent r="4" t="34" w="2079" /><ent r="3" t="41" w="39" /><ent r="4" t="41" w="48" /><ent r="5" t="42" w="422" /><ent r="3" t="42" w="437" /><ent r="5" t="42" w="469" /></phr><phr n="applied"><ent r="4" t="7" w="439" /></phr><phr n="applies"><ent r="7" t="15" w="501" /><ent r="3" t="31" w="845" /><ent r="7" t="31" w="1211" /></phr></stem><stem n="should"><phr n="should"><ent r="4" t="7" w="433" /><ent r="3" t="8" w="101" /><ent r="3" t="14" w="185" /><ent r="7" t="15" w="671" /><ent r="9" t="16" w="372" /><ent r="9" t="16" w="766" /><ent r="3" t="16" w="1075" /><ent r="3" t="17" w="623" /><ent r="3" t="19" w="226" /><ent r="4" t="19" w="233" /><ent r="4" t="31" w="54" /><ent r="4" t="34" w="2058" /><ent r="6" t="38" w="343" /><ent r="3" t="40" w="44" /><ent r="6" t="41" w="242" /><ent r="6" t="44" w="346" /></phr></stem><stem n="successfulli"><phr n="successfully"><ent r="4" t="7" w="440" /><ent r="3" t="29" w="486" /></phr></stem><stem n="return"><phr n="return"><ent r="4" t="7" w="446" /><ent r="4" t="7" w="457" /><ent r="4" t="9" w="352" /><ent r="4" t="12" w="368" /><ent r="4" t="13" w="422" /></phr><phr n="returns"><ent r="4" t="23" w="296" /><ent r="4" t="24" w="239" /></phr></stem><stem n="x"><phr n="x"><ent r="5" t="7" w="454" /><ent r="7" t="38" w="145" /><ent r="7" t="38" w="150" /></phr></stem><stem n=":licens"><phr n=":license"><ent r="100" t="8" w="15" /></phr></stem><stem n="befor"><phr n="before"><ent r="3" t="8" w="34" /><ent r="7" t="10" w="212" /><ent r="3" t="12" w="26" /><ent r="4" t="13" w="295" /><ent r="4" t="26" w="671" /><ent r="6" t="28" w="399" /><ent r="3" t="31" w="927" /><ent r="6" t="32" w="322" /><ent r="6" t="32" w="609" /><ent r="3" t="34" w="1988" /><ent r="6" t="35" w="387" /><ent r="3" t="46" w="119" /></phr></stem><stem n="close"><phr n="Close"><ent r="5" t="8" w="122" /><ent r="4" t="14" w="413" /><ent r="4" t="14" w="498" /></phr><phr n="closes"><ent r="4" t="15" w="732" /></phr></stem><stem n="dismiss"><phr n="dismiss"><ent r="4" t="8" w="125" /><ent r="4" t="14" w="478" /><ent r="4" t="26" w="727" /></phr></stem><stem n="scroll"><phr n="Scroll"><ent r="4" t="8" w="140" /></phr></stem><stem n="brows"><phr n="Browse"><ent r="5" t="8" w="149" /><ent r="4" t="23" w="224" /><ent r="4" t="24" w="167" /><ent r="8" t="35" w="455" /><ent r="5" t="42" w="293" /><ent r="5" t="42" w="413" /></phr></stem><stem n="agreement"><phr n="Agreement"><ent r="4" t="8" w="179" /><ent r="4" t="8" w="194" /></phr></stem><stem n="now"><phr n="now"><ent r="4" t="8" w="200" /><ent r="4" t="11" w="366" /><ent r="3" t="14" w="513" /><ent r="4" t="17" w="595" /><ent r="3" t="17" w="643" /><ent r="4" t="17" w="763" /></phr></stem><stem n=":remot"><phr n=":remote"><ent r="100" t="9" w="17" /></phr></stem><stem n="securespan"><phr n="SecureSpan"><ent r="100" t="9" w="20" /><ent r="100" t="14" w="22" /><ent r="3" t="17" w="189" /><ent r="100" t="30" w="9" /><ent r="100" t="32" w="22" /><ent r="4" t="46" w="186" /><ent r="4" t="46" w="407" /></phr></stem><stem n=":node"><phr n=":nodes"><ent r="100" t="9" w="22" /></phr></stem><stem n="5"><phr n="5"><ent r="5" t="9" w="155" /><ent r="5" t="14" w="299" /><ent r="5" t="14" w="315" /><ent r="4" t="26" w="715" /><ent r="8" t="45" w="340" /></phr></stem></index>