<?xml version="1.0" encoding="utf-8"?><index><stem n="migra"><phr n="migrate"><ent r="4" t="2" w="91" /><ent r="4" t="2" w="91" /><ent r="3" t="17" w="32" /><ent r="4" t="17" w="199" /><ent r="4" t="17" w="199" /><ent r="3" t="17" w="250" /><ent r="3" t="17" w="250" /><ent r="5" t="17" w="341" /><ent r="5" t="17" w="341" /><ent r="4" t="17" w="377" /><ent r="4" t="17" w="377" /><ent r="3" t="17" w="395" /><ent r="3" t="17" w="395" /><ent r="3" t="17" w="484" /><ent r="3" t="17" w="484" /><ent r="5" t="34" w="1367" /><ent r="5" t="34" w="1367" /><ent r="4" t="34" w="1394" /><ent r="4" t="34" w="1394" /><ent r="4" t="34" w="1662" /><ent r="4" t="34" w="1662" /></phr><phr n="migrations"><ent r="4" t="2" w="104" /><ent r="3" t="17" w="840" /><ent r="3" t="17" w="840" /><ent r="100" t="18" w="14" /><ent r="100" t="18" w="14" /><ent r="64" t="18" w="30" /><ent r="64" t="18" w="30" /><ent r="4" t="18" w="66" /><ent r="4" t="18" w="94" /><ent r="4" t="18" w="94" /><ent r="4" t="18" w="107" /><ent r="3" t="34" w="1206" /><ent r="3" t="34" w="1206" /><ent r="4" t="34" w="1216" /><ent r="4" t="34" w="1216" /><ent r="3" t="35" w="48" /><ent r="3" t="35" w="57" /><ent r="6" t="35" w="80" /><ent r="6" t="35" w="80" /><ent r="6" t="35" w="341" /></phr><phr n="Migration"><ent r="65" t="3" w="76" /><ent r="65" t="3" w="76" /><ent r="64" t="17" w="87" /><ent r="64" t="17" w="87" /><ent r="3" t="17" w="106" /><ent r="3" t="17" w="106" /><ent r="3" t="17" w="164" /><ent r="3" t="17" w="164" /><ent r="65" t="17" w="206" /><ent r="65" t="17" w="206" /><ent r="5" t="17" w="235" /><ent r="5" t="17" w="235" /><ent r="65" t="17" w="241" /><ent r="65" t="17" w="241" /><ent r="3" t="17" w="703" /><ent r="3" t="17" w="703" /><ent r="65" t="17" w="749" /><ent r="65" t="17" w="749" /><ent r="92" t="17" w="829" /><ent r="92" t="17" w="829" /><ent r="1000" t="18" w="2" /><ent r="1000" t="18" w="2" /><ent r="100" t="18" w="6" /><ent r="100" t="18" w="6" /><ent r="100" t="18" w="9" /><ent r="100" t="18" w="9" /><ent r="102" t="18" w="17" /><ent r="102" t="18" w="17" /><ent r="4" t="18" w="54" /><ent r="4" t="18" w="54" /><ent r="4" t="18" w="119" /><ent r="4" t="18" w="119" /><ent r="126" t="33" w="56" /><ent r="126" t="33" w="56" /><ent r="1000" t="34" w="1" /><ent r="1000" t="34" w="1" /><ent r="100" t="34" w="4" /><ent r="100" t="34" w="4" /><ent r="102" t="34" w="9" /><ent r="102" t="34" w="9" /><ent r="3" t="34" w="22" /><ent r="3" t="34" w="22" /><ent r="3" t="34" w="93" /><ent r="3" t="34" w="93" /><ent r="4" t="34" w="237" /><ent r="4" t="34" w="237" /><ent r="100" t="34" w="384" /><ent r="100" t="34" w="384" /><ent r="3" t="34" w="588" /><ent r="3" t="34" w="588" /><ent r="100" t="34" w="604" /><ent r="100" t="34" w="604" /><ent r="92" t="34" w="609" /><ent r="92" t="34" w="609" /><ent r="82" t="34" w="1042" /><ent r="82" t="34" w="1042" /><ent r="4" t="34" w="1103" /><ent r="4" t="34" w="1103" /><ent r="4" t="34" w="1129" /><ent r="4" t="34" w="1129" /><ent r="92" t="34" w="1151" /><ent r="92" t="34" w="1151" /><ent r="3" t="34" w="1166" /><ent r="3" t="34" w="1166" /><ent r="82" t="34" w="1170" /><ent r="82" t="34" w="1170" /><ent r="4" t="34" w="1194" /><ent r="4" t="34" w="1194" /><ent r="4" t="34" w="1256" /><ent r="4" t="34" w="1256" /><ent r="100" t="35" w="7" /><ent r="100" t="35" w="7" /><ent r="64" t="35" w="64" /><ent r="64" t="35" w="64" /><ent r="6" t="35" w="162" /><ent r="67" t="35" w="167" /><ent r="67" t="35" w="167" /><ent r="7" t="35" w="504" /><ent r="7" t="35" w="504" /></phr><phr n="migrating"><ent r="64" t="3" w="143" /><ent r="64" t="3" w="143" /><ent r="64" t="9" w="89" /><ent r="64" t="9" w="89" /><ent r="64" t="13" w="188" /><ent r="64" t="13" w="188" /><ent r="100" t="17" w="20" /><ent r="100" t="17" w="20" /><ent r="100" t="17" w="23" /><ent r="100" t="17" w="23" /><ent r="3" t="17" w="84" /><ent r="3" t="17" w="126" /><ent r="3" t="17" w="126" /><ent r="3" t="17" w="523" /><ent r="3" t="17" w="523" /><ent r="3" t="17" w="792" /><ent r="3" t="17" w="792" /><ent r="65" t="19" w="308" /><ent r="65" t="19" w="308" /><ent r="64" t="23" w="112" /><ent r="64" t="23" w="112" /><ent r="4" t="34" w="196" /><ent r="4" t="34" w="196" /><ent r="3" t="34" w="617" /><ent r="3" t="34" w="617" /><ent r="64" t="44" w="209" /><ent r="64" t="44" w="209" /></phr><phr n="migration"><ent r="3" t="3" w="311" /><ent r="3" t="3" w="311" /><ent r="6" t="3" w="557" /><ent r="6" t="3" w="625" /><ent r="6" t="3" w="625" /><ent r="3" t="17" w="101" /><ent r="3" t="17" w="101" /><ent r="4" t="17" w="217" /><ent r="4" t="17" w="217" /><ent r="4" t="17" w="337" /><ent r="4" t="17" w="358" /><ent r="4" t="17" w="358" /><ent r="3" t="17" w="640" /><ent r="3" t="17" w="640" /><ent r="4" t="17" w="648" /><ent r="4" t="17" w="650" /><ent r="4" t="17" w="650" /><ent r="4" t="17" w="657" /><ent r="4" t="17" w="657" /><ent r="4" t="17" w="724" /><ent r="4" t="17" w="733" /><ent r="4" t="17" w="733" /><ent r="4" t="17" w="744" /><ent r="4" t="17" w="744" /><ent r="4" t="17" w="786" /><ent r="3" t="17" w="798" /><ent r="3" t="17" w="798" /><ent r="3" t="17" w="804" /><ent r="3" t="17" w="804" /><ent r="4" t="18" w="49" /><ent r="4" t="18" w="49" /><ent r="4" t="18" w="110" /><ent r="4" t="18" w="110" /><ent r="3" t="18" w="126" /><ent r="3" t="18" w="126" /><ent r="3" t="18" w="139" /><ent r="3" t="18" w="152" /><ent r="3" t="18" w="152" /><ent r="4" t="18" w="171" /><ent r="4" t="18" w="171" /><ent r="4" t="18" w="192" /><ent r="4" t="18" w="192" /><ent r="3" t="18" w="197" /><ent r="3" t="18" w="197" /><ent r="4" t="18" w="229" /><ent r="4" t="18" w="229" /><ent r="3" t="32" w="105" /><ent r="3" t="32" w="105" /><ent r="3" t="32" w="108" /><ent r="3" t="32" w="108" /><ent r="6" t="32" w="595" /><ent r="6" t="32" w="595" /><ent r="3" t="34" w="77" /><ent r="3" t="34" w="121" /><ent r="3" t="34" w="121" /><ent r="3" t="34" w="163" /><ent r="3" t="34" w="163" /><ent r="4" t="34" w="224" /><ent r="4" t="34" w="224" /><ent r="3" t="34" w="432" /><ent r="3" t="34" w="432" /><ent r="3" t="34" w="633" /><ent r="3" t="34" w="891" /><ent r="3" t="34" w="932" /><ent r="3" t="34" w="932" /><ent r="3" t="34" w="977" /><ent r="3" t="34" w="977" /><ent r="3" t="34" w="1052" /><ent r="4" t="34" w="1058" /><ent r="4" t="34" w="1058" /><ent r="4" t="34" w="1121" /><ent r="4" t="34" w="1121" /><ent r="3" t="34" w="1181" /><ent r="3" t="34" w="1199" /><ent r="3" t="34" w="1199" /><ent r="4" t="34" w="1236" /><ent r="4" t="34" w="1236" /><ent r="4" t="34" w="1250" /><ent r="4" t="34" w="1250" /><ent r="4" t="34" w="1389" /><ent r="4" t="34" w="1403" /><ent r="4" t="34" w="1403" /><ent r="4" t="34" w="1479" /><ent r="4" t="34" w="1497" /><ent r="3" t="34" w="1631" /><ent r="3" t="34" w="1631" /><ent r="4" t="34" w="1753" /><ent r="4" t="34" w="1753" /><ent r="4" t="34" w="1872" /><ent r="3" t="34" w="1986" /><ent r="3" t="34" w="1986" /><ent r="4" t="34" w="2073" /><ent r="4" t="34" w="2073" /><ent r="64" t="35" w="24" /><ent r="64" t="35" w="24" /><ent r="3" t="35" w="31" /><ent r="3" t="35" w="31" /><ent r="6" t="35" w="132" /><ent r="6" t="35" w="132" /><ent r="6" t="35" w="149" /><ent r="6" t="35" w="179" /><ent r="6" t="35" w="179" /><ent r="6" t="35" w="201" /><ent r="6" t="35" w="213" /><ent r="6" t="35" w="242" /><ent r="6" t="35" w="242" /><ent r="7" t="35" w="291" /><ent r="7" t="35" w="291" /><ent r="6" t="35" w="362" /><ent r="6" t="35" w="362" /><ent r="6" t="35" w="368" /><ent r="6" t="35" w="368" /><ent r="6" t="35" w="411" /><ent r="6" t="35" w="411" /><ent r="7" t="35" w="451" /><ent r="6" t="35" w="512" /></phr><phr n="Migrating"><ent r="1000" t="17" w="1" /><ent r="1000" t="17" w="1" /><ent r="102" t="17" w="7" /><ent r="102" t="17" w="7" /><ent r="100" t="17" w="13" /><ent r="100" t="17" w="13" /><ent r="3" t="17" w="48" /><ent r="3" t="17" w="48" /><ent r="4" t="34" w="167" /><ent r="4" t="34" w="167" /><ent r="4" t="34" w="187" /><ent r="4" t="34" w="187" /><ent r="65" t="34" w="241" /><ent r="65" t="34" w="241" /></phr><phr n="migrated"><ent r="3" t="17" w="176" /><ent r="3" t="17" w="176" /><ent r="3" t="34" w="59" /><ent r="3" t="34" w="59" /><ent r="3" t="34" w="251" /><ent r="3" t="34" w="251" /><ent r="3" t="34" w="300" /><ent r="3" t="34" w="642" /><ent r="3" t="34" w="671" /><ent r="3" t="34" w="671" /><ent r="3" t="34" w="676" /><ent r="3" t="34" w="741" /><ent r="3" t="34" w="741" /><ent r="3" t="34" w="827" /><ent r="3" t="34" w="827" /><ent r="4" t="34" w="984" /><ent r="4" t="34" w="1007" /><ent r="4" t="34" w="1016" /><ent r="4" t="34" w="1038" /><ent r="4" t="34" w="1088" /><ent r="4" t="34" w="1088" /><ent r="3" t="34" w="1346" /><ent r="4" t="34" w="1668" /><ent r="6" t="35" w="227" /><ent r="6" t="35" w="227" /><ent r="6" t="35" w="322" /><ent r="6" t="35" w="322" /></phr><phr n="Migrate"><ent r="65" t="17" w="387" /><ent r="65" t="17" w="550" /><ent r="82" t="34" w="1320" /><ent r="3" t="34" w="1326" /><ent r="3" t="34" w="1807" /></phr><phr n="Migrations"><ent r="3" t="34" w="1173" /><ent r="3" t="34" w="1173" /><ent r="6" t="35" w="150" /><ent r="6" t="35" w="150" /></phr></stem><stem n="igrat"><phr n="migrate"><ent r="4" t="2" w="91" /><ent r="4" t="2" w="91" /><ent r="3" t="17" w="32" /><ent r="4" t="17" w="199" /><ent r="4" t="17" w="199" /><ent r="3" t="17" w="250" /><ent r="3" t="17" w="250" /><ent r="5" t="17" w="341" /><ent r="5" t="17" w="341" /><ent r="4" t="17" w="377" /><ent r="4" t="17" w="377" /><ent r="3" t="17" w="395" /><ent r="3" t="17" w="395" /><ent r="3" t="17" w="484" /><ent r="3" t="17" w="484" /><ent r="5" t="34" w="1367" /><ent r="5" t="34" w="1367" /><ent r="4" t="34" w="1394" /><ent r="4" t="34" w="1394" /><ent r="4" t="34" w="1662" /><ent r="4" t="34" w="1662" /></phr><phr n="migrations"><ent r="4" t="2" w="104" /><ent r="3" t="17" w="840" /><ent r="3" t="17" w="840" /><ent r="100" t="18" w="14" /><ent r="100" t="18" w="14" /><ent r="64" t="18" w="30" /><ent r="64" t="18" w="30" /><ent r="4" t="18" w="66" /><ent r="4" t="18" w="94" /><ent r="4" t="18" w="94" /><ent r="4" t="18" w="107" /><ent r="3" t="34" w="1206" /><ent r="3" t="34" w="1206" /><ent r="4" t="34" w="1216" /><ent r="4" t="34" w="1216" /><ent r="3" t="35" w="48" /><ent r="3" t="35" w="57" /><ent r="6" t="35" w="80" /><ent r="6" t="35" w="80" /><ent r="6" t="35" w="341" /></phr><phr n="Migration"><ent r="65" t="3" w="76" /><ent r="65" t="3" w="76" /><ent r="64" t="17" w="87" /><ent r="64" t="17" w="87" /><ent r="3" t="17" w="106" /><ent r="3" t="17" w="106" /><ent r="3" t="17" w="164" /><ent r="3" t="17" w="164" /><ent r="65" t="17" w="206" /><ent r="65" t="17" w="206" /><ent r="5" t="17" w="235" /><ent r="5" t="17" w="235" /><ent r="65" t="17" w="241" /><ent r="65" t="17" w="241" /><ent r="3" t="17" w="703" /><ent r="3" t="17" w="703" /><ent r="65" t="17" w="749" /><ent r="65" t="17" w="749" /><ent r="92" t="17" w="829" /><ent r="92" t="17" w="829" /><ent r="1000" t="18" w="2" /><ent r="1000" t="18" w="2" /><ent r="100" t="18" w="6" /><ent r="100" t="18" w="6" /><ent r="100" t="18" w="9" /><ent r="100" t="18" w="9" /><ent r="102" t="18" w="17" /><ent r="102" t="18" w="17" /><ent r="4" t="18" w="54" /><ent r="4" t="18" w="54" /><ent r="4" t="18" w="119" /><ent r="4" t="18" w="119" /><ent r="126" t="33" w="56" /><ent r="126" t="33" w="56" /><ent r="1000" t="34" w="1" /><ent r="1000" t="34" w="1" /><ent r="100" t="34" w="4" /><ent r="100" t="34" w="4" /><ent r="102" t="34" w="9" /><ent r="102" t="34" w="9" /><ent r="3" t="34" w="22" /><ent r="3" t="34" w="22" /><ent r="3" t="34" w="93" /><ent r="3" t="34" w="93" /><ent r="4" t="34" w="237" /><ent r="4" t="34" w="237" /><ent r="100" t="34" w="384" /><ent r="100" t="34" w="384" /><ent r="3" t="34" w="588" /><ent r="3" t="34" w="588" /><ent r="100" t="34" w="604" /><ent r="100" t="34" w="604" /><ent r="92" t="34" w="609" /><ent r="92" t="34" w="609" /><ent r="82" t="34" w="1042" /><ent r="82" t="34" w="1042" /><ent r="4" t="34" w="1103" /><ent r="4" t="34" w="1103" /><ent r="4" t="34" w="1129" /><ent r="4" t="34" w="1129" /><ent r="92" t="34" w="1151" /><ent r="92" t="34" w="1151" /><ent r="3" t="34" w="1166" /><ent r="3" t="34" w="1166" /><ent r="82" t="34" w="1170" /><ent r="82" t="34" w="1170" /><ent r="4" t="34" w="1194" /><ent r="4" t="34" w="1194" /><ent r="4" t="34" w="1256" /><ent r="4" t="34" w="1256" /><ent r="100" t="35" w="7" /><ent r="100" t="35" w="7" /><ent r="64" t="35" w="64" /><ent r="64" t="35" w="64" /><ent r="6" t="35" w="162" /><ent r="67" t="35" w="167" /><ent r="67" t="35" w="167" /><ent r="7" t="35" w="504" /><ent r="7" t="35" w="504" /></phr><phr n="migrating"><ent r="64" t="3" w="143" /><ent r="64" t="3" w="143" /><ent r="64" t="9" w="89" /><ent r="64" t="9" w="89" /><ent r="64" t="13" w="188" /><ent r="64" t="13" w="188" /><ent r="100" t="17" w="20" /><ent r="100" t="17" w="20" /><ent r="100" t="17" w="23" /><ent r="100" t="17" w="23" /><ent r="3" t="17" w="84" /><ent r="3" t="17" w="126" /><ent r="3" t="17" w="126" /><ent r="3" t="17" w="523" /><ent r="3" t="17" w="523" /><ent r="3" t="17" w="792" /><ent r="3" t="17" w="792" /><ent r="65" t="19" w="308" /><ent r="65" t="19" w="308" /><ent r="64" t="23" w="112" /><ent r="64" t="23" w="112" /><ent r="4" t="34" w="196" /><ent r="4" t="34" w="196" /><ent r="3" t="34" w="617" /><ent r="3" t="34" w="617" /><ent r="64" t="44" w="209" /><ent r="64" t="44" w="209" /></phr><phr n="migration"><ent r="3" t="3" w="311" /><ent r="3" t="3" w="311" /><ent r="6" t="3" w="557" /><ent r="6" t="3" w="625" /><ent r="6" t="3" w="625" /><ent r="3" t="17" w="101" /><ent r="3" t="17" w="101" /><ent r="4" t="17" w="217" /><ent r="4" t="17" w="217" /><ent r="4" t="17" w="337" /><ent r="4" t="17" w="358" /><ent r="4" t="17" w="358" /><ent r="3" t="17" w="640" /><ent r="3" t="17" w="640" /><ent r="4" t="17" w="648" /><ent r="4" t="17" w="650" /><ent r="4" t="17" w="650" /><ent r="4" t="17" w="657" /><ent r="4" t="17" w="657" /><ent r="4" t="17" w="724" /><ent r="4" t="17" w="733" /><ent r="4" t="17" w="733" /><ent r="4" t="17" w="744" /><ent r="4" t="17" w="744" /><ent r="4" t="17" w="786" /><ent r="3" t="17" w="798" /><ent r="3" t="17" w="798" /><ent r="3" t="17" w="804" /><ent r="3" t="17" w="804" /><ent r="4" t="18" w="49" /><ent r="4" t="18" w="49" /><ent r="4" t="18" w="110" /><ent r="4" t="18" w="110" /><ent r="3" t="18" w="126" /><ent r="3" t="18" w="126" /><ent r="3" t="18" w="139" /><ent r="3" t="18" w="152" /><ent r="3" t="18" w="152" /><ent r="4" t="18" w="171" /><ent r="4" t="18" w="171" /><ent r="4" t="18" w="192" /><ent r="4" t="18" w="192" /><ent r="3" t="18" w="197" /><ent r="3" t="18" w="197" /><ent r="4" t="18" w="229" /><ent r="4" t="18" w="229" /><ent r="3" t="32" w="105" /><ent r="3" t="32" w="105" /><ent r="3" t="32" w="108" /><ent r="3" t="32" w="108" /><ent r="6" t="32" w="595" /><ent r="6" t="32" w="595" /><ent r="3" t="34" w="77" /><ent r="3" t="34" w="121" /><ent r="3" t="34" w="121" /><ent r="3" t="34" w="163" /><ent r="3" t="34" w="163" /><ent r="4" t="34" w="224" /><ent r="4" t="34" w="224" /><ent r="3" t="34" w="432" /><ent r="3" t="34" w="432" /><ent r="3" t="34" w="633" /><ent r="3" t="34" w="891" /><ent r="3" t="34" w="932" /><ent r="3" t="34" w="932" /><ent r="3" t="34" w="977" /><ent r="3" t="34" w="977" /><ent r="3" t="34" w="1052" /><ent r="4" t="34" w="1058" /><ent r="4" t="34" w="1058" /><ent r="4" t="34" w="1121" /><ent r="4" t="34" w="1121" /><ent r="3" t="34" w="1181" /><ent r="3" t="34" w="1199" /><ent r="3" t="34" w="1199" /><ent r="4" t="34" w="1236" /><ent r="4" t="34" w="1236" /><ent r="4" t="34" w="1250" /><ent r="4" t="34" w="1250" /><ent r="4" t="34" w="1389" /><ent r="4" t="34" w="1403" /><ent r="4" t="34" w="1403" /><ent r="4" t="34" w="1479" /><ent r="4" t="34" w="1497" /><ent r="3" t="34" w="1631" /><ent r="3" t="34" w="1631" /><ent r="4" t="34" w="1753" /><ent r="4" t="34" w="1753" /><ent r="4" t="34" w="1872" /><ent r="3" t="34" w="1986" /><ent r="3" t="34" w="1986" /><ent r="4" t="34" w="2073" /><ent r="4" t="34" w="2073" /><ent r="64" t="35" w="24" /><ent r="64" t="35" w="24" /><ent r="3" t="35" w="31" /><ent r="3" t="35" w="31" /><ent r="6" t="35" w="132" /><ent r="6" t="35" w="132" /><ent r="6" t="35" w="149" /><ent r="6" t="35" w="179" /><ent r="6" t="35" w="179" /><ent r="6" t="35" w="201" /><ent r="6" t="35" w="213" /><ent r="6" t="35" w="242" /><ent r="6" t="35" w="242" /><ent r="7" t="35" w="291" /><ent r="7" t="35" w="291" /><ent r="6" t="35" w="362" /><ent r="6" t="35" w="362" /><ent r="6" t="35" w="368" /><ent r="6" t="35" w="368" /><ent r="6" t="35" w="411" /><ent r="6" t="35" w="411" /><ent r="7" t="35" w="451" /><ent r="6" t="35" w="512" /></phr><phr n="Migrating"><ent r="1000" t="17" w="1" /><ent r="1000" t="17" w="1" /><ent r="102" t="17" w="7" /><ent r="102" t="17" w="7" /><ent r="100" t="17" w="13" /><ent r="100" t="17" w="13" /><ent r="3" t="17" w="48" /><ent r="3" t="17" w="48" /><ent r="4" t="34" w="167" /><ent r="4" t="34" w="167" /><ent r="4" t="34" w="187" /><ent r="4" t="34" w="187" /><ent r="65" t="34" w="241" /><ent r="65" t="34" w="241" /></phr><phr n="migrated"><ent r="3" t="17" w="176" /><ent r="3" t="17" w="176" /><ent r="3" t="34" w="59" /><ent r="3" t="34" w="59" /><ent r="3" t="34" w="251" /><ent r="3" t="34" w="251" /><ent r="3" t="34" w="300" /><ent r="3" t="34" w="642" /><ent r="3" t="34" w="671" /><ent r="3" t="34" w="671" /><ent r="3" t="34" w="676" /><ent r="3" t="34" w="741" /><ent r="3" t="34" w="741" /><ent r="3" t="34" w="827" /><ent r="3" t="34" w="827" /><ent r="4" t="34" w="984" /><ent r="4" t="34" w="1007" /><ent r="4" t="34" w="1016" /><ent r="4" t="34" w="1038" /><ent r="4" t="34" w="1088" /><ent r="4" t="34" w="1088" /><ent r="3" t="34" w="1346" /><ent r="4" t="34" w="1668" /><ent r="6" t="35" w="227" /><ent r="6" t="35" w="227" /><ent r="6" t="35" w="322" /><ent r="6" t="35" w="322" /></phr><phr n="Migrate"><ent r="65" t="17" w="387" /><ent r="65" t="17" w="550" /><ent r="82" t="34" w="1320" /><ent r="3" t="34" w="1326" /><ent r="3" t="34" w="1807" /></phr><phr n="Migrations"><ent r="3" t="34" w="1173" /><ent r="3" t="34" w="1173" /><ent r="6" t="35" w="150" /><ent r="6" t="35" w="150" /></phr></stem><stem n="grate"><phr n="migrate"><ent r="4" t="2" w="91" /><ent r="4" t="2" w="91" /><ent r="3" t="17" w="32" /><ent r="4" t="17" w="199" /><ent r="4" t="17" w="199" /><ent r="3" t="17" w="250" /><ent r="3" t="17" w="250" /><ent r="5" t="17" w="341" /><ent r="5" t="17" w="341" /><ent r="4" t="17" w="377" /><ent r="4" t="17" w="377" /><ent r="3" t="17" w="395" /><ent r="3" t="17" w="395" /><ent r="3" t="17" w="484" /><ent r="3" t="17" w="484" /><ent r="5" t="34" w="1367" /><ent r="5" t="34" w="1367" /><ent r="4" t="34" w="1394" /><ent r="4" t="34" w="1394" /><ent r="4" t="34" w="1662" /><ent r="4" t="34" w="1662" /></phr><phr n="migrated"><ent r="3" t="17" w="176" /><ent r="3" t="17" w="176" /><ent r="3" t="34" w="59" /><ent r="3" t="34" w="59" /><ent r="3" t="34" w="251" /><ent r="3" t="34" w="251" /><ent r="3" t="34" w="300" /><ent r="3" t="34" w="642" /><ent r="3" t="34" w="671" /><ent r="3" t="34" w="671" /><ent r="3" t="34" w="676" /><ent r="3" t="34" w="741" /><ent r="3" t="34" w="741" /><ent r="3" t="34" w="827" /><ent r="3" t="34" w="827" /><ent r="4" t="34" w="984" /><ent r="4" t="34" w="1007" /><ent r="4" t="34" w="1016" /><ent r="4" t="34" w="1038" /><ent r="4" t="34" w="1088" /><ent r="4" t="34" w="1088" /><ent r="3" t="34" w="1346" /><ent r="4" t="34" w="1668" /><ent r="6" t="35" w="227" /><ent r="6" t="35" w="227" /><ent r="6" t="35" w="322" /><ent r="6" t="35" w="322" /></phr><phr n="Migrate"><ent r="65" t="17" w="387" /><ent r="65" t="17" w="550" /><ent r="82" t="34" w="1320" /><ent r="3" t="34" w="1326" /><ent r="3" t="34" w="1807" /></phr></stem><stem n="igrate"><phr n="migrate"><ent r="4" t="2" w="91" /><ent r="4" t="2" w="91" /><ent r="3" t="17" w="32" /><ent r="4" t="17" w="199" /><ent r="4" t="17" w="199" /><ent r="3" t="17" w="250" /><ent r="3" t="17" w="250" /><ent r="5" t="17" w="341" /><ent r="5" t="17" w="341" /><ent r="4" t="17" w="377" /><ent r="4" t="17" w="377" /><ent r="3" t="17" w="395" /><ent r="3" t="17" w="395" /><ent r="3" t="17" w="484" /><ent r="3" t="17" w="484" /><ent r="5" t="34" w="1367" /><ent r="5" t="34" w="1367" /><ent r="4" t="34" w="1394" /><ent r="4" t="34" w="1394" /><ent r="4" t="34" w="1662" /><ent r="4" t="34" w="1662" /></phr><phr n="migrated"><ent r="3" t="17" w="176" /><ent r="3" t="17" w="176" /><ent r="3" t="34" w="59" /><ent r="3" t="34" w="59" /><ent r="3" t="34" w="251" /><ent r="3" t="34" w="251" /><ent r="3" t="34" w="300" /><ent r="3" t="34" w="642" /><ent r="3" t="34" w="671" /><ent r="3" t="34" w="671" /><ent r="3" t="34" w="676" /><ent r="3" t="34" w="741" /><ent r="3" t="34" w="741" /><ent r="3" t="34" w="827" /><ent r="3" t="34" w="827" /><ent r="4" t="34" w="984" /><ent r="4" t="34" w="1007" /><ent r="4" t="34" w="1016" /><ent r="4" t="34" w="1038" /><ent r="4" t="34" w="1088" /><ent r="4" t="34" w="1088" /><ent r="3" t="34" w="1346" /><ent r="4" t="34" w="1668" /><ent r="6" t="35" w="227" /><ent r="6" t="35" w="227" /><ent r="6" t="35" w="322" /><ent r="6" t="35" w="322" /></phr><phr n="Migrate"><ent r="65" t="17" w="387" /><ent r="65" t="17" w="550" /><ent r="82" t="34" w="1320" /><ent r="3" t="34" w="1326" /><ent r="3" t="34" w="1807" /></phr></stem><stem n="migrate"><phr n="migrate"><ent r="4" t="2" w="91" /><ent r="4" t="2" w="91" /><ent r="3" t="17" w="32" /><ent r="4" t="17" w="199" /><ent r="4" t="17" w="199" /><ent r="3" t="17" w="250" /><ent r="3" t="17" w="250" /><ent r="5" t="17" w="341" /><ent r="5" t="17" w="341" /><ent r="4" t="17" w="377" /><ent r="4" t="17" w="377" /><ent r="3" t="17" w="395" /><ent r="3" t="17" w="395" /><ent r="3" t="17" w="484" /><ent r="3" t="17" w="484" /><ent r="5" t="34" w="1367" /><ent r="5" t="34" w="1367" /><ent r="4" t="34" w="1394" /><ent r="4" t="34" w="1394" /><ent r="4" t="34" w="1662" /><ent r="4" t="34" w="1662" /></phr><phr n="migrated"><ent r="3" t="17" w="176" /><ent r="3" t="17" w="176" /><ent r="3" t="34" w="59" /><ent r="3" t="34" w="59" /><ent r="3" t="34" w="251" /><ent r="3" t="34" w="251" /><ent r="3" t="34" w="300" /><ent r="3" t="34" w="642" /><ent r="3" t="34" w="671" /><ent r="3" t="34" w="671" /><ent r="3" t="34" w="676" /><ent r="3" t="34" w="741" /><ent r="3" t="34" w="741" /><ent r="3" t="34" w="827" /><ent r="3" t="34" w="827" /><ent r="4" t="34" w="984" /><ent r="4" t="34" w="1007" /><ent r="4" t="34" w="1016" /><ent r="4" t="34" w="1038" /><ent r="4" t="34" w="1088" /><ent r="4" t="34" w="1088" /><ent r="3" t="34" w="1346" /><ent r="4" t="34" w="1668" /><ent r="6" t="35" w="227" /><ent r="6" t="35" w="227" /><ent r="6" t="35" w="322" /><ent r="6" t="35" w="322" /></phr><phr n="Migrate"><ent r="65" t="17" w="387" /><ent r="65" t="17" w="550" /><ent r="82" t="34" w="1320" /><ent r="3" t="34" w="1326" /><ent r="3" t="34" w="1807" /></phr></stem><stem n="ices"><phr n="services"><ent r="4" t="2" w="92" /><ent r="4" t="2" w="92" /><ent r="3" t="17" w="169" /><ent r="3" t="17" w="169" /><ent r="5" t="17" w="534" /><ent r="5" t="17" w="534" /><ent r="4" t="26" w="235" /><ent r="4" t="26" w="235" /><ent r="4" t="26" w="324" /><ent r="4" t="26" w="324" /><ent r="3" t="26" w="562" /><ent r="3" t="26" w="562" /><ent r="3" t="27" w="282" /><ent r="3" t="27" w="282" /><ent r="3" t="27" w="594" /><ent r="3" t="27" w="611" /><ent r="3" t="27" w="611" /><ent r="4" t="34" w="276" /><ent r="4" t="34" w="276" /><ent r="5" t="34" w="1442" /><ent r="5" t="34" w="1442" /><ent r="4" t="34" w="1459" /><ent r="4" t="34" w="1459" /><ent r="5" t="34" w="1470" /><ent r="5" t="34" w="1470" /><ent r="4" t="34" w="1500" /><ent r="4" t="34" w="1500" /><ent r="5" t="34" w="1523" /><ent r="5" t="34" w="1523" /><ent r="3" t="34" w="1602" /><ent r="3" t="34" w="1602" /><ent r="3" t="34" w="1621" /><ent r="3" t="34" w="1621" /><ent r="4" t="34" w="1710" /><ent r="4" t="34" w="1710" /><ent r="4" t="36" w="49" /><ent r="4" t="36" w="49" /><ent r="7" t="36" w="313" /><ent r="7" t="36" w="313" /><ent r="7" t="36" w="421" /><ent r="7" t="36" w="421" /><ent r="7" t="36" w="471" /><ent r="7" t="36" w="471" /><ent r="7" t="36" w="537" /><ent r="7" t="36" w="537" /><ent r="7" t="36" w="574" /><ent r="7" t="36" w="574" /><ent r="7" t="36" w="587" /><ent r="7" t="36" w="587" /><ent r="7" t="36" w="597" /></phr><phr n="Services"><ent r="4" t="13" w="170" /><ent r="4" t="13" w="170" /><ent r="5" t="26" w="307" /><ent r="5" t="26" w="307" /><ent r="4" t="34" w="1380" /><ent r="4" t="34" w="1380" /><ent r="5" t="34" w="1718" /><ent r="5" t="34" w="1718" /></phr></stem><stem n="vices"><phr n="services"><ent r="4" t="2" w="92" /><ent r="4" t="2" w="92" /><ent r="3" t="17" w="169" /><ent r="3" t="17" w="169" /><ent r="5" t="17" w="534" /><ent r="5" t="17" w="534" /><ent r="4" t="26" w="235" /><ent r="4" t="26" w="235" /><ent r="4" t="26" w="324" /><ent r="4" t="26" w="324" /><ent r="3" t="26" w="562" /><ent r="3" t="26" w="562" /><ent r="3" t="27" w="282" /><ent r="3" t="27" w="282" /><ent r="3" t="27" w="594" /><ent r="3" t="27" w="611" /><ent r="3" t="27" w="611" /><ent r="4" t="34" w="276" /><ent r="4" t="34" w="276" /><ent r="5" t="34" w="1442" /><ent r="5" t="34" w="1442" /><ent r="4" t="34" w="1459" /><ent r="4" t="34" w="1459" /><ent r="5" t="34" w="1470" /><ent r="5" t="34" w="1470" /><ent r="4" t="34" w="1500" /><ent r="4" t="34" w="1500" /><ent r="5" t="34" w="1523" /><ent r="5" t="34" w="1523" /><ent r="3" t="34" w="1602" /><ent r="3" t="34" w="1602" /><ent r="3" t="34" w="1621" /><ent r="3" t="34" w="1621" /><ent r="4" t="34" w="1710" /><ent r="4" t="34" w="1710" /><ent r="4" t="36" w="49" /><ent r="4" t="36" w="49" /><ent r="7" t="36" w="313" /><ent r="7" t="36" w="313" /><ent r="7" t="36" w="421" /><ent r="7" t="36" w="421" /><ent r="7" t="36" w="471" /><ent r="7" t="36" w="471" /><ent r="7" t="36" w="537" /><ent r="7" t="36" w="537" /><ent r="7" t="36" w="574" /><ent r="7" t="36" w="574" /><ent r="7" t="36" w="587" /><ent r="7" t="36" w="587" /><ent r="7" t="36" w="597" /></phr><phr n="Services"><ent r="4" t="13" w="170" /><ent r="4" t="13" w="170" /><ent r="5" t="26" w="307" /><ent r="5" t="26" w="307" /><ent r="4" t="34" w="1380" /><ent r="4" t="34" w="1380" /><ent r="5" t="34" w="1718" /><ent r="5" t="34" w="1718" /></phr></stem><stem n="rvices"><phr n="services"><ent r="4" t="2" w="92" /><ent r="4" t="2" w="92" /><ent r="3" t="17" w="169" /><ent r="3" t="17" w="169" /><ent r="5" t="17" w="534" /><ent r="5" t="17" w="534" /><ent r="4" t="26" w="235" /><ent r="4" t="26" w="235" /><ent r="4" t="26" w="324" /><ent r="4" t="26" w="324" /><ent r="3" t="26" w="562" /><ent r="3" t="26" w="562" /><ent r="3" t="27" w="282" /><ent r="3" t="27" w="282" /><ent r="3" t="27" w="594" /><ent r="3" t="27" w="611" /><ent r="3" t="27" w="611" /><ent r="4" t="34" w="276" /><ent r="4" t="34" w="276" /><ent r="5" t="34" w="1442" /><ent r="5" t="34" w="1442" /><ent r="4" t="34" w="1459" /><ent r="4" t="34" w="1459" /><ent r="5" t="34" w="1470" /><ent r="5" t="34" w="1470" /><ent r="4" t="34" w="1500" /><ent r="4" t="34" w="1500" /><ent r="5" t="34" w="1523" /><ent r="5" t="34" w="1523" /><ent r="3" t="34" w="1602" /><ent r="3" t="34" w="1602" /><ent r="3" t="34" w="1621" /><ent r="3" t="34" w="1621" /><ent r="4" t="34" w="1710" /><ent r="4" t="34" w="1710" /><ent r="4" t="36" w="49" /><ent r="4" t="36" w="49" /><ent r="7" t="36" w="313" /><ent r="7" t="36" w="313" /><ent r="7" t="36" w="421" /><ent r="7" t="36" w="421" /><ent r="7" t="36" w="471" /><ent r="7" t="36" w="471" /><ent r="7" t="36" w="537" /><ent r="7" t="36" w="537" /><ent r="7" t="36" w="574" /><ent r="7" t="36" w="574" /><ent r="7" t="36" w="587" /><ent r="7" t="36" w="587" /><ent r="7" t="36" w="597" /></phr><phr n="Services"><ent r="4" t="13" w="170" /><ent r="4" t="13" w="170" /><ent r="5" t="26" w="307" /><ent r="5" t="26" w="307" /><ent r="4" t="34" w="1380" /><ent r="4" t="34" w="1380" /><ent r="5" t="34" w="1718" /><ent r="5" t="34" w="1718" /></phr></stem></index>