<?xml version="1.0" encoding="utf-8"?><index><stem n="describ"><phr n="described"><ent r="4" t="2" w="78" /><ent r="4" t="2" w="78" /><ent r="4" t="2" w="108" /><ent r="4" t="2" w="108" /><ent r="4" t="2" w="130" /><ent r="4" t="2" w="130" /><ent r="4" t="2" w="154" /><ent r="4" t="2" w="154" /><ent r="4" t="2" w="184" /><ent r="4" t="2" w="184" /><ent r="3" t="4" w="59" /><ent r="3" t="4" w="59" /><ent r="3" t="32" w="144" /><ent r="3" t="32" w="144" /><ent r="3" t="32" w="158" /><ent r="3" t="32" w="158" /><ent r="7" t="45" w="264" /><ent r="7" t="45" w="264" /></phr><phr n="describes"><ent r="3" t="3" w="477" /><ent r="3" t="3" w="477" /><ent r="4" t="17" w="722" /><ent r="4" t="17" w="722" /><ent r="3" t="36" w="233" /><ent r="3" t="36" w="233" /><ent r="3" t="36" w="1222" /><ent r="3" t="36" w="1222" /></phr><phr n="describe"><ent r="4" t="4" w="223" /><ent r="4" t="4" w="223" /><ent r="3" t="7" w="30" /><ent r="3" t="7" w="30" /><ent r="4" t="26" w="658" /><ent r="4" t="26" w="658" /><ent r="7" t="38" w="281" /><ent r="7" t="38" w="281" /></phr><phr n="describing"><ent r="9" t="16" w="598" /><ent r="9" t="16" w="598" /></phr></stem><stem n="desc"><phr n="described"><ent r="4" t="2" w="78" /><ent r="4" t="2" w="78" /><ent r="4" t="2" w="108" /><ent r="4" t="2" w="108" /><ent r="4" t="2" w="130" /><ent r="4" t="2" w="130" /><ent r="4" t="2" w="154" /><ent r="4" t="2" w="154" /><ent r="4" t="2" w="184" /><ent r="4" t="2" w="184" /><ent r="3" t="4" w="59" /><ent r="3" t="4" w="59" /><ent r="3" t="32" w="144" /><ent r="3" t="32" w="144" /><ent r="3" t="32" w="158" /><ent r="3" t="32" w="158" /><ent r="7" t="45" w="264" /><ent r="7" t="45" w="264" /></phr><phr n="description"><ent r="3" t="2" w="193" /><ent r="3" t="2" w="193" /><ent r="4" t="19" w="194" /><ent r="4" t="19" w="194" /><ent r="4" t="20" w="87" /><ent r="4" t="20" w="87" /><ent r="4" t="34" w="231" /><ent r="4" t="34" w="231" /><ent r="6" t="44" w="319" /><ent r="6" t="44" w="319" /></phr><phr n="describes"><ent r="3" t="3" w="477" /><ent r="3" t="3" w="477" /><ent r="4" t="17" w="722" /><ent r="4" t="17" w="722" /><ent r="3" t="36" w="233" /><ent r="3" t="36" w="233" /><ent r="3" t="36" w="1222" /><ent r="3" t="36" w="1222" /></phr><phr n="Description"><ent r="7" t="3" w="492" /><ent r="7" t="3" w="492" /><ent r="7" t="15" w="235" /><ent r="7" t="15" w="235" /><ent r="9" t="16" w="343" /><ent r="9" t="16" w="343" /><ent r="9" t="16" w="701" /><ent r="9" t="16" w="701" /><ent r="9" t="16" w="886" /><ent r="9" t="16" w="886" /><ent r="7" t="16" w="1110" /><ent r="7" t="16" w="1110" /><ent r="5" t="19" w="191" /><ent r="5" t="23" w="186" /><ent r="5" t="23" w="186" /><ent r="7" t="31" w="226" /><ent r="7" t="31" w="226" /><ent r="7" t="32" w="194" /><ent r="7" t="32" w="194" /><ent r="7" t="35" w="73" /><ent r="7" t="35" w="73" /><ent r="7" t="36" w="248" /><ent r="7" t="36" w="248" /><ent r="7" t="36" w="1249" /><ent r="7" t="36" w="1249" /><ent r="7" t="36" w="1529" /><ent r="7" t="36" w="1529" /><ent r="7" t="38" w="70" /><ent r="7" t="38" w="70" /><ent r="7" t="39" w="117" /><ent r="7" t="39" w="117" /><ent r="7" t="41" w="63" /><ent r="7" t="41" w="63" /><ent r="7" t="43" w="63" /><ent r="7" t="43" w="63" /><ent r="7" t="43" w="187" /><ent r="7" t="43" w="187" /><ent r="7" t="44" w="247" /><ent r="7" t="44" w="247" /><ent r="7" t="44" w="315" /><ent r="7" t="44" w="315" /><ent r="7" t="45" w="74" /><ent r="7" t="45" w="74" /></phr><phr n="describe"><ent r="4" t="4" w="223" /><ent r="4" t="4" w="223" /><ent r="3" t="7" w="30" /><ent r="3" t="7" w="30" /><ent r="4" t="26" w="658" /><ent r="4" t="26" w="658" /><ent r="7" t="38" w="281" /><ent r="7" t="38" w="281" /></phr><phr n="descriptive"><ent r="7" t="4" w="428" /><ent r="7" t="4" w="428" /><ent r="4" t="16" w="278" /><ent r="4" t="16" w="278" /></phr><phr n="describing"><ent r="9" t="16" w="598" /><ent r="9" t="16" w="598" /></phr><phr n="descending"><ent r="7" t="22" w="316" /><ent r="7" t="22" w="316" /></phr></stem><stem n="ribe"><phr n="described"><ent r="4" t="2" w="78" /><ent r="4" t="2" w="78" /><ent r="4" t="2" w="108" /><ent r="4" t="2" w="108" /><ent r="4" t="2" w="130" /><ent r="4" t="2" w="130" /><ent r="4" t="2" w="154" /><ent r="4" t="2" w="154" /><ent r="4" t="2" w="184" /><ent r="4" t="2" w="184" /><ent r="3" t="4" w="59" /><ent r="3" t="4" w="59" /><ent r="3" t="32" w="144" /><ent r="3" t="32" w="144" /><ent r="3" t="32" w="158" /><ent r="3" t="32" w="158" /><ent r="7" t="45" w="264" /><ent r="7" t="45" w="264" /></phr><phr n="describes"><ent r="3" t="3" w="477" /><ent r="3" t="3" w="477" /><ent r="4" t="17" w="722" /><ent r="4" t="17" w="722" /><ent r="3" t="36" w="233" /><ent r="3" t="36" w="233" /><ent r="3" t="36" w="1222" /><ent r="3" t="36" w="1222" /></phr><phr n="describe"><ent r="4" t="4" w="223" /><ent r="4" t="4" w="223" /><ent r="3" t="7" w="30" /><ent r="3" t="7" w="30" /><ent r="4" t="26" w="658" /><ent r="4" t="26" w="658" /><ent r="7" t="38" w="281" /><ent r="7" t="38" w="281" /></phr></stem><stem n="escr"><phr n="described"><ent r="4" t="2" w="78" /><ent r="4" t="2" w="78" /><ent r="4" t="2" w="108" /><ent r="4" t="2" w="108" /><ent r="4" t="2" w="130" /><ent r="4" t="2" w="130" /><ent r="4" t="2" w="154" /><ent r="4" t="2" w="154" /><ent r="4" t="2" w="184" /><ent r="4" t="2" w="184" /><ent r="3" t="4" w="59" /><ent r="3" t="4" w="59" /><ent r="3" t="32" w="144" /><ent r="3" t="32" w="144" /><ent r="3" t="32" w="158" /><ent r="3" t="32" w="158" /><ent r="7" t="45" w="264" /><ent r="7" t="45" w="264" /></phr><phr n="description"><ent r="3" t="2" w="193" /><ent r="3" t="2" w="193" /><ent r="4" t="19" w="194" /><ent r="4" t="19" w="194" /><ent r="4" t="20" w="87" /><ent r="4" t="20" w="87" /><ent r="4" t="34" w="231" /><ent r="4" t="34" w="231" /><ent r="6" t="44" w="319" /><ent r="6" t="44" w="319" /></phr><phr n="describes"><ent r="3" t="3" w="477" /><ent r="3" t="3" w="477" /><ent r="4" t="17" w="722" /><ent r="4" t="17" w="722" /><ent r="3" t="36" w="233" /><ent r="3" t="36" w="233" /><ent r="3" t="36" w="1222" /><ent r="3" t="36" w="1222" /></phr><phr n="Description"><ent r="7" t="3" w="492" /><ent r="7" t="3" w="492" /><ent r="7" t="15" w="235" /><ent r="7" t="15" w="235" /><ent r="9" t="16" w="343" /><ent r="9" t="16" w="343" /><ent r="9" t="16" w="701" /><ent r="9" t="16" w="701" /><ent r="9" t="16" w="886" /><ent r="9" t="16" w="886" /><ent r="7" t="16" w="1110" /><ent r="7" t="16" w="1110" /><ent r="5" t="19" w="191" /><ent r="5" t="23" w="186" /><ent r="5" t="23" w="186" /><ent r="7" t="31" w="226" /><ent r="7" t="31" w="226" /><ent r="7" t="32" w="194" /><ent r="7" t="32" w="194" /><ent r="7" t="35" w="73" /><ent r="7" t="35" w="73" /><ent r="7" t="36" w="248" /><ent r="7" t="36" w="248" /><ent r="7" t="36" w="1249" /><ent r="7" t="36" w="1249" /><ent r="7" t="36" w="1529" /><ent r="7" t="36" w="1529" /><ent r="7" t="38" w="70" /><ent r="7" t="38" w="70" /><ent r="7" t="39" w="117" /><ent r="7" t="39" w="117" /><ent r="7" t="41" w="63" /><ent r="7" t="41" w="63" /><ent r="7" t="43" w="63" /><ent r="7" t="43" w="63" /><ent r="7" t="43" w="187" /><ent r="7" t="43" w="187" /><ent r="7" t="44" w="247" /><ent r="7" t="44" w="247" /><ent r="7" t="44" w="315" /><ent r="7" t="44" w="315" /><ent r="7" t="45" w="74" /><ent r="7" t="45" w="74" /></phr><phr n="describe"><ent r="4" t="4" w="223" /><ent r="4" t="4" w="223" /><ent r="3" t="7" w="30" /><ent r="3" t="7" w="30" /><ent r="4" t="26" w="658" /><ent r="4" t="26" w="658" /><ent r="7" t="38" w="281" /><ent r="7" t="38" w="281" /></phr><phr n="descriptive"><ent r="7" t="4" w="428" /><ent r="7" t="4" w="428" /><ent r="4" t="16" w="278" /><ent r="4" t="16" w="278" /></phr><phr n="describing"><ent r="9" t="16" w="598" /><ent r="9" t="16" w="598" /></phr></stem><stem n="ibed"><phr n="described"><ent r="4" t="2" w="78" /><ent r="4" t="2" w="78" /><ent r="4" t="2" w="108" /><ent r="4" t="2" w="108" /><ent r="4" t="2" w="130" /><ent r="4" t="2" w="130" /><ent r="4" t="2" w="154" /><ent r="4" t="2" w="154" /><ent r="4" t="2" w="184" /><ent r="4" t="2" w="184" /><ent r="3" t="4" w="59" /><ent r="3" t="4" w="59" /><ent r="3" t="32" w="144" /><ent r="3" t="32" w="144" /><ent r="3" t="32" w="158" /><ent r="3" t="32" w="158" /><ent r="7" t="45" w="264" /><ent r="7" t="45" w="264" /></phr></stem><stem n="scri"><phr n="described"><ent r="4" t="2" w="78" /><ent r="4" t="2" w="78" /><ent r="4" t="2" w="108" /><ent r="4" t="2" w="108" /><ent r="4" t="2" w="130" /><ent r="4" t="2" w="130" /><ent r="4" t="2" w="154" /><ent r="4" t="2" w="154" /><ent r="4" t="2" w="184" /><ent r="4" t="2" w="184" /><ent r="3" t="4" w="59" /><ent r="3" t="4" w="59" /><ent r="3" t="32" w="144" /><ent r="3" t="32" w="144" /><ent r="3" t="32" w="158" /><ent r="3" t="32" w="158" /><ent r="7" t="45" w="264" /><ent r="7" t="45" w="264" /></phr><phr n="description"><ent r="3" t="2" w="193" /><ent r="3" t="2" w="193" /><ent r="4" t="19" w="194" /><ent r="4" t="19" w="194" /><ent r="4" t="20" w="87" /><ent r="4" t="20" w="87" /><ent r="4" t="34" w="231" /><ent r="4" t="34" w="231" /><ent r="6" t="44" w="319" /><ent r="6" t="44" w="319" /></phr><phr n="describes"><ent r="3" t="3" w="477" /><ent r="3" t="3" w="477" /><ent r="4" t="17" w="722" /><ent r="4" t="17" w="722" /><ent r="3" t="36" w="233" /><ent r="3" t="36" w="233" /><ent r="3" t="36" w="1222" /><ent r="3" t="36" w="1222" /></phr><phr n="Description"><ent r="7" t="3" w="492" /><ent r="7" t="3" w="492" /><ent r="7" t="15" w="235" /><ent r="7" t="15" w="235" /><ent r="9" t="16" w="343" /><ent r="9" t="16" w="343" /><ent r="9" t="16" w="701" /><ent r="9" t="16" w="701" /><ent r="9" t="16" w="886" /><ent r="9" t="16" w="886" /><ent r="7" t="16" w="1110" /><ent r="7" t="16" w="1110" /><ent r="5" t="19" w="191" /><ent r="5" t="23" w="186" /><ent r="5" t="23" w="186" /><ent r="7" t="31" w="226" /><ent r="7" t="31" w="226" /><ent r="7" t="32" w="194" /><ent r="7" t="32" w="194" /><ent r="7" t="35" w="73" /><ent r="7" t="35" w="73" /><ent r="7" t="36" w="248" /><ent r="7" t="36" w="248" /><ent r="7" t="36" w="1249" /><ent r="7" t="36" w="1249" /><ent r="7" t="36" w="1529" /><ent r="7" t="36" w="1529" /><ent r="7" t="38" w="70" /><ent r="7" t="38" w="70" /><ent r="7" t="39" w="117" /><ent r="7" t="39" w="117" /><ent r="7" t="41" w="63" /><ent r="7" t="41" w="63" /><ent r="7" t="43" w="63" /><ent r="7" t="43" w="63" /><ent r="7" t="43" w="187" /><ent r="7" t="43" w="187" /><ent r="7" t="44" w="247" /><ent r="7" t="44" w="247" /><ent r="7" t="44" w="315" /><ent r="7" t="44" w="315" /><ent r="7" t="45" w="74" /><ent r="7" t="45" w="74" /></phr><phr n="describe"><ent r="4" t="4" w="223" /><ent r="4" t="4" w="223" /><ent r="3" t="7" w="30" /><ent r="3" t="7" w="30" /><ent r="4" t="26" w="658" /><ent r="4" t="26" w="658" /><ent r="7" t="38" w="281" /><ent r="7" t="38" w="281" /></phr><phr n="descriptive"><ent r="7" t="4" w="428" /><ent r="7" t="4" w="428" /><ent r="4" t="16" w="278" /><ent r="4" t="16" w="278" /></phr><phr n="describing"><ent r="9" t="16" w="598" /><ent r="9" t="16" w="598" /></phr></stem><stem n="crib"><phr n="described"><ent r="4" t="2" w="78" /><ent r="4" t="2" w="78" /><ent r="4" t="2" w="108" /><ent r="4" t="2" w="108" /><ent r="4" t="2" w="130" /><ent r="4" t="2" w="130" /><ent r="4" t="2" w="154" /><ent r="4" t="2" w="154" /><ent r="4" t="2" w="184" /><ent r="4" t="2" w="184" /><ent r="3" t="4" w="59" /><ent r="3" t="4" w="59" /><ent r="3" t="32" w="144" /><ent r="3" t="32" w="144" /><ent r="3" t="32" w="158" /><ent r="3" t="32" w="158" /><ent r="7" t="45" w="264" /><ent r="7" t="45" w="264" /></phr><phr n="describes"><ent r="3" t="3" w="477" /><ent r="3" t="3" w="477" /><ent r="4" t="17" w="722" /><ent r="4" t="17" w="722" /><ent r="3" t="36" w="233" /><ent r="3" t="36" w="233" /><ent r="3" t="36" w="1222" /><ent r="3" t="36" w="1222" /></phr><phr n="describe"><ent r="4" t="4" w="223" /><ent r="4" t="4" w="223" /><ent r="3" t="7" w="30" /><ent r="3" t="7" w="30" /><ent r="4" t="26" w="658" /><ent r="4" t="26" w="658" /><ent r="7" t="38" w="281" /><ent r="7" t="38" w="281" /></phr><phr n="describing"><ent r="9" t="16" w="598" /><ent r="9" t="16" w="598" /></phr></stem><stem n="descr"><phr n="described"><ent r="4" t="2" w="78" /><ent r="4" t="2" w="78" /><ent r="4" t="2" w="108" /><ent r="4" t="2" w="108" /><ent r="4" t="2" w="130" /><ent r="4" t="2" w="130" /><ent r="4" t="2" w="154" /><ent r="4" t="2" w="154" /><ent r="4" t="2" w="184" /><ent r="4" t="2" w="184" /><ent r="3" t="4" w="59" /><ent r="3" t="4" w="59" /><ent r="3" t="32" w="144" /><ent r="3" t="32" w="144" /><ent r="3" t="32" w="158" /><ent r="3" t="32" w="158" /><ent r="7" t="45" w="264" /><ent r="7" t="45" w="264" /></phr><phr n="description"><ent r="3" t="2" w="193" /><ent r="3" t="2" w="193" /><ent r="4" t="19" w="194" /><ent r="4" t="19" w="194" /><ent r="4" t="20" w="87" /><ent r="4" t="20" w="87" /><ent r="4" t="34" w="231" /><ent r="4" t="34" w="231" /><ent r="6" t="44" w="319" /><ent r="6" t="44" w="319" /></phr><phr n="describes"><ent r="3" t="3" w="477" /><ent r="3" t="3" w="477" /><ent r="4" t="17" w="722" /><ent r="4" t="17" w="722" /><ent r="3" t="36" w="233" /><ent r="3" t="36" w="233" /><ent r="3" t="36" w="1222" /><ent r="3" t="36" w="1222" /></phr><phr n="Description"><ent r="7" t="3" w="492" /><ent r="7" t="3" w="492" /><ent r="7" t="15" w="235" /><ent r="7" t="15" w="235" /><ent r="9" t="16" w="343" /><ent r="9" t="16" w="343" /><ent r="9" t="16" w="701" /><ent r="9" t="16" w="701" /><ent r="9" t="16" w="886" /><ent r="9" t="16" w="886" /><ent r="7" t="16" w="1110" /><ent r="7" t="16" w="1110" /><ent r="5" t="19" w="191" /><ent r="5" t="23" w="186" /><ent r="5" t="23" w="186" /><ent r="7" t="31" w="226" /><ent r="7" t="31" w="226" /><ent r="7" t="32" w="194" /><ent r="7" t="32" w="194" /><ent r="7" t="35" w="73" /><ent r="7" t="35" w="73" /><ent r="7" t="36" w="248" /><ent r="7" t="36" w="248" /><ent r="7" t="36" w="1249" /><ent r="7" t="36" w="1249" /><ent r="7" t="36" w="1529" /><ent r="7" t="36" w="1529" /><ent r="7" t="38" w="70" /><ent r="7" t="38" w="70" /><ent r="7" t="39" w="117" /><ent r="7" t="39" w="117" /><ent r="7" t="41" w="63" /><ent r="7" t="41" w="63" /><ent r="7" t="43" w="63" /><ent r="7" t="43" w="63" /><ent r="7" t="43" w="187" /><ent r="7" t="43" w="187" /><ent r="7" t="44" w="247" /><ent r="7" t="44" w="247" /><ent r="7" t="44" w="315" /><ent r="7" t="44" w="315" /><ent r="7" t="45" w="74" /><ent r="7" t="45" w="74" /></phr><phr n="describe"><ent r="4" t="4" w="223" /><ent r="4" t="4" w="223" /><ent r="3" t="7" w="30" /><ent r="3" t="7" w="30" /><ent r="4" t="26" w="658" /><ent r="4" t="26" w="658" /><ent r="7" t="38" w="281" /><ent r="7" t="38" w="281" /></phr><phr n="descriptive"><ent r="7" t="4" w="428" /><ent r="7" t="4" w="428" /><ent r="4" t="16" w="278" /><ent r="4" t="16" w="278" /></phr><phr n="describing"><ent r="9" t="16" w="598" /><ent r="9" t="16" w="598" /></phr></stem><stem n="escri"><phr n="described"><ent r="4" t="2" w="78" /><ent r="4" t="2" w="78" /><ent r="4" t="2" w="108" /><ent r="4" t="2" w="108" /><ent r="4" t="2" w="130" /><ent r="4" t="2" w="130" /><ent r="4" t="2" w="154" /><ent r="4" t="2" w="154" /><ent r="4" t="2" w="184" /><ent r="4" t="2" w="184" /><ent r="3" t="4" w="59" /><ent r="3" t="4" w="59" /><ent r="3" t="32" w="144" /><ent r="3" t="32" w="144" /><ent r="3" t="32" w="158" /><ent r="3" t="32" w="158" /><ent r="7" t="45" w="264" /><ent r="7" t="45" w="264" /></phr><phr n="description"><ent r="3" t="2" w="193" /><ent r="3" t="2" w="193" /><ent r="4" t="19" w="194" /><ent r="4" t="19" w="194" /><ent r="4" t="20" w="87" /><ent r="4" t="20" w="87" /><ent r="4" t="34" w="231" /><ent r="4" t="34" w="231" /><ent r="6" t="44" w="319" /><ent r="6" t="44" w="319" /></phr><phr n="describes"><ent r="3" t="3" w="477" /><ent r="3" t="3" w="477" /><ent r="4" t="17" w="722" /><ent r="4" t="17" w="722" /><ent r="3" t="36" w="233" /><ent r="3" t="36" w="233" /><ent r="3" t="36" w="1222" /><ent r="3" t="36" w="1222" /></phr><phr n="Description"><ent r="7" t="3" w="492" /><ent r="7" t="3" w="492" /><ent r="7" t="15" w="235" /><ent r="7" t="15" w="235" /><ent r="9" t="16" w="343" /><ent r="9" t="16" w="343" /><ent r="9" t="16" w="701" /><ent r="9" t="16" w="701" /><ent r="9" t="16" w="886" /><ent r="9" t="16" w="886" /><ent r="7" t="16" w="1110" /><ent r="7" t="16" w="1110" /><ent r="5" t="19" w="191" /><ent r="5" t="23" w="186" /><ent r="5" t="23" w="186" /><ent r="7" t="31" w="226" /><ent r="7" t="31" w="226" /><ent r="7" t="32" w="194" /><ent r="7" t="32" w="194" /><ent r="7" t="35" w="73" /><ent r="7" t="35" w="73" /><ent r="7" t="36" w="248" /><ent r="7" t="36" w="248" /><ent r="7" t="36" w="1249" /><ent r="7" t="36" w="1249" /><ent r="7" t="36" w="1529" /><ent r="7" t="36" w="1529" /><ent r="7" t="38" w="70" /><ent r="7" t="38" w="70" /><ent r="7" t="39" w="117" /><ent r="7" t="39" w="117" /><ent r="7" t="41" w="63" /><ent r="7" t="41" w="63" /><ent r="7" t="43" w="63" /><ent r="7" t="43" w="63" /><ent r="7" t="43" w="187" /><ent r="7" t="43" w="187" /><ent r="7" t="44" w="247" /><ent r="7" t="44" w="247" /><ent r="7" t="44" w="315" /><ent r="7" t="44" w="315" /><ent r="7" t="45" w="74" /><ent r="7" t="45" w="74" /></phr><phr n="describe"><ent r="4" t="4" w="223" /><ent r="4" t="4" w="223" /><ent r="3" t="7" w="30" /><ent r="3" t="7" w="30" /><ent r="4" t="26" w="658" /><ent r="4" t="26" w="658" /><ent r="7" t="38" w="281" /><ent r="7" t="38" w="281" /></phr><phr n="descriptive"><ent r="7" t="4" w="428" /><ent r="7" t="4" w="428" /><ent r="4" t="16" w="278" /><ent r="4" t="16" w="278" /></phr><phr n="describing"><ent r="9" t="16" w="598" /><ent r="9" t="16" w="598" /></phr></stem><stem n="scrib"><phr n="described"><ent r="4" t="2" w="78" /><ent r="4" t="2" w="78" /><ent r="4" t="2" w="108" /><ent r="4" t="2" w="108" /><ent r="4" t="2" w="130" /><ent r="4" t="2" w="130" /><ent r="4" t="2" w="154" /><ent r="4" t="2" w="154" /><ent r="4" t="2" w="184" /><ent r="4" t="2" w="184" /><ent r="3" t="4" w="59" /><ent r="3" t="4" w="59" /><ent r="3" t="32" w="144" /><ent r="3" t="32" w="144" /><ent r="3" t="32" w="158" /><ent r="3" t="32" w="158" /><ent r="7" t="45" w="264" /><ent r="7" t="45" w="264" /></phr><phr n="describes"><ent r="3" t="3" w="477" /><ent r="3" t="3" w="477" /><ent r="4" t="17" w="722" /><ent r="4" t="17" w="722" /><ent r="3" t="36" w="233" /><ent r="3" t="36" w="233" /><ent r="3" t="36" w="1222" /><ent r="3" t="36" w="1222" /></phr><phr n="describe"><ent r="4" t="4" w="223" /><ent r="4" t="4" w="223" /><ent r="3" t="7" w="30" /><ent r="3" t="7" w="30" /><ent r="4" t="26" w="658" /><ent r="4" t="26" w="658" /><ent r="7" t="38" w="281" /><ent r="7" t="38" w="281" /></phr><phr n="describing"><ent r="9" t="16" w="598" /><ent r="9" t="16" w="598" /></phr></stem><stem n="cribe"><phr n="described"><ent r="4" t="2" w="78" /><ent r="4" t="2" w="78" /><ent r="4" t="2" w="108" /><ent r="4" t="2" w="108" /><ent r="4" t="2" w="130" /><ent r="4" t="2" w="130" /><ent r="4" t="2" w="154" /><ent r="4" t="2" w="154" /><ent r="4" t="2" w="184" /><ent r="4" t="2" w="184" /><ent r="3" t="4" w="59" /><ent r="3" t="4" w="59" /><ent r="3" t="32" w="144" /><ent r="3" t="32" w="144" /><ent r="3" t="32" w="158" /><ent r="3" t="32" w="158" /><ent r="7" t="45" w="264" /><ent r="7" t="45" w="264" /></phr><phr n="describes"><ent r="3" t="3" w="477" /><ent r="3" t="3" w="477" /><ent r="4" t="17" w="722" /><ent r="4" t="17" w="722" /><ent r="3" t="36" w="233" /><ent r="3" t="36" w="233" /><ent r="3" t="36" w="1222" /><ent r="3" t="36" w="1222" /></phr><phr n="describe"><ent r="4" t="4" w="223" /><ent r="4" t="4" w="223" /><ent r="3" t="7" w="30" /><ent r="3" t="7" w="30" /><ent r="4" t="26" w="658" /><ent r="4" t="26" w="658" /><ent r="7" t="38" w="281" /><ent r="7" t="38" w="281" /></phr></stem><stem n="ribed"><phr n="described"><ent r="4" t="2" w="78" /><ent r="4" t="2" w="78" /><ent r="4" t="2" w="108" /><ent r="4" t="2" w="108" /><ent r="4" t="2" w="130" /><ent r="4" t="2" w="130" /><ent r="4" t="2" w="154" /><ent r="4" t="2" w="154" /><ent r="4" t="2" w="184" /><ent r="4" t="2" w="184" /><ent r="3" t="4" w="59" /><ent r="3" t="4" w="59" /><ent r="3" t="32" w="144" /><ent r="3" t="32" w="144" /><ent r="3" t="32" w="158" /><ent r="3" t="32" w="158" /><ent r="7" t="45" w="264" /><ent r="7" t="45" w="264" /></phr></stem><stem n="descri"><phr n="described"><ent r="4" t="2" w="78" /><ent r="4" t="2" w="78" /><ent r="4" t="2" w="108" /><ent r="4" t="2" w="108" /><ent r="4" t="2" w="130" /><ent r="4" t="2" w="130" /><ent r="4" t="2" w="154" /><ent r="4" t="2" w="154" /><ent r="4" t="2" w="184" /><ent r="4" t="2" w="184" /><ent r="3" t="4" w="59" /><ent r="3" t="4" w="59" /><ent r="3" t="32" w="144" /><ent r="3" t="32" w="144" /><ent r="3" t="32" w="158" /><ent r="3" t="32" w="158" /><ent r="7" t="45" w="264" /><ent r="7" t="45" w="264" /></phr><phr n="description"><ent r="3" t="2" w="193" /><ent r="3" t="2" w="193" /><ent r="4" t="19" w="194" /><ent r="4" t="19" w="194" /><ent r="4" t="20" w="87" /><ent r="4" t="20" w="87" /><ent r="4" t="34" w="231" /><ent r="4" t="34" w="231" /><ent r="6" t="44" w="319" /><ent r="6" t="44" w="319" /></phr><phr n="describes"><ent r="3" t="3" w="477" /><ent r="3" t="3" w="477" /><ent r="4" t="17" w="722" /><ent r="4" t="17" w="722" /><ent r="3" t="36" w="233" /><ent r="3" t="36" w="233" /><ent r="3" t="36" w="1222" /><ent r="3" t="36" w="1222" /></phr><phr n="Description"><ent r="7" t="3" w="492" /><ent r="7" t="3" w="492" /><ent r="7" t="15" w="235" /><ent r="7" t="15" w="235" /><ent r="9" t="16" w="343" /><ent r="9" t="16" w="343" /><ent r="9" t="16" w="701" /><ent r="9" t="16" w="701" /><ent r="9" t="16" w="886" /><ent r="9" t="16" w="886" /><ent r="7" t="16" w="1110" /><ent r="7" t="16" w="1110" /><ent r="5" t="19" w="191" /><ent r="5" t="23" w="186" /><ent r="5" t="23" w="186" /><ent r="7" t="31" w="226" /><ent r="7" t="31" w="226" /><ent r="7" t="32" w="194" /><ent r="7" t="32" w="194" /><ent r="7" t="35" w="73" /><ent r="7" t="35" w="73" /><ent r="7" t="36" w="248" /><ent r="7" t="36" w="248" /><ent r="7" t="36" w="1249" /><ent r="7" t="36" w="1249" /><ent r="7" t="36" w="1529" /><ent r="7" t="36" w="1529" /><ent r="7" t="38" w="70" /><ent r="7" t="38" w="70" /><ent r="7" t="39" w="117" /><ent r="7" t="39" w="117" /><ent r="7" t="41" w="63" /><ent r="7" t="41" w="63" /><ent r="7" t="43" w="63" /><ent r="7" t="43" w="63" /><ent r="7" t="43" w="187" /><ent r="7" t="43" w="187" /><ent r="7" t="44" w="247" /><ent r="7" t="44" w="247" /><ent r="7" t="44" w="315" /><ent r="7" t="44" w="315" /><ent r="7" t="45" w="74" /><ent r="7" t="45" w="74" /></phr><phr n="describe"><ent r="4" t="4" w="223" /><ent r="4" t="4" w="223" /><ent r="3" t="7" w="30" /><ent r="3" t="7" w="30" /><ent r="4" t="26" w="658" /><ent r="4" t="26" w="658" /><ent r="7" t="38" w="281" /><ent r="7" t="38" w="281" /></phr><phr n="descriptive"><ent r="7" t="4" w="428" /><ent r="7" t="4" w="428" /><ent r="4" t="16" w="278" /><ent r="4" t="16" w="278" /></phr><phr n="describing"><ent r="9" t="16" w="598" /><ent r="9" t="16" w="598" /></phr></stem><stem n="escrib"><phr n="described"><ent r="4" t="2" w="78" /><ent r="4" t="2" w="78" /><ent r="4" t="2" w="108" /><ent r="4" t="2" w="108" /><ent r="4" t="2" w="130" /><ent r="4" t="2" w="130" /><ent r="4" t="2" w="154" /><ent r="4" t="2" w="154" /><ent r="4" t="2" w="184" /><ent r="4" t="2" w="184" /><ent r="3" t="4" w="59" /><ent r="3" t="4" w="59" /><ent r="3" t="32" w="144" /><ent r="3" t="32" w="144" /><ent r="3" t="32" w="158" /><ent r="3" t="32" w="158" /><ent r="7" t="45" w="264" /><ent r="7" t="45" w="264" /></phr><phr n="describes"><ent r="3" t="3" w="477" /><ent r="3" t="3" w="477" /><ent r="4" t="17" w="722" /><ent r="4" t="17" w="722" /><ent r="3" t="36" w="233" /><ent r="3" t="36" w="233" /><ent r="3" t="36" w="1222" /><ent r="3" t="36" w="1222" /></phr><phr n="describe"><ent r="4" t="4" w="223" /><ent r="4" t="4" w="223" /><ent r="3" t="7" w="30" /><ent r="3" t="7" w="30" /><ent r="4" t="26" w="658" /><ent r="4" t="26" w="658" /><ent r="7" t="38" w="281" /><ent r="7" t="38" w="281" /></phr><phr n="describing"><ent r="9" t="16" w="598" /><ent r="9" t="16" w="598" /></phr></stem><stem n="scribe"><phr n="described"><ent r="4" t="2" w="78" /><ent r="4" t="2" w="78" /><ent r="4" t="2" w="108" /><ent r="4" t="2" w="108" /><ent r="4" t="2" w="130" /><ent r="4" t="2" w="130" /><ent r="4" t="2" w="154" /><ent r="4" t="2" w="154" /><ent r="4" t="2" w="184" /><ent r="4" t="2" w="184" /><ent r="3" t="4" w="59" /><ent r="3" t="4" w="59" /><ent r="3" t="32" w="144" /><ent r="3" t="32" w="144" /><ent r="3" t="32" w="158" /><ent r="3" t="32" w="158" /><ent r="7" t="45" w="264" /><ent r="7" t="45" w="264" /></phr><phr n="describes"><ent r="3" t="3" w="477" /><ent r="3" t="3" w="477" /><ent r="4" t="17" w="722" /><ent r="4" t="17" w="722" /><ent r="3" t="36" w="233" /><ent r="3" t="36" w="233" /><ent r="3" t="36" w="1222" /><ent r="3" t="36" w="1222" /></phr><phr n="describe"><ent r="4" t="4" w="223" /><ent r="4" t="4" w="223" /><ent r="3" t="7" w="30" /><ent r="3" t="7" w="30" /><ent r="4" t="26" w="658" /><ent r="4" t="26" w="658" /><ent r="7" t="38" w="281" /><ent r="7" t="38" w="281" /></phr></stem><stem n="cribed"><phr n="described"><ent r="4" t="2" w="78" /><ent r="4" t="2" w="78" /><ent r="4" t="2" w="108" /><ent r="4" t="2" w="108" /><ent r="4" t="2" w="130" /><ent r="4" t="2" w="130" /><ent r="4" t="2" w="154" /><ent r="4" t="2" w="154" /><ent r="4" t="2" w="184" /><ent r="4" t="2" w="184" /><ent r="3" t="4" w="59" /><ent r="3" t="4" w="59" /><ent r="3" t="32" w="144" /><ent r="3" t="32" w="144" /><ent r="3" t="32" w="158" /><ent r="3" t="32" w="158" /><ent r="7" t="45" w="264" /><ent r="7" t="45" w="264" /></phr></stem><stem n="escribe"><phr n="described"><ent r="4" t="2" w="78" /><ent r="4" t="2" w="78" /><ent r="4" t="2" w="108" /><ent r="4" t="2" w="108" /><ent r="4" t="2" w="130" /><ent r="4" t="2" w="130" /><ent r="4" t="2" w="154" /><ent r="4" t="2" w="154" /><ent r="4" t="2" w="184" /><ent r="4" t="2" w="184" /><ent r="3" t="4" w="59" /><ent r="3" t="4" w="59" /><ent r="3" t="32" w="144" /><ent r="3" t="32" w="144" /><ent r="3" t="32" w="158" /><ent r="3" t="32" w="158" /><ent r="7" t="45" w="264" /><ent r="7" t="45" w="264" /></phr><phr n="describes"><ent r="3" t="3" w="477" /><ent r="3" t="3" w="477" /><ent r="4" t="17" w="722" /><ent r="4" t="17" w="722" /><ent r="3" t="36" w="233" /><ent r="3" t="36" w="233" /><ent r="3" t="36" w="1222" /><ent r="3" t="36" w="1222" /></phr><phr n="describe"><ent r="4" t="4" w="223" /><ent r="4" t="4" w="223" /><ent r="3" t="7" w="30" /><ent r="3" t="7" w="30" /><ent r="4" t="26" w="658" /><ent r="4" t="26" w="658" /><ent r="7" t="38" w="281" /><ent r="7" t="38" w="281" /></phr></stem></index>