<?xml version="1.0" encoding="utf-8"?><index><stem n="locati"><phr n="location"><ent r="7" t="4" w="406" /><ent r="7" t="4" w="406" /><ent r="4" t="4" w="635" /><ent r="4" t="4" w="635" /><ent r="6" t="36" w="1544" /><ent r="6" t="36" w="1544" /></phr></stem><stem n="ocatio"><phr n="location"><ent r="7" t="4" w="406" /><ent r="7" t="4" w="406" /><ent r="4" t="4" w="635" /><ent r="4" t="4" w="635" /><ent r="6" t="36" w="1544" /><ent r="6" t="36" w="1544" /></phr></stem><stem n="cation"><phr n="location"><ent r="7" t="4" w="406" /><ent r="7" t="4" w="406" /><ent r="4" t="4" w="635" /><ent r="4" t="4" w="635" /><ent r="6" t="36" w="1544" /><ent r="6" t="36" w="1544" /></phr><phr n="notifications"><ent r="8" t="15" w="422" /><ent r="8" t="15" w="422" /><ent r="8" t="15" w="431" /><ent r="8" t="15" w="540" /><ent r="8" t="15" w="540" /><ent r="7" t="15" w="560" /><ent r="7" t="15" w="560" /><ent r="8" t="15" w="592" /><ent r="8" t="15" w="592" /><ent r="7" t="15" w="599" /><ent r="7" t="15" w="599" /><ent r="8" t="15" w="608" /><ent r="8" t="15" w="608" /><ent r="8" t="15" w="637" /><ent r="8" t="15" w="637" /><ent r="7" t="15" w="666" /><ent r="7" t="15" w="675" /><ent r="7" t="15" w="675" /><ent r="7" t="15" w="719" /><ent r="7" t="15" w="719" /><ent r="3" t="16" w="49" /><ent r="3" t="16" w="49" /><ent r="3" t="16" w="128" /><ent r="5" t="16" w="329" /><ent r="5" t="16" w="329" /><ent r="7" t="16" w="335" /><ent r="7" t="16" w="335" /><ent r="5" t="16" w="687" /><ent r="5" t="16" w="687" /><ent r="7" t="16" w="693" /><ent r="7" t="16" w="693" /><ent r="5" t="16" w="872" /><ent r="5" t="16" w="872" /><ent r="7" t="16" w="878" /><ent r="7" t="16" w="878" /><ent r="5" t="16" w="1102" /><ent r="5" t="16" w="1102" /><ent r="100" t="31" w="498" /><ent r="100" t="31" w="498" /><ent r="4" t="31" w="520" /><ent r="4" t="31" w="520" /><ent r="4" t="31" w="559" /><ent r="5" t="31" w="563" /><ent r="4" t="31" w="572" /><ent r="4" t="31" w="605" /><ent r="4" t="31" w="617" /><ent r="4" t="31" w="617" /><ent r="4" t="31" w="666" /><ent r="4" t="31" w="666" /><ent r="3" t="31" w="770" /><ent r="5" t="31" w="849" /><ent r="5" t="31" w="849" /></phr><phr n="Notifications"><ent r="8" t="15" w="436" /><ent r="8" t="15" w="436" /><ent r="7" t="15" w="571" /><ent r="7" t="15" w="571" /><ent r="4" t="16" w="103" /><ent r="4" t="16" w="103" /><ent r="70" t="16" w="674" /><ent r="70" t="16" w="674" /><ent r="70" t="16" w="830" /><ent r="70" t="16" w="830" /><ent r="70" t="16" w="1014" /><ent r="70" t="16" w="1014" /><ent r="92" t="16" w="1062" /><ent r="92" t="16" w="1062" /><ent r="82" t="31" w="505" /><ent r="82" t="31" w="505" /><ent r="5" t="31" w="527" /><ent r="5" t="31" w="527" /><ent r="3" t="31" w="834" /><ent r="3" t="31" w="834" /></phr><phr n="Notification"><ent r="8" t="15" w="624" /><ent r="8" t="15" w="624" /><ent r="1000" t="16" w="2" /><ent r="1000" t="16" w="2" /><ent r="100" t="16" w="8" /><ent r="100" t="16" w="8" /><ent r="100" t="16" w="13" /><ent r="102" t="16" w="24" /><ent r="102" t="16" w="24" /><ent r="65" t="16" w="113" /><ent r="65" t="16" w="113" /><ent r="4" t="16" w="250" /><ent r="4" t="16" w="250" /><ent r="4" t="16" w="258" /><ent r="4" t="16" w="258" /><ent r="65" t="16" w="1033" /><ent r="65" t="16" w="1033" /><ent r="100" t="16" w="1055" /><ent r="100" t="31" w="491" /><ent r="100" t="31" w="491" /><ent r="4" t="31" w="671" /><ent r="4" t="31" w="671" /><ent r="82" t="31" w="740" /><ent r="82" t="31" w="740" /><ent r="100" t="31" w="743" /><ent r="3" t="31" w="747" /><ent r="3" t="31" w="747" /><ent r="64" t="31" w="876" /><ent r="64" t="31" w="876" /></phr><phr n="notification"><ent r="7" t="15" w="642" /><ent r="7" t="15" w="642" /><ent r="100" t="16" w="17" /><ent r="100" t="16" w="17" /><ent r="4" t="16" w="62" /><ent r="4" t="16" w="62" /><ent r="4" t="16" w="88" /><ent r="4" t="16" w="88" /><ent r="3" t="16" w="231" /><ent r="3" t="16" w="231" /><ent r="100" t="16" w="325" /><ent r="100" t="16" w="325" /><ent r="9" t="16" w="603" /><ent r="100" t="16" w="683" /><ent r="100" t="16" w="683" /><ent r="100" t="16" w="868" /><ent r="100" t="16" w="868" /><ent r="4" t="16" w="1025" /><ent r="4" t="16" w="1025" /><ent r="3" t="16" w="1065" /><ent r="3" t="16" w="1065" /><ent r="3" t="16" w="1080" /><ent r="7" t="16" w="1192" /><ent r="7" t="16" w="1192" /><ent r="4" t="31" w="543" /><ent r="4" t="31" w="543" /><ent r="5" t="31" w="649" /><ent r="5" t="31" w="649" /><ent r="4" t="31" w="660" /><ent r="4" t="31" w="660" /><ent r="4" t="31" w="857" /><ent r="4" t="31" w="857" /><ent r="3" t="31" w="871" /><ent r="3" t="31" w="871" /></phr><phr n="Authentication"><ent r="10" t="16" w="416" /><ent r="10" t="16" w="416" /></phr><phr n="authentication"><ent r="9" t="16" w="442" /><ent r="9" t="16" w="442" /></phr><phr n="identification"><ent r="9" t="16" w="857" /><ent r="9" t="16" w="857" /></phr><phr n="application"><ent r="3" t="18" w="162" /><ent r="3" t="40" w="43" /><ent r="3" t="40" w="43" /></phr><phr n="communication"><ent r="4" t="21" w="105" /><ent r="4" t="21" w="105" /></phr><phr n="replication"><ent r="8" t="31" w="254" /><ent r="8" t="31" w="254" /><ent r="7" t="31" w="263" /><ent r="7" t="31" w="263" /></phr><phr n="ramifications"><ent r="100" t="34" w="606" /><ent r="100" t="34" w="606" /><ent r="3" t="34" w="615" /><ent r="3" t="34" w="615" /></phr><phr n="Ramifications"><ent r="92" t="34" w="610" /><ent r="92" t="34" w="610" /></phr></stem><stem n="locatio"><phr n="location"><ent r="7" t="4" w="406" /><ent r="7" t="4" w="406" /><ent r="4" t="4" w="635" /><ent r="4" t="4" w="635" /><ent r="6" t="36" w="1544" /><ent r="6" t="36" w="1544" /></phr></stem><stem n="ocation"><phr n="location"><ent r="7" t="4" w="406" /><ent r="7" t="4" w="406" /><ent r="4" t="4" w="635" /><ent r="4" t="4" w="635" /><ent r="6" t="36" w="1544" /><ent r="6" t="36" w="1544" /></phr></stem><stem n="location"><phr n="location"><ent r="7" t="4" w="406" /><ent r="7" t="4" w="406" /><ent r="4" t="4" w="635" /><ent r="4" t="4" w="635" /><ent r="6" t="36" w="1544" /><ent r="6" t="36" w="1544" /></phr></stem><stem n="default"><phr n="default"><ent r="7" t="4" w="415" /><ent r="7" t="4" w="415" /><ent r="4" t="7" w="278" /><ent r="4" t="7" w="367" /><ent r="4" t="7" w="367" /><ent r="4" t="11" w="138" /><ent r="4" t="11" w="295" /><ent r="4" t="11" w="295" /><ent r="3" t="15" w="45" /><ent r="7" t="15" w="326" /><ent r="7" t="15" w="457" /><ent r="7" t="15" w="457" /><ent r="7" t="15" w="524" /><ent r="7" t="15" w="524" /><ent r="9" t="16" w="353" /><ent r="9" t="16" w="366" /><ent r="9" t="16" w="366" /><ent r="9" t="16" w="407" /><ent r="9" t="16" w="407" /><ent r="9" t="16" w="473" /><ent r="9" t="16" w="599" /><ent r="9" t="16" w="599" /><ent r="9" t="16" w="718" /><ent r="9" t="16" w="718" /><ent r="7" t="16" w="1271" /><ent r="7" t="16" w="1271" /><ent r="3" t="22" w="79" /><ent r="4" t="26" w="367" /><ent r="4" t="26" w="367" /><ent r="4" t="26" w="482" /><ent r="4" t="26" w="629" /><ent r="4" t="26" w="629" /><ent r="4" t="27" w="144" /><ent r="7" t="28" w="224" /><ent r="7" t="28" w="224" /><ent r="3" t="31" w="81" /><ent r="3" t="31" w="217" /><ent r="3" t="31" w="217" /><ent r="4" t="31" w="686" /><ent r="4" t="31" w="1118" /><ent r="3" t="34" w="540" /><ent r="3" t="34" w="547" /><ent r="7" t="36" w="733" /><ent r="7" t="36" w="733" /><ent r="6" t="36" w="1549" /><ent r="6" t="36" w="1549" /><ent r="4" t="42" w="504" /><ent r="4" t="42" w="504" /><ent r="6" t="44" w="261" /><ent r="6" t="44" w="261" /><ent r="7" t="45" w="252" /><ent r="3" t="46" w="46" /><ent r="7" t="46" w="328" /><ent r="7" t="46" w="328" /></phr><phr n="defaults"><ent r="4" t="7" w="314" /><ent r="3" t="31" w="1014" /></phr><phr n="Default"><ent r="8" t="15" w="513" /><ent r="8" t="15" w="513" /><ent r="7" t="31" w="231" /><ent r="7" t="31" w="231" /><ent r="100" t="45" w="13" /><ent r="100" t="45" w="13" /><ent r="7" t="45" w="67" /><ent r="7" t="45" w="67" /></phr><phr n="non-default"><ent r="3" t="34" w="539" /><ent r="3" t="34" w="539" /><ent r="3" t="34" w="546" /><ent r="3" t="34" w="546" /></phr></stem><stem n="defa"><phr n="default"><ent r="7" t="4" w="415" /><ent r="7" t="4" w="415" /><ent r="4" t="7" w="278" /><ent r="4" t="7" w="367" /><ent r="4" t="7" w="367" /><ent r="4" t="11" w="138" /><ent r="4" t="11" w="295" /><ent r="4" t="11" w="295" /><ent r="3" t="15" w="45" /><ent r="7" t="15" w="326" /><ent r="7" t="15" w="457" /><ent r="7" t="15" w="457" /><ent r="7" t="15" w="524" /><ent r="7" t="15" w="524" /><ent r="9" t="16" w="353" /><ent r="9" t="16" w="366" /><ent r="9" t="16" w="366" /><ent r="9" t="16" w="407" /><ent r="9" t="16" w="407" /><ent r="9" t="16" w="473" /><ent r="9" t="16" w="599" /><ent r="9" t="16" w="599" /><ent r="9" t="16" w="718" /><ent r="9" t="16" w="718" /><ent r="7" t="16" w="1271" /><ent r="7" t="16" w="1271" /><ent r="3" t="22" w="79" /><ent r="4" t="26" w="367" /><ent r="4" t="26" w="367" /><ent r="4" t="26" w="482" /><ent r="4" t="26" w="629" /><ent r="4" t="26" w="629" /><ent r="4" t="27" w="144" /><ent r="7" t="28" w="224" /><ent r="7" t="28" w="224" /><ent r="3" t="31" w="81" /><ent r="3" t="31" w="217" /><ent r="3" t="31" w="217" /><ent r="4" t="31" w="686" /><ent r="4" t="31" w="1118" /><ent r="3" t="34" w="540" /><ent r="3" t="34" w="547" /><ent r="7" t="36" w="733" /><ent r="7" t="36" w="733" /><ent r="6" t="36" w="1549" /><ent r="6" t="36" w="1549" /><ent r="4" t="42" w="504" /><ent r="4" t="42" w="504" /><ent r="6" t="44" w="261" /><ent r="6" t="44" w="261" /><ent r="7" t="45" w="252" /><ent r="3" t="46" w="46" /><ent r="7" t="46" w="328" /><ent r="7" t="46" w="328" /></phr><phr n="defaults"><ent r="4" t="7" w="314" /><ent r="3" t="31" w="1014" /></phr><phr n="Default"><ent r="8" t="15" w="513" /><ent r="8" t="15" w="513" /><ent r="7" t="31" w="231" /><ent r="7" t="31" w="231" /><ent r="100" t="45" w="13" /><ent r="100" t="45" w="13" /><ent r="7" t="45" w="67" /><ent r="7" t="45" w="67" /></phr><phr n="non-default"><ent r="3" t="34" w="539" /><ent r="3" t="34" w="539" /><ent r="3" t="34" w="546" /><ent r="3" t="34" w="546" /></phr></stem><stem n="efau"><phr n="default"><ent r="7" t="4" w="415" /><ent r="7" t="4" w="415" /><ent r="4" t="7" w="278" /><ent r="4" t="7" w="367" /><ent r="4" t="7" w="367" /><ent r="4" t="11" w="138" /><ent r="4" t="11" w="295" /><ent r="4" t="11" w="295" /><ent r="3" t="15" w="45" /><ent r="7" t="15" w="326" /><ent r="7" t="15" w="457" /><ent r="7" t="15" w="457" /><ent r="7" t="15" w="524" /><ent r="7" t="15" w="524" /><ent r="9" t="16" w="353" /><ent r="9" t="16" w="366" /><ent r="9" t="16" w="366" /><ent r="9" t="16" w="407" /><ent r="9" t="16" w="407" /><ent r="9" t="16" w="473" /><ent r="9" t="16" w="599" /><ent r="9" t="16" w="599" /><ent r="9" t="16" w="718" /><ent r="9" t="16" w="718" /><ent r="7" t="16" w="1271" /><ent r="7" t="16" w="1271" /><ent r="3" t="22" w="79" /><ent r="4" t="26" w="367" /><ent r="4" t="26" w="367" /><ent r="4" t="26" w="482" /><ent r="4" t="26" w="629" /><ent r="4" t="26" w="629" /><ent r="4" t="27" w="144" /><ent r="7" t="28" w="224" /><ent r="7" t="28" w="224" /><ent r="3" t="31" w="81" /><ent r="3" t="31" w="217" /><ent r="3" t="31" w="217" /><ent r="4" t="31" w="686" /><ent r="4" t="31" w="1118" /><ent r="3" t="34" w="540" /><ent r="3" t="34" w="547" /><ent r="7" t="36" w="733" /><ent r="7" t="36" w="733" /><ent r="6" t="36" w="1549" /><ent r="6" t="36" w="1549" /><ent r="4" t="42" w="504" /><ent r="4" t="42" w="504" /><ent r="6" t="44" w="261" /><ent r="6" t="44" w="261" /><ent r="7" t="45" w="252" /><ent r="3" t="46" w="46" /><ent r="7" t="46" w="328" /><ent r="7" t="46" w="328" /></phr><phr n="defaults"><ent r="4" t="7" w="314" /><ent r="3" t="31" w="1014" /></phr><phr n="Default"><ent r="8" t="15" w="513" /><ent r="8" t="15" w="513" /><ent r="7" t="31" w="231" /><ent r="7" t="31" w="231" /><ent r="100" t="45" w="13" /><ent r="100" t="45" w="13" /><ent r="7" t="45" w="67" /><ent r="7" t="45" w="67" /></phr><phr n="non-default"><ent r="3" t="34" w="539" /><ent r="3" t="34" w="539" /><ent r="3" t="34" w="546" /><ent r="3" t="34" w="546" /></phr></stem><stem n="faul"><phr n="default"><ent r="7" t="4" w="415" /><ent r="7" t="4" w="415" /><ent r="4" t="7" w="278" /><ent r="4" t="7" w="367" /><ent r="4" t="7" w="367" /><ent r="4" t="11" w="138" /><ent r="4" t="11" w="295" /><ent r="4" t="11" w="295" /><ent r="3" t="15" w="45" /><ent r="7" t="15" w="326" /><ent r="7" t="15" w="457" /><ent r="7" t="15" w="457" /><ent r="7" t="15" w="524" /><ent r="7" t="15" w="524" /><ent r="9" t="16" w="353" /><ent r="9" t="16" w="366" /><ent r="9" t="16" w="366" /><ent r="9" t="16" w="407" /><ent r="9" t="16" w="407" /><ent r="9" t="16" w="473" /><ent r="9" t="16" w="599" /><ent r="9" t="16" w="599" /><ent r="9" t="16" w="718" /><ent r="9" t="16" w="718" /><ent r="7" t="16" w="1271" /><ent r="7" t="16" w="1271" /><ent r="3" t="22" w="79" /><ent r="4" t="26" w="367" /><ent r="4" t="26" w="367" /><ent r="4" t="26" w="482" /><ent r="4" t="26" w="629" /><ent r="4" t="26" w="629" /><ent r="4" t="27" w="144" /><ent r="7" t="28" w="224" /><ent r="7" t="28" w="224" /><ent r="3" t="31" w="81" /><ent r="3" t="31" w="217" /><ent r="3" t="31" w="217" /><ent r="4" t="31" w="686" /><ent r="4" t="31" w="1118" /><ent r="3" t="34" w="540" /><ent r="3" t="34" w="547" /><ent r="7" t="36" w="733" /><ent r="7" t="36" w="733" /><ent r="6" t="36" w="1549" /><ent r="6" t="36" w="1549" /><ent r="4" t="42" w="504" /><ent r="4" t="42" w="504" /><ent r="6" t="44" w="261" /><ent r="6" t="44" w="261" /><ent r="7" t="45" w="252" /><ent r="3" t="46" w="46" /><ent r="7" t="46" w="328" /><ent r="7" t="46" w="328" /></phr><phr n="defaults"><ent r="4" t="7" w="314" /><ent r="3" t="31" w="1014" /></phr><phr n="Default"><ent r="8" t="15" w="513" /><ent r="8" t="15" w="513" /><ent r="7" t="31" w="231" /><ent r="7" t="31" w="231" /><ent r="100" t="45" w="13" /><ent r="100" t="45" w="13" /><ent r="7" t="45" w="67" /><ent r="7" t="45" w="67" /></phr><phr n="non-default"><ent r="3" t="34" w="539" /><ent r="3" t="34" w="539" /><ent r="3" t="34" w="546" /><ent r="3" t="34" w="546" /></phr></stem><stem n="ault"><phr n="default"><ent r="7" t="4" w="415" /><ent r="7" t="4" w="415" /><ent r="4" t="7" w="278" /><ent r="4" t="7" w="367" /><ent r="4" t="7" w="367" /><ent r="4" t="11" w="138" /><ent r="4" t="11" w="295" /><ent r="4" t="11" w="295" /><ent r="3" t="15" w="45" /><ent r="7" t="15" w="326" /><ent r="7" t="15" w="457" /><ent r="7" t="15" w="457" /><ent r="7" t="15" w="524" /><ent r="7" t="15" w="524" /><ent r="9" t="16" w="353" /><ent r="9" t="16" w="366" /><ent r="9" t="16" w="366" /><ent r="9" t="16" w="407" /><ent r="9" t="16" w="407" /><ent r="9" t="16" w="473" /><ent r="9" t="16" w="599" /><ent r="9" t="16" w="599" /><ent r="9" t="16" w="718" /><ent r="9" t="16" w="718" /><ent r="7" t="16" w="1271" /><ent r="7" t="16" w="1271" /><ent r="3" t="22" w="79" /><ent r="4" t="26" w="367" /><ent r="4" t="26" w="367" /><ent r="4" t="26" w="482" /><ent r="4" t="26" w="629" /><ent r="4" t="26" w="629" /><ent r="4" t="27" w="144" /><ent r="7" t="28" w="224" /><ent r="7" t="28" w="224" /><ent r="3" t="31" w="81" /><ent r="3" t="31" w="217" /><ent r="3" t="31" w="217" /><ent r="4" t="31" w="686" /><ent r="4" t="31" w="1118" /><ent r="3" t="34" w="540" /><ent r="3" t="34" w="547" /><ent r="7" t="36" w="733" /><ent r="7" t="36" w="733" /><ent r="6" t="36" w="1549" /><ent r="6" t="36" w="1549" /><ent r="4" t="42" w="504" /><ent r="4" t="42" w="504" /><ent r="6" t="44" w="261" /><ent r="6" t="44" w="261" /><ent r="7" t="45" w="252" /><ent r="3" t="46" w="46" /><ent r="7" t="46" w="328" /><ent r="7" t="46" w="328" /></phr><phr n="defaults"><ent r="4" t="7" w="314" /><ent r="3" t="31" w="1014" /></phr><phr n="Default"><ent r="8" t="15" w="513" /><ent r="8" t="15" w="513" /><ent r="7" t="31" w="231" /><ent r="7" t="31" w="231" /><ent r="100" t="45" w="13" /><ent r="100" t="45" w="13" /><ent r="7" t="45" w="67" /><ent r="7" t="45" w="67" /></phr><phr n="non-default"><ent r="3" t="34" w="539" /><ent r="3" t="34" w="539" /><ent r="3" t="34" w="546" /><ent r="3" t="34" w="546" /></phr></stem><stem n="defau"><phr n="default"><ent r="7" t="4" w="415" /><ent r="7" t="4" w="415" /><ent r="4" t="7" w="278" /><ent r="4" t="7" w="367" /><ent r="4" t="7" w="367" /><ent r="4" t="11" w="138" /><ent r="4" t="11" w="295" /><ent r="4" t="11" w="295" /><ent r="3" t="15" w="45" /><ent r="7" t="15" w="326" /><ent r="7" t="15" w="457" /><ent r="7" t="15" w="457" /><ent r="7" t="15" w="524" /><ent r="7" t="15" w="524" /><ent r="9" t="16" w="353" /><ent r="9" t="16" w="366" /><ent r="9" t="16" w="366" /><ent r="9" t="16" w="407" /><ent r="9" t="16" w="407" /><ent r="9" t="16" w="473" /><ent r="9" t="16" w="599" /><ent r="9" t="16" w="599" /><ent r="9" t="16" w="718" /><ent r="9" t="16" w="718" /><ent r="7" t="16" w="1271" /><ent r="7" t="16" w="1271" /><ent r="3" t="22" w="79" /><ent r="4" t="26" w="367" /><ent r="4" t="26" w="367" /><ent r="4" t="26" w="482" /><ent r="4" t="26" w="629" /><ent r="4" t="26" w="629" /><ent r="4" t="27" w="144" /><ent r="7" t="28" w="224" /><ent r="7" t="28" w="224" /><ent r="3" t="31" w="81" /><ent r="3" t="31" w="217" /><ent r="3" t="31" w="217" /><ent r="4" t="31" w="686" /><ent r="4" t="31" w="1118" /><ent r="3" t="34" w="540" /><ent r="3" t="34" w="547" /><ent r="7" t="36" w="733" /><ent r="7" t="36" w="733" /><ent r="6" t="36" w="1549" /><ent r="6" t="36" w="1549" /><ent r="4" t="42" w="504" /><ent r="4" t="42" w="504" /><ent r="6" t="44" w="261" /><ent r="6" t="44" w="261" /><ent r="7" t="45" w="252" /><ent r="3" t="46" w="46" /><ent r="7" t="46" w="328" /><ent r="7" t="46" w="328" /></phr><phr n="defaults"><ent r="4" t="7" w="314" /><ent r="3" t="31" w="1014" /></phr><phr n="Default"><ent r="8" t="15" w="513" /><ent r="8" t="15" w="513" /><ent r="7" t="31" w="231" /><ent r="7" t="31" w="231" /><ent r="100" t="45" w="13" /><ent r="100" t="45" w="13" /><ent r="7" t="45" w="67" /><ent r="7" t="45" w="67" /></phr><phr n="non-default"><ent r="3" t="34" w="539" /><ent r="3" t="34" w="539" /><ent r="3" t="34" w="546" /><ent r="3" t="34" w="546" /></phr></stem><stem n="efaul"><phr n="default"><ent r="7" t="4" w="415" /><ent r="7" t="4" w="415" /><ent r="4" t="7" w="278" /><ent r="4" t="7" w="367" /><ent r="4" t="7" w="367" /><ent r="4" t="11" w="138" /><ent r="4" t="11" w="295" /><ent r="4" t="11" w="295" /><ent r="3" t="15" w="45" /><ent r="7" t="15" w="326" /><ent r="7" t="15" w="457" /><ent r="7" t="15" w="457" /><ent r="7" t="15" w="524" /><ent r="7" t="15" w="524" /><ent r="9" t="16" w="353" /><ent r="9" t="16" w="366" /><ent r="9" t="16" w="366" /><ent r="9" t="16" w="407" /><ent r="9" t="16" w="407" /><ent r="9" t="16" w="473" /><ent r="9" t="16" w="599" /><ent r="9" t="16" w="599" /><ent r="9" t="16" w="718" /><ent r="9" t="16" w="718" /><ent r="7" t="16" w="1271" /><ent r="7" t="16" w="1271" /><ent r="3" t="22" w="79" /><ent r="4" t="26" w="367" /><ent r="4" t="26" w="367" /><ent r="4" t="26" w="482" /><ent r="4" t="26" w="629" /><ent r="4" t="26" w="629" /><ent r="4" t="27" w="144" /><ent r="7" t="28" w="224" /><ent r="7" t="28" w="224" /><ent r="3" t="31" w="81" /><ent r="3" t="31" w="217" /><ent r="3" t="31" w="217" /><ent r="4" t="31" w="686" /><ent r="4" t="31" w="1118" /><ent r="3" t="34" w="540" /><ent r="3" t="34" w="547" /><ent r="7" t="36" w="733" /><ent r="7" t="36" w="733" /><ent r="6" t="36" w="1549" /><ent r="6" t="36" w="1549" /><ent r="4" t="42" w="504" /><ent r="4" t="42" w="504" /><ent r="6" t="44" w="261" /><ent r="6" t="44" w="261" /><ent r="7" t="45" w="252" /><ent r="3" t="46" w="46" /><ent r="7" t="46" w="328" /><ent r="7" t="46" w="328" /></phr><phr n="defaults"><ent r="4" t="7" w="314" /><ent r="3" t="31" w="1014" /></phr><phr n="Default"><ent r="8" t="15" w="513" /><ent r="8" t="15" w="513" /><ent r="7" t="31" w="231" /><ent r="7" t="31" w="231" /><ent r="100" t="45" w="13" /><ent r="100" t="45" w="13" /><ent r="7" t="45" w="67" /><ent r="7" t="45" w="67" /></phr><phr n="non-default"><ent r="3" t="34" w="539" /><ent r="3" t="34" w="539" /><ent r="3" t="34" w="546" /><ent r="3" t="34" w="546" /></phr></stem><stem n="fault"><phr n="default"><ent r="7" t="4" w="415" /><ent r="7" t="4" w="415" /><ent r="4" t="7" w="278" /><ent r="4" t="7" w="367" /><ent r="4" t="7" w="367" /><ent r="4" t="11" w="138" /><ent r="4" t="11" w="295" /><ent r="4" t="11" w="295" /><ent r="3" t="15" w="45" /><ent r="7" t="15" w="326" /><ent r="7" t="15" w="457" /><ent r="7" t="15" w="457" /><ent r="7" t="15" w="524" /><ent r="7" t="15" w="524" /><ent r="9" t="16" w="353" /><ent r="9" t="16" w="366" /><ent r="9" t="16" w="366" /><ent r="9" t="16" w="407" /><ent r="9" t="16" w="407" /><ent r="9" t="16" w="473" /><ent r="9" t="16" w="599" /><ent r="9" t="16" w="599" /><ent r="9" t="16" w="718" /><ent r="9" t="16" w="718" /><ent r="7" t="16" w="1271" /><ent r="7" t="16" w="1271" /><ent r="3" t="22" w="79" /><ent r="4" t="26" w="367" /><ent r="4" t="26" w="367" /><ent r="4" t="26" w="482" /><ent r="4" t="26" w="629" /><ent r="4" t="26" w="629" /><ent r="4" t="27" w="144" /><ent r="7" t="28" w="224" /><ent r="7" t="28" w="224" /><ent r="3" t="31" w="81" /><ent r="3" t="31" w="217" /><ent r="3" t="31" w="217" /><ent r="4" t="31" w="686" /><ent r="4" t="31" w="1118" /><ent r="3" t="34" w="540" /><ent r="3" t="34" w="547" /><ent r="7" t="36" w="733" /><ent r="7" t="36" w="733" /><ent r="6" t="36" w="1549" /><ent r="6" t="36" w="1549" /><ent r="4" t="42" w="504" /><ent r="4" t="42" w="504" /><ent r="6" t="44" w="261" /><ent r="6" t="44" w="261" /><ent r="7" t="45" w="252" /><ent r="3" t="46" w="46" /><ent r="7" t="46" w="328" /><ent r="7" t="46" w="328" /></phr><phr n="defaults"><ent r="4" t="7" w="314" /><ent r="3" t="31" w="1014" /></phr><phr n="Default"><ent r="8" t="15" w="513" /><ent r="8" t="15" w="513" /><ent r="7" t="31" w="231" /><ent r="7" t="31" w="231" /><ent r="100" t="45" w="13" /><ent r="100" t="45" w="13" /><ent r="7" t="45" w="67" /><ent r="7" t="45" w="67" /></phr><phr n="non-default"><ent r="3" t="34" w="539" /><ent r="3" t="34" w="539" /><ent r="3" t="34" w="546" /><ent r="3" t="34" w="546" /></phr></stem><stem n="defaul"><phr n="default"><ent r="7" t="4" w="415" /><ent r="7" t="4" w="415" /><ent r="4" t="7" w="278" /><ent r="4" t="7" w="367" /><ent r="4" t="7" w="367" /><ent r="4" t="11" w="138" /><ent r="4" t="11" w="295" /><ent r="4" t="11" w="295" /><ent r="3" t="15" w="45" /><ent r="7" t="15" w="326" /><ent r="7" t="15" w="457" /><ent r="7" t="15" w="457" /><ent r="7" t="15" w="524" /><ent r="7" t="15" w="524" /><ent r="9" t="16" w="353" /><ent r="9" t="16" w="366" /><ent r="9" t="16" w="366" /><ent r="9" t="16" w="407" /><ent r="9" t="16" w="407" /><ent r="9" t="16" w="473" /><ent r="9" t="16" w="599" /><ent r="9" t="16" w="599" /><ent r="9" t="16" w="718" /><ent r="9" t="16" w="718" /><ent r="7" t="16" w="1271" /><ent r="7" t="16" w="1271" /><ent r="3" t="22" w="79" /><ent r="4" t="26" w="367" /><ent r="4" t="26" w="367" /><ent r="4" t="26" w="482" /><ent r="4" t="26" w="629" /><ent r="4" t="26" w="629" /><ent r="4" t="27" w="144" /><ent r="7" t="28" w="224" /><ent r="7" t="28" w="224" /><ent r="3" t="31" w="81" /><ent r="3" t="31" w="217" /><ent r="3" t="31" w="217" /><ent r="4" t="31" w="686" /><ent r="4" t="31" w="1118" /><ent r="3" t="34" w="540" /><ent r="3" t="34" w="547" /><ent r="7" t="36" w="733" /><ent r="7" t="36" w="733" /><ent r="6" t="36" w="1549" /><ent r="6" t="36" w="1549" /><ent r="4" t="42" w="504" /><ent r="4" t="42" w="504" /><ent r="6" t="44" w="261" /><ent r="6" t="44" w="261" /><ent r="7" t="45" w="252" /><ent r="3" t="46" w="46" /><ent r="7" t="46" w="328" /><ent r="7" t="46" w="328" /></phr><phr n="defaults"><ent r="4" t="7" w="314" /><ent r="3" t="31" w="1014" /></phr><phr n="Default"><ent r="8" t="15" w="513" /><ent r="8" t="15" w="513" /><ent r="7" t="31" w="231" /><ent r="7" t="31" w="231" /><ent r="100" t="45" w="13" /><ent r="100" t="45" w="13" /><ent r="7" t="45" w="67" /><ent r="7" t="45" w="67" /></phr><phr n="non-default"><ent r="3" t="34" w="539" /><ent r="3" t="34" w="539" /><ent r="3" t="34" w="546" /><ent r="3" t="34" w="546" /></phr></stem><stem n="efault"><phr n="default"><ent r="7" t="4" w="415" /><ent r="7" t="4" w="415" /><ent r="4" t="7" w="278" /><ent r="4" t="7" w="367" /><ent r="4" t="7" w="367" /><ent r="4" t="11" w="138" /><ent r="4" t="11" w="295" /><ent r="4" t="11" w="295" /><ent r="3" t="15" w="45" /><ent r="7" t="15" w="326" /><ent r="7" t="15" w="457" /><ent r="7" t="15" w="457" /><ent r="7" t="15" w="524" /><ent r="7" t="15" w="524" /><ent r="9" t="16" w="353" /><ent r="9" t="16" w="366" /><ent r="9" t="16" w="366" /><ent r="9" t="16" w="407" /><ent r="9" t="16" w="407" /><ent r="9" t="16" w="473" /><ent r="9" t="16" w="599" /><ent r="9" t="16" w="599" /><ent r="9" t="16" w="718" /><ent r="9" t="16" w="718" /><ent r="7" t="16" w="1271" /><ent r="7" t="16" w="1271" /><ent r="3" t="22" w="79" /><ent r="4" t="26" w="367" /><ent r="4" t="26" w="367" /><ent r="4" t="26" w="482" /><ent r="4" t="26" w="629" /><ent r="4" t="26" w="629" /><ent r="4" t="27" w="144" /><ent r="7" t="28" w="224" /><ent r="7" t="28" w="224" /><ent r="3" t="31" w="81" /><ent r="3" t="31" w="217" /><ent r="3" t="31" w="217" /><ent r="4" t="31" w="686" /><ent r="4" t="31" w="1118" /><ent r="3" t="34" w="540" /><ent r="3" t="34" w="547" /><ent r="7" t="36" w="733" /><ent r="7" t="36" w="733" /><ent r="6" t="36" w="1549" /><ent r="6" t="36" w="1549" /><ent r="4" t="42" w="504" /><ent r="4" t="42" w="504" /><ent r="6" t="44" w="261" /><ent r="6" t="44" w="261" /><ent r="7" t="45" w="252" /><ent r="3" t="46" w="46" /><ent r="7" t="46" w="328" /><ent r="7" t="46" w="328" /></phr><phr n="defaults"><ent r="4" t="7" w="314" /><ent r="3" t="31" w="1014" /></phr><phr n="Default"><ent r="8" t="15" w="513" /><ent r="8" t="15" w="513" /><ent r="7" t="31" w="231" /><ent r="7" t="31" w="231" /><ent r="100" t="45" w="13" /><ent r="100" t="45" w="13" /><ent r="7" t="45" w="67" /><ent r="7" t="45" w="67" /></phr><phr n="non-default"><ent r="3" t="34" w="539" /><ent r="3" t="34" w="539" /><ent r="3" t="34" w="546" /><ent r="3" t="34" w="546" /></phr></stem><stem n="zip"><phr n="zip"><ent r="7" t="4" w="420" /></phr><phr n="ZIP"><ent r="7" t="4" w="441" /><ent r="7" t="4" w="441" /><ent r="7" t="28" w="267" /><ent r="7" t="28" w="267" /><ent r="7" t="28" w="276" /><ent r="7" t="28" w="276" /><ent r="6" t="35" w="307" /><ent r="6" t="35" w="307" /><ent r="6" t="38" w="85" /><ent r="6" t="38" w="85" /><ent r="6" t="39" w="148" /><ent r="6" t="39" w="148" /></phr></stem></index>