<?xml version="1.0" encoding="utf-8"?><index><stem n="cess"><phr n="access"><ent r="4" t="3" w="409" /><ent r="4" t="3" w="409" /><ent r="6" t="3" w="643" /><ent r="6" t="3" w="643" /><ent r="6" t="3" w="892" /><ent r="6" t="3" w="892" /><ent r="6" t="3" w="944" /><ent r="6" t="3" w="944" /><ent r="6" t="3" w="991" /><ent r="6" t="3" w="991" /><ent r="6" t="3" w="1007" /><ent r="6" t="3" w="1007" /><ent r="7" t="3" w="1031" /><ent r="6" t="3" w="1045" /><ent r="6" t="3" w="1045" /><ent r="6" t="3" w="1050" /><ent r="6" t="3" w="1050" /><ent r="6" t="3" w="1073" /><ent r="3" t="5" w="35" /><ent r="3" t="5" w="35" /><ent r="4" t="6" w="324" /><ent r="4" t="7" w="104" /><ent r="4" t="7" w="104" /><ent r="5" t="11" w="326" /><ent r="5" t="11" w="326" /><ent r="3" t="12" w="166" /><ent r="3" t="12" w="166" /><ent r="3" t="13" w="47" /><ent r="3" t="13" w="47" /><ent r="3" t="13" w="127" /><ent r="3" t="13" w="127" /><ent r="3" t="13" w="204" /><ent r="3" t="13" w="204" /><ent r="3" t="14" w="168" /><ent r="3" t="14" w="168" /><ent r="4" t="19" w="283" /><ent r="4" t="19" w="283" /><ent r="4" t="21" w="95" /><ent r="4" t="21" w="95" /><ent r="3" t="22" w="134" /><ent r="3" t="22" w="134" /><ent r="3" t="24" w="42" /><ent r="3" t="24" w="42" /><ent r="3" t="36" w="1486" /><ent r="3" t="36" w="1486" /><ent r="3" t="36" w="1496" /><ent r="3" t="36" w="1496" /><ent r="3" t="38" w="49" /><ent r="3" t="38" w="49" /><ent r="3" t="39" w="77" /><ent r="3" t="39" w="77" /><ent r="3" t="40" w="19" /><ent r="3" t="40" w="19" /><ent r="3" t="43" w="29" /><ent r="3" t="43" w="29" /><ent r="3" t="44" w="27" /><ent r="3" t="44" w="27" /><ent r="4" t="44" w="97" /><ent r="4" t="44" w="97" /><ent r="6" t="44" w="485" /><ent r="6" t="44" w="485" /><ent r="6" t="44" w="522" /><ent r="6" t="44" w="522" /><ent r="6" t="44" w="545" /><ent r="6" t="44" w="545" /><ent r="3" t="45" w="42" /></phr><phr n="Access"><ent r="7" t="3" w="997" /><ent r="4" t="13" w="278" /><ent r="4" t="13" w="278" /><ent r="4" t="13" w="282" /><ent r="4" t="13" w="282" /><ent r="4" t="14" w="342" /><ent r="4" t="14" w="342" /><ent r="8" t="45" w="363" /><ent r="8" t="45" w="363" /></phr><phr n="accessing"><ent r="7" t="3" w="1310" /><ent r="7" t="3" w="1310" /><ent r="7" t="3" w="1332" /><ent r="7" t="3" w="1332" /></phr><phr n="accessible"><ent r="3" t="4" w="28" /><ent r="3" t="4" w="28" /><ent r="7" t="36" w="289" /><ent r="7" t="36" w="289" /></phr><phr n="accessed"><ent r="3" t="4" w="43" /><ent r="3" t="4" w="43" /></phr><phr n="Accessing"><ent r="5" t="5" w="115" /><ent r="5" t="5" w="115" /><ent r="4" t="14" w="275" /><ent r="4" t="14" w="275" /></phr><phr n="Process"><ent r="1000" t="6" w="4" /><ent r="1000" t="6" w="4" /><ent r="102" t="6" w="9" /><ent r="102" t="6" w="9" /><ent r="100" t="6" w="14" /><ent r="100" t="6" w="14" /></phr><phr n="successfully"><ent r="4" t="7" w="439" /><ent r="3" t="29" w="486" /><ent r="3" t="29" w="486" /></phr><phr n="process"><ent r="3" t="12" w="113" /><ent r="3" t="12" w="113" /><ent r="3" t="13" w="65" /><ent r="3" t="13" w="65" /><ent r="3" t="13" w="121" /><ent r="3" t="17" w="104" /><ent r="4" t="34" w="225" /><ent r="3" t="34" w="433" /><ent r="3" t="34" w="978" /><ent r="4" t="34" w="2074" /><ent r="4" t="34" w="2074" /></phr><phr n="necessary"><ent r="4" t="12" w="342" /><ent r="3" t="13" w="53" /><ent r="3" t="13" w="53" /><ent r="3" t="15" w="97" /><ent r="3" t="15" w="97" /><ent r="9" t="16" w="414" /><ent r="4" t="20" w="84" /><ent r="3" t="34" w="1364" /><ent r="7" t="36" w="397" /><ent r="7" t="36" w="397" /></phr><phr n="processes"><ent r="3" t="14" w="49" /><ent r="3" t="14" w="49" /></phr><phr n="processing"><ent r="3" t="26" w="739" /><ent r="3" t="26" w="739" /><ent r="4" t="28" w="41" /><ent r="4" t="28" w="41" /><ent r="4" t="28" w="46" /><ent r="4" t="28" w="46" /><ent r="7" t="36" w="1127" /><ent r="7" t="36" w="1212" /><ent r="7" t="36" w="1212" /><ent r="7" t="36" w="1691" /><ent r="7" t="36" w="1691" /><ent r="7" t="36" w="1696" /><ent r="7" t="36" w="1696" /></phr><phr n="processed"><ent r="4" t="28" w="50" /><ent r="7" t="36" w="1700" /></phr><phr n="successful"><ent r="6" t="29" w="46" /><ent r="6" t="29" w="46" /><ent r="3" t="34" w="1051" /><ent r="3" t="34" w="1051" /></phr></stem><stem n="acces"><phr n="access"><ent r="4" t="3" w="409" /><ent r="4" t="3" w="409" /><ent r="6" t="3" w="643" /><ent r="6" t="3" w="643" /><ent r="6" t="3" w="892" /><ent r="6" t="3" w="892" /><ent r="6" t="3" w="944" /><ent r="6" t="3" w="944" /><ent r="6" t="3" w="991" /><ent r="6" t="3" w="991" /><ent r="6" t="3" w="1007" /><ent r="6" t="3" w="1007" /><ent r="7" t="3" w="1031" /><ent r="6" t="3" w="1045" /><ent r="6" t="3" w="1045" /><ent r="6" t="3" w="1050" /><ent r="6" t="3" w="1050" /><ent r="6" t="3" w="1073" /><ent r="3" t="5" w="35" /><ent r="3" t="5" w="35" /><ent r="4" t="6" w="324" /><ent r="4" t="7" w="104" /><ent r="4" t="7" w="104" /><ent r="5" t="11" w="326" /><ent r="5" t="11" w="326" /><ent r="3" t="12" w="166" /><ent r="3" t="12" w="166" /><ent r="3" t="13" w="47" /><ent r="3" t="13" w="47" /><ent r="3" t="13" w="127" /><ent r="3" t="13" w="127" /><ent r="3" t="13" w="204" /><ent r="3" t="13" w="204" /><ent r="3" t="14" w="168" /><ent r="3" t="14" w="168" /><ent r="4" t="19" w="283" /><ent r="4" t="19" w="283" /><ent r="4" t="21" w="95" /><ent r="4" t="21" w="95" /><ent r="3" t="22" w="134" /><ent r="3" t="22" w="134" /><ent r="3" t="24" w="42" /><ent r="3" t="24" w="42" /><ent r="3" t="36" w="1486" /><ent r="3" t="36" w="1486" /><ent r="3" t="36" w="1496" /><ent r="3" t="36" w="1496" /><ent r="3" t="38" w="49" /><ent r="3" t="38" w="49" /><ent r="3" t="39" w="77" /><ent r="3" t="39" w="77" /><ent r="3" t="40" w="19" /><ent r="3" t="40" w="19" /><ent r="3" t="43" w="29" /><ent r="3" t="43" w="29" /><ent r="3" t="44" w="27" /><ent r="3" t="44" w="27" /><ent r="4" t="44" w="97" /><ent r="4" t="44" w="97" /><ent r="6" t="44" w="485" /><ent r="6" t="44" w="485" /><ent r="6" t="44" w="522" /><ent r="6" t="44" w="522" /><ent r="6" t="44" w="545" /><ent r="6" t="44" w="545" /><ent r="3" t="45" w="42" /></phr><phr n="Access"><ent r="7" t="3" w="997" /><ent r="4" t="13" w="278" /><ent r="4" t="13" w="278" /><ent r="4" t="13" w="282" /><ent r="4" t="13" w="282" /><ent r="4" t="14" w="342" /><ent r="4" t="14" w="342" /><ent r="8" t="45" w="363" /><ent r="8" t="45" w="363" /></phr><phr n="accessing"><ent r="7" t="3" w="1310" /><ent r="7" t="3" w="1310" /><ent r="7" t="3" w="1332" /><ent r="7" t="3" w="1332" /></phr><phr n="accessible"><ent r="3" t="4" w="28" /><ent r="3" t="4" w="28" /><ent r="7" t="36" w="289" /><ent r="7" t="36" w="289" /></phr><phr n="accessed"><ent r="3" t="4" w="43" /><ent r="3" t="4" w="43" /></phr><phr n="Accessing"><ent r="5" t="5" w="115" /><ent r="5" t="5" w="115" /><ent r="4" t="14" w="275" /><ent r="4" t="14" w="275" /></phr></stem><stem n="ccess"><phr n="access"><ent r="4" t="3" w="409" /><ent r="4" t="3" w="409" /><ent r="6" t="3" w="643" /><ent r="6" t="3" w="643" /><ent r="6" t="3" w="892" /><ent r="6" t="3" w="892" /><ent r="6" t="3" w="944" /><ent r="6" t="3" w="944" /><ent r="6" t="3" w="991" /><ent r="6" t="3" w="991" /><ent r="6" t="3" w="1007" /><ent r="6" t="3" w="1007" /><ent r="7" t="3" w="1031" /><ent r="6" t="3" w="1045" /><ent r="6" t="3" w="1045" /><ent r="6" t="3" w="1050" /><ent r="6" t="3" w="1050" /><ent r="6" t="3" w="1073" /><ent r="3" t="5" w="35" /><ent r="3" t="5" w="35" /><ent r="4" t="6" w="324" /><ent r="4" t="7" w="104" /><ent r="4" t="7" w="104" /><ent r="5" t="11" w="326" /><ent r="5" t="11" w="326" /><ent r="3" t="12" w="166" /><ent r="3" t="12" w="166" /><ent r="3" t="13" w="47" /><ent r="3" t="13" w="47" /><ent r="3" t="13" w="127" /><ent r="3" t="13" w="127" /><ent r="3" t="13" w="204" /><ent r="3" t="13" w="204" /><ent r="3" t="14" w="168" /><ent r="3" t="14" w="168" /><ent r="4" t="19" w="283" /><ent r="4" t="19" w="283" /><ent r="4" t="21" w="95" /><ent r="4" t="21" w="95" /><ent r="3" t="22" w="134" /><ent r="3" t="22" w="134" /><ent r="3" t="24" w="42" /><ent r="3" t="24" w="42" /><ent r="3" t="36" w="1486" /><ent r="3" t="36" w="1486" /><ent r="3" t="36" w="1496" /><ent r="3" t="36" w="1496" /><ent r="3" t="38" w="49" /><ent r="3" t="38" w="49" /><ent r="3" t="39" w="77" /><ent r="3" t="39" w="77" /><ent r="3" t="40" w="19" /><ent r="3" t="40" w="19" /><ent r="3" t="43" w="29" /><ent r="3" t="43" w="29" /><ent r="3" t="44" w="27" /><ent r="3" t="44" w="27" /><ent r="4" t="44" w="97" /><ent r="4" t="44" w="97" /><ent r="6" t="44" w="485" /><ent r="6" t="44" w="485" /><ent r="6" t="44" w="522" /><ent r="6" t="44" w="522" /><ent r="6" t="44" w="545" /><ent r="6" t="44" w="545" /><ent r="3" t="45" w="42" /></phr><phr n="Access"><ent r="7" t="3" w="997" /><ent r="4" t="13" w="278" /><ent r="4" t="13" w="278" /><ent r="4" t="13" w="282" /><ent r="4" t="13" w="282" /><ent r="4" t="14" w="342" /><ent r="4" t="14" w="342" /><ent r="8" t="45" w="363" /><ent r="8" t="45" w="363" /></phr><phr n="accessing"><ent r="7" t="3" w="1310" /><ent r="7" t="3" w="1310" /><ent r="7" t="3" w="1332" /><ent r="7" t="3" w="1332" /></phr><phr n="accessible"><ent r="3" t="4" w="28" /><ent r="3" t="4" w="28" /><ent r="7" t="36" w="289" /><ent r="7" t="36" w="289" /></phr><phr n="accessed"><ent r="3" t="4" w="43" /><ent r="3" t="4" w="43" /></phr><phr n="Accessing"><ent r="5" t="5" w="115" /><ent r="5" t="5" w="115" /><ent r="4" t="14" w="275" /><ent r="4" t="14" w="275" /></phr><phr n="successfully"><ent r="4" t="7" w="439" /><ent r="3" t="29" w="486" /><ent r="3" t="29" w="486" /></phr><phr n="successful"><ent r="6" t="29" w="46" /><ent r="6" t="29" w="46" /><ent r="3" t="34" w="1051" /><ent r="3" t="34" w="1051" /></phr></stem><stem n="permiss"><phr n="permission"><ent r="4" t="3" w="410" /><ent r="4" t="3" w="410" /><ent r="6" t="3" w="644" /><ent r="6" t="3" w="644" /><ent r="3" t="44" w="70" /><ent r="3" t="44" w="70" /></phr><phr n="Permissions"><ent r="100" t="23" w="19" /><ent r="100" t="23" w="19" /><ent r="82" t="34" w="724" /><ent r="82" t="34" w="724" /><ent r="4" t="34" w="956" /><ent r="4" t="34" w="956" /></phr><phr n="permissions"><ent r="3" t="34" w="92" /><ent r="3" t="34" w="729" /><ent r="3" t="34" w="729" /><ent r="3" t="44" w="58" /><ent r="3" t="44" w="58" /><ent r="6" t="44" w="523" /><ent r="6" t="44" w="523" /><ent r="6" t="44" w="546" /><ent r="6" t="44" w="546" /></phr></stem><stem n="perm"><phr n="permission"><ent r="4" t="3" w="410" /><ent r="4" t="3" w="410" /><ent r="6" t="3" w="644" /><ent r="6" t="3" w="644" /><ent r="3" t="44" w="70" /><ent r="3" t="44" w="70" /></phr><phr n="permits"><ent r="6" t="3" w="1005" /><ent r="6" t="3" w="1005" /><ent r="6" t="3" w="1043" /><ent r="6" t="3" w="1043" /><ent r="3" t="13" w="202" /><ent r="3" t="13" w="202" /></phr><phr n="permitted"><ent r="3" t="13" w="45" /><ent r="3" t="13" w="45" /><ent r="3" t="13" w="231" /><ent r="3" t="13" w="231" /></phr><phr n="Permissions"><ent r="100" t="23" w="19" /><ent r="100" t="23" w="19" /><ent r="82" t="34" w="724" /><ent r="82" t="34" w="724" /><ent r="4" t="34" w="956" /><ent r="4" t="34" w="956" /></phr><phr n="permissions"><ent r="3" t="34" w="92" /><ent r="3" t="34" w="729" /><ent r="3" t="34" w="729" /><ent r="3" t="44" w="58" /><ent r="3" t="44" w="58" /><ent r="6" t="44" w="523" /><ent r="6" t="44" w="523" /><ent r="6" t="44" w="546" /><ent r="6" t="44" w="546" /></phr></stem><stem n="issi"><phr n="permission"><ent r="4" t="3" w="410" /><ent r="4" t="3" w="410" /><ent r="6" t="3" w="644" /><ent r="6" t="3" w="644" /><ent r="3" t="44" w="70" /><ent r="3" t="44" w="70" /></phr><phr n="Permissions"><ent r="100" t="23" w="19" /><ent r="100" t="23" w="19" /><ent r="82" t="34" w="724" /><ent r="82" t="34" w="724" /><ent r="4" t="34" w="956" /><ent r="4" t="34" w="956" /></phr><phr n="permissions"><ent r="3" t="34" w="92" /><ent r="3" t="34" w="729" /><ent r="3" t="34" w="729" /><ent r="3" t="44" w="58" /><ent r="3" t="44" w="58" /><ent r="6" t="44" w="523" /><ent r="6" t="44" w="523" /><ent r="6" t="44" w="546" /><ent r="6" t="44" w="546" /></phr></stem><stem n="ermi"><phr n="permission"><ent r="4" t="3" w="410" /><ent r="4" t="3" w="410" /><ent r="6" t="3" w="644" /><ent r="6" t="3" w="644" /><ent r="3" t="44" w="70" /><ent r="3" t="44" w="70" /></phr><phr n="determined"><ent r="6" t="3" w="712" /><ent r="6" t="29" w="314" /></phr><phr n="permits"><ent r="6" t="3" w="1005" /><ent r="6" t="3" w="1005" /><ent r="6" t="3" w="1043" /><ent r="6" t="3" w="1043" /><ent r="3" t="13" w="202" /><ent r="3" t="13" w="202" /></phr><phr n="permitted"><ent r="3" t="13" w="45" /><ent r="3" t="13" w="45" /><ent r="3" t="13" w="231" /><ent r="3" t="13" w="231" /></phr><phr n="determines"><ent r="3" t="13" w="146" /><ent r="3" t="13" w="146" /><ent r="4" t="19" w="345" /><ent r="4" t="19" w="345" /><ent r="3" t="22" w="128" /><ent r="3" t="22" w="128" /></phr><phr n="Permissions"><ent r="100" t="23" w="19" /><ent r="100" t="23" w="19" /><ent r="82" t="34" w="724" /><ent r="82" t="34" w="724" /><ent r="4" t="34" w="956" /><ent r="4" t="34" w="956" /></phr><phr n="permissions"><ent r="3" t="34" w="92" /><ent r="3" t="34" w="729" /><ent r="3" t="34" w="729" /><ent r="3" t="44" w="58" /><ent r="3" t="44" w="58" /><ent r="6" t="44" w="523" /><ent r="6" t="44" w="523" /><ent r="6" t="44" w="546" /><ent r="6" t="44" w="546" /></phr></stem><stem n="ssio"><phr n="permission"><ent r="4" t="3" w="410" /><ent r="4" t="3" w="410" /><ent r="6" t="3" w="644" /><ent r="6" t="3" w="644" /><ent r="3" t="44" w="70" /><ent r="3" t="44" w="70" /></phr><phr n="Permissions"><ent r="100" t="23" w="19" /><ent r="100" t="23" w="19" /><ent r="82" t="34" w="724" /><ent r="82" t="34" w="724" /><ent r="4" t="34" w="956" /><ent r="4" t="34" w="956" /></phr><phr n="session"><ent r="3" t="31" w="122" /><ent r="3" t="31" w="122" /><ent r="3" t="31" w="1526" /><ent r="3" t="31" w="1526" /><ent r="3" t="31" w="1586" /><ent r="3" t="31" w="1586" /><ent r="3" t="42" w="512" /><ent r="3" t="42" w="512" /></phr><phr n="permissions"><ent r="3" t="34" w="92" /><ent r="3" t="34" w="729" /><ent r="3" t="34" w="729" /><ent r="3" t="44" w="58" /><ent r="3" t="44" w="58" /><ent r="6" t="44" w="523" /><ent r="6" t="44" w="523" /><ent r="6" t="44" w="546" /><ent r="6" t="44" w="546" /></phr><phr n="Session"><ent r="5" t="42" w="440" /><ent r="5" t="42" w="440" /></phr></stem><stem n="rmis"><phr n="permission"><ent r="4" t="3" w="410" /><ent r="4" t="3" w="410" /><ent r="6" t="3" w="644" /><ent r="6" t="3" w="644" /><ent r="3" t="44" w="70" /><ent r="3" t="44" w="70" /></phr><phr n="Permissions"><ent r="100" t="23" w="19" /><ent r="100" t="23" w="19" /><ent r="82" t="34" w="724" /><ent r="82" t="34" w="724" /><ent r="4" t="34" w="956" /><ent r="4" t="34" w="956" /></phr><phr n="permissions"><ent r="3" t="34" w="92" /><ent r="3" t="34" w="729" /><ent r="3" t="34" w="729" /><ent r="3" t="44" w="58" /><ent r="3" t="44" w="58" /><ent r="6" t="44" w="523" /><ent r="6" t="44" w="523" /><ent r="6" t="44" w="546" /><ent r="6" t="44" w="546" /></phr></stem><stem n="miss"><phr n="permission"><ent r="4" t="3" w="410" /><ent r="4" t="3" w="410" /><ent r="6" t="3" w="644" /><ent r="6" t="3" w="644" /><ent r="3" t="44" w="70" /><ent r="3" t="44" w="70" /></phr><phr n="dismiss"><ent r="4" t="8" w="125" /><ent r="4" t="8" w="125" /><ent r="4" t="14" w="477" /><ent r="4" t="14" w="477" /><ent r="4" t="26" w="726" /><ent r="4" t="26" w="726" /></phr><phr n="Permissions"><ent r="100" t="23" w="19" /><ent r="100" t="23" w="19" /><ent r="82" t="34" w="724" /><ent r="82" t="34" w="724" /><ent r="4" t="34" w="956" /><ent r="4" t="34" w="956" /></phr><phr n="permissions"><ent r="3" t="34" w="92" /><ent r="3" t="34" w="729" /><ent r="3" t="34" w="729" /><ent r="3" t="44" w="58" /><ent r="3" t="44" w="58" /><ent r="6" t="44" w="523" /><ent r="6" t="44" w="523" /><ent r="6" t="44" w="546" /><ent r="6" t="44" w="546" /></phr></stem><stem n="permi"><phr n="permission"><ent r="4" t="3" w="410" /><ent r="4" t="3" w="410" /><ent r="6" t="3" w="644" /><ent r="6" t="3" w="644" /><ent r="3" t="44" w="70" /><ent r="3" t="44" w="70" /></phr><phr n="permits"><ent r="6" t="3" w="1005" /><ent r="6" t="3" w="1005" /><ent r="6" t="3" w="1043" /><ent r="6" t="3" w="1043" /><ent r="3" t="13" w="202" /><ent r="3" t="13" w="202" /></phr><phr n="permitted"><ent r="3" t="13" w="45" /><ent r="3" t="13" w="45" /><ent r="3" t="13" w="231" /><ent r="3" t="13" w="231" /></phr><phr n="Permissions"><ent r="100" t="23" w="19" /><ent r="100" t="23" w="19" /><ent r="82" t="34" w="724" /><ent r="82" t="34" w="724" /><ent r="4" t="34" w="956" /><ent r="4" t="34" w="956" /></phr><phr n="permissions"><ent r="3" t="34" w="92" /><ent r="3" t="34" w="729" /><ent r="3" t="34" w="729" /><ent r="3" t="44" w="58" /><ent r="3" t="44" w="58" /><ent r="6" t="44" w="523" /><ent r="6" t="44" w="523" /><ent r="6" t="44" w="546" /><ent r="6" t="44" w="546" /></phr></stem><stem n="ssion"><phr n="permission"><ent r="4" t="3" w="410" /><ent r="4" t="3" w="410" /><ent r="6" t="3" w="644" /><ent r="6" t="3" w="644" /><ent r="3" t="44" w="70" /><ent r="3" t="44" w="70" /></phr><phr n="Permissions"><ent r="100" t="23" w="19" /><ent r="100" t="23" w="19" /><ent r="82" t="34" w="724" /><ent r="82" t="34" w="724" /><ent r="4" t="34" w="956" /><ent r="4" t="34" w="956" /></phr><phr n="session"><ent r="3" t="31" w="122" /><ent r="3" t="31" w="122" /><ent r="3" t="31" w="1526" /><ent r="3" t="31" w="1526" /><ent r="3" t="31" w="1586" /><ent r="3" t="31" w="1586" /><ent r="3" t="42" w="512" /><ent r="3" t="42" w="512" /></phr><phr n="permissions"><ent r="3" t="34" w="92" /><ent r="3" t="34" w="729" /><ent r="3" t="34" w="729" /><ent r="3" t="44" w="58" /><ent r="3" t="44" w="58" /><ent r="6" t="44" w="523" /><ent r="6" t="44" w="523" /><ent r="6" t="44" w="546" /><ent r="6" t="44" w="546" /></phr><phr n="Session"><ent r="5" t="42" w="440" /><ent r="5" t="42" w="440" /></phr></stem><stem n="ermis"><phr n="permission"><ent r="4" t="3" w="410" /><ent r="4" t="3" w="410" /><ent r="6" t="3" w="644" /><ent r="6" t="3" w="644" /><ent r="3" t="44" w="70" /><ent r="3" t="44" w="70" /></phr><phr n="Permissions"><ent r="100" t="23" w="19" /><ent r="100" t="23" w="19" /><ent r="82" t="34" w="724" /><ent r="82" t="34" w="724" /><ent r="4" t="34" w="956" /><ent r="4" t="34" w="956" /></phr><phr n="permissions"><ent r="3" t="34" w="92" /><ent r="3" t="34" w="729" /><ent r="3" t="34" w="729" /><ent r="3" t="44" w="58" /><ent r="3" t="44" w="58" /><ent r="6" t="44" w="523" /><ent r="6" t="44" w="523" /><ent r="6" t="44" w="546" /><ent r="6" t="44" w="546" /></phr></stem><stem n="rmiss"><phr n="permission"><ent r="4" t="3" w="410" /><ent r="4" t="3" w="410" /><ent r="6" t="3" w="644" /><ent r="6" t="3" w="644" /><ent r="3" t="44" w="70" /><ent r="3" t="44" w="70" /></phr><phr n="Permissions"><ent r="100" t="23" w="19" /><ent r="100" t="23" w="19" /><ent r="82" t="34" w="724" /><ent r="82" t="34" w="724" /><ent r="4" t="34" w="956" /><ent r="4" t="34" w="956" /></phr><phr n="permissions"><ent r="3" t="34" w="92" /><ent r="3" t="34" w="729" /><ent r="3" t="34" w="729" /><ent r="3" t="44" w="58" /><ent r="3" t="44" w="58" /><ent r="6" t="44" w="523" /><ent r="6" t="44" w="523" /><ent r="6" t="44" w="546" /><ent r="6" t="44" w="546" /></phr></stem><stem n="missi"><phr n="permission"><ent r="4" t="3" w="410" /><ent r="4" t="3" w="410" /><ent r="6" t="3" w="644" /><ent r="6" t="3" w="644" /><ent r="3" t="44" w="70" /><ent r="3" t="44" w="70" /></phr><phr n="Permissions"><ent r="100" t="23" w="19" /><ent r="100" t="23" w="19" /><ent r="82" t="34" w="724" /><ent r="82" t="34" w="724" /><ent r="4" t="34" w="956" /><ent r="4" t="34" w="956" /></phr><phr n="permissions"><ent r="3" t="34" w="92" /><ent r="3" t="34" w="729" /><ent r="3" t="34" w="729" /><ent r="3" t="44" w="58" /><ent r="3" t="44" w="58" /><ent r="6" t="44" w="523" /><ent r="6" t="44" w="523" /><ent r="6" t="44" w="546" /><ent r="6" t="44" w="546" /></phr></stem><stem n="issio"><phr n="permission"><ent r="4" t="3" w="410" /><ent r="4" t="3" w="410" /><ent r="6" t="3" w="644" /><ent r="6" t="3" w="644" /><ent r="3" t="44" w="70" /><ent r="3" t="44" w="70" /></phr><phr n="Permissions"><ent r="100" t="23" w="19" /><ent r="100" t="23" w="19" /><ent r="82" t="34" w="724" /><ent r="82" t="34" w="724" /><ent r="4" t="34" w="956" /><ent r="4" t="34" w="956" /></phr><phr n="permissions"><ent r="3" t="34" w="92" /><ent r="3" t="34" w="729" /><ent r="3" t="34" w="729" /><ent r="3" t="44" w="58" /><ent r="3" t="44" w="58" /><ent r="6" t="44" w="523" /><ent r="6" t="44" w="523" /><ent r="6" t="44" w="546" /><ent r="6" t="44" w="546" /></phr></stem><stem n="permis"><phr n="permission"><ent r="4" t="3" w="410" /><ent r="4" t="3" w="410" /><ent r="6" t="3" w="644" /><ent r="6" t="3" w="644" /><ent r="3" t="44" w="70" /><ent r="3" t="44" w="70" /></phr><phr n="Permissions"><ent r="100" t="23" w="19" /><ent r="100" t="23" w="19" /><ent r="82" t="34" w="724" /><ent r="82" t="34" w="724" /><ent r="4" t="34" w="956" /><ent r="4" t="34" w="956" /></phr><phr n="permissions"><ent r="3" t="34" w="92" /><ent r="3" t="34" w="729" /><ent r="3" t="34" w="729" /><ent r="3" t="44" w="58" /><ent r="3" t="44" w="58" /><ent r="6" t="44" w="523" /><ent r="6" t="44" w="523" /><ent r="6" t="44" w="546" /><ent r="6" t="44" w="546" /></phr></stem><stem n="ermiss"><phr n="permission"><ent r="4" t="3" w="410" /><ent r="4" t="3" w="410" /><ent r="6" t="3" w="644" /><ent r="6" t="3" w="644" /><ent r="3" t="44" w="70" /><ent r="3" t="44" w="70" /></phr><phr n="Permissions"><ent r="100" t="23" w="19" /><ent r="100" t="23" w="19" /><ent r="82" t="34" w="724" /><ent r="82" t="34" w="724" /><ent r="4" t="34" w="956" /><ent r="4" t="34" w="956" /></phr><phr n="permissions"><ent r="3" t="34" w="92" /><ent r="3" t="34" w="729" /><ent r="3" t="34" w="729" /><ent r="3" t="44" w="58" /><ent r="3" t="44" w="58" /><ent r="6" t="44" w="523" /><ent r="6" t="44" w="523" /><ent r="6" t="44" w="546" /><ent r="6" t="44" w="546" /></phr></stem><stem n="rmissi"><phr n="permission"><ent r="4" t="3" w="410" /><ent r="4" t="3" w="410" /><ent r="6" t="3" w="644" /><ent r="6" t="3" w="644" /><ent r="3" t="44" w="70" /><ent r="3" t="44" w="70" /></phr><phr n="Permissions"><ent r="100" t="23" w="19" /><ent r="100" t="23" w="19" /><ent r="82" t="34" w="724" /><ent r="82" t="34" w="724" /><ent r="4" t="34" w="956" /><ent r="4" t="34" w="956" /></phr><phr n="permissions"><ent r="3" t="34" w="92" /><ent r="3" t="34" w="729" /><ent r="3" t="34" w="729" /><ent r="3" t="44" w="58" /><ent r="3" t="44" w="58" /><ent r="6" t="44" w="523" /><ent r="6" t="44" w="523" /><ent r="6" t="44" w="546" /><ent r="6" t="44" w="546" /></phr></stem><stem n="missio"><phr n="permission"><ent r="4" t="3" w="410" /><ent r="4" t="3" w="410" /><ent r="6" t="3" w="644" /><ent r="6" t="3" w="644" /><ent r="3" t="44" w="70" /><ent r="3" t="44" w="70" /></phr><phr n="Permissions"><ent r="100" t="23" w="19" /><ent r="100" t="23" w="19" /><ent r="82" t="34" w="724" /><ent r="82" t="34" w="724" /><ent r="4" t="34" w="956" /><ent r="4" t="34" w="956" /></phr><phr n="permissions"><ent r="3" t="34" w="92" /><ent r="3" t="34" w="729" /><ent r="3" t="34" w="729" /><ent r="3" t="44" w="58" /><ent r="3" t="44" w="58" /><ent r="6" t="44" w="523" /><ent r="6" t="44" w="523" /><ent r="6" t="44" w="546" /><ent r="6" t="44" w="546" /></phr></stem><stem n="ission"><phr n="permission"><ent r="4" t="3" w="410" /><ent r="4" t="3" w="410" /><ent r="6" t="3" w="644" /><ent r="6" t="3" w="644" /><ent r="3" t="44" w="70" /><ent r="3" t="44" w="70" /></phr><phr n="Permissions"><ent r="100" t="23" w="19" /><ent r="100" t="23" w="19" /><ent r="82" t="34" w="724" /><ent r="82" t="34" w="724" /><ent r="4" t="34" w="956" /><ent r="4" t="34" w="956" /></phr><phr n="permissions"><ent r="3" t="34" w="92" /><ent r="3" t="34" w="729" /><ent r="3" t="34" w="729" /><ent r="3" t="44" w="58" /><ent r="3" t="44" w="58" /><ent r="6" t="44" w="523" /><ent r="6" t="44" w="523" /><ent r="6" t="44" w="546" /><ent r="6" t="44" w="546" /></phr></stem><stem n="ermissi"><phr n="permission"><ent r="4" t="3" w="410" /><ent r="4" t="3" w="410" /><ent r="6" t="3" w="644" /><ent r="6" t="3" w="644" /><ent r="3" t="44" w="70" /><ent r="3" t="44" w="70" /></phr><phr n="Permissions"><ent r="100" t="23" w="19" /><ent r="100" t="23" w="19" /><ent r="82" t="34" w="724" /><ent r="82" t="34" w="724" /><ent r="4" t="34" w="956" /><ent r="4" t="34" w="956" /></phr><phr n="permissions"><ent r="3" t="34" w="92" /><ent r="3" t="34" w="729" /><ent r="3" t="34" w="729" /><ent r="3" t="44" w="58" /><ent r="3" t="44" w="58" /><ent r="6" t="44" w="523" /><ent r="6" t="44" w="523" /><ent r="6" t="44" w="546" /><ent r="6" t="44" w="546" /></phr></stem><stem n="rmissio"><phr n="permission"><ent r="4" t="3" w="410" /><ent r="4" t="3" w="410" /><ent r="6" t="3" w="644" /><ent r="6" t="3" w="644" /><ent r="3" t="44" w="70" /><ent r="3" t="44" w="70" /></phr><phr n="Permissions"><ent r="100" t="23" w="19" /><ent r="100" t="23" w="19" /><ent r="82" t="34" w="724" /><ent r="82" t="34" w="724" /><ent r="4" t="34" w="956" /><ent r="4" t="34" w="956" /></phr><phr n="permissions"><ent r="3" t="34" w="92" /><ent r="3" t="34" w="729" /><ent r="3" t="34" w="729" /><ent r="3" t="44" w="58" /><ent r="3" t="44" w="58" /><ent r="6" t="44" w="523" /><ent r="6" t="44" w="523" /><ent r="6" t="44" w="546" /><ent r="6" t="44" w="546" /></phr></stem><stem n="mission"><phr n="permission"><ent r="4" t="3" w="410" /><ent r="4" t="3" w="410" /><ent r="6" t="3" w="644" /><ent r="6" t="3" w="644" /><ent r="3" t="44" w="70" /><ent r="3" t="44" w="70" /></phr><phr n="Permissions"><ent r="100" t="23" w="19" /><ent r="100" t="23" w="19" /><ent r="82" t="34" w="724" /><ent r="82" t="34" w="724" /><ent r="4" t="34" w="956" /><ent r="4" t="34" w="956" /></phr><phr n="permissions"><ent r="3" t="34" w="92" /><ent r="3" t="34" w="729" /><ent r="3" t="34" w="729" /><ent r="3" t="44" w="58" /><ent r="3" t="44" w="58" /><ent r="6" t="44" w="523" /><ent r="6" t="44" w="523" /><ent r="6" t="44" w="546" /><ent r="6" t="44" w="546" /></phr></stem><stem n="permissi"><phr n="permission"><ent r="4" t="3" w="410" /><ent r="4" t="3" w="410" /><ent r="6" t="3" w="644" /><ent r="6" t="3" w="644" /><ent r="3" t="44" w="70" /><ent r="3" t="44" w="70" /></phr><phr n="Permissions"><ent r="100" t="23" w="19" /><ent r="100" t="23" w="19" /><ent r="82" t="34" w="724" /><ent r="82" t="34" w="724" /><ent r="4" t="34" w="956" /><ent r="4" t="34" w="956" /></phr><phr n="permissions"><ent r="3" t="34" w="92" /><ent r="3" t="34" w="729" /><ent r="3" t="34" w="729" /><ent r="3" t="44" w="58" /><ent r="3" t="44" w="58" /><ent r="6" t="44" w="523" /><ent r="6" t="44" w="523" /><ent r="6" t="44" w="546" /><ent r="6" t="44" w="546" /></phr></stem></index>