<?xml version="1.0" encoding="utf-8"?><index><stem n="operatio"><phr n="operation"><ent r="3" t="3" w="133" /><ent r="3" t="3" w="133" /><ent r="4" t="12" w="366" /><ent r="4" t="13" w="420" /><ent r="3" t="17" w="123" /><ent r="4" t="26" w="214" /><ent r="4" t="26" w="214" /><ent r="4" t="26" w="272" /><ent r="4" t="26" w="272" /><ent r="4" t="34" w="1149" /><ent r="4" t="36" w="54" /><ent r="4" t="36" w="54" /><ent r="4" t="36" w="89" /><ent r="4" t="36" w="89" /><ent r="7" t="36" w="327" /><ent r="7" t="36" w="327" /><ent r="7" t="36" w="365" /><ent r="7" t="36" w="365" /></phr><phr n="operations"><ent r="6" t="3" w="549" /><ent r="6" t="3" w="549" /><ent r="6" t="3" w="715" /><ent r="6" t="3" w="715" /><ent r="6" t="3" w="774" /><ent r="6" t="3" w="774" /><ent r="4" t="6" w="197" /><ent r="4" t="6" w="197" /><ent r="3" t="9" w="85" /><ent r="3" t="9" w="85" /><ent r="4" t="11" w="412" /><ent r="4" t="11" w="412" /><ent r="3" t="12" w="51" /><ent r="3" t="12" w="51" /><ent r="4" t="19" w="353" /><ent r="4" t="19" w="353" /><ent r="4" t="26" w="237" /><ent r="4" t="26" w="237" /><ent r="4" t="26" w="326" /><ent r="4" t="26" w="326" /><ent r="3" t="27" w="595" /><ent r="3" t="27" w="613" /><ent r="3" t="27" w="613" /><ent r="7" t="36" w="315" /><ent r="7" t="36" w="315" /><ent r="7" t="36" w="423" /><ent r="7" t="36" w="423" /><ent r="7" t="36" w="486" /><ent r="7" t="36" w="486" /><ent r="7" t="36" w="503" /><ent r="7" t="36" w="503" /><ent r="7" t="36" w="545" /><ent r="7" t="36" w="545" /><ent r="7" t="36" w="552" /><ent r="7" t="36" w="552" /><ent r="7" t="36" w="598" /><ent r="7" t="36" w="598" /><ent r="4" t="44" w="145" /><ent r="4" t="44" w="145" /></phr><phr n="Operation"><ent r="5" t="26" w="206" /><ent r="5" t="26" w="206" /><ent r="8" t="36" w="495" /><ent r="8" t="36" w="495" /></phr><phr n="Operations"><ent r="5" t="26" w="313" /><ent r="5" t="26" w="313" /></phr></stem><stem n="peration"><phr n="operation"><ent r="3" t="3" w="133" /><ent r="3" t="3" w="133" /><ent r="4" t="12" w="366" /><ent r="4" t="13" w="420" /><ent r="3" t="17" w="123" /><ent r="4" t="26" w="214" /><ent r="4" t="26" w="214" /><ent r="4" t="26" w="272" /><ent r="4" t="26" w="272" /><ent r="4" t="34" w="1149" /><ent r="4" t="36" w="54" /><ent r="4" t="36" w="54" /><ent r="4" t="36" w="89" /><ent r="4" t="36" w="89" /><ent r="7" t="36" w="327" /><ent r="7" t="36" w="327" /><ent r="7" t="36" w="365" /><ent r="7" t="36" w="365" /></phr><phr n="operations"><ent r="6" t="3" w="549" /><ent r="6" t="3" w="549" /><ent r="6" t="3" w="715" /><ent r="6" t="3" w="715" /><ent r="6" t="3" w="774" /><ent r="6" t="3" w="774" /><ent r="4" t="6" w="197" /><ent r="4" t="6" w="197" /><ent r="3" t="9" w="85" /><ent r="3" t="9" w="85" /><ent r="4" t="11" w="412" /><ent r="4" t="11" w="412" /><ent r="3" t="12" w="51" /><ent r="3" t="12" w="51" /><ent r="4" t="19" w="353" /><ent r="4" t="19" w="353" /><ent r="4" t="26" w="237" /><ent r="4" t="26" w="237" /><ent r="4" t="26" w="326" /><ent r="4" t="26" w="326" /><ent r="3" t="27" w="595" /><ent r="3" t="27" w="613" /><ent r="3" t="27" w="613" /><ent r="7" t="36" w="315" /><ent r="7" t="36" w="315" /><ent r="7" t="36" w="423" /><ent r="7" t="36" w="423" /><ent r="7" t="36" w="486" /><ent r="7" t="36" w="486" /><ent r="7" t="36" w="503" /><ent r="7" t="36" w="503" /><ent r="7" t="36" w="545" /><ent r="7" t="36" w="545" /><ent r="7" t="36" w="552" /><ent r="7" t="36" w="552" /><ent r="7" t="36" w="598" /><ent r="7" t="36" w="598" /><ent r="4" t="44" w="145" /><ent r="4" t="44" w="145" /></phr><phr n="Operation"><ent r="5" t="26" w="206" /><ent r="5" t="26" w="206" /><ent r="8" t="36" w="495" /><ent r="8" t="36" w="495" /></phr><phr n="Operations"><ent r="5" t="26" w="313" /><ent r="5" t="26" w="313" /></phr></stem><stem n="operation"><phr n="operation"><ent r="3" t="3" w="133" /><ent r="3" t="3" w="133" /><ent r="4" t="12" w="366" /><ent r="4" t="13" w="420" /><ent r="3" t="17" w="123" /><ent r="4" t="26" w="214" /><ent r="4" t="26" w="214" /><ent r="4" t="26" w="272" /><ent r="4" t="26" w="272" /><ent r="4" t="34" w="1149" /><ent r="4" t="36" w="54" /><ent r="4" t="36" w="54" /><ent r="4" t="36" w="89" /><ent r="4" t="36" w="89" /><ent r="7" t="36" w="327" /><ent r="7" t="36" w="327" /><ent r="7" t="36" w="365" /><ent r="7" t="36" w="365" /></phr><phr n="operations"><ent r="6" t="3" w="549" /><ent r="6" t="3" w="549" /><ent r="6" t="3" w="715" /><ent r="6" t="3" w="715" /><ent r="6" t="3" w="774" /><ent r="6" t="3" w="774" /><ent r="4" t="6" w="197" /><ent r="4" t="6" w="197" /><ent r="3" t="9" w="85" /><ent r="3" t="9" w="85" /><ent r="4" t="11" w="412" /><ent r="4" t="11" w="412" /><ent r="3" t="12" w="51" /><ent r="3" t="12" w="51" /><ent r="4" t="19" w="353" /><ent r="4" t="19" w="353" /><ent r="4" t="26" w="237" /><ent r="4" t="26" w="237" /><ent r="4" t="26" w="326" /><ent r="4" t="26" w="326" /><ent r="3" t="27" w="595" /><ent r="3" t="27" w="613" /><ent r="3" t="27" w="613" /><ent r="7" t="36" w="315" /><ent r="7" t="36" w="315" /><ent r="7" t="36" w="423" /><ent r="7" t="36" w="423" /><ent r="7" t="36" w="486" /><ent r="7" t="36" w="486" /><ent r="7" t="36" w="503" /><ent r="7" t="36" w="503" /><ent r="7" t="36" w="545" /><ent r="7" t="36" w="545" /><ent r="7" t="36" w="552" /><ent r="7" t="36" w="552" /><ent r="7" t="36" w="598" /><ent r="7" t="36" w="598" /><ent r="4" t="44" w="145" /><ent r="4" t="44" w="145" /></phr><phr n="Operation"><ent r="5" t="26" w="206" /><ent r="5" t="26" w="206" /><ent r="8" t="36" w="495" /><ent r="8" t="36" w="495" /></phr><phr n="Operations"><ent r="5" t="26" w="313" /><ent r="5" t="26" w="313" /></phr></stem><stem n="ratin"><phr n="generating"><ent r="64" t="3" w="137" /><ent r="64" t="3" w="137" /><ent r="64" t="9" w="95" /><ent r="64" t="9" w="95" /><ent r="100" t="26" w="8" /><ent r="100" t="26" w="8" /><ent r="4" t="27" w="164" /><ent r="4" t="27" w="164" /><ent r="5" t="36" w="242" /><ent r="5" t="36" w="242" /><ent r="3" t="42" w="239" /><ent r="3" t="42" w="239" /></phr><phr n="migrating"><ent r="64" t="3" w="143" /><ent r="64" t="3" w="143" /><ent r="64" t="9" w="89" /><ent r="64" t="9" w="89" /><ent r="64" t="13" w="188" /><ent r="64" t="13" w="188" /><ent r="100" t="17" w="20" /><ent r="100" t="17" w="20" /><ent r="100" t="17" w="23" /><ent r="100" t="17" w="23" /><ent r="3" t="17" w="84" /><ent r="3" t="17" w="126" /><ent r="3" t="17" w="126" /><ent r="3" t="17" w="522" /><ent r="3" t="17" w="522" /><ent r="3" t="17" w="791" /><ent r="3" t="17" w="791" /><ent r="65" t="19" w="308" /><ent r="65" t="19" w="308" /><ent r="64" t="23" w="112" /><ent r="64" t="23" w="112" /><ent r="4" t="34" w="196" /><ent r="4" t="34" w="196" /><ent r="3" t="34" w="617" /><ent r="3" t="34" w="617" /><ent r="64" t="44" w="209" /><ent r="64" t="44" w="209" /></phr><phr n="operating"><ent r="4" t="3" w="213" /><ent r="4" t="3" w="213" /><ent r="8" t="31" w="295" /><ent r="8" t="31" w="295" /><ent r="7" t="31" w="300" /><ent r="7" t="31" w="300" /></phr><phr n="Migrating"><ent r="1000" t="17" w="1" /><ent r="1000" t="17" w="1" /><ent r="102" t="17" w="7" /><ent r="102" t="17" w="7" /><ent r="100" t="17" w="13" /><ent r="100" t="17" w="13" /><ent r="3" t="17" w="48" /><ent r="3" t="17" w="48" /><ent r="4" t="34" w="167" /><ent r="4" t="34" w="167" /><ent r="4" t="34" w="187" /><ent r="4" t="34" w="187" /><ent r="65" t="34" w="241" /><ent r="65" t="34" w="241" /></phr><phr n="Generating"><ent r="1000" t="26" w="1" /><ent r="1000" t="26" w="1" /><ent r="100" t="26" w="4" /><ent r="100" t="26" w="4" /><ent r="102" t="26" w="10" /><ent r="102" t="26" w="10" /><ent r="65" t="27" w="348" /><ent r="65" t="27" w="348" /><ent r="100" t="36" w="7" /><ent r="100" t="36" w="7" /><ent r="64" t="36" w="178" /><ent r="64" t="36" w="178" /></phr></stem><stem n="nerati"><phr n="generating"><ent r="64" t="3" w="137" /><ent r="64" t="3" w="137" /><ent r="64" t="9" w="95" /><ent r="64" t="9" w="95" /><ent r="100" t="26" w="8" /><ent r="100" t="26" w="8" /><ent r="4" t="27" w="164" /><ent r="4" t="27" w="164" /><ent r="5" t="36" w="242" /><ent r="5" t="36" w="242" /><ent r="3" t="42" w="239" /><ent r="3" t="42" w="239" /></phr><phr n="Generating"><ent r="1000" t="26" w="1" /><ent r="1000" t="26" w="1" /><ent r="100" t="26" w="4" /><ent r="100" t="26" w="4" /><ent r="102" t="26" w="10" /><ent r="102" t="26" w="10" /><ent r="65" t="27" w="348" /><ent r="65" t="27" w="348" /><ent r="100" t="36" w="7" /><ent r="100" t="36" w="7" /><ent r="64" t="36" w="178" /><ent r="64" t="36" w="178" /></phr></stem><stem n="eratin"><phr n="generating"><ent r="64" t="3" w="137" /><ent r="64" t="3" w="137" /><ent r="64" t="9" w="95" /><ent r="64" t="9" w="95" /><ent r="100" t="26" w="8" /><ent r="100" t="26" w="8" /><ent r="4" t="27" w="164" /><ent r="4" t="27" w="164" /><ent r="5" t="36" w="242" /><ent r="5" t="36" w="242" /><ent r="3" t="42" w="239" /><ent r="3" t="42" w="239" /></phr><phr n="operating"><ent r="4" t="3" w="213" /><ent r="4" t="3" w="213" /><ent r="8" t="31" w="295" /><ent r="8" t="31" w="295" /><ent r="7" t="31" w="300" /><ent r="7" t="31" w="300" /></phr><phr n="Generating"><ent r="1000" t="26" w="1" /><ent r="1000" t="26" w="1" /><ent r="100" t="26" w="4" /><ent r="100" t="26" w="4" /><ent r="102" t="26" w="10" /><ent r="102" t="26" w="10" /><ent r="65" t="27" w="348" /><ent r="65" t="27" w="348" /><ent r="100" t="36" w="7" /><ent r="100" t="36" w="7" /><ent r="64" t="36" w="178" /><ent r="64" t="36" w="178" /></phr></stem><stem n="rating"><phr n="generating"><ent r="64" t="3" w="137" /><ent r="64" t="3" w="137" /><ent r="64" t="9" w="95" /><ent r="64" t="9" w="95" /><ent r="100" t="26" w="8" /><ent r="100" t="26" w="8" /><ent r="4" t="27" w="164" /><ent r="4" t="27" w="164" /><ent r="5" t="36" w="242" /><ent r="5" t="36" w="242" /><ent r="3" t="42" w="239" /><ent r="3" t="42" w="239" /></phr><phr n="migrating"><ent r="64" t="3" w="143" /><ent r="64" t="3" w="143" /><ent r="64" t="9" w="89" /><ent r="64" t="9" w="89" /><ent r="64" t="13" w="188" /><ent r="64" t="13" w="188" /><ent r="100" t="17" w="20" /><ent r="100" t="17" w="20" /><ent r="100" t="17" w="23" /><ent r="100" t="17" w="23" /><ent r="3" t="17" w="84" /><ent r="3" t="17" w="126" /><ent r="3" t="17" w="126" /><ent r="3" t="17" w="522" /><ent r="3" t="17" w="522" /><ent r="3" t="17" w="791" /><ent r="3" t="17" w="791" /><ent r="65" t="19" w="308" /><ent r="65" t="19" w="308" /><ent r="64" t="23" w="112" /><ent r="64" t="23" w="112" /><ent r="4" t="34" w="196" /><ent r="4" t="34" w="196" /><ent r="3" t="34" w="617" /><ent r="3" t="34" w="617" /><ent r="64" t="44" w="209" /><ent r="64" t="44" w="209" /></phr><phr n="operating"><ent r="4" t="3" w="213" /><ent r="4" t="3" w="213" /><ent r="8" t="31" w="295" /><ent r="8" t="31" w="295" /><ent r="7" t="31" w="300" /><ent r="7" t="31" w="300" /></phr><phr n="Migrating"><ent r="1000" t="17" w="1" /><ent r="1000" t="17" w="1" /><ent r="102" t="17" w="7" /><ent r="102" t="17" w="7" /><ent r="100" t="17" w="13" /><ent r="100" t="17" w="13" /><ent r="3" t="17" w="48" /><ent r="3" t="17" w="48" /><ent r="4" t="34" w="167" /><ent r="4" t="34" w="167" /><ent r="4" t="34" w="187" /><ent r="4" t="34" w="187" /><ent r="65" t="34" w="241" /><ent r="65" t="34" w="241" /></phr><phr n="Generating"><ent r="1000" t="26" w="1" /><ent r="1000" t="26" w="1" /><ent r="100" t="26" w="4" /><ent r="100" t="26" w="4" /><ent r="102" t="26" w="10" /><ent r="102" t="26" w="10" /><ent r="65" t="27" w="348" /><ent r="65" t="27" w="348" /><ent r="100" t="36" w="7" /><ent r="100" t="36" w="7" /><ent r="64" t="36" w="178" /><ent r="64" t="36" w="178" /></phr></stem><stem n="enerati"><phr n="generating"><ent r="64" t="3" w="137" /><ent r="64" t="3" w="137" /><ent r="64" t="9" w="95" /><ent r="64" t="9" w="95" /><ent r="100" t="26" w="8" /><ent r="100" t="26" w="8" /><ent r="4" t="27" w="164" /><ent r="4" t="27" w="164" /><ent r="5" t="36" w="242" /><ent r="5" t="36" w="242" /><ent r="3" t="42" w="239" /><ent r="3" t="42" w="239" /></phr><phr n="Generating"><ent r="1000" t="26" w="1" /><ent r="1000" t="26" w="1" /><ent r="100" t="26" w="4" /><ent r="100" t="26" w="4" /><ent r="102" t="26" w="10" /><ent r="102" t="26" w="10" /><ent r="65" t="27" w="348" /><ent r="65" t="27" w="348" /><ent r="100" t="36" w="7" /><ent r="100" t="36" w="7" /><ent r="64" t="36" w="178" /><ent r="64" t="36" w="178" /></phr></stem><stem n="neratin"><phr n="generating"><ent r="64" t="3" w="137" /><ent r="64" t="3" w="137" /><ent r="64" t="9" w="95" /><ent r="64" t="9" w="95" /><ent r="100" t="26" w="8" /><ent r="100" t="26" w="8" /><ent r="4" t="27" w="164" /><ent r="4" t="27" w="164" /><ent r="5" t="36" w="242" /><ent r="5" t="36" w="242" /><ent r="3" t="42" w="239" /><ent r="3" t="42" w="239" /></phr><phr n="Generating"><ent r="1000" t="26" w="1" /><ent r="1000" t="26" w="1" /><ent r="100" t="26" w="4" /><ent r="100" t="26" w="4" /><ent r="102" t="26" w="10" /><ent r="102" t="26" w="10" /><ent r="65" t="27" w="348" /><ent r="65" t="27" w="348" /><ent r="100" t="36" w="7" /><ent r="100" t="36" w="7" /><ent r="64" t="36" w="178" /><ent r="64" t="36" w="178" /></phr></stem><stem n="erating"><phr n="generating"><ent r="64" t="3" w="137" /><ent r="64" t="3" w="137" /><ent r="64" t="9" w="95" /><ent r="64" t="9" w="95" /><ent r="100" t="26" w="8" /><ent r="100" t="26" w="8" /><ent r="4" t="27" w="164" /><ent r="4" t="27" w="164" /><ent r="5" t="36" w="242" /><ent r="5" t="36" w="242" /><ent r="3" t="42" w="239" /><ent r="3" t="42" w="239" /></phr><phr n="operating"><ent r="4" t="3" w="213" /><ent r="4" t="3" w="213" /><ent r="8" t="31" w="295" /><ent r="8" t="31" w="295" /><ent r="7" t="31" w="300" /><ent r="7" t="31" w="300" /></phr><phr n="Generating"><ent r="1000" t="26" w="1" /><ent r="1000" t="26" w="1" /><ent r="100" t="26" w="4" /><ent r="100" t="26" w="4" /><ent r="102" t="26" w="10" /><ent r="102" t="26" w="10" /><ent r="65" t="27" w="348" /><ent r="65" t="27" w="348" /><ent r="100" t="36" w="7" /><ent r="100" t="36" w="7" /><ent r="64" t="36" w="178" /><ent r="64" t="36" w="178" /></phr></stem><stem n="generati"><phr n="generating"><ent r="64" t="3" w="137" /><ent r="64" t="3" w="137" /><ent r="64" t="9" w="95" /><ent r="64" t="9" w="95" /><ent r="100" t="26" w="8" /><ent r="100" t="26" w="8" /><ent r="4" t="27" w="164" /><ent r="4" t="27" w="164" /><ent r="5" t="36" w="242" /><ent r="5" t="36" w="242" /><ent r="3" t="42" w="239" /><ent r="3" t="42" w="239" /></phr><phr n="Generating"><ent r="1000" t="26" w="1" /><ent r="1000" t="26" w="1" /><ent r="100" t="26" w="4" /><ent r="100" t="26" w="4" /><ent r="102" t="26" w="10" /><ent r="102" t="26" w="10" /><ent r="65" t="27" w="348" /><ent r="65" t="27" w="348" /><ent r="100" t="36" w="7" /><ent r="100" t="36" w="7" /><ent r="64" t="36" w="178" /><ent r="64" t="36" w="178" /></phr></stem><stem n="eneratin"><phr n="generating"><ent r="64" t="3" w="137" /><ent r="64" t="3" w="137" /><ent r="64" t="9" w="95" /><ent r="64" t="9" w="95" /><ent r="100" t="26" w="8" /><ent r="100" t="26" w="8" /><ent r="4" t="27" w="164" /><ent r="4" t="27" w="164" /><ent r="5" t="36" w="242" /><ent r="5" t="36" w="242" /><ent r="3" t="42" w="239" /><ent r="3" t="42" w="239" /></phr><phr n="Generating"><ent r="1000" t="26" w="1" /><ent r="1000" t="26" w="1" /><ent r="100" t="26" w="4" /><ent r="100" t="26" w="4" /><ent r="102" t="26" w="10" /><ent r="102" t="26" w="10" /><ent r="65" t="27" w="348" /><ent r="65" t="27" w="348" /><ent r="100" t="36" w="7" /><ent r="100" t="36" w="7" /><ent r="64" t="36" w="178" /><ent r="64" t="36" w="178" /></phr></stem><stem n="nerating"><phr n="generating"><ent r="64" t="3" w="137" /><ent r="64" t="3" w="137" /><ent r="64" t="9" w="95" /><ent r="64" t="9" w="95" /><ent r="100" t="26" w="8" /><ent r="100" t="26" w="8" /><ent r="4" t="27" w="164" /><ent r="4" t="27" w="164" /><ent r="5" t="36" w="242" /><ent r="5" t="36" w="242" /><ent r="3" t="42" w="239" /><ent r="3" t="42" w="239" /></phr><phr n="Generating"><ent r="1000" t="26" w="1" /><ent r="1000" t="26" w="1" /><ent r="100" t="26" w="4" /><ent r="100" t="26" w="4" /><ent r="102" t="26" w="10" /><ent r="102" t="26" w="10" /><ent r="65" t="27" w="348" /><ent r="65" t="27" w="348" /><ent r="100" t="36" w="7" /><ent r="100" t="36" w="7" /><ent r="64" t="36" w="178" /><ent r="64" t="36" w="178" /></phr></stem><stem n="generatin"><phr n="generating"><ent r="64" t="3" w="137" /><ent r="64" t="3" w="137" /><ent r="64" t="9" w="95" /><ent r="64" t="9" w="95" /><ent r="100" t="26" w="8" /><ent r="100" t="26" w="8" /><ent r="4" t="27" w="164" /><ent r="4" t="27" w="164" /><ent r="5" t="36" w="242" /><ent r="5" t="36" w="242" /><ent r="3" t="42" w="239" /><ent r="3" t="42" w="239" /></phr><phr n="Generating"><ent r="1000" t="26" w="1" /><ent r="1000" t="26" w="1" /><ent r="100" t="26" w="4" /><ent r="100" t="26" w="4" /><ent r="102" t="26" w="10" /><ent r="102" t="26" w="10" /><ent r="65" t="27" w="348" /><ent r="65" t="27" w="348" /><ent r="100" t="36" w="7" /><ent r="100" t="36" w="7" /><ent r="64" t="36" w="178" /><ent r="64" t="36" w="178" /></phr></stem><stem n="enerating"><phr n="generating"><ent r="64" t="3" w="137" /><ent r="64" t="3" w="137" /><ent r="64" t="9" w="95" /><ent r="64" t="9" w="95" /><ent r="100" t="26" w="8" /><ent r="100" t="26" w="8" /><ent r="4" t="27" w="164" /><ent r="4" t="27" w="164" /><ent r="5" t="36" w="242" /><ent r="5" t="36" w="242" /><ent r="3" t="42" w="239" /><ent r="3" t="42" w="239" /></phr><phr n="Generating"><ent r="1000" t="26" w="1" /><ent r="1000" t="26" w="1" /><ent r="100" t="26" w="4" /><ent r="100" t="26" w="4" /><ent r="102" t="26" w="10" /><ent r="102" t="26" w="10" /><ent r="65" t="27" w="348" /><ent r="65" t="27" w="348" /><ent r="100" t="36" w="7" /><ent r="100" t="36" w="7" /><ent r="64" t="36" w="178" /><ent r="64" t="36" w="178" /></phr></stem><stem n="generating"><phr n="generating"><ent r="64" t="3" w="137" /><ent r="64" t="3" w="137" /><ent r="64" t="9" w="95" /><ent r="64" t="9" w="95" /><ent r="100" t="26" w="8" /><ent r="100" t="26" w="8" /><ent r="4" t="27" w="164" /><ent r="4" t="27" w="164" /><ent r="5" t="36" w="242" /><ent r="5" t="36" w="242" /><ent r="3" t="42" w="239" /><ent r="3" t="42" w="239" /></phr><phr n="Generating"><ent r="1000" t="26" w="1" /><ent r="1000" t="26" w="1" /><ent r="100" t="26" w="4" /><ent r="100" t="26" w="4" /><ent r="102" t="26" w="10" /><ent r="102" t="26" w="10" /><ent r="65" t="27" w="348" /><ent r="65" t="27" w="348" /><ent r="100" t="36" w="7" /><ent r="100" t="36" w="7" /><ent r="64" t="36" w="178" /><ent r="64" t="36" w="178" /></phr></stem><stem n="gratin"><phr n="migrating"><ent r="64" t="3" w="143" /><ent r="64" t="3" w="143" /><ent r="64" t="9" w="89" /><ent r="64" t="9" w="89" /><ent r="64" t="13" w="188" /><ent r="64" t="13" w="188" /><ent r="100" t="17" w="20" /><ent r="100" t="17" w="20" /><ent r="100" t="17" w="23" /><ent r="100" t="17" w="23" /><ent r="3" t="17" w="84" /><ent r="3" t="17" w="126" /><ent r="3" t="17" w="126" /><ent r="3" t="17" w="522" /><ent r="3" t="17" w="522" /><ent r="3" t="17" w="791" /><ent r="3" t="17" w="791" /><ent r="65" t="19" w="308" /><ent r="65" t="19" w="308" /><ent r="64" t="23" w="112" /><ent r="64" t="23" w="112" /><ent r="4" t="34" w="196" /><ent r="4" t="34" w="196" /><ent r="3" t="34" w="617" /><ent r="3" t="34" w="617" /><ent r="64" t="44" w="209" /><ent r="64" t="44" w="209" /></phr><phr n="Migrating"><ent r="1000" t="17" w="1" /><ent r="1000" t="17" w="1" /><ent r="102" t="17" w="7" /><ent r="102" t="17" w="7" /><ent r="100" t="17" w="13" /><ent r="100" t="17" w="13" /><ent r="3" t="17" w="48" /><ent r="3" t="17" w="48" /><ent r="4" t="34" w="167" /><ent r="4" t="34" w="167" /><ent r="4" t="34" w="187" /><ent r="4" t="34" w="187" /><ent r="65" t="34" w="241" /><ent r="65" t="34" w="241" /></phr></stem><stem n="igratin"><phr n="migrating"><ent r="64" t="3" w="143" /><ent r="64" t="3" w="143" /><ent r="64" t="9" w="89" /><ent r="64" t="9" w="89" /><ent r="64" t="13" w="188" /><ent r="64" t="13" w="188" /><ent r="100" t="17" w="20" /><ent r="100" t="17" w="20" /><ent r="100" t="17" w="23" /><ent r="100" t="17" w="23" /><ent r="3" t="17" w="84" /><ent r="3" t="17" w="126" /><ent r="3" t="17" w="126" /><ent r="3" t="17" w="522" /><ent r="3" t="17" w="522" /><ent r="3" t="17" w="791" /><ent r="3" t="17" w="791" /><ent r="65" t="19" w="308" /><ent r="65" t="19" w="308" /><ent r="64" t="23" w="112" /><ent r="64" t="23" w="112" /><ent r="4" t="34" w="196" /><ent r="4" t="34" w="196" /><ent r="3" t="34" w="617" /><ent r="3" t="34" w="617" /><ent r="64" t="44" w="209" /><ent r="64" t="44" w="209" /></phr><phr n="Migrating"><ent r="1000" t="17" w="1" /><ent r="1000" t="17" w="1" /><ent r="102" t="17" w="7" /><ent r="102" t="17" w="7" /><ent r="100" t="17" w="13" /><ent r="100" t="17" w="13" /><ent r="3" t="17" w="48" /><ent r="3" t="17" w="48" /><ent r="4" t="34" w="167" /><ent r="4" t="34" w="167" /><ent r="4" t="34" w="187" /><ent r="4" t="34" w="187" /><ent r="65" t="34" w="241" /><ent r="65" t="34" w="241" /></phr></stem><stem n="grating"><phr n="migrating"><ent r="64" t="3" w="143" /><ent r="64" t="3" w="143" /><ent r="64" t="9" w="89" /><ent r="64" t="9" w="89" /><ent r="64" t="13" w="188" /><ent r="64" t="13" w="188" /><ent r="100" t="17" w="20" /><ent r="100" t="17" w="20" /><ent r="100" t="17" w="23" /><ent r="100" t="17" w="23" /><ent r="3" t="17" w="84" /><ent r="3" t="17" w="126" /><ent r="3" t="17" w="126" /><ent r="3" t="17" w="522" /><ent r="3" t="17" w="522" /><ent r="3" t="17" w="791" /><ent r="3" t="17" w="791" /><ent r="65" t="19" w="308" /><ent r="65" t="19" w="308" /><ent r="64" t="23" w="112" /><ent r="64" t="23" w="112" /><ent r="4" t="34" w="196" /><ent r="4" t="34" w="196" /><ent r="3" t="34" w="617" /><ent r="3" t="34" w="617" /><ent r="64" t="44" w="209" /><ent r="64" t="44" w="209" /></phr><phr n="Migrating"><ent r="1000" t="17" w="1" /><ent r="1000" t="17" w="1" /><ent r="102" t="17" w="7" /><ent r="102" t="17" w="7" /><ent r="100" t="17" w="13" /><ent r="100" t="17" w="13" /><ent r="3" t="17" w="48" /><ent r="3" t="17" w="48" /><ent r="4" t="34" w="167" /><ent r="4" t="34" w="167" /><ent r="4" t="34" w="187" /><ent r="4" t="34" w="187" /><ent r="65" t="34" w="241" /><ent r="65" t="34" w="241" /></phr></stem><stem n="migratin"><phr n="migrating"><ent r="64" t="3" w="143" /><ent r="64" t="3" w="143" /><ent r="64" t="9" w="89" /><ent r="64" t="9" w="89" /><ent r="64" t="13" w="188" /><ent r="64" t="13" w="188" /><ent r="100" t="17" w="20" /><ent r="100" t="17" w="20" /><ent r="100" t="17" w="23" /><ent r="100" t="17" w="23" /><ent r="3" t="17" w="84" /><ent r="3" t="17" w="126" /><ent r="3" t="17" w="126" /><ent r="3" t="17" w="522" /><ent r="3" t="17" w="522" /><ent r="3" t="17" w="791" /><ent r="3" t="17" w="791" /><ent r="65" t="19" w="308" /><ent r="65" t="19" w="308" /><ent r="64" t="23" w="112" /><ent r="64" t="23" w="112" /><ent r="4" t="34" w="196" /><ent r="4" t="34" w="196" /><ent r="3" t="34" w="617" /><ent r="3" t="34" w="617" /><ent r="64" t="44" w="209" /><ent r="64" t="44" w="209" /></phr><phr n="Migrating"><ent r="1000" t="17" w="1" /><ent r="1000" t="17" w="1" /><ent r="102" t="17" w="7" /><ent r="102" t="17" w="7" /><ent r="100" t="17" w="13" /><ent r="100" t="17" w="13" /><ent r="3" t="17" w="48" /><ent r="3" t="17" w="48" /><ent r="4" t="34" w="167" /><ent r="4" t="34" w="167" /><ent r="4" t="34" w="187" /><ent r="4" t="34" w="187" /><ent r="65" t="34" w="241" /><ent r="65" t="34" w="241" /></phr></stem><stem n="igrating"><phr n="migrating"><ent r="64" t="3" w="143" /><ent r="64" t="3" w="143" /><ent r="64" t="9" w="89" /><ent r="64" t="9" w="89" /><ent r="64" t="13" w="188" /><ent r="64" t="13" w="188" /><ent r="100" t="17" w="20" /><ent r="100" t="17" w="20" /><ent r="100" t="17" w="23" /><ent r="100" t="17" w="23" /><ent r="3" t="17" w="84" /><ent r="3" t="17" w="126" /><ent r="3" t="17" w="126" /><ent r="3" t="17" w="522" /><ent r="3" t="17" w="522" /><ent r="3" t="17" w="791" /><ent r="3" t="17" w="791" /><ent r="65" t="19" w="308" /><ent r="65" t="19" w="308" /><ent r="64" t="23" w="112" /><ent r="64" t="23" w="112" /><ent r="4" t="34" w="196" /><ent r="4" t="34" w="196" /><ent r="3" t="34" w="617" /><ent r="3" t="34" w="617" /><ent r="64" t="44" w="209" /><ent r="64" t="44" w="209" /></phr><phr n="Migrating"><ent r="1000" t="17" w="1" /><ent r="1000" t="17" w="1" /><ent r="102" t="17" w="7" /><ent r="102" t="17" w="7" /><ent r="100" t="17" w="13" /><ent r="100" t="17" w="13" /><ent r="3" t="17" w="48" /><ent r="3" t="17" w="48" /><ent r="4" t="34" w="167" /><ent r="4" t="34" w="167" /><ent r="4" t="34" w="187" /><ent r="4" t="34" w="187" /><ent r="65" t="34" w="241" /><ent r="65" t="34" w="241" /></phr></stem><stem n="migrating"><phr n="migrating"><ent r="64" t="3" w="143" /><ent r="64" t="3" w="143" /><ent r="64" t="9" w="89" /><ent r="64" t="9" w="89" /><ent r="64" t="13" w="188" /><ent r="64" t="13" w="188" /><ent r="100" t="17" w="20" /><ent r="100" t="17" w="20" /><ent r="100" t="17" w="23" /><ent r="100" t="17" w="23" /><ent r="3" t="17" w="84" /><ent r="3" t="17" w="126" /><ent r="3" t="17" w="126" /><ent r="3" t="17" w="522" /><ent r="3" t="17" w="522" /><ent r="3" t="17" w="791" /><ent r="3" t="17" w="791" /><ent r="65" t="19" w="308" /><ent r="65" t="19" w="308" /><ent r="64" t="23" w="112" /><ent r="64" t="23" w="112" /><ent r="4" t="34" w="196" /><ent r="4" t="34" w="196" /><ent r="3" t="34" w="617" /><ent r="3" t="34" w="617" /><ent r="64" t="44" w="209" /><ent r="64" t="44" w="209" /></phr><phr n="Migrating"><ent r="1000" t="17" w="1" /><ent r="1000" t="17" w="1" /><ent r="102" t="17" w="7" /><ent r="102" t="17" w="7" /><ent r="100" t="17" w="13" /><ent r="100" t="17" w="13" /><ent r="3" t="17" w="48" /><ent r="3" t="17" w="48" /><ent r="4" t="34" w="167" /><ent r="4" t="34" w="167" /><ent r="4" t="34" w="187" /><ent r="4" t="34" w="187" /><ent r="65" t="34" w="241" /><ent r="65" t="34" w="241" /></phr></stem><stem n="administr"><phr n="Administrator"><ent r="3" t="3" w="154" /><ent r="3" t="3" w="154" /><ent r="6" t="3" w="1016" /><ent r="6" t="3" w="1016" /><ent r="3" t="6" w="237" /><ent r="3" t="10" w="61" /><ent r="3" t="11" w="39" /><ent r="3" t="13" w="93" /><ent r="3" t="15" w="86" /><ent r="3" t="19" w="19" /><ent r="5" t="19" w="279" /><ent r="5" t="19" w="279" /><ent r="4" t="19" w="333" /><ent r="4" t="19" w="333" /><ent r="3" t="20" w="25" /><ent r="3" t="21" w="29" /><ent r="4" t="22" w="36" /><ent r="4" t="22" w="36" /><ent r="3" t="23" w="34" /><ent r="3" t="23" w="60" /><ent r="3" t="23" w="60" /><ent r="3" t="24" w="53" /><ent r="3" t="25" w="17" /><ent r="3" t="25" w="17" /><ent r="3" t="25" w="42" /><ent r="3" t="31" w="194" /><ent r="3" t="32" w="62" /><ent r="3" t="34" w="109" /><ent r="3" t="35" w="41" /><ent r="3" t="36" w="1483" /><ent r="3" t="36" w="1483" /><ent r="3" t="38" w="44" /><ent r="3" t="39" w="75" /><ent r="3" t="43" w="27" /><ent r="3" t="44" w="24" /><ent r="5" t="44" w="89" /><ent r="4" t="44" w="159" /><ent r="4" t="44" w="159" /><ent r="6" t="44" w="265" /><ent r="6" t="44" w="493" /><ent r="6" t="44" w="493" /></phr><phr n="administrative"><ent r="6" t="3" w="1006" /><ent r="6" t="3" w="1006" /><ent r="6" t="3" w="1044" /><ent r="6" t="3" w="1044" /><ent r="4" t="6" w="46" /><ent r="4" t="6" w="46" /><ent r="4" t="7" w="208" /><ent r="4" t="7" w="208" /><ent r="4" t="7" w="243" /><ent r="4" t="7" w="243" /><ent r="4" t="11" w="299" /><ent r="4" t="11" w="299" /><ent r="6" t="44" w="499" /></phr><phr n="administrator"><ent r="7" t="3" w="1099" /><ent r="7" t="3" w="1099" /><ent r="4" t="7" w="197" /><ent r="4" t="7" w="197" /><ent r="3" t="8" w="50" /><ent r="3" t="8" w="50" /><ent r="4" t="12" w="327" /><ent r="4" t="12" w="327" /><ent r="3" t="14" w="191" /><ent r="3" t="14" w="191" /><ent r="9" t="16" w="376" /><ent r="9" t="16" w="376" /><ent r="3" t="27" w="856" /><ent r="3" t="34" w="131" /><ent r="3" t="34" w="131" /><ent r="3" t="34" w="854" /><ent r="3" t="34" w="854" /><ent r="3" t="36" w="1493" /><ent r="6" t="41" w="92" /><ent r="6" t="41" w="92" /><ent r="6" t="44" w="269" /><ent r="6" t="44" w="269" /></phr><phr n="Administrative"><ent r="7" t="3" w="1157" /><ent r="7" t="3" w="1157" /><ent r="5" t="4" w="160" /><ent r="7" t="4" w="302" /><ent r="7" t="4" w="302" /><ent r="5" t="11" w="285" /><ent r="5" t="11" w="285" /><ent r="8" t="32" w="474" /><ent r="8" t="32" w="474" /><ent r="8" t="38" w="218" /></phr><phr n="Administrators"><ent r="3" t="22" w="85" /><ent r="3" t="22" w="85" /><ent r="4" t="40" w="67" /><ent r="4" t="40" w="67" /><ent r="4" t="40" w="74" /><ent r="4" t="40" w="74" /><ent r="4" t="44" w="115" /><ent r="4" t="44" w="115" /><ent r="6" t="44" w="482" /></phr><phr n="Non-administrator"><ent r="3" t="36" w="1492" /><ent r="3" t="36" w="1492" /></phr><phr n="administrators"><ent r="3" t="42" w="41" /><ent r="4" t="44" w="173" /><ent r="4" t="44" w="173" /><ent r="4" t="44" w="184" /><ent r="4" t="44" w="184" /></phr><phr n="non-administrative"><ent r="6" t="44" w="498" /><ent r="6" t="44" w="498" /></phr></stem></index>