<?xml version="1.0" encoding="utf-8"?><index><stem n="igra"><phr n="migrate"><ent r="4" t="2" w="91" /><ent r="4" t="2" w="91" /><ent r="3" t="17" w="32" /><ent r="4" t="17" w="200" /><ent r="4" t="17" w="200" /><ent r="3" t="17" w="251" /><ent r="3" t="17" w="251" /><ent r="5" t="17" w="342" /><ent r="5" t="17" w="342" /><ent r="4" t="17" w="378" /><ent r="4" t="17" w="378" /><ent r="3" t="17" w="396" /><ent r="3" t="17" w="396" /><ent r="3" t="17" w="485" /><ent r="3" t="17" w="485" /><ent r="5" t="34" w="1373" /><ent r="5" t="34" w="1373" /><ent r="4" t="34" w="1400" /><ent r="4" t="34" w="1400" /><ent r="4" t="34" w="1668" /><ent r="4" t="34" w="1668" /></phr><phr n="migrations"><ent r="4" t="2" w="104" /><ent r="3" t="17" w="841" /><ent r="3" t="17" w="841" /><ent r="100" t="18" w="14" /><ent r="100" t="18" w="14" /><ent r="64" t="18" w="30" /><ent r="64" t="18" w="30" /><ent r="4" t="18" w="66" /><ent r="4" t="18" w="94" /><ent r="4" t="18" w="94" /><ent r="4" t="18" w="107" /><ent r="3" t="34" w="1212" /><ent r="3" t="34" w="1212" /><ent r="4" t="34" w="1222" /><ent r="4" t="34" w="1222" /><ent r="3" t="35" w="48" /><ent r="3" t="35" w="57" /><ent r="6" t="35" w="80" /><ent r="6" t="35" w="80" /><ent r="6" t="35" w="341" /></phr><phr n="Migration"><ent r="65" t="3" w="76" /><ent r="65" t="3" w="76" /><ent r="64" t="17" w="87" /><ent r="64" t="17" w="87" /><ent r="3" t="17" w="106" /><ent r="3" t="17" w="106" /><ent r="3" t="17" w="166" /><ent r="3" t="17" w="166" /><ent r="65" t="17" w="207" /><ent r="65" t="17" w="207" /><ent r="5" t="17" w="236" /><ent r="5" t="17" w="236" /><ent r="65" t="17" w="242" /><ent r="65" t="17" w="242" /><ent r="3" t="17" w="704" /><ent r="3" t="17" w="704" /><ent r="65" t="17" w="750" /><ent r="65" t="17" w="750" /><ent r="92" t="17" w="830" /><ent r="92" t="17" w="830" /><ent r="1000" t="18" w="2" /><ent r="1000" t="18" w="2" /><ent r="100" t="18" w="6" /><ent r="100" t="18" w="6" /><ent r="100" t="18" w="9" /><ent r="100" t="18" w="9" /><ent r="102" t="18" w="17" /><ent r="102" t="18" w="17" /><ent r="4" t="18" w="54" /><ent r="4" t="18" w="54" /><ent r="4" t="18" w="119" /><ent r="4" t="18" w="119" /><ent r="126" t="33" w="56" /><ent r="126" t="33" w="56" /><ent r="1000" t="34" w="1" /><ent r="1000" t="34" w="1" /><ent r="100" t="34" w="4" /><ent r="100" t="34" w="4" /><ent r="102" t="34" w="9" /><ent r="102" t="34" w="9" /><ent r="3" t="34" w="22" /><ent r="3" t="34" w="22" /><ent r="3" t="34" w="93" /><ent r="3" t="34" w="93" /><ent r="4" t="34" w="237" /><ent r="4" t="34" w="237" /><ent r="100" t="34" w="388" /><ent r="100" t="34" w="388" /><ent r="3" t="34" w="592" /><ent r="3" t="34" w="592" /><ent r="100" t="34" w="608" /><ent r="100" t="34" w="608" /><ent r="92" t="34" w="613" /><ent r="92" t="34" w="613" /><ent r="82" t="34" w="1048" /><ent r="82" t="34" w="1048" /><ent r="4" t="34" w="1109" /><ent r="4" t="34" w="1109" /><ent r="4" t="34" w="1135" /><ent r="4" t="34" w="1135" /><ent r="92" t="34" w="1157" /><ent r="92" t="34" w="1157" /><ent r="3" t="34" w="1172" /><ent r="3" t="34" w="1172" /><ent r="82" t="34" w="1176" /><ent r="82" t="34" w="1176" /><ent r="4" t="34" w="1200" /><ent r="4" t="34" w="1200" /><ent r="4" t="34" w="1262" /><ent r="4" t="34" w="1262" /><ent r="100" t="35" w="7" /><ent r="100" t="35" w="7" /><ent r="64" t="35" w="64" /><ent r="64" t="35" w="64" /><ent r="6" t="35" w="162" /><ent r="67" t="35" w="167" /><ent r="67" t="35" w="167" /><ent r="7" t="35" w="504" /><ent r="7" t="35" w="504" /></phr><phr n="migrating"><ent r="64" t="3" w="143" /><ent r="64" t="3" w="143" /><ent r="64" t="9" w="89" /><ent r="64" t="9" w="89" /><ent r="64" t="13" w="188" /><ent r="64" t="13" w="188" /><ent r="100" t="17" w="20" /><ent r="100" t="17" w="20" /><ent r="100" t="17" w="23" /><ent r="100" t="17" w="23" /><ent r="3" t="17" w="84" /><ent r="3" t="17" w="126" /><ent r="3" t="17" w="126" /><ent r="3" t="17" w="524" /><ent r="3" t="17" w="524" /><ent r="3" t="17" w="793" /><ent r="3" t="17" w="793" /><ent r="65" t="19" w="308" /><ent r="65" t="19" w="308" /><ent r="64" t="23" w="112" /><ent r="64" t="23" w="112" /><ent r="4" t="34" w="196" /><ent r="4" t="34" w="196" /><ent r="3" t="34" w="621" /><ent r="3" t="34" w="621" /><ent r="64" t="44" w="209" /><ent r="64" t="44" w="209" /></phr><phr n="migration"><ent r="3" t="3" w="311" /><ent r="3" t="3" w="311" /><ent r="6" t="3" w="557" /><ent r="6" t="3" w="625" /><ent r="6" t="3" w="625" /><ent r="3" t="17" w="101" /><ent r="3" t="17" w="101" /><ent r="4" t="17" w="218" /><ent r="4" t="17" w="218" /><ent r="4" t="17" w="338" /><ent r="4" t="17" w="359" /><ent r="4" t="17" w="359" /><ent r="3" t="17" w="641" /><ent r="3" t="17" w="641" /><ent r="4" t="17" w="649" /><ent r="4" t="17" w="651" /><ent r="4" t="17" w="651" /><ent r="4" t="17" w="658" /><ent r="4" t="17" w="658" /><ent r="4" t="17" w="725" /><ent r="4" t="17" w="734" /><ent r="4" t="17" w="734" /><ent r="4" t="17" w="745" /><ent r="4" t="17" w="745" /><ent r="4" t="17" w="787" /><ent r="3" t="17" w="799" /><ent r="3" t="17" w="799" /><ent r="3" t="17" w="805" /><ent r="3" t="17" w="805" /><ent r="4" t="18" w="49" /><ent r="4" t="18" w="49" /><ent r="4" t="18" w="110" /><ent r="4" t="18" w="110" /><ent r="3" t="18" w="126" /><ent r="3" t="18" w="126" /><ent r="3" t="18" w="139" /><ent r="3" t="18" w="152" /><ent r="3" t="18" w="152" /><ent r="4" t="18" w="171" /><ent r="4" t="18" w="171" /><ent r="4" t="18" w="192" /><ent r="4" t="18" w="192" /><ent r="3" t="18" w="197" /><ent r="3" t="18" w="197" /><ent r="4" t="18" w="229" /><ent r="4" t="18" w="229" /><ent r="3" t="32" w="103" /><ent r="3" t="32" w="103" /><ent r="3" t="32" w="106" /><ent r="3" t="32" w="106" /><ent r="6" t="32" w="593" /><ent r="6" t="32" w="593" /><ent r="3" t="34" w="77" /><ent r="3" t="34" w="121" /><ent r="3" t="34" w="121" /><ent r="3" t="34" w="163" /><ent r="3" t="34" w="163" /><ent r="4" t="34" w="224" /><ent r="4" t="34" w="224" /><ent r="3" t="34" w="436" /><ent r="3" t="34" w="436" /><ent r="3" t="34" w="637" /><ent r="3" t="34" w="896" /><ent r="3" t="34" w="937" /><ent r="3" t="34" w="937" /><ent r="3" t="34" w="983" /><ent r="3" t="34" w="983" /><ent r="3" t="34" w="1058" /><ent r="4" t="34" w="1064" /><ent r="4" t="34" w="1064" /><ent r="4" t="34" w="1127" /><ent r="4" t="34" w="1127" /><ent r="3" t="34" w="1187" /><ent r="3" t="34" w="1205" /><ent r="3" t="34" w="1205" /><ent r="4" t="34" w="1242" /><ent r="4" t="34" w="1242" /><ent r="4" t="34" w="1256" /><ent r="4" t="34" w="1256" /><ent r="4" t="34" w="1395" /><ent r="4" t="34" w="1409" /><ent r="4" t="34" w="1409" /><ent r="4" t="34" w="1485" /><ent r="4" t="34" w="1503" /><ent r="3" t="34" w="1637" /><ent r="3" t="34" w="1637" /><ent r="4" t="34" w="1760" /><ent r="4" t="34" w="1760" /><ent r="4" t="34" w="1879" /><ent r="3" t="34" w="1994" /><ent r="3" t="34" w="1994" /><ent r="4" t="34" w="2081" /><ent r="4" t="34" w="2081" /><ent r="64" t="35" w="24" /><ent r="64" t="35" w="24" /><ent r="3" t="35" w="31" /><ent r="3" t="35" w="31" /><ent r="6" t="35" w="132" /><ent r="6" t="35" w="132" /><ent r="6" t="35" w="149" /><ent r="6" t="35" w="179" /><ent r="6" t="35" w="179" /><ent r="6" t="35" w="201" /><ent r="6" t="35" w="213" /><ent r="6" t="35" w="242" /><ent r="6" t="35" w="242" /><ent r="7" t="35" w="291" /><ent r="7" t="35" w="291" /><ent r="6" t="35" w="362" /><ent r="6" t="35" w="362" /><ent r="6" t="35" w="368" /><ent r="6" t="35" w="368" /><ent r="6" t="35" w="411" /><ent r="6" t="35" w="411" /><ent r="7" t="35" w="451" /><ent r="6" t="35" w="512" /></phr><phr n="Migrating"><ent r="1000" t="17" w="1" /><ent r="1000" t="17" w="1" /><ent r="102" t="17" w="7" /><ent r="102" t="17" w="7" /><ent r="100" t="17" w="13" /><ent r="100" t="17" w="13" /><ent r="3" t="17" w="48" /><ent r="3" t="17" w="48" /><ent r="4" t="34" w="167" /><ent r="4" t="34" w="167" /><ent r="4" t="34" w="187" /><ent r="4" t="34" w="187" /><ent r="65" t="34" w="241" /><ent r="65" t="34" w="241" /></phr><phr n="migrated"><ent r="3" t="17" w="178" /><ent r="3" t="17" w="178" /><ent r="3" t="34" w="59" /><ent r="3" t="34" w="59" /><ent r="3" t="34" w="251" /><ent r="3" t="34" w="251" /><ent r="3" t="34" w="300" /><ent r="3" t="34" w="646" /><ent r="3" t="34" w="675" /><ent r="3" t="34" w="675" /><ent r="3" t="34" w="680" /><ent r="3" t="34" w="746" /><ent r="3" t="34" w="746" /><ent r="3" t="34" w="832" /><ent r="3" t="34" w="832" /><ent r="4" t="34" w="990" /><ent r="4" t="34" w="1013" /><ent r="4" t="34" w="1022" /><ent r="4" t="34" w="1044" /><ent r="4" t="34" w="1094" /><ent r="4" t="34" w="1094" /><ent r="3" t="34" w="1352" /><ent r="4" t="34" w="1674" /><ent r="6" t="35" w="227" /><ent r="6" t="35" w="227" /><ent r="6" t="35" w="322" /><ent r="6" t="35" w="322" /></phr><phr n="Migrate"><ent r="65" t="17" w="388" /><ent r="65" t="17" w="551" /><ent r="82" t="34" w="1326" /><ent r="3" t="34" w="1332" /><ent r="3" t="34" w="1814" /></phr><phr n="Migrations"><ent r="3" t="34" w="1179" /><ent r="3" t="34" w="1179" /><ent r="6" t="35" w="150" /><ent r="6" t="35" w="150" /></phr></stem><stem n="grat"><phr n="migrate"><ent r="4" t="2" w="91" /><ent r="4" t="2" w="91" /><ent r="3" t="17" w="32" /><ent r="4" t="17" w="200" /><ent r="4" t="17" w="200" /><ent r="3" t="17" w="251" /><ent r="3" t="17" w="251" /><ent r="5" t="17" w="342" /><ent r="5" t="17" w="342" /><ent r="4" t="17" w="378" /><ent r="4" t="17" w="378" /><ent r="3" t="17" w="396" /><ent r="3" t="17" w="396" /><ent r="3" t="17" w="485" /><ent r="3" t="17" w="485" /><ent r="5" t="34" w="1373" /><ent r="5" t="34" w="1373" /><ent r="4" t="34" w="1400" /><ent r="4" t="34" w="1400" /><ent r="4" t="34" w="1668" /><ent r="4" t="34" w="1668" /></phr><phr n="migrations"><ent r="4" t="2" w="104" /><ent r="3" t="17" w="841" /><ent r="3" t="17" w="841" /><ent r="100" t="18" w="14" /><ent r="100" t="18" w="14" /><ent r="64" t="18" w="30" /><ent r="64" t="18" w="30" /><ent r="4" t="18" w="66" /><ent r="4" t="18" w="94" /><ent r="4" t="18" w="94" /><ent r="4" t="18" w="107" /><ent r="3" t="34" w="1212" /><ent r="3" t="34" w="1212" /><ent r="4" t="34" w="1222" /><ent r="4" t="34" w="1222" /><ent r="3" t="35" w="48" /><ent r="3" t="35" w="57" /><ent r="6" t="35" w="80" /><ent r="6" t="35" w="80" /><ent r="6" t="35" w="341" /></phr><phr n="Migration"><ent r="65" t="3" w="76" /><ent r="65" t="3" w="76" /><ent r="64" t="17" w="87" /><ent r="64" t="17" w="87" /><ent r="3" t="17" w="106" /><ent r="3" t="17" w="106" /><ent r="3" t="17" w="166" /><ent r="3" t="17" w="166" /><ent r="65" t="17" w="207" /><ent r="65" t="17" w="207" /><ent r="5" t="17" w="236" /><ent r="5" t="17" w="236" /><ent r="65" t="17" w="242" /><ent r="65" t="17" w="242" /><ent r="3" t="17" w="704" /><ent r="3" t="17" w="704" /><ent r="65" t="17" w="750" /><ent r="65" t="17" w="750" /><ent r="92" t="17" w="830" /><ent r="92" t="17" w="830" /><ent r="1000" t="18" w="2" /><ent r="1000" t="18" w="2" /><ent r="100" t="18" w="6" /><ent r="100" t="18" w="6" /><ent r="100" t="18" w="9" /><ent r="100" t="18" w="9" /><ent r="102" t="18" w="17" /><ent r="102" t="18" w="17" /><ent r="4" t="18" w="54" /><ent r="4" t="18" w="54" /><ent r="4" t="18" w="119" /><ent r="4" t="18" w="119" /><ent r="126" t="33" w="56" /><ent r="126" t="33" w="56" /><ent r="1000" t="34" w="1" /><ent r="1000" t="34" w="1" /><ent r="100" t="34" w="4" /><ent r="100" t="34" w="4" /><ent r="102" t="34" w="9" /><ent r="102" t="34" w="9" /><ent r="3" t="34" w="22" /><ent r="3" t="34" w="22" /><ent r="3" t="34" w="93" /><ent r="3" t="34" w="93" /><ent r="4" t="34" w="237" /><ent r="4" t="34" w="237" /><ent r="100" t="34" w="388" /><ent r="100" t="34" w="388" /><ent r="3" t="34" w="592" /><ent r="3" t="34" w="592" /><ent r="100" t="34" w="608" /><ent r="100" t="34" w="608" /><ent r="92" t="34" w="613" /><ent r="92" t="34" w="613" /><ent r="82" t="34" w="1048" /><ent r="82" t="34" w="1048" /><ent r="4" t="34" w="1109" /><ent r="4" t="34" w="1109" /><ent r="4" t="34" w="1135" /><ent r="4" t="34" w="1135" /><ent r="92" t="34" w="1157" /><ent r="92" t="34" w="1157" /><ent r="3" t="34" w="1172" /><ent r="3" t="34" w="1172" /><ent r="82" t="34" w="1176" /><ent r="82" t="34" w="1176" /><ent r="4" t="34" w="1200" /><ent r="4" t="34" w="1200" /><ent r="4" t="34" w="1262" /><ent r="4" t="34" w="1262" /><ent r="100" t="35" w="7" /><ent r="100" t="35" w="7" /><ent r="64" t="35" w="64" /><ent r="64" t="35" w="64" /><ent r="6" t="35" w="162" /><ent r="67" t="35" w="167" /><ent r="67" t="35" w="167" /><ent r="7" t="35" w="504" /><ent r="7" t="35" w="504" /></phr><phr n="migrating"><ent r="64" t="3" w="143" /><ent r="64" t="3" w="143" /><ent r="64" t="9" w="89" /><ent r="64" t="9" w="89" /><ent r="64" t="13" w="188" /><ent r="64" t="13" w="188" /><ent r="100" t="17" w="20" /><ent r="100" t="17" w="20" /><ent r="100" t="17" w="23" /><ent r="100" t="17" w="23" /><ent r="3" t="17" w="84" /><ent r="3" t="17" w="126" /><ent r="3" t="17" w="126" /><ent r="3" t="17" w="524" /><ent r="3" t="17" w="524" /><ent r="3" t="17" w="793" /><ent r="3" t="17" w="793" /><ent r="65" t="19" w="308" /><ent r="65" t="19" w="308" /><ent r="64" t="23" w="112" /><ent r="64" t="23" w="112" /><ent r="4" t="34" w="196" /><ent r="4" t="34" w="196" /><ent r="3" t="34" w="621" /><ent r="3" t="34" w="621" /><ent r="64" t="44" w="209" /><ent r="64" t="44" w="209" /></phr><phr n="migration"><ent r="3" t="3" w="311" /><ent r="3" t="3" w="311" /><ent r="6" t="3" w="557" /><ent r="6" t="3" w="625" /><ent r="6" t="3" w="625" /><ent r="3" t="17" w="101" /><ent r="3" t="17" w="101" /><ent r="4" t="17" w="218" /><ent r="4" t="17" w="218" /><ent r="4" t="17" w="338" /><ent r="4" t="17" w="359" /><ent r="4" t="17" w="359" /><ent r="3" t="17" w="641" /><ent r="3" t="17" w="641" /><ent r="4" t="17" w="649" /><ent r="4" t="17" w="651" /><ent r="4" t="17" w="651" /><ent r="4" t="17" w="658" /><ent r="4" t="17" w="658" /><ent r="4" t="17" w="725" /><ent r="4" t="17" w="734" /><ent r="4" t="17" w="734" /><ent r="4" t="17" w="745" /><ent r="4" t="17" w="745" /><ent r="4" t="17" w="787" /><ent r="3" t="17" w="799" /><ent r="3" t="17" w="799" /><ent r="3" t="17" w="805" /><ent r="3" t="17" w="805" /><ent r="4" t="18" w="49" /><ent r="4" t="18" w="49" /><ent r="4" t="18" w="110" /><ent r="4" t="18" w="110" /><ent r="3" t="18" w="126" /><ent r="3" t="18" w="126" /><ent r="3" t="18" w="139" /><ent r="3" t="18" w="152" /><ent r="3" t="18" w="152" /><ent r="4" t="18" w="171" /><ent r="4" t="18" w="171" /><ent r="4" t="18" w="192" /><ent r="4" t="18" w="192" /><ent r="3" t="18" w="197" /><ent r="3" t="18" w="197" /><ent r="4" t="18" w="229" /><ent r="4" t="18" w="229" /><ent r="3" t="32" w="103" /><ent r="3" t="32" w="103" /><ent r="3" t="32" w="106" /><ent r="3" t="32" w="106" /><ent r="6" t="32" w="593" /><ent r="6" t="32" w="593" /><ent r="3" t="34" w="77" /><ent r="3" t="34" w="121" /><ent r="3" t="34" w="121" /><ent r="3" t="34" w="163" /><ent r="3" t="34" w="163" /><ent r="4" t="34" w="224" /><ent r="4" t="34" w="224" /><ent r="3" t="34" w="436" /><ent r="3" t="34" w="436" /><ent r="3" t="34" w="637" /><ent r="3" t="34" w="896" /><ent r="3" t="34" w="937" /><ent r="3" t="34" w="937" /><ent r="3" t="34" w="983" /><ent r="3" t="34" w="983" /><ent r="3" t="34" w="1058" /><ent r="4" t="34" w="1064" /><ent r="4" t="34" w="1064" /><ent r="4" t="34" w="1127" /><ent r="4" t="34" w="1127" /><ent r="3" t="34" w="1187" /><ent r="3" t="34" w="1205" /><ent r="3" t="34" w="1205" /><ent r="4" t="34" w="1242" /><ent r="4" t="34" w="1242" /><ent r="4" t="34" w="1256" /><ent r="4" t="34" w="1256" /><ent r="4" t="34" w="1395" /><ent r="4" t="34" w="1409" /><ent r="4" t="34" w="1409" /><ent r="4" t="34" w="1485" /><ent r="4" t="34" w="1503" /><ent r="3" t="34" w="1637" /><ent r="3" t="34" w="1637" /><ent r="4" t="34" w="1760" /><ent r="4" t="34" w="1760" /><ent r="4" t="34" w="1879" /><ent r="3" t="34" w="1994" /><ent r="3" t="34" w="1994" /><ent r="4" t="34" w="2081" /><ent r="4" t="34" w="2081" /><ent r="64" t="35" w="24" /><ent r="64" t="35" w="24" /><ent r="3" t="35" w="31" /><ent r="3" t="35" w="31" /><ent r="6" t="35" w="132" /><ent r="6" t="35" w="132" /><ent r="6" t="35" w="149" /><ent r="6" t="35" w="179" /><ent r="6" t="35" w="179" /><ent r="6" t="35" w="201" /><ent r="6" t="35" w="213" /><ent r="6" t="35" w="242" /><ent r="6" t="35" w="242" /><ent r="7" t="35" w="291" /><ent r="7" t="35" w="291" /><ent r="6" t="35" w="362" /><ent r="6" t="35" w="362" /><ent r="6" t="35" w="368" /><ent r="6" t="35" w="368" /><ent r="6" t="35" w="411" /><ent r="6" t="35" w="411" /><ent r="7" t="35" w="451" /><ent r="6" t="35" w="512" /></phr><phr n="Migrating"><ent r="1000" t="17" w="1" /><ent r="1000" t="17" w="1" /><ent r="102" t="17" w="7" /><ent r="102" t="17" w="7" /><ent r="100" t="17" w="13" /><ent r="100" t="17" w="13" /><ent r="3" t="17" w="48" /><ent r="3" t="17" w="48" /><ent r="4" t="34" w="167" /><ent r="4" t="34" w="167" /><ent r="4" t="34" w="187" /><ent r="4" t="34" w="187" /><ent r="65" t="34" w="241" /><ent r="65" t="34" w="241" /></phr><phr n="migrated"><ent r="3" t="17" w="178" /><ent r="3" t="17" w="178" /><ent r="3" t="34" w="59" /><ent r="3" t="34" w="59" /><ent r="3" t="34" w="251" /><ent r="3" t="34" w="251" /><ent r="3" t="34" w="300" /><ent r="3" t="34" w="646" /><ent r="3" t="34" w="675" /><ent r="3" t="34" w="675" /><ent r="3" t="34" w="680" /><ent r="3" t="34" w="746" /><ent r="3" t="34" w="746" /><ent r="3" t="34" w="832" /><ent r="3" t="34" w="832" /><ent r="4" t="34" w="990" /><ent r="4" t="34" w="1013" /><ent r="4" t="34" w="1022" /><ent r="4" t="34" w="1044" /><ent r="4" t="34" w="1094" /><ent r="4" t="34" w="1094" /><ent r="3" t="34" w="1352" /><ent r="4" t="34" w="1674" /><ent r="6" t="35" w="227" /><ent r="6" t="35" w="227" /><ent r="6" t="35" w="322" /><ent r="6" t="35" w="322" /></phr><phr n="Migrate"><ent r="65" t="17" w="388" /><ent r="65" t="17" w="551" /><ent r="82" t="34" w="1326" /><ent r="3" t="34" w="1332" /><ent r="3" t="34" w="1814" /></phr><phr n="Migrations"><ent r="3" t="34" w="1179" /><ent r="3" t="34" w="1179" /><ent r="6" t="35" w="150" /><ent r="6" t="35" w="150" /></phr></stem><stem n="migra"><phr n="migrate"><ent r="4" t="2" w="91" /><ent r="4" t="2" w="91" /><ent r="3" t="17" w="32" /><ent r="4" t="17" w="200" /><ent r="4" t="17" w="200" /><ent r="3" t="17" w="251" /><ent r="3" t="17" w="251" /><ent r="5" t="17" w="342" /><ent r="5" t="17" w="342" /><ent r="4" t="17" w="378" /><ent r="4" t="17" w="378" /><ent r="3" t="17" w="396" /><ent r="3" t="17" w="396" /><ent r="3" t="17" w="485" /><ent r="3" t="17" w="485" /><ent r="5" t="34" w="1373" /><ent r="5" t="34" w="1373" /><ent r="4" t="34" w="1400" /><ent r="4" t="34" w="1400" /><ent r="4" t="34" w="1668" /><ent r="4" t="34" w="1668" /></phr><phr n="migrations"><ent r="4" t="2" w="104" /><ent r="3" t="17" w="841" /><ent r="3" t="17" w="841" /><ent r="100" t="18" w="14" /><ent r="100" t="18" w="14" /><ent r="64" t="18" w="30" /><ent r="64" t="18" w="30" /><ent r="4" t="18" w="66" /><ent r="4" t="18" w="94" /><ent r="4" t="18" w="94" /><ent r="4" t="18" w="107" /><ent r="3" t="34" w="1212" /><ent r="3" t="34" w="1212" /><ent r="4" t="34" w="1222" /><ent r="4" t="34" w="1222" /><ent r="3" t="35" w="48" /><ent r="3" t="35" w="57" /><ent r="6" t="35" w="80" /><ent r="6" t="35" w="80" /><ent r="6" t="35" w="341" /></phr><phr n="Migration"><ent r="65" t="3" w="76" /><ent r="65" t="3" w="76" /><ent r="64" t="17" w="87" /><ent r="64" t="17" w="87" /><ent r="3" t="17" w="106" /><ent r="3" t="17" w="106" /><ent r="3" t="17" w="166" /><ent r="3" t="17" w="166" /><ent r="65" t="17" w="207" /><ent r="65" t="17" w="207" /><ent r="5" t="17" w="236" /><ent r="5" t="17" w="236" /><ent r="65" t="17" w="242" /><ent r="65" t="17" w="242" /><ent r="3" t="17" w="704" /><ent r="3" t="17" w="704" /><ent r="65" t="17" w="750" /><ent r="65" t="17" w="750" /><ent r="92" t="17" w="830" /><ent r="92" t="17" w="830" /><ent r="1000" t="18" w="2" /><ent r="1000" t="18" w="2" /><ent r="100" t="18" w="6" /><ent r="100" t="18" w="6" /><ent r="100" t="18" w="9" /><ent r="100" t="18" w="9" /><ent r="102" t="18" w="17" /><ent r="102" t="18" w="17" /><ent r="4" t="18" w="54" /><ent r="4" t="18" w="54" /><ent r="4" t="18" w="119" /><ent r="4" t="18" w="119" /><ent r="126" t="33" w="56" /><ent r="126" t="33" w="56" /><ent r="1000" t="34" w="1" /><ent r="1000" t="34" w="1" /><ent r="100" t="34" w="4" /><ent r="100" t="34" w="4" /><ent r="102" t="34" w="9" /><ent r="102" t="34" w="9" /><ent r="3" t="34" w="22" /><ent r="3" t="34" w="22" /><ent r="3" t="34" w="93" /><ent r="3" t="34" w="93" /><ent r="4" t="34" w="237" /><ent r="4" t="34" w="237" /><ent r="100" t="34" w="388" /><ent r="100" t="34" w="388" /><ent r="3" t="34" w="592" /><ent r="3" t="34" w="592" /><ent r="100" t="34" w="608" /><ent r="100" t="34" w="608" /><ent r="92" t="34" w="613" /><ent r="92" t="34" w="613" /><ent r="82" t="34" w="1048" /><ent r="82" t="34" w="1048" /><ent r="4" t="34" w="1109" /><ent r="4" t="34" w="1109" /><ent r="4" t="34" w="1135" /><ent r="4" t="34" w="1135" /><ent r="92" t="34" w="1157" /><ent r="92" t="34" w="1157" /><ent r="3" t="34" w="1172" /><ent r="3" t="34" w="1172" /><ent r="82" t="34" w="1176" /><ent r="82" t="34" w="1176" /><ent r="4" t="34" w="1200" /><ent r="4" t="34" w="1200" /><ent r="4" t="34" w="1262" /><ent r="4" t="34" w="1262" /><ent r="100" t="35" w="7" /><ent r="100" t="35" w="7" /><ent r="64" t="35" w="64" /><ent r="64" t="35" w="64" /><ent r="6" t="35" w="162" /><ent r="67" t="35" w="167" /><ent r="67" t="35" w="167" /><ent r="7" t="35" w="504" /><ent r="7" t="35" w="504" /></phr><phr n="migrating"><ent r="64" t="3" w="143" /><ent r="64" t="3" w="143" /><ent r="64" t="9" w="89" /><ent r="64" t="9" w="89" /><ent r="64" t="13" w="188" /><ent r="64" t="13" w="188" /><ent r="100" t="17" w="20" /><ent r="100" t="17" w="20" /><ent r="100" t="17" w="23" /><ent r="100" t="17" w="23" /><ent r="3" t="17" w="84" /><ent r="3" t="17" w="126" /><ent r="3" t="17" w="126" /><ent r="3" t="17" w="524" /><ent r="3" t="17" w="524" /><ent r="3" t="17" w="793" /><ent r="3" t="17" w="793" /><ent r="65" t="19" w="308" /><ent r="65" t="19" w="308" /><ent r="64" t="23" w="112" /><ent r="64" t="23" w="112" /><ent r="4" t="34" w="196" /><ent r="4" t="34" w="196" /><ent r="3" t="34" w="621" /><ent r="3" t="34" w="621" /><ent r="64" t="44" w="209" /><ent r="64" t="44" w="209" /></phr><phr n="migration"><ent r="3" t="3" w="311" /><ent r="3" t="3" w="311" /><ent r="6" t="3" w="557" /><ent r="6" t="3" w="625" /><ent r="6" t="3" w="625" /><ent r="3" t="17" w="101" /><ent r="3" t="17" w="101" /><ent r="4" t="17" w="218" /><ent r="4" t="17" w="218" /><ent r="4" t="17" w="338" /><ent r="4" t="17" w="359" /><ent r="4" t="17" w="359" /><ent r="3" t="17" w="641" /><ent r="3" t="17" w="641" /><ent r="4" t="17" w="649" /><ent r="4" t="17" w="651" /><ent r="4" t="17" w="651" /><ent r="4" t="17" w="658" /><ent r="4" t="17" w="658" /><ent r="4" t="17" w="725" /><ent r="4" t="17" w="734" /><ent r="4" t="17" w="734" /><ent r="4" t="17" w="745" /><ent r="4" t="17" w="745" /><ent r="4" t="17" w="787" /><ent r="3" t="17" w="799" /><ent r="3" t="17" w="799" /><ent r="3" t="17" w="805" /><ent r="3" t="17" w="805" /><ent r="4" t="18" w="49" /><ent r="4" t="18" w="49" /><ent r="4" t="18" w="110" /><ent r="4" t="18" w="110" /><ent r="3" t="18" w="126" /><ent r="3" t="18" w="126" /><ent r="3" t="18" w="139" /><ent r="3" t="18" w="152" /><ent r="3" t="18" w="152" /><ent r="4" t="18" w="171" /><ent r="4" t="18" w="171" /><ent r="4" t="18" w="192" /><ent r="4" t="18" w="192" /><ent r="3" t="18" w="197" /><ent r="3" t="18" w="197" /><ent r="4" t="18" w="229" /><ent r="4" t="18" w="229" /><ent r="3" t="32" w="103" /><ent r="3" t="32" w="103" /><ent r="3" t="32" w="106" /><ent r="3" t="32" w="106" /><ent r="6" t="32" w="593" /><ent r="6" t="32" w="593" /><ent r="3" t="34" w="77" /><ent r="3" t="34" w="121" /><ent r="3" t="34" w="121" /><ent r="3" t="34" w="163" /><ent r="3" t="34" w="163" /><ent r="4" t="34" w="224" /><ent r="4" t="34" w="224" /><ent r="3" t="34" w="436" /><ent r="3" t="34" w="436" /><ent r="3" t="34" w="637" /><ent r="3" t="34" w="896" /><ent r="3" t="34" w="937" /><ent r="3" t="34" w="937" /><ent r="3" t="34" w="983" /><ent r="3" t="34" w="983" /><ent r="3" t="34" w="1058" /><ent r="4" t="34" w="1064" /><ent r="4" t="34" w="1064" /><ent r="4" t="34" w="1127" /><ent r="4" t="34" w="1127" /><ent r="3" t="34" w="1187" /><ent r="3" t="34" w="1205" /><ent r="3" t="34" w="1205" /><ent r="4" t="34" w="1242" /><ent r="4" t="34" w="1242" /><ent r="4" t="34" w="1256" /><ent r="4" t="34" w="1256" /><ent r="4" t="34" w="1395" /><ent r="4" t="34" w="1409" /><ent r="4" t="34" w="1409" /><ent r="4" t="34" w="1485" /><ent r="4" t="34" w="1503" /><ent r="3" t="34" w="1637" /><ent r="3" t="34" w="1637" /><ent r="4" t="34" w="1760" /><ent r="4" t="34" w="1760" /><ent r="4" t="34" w="1879" /><ent r="3" t="34" w="1994" /><ent r="3" t="34" w="1994" /><ent r="4" t="34" w="2081" /><ent r="4" t="34" w="2081" /><ent r="64" t="35" w="24" /><ent r="64" t="35" w="24" /><ent r="3" t="35" w="31" /><ent r="3" t="35" w="31" /><ent r="6" t="35" w="132" /><ent r="6" t="35" w="132" /><ent r="6" t="35" w="149" /><ent r="6" t="35" w="179" /><ent r="6" t="35" w="179" /><ent r="6" t="35" w="201" /><ent r="6" t="35" w="213" /><ent r="6" t="35" w="242" /><ent r="6" t="35" w="242" /><ent r="7" t="35" w="291" /><ent r="7" t="35" w="291" /><ent r="6" t="35" w="362" /><ent r="6" t="35" w="362" /><ent r="6" t="35" w="368" /><ent r="6" t="35" w="368" /><ent r="6" t="35" w="411" /><ent r="6" t="35" w="411" /><ent r="7" t="35" w="451" /><ent r="6" t="35" w="512" /></phr><phr n="Migrating"><ent r="1000" t="17" w="1" /><ent r="1000" t="17" w="1" /><ent r="102" t="17" w="7" /><ent r="102" t="17" w="7" /><ent r="100" t="17" w="13" /><ent r="100" t="17" w="13" /><ent r="3" t="17" w="48" /><ent r="3" t="17" w="48" /><ent r="4" t="34" w="167" /><ent r="4" t="34" w="167" /><ent r="4" t="34" w="187" /><ent r="4" t="34" w="187" /><ent r="65" t="34" w="241" /><ent r="65" t="34" w="241" /></phr><phr n="migrated"><ent r="3" t="17" w="178" /><ent r="3" t="17" w="178" /><ent r="3" t="34" w="59" /><ent r="3" t="34" w="59" /><ent r="3" t="34" w="251" /><ent r="3" t="34" w="251" /><ent r="3" t="34" w="300" /><ent r="3" t="34" w="646" /><ent r="3" t="34" w="675" /><ent r="3" t="34" w="675" /><ent r="3" t="34" w="680" /><ent r="3" t="34" w="746" /><ent r="3" t="34" w="746" /><ent r="3" t="34" w="832" /><ent r="3" t="34" w="832" /><ent r="4" t="34" w="990" /><ent r="4" t="34" w="1013" /><ent r="4" t="34" w="1022" /><ent r="4" t="34" w="1044" /><ent r="4" t="34" w="1094" /><ent r="4" t="34" w="1094" /><ent r="3" t="34" w="1352" /><ent r="4" t="34" w="1674" /><ent r="6" t="35" w="227" /><ent r="6" t="35" w="227" /><ent r="6" t="35" w="322" /><ent r="6" t="35" w="322" /></phr><phr n="Migrate"><ent r="65" t="17" w="388" /><ent r="65" t="17" w="551" /><ent r="82" t="34" w="1326" /><ent r="3" t="34" w="1332" /><ent r="3" t="34" w="1814" /></phr><phr n="Migrations"><ent r="3" t="34" w="1179" /><ent r="3" t="34" w="1179" /><ent r="6" t="35" w="150" /><ent r="6" t="35" w="150" /></phr></stem></index>