﻿<?xml version="1.0" encoding="utf-8"?><index><stem n="us"><phr n="using"><ent r="3" t="0" w="56" /><ent r="5" t="1" w="168" /><ent r="3" t="2" w="309" /><ent r="3" t="3" w="33" /><ent r="3" t="5" w="58" /><ent r="3" t="6" w="230" /><ent r="3" t="8" w="95" /><ent r="4" t="9" w="203" /><ent r="4" t="11" w="165" /><ent r="4" t="11" w="292" /><ent r="4" t="11" w="304" /><ent r="7" t="15" w="603" /><ent r="3" t="17" w="148" /><ent r="4" t="17" w="348" /><ent r="3" t="22" w="26" /><ent r="3" t="27" w="565" /><ent r="4" t="31" w="782" /><ent r="6" t="32" w="761" /><ent r="6" t="35" w="432" /><ent r="7" t="36" w="911" /><ent r="6" t="41" w="98" /><ent r="3" t="42" w="357" /><ent r="7" t="45" w="126" /></phr><phr n="Using"><ent r="64" t="0" w="177" /><ent r="1000" t="3" w="1" /><ent r="100" t="3" w="6" /><ent r="102" t="3" w="17" /><ent r="65" t="11" w="148" /><ent r="64" t="32" w="149" /><ent r="64" t="34" w="1290" /></phr><phr n="Used"><ent r="4" t="2" w="68" /><ent r="4" t="2" w="89" /><ent r="4" t="2" w="118" /><ent r="4" t="2" w="139" /><ent r="4" t="2" w="163" /><ent r="4" t="31" w="47" /><ent r="6" t="35" w="259" /><ent r="7" t="36" w="1092" /><ent r="7" t="45" w="53" /><ent r="7" t="45" w="108" /><ent r="7" t="45" w="171" /></phr><phr n="used"><ent r="3" t="2" w="222" /><ent r="3" t="3" w="64" /><ent r="3" t="3" w="104" /><ent r="3" t="3" w="124" /><ent r="4" t="3" w="196" /><ent r="4" t="3" w="211" /><ent r="3" t="3" w="355" /><ent r="3" t="3" w="484" /><ent r="6" t="3" w="506" /><ent r="6" t="3" w="664" /><ent r="6" t="3" w="861" /><ent r="6" t="3" w="896" /><ent r="6" t="3" w="991" /><ent r="7" t="3" w="1109" /><ent r="4" t="6" w="75" /><ent r="3" t="8" w="39" /><ent r="4" t="12" w="299" /><ent r="4" t="14" w="443" /><ent r="4" t="16" w="295" /><ent r="9" t="16" w="408" /><ent r="9" t="16" w="768" /><ent r="9" t="16" w="859" /><ent r="9" t="16" w="951" /><ent r="3" t="27" w="1027" /><ent r="3" t="30" w="22" /><ent r="8" t="31" w="410" /><ent r="3" t="32" w="40" /><ent r="7" t="32" w="435" /><ent r="3" t="33" w="21" /><ent r="3" t="34" w="1966" /><ent r="3" t="35" w="17" /><ent r="6" t="35" w="198" /><ent r="6" t="35" w="210" /><ent r="4" t="36" w="198" /><ent r="7" t="36" w="1044" /><ent r="7" t="36" w="1105" /><ent r="3" t="37" w="14" /><ent r="3" t="40" w="17" /><ent r="3" t="41" w="24" /><ent r="4" t="42" w="150" /><ent r="3" t="42" w="337" /><ent r="3" t="42" w="345" /><ent r="3" t="42" w="431" /><ent r="3" t="43" w="46" /><ent r="6" t="43" w="193" /><ent r="3" t="44" w="44" /><ent r="6" t="44" w="306" /></phr><phr n="useful"><ent r="3" t="16" w="1073" /><ent r="3" t="31" w="1433" /><ent r="6" t="32" w="206" /><ent r="3" t="34" w="163" /><ent r="6" t="35" w="421" /><ent r="7" t="36" w="716" /><ent r="3" t="42" w="45" /></phr><phr n="US"><ent r="7" t="36" w="958" /><ent r="7" t="36" w="985" /></phr><phr n="uses"><ent r="3" t="45" w="11" /></phr></stem><stem n="web"><phr n="web"><ent r="3" t="0" w="59" /><ent r="4" t="0" w="89" /><ent r="4" t="1" w="59" /><ent r="6" t="29" w="210" /><ent r="6" t="29" w="221" /></phr><phr n="Web"><ent r="1000" t="1" w="6" /><ent r="100" t="1" w="12" /><ent r="102" t="1" w="25" /><ent r="65" t="8" w="75" /><ent r="4" t="13" w="169" /></phr></stem><stem n="browser"><phr n="browser"><ent r="3" t="0" w="60" /><ent r="3" t="0" w="71" /><ent r="4" t="1" w="60" /><ent r="5" t="1" w="148" /><ent r="5" t="1" w="159" /><ent r="3" t="2" w="298" /><ent r="3" t="5" w="60" /><ent r="3" t="8" w="88" /><ent r="3" t="17" w="117" /><ent r="7" t="28" w="142" /><ent r="6" t="28" w="276" /><ent r="3" t="32" w="53" /><ent r="6" t="32" w="745" /><ent r="6" t="32" w="763" /><ent r="4" t="34" w="1144" /><ent r="6" t="36" w="1761" /><ent r="6" t="38" w="121" /><ent r="6" t="39" w="153" /></phr><phr n="browsers"><ent r="4" t="0" w="90" /><ent r="4" t="0" w="100" /></phr><phr n="Browser"><ent r="7" t="32" w="769" /></phr></stem><stem n="."><phr n="."><ent r="3" t="0" w="61" /><ent r="3" t="0" w="79" /><ent r="4" t="0" w="99" /><ent r="4" t="0" w="111" /><ent r="4" t="0" w="129" /><ent r="4" t="0" w="147" /><ent r="3" t="1" w="49" /><ent r="4" t="1" w="69" /><ent r="4" t="1" w="80" /><ent r="4" t="1" w="115" /><ent r="4" t="1" w="127" /><ent r="4" t="1" w="145" /><ent r="5" t="1" w="173" /><ent r="6" t="1" w="211" /><ent r="6" t="1" w="222" /><ent r="6" t="1" w="227" /><ent r="6" t="1" w="238" /><ent r="6" t="1" w="285" /><ent r="6" t="1" w="297" /><ent r="6" t="1" w="320" /><ent r="3" t="2" w="36" /><ent r="3" t="2" w="50" /><ent r="4" t="2" w="75" /><ent r="4" t="2" w="85" /><ent r="4" t="2" w="105" /><ent r="4" t="2" w="115" /><ent r="4" t="2" w="127" /><ent r="4" t="2" w="136" /><ent r="4" t="2" w="151" /><ent r="4" t="2" w="160" /><ent r="4" t="2" w="181" /><ent r="4" t="2" w="190" /><ent r="3" t="2" w="209" /><ent r="3" t="2" w="267" /><ent r="3" t="2" w="278" /><ent r="3" t="2" w="293" /><ent r="3" t="2" w="324" /><ent r="3" t="2" w="344" /><ent r="3" t="3" w="31" /><ent r="3" t="3" w="60" /><ent r="3" t="3" w="96" /><ent r="3" t="3" w="163" /><ent r="3" t="3" w="174" /><ent r="4" t="3" w="216" /><ent r="4" t="3" w="237" /><ent r="4" t="3" w="251" /><ent r="4" t="3" w="262" /><ent r="4" t="3" w="270" /><ent r="4" t="3" w="284" /><ent r="3" t="3" w="302" /><ent r="3" t="3" w="320" /><ent r="3" t="3" w="331" /><ent r="3" t="3" w="362" /><ent r="3" t="3" w="375" /><ent r="3" t="3" w="393" /><ent r="4" t="3" w="419" /><ent r="4" t="3" w="466" /><ent r="4" t="3" w="477" /><ent r="3" t="3" w="489" /><ent r="6" t="3" w="527" /><ent r="6" t="3" w="531" /><ent r="6" t="3" w="552" /><ent r="6" t="3" w="580" /><ent r="6" t="3" w="593" /><ent r="6" t="3" w="597" /><ent r="6" t="3" w="619" /><ent r="6" t="3" w="634" /><ent r="6" t="3" w="655" /><ent r="6" t="3" w="680" /><ent r="6" t="3" w="700" /><ent r="6" t="3" w="709" /><ent r="6" t="3" w="720" /><ent r="6" t="3" w="732" /><ent r="6" t="3" w="747" /><ent r="6" t="3" w="763" /><ent r="6" t="3" w="776" /><ent r="6" t="3" w="797" /><ent r="6" t="3" w="815" /><ent r="6" t="3" w="830" /><ent r="6" t="3" w="842" /><ent r="6" t="3" w="856" /><ent r="6" t="3" w="876" /><ent r="6" t="3" w="887" /><ent r="6" t="3" w="924" /><ent r="6" t="3" w="945" /><ent r="6" t="3" w="958" /><ent r="6" t="3" w="982" /><ent r="6" t="3" w="1057" /><ent r="6" t="3" w="1069" /><ent r="6" t="3" w="1079" /><ent r="6" t="3" w="1091" /><ent r="7" t="3" w="1114" /><ent r="7" t="3" w="1122" /><ent r="7" t="3" w="1132" /><ent r="6" t="3" w="1145" /><ent r="6" t="3" w="1184" /><ent r="6" t="3" w="1225" /><ent r="3" t="4" w="39" /><ent r="3" t="4" w="48" /><ent r="3" t="4" w="57" /><ent r="3" t="4" w="61" /><ent r="3" t="4" w="78" /><ent r="3" t="4" w="91" /><ent r="3" t="4" w="109" /><ent r="4" t="4" w="161" /><ent r="4" t="4" w="181" /><ent r="4" t="4" w="200" /><ent r="3" t="4" w="208" /><ent r="7" t="4" w="258" /><ent r="7" t="4" w="267" /><ent r="7" t="4" w="277" /><ent r="7" t="4" w="295" /><ent r="7" t="4" w="317" /><ent r="7" t="4" w="331" /><ent r="6" t="4" w="343" /><ent r="6" t="4" w="350" /><ent r="6" t="4" w="358" /><ent r="7" t="4" w="372" /><ent r="7" t="4" w="394" /><ent r="7" t="4" w="404" /><ent r="7" t="4" w="413" /><ent r="7" t="4" w="434" /><ent r="7" t="4" w="441" /><ent r="7" t="4" w="457" /><ent r="6" t="4" w="472" /><ent r="3" t="4" w="488" /><ent r="3" t="4" w="496" /><ent r="3" t="4" w="514" /><ent r="3" t="4" w="528" /><ent r="4" t="4" w="542" /><ent r="4" t="4" w="559" /><ent r="4" t="4" w="573" /><ent r="4" t="4" w="587" /><ent r="4" t="4" w="601" /><ent r="3" t="5" w="44" /><ent r="3" t="5" w="61" /><ent r="3" t="5" w="83" /><ent r="4" t="5" w="104" /><ent r="4" t="5" w="110" /><ent r="4" t="5" w="131" /><ent r="4" t="5" w="183" /><ent r="4" t="5" w="207" /><ent r="4" t="6" w="52" /><ent r="4" t="6" w="66" /><ent r="4" t="6" w="87" /><ent r="4" t="6" w="104" /><ent r="3" t="6" w="116" /><ent r="4" t="6" w="123" /><ent r="4" t="6" w="130" /><ent r="4" t="6" w="141" /><ent r="3" t="6" w="154" /><ent r="4" t="6" w="177" /><ent r="4" t="6" w="184" /><ent r="3" t="6" w="219" /><ent r="3" t="6" w="232" /><ent r="4" t="6" w="256" /><ent r="3" t="6" w="277" /><ent r="4" t="6" w="292" /><ent r="3" t="6" w="313" /><ent r="4" t="6" w="327" /><ent r="5" t="6" w="333" /><ent r="3" t="6" w="347" /><ent r="4" t="6" w="357" /><ent r="3" t="6" w="367" /><ent r="3" t="7" w="43" /><ent r="3" t="7" w="51" /><ent r="3" t="7" w="67" /><ent r="4" t="7" w="91" /><ent r="4" t="7" w="101" /><ent r="4" t="7" w="113" /><ent r="4" t="7" w="122" /><ent r="4" t="7" w="133" /><ent r="4" t="7" w="154" /><ent r="4" t="7" w="159" /><ent r="4" t="7" w="190" /><ent r="4" t="7" w="204" /><ent r="4" t="7" w="246" /><ent r="4" t="7" w="249" /><ent r="4" t="7" w="264" /><ent r="4" t="7" w="278" /><ent r="4" t="7" w="291" /><ent r="4" t="7" w="316" /><ent r="4" t="7" w="351" /><ent r="4" t="7" w="377" /><ent r="3" t="7" w="390" /><ent r="3" t="7" w="402" /><ent r="4" t="7" w="408" /><ent r="4" t="7" w="430" /><ent r="4" t="7" w="442" /><ent r="4" t="7" w="463" /><ent r="4" t="7" w="481" /><ent r="4" t="7" w="493" /><ent r="4" t="7" w="498" /><ent r="4" t="7" w="510" /><ent r="3" t="8" w="40" /><ent r="3" t="8" w="52" /><ent r="4" t="8" w="65" /><ent r="4" t="8" w="78" /><ent r="3" t="8" w="100" /><ent r="3" t="8" w="109" /><ent r="4" t="8" w="120" /><ent r="4" t="8" w="128" /><ent r="4" t="8" w="140" /><ent r="4" t="8" w="177" /><ent r="4" t="8" w="182" /><ent r="4" t="8" w="195" /><ent r="4" t="8" w="202" /><ent r="3" t="8" w="227" /><ent r="3" t="8" w="238" /><ent r="3" t="9" w="49" /><ent r="3" t="9" w="103" /><ent r="3" t="9" w="114" /><ent r="3" t="9" w="125" /><ent r="4" t="9" w="145" /><ent r="4" t="9" w="151" /><ent r="4" t="9" w="186" /><ent r="4" t="9" w="245" /><ent r="4" t="9" w="258" /><ent r="4" t="9" w="276" /><ent r="4" t="9" w="305" /><ent r="3" t="9" w="335" /><ent r="4" t="9" w="352" /><ent r="4" t="9" w="375" /><ent r="4" t="9" w="386" /><ent r="3" t="9" w="407" /><ent r="3" t="9" w="419" /><ent r="3" t="10" w="42" /><ent r="3" t="10" w="54" /><ent r="3" t="10" w="72" /><ent r="64" t="10" w="80" /><ent r="8" t="10" w="107" /><ent r="8" t="10" w="140" /><ent r="7" t="10" w="171" /><ent r="8" t="10" w="184" /><ent r="7" t="10" w="217" /><ent r="8" t="10" w="223" /><ent r="8" t="10" w="235" /><ent r="7" t="10" w="255" /><ent r="7" t="10" w="260" /><ent r="7" t="10" w="272" /><ent r="8" t="10" w="279" /><ent r="8" t="10" w="291" /><ent r="8" t="10" w="313" /><ent r="3" t="11" w="48" /><ent r="3" t="11" w="59" /><ent r="4" t="11" w="113" /><ent r="4" t="11" w="124" /><ent r="4" t="11" w="138" /><ent r="4" t="11" w="153" /><ent r="4" t="11" w="171" /><ent r="4" t="11" w="176" /><ent r="4" t="11" w="192" /><ent r="4" t="11" w="223" /><ent r="4" t="11" w="242" /><ent r="4" t="11" w="258" /><ent r="4" t="11" w="318" /><ent r="4" t="11" w="327" /><ent r="4" t="11" w="347" /><ent r="65" t="11" w="366" /><ent r="4" t="11" w="411" /><ent r="4" t="11" w="450" /><ent r="3" t="12" w="45" /><ent r="3" t="12" w="68" /><ent r="3" t="12" w="108" /><ent r="3" t="12" w="133" /><ent r="3" t="12" w="158" /><ent r="3" t="12" w="187" /><ent r="3" t="12" w="200" /><ent r="4" t="12" w="234" /><ent r="4" t="12" w="250" /><ent r="4" t="12" w="265" /><ent r="4" t="12" w="271" /><ent r="4" t="12" w="292" /><ent r="4" t="12" w="303" /><ent r="4" t="12" w="308" /><ent r="4" t="12" w="327" /><ent r="4" t="12" w="341" /><ent r="4" t="12" w="354" /><ent r="4" t="12" w="363" /><ent r="4" t="12" w="375" /><ent r="3" t="12" w="400" /><ent r="3" t="12" w="410" /><ent r="3" t="12" w="441" /><ent r="3" t="13" w="63" /><ent r="3" t="13" w="122" /><ent r="3" t="13" w="135" /><ent r="3" t="13" w="159" /><ent r="3" t="13" w="191" /><ent r="3" t="13" w="245" /><ent r="4" t="13" w="272" /><ent r="4" t="13" w="286" /><ent r="4" t="13" w="301" /><ent r="4" t="13" w="315" /><ent r="4" t="13" w="321" /><ent r="4" t="13" w="346" /><ent r="3" t="13" w="372" /><ent r="3" t="13" w="399" /><ent r="4" t="13" w="412" /><ent r="4" t="13" w="421" /><ent r="4" t="13" w="429" /><ent r="3" t="14" w="67" /><ent r="3" t="14" w="83" /><ent r="4" t="14" w="122" /><ent r="4" t="14" w="139" /><ent r="4" t="14" w="161" /><ent r="3" t="14" w="183" /><ent r="3" t="14" w="197" /><ent r="4" t="14" w="222" /><ent r="4" t="14" w="243" /><ent r="4" t="14" w="272" /><ent r="4" t="14" w="332" /><ent r="4" t="14" w="336" /><ent r="4" t="14" w="372" /><ent r="4" t="14" w="413" /><ent r="4" t="14" w="416" /><ent r="4" t="14" w="424" /><ent r="4" t="14" w="452" /><ent r="4" t="14" w="472" /><ent r="4" t="14" w="498" /><ent r="4" t="14" w="501" /><ent r="3" t="14" w="526" /><ent r="3" t="15" w="44" /><ent r="3" t="15" w="67" /><ent r="3" t="15" w="79" /><ent r="3" t="15" w="94" /><ent r="3" t="15" w="112" /><ent r="4" t="15" w="136" /><ent r="4" t="15" w="163" /><ent r="4" t="15" w="228" /><ent r="7" t="15" w="269" /><ent r="7" t="15" w="286" /><ent r="7" t="15" w="297" /><ent r="7" t="15" w="307" /><ent r="7" t="15" w="322" /><ent r="7" t="15" w="347" /><ent r="7" t="15" w="357" /><ent r="8" t="15" w="396" /><ent r="8" t="15" w="440" /><ent r="7" t="15" w="454" /><ent r="7" t="15" w="479" /><ent r="7" t="15" w="486" /><ent r="7" t="15" w="496" /><ent r="7" t="15" w="511" /><ent r="7" t="15" w="538" /><ent r="7" t="15" w="554" /><ent r="7" t="15" w="564" /><ent r="7" t="15" w="570" /><ent r="7" t="15" w="586" /><ent r="7" t="15" w="623" /><ent r="7" t="15" w="641" /><ent r="7" t="15" w="657" /><ent r="7" t="15" w="667" /><ent r="7" t="15" w="678" /><ent r="7" t="15" w="723" /><ent r="7" t="15" w="724" /><ent r="4" t="15" w="740" /><ent r="3" t="16" w="47" /><ent r="4" t="16" w="93" /><ent r="4" t="16" w="102" /><ent r="3" t="16" w="146" /><ent r="3" t="16" w="163" /><ent r="3" t="16" w="187" /><ent r="3" t="16" w="204" /><ent r="3" t="16" w="223" /><ent r="3" t="16" w="231" /><ent r="4" t="16" w="252" /><ent r="4" t="16" w="267" /><ent r="4" t="16" w="276" /><ent r="4" t="16" w="287" /><ent r="4" t="16" w="300" /><ent r="4" t="16" w="312" /><ent r="9" t="16" w="369" /><ent r="9" t="16" w="377" /><ent r="9" t="16" w="388" /><ent r="9" t="16" w="402" /><ent r="9" t="16" w="416" /><ent r="9" t="16" w="419" /><ent r="9" t="16" w="440" /><ent r="9" t="16" w="459" /><ent r="9" t="16" w="467" /><ent r="9" t="16" w="478" /><ent r="9" t="16" w="498" /><ent r="9" t="16" w="514" /><ent r="9" t="16" w="520" /><ent r="9" t="16" w="538" /><ent r="9" t="16" w="550" /><ent r="9" t="16" w="556" /><ent r="9" t="16" w="569" /><ent r="9" t="16" w="575" /><ent r="9" t="16" w="591" /><ent r="9" t="16" w="602" /><ent r="9" t="16" w="610" /><ent r="9" t="16" w="627" /><ent r="9" t="16" w="658" /><ent r="9" t="16" w="666" /><ent r="9" t="16" w="681" /><ent r="9" t="16" w="717" /><ent r="9" t="16" w="743" /><ent r="9" t="16" w="758" /><ent r="9" t="16" w="773" /><ent r="9" t="16" w="791" /><ent r="9" t="16" w="822" /><ent r="9" t="16" w="837" /><ent r="9" t="16" w="851" /><ent r="9" t="16" w="856" /><ent r="9" t="16" w="866" /><ent r="9" t="16" w="900" /><ent r="9" t="16" w="913" /><ent r="9" t="16" w="925" /><ent r="9" t="16" w="943" /><ent r="9" t="16" w="957" /><ent r="9" t="16" w="974" /><ent r="9" t="16" w="1006" /><ent r="9" t="16" w="1021" /><ent r="4" t="16" w="1031" /><ent r="4" t="16" w="1055" /><ent r="3" t="16" w="1085" /><ent r="3" t="16" w="1097" /><ent r="7" t="16" w="1143" /><ent r="7" t="16" w="1158" /><ent r="7" t="16" w="1176" /><ent r="7" t="16" w="1255" /><ent r="7" t="16" w="1274" /><ent r="7" t="16" w="1303" /><ent r="3" t="17" w="48" /><ent r="3" t="17" w="79" /><ent r="3" t="17" w="90" /><ent r="3" t="17" w="111" /><ent r="3" t="17" w="123" /><ent r="3" t="17" w="159" /><ent r="4" t="17" w="171" /><ent r="3" t="17" w="240" /><ent r="3" t="17" w="253" /><ent r="3" t="17" w="270" /><ent r="4" t="17" w="286" /><ent r="4" t="17" w="316" /><ent r="4" t="17" w="352" /><ent r="4" t="17" w="393" /><ent r="4" t="17" w="434" /><ent r="4" t="17" w="445" /><ent r="3" t="17" w="467" /><ent r="3" t="17" w="484" /><ent r="3" t="17" w="515" /><ent r="4" t="17" w="532" /><ent r="4" t="17" w="562" /><ent r="4" t="17" w="585" /><ent r="3" t="17" w="620" /><ent r="3" t="17" w="641" /><ent r="4" t="17" w="648" /><ent r="4" t="17" w="654" /><ent r="4" t="17" w="664" /><ent r="3" t="17" w="700" /><ent r="4" t="17" w="710" /><ent r="4" t="17" w="724" /><ent r="4" t="17" w="739" /><ent r="4" t="17" w="754" /><ent r="4" t="17" w="780" /><ent r="4" t="17" w="790" /><ent r="3" t="17" w="805" /><ent r="3" t="17" w="820" /><ent r="3" t="17" w="831" /><ent r="3" t="17" w="859" /><ent r="3" t="18" w="45" /><ent r="4" t="18" w="67" /><ent r="4" t="18" w="85" /><ent r="4" t="18" w="102" /><ent r="4" t="18" w="113" /><ent r="4" t="18" w="122" /><ent r="3" t="18" w="148" /><ent r="3" t="18" w="163" /><ent r="4" t="18" w="179" /><ent r="4" t="18" w="188" /><ent r="3" t="18" w="210" /><ent r="3" t="18" w="221" /><ent r="4" t="18" w="237" /><ent r="4" t="18" w="260" /><ent r="3" t="19" w="28" /><ent r="4" t="19" w="62" /><ent r="4" t="19" w="73" /><ent r="3" t="19" w="110" /><ent r="4" t="19" w="128" /><ent r="4" t="19" w="166" /><ent r="4" t="19" w="178" /><ent r="4" t="19" w="191" /><ent r="4" t="19" w="205" /><ent r="4" t="19" w="216" /><ent r="4" t="19" w="246" /><ent r="4" t="19" w="272" /><ent r="3" t="19" w="331" /><ent r="4" t="19" w="344" /><ent r="4" t="19" w="397" /><ent r="64" t="19" w="406" /><ent r="3" t="20" w="34" /><ent r="4" t="20" w="59" /><ent r="4" t="20" w="70" /><ent r="4" t="20" w="76" /><ent r="4" t="20" w="85" /><ent r="4" t="20" w="97" /><ent r="4" t="20" w="106" /><ent r="3" t="21" w="35" /><ent r="4" t="21" w="60" /><ent r="4" t="21" w="71" /><ent r="4" t="21" w="83" /><ent r="4" t="21" w="112" /><ent r="3" t="22" w="33" /><ent r="3" t="22" w="45" /><ent r="3" t="22" w="80" /><ent r="3" t="22" w="93" /><ent r="3" t="22" w="102" /><ent r="3" t="22" w="123" /><ent r="3" t="22" w="141" /><ent r="64" t="22" w="153" /><ent r="7" t="22" w="176" /><ent r="7" t="22" w="182" /><ent r="7" t="22" w="202" /><ent r="7" t="22" w="218" /><ent r="7" t="22" w="232" /><ent r="7" t="22" w="238" /><ent r="7" t="22" w="258" /><ent r="7" t="22" w="275" /><ent r="7" t="22" w="317" /><ent r="3" t="23" w="43" /><ent r="3" t="23" w="51" /><ent r="3" t="23" w="85" /><ent r="64" t="23" w="96" /><ent r="3" t="23" w="127" /><ent r="3" t="23" w="140" /><ent r="4" t="23" w="162" /><ent r="4" t="23" w="181" /><ent r="4" t="23" w="199" /><ent r="4" t="23" w="212" /><ent r="4" t="23" w="229" /><ent r="4" t="23" w="244" /><ent r="4" t="23" w="275" /><ent r="4" t="23" w="290" /><ent r="4" t="23" w="297" /><ent r="4" t="23" w="317" /><ent r="4" t="23" w="331" /><ent r="3" t="24" w="55" /><ent r="3" t="24" w="75" /><ent r="64" t="24" w="92" /><ent r="64" t="24" w="103" /><ent r="4" t="24" w="125" /><ent r="4" t="24" w="144" /><ent r="4" t="24" w="157" /><ent r="4" t="24" w="174" /><ent r="4" t="24" w="189" /><ent r="4" t="24" w="220" /><ent r="4" t="24" w="235" /><ent r="4" t="24" w="242" /><ent r="4" t="24" w="262" /><ent r="4" t="24" w="276" /><ent r="3" t="25" w="31" /><ent r="3" t="25" w="47" /><ent r="4" t="25" w="67" /><ent r="4" t="25" w="82" /><ent r="4" t="25" w="97" /><ent r="4" t="25" w="106" /><ent r="4" t="25" w="112" /><ent r="3" t="26" w="32" /><ent r="3" t="26" w="47" /><ent r="3" t="26" w="60" /><ent r="3" t="26" w="76" /><ent r="3" t="26" w="97" /><ent r="3" t="26" w="134" /><ent r="3" t="26" w="152" /><ent r="3" t="26" w="166" /><ent r="4" t="26" w="192" /><ent r="4" t="26" w="216" /><ent r="4" t="26" w="231" /><ent r="4" t="26" w="248" /><ent r="3" t="26" w="262" /><ent r="4" t="26" w="280" /><ent r="4" t="26" w="287" /><ent r="4" t="26" w="301" /><ent r="4" t="26" w="322" /><ent r="4" t="26" w="333" /><ent r="4" t="26" w="350" /><ent r="4" t="26" w="381" /><ent r="4" t="26" w="409" /><ent r="4" t="26" w="446" /><ent r="4" t="26" w="461" /><ent r="4" t="26" w="472" /><ent r="4" t="26" w="482" /><ent r="4" t="26" w="506" /><ent r="5" t="26" w="522" /><ent r="4" t="26" w="540" /><ent r="4" t="26" w="551" /><ent r="3" t="26" w="593" /><ent r="3" t="26" w="602" /><ent r="3" t="26" w="623" /><ent r="4" t="26" w="637" /><ent r="4" t="26" w="650" /><ent r="4" t="26" w="665" /><ent r="4" t="26" w="677" /><ent r="4" t="26" w="687" /><ent r="4" t="26" w="731" /><ent r="3" t="26" w="745" /><ent r="3" t="26" w="760" /><ent r="3" t="26" w="795" /><ent r="3" t="26" w="811" /><ent r="3" t="27" w="44" /><ent r="3" t="27" w="84" /><ent r="3" t="27" w="103" /><ent r="4" t="27" w="130" /><ent r="4" t="27" w="162" /><ent r="4" t="27" w="192" /><ent r="4" t="27" w="203" /><ent r="4" t="27" w="231" /><ent r="4" t="27" w="255" /><ent r="4" t="27" w="271" /><ent r="3" t="27" w="313" /><ent r="3" t="27" w="334" /><ent r="4" t="27" w="357" /><ent r="4" t="27" w="378" /><ent r="4" t="27" w="391" /><ent r="4" t="27" w="407" /><ent r="4" t="27" w="442" /><ent r="4" t="27" w="467" /><ent r="4" t="27" w="481" /><ent r="4" t="27" w="506" /><ent r="3" t="27" w="543" /><ent r="3" t="27" w="651" /><ent r="3" t="27" w="679" /><ent r="4" t="27" w="695" /><ent r="4" t="27" w="709" /><ent r="4" t="27" w="718" /><ent r="4" t="27" w="735" /><ent r="3" t="27" w="802" /><ent r="3" t="27" w="815" /><ent r="3" t="27" w="829" /><ent r="4" t="27" w="907" /><ent r="4" t="27" w="937" /><ent r="4" t="27" w="967" /><ent r="3" t="27" w="998" /><ent r="3" t="27" w="1041" /><ent r="4" t="28" w="51" /><ent r="4" t="28" w="63" /><ent r="4" t="28" w="71" /><ent r="4" t="28" w="78" /><ent r="3" t="28" w="86" /><ent r="3" t="28" w="108" /><ent r="7" t="28" w="131" /><ent r="7" t="28" w="143" /><ent r="7" t="28" w="159" /><ent r="7" t="28" w="175" /><ent r="7" t="28" w="183" /><ent r="6" t="28" w="193" /><ent r="6" t="28" w="203" /><ent r="7" t="28" w="217" /><ent r="7" t="28" w="230" /><ent r="7" t="28" w="237" /><ent r="7" t="28" w="245" /><ent r="7" t="28" w="255" /><ent r="7" t="28" w="272" /><ent r="6" t="28" w="283" /><ent r="6" t="28" w="294" /><ent r="7" t="28" w="310" /><ent r="7" t="28" w="320" /><ent r="6" t="28" w="328" /><ent r="6" t="28" w="341" /><ent r="3" t="29" w="33" /><ent r="6" t="29" w="56" /><ent r="6" t="29" w="70" /><ent r="6" t="29" w="84" /><ent r="6" t="29" w="120" /><ent r="6" t="29" w="133" /><ent r="6" t="29" w="148" /><ent r="6" t="29" w="163" /><ent r="6" t="29" w="186" /><ent r="6" t="29" w="223" /><ent r="6" t="29" w="239" /><ent r="6" t="29" w="254" /><ent r="6" t="29" w="269" /><ent r="6" t="29" w="292" /><ent r="6" t="29" w="306" /><ent r="6" t="29" w="324" /><ent r="7" t="29" w="343" /><ent r="7" t="29" w="354" /><ent r="7" t="29" w="365" /><ent r="7" t="29" w="380" /><ent r="7" t="29" w="395" /><ent r="7" t="29" w="410" /><ent r="7" t="29" w="420" /><ent r="7" t="29" w="430" /><ent r="7" t="29" w="444" /><ent r="7" t="29" w="455" /><ent r="3" t="29" w="492" /><ent r="3" t="29" w="517" /><ent r="3" t="30" w="37" /><ent r="3" t="31" w="36" /><ent r="4" t="31" w="63" /><ent r="4" t="31" w="77" /><ent r="3" t="31" w="97" /><ent r="3" t="31" w="105" /><ent r="3" t="31" w="114" /><ent r="3" t="31" w="135" /><ent r="3" t="31" w="149" /><ent r="3" t="31" w="173" /><ent r="3" t="31" w="187" /><ent r="3" t="31" w="202" /><ent r="3" t="31" w="219" /><ent r="4" t="31" w="500" /><ent r="4" t="31" w="513" /><ent r="4" t="31" w="534" /><ent r="4" t="31" w="553" /><ent r="4" t="31" w="568" /><ent r="4" t="31" w="585" /><ent r="4" t="31" w="598" /><ent r="4" t="31" w="608" /><ent r="4" t="31" w="649" /><ent r="3" t="31" w="689" /><ent r="3" t="31" w="695" /><ent r="3" t="31" w="701" /><ent r="3" t="31" w="727" /><ent r="3" t="31" w="843" /><ent r="3" t="31" w="864" /><ent r="3" t="31" w="879" /><ent r="4" t="31" w="917" /><ent r="4" t="31" w="952" /><ent r="65" t="31" w="960" /><ent r="3" t="31" w="977" /><ent r="3" t="31" w="1027" /><ent r="3" t="31" w="1047" /><ent r="3" t="31" w="1117" /><ent r="3" t="31" w="1129" /><ent r="7" t="31" w="1199" /><ent r="7" t="31" w="1208" /><ent r="7" t="31" w="1214" /><ent r="7" t="31" w="1251" /><ent r="7" t="31" w="1267" /><ent r="3" t="31" w="1310" /><ent r="3" t="31" w="1388" /><ent r="3" t="31" w="1500" /><ent r="3" t="31" w="1546" /><ent r="3" t="32" w="61" /><ent r="3" t="32" w="76" /><ent r="3" t="32" w="90" /><ent r="3" t="32" w="123" /><ent r="3" t="32" w="140" /><ent r="3" t="32" w="154" /><ent r="3" t="32" w="164" /><ent r="3" t="32" w="184" /><ent r="6" t="32" w="204" /><ent r="6" t="32" w="211" /><ent r="6" t="32" w="236" /><ent r="6" t="32" w="256" /><ent r="6" t="32" w="269" /><ent r="6" t="32" w="277" /><ent r="6" t="32" w="286" /><ent r="6" t="32" w="297" /><ent r="6" t="32" w="327" /><ent r="6" t="32" w="338" /><ent r="6" t="32" w="358" /><ent r="6" t="32" w="366" /><ent r="6" t="32" w="374" /><ent r="7" t="32" w="432" /><ent r="7" t="32" w="452" /><ent r="7" t="32" w="460" /><ent r="7" t="32" w="471" /><ent r="7" t="32" w="480" /><ent r="7" t="32" w="495" /><ent r="6" t="32" w="516" /><ent r="6" t="32" w="526" /><ent r="6" t="32" w="536" /><ent r="6" t="32" w="570" /><ent r="6" t="32" w="580" /><ent r="6" t="32" w="600" /><ent r="6" t="32" w="614" /><ent r="6" t="32" w="634" /><ent r="6" t="32" w="648" /><ent r="6" t="32" w="660" /><ent r="6" t="32" w="672" /><ent r="6" t="32" w="682" /><ent r="6" t="32" w="690" /><ent r="6" t="32" w="696" /><ent r="6" t="32" w="705" /><ent r="6" t="32" w="714" /><ent r="6" t="32" w="720" /><ent r="6" t="32" w="729" /><ent r="6" t="32" w="740" /><ent r="6" t="32" w="754" /><ent r="6" t="32" w="757" /><ent r="6" t="32" w="782" /><ent r="6" t="32" w="792" /><ent r="6" t="32" w="806" /><ent r="3" t="33" w="30" /><ent r="3" t="33" w="46" /><ent r="3" t="34" w="39" /><ent r="3" t="34" w="69" /><ent r="3" t="34" w="93" /><ent r="3" t="34" w="120" /><ent r="3" t="34" w="153" /><ent r="4" t="34" w="184" /><ent r="4" t="34" w="212" /><ent r="4" t="34" w="225" /><ent r="65" t="34" w="245" /><ent r="4" t="34" w="288" /><ent r="3" t="34" w="300" /><ent r="3" t="34" w="421" /><ent r="3" t="34" w="434" /><ent r="4" t="34" w="572" /><ent r="3" t="34" w="603" /><ent r="3" t="34" w="624" /><ent r="3" t="34" w="643" /><ent r="3" t="34" w="663" /><ent r="3" t="34" w="677" /><ent r="3" t="34" w="697" /><ent r="3" t="34" w="721" /><ent r="3" t="34" w="743" /><ent r="3" t="34" w="754" /><ent r="3" t="34" w="845" /><ent r="3" t="34" w="865" /><ent r="3" t="34" w="892" /><ent r="3" t="34" w="906" /><ent r="3" t="34" w="942" /><ent r="3" t="34" w="968" /><ent r="4" t="34" w="985" /><ent r="4" t="34" w="1002" /><ent r="4" t="34" w="1008" /><ent r="4" t="34" w="1017" /><ent r="4" t="34" w="1030" /><ent r="4" t="34" w="1039" /><ent r="4" t="34" w="1096" /><ent r="4" t="34" w="1125" /><ent r="4" t="34" w="1139" /><ent r="4" t="34" w="1150" /><ent r="3" t="34" w="1168" /><ent r="3" t="34" w="1212" /><ent r="4" t="34" w="1228" /><ent r="4" t="34" w="1246" /><ent r="3" t="34" w="1277" /><ent r="3" t="34" w="1282" /><ent r="3" t="34" w="1295" /><ent r="4" t="34" w="1309" /><ent r="4" t="34" w="1317" /><ent r="3" t="34" w="1347" /><ent r="3" t="34" w="1365" /><ent r="4" t="34" w="1390" /><ent r="3" t="34" w="1432" /><ent r="4" t="34" w="1480" /><ent r="4" t="34" w="1498" /><ent r="4" t="34" w="1531" /><ent r="4" t="34" w="1548" /><ent r="3" t="34" w="1586" /><ent r="3" t="34" w="1613" /><ent r="3" t="34" w="1640" /><ent r="4" t="34" w="1657" /><ent r="4" t="34" w="1669" /><ent r="4" t="34" w="1674" /><ent r="4" t="34" w="1696" /><ent r="4" t="34" w="1713" /><ent r="4" t="34" w="1733" /><ent r="4" t="34" w="1756" /><ent r="4" t="34" w="1770" /><ent r="3" t="34" w="1796" /><ent r="3" t="34" w="1817" /><ent r="4" t="34" w="1837" /><ent r="4" t="34" w="1853" /><ent r="4" t="34" w="1874" /><ent r="4" t="34" w="1893" /><ent r="4" t="34" w="1911" /><ent r="4" t="34" w="1943" /><ent r="4" t="34" w="1957" /><ent r="3" t="34" w="1977" /><ent r="3" t="34" w="1990" /><ent r="3" t="34" w="2000" /><ent r="4" t="34" w="2039" /><ent r="4" t="34" w="2047" /><ent r="4" t="34" w="2062" /><ent r="4" t="34" w="2088" /><ent r="4" t="34" w="2098" /><ent r="4" t="34" w="2111" /><ent r="4" t="34" w="2151" /><ent r="4" t="34" w="2214" /><ent r="4" t="34" w="2226" /><ent r="3" t="35" w="27" /><ent r="3" t="35" w="38" /><ent r="3" t="35" w="49" /><ent r="3" t="35" w="58" /><ent r="3" t="35" w="67" /><ent r="6" t="35" w="86" /><ent r="6" t="35" w="96" /><ent r="6" t="35" w="125" /><ent r="6" t="35" w="139" /><ent r="6" t="35" w="150" /><ent r="6" t="35" w="170" /><ent r="6" t="35" w="190" /><ent r="6" t="35" w="202" /><ent r="6" t="35" w="214" /><ent r="6" t="35" w="229" /><ent r="6" t="35" w="248" /><ent r="6" t="35" w="255" /><ent r="6" t="35" w="269" /><ent r="6" t="35" w="280" /><ent r="6" t="35" w="300" /><ent r="6" t="35" w="309" /><ent r="6" t="35" w="316" /><ent r="6" t="35" w="332" /><ent r="6" t="35" w="342" /><ent r="6" t="35" w="356" /><ent r="6" t="35" w="367" /><ent r="6" t="35" w="379" /><ent r="6" t="35" w="390" /><ent r="6" t="35" w="404" /><ent r="6" t="35" w="419" /><ent r="6" t="35" w="437" /><ent r="7" t="35" w="452" /><ent r="7" t="35" w="463" /><ent r="7" t="35" w="474" /><ent r="7" t="35" w="486" /><ent r="7" t="35" w="503" /><ent r="6" t="35" w="513" /><ent r="3" t="36" w="32" /><ent r="4" t="36" w="56" /><ent r="4" t="36" w="77" /><ent r="4" t="36" w="100" /><ent r="4" t="36" w="110" /><ent r="4" t="36" w="127" /><ent r="3" t="36" w="164" /><ent r="3" t="36" w="181" /><ent r="4" t="36" w="204" /><ent r="4" t="36" w="217" /><ent r="4" t="36" w="225" /><ent r="3" t="36" w="239" /><ent r="7" t="36" w="264" /><ent r="7" t="36" w="275" /><ent r="7" t="36" w="286" /><ent r="7" t="36" w="293" /><ent r="7" t="36" w="301" /><ent r="7" t="36" w="325" /><ent r="7" t="36" w="367" /><ent r="7" t="36" w="378" /><ent r="7" t="36" w="394" /><ent r="7" t="36" w="408" /><ent r="7" t="36" w="435" /><ent r="7" t="36" w="455" /><ent r="7" t="36" w="474" /><ent r="7" t="36" w="492" /><ent r="7" t="36" w="509" /><ent r="7" t="36" w="525" /><ent r="7" t="36" w="551" /><ent r="7" t="36" w="560" /><ent r="7" t="36" w="578" /><ent r="7" t="36" w="592" /><ent r="7" t="36" w="608" /><ent r="7" t="36" w="615" /><ent r="7" t="36" w="629" /><ent r="7" t="36" w="645" /><ent r="7" t="36" w="698" /><ent r="7" t="36" w="714" /><ent r="7" t="36" w="731" /><ent r="7" t="36" w="744" /><ent r="7" t="36" w="764" /><ent r="7" t="36" w="780" /><ent r="7" t="36" w="797" /><ent r="7" t="36" w="813" /><ent r="7" t="36" w="828" /><ent r="7" t="36" w="839" /><ent r="7" t="36" w="853" /><ent r="7" t="36" w="867" /><ent r="7" t="36" w="876" /><ent r="7" t="36" w="882" /><ent r="7" t="36" w="892" /><ent r="7" t="36" w="907" /><ent r="7" t="36" w="922" /><ent r="7" t="36" w="937" /><ent r="7" t="36" w="952" /><ent r="7" t="36" w="965" /><ent r="7" t="36" w="991" /><ent r="7" t="36" w="1004" /><ent r="7" t="36" w="1014" /><ent r="7" t="36" w="1038" /><ent r="7" t="36" w="1054" /><ent r="7" t="36" w="1069" /><ent r="7" t="36" w="1084" /><ent r="7" t="36" w="1092" /><ent r="7" t="36" w="1115" /><ent r="7" t="36" w="1120" /><ent r="7" t="36" w="1129" /><ent r="7" t="36" w="1164" /><ent r="7" t="36" w="1190" /><ent r="7" t="36" w="1212" /><ent r="7" t="36" w="1219" /><ent r="3" t="36" w="1241" /><ent r="6" t="36" w="1264" /><ent r="6" t="36" w="1278" /><ent r="6" t="36" w="1304" /><ent r="6" t="36" w="1319" /><ent r="6" t="36" w="1363" /><ent r="6" t="36" w="1376" /><ent r="6" t="36" w="1420" /><ent r="6" t="36" w="1435" /><ent r="6" t="36" w="1447" /><ent r="3" t="36" w="1465" /><ent r="3" t="36" w="1484" /><ent r="3" t="36" w="1493" /><ent r="3" t="36" w="1503" /><ent r="3" t="36" w="1523" /><ent r="6" t="36" w="1549" /><ent r="6" t="36" w="1559" /><ent r="6" t="36" w="1565" /><ent r="6" t="36" w="1586" /><ent r="6" t="36" w="1608" /><ent r="6" t="36" w="1623" /><ent r="6" t="36" w="1638" /><ent r="6" t="36" w="1656" /><ent r="6" t="36" w="1665" /><ent r="6" t="36" w="1675" /><ent r="6" t="36" w="1686" /><ent r="7" t="36" w="1704" /><ent r="7" t="36" w="1716" /><ent r="7" t="36" w="1724" /><ent r="7" t="36" w="1731" /><ent r="6" t="36" w="1748" /><ent r="6" t="36" w="1765" /><ent r="6" t="36" w="1771" /><ent r="3" t="37" w="27" /><ent r="3" t="38" w="22" /><ent r="3" t="38" w="39" /><ent r="3" t="38" w="53" /><ent r="3" t="38" w="64" /><ent r="6" t="38" w="97" /><ent r="6" t="38" w="119" /><ent r="6" t="38" w="135" /><ent r="6" t="38" w="158" /><ent r="6" t="38" w="165" /><ent r="6" t="38" w="176" /><ent r="6" t="38" w="186" /><ent r="6" t="38" w="197" /><ent r="6" t="38" w="207" /><ent r="7" t="38" w="259" /><ent r="7" t="38" w="279" /><ent r="7" t="38" w="298" /><ent r="6" t="38" w="314" /><ent r="6" t="38" w="322" /><ent r="6" t="38" w="347" /><ent r="6" t="38" w="354" /><ent r="3" t="39" w="28" /><ent r="3" t="39" w="38" /><ent r="3" t="39" w="55" /><ent r="3" t="39" w="69" /><ent r="3" t="39" w="80" /><ent r="3" t="39" w="88" /><ent r="3" t="39" w="99" /><ent r="6" t="39" w="114" /><ent r="6" t="39" w="125" /><ent r="6" t="39" w="148" /><ent r="6" t="39" w="167" /><ent r="6" t="39" w="176" /><ent r="6" t="39" w="191" /><ent r="6" t="39" w="199" /><ent r="6" t="39" w="208" /><ent r="6" t="39" w="217" /><ent r="6" t="39" w="226" /><ent r="3" t="40" w="25" /><ent r="3" t="40" w="46" /><ent r="3" t="41" w="36" /><ent r="3" t="41" w="46" /><ent r="3" t="41" w="56" /><ent r="6" t="41" w="80" /><ent r="6" t="41" w="103" /><ent r="6" t="41" w="136" /><ent r="6" t="41" w="147" /><ent r="6" t="41" w="166" /><ent r="6" t="41" w="201" /><ent r="6" t="41" w="234" /><ent r="6" t="41" w="270" /><ent r="3" t="42" w="42" /><ent r="3" t="42" w="48" /><ent r="3" t="42" w="60" /><ent r="3" t="42" w="74" /><ent r="3" t="42" w="91" /><ent r="3" t="42" w="103" /><ent r="4" t="42" w="122" /><ent r="4" t="42" w="137" /><ent r="4" t="42" w="143" /><ent r="4" t="42" w="158" /><ent r="4" t="42" w="169" /><ent r="4" t="42" w="181" /><ent r="4" t="42" w="200" /><ent r="4" t="42" w="234" /><ent r="3" t="42" w="257" /><ent r="4" t="42" w="317" /><ent r="3" t="42" w="331" /><ent r="3" t="42" w="338" /><ent r="3" t="42" w="361" /><ent r="4" t="42" w="373" /><ent r="3" t="42" w="387" /><ent r="4" t="42" w="403" /><ent r="3" t="42" w="440" /><ent r="4" t="42" w="451" /><ent r="4" t="42" w="466" /><ent r="4" t="42" w="475" /><ent r="4" t="42" w="491" /><ent r="4" t="42" w="509" /><ent r="3" t="42" w="525" /><ent r="3" t="43" w="34" /><ent r="3" t="43" w="56" /><ent r="6" t="43" w="71" /><ent r="6" t="43" w="82" /><ent r="6" t="43" w="89" /><ent r="6" t="43" w="99" /><ent r="6" t="43" w="134" /><ent r="6" t="43" w="152" /><ent r="6" t="43" w="163" /><ent r="6" t="43" w="173" /><ent r="6" t="43" w="186" /><ent r="6" t="43" w="204" /><ent r="3" t="44" w="32" /><ent r="3" t="44" w="54" /><ent r="3" t="44" w="77" /><ent r="4" t="44" w="115" /><ent r="4" t="44" w="128" /><ent r="4" t="44" w="156" /><ent r="4" t="44" w="170" /><ent r="4" t="44" w="194" /><ent r="3" t="44" w="225" /><ent r="3" t="44" w="238" /><ent r="6" t="44" w="259" /><ent r="6" t="44" w="278" /><ent r="6" t="44" w="295" /><ent r="6" t="44" w="312" /><ent r="6" t="44" w="327" /><ent r="6" t="44" w="394" /><ent r="6" t="44" w="407" /><ent r="6" t="44" w="420" /><ent r="6" t="44" w="440" /><ent r="6" t="44" w="458" /><ent r="6" t="44" w="476" /><ent r="6" t="44" w="507" /><ent r="6" t="44" w="518" /><ent r="6" t="44" w="530" /><ent r="6" t="44" w="541" /><ent r="6" t="44" w="553" /><ent r="3" t="45" w="17" /><ent r="3" t="45" w="25" /><ent r="7" t="45" w="53" /><ent r="7" t="45" w="62" /><ent r="7" t="45" w="76" /><ent r="7" t="45" w="93" /><ent r="7" t="45" w="108" /><ent r="7" t="45" w="132" /><ent r="7" t="45" w="152" /><ent r="7" t="45" w="171" /><ent r="7" t="45" w="208" /></phr></stem></index>