﻿<?xml version="1.0" encoding="utf-8"?><index><stem n="content-typ"><phr n="Content-Type"><ent r="10" t="16" w="926" /><ent r="9" t="16" w="959" /></phr><phr n="content-type"><ent r="9" t="16" w="932" /></phr></stem><stem n="header"><phr n="Header"><ent r="10" t="16" w="928" /></phr><phr n="header"><ent r="9" t="16" w="934" /><ent r="9" t="16" w="943" /><ent r="9" t="16" w="954" /></phr></stem><stem n="'post'"><phr n="'POST'"><ent r="9" t="16" w="967" /></phr></stem><stem n=":context"><phr n=":context"><ent r="100" t="16" w="1075" /></phr></stem><stem n="4"><phr n="4"><ent r="5" t="16" w="1122" /><ent r="3" t="17" w="528" /><ent r="3" t="31" w="1389" /><ent r="3" t="31" w="1392" /><ent r="3" t="34" w="1709" /></phr></stem><stem n="pertain"><phr n="pertains"><ent r="7" t="16" w="1139" /></phr></stem><stem n="&quot;ssg"><phr n="&quot;SSG"><ent r="7" t="16" w="1142" /><ent r="7" t="16" w="1145" /></phr></stem><stem n="syntax"><phr n="Syntax"><ent r="8" t="16" w="1148" /><ent r="8" t="16" w="1173" /><ent r="8" t="16" w="1205" /><ent r="8" t="16" w="1236" /><ent r="8" t="16" w="1260" /><ent r="8" t="16" w="1281" /><ent r="8" t="16" w="1329" /></phr></stem><stem n="$"><phr n="$"><ent r="8" t="16" w="1149" /><ent r="8" t="16" w="1174" /><ent r="8" t="16" w="1206" /><ent r="8" t="16" w="1237" /><ent r="8" t="16" w="1261" /><ent r="8" t="16" w="1282" /><ent r="8" t="16" w="1330" /></phr></stem><stem n="monitoring.context"><phr n="monitoring.context"><ent r="8" t="16" w="1151" /><ent r="8" t="16" w="1150" /><ent r="8" t="16" w="1176" /><ent r="8" t="16" w="1175" /><ent r="8" t="16" w="1208" /><ent r="8" t="16" w="1207" /><ent r="8" t="16" w="1239" /><ent r="8" t="16" w="1238" /><ent r="8" t="16" w="1263" /><ent r="8" t="16" w="1262" /><ent r="8" t="16" w="1284" /><ent r="8" t="16" w="1283" /><ent r="8" t="16" w="1332" /><ent r="8" t="16" w="1331" /></phr></stem><stem n="monitoring.context.entitytyp"><phr n="monitoring.context.entityType"><ent r="8" t="16" w="1152" /><ent r="8" t="16" w="1150" /></phr></stem><stem n="entitytyp"><phr n="entityType"><ent r="8" t="16" w="1152" /></phr></stem><stem n="{monitoring.context.entitytype}"><phr n="{monitoring.context.entityType}"><ent r="8" t="16" w="1153" /></phr></stem><stem n="&amp;"><phr n="&amp;"><ent r="8" t="16" w="1156" /></phr></stem><stem n="monitoring.context.entitypathnam"><phr n="monitoring.context.entityPathName"><ent r="8" t="16" w="1177" /><ent r="8" t="16" w="1175" /></phr></stem><stem n="entitypathnam"><phr n="entityPathName"><ent r="8" t="16" w="1177" /></phr></stem><stem n="{monitoring.context.entitypathname}"><phr n="{monitoring.context.entityPathName}"><ent r="8" t="16" w="1178" /></phr></stem><stem n="monitoring.context.propertytyp"><phr n="monitoring.context.propertyType"><ent r="8" t="16" w="1209" /><ent r="8" t="16" w="1207" /></phr></stem><stem n="propertytyp"><phr n="propertyType"><ent r="8" t="16" w="1209" /></phr></stem><stem n="{monitoring.context.propertytype}"><phr n="{monitoring.context.propertyType}"><ent r="8" t="16" w="1210" /></phr></stem><stem n="52"><phr n="52"><ent r="7" t="16" w="1226" /></phr></stem><stem n="&quot;52&quot;"><phr n="&quot;52&quot;"><ent r="7" t="16" w="1227" /></phr></stem><stem n="cpu"><phr n="CPU"><ent r="7" t="16" w="1228" /><ent r="7" t="16" w="1253" /><ent r="8" t="31" w="376" /><ent r="8" t="31" w="393" /><ent r="7" t="31" w="400" /><ent r="7" t="31" w="1289" /></phr><phr n="CPUs"><ent r="7" t="31" w="385" /><ent r="7" t="31" w="404" /></phr></stem><stem n="temperatur"><phr n="temperature"><ent r="7" t="16" w="1229" /><ent r="7" t="16" w="1254" /><ent r="8" t="31" w="377" /><ent r="7" t="31" w="381" /><ent r="7" t="31" w="1290" /></phr></stem><stem n="&quot;fail&quot;"><phr n="&quot;FAIL&quot;"><ent r="7" t="16" w="1232" /></phr></stem><stem n="raid"><phr n="RAID"><ent r="7" t="16" w="1233" /><ent r="7" t="16" w="1257" /><ent r="8" t="31" w="354" /><ent r="7" t="31" w="362" /><ent r="7" t="31" w="367" /></phr></stem><stem n="monitoring.context.propertyvalu"><phr n="monitoring.context.propertyValue"><ent r="8" t="16" w="1240" /><ent r="8" t="16" w="1238" /></phr></stem><stem n="propertyvalu"><phr n="propertyValue"><ent r="8" t="16" w="1240" /></phr></stem><stem n="{monitoring.context.propertyvalue}"><phr n="{monitoring.context.propertyValue}"><ent r="8" t="16" w="1241" /></phr></stem><stem n="unit"><phr n="Unit"><ent r="8" t="16" w="1243" /></phr><phr n="unit"><ent r="7" t="16" w="1247" /><ent r="4" t="26" w="404" /></phr></stem><stem n="measur"><phr n="measurement"><ent r="7" t="16" w="1246" /></phr></stem><stem n="&quot;deg"><phr n="&quot;deg"><ent r="7" t="16" w="1250" /></phr></stem><stem n="deg"><phr n="deg"><ent r="7" t="16" w="1250" /></phr></stem><stem n="c"><phr n="C"><ent r="7" t="16" w="1251" /><ent r="7" t="31" w="391" /></phr></stem><stem n="blank"><phr n="blank"><ent r="7" t="16" w="1255" /><ent r="4" t="27" w="699" /><ent r="3" t="27" w="966" /><ent r="7" t="36" w="926" /></phr></stem><stem n="monitoring.context.propertyunit"><phr n="monitoring.context.propertyUnit"><ent r="8" t="16" w="1264" /><ent r="8" t="16" w="1262" /></phr></stem><stem n="propertyunit"><phr n="propertyUnit"><ent r="8" t="16" w="1264" /></phr></stem><stem n="{monitoring.context.propertyunit}"><phr n="{monitoring.context.propertyUnit}"><ent r="8" t="16" w="1265" /></phr></stem><stem n="&quot;normal&quot;"><phr n="&quot;normal&quot;"><ent r="7" t="16" w="1277" /></phr></stem><stem n="&quot;alert&quot;"><phr n="&quot;alert&quot;"><ent r="7" t="16" w="1279" /></phr></stem><stem n="monitoring.context.propertyst"><phr n="monitoring.context.propertyState"><ent r="8" t="16" w="1285" /><ent r="8" t="16" w="1283" /></phr></stem><stem n="propertyst"><phr n="propertyState"><ent r="8" t="16" w="1285" /></phr></stem><stem n="{monitoring.context.propertystate}"><phr n="{monitoring.context.propertyState}"><ent r="8" t="16" w="1286" /></phr></stem><stem n="overridden"><phr n="overridden"><ent r="7" t="16" w="1318" /></phr></stem><stem n="monitoring.context.triggervalu"><phr n="monitoring.context.triggerValue"><ent r="8" t="16" w="1333" /><ent r="8" t="16" w="1331" /></phr></stem><stem n="triggervalu"><phr n="triggerValue"><ent r="8" t="16" w="1333" /></phr></stem><stem n="{monitoring.context.triggervalue}"><phr n="{monitoring.context.triggerValue}"><ent r="8" t="16" w="1334" /></phr></stem><stem n=":migrat"><phr n=":migrating"><ent r="100" t="17" w="14" /><ent r="100" t="17" w="17" /></phr></stem><stem n="(migrate)"><phr n="(migrate)"><ent r="3" t="17" w="33" /></phr></stem><stem n="conveni"><phr n="convenient"><ent r="3" t="17" w="53" /></phr></stem><stem n="wai"><phr n="way"><ent r="3" t="17" w="54" /></phr></stem><stem n="depend"><phr n="dependencies"><ent r="3" t="17" w="62" /><ent r="4" t="17" w="287" /><ent r="3" t="17" w="314" /><ent r="4" t="17" w="391" /><ent r="4" t="17" w="411" /><ent r="3" t="17" w="429" /><ent r="3" t="17" w="448" /><ent r="3" t="17" w="463" /><ent r="3" t="34" w="48" /><ent r="3" t="34" w="347" /><ent r="3" t="34" w="372" /><ent r="3" t="34" w="386" /><ent r="4" t="34" w="396" /><ent r="4" t="34" w="446" /><ent r="4" t="34" w="506" /><ent r="4" t="34" w="528" /><ent r="3" t="34" w="547" /><ent r="4" t="34" w="1698" /><ent r="3" t="34" w="1750" /><ent r="4" t="34" w="1775" /><ent r="3" t="34" w="1902" /><ent r="3" t="34" w="1912" /><ent r="4" t="34" w="1942" /><ent r="4" t="34" w="2052" /><ent r="6" t="35" w="220" /></phr><phr n="Dependencies"><ent r="5" t="17" w="292" /><ent r="65" t="17" w="300" /><ent r="65" t="17" w="307" /><ent r="3" t="17" w="408" /><ent r="65" t="17" w="424" /><ent r="64" t="17" w="457" /><ent r="100" t="34" w="7" /><ent r="92" t="34" w="336" /><ent r="82" t="34" w="1706" /><ent r="3" t="34" w="1713" /><ent r="5" t="34" w="1781" /><ent r="4" t="34" w="1786" /><ent r="82" t="34" w="1890" /><ent r="3" t="34" w="1894" /><ent r="4" t="34" w="1908" /><ent r="64" t="34" w="1931" /><ent r="3" t="34" w="1937" /></phr><phr n="dependency"><ent r="3" t="17" w="440" /><ent r="3" t="34" w="1718" /><ent r="4" t="34" w="1761" /></phr><phr n="depends"><ent r="4" t="34" w="1387" /><ent r="7" t="36" w="1012" /><ent r="6" t="44" w="404" /></phr><phr n="depending"><ent r="6" t="35" w="208" /></phr><phr n="Depending"><ent r="7" t="36" w="400" /></phr></stem><stem n="so"><phr n="so"><ent r="3" t="17" w="67" /><ent r="3" t="34" w="57" /><ent r="4" t="34" w="1691" /></phr></stem><stem n="target"><phr n="target"><ent r="3" t="17" w="77" /><ent r="3" t="17" w="95" /><ent r="7" t="28" w="266" /><ent r="4" t="34" w="272" /><ent r="4" t="34" w="287" /><ent r="4" t="34" w="1002" /><ent r="4" t="34" w="1458" /><ent r="4" t="34" w="1501" /><ent r="3" t="34" w="1549" /><ent r="4" t="34" w="1998" /><ent r="7" t="36" w="1036" /></phr></stem><stem n="temporarili"><phr n="temporarily"><ent r="3" t="17" w="109" /><ent r="3" t="31" w="128" /><ent r="4" t="34" w="1068" /></phr></stem><stem n="simpli"><phr n="simply"><ent r="3" t="17" w="114" /><ent r="4" t="23" w="310" /><ent r="4" t="24" w="166" /><ent r="6" t="35" w="345" /></phr></stem><stem n="reload"><phr n="Reload"><ent r="5" t="17" w="160" /><ent r="65" t="17" w="167" /><ent r="65" t="17" w="575" /><ent r="82" t="34" w="1104" /><ent r="3" t="34" w="1109" /><ent r="4" t="34" w="1130" /><ent r="6" t="35" w="134" /></phr><phr n="Reloading"><ent r="3" t="34" w="1133" /><ent r="4" t="34" w="1184" /></phr><phr n="reloaded"><ent r="6" t="35" w="283" /></phr></stem><stem n="sourc"><phr n="Source"><ent r="4" t="17" w="173" /><ent r="65" t="17" w="190" /><ent r="65" t="17" w="346" /><ent r="5" t="34" w="1032" /><ent r="82" t="34" w="1196" /><ent r="3" t="34" w="1202" /><ent r="4" t="34" w="1274" /><ent r="5" t="34" w="1968" /><ent r="7" t="35" w="165" /></phr><phr n="source"><ent r="4" t="17" w="177" /><ent r="4" t="17" w="202" /><ent r="4" t="17" w="340" /><ent r="4" t="17" w="380" /><ent r="3" t="17" w="525" /><ent r="3" t="18" w="203" /><ent r="4" t="34" w="304" /><ent r="4" t="34" w="407" /><ent r="3" t="34" w="606" /><ent r="3" t="34" w="676" /><ent r="4" t="34" w="704" /><ent r="4" t="34" w="926" /><ent r="4" t="34" w="960" /><ent r="4" t="34" w="1049" /><ent r="3" t="34" w="1212" /><ent r="4" t="34" w="1327" /><ent r="4" t="34" w="1499" /><ent r="4" t="34" w="1516" /><ent r="3" t="34" w="1537" /><ent r="3" t="34" w="1559" /><ent r="5" t="34" w="2007" /><ent r="6" t="35" w="169" /></phr><phr n="sources"><ent r="4" t="34" w="2021" /></phr></stem><stem n="panel"><phr n="panel"><ent r="4" t="17" w="174" /><ent r="4" t="17" w="319" /></phr></stem><stem n="/destin"><phr n="/Destination"><ent r="65" t="17" w="191" /><ent r="65" t="17" w="257" /><ent r="65" t="17" w="347" /><ent r="65" t="17" w="374" /><ent r="82" t="34" w="1197" /><ent r="3" t="34" w="1203" /><ent r="82" t="34" w="1260" /><ent r="3" t="34" w="1268" /><ent r="3" t="34" w="1743" /></phr><phr n="/destination"><ent r="3" t="18" w="204" /></phr></stem><stem n="source/destin"><phr n="Source/Destination"><ent r="65" t="17" w="191" /><ent r="65" t="17" w="190" /><ent r="65" t="17" w="347" /><ent r="65" t="17" w="346" /><ent r="82" t="34" w="1197" /><ent r="82" t="34" w="1196" /><ent r="3" t="34" w="1203" /><ent r="3" t="34" w="1202" /></phr><phr n="source/destination"><ent r="3" t="18" w="204" /><ent r="3" t="18" w="203" /></phr></stem><stem n="preserv"><phr n="preserve"><ent r="4" t="17" w="196" /></phr></stem><stem n="structur"><phr n="structure"><ent r="4" t="17" w="199" /><ent r="3" t="34" w="641" /><ent r="4" t="34" w="1319" /></phr></stem><stem n="leav"><phr n="leave"><ent r="4" t="17" w="216" /><ent r="4" t="34" w="1426" /></phr><phr n="Leave"><ent r="4" t="27" w="693" /></phr></stem><stem n="unselect"><phr n="unselected"><ent r="4" t="17" w="220" /></phr><phr n="unselect"><ent r="3" t="34" w="1301" /></phr></stem><stem n="flatten"><phr n="flattened"><ent r="4" t="17" w="224" /><ent r="4" t="34" w="1342" /></phr></stem><stem n="&quot;flattened&quot;"><phr n="&quot;flattened&quot;"><ent r="4" t="17" w="225" /><ent r="4" t="34" w="1343" /></phr></stem><stem n="migrate/destin"><phr n="Migrate/Destination"><ent r="65" t="17" w="257" /><ent r="65" t="17" w="256" /><ent r="65" t="17" w="374" /><ent r="65" t="17" w="373" /><ent r="82" t="34" w="1260" /><ent r="82" t="34" w="1259" /><ent r="3" t="34" w="1268" /><ent r="3" t="34" w="1267" /><ent r="3" t="34" w="1743" /><ent r="3" t="34" w="1742" /></phr></stem><stem n="child"><phr n="child"><ent r="4" t="17" w="272" /><ent r="3" t="34" w="1296" /><ent r="3" t="34" w="1302" /></phr></stem><stem n="understand"><phr n="Understanding"><ent r="65" t="17" w="299" /><ent r="92" t="34" w="335" /><ent r="64" t="34" w="1930" /></phr><phr n="understand"><ent r="3" t="34" w="370" /></phr></stem><stem n="/item"><phr n="/Item"><ent r="65" t="17" w="306" /><ent r="82" t="34" w="1705" /><ent r="3" t="34" w="1712" /></phr></stem><stem n="details/item"><phr n="Details/Item"><ent r="65" t="17" w="306" /><ent r="65" t="17" w="305" /><ent r="82" t="34" w="1705" /><ent r="82" t="34" w="1704" /><ent r="3" t="34" w="1712" /><ent r="3" t="34" w="1711" /></phr></stem><stem n="overwrit"><phr n="overwrite"><ent r="5" t="17" w="360" /><ent r="5" t="34" w="1474" /><ent r="4" t="34" w="1483" /><ent r="4" t="34" w="1508" /><ent r="5" t="34" w="1589" /></phr><phr n="overwriting"><ent r="3" t="34" w="1526" /></phr></stem><stem n="exist"><phr n="existing"><ent r="5" t="17" w="361" /><ent r="4" t="20" w="38" /><ent r="4" t="21" w="39" /><ent r="4" t="23" w="280" /><ent r="5" t="34" w="1475" /><ent r="5" t="34" w="1590" /><ent r="4" t="42" w="386" /></phr><phr n="exist"><ent r="3" t="26" w="578" /><ent r="4" t="34" w="722" /><ent r="4" t="34" w="741" /><ent r="4" t="34" w="923" /><ent r="4" t="34" w="1444" /></phr><phr n="exists"><ent r="6" t="32" w="522" /><ent r="3" t="34" w="851" /><ent r="3" t="34" w="866" /><ent r="4" t="34" w="1393" /><ent r="4" t="34" w="1495" /><ent r="3" t="34" w="1533" /></phr></stem><stem n="intervent"><phr n="intervention"><ent r="4" t="17" w="394" /></phr></stem><stem n="none"><phr n="none"><ent r="3" t="17" w="433" /></phr><phr n="None"><ent r="7" t="36" w="750" /></phr></stem><stem n="decid"><phr n="decide"><ent r="3" t="17" w="443" /><ent r="4" t="27" w="163" /></phr></stem><stem n="caus"><phr n="caused"><ent r="3" t="17" w="508" /><ent r="7" t="36" w="935" /></phr><phr n="causes"><ent r="4" t="31" w="536" /><ent r="4" t="34" w="1005" /></phr><phr n="Causes"><ent r="82" t="34" w="975" /></phr><phr n="cause"><ent r="4" t="34" w="1026" /></phr></stem><stem n="(1)"><phr n="(1)"><ent r="3" t="17" w="512" /><ent r="3" t="27" w="589" /><ent r="3" t="27" w="987" /><ent r="6" t="28" w="183" /><ent r="3" t="31" w="1027" /><ent r="6" t="32" w="200" /><ent r="7" t="36" w="892" /></phr></stem><stem n="(2)"><phr n="(2)"><ent r="3" t="17" w="518" /><ent r="3" t="27" w="606" /><ent r="3" t="27" w="995" /><ent r="6" t="28" w="190" /><ent r="3" t="31" w="1059" /><ent r="6" t="32" w="217" /><ent r="7" t="36" w="913" /></phr></stem><stem n="satisfactori"><phr n="satisfactory"><ent r="4" t="17" w="542" /></phr></stem><stem n="label"><phr n="label"><ent r="4" t="17" w="547" /><ent r="4" t="17" w="553" /><ent r="4" t="17" w="587" /><ent r="4" t="17" w="596" /><ent r="4" t="34" w="1157" /><ent r="4" t="34" w="1167" /><ent r="6" t="35" w="117" /><ent r="6" t="35" w="238" /></phr><phr n="Label"><ent r="7" t="35" w="113" /><ent r="7" t="35" w="230" /><ent r="8" t="35" w="391" /><ent r="7" t="44" w="248" /></phr><phr n="labels"><ent r="6" t="35" w="125" /></phr></stem><stem n="easier"><phr n="easier"><ent r="4" t="17" w="556" /><ent r="7" t="36" w="881" /></phr></stem><stem n="histori"><phr n="History"><ent r="65" t="17" w="564" /><ent r="65" t="17" w="601" /><ent r="64" t="17" w="632" /><ent r="64" t="18" w="31" /><ent r="126" t="33" w="57" /><ent r="65" t="34" w="1180" /><ent r="1000" t="35" w="1" /><ent r="100" t="35" w="4" /><ent r="102" t="35" w="10" /><ent r="3" t="35" w="14" /><ent r="4" t="35" w="70" /></phr><phr n="history"><ent r="4" t="34" w="939" /><ent r="100" t="35" w="8" /></phr></stem><stem n="proce"><phr n="proceed"><ent r="4" t="17" w="610" /><ent r="3" t="34" w="542" /><ent r="3" t="34" w="1923" /></phr></stem><stem n="/polici"><phr n="/policy"><ent r="64" t="18" w="25" /></phr></stem><stem n="service/polici"><phr n="service/policy"><ent r="64" t="18" w="25" /><ent r="64" t="18" w="24" /></phr></stem><stem n="rang"><phr n="range"><ent r="4" t="18" w="56" /><ent r="4" t="18" w="97" /><ent r="6" t="35" w="87" /></phr></stem><stem n="retain"><phr n="retain"><ent r="3" t="18" w="131" /><ent r="6" t="35" w="274" /></phr><phr n="retained"><ent r="3" t="39" w="84" /></phr></stem><stem n="past"><phr n="pasted"><ent r="3" t="18" w="155" /></phr><phr n="past"><ent r="3" t="38" w="35" /></phr></stem><stem n="applic"><phr n="application"><ent r="3" t="18" w="158" /><ent r="3" t="40" w="40" /></phr><phr n="applicable"><ent r="4" t="26" w="359" /><ent r="7" t="31" w="1187" /><ent r="3" t="32" w="140" /></phr></stem><stem n="“to"><phr n="“To"><ent r="4" t="18" w="164" /><ent r="4" t="18" w="222" /></phr></stem><stem n="particular"><phr n="particular"><ent r="3" t="18" w="215" /></phr></stem><stem n=":creat"><phr n=":creating"><ent r="100" t="19" w="14" /><ent r="100" t="32" w="8" /></phr></stem><stem n="-128"><phr n="-128"><ent r="4" t="19" w="90" /><ent r="4" t="19" w="90" /><ent r="6" t="43" w="105" /><ent r="6" t="43" w="105" /></phr></stem><stem n="3-128"><phr n="3-128"><ent r="4" t="19" w="90" /><ent r="6" t="43" w="105" /></phr></stem><stem n="-32"><phr n="-32"><ent r="4" t="19" w="118" /><ent r="4" t="19" w="118" /><ent r="6" t="43" w="139" /><ent r="6" t="43" w="139" /></phr></stem><stem n="6-32"><phr n="6-32"><ent r="4" t="19" w="118" /><ent r="6" t="43" w="139" /></phr></stem><stem n="user'"><phr n="user's"><ent r="4" t="19" w="159" /><ent r="4" t="19" w="158" /><ent r="4" t="19" w="171" /><ent r="4" t="19" w="170" /><ent r="4" t="19" w="184" /><ent r="4" t="19" w="183" /><ent r="3" t="22" w="135" /><ent r="3" t="22" w="134" /><ent r="6" t="43" w="165" /><ent r="6" t="43" w="164" /><ent r="6" t="43" w="176" /><ent r="6" t="43" w="175" /><ent r="6" t="44" w="525" /><ent r="6" t="44" w="524" /><ent r="6" t="44" w="548" /><ent r="6" t="44" w="547" /></phr></stem><stem n="surnam"><phr n="Surname"><ent r="5" t="19" w="167" /><ent r="4" t="23" w="375" /><ent r="4" t="24" w="231" /><ent r="7" t="43" w="161" /></phr><phr n="surname"><ent r="6" t="43" w="166" /></phr></stem><stem n="last"><phr n="last"><ent r="4" t="19" w="172" /><ent r="6" t="36" w="1131" /><ent r="6" t="36" w="1170" /><ent r="6" t="36" w="1212" /><ent r="6" t="36" w="1227" /><ent r="6" t="36" w="1268" /><ent r="6" t="36" w="1283" /></phr><phr n="Last"><ent r="5" t="26" w="386" /><ent r="8" t="36" w="637" /><ent r="4" t="36" w="1110" /></phr></stem><stem n="given"><phr n="Given"><ent r="5" t="19" w="179" /><ent r="4" t="23" w="377" /><ent r="4" t="24" w="233" /><ent r="7" t="43" w="171" /></phr><phr n="given"><ent r="6" t="29" w="56" /><ent r="7" t="36" w="427" /><ent r="6" t="43" w="177" /></phr></stem><stem n="255"><phr n="255"><ent r="4" t="19" w="203" /><ent r="6" t="43" w="198" /></phr></stem><stem n="abil"><phr n="ability"><ent r="4" t="19" w="242" /><ent r="4" t="44" w="113" /></phr></stem><stem n="anyth"><phr n="anything"><ent r="4" t="19" w="248" /></phr></stem><stem n="rest"><phr n="rests"><ent r="4" t="19" w="252" /></phr></stem><stem n="unrestrict"><phr n="unrestricted"><ent r="4" t="19" w="273" /><ent r="4" t="23" w="72" /></phr></stem><stem n=".)"><phr n=".)"><ent r="4" t="19" w="295" /><ent r="3" t="27" w="840" /><ent r="3" t="34" w="141" /><ent r="3" t="34" w="431" /><ent r="6" t="44" w="492" /></phr></stem><stem n="mandatori"><phr n="mandatory"><ent r="4" t="19" w="347" /><ent r="3" t="22" w="104" /></phr></stem><stem n=":edit"><phr n=":editing"><ent r="100" t="20" w="12" /></phr></stem><stem n=":delet"><phr n=":deleting"><ent r="100" t="21" w="12" /></phr></stem><stem n="deni"><phr n="denied"><ent r="4" t="21" w="94" /></phr></stem><stem n="soon"><phr n="soon"><ent r="4" t="21" w="97" /><ent r="4" t="23" w="432" /><ent r="4" t="24" w="288" /></phr></stem><stem n=":role"><phr n=":roles"><ent r="100" t="22" w="10" /><ent r="100" t="24" w="20" /></phr></stem><stem n=":manag"><phr n=":managing"><ent r="100" t="22" w="13" /></phr></stem><stem n="“assign"><phr n="“Assigned"><ent r="7" t="22" w="195" /><ent r="7" t="22" w="219" /><ent r="7" t="22" w="251" /><ent r="7" t="22" w="255" /></phr></stem><stem n="“unassign"><phr n="“Unassigned"><ent r="7" t="22" w="199" /><ent r="7" t="22" w="276" /></phr></stem><stem n="unassign"><phr n="Unassigned"><ent r="7" t="22" w="199" /><ent r="7" t="22" w="276" /><ent r="5" t="23" w="292" /><ent r="4" t="23" w="398" /><ent r="4" t="24" w="259" /><ent r="6" t="44" w="385" /><ent r="6" t="44" w="447" /></phr><phr n="Unassign"><ent r="8" t="22" w="265" /><ent r="5" t="24" w="245" /><ent r="7" t="44" w="513" /></phr><phr n="unassigned"><ent r="6" t="44" w="541" /></phr></stem><stem n="”,"><phr n="”,"><ent r="7" t="22" w="201" /><ent r="7" t="22" w="257" /></phr></stem><stem n="try"><phr n="try"><ent r="6" t="22" w="300" /><ent r="6" t="38" w="133" /><ent r="6" t="39" w="162" /></phr></stem><stem n="“user"><phr n="“User"><ent r="7" t="22" w="308" /></phr></stem><stem n="ascend"><phr n="ascending"><ent r="7" t="22" w="317" /></phr></stem><stem n="/descend"><phr n="/descending"><ent r="7" t="22" w="318" /></phr></stem><stem n="ascending/descend"><phr n="ascending/descending"><ent r="7" t="22" w="318" /><ent r="7" t="22" w="317" /></phr></stem><stem n="descend"><phr n="descending"><ent r="7" t="22" w="318" /></phr></stem><stem n="alphabet"><phr n="alphabetical"><ent r="7" t="22" w="319" /></phr></stem><stem n="search"><phr n="Search"><ent r="7" t="22" w="322" /><ent r="5" t="34" w="2150" /><ent r="7" t="44" w="333" /><ent r="7" t="44" w="372" /><ent r="6" t="44" w="407" /></phr><phr n="searching"><ent r="7" t="22" w="340" /><ent r="4" t="34" w="2116" /><ent r="6" t="44" w="339" /></phr><phr n="search"><ent r="4" t="23" w="326" /><ent r="4" t="23" w="335" /><ent r="4" t="23" w="381" /><ent r="4" t="24" w="182" /><ent r="4" t="24" w="191" /><ent r="4" t="24" w="237" /><ent r="4" t="34" w="2086" /><ent r="4" t="34" w="2096" /><ent r="4" t="34" w="2157" /><ent r="6" t="44" w="347" /><ent r="6" t="44" w="369" /><ent r="6" t="44" w="397" /></phr><phr n="Searching"><ent r="4" t="23" w="360" /><ent r="4" t="24" w="216" /><ent r="3" t="34" w="2064" /><ent r="4" t="34" w="2154" /></phr><phr n="searched"><ent r="4" t="23" w="372" /><ent r="4" t="24" w="228" /></phr></stem><stem n="anywher"><phr n="anywhere"><ent r="7" t="22" w="334" /><ent r="4" t="34" w="2110" /><ent r="6" t="44" w="356" /></phr></stem><stem n="smit"><phr n="smit"><ent r="7" t="22" w="342" /></phr></stem><stem n="“smit”"><phr n="“smit”"><ent r="7" t="22" w="343" /></phr></stem><stem n="jsmith"><phr n="JSmith"><ent r="7" t="22" w="345" /><ent r="7" t="22" w="368" /><ent r="4" t="34" w="2121" /><ent r="4" t="34" w="2142" /></phr><phr n="JSMITH"><ent r="4" t="27" w="892" /><ent r="4" t="27" w="907" /></phr></stem><stem n="“jsmith”"><phr n="“JSmith”"><ent r="7" t="22" w="346" /><ent r="7" t="22" w="369" /><ent r="4" t="34" w="2122" /><ent r="4" t="34" w="2143" /></phr></stem><stem n="asmith"><phr n="ASmithe"><ent r="7" t="22" w="347" /></phr></stem><stem n="&quot;asmithe&quot;."><phr n="&quot;ASmithe&quot;."><ent r="7" t="22" w="348" /></phr></stem><stem n="match"><phr n="match"><ent r="7" t="22" w="354" /><ent r="4" t="27" w="438" /><ent r="4" t="27" w="477" /><ent r="4" t="27" w="673" /><ent r="3" t="27" w="726" /><ent r="4" t="34" w="2128" /></phr><phr n="matched"><ent r="6" t="44" w="403" /></phr><phr n="matching"><ent r="6" t="44" w="419" /></phr></stem><stem n="js"><phr n="js"><ent r="7" t="22" w="365" /><ent r="4" t="34" w="2139" /></phr></stem><stem n="“js”"><phr n="“js”"><ent r="7" t="22" w="366" /><ent r="4" t="34" w="2140" /></phr></stem><stem n="jsimpson"><phr n="JSimpson"><ent r="7" t="22" w="370" /><ent r="4" t="34" w="2144" /></phr></stem><stem n="“jsimpson”."><phr n="“JSimpson”."><ent r="7" t="22" w="371" /></phr></stem><stem n="'super"><phr n="'super"><ent r="4" t="23" w="68" /></phr></stem><stem n="super"><phr n="super"><ent r="4" t="23" w="68" /></phr></stem><stem n="unabl"><phr n="unable"><ent r="4" t="23" w="124" /></phr><phr n="Unable"><ent r="3" t="31" w="1503" /></phr></stem><stem n="act"><phr n="act"><ent r="4" t="23" w="126" /><ent r="4" t="34" w="209" /></phr></stem><stem n="upon"><phr n="upon"><ent r="4" t="23" w="127" /><ent r="7" t="31" w="373" /></phr></stem><stem n="certain"><phr n="certain"><ent r="4" t="23" w="137" /><ent r="4" t="31" w="566" /><ent r="3" t="38" w="37" /></phr></stem><stem n="administrative-typ"><phr n="administrative-type"><ent r="4" t="23" w="138" /></phr></stem><stem n=".)."><phr n=".)."><ent r="4" t="23" w="150" /></phr></stem><stem n="&quot;manag"><phr n="&quot;Manage"><ent r="4" t="23" w="151" /><ent r="4" t="44" w="170" /></phr></stem><stem n="whenev"><phr n="whenever"><ent r="4" t="23" w="159" /></phr></stem><stem n="-specif"><phr n="-specific"><ent r="3" t="23" w="195" /><ent r="3" t="23" w="195" /><ent r="3" t="40" w="19" /><ent r="3" t="40" w="19" /><ent r="3" t="42" w="30" /><ent r="3" t="42" w="30" /><ent r="4" t="44" w="147" /><ent r="4" t="44" w="147" /><ent r="3" t="44" w="207" /><ent r="3" t="44" w="207" /></phr></stem><stem n="cluster-specif"><phr n="cluster-specific"><ent r="3" t="23" w="195" /><ent r="3" t="44" w="207" /></phr></stem><stem n="suffici"><phr n="sufficient"><ent r="3" t="23" w="214" /><ent r="3" t="34" w="92" /><ent r="3" t="44" w="226" /></phr></stem><stem n="lengthi"><phr n="lengthy"><ent r="4" t="23" w="323" /><ent r="4" t="24" w="179" /><ent r="7" t="36" w="1063" /></phr></stem><stem n="criteria"><phr n="criteria"><ent r="4" t="23" w="327" /><ent r="4" t="24" w="183" /><ent r="4" t="27" w="651" /></phr></stem><stem n="narrow"><phr n="narrow"><ent r="4" t="23" w="329" /><ent r="4" t="24" w="185" /></phr></stem><stem n="few"><phr n="few"><ent r="4" t="23" w="340" /><ent r="4" t="24" w="196" /></phr></stem><stem n="(&quot;"><phr n="(&quot;"><ent r="4" t="23" w="346" /><ent r="4" t="23" w="357" /><ent r="4" t="24" w="202" /><ent r="4" t="24" w="213" /></phr></stem><stem n="&quot;)"><phr n="&quot;)"><ent r="4" t="23" w="350" /><ent r="4" t="24" w="206" /></phr></stem><stem n="&quot;)."><phr n="&quot;)."><ent r="4" t="23" w="360" /><ent r="4" t="24" w="216" /><ent r="3" t="31" w="1361" /></phr></stem><stem n="case"><phr n="case"><ent r="4" t="23" w="362" /><ent r="4" t="24" w="218" /><ent r="4" t="27" w="682" /></phr></stem><stem n="insensit"><phr n="insensitive"><ent r="4" t="23" w="363" /><ent r="4" t="24" w="219" /></phr></stem><stem n="&quot;unassign"><phr n="&quot;Unassigned"><ent r="4" t="23" w="398" /><ent r="4" t="24" w="259" /><ent r="6" t="44" w="385" /><ent r="6" t="44" w="447" /></phr></stem><stem n="&quot;assign"><phr n="&quot;Assigned"><ent r="4" t="23" w="403" /><ent r="4" t="24" w="254" /><ent r="6" t="44" w="382" /><ent r="6" t="44" w="432" /></phr></stem><stem n="switch"><phr n="switches"><ent r="4" t="23" w="446" /><ent r="4" t="24" w="302" /></phr></stem><stem n="rescind"><phr n="rescind"><ent r="3" t="24" w="41" /><ent r="3" t="24" w="52" /></phr></stem><stem n="reset"><phr n="Resetting"><ent r="1000" t="25" w="1" /><ent r="100" t="25" w="5" /><ent r="102" t="25" w="12" /></phr><phr n="resetting"><ent r="100" t="25" w="10" /></phr><phr n="reset"><ent r="3" t="25" w="19" /><ent r="3" t="25" w="44" /><ent r="4" t="25" w="49" /><ent r="4" t="25" w="77" /><ent r="4" t="25" w="101" /><ent r="6" t="41" w="91" /></phr><phr n="Reset"><ent r="4" t="25" w="83" /><ent r="5" t="25" w="98" /></phr></stem></index>