<?xml version="1.0" encoding="utf-8"?><index><stem n="databa"><phr n="database"><ent r="6" t="3" w="518" /><ent r="6" t="3" w="518" /><ent r="6" t="3" w="543" /><ent r="6" t="3" w="543" /><ent r="7" t="3" w="1166" /><ent r="7" t="3" w="1166" /><ent r="4" t="23" w="356" /><ent r="4" t="23" w="356" /><ent r="4" t="24" w="299" /><ent r="4" t="24" w="299" /><ent r="4" t="27" w="698" /><ent r="4" t="27" w="698" /><ent r="7" t="31" w="245" /><ent r="7" t="31" w="245" /><ent r="7" t="31" w="262" /><ent r="7" t="31" w="262" /><ent r="4" t="34" w="1079" /><ent r="4" t="34" w="1079" /></phr><phr n="Database"><ent r="7" t="3" w="1161" /><ent r="7" t="3" w="1161" /></phr></stem><stem n="atabas"><phr n="database"><ent r="6" t="3" w="518" /><ent r="6" t="3" w="518" /><ent r="6" t="3" w="543" /><ent r="6" t="3" w="543" /><ent r="7" t="3" w="1166" /><ent r="7" t="3" w="1166" /><ent r="4" t="23" w="356" /><ent r="4" t="23" w="356" /><ent r="4" t="24" w="299" /><ent r="4" t="24" w="299" /><ent r="4" t="27" w="698" /><ent r="4" t="27" w="698" /><ent r="7" t="31" w="245" /><ent r="7" t="31" w="245" /><ent r="7" t="31" w="262" /><ent r="7" t="31" w="262" /><ent r="4" t="34" w="1079" /><ent r="4" t="34" w="1079" /></phr><phr n="Database"><ent r="7" t="3" w="1161" /><ent r="7" t="3" w="1161" /></phr></stem><stem n="tabase"><phr n="database"><ent r="6" t="3" w="518" /><ent r="6" t="3" w="518" /><ent r="6" t="3" w="543" /><ent r="6" t="3" w="543" /><ent r="7" t="3" w="1166" /><ent r="7" t="3" w="1166" /><ent r="4" t="23" w="356" /><ent r="4" t="23" w="356" /><ent r="4" t="24" w="299" /><ent r="4" t="24" w="299" /><ent r="4" t="27" w="698" /><ent r="4" t="27" w="698" /><ent r="7" t="31" w="245" /><ent r="7" t="31" w="245" /><ent r="7" t="31" w="262" /><ent r="7" t="31" w="262" /><ent r="4" t="34" w="1079" /><ent r="4" t="34" w="1079" /></phr><phr n="Database"><ent r="7" t="3" w="1161" /><ent r="7" t="3" w="1161" /></phr></stem><stem n="atabase"><phr n="database"><ent r="6" t="3" w="518" /><ent r="6" t="3" w="518" /><ent r="6" t="3" w="543" /><ent r="6" t="3" w="543" /><ent r="7" t="3" w="1166" /><ent r="7" t="3" w="1166" /><ent r="4" t="23" w="356" /><ent r="4" t="23" w="356" /><ent r="4" t="24" w="299" /><ent r="4" t="24" w="299" /><ent r="4" t="27" w="698" /><ent r="4" t="27" w="698" /><ent r="7" t="31" w="245" /><ent r="7" t="31" w="245" /><ent r="7" t="31" w="262" /><ent r="7" t="31" w="262" /><ent r="4" t="34" w="1079" /><ent r="4" t="34" w="1079" /></phr><phr n="Database"><ent r="7" t="3" w="1161" /><ent r="7" t="3" w="1161" /></phr></stem><stem n="database"><phr n="database"><ent r="6" t="3" w="518" /><ent r="6" t="3" w="518" /><ent r="6" t="3" w="543" /><ent r="6" t="3" w="543" /><ent r="7" t="3" w="1166" /><ent r="7" t="3" w="1166" /><ent r="4" t="23" w="356" /><ent r="4" t="23" w="356" /><ent r="4" t="24" w="299" /><ent r="4" t="24" w="299" /><ent r="4" t="27" w="698" /><ent r="4" t="27" w="698" /><ent r="7" t="31" w="245" /><ent r="7" t="31" w="245" /><ent r="7" t="31" w="262" /><ent r="7" t="31" w="262" /><ent r="4" t="34" w="1079" /><ent r="4" t="34" w="1079" /></phr><phr n="Database"><ent r="7" t="3" w="1161" /><ent r="7" t="3" w="1161" /></phr></stem><stem n="normal"><phr n="normally"><ent r="6" t="3" w="521" /><ent r="6" t="3" w="672" /><ent r="6" t="3" w="680" /><ent r="6" t="3" w="680" /></phr><phr n="abnormally"><ent r="6" t="3" w="695" /><ent r="6" t="3" w="695" /></phr><phr n="normal"><ent r="7" t="16" w="1251" /><ent r="3" t="17" w="122" /><ent r="3" t="17" w="122" /><ent r="4" t="34" w="1148" /><ent r="4" t="34" w="1148" /></phr></stem><stem n="norm"><phr n="normally"><ent r="6" t="3" w="521" /><ent r="6" t="3" w="672" /><ent r="6" t="3" w="680" /><ent r="6" t="3" w="680" /></phr><phr n="abnormally"><ent r="6" t="3" w="695" /><ent r="6" t="3" w="695" /></phr><phr n="normal"><ent r="7" t="16" w="1251" /><ent r="3" t="17" w="122" /><ent r="3" t="17" w="122" /><ent r="4" t="34" w="1148" /><ent r="4" t="34" w="1148" /></phr></stem><stem n="rmal"><phr n="normally"><ent r="6" t="3" w="521" /><ent r="6" t="3" w="672" /><ent r="6" t="3" w="680" /><ent r="6" t="3" w="680" /></phr><phr n="abnormally"><ent r="6" t="3" w="695" /><ent r="6" t="3" w="695" /></phr><phr n="normal"><ent r="7" t="16" w="1251" /><ent r="3" t="17" w="122" /><ent r="3" t="17" w="122" /><ent r="4" t="34" w="1148" /><ent r="4" t="34" w="1148" /></phr></stem><stem n="mall"><phr n="normally"><ent r="6" t="3" w="521" /><ent r="6" t="3" w="672" /><ent r="6" t="3" w="680" /><ent r="6" t="3" w="680" /></phr><phr n="abnormally"><ent r="6" t="3" w="695" /><ent r="6" t="3" w="695" /></phr></stem><stem n="norma"><phr n="normally"><ent r="6" t="3" w="521" /><ent r="6" t="3" w="672" /><ent r="6" t="3" w="680" /><ent r="6" t="3" w="680" /></phr><phr n="abnormally"><ent r="6" t="3" w="695" /><ent r="6" t="3" w="695" /></phr><phr n="normal"><ent r="7" t="16" w="1251" /><ent r="3" t="17" w="122" /><ent r="3" t="17" w="122" /><ent r="4" t="34" w="1148" /><ent r="4" t="34" w="1148" /></phr></stem><stem n="ormal"><phr n="normally"><ent r="6" t="3" w="521" /><ent r="6" t="3" w="672" /><ent r="6" t="3" w="680" /><ent r="6" t="3" w="680" /></phr><phr n="abnormally"><ent r="6" t="3" w="695" /><ent r="6" t="3" w="695" /></phr><phr n="normal"><ent r="7" t="16" w="1251" /><ent r="3" t="17" w="122" /><ent r="3" t="17" w="122" /><ent r="4" t="34" w="1148" /><ent r="4" t="34" w="1148" /></phr></stem><stem n="rmall"><phr n="normally"><ent r="6" t="3" w="521" /><ent r="6" t="3" w="672" /><ent r="6" t="3" w="680" /><ent r="6" t="3" w="680" /></phr><phr n="abnormally"><ent r="6" t="3" w="695" /><ent r="6" t="3" w="695" /></phr></stem><stem n="mally"><phr n="normally"><ent r="6" t="3" w="521" /><ent r="6" t="3" w="672" /><ent r="6" t="3" w="680" /><ent r="6" t="3" w="680" /></phr><phr n="abnormally"><ent r="6" t="3" w="695" /><ent r="6" t="3" w="695" /></phr></stem><stem n="ormall"><phr n="normally"><ent r="6" t="3" w="521" /><ent r="6" t="3" w="672" /><ent r="6" t="3" w="680" /><ent r="6" t="3" w="680" /></phr><phr n="abnormally"><ent r="6" t="3" w="695" /><ent r="6" t="3" w="695" /></phr></stem><stem n="rmally"><phr n="normally"><ent r="6" t="3" w="521" /><ent r="6" t="3" w="672" /><ent r="6" t="3" w="680" /><ent r="6" t="3" w="680" /></phr><phr n="abnormally"><ent r="6" t="3" w="695" /><ent r="6" t="3" w="695" /></phr></stem><stem n="normall"><phr n="normally"><ent r="6" t="3" w="521" /><ent r="6" t="3" w="672" /><ent r="6" t="3" w="680" /><ent r="6" t="3" w="680" /></phr><phr n="abnormally"><ent r="6" t="3" w="695" /><ent r="6" t="3" w="695" /></phr></stem><stem n="ormally"><phr n="normally"><ent r="6" t="3" w="521" /><ent r="6" t="3" w="672" /><ent r="6" t="3" w="680" /><ent r="6" t="3" w="680" /></phr><phr n="abnormally"><ent r="6" t="3" w="695" /><ent r="6" t="3" w="695" /></phr></stem><stem n="normally"><phr n="normally"><ent r="6" t="3" w="521" /><ent r="6" t="3" w="672" /><ent r="6" t="3" w="680" /><ent r="6" t="3" w="680" /></phr><phr n="abnormally"><ent r="6" t="3" w="695" /><ent r="6" t="3" w="695" /></phr></stem><stem n="attent"><phr n="attention"><ent r="6" t="3" w="523" /><ent r="6" t="3" w="523" /><ent r="6" t="3" w="587" /><ent r="6" t="3" w="587" /></phr></stem><stem n="atte"><phr n="attention"><ent r="6" t="3" w="523" /><ent r="6" t="3" w="523" /><ent r="6" t="3" w="587" /><ent r="6" t="3" w="587" /></phr><phr n="attempt"><ent r="3" t="13" w="359" /><ent r="3" t="13" w="359" /><ent r="3" t="31" w="756" /><ent r="3" t="31" w="756" /><ent r="6" t="32" w="310" /><ent r="6" t="32" w="310" /></phr><phr n="flattened"><ent r="4" t="17" w="356" /><ent r="4" t="34" w="1401" /></phr><phr n="attempting"><ent r="6" t="32" w="323" /><ent r="6" t="32" w="323" /></phr></stem><stem n="ntio"><phr n="attention"><ent r="6" t="3" w="523" /><ent r="6" t="3" w="523" /><ent r="6" t="3" w="587" /><ent r="6" t="3" w="587" /></phr><phr n="intervention"><ent r="4" t="17" w="570" /></phr></stem><stem n="tten"><phr n="attention"><ent r="6" t="3" w="523" /><ent r="6" t="3" w="523" /><ent r="6" t="3" w="587" /><ent r="6" t="3" w="587" /></phr><phr n="flattened"><ent r="4" t="17" w="356" /><ent r="4" t="34" w="1401" /></phr><phr n="forgotten"><ent r="3" t="25" w="29" /><ent r="3" t="25" w="29" /><ent r="6" t="41" w="87" /><ent r="6" t="41" w="87" /></phr><phr n="overwritten"><ent r="3" t="34" w="1612" /></phr></stem><stem n="tent"><phr n="attention"><ent r="6" t="3" w="523" /><ent r="6" t="3" w="523" /><ent r="6" t="3" w="587" /><ent r="6" t="3" w="587" /></phr><phr n="contents"><ent r="7" t="4" w="444" /><ent r="7" t="4" w="444" /><ent r="4" t="34" w="1572" /><ent r="4" t="34" w="1572" /></phr><phr n="content"><ent r="7" t="10" w="163" /><ent r="7" t="10" w="163" /><ent r="9" t="16" w="920" /><ent r="3" t="27" w="50" /><ent r="3" t="27" w="50" /></phr><phr n="Content-Type"><ent r="10" t="16" w="914" /><ent r="10" t="16" w="914" /><ent r="9" t="16" w="947" /><ent r="9" t="16" w="947" /></phr><phr n="Content"><ent r="10" t="16" w="914" /><ent r="9" t="16" w="947" /><ent r="5" t="26" w="242" /><ent r="5" t="26" w="242" /><ent r="8" t="36" w="526" /><ent r="8" t="36" w="526" /><ent r="8" t="36" w="643" /><ent r="8" t="36" w="643" /><ent r="8" t="36" w="670" /><ent r="8" t="36" w="670" /></phr><phr n="content-type"><ent r="9" t="16" w="920" /><ent r="9" t="16" w="920" /></phr><phr n="nonexistent"><ent r="3" t="27" w="1014" /><ent r="3" t="27" w="1014" /></phr><phr n="potential"><ent r="4" t="31" w="537" /><ent r="4" t="31" w="537" /></phr></stem><stem n="atten"><phr n="attention"><ent r="6" t="3" w="523" /><ent r="6" t="3" w="523" /><ent r="6" t="3" w="587" /><ent r="6" t="3" w="587" /></phr><phr n="flattened"><ent r="4" t="17" w="356" /><ent r="4" t="34" w="1401" /></phr></stem><stem n="ttent"><phr n="attention"><ent r="6" t="3" w="523" /><ent r="6" t="3" w="523" /><ent r="6" t="3" w="587" /><ent r="6" t="3" w="587" /></phr></stem><stem n="tenti"><phr n="attention"><ent r="6" t="3" w="523" /><ent r="6" t="3" w="523" /><ent r="6" t="3" w="587" /><ent r="6" t="3" w="587" /></phr><phr n="potential"><ent r="4" t="31" w="537" /><ent r="4" t="31" w="537" /></phr></stem><stem n="entio"><phr n="attention"><ent r="6" t="3" w="523" /><ent r="6" t="3" w="523" /><ent r="6" t="3" w="587" /><ent r="6" t="3" w="587" /></phr><phr n="intervention"><ent r="4" t="17" w="570" /></phr></stem><stem n="ntion"><phr n="attention"><ent r="6" t="3" w="523" /><ent r="6" t="3" w="523" /><ent r="6" t="3" w="587" /><ent r="6" t="3" w="587" /></phr><phr n="intervention"><ent r="4" t="17" w="570" /></phr></stem><stem n="ttenti"><phr n="attention"><ent r="6" t="3" w="523" /><ent r="6" t="3" w="523" /><ent r="6" t="3" w="587" /><ent r="6" t="3" w="587" /></phr></stem><stem n="tentio"><phr n="attention"><ent r="6" t="3" w="523" /><ent r="6" t="3" w="523" /><ent r="6" t="3" w="587" /><ent r="6" t="3" w="587" /></phr></stem><stem n="ention"><phr n="attention"><ent r="6" t="3" w="523" /><ent r="6" t="3" w="523" /><ent r="6" t="3" w="587" /><ent r="6" t="3" w="587" /></phr><phr n="intervention"><ent r="4" t="17" w="570" /></phr></stem><stem n="attenti"><phr n="attention"><ent r="6" t="3" w="523" /><ent r="6" t="3" w="523" /><ent r="6" t="3" w="587" /><ent r="6" t="3" w="587" /></phr></stem><stem n="ttentio"><phr n="attention"><ent r="6" t="3" w="523" /><ent r="6" t="3" w="523" /><ent r="6" t="3" w="587" /><ent r="6" t="3" w="587" /></phr></stem><stem n="tention"><phr n="attention"><ent r="6" t="3" w="523" /><ent r="6" t="3" w="523" /><ent r="6" t="3" w="587" /><ent r="6" t="3" w="587" /></phr></stem><stem n="attentio"><phr n="attention"><ent r="6" t="3" w="523" /><ent r="6" t="3" w="523" /><ent r="6" t="3" w="587" /><ent r="6" t="3" w="587" /></phr></stem><stem n="ttention"><phr n="attention"><ent r="6" t="3" w="523" /><ent r="6" t="3" w="523" /><ent r="6" t="3" w="587" /><ent r="6" t="3" w="587" /></phr></stem><stem n="attention"><phr n="attention"><ent r="6" t="3" w="523" /><ent r="6" t="3" w="523" /><ent r="6" t="3" w="587" /><ent r="6" t="3" w="587" /></phr></stem><stem n="partial"><phr n="Partially"><ent r="7" t="3" w="527" /><ent r="7" t="3" w="527" /></phr><phr n="partial"><ent r="6" t="36" w="1261" /><ent r="6" t="36" w="1261" /><ent r="6" t="36" w="1301" /><ent r="6" t="36" w="1301" /><ent r="6" t="36" w="1360" /><ent r="6" t="36" w="1360" /><ent r="6" t="36" w="1417" /><ent r="6" t="36" w="1417" /></phr></stem><stem n="part"><phr n="Partially"><ent r="7" t="3" w="527" /><ent r="7" t="3" w="527" /></phr><phr n="part"><ent r="3" t="13" w="117" /><ent r="3" t="13" w="117" /><ent r="4" t="23" w="265" /><ent r="4" t="23" w="265" /><ent r="4" t="24" w="208" /><ent r="4" t="24" w="208" /><ent r="3" t="34" w="888" /><ent r="3" t="34" w="888" /><ent r="6" t="44" w="388" /><ent r="6" t="44" w="388" /></phr><phr n="particular"><ent r="3" t="18" w="219" /><ent r="3" t="18" w="219" /></phr><phr n="partition"><ent r="8" t="31" w="344" /><ent r="7" t="31" w="358" /><ent r="7" t="31" w="358" /><ent r="8" t="31" w="369" /><ent r="7" t="31" w="379" /><ent r="7" t="31" w="379" /></phr><phr n="partial"><ent r="6" t="36" w="1261" /><ent r="6" t="36" w="1261" /><ent r="6" t="36" w="1301" /><ent r="6" t="36" w="1301" /><ent r="6" t="36" w="1360" /><ent r="6" t="36" w="1360" /><ent r="6" t="36" w="1417" /><ent r="6" t="36" w="1417" /></phr></stem><stem n="rtia"><phr n="Partially"><ent r="7" t="3" w="527" /><ent r="7" t="3" w="527" /></phr><phr n="partial"><ent r="6" t="36" w="1261" /><ent r="6" t="36" w="1261" /><ent r="6" t="36" w="1301" /><ent r="6" t="36" w="1301" /><ent r="6" t="36" w="1360" /><ent r="6" t="36" w="1360" /><ent r="6" t="36" w="1417" /><ent r="6" t="36" w="1417" /></phr></stem><stem n="parti"><phr n="Partially"><ent r="7" t="3" w="527" /><ent r="7" t="3" w="527" /></phr><phr n="particular"><ent r="3" t="18" w="219" /><ent r="3" t="18" w="219" /></phr><phr n="partition"><ent r="8" t="31" w="344" /><ent r="7" t="31" w="358" /><ent r="7" t="31" w="358" /><ent r="8" t="31" w="369" /><ent r="7" t="31" w="379" /><ent r="7" t="31" w="379" /></phr><phr n="partial"><ent r="6" t="36" w="1261" /><ent r="6" t="36" w="1261" /><ent r="6" t="36" w="1301" /><ent r="6" t="36" w="1301" /><ent r="6" t="36" w="1360" /><ent r="6" t="36" w="1360" /><ent r="6" t="36" w="1417" /><ent r="6" t="36" w="1417" /></phr></stem><stem n="artia"><phr n="Partially"><ent r="7" t="3" w="527" /><ent r="7" t="3" w="527" /></phr><phr n="partial"><ent r="6" t="36" w="1261" /><ent r="6" t="36" w="1261" /><ent r="6" t="36" w="1301" /><ent r="6" t="36" w="1301" /><ent r="6" t="36" w="1360" /><ent r="6" t="36" w="1360" /><ent r="6" t="36" w="1417" /><ent r="6" t="36" w="1417" /></phr></stem><stem n="rtial"><phr n="Partially"><ent r="7" t="3" w="527" /><ent r="7" t="3" w="527" /></phr><phr n="partial"><ent r="6" t="36" w="1261" /><ent r="6" t="36" w="1261" /><ent r="6" t="36" w="1301" /><ent r="6" t="36" w="1301" /><ent r="6" t="36" w="1360" /><ent r="6" t="36" w="1360" /><ent r="6" t="36" w="1417" /><ent r="6" t="36" w="1417" /></phr></stem><stem n="partia"><phr n="Partially"><ent r="7" t="3" w="527" /><ent r="7" t="3" w="527" /></phr><phr n="partial"><ent r="6" t="36" w="1261" /><ent r="6" t="36" w="1261" /><ent r="6" t="36" w="1301" /><ent r="6" t="36" w="1301" /><ent r="6" t="36" w="1360" /><ent r="6" t="36" w="1360" /><ent r="6" t="36" w="1417" /><ent r="6" t="36" w="1417" /></phr></stem><stem n="artial"><phr n="Partially"><ent r="7" t="3" w="527" /><ent r="7" t="3" w="527" /></phr><phr n="partial"><ent r="6" t="36" w="1261" /><ent r="6" t="36" w="1261" /><ent r="6" t="36" w="1301" /><ent r="6" t="36" w="1301" /><ent r="6" t="36" w="1360" /><ent r="6" t="36" w="1360" /><ent r="6" t="36" w="1417" /><ent r="6" t="36" w="1417" /></phr></stem><stem n="rtiall"><phr n="Partially"><ent r="7" t="3" w="527" /><ent r="7" t="3" w="527" /></phr></stem><stem n="artiall"><phr n="Partially"><ent r="7" t="3" w="527" /><ent r="7" t="3" w="527" /></phr></stem><stem n="rtially"><phr n="Partially"><ent r="7" t="3" w="527" /><ent r="7" t="3" w="527" /></phr></stem><stem n="partiall"><phr n="Partially"><ent r="7" t="3" w="527" /><ent r="7" t="3" w="527" /></phr></stem><stem n="artially"><phr n="Partially"><ent r="7" t="3" w="527" /><ent r="7" t="3" w="527" /></phr></stem><stem n="partially"><phr n="Partially"><ent r="7" t="3" w="527" /><ent r="7" t="3" w="527" /></phr></stem><stem n="while"><phr n="while"><ent r="6" t="3" w="537" /><ent r="6" t="3" w="537" /><ent r="3" t="17" w="100" /><ent r="3" t="17" w="100" /><ent r="4" t="34" w="1120" /><ent r="4" t="34" w="1120" /><ent r="7" t="36" w="351" /><ent r="7" t="36" w="351" /><ent r="7" t="36" w="846" /><ent r="7" t="36" w="846" /></phr></stem><stem n="whil"><phr n="while"><ent r="6" t="3" w="537" /><ent r="6" t="3" w="537" /><ent r="3" t="17" w="100" /><ent r="3" t="17" w="100" /><ent r="4" t="34" w="1120" /><ent r="4" t="34" w="1120" /><ent r="7" t="36" w="351" /><ent r="7" t="36" w="351" /><ent r="7" t="36" w="846" /><ent r="7" t="36" w="846" /></phr></stem><stem n="hile"><phr n="while"><ent r="6" t="3" w="537" /><ent r="6" t="3" w="537" /><ent r="3" t="17" w="100" /><ent r="3" t="17" w="100" /><ent r="4" t="34" w="1120" /><ent r="4" t="34" w="1120" /><ent r="7" t="36" w="351" /><ent r="7" t="36" w="351" /><ent r="7" t="36" w="846" /><ent r="7" t="36" w="846" /></phr></stem><stem n="hers"><phr n="others"><ent r="6" t="3" w="538" /><ent r="6" t="3" w="538" /></phr><phr n="herself"><ent r="4" t="19" w="240" /><ent r="4" t="19" w="240" /><ent r="3" t="22" w="113" /><ent r="3" t="22" w="113" /></phr></stem><stem n="thers"><phr n="others"><ent r="6" t="3" w="538" /><ent r="6" t="3" w="538" /></phr></stem><stem n="others"><phr n="others"><ent r="6" t="3" w="538" /><ent r="6" t="3" w="538" /></phr></stem><stem n="cluster-bas"><phr n="cluster-based"><ent r="6" t="3" w="547" /><ent r="6" t="3" w="547" /><ent r="3" t="9" w="83" /><ent r="3" t="9" w="83" /><ent r="4" t="19" w="383" /><ent r="4" t="19" w="383" /></phr></stem><stem n="ter-"><phr n="cluster-based"><ent r="6" t="3" w="547" /><ent r="6" t="3" w="547" /><ent r="3" t="9" w="83" /><ent r="3" t="9" w="83" /><ent r="4" t="19" w="383" /><ent r="4" t="19" w="383" /></phr><phr n="cluster-related"><ent r="3" t="13" w="182" /><ent r="3" t="13" w="182" /><ent r="3" t="13" w="242" /><ent r="3" t="13" w="242" /><ent r="4" t="19" w="302" /><ent r="4" t="19" w="302" /></phr><phr n="cluster-specific"><ent r="3" t="23" w="106" /><ent r="3" t="23" w="106" /><ent r="3" t="44" w="203" /><ent r="3" t="44" w="203" /></phr></stem><stem n="er-b"><phr n="cluster-based"><ent r="6" t="3" w="547" /><ent r="6" t="3" w="547" /><ent r="3" t="9" w="83" /><ent r="3" t="9" w="83" /><ent r="4" t="19" w="383" /><ent r="4" t="19" w="383" /></phr></stem><stem n="r-ba"><phr n="cluster-based"><ent r="6" t="3" w="547" /><ent r="6" t="3" w="547" /><ent r="3" t="9" w="83" /><ent r="3" t="9" w="83" /><ent r="4" t="19" w="383" /><ent r="4" t="19" w="383" /></phr></stem><stem n="-bas"><phr n="cluster-based"><ent r="6" t="3" w="547" /><ent r="6" t="3" w="547" /><ent r="3" t="9" w="83" /><ent r="3" t="9" w="83" /><ent r="4" t="19" w="383" /><ent r="4" t="19" w="383" /></phr><phr n="Node-based"><ent r="6" t="3" w="713" /><ent r="6" t="3" w="713" /></phr><phr n="node-based"><ent r="4" t="6" w="198" /><ent r="4" t="6" w="198" /><ent r="4" t="19" w="351" /><ent r="4" t="19" w="351" /></phr></stem><stem n="er-ba"><phr n="cluster-based"><ent r="6" t="3" w="547" /><ent r="6" t="3" w="547" /><ent r="3" t="9" w="83" /><ent r="3" t="9" w="83" /><ent r="4" t="19" w="383" /><ent r="4" t="19" w="383" /></phr></stem><stem n="r-bas"><phr n="cluster-based"><ent r="6" t="3" w="547" /><ent r="6" t="3" w="547" /><ent r="3" t="9" w="83" /><ent r="3" t="9" w="83" /><ent r="4" t="19" w="383" /><ent r="4" t="19" w="383" /></phr></stem><stem n="-base"><phr n="cluster-based"><ent r="6" t="3" w="547" /><ent r="6" t="3" w="547" /><ent r="3" t="9" w="83" /><ent r="3" t="9" w="83" /><ent r="4" t="19" w="383" /><ent r="4" t="19" w="383" /></phr><phr n="Node-based"><ent r="6" t="3" w="713" /><ent r="6" t="3" w="713" /></phr><phr n="node-based"><ent r="4" t="6" w="198" /><ent r="4" t="6" w="198" /><ent r="4" t="19" w="351" /><ent r="4" t="19" w="351" /></phr></stem><stem n="ster-"><phr n="cluster-based"><ent r="6" t="3" w="547" /><ent r="6" t="3" w="547" /><ent r="3" t="9" w="83" /><ent r="3" t="9" w="83" /><ent r="4" t="19" w="383" /><ent r="4" t="19" w="383" /></phr><phr n="cluster-related"><ent r="3" t="13" w="182" /><ent r="3" t="13" w="182" /><ent r="3" t="13" w="242" /><ent r="3" t="13" w="242" /><ent r="4" t="19" w="302" /><ent r="4" t="19" w="302" /></phr><phr n="cluster-specific"><ent r="3" t="23" w="106" /><ent r="3" t="23" w="106" /><ent r="3" t="44" w="203" /><ent r="3" t="44" w="203" /></phr></stem><stem n="ter-b"><phr n="cluster-based"><ent r="6" t="3" w="547" /><ent r="6" t="3" w="547" /><ent r="3" t="9" w="83" /><ent r="3" t="9" w="83" /><ent r="4" t="19" w="383" /><ent r="4" t="19" w="383" /></phr></stem><stem n="r-base"><phr n="cluster-based"><ent r="6" t="3" w="547" /><ent r="6" t="3" w="547" /><ent r="3" t="9" w="83" /><ent r="3" t="9" w="83" /><ent r="4" t="19" w="383" /><ent r="4" t="19" w="383" /></phr></stem><stem n="-based"><phr n="cluster-based"><ent r="6" t="3" w="547" /><ent r="6" t="3" w="547" /><ent r="3" t="9" w="83" /><ent r="3" t="9" w="83" /><ent r="4" t="19" w="383" /><ent r="4" t="19" w="383" /></phr><phr n="Node-based"><ent r="6" t="3" w="713" /><ent r="6" t="3" w="713" /></phr><phr n="node-based"><ent r="4" t="6" w="198" /><ent r="4" t="6" w="198" /><ent r="4" t="19" w="351" /><ent r="4" t="19" w="351" /></phr></stem><stem n="uster-"><phr n="cluster-based"><ent r="6" t="3" w="547" /><ent r="6" t="3" w="547" /><ent r="3" t="9" w="83" /><ent r="3" t="9" w="83" /><ent r="4" t="19" w="383" /><ent r="4" t="19" w="383" /></phr><phr n="cluster-related"><ent r="3" t="13" w="182" /><ent r="3" t="13" w="182" /><ent r="3" t="13" w="242" /><ent r="3" t="13" w="242" /><ent r="4" t="19" w="302" /><ent r="4" t="19" w="302" /></phr><phr n="cluster-specific"><ent r="3" t="23" w="106" /><ent r="3" t="23" w="106" /><ent r="3" t="44" w="203" /><ent r="3" t="44" w="203" /></phr></stem><stem n="ster-b"><phr n="cluster-based"><ent r="6" t="3" w="547" /><ent r="6" t="3" w="547" /><ent r="3" t="9" w="83" /><ent r="3" t="9" w="83" /><ent r="4" t="19" w="383" /><ent r="4" t="19" w="383" /></phr></stem><stem n="ter-ba"><phr n="cluster-based"><ent r="6" t="3" w="547" /><ent r="6" t="3" w="547" /><ent r="3" t="9" w="83" /><ent r="3" t="9" w="83" /><ent r="4" t="19" w="383" /><ent r="4" t="19" w="383" /></phr></stem><stem n="er-bas"><phr n="cluster-based"><ent r="6" t="3" w="547" /><ent r="6" t="3" w="547" /><ent r="3" t="9" w="83" /><ent r="3" t="9" w="83" /><ent r="4" t="19" w="383" /><ent r="4" t="19" w="383" /></phr></stem><stem n="luster-"><phr n="cluster-based"><ent r="6" t="3" w="547" /><ent r="6" t="3" w="547" /><ent r="3" t="9" w="83" /><ent r="3" t="9" w="83" /><ent r="4" t="19" w="383" /><ent r="4" t="19" w="383" /></phr><phr n="cluster-related"><ent r="3" t="13" w="182" /><ent r="3" t="13" w="182" /><ent r="3" t="13" w="242" /><ent r="3" t="13" w="242" /><ent r="4" t="19" w="302" /><ent r="4" t="19" w="302" /></phr><phr n="cluster-specific"><ent r="3" t="23" w="106" /><ent r="3" t="23" w="106" /><ent r="3" t="44" w="203" /><ent r="3" t="44" w="203" /></phr></stem><stem n="uster-b"><phr n="cluster-based"><ent r="6" t="3" w="547" /><ent r="6" t="3" w="547" /><ent r="3" t="9" w="83" /><ent r="3" t="9" w="83" /><ent r="4" t="19" w="383" /><ent r="4" t="19" w="383" /></phr></stem><stem n="ster-ba"><phr n="cluster-based"><ent r="6" t="3" w="547" /><ent r="6" t="3" w="547" /><ent r="3" t="9" w="83" /><ent r="3" t="9" w="83" /><ent r="4" t="19" w="383" /><ent r="4" t="19" w="383" /></phr></stem><stem n="ter-bas"><phr n="cluster-based"><ent r="6" t="3" w="547" /><ent r="6" t="3" w="547" /><ent r="3" t="9" w="83" /><ent r="3" t="9" w="83" /><ent r="4" t="19" w="383" /><ent r="4" t="19" w="383" /></phr></stem><stem n="er-base"><phr n="cluster-based"><ent r="6" t="3" w="547" /><ent r="6" t="3" w="547" /><ent r="3" t="9" w="83" /><ent r="3" t="9" w="83" /><ent r="4" t="19" w="383" /><ent r="4" t="19" w="383" /></phr></stem><stem n="r-based"><phr n="cluster-based"><ent r="6" t="3" w="547" /><ent r="6" t="3" w="547" /><ent r="3" t="9" w="83" /><ent r="3" t="9" w="83" /><ent r="4" t="19" w="383" /><ent r="4" t="19" w="383" /></phr></stem><stem n="cluster-"><phr n="cluster-based"><ent r="6" t="3" w="547" /><ent r="6" t="3" w="547" /><ent r="3" t="9" w="83" /><ent r="3" t="9" w="83" /><ent r="4" t="19" w="383" /><ent r="4" t="19" w="383" /></phr><phr n="cluster-related"><ent r="3" t="13" w="182" /><ent r="3" t="13" w="182" /><ent r="3" t="13" w="242" /><ent r="3" t="13" w="242" /><ent r="4" t="19" w="302" /><ent r="4" t="19" w="302" /></phr><phr n="cluster-specific"><ent r="3" t="23" w="106" /><ent r="3" t="23" w="106" /><ent r="3" t="44" w="203" /><ent r="3" t="44" w="203" /></phr></stem><stem n="luster-b"><phr n="cluster-based"><ent r="6" t="3" w="547" /><ent r="6" t="3" w="547" /><ent r="3" t="9" w="83" /><ent r="3" t="9" w="83" /><ent r="4" t="19" w="383" /><ent r="4" t="19" w="383" /></phr></stem><stem n="uster-ba"><phr n="cluster-based"><ent r="6" t="3" w="547" /><ent r="6" t="3" w="547" /><ent r="3" t="9" w="83" /><ent r="3" t="9" w="83" /><ent r="4" t="19" w="383" /><ent r="4" t="19" w="383" /></phr></stem><stem n="ster-bas"><phr n="cluster-based"><ent r="6" t="3" w="547" /><ent r="6" t="3" w="547" /><ent r="3" t="9" w="83" /><ent r="3" t="9" w="83" /><ent r="4" t="19" w="383" /><ent r="4" t="19" w="383" /></phr></stem><stem n="ter-base"><phr n="cluster-based"><ent r="6" t="3" w="547" /><ent r="6" t="3" w="547" /><ent r="3" t="9" w="83" /><ent r="3" t="9" w="83" /><ent r="4" t="19" w="383" /><ent r="4" t="19" w="383" /></phr></stem><stem n="er-based"><phr n="cluster-based"><ent r="6" t="3" w="547" /><ent r="6" t="3" w="547" /><ent r="3" t="9" w="83" /><ent r="3" t="9" w="83" /><ent r="4" t="19" w="383" /><ent r="4" t="19" w="383" /></phr></stem><stem n="cluster-b"><phr n="cluster-based"><ent r="6" t="3" w="547" /><ent r="6" t="3" w="547" /><ent r="3" t="9" w="83" /><ent r="3" t="9" w="83" /><ent r="4" t="19" w="383" /><ent r="4" t="19" w="383" /></phr></stem><stem n="luster-ba"><phr n="cluster-based"><ent r="6" t="3" w="547" /><ent r="6" t="3" w="547" /><ent r="3" t="9" w="83" /><ent r="3" t="9" w="83" /><ent r="4" t="19" w="383" /><ent r="4" t="19" w="383" /></phr></stem><stem n="uster-bas"><phr n="cluster-based"><ent r="6" t="3" w="547" /><ent r="6" t="3" w="547" /><ent r="3" t="9" w="83" /><ent r="3" t="9" w="83" /><ent r="4" t="19" w="383" /><ent r="4" t="19" w="383" /></phr></stem><stem n="ster-base"><phr n="cluster-based"><ent r="6" t="3" w="547" /><ent r="6" t="3" w="547" /><ent r="3" t="9" w="83" /><ent r="3" t="9" w="83" /><ent r="4" t="19" w="383" /><ent r="4" t="19" w="383" /></phr></stem></index>