﻿<?xml version="1.0" encoding="utf-8"?><index><stem n="user"><phr n="user"><ent r="4" t="0" w="145" /><ent r="64" t="1" w="40" /><ent r="4" t="2" w="174" /><ent r="6" t="3" w="648" /><ent r="6" t="3" w="692" /><ent r="6" t="3" w="913" /><ent r="6" t="3" w="918" /><ent r="6" t="3" w="933" /><ent r="6" t="3" w="939" /><ent r="6" t="3" w="950" /><ent r="6" t="3" w="995" /><ent r="6" t="3" w="1007" /><ent r="6" t="3" w="1042" /><ent r="6" t="3" w="1062" /><ent r="4" t="4" w="135" /><ent r="4" t="5" w="100" /><ent r="4" t="6" w="47" /><ent r="4" t="6" w="70" /><ent r="4" t="6" w="88" /><ent r="4" t="7" w="150" /><ent r="4" t="7" w="210" /><ent r="4" t="7" w="245" /><ent r="3" t="8" w="51" /><ent r="4" t="9" w="141" /><ent r="3" t="12" w="149" /><ent r="3" t="12" w="164" /><ent r="3" t="12" w="171" /><ent r="4" t="12" w="322" /><ent r="4" t="12" w="337" /><ent r="100" t="13" w="13" /><ent r="3" t="13" w="43" /><ent r="3" t="13" w="57" /><ent r="3" t="13" w="61" /><ent r="3" t="13" w="78" /><ent r="3" t="13" w="88" /><ent r="3" t="13" w="109" /><ent r="3" t="13" w="144" /><ent r="3" t="13" w="150" /><ent r="3" t="13" w="164" /><ent r="3" t="13" w="176" /><ent r="3" t="13" w="195" /><ent r="3" t="13" w="225" /><ent r="3" t="13" w="251" /><ent r="4" t="13" w="337" /><ent r="3" t="13" w="365" /><ent r="3" t="13" w="378" /><ent r="4" t="13" w="410" /><ent r="4" t="14" w="262" /><ent r="9" t="16" w="428" /><ent r="3" t="19" w="26" /><ent r="3" t="19" w="33" /><ent r="4" t="19" w="78" /><ent r="4" t="19" w="86" /><ent r="4" t="19" w="141" /><ent r="4" t="19" w="158" /><ent r="4" t="19" w="170" /><ent r="4" t="19" w="183" /><ent r="4" t="19" w="200" /><ent r="3" t="19" w="220" /><ent r="4" t="19" w="232" /><ent r="4" t="19" w="266" /><ent r="4" t="19" w="302" /><ent r="4" t="19" w="340" /><ent r="4" t="19" w="349" /><ent r="4" t="19" w="373" /><ent r="4" t="19" w="389" /><ent r="3" t="20" w="32" /><ent r="4" t="20" w="39" /><ent r="4" t="20" w="67" /><ent r="4" t="20" w="72" /><ent r="4" t="20" w="81" /><ent r="3" t="21" w="33" /><ent r="4" t="21" w="40" /><ent r="4" t="21" w="68" /><ent r="4" t="21" w="77" /><ent r="4" t="21" w="85" /><ent r="4" t="21" w="91" /><ent r="3" t="22" w="44" /><ent r="3" t="22" w="109" /><ent r="3" t="22" w="117" /><ent r="3" t="22" w="132" /><ent r="7" t="22" w="165" /><ent r="7" t="22" w="199" /><ent r="7" t="22" w="208" /><ent r="7" t="22" w="221" /><ent r="7" t="22" w="255" /><ent r="7" t="22" w="264" /><ent r="7" t="22" w="279" /><ent r="6" t="22" w="288" /><ent r="7" t="22" w="320" /><ent r="7" t="22" w="357" /><ent r="100" t="23" w="17" /><ent r="3" t="23" w="39" /><ent r="3" t="23" w="64" /><ent r="3" t="23" w="72" /><ent r="3" t="23" w="123" /><ent r="3" t="23" w="144" /><ent r="4" t="23" w="180" /><ent r="4" t="23" w="209" /><ent r="4" t="23" w="228" /><ent r="4" t="23" w="255" /><ent r="4" t="23" w="266" /><ent r="4" t="23" w="303" /><ent r="4" t="23" w="326" /><ent r="4" t="23" w="333" /><ent r="4" t="23" w="346" /><ent r="100" t="24" w="17" /><ent r="3" t="24" w="33" /><ent r="3" t="24" w="62" /><ent r="3" t="24" w="67" /><ent r="3" t="24" w="78" /><ent r="4" t="24" w="107" /><ent r="4" t="24" w="143" /><ent r="4" t="24" w="154" /><ent r="4" t="24" w="173" /><ent r="4" t="24" w="200" /><ent r="4" t="24" w="211" /><ent r="4" t="24" w="248" /><ent r="4" t="24" w="271" /><ent r="4" t="24" w="278" /><ent r="4" t="24" w="291" /><ent r="3" t="25" w="24" /><ent r="3" t="25" w="27" /><ent r="4" t="25" w="51" /><ent r="4" t="25" w="75" /><ent r="3" t="27" w="57" /><ent r="3" t="27" w="69" /><ent r="4" t="27" w="152" /><ent r="4" t="27" w="180" /><ent r="4" t="27" w="202" /><ent r="4" t="27" w="240" /><ent r="4" t="27" w="440" /><ent r="3" t="27" w="759" /><ent r="3" t="27" w="776" /><ent r="3" t="27" w="833" /><ent r="4" t="27" w="892" /><ent r="4" t="27" w="930" /><ent r="64" t="31" w="1032" /><ent r="3" t="34" w="80" /><ent r="4" t="34" w="2195" /><ent r="7" t="36" w="285" /><ent r="7" t="38" w="233" /><ent r="3" t="40" w="22" /><ent r="3" t="41" w="33" /><ent r="3" t="41" w="42" /><ent r="6" t="41" w="85" /><ent r="6" t="41" w="248" /><ent r="3" t="42" w="247" /><ent r="4" t="42" w="459" /><ent r="4" t="42" w="485" /><ent r="3" t="43" w="50" /><ent r="6" t="43" w="70" /><ent r="6" t="43" w="88" /><ent r="6" t="43" w="104" /><ent r="6" t="43" w="127" /><ent r="6" t="43" w="167" /><ent r="6" t="43" w="178" /><ent r="6" t="43" w="200" /><ent r="3" t="44" w="48" /><ent r="3" t="44" w="62" /><ent r="3" t="44" w="221" /><ent r="6" t="44" w="269" /><ent r="6" t="44" w="374" /><ent r="6" t="44" w="514" /><ent r="6" t="44" w="519" /><ent r="6" t="44" w="537" /><ent r="6" t="44" w="542" /></phr><phr n="User"><ent r="5" t="1" w="108" /><ent r="65" t="1" w="137" /><ent r="4" t="1" w="141" /><ent r="67" t="3" w="977" /><ent r="67" t="3" w="1086" /><ent r="64" t="6" w="301" /><ent r="64" t="6" w="308" /><ent r="64" t="6" w="342" /><ent r="64" t="10" w="77" /><ent r="64" t="11" w="55" /><ent r="64" t="12" w="195" /><ent r="5" t="12" w="312" /><ent r="65" t="12" w="349" /><ent r="1000" t="13" w="4" /><ent r="1000" t="13" w="8" /><ent r="100" t="13" w="15" /><ent r="100" t="13" w="20" /><ent r="100" t="13" w="23" /><ent r="102" t="13" w="29" /><ent r="102" t="13" w="33" /><ent r="5" t="13" w="332" /><ent r="5" t="14" w="368" /><ent r="4" t="14" w="376" /><ent r="4" t="14" w="386" /><ent r="5" t="14" w="436" /><ent r="10" t="16" w="441" /><ent r="1000" t="19" w="4" /><ent r="102" t="19" w="10" /><ent r="100" t="19" w="43" /><ent r="100" t="19" w="46" /><ent r="65" t="19" w="58" /><ent r="4" t="19" w="69" /><ent r="5" t="19" w="81" /><ent r="3" t="19" w="103" /><ent r="64" t="19" w="326" /><ent r="64" t="19" w="404" /><ent r="1000" t="20" w="3" /><ent r="100" t="20" w="8" /><ent r="100" t="20" w="11" /><ent r="102" t="20" w="16" /><ent r="65" t="20" w="55" /><ent r="65" t="20" w="93" /><ent r="1000" t="21" w="3" /><ent r="100" t="21" w="8" /><ent r="100" t="21" w="11" /><ent r="102" t="21" w="16" /><ent r="65" t="21" w="56" /><ent r="1000" t="22" w="2" /><ent r="100" t="22" w="6" /><ent r="100" t="22" w="9" /><ent r="102" t="22" w="16" /><ent r="64" t="22" w="29" /><ent r="64" t="22" w="149" /><ent r="7" t="22" w="304" /><ent r="1000" t="23" w="3" /><ent r="100" t="23" w="10" /><ent r="102" t="23" w="23" /><ent r="64" t="23" w="93" /><ent r="64" t="23" w="135" /><ent r="65" t="23" w="158" /><ent r="4" t="23" w="280" /><ent r="1000" t="24" w="3" /><ent r="100" t="24" w="10" /><ent r="100" t="24" w="19" /><ent r="102" t="24" w="24" /><ent r="64" t="24" w="90" /><ent r="64" t="24" w="100" /><ent r="65" t="24" w="121" /><ent r="4" t="24" w="225" /><ent r="65" t="25" w="63" /><ent r="4" t="26" w="620" /><ent r="5" t="27" w="331" /><ent r="7" t="32" w="779" /><ent r="64" t="34" w="148" /><ent r="4" t="34" w="320" /><ent r="6" t="34" w="380" /><ent r="3" t="34" w="470" /><ent r="4" t="34" w="718" /><ent r="4" t="34" w="965" /><ent r="5" t="34" w="1729" /><ent r="5" t="34" w="1908" /><ent r="100" t="40" w="7" /><ent r="66" t="40" w="55" /><ent r="66" t="40" w="73" /><ent r="66" t="40" w="84" /><ent r="1000" t="41" w="1" /><ent r="100" t="41" w="5" /><ent r="100" t="41" w="12" /><ent r="102" t="41" w="15" /><ent r="3" t="41" w="20" /><ent r="5" t="41" w="57" /><ent r="6" t="41" w="100" /><ent r="7" t="41" w="148" /><ent r="4" t="42" w="264" /><ent r="4" t="42" w="274" /><ent r="1000" t="43" w="1" /><ent r="100" t="43" w="5" /><ent r="100" t="43" w="9" /><ent r="102" t="43" w="13" /><ent r="3" t="43" w="31" /><ent r="3" t="43" w="36" /><ent r="5" t="43" w="57" /><ent r="67" t="43" w="79" /><ent r="67" t="43" w="96" /><ent r="7" t="43" w="100" /><ent r="1000" t="44" w="1" /><ent r="100" t="44" w="5" /><ent r="100" t="44" w="11" /><ent r="102" t="44" w="14" /><ent r="3" t="44" w="29" /><ent r="3" t="44" w="34" /><ent r="64" t="44" w="233" /><ent r="5" t="44" w="239" /><ent r="7" t="44" w="330" /><ent r="6" t="44" w="404" /><ent r="8" t="45" w="149" /></phr><phr n="users"><ent r="4" t="2" w="178" /><ent r="3" t="3" w="151" /><ent r="3" t="3" w="166" /><ent r="6" t="4" w="336" /><ent r="3" t="4" w="501" /><ent r="4" t="6" w="96" /><ent r="4" t="6" w="279" /><ent r="4" t="6" w="316" /><ent r="3" t="11" w="36" /><ent r="3" t="13" w="124" /><ent r="3" t="15" w="83" /><ent r="3" t="19" w="16" /><ent r="3" t="20" w="22" /><ent r="4" t="20" w="64" /><ent r="3" t="21" w="22" /><ent r="4" t="21" w="65" /><ent r="3" t="22" w="23" /><ent r="3" t="22" w="88" /><ent r="3" t="22" w="97" /><ent r="3" t="23" w="31" /><ent r="3" t="23" w="45" /><ent r="4" t="23" w="193" /><ent r="4" t="23" w="217" /><ent r="4" t="23" w="296" /><ent r="4" t="24" w="162" /><ent r="4" t="24" w="241" /><ent r="3" t="25" w="35" /><ent r="4" t="25" w="72" /><ent r="3" t="27" w="855" /><ent r="3" t="31" w="191" /><ent r="3" t="34" w="415" /><ent r="3" t="34" w="861" /><ent r="3" t="34" w="902" /><ent r="3" t="35" w="51" /><ent r="4" t="36" w="123" /><ent r="7" t="36" w="292" /><ent r="3" t="36" w="1485" /><ent r="3" t="36" w="1492" /><ent r="3" t="36" w="1495" /><ent r="3" t="38" w="41" /><ent r="3" t="39" w="57" /><ent r="3" t="42" w="38" /><ent r="3" t="42" w="55" /><ent r="3" t="42" w="439" /><ent r="3" t="43" w="20" /><ent r="3" t="44" w="21" /><ent r="4" t="44" w="127" /><ent r="4" t="44" w="169" /><ent r="4" t="44" w="190" /><ent r="6" t="44" w="338" /><ent r="6" t="44" w="415" /><ent r="7" t="44" w="423" /><ent r="6" t="44" w="434" /><ent r="6" t="44" w="449" /><ent r="6" t="44" w="499" /></phr><phr n="Users"><ent r="7" t="22" w="182" /><ent r="7" t="22" w="192" /><ent r="7" t="22" w="196" /><ent r="7" t="22" w="216" /><ent r="7" t="22" w="238" /><ent r="7" t="22" w="248" /><ent r="7" t="22" w="252" /><ent r="7" t="22" w="273" /><ent r="3" t="23" w="99" /><ent r="5" t="23" w="204" /><ent r="4" t="23" w="310" /><ent r="4" t="23" w="315" /><ent r="5" t="24" w="149" /><ent r="4" t="24" w="255" /><ent r="4" t="24" w="260" /><ent r="3" t="32" w="61" /><ent r="3" t="32" w="76" /><ent r="3" t="34" w="513" /><ent r="3" t="35" w="38" /><ent r="3" t="36" w="128" /><ent r="4" t="44" w="91" /><ent r="4" t="44" w="138" /><ent r="3" t="44" w="197" /><ent r="6" t="44" w="378" /><ent r="6" t="44" w="381" /><ent r="6" t="44" w="428" /><ent r="6" t="44" w="443" /></phr><phr n="USER"><ent r="4" t="27" w="178" /><ent r="4" t="27" w="431" /><ent r="3" t="27" w="741" /><ent r="4" t="27" w="879" /><ent r="4" t="27" w="912" /></phr></stem><stem n="manual"><phr n="manual"><ent r="4" t="0" w="146" /><ent r="4" t="17" w="560" /></phr><phr n="manually"><ent r="3" t="2" w="337" /><ent r="3" t="12" w="173" /><ent r="3" t="13" w="133" /><ent r="3" t="13" w="247" /><ent r="7" t="15" w="349" /><ent r="3" t="31" w="99" /><ent r="3" t="31" w="1023" /><ent r="3" t="34" w="54" /><ent r="4" t="34" w="996" /><ent r="4" t="34" w="1109" /></phr><phr n="Manual"><ent r="4" t="5" w="81" /><ent r="5" t="5" w="129" /><ent r="5" t="9" w="303" /><ent r="4" t="14" w="290" /><ent r="4" t="14" w="353" /><ent r="4" t="14" w="387" /><ent r="5" t="14" w="437" /><ent r="4" t="26" w="621" /><ent r="5" t="27" w="332" /><ent r="7" t="32" w="780" /><ent r="4" t="34" w="321" /><ent r="6" t="34" w="381" /><ent r="4" t="34" w="719" /><ent r="4" t="34" w="966" /><ent r="5" t="34" w="1730" /><ent r="5" t="34" w="1909" /><ent r="4" t="42" w="275" /><ent r="8" t="45" w="150" /><ent r="8" t="45" w="204" /></phr></stem><stem n="review"><phr n="review"><ent r="3" t="0" w="156" /><ent r="3" t="17" w="605" /></phr></stem><stem n="topic"><phr n="topics"><ent r="3" t="0" w="158" /><ent r="3" t="34" w="312" /></phr><phr n="topic"><ent r="3" t="2" w="205" /><ent r="4" t="34" w="217" /></phr></stem><stem n="first"><phr n="first"><ent r="3" t="0" w="159" /><ent r="4" t="6" w="85" /><ent r="3" t="6" w="236" /><ent r="3" t="7" w="41" /><ent r="4" t="7" w="192" /><ent r="3" t="13" w="102" /><ent r="7" t="15" w="340" /><ent r="4" t="19" w="185" /><ent r="4" t="23" w="250" /><ent r="4" t="24" w="195" /><ent r="6" t="28" w="335" /><ent r="6" t="36" w="1345" /><ent r="6" t="36" w="1403" /><ent r="6" t="41" w="75" /></phr></stem><stem n="basic"><phr n="basics"><ent r="3" t="0" w="163" /></phr><phr n="basic"><ent r="3" t="41" w="32" /></phr></stem><stem n="start"><phr n="Starting"><ent r="64" t="0" w="168" /><ent r="1000" t="1" w="1" /><ent r="100" t="1" w="9" /><ent r="102" t="1" w="20" /><ent r="65" t="8" w="70" /><ent r="100" t="32" w="16" /></phr><phr n="starting"><ent r="100" t="1" w="18" /><ent r="4" t="4" w="189" /><ent r="100" t="32" w="11" /><ent r="6" t="38" w="172" /><ent r="7" t="38" w="287" /></phr><phr n="start"><ent r="4" t="1" w="51" /><ent r="4" t="1" w="122" /><ent r="4" t="1" w="131" /><ent r="4" t="3" w="458" /><ent r="6" t="3" w="725" /><ent r="6" t="3" w="865" /><ent r="6" t="3" w="1064" /><ent r="4" t="6" w="200" /><ent r="65" t="9" w="59" /><ent r="4" t="14" w="114" /><ent r="4" t="19" w="361" /><ent r="3" t="23" w="77" /><ent r="4" t="26" w="633" /><ent r="3" t="32" w="48" /><ent r="3" t="32" w="85" /><ent r="7" t="36" w="843" /><ent r="7" t="36" w="933" /><ent r="4" t="44" w="150" /><ent r="7" t="45" w="177" /></phr><phr n="Start"><ent r="4" t="1" w="57" /><ent r="8" t="4" w="229" /><ent r="8" t="4" w="299" /><ent r="4" t="11" w="102" /><ent r="4" t="14" w="363" /><ent r="4" t="14" w="417" /><ent r="5" t="18" w="70" /><ent r="7" t="35" w="75" /><ent r="7" t="38" w="166" /><ent r="7" t="41" w="235" /></phr><phr n="started"><ent r="6" t="1" w="200" /><ent r="6" t="1" w="284" /></phr><phr n="starts"><ent r="4" t="7" w="181" /><ent r="8" t="22" w="346" /><ent r="5" t="23" w="258" /><ent r="5" t="24" w="203" /><ent r="4" t="34" w="2160" /><ent r="5" t="34" w="2184" /><ent r="7" t="44" w="357" /></phr><phr n="STARTING"><ent r="7" t="31" w="262" /></phr><phr n="START"><ent r="7" t="31" w="264" /></phr><phr n="Starts"><ent r="6" t="32" w="691" /><ent r="6" t="32" w="741" /></phr></stem><stem n="quick"><phr n="Quick"><ent r="64" t="0" w="174" /></phr><phr n="quick"><ent r="3" t="17" w="51" /></phr></stem><stem n="overview"><phr n="Overview"><ent r="64" t="0" w="175" /><ent r="1000" t="2" w="2" /><ent r="100" t="2" w="5" /><ent r="102" t="2" w="13" /><ent r="100" t="3" w="15" /><ent r="1000" t="6" w="1" /><ent r="102" t="6" w="6" /><ent r="100" t="6" w="11" /></phr><phr n="overview"><ent r="100" t="6" w="23" /></phr></stem><stem n="tree"><phr n="Tree"><ent r="64" t="0" w="180" /><ent r="1000" t="3" w="4" /><ent r="100" t="3" w="9" /><ent r="102" t="3" w="20" /><ent r="65" t="11" w="151" /><ent r="64" t="32" w="152" /><ent r="64" t="34" w="1293" /></phr><phr n="tree"><ent r="100" t="3" w="12" /><ent r="3" t="3" w="24" /><ent r="3" t="3" w="35" /><ent r="3" t="3" w="62" /><ent r="3" t="3" w="88" /><ent r="3" t="3" w="102" /><ent r="3" t="3" w="162" /><ent r="3" t="3" w="177" /><ent r="3" t="3" w="185" /><ent r="4" t="3" w="218" /><ent r="3" t="3" w="308" /><ent r="4" t="3" w="421" /><ent r="3" t="3" w="488" /><ent r="5" t="3" w="491" /><ent r="6" t="3" w="625" /><ent r="6" t="3" w="1100" /><ent r="3" t="10" w="34" /><ent r="4" t="11" w="126" /><ent r="4" t="11" w="202" /><ent r="4" t="11" w="241" /><ent r="4" t="11" w="390" /><ent r="65" t="11" w="437" /><ent r="64" t="12" w="131" /><ent r="64" t="12" w="427" /><ent r="4" t="13" w="271" /><ent r="65" t="14" w="227" /><ent r="65" t="17" w="284" /><ent r="3" t="17" w="491" /><ent r="64" t="22" w="68" /><ent r="64" t="31" w="862" /><ent r="3" t="32" w="130" /><ent r="3" t="32" w="142" /><ent r="6" t="32" w="203" /><ent r="6" t="32" w="285" /><ent r="6" t="32" w="589" /><ent r="6" t="32" w="796" /><ent r="3" t="34" w="254" /><ent r="3" t="34" w="1270" /><ent r="7" t="36" w="516" /></phr></stem><stem n=":start"><phr n=":starting"><ent r="100" t="1" w="18" /><ent r="100" t="32" w="11" /></phr></stem><stem n="log"><phr n="log"><ent r="3" t="1" w="29" /><ent r="3" t="4" w="72" /><ent r="3" t="4" w="119" /><ent r="5" t="4" w="210" /><ent r="3" t="4" w="513" /><ent r="4" t="4" w="532" /><ent r="4" t="4" w="537" /><ent r="4" t="4" w="548" /><ent r="3" t="4" w="563" /><ent r="4" t="4" w="568" /><ent r="4" t="4" w="599" /><ent r="4" t="5" w="97" /><ent r="4" t="6" w="77" /><ent r="4" t="7" w="147" /><ent r="9" t="16" w="435" /><ent r="4" t="19" w="234" /><ent r="4" t="19" w="376" /><ent r="3" t="24" w="73" /><ent r="8" t="31" w="279" /><ent r="7" t="31" w="292" /><ent r="3" t="31" w="1497" /><ent r="3" t="31" w="1543" /><ent r="7" t="36" w="1205" /><ent r="3" t="37" w="19" /><ent r="3" t="39" w="84" /><ent r="6" t="39" w="112" /><ent r="6" t="39" w="121" /><ent r="6" t="39" w="131" /><ent r="6" t="39" w="174" /><ent r="7" t="39" w="183" /><ent r="7" t="39" w="189" /><ent r="6" t="39" w="195" /><ent r="6" t="39" w="204" /><ent r="6" t="39" w="215" /><ent r="6" t="39" w="224" /><ent r="4" t="42" w="457" /></phr><phr n="logs"><ent r="4" t="2" w="144" /><ent r="3" t="4" w="29" /><ent r="3" t="4" w="41" /><ent r="3" t="4" w="51" /><ent r="3" t="4" w="96" /><ent r="3" t="4" w="489" /><ent r="4" t="23" w="327" /><ent r="4" t="24" w="272" /><ent r="100" t="39" w="8" /><ent r="4" t="42" w="486" /></phr><phr n="Logs"><ent r="1000" t="4" w="4" /><ent r="100" t="4" w="9" /><ent r="100" t="4" w="14" /><ent r="102" t="4" w="20" /><ent r="3" t="4" w="56" /><ent r="92" t="4" w="93" /><ent r="66" t="37" w="41" /><ent r="64" t="38" w="62" /><ent r="1000" t="39" w="1" /><ent r="100" t="39" w="4" /><ent r="102" t="39" w="10" /><ent r="3" t="39" w="14" /><ent r="3" t="39" w="45" /><ent r="3" t="39" w="67" /><ent r="64" t="39" w="97" /><ent r="5" t="39" w="100" /></phr><phr n="Log"><ent r="92" t="4" w="473" /><ent r="3" t="4" w="476" /><ent r="3" t="4" w="482" /><ent r="5" t="4" w="555" /><ent r="4" t="9" w="135" /><ent r="4" t="14" w="259" /><ent r="3" t="39" w="69" /><ent r="7" t="39" w="218" /></phr><phr n="logged"><ent r="3" t="12" w="144" /><ent r="4" t="21" w="88" /><ent r="4" t="23" w="336" /><ent r="4" t="24" w="281" /><ent r="3" t="26" w="753" /><ent r="3" t="41" w="44" /><ent r="6" t="41" w="250" /></phr><phr n="logging"><ent r="3" t="24" w="80" /></phr></stem><stem n="must"><phr n="must"><ent r="3" t="1" w="36" /><ent r="4" t="7" w="102" /><ent r="3" t="8" w="31" /><ent r="3" t="9" w="110" /><ent r="3" t="10" w="58" /><ent r="7" t="10" w="209" /><ent r="3" t="12" w="39" /><ent r="3" t="12" w="172" /><ent r="3" t="13" w="131" /><ent r="4" t="13" w="291" /><ent r="3" t="14" w="77" /><ent r="7" t="15" w="348" /><ent r="7" t="15" w="482" /><ent r="4" t="19" w="115" /><ent r="4" t="26" w="281" /><ent r="3" t="26" w="567" /><ent r="4" t="26" w="666" /><ent r="3" t="27" w="287" /><ent r="4" t="27" w="697" /><ent r="3" t="31" w="98" /><ent r="3" t="31" w="884" /><ent r="6" t="32" w="317" /><ent r="6" t="32" w="606" /><ent r="6" t="32" w="697" /><ent r="6" t="32" w="721" /><ent r="3" t="34" w="82" /><ent r="4" t="34" w="994" /><ent r="4" t="34" w="1107" /><ent r="3" t="34" w="1279" /><ent r="3" t="34" w="1983" /><ent r="4" t="34" w="2207" /><ent r="3" t="42" w="244" /><ent r="3" t="42" w="341" /></phr><phr n="Must"><ent r="9" t="16" w="851" /></phr></stem><stem n="account"><phr n="account"><ent r="64" t="1" w="41" /><ent r="6" t="3" w="919" /><ent r="6" t="3" w="940" /><ent r="4" t="6" w="71" /><ent r="4" t="7" w="199" /><ent r="3" t="12" w="157" /><ent r="3" t="12" w="179" /><ent r="3" t="12" w="183" /><ent r="3" t="13" w="62" /><ent r="3" t="13" w="145" /><ent r="4" t="13" w="314" /><ent r="4" t="13" w="342" /><ent r="3" t="13" w="366" /><ent r="4" t="13" w="411" /><ent r="3" t="19" w="27" /><ent r="4" t="19" w="153" /><ent r="4" t="19" w="212" /><ent r="3" t="19" w="221" /><ent r="4" t="19" w="260" /><ent r="4" t="19" w="393" /><ent r="3" t="20" w="33" /><ent r="3" t="21" w="34" /><ent r="3" t="22" w="118" /><ent r="64" t="31" w="1033" /><ent r="3" t="34" w="81" /><ent r="3" t="34" w="89" /><ent r="100" t="43" w="10" /></phr><phr n="accounts"><ent r="4" t="2" w="175" /><ent r="3" t="43" w="51" /></phr><phr n="Account"><ent r="64" t="6" w="302" /><ent r="1000" t="13" w="9" /><ent r="100" t="13" w="24" /><ent r="102" t="13" w="34" /><ent r="4" t="13" w="279" /><ent r="4" t="13" w="283" /><ent r="1000" t="19" w="5" /><ent r="102" t="19" w="11" /><ent r="100" t="19" w="44" /><ent r="1000" t="20" w="4" /><ent r="100" t="20" w="9" /><ent r="102" t="20" w="17" /><ent r="1000" t="21" w="4" /><ent r="100" t="21" w="9" /><ent r="102" t="21" w="17" /><ent r="64" t="24" w="91" /><ent r="67" t="43" w="80" /><ent r="67" t="43" w="97" /></phr><phr n="Accounts"><ent r="65" t="19" w="59" /><ent r="65" t="20" w="56" /><ent r="65" t="20" w="94" /><ent r="65" t="21" w="57" /><ent r="65" t="25" w="64" /><ent r="66" t="40" w="74" /><ent r="6" t="41" w="101" /><ent r="1000" t="43" w="2" /><ent r="100" t="43" w="6" /><ent r="102" t="43" w="14" /><ent r="3" t="43" w="32" /><ent r="3" t="43" w="37" /><ent r="5" t="43" w="58" /></phr></stem><stem n="option"><phr n="optionally"><ent r="3" t="1" w="44" /><ent r="3" t="17" w="604" /><ent r="4" t="19" w="336" /><ent r="6" t="35" w="253" /><ent r="4" t="42" w="226" /></phr><phr n="Optional"><ent r="4" t="11" w="154" /><ent r="4" t="17" w="716" /></phr><phr n="option"><ent r="3" t="13" w="387" /><ent r="4" t="26" w="402" /><ent r="4" t="26" w="436" /><ent r="7" t="28" w="226" /><ent r="4" t="34" w="1445" /><ent r="4" t="34" w="2090" /><ent r="4" t="34" w="2101" /><ent r="3" t="42" w="281" /></phr><phr n="Optionally"><ent r="9" t="16" w="501" /><ent r="9" t="16" w="541" /><ent r="9" t="16" w="559" /><ent r="4" t="17" w="371" /><ent r="4" t="19" w="138" /><ent r="5" t="34" w="550" /><ent r="3" t="34" w="1432" /><ent r="4" t="34" w="2152" /><ent r="7" t="35" w="413" /></phr><phr n="optional"><ent r="4" t="20" w="71" /><ent r="3" t="22" w="101" /><ent r="3" t="23" w="50" /><ent r="5" t="26" w="510" /><ent r="3" t="27" w="91" /><ent r="3" t="31" w="177" /><ent r="3" t="31" w="966" /><ent r="6" t="35" w="114" /><ent r="7" t="36" w="902" /></phr></stem><stem n="role"><phr n="role"><ent r="64" t="1" w="47" /><ent r="64" t="3" w="156" /><ent r="6" t="3" w="1010" /><ent r="6" t="3" w="1032" /><ent r="6" t="3" w="1049" /><ent r="4" t="4" w="153" /><ent r="3" t="10" w="62" /><ent r="64" t="11" w="41" /><ent r="4" t="12" w="326" /><ent r="64" t="13" w="95" /><ent r="3" t="13" w="139" /><ent r="3" t="13" w="172" /><ent r="3" t="13" w="200" /><ent r="64" t="15" w="88" /><ent r="64" t="19" w="21" /><ent r="4" t="19" w="343" /><ent r="4" t="19" w="345" /><ent r="4" t="19" w="371" /><ent r="64" t="20" w="27" /><ent r="64" t="21" w="26" /><ent r="3" t="22" w="38" /><ent r="7" t="22" w="168" /><ent r="7" t="22" w="172" /><ent r="7" t="22" w="187" /><ent r="7" t="22" w="224" /><ent r="7" t="22" w="228" /><ent r="7" t="22" w="243" /><ent r="3" t="23" w="35" /><ent r="3" t="23" w="42" /><ent r="3" t="23" w="48" /><ent r="3" t="23" w="102" /><ent r="3" t="23" w="147" /><ent r="4" t="23" w="173" /><ent r="3" t="24" w="36" /><ent r="4" t="24" w="110" /><ent r="4" t="24" w="136" /><ent r="64" t="25" w="39" /><ent r="64" t="31" w="196" /><ent r="64" t="31" w="1045" /><ent r="64" t="32" w="66" /><ent r="3" t="32" w="82" /><ent r="64" t="34" w="102" /><ent r="3" t="34" w="115" /><ent r="3" t="34" w="135" /><ent r="4" t="34" w="791" /><ent r="4" t="34" w="798" /><ent r="4" t="34" w="817" /><ent r="3" t="34" w="839" /><ent r="3" t="34" w="846" /><ent r="3" t="34" w="864" /><ent r="3" t="34" w="870" /><ent r="3" t="34" w="925" /><ent r="3" t="34" w="937" /><ent r="64" t="35" w="43" /><ent r="64" t="38" w="46" /><ent r="7" t="38" w="251" /><ent r="64" t="39" w="61" /><ent r="64" t="43" w="24" /><ent r="3" t="44" w="25" /><ent r="3" t="44" w="55" /><ent r="4" t="44" w="94" /><ent r="3" t="44" w="200" /><ent r="6" t="44" w="265" /><ent r="6" t="44" w="283" /><ent r="6" t="44" w="301" /><ent r="6" t="44" w="321" /><ent r="6" t="44" w="439" /><ent r="6" t="44" w="457" /><ent r="6" t="44" w="475" /><ent r="6" t="44" w="506" /><ent r="6" t="44" w="517" /><ent r="6" t="44" w="540" /></phr><phr n="roles"><ent r="4" t="2" w="180" /><ent r="65" t="6" w="102" /><ent r="4" t="6" w="291" /><ent r="3" t="11" w="52" /><ent r="3" t="13" w="221" /><ent r="100" t="22" w="10" /><ent r="3" t="22" w="25" /><ent r="3" t="22" w="52" /><ent r="3" t="22" w="77" /><ent r="3" t="22" w="92" /><ent r="3" t="22" w="99" /><ent r="5" t="22" w="156" /><ent r="3" t="23" w="90" /><ent r="100" t="24" w="20" /><ent r="3" t="24" w="65" /><ent r="3" t="24" w="97" /><ent r="3" t="34" w="727" /><ent r="100" t="44" w="12" /><ent r="3" t="44" w="49" /><ent r="3" t="44" w="84" /><ent r="4" t="44" w="141" /><ent r="4" t="44" w="193" /><ent r="6" t="44" w="253" /><ent r="6" t="44" w="466" /></phr><phr n="Role"><ent r="67" t="3" w="1089" /><ent r="64" t="6" w="311" /><ent r="100" t="22" w="12" /><ent r="7" t="22" w="177" /><ent r="7" t="22" w="233" /><ent r="1000" t="23" w="6" /><ent r="100" t="23" w="13" /><ent r="100" t="23" w="15" /><ent r="102" t="23" w="26" /><ent r="5" t="23" w="168" /><ent r="5" t="23" w="183" /><ent r="5" t="23" w="196" /><ent r="1000" t="24" w="6" /><ent r="100" t="24" w="15" /><ent r="102" t="24" w="27" /><ent r="5" t="24" w="131" /><ent r="100" t="44" w="9" /><ent r="7" t="44" w="250" /><ent r="7" t="44" w="313" /></phr><phr n="Roles"><ent r="64" t="10" w="78" /><ent r="64" t="11" w="56" /><ent r="64" t="19" w="405" /><ent r="1000" t="22" w="3" /><ent r="100" t="22" w="7" /><ent r="102" t="22" w="17" /><ent r="64" t="22" w="30" /><ent r="64" t="23" w="94" /><ent r="65" t="23" w="159" /><ent r="100" t="24" w="13" /><ent r="64" t="24" w="101" /><ent r="65" t="24" w="122" /><ent r="82" t="34" w="722" /><ent r="4" t="34" w="949" /><ent r="4" t="34" w="954" /><ent r="66" t="40" w="85" /><ent r="1000" t="44" w="2" /><ent r="100" t="44" w="6" /><ent r="102" t="44" w="15" /><ent r="3" t="44" w="30" /><ent r="3" t="44" w="35" /><ent r="5" t="44" w="240" /></phr></stem><stem n="navig"><phr n="navigate"><ent r="4" t="1" w="62" /></phr><phr n="Navigate"><ent r="7" t="28" w="232" /></phr></stem><stem n="url"><phr n="URL"><ent r="4" t="1" w="64" /><ent r="4" t="1" w="81" /><ent r="4" t="9" w="197" /><ent r="3" t="16" w="217" /><ent r="10" t="16" w="888" /><ent r="9" t="16" w="892" /><ent r="4" t="31" w="794" /></phr></stem><stem n="configur"><phr n="configured"><ent r="4" t="1" w="65" /><ent r="3" t="6" w="226" /><ent r="3" t="9" w="393" /><ent r="4" t="15" w="175" /><ent r="7" t="15" w="268" /><ent r="3" t="16" w="135" /><ent r="3" t="26" w="582" /><ent r="3" t="27" w="302" /><ent r="4" t="31" w="913" /><ent r="4" t="31" w="951" /><ent r="7" t="31" w="1191" /><ent r="6" t="44" w="277" /><ent r="7" t="45" w="119" /></phr><phr n="configure"><ent r="4" t="2" w="72" /><ent r="4" t="2" w="165" /><ent r="3" t="6" w="34" /><ent r="4" t="6" w="49" /><ent r="4" t="7" w="299" /><ent r="3" t="8" w="212" /><ent r="3" t="15" w="76" /><ent r="3" t="15" w="91" /><ent r="3" t="15" w="110" /><ent r="3" t="15" w="114" /><ent r="4" t="15" w="162" /><ent r="3" t="16" w="31" /><ent r="9" t="16" w="744" /><ent r="3" t="42" w="433" /><ent r="7" t="45" w="55" /></phr><phr n="Configure"><ent r="65" t="3" w="73" /><ent r="3" t="3" w="94" /><ent r="3" t="3" w="180" /><ent r="65" t="3" w="463" /><ent r="100" t="6" w="21" /><ent r="4" t="6" w="155" /><ent r="4" t="6" w="348" /><ent r="4" t="7" w="78" /><ent r="4" t="7" w="175" /><ent r="5" t="7" w="184" /><ent r="64" t="10" w="51" /><ent r="5" t="11" w="121" /><ent r="65" t="11" w="143" /><ent r="66" t="12" w="368" /><ent r="3" t="12" w="398" /><ent r="65" t="13" w="426" /><ent r="65" t="14" w="219" /><ent r="4" t="15" w="222" /><ent r="66" t="30" w="55" /><ent r="1000" t="32" w="1" /><ent r="100" t="32" w="4" /><ent r="102" t="32" w="26" /><ent r="3" t="32" w="30" /><ent r="3" t="32" w="125" /><ent r="5" t="32" w="189" /><ent r="65" t="34" w="1689" /><ent r="68" t="35" w="471" /></phr><phr n="Configuring"><ent r="4" t="5" w="67" /><ent r="64" t="6" w="363" /><ent r="4" t="14" w="338" /><ent r="1000" t="15" w="1" /><ent r="100" t="15" w="5" /><ent r="102" t="15" w="17" /><ent r="3" t="15" w="184" /><ent r="3" t="15" w="192" /><ent r="65" t="16" w="98" /><ent r="64" t="31" w="110" /><ent r="65" t="31" w="957" /><ent r="64" t="31" w="1384" /><ent r="8" t="45" w="189" /></phr><phr n="Configuration"><ent r="5" t="5" w="118" /><ent r="1000" t="6" w="3" /><ent r="102" t="6" w="8" /><ent r="100" t="6" w="13" /><ent r="4" t="7" w="156" /><ent r="4" t="9" w="147" /><ent r="4" t="14" w="279" /><ent r="7" t="45" w="44" /></phr><phr n="configuration"><ent r="4" t="5" w="141" /><ent r="4" t="7" w="168" /><ent r="4" t="7" w="404" /><ent r="4" t="7" w="429" /><ent r="4" t="7" w="432" /><ent r="4" t="9" w="159" /><ent r="3" t="11" w="70" /><ent r="4" t="14" w="304" /><ent r="4" t="14" w="311" /><ent r="4" t="14" w="334" /><ent r="7" t="31" w="1250" /><ent r="3" t="40" w="30" /></phr><phr n="configuring"><ent r="100" t="6" w="19" /><ent r="7" t="45" w="184" /></phr></stem></index>