﻿<?xml version="1.0" encoding="utf-8"?><index><stem n="recent"><phr n="recent"><ent r="3" t="2" w="276" /><ent r="6" t="32" w="754" /><ent r="6" t="36" w="1684" /></phr><phr n="recently"><ent r="3" t="2" w="291" /></phr></stem><stem n="action"><phr n="action"><ent r="3" t="2" w="289" /><ent r="3" t="4" w="527" /><ent r="3" t="13" w="112" /><ent r="4" t="14" w="488" /><ent r="4" t="21" w="102" /><ent r="4" t="23" w="349" /><ent r="4" t="24" w="294" /><ent r="3" t="28" w="81" /><ent r="3" t="32" w="101" /><ent r="3" t="32" w="121" /><ent r="4" t="42" w="196" /></phr><phr n="actions"><ent r="4" t="4" w="131" /><ent r="5" t="4" w="215" /><ent r="5" t="28" w="111" /><ent r="3" t="32" w="149" /><ent r="7" t="38" w="225" /></phr><phr n="Action"><ent r="5" t="32" w="151" /><ent r="7" t="32" w="158" /></phr></stem><stem n="tip"><phr n="Tip"><ent r="4" t="2" w="294" /><ent r="4" t="2" w="325" /><ent r="7" t="3" w="1094" /><ent r="7" t="4" w="462" /><ent r="5" t="6" w="67" /><ent r="4" t="7" w="378" /><ent r="4" t="9" w="70" /><ent r="4" t="9" w="311" /><ent r="5" t="11" w="414" /><ent r="5" t="12" w="328" /><ent r="4" t="12" w="376" /><ent r="10" t="16" w="479" /><ent r="10" t="16" w="521" /><ent r="4" t="17" w="511" /><ent r="5" t="17" w="596" /><ent r="4" t="18" w="149" /><ent r="4" t="23" w="97" /><ent r="4" t="26" w="141" /><ent r="5" t="26" w="288" /><ent r="5" t="26" w="334" /><ent r="4" t="26" w="732" /><ent r="4" t="27" w="508" /><ent r="4" t="27" w="785" /><ent r="4" t="28" w="87" /><ent r="7" t="28" w="273" /><ent r="7" t="28" w="321" /><ent r="7" t="29" w="121" /><ent r="7" t="29" w="224" /><ent r="4" t="31" w="115" /><ent r="4" t="31" w="1501" /><ent r="4" t="32" w="131" /><ent r="7" t="32" w="305" /><ent r="7" t="32" w="462" /><ent r="7" t="32" w="571" /><ent r="5" t="34" w="213" /><ent r="5" t="34" w="1081" /><ent r="7" t="35" w="323" /><ent r="4" t="36" w="165" /><ent r="8" t="36" w="276" /><ent r="8" t="36" w="646" /><ent r="8" t="36" w="840" /><ent r="8" t="36" w="1191" /><ent r="4" t="36" w="1504" /><ent r="7" t="36" w="1566" /><ent r="7" t="36" w="1676" /><ent r="7" t="41" w="79" /><ent r="4" t="42" w="307" /><ent r="4" t="42" w="499" /><ent r="4" t="44" w="194" /></phr><phr n="tip"><ent r="6" t="3" w="1113" /></phr><phr n="Tips"><ent r="4" t="4" w="64" /><ent r="7" t="4" w="377" /><ent r="7" t="28" w="184" /><ent r="4" t="31" w="991" /><ent r="7" t="32" w="203" /><ent r="3" t="34" w="1168" /><ent r="3" t="34" w="1251" /><ent r="3" t="34" w="1596" /><ent r="3" t="34" w="1773" /></phr></stem><stem n="window"><phr n="window"><ent r="3" t="2" w="299" /><ent r="3" t="17" w="118" /><ent r="4" t="34" w="1100" /><ent r="6" t="36" w="1762" /></phr></stem><stem n="produc"><phr n="produces"><ent r="3" t="2" w="300" /></phr><phr n="produce"><ent r="7" t="36" w="878" /></phr></stem><stem n="same"><phr n="same"><ent r="3" t="2" w="302" /><ent r="3" t="9" w="45" /><ent r="4" t="17" w="242" /><ent r="3" t="17" w="537" /><ent r="3" t="27" w="788" /><ent r="6" t="29" w="111" /><ent r="6" t="29" w="214" /><ent r="3" t="31" w="686" /><ent r="6" t="32" w="280" /><ent r="6" t="32" w="532" /><ent r="4" t="34" w="310" /><ent r="4" t="34" w="318" /><ent r="3" t="34" w="610" /><ent r="3" t="34" w="648" /><ent r="4" t="34" w="1367" /><ent r="3" t="34" w="1579" /><ent r="4" t="34" w="2046" /><ent r="4" t="34" w="2181" /><ent r="3" t="42" w="348" /></phr></stem><stem n="result"><phr n="results"><ent r="3" t="2" w="303" /><ent r="4" t="7" w="439" /><ent r="4" t="17" w="553" /></phr><phr n="result"><ent r="4" t="4" w="136" /><ent r="4" t="27" w="194" /><ent r="3" t="27" w="989" /><ent r="6" t="29" w="65" /><ent r="6" t="29" w="79" /><ent r="6" t="35" w="432" /><ent r="7" t="38" w="230" /></phr><phr n="resulting"><ent r="4" t="27" w="256" /></phr></stem><stem n="quickli"><phr n="quickly"><ent r="3" t="2" w="316" /><ent r="3" t="12" w="409" /><ent r="6" t="22" w="285" /><ent r="6" t="44" w="370" /></phr><phr n="Quickly"><ent r="7" t="22" w="276" /></phr></stem><stem n="singl"><phr n="single"><ent r="3" t="2" w="320" /><ent r="4" t="3" w="222" /><ent r="6" t="3" w="514" /><ent r="3" t="9" w="328" /><ent r="4" t="11" w="133" /><ent r="4" t="11" w="192" /><ent r="3" t="22" w="43" /><ent r="3" t="27" w="992" /></phr></stem><stem n="involv"><phr n="involved"><ent r="3" t="2" w="323" /><ent r="4" t="34" w="1828" /><ent r="6" t="35" w="210" /><ent r="7" t="36" w="1156" /></phr></stem><stem n="doe"><phr n="does"><ent r="3" t="2" w="332" /><ent r="3" t="13" w="196" /><ent r="3" t="27" w="610" /><ent r="6" t="28" w="285" /><ent r="3" t="31" w="696" /><ent r="7" t="31" w="1160" /><ent r="3" t="31" w="1449" /><ent r="6" t="32" w="591" /><ent r="6" t="32" w="598" /><ent r="3" t="34" w="116" /><ent r="4" t="34" w="735" /><ent r="4" t="34" w="754" /><ent r="6" t="38" w="110" /><ent r="3" t="39" w="47" /></phr></stem><stem n="need"><phr n="need"><ent r="3" t="2" w="334" /><ent r="6" t="4" w="356" /><ent r="3" t="4" w="520" /><ent r="3" t="7" w="44" /><ent r="3" t="7" w="71" /><ent r="3" t="14" w="70" /><ent r="3" t="14" w="97" /><ent r="4" t="14" w="152" /><ent r="3" t="18" w="133" /><ent r="3" t="24" w="50" /><ent r="3" t="26" w="748" /><ent r="3" t="31" w="1021" /><ent r="6" t="32" w="315" /><ent r="3" t="34" w="811" /><ent r="6" t="35" w="335" /></phr><phr n="needs"><ent r="3" t="8" w="43" /><ent r="4" t="14" w="126" /><ent r="3" t="34" w="893" /></phr><phr n="needing"><ent r="3" t="31" w="1541" /></phr></stem><stem n="—the"><phr n="—the"><ent r="3" t="2" w="339" /><ent r="7" t="32" w="411" /><ent r="4" t="34" w="1474" /><ent r="6" t="38" w="108" /></phr></stem><stem n="themselv"><phr n="themselves"><ent r="3" t="2" w="343" /><ent r="3" t="36" w="1502" /></phr></stem><stem n="organ"><phr n="Organizing"><ent r="1000" t="3" w="1" /><ent r="65" t="3" w="246" /><ent r="1000" t="10" w="1" /><ent r="102" t="10" w="6" /><ent r="100" t="10" w="11" /><ent r="5" t="10" w="81" /></phr><phr n="organize"><ent r="4" t="3" w="198" /><ent r="7" t="3" w="1010" /><ent r="3" t="10" w="27" /><ent r="3" t="27" w="59" /><ent r="3" t="30" w="24" /><ent r="3" t="32" w="44" /><ent r="3" t="33" w="23" /><ent r="4" t="34" w="1648" /><ent r="4" t="34" w="1662" /></phr><phr n="organization"><ent r="4" t="3" w="234" /><ent r="4" t="11" w="164" /></phr><phr n="organized"><ent r="4" t="3" w="265" /></phr><phr n="organizing"><ent r="100" t="10" w="17" /><ent r="100" t="10" w="20" /><ent r="100" t="10" w="23" /><ent r="6" t="32" w="174" /></phr></stem><stem n="node"><phr n="Nodes"><ent r="1000" t="3" w="4" /><ent r="65" t="3" w="249" /><ent r="5" t="3" w="331" /><ent r="65" t="3" w="411" /><ent r="67" t="3" w="784" /><ent r="64" t="6" w="217" /><ent r="65" t="7" w="97" /><ent r="64" t="8" w="238" /><ent r="1000" t="9" w="5" /><ent r="100" t="9" w="11" /><ent r="102" t="9" w="28" /><ent r="1000" t="10" w="4" /><ent r="102" t="10" w="9" /><ent r="100" t="10" w="14" /><ent r="64" t="11" w="85" /><ent r="4" t="22" w="50" /><ent r="64" t="31" w="939" /><ent r="3" t="32" w="81" /><ent r="5" t="44" w="135" /><ent r="6" t="44" w="464" /><ent r="6" t="44" w="504" /></phr><phr n="nodes"><ent r="3" t="3" w="42" /><ent r="3" t="3" w="129" /><ent r="4" t="3" w="339" /><ent r="4" t="3" w="375" /><ent r="6" t="3" w="457" /><ent r="6" t="3" w="476" /><ent r="100" t="9" w="22" /><ent r="4" t="9" w="387" /><ent r="3" t="9" w="395" /><ent r="5" t="10" w="84" /><ent r="4" t="11" w="186" /><ent r="4" t="11" w="396" /><ent r="3" t="12" w="61" /><ent r="3" t="12" w="417" /><ent r="3" t="15" w="37" /><ent r="7" t="15" w="693" /><ent r="3" t="31" w="32" /><ent r="4" t="31" w="76" /><ent r="3" t="31" w="857" /><ent r="4" t="31" w="910" /><ent r="3" t="32" w="49" /><ent r="3" t="44" w="72" /><ent r="4" t="44" w="109" /><ent r="4" t="44" w="151" /></phr><phr n="node"><ent r="3" t="3" w="58" /><ent r="4" t="3" w="363" /><ent r="4" t="3" w="369" /><ent r="4" t="3" w="383" /><ent r="6" t="3" w="557" /><ent r="6" t="3" w="570" /><ent r="6" t="3" w="575" /><ent r="6" t="3" w="583" /><ent r="6" t="3" w="596" /><ent r="6" t="3" w="615" /><ent r="6" t="3" w="628" /><ent r="6" t="3" w="717" /><ent r="6" t="3" w="722" /><ent r="6" t="3" w="740" /><ent r="6" t="3" w="754" /><ent r="6" t="3" w="766" /><ent r="6" t="3" w="774" /><ent r="6" t="3" w="884" /><ent r="6" t="3" w="900" /><ent r="6" t="3" w="916" /><ent r="6" t="3" w="955" /><ent r="6" t="3" w="967" /><ent r="6" t="3" w="969" /><ent r="7" t="3" w="1027" /><ent r="6" t="3" w="1043" /><ent r="6" t="3" w="1078" /><ent r="4" t="6" w="158" /><ent r="4" t="6" w="183" /><ent r="4" t="6" w="197" /><ent r="4" t="6" w="203" /><ent r="4" t="6" w="206" /><ent r="4" t="6" w="352" /><ent r="4" t="7" w="78" /><ent r="4" t="7" w="106" /><ent r="3" t="8" w="217" /><ent r="3" t="9" w="37" /><ent r="4" t="9" w="63" /><ent r="4" t="9" w="68" /><ent r="3" t="9" w="81" /><ent r="4" t="9" w="133" /><ent r="4" t="9" w="138" /><ent r="4" t="11" w="189" /><ent r="4" t="14" w="250" /><ent r="7" t="15" w="246" /><ent r="8" t="15" w="259" /><ent r="7" t="15" w="704" /><ent r="7" t="15" w="711" /><ent r="4" t="19" w="352" /><ent r="4" t="19" w="364" /><ent r="4" t="19" w="368" /><ent r="3" t="23" w="81" /><ent r="6" t="29" w="102" /><ent r="6" t="29" w="112" /><ent r="6" t="29" w="204" /><ent r="6" t="29" w="215" /><ent r="4" t="31" w="559" /><ent r="7" t="31" w="1187" /><ent r="100" t="32" w="17" /><ent r="100" t="32" w="20" /><ent r="3" t="32" w="89" /><ent r="6" t="32" w="651" /><ent r="6" t="32" w="667" /><ent r="6" t="32" w="675" /><ent r="6" t="32" w="690" /><ent r="4" t="44" w="143" /></phr><phr n="Node"><ent r="6" t="3" w="619" /><ent r="8" t="3" w="1023" /><ent r="100" t="9" w="16" /><ent r="5" t="9" w="170" /><ent r="100" t="10" w="22" /><ent r="8" t="15" w="238" /><ent r="7" t="31" w="1165" /><ent r="100" t="32" w="10" /><ent r="100" t="32" w="13" /><ent r="6" t="32" w="652" /><ent r="6" t="32" w="676" /><ent r="6" t="44" w="281" /></phr><phr n="NODE"><ent r="7" t="16" w="1121" /></phr></stem><stem n="foundat"><phr n="foundation"><ent r="3" t="3" w="27" /></phr></stem><stem n="plu"><phr n="plus"><ent r="3" t="3" w="51" /><ent r="4" t="27" w="419" /></phr></stem><stem n="statu"><phr n="status"><ent r="3" t="3" w="59" /><ent r="4" t="3" w="360" /><ent r="6" t="3" w="446" /><ent r="6" t="3" w="538" /><ent r="6" t="3" w="567" /><ent r="6" t="3" w="612" /><ent r="6" t="3" w="800" /><ent r="3" t="12" w="386" /><ent r="7" t="16" w="1207" /><ent r="7" t="16" w="1232" /><ent r="3" t="28" w="32" /><ent r="8" t="31" w="255" /><ent r="7" t="31" w="260" /><ent r="7" t="31" w="274" /><ent r="8" t="31" w="350" /><ent r="7" t="31" w="354" /><ent r="8" t="31" w="430" /><ent r="7" t="31" w="434" /><ent r="7" t="31" w="447" /><ent r="4" t="34" w="1469" /><ent r="6" t="36" w="1671" /><ent r="6" t="36" w="1685" /></phr><phr n="Status"><ent r="4" t="28" w="72" /><ent r="7" t="36" w="1666" /><ent r="7" t="36" w="1725" /><ent r="7" t="36" w="1732" /></phr></stem><stem n="figur"><phr n="Figure"><ent r="64" t="3" w="82" /><ent r="64" t="12" w="87" /><ent r="65" t="12" w="231" /><ent r="65" t="12" w="247" /><ent r="65" t="12" w="266" /><ent r="65" t="13" w="316" /><ent r="65" t="15" w="170" /><ent r="65" t="15" w="180" /><ent r="65" t="15" w="212" /><ent r="64" t="31" w="1118" /><ent r="64" t="31" w="1362" /></phr></stem><stem n="1"><phr n="1"><ent r="64" t="3" w="83" /><ent r="5" t="7" w="173" /><ent r="4" t="9" w="166" /><ent r="5" t="9" w="182" /><ent r="64" t="12" w="88" /><ent r="65" t="12" w="232" /><ent r="65" t="12" w="248" /><ent r="65" t="12" w="373" /><ent r="65" t="15" w="171" /><ent r="65" t="17" w="171" /><ent r="65" t="17" w="197" /><ent r="65" t="17" w="265" /><ent r="65" t="17" w="308" /><ent r="65" t="17" w="319" /><ent r="65" t="17" w="360" /><ent r="65" t="17" w="389" /><ent r="65" t="17" w="439" /><ent r="64" t="17" w="474" /><ent r="3" t="17" w="526" /><ent r="65" t="17" w="593" /><ent r="3" t="26" w="107" /><ent r="3" t="26" w="110" /><ent r="3" t="26" w="116" /><ent r="3" t="27" w="609" /><ent r="3" t="27" w="848" /><ent r="3" t="27" w="871" /><ent r="3" t="27" w="1013" /><ent r="6" t="28" w="186" /><ent r="3" t="29" w="499" /><ent r="3" t="29" w="526" /><ent r="4" t="29" w="572" /><ent r="65" t="30" w="52" /><ent r="65" t="30" w="60" /><ent r="64" t="31" w="204" /><ent r="7" t="31" w="346" /><ent r="3" t="31" w="993" /><ent r="64" t="31" w="1016" /><ent r="64" t="32" w="128" /><ent r="6" t="32" w="205" /><ent r="7" t="32" w="362" /><ent r="7" t="36" w="1017" /><ent r="7" t="36" w="1172" /><ent r="6" t="36" w="1274" /><ent r="6" t="36" w="1315" /><ent r="6" t="36" w="1372" /><ent r="6" t="36" w="1431" /><ent r="65" t="37" w="38" /><ent r="65" t="37" w="46" /><ent r="65" t="40" w="61" /><ent r="65" t="40" w="70" /><ent r="65" t="40" w="79" /><ent r="65" t="40" w="90" /><ent r="4" t="42" w="484" /></phr></stem><stem n="simplifi"><phr n="simplified"><ent r="3" t="3" w="97" /></phr></stem><stem n="(for"><phr n="(for"><ent r="3" t="3" w="109" /><ent r="3" t="3" w="134" /><ent r="6" t="3" w="434" /><ent r="6" t="3" w="496" /><ent r="6" t="3" w="555" /><ent r="6" t="3" w="632" /><ent r="6" t="3" w="715" /><ent r="6" t="3" w="787" /><ent r="6" t="3" w="882" /><ent r="4" t="11" w="205" /><ent r="3" t="13" w="210" /><ent r="7" t="16" w="1197" /><ent r="7" t="16" w="1222" /><ent r="4" t="23" w="355" /><ent r="4" t="24" w="300" /><ent r="4" t="26" w="419" /><ent r="3" t="27" w="51" /><ent r="4" t="27" w="139" /><ent r="3" t="27" w="781" /><ent r="7" t="31" w="1156" /><ent r="4" t="34" w="1030" /><ent r="4" t="34" w="2097" /><ent r="4" t="42" w="289" /></phr><phr n="(For"><ent r="4" t="19" w="272" /></phr></stem><stem n="detail"><phr n="Details"><ent r="3" t="3" w="115" /><ent r="7" t="3" w="1045" /><ent r="6" t="3" w="1104" /><ent r="5" t="4" w="560" /><ent r="5" t="17" w="286" /><ent r="66" t="17" w="313" /><ent r="7" t="29" w="39" /><ent r="82" t="34" w="1727" /><ent r="3" t="34" w="1732" /><ent r="4" t="34" w="1819" /><ent r="4" t="34" w="1876" /><ent r="7" t="39" w="219" /><ent r="6" t="39" w="221" /></phr><phr n="details"><ent r="6" t="3" w="970" /><ent r="6" t="3" w="1052" /><ent r="6" t="3" w="1081" /><ent r="4" t="4" w="553" /><ent r="4" t="7" w="90" /><ent r="4" t="7" w="121" /><ent r="4" t="9" w="253" /><ent r="4" t="12" w="284" /><ent r="4" t="18" w="114" /><ent r="3" t="18" w="136" /><ent r="3" t="18" w="154" /><ent r="4" t="19" w="142" /><ent r="4" t="20" w="73" /><ent r="4" t="20" w="82" /><ent r="3" t="26" w="153" /><ent r="3" t="29" w="21" /><ent r="6" t="32" w="253" /><ent r="6" t="32" w="294" /><ent r="6" t="32" w="334" /><ent r="7" t="32" w="385" /><ent r="4" t="34" w="1719" /><ent r="3" t="34" w="1737" /><ent r="3" t="34" w="1769" /><ent r="7" t="36" w="909" /></phr><phr n="detail"><ent r="6" t="3" w="1109" /><ent r="3" t="32" w="112" /><ent r="3" t="36" w="1226" /></phr><phr n="detailed"><ent r="3" t="4" w="495" /><ent r="3" t="17" w="81" /><ent r="3" t="31" w="826" /><ent r="7" t="36" w="788" /></phr><phr n="Detail"><ent r="4" t="28" w="73" /><ent r="7" t="36" w="1726" /><ent r="7" t="36" w="1733" /></phr></stem><stem n="column"><phr n="columns"><ent r="3" t="3" w="116" /><ent r="3" t="26" w="52" /><ent r="3" t="29" w="24" /><ent r="5" t="29" w="35" /><ent r="4" t="31" w="1068" /><ent r="7" t="36" w="1021" /></phr><phr n="column"><ent r="6" t="3" w="1105" /><ent r="7" t="22" w="306" /><ent r="4" t="27" w="385" /><ent r="4" t="27" w="400" /><ent r="4" t="28" w="74" /><ent r="7" t="28" w="147" /><ent r="6" t="29" w="328" /><ent r="4" t="31" w="1059" /><ent r="4" t="31" w="1075" /><ent r="4" t="31" w="1091" /><ent r="7" t="36" w="1727" /></phr><phr n="Columns"><ent r="64" t="26" w="58" /><ent r="68" t="28" w="157" /><ent r="1000" t="29" w="4" /><ent r="100" t="29" w="9" /><ent r="102" t="29" w="14" /></phr><phr n="Column"><ent r="7" t="29" w="37" /></phr></stem><stem n="omit"><phr n="omitted"><ent r="3" t="3" w="119" /></phr></stem><stem n=")."><phr n=")."><ent r="3" t="3" w="120" /><ent r="3" t="3" w="149" /><ent r="4" t="3" w="381" /><ent r="6" t="3" w="500" /><ent r="6" t="3" w="592" /><ent r="6" t="3" w="935" /><ent r="4" t="5" w="143" /><ent r="4" t="5" w="154" /><ent r="4" t="6" w="207" /><ent r="4" t="11" w="212" /><ent r="4" t="11" w="282" /><ent r="3" t="12" w="90" /><ent r="3" t="13" w="97" /><ent r="4" t="14" w="306" /><ent r="4" t="14" w="326" /><ent r="4" t="15" w="183" /><ent r="4" t="15" w="215" /><ent r="4" t="16" w="120" /><ent r="7" t="16" w="1208" /><ent r="7" t="16" w="1233" /><ent r="4" t="17" w="244" /><ent r="4" t="19" w="369" /><ent r="4" t="23" w="364" /><ent r="4" t="24" w="309" /><ent r="4" t="26" w="492" /><ent r="4" t="26" w="716" /><ent r="3" t="27" w="71" /><ent r="4" t="27" w="143" /><ent r="3" t="27" w="576" /><ent r="4" t="31" w="644" /><ent r="3" t="31" w="1018" /><ent r="7" t="31" w="1234" /><ent r="3" t="31" w="1365" /><ent r="3" t="31" w="1452" /><ent r="7" t="32" w="376" /><ent r="4" t="34" w="1037" /><ent r="4" t="34" w="1372" /><ent r="6" t="36" w="1349" /><ent r="6" t="36" w="1407" /><ent r="3" t="42" w="271" /><ent r="4" t="42" w="493" /><ent r="6" t="44" w="365" /></phr></stem><stem n="abbrevi"><phr n="abbreviated"><ent r="3" t="3" w="121" /><ent r="4" t="31" w="1078" /></phr></stem><stem n="complet"><phr n="complete"><ent r="3" t="3" w="131" /><ent r="3" t="7" w="69" /><ent r="3" t="7" w="474" /><ent r="4" t="12" w="360" /><ent r="4" t="13" w="418" /><ent r="3" t="26" w="759" /><ent r="4" t="34" w="1978" /><ent r="7" t="36" w="1137" /><ent r="7" t="36" w="1184" /><ent r="3" t="41" w="53" /></phr><phr n="completed"><ent r="3" t="11" w="66" /><ent r="4" t="28" w="70" /><ent r="6" t="28" w="188" /><ent r="3" t="29" w="485" /><ent r="3" t="29" w="551" /><ent r="3" t="36" w="1471" /><ent r="6" t="36" w="1560" /><ent r="6" t="36" w="1580" /><ent r="7" t="36" w="1723" /><ent r="6" t="36" w="1766" /></phr><phr n="completely"><ent r="3" t="14" w="514" /></phr><phr n="Complete"><ent r="4" t="16" w="313" /><ent r="9" t="16" w="842" /></phr><phr n="COMPLETED"><ent r="4" t="28" w="52" /><ent r="7" t="36" w="1705" /></phr></stem><stem n="oper"><phr n="operation"><ent r="3" t="3" w="133" /><ent r="4" t="12" w="362" /><ent r="4" t="13" w="420" /><ent r="3" t="17" w="122" /><ent r="4" t="26" w="214" /><ent r="4" t="26" w="272" /><ent r="4" t="34" w="1104" /><ent r="4" t="36" w="54" /><ent r="4" t="36" w="89" /><ent r="7" t="36" w="327" /><ent r="7" t="36" w="365" /></phr><phr n="operating"><ent r="4" t="3" w="214" /><ent r="8" t="31" w="254" /><ent r="7" t="31" w="259" /></phr><phr n="operations"><ent r="6" t="3" w="491" /><ent r="6" t="3" w="621" /><ent r="6" t="3" w="680" /><ent r="4" t="6" w="199" /><ent r="3" t="9" w="85" /><ent r="4" t="11" w="402" /><ent r="3" t="12" w="51" /><ent r="4" t="19" w="354" /><ent r="4" t="26" w="237" /><ent r="4" t="26" w="326" /><ent r="3" t="27" w="600" /><ent r="3" t="27" w="618" /><ent r="7" t="36" w="315" /><ent r="7" t="36" w="423" /><ent r="7" t="36" w="486" /><ent r="7" t="36" w="503" /><ent r="7" t="36" w="545" /><ent r="7" t="36" w="552" /><ent r="7" t="36" w="598" /><ent r="4" t="44" w="145" /></phr><phr n="Operator"><ent r="4" t="13" w="219" /><ent r="5" t="19" w="297" /></phr><phr n="operates"><ent r="3" t="26" w="70" /></phr><phr n="Operation"><ent r="5" t="26" w="206" /><ent r="8" t="36" w="495" /></phr><phr n="Operations"><ent r="5" t="26" w="313" /></phr></stem><stem n="administr"><phr n="Administrator"><ent r="3" t="3" w="154" /><ent r="6" t="3" w="922" /><ent r="3" t="6" w="239" /><ent r="3" t="10" w="61" /><ent r="3" t="11" w="39" /><ent r="3" t="13" w="93" /><ent r="3" t="15" w="86" /><ent r="3" t="19" w="19" /><ent r="5" t="19" w="281" /><ent r="4" t="19" w="334" /><ent r="3" t="20" w="25" /><ent r="3" t="21" w="29" /><ent r="4" t="22" w="36" /><ent r="3" t="23" w="34" /><ent r="3" t="23" w="60" /><ent r="3" t="24" w="53" /><ent r="3" t="25" w="17" /><ent r="3" t="25" w="42" /><ent r="3" t="31" w="194" /><ent r="3" t="32" w="64" /><ent r="3" t="34" w="109" /><ent r="3" t="35" w="41" /><ent r="3" t="36" w="1484" /><ent r="3" t="38" w="44" /><ent r="3" t="39" w="63" /><ent r="3" t="43" w="26" /><ent r="3" t="44" w="23" /><ent r="5" t="44" w="88" /><ent r="4" t="44" w="159" /><ent r="6" t="44" w="263" /><ent r="6" t="44" w="491" /></phr><phr n="administrative"><ent r="6" t="3" w="912" /><ent r="6" t="3" w="951" /><ent r="4" t="6" w="46" /><ent r="4" t="7" w="209" /><ent r="4" t="7" w="244" /><ent r="6" t="44" w="497" /></phr><phr n="administrator"><ent r="7" t="3" w="1006" /><ent r="4" t="7" w="198" /><ent r="3" t="8" w="50" /><ent r="4" t="12" w="325" /><ent r="3" t="14" w="191" /><ent r="9" t="16" w="380" /><ent r="3" t="27" w="862" /><ent r="3" t="34" w="131" /><ent r="3" t="34" w="809" /><ent r="3" t="36" w="1494" /><ent r="6" t="41" w="90" /><ent r="6" t="44" w="267" /></phr><phr n="Administrative"><ent r="7" t="3" w="1064" /><ent r="5" t="4" w="125" /><ent r="7" t="4" w="267" /><ent r="5" t="11" w="286" /><ent r="8" t="32" w="442" /><ent r="8" t="38" w="219" /></phr><phr n="Administrators"><ent r="3" t="22" w="85" /><ent r="4" t="40" w="81" /><ent r="4" t="40" w="92" /><ent r="4" t="44" w="114" /><ent r="6" t="44" w="480" /></phr><phr n="administrators"><ent r="3" t="42" w="41" /><ent r="4" t="44" w="173" /><ent r="4" t="44" w="184" /></phr></stem><stem n="modifi"><phr n="modify"><ent r="3" t="3" w="159" /><ent r="4" t="3" w="367" /><ent r="4" t="20" w="36" /><ent r="4" t="20" w="69" /></phr><phr n="Modify"><ent r="9" t="16" w="416" /><ent r="7" t="28" w="238" /><ent r="6" t="32" w="333" /><ent r="7" t="32" w="382" /></phr><phr n="modifying"><ent r="65" t="19" w="150" /></phr></stem><stem n="here"><phr n="here"><ent r="3" t="3" w="168" /><ent r="4" t="6" w="73" /><ent r="9" t="16" w="488" /><ent r="3" t="26" w="592" /><ent r="3" t="27" w="312" /><ent r="4" t="34" w="1633" /><ent r="3" t="36" w="1475" /><ent r="6" t="36" w="1745" /><ent r="3" t="41" w="36" /><ent r="6" t="44" w="392" /></phr></stem><stem n="purpos"><phr n="purposes"><ent r="3" t="3" w="172" /><ent r="9" t="16" w="862" /><ent r="6" t="28" w="338" /><ent r="7" t="32" w="404" /></phr><phr n="purpose"><ent r="3" t="3" w="299" /><ent r="4" t="16" w="283" /><ent r="4" t="26" w="661" /></phr></stem><stem n="contain"><phr n="contains"><ent r="3" t="3" w="186" /><ent r="4" t="3" w="220" /><ent r="8" t="22" w="324" /><ent r="5" t="23" w="269" /><ent r="5" t="24" w="214" /><ent r="4" t="27" w="119" /><ent r="3" t="30" w="42" /><ent r="3" t="31" w="39" /><ent r="3" t="33" w="51" /><ent r="4" t="34" w="2118" /><ent r="5" t="34" w="2124" /><ent r="3" t="37" w="28" /><ent r="3" t="40" w="28" /><ent r="3" t="42" w="43" /><ent r="3" t="42" w="317" /><ent r="7" t="44" w="348" /></phr><phr n="contain"><ent r="4" t="7" w="230" /><ent r="4" t="7" w="252" /><ent r="4" t="19" w="95" /><ent r="3" t="26" w="568" /><ent r="3" t="27" w="288" /><ent r="7" t="32" w="368" /><ent r="7" t="36" w="347" /><ent r="7" t="36" w="977" /><ent r="3" t="39" w="49" /></phr><phr n="containing"><ent r="4" t="15" w="156" /><ent r="3" t="27" w="528" /><ent r="6" t="35" w="427" /></phr></stem><stem n="three"><phr n="three"><ent r="3" t="3" w="187" /><ent r="4" t="27" w="218" /><ent r="3" t="31" w="729" /><ent r="3" t="34" w="399" /></phr></stem><stem n="major"><phr n="major"><ent r="3" t="3" w="188" /></phr></stem><stem n="entiti"><phr n="entities"><ent r="3" t="3" w="189" /><ent r="3" t="14" w="519" /><ent r="4" t="17" w="237" /><ent r="4" t="17" w="339" /><ent r="4" t="26" w="318" /><ent r="4" t="26" w="710" /><ent r="3" t="34" w="26" /><ent r="3" t="34" w="362" /><ent r="3" t="34" w="688" /><ent r="4" t="34" w="1353" /><ent r="4" t="34" w="1362" /><ent r="6" t="35" w="209" /><ent r="6" t="35" w="266" /></phr><phr n="Entity"><ent r="8" t="16" w="1112" /><ent r="8" t="16" w="1133" /><ent r="5" t="26" w="195" /><ent r="5" t="34" w="1009" /><ent r="8" t="36" w="456" /><ent r="7" t="36" w="531" /></phr><phr n="entity"><ent r="7" t="16" w="1142" /><ent r="4" t="26" w="339" /><ent r="7" t="31" w="1154" /><ent r="7" t="31" w="1174" /><ent r="3" t="34" w="41" /><ent r="3" t="34" w="60" /><ent r="3" t="34" w="595" /><ent r="4" t="34" w="1019" /><ent r="4" t="34" w="1027" /><ent r="7" t="36" w="618" /><ent r="7" t="36" w="650" /><ent r="8" t="36" w="659" /></phr></stem><stem n="folder"><phr n="Folders"><ent r="5" t="3" w="192" /><ent r="4" t="3" w="194" /><ent r="6" t="32" w="170" /><ent r="3" t="34" w="423" /><ent r="4" t="34" w="1598" /></phr><phr n="folders"><ent r="4" t="3" w="208" /><ent r="4" t="3" w="243" /><ent r="4" t="3" w="267" /><ent r="5" t="17" w="214" /><ent r="4" t="17" w="234" /><ent r="4" t="34" w="256" /><ent r="3" t="34" w="622" /><ent r="4" t="34" w="1271" /><ent r="5" t="34" w="1323" /><ent r="4" t="34" w="1350" /><ent r="4" t="34" w="1371" /><ent r="4" t="34" w="1618" /><ent r="4" t="34" w="1631" /><ent r="4" t="34" w="1639" /><ent r="4" t="34" w="1655" /></phr><phr n="folder"><ent r="4" t="3" w="224" /><ent r="8" t="3" w="1001" /><ent r="7" t="10" w="94" /><ent r="8" t="10" w="98" /><ent r="8" t="10" w="106" /><ent r="8" t="10" w="119" /><ent r="7" t="10" w="129" /><ent r="7" t="10" w="132" /><ent r="8" t="10" w="136" /><ent r="8" t="10" w="149" /><ent r="7" t="10" w="161" /><ent r="7" t="10" w="166" /><ent r="7" t="10" w="177" /><ent r="8" t="10" w="193" /><ent r="7" t="10" w="203" /><ent r="7" t="10" w="208" /><ent r="8" t="10" w="220" /><ent r="8" t="10" w="305" /><ent r="4" t="11" w="136" /><ent r="4" t="11" w="161" /><ent r="4" t="11" w="200" /><ent r="4" t="11" w="211" /><ent r="8" t="15" w="255" /><ent r="4" t="17" w="202" /><ent r="4" t="17" w="334" /><ent r="3" t="17" w="529" /><ent r="4" t="26" w="292" /><ent r="6" t="32" w="165" /><ent r="6" t="32" w="183" /><ent r="6" t="32" w="192" /><ent r="6" t="32" w="201" /><ent r="6" t="32" w="212" /><ent r="6" t="32" w="234" /><ent r="6" t="32" w="240" /><ent r="6" t="32" w="323" /><ent r="6" t="32" w="329" /><ent r="6" t="32" w="337" /><ent r="8" t="32" w="344" /><ent r="7" t="32" w="349" /><ent r="6" t="32" w="470" /><ent r="6" t="32" w="487" /><ent r="6" t="32" w="498" /><ent r="6" t="32" w="501" /><ent r="6" t="32" w="505" /><ent r="6" t="32" w="520" /><ent r="6" t="32" w="529" /><ent r="6" t="32" w="543" /><ent r="6" t="32" w="551" /><ent r="6" t="32" w="558" /><ent r="6" t="32" w="633" /><ent r="6" t="32" w="643" /><ent r="3" t="34" w="611" /><ent r="3" t="34" w="650" /><ent r="3" t="34" w="1306" /><ent r="4" t="34" w="1332" /><ent r="3" t="34" w="1386" /></phr><phr n="Folder"><ent r="100" t="10" w="16" /><ent r="9" t="10" w="111" /><ent r="66" t="17" w="261" /><ent r="66" t="17" w="385" /><ent r="100" t="32" w="7" /><ent r="82" t="34" w="1277" /><ent r="3" t="34" w="1283" /><ent r="3" t="34" w="1765" /></phr></stem></index>