<?xml version="1.0" encoding="utf-8"?><index><stem n="verifi"><phr n="Verify"><ent r="4" t="9" w="163" /><ent r="4" t="26" w="692" /><ent r="7" t="36" w="608" /></phr></stem><stem n="read"><phr n="reads"><ent r="4" t="9" w="168" /></phr></stem><stem n="“remot"><phr n="“Remote"><ent r="4" t="9" w="169" /></phr></stem><stem n="’t,"><phr n="’t,"><ent r="4" t="9" w="178" /></phr></stem><stem n="4"><phr n="4"><ent r="5" t="9" w="190" /><ent r="64" t="31" w="1403" /></phr></stem><stem n="(new"><phr n="(New"><ent r="4" t="9" w="192" /></phr></stem><stem n="fulli"><phr n="Fully"><ent r="4" t="9" w="206" /><ent r="4" t="11" w="262" /></phr></stem><stem n="qualifi"><phr n="Qualified"><ent r="4" t="9" w="207" /><ent r="4" t="11" w="263" /></phr></stem><stem n="domain"><phr n="Domain"><ent r="4" t="9" w="208" /><ent r="4" t="9" w="227" /><ent r="4" t="11" w="264" /></phr></stem><stem n="append"><phr n="appended"><ent r="4" t="9" w="222" /></phr></stem><stem n="“https://machine.domain.com:8182”)."><phr n="“https://machine.domain.com:8182”)."><ent r="4" t="9" w="230" /></phr></stem><stem n="examin"><phr n="Examine"><ent r="4" t="9" w="247" /><ent r="4" t="12" w="280" /><ent r="4" t="14" w="467" /><ent r="4" t="17" w="709" /></phr></stem><stem n="(listen"><phr n="(Listener"><ent r="4" t="9" w="264" /><ent r="7" t="45" w="352" /></phr></stem><stem n="lan"><phr n="LAN"><ent r="4" t="9" w="276" /></phr></stem><stem n="eth0"><phr n="eth0"><ent r="4" t="9" w="280" /><ent r="3" t="9" w="311" /></phr></stem><stem n="“eth0”"><phr n="“eth0”"><ent r="4" t="9" w="281" /></phr></stem><stem n="diagram"><phr n="diagrams"><ent r="4" t="9" w="285" /></phr></stem><stem n="deploy"><phr n="Deployment"><ent r="4" t="9" w="288" /><ent r="3" t="9" w="318" /></phr></stem><stem n="guid"><phr n="Guide"><ent r="4" t="9" w="289" /></phr></stem><stem n="appendix"><phr n="appendix"><ent r="4" t="9" w="293" /></phr></stem><stem n="‘*’"><phr n="‘*’"><ent r="3" t="9" w="328" /><ent r="4" t="27" w="716" /></phr></stem><stem n="asterisk"><phr n="asterisk"><ent r="3" t="9" w="328" /><ent r="4" t="42" w="138" /></phr></stem><stem n="(asterisk)"><phr n="(asterisk)"><ent r="3" t="9" w="329" /></phr></stem><stem n="r"><phr n="R"><ent r="5" t="9" w="359" /></phr></stem><stem n=":organ"><phr n=":organizing"><ent r="100" t="10" w="17" /><ent r="100" t="10" w="20" /><ent r="100" t="10" w="23" /></phr></stem><stem n="sens"><phr n="sense"><ent r="3" t="10" w="39" /></phr></stem><stem n="&quot;administrator&quot;"><phr n="&quot;Administrator&quot;"><ent r="3" t="10" w="62" /></phr></stem><stem n="organiz"><phr n="organizational"><ent r="3" t="10" w="70" /></phr></stem><stem n="move"><phr n="Move"><ent r="7" t="10" w="127" /><ent r="9" t="10" w="143" /><ent r="7" t="10" w="159" /><ent r="7" t="10" w="172" /><ent r="8" t="10" w="183" /><ent r="9" t="10" w="187" /><ent r="4" t="15" w="149" /><ent r="7" t="32" w="260" /><ent r="7" t="32" w="344" /><ent r="6" t="32" w="351" /><ent r="6" t="32" w="551" /></phr><phr n="moved"><ent r="8" t="10" w="139" /><ent r="7" t="10" w="168" /><ent r="7" t="22" w="270" /><ent r="4" t="23" w="308" /><ent r="4" t="24" w="251" /></phr><phr n="Moves"><ent r="6" t="32" w="527" /></phr></stem><stem n="destin"><phr n="destination"><ent r="8" t="10" w="148" /><ent r="8" t="10" w="192" /><ent r="9" t="16" w="725" /><ent r="65" t="17" w="325" /><ent r="65" t="17" w="389" /><ent r="4" t="17" w="440" /><ent r="4" t="17" w="456" /><ent r="65" t="17" w="468" /><ent r="3" t="17" w="475" /><ent r="4" t="17" w="495" /><ent r="3" t="17" w="502" /><ent r="3" t="17" w="515" /><ent r="3" t="17" w="529" /><ent r="65" t="17" w="553" /><ent r="4" t="17" w="560" /><ent r="3" t="17" w="688" /><ent r="3" t="17" w="696" /><ent r="3" t="17" w="798" /><ent r="3" t="18" w="208" /><ent r="3" t="32" w="113" /><ent r="6" t="32" w="538" /><ent r="6" t="32" w="558" /><ent r="3" t="34" w="67" /><ent r="4" t="34" w="352" /><ent r="4" t="34" w="467" /><ent r="4" t="34" w="512" /><ent r="4" t="34" w="572" /><ent r="3" t="34" w="647" /><ent r="3" t="34" w="752" /><ent r="4" t="34" w="770" /><ent r="4" t="34" w="1002" /><ent r="4" t="34" w="1029" /><ent r="5" t="34" w="1101" /><ent r="4" t="34" w="1118" /><ent r="82" t="34" w="1262" /><ent r="3" t="34" w="1266" /><ent r="3" t="34" w="1277" /><ent r="82" t="34" w="1323" /><ent r="3" t="34" w="1329" /><ent r="4" t="34" w="1423" /><ent r="3" t="34" w="1432" /><ent r="4" t="34" w="1457" /><ent r="4" t="34" w="1465" /><ent r="4" t="34" w="1496" /><ent r="4" t="34" w="1508" /><ent r="4" t="34" w="1548" /><ent r="4" t="34" w="1571" /><ent r="3" t="34" w="1600" /><ent r="3" t="34" w="1622" /><ent r="4" t="34" w="1738" /><ent r="3" t="34" w="1811" /><ent r="5" t="34" w="2050" /><ent r="4" t="34" w="2081" /><ent r="4" t="34" w="2109" /><ent r="4" t="34" w="2123" /><ent r="7" t="35" w="204" /><ent r="6" t="35" w="208" /></phr><phr n="destinations"><ent r="4" t="34" w="1757" /></phr></stem><stem n="[ok"><phr n="[OK"><ent r="9" t="10" w="154" /><ent r="9" t="10" w="198" /><ent r="5" t="12" w="225" /><ent r="7" t="32" w="544" /></phr></stem><stem n="well"><phr n="well"><ent r="7" t="10" w="170" /><ent r="4" t="23" w="191" /><ent r="3" t="31" w="183" /></phr></stem><stem n="empti"><phr n="empty"><ent r="7" t="10" w="211" /><ent r="3" t="27" w="982" /><ent r="3" t="27" w="1004" /><ent r="3" t="27" w="1037" /><ent r="6" t="32" w="608" /><ent r="3" t="34" w="851" /><ent r="7" t="36" w="267" /></phr></stem><stem n="untouch"><phr n="untouched"><ent r="7" t="10" w="259" /></phr></stem><stem n="back"><phr n="back"><ent r="7" t="10" w="268" /><ent r="4" t="14" w="130" /><ent r="7" t="22" w="271" /><ent r="6" t="29" w="116" /><ent r="6" t="29" w="130" /><ent r="7" t="29" w="187" /><ent r="6" t="29" w="192" /><ent r="6" t="29" w="226" /><ent r="7" t="29" w="240" /><ent r="6" t="29" w="248" /><ent r="7" t="29" w="255" /><ent r="6" t="29" w="263" /><ent r="7" t="29" w="270" /><ent r="6" t="29" w="278" /><ent r="8" t="29" w="421" /><ent r="3" t="29" w="489" /><ent r="3" t="31" w="1538" /><ent r="3" t="31" w="1584" /><ent r="6" t="32" w="656" /><ent r="6" t="35" w="403" /><ent r="6" t="35" w="413" /><ent r="4" t="36" w="70" /><ent r="7" t="36" w="633" /></phr></stem><stem n="collaps"><phr n="Collapse"><ent r="7" t="10" w="292" /><ent r="8" t="10" w="309" /></phr><phr n="Collapsible"><ent r="4" t="31" w="1098" /></phr><phr n="collapsed"><ent r="3" t="31" w="1124" /></phr></stem><stem n="expand"><phr n="expand"><ent r="7" t="10" w="294" /><ent r="8" t="10" w="311" /><ent r="4" t="16" w="245" /></phr><phr n="expanded"><ent r="3" t="29" w="519" /><ent r="3" t="31" w="1142" /></phr></stem><stem n="[-]"><phr n="[-]"><ent r="8" t="10" w="299" /></phr></stem><stem n="[+]"><phr n="[+]"><ent r="8" t="10" w="301" /></phr></stem><stem n="marker"><phr n="markers"><ent r="8" t="10" w="301" /></phr></stem><stem n=":ad"><phr n=":adding"><ent r="100" t="11" w="16" /><ent r="100" t="11" w="20" /><ent r="100" t="11" w="24" /><ent r="100" t="23" w="16" /></phr></stem><stem n="ssg"><phr n="SSG"><ent r="100" t="11" w="22" /></phr></stem><stem n="'administrator'"><phr n="'Administrator'"><ent r="3" t="11" w="40" /><ent r="3" t="13" w="94" /><ent r="3" t="15" w="87" /><ent r="3" t="19" w="20" /><ent r="3" t="20" w="26" /><ent r="3" t="21" w="30" /><ent r="3" t="23" w="35" /><ent r="3" t="24" w="54" /><ent r="3" t="25" w="43" /><ent r="3" t="31" w="195" /><ent r="3" t="32" w="65" /><ent r="3" t="35" w="42" /><ent r="3" t="38" w="45" /><ent r="3" t="39" w="76" /><ent r="3" t="43" w="28" /><ent r="3" t="44" w="25" /><ent r="6" t="44" w="267" /></phr></stem><stem n="assum"><phr n="assumes"><ent r="3" t="11" w="62" /></phr><phr n="assuming"><ent r="3" t="17" w="40" /><ent r="3" t="27" w="559" /></phr><phr n="assume"><ent r="6" t="38" w="113" /></phr></stem><stem n="alreadi"><phr n="already"><ent r="4" t="11" w="112" /><ent r="4" t="13" w="292" /><ent r="6" t="32" w="568" /><ent r="4" t="34" w="1453" /><ent r="4" t="34" w="1504" /></phr></stem><stem n="defin"><phr n="defined"><ent r="4" t="11" w="136" /><ent r="4" t="11" w="303" /><ent r="7" t="15" w="645" /><ent r="4" t="16" w="66" /><ent r="7" t="16" w="1278" /><ent r="4" t="27" w="428" /><ent r="3" t="27" w="513" /><ent r="4" t="31" w="676" /><ent r="4" t="31" w="863" /><ent r="7" t="31" w="1270" /><ent r="3" t="36" w="133" /><ent r="7" t="36" w="487" /><ent r="6" t="44" w="256" /><ent r="7" t="45" w="108" /><ent r="7" t="45" w="404" /><ent r="7" t="45" w="447" /><ent r="7" t="46" w="343" /></phr><phr n="define"><ent r="4" t="19" w="262" /><ent r="4" t="31" w="549" /><ent r="3" t="31" w="751" /></phr></stem><stem n="(optional)"><phr n="(Optional)"><ent r="4" t="11" w="156" /><ent r="4" t="17" w="720" /></phr></stem><stem n="edit"><phr n="Edit"><ent r="5" t="11" w="169" /><ent r="3" t="20" w="30" /><ent r="4" t="20" w="79" /><ent r="5" t="34" w="2015" /><ent r="4" t="34" w="2022" /><ent r="3" t="34" w="2028" /><ent r="4" t="46" w="170" /></phr><phr n="editable"><ent r="4" t="12" w="309" /></phr><phr n="Editing"><ent r="1000" t="20" w="1" /><ent r="100" t="20" w="6" /><ent r="100" t="20" w="12" /><ent r="102" t="20" w="14" /><ent r="8" t="32" w="376" /><ent r="8" t="32" w="412" /></phr></stem><stem n="button"><phr n="button"><ent r="4" t="11" w="171" /><ent r="3" t="17" w="673" /><ent r="4" t="26" w="689" /><ent r="6" t="32" w="262" /><ent r="6" t="32" w="346" /><ent r="6" t="32" w="621" /><ent r="3" t="34" w="1429" /><ent r="7" t="36" w="569" /><ent r="6" t="36" w="1595" /><ent r="6" t="39" w="127" /></phr><phr n="buttons"><ent r="3" t="32" w="136" /><ent r="3" t="32" w="156" /><ent r="5" t="32" w="186" /></phr></stem><stem n="predefin"><phr n="predefined"><ent r="4" t="11" w="207" /><ent r="3" t="16" w="45" /><ent r="3" t="16" w="179" /><ent r="3" t="16" w="216" /><ent r="3" t="22" w="40" /><ent r="4" t="27" w="415" /><ent r="4" t="31" w="782" /><ent r="4" t="31" w="812" /><ent r="4" t="31" w="833" /><ent r="4" t="34" w="955" /></phr></stem><stem n="“add"><phr n="“Add"><ent r="4" t="11" w="218" /></phr></stem><stem n="lead"><phr n="leading"><ent r="4" t="11" w="244" /><ent r="6" t="32" w="240" /><ent r="6" t="32" w="498" /></phr></stem><stem n="trail"><phr n="trailing"><ent r="4" t="11" w="246" /><ent r="6" t="32" w="242" /><ent r="6" t="32" w="500" /></phr></stem><stem n="space"><phr n="spaces"><ent r="4" t="11" w="247" /><ent r="3" t="27" w="985" /><ent r="3" t="27" w="1017" /><ent r="3" t="27" w="1040" /><ent r="6" t="32" w="243" /><ent r="6" t="32" w="501" /></phr><phr n="space"><ent r="3" t="27" w="767" /><ent r="7" t="31" w="376" /><ent r="8" t="31" w="450" /><ent r="4" t="31" w="1113" /><ent r="6" t="35" w="220" /><ent r="6" t="35" w="232" /><ent r="6" t="35" w="254" /></phr></stem><stem n="(do"><phr n="(do"><ent r="4" t="11" w="276" /></phr></stem><stem n="“https://”"><phr n="“https://”"><ent r="4" t="11" w="280" /></phr></stem><stem n="prefix"><phr n="prefix"><ent r="4" t="11" w="280" /></phr></stem><stem n="8443"><phr n="8443"><ent r="4" t="11" w="297" /><ent r="7" t="45" w="83" /><ent r="7" t="45" w="384" /></phr></stem><stem n="'8443'."><phr n="'8443'."><ent r="4" t="11" w="298" /></phr></stem><stem n="check"><phr n="check"><ent r="4" t="11" w="330" /><ent r="7" t="15" w="275" /><ent r="7" t="15" w="288" /><ent r="7" t="15" w="364" /><ent r="7" t="15" w="399" /><ent r="8" t="15" w="432" /><ent r="7" t="15" w="544" /><ent r="7" t="15" w="556" /><ent r="7" t="15" w="582" /><ent r="7" t="15" w="594" /><ent r="7" t="15" w="610" /><ent r="9" t="16" w="424" /><ent r="4" t="17" w="345" /><ent r="4" t="17" w="351" /><ent r="4" t="17" w="381" /><ent r="3" t="17" w="497" /><ent r="4" t="17" w="544" /><ent r="4" t="26" w="265" /><ent r="4" t="26" w="648" /><ent r="4" t="31" w="569" /><ent r="4" t="31" w="577" /><ent r="4" t="31" w="853" /><ent r="3" t="34" w="1340" /><ent r="4" t="34" w="1374" /><ent r="4" t="34" w="1474" /><ent r="4" t="34" w="1484" /><ent r="4" t="34" w="1527" /><ent r="4" t="34" w="1541" /><ent r="4" t="34" w="1566" /><ent r="3" t="34" w="1582" /><ent r="4" t="34" w="1657" /><ent r="6" t="35" w="294" /><ent r="7" t="36" w="942" /><ent r="7" t="36" w="994" /></phr><phr n="Checked"><ent r="5" t="26" w="305" /><ent r="5" t="26" w="312" /><ent r="8" t="36" w="562" /><ent r="8" t="36" w="680" /></phr></stem><stem n="cancel"><phr n="Cancel"><ent r="5" t="11" w="388" /></phr></stem><stem n="readi"><phr n="ready"><ent r="4" t="11" w="432" /><ent r="3" t="17" w="72" /><ent r="3" t="34" w="62" /></phr></stem><stem n=":establ"><phr n=":establing"><ent r="100" t="12" w="14" /></phr></stem><stem n="establ"><phr n="establing"><ent r="100" t="12" w="14" /></phr></stem><stem n=":establish"><phr n=":establishing"><ent r="100" t="12" w="18" /></phr></stem><stem n="relat"><phr n="related"><ent r="3" t="12" w="52" /><ent r="3" t="13" w="183" /><ent r="3" t="13" w="243" /><ent r="4" t="19" w="306" /><ent r="6" t="32" w="591" /><ent r="4" t="34" w="172" /><ent r="3" t="39" w="48" /></phr><phr n="relation"><ent r="4" t="34" w="1948" /></phr></stem><stem n="(see"><phr n="(see"><ent r="3" t="12" w="85" /><ent r="4" t="16" w="111" /><ent r="4" t="26" w="713" /><ent r="3" t="31" w="1053" /><ent r="3" t="31" w="1359" /><ent r="3" t="31" w="1400" /><ent r="4" t="34" w="369" /></phr></stem><stem n="declin"><phr n="decline"><ent r="3" t="12" w="92" /></phr></stem><stem n="state"><phr n="state"><ent r="3" t="12" w="107" /><ent r="4" t="14" w="121" /><ent r="8" t="16" w="1242" /><ent r="7" t="16" w="1254" /><ent r="3" t="26" w="791" /><ent r="3" t="31" w="1183" /><ent r="7" t="31" w="1265" /><ent r="4" t="34" w="1493" /><ent r="6" t="36" w="1650" /></phr><phr n="states"><ent r="3" t="31" w="1146" /><ent r="3" t="31" w="1156" /><ent r="3" t="31" w="1168" /><ent r="3" t="31" w="1171" /></phr></stem><stem n="resum"><phr n="resume"><ent r="3" t="12" w="110" /><ent r="3" t="31" w="1577" /></phr></stem><stem n="-in"><phr n="-in"><ent r="3" t="12" w="144" /><ent r="3" t="12" w="144" /></phr></stem><stem n="logged-in"><phr n="logged-in"><ent r="3" t="12" w="144" /></phr></stem><stem n="wish"><phr n="wish"><ent r="3" t="12" w="256" /><ent r="4" t="13" w="310" /><ent r="4" t="15" w="160" /><ent r="7" t="15" w="354" /><ent r="3" t="17" w="249" /><ent r="3" t="23" w="57" /><ent r="3" t="24" w="39" /><ent r="4" t="26" w="274" /><ent r="4" t="27" w="235" /><ent r="6" t="28" w="390" /><ent r="4" t="31" w="615" /><ent r="4" t="31" w="986" /><ent r="3" t="31" w="1009" /><ent r="4" t="42" w="210" /><ent r="3" t="46" w="67" /></phr></stem><stem n="client"><phr n="client"><ent r="4" t="12" w="263" /><ent r="6" t="29" w="108" /><ent r="6" t="29" w="119" /><ent r="6" t="32" w="746" /><ent r="6" t="32" w="764" /><ent r="7" t="32" w="770" /><ent r="7" t="45" w="436" /><ent r="8" t="45" w="471" /></phr><phr n="clients"><ent r="3" t="45" w="40" /></phr></stem><stem n="credenti"><phr n="credentials"><ent r="3" t="12" w="275" /><ent r="3" t="13" w="323" /></phr></stem><stem n="everyth"><phr n="everything"><ent r="4" t="12" w="290" /><ent r="3" t="14" w="79" /><ent r="4" t="14" w="117" /><ent r="4" t="14" w="474" /><ent r="4" t="17" w="354" /><ent r="6" t="44" w="488" /></phr></stem><stem n="remap"><phr n="remap"><ent r="4" t="12" w="334" /></phr></stem><stem n="differ"><phr n="different"><ent r="4" t="12" w="337" /><ent r="7" t="15" w="707" /><ent r="9" t="16" w="746" /><ent r="3" t="17" w="65" /><ent r="4" t="17" w="459" /><ent r="3" t="27" w="798" /><ent r="6" t="32" w="356" /><ent r="3" t="33" w="27" /><ent r="3" t="34" w="1283" /><ent r="4" t="34" w="2108" /><ent r="7" t="36" w="723" /></phr></stem><stem n="necessari"><phr n="necessary"><ent r="4" t="12" w="342" /><ent r="3" t="13" w="53" /><ent r="3" t="15" w="97" /><ent r="9" t="16" w="418" /><ent r="4" t="20" w="84" /><ent r="3" t="34" w="1366" /><ent r="7" t="36" w="397" /></phr></stem><stem n="moment"><phr n="moment"><ent r="3" t="12" w="382" /><ent r="4" t="34" w="1826" /></phr></stem><stem n="“untrusted”"><phr n="“untrusted”"><ent r="3" t="12" w="392" /></phr></stem><stem n="“trusted”"><phr n="“trusted”"><ent r="3" t="12" w="395" /></phr></stem><stem n="along"><phr n="along"><ent r="3" t="12" w="429" /><ent r="3" t="31" w="213" /><ent r="3" t="36" w="1476" /></phr></stem><stem n=":map"><phr n=":mapping"><ent r="100" t="13" w="12" /><ent r="100" t="13" w="16" /></phr></stem><stem n="prove"><phr n="prove"><ent r="3" t="13" w="37" /></phr></stem><stem n="veri"><phr n="very"><ent r="3" t="13" w="67" /><ent r="3" t="13" w="74" /><ent r="4" t="19" w="249" /></phr></stem><stem n="littl"><phr n="little"><ent r="3" t="13" w="75" /></phr></stem><stem n="(even"><phr n="(even"><ent r="3" t="13" w="85" /></phr></stem><stem n="even"><phr n="even"><ent r="3" t="13" w="85" /><ent r="3" t="24" w="58" /><ent r="3" t="34" w="98" /><ent r="3" t="34" w="894" /><ent r="4" t="34" w="1749" /></phr></stem><stem n="part"><phr n="part"><ent r="3" t="13" w="117" /><ent r="4" t="23" w="265" /><ent r="4" t="24" w="208" /><ent r="3" t="34" w="890" /><ent r="6" t="44" w="389" /></phr></stem><stem n="what"><phr n="what"><ent r="3" t="13" w="147" /><ent r="4" t="19" w="263" /><ent r="3" t="31" w="710" /><ent r="7" t="36" w="612" /></phr></stem><stem n="abl"><phr n="able"><ent r="3" t="13" w="179" /><ent r="3" t="23" w="75" /><ent r="3" t="24" w="71" /><ent r="7" t="36" w="466" /><ent r="7" t="36" w="499" /></phr></stem><stem n="-relat"><phr n="-related"><ent r="3" t="13" w="182" /><ent r="3" t="13" w="182" /><ent r="3" t="13" w="242" /><ent r="3" t="13" w="242" /><ent r="4" t="19" w="305" /><ent r="4" t="19" w="305" /><ent r="3" t="39" w="47" /><ent r="3" t="39" w="47" /></phr></stem><stem n="cluster-rel"><phr n="cluster-related"><ent r="3" t="13" w="182" /><ent r="3" t="13" w="242" /><ent r="4" t="19" w="305" /></phr></stem><stem n="write"><phr n="write"><ent r="3" t="13" w="203" /></phr></stem><stem n="metric"><phr n="Metrics"><ent r="4" t="13" w="215" /><ent r="3" t="27" w="555" /><ent r="3" t="27" w="560" /><ent r="4" t="27" w="673" /><ent r="3" t="36" w="25" /></phr><phr n="metric"><ent r="3" t="26" w="75" /></phr></stem><stem n="),"><phr n="),"><ent r="3" t="13" w="222" /><ent r="3" t="31" w="1563" /><ent r="4" t="34" w="2144" /><ent r="4" t="42" w="308" /></phr></stem><stem n="prevent"><phr n="prevented"><ent r="3" t="13" w="239" /></phr><phr n="prevent"><ent r="3" t="24" w="76" /><ent r="3" t="34" w="1051" /><ent r="3" t="34" w="1585" /></phr><phr n="preventing"><ent r="7" t="31" w="280" /></phr></stem><stem n="(map"><phr n="(mapping"><ent r="3" t="13" w="327" /></phr></stem><stem n="&quot;password"><phr n="&quot;Password"><ent r="3" t="13" w="352" /></phr></stem><stem n="expir"><phr n="expired"><ent r="3" t="13" w="353" /><ent r="3" t="31" w="1587" /></phr><phr n="expires"><ent r="6" t="41" w="135" /></phr></stem><stem n="attempt"><phr n="attempt"><ent r="3" t="13" w="359" /><ent r="3" t="31" w="758" /><ent r="6" t="32" w="310" /></phr><phr n="attempting"><ent r="6" t="32" w="323" /></phr></stem><stem n="pend"><phr n="pending"><ent r="3" t="13" w="369" /></phr></stem><stem n="newli"><phr n="newly"><ent r="3" t="13" w="380" /><ent r="6" t="32" w="266" /></phr></stem><stem n="&quot;forc"><phr n="&quot;Force"><ent r="3" t="13" w="384" /></phr></stem><stem n="forc"><phr n="Force"><ent r="3" t="13" w="384" /></phr></stem><stem n="yet"><phr n="yet"><ent r="3" t="13" w="396" /><ent r="3" t="15" w="188" /><ent r="4" t="17" w="662" /><ent r="3" t="26" w="789" /><ent r="3" t="27" w="542" /><ent r="7" t="31" w="1247" /><ent r="7" t="31" w="1277" /></phr></stem><stem n=":remov"><phr n=":removing"><ent r="100" t="14" w="16" /><ent r="100" t="14" w="19" /><ent r="100" t="14" w="24" /><ent r="100" t="24" w="16" /></phr></stem><stem n="(esm),"><phr n="(ESM),"><ent r="3" t="14" w="46" /></phr></stem><stem n="seri"><phr n="series"><ent r="3" t="14" w="47" /><ent r="3" t="32" w="133" /></phr></stem><stem n="happen"><phr n="happen"><ent r="3" t="14" w="50" /><ent r="4" t="31" w="633" /></phr><phr n="happens"><ent r="3" t="17" w="114" /><ent r="4" t="34" w="1143" /></phr></stem><stem n="ever"><phr n="ever"><ent r="3" t="14" w="69" /></phr></stem><stem n="revers"><phr n="reverse"><ent r="3" t="14" w="78" /><ent r="3" t="31" w="738" /></phr></stem><stem n="done"><phr n="done"><ent r="3" t="14" w="82" /><ent r="3" t="16" w="57" /><ent r="3" t="19" w="228" /><ent r="3" t="31" w="926" /></phr></stem><stem n="common"><phr n="common"><ent r="3" t="14" w="92" /></phr></stem><stem n="fail"><phr n="failed"><ent r="4" t="14" w="106" /><ent r="4" t="28" w="64" /><ent r="3" t="29" w="550" /><ent r="3" t="29" w="556" /><ent r="6" t="32" w="309" /><ent r="7" t="36" w="675" /><ent r="7" t="36" w="1717" /><ent r="6" t="36" w="1738" /></phr><phr n="fail"><ent r="4" t="34" w="1107" /><ent r="3" t="34" w="1635" /></phr></stem><stem n="whatev"><phr n="whatever"><ent r="4" t="14" w="108" /><ent r="4" t="14" w="137" /></phr></stem><stem n="reason"><phr n="reason"><ent r="4" t="14" w="109" /><ent r="4" t="14" w="138" /><ent r="4" t="34" w="1758" /></phr></stem><stem n="origin"><phr n="original"><ent r="4" t="14" w="120" /><ent r="3" t="34" w="641" /><ent r="3" t="34" w="652" /><ent r="3" t="34" w="689" /><ent r="3" t="34" w="868" /><ent r="4" t="34" w="2036" /></phr></stem><stem n="trace"><phr n="traces"><ent r="4" t="14" w="156" /><ent r="7" t="46" w="261" /></phr></stem><stem n="someon"><phr n="someone"><ent r="3" t="14" w="189" /><ent r="6" t="44" w="290" /></phr></stem><stem n="right"><phr n="rights"><ent r="3" t="14" w="192" /></phr><phr n="right"><ent r="4" t="14" w="459" /><ent r="4" t="26" w="247" /><ent r="3" t="32" w="170" /></phr></stem><stem n="belong"><phr n="belonging"><ent r="4" t="14" w="251" /><ent r="7" t="22" w="186" /><ent r="7" t="22" w="242" /></phr></stem><stem n="'."><phr n="'."><ent r="4" t="14" w="266" /></phr></stem><stem n="(delet"><phr n="(Delete"><ent r="4" t="14" w="317" /></phr></stem><stem n="cn"><phr n="CN"><ent r="4" t="14" w="320" /></phr></stem><stem n="="><phr n="="><ent r="4" t="14" w="321" /><ent r="4" t="27" w="878" /><ent r="4" t="27" w="911" /><ent r="4" t="27" w="916" /><ent r="4" t="27" w="941" /><ent r="4" t="27" w="946" /><ent r="3" t="29" w="499" /><ent r="3" t="29" w="510" /><ent r="3" t="29" w="524" /><ent r="4" t="29" w="568" /><ent r="4" t="29" w="572" /><ent r="8" t="46" w="253" /><ent r="8" t="46" w="294" /></phr></stem><stem n=".company.com"><phr n=".company.com"><ent r="5" t="14" w="324" /></phr></stem><stem n="registr"><phr n="Registration"><ent r="5" t="14" w="405" /><ent r="3" t="42" w="281" /></phr></stem><stem n="'ve"><phr n="'ve"><ent r="4" t="14" w="456" /></phr></stem><stem n="ve"><phr n="ve"><ent r="4" t="14" w="456" /></phr></stem><stem n="carefulli"><phr n="carefully"><ent r="4" t="14" w="466" /><ent r="4" t="17" w="712" /></phr></stem><stem n=":monitor"><phr n=":monitoring"><ent r="100" t="15" w="12" /><ent r="100" t="16" w="21" /><ent r="100" t="31" w="10" /></phr></stem><stem n="larg"><phr n="large"><ent r="3" t="15" w="29" /><ent r="3" t="31" w="912" /><ent r="4" t="31" w="1105" /><ent r="7" t="36" w="1068" /></phr></stem><stem n="grid"><phr n="grid"><ent r="3" t="15" w="66" /><ent r="4" t="15" w="141" /><ent r="7" t="15" w="285" /><ent r="8" t="15" w="395" /><ent r="8" t="15" w="414" /><ent r="82" t="31" w="1029" /><ent r="3" t="31" w="1037" /><ent r="3" t="31" w="1091" /></phr></stem><stem n="accordingli"><phr n="accordingly"><ent r="3" t="15" w="78" /></phr></stem><stem n=":properti"><phr n=":properties"><ent r="100" t="15" w="121" /><ent r="100" t="31" w="1025" /></phr></stem><stem n="mous"><phr n="mouse"><ent r="4" t="15" w="151" /><ent r="3" t="31" w="1387" /></phr></stem><stem n="pointer"><phr n="pointer"><ent r="4" t="15" w="152" /><ent r="3" t="31" w="1388" /></phr></stem><stem n="cell"><phr n="cell"><ent r="4" t="15" w="155" /><ent r="4" t="15" w="164" /><ent r="3" t="31" w="1391" /></phr></stem><stem n="unconfigur"><phr n="unconfigured"><ent r="4" t="15" w="168" /></phr></stem><stem n="full"><phr n="full"><ent r="7" t="15" w="242" /><ent r="4" t="31" w="1130" /><ent r="6" t="36" w="1256" /><ent r="6" t="36" w="1296" /><ent r="6" t="36" w="1355" /><ent r="4" t="44" w="96" /></phr></stem><stem n="path"><phr n="path"><ent r="7" t="15" w="243" /><ent r="8" t="16" w="1134" /><ent r="3" t="34" w="659" /></phr></stem><stem n="format"><phr n="format"><ent r="7" t="15" w="252" /><ent r="3" t="27" w="762" /><ent r="7" t="28" w="171" /><ent r="7" t="28" w="289" /><ent r="7" t="36" w="997" /><ent r="6" t="36" w="1542" /><ent r="7" t="36" w="1587" /><ent r="6" t="36" w="1607" /><ent r="6" t="36" w="1757" /><ent r="7" t="41" w="168" /><ent r="6" t="41" w="174" /><ent r="6" t="41" w="178" /><ent r="6" t="41" w="195" /><ent r="7" t="41" w="203" /><ent r="6" t="41" w="209" /><ent r="6" t="41" w="213" /><ent r="6" t="41" w="228" /></phr><phr n="formats"><ent r="3" t="26" w="31" /></phr><phr n="Formatting"><ent r="8" t="36" w="938" /></phr></stem><stem n="[root"><phr n="[root"><ent r="8" t="15" w="254" /></phr></stem><stem n="/"><phr n="/"><ent r="8" t="15" w="256" /><ent r="8" t="15" w="258" /><ent r="8" t="15" w="259" /><ent r="10" t="16" w="443" /><ent r="3" t="29" w="503" /><ent r="3" t="29" w="528" /><ent r="4" t="29" w="570" /><ent r="8" t="36" w="770" /><ent r="8" t="36" w="771" /><ent r="8" t="36" w="772" /></phr></stem><stem n="subfold"><phr n="subfolder"><ent r="8" t="15" w="256" /><ent r="6" t="32" w="231" /></phr></stem><stem n="[subfolder(s)]"><phr n="[subfolder(s)]"><ent r="8" t="15" w="258" /></phr></stem><stem n="[cluster]"><phr n="[cluster]"><ent r="8" t="15" w="259" /></phr></stem><stem n="[node]"><phr n="[node]"><ent r="8" t="15" w="260" /></phr></stem><stem n="clear"><phr n="Clear"><ent r="7" t="15" w="286" /><ent r="7" t="15" w="397" /><ent r="7" t="15" w="554" /><ent r="4" t="26" w="641" /><ent r="4" t="34" w="1482" /><ent r="3" t="34" w="1580" /><ent r="7" t="36" w="992" /></phr><phr n="Clearing"><ent r="4" t="23" w="292" /><ent r="4" t="24" w="235" /></phr></stem><stem n="suppress"><phr n="suppress"><ent r="7" t="15" w="294" /><ent r="7" t="15" w="559" /><ent r="4" t="31" w="560" /></phr><phr n="suppressed"><ent r="3" t="31" w="839" /></phr></stem><stem n="sampl"><phr n="sampling"><ent r="7" t="15" w="298" /><ent r="7" t="31" w="228" /><ent r="3" t="31" w="1051" /><ent r="3" t="31" w="1357" /></phr><phr n="sample"><ent r="9" t="16" w="659" /><ent r="4" t="34" w="1033" /></phr></stem><stem n="interv"><phr n="interval"><ent r="7" t="15" w="299" /><ent r="5" t="26" w="477" /><ent r="4" t="26" w="495" /><ent r="5" t="26" w="499" /><ent r="4" t="26" w="505" /><ent r="7" t="31" w="229" /><ent r="3" t="31" w="1052" /><ent r="3" t="31" w="1358" /><ent r="8" t="36" w="855" /><ent r="7" t="36" w="858" /><ent r="7" t="36" w="875" /><ent r="7" t="36" w="1150" /></phr><phr n="intervals"><ent r="4" t="26" w="491" /><ent r="6" t="29" w="179" /><ent r="6" t="29" w="285" /><ent r="7" t="36" w="1174" /></phr></stem><stem n="often"><phr n="often"><ent r="7" t="15" w="302" /><ent r="6" t="29" w="297" /></phr></stem><stem n="trigger"><phr n="trigger"><ent r="8" t="15" w="360" /><ent r="7" t="15" w="376" /><ent r="8" t="15" w="383" /><ent r="7" t="15" w="405" /><ent r="8" t="15" w="441" /><ent r="7" t="15" w="498" /><ent r="8" t="15" w="507" /><ent r="7" t="15" w="520" /><ent r="8" t="15" w="580" /><ent r="8" t="16" w="1263" /><ent r="7" t="16" w="1267" /><ent r="3" t="31" w="165" /><ent r="7" t="31" w="233" /><ent r="7" t="31" w="1268" /></phr><phr n="triggered"><ent r="7" t="15" w="453" /><ent r="7" t="15" w="553" /><ent r="3" t="16" w="145" /><ent r="3" t="16" w="186" /><ent r="3" t="16" w="222" /><ent r="7" t="16" w="1194" /><ent r="3" t="31" w="766" /></phr></stem></index>