<?xml version="1.0" encoding="utf-8"?><index><stem n="orman"><phr n="performance"><ent r="4" t="2" w="123" /><ent r="4" t="2" w="123" /><ent r="6" t="3" w="786" /><ent r="6" t="3" w="786" /><ent r="4" t="27" w="916" /><ent r="4" t="27" w="916" /><ent r="4" t="36" w="44" /><ent r="4" t="36" w="44" /><ent r="4" t="36" w="107" /><ent r="4" t="36" w="107" /><ent r="3" t="46" w="60" /><ent r="3" t="46" w="110" /><ent r="3" t="46" w="110" /><ent r="7" t="46" w="282" /><ent r="7" t="46" w="282" /></phr><phr n="Performance"><ent r="5" t="26" w="184" /><ent r="5" t="26" w="184" /><ent r="5" t="26" w="511" /><ent r="5" t="26" w="511" /><ent r="3" t="27" w="95" /><ent r="3" t="27" w="95" /><ent r="3" t="29" w="468" /><ent r="3" t="29" w="468" /><ent r="5" t="36" w="40" /><ent r="5" t="36" w="40" /><ent r="8" t="36" w="447" /><ent r="8" t="36" w="447" /><ent r="7" t="36" w="903" /><ent r="7" t="36" w="903" /></phr></stem><stem n="perfor"><phr n="performance"><ent r="4" t="2" w="123" /><ent r="4" t="2" w="123" /><ent r="6" t="3" w="786" /><ent r="6" t="3" w="786" /><ent r="4" t="27" w="916" /><ent r="4" t="27" w="916" /><ent r="4" t="36" w="44" /><ent r="4" t="36" w="44" /><ent r="4" t="36" w="107" /><ent r="4" t="36" w="107" /><ent r="3" t="46" w="60" /><ent r="3" t="46" w="110" /><ent r="3" t="46" w="110" /><ent r="7" t="46" w="282" /><ent r="7" t="46" w="282" /></phr><phr n="performed"><ent r="3" t="2" w="292" /><ent r="4" t="6" w="54" /><ent r="4" t="6" w="54" /><ent r="4" t="6" w="180" /><ent r="4" t="6" w="180" /><ent r="3" t="7" w="49" /><ent r="3" t="7" w="49" /><ent r="3" t="10" w="47" /><ent r="3" t="10" w="47" /><ent r="3" t="14" w="187" /><ent r="3" t="14" w="187" /><ent r="3" t="17" w="801" /><ent r="4" t="18" w="97" /><ent r="4" t="18" w="97" /><ent r="3" t="18" w="199" /><ent r="3" t="34" w="1207" /><ent r="3" t="34" w="1207" /><ent r="3" t="35" w="32" /><ent r="3" t="35" w="32" /><ent r="6" t="35" w="81" /><ent r="6" t="35" w="81" /><ent r="6" t="35" w="181" /></phr><phr n="performing"><ent r="4" t="4" w="175" /><ent r="4" t="4" w="175" /><ent r="3" t="13" w="110" /><ent r="3" t="13" w="110" /><ent r="3" t="13" w="241" /><ent r="3" t="13" w="241" /><ent r="4" t="19" w="301" /><ent r="4" t="19" w="301" /><ent r="7" t="38" w="233" /><ent r="7" t="38" w="233" /></phr><phr n="Perform"><ent r="3" t="7" w="52" /><ent r="3" t="7" w="52" /><ent r="3" t="9" w="30" /><ent r="3" t="9" w="30" /></phr><phr n="perform"><ent r="4" t="7" w="110" /><ent r="4" t="7" w="110" /><ent r="3" t="10" w="66" /><ent r="3" t="10" w="66" /><ent r="3" t="13" w="181" /><ent r="3" t="13" w="181" /><ent r="4" t="19" w="350" /><ent r="4" t="19" w="350" /><ent r="4" t="19" w="382" /><ent r="4" t="19" w="382" /><ent r="3" t="23" w="105" /><ent r="3" t="23" w="105" /><ent r="6" t="32" w="318" /><ent r="6" t="32" w="318" /><ent r="3" t="34" w="75" /><ent r="3" t="34" w="75" /><ent r="4" t="42" w="212" /><ent r="4" t="44" w="142" /><ent r="4" t="44" w="142" /><ent r="3" t="44" w="202" /><ent r="3" t="44" w="202" /></phr><phr n="performs"><ent r="4" t="21" w="100" /><ent r="4" t="21" w="100" /><ent r="4" t="23" w="349" /><ent r="4" t="23" w="349" /><ent r="4" t="24" w="292" /><ent r="4" t="24" w="292" /></phr><phr n="Performance"><ent r="5" t="26" w="184" /><ent r="5" t="26" w="184" /><ent r="5" t="26" w="511" /><ent r="5" t="26" w="511" /><ent r="3" t="27" w="95" /><ent r="3" t="27" w="95" /><ent r="3" t="29" w="468" /><ent r="3" t="29" w="468" /><ent r="5" t="36" w="40" /><ent r="5" t="36" w="40" /><ent r="8" t="36" w="447" /><ent r="8" t="36" w="447" /><ent r="7" t="36" w="903" /><ent r="7" t="36" w="903" /></phr></stem><stem n="erform"><phr n="performance"><ent r="4" t="2" w="123" /><ent r="4" t="2" w="123" /><ent r="6" t="3" w="786" /><ent r="6" t="3" w="786" /><ent r="4" t="27" w="916" /><ent r="4" t="27" w="916" /><ent r="4" t="36" w="44" /><ent r="4" t="36" w="44" /><ent r="4" t="36" w="107" /><ent r="4" t="36" w="107" /><ent r="3" t="46" w="60" /><ent r="3" t="46" w="110" /><ent r="3" t="46" w="110" /><ent r="7" t="46" w="282" /><ent r="7" t="46" w="282" /></phr><phr n="performed"><ent r="3" t="2" w="292" /><ent r="4" t="6" w="54" /><ent r="4" t="6" w="54" /><ent r="4" t="6" w="180" /><ent r="4" t="6" w="180" /><ent r="3" t="7" w="49" /><ent r="3" t="7" w="49" /><ent r="3" t="10" w="47" /><ent r="3" t="10" w="47" /><ent r="3" t="14" w="187" /><ent r="3" t="14" w="187" /><ent r="3" t="17" w="801" /><ent r="4" t="18" w="97" /><ent r="4" t="18" w="97" /><ent r="3" t="18" w="199" /><ent r="3" t="34" w="1207" /><ent r="3" t="34" w="1207" /><ent r="3" t="35" w="32" /><ent r="3" t="35" w="32" /><ent r="6" t="35" w="81" /><ent r="6" t="35" w="81" /><ent r="6" t="35" w="181" /></phr><phr n="performing"><ent r="4" t="4" w="175" /><ent r="4" t="4" w="175" /><ent r="3" t="13" w="110" /><ent r="3" t="13" w="110" /><ent r="3" t="13" w="241" /><ent r="3" t="13" w="241" /><ent r="4" t="19" w="301" /><ent r="4" t="19" w="301" /><ent r="7" t="38" w="233" /><ent r="7" t="38" w="233" /></phr><phr n="Perform"><ent r="3" t="7" w="52" /><ent r="3" t="7" w="52" /><ent r="3" t="9" w="30" /><ent r="3" t="9" w="30" /></phr><phr n="perform"><ent r="4" t="7" w="110" /><ent r="4" t="7" w="110" /><ent r="3" t="10" w="66" /><ent r="3" t="10" w="66" /><ent r="3" t="13" w="181" /><ent r="3" t="13" w="181" /><ent r="4" t="19" w="350" /><ent r="4" t="19" w="350" /><ent r="4" t="19" w="382" /><ent r="4" t="19" w="382" /><ent r="3" t="23" w="105" /><ent r="3" t="23" w="105" /><ent r="6" t="32" w="318" /><ent r="6" t="32" w="318" /><ent r="3" t="34" w="75" /><ent r="3" t="34" w="75" /><ent r="4" t="42" w="212" /><ent r="4" t="44" w="142" /><ent r="4" t="44" w="142" /><ent r="3" t="44" w="202" /><ent r="3" t="44" w="202" /></phr><phr n="performs"><ent r="4" t="21" w="100" /><ent r="4" t="21" w="100" /><ent r="4" t="23" w="349" /><ent r="4" t="23" w="349" /><ent r="4" t="24" w="292" /><ent r="4" t="24" w="292" /></phr><phr n="Performance"><ent r="5" t="26" w="184" /><ent r="5" t="26" w="184" /><ent r="5" t="26" w="511" /><ent r="5" t="26" w="511" /><ent r="3" t="27" w="95" /><ent r="3" t="27" w="95" /><ent r="3" t="29" w="468" /><ent r="3" t="29" w="468" /><ent r="5" t="36" w="40" /><ent r="5" t="36" w="40" /><ent r="8" t="36" w="447" /><ent r="8" t="36" w="447" /><ent r="7" t="36" w="903" /><ent r="7" t="36" w="903" /></phr></stem><stem n="rforma"><phr n="performance"><ent r="4" t="2" w="123" /><ent r="4" t="2" w="123" /><ent r="6" t="3" w="786" /><ent r="6" t="3" w="786" /><ent r="4" t="27" w="916" /><ent r="4" t="27" w="916" /><ent r="4" t="36" w="44" /><ent r="4" t="36" w="44" /><ent r="4" t="36" w="107" /><ent r="4" t="36" w="107" /><ent r="3" t="46" w="60" /><ent r="3" t="46" w="110" /><ent r="3" t="46" w="110" /><ent r="7" t="46" w="282" /><ent r="7" t="46" w="282" /></phr><phr n="Performance"><ent r="5" t="26" w="184" /><ent r="5" t="26" w="184" /><ent r="5" t="26" w="511" /><ent r="5" t="26" w="511" /><ent r="3" t="27" w="95" /><ent r="3" t="27" w="95" /><ent r="3" t="29" w="468" /><ent r="3" t="29" w="468" /><ent r="5" t="36" w="40" /><ent r="5" t="36" w="40" /><ent r="8" t="36" w="447" /><ent r="8" t="36" w="447" /><ent r="7" t="36" w="903" /><ent r="7" t="36" w="903" /></phr></stem><stem n="forman"><phr n="performance"><ent r="4" t="2" w="123" /><ent r="4" t="2" w="123" /><ent r="6" t="3" w="786" /><ent r="6" t="3" w="786" /><ent r="4" t="27" w="916" /><ent r="4" t="27" w="916" /><ent r="4" t="36" w="44" /><ent r="4" t="36" w="44" /><ent r="4" t="36" w="107" /><ent r="4" t="36" w="107" /><ent r="3" t="46" w="60" /><ent r="3" t="46" w="110" /><ent r="3" t="46" w="110" /><ent r="7" t="46" w="282" /><ent r="7" t="46" w="282" /></phr><phr n="Performance"><ent r="5" t="26" w="184" /><ent r="5" t="26" w="184" /><ent r="5" t="26" w="511" /><ent r="5" t="26" w="511" /><ent r="3" t="27" w="95" /><ent r="3" t="27" w="95" /><ent r="3" t="29" w="468" /><ent r="3" t="29" w="468" /><ent r="5" t="36" w="40" /><ent r="5" t="36" w="40" /><ent r="8" t="36" w="447" /><ent r="8" t="36" w="447" /><ent r="7" t="36" w="903" /><ent r="7" t="36" w="903" /></phr></stem><stem n="ormanc"><phr n="performance"><ent r="4" t="2" w="123" /><ent r="4" t="2" w="123" /><ent r="6" t="3" w="786" /><ent r="6" t="3" w="786" /><ent r="4" t="27" w="916" /><ent r="4" t="27" w="916" /><ent r="4" t="36" w="44" /><ent r="4" t="36" w="44" /><ent r="4" t="36" w="107" /><ent r="4" t="36" w="107" /><ent r="3" t="46" w="60" /><ent r="3" t="46" w="110" /><ent r="3" t="46" w="110" /><ent r="7" t="46" w="282" /><ent r="7" t="46" w="282" /></phr><phr n="Performance"><ent r="5" t="26" w="184" /><ent r="5" t="26" w="184" /><ent r="5" t="26" w="511" /><ent r="5" t="26" w="511" /><ent r="3" t="27" w="95" /><ent r="3" t="27" w="95" /><ent r="3" t="29" w="468" /><ent r="3" t="29" w="468" /><ent r="5" t="36" w="40" /><ent r="5" t="36" w="40" /><ent r="8" t="36" w="447" /><ent r="8" t="36" w="447" /><ent r="7" t="36" w="903" /><ent r="7" t="36" w="903" /></phr></stem><stem n="rmance"><phr n="performance"><ent r="4" t="2" w="123" /><ent r="4" t="2" w="123" /><ent r="6" t="3" w="786" /><ent r="6" t="3" w="786" /><ent r="4" t="27" w="916" /><ent r="4" t="27" w="916" /><ent r="4" t="36" w="44" /><ent r="4" t="36" w="44" /><ent r="4" t="36" w="107" /><ent r="4" t="36" w="107" /><ent r="3" t="46" w="60" /><ent r="3" t="46" w="110" /><ent r="3" t="46" w="110" /><ent r="7" t="46" w="282" /><ent r="7" t="46" w="282" /></phr><phr n="Performance"><ent r="5" t="26" w="184" /><ent r="5" t="26" w="184" /><ent r="5" t="26" w="511" /><ent r="5" t="26" w="511" /><ent r="3" t="27" w="95" /><ent r="3" t="27" w="95" /><ent r="3" t="29" w="468" /><ent r="3" t="29" w="468" /><ent r="5" t="36" w="40" /><ent r="5" t="36" w="40" /><ent r="8" t="36" w="447" /><ent r="8" t="36" w="447" /><ent r="7" t="36" w="903" /><ent r="7" t="36" w="903" /></phr></stem><stem n="erforma"><phr n="performance"><ent r="4" t="2" w="123" /><ent r="4" t="2" w="123" /><ent r="6" t="3" w="786" /><ent r="6" t="3" w="786" /><ent r="4" t="27" w="916" /><ent r="4" t="27" w="916" /><ent r="4" t="36" w="44" /><ent r="4" t="36" w="44" /><ent r="4" t="36" w="107" /><ent r="4" t="36" w="107" /><ent r="3" t="46" w="60" /><ent r="3" t="46" w="110" /><ent r="3" t="46" w="110" /><ent r="7" t="46" w="282" /><ent r="7" t="46" w="282" /></phr><phr n="Performance"><ent r="5" t="26" w="184" /><ent r="5" t="26" w="184" /><ent r="5" t="26" w="511" /><ent r="5" t="26" w="511" /><ent r="3" t="27" w="95" /><ent r="3" t="27" w="95" /><ent r="3" t="29" w="468" /><ent r="3" t="29" w="468" /><ent r="5" t="36" w="40" /><ent r="5" t="36" w="40" /><ent r="8" t="36" w="447" /><ent r="8" t="36" w="447" /><ent r="7" t="36" w="903" /><ent r="7" t="36" w="903" /></phr></stem><stem n="rforman"><phr n="performance"><ent r="4" t="2" w="123" /><ent r="4" t="2" w="123" /><ent r="6" t="3" w="786" /><ent r="6" t="3" w="786" /><ent r="4" t="27" w="916" /><ent r="4" t="27" w="916" /><ent r="4" t="36" w="44" /><ent r="4" t="36" w="44" /><ent r="4" t="36" w="107" /><ent r="4" t="36" w="107" /><ent r="3" t="46" w="60" /><ent r="3" t="46" w="110" /><ent r="3" t="46" w="110" /><ent r="7" t="46" w="282" /><ent r="7" t="46" w="282" /></phr><phr n="Performance"><ent r="5" t="26" w="184" /><ent r="5" t="26" w="184" /><ent r="5" t="26" w="511" /><ent r="5" t="26" w="511" /><ent r="3" t="27" w="95" /><ent r="3" t="27" w="95" /><ent r="3" t="29" w="468" /><ent r="3" t="29" w="468" /><ent r="5" t="36" w="40" /><ent r="5" t="36" w="40" /><ent r="8" t="36" w="447" /><ent r="8" t="36" w="447" /><ent r="7" t="36" w="903" /><ent r="7" t="36" w="903" /></phr></stem><stem n="formanc"><phr n="performance"><ent r="4" t="2" w="123" /><ent r="4" t="2" w="123" /><ent r="6" t="3" w="786" /><ent r="6" t="3" w="786" /><ent r="4" t="27" w="916" /><ent r="4" t="27" w="916" /><ent r="4" t="36" w="44" /><ent r="4" t="36" w="44" /><ent r="4" t="36" w="107" /><ent r="4" t="36" w="107" /><ent r="3" t="46" w="60" /><ent r="3" t="46" w="110" /><ent r="3" t="46" w="110" /><ent r="7" t="46" w="282" /><ent r="7" t="46" w="282" /></phr><phr n="Performance"><ent r="5" t="26" w="184" /><ent r="5" t="26" w="184" /><ent r="5" t="26" w="511" /><ent r="5" t="26" w="511" /><ent r="3" t="27" w="95" /><ent r="3" t="27" w="95" /><ent r="3" t="29" w="468" /><ent r="3" t="29" w="468" /><ent r="5" t="36" w="40" /><ent r="5" t="36" w="40" /><ent r="8" t="36" w="447" /><ent r="8" t="36" w="447" /><ent r="7" t="36" w="903" /><ent r="7" t="36" w="903" /></phr></stem><stem n="ormance"><phr n="performance"><ent r="4" t="2" w="123" /><ent r="4" t="2" w="123" /><ent r="6" t="3" w="786" /><ent r="6" t="3" w="786" /><ent r="4" t="27" w="916" /><ent r="4" t="27" w="916" /><ent r="4" t="36" w="44" /><ent r="4" t="36" w="44" /><ent r="4" t="36" w="107" /><ent r="4" t="36" w="107" /><ent r="3" t="46" w="60" /><ent r="3" t="46" w="110" /><ent r="3" t="46" w="110" /><ent r="7" t="46" w="282" /><ent r="7" t="46" w="282" /></phr><phr n="Performance"><ent r="5" t="26" w="184" /><ent r="5" t="26" w="184" /><ent r="5" t="26" w="511" /><ent r="5" t="26" w="511" /><ent r="3" t="27" w="95" /><ent r="3" t="27" w="95" /><ent r="3" t="29" w="468" /><ent r="3" t="29" w="468" /><ent r="5" t="36" w="40" /><ent r="5" t="36" w="40" /><ent r="8" t="36" w="447" /><ent r="8" t="36" w="447" /><ent r="7" t="36" w="903" /><ent r="7" t="36" w="903" /></phr></stem><stem n="performa"><phr n="performance"><ent r="4" t="2" w="123" /><ent r="4" t="2" w="123" /><ent r="6" t="3" w="786" /><ent r="6" t="3" w="786" /><ent r="4" t="27" w="916" /><ent r="4" t="27" w="916" /><ent r="4" t="36" w="44" /><ent r="4" t="36" w="44" /><ent r="4" t="36" w="107" /><ent r="4" t="36" w="107" /><ent r="3" t="46" w="60" /><ent r="3" t="46" w="110" /><ent r="3" t="46" w="110" /><ent r="7" t="46" w="282" /><ent r="7" t="46" w="282" /></phr><phr n="Performance"><ent r="5" t="26" w="184" /><ent r="5" t="26" w="184" /><ent r="5" t="26" w="511" /><ent r="5" t="26" w="511" /><ent r="3" t="27" w="95" /><ent r="3" t="27" w="95" /><ent r="3" t="29" w="468" /><ent r="3" t="29" w="468" /><ent r="5" t="36" w="40" /><ent r="5" t="36" w="40" /><ent r="8" t="36" w="447" /><ent r="8" t="36" w="447" /><ent r="7" t="36" w="903" /><ent r="7" t="36" w="903" /></phr></stem><stem n="erforman"><phr n="performance"><ent r="4" t="2" w="123" /><ent r="4" t="2" w="123" /><ent r="6" t="3" w="786" /><ent r="6" t="3" w="786" /><ent r="4" t="27" w="916" /><ent r="4" t="27" w="916" /><ent r="4" t="36" w="44" /><ent r="4" t="36" w="44" /><ent r="4" t="36" w="107" /><ent r="4" t="36" w="107" /><ent r="3" t="46" w="60" /><ent r="3" t="46" w="110" /><ent r="3" t="46" w="110" /><ent r="7" t="46" w="282" /><ent r="7" t="46" w="282" /></phr><phr n="Performance"><ent r="5" t="26" w="184" /><ent r="5" t="26" w="184" /><ent r="5" t="26" w="511" /><ent r="5" t="26" w="511" /><ent r="3" t="27" w="95" /><ent r="3" t="27" w="95" /><ent r="3" t="29" w="468" /><ent r="3" t="29" w="468" /><ent r="5" t="36" w="40" /><ent r="5" t="36" w="40" /><ent r="8" t="36" w="447" /><ent r="8" t="36" w="447" /><ent r="7" t="36" w="903" /><ent r="7" t="36" w="903" /></phr></stem><stem n="rformanc"><phr n="performance"><ent r="4" t="2" w="123" /><ent r="4" t="2" w="123" /><ent r="6" t="3" w="786" /><ent r="6" t="3" w="786" /><ent r="4" t="27" w="916" /><ent r="4" t="27" w="916" /><ent r="4" t="36" w="44" /><ent r="4" t="36" w="44" /><ent r="4" t="36" w="107" /><ent r="4" t="36" w="107" /><ent r="3" t="46" w="60" /><ent r="3" t="46" w="110" /><ent r="3" t="46" w="110" /><ent r="7" t="46" w="282" /><ent r="7" t="46" w="282" /></phr><phr n="Performance"><ent r="5" t="26" w="184" /><ent r="5" t="26" w="184" /><ent r="5" t="26" w="511" /><ent r="5" t="26" w="511" /><ent r="3" t="27" w="95" /><ent r="3" t="27" w="95" /><ent r="3" t="29" w="468" /><ent r="3" t="29" w="468" /><ent r="5" t="36" w="40" /><ent r="5" t="36" w="40" /><ent r="8" t="36" w="447" /><ent r="8" t="36" w="447" /><ent r="7" t="36" w="903" /><ent r="7" t="36" w="903" /></phr></stem><stem n="formance"><phr n="performance"><ent r="4" t="2" w="123" /><ent r="4" t="2" w="123" /><ent r="6" t="3" w="786" /><ent r="6" t="3" w="786" /><ent r="4" t="27" w="916" /><ent r="4" t="27" w="916" /><ent r="4" t="36" w="44" /><ent r="4" t="36" w="44" /><ent r="4" t="36" w="107" /><ent r="4" t="36" w="107" /><ent r="3" t="46" w="60" /><ent r="3" t="46" w="110" /><ent r="3" t="46" w="110" /><ent r="7" t="46" w="282" /><ent r="7" t="46" w="282" /></phr><phr n="Performance"><ent r="5" t="26" w="184" /><ent r="5" t="26" w="184" /><ent r="5" t="26" w="511" /><ent r="5" t="26" w="511" /><ent r="3" t="27" w="95" /><ent r="3" t="27" w="95" /><ent r="3" t="29" w="468" /><ent r="3" t="29" w="468" /><ent r="5" t="36" w="40" /><ent r="5" t="36" w="40" /><ent r="8" t="36" w="447" /><ent r="8" t="36" w="447" /><ent r="7" t="36" w="903" /><ent r="7" t="36" w="903" /></phr></stem><stem n="performan"><phr n="performance"><ent r="4" t="2" w="123" /><ent r="4" t="2" w="123" /><ent r="6" t="3" w="786" /><ent r="6" t="3" w="786" /><ent r="4" t="27" w="916" /><ent r="4" t="27" w="916" /><ent r="4" t="36" w="44" /><ent r="4" t="36" w="44" /><ent r="4" t="36" w="107" /><ent r="4" t="36" w="107" /><ent r="3" t="46" w="60" /><ent r="3" t="46" w="110" /><ent r="3" t="46" w="110" /><ent r="7" t="46" w="282" /><ent r="7" t="46" w="282" /></phr><phr n="Performance"><ent r="5" t="26" w="184" /><ent r="5" t="26" w="184" /><ent r="5" t="26" w="511" /><ent r="5" t="26" w="511" /><ent r="3" t="27" w="95" /><ent r="3" t="27" w="95" /><ent r="3" t="29" w="468" /><ent r="3" t="29" w="468" /><ent r="5" t="36" w="40" /><ent r="5" t="36" w="40" /><ent r="8" t="36" w="447" /><ent r="8" t="36" w="447" /><ent r="7" t="36" w="903" /><ent r="7" t="36" w="903" /></phr></stem><stem n="erformanc"><phr n="performance"><ent r="4" t="2" w="123" /><ent r="4" t="2" w="123" /><ent r="6" t="3" w="786" /><ent r="6" t="3" w="786" /><ent r="4" t="27" w="916" /><ent r="4" t="27" w="916" /><ent r="4" t="36" w="44" /><ent r="4" t="36" w="44" /><ent r="4" t="36" w="107" /><ent r="4" t="36" w="107" /><ent r="3" t="46" w="60" /><ent r="3" t="46" w="110" /><ent r="3" t="46" w="110" /><ent r="7" t="46" w="282" /><ent r="7" t="46" w="282" /></phr><phr n="Performance"><ent r="5" t="26" w="184" /><ent r="5" t="26" w="184" /><ent r="5" t="26" w="511" /><ent r="5" t="26" w="511" /><ent r="3" t="27" w="95" /><ent r="3" t="27" w="95" /><ent r="3" t="29" w="468" /><ent r="3" t="29" w="468" /><ent r="5" t="36" w="40" /><ent r="5" t="36" w="40" /><ent r="8" t="36" w="447" /><ent r="8" t="36" w="447" /><ent r="7" t="36" w="903" /><ent r="7" t="36" w="903" /></phr></stem><stem n="rformance"><phr n="performance"><ent r="4" t="2" w="123" /><ent r="4" t="2" w="123" /><ent r="6" t="3" w="786" /><ent r="6" t="3" w="786" /><ent r="4" t="27" w="916" /><ent r="4" t="27" w="916" /><ent r="4" t="36" w="44" /><ent r="4" t="36" w="44" /><ent r="4" t="36" w="107" /><ent r="4" t="36" w="107" /><ent r="3" t="46" w="60" /><ent r="3" t="46" w="110" /><ent r="3" t="46" w="110" /><ent r="7" t="46" w="282" /><ent r="7" t="46" w="282" /></phr><phr n="Performance"><ent r="5" t="26" w="184" /><ent r="5" t="26" w="184" /><ent r="5" t="26" w="511" /><ent r="5" t="26" w="511" /><ent r="3" t="27" w="95" /><ent r="3" t="27" w="95" /><ent r="3" t="29" w="468" /><ent r="3" t="29" w="468" /><ent r="5" t="36" w="40" /><ent r="5" t="36" w="40" /><ent r="8" t="36" w="447" /><ent r="8" t="36" w="447" /><ent r="7" t="36" w="903" /><ent r="7" t="36" w="903" /></phr></stem><stem n="performanc"><phr n="performance"><ent r="4" t="2" w="123" /><ent r="4" t="2" w="123" /><ent r="6" t="3" w="786" /><ent r="6" t="3" w="786" /><ent r="4" t="27" w="916" /><ent r="4" t="27" w="916" /><ent r="4" t="36" w="44" /><ent r="4" t="36" w="44" /><ent r="4" t="36" w="107" /><ent r="4" t="36" w="107" /><ent r="3" t="46" w="60" /><ent r="3" t="46" w="110" /><ent r="3" t="46" w="110" /><ent r="7" t="46" w="282" /><ent r="7" t="46" w="282" /></phr><phr n="Performance"><ent r="5" t="26" w="184" /><ent r="5" t="26" w="184" /><ent r="5" t="26" w="511" /><ent r="5" t="26" w="511" /><ent r="3" t="27" w="95" /><ent r="3" t="27" w="95" /><ent r="3" t="29" w="468" /><ent r="3" t="29" w="468" /><ent r="5" t="36" w="40" /><ent r="5" t="36" w="40" /><ent r="8" t="36" w="447" /><ent r="8" t="36" w="447" /><ent r="7" t="36" w="903" /><ent r="7" t="36" w="903" /></phr></stem><stem n="erformance"><phr n="performance"><ent r="4" t="2" w="123" /><ent r="4" t="2" w="123" /><ent r="6" t="3" w="786" /><ent r="6" t="3" w="786" /><ent r="4" t="27" w="916" /><ent r="4" t="27" w="916" /><ent r="4" t="36" w="44" /><ent r="4" t="36" w="44" /><ent r="4" t="36" w="107" /><ent r="4" t="36" w="107" /><ent r="3" t="46" w="60" /><ent r="3" t="46" w="110" /><ent r="3" t="46" w="110" /><ent r="7" t="46" w="282" /><ent r="7" t="46" w="282" /></phr><phr n="Performance"><ent r="5" t="26" w="184" /><ent r="5" t="26" w="184" /><ent r="5" t="26" w="511" /><ent r="5" t="26" w="511" /><ent r="3" t="27" w="95" /><ent r="3" t="27" w="95" /><ent r="3" t="29" w="468" /><ent r="3" t="29" w="468" /><ent r="5" t="36" w="40" /><ent r="5" t="36" w="40" /><ent r="8" t="36" w="447" /><ent r="8" t="36" w="447" /><ent r="7" t="36" w="903" /><ent r="7" t="36" w="903" /></phr></stem><stem n="performance"><phr n="performance"><ent r="4" t="2" w="123" /><ent r="4" t="2" w="123" /><ent r="6" t="3" w="786" /><ent r="6" t="3" w="786" /><ent r="4" t="27" w="916" /><ent r="4" t="27" w="916" /><ent r="4" t="36" w="44" /><ent r="4" t="36" w="44" /><ent r="4" t="36" w="107" /><ent r="4" t="36" w="107" /><ent r="3" t="46" w="60" /><ent r="3" t="46" w="110" /><ent r="3" t="46" w="110" /><ent r="7" t="46" w="282" /><ent r="7" t="46" w="282" /></phr><phr n="Performance"><ent r="5" t="26" w="184" /><ent r="5" t="26" w="184" /><ent r="5" t="26" w="511" /><ent r="5" t="26" w="511" /><ent r="3" t="27" w="95" /><ent r="3" t="27" w="95" /><ent r="3" t="29" w="468" /><ent r="3" t="29" w="468" /><ent r="5" t="36" w="40" /><ent r="5" t="36" w="40" /><ent r="8" t="36" w="447" /><ent r="8" t="36" w="447" /><ent r="7" t="36" w="903" /><ent r="7" t="36" w="903" /></phr></stem><stem n="usag"><phr n="usage"><ent r="4" t="2" w="125" /><ent r="4" t="2" w="125" /><ent r="4" t="27" w="919" /><ent r="4" t="27" w="919" /><ent r="8" t="31" w="342" /><ent r="8" t="31" w="342" /><ent r="7" t="31" w="364" /><ent r="7" t="31" w="364" /><ent r="8" t="31" w="428" /><ent r="8" t="31" w="428" /><ent r="4" t="36" w="83" /><ent r="4" t="36" w="83" /></phr><phr n="Usage"><ent r="5" t="26" w="189" /><ent r="5" t="26" w="189" /><ent r="5" t="26" w="519" /><ent r="5" t="26" w="519" /><ent r="3" t="27" w="101" /><ent r="3" t="27" w="101" /><ent r="5" t="36" w="78" /><ent r="5" t="36" w="78" /><ent r="4" t="36" w="100" /><ent r="4" t="36" w="100" /><ent r="4" t="36" w="110" /><ent r="4" t="36" w="110" /><ent r="8" t="36" w="452" /><ent r="8" t="36" w="452" /><ent r="7" t="36" w="898" /><ent r="7" t="36" w="898" /></phr></stem><stem n="usage"><phr n="usage"><ent r="4" t="2" w="125" /><ent r="4" t="2" w="125" /><ent r="4" t="27" w="919" /><ent r="4" t="27" w="919" /><ent r="8" t="31" w="342" /><ent r="8" t="31" w="342" /><ent r="7" t="31" w="364" /><ent r="7" t="31" w="364" /><ent r="8" t="31" w="428" /><ent r="8" t="31" w="428" /><ent r="4" t="36" w="83" /><ent r="4" t="36" w="83" /></phr><phr n="Usage"><ent r="5" t="26" w="189" /><ent r="5" t="26" w="189" /><ent r="5" t="26" w="519" /><ent r="5" t="26" w="519" /><ent r="3" t="27" w="101" /><ent r="3" t="27" w="101" /><ent r="5" t="36" w="78" /><ent r="5" t="36" w="78" /><ent r="4" t="36" w="100" /><ent r="4" t="36" w="100" /><ent r="4" t="36" w="110" /><ent r="4" t="36" w="110" /><ent r="8" t="36" w="452" /><ent r="8" t="36" w="452" /><ent r="7" t="36" w="898" /><ent r="7" t="36" w="898" /></phr></stem><stem n="statist"><phr n="statistics"><ent r="4" t="2" w="126" /><ent r="3" t="2" w="340" /><ent r="3" t="2" w="340" /><ent r="3" t="15" w="32" /><ent r="3" t="15" w="32" /><ent r="3" t="15" w="59" /><ent r="3" t="15" w="59" /><ent r="4" t="15" w="178" /><ent r="4" t="15" w="178" /><ent r="7" t="15" w="282" /><ent r="7" t="15" w="282" /><ent r="7" t="15" w="296" /><ent r="4" t="27" w="237" /><ent r="4" t="27" w="237" /><ent r="4" t="27" w="262" /><ent r="4" t="27" w="262" /><ent r="4" t="27" w="917" /><ent r="4" t="27" w="917" /><ent r="3" t="31" w="891" /><ent r="3" t="31" w="891" /><ent r="3" t="31" w="926" /><ent r="3" t="31" w="926" /><ent r="3" t="31" w="1075" /><ent r="3" t="31" w="1075" /><ent r="4" t="36" w="45" /><ent r="4" t="36" w="45" /><ent r="4" t="36" w="57" /><ent r="4" t="36" w="57" /><ent r="4" t="36" w="108" /><ent r="4" t="36" w="108" /></phr><phr n="statistic"><ent r="7" t="15" w="304" /><ent r="7" t="15" w="304" /></phr><phr n="Statistics"><ent r="5" t="26" w="185" /><ent r="5" t="26" w="185" /><ent r="5" t="26" w="512" /><ent r="5" t="26" w="512" /><ent r="3" t="27" w="96" /><ent r="3" t="27" w="96" /><ent r="5" t="36" w="41" /><ent r="5" t="36" w="79" /><ent r="8" t="36" w="448" /><ent r="8" t="36" w="448" /><ent r="8" t="36" w="453" /><ent r="8" t="36" w="453" /><ent r="7" t="36" w="904" /><ent r="7" t="36" w="904" /></phr><phr n="Statistic"><ent r="3" t="29" w="469" /><ent r="3" t="29" w="469" /></phr></stem><stem n="stat"><phr n="statistics"><ent r="4" t="2" w="126" /><ent r="3" t="2" w="340" /><ent r="3" t="2" w="340" /><ent r="3" t="15" w="32" /><ent r="3" t="15" w="32" /><ent r="3" t="15" w="59" /><ent r="3" t="15" w="59" /><ent r="4" t="15" w="178" /><ent r="4" t="15" w="178" /><ent r="7" t="15" w="282" /><ent r="7" t="15" w="282" /><ent r="7" t="15" w="296" /><ent r="4" t="27" w="237" /><ent r="4" t="27" w="237" /><ent r="4" t="27" w="262" /><ent r="4" t="27" w="262" /><ent r="4" t="27" w="917" /><ent r="4" t="27" w="917" /><ent r="3" t="31" w="891" /><ent r="3" t="31" w="891" /><ent r="3" t="31" w="926" /><ent r="3" t="31" w="926" /><ent r="3" t="31" w="1075" /><ent r="3" t="31" w="1075" /><ent r="4" t="36" w="45" /><ent r="4" t="36" w="45" /><ent r="4" t="36" w="57" /><ent r="4" t="36" w="57" /><ent r="4" t="36" w="108" /><ent r="4" t="36" w="108" /></phr><phr n="status"><ent r="3" t="3" w="59" /><ent r="4" t="3" w="420" /><ent r="4" t="3" w="420" /><ent r="6" t="3" w="506" /><ent r="6" t="3" w="506" /><ent r="6" t="3" w="632" /><ent r="6" t="3" w="632" /><ent r="6" t="3" w="661" /><ent r="6" t="3" w="661" /><ent r="6" t="3" w="706" /><ent r="6" t="3" w="706" /><ent r="6" t="3" w="893" /><ent r="6" t="3" w="893" /><ent r="7" t="3" w="1173" /><ent r="7" t="3" w="1173" /><ent r="7" t="3" w="1206" /><ent r="7" t="3" w="1206" /><ent r="3" t="12" w="386" /><ent r="3" t="12" w="386" /><ent r="7" t="16" w="1207" /><ent r="7" t="16" w="1232" /><ent r="3" t="28" w="32" /><ent r="8" t="31" w="296" /><ent r="8" t="31" w="296" /><ent r="7" t="31" w="301" /><ent r="7" t="31" w="314" /><ent r="7" t="31" w="314" /><ent r="8" t="31" w="390" /><ent r="8" t="31" w="390" /><ent r="7" t="31" w="394" /><ent r="7" t="31" w="394" /><ent r="8" t="31" w="469" /><ent r="8" t="31" w="469" /><ent r="7" t="31" w="473" /><ent r="7" t="31" w="473" /><ent r="7" t="31" w="486" /><ent r="7" t="31" w="486" /><ent r="4" t="34" w="1514" /><ent r="4" t="34" w="1514" /><ent r="6" t="36" w="1668" /><ent r="6" t="36" w="1668" /><ent r="6" t="36" w="1682" /></phr><phr n="Status"><ent r="8" t="3" w="1440" /><ent r="8" t="3" w="1440" /><ent r="4" t="28" w="72" /><ent r="4" t="28" w="72" /><ent r="7" t="36" w="1663" /><ent r="7" t="36" w="1663" /><ent r="7" t="36" w="1722" /><ent r="7" t="36" w="1722" /><ent r="7" t="36" w="1729" /><ent r="7" t="36" w="1729" /></phr><phr n="state"><ent r="3" t="12" w="107" /><ent r="4" t="14" w="121" /><ent r="7" t="16" w="1254" /><ent r="3" t="26" w="790" /><ent r="3" t="26" w="790" /><ent r="3" t="31" w="1181" /><ent r="7" t="31" w="1263" /><ent r="7" t="31" w="1263" /><ent r="4" t="34" w="1491" /><ent r="4" t="34" w="1491" /><ent r="6" t="36" w="1647" /><ent r="6" t="36" w="1647" /></phr><phr n="statistic"><ent r="7" t="15" w="304" /><ent r="7" t="15" w="304" /></phr><phr n="State"><ent r="8" t="16" w="1242" /><ent r="8" t="16" w="1242" /></phr><phr n="propertyState"><ent r="8" t="16" w="1261" /></phr><phr n="Statistics"><ent r="5" t="26" w="185" /><ent r="5" t="26" w="185" /><ent r="5" t="26" w="512" /><ent r="5" t="26" w="512" /><ent r="3" t="27" w="96" /><ent r="3" t="27" w="96" /><ent r="5" t="36" w="41" /><ent r="5" t="36" w="79" /><ent r="8" t="36" w="448" /><ent r="8" t="36" w="448" /><ent r="8" t="36" w="453" /><ent r="8" t="36" w="453" /><ent r="7" t="36" w="904" /><ent r="7" t="36" w="904" /></phr><phr n="Statistic"><ent r="3" t="29" w="469" /><ent r="3" t="29" w="469" /></phr><phr n="states"><ent r="3" t="31" w="1144" /><ent r="3" t="31" w="1144" /><ent r="3" t="31" w="1154" /><ent r="3" t="31" w="1166" /><ent r="3" t="31" w="1169" /><ent r="3" t="31" w="1169" /></phr></stem></index>