<?xml version="1.0" encoding="utf-8"?><index><stem n="ener"><phr n="generate"><ent r="4" t="2" w="120" /><ent r="4" t="2" w="120" /><ent r="4" t="26" w="182" /><ent r="4" t="26" w="673" /><ent r="4" t="26" w="673" /><ent r="3" t="31" w="518" /><ent r="3" t="31" w="518" /><ent r="3" t="36" w="34" /><ent r="3" t="36" w="34" /><ent r="4" t="36" w="200" /><ent r="4" t="36" w="200" /><ent r="7" t="36" w="399" /><ent r="7" t="36" w="399" /><ent r="7" t="36" w="445" /><ent r="7" t="36" w="582" /><ent r="7" t="36" w="582" /><ent r="6" t="36" w="1737" /></phr><phr n="generated"><ent r="4" t="2" w="145" /><ent r="4" t="2" w="145" /><ent r="4" t="4" w="212" /><ent r="4" t="4" w="212" /><ent r="3" t="26" w="40" /><ent r="3" t="26" w="40" /><ent r="3" t="26" w="256" /><ent r="3" t="26" w="256" /><ent r="7" t="28" w="120" /><ent r="7" t="28" w="120" /><ent r="7" t="28" w="162" /><ent r="7" t="28" w="162" /><ent r="7" t="28" w="353" /><ent r="7" t="28" w="353" /><ent r="4" t="36" w="223" /><ent r="4" t="36" w="223" /><ent r="7" t="36" w="949" /><ent r="7" t="36" w="949" /><ent r="7" t="36" w="1100" /><ent r="7" t="36" w="1100" /><ent r="3" t="36" w="1463" /><ent r="3" t="36" w="1488" /><ent r="3" t="36" w="1488" /><ent r="3" t="36" w="1499" /><ent r="3" t="36" w="1499" /><ent r="3" t="37" w="21" /><ent r="3" t="37" w="21" /><ent r="7" t="38" w="270" /><ent r="7" t="38" w="270" /></phr><phr n="generating"><ent r="64" t="3" w="137" /><ent r="64" t="3" w="137" /><ent r="64" t="9" w="95" /><ent r="64" t="9" w="95" /><ent r="100" t="26" w="8" /><ent r="100" t="26" w="8" /><ent r="4" t="27" w="164" /><ent r="4" t="27" w="164" /><ent r="5" t="36" w="242" /><ent r="5" t="36" w="242" /><ent r="3" t="42" w="239" /><ent r="3" t="42" w="239" /></phr><phr n="listener"><ent r="4" t="7" w="339" /><ent r="4" t="7" w="339" /><ent r="4" t="7" w="358" /><ent r="4" t="7" w="358" /><ent r="3" t="9" w="331" /><ent r="3" t="9" w="331" /><ent r="4" t="42" w="177" /><ent r="4" t="42" w="177" /><ent r="7" t="45" w="172" /><ent r="7" t="45" w="172" /></phr><phr n="Listener"><ent r="4" t="9" w="264" /><ent r="4" t="9" w="264" /><ent r="100" t="42" w="13" /><ent r="100" t="42" w="13" /><ent r="3" t="42" w="96" /><ent r="3" t="42" w="96" /><ent r="3" t="42" w="108" /><ent r="4" t="42" w="116" /><ent r="4" t="42" w="116" /><ent r="3" t="42" w="124" /><ent r="3" t="42" w="124" /><ent r="7" t="45" w="352" /><ent r="7" t="45" w="352" /></phr><phr n="Generating"><ent r="1000" t="26" w="1" /><ent r="1000" t="26" w="1" /><ent r="100" t="26" w="4" /><ent r="100" t="26" w="4" /><ent r="102" t="26" w="10" /><ent r="102" t="26" w="10" /><ent r="65" t="27" w="348" /><ent r="65" t="27" w="348" /><ent r="100" t="36" w="7" /><ent r="100" t="36" w="7" /><ent r="64" t="36" w="178" /><ent r="64" t="36" w="178" /></phr><phr n="Generate"><ent r="5" t="26" w="679" /><ent r="5" t="26" w="679" /><ent r="5" t="36" w="191" /><ent r="5" t="36" w="191" /><ent r="92" t="36" w="226" /><ent r="92" t="36" w="226" /><ent r="8" t="36" w="1120" /><ent r="8" t="36" w="1120" /><ent r="5" t="42" w="214" /><ent r="5" t="42" w="214" /></phr><phr n="Generated"><ent r="3" t="26" w="771" /><ent r="3" t="26" w="771" /><ent r="3" t="26" w="780" /><ent r="3" t="26" w="780" /><ent r="64" t="26" w="800" /><ent r="64" t="26" w="800" /><ent r="3" t="28" w="13" /><ent r="3" t="28" w="13" /><ent r="3" t="28" w="101" /><ent r="3" t="28" w="101" /><ent r="5" t="28" w="109" /><ent r="5" t="28" w="109" /><ent r="5" t="36" w="205" /><ent r="5" t="36" w="205" /><ent r="92" t="36" w="1447" /><ent r="92" t="36" w="1447" /><ent r="3" t="36" w="1451" /><ent r="3" t="36" w="1451" /><ent r="5" t="36" w="1523" /><ent r="5" t="36" w="1523" /></phr><phr n="regenerate"><ent r="7" t="36" w="1077" /><ent r="7" t="36" w="1077" /></phr></stem><stem n="nera"><phr n="generate"><ent r="4" t="2" w="120" /><ent r="4" t="2" w="120" /><ent r="4" t="26" w="182" /><ent r="4" t="26" w="673" /><ent r="4" t="26" w="673" /><ent r="3" t="31" w="518" /><ent r="3" t="31" w="518" /><ent r="3" t="36" w="34" /><ent r="3" t="36" w="34" /><ent r="4" t="36" w="200" /><ent r="4" t="36" w="200" /><ent r="7" t="36" w="399" /><ent r="7" t="36" w="399" /><ent r="7" t="36" w="445" /><ent r="7" t="36" w="582" /><ent r="7" t="36" w="582" /><ent r="6" t="36" w="1737" /></phr><phr n="generated"><ent r="4" t="2" w="145" /><ent r="4" t="2" w="145" /><ent r="4" t="4" w="212" /><ent r="4" t="4" w="212" /><ent r="3" t="26" w="40" /><ent r="3" t="26" w="40" /><ent r="3" t="26" w="256" /><ent r="3" t="26" w="256" /><ent r="7" t="28" w="120" /><ent r="7" t="28" w="120" /><ent r="7" t="28" w="162" /><ent r="7" t="28" w="162" /><ent r="7" t="28" w="353" /><ent r="7" t="28" w="353" /><ent r="4" t="36" w="223" /><ent r="4" t="36" w="223" /><ent r="7" t="36" w="949" /><ent r="7" t="36" w="949" /><ent r="7" t="36" w="1100" /><ent r="7" t="36" w="1100" /><ent r="3" t="36" w="1463" /><ent r="3" t="36" w="1488" /><ent r="3" t="36" w="1488" /><ent r="3" t="36" w="1499" /><ent r="3" t="36" w="1499" /><ent r="3" t="37" w="21" /><ent r="3" t="37" w="21" /><ent r="7" t="38" w="270" /><ent r="7" t="38" w="270" /></phr><phr n="generating"><ent r="64" t="3" w="137" /><ent r="64" t="3" w="137" /><ent r="64" t="9" w="95" /><ent r="64" t="9" w="95" /><ent r="100" t="26" w="8" /><ent r="100" t="26" w="8" /><ent r="4" t="27" w="164" /><ent r="4" t="27" w="164" /><ent r="5" t="36" w="242" /><ent r="5" t="36" w="242" /><ent r="3" t="42" w="239" /><ent r="3" t="42" w="239" /></phr><phr n="Generating"><ent r="1000" t="26" w="1" /><ent r="1000" t="26" w="1" /><ent r="100" t="26" w="4" /><ent r="100" t="26" w="4" /><ent r="102" t="26" w="10" /><ent r="102" t="26" w="10" /><ent r="65" t="27" w="348" /><ent r="65" t="27" w="348" /><ent r="100" t="36" w="7" /><ent r="100" t="36" w="7" /><ent r="64" t="36" w="178" /><ent r="64" t="36" w="178" /></phr><phr n="Generate"><ent r="5" t="26" w="679" /><ent r="5" t="26" w="679" /><ent r="5" t="36" w="191" /><ent r="5" t="36" w="191" /><ent r="92" t="36" w="226" /><ent r="92" t="36" w="226" /><ent r="8" t="36" w="1120" /><ent r="8" t="36" w="1120" /><ent r="5" t="42" w="214" /><ent r="5" t="42" w="214" /></phr><phr n="Generated"><ent r="3" t="26" w="771" /><ent r="3" t="26" w="771" /><ent r="3" t="26" w="780" /><ent r="3" t="26" w="780" /><ent r="64" t="26" w="800" /><ent r="64" t="26" w="800" /><ent r="3" t="28" w="13" /><ent r="3" t="28" w="13" /><ent r="3" t="28" w="101" /><ent r="3" t="28" w="101" /><ent r="5" t="28" w="109" /><ent r="5" t="28" w="109" /><ent r="5" t="36" w="205" /><ent r="5" t="36" w="205" /><ent r="92" t="36" w="1447" /><ent r="92" t="36" w="1447" /><ent r="3" t="36" w="1451" /><ent r="3" t="36" w="1451" /><ent r="5" t="36" w="1523" /><ent r="5" t="36" w="1523" /></phr><phr n="regenerate"><ent r="7" t="36" w="1077" /><ent r="7" t="36" w="1077" /></phr></stem><stem n="enera"><phr n="generate"><ent r="4" t="2" w="120" /><ent r="4" t="2" w="120" /><ent r="4" t="26" w="182" /><ent r="4" t="26" w="673" /><ent r="4" t="26" w="673" /><ent r="3" t="31" w="518" /><ent r="3" t="31" w="518" /><ent r="3" t="36" w="34" /><ent r="3" t="36" w="34" /><ent r="4" t="36" w="200" /><ent r="4" t="36" w="200" /><ent r="7" t="36" w="399" /><ent r="7" t="36" w="399" /><ent r="7" t="36" w="445" /><ent r="7" t="36" w="582" /><ent r="7" t="36" w="582" /><ent r="6" t="36" w="1737" /></phr><phr n="generated"><ent r="4" t="2" w="145" /><ent r="4" t="2" w="145" /><ent r="4" t="4" w="212" /><ent r="4" t="4" w="212" /><ent r="3" t="26" w="40" /><ent r="3" t="26" w="40" /><ent r="3" t="26" w="256" /><ent r="3" t="26" w="256" /><ent r="7" t="28" w="120" /><ent r="7" t="28" w="120" /><ent r="7" t="28" w="162" /><ent r="7" t="28" w="162" /><ent r="7" t="28" w="353" /><ent r="7" t="28" w="353" /><ent r="4" t="36" w="223" /><ent r="4" t="36" w="223" /><ent r="7" t="36" w="949" /><ent r="7" t="36" w="949" /><ent r="7" t="36" w="1100" /><ent r="7" t="36" w="1100" /><ent r="3" t="36" w="1463" /><ent r="3" t="36" w="1488" /><ent r="3" t="36" w="1488" /><ent r="3" t="36" w="1499" /><ent r="3" t="36" w="1499" /><ent r="3" t="37" w="21" /><ent r="3" t="37" w="21" /><ent r="7" t="38" w="270" /><ent r="7" t="38" w="270" /></phr><phr n="generating"><ent r="64" t="3" w="137" /><ent r="64" t="3" w="137" /><ent r="64" t="9" w="95" /><ent r="64" t="9" w="95" /><ent r="100" t="26" w="8" /><ent r="100" t="26" w="8" /><ent r="4" t="27" w="164" /><ent r="4" t="27" w="164" /><ent r="5" t="36" w="242" /><ent r="5" t="36" w="242" /><ent r="3" t="42" w="239" /><ent r="3" t="42" w="239" /></phr><phr n="Generating"><ent r="1000" t="26" w="1" /><ent r="1000" t="26" w="1" /><ent r="100" t="26" w="4" /><ent r="100" t="26" w="4" /><ent r="102" t="26" w="10" /><ent r="102" t="26" w="10" /><ent r="65" t="27" w="348" /><ent r="65" t="27" w="348" /><ent r="100" t="36" w="7" /><ent r="100" t="36" w="7" /><ent r="64" t="36" w="178" /><ent r="64" t="36" w="178" /></phr><phr n="Generate"><ent r="5" t="26" w="679" /><ent r="5" t="26" w="679" /><ent r="5" t="36" w="191" /><ent r="5" t="36" w="191" /><ent r="92" t="36" w="226" /><ent r="92" t="36" w="226" /><ent r="8" t="36" w="1120" /><ent r="8" t="36" w="1120" /><ent r="5" t="42" w="214" /><ent r="5" t="42" w="214" /></phr><phr n="Generated"><ent r="3" t="26" w="771" /><ent r="3" t="26" w="771" /><ent r="3" t="26" w="780" /><ent r="3" t="26" w="780" /><ent r="64" t="26" w="800" /><ent r="64" t="26" w="800" /><ent r="3" t="28" w="13" /><ent r="3" t="28" w="13" /><ent r="3" t="28" w="101" /><ent r="3" t="28" w="101" /><ent r="5" t="28" w="109" /><ent r="5" t="28" w="109" /><ent r="5" t="36" w="205" /><ent r="5" t="36" w="205" /><ent r="92" t="36" w="1447" /><ent r="92" t="36" w="1447" /><ent r="3" t="36" w="1451" /><ent r="3" t="36" w="1451" /><ent r="5" t="36" w="1523" /><ent r="5" t="36" w="1523" /></phr><phr n="regenerate"><ent r="7" t="36" w="1077" /><ent r="7" t="36" w="1077" /></phr></stem><stem n="nerat"><phr n="generate"><ent r="4" t="2" w="120" /><ent r="4" t="2" w="120" /><ent r="4" t="26" w="182" /><ent r="4" t="26" w="673" /><ent r="4" t="26" w="673" /><ent r="3" t="31" w="518" /><ent r="3" t="31" w="518" /><ent r="3" t="36" w="34" /><ent r="3" t="36" w="34" /><ent r="4" t="36" w="200" /><ent r="4" t="36" w="200" /><ent r="7" t="36" w="399" /><ent r="7" t="36" w="399" /><ent r="7" t="36" w="445" /><ent r="7" t="36" w="582" /><ent r="7" t="36" w="582" /><ent r="6" t="36" w="1737" /></phr><phr n="generated"><ent r="4" t="2" w="145" /><ent r="4" t="2" w="145" /><ent r="4" t="4" w="212" /><ent r="4" t="4" w="212" /><ent r="3" t="26" w="40" /><ent r="3" t="26" w="40" /><ent r="3" t="26" w="256" /><ent r="3" t="26" w="256" /><ent r="7" t="28" w="120" /><ent r="7" t="28" w="120" /><ent r="7" t="28" w="162" /><ent r="7" t="28" w="162" /><ent r="7" t="28" w="353" /><ent r="7" t="28" w="353" /><ent r="4" t="36" w="223" /><ent r="4" t="36" w="223" /><ent r="7" t="36" w="949" /><ent r="7" t="36" w="949" /><ent r="7" t="36" w="1100" /><ent r="7" t="36" w="1100" /><ent r="3" t="36" w="1463" /><ent r="3" t="36" w="1488" /><ent r="3" t="36" w="1488" /><ent r="3" t="36" w="1499" /><ent r="3" t="36" w="1499" /><ent r="3" t="37" w="21" /><ent r="3" t="37" w="21" /><ent r="7" t="38" w="270" /><ent r="7" t="38" w="270" /></phr><phr n="generating"><ent r="64" t="3" w="137" /><ent r="64" t="3" w="137" /><ent r="64" t="9" w="95" /><ent r="64" t="9" w="95" /><ent r="100" t="26" w="8" /><ent r="100" t="26" w="8" /><ent r="4" t="27" w="164" /><ent r="4" t="27" w="164" /><ent r="5" t="36" w="242" /><ent r="5" t="36" w="242" /><ent r="3" t="42" w="239" /><ent r="3" t="42" w="239" /></phr><phr n="Generating"><ent r="1000" t="26" w="1" /><ent r="1000" t="26" w="1" /><ent r="100" t="26" w="4" /><ent r="100" t="26" w="4" /><ent r="102" t="26" w="10" /><ent r="102" t="26" w="10" /><ent r="65" t="27" w="348" /><ent r="65" t="27" w="348" /><ent r="100" t="36" w="7" /><ent r="100" t="36" w="7" /><ent r="64" t="36" w="178" /><ent r="64" t="36" w="178" /></phr><phr n="Generate"><ent r="5" t="26" w="679" /><ent r="5" t="26" w="679" /><ent r="5" t="36" w="191" /><ent r="5" t="36" w="191" /><ent r="92" t="36" w="226" /><ent r="92" t="36" w="226" /><ent r="8" t="36" w="1120" /><ent r="8" t="36" w="1120" /><ent r="5" t="42" w="214" /><ent r="5" t="42" w="214" /></phr><phr n="Generated"><ent r="3" t="26" w="771" /><ent r="3" t="26" w="771" /><ent r="3" t="26" w="780" /><ent r="3" t="26" w="780" /><ent r="64" t="26" w="800" /><ent r="64" t="26" w="800" /><ent r="3" t="28" w="13" /><ent r="3" t="28" w="13" /><ent r="3" t="28" w="101" /><ent r="3" t="28" w="101" /><ent r="5" t="28" w="109" /><ent r="5" t="28" w="109" /><ent r="5" t="36" w="205" /><ent r="5" t="36" w="205" /><ent r="92" t="36" w="1447" /><ent r="92" t="36" w="1447" /><ent r="3" t="36" w="1451" /><ent r="3" t="36" w="1451" /><ent r="5" t="36" w="1523" /><ent r="5" t="36" w="1523" /></phr><phr n="regenerate"><ent r="7" t="36" w="1077" /><ent r="7" t="36" w="1077" /></phr></stem><stem n="genera"><phr n="generate"><ent r="4" t="2" w="120" /><ent r="4" t="2" w="120" /><ent r="4" t="26" w="182" /><ent r="4" t="26" w="673" /><ent r="4" t="26" w="673" /><ent r="3" t="31" w="518" /><ent r="3" t="31" w="518" /><ent r="3" t="36" w="34" /><ent r="3" t="36" w="34" /><ent r="4" t="36" w="200" /><ent r="4" t="36" w="200" /><ent r="7" t="36" w="399" /><ent r="7" t="36" w="399" /><ent r="7" t="36" w="445" /><ent r="7" t="36" w="582" /><ent r="7" t="36" w="582" /><ent r="6" t="36" w="1737" /></phr><phr n="generated"><ent r="4" t="2" w="145" /><ent r="4" t="2" w="145" /><ent r="4" t="4" w="212" /><ent r="4" t="4" w="212" /><ent r="3" t="26" w="40" /><ent r="3" t="26" w="40" /><ent r="3" t="26" w="256" /><ent r="3" t="26" w="256" /><ent r="7" t="28" w="120" /><ent r="7" t="28" w="120" /><ent r="7" t="28" w="162" /><ent r="7" t="28" w="162" /><ent r="7" t="28" w="353" /><ent r="7" t="28" w="353" /><ent r="4" t="36" w="223" /><ent r="4" t="36" w="223" /><ent r="7" t="36" w="949" /><ent r="7" t="36" w="949" /><ent r="7" t="36" w="1100" /><ent r="7" t="36" w="1100" /><ent r="3" t="36" w="1463" /><ent r="3" t="36" w="1488" /><ent r="3" t="36" w="1488" /><ent r="3" t="36" w="1499" /><ent r="3" t="36" w="1499" /><ent r="3" t="37" w="21" /><ent r="3" t="37" w="21" /><ent r="7" t="38" w="270" /><ent r="7" t="38" w="270" /></phr><phr n="generating"><ent r="64" t="3" w="137" /><ent r="64" t="3" w="137" /><ent r="64" t="9" w="95" /><ent r="64" t="9" w="95" /><ent r="100" t="26" w="8" /><ent r="100" t="26" w="8" /><ent r="4" t="27" w="164" /><ent r="4" t="27" w="164" /><ent r="5" t="36" w="242" /><ent r="5" t="36" w="242" /><ent r="3" t="42" w="239" /><ent r="3" t="42" w="239" /></phr><phr n="Generating"><ent r="1000" t="26" w="1" /><ent r="1000" t="26" w="1" /><ent r="100" t="26" w="4" /><ent r="100" t="26" w="4" /><ent r="102" t="26" w="10" /><ent r="102" t="26" w="10" /><ent r="65" t="27" w="348" /><ent r="65" t="27" w="348" /><ent r="100" t="36" w="7" /><ent r="100" t="36" w="7" /><ent r="64" t="36" w="178" /><ent r="64" t="36" w="178" /></phr><phr n="Generate"><ent r="5" t="26" w="679" /><ent r="5" t="26" w="679" /><ent r="5" t="36" w="191" /><ent r="5" t="36" w="191" /><ent r="92" t="36" w="226" /><ent r="92" t="36" w="226" /><ent r="8" t="36" w="1120" /><ent r="8" t="36" w="1120" /><ent r="5" t="42" w="214" /><ent r="5" t="42" w="214" /></phr><phr n="Generated"><ent r="3" t="26" w="771" /><ent r="3" t="26" w="771" /><ent r="3" t="26" w="780" /><ent r="3" t="26" w="780" /><ent r="64" t="26" w="800" /><ent r="64" t="26" w="800" /><ent r="3" t="28" w="13" /><ent r="3" t="28" w="13" /><ent r="3" t="28" w="101" /><ent r="3" t="28" w="101" /><ent r="5" t="28" w="109" /><ent r="5" t="28" w="109" /><ent r="5" t="36" w="205" /><ent r="5" t="36" w="205" /><ent r="92" t="36" w="1447" /><ent r="92" t="36" w="1447" /><ent r="3" t="36" w="1451" /><ent r="3" t="36" w="1451" /><ent r="5" t="36" w="1523" /><ent r="5" t="36" w="1523" /></phr><phr n="regenerate"><ent r="7" t="36" w="1077" /><ent r="7" t="36" w="1077" /></phr></stem><stem n="enerat"><phr n="generate"><ent r="4" t="2" w="120" /><ent r="4" t="2" w="120" /><ent r="4" t="26" w="182" /><ent r="4" t="26" w="673" /><ent r="4" t="26" w="673" /><ent r="3" t="31" w="518" /><ent r="3" t="31" w="518" /><ent r="3" t="36" w="34" /><ent r="3" t="36" w="34" /><ent r="4" t="36" w="200" /><ent r="4" t="36" w="200" /><ent r="7" t="36" w="399" /><ent r="7" t="36" w="399" /><ent r="7" t="36" w="445" /><ent r="7" t="36" w="582" /><ent r="7" t="36" w="582" /><ent r="6" t="36" w="1737" /></phr><phr n="generated"><ent r="4" t="2" w="145" /><ent r="4" t="2" w="145" /><ent r="4" t="4" w="212" /><ent r="4" t="4" w="212" /><ent r="3" t="26" w="40" /><ent r="3" t="26" w="40" /><ent r="3" t="26" w="256" /><ent r="3" t="26" w="256" /><ent r="7" t="28" w="120" /><ent r="7" t="28" w="120" /><ent r="7" t="28" w="162" /><ent r="7" t="28" w="162" /><ent r="7" t="28" w="353" /><ent r="7" t="28" w="353" /><ent r="4" t="36" w="223" /><ent r="4" t="36" w="223" /><ent r="7" t="36" w="949" /><ent r="7" t="36" w="949" /><ent r="7" t="36" w="1100" /><ent r="7" t="36" w="1100" /><ent r="3" t="36" w="1463" /><ent r="3" t="36" w="1488" /><ent r="3" t="36" w="1488" /><ent r="3" t="36" w="1499" /><ent r="3" t="36" w="1499" /><ent r="3" t="37" w="21" /><ent r="3" t="37" w="21" /><ent r="7" t="38" w="270" /><ent r="7" t="38" w="270" /></phr><phr n="generating"><ent r="64" t="3" w="137" /><ent r="64" t="3" w="137" /><ent r="64" t="9" w="95" /><ent r="64" t="9" w="95" /><ent r="100" t="26" w="8" /><ent r="100" t="26" w="8" /><ent r="4" t="27" w="164" /><ent r="4" t="27" w="164" /><ent r="5" t="36" w="242" /><ent r="5" t="36" w="242" /><ent r="3" t="42" w="239" /><ent r="3" t="42" w="239" /></phr><phr n="Generating"><ent r="1000" t="26" w="1" /><ent r="1000" t="26" w="1" /><ent r="100" t="26" w="4" /><ent r="100" t="26" w="4" /><ent r="102" t="26" w="10" /><ent r="102" t="26" w="10" /><ent r="65" t="27" w="348" /><ent r="65" t="27" w="348" /><ent r="100" t="36" w="7" /><ent r="100" t="36" w="7" /><ent r="64" t="36" w="178" /><ent r="64" t="36" w="178" /></phr><phr n="Generate"><ent r="5" t="26" w="679" /><ent r="5" t="26" w="679" /><ent r="5" t="36" w="191" /><ent r="5" t="36" w="191" /><ent r="92" t="36" w="226" /><ent r="92" t="36" w="226" /><ent r="8" t="36" w="1120" /><ent r="8" t="36" w="1120" /><ent r="5" t="42" w="214" /><ent r="5" t="42" w="214" /></phr><phr n="Generated"><ent r="3" t="26" w="771" /><ent r="3" t="26" w="771" /><ent r="3" t="26" w="780" /><ent r="3" t="26" w="780" /><ent r="64" t="26" w="800" /><ent r="64" t="26" w="800" /><ent r="3" t="28" w="13" /><ent r="3" t="28" w="13" /><ent r="3" t="28" w="101" /><ent r="3" t="28" w="101" /><ent r="5" t="28" w="109" /><ent r="5" t="28" w="109" /><ent r="5" t="36" w="205" /><ent r="5" t="36" w="205" /><ent r="92" t="36" w="1447" /><ent r="92" t="36" w="1447" /><ent r="3" t="36" w="1451" /><ent r="3" t="36" w="1451" /><ent r="5" t="36" w="1523" /><ent r="5" t="36" w="1523" /></phr><phr n="regenerate"><ent r="7" t="36" w="1077" /><ent r="7" t="36" w="1077" /></phr></stem><stem n="nerate"><phr n="generate"><ent r="4" t="2" w="120" /><ent r="4" t="2" w="120" /><ent r="4" t="26" w="182" /><ent r="4" t="26" w="673" /><ent r="4" t="26" w="673" /><ent r="3" t="31" w="518" /><ent r="3" t="31" w="518" /><ent r="3" t="36" w="34" /><ent r="3" t="36" w="34" /><ent r="4" t="36" w="200" /><ent r="4" t="36" w="200" /><ent r="7" t="36" w="399" /><ent r="7" t="36" w="399" /><ent r="7" t="36" w="445" /><ent r="7" t="36" w="582" /><ent r="7" t="36" w="582" /><ent r="6" t="36" w="1737" /></phr><phr n="generated"><ent r="4" t="2" w="145" /><ent r="4" t="2" w="145" /><ent r="4" t="4" w="212" /><ent r="4" t="4" w="212" /><ent r="3" t="26" w="40" /><ent r="3" t="26" w="40" /><ent r="3" t="26" w="256" /><ent r="3" t="26" w="256" /><ent r="7" t="28" w="120" /><ent r="7" t="28" w="120" /><ent r="7" t="28" w="162" /><ent r="7" t="28" w="162" /><ent r="7" t="28" w="353" /><ent r="7" t="28" w="353" /><ent r="4" t="36" w="223" /><ent r="4" t="36" w="223" /><ent r="7" t="36" w="949" /><ent r="7" t="36" w="949" /><ent r="7" t="36" w="1100" /><ent r="7" t="36" w="1100" /><ent r="3" t="36" w="1463" /><ent r="3" t="36" w="1488" /><ent r="3" t="36" w="1488" /><ent r="3" t="36" w="1499" /><ent r="3" t="36" w="1499" /><ent r="3" t="37" w="21" /><ent r="3" t="37" w="21" /><ent r="7" t="38" w="270" /><ent r="7" t="38" w="270" /></phr><phr n="Generate"><ent r="5" t="26" w="679" /><ent r="5" t="26" w="679" /><ent r="5" t="36" w="191" /><ent r="5" t="36" w="191" /><ent r="92" t="36" w="226" /><ent r="92" t="36" w="226" /><ent r="8" t="36" w="1120" /><ent r="8" t="36" w="1120" /><ent r="5" t="42" w="214" /><ent r="5" t="42" w="214" /></phr><phr n="Generated"><ent r="3" t="26" w="771" /><ent r="3" t="26" w="771" /><ent r="3" t="26" w="780" /><ent r="3" t="26" w="780" /><ent r="64" t="26" w="800" /><ent r="64" t="26" w="800" /><ent r="3" t="28" w="13" /><ent r="3" t="28" w="13" /><ent r="3" t="28" w="101" /><ent r="3" t="28" w="101" /><ent r="5" t="28" w="109" /><ent r="5" t="28" w="109" /><ent r="5" t="36" w="205" /><ent r="5" t="36" w="205" /><ent r="92" t="36" w="1447" /><ent r="92" t="36" w="1447" /><ent r="3" t="36" w="1451" /><ent r="3" t="36" w="1451" /><ent r="5" t="36" w="1523" /><ent r="5" t="36" w="1523" /></phr><phr n="regenerate"><ent r="7" t="36" w="1077" /><ent r="7" t="36" w="1077" /></phr></stem><stem n="generat"><phr n="generate"><ent r="4" t="2" w="120" /><ent r="4" t="2" w="120" /><ent r="4" t="26" w="182" /><ent r="4" t="26" w="673" /><ent r="4" t="26" w="673" /><ent r="3" t="31" w="518" /><ent r="3" t="31" w="518" /><ent r="3" t="36" w="34" /><ent r="3" t="36" w="34" /><ent r="4" t="36" w="200" /><ent r="4" t="36" w="200" /><ent r="7" t="36" w="399" /><ent r="7" t="36" w="399" /><ent r="7" t="36" w="445" /><ent r="7" t="36" w="582" /><ent r="7" t="36" w="582" /><ent r="6" t="36" w="1737" /></phr><phr n="generated"><ent r="4" t="2" w="145" /><ent r="4" t="2" w="145" /><ent r="4" t="4" w="212" /><ent r="4" t="4" w="212" /><ent r="3" t="26" w="40" /><ent r="3" t="26" w="40" /><ent r="3" t="26" w="256" /><ent r="3" t="26" w="256" /><ent r="7" t="28" w="120" /><ent r="7" t="28" w="120" /><ent r="7" t="28" w="162" /><ent r="7" t="28" w="162" /><ent r="7" t="28" w="353" /><ent r="7" t="28" w="353" /><ent r="4" t="36" w="223" /><ent r="4" t="36" w="223" /><ent r="7" t="36" w="949" /><ent r="7" t="36" w="949" /><ent r="7" t="36" w="1100" /><ent r="7" t="36" w="1100" /><ent r="3" t="36" w="1463" /><ent r="3" t="36" w="1488" /><ent r="3" t="36" w="1488" /><ent r="3" t="36" w="1499" /><ent r="3" t="36" w="1499" /><ent r="3" t="37" w="21" /><ent r="3" t="37" w="21" /><ent r="7" t="38" w="270" /><ent r="7" t="38" w="270" /></phr><phr n="generating"><ent r="64" t="3" w="137" /><ent r="64" t="3" w="137" /><ent r="64" t="9" w="95" /><ent r="64" t="9" w="95" /><ent r="100" t="26" w="8" /><ent r="100" t="26" w="8" /><ent r="4" t="27" w="164" /><ent r="4" t="27" w="164" /><ent r="5" t="36" w="242" /><ent r="5" t="36" w="242" /><ent r="3" t="42" w="239" /><ent r="3" t="42" w="239" /></phr><phr n="Generating"><ent r="1000" t="26" w="1" /><ent r="1000" t="26" w="1" /><ent r="100" t="26" w="4" /><ent r="100" t="26" w="4" /><ent r="102" t="26" w="10" /><ent r="102" t="26" w="10" /><ent r="65" t="27" w="348" /><ent r="65" t="27" w="348" /><ent r="100" t="36" w="7" /><ent r="100" t="36" w="7" /><ent r="64" t="36" w="178" /><ent r="64" t="36" w="178" /></phr><phr n="Generate"><ent r="5" t="26" w="679" /><ent r="5" t="26" w="679" /><ent r="5" t="36" w="191" /><ent r="5" t="36" w="191" /><ent r="92" t="36" w="226" /><ent r="92" t="36" w="226" /><ent r="8" t="36" w="1120" /><ent r="8" t="36" w="1120" /><ent r="5" t="42" w="214" /><ent r="5" t="42" w="214" /></phr><phr n="Generated"><ent r="3" t="26" w="771" /><ent r="3" t="26" w="771" /><ent r="3" t="26" w="780" /><ent r="3" t="26" w="780" /><ent r="64" t="26" w="800" /><ent r="64" t="26" w="800" /><ent r="3" t="28" w="13" /><ent r="3" t="28" w="13" /><ent r="3" t="28" w="101" /><ent r="3" t="28" w="101" /><ent r="5" t="28" w="109" /><ent r="5" t="28" w="109" /><ent r="5" t="36" w="205" /><ent r="5" t="36" w="205" /><ent r="92" t="36" w="1447" /><ent r="92" t="36" w="1447" /><ent r="3" t="36" w="1451" /><ent r="3" t="36" w="1451" /><ent r="5" t="36" w="1523" /><ent r="5" t="36" w="1523" /></phr><phr n="regenerate"><ent r="7" t="36" w="1077" /><ent r="7" t="36" w="1077" /></phr></stem><stem n="enerate"><phr n="generate"><ent r="4" t="2" w="120" /><ent r="4" t="2" w="120" /><ent r="4" t="26" w="182" /><ent r="4" t="26" w="673" /><ent r="4" t="26" w="673" /><ent r="3" t="31" w="518" /><ent r="3" t="31" w="518" /><ent r="3" t="36" w="34" /><ent r="3" t="36" w="34" /><ent r="4" t="36" w="200" /><ent r="4" t="36" w="200" /><ent r="7" t="36" w="399" /><ent r="7" t="36" w="399" /><ent r="7" t="36" w="445" /><ent r="7" t="36" w="582" /><ent r="7" t="36" w="582" /><ent r="6" t="36" w="1737" /></phr><phr n="generated"><ent r="4" t="2" w="145" /><ent r="4" t="2" w="145" /><ent r="4" t="4" w="212" /><ent r="4" t="4" w="212" /><ent r="3" t="26" w="40" /><ent r="3" t="26" w="40" /><ent r="3" t="26" w="256" /><ent r="3" t="26" w="256" /><ent r="7" t="28" w="120" /><ent r="7" t="28" w="120" /><ent r="7" t="28" w="162" /><ent r="7" t="28" w="162" /><ent r="7" t="28" w="353" /><ent r="7" t="28" w="353" /><ent r="4" t="36" w="223" /><ent r="4" t="36" w="223" /><ent r="7" t="36" w="949" /><ent r="7" t="36" w="949" /><ent r="7" t="36" w="1100" /><ent r="7" t="36" w="1100" /><ent r="3" t="36" w="1463" /><ent r="3" t="36" w="1488" /><ent r="3" t="36" w="1488" /><ent r="3" t="36" w="1499" /><ent r="3" t="36" w="1499" /><ent r="3" t="37" w="21" /><ent r="3" t="37" w="21" /><ent r="7" t="38" w="270" /><ent r="7" t="38" w="270" /></phr><phr n="Generate"><ent r="5" t="26" w="679" /><ent r="5" t="26" w="679" /><ent r="5" t="36" w="191" /><ent r="5" t="36" w="191" /><ent r="92" t="36" w="226" /><ent r="92" t="36" w="226" /><ent r="8" t="36" w="1120" /><ent r="8" t="36" w="1120" /><ent r="5" t="42" w="214" /><ent r="5" t="42" w="214" /></phr><phr n="Generated"><ent r="3" t="26" w="771" /><ent r="3" t="26" w="771" /><ent r="3" t="26" w="780" /><ent r="3" t="26" w="780" /><ent r="64" t="26" w="800" /><ent r="64" t="26" w="800" /><ent r="3" t="28" w="13" /><ent r="3" t="28" w="13" /><ent r="3" t="28" w="101" /><ent r="3" t="28" w="101" /><ent r="5" t="28" w="109" /><ent r="5" t="28" w="109" /><ent r="5" t="36" w="205" /><ent r="5" t="36" w="205" /><ent r="92" t="36" w="1447" /><ent r="92" t="36" w="1447" /><ent r="3" t="36" w="1451" /><ent r="3" t="36" w="1451" /><ent r="5" t="36" w="1523" /><ent r="5" t="36" w="1523" /></phr><phr n="regenerate"><ent r="7" t="36" w="1077" /><ent r="7" t="36" w="1077" /></phr></stem></index>