﻿<?xml version="1.0" encoding="utf-8"?><index><stem n="manual"><phr n="manual"><ent r="4" t="0" w="146" /><ent r="4" t="17" w="406" /></phr><phr n="manually"><ent r="3" t="2" w="337" /><ent r="3" t="12" w="173" /><ent r="3" t="13" w="133" /><ent r="3" t="13" w="247" /><ent r="7" t="15" w="349" /><ent r="3" t="31" w="99" /><ent r="3" t="31" w="1023" /><ent r="3" t="34" w="54" /><ent r="4" t="34" w="945" /><ent r="4" t="34" w="1058" /></phr><phr n="Manual"><ent r="4" t="5" w="81" /><ent r="5" t="5" w="129" /><ent r="5" t="9" w="308" /><ent r="4" t="14" w="290" /><ent r="4" t="14" w="353" /></phr></stem><stem n="review"><phr n="review"><ent r="3" t="0" w="156" /><ent r="3" t="17" w="451" /></phr></stem><stem n="topic"><phr n="topics"><ent r="3" t="0" w="158" /></phr><phr n="topic"><ent r="3" t="2" w="205" /><ent r="4" t="34" w="217" /></phr></stem><stem n="first"><phr n="first"><ent r="3" t="0" w="159" /><ent r="4" t="6" w="85" /><ent r="3" t="6" w="236" /><ent r="3" t="7" w="39" /><ent r="4" t="7" w="192" /><ent r="3" t="13" w="102" /><ent r="7" t="15" w="340" /><ent r="4" t="19" w="185" /><ent r="4" t="23" w="250" /><ent r="4" t="24" w="195" /><ent r="6" t="28" w="335" /><ent r="6" t="36" w="1341" /><ent r="6" t="36" w="1399" /><ent r="6" t="41" w="73" /></phr></stem><stem n="basic"><phr n="basics"><ent r="3" t="0" w="163" /></phr><phr n="basic"><ent r="3" t="41" w="30" /></phr></stem><stem n="start"><phr n="Starting"><ent r="64" t="0" w="168" /><ent r="1000" t="1" w="1" /><ent r="100" t="1" w="9" /><ent r="102" t="1" w="20" /><ent r="65" t="8" w="70" /><ent r="100" t="32" w="16" /></phr><phr n="starting"><ent r="100" t="1" w="18" /><ent r="4" t="4" w="193" /><ent r="100" t="32" w="11" /><ent r="6" t="38" w="172" /><ent r="7" t="38" w="287" /></phr><phr n="start"><ent r="4" t="1" w="51" /><ent r="4" t="1" w="122" /><ent r="4" t="1" w="131" /><ent r="4" t="3" w="394" /><ent r="6" t="3" w="624" /><ent r="6" t="3" w="764" /><ent r="6" t="3" w="963" /><ent r="4" t="6" w="200" /><ent r="65" t="9" w="59" /><ent r="4" t="14" w="114" /><ent r="4" t="19" w="361" /><ent r="3" t="23" w="77" /><ent r="4" t="26" w="625" /><ent r="3" t="32" w="48" /><ent r="3" t="32" w="85" /><ent r="7" t="36" w="839" /><ent r="7" t="36" w="929" /><ent r="4" t="44" w="149" /></phr><phr n="Start"><ent r="4" t="1" w="57" /><ent r="8" t="4" w="233" /><ent r="8" t="4" w="303" /><ent r="4" t="11" w="102" /><ent r="4" t="14" w="363" /><ent r="4" t="14" w="415" /><ent r="5" t="18" w="70" /><ent r="7" t="35" w="75" /><ent r="7" t="38" w="166" /><ent r="7" t="41" w="233" /></phr><phr n="started"><ent r="6" t="1" w="200" /><ent r="6" t="1" w="284" /></phr><phr n="starts"><ent r="4" t="7" w="181" /><ent r="8" t="22" w="346" /><ent r="5" t="23" w="258" /><ent r="5" t="24" w="203" /><ent r="4" t="34" w="2109" /><ent r="5" t="34" w="2133" /><ent r="7" t="44" w="356" /></phr><phr n="STARTING"><ent r="7" t="31" w="262" /></phr><phr n="START"><ent r="7" t="31" w="264" /></phr><phr n="Starts"><ent r="6" t="32" w="647" /><ent r="6" t="32" w="697" /></phr></stem><stem n="quick"><phr n="Quick"><ent r="64" t="0" w="174" /><ent r="1000" t="2" w="2" /></phr><phr n="quick"><ent r="3" t="17" w="51" /></phr></stem><stem n="overview"><phr n="Overview"><ent r="64" t="0" w="175" /><ent r="1000" t="2" w="3" /><ent r="100" t="2" w="6" /><ent r="102" t="2" w="14" /><ent r="100" t="3" w="15" /><ent r="1000" t="6" w="1" /><ent r="102" t="6" w="6" /><ent r="100" t="6" w="11" /></phr><phr n="overview"><ent r="100" t="6" w="23" /></phr></stem><stem n="tree"><phr n="Tree"><ent r="64" t="0" w="180" /><ent r="100" t="3" w="9" /><ent r="102" t="3" w="20" /><ent r="65" t="11" w="153" /><ent r="64" t="32" w="118" /><ent r="64" t="34" w="1242" /></phr><phr n="tree"><ent r="100" t="3" w="12" /><ent r="3" t="3" w="24" /><ent r="3" t="3" w="35" /><ent r="3" t="3" w="62" /><ent r="3" t="3" w="88" /><ent r="3" t="3" w="102" /><ent r="3" t="3" w="162" /><ent r="3" t="3" w="177" /><ent r="3" t="3" w="185" /><ent r="4" t="3" w="218" /><ent r="4" t="3" w="357" /><ent r="3" t="3" w="424" /><ent r="5" t="3" w="427" /><ent r="6" t="3" w="999" /><ent r="3" t="10" w="34" /><ent r="4" t="11" w="128" /><ent r="4" t="11" w="204" /><ent r="4" t="11" w="243" /><ent r="4" t="11" w="392" /><ent r="65" t="11" w="439" /><ent r="64" t="12" w="131" /><ent r="64" t="12" w="427" /><ent r="4" t="13" w="271" /><ent r="65" t="14" w="227" /><ent r="65" t="17" w="186" /><ent r="64" t="22" w="68" /><ent r="64" t="31" w="862" /><ent r="3" t="32" w="96" /><ent r="3" t="32" w="108" /><ent r="6" t="32" w="169" /><ent r="6" t="32" w="251" /><ent r="6" t="32" w="555" /><ent r="6" t="32" w="745" /><ent r="3" t="34" w="254" /><ent r="3" t="34" w="1219" /><ent r="7" t="36" w="512" /></phr></stem><stem n=":start"><phr n=":starting"><ent r="100" t="1" w="18" /><ent r="100" t="32" w="11" /></phr></stem><stem n="log"><phr n="log"><ent r="3" t="1" w="29" /><ent r="3" t="4" w="74" /><ent r="3" t="4" w="123" /><ent r="5" t="4" w="214" /><ent r="3" t="4" w="517" /><ent r="4" t="4" w="536" /><ent r="4" t="4" w="541" /><ent r="4" t="4" w="552" /><ent r="3" t="4" w="567" /><ent r="4" t="4" w="572" /><ent r="4" t="4" w="603" /><ent r="4" t="5" w="97" /><ent r="4" t="6" w="77" /><ent r="4" t="7" w="145" /><ent r="9" t="16" w="436" /><ent r="4" t="19" w="234" /><ent r="4" t="19" w="376" /><ent r="3" t="24" w="73" /><ent r="8" t="31" w="279" /><ent r="7" t="31" w="292" /><ent r="3" t="31" w="1498" /><ent r="3" t="31" w="1544" /><ent r="7" t="36" w="1201" /><ent r="3" t="37" w="19" /><ent r="3" t="39" w="84" /><ent r="6" t="39" w="112" /><ent r="6" t="39" w="121" /><ent r="6" t="39" w="131" /><ent r="6" t="39" w="174" /><ent r="7" t="39" w="183" /><ent r="7" t="39" w="189" /><ent r="6" t="39" w="195" /><ent r="6" t="39" w="204" /><ent r="6" t="39" w="215" /><ent r="6" t="39" w="224" /><ent r="4" t="42" w="443" /></phr><phr n="logs"><ent r="4" t="2" w="144" /><ent r="3" t="4" w="29" /><ent r="3" t="4" w="41" /><ent r="3" t="4" w="53" /><ent r="3" t="4" w="98" /><ent r="3" t="4" w="493" /><ent r="4" t="23" w="327" /><ent r="4" t="24" w="272" /><ent r="100" t="39" w="8" /><ent r="4" t="42" w="472" /></phr><phr n="Logs"><ent r="1000" t="4" w="4" /><ent r="100" t="4" w="9" /><ent r="100" t="4" w="14" /><ent r="102" t="4" w="20" /><ent r="3" t="4" w="58" /><ent r="92" t="4" w="95" /><ent r="66" t="37" w="41" /><ent r="64" t="38" w="62" /><ent r="1000" t="39" w="1" /><ent r="100" t="39" w="4" /><ent r="102" t="39" w="10" /><ent r="3" t="39" w="14" /><ent r="3" t="39" w="45" /><ent r="3" t="39" w="67" /><ent r="64" t="39" w="97" /><ent r="5" t="39" w="100" /></phr><phr n="Log"><ent r="92" t="4" w="477" /><ent r="3" t="4" w="480" /><ent r="3" t="4" w="486" /><ent r="5" t="4" w="559" /><ent r="4" t="9" w="135" /><ent r="4" t="14" w="259" /><ent r="3" t="39" w="69" /><ent r="7" t="39" w="218" /></phr><phr n="logged"><ent r="3" t="12" w="144" /><ent r="4" t="21" w="88" /><ent r="4" t="23" w="336" /><ent r="4" t="24" w="281" /><ent r="3" t="26" w="745" /><ent r="3" t="41" w="42" /><ent r="6" t="41" w="248" /></phr><phr n="logging"><ent r="3" t="24" w="80" /></phr></stem><stem n="must"><phr n="must"><ent r="3" t="1" w="36" /><ent r="4" t="7" w="100" /><ent r="3" t="8" w="31" /><ent r="3" t="9" w="110" /><ent r="3" t="10" w="58" /><ent r="7" t="10" w="209" /><ent r="3" t="12" w="39" /><ent r="3" t="12" w="172" /><ent r="3" t="13" w="131" /><ent r="4" t="13" w="291" /><ent r="3" t="14" w="77" /><ent r="7" t="15" w="348" /><ent r="7" t="15" w="482" /><ent r="4" t="19" w="115" /><ent r="4" t="26" w="281" /><ent r="3" t="26" w="567" /><ent r="4" t="26" w="658" /><ent r="3" t="27" w="283" /><ent r="4" t="27" w="677" /><ent r="3" t="31" w="98" /><ent r="3" t="31" w="884" /><ent r="6" t="32" w="283" /><ent r="6" t="32" w="562" /><ent r="6" t="32" w="653" /><ent r="6" t="32" w="677" /><ent r="3" t="34" w="82" /><ent r="4" t="34" w="943" /><ent r="4" t="34" w="1056" /><ent r="3" t="34" w="1228" /><ent r="3" t="34" w="1932" /><ent r="4" t="34" w="2156" /><ent r="3" t="42" w="233" /><ent r="3" t="42" w="327" /></phr><phr n="Must"><ent r="9" t="16" w="852" /></phr></stem><stem n="account"><phr n="account"><ent r="64" t="1" w="41" /><ent r="6" t="3" w="818" /><ent r="6" t="3" w="839" /><ent r="4" t="6" w="71" /><ent r="4" t="7" w="199" /><ent r="3" t="12" w="157" /><ent r="3" t="12" w="179" /><ent r="3" t="12" w="183" /><ent r="3" t="13" w="62" /><ent r="3" t="13" w="145" /><ent r="4" t="13" w="314" /><ent r="4" t="13" w="342" /><ent r="3" t="13" w="366" /><ent r="4" t="13" w="411" /><ent r="3" t="19" w="27" /><ent r="4" t="19" w="153" /><ent r="4" t="19" w="212" /><ent r="3" t="19" w="221" /><ent r="4" t="19" w="260" /><ent r="4" t="19" w="393" /><ent r="3" t="20" w="33" /><ent r="3" t="21" w="34" /><ent r="3" t="22" w="118" /><ent r="64" t="31" w="1033" /><ent r="3" t="34" w="81" /><ent r="3" t="34" w="89" /><ent r="100" t="43" w="9" /></phr><phr n="accounts"><ent r="4" t="2" w="175" /><ent r="3" t="43" w="50" /></phr><phr n="Account"><ent r="64" t="6" w="302" /><ent r="1000" t="13" w="9" /><ent r="100" t="13" w="24" /><ent r="102" t="13" w="34" /><ent r="4" t="13" w="279" /><ent r="4" t="13" w="283" /><ent r="1000" t="19" w="5" /><ent r="102" t="19" w="11" /><ent r="100" t="19" w="44" /><ent r="1000" t="20" w="4" /><ent r="100" t="20" w="9" /><ent r="102" t="20" w="17" /><ent r="1000" t="21" w="4" /><ent r="100" t="21" w="9" /><ent r="102" t="21" w="17" /><ent r="64" t="24" w="91" /><ent r="67" t="43" w="79" /><ent r="67" t="43" w="96" /></phr><phr n="Accounts"><ent r="65" t="19" w="59" /><ent r="65" t="20" w="56" /><ent r="65" t="20" w="94" /><ent r="65" t="21" w="57" /><ent r="65" t="25" w="64" /><ent r="66" t="40" w="74" /><ent r="6" t="41" w="99" /><ent r="1000" t="43" w="2" /><ent r="100" t="43" w="5" /><ent r="102" t="43" w="13" /><ent r="3" t="43" w="31" /><ent r="3" t="43" w="36" /><ent r="5" t="43" w="57" /></phr></stem><stem n="option"><phr n="optionally"><ent r="3" t="1" w="44" /><ent r="3" t="17" w="450" /><ent r="4" t="19" w="336" /><ent r="4" t="42" w="215" /></phr><phr n="option"><ent r="4" t="5" w="133" /><ent r="4" t="5" w="145" /><ent r="4" t="7" w="159" /><ent r="4" t="7" w="171" /><ent r="4" t="9" w="153" /><ent r="4" t="9" w="165" /><ent r="4" t="9" w="180" /><ent r="4" t="9" w="191" /><ent r="4" t="9" w="264" /><ent r="3" t="13" w="387" /><ent r="4" t="26" w="402" /><ent r="4" t="26" w="436" /><ent r="7" t="28" w="226" /><ent r="4" t="34" w="1394" /><ent r="4" t="34" w="2039" /><ent r="4" t="34" w="2050" /><ent r="3" t="42" w="267" /></phr><phr n="Optional"><ent r="4" t="11" w="156" /><ent r="4" t="17" w="557" /></phr><phr n="Optionally"><ent r="9" t="16" w="502" /><ent r="9" t="16" w="542" /><ent r="9" t="16" w="560" /><ent r="4" t="17" w="273" /><ent r="4" t="19" w="138" /><ent r="5" t="34" w="503" /><ent r="3" t="34" w="1381" /><ent r="4" t="34" w="2101" /><ent r="7" t="35" w="385" /></phr><phr n="optional"><ent r="4" t="20" w="71" /><ent r="3" t="22" w="101" /><ent r="3" t="23" w="50" /><ent r="5" t="26" w="510" /><ent r="3" t="27" w="91" /><ent r="3" t="31" w="177" /><ent r="3" t="31" w="966" /><ent r="6" t="35" w="114" /><ent r="7" t="36" w="898" /></phr></stem><stem n="role"><phr n="role"><ent r="64" t="1" w="47" /><ent r="64" t="3" w="156" /><ent r="6" t="3" w="909" /><ent r="6" t="3" w="931" /><ent r="6" t="3" w="948" /><ent r="4" t="4" w="157" /><ent r="3" t="10" w="62" /><ent r="64" t="11" w="41" /><ent r="4" t="12" w="326" /><ent r="64" t="13" w="95" /><ent r="3" t="13" w="139" /><ent r="3" t="13" w="172" /><ent r="3" t="13" w="200" /><ent r="64" t="15" w="88" /><ent r="64" t="19" w="21" /><ent r="4" t="19" w="343" /><ent r="4" t="19" w="345" /><ent r="4" t="19" w="371" /><ent r="64" t="20" w="27" /><ent r="64" t="21" w="26" /><ent r="3" t="22" w="38" /><ent r="7" t="22" w="168" /><ent r="7" t="22" w="172" /><ent r="7" t="22" w="187" /><ent r="7" t="22" w="224" /><ent r="7" t="22" w="228" /><ent r="7" t="22" w="243" /><ent r="3" t="23" w="35" /><ent r="3" t="23" w="42" /><ent r="3" t="23" w="48" /><ent r="3" t="23" w="102" /><ent r="3" t="23" w="147" /><ent r="4" t="23" w="173" /><ent r="3" t="24" w="36" /><ent r="4" t="24" w="110" /><ent r="4" t="24" w="136" /><ent r="64" t="25" w="39" /><ent r="64" t="31" w="196" /><ent r="64" t="31" w="1045" /><ent r="64" t="32" w="66" /><ent r="3" t="32" w="82" /><ent r="64" t="34" w="102" /><ent r="3" t="34" w="115" /><ent r="3" t="34" w="135" /><ent r="4" t="34" w="742" /><ent r="4" t="34" w="749" /><ent r="4" t="34" w="768" /><ent r="3" t="34" w="790" /><ent r="3" t="34" w="797" /><ent r="3" t="34" w="815" /><ent r="3" t="34" w="821" /><ent r="3" t="34" w="876" /><ent r="3" t="34" w="888" /><ent r="64" t="35" w="43" /><ent r="64" t="38" w="46" /><ent r="7" t="38" w="251" /><ent r="64" t="39" w="61" /><ent r="64" t="43" w="23" /><ent r="3" t="44" w="24" /><ent r="3" t="44" w="54" /><ent r="4" t="44" w="93" /><ent r="3" t="44" w="199" /><ent r="6" t="44" w="264" /><ent r="6" t="44" w="282" /><ent r="6" t="44" w="300" /><ent r="6" t="44" w="320" /><ent r="6" t="44" w="438" /><ent r="6" t="44" w="456" /><ent r="6" t="44" w="474" /><ent r="6" t="44" w="505" /><ent r="6" t="44" w="516" /><ent r="6" t="44" w="539" /></phr><phr n="roles"><ent r="4" t="2" w="180" /><ent r="65" t="6" w="102" /><ent r="4" t="6" w="291" /><ent r="3" t="11" w="52" /><ent r="3" t="13" w="221" /><ent r="100" t="22" w="10" /><ent r="3" t="22" w="25" /><ent r="3" t="22" w="52" /><ent r="3" t="22" w="77" /><ent r="3" t="22" w="92" /><ent r="3" t="22" w="99" /><ent r="5" t="22" w="156" /><ent r="3" t="23" w="90" /><ent r="100" t="24" w="20" /><ent r="3" t="24" w="65" /><ent r="3" t="24" w="97" /><ent r="3" t="34" w="678" /><ent r="100" t="44" w="11" /><ent r="3" t="44" w="48" /><ent r="3" t="44" w="83" /><ent r="4" t="44" w="140" /><ent r="4" t="44" w="192" /><ent r="6" t="44" w="252" /><ent r="6" t="44" w="465" /></phr><phr n="Role"><ent r="67" t="3" w="988" /><ent r="64" t="6" w="311" /><ent r="100" t="22" w="12" /><ent r="7" t="22" w="177" /><ent r="7" t="22" w="233" /><ent r="1000" t="23" w="6" /><ent r="100" t="23" w="13" /><ent r="100" t="23" w="15" /><ent r="102" t="23" w="26" /><ent r="5" t="23" w="168" /><ent r="5" t="23" w="183" /><ent r="5" t="23" w="196" /><ent r="1000" t="24" w="6" /><ent r="100" t="24" w="15" /><ent r="102" t="24" w="27" /><ent r="5" t="24" w="131" /><ent r="100" t="44" w="8" /><ent r="7" t="44" w="249" /><ent r="7" t="44" w="312" /></phr><phr n="Roles"><ent r="64" t="10" w="78" /><ent r="64" t="11" w="56" /><ent r="64" t="19" w="405" /><ent r="1000" t="22" w="3" /><ent r="100" t="22" w="7" /><ent r="102" t="22" w="17" /><ent r="64" t="22" w="30" /><ent r="64" t="23" w="94" /><ent r="65" t="23" w="159" /><ent r="100" t="24" w="13" /><ent r="64" t="24" w="101" /><ent r="65" t="24" w="122" /><ent r="82" t="34" w="673" /><ent r="4" t="34" w="900" /><ent r="4" t="34" w="905" /><ent r="66" t="40" w="85" /><ent r="1000" t="44" w="2" /><ent r="100" t="44" w="5" /><ent r="102" t="44" w="14" /><ent r="3" t="44" w="29" /><ent r="3" t="44" w="34" /><ent r="5" t="44" w="239" /></phr></stem><stem n="navig"><phr n="navigate"><ent r="4" t="1" w="62" /></phr><phr n="Navigate"><ent r="7" t="28" w="232" /></phr></stem><stem n="url"><phr n="URL"><ent r="4" t="1" w="64" /><ent r="4" t="1" w="81" /><ent r="4" t="9" w="201" /><ent r="3" t="16" w="218" /><ent r="10" t="16" w="889" /><ent r="9" t="16" w="893" /><ent r="4" t="31" w="794" /></phr></stem><stem n="configur"><phr n="configured"><ent r="4" t="1" w="65" /><ent r="3" t="6" w="226" /><ent r="3" t="9" w="398" /><ent r="4" t="15" w="175" /><ent r="7" t="15" w="268" /><ent r="3" t="16" w="135" /><ent r="3" t="26" w="578" /><ent r="3" t="27" w="294" /><ent r="4" t="31" w="913" /><ent r="4" t="31" w="951" /><ent r="7" t="31" w="1192" /><ent r="6" t="44" w="276" /></phr><phr n="configure"><ent r="4" t="2" w="72" /><ent r="4" t="2" w="165" /><ent r="3" t="6" w="34" /><ent r="4" t="6" w="49" /><ent r="4" t="7" w="299" /><ent r="3" t="8" w="214" /><ent r="3" t="15" w="76" /><ent r="3" t="15" w="91" /><ent r="3" t="15" w="110" /><ent r="3" t="15" w="114" /><ent r="4" t="15" w="162" /><ent r="3" t="16" w="31" /><ent r="9" t="16" w="745" /><ent r="3" t="42" w="419" /></phr><phr n="Configure"><ent r="65" t="3" w="73" /><ent r="3" t="3" w="94" /><ent r="3" t="3" w="180" /><ent r="65" t="3" w="399" /><ent r="100" t="6" w="21" /><ent r="4" t="6" w="155" /><ent r="4" t="6" w="348" /><ent r="4" t="7" w="76" /><ent r="5" t="7" w="174" /><ent r="5" t="7" w="184" /><ent r="64" t="10" w="51" /><ent r="5" t="11" w="123" /><ent r="65" t="11" w="145" /><ent r="66" t="12" w="368" /><ent r="3" t="12" w="398" /><ent r="65" t="13" w="426" /><ent r="65" t="14" w="219" /><ent r="4" t="15" w="222" /><ent r="66" t="30" w="55" /><ent r="1000" t="32" w="1" /><ent r="100" t="32" w="4" /><ent r="102" t="32" w="26" /><ent r="3" t="32" w="30" /><ent r="5" t="32" w="155" /><ent r="65" t="34" w="1638" /></phr><phr n="Configuring"><ent r="4" t="5" w="67" /><ent r="64" t="6" w="363" /><ent r="4" t="14" w="338" /><ent r="1000" t="15" w="1" /><ent r="100" t="15" w="5" /><ent r="102" t="15" w="17" /><ent r="3" t="15" w="184" /><ent r="3" t="15" w="192" /><ent r="65" t="16" w="98" /><ent r="64" t="31" w="110" /><ent r="65" t="31" w="957" /><ent r="64" t="31" w="1385" /></phr><phr n="Configuration"><ent r="5" t="5" w="118" /><ent r="1000" t="6" w="3" /><ent r="102" t="6" w="8" /><ent r="100" t="6" w="13" /><ent r="4" t="7" w="154" /><ent r="4" t="9" w="147" /><ent r="4" t="14" w="279" /></phr><phr n="configuration"><ent r="4" t="5" w="141" /><ent r="5" t="7" w="166" /><ent r="4" t="7" w="410" /><ent r="4" t="7" w="435" /><ent r="4" t="7" w="438" /><ent r="5" t="9" w="159" /><ent r="3" t="11" w="70" /><ent r="4" t="14" w="304" /><ent r="4" t="14" w="311" /><ent r="4" t="14" w="334" /><ent r="7" t="31" w="1251" /><ent r="3" t="40" w="30" /></phr><phr n="configuring"><ent r="100" t="6" w="19" /></phr></stem><stem n="system"><phr n="system"><ent r="4" t="1" w="67" /><ent r="3" t="3" w="30" /><ent r="4" t="3" w="215" /><ent r="3" t="4" w="498" /><ent r="4" t="14" w="390" /><ent r="9" t="16" w="380" /><ent r="3" t="17" w="78" /><ent r="4" t="23" w="330" /><ent r="4" t="24" w="275" /><ent r="4" t="27" w="404" /><ent r="3" t="31" w="975" /><ent r="4" t="34" w="272" /><ent r="4" t="34" w="287" /><ent r="4" t="34" w="1467" /><ent r="4" t="34" w="2010" /><ent r="6" t="38" w="109" /><ent r="3" t="39" w="20" /><ent r="3" t="39" w="35" /><ent r="3" t="40" w="20" /><ent r="3" t="42" w="30" /><ent r="3" t="42" w="40" /><ent r="3" t="44" w="86" /><ent r="6" t="44" w="325" /></phr><phr n="System"><ent r="5" t="4" w="166" /><ent r="7" t="4" w="269" /><ent r="5" t="8" w="136" /><ent r="64" t="31" w="145" /><ent r="8" t="38" w="260" /><ent r="100" t="39" w="7" /><ent r="66" t="40" w="64" /><ent r="1000" t="42" w="1" /><ent r="100" t="42" w="5" /><ent r="100" t="42" w="18" /><ent r="102" t="42" w="21" /><ent r="3" t="42" w="26" /><ent r="92" t="42" w="75" /></phr><phr n="systems"><ent r="3" t="14" w="173" /><ent r="3" t="14" w="196" /></phr></stem><stem n="setup"><phr n="setup"><ent r="4" t="1" w="68" /><ent r="3" t="7" w="67" /><ent r="3" t="7" w="472" /><ent r="3" t="11" w="69" /></phr><phr n="Setup"><ent r="68" t="15" w="315" /><ent r="68" t="15" w="464" /><ent r="68" t="15" w="531" /><ent r="68" t="15" w="616" /><ent r="68" t="15" w="650" /><ent r="65" t="16" w="71" /><ent r="65" t="16" w="250" /><ent r="4" t="16" w="1044" /><ent r="68" t="16" w="1170" /><ent r="68" t="16" w="1284" /><ent r="66" t="31" w="44" /><ent r="92" t="31" w="151" /><ent r="3" t="31" w="156" /><ent r="64" t="31" w="980" /><ent r="64" t="31" w="1323" /></phr></stem><stem n="inform"><phr n="information"><ent r="4" t="1" w="71" /><ent r="3" t="2" w="277" /><ent r="3" t="3" w="54" /><ent r="3" t="3" w="167" /><ent r="4" t="3" w="239" /><ent r="4" t="3" w="271" /><ent r="4" t="3" w="404" /><ent r="6" t="3" w="1101" /><ent r="3" t="4" w="496" /><ent r="3" t="5" w="64" /><ent r="4" t="5" w="112" /><ent r="3" t="6" w="107" /><ent r="3" t="6" w="144" /><ent r="3" t="6" w="210" /><ent r="3" t="6" w="259" /><ent r="3" t="6" w="295" /><ent r="3" t="6" w="336" /><ent r="3" t="6" w="360" /><ent r="4" t="7" w="489" /><ent r="4" t="7" w="506" /><ent r="4" t="8" w="67" /><ent r="3" t="8" w="231" /><ent r="3" t="9" w="116" /><ent r="3" t="9" w="414" /><ent r="3" t="10" w="74" /><ent r="7" t="10" w="295" /><ent r="8" t="10" w="312" /><ent r="3" t="11" w="50" /><ent r="4" t="11" w="142" /><ent r="3" t="12" w="189" /><ent r="4" t="12" w="304" /><ent r="4" t="12" w="343" /><ent r="3" t="12" w="431" /><ent r="3" t="12" w="440" /><ent r="4" t="16" w="95" /><ent r="9" t="16" w="670" /><ent r="9" t="16" w="826" /><ent r="9" t="16" w="1010" /><ent r="3" t="17" w="82" /><ent r="4" t="17" w="281" /><ent r="4" t="19" w="79" /><ent r="3" t="19" w="320" /><ent r="3" t="19" w="400" /><ent r="3" t="22" w="143" /><ent r="3" t="23" w="88" /><ent r="3" t="23" w="129" /><ent r="3" t="24" w="95" /><ent r="3" t="26" w="34" /><ent r="3" t="26" w="48" /><ent r="4" t="26" w="542" /><ent r="3" t="26" w="600" /><ent r="3" t="26" w="789" /><ent r="4" t="27" w="131" /><ent r="3" t="27" w="307" /><ent r="7" t="28" w="144" /><ent r="6" t="29" w="308" /><ent r="3" t="31" w="27" /><ent r="3" t="31" w="107" /><ent r="3" t="31" w="136" /><ent r="3" t="31" w="175" /><ent r="3" t="31" w="827" /><ent r="3" t="31" w="875" /><ent r="4" t="31" w="919" /><ent r="4" t="31" w="954" /><ent r="3" t="31" w="999" /><ent r="3" t="31" w="1375" /><ent r="6" t="32" w="618" /><ent r="6" t="32" w="715" /><ent r="6" t="32" w="750" /><ent r="3" t="34" w="142" /><ent r="4" t="34" w="220" /><ent r="3" t="34" w="653" /><ent r="3" t="34" w="896" /><ent r="3" t="34" w="1232" /><ent r="4" t="34" w="1664" /><ent r="3" t="34" w="1731" /><ent r="4" t="34" w="1844" /><ent r="3" t="34" w="1942" /><ent r="3" t="35" w="61" /><ent r="4" t="36" w="46" /><ent r="4" t="36" w="84" /><ent r="4" t="36" w="114" /><ent r="7" t="36" w="334" /><ent r="6" t="36" w="1738" /><ent r="3" t="37" w="20" /><ent r="3" t="38" w="15" /><ent r="3" t="38" w="56" /><ent r="6" t="38" w="76" /><ent r="3" t="39" w="50" /><ent r="3" t="39" w="91" /><ent r="3" t="42" w="44" /><ent r="3" t="42" w="73" /><ent r="3" t="42" w="82" /><ent r="3" t="42" w="248" /><ent r="3" t="42" w="366" /><ent r="6" t="43" w="72" /><ent r="6" t="43" w="90" /><ent r="6" t="43" w="196" /><ent r="3" t="44" w="226" /></phr><phr n="Information"><ent r="92" t="42" w="62" /><ent r="92" t="42" w="76" /></phr></stem><stem n="see"><phr n="see"><ent r="4" t="1" w="72" /><ent r="3" t="2" w="285" /><ent r="4" t="3" w="244" /><ent r="4" t="3" w="275" /><ent r="4" t="3" w="405" /><ent r="6" t="3" w="778" /><ent r="6" t="3" w="981" /><ent r="6" t="3" w="1107" /><ent r="3" t="5" w="65" /><ent r="4" t="5" w="113" /><ent r="3" t="6" w="108" /><ent r="3" t="6" w="145" /><ent r="3" t="6" w="211" /><ent r="3" t="6" w="260" /><ent r="3" t="6" w="296" /><ent r="3" t="6" w="337" /><ent r="3" t="6" w="361" /><ent r="4" t="7" w="91" /><ent r="4" t="7" w="122" /><ent r="4" t="7" w="490" /><ent r="4" t="7" w="507" /><ent r="4" t="8" w="68" /><ent r="3" t="8" w="232" /><ent r="3" t="9" w="117" /><ent r="3" t="9" w="415" /><ent r="3" t="10" w="75" /><ent r="3" t="11" w="53" /><ent r="4" t="11" w="143" /><ent r="3" t="12" w="85" /><ent r="3" t="12" w="190" /><ent r="4" t="12" w="245" /><ent r="4" t="12" w="344" /><ent r="4" t="13" w="274" /><ent r="4" t="16" w="96" /><ent r="4" t="16" w="111" /><ent r="9" t="16" w="585" /><ent r="9" t="16" w="674" /><ent r="9" t="16" w="830" /><ent r="9" t="16" w="1014" /><ent r="3" t="17" w="85" /><ent r="4" t="17" w="401" /><ent r="4" t="17" w="410" /><ent r="3" t="17" w="636" /><ent r="3" t="18" w="21" /><ent r="3" t="19" w="321" /><ent r="3" t="19" w="401" /><ent r="4" t="20" w="91" /><ent r="3" t="22" w="144" /><ent r="3" t="23" w="91" /><ent r="3" t="23" w="130" /><ent r="3" t="24" w="86" /><ent r="3" t="24" w="98" /><ent r="3" t="26" w="42" /><ent r="3" t="26" w="53" /><ent r="3" t="26" w="161" /><ent r="4" t="26" w="543" /><ent r="3" t="26" w="601" /><ent r="4" t="26" w="705" /><ent r="3" t="26" w="790" /><ent r="4" t="27" w="233" /><ent r="3" t="27" w="308" /><ent r="3" t="28" w="93" /><ent r="7" t="28" w="152" /><ent r="6" t="29" w="315" /><ent r="3" t="31" w="108" /><ent r="3" t="31" w="142" /><ent r="3" t="31" w="835" /><ent r="4" t="31" w="920" /><ent r="4" t="31" w="955" /><ent r="3" t="31" w="1013" /><ent r="3" t="31" w="1036" /><ent r="4" t="31" w="1089" /><ent r="3" t="31" w="1320" /><ent r="3" t="31" w="1361" /><ent r="3" t="31" w="1383" /><ent r="3" t="31" w="1443" /><ent r="3" t="32" w="142" /><ent r="6" t="32" w="254" /><ent r="6" t="32" w="295" /><ent r="6" t="32" w="619" /><ent r="6" t="32" w="721" /><ent r="3" t="34" w="143" /><ent r="4" t="34" w="238" /><ent r="4" t="34" w="322" /><ent r="3" t="34" w="897" /><ent r="3" t="34" w="1237" /><ent r="4" t="34" w="1665" /><ent r="4" t="34" w="1845" /><ent r="3" t="34" w="1943" /><ent r="3" t="35" w="46" /><ent r="3" t="35" w="54" /><ent r="3" t="35" w="62" /><ent r="3" t="36" w="172" /><ent r="7" t="36" w="910" /><ent r="3" t="38" w="57" /><ent r="3" t="39" w="92" /><ent r="3" t="42" w="249" /><ent r="6" t="43" w="73" /><ent r="6" t="43" w="91" /><ent r="4" t="44" w="117" /><ent r="3" t="44" w="227" /></phr><phr n="See"><ent r="3" t="31" w="977" /><ent r="4" t="34" w="1618" /><ent r="7" t="36" w="776" /></phr></stem><stem n="set"><phr n="Setting"><ent r="65" t="1" w="74" /><ent r="64" t="6" w="110" /><ent r="1000" t="7" w="1" /><ent r="100" t="7" w="7" /><ent r="102" t="7" w="19" /><ent r="64" t="9" w="119" /><ent r="65" t="9" w="219" /><ent r="64" t="11" w="75" /><ent r="3" t="31" w="961" /><ent r="7" t="41" w="59" /></phr><phr n="Settings"><ent r="65" t="1" w="138" /><ent r="5" t="2" w="161" /><ent r="65" t="2" w="187" /><ent r="5" t="8" w="131" /><ent r="5" t="8" w="137" /><ent r="4" t="15" w="208" /><ent r="3" t="15" w="218" /><ent r="5" t="15" w="231" /><ent r="65" t="16" w="1052" /><ent r="65" t="19" w="52" /><ent r="65" t="20" w="49" /><ent r="65" t="21" w="50" /><ent r="65" t="23" w="152" /><ent r="65" t="24" w="115" /><ent r="65" t="25" w="57" /><ent r="64" t="31" w="146" /><ent r="8" t="36" w="247" /><ent r="8" t="36" w="377" /><ent r="68" t="36" w="737" /><ent r="1000" t="40" w="1" /><ent r="100" t="40" w="4" /><ent r="102" t="40" w="10" /><ent r="3" t="40" w="14" /><ent r="66" t="40" w="56" /><ent r="66" t="40" w="65" /><ent r="1000" t="41" w="1" /><ent r="100" t="41" w="4" /><ent r="102" t="41" w="14" /><ent r="3" t="41" w="19" /><ent r="5" t="41" w="56" /><ent r="1000" t="42" w="2" /><ent r="100" t="42" w="6" /><ent r="102" t="42" w="22" /><ent r="3" t="42" w="27" /><ent r="4" t="42" w="117" /><ent r="3" t="42" w="125" /><ent r="4" t="42" w="175" /><ent r="4" t="42" w="184" /><ent r="3" t="42" w="192" /><ent r="92" t="42" w="411" /><ent r="64" t="43" w="41" /><ent r="64" t="44" w="39" /></phr><phr n="settings"><ent r="3" t="3" w="322" /><ent r="4" t="7" w="272" /><ent r="4" t="7" w="282" /><ent r="4" t="7" w="296" /><ent r="4" t="7" w="301" /><ent r="4" t="7" w="321" /><ent r="4" t="7" w="444" /><ent r="4" t="15" w="224" /><ent r="8" t="15" w="439" /><ent r="4" t="15" w="736" /><ent r="68" t="16" w="1299" /><ent r="4" t="17" w="139" /><ent r="3" t="26" w="151" /><ent r="3" t="31" w="218" /><ent r="4" t="31" w="548" /><ent r="4" t="31" w="643" /><ent r="3" t="31" w="694" /><ent r="3" t="34" w="1126" /><ent r="4" t="34" w="1202" /><ent r="7" t="36" w="254" /><ent r="7" t="36" w="267" /><ent r="7" t="36" w="276" /><ent r="7" t="36" w="296" /><ent r="7" t="36" w="302" /><ent r="7" t="36" w="318" /><ent r="7" t="36" w="370" /><ent r="7" t="36" w="383" /><ent r="7" t="36" w="403" /><ent r="7" t="36" w="409" /><ent r="7" t="36" w="428" /><ent r="100" t="40" w="8" /><ent r="3" t="40" w="24" /><ent r="3" t="40" w="31" /><ent r="3" t="40" w="47" /><ent r="100" t="41" w="11" /><ent r="3" t="41" w="35" /><ent r="100" t="42" w="10" /><ent r="100" t="42" w="14" /><ent r="3" t="42" w="32" /><ent r="3" t="42" w="49" /><ent r="4" t="42" w="166" /><ent r="4" t="42" w="355" /><ent r="3" t="42" w="420" /></phr><phr n="set"><ent r="6" t="3" w="859" /><ent r="3" t="6" w="31" /><ent r="3" t="7" w="31" /><ent r="3" t="7" w="133" /><ent r="3" t="9" w="112" /><ent r="3" t="15" w="189" /><ent r="7" t="15" w="526" /><ent r="7" t="15" w="640" /><ent r="9" t="16" w="729" /><ent r="7" t="16" w="1271" /><ent r="4" t="26" w="691" /><ent r="3" t="31" w="161" /><ent r="3" t="31" w="199" /><ent r="4" t="36" w="94" /><ent r="4" t="36" w="121" /><ent r="7" t="36" w="746" /><ent r="4" t="42" w="457" /></phr><phr n="setting"><ent r="100" t="7" w="16" /><ent r="9" t="16" w="372" /><ent r="3" t="31" w="138" /><ent r="3" t="36" w="1236" /><ent r="6" t="44" w="405" /></phr><phr n="Set"><ent r="4" t="17" w="362" /></phr></stem></index>