<?xml version="1.0" encoding="utf-8"?><index><stem n="apply"><phr n="apply"><ent r="4" t="7" w="425" /><ent r="4" t="7" w="425" /><ent r="4" t="8" w="174" /><ent r="4" t="8" w="174" /><ent r="7" t="15" w="684" /><ent r="7" t="15" w="684" /><ent r="3" t="31" w="693" /><ent r="3" t="31" w="693" /><ent r="7" t="31" w="1200" /><ent r="7" t="31" w="1200" /><ent r="4" t="34" w="2076" /><ent r="4" t="34" w="2076" /><ent r="3" t="41" w="39" /><ent r="3" t="41" w="39" /><ent r="3" t="42" w="437" /><ent r="3" t="42" w="437" /></phr><phr n="Apply"><ent r="5" t="8" w="167" /><ent r="5" t="8" w="167" /><ent r="5" t="19" w="207" /><ent r="5" t="19" w="207" /><ent r="5" t="20" w="100" /><ent r="5" t="20" w="100" /><ent r="5" t="34" w="2062" /><ent r="5" t="34" w="2062" /><ent r="4" t="41" w="48" /><ent r="4" t="41" w="48" /><ent r="5" t="42" w="422" /><ent r="5" t="42" w="422" /><ent r="5" t="42" w="469" /><ent r="5" t="42" w="469" /></phr></stem><stem n="should"><phr n="should"><ent r="4" t="7" w="432" /><ent r="4" t="7" w="432" /><ent r="3" t="8" w="101" /><ent r="3" t="8" w="101" /><ent r="3" t="14" w="185" /><ent r="3" t="14" w="185" /><ent r="7" t="15" w="671" /><ent r="7" t="15" w="671" /><ent r="9" t="16" w="372" /><ent r="9" t="16" w="372" /><ent r="9" t="16" w="766" /><ent r="9" t="16" w="766" /><ent r="3" t="16" w="1075" /><ent r="3" t="16" w="1075" /><ent r="3" t="17" w="621" /><ent r="3" t="17" w="621" /><ent r="3" t="19" w="225" /><ent r="3" t="19" w="225" /><ent r="4" t="19" w="232" /><ent r="4" t="19" w="232" /><ent r="4" t="31" w="54" /><ent r="4" t="31" w="54" /><ent r="4" t="34" w="2055" /><ent r="4" t="34" w="2055" /><ent r="6" t="38" w="342" /><ent r="6" t="38" w="342" /><ent r="3" t="40" w="44" /><ent r="3" t="40" w="44" /><ent r="6" t="41" w="242" /><ent r="6" t="41" w="242" /><ent r="6" t="44" w="345" /><ent r="6" t="44" w="345" /></phr></stem><stem n="shou"><phr n="should"><ent r="4" t="7" w="432" /><ent r="4" t="7" w="432" /><ent r="3" t="8" w="101" /><ent r="3" t="8" w="101" /><ent r="3" t="14" w="185" /><ent r="3" t="14" w="185" /><ent r="7" t="15" w="671" /><ent r="7" t="15" w="671" /><ent r="9" t="16" w="372" /><ent r="9" t="16" w="372" /><ent r="9" t="16" w="766" /><ent r="9" t="16" w="766" /><ent r="3" t="16" w="1075" /><ent r="3" t="16" w="1075" /><ent r="3" t="17" w="621" /><ent r="3" t="17" w="621" /><ent r="3" t="19" w="225" /><ent r="3" t="19" w="225" /><ent r="4" t="19" w="232" /><ent r="4" t="19" w="232" /><ent r="4" t="31" w="54" /><ent r="4" t="31" w="54" /><ent r="4" t="34" w="2055" /><ent r="4" t="34" w="2055" /><ent r="6" t="38" w="342" /><ent r="6" t="38" w="342" /><ent r="3" t="40" w="44" /><ent r="3" t="40" w="44" /><ent r="6" t="41" w="242" /><ent r="6" t="41" w="242" /><ent r="6" t="44" w="345" /><ent r="6" t="44" w="345" /></phr></stem><stem n="houl"><phr n="should"><ent r="4" t="7" w="432" /><ent r="4" t="7" w="432" /><ent r="3" t="8" w="101" /><ent r="3" t="8" w="101" /><ent r="3" t="14" w="185" /><ent r="3" t="14" w="185" /><ent r="7" t="15" w="671" /><ent r="7" t="15" w="671" /><ent r="9" t="16" w="372" /><ent r="9" t="16" w="372" /><ent r="9" t="16" w="766" /><ent r="9" t="16" w="766" /><ent r="3" t="16" w="1075" /><ent r="3" t="16" w="1075" /><ent r="3" t="17" w="621" /><ent r="3" t="17" w="621" /><ent r="3" t="19" w="225" /><ent r="3" t="19" w="225" /><ent r="4" t="19" w="232" /><ent r="4" t="19" w="232" /><ent r="4" t="31" w="54" /><ent r="4" t="31" w="54" /><ent r="4" t="34" w="2055" /><ent r="4" t="34" w="2055" /><ent r="6" t="38" w="342" /><ent r="6" t="38" w="342" /><ent r="3" t="40" w="44" /><ent r="3" t="40" w="44" /><ent r="6" t="41" w="242" /><ent r="6" t="41" w="242" /><ent r="6" t="44" w="345" /><ent r="6" t="44" w="345" /></phr></stem><stem n="shoul"><phr n="should"><ent r="4" t="7" w="432" /><ent r="4" t="7" w="432" /><ent r="3" t="8" w="101" /><ent r="3" t="8" w="101" /><ent r="3" t="14" w="185" /><ent r="3" t="14" w="185" /><ent r="7" t="15" w="671" /><ent r="7" t="15" w="671" /><ent r="9" t="16" w="372" /><ent r="9" t="16" w="372" /><ent r="9" t="16" w="766" /><ent r="9" t="16" w="766" /><ent r="3" t="16" w="1075" /><ent r="3" t="16" w="1075" /><ent r="3" t="17" w="621" /><ent r="3" t="17" w="621" /><ent r="3" t="19" w="225" /><ent r="3" t="19" w="225" /><ent r="4" t="19" w="232" /><ent r="4" t="19" w="232" /><ent r="4" t="31" w="54" /><ent r="4" t="31" w="54" /><ent r="4" t="34" w="2055" /><ent r="4" t="34" w="2055" /><ent r="6" t="38" w="342" /><ent r="6" t="38" w="342" /><ent r="3" t="40" w="44" /><ent r="3" t="40" w="44" /><ent r="6" t="41" w="242" /><ent r="6" t="41" w="242" /><ent r="6" t="44" w="345" /><ent r="6" t="44" w="345" /></phr></stem><stem n="hould"><phr n="should"><ent r="4" t="7" w="432" /><ent r="4" t="7" w="432" /><ent r="3" t="8" w="101" /><ent r="3" t="8" w="101" /><ent r="3" t="14" w="185" /><ent r="3" t="14" w="185" /><ent r="7" t="15" w="671" /><ent r="7" t="15" w="671" /><ent r="9" t="16" w="372" /><ent r="9" t="16" w="372" /><ent r="9" t="16" w="766" /><ent r="9" t="16" w="766" /><ent r="3" t="16" w="1075" /><ent r="3" t="16" w="1075" /><ent r="3" t="17" w="621" /><ent r="3" t="17" w="621" /><ent r="3" t="19" w="225" /><ent r="3" t="19" w="225" /><ent r="4" t="19" w="232" /><ent r="4" t="19" w="232" /><ent r="4" t="31" w="54" /><ent r="4" t="31" w="54" /><ent r="4" t="34" w="2055" /><ent r="4" t="34" w="2055" /><ent r="6" t="38" w="342" /><ent r="6" t="38" w="342" /><ent r="3" t="40" w="44" /><ent r="3" t="40" w="44" /><ent r="6" t="41" w="242" /><ent r="6" t="41" w="242" /><ent r="6" t="44" w="345" /><ent r="6" t="44" w="345" /></phr></stem><stem n="applie"><phr n="applied"><ent r="4" t="7" w="438" /><ent r="4" t="7" w="438" /></phr><phr n="applies"><ent r="7" t="15" w="501" /><ent r="7" t="15" w="501" /><ent r="3" t="31" w="843" /><ent r="7" t="31" w="1209" /><ent r="7" t="31" w="1209" /></phr></stem><stem n="applied"><phr n="applied"><ent r="4" t="7" w="438" /><ent r="4" t="7" w="438" /></phr></stem><stem n="successfulli"><phr n="successfully"><ent r="4" t="7" w="439" /><ent r="3" t="29" w="486" /><ent r="3" t="29" w="486" /></phr></stem><stem n="succ"><phr n="successfully"><ent r="4" t="7" w="439" /><ent r="3" t="29" w="486" /><ent r="3" t="29" w="486" /></phr><phr n="successful"><ent r="6" t="29" w="46" /><ent r="6" t="29" w="46" /><ent r="3" t="34" w="1051" /><ent r="3" t="34" w="1051" /></phr></stem><stem n="essf"><phr n="successfully"><ent r="4" t="7" w="439" /><ent r="3" t="29" w="486" /><ent r="3" t="29" w="486" /></phr><phr n="successful"><ent r="6" t="29" w="46" /><ent r="6" t="29" w="46" /><ent r="3" t="34" w="1051" /><ent r="3" t="34" w="1051" /></phr></stem><stem n="ully"><phr n="successfully"><ent r="4" t="7" w="439" /><ent r="3" t="29" w="486" /><ent r="3" t="29" w="486" /></phr><phr n="Fully"><ent r="4" t="9" w="206" /><ent r="4" t="9" w="206" /></phr><phr n="fully"><ent r="4" t="11" w="262" /><ent r="4" t="11" w="262" /></phr><phr n="carefully"><ent r="4" t="14" w="465" /><ent r="4" t="14" w="465" /><ent r="4" t="17" w="710" /></phr></stem><stem n="ucce"><phr n="successfully"><ent r="4" t="7" w="439" /><ent r="3" t="29" w="486" /><ent r="3" t="29" w="486" /></phr><phr n="successful"><ent r="6" t="29" w="46" /><ent r="6" t="29" w="46" /><ent r="3" t="34" w="1051" /><ent r="3" t="34" w="1051" /></phr></stem><stem n="ssfu"><phr n="successfully"><ent r="4" t="7" w="439" /><ent r="3" t="29" w="486" /><ent r="3" t="29" w="486" /></phr><phr n="successful"><ent r="6" t="29" w="46" /><ent r="6" t="29" w="46" /><ent r="3" t="34" w="1051" /><ent r="3" t="34" w="1051" /></phr></stem><stem n="sful"><phr n="successfully"><ent r="4" t="7" w="439" /><ent r="3" t="29" w="486" /><ent r="3" t="29" w="486" /></phr><phr n="successful"><ent r="6" t="29" w="46" /><ent r="6" t="29" w="46" /><ent r="3" t="34" w="1051" /><ent r="3" t="34" w="1051" /></phr></stem><stem n="full"><phr n="successfully"><ent r="4" t="7" w="439" /><ent r="3" t="29" w="486" /><ent r="3" t="29" w="486" /></phr><phr n="Fully"><ent r="4" t="9" w="206" /><ent r="4" t="9" w="206" /></phr><phr n="fully"><ent r="4" t="11" w="262" /><ent r="4" t="11" w="262" /></phr><phr n="carefully"><ent r="4" t="14" w="465" /><ent r="4" t="14" w="465" /><ent r="4" t="17" w="710" /></phr><phr n="full"><ent r="7" t="15" w="242" /><ent r="7" t="15" w="242" /><ent r="4" t="31" w="1128" /><ent r="4" t="31" w="1128" /><ent r="6" t="36" w="1255" /><ent r="6" t="36" w="1255" /><ent r="6" t="36" w="1295" /><ent r="6" t="36" w="1295" /><ent r="6" t="36" w="1354" /><ent r="6" t="36" w="1354" /><ent r="4" t="44" w="96" /><ent r="4" t="44" w="96" /></phr></stem><stem n="succe"><phr n="successfully"><ent r="4" t="7" w="439" /><ent r="3" t="29" w="486" /><ent r="3" t="29" w="486" /></phr><phr n="successful"><ent r="6" t="29" w="46" /><ent r="6" t="29" w="46" /><ent r="3" t="34" w="1051" /><ent r="3" t="34" w="1051" /></phr></stem><stem n="ssful"><phr n="successfully"><ent r="4" t="7" w="439" /><ent r="3" t="29" w="486" /><ent r="3" t="29" w="486" /></phr><phr n="successful"><ent r="6" t="29" w="46" /><ent r="6" t="29" w="46" /><ent r="3" t="34" w="1051" /><ent r="3" t="34" w="1051" /></phr></stem><stem n="ucces"><phr n="successfully"><ent r="4" t="7" w="439" /><ent r="3" t="29" w="486" /><ent r="3" t="29" w="486" /></phr><phr n="successful"><ent r="6" t="29" w="46" /><ent r="6" t="29" w="46" /><ent r="3" t="34" w="1051" /><ent r="3" t="34" w="1051" /></phr></stem><stem n="sfull"><phr n="successfully"><ent r="4" t="7" w="439" /><ent r="3" t="29" w="486" /><ent r="3" t="29" w="486" /></phr></stem><stem n="fully"><phr n="successfully"><ent r="4" t="7" w="439" /><ent r="3" t="29" w="486" /><ent r="3" t="29" w="486" /></phr><phr n="Fully"><ent r="4" t="9" w="206" /><ent r="4" t="9" w="206" /></phr><phr n="fully"><ent r="4" t="11" w="262" /><ent r="4" t="11" w="262" /></phr><phr n="carefully"><ent r="4" t="14" w="465" /><ent r="4" t="14" w="465" /><ent r="4" t="17" w="710" /></phr></stem><stem n="cessf"><phr n="successfully"><ent r="4" t="7" w="439" /><ent r="3" t="29" w="486" /><ent r="3" t="29" w="486" /></phr><phr n="successful"><ent r="6" t="29" w="46" /><ent r="6" t="29" w="46" /><ent r="3" t="34" w="1051" /><ent r="3" t="34" w="1051" /></phr></stem><stem n="essfu"><phr n="successfully"><ent r="4" t="7" w="439" /><ent r="3" t="29" w="486" /><ent r="3" t="29" w="486" /></phr><phr n="successful"><ent r="6" t="29" w="46" /><ent r="6" t="29" w="46" /><ent r="3" t="34" w="1051" /><ent r="3" t="34" w="1051" /></phr></stem><stem n="succes"><phr n="successfully"><ent r="4" t="7" w="439" /><ent r="3" t="29" w="486" /><ent r="3" t="29" w="486" /></phr><phr n="successful"><ent r="6" t="29" w="46" /><ent r="6" t="29" w="46" /><ent r="3" t="34" w="1051" /><ent r="3" t="34" w="1051" /></phr></stem><stem n="sfully"><phr n="successfully"><ent r="4" t="7" w="439" /><ent r="3" t="29" w="486" /><ent r="3" t="29" w="486" /></phr></stem><stem n="uccess"><phr n="successfully"><ent r="4" t="7" w="439" /><ent r="3" t="29" w="486" /><ent r="3" t="29" w="486" /></phr><phr n="successful"><ent r="6" t="29" w="46" /><ent r="6" t="29" w="46" /><ent r="3" t="34" w="1051" /><ent r="3" t="34" w="1051" /></phr></stem><stem n="ccessf"><phr n="successfully"><ent r="4" t="7" w="439" /><ent r="3" t="29" w="486" /><ent r="3" t="29" w="486" /></phr><phr n="successful"><ent r="6" t="29" w="46" /><ent r="6" t="29" w="46" /><ent r="3" t="34" w="1051" /><ent r="3" t="34" w="1051" /></phr></stem><stem n="cessfu"><phr n="successfully"><ent r="4" t="7" w="439" /><ent r="3" t="29" w="486" /><ent r="3" t="29" w="486" /></phr><phr n="successful"><ent r="6" t="29" w="46" /><ent r="6" t="29" w="46" /><ent r="3" t="34" w="1051" /><ent r="3" t="34" w="1051" /></phr></stem><stem n="essful"><phr n="successfully"><ent r="4" t="7" w="439" /><ent r="3" t="29" w="486" /><ent r="3" t="29" w="486" /></phr><phr n="successful"><ent r="6" t="29" w="46" /><ent r="6" t="29" w="46" /><ent r="3" t="34" w="1051" /><ent r="3" t="34" w="1051" /></phr></stem><stem n="ssfull"><phr n="successfully"><ent r="4" t="7" w="439" /><ent r="3" t="29" w="486" /><ent r="3" t="29" w="486" /></phr></stem><stem n="success"><phr n="successfully"><ent r="4" t="7" w="439" /><ent r="3" t="29" w="486" /><ent r="3" t="29" w="486" /></phr><phr n="successful"><ent r="6" t="29" w="46" /><ent r="6" t="29" w="46" /><ent r="3" t="34" w="1051" /><ent r="3" t="34" w="1051" /></phr></stem><stem n="uccessf"><phr n="successfully"><ent r="4" t="7" w="439" /><ent r="3" t="29" w="486" /><ent r="3" t="29" w="486" /></phr><phr n="successful"><ent r="6" t="29" w="46" /><ent r="6" t="29" w="46" /><ent r="3" t="34" w="1051" /><ent r="3" t="34" w="1051" /></phr></stem><stem n="ccessfu"><phr n="successfully"><ent r="4" t="7" w="439" /><ent r="3" t="29" w="486" /><ent r="3" t="29" w="486" /></phr><phr n="successful"><ent r="6" t="29" w="46" /><ent r="6" t="29" w="46" /><ent r="3" t="34" w="1051" /><ent r="3" t="34" w="1051" /></phr></stem><stem n="cessful"><phr n="successfully"><ent r="4" t="7" w="439" /><ent r="3" t="29" w="486" /><ent r="3" t="29" w="486" /></phr><phr n="successful"><ent r="6" t="29" w="46" /><ent r="6" t="29" w="46" /><ent r="3" t="34" w="1051" /><ent r="3" t="34" w="1051" /></phr></stem><stem n="essfull"><phr n="successfully"><ent r="4" t="7" w="439" /><ent r="3" t="29" w="486" /><ent r="3" t="29" w="486" /></phr></stem><stem n="ssfully"><phr n="successfully"><ent r="4" t="7" w="439" /><ent r="3" t="29" w="486" /><ent r="3" t="29" w="486" /></phr></stem><stem n="successf"><phr n="successfully"><ent r="4" t="7" w="439" /><ent r="3" t="29" w="486" /><ent r="3" t="29" w="486" /></phr><phr n="successful"><ent r="6" t="29" w="46" /><ent r="6" t="29" w="46" /><ent r="3" t="34" w="1051" /><ent r="3" t="34" w="1051" /></phr></stem><stem n="uccessfu"><phr n="successfully"><ent r="4" t="7" w="439" /><ent r="3" t="29" w="486" /><ent r="3" t="29" w="486" /></phr><phr n="successful"><ent r="6" t="29" w="46" /><ent r="6" t="29" w="46" /><ent r="3" t="34" w="1051" /><ent r="3" t="34" w="1051" /></phr></stem><stem n="ccessful"><phr n="successfully"><ent r="4" t="7" w="439" /><ent r="3" t="29" w="486" /><ent r="3" t="29" w="486" /></phr><phr n="successful"><ent r="6" t="29" w="46" /><ent r="6" t="29" w="46" /><ent r="3" t="34" w="1051" /><ent r="3" t="34" w="1051" /></phr></stem><stem n="cessfull"><phr n="successfully"><ent r="4" t="7" w="439" /><ent r="3" t="29" w="486" /><ent r="3" t="29" w="486" /></phr></stem><stem n="essfully"><phr n="successfully"><ent r="4" t="7" w="439" /><ent r="3" t="29" w="486" /><ent r="3" t="29" w="486" /></phr></stem><stem n="successfu"><phr n="successfully"><ent r="4" t="7" w="439" /><ent r="3" t="29" w="486" /><ent r="3" t="29" w="486" /></phr><phr n="successful"><ent r="6" t="29" w="46" /><ent r="6" t="29" w="46" /><ent r="3" t="34" w="1051" /><ent r="3" t="34" w="1051" /></phr></stem><stem n="uccessful"><phr n="successfully"><ent r="4" t="7" w="439" /><ent r="3" t="29" w="486" /><ent r="3" t="29" w="486" /></phr><phr n="successful"><ent r="6" t="29" w="46" /><ent r="6" t="29" w="46" /><ent r="3" t="34" w="1051" /><ent r="3" t="34" w="1051" /></phr></stem><stem n="ccessfull"><phr n="successfully"><ent r="4" t="7" w="439" /><ent r="3" t="29" w="486" /><ent r="3" t="29" w="486" /></phr></stem><stem n="cessfully"><phr n="successfully"><ent r="4" t="7" w="439" /><ent r="3" t="29" w="486" /><ent r="3" t="29" w="486" /></phr></stem><stem n="successful"><phr n="successfully"><ent r="4" t="7" w="439" /><ent r="3" t="29" w="486" /><ent r="3" t="29" w="486" /></phr><phr n="successful"><ent r="6" t="29" w="46" /><ent r="6" t="29" w="46" /><ent r="3" t="34" w="1051" /><ent r="3" t="34" w="1051" /></phr></stem><stem n="uccessfull"><phr n="successfully"><ent r="4" t="7" w="439" /><ent r="3" t="29" w="486" /><ent r="3" t="29" w="486" /></phr></stem><stem n="ccessfully"><phr n="successfully"><ent r="4" t="7" w="439" /><ent r="3" t="29" w="486" /><ent r="3" t="29" w="486" /></phr></stem><stem n="successfull"><phr n="successfully"><ent r="4" t="7" w="439" /><ent r="3" t="29" w="486" /><ent r="3" t="29" w="486" /></phr></stem><stem n="uccessfully"><phr n="successfully"><ent r="4" t="7" w="439" /><ent r="3" t="29" w="486" /><ent r="3" t="29" w="486" /></phr></stem><stem n="successfully"><phr n="successfully"><ent r="4" t="7" w="439" /><ent r="3" t="29" w="486" /><ent r="3" t="29" w="486" /></phr></stem><stem n="return"><phr n="return"><ent r="4" t="7" w="445" /><ent r="4" t="7" w="445" /><ent r="4" t="7" w="456" /><ent r="4" t="7" w="456" /><ent r="4" t="12" w="368" /><ent r="4" t="12" w="368" /><ent r="4" t="13" w="422" /><ent r="4" t="13" w="422" /></phr><phr n="Return"><ent r="4" t="9" w="352" /><ent r="4" t="9" w="352" /></phr><phr n="returns"><ent r="4" t="23" w="296" /><ent r="4" t="23" w="296" /><ent r="4" t="24" w="239" /><ent r="4" t="24" w="239" /></phr></stem><stem n="retu"><phr n="return"><ent r="4" t="7" w="445" /><ent r="4" t="7" w="445" /><ent r="4" t="7" w="456" /><ent r="4" t="7" w="456" /><ent r="4" t="12" w="368" /><ent r="4" t="12" w="368" /><ent r="4" t="13" w="422" /><ent r="4" t="13" w="422" /></phr><phr n="Return"><ent r="4" t="9" w="352" /><ent r="4" t="9" w="352" /></phr><phr n="returns"><ent r="4" t="23" w="296" /><ent r="4" t="23" w="296" /><ent r="4" t="24" w="239" /><ent r="4" t="24" w="239" /></phr></stem><stem n="etur"><phr n="return"><ent r="4" t="7" w="445" /><ent r="4" t="7" w="445" /><ent r="4" t="7" w="456" /><ent r="4" t="7" w="456" /><ent r="4" t="12" w="368" /><ent r="4" t="12" w="368" /><ent r="4" t="13" w="422" /><ent r="4" t="13" w="422" /></phr><phr n="Return"><ent r="4" t="9" w="352" /><ent r="4" t="9" w="352" /></phr><phr n="returns"><ent r="4" t="23" w="296" /><ent r="4" t="23" w="296" /><ent r="4" t="24" w="239" /><ent r="4" t="24" w="239" /></phr></stem><stem n="turn"><phr n="return"><ent r="4" t="7" w="445" /><ent r="4" t="7" w="445" /><ent r="4" t="7" w="456" /><ent r="4" t="7" w="456" /><ent r="4" t="12" w="368" /><ent r="4" t="12" w="368" /><ent r="4" t="13" w="422" /><ent r="4" t="13" w="422" /></phr><phr n="Return"><ent r="4" t="9" w="352" /><ent r="4" t="9" w="352" /></phr><phr n="returns"><ent r="4" t="23" w="296" /><ent r="4" t="23" w="296" /><ent r="4" t="24" w="239" /><ent r="4" t="24" w="239" /></phr></stem><stem n="retur"><phr n="return"><ent r="4" t="7" w="445" /><ent r="4" t="7" w="445" /><ent r="4" t="7" w="456" /><ent r="4" t="7" w="456" /><ent r="4" t="12" w="368" /><ent r="4" t="12" w="368" /><ent r="4" t="13" w="422" /><ent r="4" t="13" w="422" /></phr><phr n="Return"><ent r="4" t="9" w="352" /><ent r="4" t="9" w="352" /></phr><phr n="returns"><ent r="4" t="23" w="296" /><ent r="4" t="23" w="296" /><ent r="4" t="24" w="239" /><ent r="4" t="24" w="239" /></phr></stem><stem n="eturn"><phr n="return"><ent r="4" t="7" w="445" /><ent r="4" t="7" w="445" /><ent r="4" t="7" w="456" /><ent r="4" t="7" w="456" /><ent r="4" t="12" w="368" /><ent r="4" t="12" w="368" /><ent r="4" t="13" w="422" /><ent r="4" t="13" w="422" /></phr><phr n="Return"><ent r="4" t="9" w="352" /><ent r="4" t="9" w="352" /></phr><phr n="returns"><ent r="4" t="23" w="296" /><ent r="4" t="23" w="296" /><ent r="4" t="24" w="239" /><ent r="4" t="24" w="239" /></phr></stem><stem n="x"><phr n="x"><ent r="5" t="7" w="453" /><ent r="5" t="7" w="453" /><ent r="7" t="38" w="145" /><ent r="7" t="38" w="145" /><ent r="7" t="38" w="150" /></phr></stem><stem n="befor"><phr n="before"><ent r="3" t="8" w="34" /><ent r="3" t="8" w="34" /><ent r="7" t="10" w="212" /><ent r="7" t="10" w="212" /><ent r="4" t="13" w="295" /><ent r="4" t="13" w="295" /><ent r="4" t="26" w="670" /><ent r="4" t="26" w="670" /><ent r="6" t="28" w="395" /><ent r="6" t="28" w="395" /><ent r="3" t="31" w="925" /><ent r="3" t="31" w="925" /><ent r="6" t="32" w="322" /><ent r="6" t="32" w="322" /><ent r="6" t="32" w="609" /><ent r="6" t="32" w="609" /><ent r="3" t="34" w="1985" /><ent r="3" t="34" w="1985" /><ent r="6" t="35" w="387" /><ent r="6" t="35" w="387" /><ent r="3" t="46" w="119" /><ent r="3" t="46" w="119" /></phr><phr n="Before"><ent r="3" t="12" w="26" /><ent r="3" t="12" w="26" /></phr></stem><stem n="befo"><phr n="before"><ent r="3" t="8" w="34" /><ent r="3" t="8" w="34" /><ent r="7" t="10" w="212" /><ent r="7" t="10" w="212" /><ent r="4" t="13" w="295" /><ent r="4" t="13" w="295" /><ent r="4" t="26" w="670" /><ent r="4" t="26" w="670" /><ent r="6" t="28" w="395" /><ent r="6" t="28" w="395" /><ent r="3" t="31" w="925" /><ent r="3" t="31" w="925" /><ent r="6" t="32" w="322" /><ent r="6" t="32" w="322" /><ent r="6" t="32" w="609" /><ent r="6" t="32" w="609" /><ent r="3" t="34" w="1985" /><ent r="3" t="34" w="1985" /><ent r="6" t="35" w="387" /><ent r="6" t="35" w="387" /><ent r="3" t="46" w="119" /><ent r="3" t="46" w="119" /></phr><phr n="Before"><ent r="3" t="12" w="26" /><ent r="3" t="12" w="26" /></phr></stem><stem n="efor"><phr n="before"><ent r="3" t="8" w="34" /><ent r="3" t="8" w="34" /><ent r="7" t="10" w="212" /><ent r="7" t="10" w="212" /><ent r="4" t="13" w="295" /><ent r="4" t="13" w="295" /><ent r="4" t="26" w="670" /><ent r="4" t="26" w="670" /><ent r="6" t="28" w="395" /><ent r="6" t="28" w="395" /><ent r="3" t="31" w="925" /><ent r="3" t="31" w="925" /><ent r="6" t="32" w="322" /><ent r="6" t="32" w="322" /><ent r="6" t="32" w="609" /><ent r="6" t="32" w="609" /><ent r="3" t="34" w="1985" /><ent r="3" t="34" w="1985" /><ent r="6" t="35" w="387" /><ent r="6" t="35" w="387" /><ent r="3" t="46" w="119" /><ent r="3" t="46" w="119" /></phr><phr n="Before"><ent r="3" t="12" w="26" /><ent r="3" t="12" w="26" /></phr></stem><stem n="fore"><phr n="before"><ent r="3" t="8" w="34" /><ent r="3" t="8" w="34" /><ent r="7" t="10" w="212" /><ent r="7" t="10" w="212" /><ent r="4" t="13" w="295" /><ent r="4" t="13" w="295" /><ent r="4" t="26" w="670" /><ent r="4" t="26" w="670" /><ent r="6" t="28" w="395" /><ent r="6" t="28" w="395" /><ent r="3" t="31" w="925" /><ent r="3" t="31" w="925" /><ent r="6" t="32" w="322" /><ent r="6" t="32" w="322" /><ent r="6" t="32" w="609" /><ent r="6" t="32" w="609" /><ent r="3" t="34" w="1985" /><ent r="3" t="34" w="1985" /><ent r="6" t="35" w="387" /><ent r="6" t="35" w="387" /><ent r="3" t="46" w="119" /><ent r="3" t="46" w="119" /></phr><phr n="Before"><ent r="3" t="12" w="26" /><ent r="3" t="12" w="26" /></phr></stem><stem n="efore"><phr n="before"><ent r="3" t="8" w="34" /><ent r="3" t="8" w="34" /><ent r="7" t="10" w="212" /><ent r="7" t="10" w="212" /><ent r="4" t="13" w="295" /><ent r="4" t="13" w="295" /><ent r="4" t="26" w="670" /><ent r="4" t="26" w="670" /><ent r="6" t="28" w="395" /><ent r="6" t="28" w="395" /><ent r="3" t="31" w="925" /><ent r="3" t="31" w="925" /><ent r="6" t="32" w="322" /><ent r="6" t="32" w="322" /><ent r="6" t="32" w="609" /><ent r="6" t="32" w="609" /><ent r="3" t="34" w="1985" /><ent r="3" t="34" w="1985" /><ent r="6" t="35" w="387" /><ent r="6" t="35" w="387" /><ent r="3" t="46" w="119" /><ent r="3" t="46" w="119" /></phr><phr n="Before"><ent r="3" t="12" w="26" /><ent r="3" t="12" w="26" /></phr></stem><stem n="before"><phr n="before"><ent r="3" t="8" w="34" /><ent r="3" t="8" w="34" /><ent r="7" t="10" w="212" /><ent r="7" t="10" w="212" /><ent r="4" t="13" w="295" /><ent r="4" t="13" w="295" /><ent r="4" t="26" w="670" /><ent r="4" t="26" w="670" /><ent r="6" t="28" w="395" /><ent r="6" t="28" w="395" /><ent r="3" t="31" w="925" /><ent r="3" t="31" w="925" /><ent r="6" t="32" w="322" /><ent r="6" t="32" w="322" /><ent r="6" t="32" w="609" /><ent r="6" t="32" w="609" /><ent r="3" t="34" w="1985" /><ent r="3" t="34" w="1985" /><ent r="6" t="35" w="387" /><ent r="6" t="35" w="387" /><ent r="3" t="46" w="119" /><ent r="3" t="46" w="119" /></phr><phr n="Before"><ent r="3" t="12" w="26" /><ent r="3" t="12" w="26" /></phr></stem><stem n="eeds"><phr n="needs"><ent r="3" t="8" w="43" /><ent r="3" t="8" w="43" /><ent r="4" t="14" w="126" /><ent r="4" t="14" w="126" /><ent r="3" t="34" w="938" /><ent r="3" t="34" w="938" /></phr><phr n="exceeds"><ent r="7" t="15" w="374" /><ent r="7" t="15" w="374" /><ent r="3" t="16" w="43" /><ent r="3" t="16" w="43" /><ent r="4" t="31" w="60" /><ent r="4" t="31" w="60" /><ent r="7" t="31" w="1264" /><ent r="7" t="31" w="1264" /></phr></stem><stem n="needs"><phr n="needs"><ent r="3" t="8" w="43" /><ent r="3" t="8" w="43" /><ent r="4" t="14" w="126" /><ent r="4" t="14" w="126" /><ent r="3" t="34" w="938" /><ent r="3" t="34" w="938" /></phr></stem><stem n="mpts"><phr n="prompts"><ent r="3" t="8" w="85" /><ent r="3" t="8" w="85" /><ent r="3" t="8" w="104" /><ent r="3" t="8" w="104" /></phr></stem><stem n="ompts"><phr n="prompts"><ent r="3" t="8" w="85" /><ent r="3" t="8" w="85" /><ent r="3" t="8" w="104" /><ent r="3" t="8" w="104" /></phr></stem><stem n="rompts"><phr n="prompts"><ent r="3" t="8" w="85" /><ent r="3" t="8" w="85" /><ent r="3" t="8" w="104" /><ent r="3" t="8" w="104" /></phr></stem><stem n="prompts"><phr n="prompts"><ent r="3" t="8" w="85" /><ent r="3" t="8" w="85" /><ent r="3" t="8" w="104" /><ent r="3" t="8" w="104" /></phr></stem><stem n="ptions"><phr n="exceptions"><ent r="3" t="8" w="108" /></phr></stem><stem n="eptions"><phr n="exceptions"><ent r="3" t="8" w="108" /></phr></stem><stem n="ceptions"><phr n="exceptions"><ent r="3" t="8" w="108" /></phr></stem><stem n="xceptions"><phr n="exceptions"><ent r="3" t="8" w="108" /></phr></stem><stem n="exceptions"><phr n="exceptions"><ent r="3" t="8" w="108" /></phr></stem><stem n="close"><phr n="Close"><ent r="5" t="8" w="122" /><ent r="5" t="8" w="122" /><ent r="4" t="14" w="412" /><ent r="4" t="14" w="412" /><ent r="4" t="14" w="497" /><ent r="4" t="14" w="497" /></phr><phr n="closes"><ent r="4" t="15" w="732" /><ent r="4" t="15" w="732" /></phr></stem><stem n="clos"><phr n="Close"><ent r="5" t="8" w="122" /><ent r="5" t="8" w="122" /><ent r="4" t="14" w="412" /><ent r="4" t="14" w="412" /><ent r="4" t="14" w="497" /><ent r="4" t="14" w="497" /></phr><phr n="closes"><ent r="4" t="15" w="732" /><ent r="4" t="15" w="732" /></phr></stem><stem n="lose"><phr n="Close"><ent r="5" t="8" w="122" /><ent r="5" t="8" w="122" /><ent r="4" t="14" w="412" /><ent r="4" t="14" w="412" /><ent r="4" t="14" w="497" /><ent r="4" t="14" w="497" /></phr><phr n="closes"><ent r="4" t="15" w="732" /><ent r="4" t="15" w="732" /></phr></stem><stem n="dismiss"><phr n="dismiss"><ent r="4" t="8" w="125" /><ent r="4" t="8" w="125" /><ent r="4" t="14" w="477" /><ent r="4" t="14" w="477" /><ent r="4" t="26" w="726" /><ent r="4" t="26" w="726" /></phr></stem><stem n="dism"><phr n="dismiss"><ent r="4" t="8" w="125" /><ent r="4" t="8" w="125" /><ent r="4" t="14" w="477" /><ent r="4" t="14" w="477" /><ent r="4" t="26" w="726" /><ent r="4" t="26" w="726" /></phr></stem><stem n="ismi"><phr n="dismiss"><ent r="4" t="8" w="125" /><ent r="4" t="8" w="125" /><ent r="4" t="14" w="477" /><ent r="4" t="14" w="477" /><ent r="4" t="26" w="726" /><ent r="4" t="26" w="726" /></phr></stem></index>