<?xml version="1.0" encoding="utf-8"?><index><stem n="etters"><phr n="letters"><ent r="4" t="7" w="252" /><ent r="4" t="19" w="123" /><ent r="7" t="32" w="403" /><ent r="7" t="41" w="125" /><ent r="6" t="43" w="114" /><ent r="6" t="43" w="148" /></phr></stem><stem n="letters"><phr n="letters"><ent r="4" t="7" w="252" /><ent r="4" t="19" w="123" /><ent r="7" t="32" w="403" /><ent r="7" t="41" w="125" /><ent r="6" t="43" w="114" /><ent r="6" t="43" w="148" /></phr></stem><stem n="bers"><phr n="numbers"><ent r="4" t="7" w="253" /><ent r="4" t="19" w="124" /><ent r="7" t="32" w="404" /><ent r="4" t="34" w="1022" /><ent r="4" t="34" w="1022" /><ent r="4" t="34" w="1949" /><ent r="4" t="34" w="1949" /><ent r="7" t="41" w="126" /><ent r="6" t="43" w="115" /><ent r="6" t="43" w="149" /><ent r="6" t="44" w="298" /><ent r="6" t="44" w="298" /></phr><phr n="Numbers"><ent r="9" t="16" w="737" /><ent r="9" t="16" w="737" /></phr><phr n="members"><ent r="6" t="44" w="479" /><ent r="6" t="44" w="479" /></phr></stem><stem n="mbers"><phr n="numbers"><ent r="4" t="7" w="253" /><ent r="4" t="19" w="124" /><ent r="7" t="32" w="404" /><ent r="4" t="34" w="1022" /><ent r="4" t="34" w="1022" /><ent r="4" t="34" w="1949" /><ent r="4" t="34" w="1949" /><ent r="7" t="41" w="126" /><ent r="6" t="43" w="115" /><ent r="6" t="43" w="149" /><ent r="6" t="44" w="298" /><ent r="6" t="44" w="298" /></phr><phr n="Numbers"><ent r="9" t="16" w="737" /><ent r="9" t="16" w="737" /></phr><phr n="members"><ent r="6" t="44" w="479" /><ent r="6" t="44" w="479" /></phr></stem><stem n="umbers"><phr n="numbers"><ent r="4" t="7" w="253" /><ent r="4" t="19" w="124" /><ent r="7" t="32" w="404" /><ent r="4" t="34" w="1022" /><ent r="4" t="34" w="1022" /><ent r="4" t="34" w="1949" /><ent r="4" t="34" w="1949" /><ent r="7" t="41" w="126" /><ent r="6" t="43" w="115" /><ent r="6" t="43" w="149" /><ent r="6" t="44" w="298" /><ent r="6" t="44" w="298" /></phr><phr n="Numbers"><ent r="9" t="16" w="737" /><ent r="9" t="16" w="737" /></phr></stem><stem n="numbers"><phr n="numbers"><ent r="4" t="7" w="253" /><ent r="4" t="19" w="124" /><ent r="7" t="32" w="404" /><ent r="4" t="34" w="1022" /><ent r="4" t="34" w="1022" /><ent r="4" t="34" w="1949" /><ent r="4" t="34" w="1949" /><ent r="7" t="41" w="126" /><ent r="6" t="43" w="115" /><ent r="6" t="43" w="149" /><ent r="6" t="44" w="298" /><ent r="6" t="44" w="298" /></phr><phr n="Numbers"><ent r="9" t="16" w="737" /><ent r="9" t="16" w="737" /></phr></stem><stem n="symbol"><phr n="symbols"><ent r="4" t="7" w="255" /><ent r="4" t="7" w="255" /><ent r="4" t="19" w="126" /><ent r="7" t="32" w="406" /><ent r="7" t="32" w="406" /><ent r="7" t="41" w="128" /><ent r="7" t="41" w="128" /><ent r="6" t="43" w="117" /><ent r="6" t="43" w="117" /><ent r="6" t="43" w="151" /></phr></stem><stem n="symb"><phr n="symbols"><ent r="4" t="7" w="255" /><ent r="4" t="7" w="255" /><ent r="4" t="19" w="126" /><ent r="7" t="32" w="406" /><ent r="7" t="32" w="406" /><ent r="7" t="41" w="128" /><ent r="7" t="41" w="128" /><ent r="6" t="43" w="117" /><ent r="6" t="43" w="117" /><ent r="6" t="43" w="151" /></phr></stem><stem n="ymbo"><phr n="symbols"><ent r="4" t="7" w="255" /><ent r="4" t="7" w="255" /><ent r="4" t="19" w="126" /><ent r="7" t="32" w="406" /><ent r="7" t="32" w="406" /><ent r="7" t="41" w="128" /><ent r="7" t="41" w="128" /><ent r="6" t="43" w="117" /><ent r="6" t="43" w="117" /><ent r="6" t="43" w="151" /></phr></stem><stem n="mbol"><phr n="symbols"><ent r="4" t="7" w="255" /><ent r="4" t="7" w="255" /><ent r="4" t="19" w="126" /><ent r="7" t="32" w="406" /><ent r="7" t="32" w="406" /><ent r="7" t="41" w="128" /><ent r="7" t="41" w="128" /><ent r="6" t="43" w="117" /><ent r="6" t="43" w="117" /><ent r="6" t="43" w="151" /></phr></stem><stem n="bols"><phr n="symbols"><ent r="4" t="7" w="255" /><ent r="4" t="7" w="255" /><ent r="4" t="19" w="126" /><ent r="7" t="32" w="406" /><ent r="7" t="32" w="406" /><ent r="7" t="41" w="128" /><ent r="7" t="41" w="128" /><ent r="6" t="43" w="117" /><ent r="6" t="43" w="117" /><ent r="6" t="43" w="151" /></phr></stem><stem n="symbo"><phr n="symbols"><ent r="4" t="7" w="255" /><ent r="4" t="7" w="255" /><ent r="4" t="19" w="126" /><ent r="7" t="32" w="406" /><ent r="7" t="32" w="406" /><ent r="7" t="41" w="128" /><ent r="7" t="41" w="128" /><ent r="6" t="43" w="117" /><ent r="6" t="43" w="117" /><ent r="6" t="43" w="151" /></phr></stem><stem n="ymbol"><phr n="symbols"><ent r="4" t="7" w="255" /><ent r="4" t="7" w="255" /><ent r="4" t="19" w="126" /><ent r="7" t="32" w="406" /><ent r="7" t="32" w="406" /><ent r="7" t="41" w="128" /><ent r="7" t="41" w="128" /><ent r="6" t="43" w="117" /><ent r="6" t="43" w="117" /><ent r="6" t="43" w="151" /></phr></stem><stem n="mbols"><phr n="symbols"><ent r="4" t="7" w="255" /><ent r="4" t="7" w="255" /><ent r="4" t="19" w="126" /><ent r="7" t="32" w="406" /><ent r="7" t="32" w="406" /><ent r="7" t="41" w="128" /><ent r="7" t="41" w="128" /><ent r="6" t="43" w="117" /><ent r="6" t="43" w="117" /><ent r="6" t="43" w="151" /></phr></stem><stem n="ymbols"><phr n="symbols"><ent r="4" t="7" w="255" /><ent r="4" t="7" w="255" /><ent r="4" t="19" w="126" /><ent r="7" t="32" w="406" /><ent r="7" t="32" w="406" /><ent r="7" t="41" w="128" /><ent r="7" t="41" w="128" /><ent r="6" t="43" w="117" /><ent r="6" t="43" w="117" /><ent r="6" t="43" w="151" /></phr></stem><stem n="symbols"><phr n="symbols"><ent r="4" t="7" w="255" /><ent r="4" t="7" w="255" /><ent r="4" t="19" w="126" /><ent r="7" t="32" w="406" /><ent r="7" t="32" w="406" /><ent r="7" t="41" w="128" /><ent r="7" t="41" w="128" /><ent r="6" t="43" w="117" /><ent r="6" t="43" w="117" /><ent r="6" t="43" w="151" /></phr></stem><stem n="6"><phr n="6"><ent r="4" t="7" w="259" /><ent r="4" t="7" w="259" /><ent r="4" t="19" w="117" /><ent r="3" t="31" w="1330" /><ent r="7" t="41" w="118" /><ent r="7" t="41" w="118" /><ent r="6" t="43" w="142" /></phr></stem><stem n="32"><phr n="32"><ent r="4" t="7" w="261" /><ent r="4" t="7" w="261" /><ent r="4" t="19" w="118" /><ent r="4" t="19" w="175" /><ent r="4" t="19" w="175" /><ent r="4" t="19" w="188" /><ent r="4" t="19" w="188" /><ent r="7" t="41" w="122" /><ent r="7" t="41" w="122" /><ent r="6" t="43" w="143" /><ent r="6" t="43" w="170" /><ent r="6" t="43" w="170" /><ent r="6" t="43" w="183" /><ent r="6" t="43" w="183" /></phr></stem><stem n="server"><phr n="server"><ent r="4" t="7" w="270" /><ent r="4" t="7" w="270" /><ent r="9" t="16" w="399" /><ent r="9" t="16" w="399" /><ent r="9" t="16" w="413" /><ent r="9" t="16" w="413" /><ent r="9" t="16" w="439" /><ent r="4" t="21" w="111" /><ent r="7" t="31" w="477" /><ent r="3" t="31" w="1452" /><ent r="3" t="31" w="1498" /><ent r="3" t="31" w="1498" /><ent r="3" t="31" w="1504" /><ent r="3" t="31" w="1504" /><ent r="3" t="31" w="1558" /><ent r="3" t="31" w="1558" /><ent r="7" t="36" w="762" /><ent r="7" t="36" w="762" /></phr><phr n="Server"><ent r="10" t="16" w="389" /><ent r="10" t="16" w="389" /><ent r="10" t="16" w="703" /><ent r="10" t="16" w="703" /></phr></stem><stem n="erve"><phr n="server"><ent r="4" t="7" w="270" /><ent r="4" t="7" w="270" /><ent r="9" t="16" w="399" /><ent r="9" t="16" w="399" /><ent r="9" t="16" w="413" /><ent r="9" t="16" w="413" /><ent r="9" t="16" w="439" /><ent r="4" t="21" w="111" /><ent r="7" t="31" w="477" /><ent r="3" t="31" w="1452" /><ent r="3" t="31" w="1498" /><ent r="3" t="31" w="1498" /><ent r="3" t="31" w="1504" /><ent r="3" t="31" w="1504" /><ent r="3" t="31" w="1558" /><ent r="3" t="31" w="1558" /><ent r="7" t="36" w="762" /><ent r="7" t="36" w="762" /></phr><phr n="Server"><ent r="10" t="16" w="389" /><ent r="10" t="16" w="389" /><ent r="10" t="16" w="703" /><ent r="10" t="16" w="703" /></phr><phr n="preserve"><ent r="4" t="17" w="328" /><ent r="4" t="17" w="328" /></phr><phr n="intervention"><ent r="4" t="17" w="570" /></phr></stem><stem n="rver"><phr n="server"><ent r="4" t="7" w="270" /><ent r="4" t="7" w="270" /><ent r="9" t="16" w="399" /><ent r="9" t="16" w="399" /><ent r="9" t="16" w="413" /><ent r="9" t="16" w="413" /><ent r="9" t="16" w="439" /><ent r="4" t="21" w="111" /><ent r="7" t="31" w="477" /><ent r="3" t="31" w="1452" /><ent r="3" t="31" w="1498" /><ent r="3" t="31" w="1498" /><ent r="3" t="31" w="1504" /><ent r="3" t="31" w="1504" /><ent r="3" t="31" w="1558" /><ent r="3" t="31" w="1558" /><ent r="7" t="36" w="762" /><ent r="7" t="36" w="762" /></phr><phr n="Server"><ent r="10" t="16" w="389" /><ent r="10" t="16" w="389" /><ent r="10" t="16" w="703" /><ent r="10" t="16" w="703" /></phr></stem><stem n="serve"><phr n="server"><ent r="4" t="7" w="270" /><ent r="4" t="7" w="270" /><ent r="9" t="16" w="399" /><ent r="9" t="16" w="399" /><ent r="9" t="16" w="413" /><ent r="9" t="16" w="413" /><ent r="9" t="16" w="439" /><ent r="4" t="21" w="111" /><ent r="7" t="31" w="477" /><ent r="3" t="31" w="1452" /><ent r="3" t="31" w="1498" /><ent r="3" t="31" w="1498" /><ent r="3" t="31" w="1504" /><ent r="3" t="31" w="1504" /><ent r="3" t="31" w="1558" /><ent r="3" t="31" w="1558" /><ent r="7" t="36" w="762" /><ent r="7" t="36" w="762" /></phr><phr n="Server"><ent r="10" t="16" w="389" /><ent r="10" t="16" w="389" /><ent r="10" t="16" w="703" /><ent r="10" t="16" w="703" /></phr><phr n="preserve"><ent r="4" t="17" w="328" /><ent r="4" t="17" w="328" /></phr></stem><stem n="erver"><phr n="server"><ent r="4" t="7" w="270" /><ent r="4" t="7" w="270" /><ent r="9" t="16" w="399" /><ent r="9" t="16" w="399" /><ent r="9" t="16" w="413" /><ent r="9" t="16" w="413" /><ent r="9" t="16" w="439" /><ent r="4" t="21" w="111" /><ent r="7" t="31" w="477" /><ent r="3" t="31" w="1452" /><ent r="3" t="31" w="1498" /><ent r="3" t="31" w="1498" /><ent r="3" t="31" w="1504" /><ent r="3" t="31" w="1504" /><ent r="3" t="31" w="1558" /><ent r="3" t="31" w="1558" /><ent r="7" t="36" w="762" /><ent r="7" t="36" w="762" /></phr><phr n="Server"><ent r="10" t="16" w="389" /><ent r="10" t="16" w="389" /><ent r="10" t="16" w="703" /><ent r="10" t="16" w="703" /></phr></stem><stem n="factori"><phr n="factory"><ent r="4" t="7" w="280" /><ent r="4" t="7" w="280" /><ent r="4" t="7" w="294" /><ent r="4" t="7" w="294" /><ent r="4" t="7" w="319" /><ent r="4" t="7" w="319" /><ent r="3" t="31" w="180" /><ent r="3" t="31" w="180" /><ent r="3" t="31" w="216" /><ent r="3" t="31" w="216" /></phr></stem><stem n="ctory"><phr n="factory"><ent r="4" t="7" w="280" /><ent r="4" t="7" w="280" /><ent r="4" t="7" w="294" /><ent r="4" t="7" w="294" /><ent r="4" t="7" w="319" /><ent r="4" t="7" w="319" /><ent r="3" t="31" w="180" /><ent r="3" t="31" w="180" /><ent r="3" t="31" w="216" /><ent r="3" t="31" w="216" /></phr><phr n="satisfactory"><ent r="4" t="17" w="715" /></phr><phr n="directory"><ent r="7" t="28" w="226" /><ent r="4" t="46" w="397" /><ent r="4" t="46" w="397" /></phr></stem><stem n="actory"><phr n="factory"><ent r="4" t="7" w="280" /><ent r="4" t="7" w="280" /><ent r="4" t="7" w="294" /><ent r="4" t="7" w="294" /><ent r="4" t="7" w="319" /><ent r="4" t="7" w="319" /><ent r="3" t="31" w="180" /><ent r="3" t="31" w="180" /><ent r="3" t="31" w="216" /><ent r="3" t="31" w="216" /></phr><phr n="satisfactory"><ent r="4" t="17" w="715" /></phr></stem><stem n="factory"><phr n="factory"><ent r="4" t="7" w="280" /><ent r="4" t="7" w="280" /><ent r="4" t="7" w="294" /><ent r="4" t="7" w="294" /><ent r="4" t="7" w="319" /><ent r="4" t="7" w="319" /><ent r="3" t="31" w="180" /><ent r="3" t="31" w="180" /><ent r="3" t="31" w="216" /><ent r="3" t="31" w="216" /></phr><phr n="satisfactory"><ent r="4" t="17" w="715" /></phr></stem><stem n="sses"><phr n="addresses"><ent r="4" t="7" w="286" /><ent r="4" t="7" w="286" /><ent r="4" t="7" w="349" /><ent r="9" t="16" w="505" /><ent r="9" t="16" w="505" /><ent r="9" t="16" w="516" /><ent r="9" t="16" w="516" /><ent r="9" t="16" w="544" /><ent r="9" t="16" w="544" /><ent r="9" t="16" w="552" /><ent r="9" t="16" w="552" /><ent r="9" t="16" w="562" /><ent r="9" t="16" w="562" /><ent r="9" t="16" w="571" /><ent r="9" t="16" w="571" /><ent r="3" t="27" w="860" /><ent r="3" t="27" w="860" /><ent r="4" t="42" w="142" /></phr><phr n="processes"><ent r="3" t="14" w="49" /><ent r="3" t="14" w="49" /></phr><phr n="encompasses"><ent r="7" t="36" w="484" /><ent r="7" t="36" w="484" /></phr></stem><stem n="resse"><phr n="addresses"><ent r="4" t="7" w="286" /><ent r="4" t="7" w="286" /><ent r="4" t="7" w="349" /><ent r="9" t="16" w="505" /><ent r="9" t="16" w="505" /><ent r="9" t="16" w="516" /><ent r="9" t="16" w="516" /><ent r="9" t="16" w="544" /><ent r="9" t="16" w="544" /><ent r="9" t="16" w="552" /><ent r="9" t="16" w="552" /><ent r="9" t="16" w="562" /><ent r="9" t="16" w="562" /><ent r="9" t="16" w="571" /><ent r="9" t="16" w="571" /><ent r="3" t="27" w="860" /><ent r="3" t="27" w="860" /><ent r="4" t="42" w="142" /></phr><phr n="expressed"><ent r="6" t="29" w="302" /><ent r="6" t="29" w="302" /><ent r="3" t="29" w="495" /><ent r="3" t="29" w="495" /></phr><phr n="suppressed"><ent r="3" t="31" w="837" /><ent r="3" t="31" w="837" /></phr><phr n="compressed"><ent r="6" t="35" w="251" /><ent r="6" t="35" w="251" /></phr></stem><stem n="esses"><phr n="addresses"><ent r="4" t="7" w="286" /><ent r="4" t="7" w="286" /><ent r="4" t="7" w="349" /><ent r="9" t="16" w="505" /><ent r="9" t="16" w="505" /><ent r="9" t="16" w="516" /><ent r="9" t="16" w="516" /><ent r="9" t="16" w="544" /><ent r="9" t="16" w="544" /><ent r="9" t="16" w="552" /><ent r="9" t="16" w="552" /><ent r="9" t="16" w="562" /><ent r="9" t="16" w="562" /><ent r="9" t="16" w="571" /><ent r="9" t="16" w="571" /><ent r="3" t="27" w="860" /><ent r="3" t="27" w="860" /><ent r="4" t="42" w="142" /></phr><phr n="processes"><ent r="3" t="14" w="49" /><ent r="3" t="14" w="49" /></phr></stem><stem n="dresse"><phr n="addresses"><ent r="4" t="7" w="286" /><ent r="4" t="7" w="286" /><ent r="4" t="7" w="349" /><ent r="9" t="16" w="505" /><ent r="9" t="16" w="505" /><ent r="9" t="16" w="516" /><ent r="9" t="16" w="516" /><ent r="9" t="16" w="544" /><ent r="9" t="16" w="544" /><ent r="9" t="16" w="552" /><ent r="9" t="16" w="552" /><ent r="9" t="16" w="562" /><ent r="9" t="16" w="562" /><ent r="9" t="16" w="571" /><ent r="9" t="16" w="571" /><ent r="3" t="27" w="860" /><ent r="3" t="27" w="860" /><ent r="4" t="42" w="142" /></phr></stem><stem n="resses"><phr n="addresses"><ent r="4" t="7" w="286" /><ent r="4" t="7" w="286" /><ent r="4" t="7" w="349" /><ent r="9" t="16" w="505" /><ent r="9" t="16" w="505" /><ent r="9" t="16" w="516" /><ent r="9" t="16" w="516" /><ent r="9" t="16" w="544" /><ent r="9" t="16" w="544" /><ent r="9" t="16" w="552" /><ent r="9" t="16" w="552" /><ent r="9" t="16" w="562" /><ent r="9" t="16" w="562" /><ent r="9" t="16" w="571" /><ent r="9" t="16" w="571" /><ent r="3" t="27" w="860" /><ent r="3" t="27" w="860" /><ent r="4" t="42" w="142" /></phr></stem><stem n="ddresse"><phr n="addresses"><ent r="4" t="7" w="286" /><ent r="4" t="7" w="286" /><ent r="4" t="7" w="349" /><ent r="9" t="16" w="505" /><ent r="9" t="16" w="505" /><ent r="9" t="16" w="516" /><ent r="9" t="16" w="516" /><ent r="9" t="16" w="544" /><ent r="9" t="16" w="544" /><ent r="9" t="16" w="552" /><ent r="9" t="16" w="552" /><ent r="9" t="16" w="562" /><ent r="9" t="16" w="562" /><ent r="9" t="16" w="571" /><ent r="9" t="16" w="571" /><ent r="3" t="27" w="860" /><ent r="3" t="27" w="860" /><ent r="4" t="42" w="142" /></phr></stem><stem n="dresses"><phr n="addresses"><ent r="4" t="7" w="286" /><ent r="4" t="7" w="286" /><ent r="4" t="7" w="349" /><ent r="9" t="16" w="505" /><ent r="9" t="16" w="505" /><ent r="9" t="16" w="516" /><ent r="9" t="16" w="516" /><ent r="9" t="16" w="544" /><ent r="9" t="16" w="544" /><ent r="9" t="16" w="552" /><ent r="9" t="16" w="552" /><ent r="9" t="16" w="562" /><ent r="9" t="16" w="562" /><ent r="9" t="16" w="571" /><ent r="9" t="16" w="571" /><ent r="3" t="27" w="860" /><ent r="3" t="27" w="860" /><ent r="4" t="42" w="142" /></phr></stem><stem n="addresse"><phr n="addresses"><ent r="4" t="7" w="286" /><ent r="4" t="7" w="286" /><ent r="4" t="7" w="349" /><ent r="9" t="16" w="505" /><ent r="9" t="16" w="505" /><ent r="9" t="16" w="516" /><ent r="9" t="16" w="516" /><ent r="9" t="16" w="544" /><ent r="9" t="16" w="544" /><ent r="9" t="16" w="552" /><ent r="9" t="16" w="552" /><ent r="9" t="16" w="562" /><ent r="9" t="16" w="562" /><ent r="9" t="16" w="571" /><ent r="9" t="16" w="571" /><ent r="3" t="27" w="860" /><ent r="3" t="27" w="860" /><ent r="4" t="42" w="142" /></phr></stem><stem n="ddresses"><phr n="addresses"><ent r="4" t="7" w="286" /><ent r="4" t="7" w="286" /><ent r="4" t="7" w="349" /><ent r="9" t="16" w="505" /><ent r="9" t="16" w="505" /><ent r="9" t="16" w="516" /><ent r="9" t="16" w="516" /><ent r="9" t="16" w="544" /><ent r="9" t="16" w="544" /><ent r="9" t="16" w="552" /><ent r="9" t="16" w="552" /><ent r="9" t="16" w="562" /><ent r="9" t="16" w="562" /><ent r="9" t="16" w="571" /><ent r="9" t="16" w="571" /><ent r="3" t="27" w="860" /><ent r="3" t="27" w="860" /><ent r="4" t="42" w="142" /></phr></stem><stem n="addresses"><phr n="addresses"><ent r="4" t="7" w="286" /><ent r="4" t="7" w="286" /><ent r="4" t="7" w="349" /><ent r="9" t="16" w="505" /><ent r="9" t="16" w="505" /><ent r="9" t="16" w="516" /><ent r="9" t="16" w="516" /><ent r="9" t="16" w="544" /><ent r="9" t="16" w="544" /><ent r="9" t="16" w="552" /><ent r="9" t="16" w="552" /><ent r="9" t="16" w="562" /><ent r="9" t="16" w="562" /><ent r="9" t="16" w="571" /><ent r="9" t="16" w="571" /><ent r="3" t="27" w="860" /><ent r="3" t="27" w="860" /><ent r="4" t="42" w="142" /></phr></stem><stem n="press"><phr n="press"><ent r="4" t="7" w="302" /><ent r="4" t="7" w="302" /><ent r="4" t="7" w="327" /><ent r="4" t="7" w="327" /><ent r="4" t="7" w="341" /><ent r="4" t="7" w="341" /><ent r="4" t="7" w="360" /><ent r="4" t="7" w="360" /><ent r="4" t="7" w="420" /><ent r="4" t="7" w="420" /><ent r="4" t="9" w="345" /><ent r="4" t="9" w="345" /></phr><phr n="Press"><ent r="4" t="7" w="440" /><ent r="4" t="7" w="440" /></phr><phr n="suppress"><ent r="7" t="15" w="294" /><ent r="7" t="15" w="294" /><ent r="7" t="15" w="559" /><ent r="7" t="15" w="559" /><ent r="4" t="31" w="558" /><ent r="4" t="31" w="558" /></phr><phr n="expressed"><ent r="6" t="29" w="302" /><ent r="6" t="29" w="302" /><ent r="3" t="29" w="495" /><ent r="3" t="29" w="495" /></phr><phr n="suppressed"><ent r="3" t="31" w="837" /><ent r="3" t="31" w="837" /></phr><phr n="compressed"><ent r="6" t="35" w="251" /><ent r="6" t="35" w="251" /></phr></stem><stem n="pres"><phr n="press"><ent r="4" t="7" w="302" /><ent r="4" t="7" w="302" /><ent r="4" t="7" w="327" /><ent r="4" t="7" w="327" /><ent r="4" t="7" w="341" /><ent r="4" t="7" w="341" /><ent r="4" t="7" w="360" /><ent r="4" t="7" w="360" /><ent r="4" t="7" w="420" /><ent r="4" t="7" w="420" /><ent r="4" t="9" w="345" /><ent r="4" t="9" w="345" /></phr><phr n="Press"><ent r="4" t="7" w="440" /><ent r="4" t="7" w="440" /></phr><phr n="suppress"><ent r="7" t="15" w="294" /><ent r="7" t="15" w="294" /><ent r="7" t="15" w="559" /><ent r="7" t="15" w="559" /><ent r="4" t="31" w="558" /><ent r="4" t="31" w="558" /></phr><phr n="preserve"><ent r="4" t="17" w="328" /><ent r="4" t="17" w="328" /></phr><phr n="presence"><ent r="3" t="27" w="600" /><ent r="3" t="27" w="600" /></phr><phr n="present"><ent r="3" t="27" w="630" /></phr><phr n="expressed"><ent r="6" t="29" w="302" /><ent r="6" t="29" w="302" /><ent r="3" t="29" w="495" /><ent r="3" t="29" w="495" /></phr><phr n="preset"><ent r="4" t="31" w="61" /><ent r="4" t="31" w="61" /></phr><phr n="presets"><ent r="3" t="31" w="181" /><ent r="3" t="31" w="181" /></phr><phr n="suppressed"><ent r="3" t="31" w="837" /><ent r="3" t="31" w="837" /></phr><phr n="compressed"><ent r="6" t="35" w="251" /><ent r="6" t="35" w="251" /></phr><phr n="represents"><ent r="4" t="42" w="139" /><ent r="4" t="42" w="139" /></phr><phr n="representation"><ent r="3" t="45" w="50" /><ent r="3" t="45" w="50" /></phr></stem><stem n="overrid"><phr n="overriding"><ent r="4" t="7" w="312" /><ent r="4" t="7" w="312" /></phr><phr n="override"><ent r="4" t="7" w="317" /><ent r="4" t="7" w="317" /><ent r="4" t="31" w="581" /><ent r="4" t="31" w="581" /><ent r="3" t="31" w="1009" /><ent r="3" t="31" w="1009" /></phr><phr n="overridden"><ent r="7" t="15" w="597" /><ent r="7" t="15" w="597" /><ent r="7" t="16" w="1293" /><ent r="7" t="16" w="1293" /></phr></stem><stem n="ridi"><phr n="overriding"><ent r="4" t="7" w="312" /><ent r="4" t="7" w="312" /></phr></stem><stem n="verr"><phr n="overriding"><ent r="4" t="7" w="312" /><ent r="4" t="7" w="312" /></phr><phr n="override"><ent r="4" t="7" w="317" /><ent r="4" t="7" w="317" /><ent r="4" t="31" w="581" /><ent r="4" t="31" w="581" /><ent r="3" t="31" w="1009" /><ent r="3" t="31" w="1009" /></phr><phr n="overridden"><ent r="7" t="15" w="597" /><ent r="7" t="15" w="597" /><ent r="7" t="16" w="1293" /><ent r="7" t="16" w="1293" /></phr></stem><stem n="idin"><phr n="overriding"><ent r="4" t="7" w="312" /><ent r="4" t="7" w="312" /></phr></stem><stem n="erri"><phr n="overriding"><ent r="4" t="7" w="312" /><ent r="4" t="7" w="312" /></phr><phr n="override"><ent r="4" t="7" w="317" /><ent r="4" t="7" w="317" /><ent r="4" t="31" w="581" /><ent r="4" t="31" w="581" /><ent r="3" t="31" w="1009" /><ent r="3" t="31" w="1009" /></phr><phr n="overridden"><ent r="7" t="15" w="597" /><ent r="7" t="15" w="597" /><ent r="7" t="16" w="1293" /><ent r="7" t="16" w="1293" /></phr></stem><stem n="rrid"><phr n="overriding"><ent r="4" t="7" w="312" /><ent r="4" t="7" w="312" /></phr><phr n="override"><ent r="4" t="7" w="317" /><ent r="4" t="7" w="317" /><ent r="4" t="31" w="581" /><ent r="4" t="31" w="581" /><ent r="3" t="31" w="1009" /><ent r="3" t="31" w="1009" /></phr><phr n="overridden"><ent r="7" t="15" w="597" /><ent r="7" t="15" w="597" /><ent r="7" t="16" w="1293" /><ent r="7" t="16" w="1293" /></phr></stem><stem n="overr"><phr n="overriding"><ent r="4" t="7" w="312" /><ent r="4" t="7" w="312" /></phr><phr n="override"><ent r="4" t="7" w="317" /><ent r="4" t="7" w="317" /><ent r="4" t="31" w="581" /><ent r="4" t="31" w="581" /><ent r="3" t="31" w="1009" /><ent r="3" t="31" w="1009" /></phr><phr n="overridden"><ent r="7" t="15" w="597" /><ent r="7" t="15" w="597" /><ent r="7" t="16" w="1293" /><ent r="7" t="16" w="1293" /></phr></stem><stem n="iding"><phr n="overriding"><ent r="4" t="7" w="312" /><ent r="4" t="7" w="312" /></phr></stem><stem n="verri"><phr n="overriding"><ent r="4" t="7" w="312" /><ent r="4" t="7" w="312" /></phr><phr n="override"><ent r="4" t="7" w="317" /><ent r="4" t="7" w="317" /><ent r="4" t="31" w="581" /><ent r="4" t="31" w="581" /><ent r="3" t="31" w="1009" /><ent r="3" t="31" w="1009" /></phr><phr n="overridden"><ent r="7" t="15" w="597" /><ent r="7" t="15" w="597" /><ent r="7" t="16" w="1293" /><ent r="7" t="16" w="1293" /></phr></stem><stem n="errid"><phr n="overriding"><ent r="4" t="7" w="312" /><ent r="4" t="7" w="312" /></phr><phr n="override"><ent r="4" t="7" w="317" /><ent r="4" t="7" w="317" /><ent r="4" t="31" w="581" /><ent r="4" t="31" w="581" /><ent r="3" t="31" w="1009" /><ent r="3" t="31" w="1009" /></phr><phr n="overridden"><ent r="7" t="15" w="597" /><ent r="7" t="15" w="597" /><ent r="7" t="16" w="1293" /><ent r="7" t="16" w="1293" /></phr></stem><stem n="rridi"><phr n="overriding"><ent r="4" t="7" w="312" /><ent r="4" t="7" w="312" /></phr></stem><stem n="ridin"><phr n="overriding"><ent r="4" t="7" w="312" /><ent r="4" t="7" w="312" /></phr></stem><stem n="overri"><phr n="overriding"><ent r="4" t="7" w="312" /><ent r="4" t="7" w="312" /></phr><phr n="override"><ent r="4" t="7" w="317" /><ent r="4" t="7" w="317" /><ent r="4" t="31" w="581" /><ent r="4" t="31" w="581" /><ent r="3" t="31" w="1009" /><ent r="3" t="31" w="1009" /></phr><phr n="overridden"><ent r="7" t="15" w="597" /><ent r="7" t="15" w="597" /><ent r="7" t="16" w="1293" /><ent r="7" t="16" w="1293" /></phr></stem><stem n="verrid"><phr n="overriding"><ent r="4" t="7" w="312" /><ent r="4" t="7" w="312" /></phr><phr n="override"><ent r="4" t="7" w="317" /><ent r="4" t="7" w="317" /><ent r="4" t="31" w="581" /><ent r="4" t="31" w="581" /><ent r="3" t="31" w="1009" /><ent r="3" t="31" w="1009" /></phr><phr n="overridden"><ent r="7" t="15" w="597" /><ent r="7" t="15" w="597" /><ent r="7" t="16" w="1293" /><ent r="7" t="16" w="1293" /></phr></stem><stem n="erridi"><phr n="overriding"><ent r="4" t="7" w="312" /><ent r="4" t="7" w="312" /></phr></stem><stem n="rridin"><phr n="overriding"><ent r="4" t="7" w="312" /><ent r="4" t="7" w="312" /></phr></stem><stem n="riding"><phr n="overriding"><ent r="4" t="7" w="312" /><ent r="4" t="7" w="312" /></phr></stem><stem n="verridi"><phr n="overriding"><ent r="4" t="7" w="312" /><ent r="4" t="7" w="312" /></phr></stem><stem n="erridin"><phr n="overriding"><ent r="4" t="7" w="312" /><ent r="4" t="7" w="312" /></phr></stem><stem n="rriding"><phr n="overriding"><ent r="4" t="7" w="312" /><ent r="4" t="7" w="312" /></phr></stem><stem n="overridi"><phr n="overriding"><ent r="4" t="7" w="312" /><ent r="4" t="7" w="312" /></phr></stem><stem n="verridin"><phr n="overriding"><ent r="4" t="7" w="312" /><ent r="4" t="7" w="312" /></phr></stem><stem n="erriding"><phr n="overriding"><ent r="4" t="7" w="312" /><ent r="4" t="7" w="312" /></phr></stem><stem n="overridin"><phr n="overriding"><ent r="4" t="7" w="312" /><ent r="4" t="7" w="312" /></phr></stem><stem n="verriding"><phr n="overriding"><ent r="4" t="7" w="312" /><ent r="4" t="7" w="312" /></phr></stem><stem n="overriding"><phr n="overriding"><ent r="4" t="7" w="312" /><ent r="4" t="7" w="312" /></phr></stem><stem n="aults"><phr n="defaults"><ent r="4" t="7" w="314" /><ent r="3" t="31" w="1014" /></phr></stem><stem n="faults"><phr n="defaults"><ent r="4" t="7" w="314" /><ent r="3" t="31" w="1014" /></phr></stem><stem n="efaults"><phr n="defaults"><ent r="4" t="7" w="314" /><ent r="3" t="31" w="1014" /></phr></stem><stem n="defaults"><phr n="defaults"><ent r="4" t="7" w="314" /><ent r="3" t="31" w="1014" /></phr></stem><stem n="ride"><phr n="override"><ent r="4" t="7" w="317" /><ent r="4" t="7" w="317" /><ent r="4" t="31" w="581" /><ent r="4" t="31" w="581" /><ent r="3" t="31" w="1009" /><ent r="3" t="31" w="1009" /></phr></stem><stem n="rride"><phr n="override"><ent r="4" t="7" w="317" /><ent r="4" t="7" w="317" /><ent r="4" t="31" w="581" /><ent r="4" t="31" w="581" /><ent r="3" t="31" w="1009" /><ent r="3" t="31" w="1009" /></phr></stem><stem n="erride"><phr n="override"><ent r="4" t="7" w="317" /><ent r="4" t="7" w="317" /><ent r="4" t="31" w="581" /><ent r="4" t="31" w="581" /><ent r="3" t="31" w="1009" /><ent r="3" t="31" w="1009" /></phr></stem><stem n="verride"><phr n="override"><ent r="4" t="7" w="317" /><ent r="4" t="7" w="317" /><ent r="4" t="31" w="581" /><ent r="4" t="31" w="581" /><ent r="3" t="31" w="1009" /><ent r="3" t="31" w="1009" /></phr></stem></index>