﻿<?xml version="1.0" encoding="utf-8"?><index><stem n="product"><phr n="product"><ent r="3" t="0" w="36" /><ent r="3" t="2" w="35" /><ent r="3" t="8" w="36" /><ent r="4" t="34" w="364" /><ent r="6" t="41" w="260" /><ent r="3" t="42" w="69" /></phr><phr n="Product"><ent r="5" t="34" w="371" /><ent r="92" t="42" w="61" /></phr></stem><stem n="layer"><phr n="Layer"><ent r="3" t="0" w="38" /><ent r="4" t="0" w="108" /><ent r="4" t="5" w="76" /><ent r="5" t="5" w="124" /><ent r="4" t="6" w="127" /><ent r="5" t="9" w="296" /><ent r="4" t="11" w="314" /><ent r="4" t="14" w="285" /><ent r="4" t="14" w="348" /><ent r="4" t="14" w="382" /><ent r="5" t="14" w="432" /><ent r="3" t="16" w="159" /><ent r="3" t="16" w="200" /><ent r="4" t="26" w="616" /><ent r="5" t="27" w="327" /><ent r="3" t="32" w="57" /><ent r="7" t="32" w="775" /><ent r="4" t="34" w="316" /><ent r="6" t="34" w="376" /><ent r="4" t="34" w="714" /><ent r="4" t="34" w="961" /><ent r="5" t="34" w="1725" /><ent r="5" t="34" w="1904" /><ent r="4" t="42" w="270" /><ent r="3" t="42" w="353" /><ent r="7" t="45" w="68" /><ent r="7" t="45" w="94" /><ent r="7" t="45" w="128" /><ent r="8" t="45" w="145" /><ent r="7" t="45" w="153" /><ent r="8" t="45" w="199" /></phr></stem><stem n="7"><phr n="7"><ent r="3" t="0" w="39" /><ent r="4" t="0" w="93" /><ent r="4" t="0" w="109" /><ent r="4" t="5" w="77" /><ent r="5" t="5" w="125" /><ent r="5" t="5" w="135" /><ent r="4" t="6" w="128" /><ent r="5" t="7" w="162" /><ent r="5" t="9" w="297" /><ent r="4" t="11" w="315" /><ent r="4" t="14" w="286" /><ent r="4" t="14" w="349" /><ent r="4" t="14" w="383" /><ent r="5" t="14" w="433" /><ent r="3" t="16" w="160" /><ent r="3" t="16" w="201" /><ent r="4" t="26" w="617" /><ent r="5" t="27" w="328" /><ent r="3" t="32" w="58" /><ent r="7" t="32" w="776" /><ent r="4" t="34" w="317" /><ent r="6" t="34" w="377" /><ent r="4" t="34" w="715" /><ent r="4" t="34" w="962" /><ent r="5" t="34" w="1726" /><ent r="5" t="34" w="1905" /><ent r="6" t="36" w="1354" /><ent r="7" t="38" w="163" /><ent r="4" t="42" w="271" /><ent r="3" t="42" w="354" /><ent r="7" t="45" w="69" /><ent r="7" t="45" w="95" /><ent r="7" t="45" w="129" /><ent r="8" t="45" w="146" /><ent r="7" t="45" w="154" /><ent r="8" t="45" w="200" /></phr></stem><stem n="technolog"><phr n="Technologies"><ent r="3" t="0" w="40" /><ent r="4" t="0" w="110" /><ent r="4" t="6" w="129" /></phr></stem><stem n="make"><phr n="makes"><ent r="3" t="0" w="42" /><ent r="3" t="0" w="72" /><ent r="4" t="17" w="726" /><ent r="4" t="17" w="741" /><ent r="7" t="36" w="1005" /></phr><phr n="make"><ent r="4" t="7" w="212" /><ent r="3" t="10" w="36" /><ent r="4" t="26" w="282" /><ent r="3" t="34" w="409" /></phr><phr n="Make"><ent r="4" t="17" w="434" /></phr><phr n="making"><ent r="7" t="36" w="1028" /></phr></stem><stem n="possibl"><phr n="possible"><ent r="3" t="0" w="44" /><ent r="3" t="5" w="50" /><ent r="7" t="15" w="573" /><ent r="3" t="17" w="255" /><ent r="3" t="31" w="1127" /><ent r="3" t="34" w="97" /><ent r="3" t="34" w="123" /></phr></stem><stem n="gatewai"><phr n="Gateway"><ent r="3" t="0" w="48" /><ent r="4" t="2" w="73" /><ent r="3" t="3" w="39" /><ent r="4" t="3" w="258" /><ent r="65" t="3" w="279" /><ent r="3" t="3" w="377" /><ent r="4" t="3" w="402" /><ent r="6" t="3" w="520" /><ent r="6" t="3" w="539" /><ent r="6" t="3" w="579" /><ent r="6" t="3" w="745" /><ent r="67" t="3" w="808" /><ent r="6" t="3" w="922" /><ent r="6" t="3" w="943" /><ent r="8" t="3" w="1115" /><ent r="7" t="3" w="1119" /><ent r="8" t="3" w="1123" /><ent r="7" t="3" w="1131" /><ent r="6" t="3" w="1139" /><ent r="7" t="3" w="1173" /><ent r="4" t="4" w="146" /><ent r="3" t="5" w="42" /><ent r="4" t="5" w="95" /><ent r="4" t="5" w="105" /><ent r="5" t="5" w="117" /><ent r="4" t="5" w="204" /><ent r="4" t="6" w="157" /><ent r="4" t="6" w="182" /><ent r="64" t="6" w="264" /><ent r="3" t="7" w="58" /><ent r="4" t="7" w="107" /><ent r="4" t="7" w="116" /><ent r="65" t="7" w="128" /><ent r="4" t="7" w="145" /><ent r="4" t="7" w="155" /><ent r="3" t="8" w="214" /><ent r="100" t="9" w="21" /><ent r="3" t="9" w="36" /><ent r="4" t="9" w="132" /><ent r="4" t="9" w="146" /><ent r="4" t="9" w="365" /><ent r="3" t="9" w="402" /><ent r="64" t="9" w="414" /><ent r="3" t="10" w="29" /><ent r="1000" t="11" w="3" /><ent r="100" t="11" w="10" /><ent r="100" t="11" w="18" /><ent r="102" t="11" w="28" /><ent r="3" t="11" w="46" /><ent r="3" t="11" w="97" /><ent r="4" t="11" w="174" /><ent r="4" t="11" w="191" /><ent r="4" t="11" w="218" /><ent r="3" t="11" w="225" /><ent r="4" t="11" w="267" /><ent r="4" t="11" w="382" /><ent r="3" t="12" w="28" /><ent r="3" t="12" w="156" /><ent r="3" t="12" w="186" /><ent r="3" t="12" w="276" /><ent r="4" t="12" w="321" /><ent r="4" t="12" w="336" /><ent r="3" t="12" w="416" /><ent r="3" t="12" w="436" /><ent r="3" t="13" w="49" /><ent r="3" t="13" w="60" /><ent r="3" t="13" w="143" /><ent r="3" t="13" w="163" /><ent r="3" t="13" w="194" /><ent r="3" t="13" w="254" /><ent r="3" t="13" w="326" /><ent r="4" t="13" w="341" /><ent r="3" t="13" w="364" /><ent r="3" t="13" w="377" /><ent r="4" t="13" w="409" /><ent r="100" t="14" w="23" /><ent r="3" t="14" w="181" /><ent r="4" t="14" w="249" /><ent r="4" t="14" w="269" /><ent r="4" t="14" w="278" /><ent r="4" t="14" w="294" /><ent r="4" t="14" w="340" /><ent r="3" t="14" w="510" /><ent r="3" t="15" w="105" /><ent r="8" t="15" w="237" /><ent r="3" t="17" w="36" /><ent r="3" t="17" w="66" /><ent r="3" t="17" w="156" /><ent r="4" t="17" w="278" /><ent r="4" t="17" w="425" /><ent r="4" t="19" w="244" /><ent r="4" t="19" w="259" /><ent r="4" t="19" w="278" /><ent r="4" t="19" w="294" /><ent r="4" t="22" w="48" /><ent r="64" t="22" w="59" /><ent r="3" t="22" w="121" /><ent r="3" t="23" w="122" /><ent r="5" t="26" w="220" /><ent r="5" t="27" w="382" /><ent r="3" t="27" w="575" /><ent r="3" t="27" w="589" /><ent r="6" t="29" w="101" /><ent r="6" t="29" w="203" /><ent r="100" t="30" w="10" /><ent r="3" t="31" w="31" /><ent r="7" t="31" w="244" /><ent r="7" t="31" w="291" /><ent r="4" t="31" w="899" /><ent r="64" t="31" w="924" /><ent r="7" t="31" w="1164" /><ent r="7" t="31" w="1260" /><ent r="6" t="32" w="209" /><ent r="6" t="32" w="280" /><ent r="67" t="32" w="292" /><ent r="6" t="32" w="694" /><ent r="6" t="32" w="718" /><ent r="6" t="32" w="752" /><ent r="6" t="32" w="804" /><ent r="3" t="33" w="28" /><ent r="3" t="34" w="16" /><ent r="3" t="34" w="87" /><ent r="3" t="34" w="130" /><ent r="4" t="34" w="359" /><ent r="3" t="34" w="737" /><ent r="3" t="36" w="30" /><ent r="8" t="36" w="510" /><ent r="7" t="36" w="519" /><ent r="8" t="36" w="638" /><ent r="6" t="36" w="1660" /><ent r="7" t="38" w="244" /><ent r="3" t="42" w="251" /><ent r="4" t="44" w="113" /><ent r="5" t="44" w="134" /><ent r="3" t="44" w="220" /><ent r="6" t="44" w="280" /><ent r="67" t="44" w="292" /><ent r="6" t="44" w="463" /><ent r="6" t="44" w="503" /><ent r="7" t="45" w="70" /><ent r="7" t="45" w="96" /><ent r="8" t="45" w="138" /><ent r="7" t="45" w="155" /><ent r="7" t="45" w="170" /><ent r="7" t="45" w="175" /><ent r="8" t="45" w="191" /></phr><phr n="Gateways"><ent r="5" t="2" w="66" /><ent r="65" t="2" w="82" /><ent r="4" t="11" w="117" /><ent r="65" t="15" w="127" /><ent r="65" t="15" w="146" /><ent r="1000" t="30" w="2" /><ent r="100" t="30" w="6" /><ent r="102" t="30" w="14" /><ent r="3" t="30" w="19" /><ent r="3" t="30" w="28" /><ent r="3" t="30" w="40" /><ent r="64" t="31" w="22" /><ent r="66" t="31" w="65" /><ent r="92" t="31" w="845" /><ent r="3" t="31" w="850" /><ent r="64" t="32" w="36" /><ent r="64" t="33" w="43" /></phr></stem><stem n="cluster"><phr n="clusters"><ent r="3" t="0" w="49" /><ent r="4" t="2" w="74" /><ent r="3" t="3" w="40" /><ent r="3" t="3" w="127" /><ent r="4" t="3" w="200" /><ent r="4" t="3" w="259" /><ent r="4" t="3" w="274" /><ent r="100" t="3" w="286" /><ent r="4" t="3" w="289" /><ent r="3" t="3" w="293" /><ent r="3" t="3" w="372" /><ent r="4" t="3" w="444" /><ent r="100" t="3" w="605" /><ent r="7" t="3" w="1113" /><ent r="4" t="6" w="243" /><ent r="4" t="6" w="319" /><ent r="3" t="9" w="403" /><ent r="3" t="10" w="30" /><ent r="5" t="10" w="82" /><ent r="3" t="13" w="154" /><ent r="3" t="15" w="35" /><ent r="3" t="17" w="466" /><ent r="3" t="17" w="488" /><ent r="4" t="31" w="74" /><ent r="3" t="31" w="855" /><ent r="4" t="31" w="900" /><ent r="3" t="32" w="45" /><ent r="100" t="32" w="94" /><ent r="3" t="32" w="97" /><ent r="6" t="32" w="210" /><ent r="6" t="32" w="625" /><ent r="6" t="32" w="805" /><ent r="3" t="33" w="29" /><ent r="3" t="33" w="38" /><ent r="3" t="34" w="17" /><ent r="4" t="34" w="351" /><ent r="3" t="34" w="1278" /><ent r="4" t="34" w="1299" /><ent r="4" t="34" w="1311" /><ent r="4" t="34" w="1561" /><ent r="3" t="34" w="1599" /><ent r="4" t="34" w="1695" /><ent r="3" t="36" w="31" /><ent r="4" t="44" w="168" /><ent r="4" t="44" w="177" /></phr><phr n="cluster"><ent r="4" t="2" w="97" /><ent r="3" t="3" w="56" /><ent r="3" t="3" w="319" /><ent r="3" t="3" w="335" /><ent r="3" t="3" w="342" /><ent r="3" t="3" w="352" /><ent r="3" t="3" w="378" /><ent r="3" t="3" w="384" /><ent r="4" t="3" w="406" /><ent r="4" t="3" w="418" /><ent r="6" t="3" w="500" /><ent r="6" t="3" w="513" /><ent r="6" t="3" w="553" /><ent r="6" t="3" w="574" /><ent r="6" t="3" w="585" /><ent r="6" t="3" w="608" /><ent r="6" t="3" w="642" /><ent r="6" t="3" w="654" /><ent r="6" t="3" w="735" /><ent r="6" t="3" w="746" /><ent r="6" t="3" w="762" /><ent r="6" t="3" w="775" /><ent r="6" t="3" w="787" /><ent r="6" t="3" w="796" /><ent r="6" t="3" w="890" /><ent r="6" t="3" w="904" /><ent r="6" t="3" w="923" /><ent r="6" t="3" w="944" /><ent r="6" t="3" w="955" /><ent r="6" t="3" w="1035" /><ent r="6" t="3" w="1150" /><ent r="6" t="3" w="1180" /><ent r="4" t="4" w="147" /><ent r="4" t="4" w="160" /><ent r="4" t="6" w="161" /><ent r="4" t="6" w="350" /><ent r="4" t="7" w="83" /><ent r="4" t="7" w="117" /><ent r="3" t="9" w="83" /><ent r="4" t="9" w="385" /><ent r="7" t="10" w="174" /><ent r="8" t="10" w="181" /><ent r="7" t="10" w="238" /><ent r="7" t="10" w="244" /><ent r="7" t="10" w="257" /><ent r="7" t="10" w="267" /><ent r="8" t="10" w="276" /><ent r="8" t="10" w="307" /><ent r="100" t="11" w="19" /><ent r="100" t="11" w="23" /><ent r="4" t="11" w="175" /><ent r="4" t="11" w="177" /><ent r="4" t="11" w="237" /><ent r="4" t="11" w="268" /><ent r="4" t="11" w="326" /><ent r="4" t="11" w="330" /><ent r="4" t="11" w="341" /><ent r="4" t="11" w="383" /><ent r="4" t="11" w="407" /><ent r="4" t="11" w="423" /><ent r="4" t="11" w="431" /><ent r="3" t="12" w="29" /><ent r="3" t="12" w="55" /><ent r="3" t="12" w="64" /><ent r="3" t="12" w="73" /><ent r="3" t="12" w="97" /><ent r="3" t="12" w="125" /><ent r="3" t="12" w="141" /><ent r="3" t="12" w="169" /><ent r="4" t="12" w="211" /><ent r="65" t="12" w="219" /><ent r="4" t="12" w="239" /><ent r="3" t="12" w="420" /><ent r="3" t="13" w="100" /><ent r="3" t="13" w="130" /><ent r="3" t="13" w="182" /><ent r="3" t="13" w="235" /><ent r="3" t="13" w="242" /><ent r="3" t="13" w="255" /><ent r="4" t="13" w="266" /><ent r="3" t="14" w="37" /><ent r="3" t="14" w="61" /><ent r="3" t="14" w="88" /><ent r="4" t="14" w="125" /><ent r="4" t="14" w="149" /><ent r="3" t="14" w="182" /><ent r="4" t="14" w="205" /><ent r="4" t="14" w="231" /><ent r="4" t="14" w="254" /><ent r="5" t="14" w="322" /><ent r="3" t="14" w="511" /><ent r="3" t="15" w="52" /><ent r="3" t="15" w="106" /><ent r="8" t="15" w="258" /><ent r="7" t="15" w="338" /><ent r="7" t="15" w="688" /><ent r="3" t="17" w="37" /><ent r="3" t="17" w="47" /><ent r="3" t="17" w="96" /><ent r="3" t="17" w="220" /><ent r="3" t="17" w="227" /><ent r="3" t="17" w="264" /><ent r="4" t="17" w="279" /><ent r="4" t="17" w="305" /><ent r="4" t="17" w="426" /><ent r="4" t="17" w="438" /><ent r="4" t="17" w="444" /><ent r="3" t="17" w="475" /><ent r="3" t="18" w="209" /><ent r="4" t="19" w="245" /><ent r="4" t="19" w="271" /><ent r="4" t="19" w="288" /><ent r="4" t="19" w="305" /><ent r="4" t="19" w="358" /><ent r="4" t="19" w="384" /><ent r="4" t="19" w="396" /><ent r="64" t="22" w="60" /><ent r="3" t="22" w="122" /><ent r="3" t="23" w="84" /><ent r="3" t="23" w="106" /><ent r="3" t="24" w="46" /><ent r="4" t="26" w="226" /><ent r="3" t="26" w="259" /><ent r="4" t="26" w="348" /><ent r="4" t="26" w="376" /><ent r="3" t="26" w="599" /><ent r="4" t="27" w="388" /><ent r="3" t="27" w="571" /><ent r="3" t="27" w="590" /><ent r="3" t="31" w="87" /><ent r="3" t="32" w="119" /><ent r="6" t="32" w="281" /><ent r="6" t="32" w="305" /><ent r="6" t="32" w="315" /><ent r="6" t="32" w="353" /><ent r="6" t="32" w="373" /><ent r="8" t="32" w="414" /><ent r="7" t="32" w="431" /><ent r="7" t="32" w="447" /><ent r="7" t="32" w="466" /><ent r="6" t="32" w="506" /><ent r="6" t="32" w="523" /><ent r="6" t="32" w="530" /><ent r="6" t="32" w="561" /><ent r="6" t="32" w="575" /><ent r="6" t="32" w="583" /><ent r="6" t="32" w="640" /><ent r="6" t="32" w="650" /><ent r="6" t="32" w="679" /><ent r="6" t="32" w="753" /><ent r="6" t="32" w="789" /><ent r="3" t="34" w="36" /><ent r="3" t="34" w="46" /><ent r="3" t="34" w="68" /><ent r="3" t="34" w="88" /><ent r="4" t="34" w="171" /><ent r="4" t="34" w="179" /><ent r="4" t="34" w="183" /><ent r="4" t="34" w="189" /><ent r="4" t="34" w="201" /><ent r="4" t="34" w="206" /><ent r="4" t="34" w="345" /><ent r="3" t="34" w="412" /><ent r="3" t="34" w="418" /><ent r="4" t="34" w="466" /><ent r="4" t="34" w="511" /><ent r="4" t="34" w="571" /><ent r="3" t="34" w="621" /><ent r="3" t="34" w="646" /><ent r="3" t="34" w="662" /><ent r="3" t="34" w="738" /><ent r="3" t="34" w="751" /><ent r="4" t="34" w="765" /><ent r="4" t="34" w="769" /><ent r="4" t="34" w="772" /><ent r="4" t="34" w="784" /><ent r="4" t="34" w="787" /><ent r="4" t="34" w="803" /><ent r="4" t="34" w="819" /><ent r="3" t="34" w="829" /><ent r="3" t="34" w="843" /><ent r="3" t="34" w="852" /><ent r="3" t="34" w="872" /><ent r="3" t="34" w="904" /><ent r="3" t="34" w="914" /><ent r="3" t="34" w="928" /><ent r="4" t="34" w="992" /><ent r="4" t="34" w="1001" /><ent r="4" t="34" w="1068" /><ent r="5" t="34" w="1100" /><ent r="4" t="34" w="1117" /><ent r="3" t="34" w="1276" /><ent r="4" t="34" w="1387" /><ent r="4" t="34" w="1456" /><ent r="4" t="34" w="1464" /><ent r="4" t="34" w="1495" /><ent r="4" t="34" w="1507" /><ent r="4" t="34" w="1547" /><ent r="6" t="35" w="168" /><ent r="6" t="35" w="180" /><ent r="7" t="36" w="520" /><ent r="7" t="36" w="719" /><ent r="7" t="36" w="1163" /><ent r="6" t="36" w="1661" /><ent r="7" t="38" w="245" /><ent r="7" t="38" w="258" /><ent r="3" t="44" w="76" /><ent r="4" t="44" w="114" /><ent r="4" t="44" w="155" /><ent r="3" t="44" w="204" /><ent r="67" t="44" w="293" /><ent r="6" t="44" w="304" /><ent r="6" t="44" w="311" /><ent r="7" t="45" w="122" /><ent r="7" t="45" w="124" /></phr><phr n="Clusters"><ent r="65" t="3" w="247" /><ent r="5" t="3" w="253" /><ent r="4" t="3" w="262" /><ent r="1000" t="10" w="2" /><ent r="102" t="10" w="7" /><ent r="100" t="10" w="12" /><ent r="66" t="17" w="291" /><ent r="66" t="17" w="450" /><ent r="5" t="26" w="221" /><ent r="82" t="34" w="1261" /><ent r="3" t="34" w="1265" /><ent r="8" t="36" w="511" /></phr><phr n="Cluster"><ent r="65" t="3" w="280" /><ent r="67" t="3" w="809" /><ent r="67" t="3" w="980" /><ent r="6" t="3" w="1031" /><ent r="8" t="3" w="1116" /><ent r="64" t="6" w="265" /><ent r="64" t="6" w="275" /><ent r="64" t="6" w="345" /><ent r="65" t="7" w="129" /><ent r="64" t="9" w="415" /><ent r="100" t="10" w="19" /><ent r="1000" t="11" w="4" /><ent r="100" t="11" w="11" /><ent r="100" t="11" w="15" /><ent r="102" t="11" w="29" /><ent r="3" t="11" w="47" /><ent r="3" t="11" w="98" /><ent r="5" t="11" w="214" /><ent r="4" t="11" w="219" /><ent r="3" t="11" w="226" /><ent r="65" t="11" w="365" /><ent r="65" t="11" w="448" /><ent r="1000" t="12" w="5" /><ent r="100" t="12" w="11" /><ent r="100" t="12" w="13" /><ent r="102" t="12" w="24" /><ent r="64" t="12" w="198" /><ent r="65" t="12" w="352" /><ent r="1000" t="13" w="7" /><ent r="100" t="13" w="11" /><ent r="100" t="13" w="22" /><ent r="102" t="13" w="32" /><ent r="3" t="13" w="50" /><ent r="1000" t="14" w="6" /><ent r="100" t="14" w="13" /><ent r="100" t="14" w="18" /><ent r="102" t="14" w="33" /><ent r="64" t="19" w="329" /><ent r="4" t="22" w="49" /><ent r="64" t="22" w="152" /><ent r="64" t="23" w="138" /><ent r="5" t="27" w="383" /><ent r="64" t="31" w="925" /><ent r="64" t="31" w="933" /><ent r="3" t="32" w="80" /><ent r="67" t="32" w="293" /><ent r="67" t="32" w="336" /><ent r="67" t="32" w="670" /><ent r="64" t="34" w="151" /><ent r="3" t="34" w="517" /><ent r="7" t="35" w="164" /><ent r="7" t="35" w="176" /><ent r="8" t="36" w="639" /><ent r="7" t="36" w="1657" /><ent r="5" t="44" w="135" /><ent r="64" t="44" w="236" /><ent r="6" t="44" w="281" /><ent r="6" t="44" w="464" /><ent r="6" t="44" w="504" /><ent r="8" t="45" w="139" /></phr><phr n="CLUSTER"><ent r="7" t="16" w="1124" /></phr></stem><stem n="spread"><phr n="spread"><ent r="3" t="0" w="50" /></phr></stem><stem n="across"><phr n="across"><ent r="3" t="0" w="51" /><ent r="3" t="2" w="23" /><ent r="3" t="2" w="43" /><ent r="7" t="31" w="397" /><ent r="3" t="32" w="137" /><ent r="3" t="33" w="26" /><ent r="3" t="40" w="50" /></phr></stem><stem n="wide"><phr n="wide"><ent r="3" t="0" w="53" /><ent r="7" t="36" w="1037" /></phr></stem><stem n="geograph"><phr n="geographical"><ent r="3" t="0" w="54" /></phr></stem><stem n="area"><phr n="area"><ent r="3" t="0" w="55" /></phr></stem><stem n=","><phr n=","><ent r="3" t="0" w="56" /><ent r="4" t="0" w="96" /><ent r="4" t="0" w="103" /><ent r="3" t="0" w="156" /><ent r="3" t="1" w="35" /><ent r="4" t="1" w="72" /><ent r="4" t="1" w="141" /><ent r="5" t="1" w="177" /><ent r="6" t="1" w="201" /><ent r="3" t="2" w="39" /><ent r="3" t="2" w="201" /><ent r="3" t="2" w="240" /><ent r="3" t="2" w="258" /><ent r="3" t="2" w="308" /><ent r="3" t="3" w="51" /><ent r="3" t="3" w="111" /><ent r="3" t="3" w="113" /><ent r="3" t="3" w="114" /><ent r="3" t="3" w="136" /><ent r="3" t="3" w="167" /><ent r="4" t="3" w="244" /><ent r="4" t="3" w="275" /><ent r="3" t="3" w="326" /><ent r="4" t="3" w="428" /><ent r="4" t="3" w="454" /><ent r="4" t="3" w="469" /><ent r="6" t="3" w="547" /><ent r="6" t="3" w="562" /><ent r="6" t="3" w="780" /><ent r="6" t="3" w="800" /><ent r="6" t="3" w="868" /><ent r="6" t="3" w="879" /><ent r="6" t="3" w="948" /><ent r="6" t="3" w="965" /><ent r="6" t="3" w="1061" /><ent r="6" t="3" w="1070" /><ent r="6" t="3" w="1074" /><ent r="6" t="3" w="1082" /><ent r="6" t="3" w="1151" /><ent r="6" t="3" w="1181" /><ent r="6" t="3" w="1188" /><ent r="3" t="4" w="74" /><ent r="3" t="4" w="85" /><ent r="4" t="4" w="145" /><ent r="4" t="4" w="195" /><ent r="4" t="4" w="199" /><ent r="7" t="4" w="439" /><ent r="3" t="5" w="46" /><ent r="3" t="5" w="65" /><ent r="4" t="5" w="97" /><ent r="4" t="5" w="113" /><ent r="3" t="6" w="108" /><ent r="4" t="6" w="134" /><ent r="3" t="6" w="145" /><ent r="4" t="6" w="188" /><ent r="4" t="6" w="204" /><ent r="3" t="6" w="211" /><ent r="3" t="6" w="227" /><ent r="3" t="6" w="260" /><ent r="3" t="6" w="296" /><ent r="3" t="6" w="337" /><ent r="3" t="6" w="361" /><ent r="3" t="7" w="72" /><ent r="4" t="7" w="93" /><ent r="4" t="7" w="124" /><ent r="4" t="7" w="147" /><ent r="5" t="7" w="235" /><ent r="4" t="7" w="254" /><ent r="4" t="7" w="255" /><ent r="4" t="7" w="266" /><ent r="4" t="7" w="280" /><ent r="4" t="7" w="303" /><ent r="4" t="7" w="322" /><ent r="3" t="7" w="393" /><ent r="4" t="7" w="413" /><ent r="4" t="7" w="452" /><ent r="3" t="7" w="469" /><ent r="4" t="7" w="484" /><ent r="4" t="7" w="501" /><ent r="3" t="8" w="48" /><ent r="4" t="8" w="68" /><ent r="3" t="8" w="210" /><ent r="3" t="8" w="230" /><ent r="3" t="9" w="82" /><ent r="3" t="9" w="117" /><ent r="4" t="9" w="203" /><ent r="4" t="9" w="209" /><ent r="4" t="9" w="289" /><ent r="3" t="9" w="326" /><ent r="4" t="9" w="345" /><ent r="4" t="9" w="358" /><ent r="3" t="9" w="398" /><ent r="3" t="9" w="410" /><ent r="3" t="10" w="75" /><ent r="7" t="10" w="162" /><ent r="3" t="11" w="53" /><ent r="3" t="11" w="70" /><ent r="3" t="11" w="71" /><ent r="4" t="11" w="129" /><ent r="4" t="11" w="141" /><ent r="4" t="11" w="185" /><ent r="4" t="11" w="205" /><ent r="4" t="11" w="333" /><ent r="4" t="11" w="352" /><ent r="4" t="11" w="371" /><ent r="4" t="11" w="381" /><ent r="4" t="11" w="391" /><ent r="4" t="11" w="424" /><ent r="3" t="12" w="38" /><ent r="3" t="12" w="50" /><ent r="3" t="12" w="79" /><ent r="3" t="12" w="96" /><ent r="3" t="12" w="142" /><ent r="3" t="12" w="170" /><ent r="3" t="12" w="190" /><ent r="4" t="12" w="221" /><ent r="4" t="12" w="240" /><ent r="4" t="12" w="344" /><ent r="3" t="12" w="415" /><ent r="3" t="12" w="429" /><ent r="3" t="12" w="436" /><ent r="3" t="12" w="438" /><ent r="3" t="13" w="51" /><ent r="3" t="13" w="72" /><ent r="3" t="13" w="108" /><ent r="3" t="13" w="161" /><ent r="3" t="13" w="173" /><ent r="3" t="13" w="212" /><ent r="4" t="13" w="335" /><ent r="3" t="13" w="382" /><ent r="3" t="13" w="390" /><ent r="4" t="13" w="404" /><ent r="3" t="14" w="76" /><ent r="3" t="14" w="94" /><ent r="3" t="14" w="177" /><ent r="3" t="14" w="179" /><ent r="4" t="14" w="229" /><ent r="4" t="14" w="297" /><ent r="4" t="14" w="313" /><ent r="4" t="14" w="461" /><ent r="4" t="14" w="478" /><ent r="4" t="14" w="481" /><ent r="3" t="15" w="46" /><ent r="4" t="15" w="130" /><ent r="4" t="15" w="149" /><ent r="7" t="15" w="327" /><ent r="8" t="15" w="415" /><ent r="8" t="15" w="426" /><ent r="7" t="15" w="471" /><ent r="7" t="15" w="697" /><ent r="7" t="15" w="717" /><ent r="3" t="16" w="52" /><ent r="4" t="16" w="96" /><ent r="9" t="16" w="363" /><ent r="9" t="16" w="449" /><ent r="9" t="16" w="631" /><ent r="9" t="16" w="673" /><ent r="9" t="16" w="748" /><ent r="9" t="16" w="795" /><ent r="9" t="16" w="829" /><ent r="9" t="16" w="978" /><ent r="9" t="16" w="1013" /><ent r="3" t="16" w="1074" /><ent r="7" t="16" w="1199" /><ent r="7" t="16" w="1224" /><ent r="7" t="16" w="1229" /><ent r="7" t="16" w="1290" /><ent r="3" t="17" w="40" /><ent r="3" t="17" w="67" /><ent r="3" t="17" w="85" /><ent r="3" t="17" w="104" /><ent r="3" t="17" w="114" /><ent r="3" t="17" w="143" /><ent r="4" t="17" w="185" /><ent r="3" t="17" w="221" /><ent r="3" t="17" w="231" /><ent r="3" t="17" w="248" /><ent r="4" t="17" w="275" /><ent r="4" t="17" w="308" /><ent r="4" t="17" w="323" /><ent r="4" t="17" w="423" /><ent r="3" t="17" w="476" /><ent r="4" t="17" w="552" /><ent r="4" t="17" w="582" /><ent r="3" t="17" w="599" /><ent r="3" t="17" w="604" /><ent r="3" t="17" w="635" /><ent r="3" t="17" w="674" /><ent r="3" t="17" w="690" /><ent r="4" t="17" w="765" /><ent r="3" t="17" w="800" /><ent r="3" t="17" w="806" /><ent r="3" t="17" w="826" /><ent r="3" t="17" w="846" /><ent r="3" t="18" w="32" /><ent r="4" t="18" w="57" /><ent r="4" t="18" w="108" /><ent r="3" t="18" w="140" /><ent r="3" t="18" w="200" /><ent r="4" t="19" w="55" /><ent r="4" t="19" w="98" /><ent r="4" t="19" w="125" /><ent r="4" t="19" w="126" /><ent r="4" t="19" w="162" /><ent r="4" t="19" w="174" /><ent r="4" t="19" w="187" /><ent r="4" t="19" w="201" /><ent r="3" t="19" w="224" /><ent r="4" t="19" w="251" /><ent r="4" t="19" w="274" /><ent r="4" t="19" w="290" /><ent r="3" t="19" w="321" /><ent r="4" t="19" w="365" /><ent r="4" t="19" w="372" /><ent r="4" t="19" w="387" /><ent r="3" t="19" w="401" /><ent r="4" t="20" w="52" /><ent r="4" t="20" w="65" /><ent r="4" t="20" w="91" /><ent r="4" t="21" w="53" /><ent r="4" t="21" w="66" /><ent r="4" t="21" w="90" /><ent r="3" t="22" w="70" /><ent r="3" t="22" w="144" /><ent r="6" t="22" w="294" /><ent r="7" t="22" w="336" /><ent r="7" t="22" w="361" /><ent r="3" t="23" w="65" /><ent r="3" t="23" w="91" /><ent r="3" t="23" w="130" /><ent r="4" t="23" w="155" /><ent r="4" t="23" w="171" /><ent r="4" t="23" w="188" /><ent r="4" t="23" w="207" /><ent r="4" t="23" w="221" /><ent r="4" t="23" w="235" /><ent r="4" t="23" w="284" /><ent r="4" t="23" w="338" /><ent r="4" t="23" w="357" /><ent r="4" t="23" w="361" /><ent r="3" t="24" w="66" /><ent r="3" t="24" w="86" /><ent r="3" t="24" w="98" /><ent r="4" t="24" w="118" /><ent r="4" t="24" w="134" /><ent r="4" t="24" w="152" /><ent r="4" t="24" w="166" /><ent r="4" t="24" w="180" /><ent r="4" t="24" w="229" /><ent r="4" t="24" w="283" /><ent r="4" t="24" w="302" /><ent r="4" t="24" w="306" /><ent r="4" t="25" w="60" /><ent r="4" t="25" w="73" /><ent r="4" t="25" w="88" /><ent r="3" t="26" w="42" /><ent r="3" t="26" w="53" /><ent r="3" t="26" w="124" /><ent r="3" t="26" w="161" /><ent r="4" t="26" w="176" /><ent r="4" t="26" w="198" /><ent r="4" t="26" w="224" /><ent r="4" t="26" w="343" /><ent r="4" t="26" w="365" /><ent r="4" t="26" w="421" /><ent r="4" t="26" w="449" /><ent r="4" t="26" w="464" /><ent r="4" t="26" w="484" /><ent r="4" t="26" w="497" /><ent r="4" t="26" w="529" /><ent r="4" t="26" w="543" /><ent r="3" t="26" w="561" /><ent r="3" t="26" w="605" /><ent r="4" t="26" w="641" /><ent r="4" t="26" w="692" /><ent r="4" t="26" w="701" /><ent r="4" t="26" w="722" /><ent r="3" t="26" w="740" /><ent r="3" t="26" w="764" /><ent r="3" t="26" w="790" /><ent r="3" t="26" w="798" /><ent r="3" t="27" w="53" /><ent r="3" t="27" w="68" /><ent r="3" t="27" w="70" /><ent r="3" t="27" w="72" /><ent r="3" t="27" w="98" /><ent r="4" t="27" w="141" /><ent r="4" t="27" w="145" /><ent r="4" t="27" w="155" /><ent r="4" t="27" w="171" /><ent r="4" t="27" w="184" /><ent r="4" t="27" w="205" /><ent r="4" t="27" w="212" /><ent r="4" t="27" w="213" /><ent r="4" t="27" w="215" /><ent r="4" t="27" w="224" /><ent r="4" t="27" w="228" /><ent r="4" t="27" w="229" /><ent r="3" t="27" w="281" /><ent r="3" t="27" w="316" /><ent r="4" t="27" w="362" /><ent r="4" t="27" w="386" /><ent r="4" t="27" w="401" /><ent r="4" t="27" w="453" /><ent r="4" t="27" w="492" /><ent r="3" t="27" w="526" /><ent r="3" t="27" w="545" /><ent r="3" t="27" w="629" /><ent r="3" t="27" w="636" /><ent r="3" t="27" w="664" /><ent r="4" t="27" w="688" /><ent r="4" t="27" w="712" /><ent r="3" t="27" w="744" /><ent r="3" t="27" w="756" /><ent r="3" t="27" w="783" /><ent r="3" t="27" w="795" /><ent r="3" t="27" w="823" /><ent r="3" t="27" w="831" /><ent r="3" t="27" w="863" /><ent r="3" t="27" w="1020" /><ent r="3" t="27" w="1028" /><ent r="3" t="28" w="96" /><ent r="7" t="28" w="152" /><ent r="7" t="28" w="222" /><ent r="7" t="28" w="243" /><ent r="6" t="28" w="286" /><ent r="6" t="29" w="146" /><ent r="6" t="29" w="161" /><ent r="6" t="29" w="176" /><ent r="6" t="29" w="178" /><ent r="6" t="29" w="252" /><ent r="6" t="29" w="267" /><ent r="6" t="29" w="282" /><ent r="6" t="29" w="284" /><ent r="6" t="29" w="302" /><ent r="6" t="29" w="315" /><ent r="3" t="29" w="483" /><ent r="3" t="29" w="543" /><ent r="3" t="29" w="565" /><ent r="3" t="31" w="82" /><ent r="3" t="31" w="108" /><ent r="3" t="31" w="121" /><ent r="3" t="31" w="142" /><ent r="3" t="31" w="178" /><ent r="7" t="31" w="262" /><ent r="7" t="31" w="263" /><ent r="7" t="31" w="266" /><ent r="7" t="31" w="267" /><ent r="7" t="31" w="268" /><ent r="7" t="31" w="360" /><ent r="7" t="31" w="361" /><ent r="7" t="31" w="396" /><ent r="7" t="31" w="440" /><ent r="7" t="31" w="441" /><ent r="3" t="31" w="475" /><ent r="4" t="31" w="540" /><ent r="4" t="31" w="574" /><ent r="3" t="31" w="659" /><ent r="3" t="31" w="675" /><ent r="3" t="31" w="835" /><ent r="4" t="31" w="907" /><ent r="4" t="31" w="908" /><ent r="4" t="31" w="920" /><ent r="4" t="31" w="955" /><ent r="3" t="31" w="967" /><ent r="3" t="31" w="1003" /><ent r="3" t="31" w="1042" /><ent r="4" t="31" w="1074" /><ent r="3" t="31" w="1084" /><ent r="4" t="31" w="1093" /><ent r="3" t="31" w="1102" /><ent r="7" t="31" w="1158" /><ent r="7" t="31" w="1176" /><ent r="7" t="31" w="1253" /><ent r="3" t="31" w="1293" /><ent r="3" t="31" w="1294" /><ent r="3" t="31" w="1345" /><ent r="3" t="31" w="1382" /><ent r="3" t="31" w="1441" /><ent r="3" t="31" w="1469" /><ent r="3" t="31" w="1487" /><ent r="3" t="31" w="1527" /><ent r="3" t="32" w="46" /><ent r="3" t="32" w="50" /><ent r="6" t="32" w="288" /><ent r="6" t="32" w="316" /><ent r="6" t="32" w="329" /><ent r="7" t="32" w="400" /><ent r="7" t="32" w="404" /><ent r="7" t="32" w="405" /><ent r="6" t="32" w="590" /><ent r="6" t="32" w="605" /><ent r="6" t="32" w="663" /><ent r="6" t="32" w="765" /><ent r="3" t="34" w="18" /><ent r="3" t="34" w="47" /><ent r="3" t="34" w="78" /><ent r="3" t="34" w="98" /><ent r="3" t="34" w="143" /><ent r="4" t="34" w="176" /><ent r="4" t="34" w="194" /><ent r="4" t="34" w="238" /><ent r="3" t="34" w="308" /><ent r="4" t="34" w="361" /><ent r="3" t="34" w="416" /><ent r="3" t="34" w="417" /><ent r="3" t="34" w="418" /><ent r="3" t="34" w="420" /><ent r="3" t="34" w="478" /><ent r="3" t="34" w="484" /><ent r="3" t="34" w="536" /><ent r="3" t="34" w="634" /><ent r="3" t="34" w="647" /><ent r="3" t="34" w="703" /><ent r="3" t="34" w="744" /><ent r="3" t="34" w="757" /><ent r="4" t="34" w="807" /><ent r="4" t="34" w="808" /><ent r="3" t="34" w="833" /><ent r="3" t="34" w="876" /><ent r="3" t="34" w="883" /><ent r="3" t="34" w="896" /><ent r="3" t="34" w="930" /><ent r="3" t="34" w="946" /><ent r="4" t="34" w="993" /><ent r="4" t="34" w="1077" /><ent r="4" t="34" w="1079" /><ent r="4" t="34" w="1081" /><ent r="4" t="34" w="1142" /><ent r="3" t="34" w="1182" /><ent r="3" t="34" w="1204" /><ent r="3" t="34" w="1271" /><ent r="3" t="34" w="1288" /><ent r="4" t="34" w="1315" /><ent r="3" t="34" w="1357" /><ent r="4" t="34" w="1396" /><ent r="4" t="34" w="1414" /><ent r="4" t="34" w="1465" /><ent r="4" t="34" w="1508" /><ent r="4" t="34" w="1550" /><ent r="4" t="34" w="1562" /><ent r="3" t="34" w="1588" /><ent r="3" t="34" w="1600" /><ent r="3" t="34" w="1626" /><ent r="3" t="34" w="1627" /><ent r="3" t="34" w="1629" /><ent r="4" t="34" w="1647" /><ent r="4" t="34" w="1664" /><ent r="4" t="34" w="1697" /><ent r="4" t="34" w="1716" /><ent r="4" t="34" w="1738" /><ent r="4" t="34" w="1848" /><ent r="4" t="34" w="1896" /><ent r="3" t="34" w="1994" /><ent r="4" t="34" w="2119" /><ent r="4" t="34" w="2139" /><ent r="4" t="34" w="2176" /><ent r="4" t="34" w="2199" /><ent r="3" t="35" w="62" /><ent r="6" t="35" w="153" /><ent r="6" t="35" w="196" /><ent r="6" t="35" w="206" /><ent r="6" t="35" w="267" /><ent r="6" t="35" w="299" /><ent r="6" t="35" w="321" /><ent r="6" t="35" w="371" /><ent r="7" t="35" w="467" /><ent r="4" t="36" w="60" /><ent r="4" t="36" w="62" /><ent r="4" t="36" w="64" /><ent r="4" t="36" w="65" /><ent r="4" t="36" w="91" /><ent r="3" t="36" w="176" /><ent r="4" t="36" w="220" /><ent r="4" t="36" w="221" /><ent r="7" t="36" w="309" /><ent r="7" t="36" w="337" /><ent r="7" t="36" w="351" /><ent r="7" t="36" w="417" /><ent r="7" t="36" w="483" /><ent r="7" t="36" w="517" /><ent r="7" t="36" w="533" /><ent r="7" t="36" w="541" /><ent r="7" t="36" w="622" /><ent r="7" t="36" w="630" /><ent r="7" t="36" w="754" /><ent r="7" t="36" w="816" /><ent r="7" t="36" w="831" /><ent r="7" t="36" w="847" /><ent r="7" t="36" w="901" /><ent r="7" t="36" w="914" /><ent r="7" t="36" w="970" /><ent r="7" t="36" w="1028" /><ent r="7" t="36" w="1045" /><ent r="7" t="36" w="1072" /><ent r="7" t="36" w="1149" /><ent r="7" t="36" w="1152" /><ent r="7" t="36" w="1157" /><ent r="7" t="36" w="1166" /><ent r="7" t="36" w="1198" /><ent r="6" t="36" w="1258" /><ent r="6" t="36" w="1298" /><ent r="6" t="36" w="1328" /><ent r="6" t="36" w="1342" /><ent r="6" t="36" w="1357" /><ent r="6" t="36" w="1400" /><ent r="6" t="36" w="1414" /><ent r="3" t="36" w="1472" /><ent r="3" t="36" w="1515" /><ent r="6" t="36" w="1543" /><ent r="6" t="36" w="1581" /><ent r="6" t="36" w="1631" /><ent r="6" t="36" w="1741" /><ent r="6" t="36" w="1746" /><ent r="3" t="38" w="25" /><ent r="3" t="38" w="28" /><ent r="3" t="38" w="29" /><ent r="3" t="38" w="57" /><ent r="6" t="38" w="127" /><ent r="6" t="38" w="148" /><ent r="7" t="38" w="243" /><ent r="7" t="38" w="293" /><ent r="7" t="38" w="297" /><ent r="3" t="39" w="44" /><ent r="3" t="39" w="92" /><ent r="6" t="39" w="159" /><ent r="6" t="41" w="75" /><ent r="6" t="41" w="91" /><ent r="7" t="41" w="126" /><ent r="7" t="41" w="127" /><ent r="7" t="41" w="191" /><ent r="4" t="42" w="161" /><ent r="3" t="42" w="243" /><ent r="3" t="42" w="260" /><ent r="4" t="42" w="302" /><ent r="3" t="42" w="357" /><ent r="4" t="42" w="394" /><ent r="4" t="42" w="410" /><ent r="4" t="42" w="418" /><ent r="4" t="42" w="449" /><ent r="6" t="43" w="74" /><ent r="6" t="43" w="92" /><ent r="6" t="43" w="115" /><ent r="6" t="43" w="116" /><ent r="6" t="43" w="122" /><ent r="6" t="43" w="149" /><ent r="6" t="43" w="150" /><ent r="6" t="43" w="170" /><ent r="6" t="43" w="201" /><ent r="3" t="44" w="68" /><ent r="4" t="44" w="104" /><ent r="3" t="44" w="228" /><ent r="6" t="44" w="270" /><ent r="6" t="44" w="322" /><ent r="6" t="44" w="339" /><ent r="6" t="44" w="383" /><ent r="6" t="44" w="430" /><ent r="6" t="44" w="445" /><ent r="6" t="44" w="482" /><ent r="7" t="45" w="80" /><ent r="7" t="45" w="115" /><ent r="7" t="45" w="136" /><ent r="7" t="45" w="187" /></phr></stem></index>