<?xml version="1.0" encoding="utf-8"?><index><stem n="ecting"><phr n="Selecting"><ent r="3" t="17" w="391" /><ent r="3" t="17" w="391" /><ent r="4" t="26" w="290" /><ent r="4" t="26" w="290" /><ent r="4" t="34" w="2087" /><ent r="4" t="34" w="2087" /></phr><phr n="selecting"><ent r="3" t="34" w="1349" /><ent r="3" t="34" w="1349" /><ent r="4" t="34" w="1562" /><ent r="4" t="34" w="1562" /><ent r="4" t="34" w="1831" /><ent r="4" t="34" w="1831" /><ent r="4" t="34" w="2098" /><ent r="4" t="34" w="2098" /><ent r="4" t="34" w="2147" /><ent r="4" t="34" w="2147" /><ent r="6" t="35" w="287" /><ent r="6" t="35" w="287" /></phr></stem><stem n="selecti"><phr n="Selecting"><ent r="3" t="17" w="391" /><ent r="3" t="17" w="391" /><ent r="4" t="26" w="290" /><ent r="4" t="26" w="290" /><ent r="4" t="34" w="2087" /><ent r="4" t="34" w="2087" /></phr><phr n="Selection"><ent r="4" t="18" w="55" /><ent r="4" t="18" w="55" /><ent r="5" t="26" w="196" /><ent r="5" t="26" w="196" /><ent r="8" t="36" w="457" /><ent r="8" t="36" w="457" /><ent r="7" t="36" w="532" /></phr><phr n="selection"><ent r="4" t="26" w="286" /><ent r="4" t="31" w="583" /><ent r="4" t="31" w="583" /></phr><phr n="selecting"><ent r="3" t="34" w="1349" /><ent r="3" t="34" w="1349" /><ent r="4" t="34" w="1562" /><ent r="4" t="34" w="1562" /><ent r="4" t="34" w="1831" /><ent r="4" t="34" w="1831" /><ent r="4" t="34" w="2098" /><ent r="4" t="34" w="2098" /><ent r="4" t="34" w="2147" /><ent r="4" t="34" w="2147" /><ent r="6" t="35" w="287" /><ent r="6" t="35" w="287" /></phr></stem><stem n="electin"><phr n="Selecting"><ent r="3" t="17" w="391" /><ent r="3" t="17" w="391" /><ent r="4" t="26" w="290" /><ent r="4" t="26" w="290" /><ent r="4" t="34" w="2087" /><ent r="4" t="34" w="2087" /></phr><phr n="selecting"><ent r="3" t="34" w="1349" /><ent r="3" t="34" w="1349" /><ent r="4" t="34" w="1562" /><ent r="4" t="34" w="1562" /><ent r="4" t="34" w="1831" /><ent r="4" t="34" w="1831" /><ent r="4" t="34" w="2098" /><ent r="4" t="34" w="2098" /><ent r="4" t="34" w="2147" /><ent r="4" t="34" w="2147" /><ent r="6" t="35" w="287" /><ent r="6" t="35" w="287" /></phr></stem><stem n="lecting"><phr n="Selecting"><ent r="3" t="17" w="391" /><ent r="3" t="17" w="391" /><ent r="4" t="26" w="290" /><ent r="4" t="26" w="290" /><ent r="4" t="34" w="2087" /><ent r="4" t="34" w="2087" /></phr><phr n="selecting"><ent r="3" t="34" w="1349" /><ent r="3" t="34" w="1349" /><ent r="4" t="34" w="1562" /><ent r="4" t="34" w="1562" /><ent r="4" t="34" w="1831" /><ent r="4" t="34" w="1831" /><ent r="4" t="34" w="2098" /><ent r="4" t="34" w="2098" /><ent r="4" t="34" w="2147" /><ent r="4" t="34" w="2147" /><ent r="6" t="35" w="287" /><ent r="6" t="35" w="287" /></phr></stem><stem n="selectin"><phr n="Selecting"><ent r="3" t="17" w="391" /><ent r="3" t="17" w="391" /><ent r="4" t="26" w="290" /><ent r="4" t="26" w="290" /><ent r="4" t="34" w="2087" /><ent r="4" t="34" w="2087" /></phr><phr n="selecting"><ent r="3" t="34" w="1349" /><ent r="3" t="34" w="1349" /><ent r="4" t="34" w="1562" /><ent r="4" t="34" w="1562" /><ent r="4" t="34" w="1831" /><ent r="4" t="34" w="1831" /><ent r="4" t="34" w="2098" /><ent r="4" t="34" w="2098" /><ent r="4" t="34" w="2147" /><ent r="4" t="34" w="2147" /><ent r="6" t="35" w="287" /><ent r="6" t="35" w="287" /></phr></stem><stem n="electing"><phr n="Selecting"><ent r="3" t="17" w="391" /><ent r="3" t="17" w="391" /><ent r="4" t="26" w="290" /><ent r="4" t="26" w="290" /><ent r="4" t="34" w="2087" /><ent r="4" t="34" w="2087" /></phr><phr n="selecting"><ent r="3" t="34" w="1349" /><ent r="3" t="34" w="1349" /><ent r="4" t="34" w="1562" /><ent r="4" t="34" w="1562" /><ent r="4" t="34" w="1831" /><ent r="4" t="34" w="1831" /><ent r="4" t="34" w="2098" /><ent r="4" t="34" w="2098" /><ent r="4" t="34" w="2147" /><ent r="4" t="34" w="2147" /><ent r="6" t="35" w="287" /><ent r="6" t="35" w="287" /></phr></stem><stem n="selecting"><phr n="Selecting"><ent r="3" t="17" w="391" /><ent r="3" t="17" w="391" /><ent r="4" t="26" w="290" /><ent r="4" t="26" w="290" /><ent r="4" t="34" w="2087" /><ent r="4" t="34" w="2087" /></phr><phr n="selecting"><ent r="3" t="34" w="1349" /><ent r="3" t="34" w="1349" /><ent r="4" t="34" w="1562" /><ent r="4" t="34" w="1562" /><ent r="4" t="34" w="1831" /><ent r="4" t="34" w="1831" /><ent r="4" t="34" w="2098" /><ent r="4" t="34" w="2098" /><ent r="4" t="34" w="2147" /><ent r="4" t="34" w="2147" /><ent r="6" t="35" w="287" /><ent r="6" t="35" w="287" /></phr></stem><stem n="child"><phr n="child"><ent r="4" t="17" w="400" /><ent r="4" t="17" w="400" /><ent r="3" t="34" w="1355" /><ent r="3" t="34" w="1355" /><ent r="3" t="34" w="1361" /><ent r="3" t="34" w="1361" /></phr></stem><stem n="chil"><phr n="child"><ent r="4" t="17" w="400" /><ent r="4" t="17" w="400" /><ent r="3" t="34" w="1355" /><ent r="3" t="34" w="1355" /><ent r="3" t="34" w="1361" /><ent r="3" t="34" w="1361" /></phr></stem><stem n="hild"><phr n="child"><ent r="4" t="17" w="400" /><ent r="4" t="17" w="400" /><ent r="3" t="34" w="1355" /><ent r="3" t="34" w="1355" /><ent r="3" t="34" w="1361" /><ent r="3" t="34" w="1361" /></phr></stem><stem n="hide"><phr n="hides"><ent r="3" t="17" w="498" /><ent r="3" t="17" w="498" /></phr></stem><stem n="ides"><phr n="hides"><ent r="3" t="17" w="498" /><ent r="3" t="17" w="498" /></phr><phr n="provides"><ent r="3" t="29" w="19" /><ent r="3" t="29" w="19" /><ent r="3" t="31" w="1090" /><ent r="3" t="31" w="1090" /><ent r="3" t="31" w="1438" /><ent r="3" t="31" w="1438" /><ent r="4" t="34" w="219" /><ent r="4" t="34" w="219" /><ent r="3" t="36" w="16" /><ent r="3" t="36" w="16" /><ent r="3" t="45" w="47" /><ent r="3" t="45" w="47" /></phr><phr n="Provides"><ent r="4" t="36" w="43" /><ent r="4" t="36" w="43" /><ent r="4" t="36" w="81" /><ent r="4" t="36" w="81" /></phr></stem><stem n="hides"><phr n="hides"><ent r="3" t="17" w="498" /><ent r="3" t="17" w="498" /></phr></stem><stem n="laces"><phr n="replaces"><ent r="3" t="17" w="509" /><ent r="3" t="17" w="509" /></phr></stem><stem n="places"><phr n="replaces"><ent r="3" t="17" w="509" /><ent r="3" t="17" w="509" /></phr></stem><stem n="eplaces"><phr n="replaces"><ent r="3" t="17" w="509" /><ent r="3" t="17" w="509" /></phr></stem><stem n="replaces"><phr n="replaces"><ent r="3" t="17" w="509" /><ent r="3" t="17" w="509" /></phr></stem><stem n="overwrit"><phr n="overwrite"><ent r="5" t="17" w="538" /><ent r="5" t="17" w="538" /><ent r="5" t="34" w="1533" /><ent r="5" t="34" w="1533" /><ent r="4" t="34" w="1542" /><ent r="4" t="34" w="1542" /><ent r="4" t="34" w="1567" /><ent r="4" t="34" w="1567" /><ent r="5" t="34" w="1651" /><ent r="5" t="34" w="1651" /></phr><phr n="overwriting"><ent r="3" t="34" w="1585" /></phr><phr n="overwritten"><ent r="3" t="34" w="1612" /></phr></stem><stem n="verw"><phr n="overwrite"><ent r="5" t="17" w="538" /><ent r="5" t="17" w="538" /><ent r="5" t="34" w="1533" /><ent r="5" t="34" w="1533" /><ent r="4" t="34" w="1542" /><ent r="4" t="34" w="1542" /><ent r="4" t="34" w="1567" /><ent r="4" t="34" w="1567" /><ent r="5" t="34" w="1651" /><ent r="5" t="34" w="1651" /></phr><phr n="overwriting"><ent r="3" t="34" w="1585" /></phr><phr n="overwritten"><ent r="3" t="34" w="1612" /></phr></stem><stem n="erwr"><phr n="overwrite"><ent r="5" t="17" w="538" /><ent r="5" t="17" w="538" /><ent r="5" t="34" w="1533" /><ent r="5" t="34" w="1533" /><ent r="4" t="34" w="1542" /><ent r="4" t="34" w="1542" /><ent r="4" t="34" w="1567" /><ent r="4" t="34" w="1567" /><ent r="5" t="34" w="1651" /><ent r="5" t="34" w="1651" /></phr><phr n="overwriting"><ent r="3" t="34" w="1585" /></phr><phr n="overwritten"><ent r="3" t="34" w="1612" /></phr></stem><stem n="rwri"><phr n="overwrite"><ent r="5" t="17" w="538" /><ent r="5" t="17" w="538" /><ent r="5" t="34" w="1533" /><ent r="5" t="34" w="1533" /><ent r="4" t="34" w="1542" /><ent r="4" t="34" w="1542" /><ent r="4" t="34" w="1567" /><ent r="4" t="34" w="1567" /><ent r="5" t="34" w="1651" /><ent r="5" t="34" w="1651" /></phr><phr n="overwriting"><ent r="3" t="34" w="1585" /></phr><phr n="overwritten"><ent r="3" t="34" w="1612" /></phr></stem><stem n="overw"><phr n="overwrite"><ent r="5" t="17" w="538" /><ent r="5" t="17" w="538" /><ent r="5" t="34" w="1533" /><ent r="5" t="34" w="1533" /><ent r="4" t="34" w="1542" /><ent r="4" t="34" w="1542" /><ent r="4" t="34" w="1567" /><ent r="4" t="34" w="1567" /><ent r="5" t="34" w="1651" /><ent r="5" t="34" w="1651" /></phr><phr n="overwriting"><ent r="3" t="34" w="1585" /></phr><phr n="overwritten"><ent r="3" t="34" w="1612" /></phr></stem><stem n="verwr"><phr n="overwrite"><ent r="5" t="17" w="538" /><ent r="5" t="17" w="538" /><ent r="5" t="34" w="1533" /><ent r="5" t="34" w="1533" /><ent r="4" t="34" w="1542" /><ent r="4" t="34" w="1542" /><ent r="4" t="34" w="1567" /><ent r="4" t="34" w="1567" /><ent r="5" t="34" w="1651" /><ent r="5" t="34" w="1651" /></phr><phr n="overwriting"><ent r="3" t="34" w="1585" /></phr><phr n="overwritten"><ent r="3" t="34" w="1612" /></phr></stem><stem n="erwri"><phr n="overwrite"><ent r="5" t="17" w="538" /><ent r="5" t="17" w="538" /><ent r="5" t="34" w="1533" /><ent r="5" t="34" w="1533" /><ent r="4" t="34" w="1542" /><ent r="4" t="34" w="1542" /><ent r="4" t="34" w="1567" /><ent r="4" t="34" w="1567" /><ent r="5" t="34" w="1651" /><ent r="5" t="34" w="1651" /></phr><phr n="overwriting"><ent r="3" t="34" w="1585" /></phr><phr n="overwritten"><ent r="3" t="34" w="1612" /></phr></stem><stem n="rwrit"><phr n="overwrite"><ent r="5" t="17" w="538" /><ent r="5" t="17" w="538" /><ent r="5" t="34" w="1533" /><ent r="5" t="34" w="1533" /><ent r="4" t="34" w="1542" /><ent r="4" t="34" w="1542" /><ent r="4" t="34" w="1567" /><ent r="4" t="34" w="1567" /><ent r="5" t="34" w="1651" /><ent r="5" t="34" w="1651" /></phr><phr n="overwriting"><ent r="3" t="34" w="1585" /></phr><phr n="overwritten"><ent r="3" t="34" w="1612" /></phr></stem><stem n="overwr"><phr n="overwrite"><ent r="5" t="17" w="538" /><ent r="5" t="17" w="538" /><ent r="5" t="34" w="1533" /><ent r="5" t="34" w="1533" /><ent r="4" t="34" w="1542" /><ent r="4" t="34" w="1542" /><ent r="4" t="34" w="1567" /><ent r="4" t="34" w="1567" /><ent r="5" t="34" w="1651" /><ent r="5" t="34" w="1651" /></phr><phr n="overwriting"><ent r="3" t="34" w="1585" /></phr><phr n="overwritten"><ent r="3" t="34" w="1612" /></phr></stem><stem n="verwri"><phr n="overwrite"><ent r="5" t="17" w="538" /><ent r="5" t="17" w="538" /><ent r="5" t="34" w="1533" /><ent r="5" t="34" w="1533" /><ent r="4" t="34" w="1542" /><ent r="4" t="34" w="1542" /><ent r="4" t="34" w="1567" /><ent r="4" t="34" w="1567" /><ent r="5" t="34" w="1651" /><ent r="5" t="34" w="1651" /></phr><phr n="overwriting"><ent r="3" t="34" w="1585" /></phr><phr n="overwritten"><ent r="3" t="34" w="1612" /></phr></stem><stem n="erwrit"><phr n="overwrite"><ent r="5" t="17" w="538" /><ent r="5" t="17" w="538" /><ent r="5" t="34" w="1533" /><ent r="5" t="34" w="1533" /><ent r="4" t="34" w="1542" /><ent r="4" t="34" w="1542" /><ent r="4" t="34" w="1567" /><ent r="4" t="34" w="1567" /><ent r="5" t="34" w="1651" /><ent r="5" t="34" w="1651" /></phr><phr n="overwriting"><ent r="3" t="34" w="1585" /></phr><phr n="overwritten"><ent r="3" t="34" w="1612" /></phr></stem><stem n="rwrite"><phr n="overwrite"><ent r="5" t="17" w="538" /><ent r="5" t="17" w="538" /><ent r="5" t="34" w="1533" /><ent r="5" t="34" w="1533" /><ent r="4" t="34" w="1542" /><ent r="4" t="34" w="1542" /><ent r="4" t="34" w="1567" /><ent r="4" t="34" w="1567" /><ent r="5" t="34" w="1651" /><ent r="5" t="34" w="1651" /></phr></stem><stem n="overwri"><phr n="overwrite"><ent r="5" t="17" w="538" /><ent r="5" t="17" w="538" /><ent r="5" t="34" w="1533" /><ent r="5" t="34" w="1533" /><ent r="4" t="34" w="1542" /><ent r="4" t="34" w="1542" /><ent r="4" t="34" w="1567" /><ent r="4" t="34" w="1567" /><ent r="5" t="34" w="1651" /><ent r="5" t="34" w="1651" /></phr><phr n="overwriting"><ent r="3" t="34" w="1585" /></phr><phr n="overwritten"><ent r="3" t="34" w="1612" /></phr></stem><stem n="verwrit"><phr n="overwrite"><ent r="5" t="17" w="538" /><ent r="5" t="17" w="538" /><ent r="5" t="34" w="1533" /><ent r="5" t="34" w="1533" /><ent r="4" t="34" w="1542" /><ent r="4" t="34" w="1542" /><ent r="4" t="34" w="1567" /><ent r="4" t="34" w="1567" /><ent r="5" t="34" w="1651" /><ent r="5" t="34" w="1651" /></phr><phr n="overwriting"><ent r="3" t="34" w="1585" /></phr><phr n="overwritten"><ent r="3" t="34" w="1612" /></phr></stem><stem n="erwrite"><phr n="overwrite"><ent r="5" t="17" w="538" /><ent r="5" t="17" w="538" /><ent r="5" t="34" w="1533" /><ent r="5" t="34" w="1533" /><ent r="4" t="34" w="1542" /><ent r="4" t="34" w="1542" /><ent r="4" t="34" w="1567" /><ent r="4" t="34" w="1567" /><ent r="5" t="34" w="1651" /><ent r="5" t="34" w="1651" /></phr></stem><stem n="verwrite"><phr n="overwrite"><ent r="5" t="17" w="538" /><ent r="5" t="17" w="538" /><ent r="5" t="34" w="1533" /><ent r="5" t="34" w="1533" /><ent r="4" t="34" w="1542" /><ent r="4" t="34" w="1542" /><ent r="4" t="34" w="1567" /><ent r="4" t="34" w="1567" /><ent r="5" t="34" w="1651" /><ent r="5" t="34" w="1651" /></phr></stem><stem n="overwrite"><phr n="overwrite"><ent r="5" t="17" w="538" /><ent r="5" t="17" w="538" /><ent r="5" t="34" w="1533" /><ent r="5" t="34" w="1533" /><ent r="4" t="34" w="1542" /><ent r="4" t="34" w="1542" /><ent r="4" t="34" w="1567" /><ent r="4" t="34" w="1567" /><ent r="5" t="34" w="1651" /><ent r="5" t="34" w="1651" /></phr></stem><stem n="intervent"><phr n="intervention"><ent r="4" t="17" w="570" /></phr></stem><stem n="rven"><phr n="intervention"><ent r="4" t="17" w="570" /></phr></stem><stem n="venti"><phr n="intervention"><ent r="4" t="17" w="570" /></phr><phr n="preventing"><ent r="7" t="31" w="280" /><ent r="7" t="31" w="280" /></phr></stem><stem n="terve"><phr n="intervention"><ent r="4" t="17" w="570" /></phr></stem><stem n="erven"><phr n="intervention"><ent r="4" t="17" w="570" /></phr></stem><stem n="rvent"><phr n="intervention"><ent r="4" t="17" w="570" /></phr></stem><stem n="nterve"><phr n="intervention"><ent r="4" t="17" w="570" /></phr></stem><stem n="terven"><phr n="intervention"><ent r="4" t="17" w="570" /></phr></stem><stem n="ervent"><phr n="intervention"><ent r="4" t="17" w="570" /></phr></stem><stem n="rventi"><phr n="intervention"><ent r="4" t="17" w="570" /></phr></stem><stem n="ventio"><phr n="intervention"><ent r="4" t="17" w="570" /></phr></stem><stem n="interve"><phr n="intervention"><ent r="4" t="17" w="570" /></phr></stem><stem n="nterven"><phr n="intervention"><ent r="4" t="17" w="570" /></phr></stem><stem n="tervent"><phr n="intervention"><ent r="4" t="17" w="570" /></phr></stem><stem n="erventi"><phr n="intervention"><ent r="4" t="17" w="570" /></phr></stem><stem n="rventio"><phr n="intervention"><ent r="4" t="17" w="570" /></phr></stem><stem n="vention"><phr n="intervention"><ent r="4" t="17" w="570" /></phr></stem><stem n="interven"><phr n="intervention"><ent r="4" t="17" w="570" /></phr></stem><stem n="ntervent"><phr n="intervention"><ent r="4" t="17" w="570" /></phr></stem><stem n="terventi"><phr n="intervention"><ent r="4" t="17" w="570" /></phr></stem><stem n="erventio"><phr n="intervention"><ent r="4" t="17" w="570" /></phr></stem><stem n="rvention"><phr n="intervention"><ent r="4" t="17" w="570" /></phr></stem><stem n="nterventi"><phr n="intervention"><ent r="4" t="17" w="570" /></phr></stem><stem n="terventio"><phr n="intervention"><ent r="4" t="17" w="570" /></phr></stem><stem n="ervention"><phr n="intervention"><ent r="4" t="17" w="570" /></phr></stem><stem n="interventi"><phr n="intervention"><ent r="4" t="17" w="570" /></phr></stem><stem n="nterventio"><phr n="intervention"><ent r="4" t="17" w="570" /></phr></stem><stem n="tervention"><phr n="intervention"><ent r="4" t="17" w="570" /></phr></stem><stem n="interventio"><phr n="intervention"><ent r="4" t="17" w="570" /></phr></stem><stem n="ntervention"><phr n="intervention"><ent r="4" t="17" w="570" /></phr></stem><stem n="intervention"><phr n="intervention"><ent r="4" t="17" w="570" /></phr></stem><stem n="ntified"><phr n="Identified"><ent r="3" t="17" w="581" /><ent r="3" t="17" w="581" /></phr><phr n="identified"><ent r="4" t="17" w="590" /><ent r="3" t="18" w="202" /><ent r="3" t="18" w="202" /><ent r="4" t="34" w="1841" /><ent r="4" t="34" w="1841" /><ent r="3" t="34" w="1970" /><ent r="3" t="34" w="1970" /></phr></stem><stem n="entified"><phr n="Identified"><ent r="3" t="17" w="581" /><ent r="3" t="17" w="581" /></phr><phr n="identified"><ent r="4" t="17" w="590" /><ent r="3" t="18" w="202" /><ent r="3" t="18" w="202" /><ent r="4" t="34" w="1841" /><ent r="4" t="34" w="1841" /><ent r="3" t="34" w="1970" /><ent r="3" t="34" w="1970" /></phr></stem><stem n="dentified"><phr n="Identified"><ent r="3" t="17" w="581" /><ent r="3" t="17" w="581" /></phr><phr n="identified"><ent r="4" t="17" w="590" /><ent r="3" t="18" w="202" /><ent r="3" t="18" w="202" /><ent r="4" t="34" w="1841" /><ent r="4" t="34" w="1841" /><ent r="3" t="34" w="1970" /><ent r="3" t="34" w="1970" /></phr></stem><stem n="identified"><phr n="Identified"><ent r="3" t="17" w="581" /><ent r="3" t="17" w="581" /></phr><phr n="identified"><ent r="4" t="17" w="590" /><ent r="3" t="18" w="202" /><ent r="3" t="18" w="202" /><ent r="4" t="34" w="1841" /><ent r="4" t="34" w="1841" /><ent r="3" t="34" w="1970" /><ent r="3" t="34" w="1970" /></phr></stem><stem n="none"><phr n="none"><ent r="3" t="17" w="605" /><ent r="3" t="17" w="605" /></phr><phr n="nonexistent"><ent r="3" t="27" w="1014" /><ent r="3" t="27" w="1014" /></phr><phr n="None"><ent r="7" t="36" w="875" /></phr></stem><stem n="ency"><phr n="dependency"><ent r="3" t="17" w="612" /><ent r="3" t="17" w="612" /><ent r="6" t="32" w="598" /><ent r="6" t="32" w="598" /><ent r="3" t="34" w="1783" /><ent r="3" t="34" w="1783" /><ent r="4" t="34" w="1826" /><ent r="4" t="34" w="1826" /></phr><phr n="frequency"><ent r="3" t="31" w="163" /><ent r="3" t="31" w="163" /></phr></stem><stem n="dency"><phr n="dependency"><ent r="3" t="17" w="612" /><ent r="3" t="17" w="612" /><ent r="6" t="32" w="598" /><ent r="6" t="32" w="598" /><ent r="3" t="34" w="1783" /><ent r="3" t="34" w="1783" /><ent r="4" t="34" w="1826" /><ent r="4" t="34" w="1826" /></phr></stem><stem n="ndency"><phr n="dependency"><ent r="3" t="17" w="612" /><ent r="3" t="17" w="612" /><ent r="6" t="32" w="598" /><ent r="6" t="32" w="598" /><ent r="3" t="34" w="1783" /><ent r="3" t="34" w="1783" /><ent r="4" t="34" w="1826" /><ent r="4" t="34" w="1826" /></phr></stem><stem n="endency"><phr n="dependency"><ent r="3" t="17" w="612" /><ent r="3" t="17" w="612" /><ent r="6" t="32" w="598" /><ent r="6" t="32" w="598" /><ent r="3" t="34" w="1783" /><ent r="3" t="34" w="1783" /><ent r="4" t="34" w="1826" /><ent r="4" t="34" w="1826" /></phr></stem><stem n="pendency"><phr n="dependency"><ent r="3" t="17" w="612" /><ent r="3" t="17" w="612" /><ent r="6" t="32" w="598" /><ent r="6" t="32" w="598" /><ent r="3" t="34" w="1783" /><ent r="3" t="34" w="1783" /><ent r="4" t="34" w="1826" /><ent r="4" t="34" w="1826" /></phr></stem><stem n="ependency"><phr n="dependency"><ent r="3" t="17" w="612" /><ent r="3" t="17" w="612" /><ent r="6" t="32" w="598" /><ent r="6" t="32" w="598" /><ent r="3" t="34" w="1783" /><ent r="3" t="34" w="1783" /><ent r="4" t="34" w="1826" /><ent r="4" t="34" w="1826" /></phr></stem><stem n="dependency"><phr n="dependency"><ent r="3" t="17" w="612" /><ent r="3" t="17" w="612" /><ent r="6" t="32" w="598" /><ent r="6" t="32" w="598" /><ent r="3" t="34" w="1783" /><ent r="3" t="34" w="1783" /><ent r="4" t="34" w="1826" /><ent r="4" t="34" w="1826" /></phr></stem><stem n="decid"><phr n="decide"><ent r="3" t="17" w="615" /><ent r="3" t="17" w="615" /><ent r="4" t="27" w="172" /><ent r="4" t="27" w="172" /></phr></stem><stem n="deci"><phr n="decide"><ent r="3" t="17" w="615" /><ent r="3" t="17" w="615" /><ent r="4" t="27" w="172" /><ent r="4" t="27" w="172" /></phr></stem><stem n="ecid"><phr n="decide"><ent r="3" t="17" w="615" /><ent r="3" t="17" w="615" /><ent r="4" t="27" w="172" /><ent r="4" t="27" w="172" /></phr></stem><stem n="cide"><phr n="decide"><ent r="3" t="17" w="615" /><ent r="3" t="17" w="615" /><ent r="4" t="27" w="172" /><ent r="4" t="27" w="172" /></phr></stem><stem n="ecide"><phr n="decide"><ent r="3" t="17" w="615" /><ent r="3" t="17" w="615" /><ent r="4" t="27" w="172" /><ent r="4" t="27" w="172" /></phr></stem><stem n="decide"><phr n="decide"><ent r="3" t="17" w="615" /><ent r="3" t="17" w="615" /><ent r="4" t="27" w="172" /><ent r="4" t="27" w="172" /></phr></stem><stem n="caus"><phr n="caused"><ent r="3" t="17" w="678" /><ent r="3" t="17" w="678" /><ent r="7" t="36" w="1060" /><ent r="7" t="36" w="1060" /></phr><phr n="causes"><ent r="4" t="31" w="598" /><ent r="4" t="31" w="598" /><ent r="4" t="34" w="1070" /><ent r="4" t="34" w="1070" /></phr><phr n="Causes"><ent r="82" t="34" w="1040" /><ent r="82" t="34" w="1040" /></phr><phr n="cause"><ent r="4" t="34" w="1091" /><ent r="4" t="34" w="1091" /></phr></stem><stem n="ause"><phr n="caused"><ent r="3" t="17" w="678" /><ent r="3" t="17" w="678" /><ent r="7" t="36" w="1060" /><ent r="7" t="36" w="1060" /></phr><phr n="causes"><ent r="4" t="31" w="598" /><ent r="4" t="31" w="598" /><ent r="4" t="34" w="1070" /><ent r="4" t="34" w="1070" /></phr><phr n="Causes"><ent r="82" t="34" w="1040" /><ent r="82" t="34" w="1040" /></phr><phr n="cause"><ent r="4" t="34" w="1091" /><ent r="4" t="34" w="1091" /></phr></stem><stem n="cause"><phr n="caused"><ent r="3" t="17" w="678" /><ent r="3" t="17" w="678" /><ent r="7" t="36" w="1060" /><ent r="7" t="36" w="1060" /></phr><phr n="causes"><ent r="4" t="31" w="598" /><ent r="4" t="31" w="598" /><ent r="4" t="34" w="1070" /><ent r="4" t="34" w="1070" /></phr><phr n="Causes"><ent r="82" t="34" w="1040" /><ent r="82" t="34" w="1040" /></phr><phr n="cause"><ent r="4" t="34" w="1091" /><ent r="4" t="34" w="1091" /></phr></stem><stem n="aused"><phr n="caused"><ent r="3" t="17" w="678" /><ent r="3" t="17" w="678" /><ent r="7" t="36" w="1060" /><ent r="7" t="36" w="1060" /></phr></stem><stem n="caused"><phr n="caused"><ent r="3" t="17" w="678" /><ent r="3" t="17" w="678" /><ent r="7" t="36" w="1060" /><ent r="7" t="36" w="1060" /></phr></stem><stem n="satisfactori"><phr n="satisfactory"><ent r="4" t="17" w="715" /></phr></stem><stem n="sati"><phr n="satisfactory"><ent r="4" t="17" w="715" /></phr></stem><stem n="sfac"><phr n="satisfactory"><ent r="4" t="17" w="715" /></phr></stem><stem n="tisf"><phr n="satisfactory"><ent r="4" t="17" w="715" /></phr></stem><stem n="isfa"><phr n="satisfactory"><ent r="4" t="17" w="715" /></phr></stem><stem n="satis"><phr n="satisfactory"><ent r="4" t="17" w="715" /></phr></stem><stem n="atisf"><phr n="satisfactory"><ent r="4" t="17" w="715" /></phr></stem><stem n="tisfa"><phr n="satisfactory"><ent r="4" t="17" w="715" /></phr></stem><stem n="isfac"><phr n="satisfactory"><ent r="4" t="17" w="715" /></phr></stem><stem n="sfact"><phr n="satisfactory"><ent r="4" t="17" w="715" /></phr></stem><stem n="satisf"><phr n="satisfactory"><ent r="4" t="17" w="715" /></phr></stem><stem n="atisfa"><phr n="satisfactory"><ent r="4" t="17" w="715" /></phr></stem><stem n="tisfac"><phr n="satisfactory"><ent r="4" t="17" w="715" /></phr></stem><stem n="isfact"><phr n="satisfactory"><ent r="4" t="17" w="715" /></phr></stem><stem n="sfacto"><phr n="satisfactory"><ent r="4" t="17" w="715" /></phr></stem><stem n="satisfa"><phr n="satisfactory"><ent r="4" t="17" w="715" /></phr></stem><stem n="atisfac"><phr n="satisfactory"><ent r="4" t="17" w="715" /></phr></stem><stem n="tisfact"><phr n="satisfactory"><ent r="4" t="17" w="715" /></phr></stem><stem n="isfacto"><phr n="satisfactory"><ent r="4" t="17" w="715" /></phr></stem><stem n="sfactor"><phr n="satisfactory"><ent r="4" t="17" w="715" /></phr></stem><stem n="satisfac"><phr n="satisfactory"><ent r="4" t="17" w="715" /></phr></stem><stem n="atisfact"><phr n="satisfactory"><ent r="4" t="17" w="715" /></phr></stem><stem n="tisfacto"><phr n="satisfactory"><ent r="4" t="17" w="715" /></phr></stem><stem n="isfactor"><phr n="satisfactory"><ent r="4" t="17" w="715" /></phr></stem><stem n="sfactory"><phr n="satisfactory"><ent r="4" t="17" w="715" /></phr></stem><stem n="satisfact"><phr n="satisfactory"><ent r="4" t="17" w="715" /></phr></stem><stem n="atisfacto"><phr n="satisfactory"><ent r="4" t="17" w="715" /></phr></stem><stem n="tisfactor"><phr n="satisfactory"><ent r="4" t="17" w="715" /></phr></stem><stem n="isfactory"><phr n="satisfactory"><ent r="4" t="17" w="715" /></phr></stem><stem n="satisfacto"><phr n="satisfactory"><ent r="4" t="17" w="715" /></phr></stem><stem n="atisfactor"><phr n="satisfactory"><ent r="4" t="17" w="715" /></phr></stem><stem n="tisfactory"><phr n="satisfactory"><ent r="4" t="17" w="715" /></phr></stem><stem n="satisfactor"><phr n="satisfactory"><ent r="4" t="17" w="715" /></phr></stem><stem n="atisfactory"><phr n="satisfactory"><ent r="4" t="17" w="715" /></phr></stem><stem n="satisfactory"><phr n="satisfactory"><ent r="4" t="17" w="715" /></phr></stem><stem n="label"><phr n="label"><ent r="4" t="17" w="720" /><ent r="4" t="17" w="720" /><ent r="4" t="17" w="726" /><ent r="4" t="17" w="726" /><ent r="4" t="17" w="760" /><ent r="4" t="17" w="760" /><ent r="4" t="17" w="769" /><ent r="4" t="17" w="769" /><ent r="4" t="34" w="1220" /><ent r="4" t="34" w="1220" /><ent r="4" t="34" w="1230" /><ent r="4" t="34" w="1230" /><ent r="6" t="35" w="144" /><ent r="6" t="35" w="144" /><ent r="6" t="35" w="265" /><ent r="6" t="35" w="265" /></phr><phr n="Label"><ent r="7" t="35" w="140" /><ent r="7" t="35" w="140" /><ent r="7" t="35" w="257" /><ent r="7" t="35" w="257" /><ent r="8" t="35" w="446" /><ent r="8" t="35" w="446" /><ent r="7" t="44" w="244" /></phr><phr n="labels"><ent r="6" t="35" w="152" /><ent r="6" t="35" w="152" /></phr></stem><stem n="labe"><phr n="label"><ent r="4" t="17" w="720" /><ent r="4" t="17" w="720" /><ent r="4" t="17" w="726" /><ent r="4" t="17" w="726" /><ent r="4" t="17" w="760" /><ent r="4" t="17" w="760" /><ent r="4" t="17" w="769" /><ent r="4" t="17" w="769" /><ent r="4" t="34" w="1220" /><ent r="4" t="34" w="1220" /><ent r="4" t="34" w="1230" /><ent r="4" t="34" w="1230" /><ent r="6" t="35" w="144" /><ent r="6" t="35" w="144" /><ent r="6" t="35" w="265" /><ent r="6" t="35" w="265" /></phr><phr n="Label"><ent r="7" t="35" w="140" /><ent r="7" t="35" w="140" /><ent r="7" t="35" w="257" /><ent r="7" t="35" w="257" /><ent r="8" t="35" w="446" /><ent r="8" t="35" w="446" /><ent r="7" t="44" w="244" /></phr><phr n="labels"><ent r="6" t="35" w="152" /><ent r="6" t="35" w="152" /></phr></stem><stem n="abel"><phr n="label"><ent r="4" t="17" w="720" /><ent r="4" t="17" w="720" /><ent r="4" t="17" w="726" /><ent r="4" t="17" w="726" /><ent r="4" t="17" w="760" /><ent r="4" t="17" w="760" /><ent r="4" t="17" w="769" /><ent r="4" t="17" w="769" /><ent r="4" t="34" w="1220" /><ent r="4" t="34" w="1220" /><ent r="4" t="34" w="1230" /><ent r="4" t="34" w="1230" /><ent r="6" t="35" w="144" /><ent r="6" t="35" w="144" /><ent r="6" t="35" w="265" /><ent r="6" t="35" w="265" /></phr><phr n="Label"><ent r="7" t="35" w="140" /><ent r="7" t="35" w="140" /><ent r="7" t="35" w="257" /><ent r="7" t="35" w="257" /><ent r="8" t="35" w="446" /><ent r="8" t="35" w="446" /><ent r="7" t="44" w="244" /></phr><phr n="labels"><ent r="6" t="35" w="152" /><ent r="6" t="35" w="152" /></phr></stem></index>