﻿<?xml version="1.0" encoding="utf-8"?><index><stem n="{monitoring.context.propertyunit}"><phr n="{monitoring.context.propertyUnit}"><ent r="8" t="16" w="1259" /></phr></stem><stem n="&quot;normal&quot;"><phr n="&quot;normal&quot;"><ent r="7" t="16" w="1271" /></phr></stem><stem n="&quot;alert&quot;"><phr n="&quot;alert&quot;"><ent r="7" t="16" w="1273" /></phr></stem><stem n="monitoring.context.propertyst"><phr n="monitoring.context.propertyState"><ent r="8" t="16" w="1279" /><ent r="8" t="16" w="1277" /></phr></stem><stem n="propertyst"><phr n="propertyState"><ent r="8" t="16" w="1279" /></phr></stem><stem n="{monitoring.context.propertystate}"><phr n="{monitoring.context.propertyState}"><ent r="8" t="16" w="1280" /></phr></stem><stem n="overridden"><phr n="overridden"><ent r="7" t="16" w="1312" /></phr></stem><stem n="monitoring.context.triggervalu"><phr n="monitoring.context.triggerValue"><ent r="8" t="16" w="1327" /><ent r="8" t="16" w="1325" /></phr></stem><stem n="triggervalu"><phr n="triggerValue"><ent r="8" t="16" w="1327" /></phr></stem><stem n="{monitoring.context.triggervalue}"><phr n="{monitoring.context.triggerValue}"><ent r="8" t="16" w="1328" /></phr></stem><stem n=":migrat"><phr n=":migrating"><ent r="100" t="17" w="14" /><ent r="100" t="17" w="17" /></phr></stem><stem n="(migrate)"><phr n="(migrate)"><ent r="3" t="17" w="33" /></phr></stem><stem n="conveni"><phr n="convenient"><ent r="3" t="17" w="53" /></phr></stem><stem n="wai"><phr n="way"><ent r="3" t="17" w="54" /></phr></stem><stem n="depend"><phr n="dependencies"><ent r="3" t="17" w="62" /><ent r="4" t="17" w="287" /><ent r="3" t="17" w="314" /><ent r="4" t="17" w="391" /><ent r="4" t="17" w="411" /><ent r="3" t="17" w="429" /><ent r="3" t="17" w="448" /><ent r="3" t="17" w="463" /><ent r="3" t="34" w="48" /><ent r="3" t="34" w="346" /><ent r="3" t="34" w="371" /><ent r="3" t="34" w="385" /><ent r="4" t="34" w="395" /><ent r="4" t="34" w="438" /><ent r="4" t="34" w="498" /><ent r="4" t="34" w="520" /><ent r="3" t="34" w="541" /><ent r="4" t="34" w="1696" /><ent r="3" t="34" w="1748" /><ent r="4" t="34" w="1773" /><ent r="3" t="34" w="1900" /><ent r="3" t="34" w="1910" /><ent r="4" t="34" w="1940" /><ent r="4" t="34" w="2050" /><ent r="6" t="35" w="220" /></phr><phr n="Dependencies"><ent r="5" t="17" w="292" /><ent r="65" t="17" w="300" /><ent r="65" t="17" w="307" /><ent r="3" t="17" w="408" /><ent r="65" t="17" w="424" /><ent r="64" t="17" w="457" /><ent r="100" t="34" w="7" /><ent r="92" t="34" w="335" /><ent r="82" t="34" w="1704" /><ent r="3" t="34" w="1711" /><ent r="5" t="34" w="1779" /><ent r="4" t="34" w="1784" /><ent r="82" t="34" w="1888" /><ent r="3" t="34" w="1892" /><ent r="4" t="34" w="1906" /><ent r="64" t="34" w="1929" /><ent r="3" t="34" w="1935" /></phr><phr n="dependency"><ent r="3" t="17" w="440" /><ent r="3" t="34" w="1716" /><ent r="4" t="34" w="1759" /></phr><phr n="depends"><ent r="4" t="34" w="1382" /><ent r="7" t="36" w="1105" /><ent r="6" t="44" w="396" /></phr><phr n="depending"><ent r="6" t="35" w="208" /></phr><phr n="Depending"><ent r="7" t="36" w="493" /></phr></stem><stem n="so"><phr n="so"><ent r="3" t="17" w="67" /><ent r="3" t="34" w="56" /><ent r="4" t="34" w="1689" /></phr></stem><stem n="target"><phr n="target"><ent r="3" t="17" w="77" /><ent r="3" t="17" w="95" /><ent r="7" t="28" w="266" /><ent r="4" t="34" w="271" /><ent r="4" t="34" w="286" /><ent r="4" t="34" w="997" /><ent r="4" t="34" w="1453" /><ent r="4" t="34" w="1496" /><ent r="3" t="34" w="1544" /><ent r="4" t="34" w="1996" /><ent r="7" t="36" w="1129" /></phr></stem><stem n="temporarili"><phr n="temporarily"><ent r="3" t="17" w="109" /><ent r="3" t="31" w="128" /><ent r="4" t="34" w="1063" /></phr></stem><stem n="simpli"><phr n="simply"><ent r="3" t="17" w="114" /><ent r="4" t="23" w="221" /><ent r="4" t="24" w="166" /><ent r="6" t="35" w="345" /></phr></stem><stem n="reload"><phr n="Reload"><ent r="5" t="17" w="160" /><ent r="65" t="17" w="167" /><ent r="65" t="17" w="575" /><ent r="82" t="34" w="1099" /><ent r="3" t="34" w="1104" /><ent r="4" t="34" w="1125" /><ent r="6" t="35" w="134" /></phr><phr n="Reloading"><ent r="3" t="34" w="1128" /><ent r="4" t="34" w="1179" /></phr><phr n="reloaded"><ent r="6" t="35" w="283" /></phr></stem><stem n="sourc"><phr n="Source"><ent r="4" t="17" w="173" /><ent r="65" t="17" w="190" /><ent r="65" t="17" w="346" /><ent r="5" t="34" w="1027" /><ent r="82" t="34" w="1191" /><ent r="3" t="34" w="1197" /><ent r="4" t="34" w="1269" /><ent r="5" t="34" w="1966" /><ent r="7" t="35" w="165" /></phr><phr n="source"><ent r="4" t="17" w="177" /><ent r="4" t="17" w="202" /><ent r="4" t="17" w="340" /><ent r="4" t="17" w="380" /><ent r="3" t="17" w="525" /><ent r="3" t="18" w="207" /><ent r="4" t="34" w="303" /><ent r="4" t="34" w="406" /><ent r="3" t="34" w="601" /><ent r="3" t="34" w="671" /><ent r="4" t="34" w="699" /><ent r="4" t="34" w="921" /><ent r="4" t="34" w="955" /><ent r="4" t="34" w="1044" /><ent r="3" t="34" w="1207" /><ent r="4" t="34" w="1322" /><ent r="4" t="34" w="1494" /><ent r="4" t="34" w="1511" /><ent r="3" t="34" w="1532" /><ent r="3" t="34" w="1554" /><ent r="5" t="34" w="2005" /><ent r="6" t="35" w="169" /></phr><phr n="sources"><ent r="4" t="34" w="2019" /></phr></stem><stem n="panel"><phr n="panel"><ent r="4" t="17" w="174" /><ent r="4" t="17" w="319" /></phr></stem><stem n="/destin"><phr n="/Destination"><ent r="65" t="17" w="191" /><ent r="65" t="17" w="257" /><ent r="65" t="17" w="347" /><ent r="65" t="17" w="374" /><ent r="82" t="34" w="1192" /><ent r="3" t="34" w="1198" /><ent r="82" t="34" w="1255" /><ent r="3" t="34" w="1263" /><ent r="3" t="34" w="1741" /></phr><phr n="/destination"><ent r="3" t="18" w="208" /></phr></stem><stem n="source/destin"><phr n="Source/Destination"><ent r="65" t="17" w="191" /><ent r="65" t="17" w="190" /><ent r="65" t="17" w="347" /><ent r="65" t="17" w="346" /><ent r="82" t="34" w="1192" /><ent r="82" t="34" w="1191" /><ent r="3" t="34" w="1198" /><ent r="3" t="34" w="1197" /></phr><phr n="source/destination"><ent r="3" t="18" w="208" /><ent r="3" t="18" w="207" /></phr></stem><stem n="preserv"><phr n="preserve"><ent r="4" t="17" w="196" /></phr></stem><stem n="structur"><phr n="structure"><ent r="4" t="17" w="199" /><ent r="3" t="34" w="636" /><ent r="4" t="34" w="1314" /></phr></stem><stem n="leav"><phr n="leave"><ent r="4" t="17" w="216" /><ent r="4" t="34" w="1421" /></phr><phr n="Leave"><ent r="4" t="27" w="692" /></phr></stem><stem n="unselect"><phr n="unselected"><ent r="4" t="17" w="220" /></phr><phr n="unselect"><ent r="3" t="34" w="1296" /></phr></stem><stem n="flatten"><phr n="flattened"><ent r="4" t="17" w="224" /><ent r="4" t="34" w="1337" /></phr></stem><stem n="&quot;flattened&quot;"><phr n="&quot;flattened&quot;"><ent r="4" t="17" w="225" /><ent r="4" t="34" w="1338" /></phr></stem><stem n="migrate/destin"><phr n="Migrate/Destination"><ent r="65" t="17" w="257" /><ent r="65" t="17" w="256" /><ent r="65" t="17" w="374" /><ent r="65" t="17" w="373" /><ent r="82" t="34" w="1255" /><ent r="82" t="34" w="1254" /><ent r="3" t="34" w="1263" /><ent r="3" t="34" w="1262" /><ent r="3" t="34" w="1741" /><ent r="3" t="34" w="1740" /></phr></stem><stem n="child"><phr n="child"><ent r="4" t="17" w="272" /><ent r="3" t="34" w="1291" /><ent r="3" t="34" w="1297" /></phr></stem><stem n="understand"><phr n="Understanding"><ent r="65" t="17" w="299" /><ent r="92" t="34" w="334" /><ent r="64" t="34" w="1928" /></phr><phr n="understand"><ent r="3" t="34" w="369" /></phr></stem><stem n="/item"><phr n="/Item"><ent r="65" t="17" w="306" /><ent r="82" t="34" w="1703" /><ent r="3" t="34" w="1710" /></phr></stem><stem n="details/item"><phr n="Details/Item"><ent r="65" t="17" w="306" /><ent r="65" t="17" w="305" /><ent r="82" t="34" w="1703" /><ent r="82" t="34" w="1702" /><ent r="3" t="34" w="1710" /><ent r="3" t="34" w="1709" /></phr></stem><stem n="overwrit"><phr n="overwrite"><ent r="5" t="17" w="360" /><ent r="5" t="34" w="1469" /><ent r="4" t="34" w="1478" /><ent r="4" t="34" w="1503" /><ent r="5" t="34" w="1587" /></phr><phr n="overwriting"><ent r="3" t="34" w="1521" /></phr></stem><stem n="exist"><phr n="existing"><ent r="5" t="17" w="361" /><ent r="4" t="20" w="38" /><ent r="4" t="21" w="39" /><ent r="4" t="23" w="191" /><ent r="5" t="34" w="1470" /><ent r="5" t="34" w="1588" /><ent r="4" t="42" w="378" /></phr><phr n="exist"><ent r="3" t="26" w="591" /><ent r="4" t="34" w="717" /><ent r="4" t="34" w="736" /><ent r="4" t="34" w="918" /><ent r="4" t="34" w="1439" /></phr><phr n="exists"><ent r="6" t="32" w="526" /><ent r="3" t="34" w="846" /><ent r="3" t="34" w="861" /><ent r="4" t="34" w="1388" /><ent r="4" t="34" w="1490" /><ent r="3" t="34" w="1528" /></phr></stem><stem n="intervent"><phr n="intervention"><ent r="4" t="17" w="394" /></phr></stem><stem n="none"><phr n="none"><ent r="3" t="17" w="433" /></phr><phr n="None"><ent r="7" t="36" w="843" /></phr></stem><stem n="decid"><phr n="decide"><ent r="3" t="17" w="443" /><ent r="4" t="27" w="163" /></phr></stem><stem n="caus"><phr n="caused"><ent r="3" t="17" w="508" /><ent r="7" t="36" w="1028" /></phr><phr n="causes"><ent r="4" t="31" w="536" /><ent r="4" t="34" w="1000" /></phr><phr n="Causes"><ent r="82" t="34" w="970" /></phr><phr n="cause"><ent r="4" t="34" w="1021" /></phr></stem><stem n="(1)"><phr n="(1)"><ent r="3" t="17" w="512" /><ent r="3" t="27" w="588" /><ent r="3" t="27" w="986" /><ent r="6" t="28" w="183" /><ent r="3" t="31" w="976" /><ent r="6" t="32" w="204" /><ent r="7" t="36" w="985" /></phr></stem><stem n="(2)"><phr n="(2)"><ent r="3" t="17" w="518" /><ent r="3" t="27" w="605" /><ent r="3" t="27" w="994" /><ent r="6" t="28" w="190" /><ent r="3" t="31" w="1008" /><ent r="6" t="32" w="221" /><ent r="7" t="36" w="1006" /></phr></stem><stem n="satisfactori"><phr n="satisfactory"><ent r="4" t="17" w="542" /></phr></stem><stem n="label"><phr n="label"><ent r="4" t="17" w="547" /><ent r="4" t="17" w="553" /><ent r="4" t="17" w="587" /><ent r="4" t="17" w="596" /><ent r="4" t="34" w="1152" /><ent r="4" t="34" w="1162" /><ent r="6" t="35" w="117" /><ent r="6" t="35" w="238" /></phr><phr n="Label"><ent r="7" t="35" w="113" /><ent r="7" t="35" w="230" /><ent r="8" t="35" w="391" /><ent r="7" t="44" w="240" /></phr><phr n="labels"><ent r="6" t="35" w="125" /></phr></stem><stem n="easier"><phr n="easier"><ent r="4" t="17" w="556" /><ent r="7" t="36" w="974" /></phr></stem><stem n="histori"><phr n="History"><ent r="65" t="17" w="564" /><ent r="65" t="17" w="601" /><ent r="64" t="17" w="632" /><ent r="1000" t="18" w="3" /><ent r="100" t="18" w="7" /><ent r="100" t="18" w="12" /><ent r="102" t="18" w="18" /><ent r="64" t="18" w="35" /><ent r="126" t="33" w="57" /><ent r="65" t="34" w="1175" /><ent r="1000" t="35" w="1" /><ent r="100" t="35" w="4" /><ent r="102" t="35" w="10" /><ent r="3" t="35" w="14" /><ent r="4" t="35" w="70" /></phr><phr n="history"><ent r="100" t="18" w="10" /><ent r="4" t="34" w="934" /><ent r="100" t="35" w="8" /></phr></stem><stem n="proce"><phr n="proceed"><ent r="4" t="17" w="610" /><ent r="3" t="34" w="534" /><ent r="3" t="34" w="1921" /></phr></stem><stem n="/polici"><phr n="/policy"><ent r="64" t="18" w="29" /></phr></stem><stem n="service/polici"><phr n="service/policy"><ent r="64" t="18" w="29" /><ent r="64" t="18" w="28" /></phr></stem><stem n="rang"><phr n="range"><ent r="4" t="18" w="60" /><ent r="4" t="18" w="101" /><ent r="6" t="35" w="87" /></phr></stem><stem n="retain"><phr n="retain"><ent r="3" t="18" w="135" /><ent r="6" t="35" w="274" /></phr><phr n="retained"><ent r="3" t="39" w="84" /></phr></stem><stem n="past"><phr n="pasted"><ent r="3" t="18" w="159" /></phr><phr n="past"><ent r="3" t="38" w="35" /></phr></stem><stem n="applic"><phr n="application"><ent r="3" t="18" w="162" /><ent r="3" t="40" w="40" /></phr><phr n="applicable"><ent r="4" t="26" w="372" /><ent r="7" t="31" w="1136" /><ent r="3" t="32" w="144" /></phr></stem><stem n="“to"><phr n="“To"><ent r="4" t="18" w="168" /><ent r="4" t="18" w="226" /></phr></stem><stem n="particular"><phr n="particular"><ent r="3" t="18" w="219" /></phr></stem><stem n=":creat"><phr n=":creating"><ent r="100" t="19" w="14" /><ent r="100" t="32" w="8" /></phr></stem><stem n="-128"><phr n="-128"><ent r="4" t="19" w="90" /><ent r="4" t="19" w="90" /><ent r="6" t="43" w="105" /><ent r="6" t="43" w="105" /></phr></stem><stem n="3-128"><phr n="3-128"><ent r="4" t="19" w="90" /><ent r="6" t="43" w="105" /></phr></stem><stem n="-32"><phr n="-32"><ent r="4" t="19" w="118" /><ent r="4" t="19" w="118" /><ent r="6" t="43" w="139" /><ent r="6" t="43" w="139" /></phr></stem><stem n="6-32"><phr n="6-32"><ent r="4" t="19" w="118" /><ent r="6" t="43" w="139" /></phr></stem><stem n="user'"><phr n="user's"><ent r="4" t="19" w="159" /><ent r="4" t="19" w="158" /><ent r="4" t="19" w="171" /><ent r="4" t="19" w="170" /><ent r="4" t="19" w="184" /><ent r="4" t="19" w="183" /><ent r="3" t="22" w="133" /><ent r="3" t="22" w="132" /><ent r="6" t="43" w="165" /><ent r="6" t="43" w="164" /><ent r="6" t="43" w="176" /><ent r="6" t="43" w="175" /><ent r="6" t="44" w="517" /><ent r="6" t="44" w="516" /><ent r="6" t="44" w="540" /><ent r="6" t="44" w="539" /></phr></stem><stem n="surnam"><phr n="Surname"><ent r="5" t="19" w="167" /><ent r="4" t="23" w="286" /><ent r="4" t="24" w="231" /><ent r="7" t="43" w="161" /></phr><phr n="surname"><ent r="6" t="43" w="166" /></phr></stem><stem n="last"><phr n="last"><ent r="4" t="19" w="172" /><ent r="6" t="36" w="1224" /><ent r="6" t="36" w="1263" /><ent r="6" t="36" w="1305" /><ent r="6" t="36" w="1320" /><ent r="6" t="36" w="1361" /><ent r="6" t="36" w="1376" /></phr><phr n="Last"><ent r="5" t="26" w="399" /><ent r="8" t="36" w="730" /><ent r="4" t="36" w="1203" /></phr></stem><stem n="given"><phr n="Given"><ent r="5" t="19" w="179" /><ent r="4" t="23" w="288" /><ent r="4" t="24" w="233" /><ent r="7" t="43" w="171" /></phr><phr n="given"><ent r="6" t="29" w="51" /><ent r="7" t="36" w="520" /><ent r="6" t="43" w="177" /></phr></stem><stem n="255"><phr n="255"><ent r="4" t="19" w="203" /><ent r="6" t="43" w="198" /></phr></stem><stem n="himself"><phr n="himself"><ent r="4" t="19" w="238" /><ent r="3" t="22" w="111" /></phr></stem><stem n="herself"><phr n="herself"><ent r="4" t="19" w="240" /><ent r="3" t="22" w="113" /></phr></stem><stem n="unrestrict"><phr n="unrestricted"><ent r="4" t="19" w="283" /></phr></stem><stem n=".)"><phr n=".)"><ent r="4" t="19" w="314" /><ent r="3" t="27" w="839" /><ent r="3" t="34" w="140" /><ent r="3" t="34" w="423" /><ent r="6" t="44" w="484" /></phr></stem><stem n=":edit"><phr n=":editing"><ent r="100" t="20" w="12" /></phr></stem><stem n=":delet"><phr n=":deleting"><ent r="100" t="21" w="12" /></phr></stem><stem n="deni"><phr n="denied"><ent r="4" t="21" w="94" /></phr></stem><stem n="soon"><phr n="soon"><ent r="4" t="21" w="97" /><ent r="4" t="23" w="343" /><ent r="4" t="24" w="288" /></phr></stem><stem n=":role"><phr n=":roles"><ent r="100" t="22" w="10" /><ent r="100" t="24" w="20" /></phr></stem><stem n=":manag"><phr n=":managing"><ent r="100" t="22" w="13" /></phr></stem><stem n="everi"><phr n="every"><ent r="3" t="22" w="108" /><ent r="4" t="27" w="704" /><ent r="4" t="27" w="866" /><ent r="4" t="27" w="929" /><ent r="3" t="35" w="30" /><ent r="4" t="44" w="108" /></phr><phr n="Every"><ent r="3" t="34" w="337" /></phr></stem><stem n="“assign"><phr n="“Assigned"><ent r="7" t="22" w="193" /><ent r="7" t="22" w="217" /><ent r="7" t="22" w="249" /><ent r="7" t="22" w="253" /></phr></stem><stem n="“unassign"><phr n="“Unassigned"><ent r="7" t="22" w="197" /><ent r="7" t="22" w="274" /></phr></stem><stem n="unassign"><phr n="Unassigned"><ent r="7" t="22" w="197" /><ent r="7" t="22" w="274" /><ent r="5" t="23" w="203" /><ent r="4" t="23" w="309" /><ent r="4" t="24" w="259" /><ent r="6" t="44" w="377" /><ent r="6" t="44" w="439" /></phr><phr n="Unassign"><ent r="8" t="22" w="263" /><ent r="5" t="24" w="245" /><ent r="7" t="44" w="505" /></phr><phr n="unassigned"><ent r="6" t="44" w="533" /></phr></stem><stem n="”,"><phr n="”,"><ent r="7" t="22" w="199" /><ent r="7" t="22" w="255" /></phr></stem><stem n="try"><phr n="try"><ent r="6" t="22" w="298" /><ent r="6" t="38" w="133" /><ent r="6" t="39" w="162" /></phr></stem><stem n="“user"><phr n="“User"><ent r="7" t="22" w="306" /></phr></stem><stem n="ascend"><phr n="ascending"><ent r="7" t="22" w="315" /></phr></stem><stem n="/descend"><phr n="/descending"><ent r="7" t="22" w="316" /></phr></stem><stem n="ascending/descend"><phr n="ascending/descending"><ent r="7" t="22" w="316" /><ent r="7" t="22" w="315" /></phr></stem><stem n="descend"><phr n="descending"><ent r="7" t="22" w="316" /></phr></stem><stem n="alphabet"><phr n="alphabetical"><ent r="7" t="22" w="317" /></phr></stem><stem n="search"><phr n="Search"><ent r="7" t="22" w="320" /><ent r="5" t="34" w="2148" /><ent r="7" t="44" w="325" /><ent r="7" t="44" w="364" /><ent r="6" t="44" w="399" /></phr><phr n="searching"><ent r="7" t="22" w="338" /><ent r="4" t="34" w="2114" /><ent r="6" t="44" w="331" /></phr><phr n="search"><ent r="4" t="23" w="237" /><ent r="4" t="23" w="246" /><ent r="4" t="23" w="292" /><ent r="4" t="24" w="182" /><ent r="4" t="24" w="191" /><ent r="4" t="24" w="237" /><ent r="4" t="34" w="2084" /><ent r="4" t="34" w="2094" /><ent r="4" t="34" w="2155" /><ent r="6" t="44" w="339" /><ent r="6" t="44" w="361" /><ent r="6" t="44" w="389" /></phr><phr n="Searching"><ent r="4" t="23" w="271" /><ent r="4" t="24" w="216" /><ent r="3" t="34" w="2062" /><ent r="4" t="34" w="2152" /></phr><phr n="searched"><ent r="4" t="23" w="283" /><ent r="4" t="24" w="228" /></phr></stem><stem n="anywher"><phr n="anywhere"><ent r="7" t="22" w="332" /><ent r="4" t="34" w="2108" /><ent r="6" t="44" w="348" /></phr></stem><stem n="smit"><phr n="smit"><ent r="7" t="22" w="340" /></phr></stem><stem n="“smit”"><phr n="“smit”"><ent r="7" t="22" w="341" /></phr></stem><stem n="jsmith"><phr n="JSmith"><ent r="7" t="22" w="343" /><ent r="7" t="22" w="366" /><ent r="4" t="34" w="2119" /><ent r="4" t="34" w="2140" /></phr><phr n="JSMITH"><ent r="4" t="27" w="891" /><ent r="4" t="27" w="906" /></phr></stem><stem n="“jsmith”"><phr n="“JSmith”"><ent r="7" t="22" w="344" /><ent r="7" t="22" w="367" /><ent r="4" t="34" w="2120" /><ent r="4" t="34" w="2141" /></phr></stem><stem n="asmith"><phr n="ASmithe"><ent r="7" t="22" w="345" /></phr></stem><stem n="&quot;asmithe&quot;."><phr n="&quot;ASmithe&quot;."><ent r="7" t="22" w="346" /></phr></stem><stem n="match"><phr n="match"><ent r="7" t="22" w="352" /><ent r="4" t="27" w="438" /><ent r="4" t="27" w="477" /><ent r="4" t="27" w="672" /><ent r="3" t="27" w="725" /><ent r="4" t="34" w="2126" /></phr><phr n="matched"><ent r="6" t="44" w="395" /></phr><phr n="matching"><ent r="6" t="44" w="411" /></phr></stem><stem n="js"><phr n="js"><ent r="7" t="22" w="363" /><ent r="4" t="34" w="2137" /></phr></stem><stem n="“js”"><phr n="“js”"><ent r="7" t="22" w="364" /><ent r="4" t="34" w="2138" /></phr></stem><stem n="jsimpson"><phr n="JSimpson"><ent r="7" t="22" w="368" /><ent r="4" t="34" w="2142" /></phr></stem><stem n="“jsimpson”."><phr n="“JSimpson”."><ent r="7" t="22" w="369" /></phr></stem><stem n="-specif"><phr n="-specific"><ent r="3" t="23" w="106" /><ent r="3" t="23" w="106" /><ent r="3" t="40" w="19" /><ent r="3" t="40" w="19" /><ent r="3" t="42" w="30" /><ent r="3" t="42" w="30" /><ent r="4" t="44" w="139" /><ent r="4" t="44" w="139" /><ent r="3" t="44" w="199" /><ent r="3" t="44" w="199" /></phr></stem><stem n="cluster-specif"><phr n="cluster-specific"><ent r="3" t="23" w="106" /><ent r="3" t="44" w="199" /></phr></stem><stem n="suffici"><phr n="sufficient"><ent r="3" t="23" w="125" /><ent r="3" t="34" w="91" /><ent r="3" t="44" w="218" /></phr></stem><stem n="lengthi"><phr n="lengthy"><ent r="4" t="23" w="234" /><ent r="4" t="24" w="179" /><ent r="7" t="36" w="1156" /></phr></stem><stem n="criteria"><phr n="criteria"><ent r="4" t="23" w="238" /><ent r="4" t="24" w="183" /><ent r="4" t="27" w="650" /></phr></stem><stem n="narrow"><phr n="narrow"><ent r="4" t="23" w="240" /><ent r="4" t="24" w="185" /></phr></stem><stem n="few"><phr n="few"><ent r="4" t="23" w="251" /><ent r="4" t="24" w="196" /></phr></stem><stem n="(&quot;"><phr n="(&quot;"><ent r="4" t="23" w="257" /><ent r="4" t="23" w="268" /><ent r="4" t="24" w="202" /><ent r="4" t="24" w="213" /></phr></stem><stem n="&quot;)"><phr n="&quot;)"><ent r="4" t="23" w="261" /><ent r="4" t="24" w="206" /></phr></stem><stem n="&quot;)."><phr n="&quot;)."><ent r="4" t="23" w="271" /><ent r="4" t="24" w="216" /><ent r="3" t="31" w="1310" /></phr></stem><stem n="case"><phr n="case"><ent r="4" t="23" w="273" /><ent r="4" t="24" w="218" /><ent r="4" t="27" w="681" /></phr></stem><stem n="insensit"><phr n="insensitive"><ent r="4" t="23" w="274" /><ent r="4" t="24" w="219" /></phr></stem><stem n="&quot;unassign"><phr n="&quot;Unassigned"><ent r="4" t="23" w="309" /><ent r="4" t="24" w="259" /><ent r="6" t="44" w="377" /><ent r="6" t="44" w="439" /></phr></stem><stem n="&quot;assign"><phr n="&quot;Assigned"><ent r="4" t="23" w="314" /><ent r="4" t="24" w="254" /><ent r="6" t="44" w="374" /><ent r="6" t="44" w="424" /></phr></stem><stem n="switch"><phr n="switches"><ent r="4" t="23" w="357" /><ent r="4" t="24" w="302" /></phr></stem><stem n="rescind"><phr n="rescind"><ent r="3" t="24" w="41" /><ent r="3" t="24" w="52" /></phr></stem><stem n="reset"><phr n="Resetting"><ent r="1000" t="25" w="1" /><ent r="100" t="25" w="5" /><ent r="102" t="25" w="12" /></phr><phr n="resetting"><ent r="100" t="25" w="10" /></phr><phr n="reset"><ent r="3" t="25" w="19" /><ent r="3" t="25" w="44" /><ent r="4" t="25" w="49" /><ent r="4" t="25" w="81" /><ent r="4" t="25" w="103" /><ent r="6" t="41" w="91" /></phr><phr n="Reset"><ent r="4" t="25" w="85" /><ent r="5" t="25" w="100" /></phr></stem><stem n=":reset"><phr n=":resetting"><ent r="100" t="25" w="10" /></phr></stem><stem n="forgotten"><phr n="forgotten"><ent r="3" t="25" w="29" /><ent r="6" t="41" w="84" /></phr></stem><stem n="whose"><phr n="whose"><ent r="4" t="25" w="76" /></phr></stem><stem n="html"><phr n="HTML"><ent r="3" t="26" w="29" /><ent r="7" t="28" w="170" /><ent r="7" t="36" w="941" /><ent r="7" t="36" w="1041" /><ent r="7" t="36" w="1554" /><ent r="6" t="36" w="1706" /></phr></stem><stem n="explan"><phr n="Explanation"><ent r="64" t="26" w="54" /><ent r="68" t="28" w="153" /><ent r="1000" t="29" w="1" /><ent r="100" t="29" w="6" /><ent r="102" t="29" w="14" /></phr><phr n="explanation"><ent r="3" t="31" w="1125" /><ent r="7" t="36" w="754" /><ent r="3" t="36" w="1443" /></phr></stem><stem n="mechan"><phr n="mechanism"><ent r="3" t="26" w="64" /></phr></stem><stem n="hourli"><phr n="hourly"><ent r="3" t="26" w="71" /></phr></stem><stem n="daili"><phr n="daily"><ent r="3" t="26" w="73" /></phr></stem><stem n="activ"><phr n="activity"><ent r="3" t="26" w="80" /></phr><phr n="active"><ent r="4" t="34" w="266" /><ent r="4" t="34" w="281" /><ent r="4" t="34" w="1871" /><ent r="5" t="39" w="116" /></phr></stem><stem n="hour"><phr n="hour"><ent r="3" t="26" w="85" /><ent r="3" t="26" w="95" /><ent r="7" t="36" w="1140" /><ent r="6" t="36" w="1226" /><ent r="6" t="36" w="1231" /><ent r="7" t="41" w="216" /><ent r="7" t="41" w="220" /></phr><phr n="hours"><ent r="4" t="26" w="421" /><ent r="8" t="36" w="734" /></phr><phr n="Hours"><ent r="7" t="36" w="1221" /></phr><phr n="Hour"><ent r="6" t="36" w="1243" /></phr></stem><stem n="100"><phr n="100"><ent r="3" t="26" w="103" /><ent r="3" t="26" w="121" /><ent r="3" t="29" w="505" /><ent r="3" t="29" w="537" /><ent r="3" t="29" w="544" /><ent r="4" t="29" w="575" /><ent r="7" t="31" w="303" /></phr></stem><stem n=":00"><phr n=":00"><ent r="3" t="26" w="107" /><ent r="3" t="26" w="129" /><ent r="6" t="36" w="1255" /><ent r="6" t="36" w="1280" /><ent r="6" t="36" w="1297" /><ent r="6" t="36" w="1301" /><ent r="6" t="36" w="1335" /><ent r="6" t="36" w="1353" /><ent r="6" t="36" w="1357" /></phr></stem><stem n="00"><phr n="00"><ent r="3" t="26" w="107" /><ent r="3" t="26" w="129" /><ent r="6" t="36" w="1255" /><ent r="6" t="36" w="1258" /><ent r="6" t="36" w="1280" /><ent r="6" t="36" w="1296" /><ent r="6" t="36" w="1297" /><ent r="6" t="36" w="1300" /><ent r="6" t="36" w="1301" /><ent r="6" t="36" w="1335" /><ent r="6" t="36" w="1352" /><ent r="6" t="36" w="1353" /><ent r="6" t="36" w="1356" /><ent r="6" t="36" w="1357" /></phr></stem><stem n="30"><phr n="30"><ent r="3" t="26" w="110" /><ent r="7" t="31" w="251" /><ent r="7" t="31" w="325" /><ent r="7" t="31" w="346" /><ent r="7" t="36" w="1136" /><ent r="6" t="36" w="1240" /><ent r="4" t="42" w="494" /></phr></stem><stem n=":30."><phr n=":30."><ent r="3" t="26" w="111" /></phr></stem><stem n=":45"><phr n=":45"><ent r="3" t="26" w="116" /></phr></stem><stem n="45"><phr n="45"><ent r="3" t="26" w="116" /></phr></stem><stem n="load"><phr n="loading"><ent r="3" t="26" w="147" /></phr><phr n="load"><ent r="7" t="31" w="397" /><ent r="7" t="36" w="1126" /></phr><phr n="Load"><ent r="8" t="36" w="269" /></phr><phr n="Loads"><ent r="7" t="36" w="271" /></phr><phr n="loaded"><ent r="7" t="36" w="286" /><ent r="7" t="36" w="399" /></phr></stem><stem n="previous"><phr n="previously"><ent r="3" t="26" w="148" /><ent r="3" t="31" w="662" /><ent r="7" t="36" w="249" /></phr></stem><stem n="publish"><phr n="Published"><ent r="5" t="26" w="200" /><ent r="5" t="26" w="305" /><ent r="8" t="36" w="426" /><ent r="8" t="36" w="528" /><ent r="8" t="36" w="646" /></phr><phr n="published"><ent r="4" t="26" w="233" /><ent r="3" t="26" w="561" /><ent r="3" t="27" w="273" /><ent r="4" t="34" w="274" /><ent r="4" t="34" w="1645" /><ent r="4" t="34" w="1672" /><ent r="3" t="34" w="1731" /><ent r="7" t="36" w="435" /><ent r="7" t="36" w="501" /><ent r="7" t="36" w="551" /></phr></stem><stem n="deselect"><phr n="deselects"><ent r="4" t="26" w="295" /></phr></stem><stem n="[add"><phr n="[Add"><ent r="5" t="26" w="310" /></phr></stem><stem n="zone"><phr n="Zone"><ent r="5" t="26" w="354" /><ent r="8" t="36" w="652" /><ent r="7" t="41" w="150" /><ent r="6" t="41" w="159" /></phr><phr n="zone"><ent r="4" t="26" w="368" /><ent r="7" t="36" w="656" /><ent r="7" t="36" w="678" /><ent r="7" t="36" w="690" /><ent r="7" t="36" w="700" /><ent r="7" t="36" w="712" /><ent r="7" t="36" w="724" /><ent r="6" t="41" w="155" /></phr></stem><stem n="period"><phr n="Period"><ent r="5" t="26" w="385" /><ent r="7" t="36" w="1217" /></phr><phr n="period"><ent r="5" t="26" w="394" /><ent r="4" t="26" w="407" /><ent r="4" t="26" w="411" /><ent r="5" t="26" w="428" /><ent r="4" t="27" w="876" /><ent r="4" t="27" w="911" /><ent r="4" t="27" w="941" /><ent r="6" t="29" w="53" /><ent r="7" t="29" w="377" /><ent r="7" t="29" w="392" /><ent r="7" t="36" w="669" /><ent r="7" t="36" w="746" /><ent r="7" t="36" w="761" /><ent r="7" t="36" w="831" /><ent r="7" t="36" w="1111" /><ent r="3" t="36" w="1206" /><ent r="6" t="36" w="1248" /><ent r="6" t="36" w="1288" /><ent r="6" t="36" w="1343" /><ent r="6" t="36" w="1401" /><ent r="6" t="38" w="83" /><ent r="6" t="38" w="107" /><ent r="6" t="38" w="118" /><ent r="4" t="42" w="435" /><ent r="4" t="42" w="450" /></phr><phr n="periods"><ent r="6" t="29" w="179" /><ent r="6" t="29" w="285" /><ent r="4" t="36" w="1215" /></phr></stem></index>