<?xml version="1.0" encoding="utf-8"?><index><stem n="updat"><phr n="update"><ent r="3" t="2" w="263" /><ent r="3" t="2" w="281" /><ent r="3" t="2" w="314" /><ent r="3" t="2" w="342" /><ent r="3" t="12" w="405" /><ent r="4" t="34" w="1062" /><ent r="4" t="34" w="1830" /><ent r="6" t="35" w="130" /><ent r="6" t="38" w="303" /></phr><phr n="updating"><ent r="4" t="4" w="235" /><ent r="7" t="38" w="294" /></phr><phr n="updated"><ent r="4" t="18" w="255" /><ent r="4" t="34" w="1646" /><ent r="6" t="44" w="525" /><ent r="6" t="44" w="548" /></phr></stem><stem n="accompani"><phr n="accompanying"><ent r="3" t="2" w="265" /></phr></stem><stem n="help"><phr n="helps"><ent r="3" t="2" w="268" /></phr><phr n="help"><ent r="3" t="3" w="366" /><ent r="3" t="4" w="31" /><ent r="3" t="18" w="216" /><ent r="6" t="35" w="146" /><ent r="3" t="39" w="44" /></phr></stem><stem n="ensur"><phr n="ensure"><ent r="3" t="2" w="269" /><ent r="4" t="12" w="286" /><ent r="3" t="16" w="52" /><ent r="3" t="17" w="221" /><ent r="3" t="31" w="118" /><ent r="3" t="36" w="1507" /></phr><phr n="Ensure"><ent r="3" t="7" w="380" /><ent r="4" t="31" w="937" /><ent r="4" t="31" w="982" /></phr><phr n="ensuring"><ent r="3" t="22" w="106" /></phr></stem><stem n="recent"><phr n="recent"><ent r="3" t="2" w="276" /><ent r="6" t="32" w="800" /><ent r="6" t="36" w="1684" /></phr><phr n="recently"><ent r="3" t="2" w="291" /></phr></stem><stem n="action"><phr n="action"><ent r="3" t="2" w="289" /><ent r="3" t="4" w="562" /><ent r="3" t="13" w="112" /><ent r="4" t="14" w="488" /><ent r="4" t="21" w="102" /><ent r="4" t="23" w="349" /><ent r="4" t="24" w="294" /><ent r="3" t="28" w="81" /><ent r="3" t="32" w="135" /><ent r="3" t="32" w="155" /><ent r="4" t="42" w="207" /></phr><phr n="actions"><ent r="4" t="4" w="166" /><ent r="5" t="4" w="250" /><ent r="5" t="28" w="111" /><ent r="3" t="32" w="183" /><ent r="7" t="38" w="225" /></phr><phr n="Action"><ent r="5" t="32" w="185" /><ent r="7" t="32" w="192" /></phr></stem><stem n="tip"><phr n="Tip"><ent r="4" t="2" w="294" /><ent r="4" t="2" w="325" /><ent r="7" t="3" w="1217" /><ent r="8" t="3" w="1438" /><ent r="4" t="4" w="92" /><ent r="7" t="4" w="497" /><ent r="4" t="6" w="67" /><ent r="4" t="7" w="378" /><ent r="4" t="9" w="70" /><ent r="4" t="9" w="304" /><ent r="5" t="11" w="426" /><ent r="5" t="12" w="328" /><ent r="4" t="12" w="376" /><ent r="10" t="16" w="479" /><ent r="10" t="16" w="521" /><ent r="4" t="17" w="657" /><ent r="5" t="17" w="747" /><ent r="4" t="18" w="149" /><ent r="4" t="23" w="97" /><ent r="4" t="26" w="141" /><ent r="5" t="26" w="288" /><ent r="5" t="26" w="334" /><ent r="4" t="26" w="732" /><ent r="4" t="27" w="508" /><ent r="4" t="27" w="785" /><ent r="4" t="28" w="87" /><ent r="7" t="28" w="334" /><ent r="7" t="28" w="381" /><ent r="7" t="29" w="121" /><ent r="7" t="29" w="224" /><ent r="4" t="31" w="115" /><ent r="4" t="31" w="1542" /><ent r="4" t="32" w="165" /><ent r="7" t="32" w="339" /><ent r="7" t="32" w="496" /><ent r="7" t="32" w="615" /><ent r="5" t="34" w="213" /><ent r="5" t="34" w="1126" /><ent r="7" t="35" w="380" /><ent r="8" t="35" w="487" /><ent r="4" t="36" w="165" /><ent r="8" t="36" w="276" /><ent r="8" t="36" w="646" /><ent r="8" t="36" w="840" /><ent r="8" t="36" w="1191" /><ent r="4" t="36" w="1504" /><ent r="7" t="36" w="1566" /><ent r="7" t="36" w="1676" /><ent r="7" t="41" w="81" /><ent r="4" t="42" w="318" /><ent r="4" t="42" w="510" /><ent r="4" t="44" w="195" /></phr><phr n="tip"><ent r="6" t="3" w="1238" /></phr><phr n="Tips"><ent r="4" t="4" w="62" /><ent r="7" t="4" w="412" /><ent r="7" t="28" w="188" /><ent r="4" t="31" w="1032" /><ent r="7" t="32" w="237" /><ent r="3" t="34" w="1213" /><ent r="3" t="34" w="1296" /><ent r="3" t="34" w="1641" /><ent r="3" t="34" w="1818" /></phr></stem><stem n="window"><phr n="window"><ent r="3" t="2" w="299" /><ent r="3" t="17" w="118" /><ent r="4" t="34" w="1145" /><ent r="6" t="36" w="1762" /></phr></stem><stem n="produc"><phr n="produces"><ent r="3" t="2" w="300" /></phr><phr n="produce"><ent r="7" t="36" w="878" /></phr></stem><stem n="same"><phr n="same"><ent r="3" t="2" w="302" /><ent r="3" t="3" w="339" /><ent r="3" t="9" w="45" /><ent r="4" t="17" w="340" /><ent r="3" t="17" w="688" /><ent r="3" t="27" w="788" /><ent r="6" t="29" w="111" /><ent r="6" t="29" w="214" /><ent r="3" t="31" w="727" /><ent r="6" t="32" w="314" /><ent r="6" t="32" w="566" /><ent r="4" t="34" w="355" /><ent r="4" t="34" w="363" /><ent r="3" t="34" w="655" /><ent r="3" t="34" w="693" /><ent r="4" t="34" w="1412" /><ent r="3" t="34" w="1624" /><ent r="4" t="34" w="2086" /><ent r="4" t="34" w="2221" /><ent r="3" t="42" w="359" /><ent r="7" t="45" w="258" /></phr></stem><stem n="result"><phr n="results"><ent r="3" t="2" w="303" /><ent r="4" t="7" w="438" /><ent r="4" t="17" w="704" /></phr><phr n="result"><ent r="7" t="3" w="1400" /><ent r="4" t="4" w="171" /><ent r="4" t="27" w="194" /><ent r="3" t="27" w="989" /><ent r="6" t="29" w="65" /><ent r="6" t="29" w="79" /><ent r="7" t="38" w="230" /></phr><phr n="resulting"><ent r="4" t="27" w="256" /></phr></stem><stem n="quickli"><phr n="quickly"><ent r="3" t="2" w="316" /><ent r="3" t="12" w="409" /><ent r="6" t="22" w="285" /><ent r="6" t="44" w="371" /></phr><phr n="Quickly"><ent r="7" t="22" w="276" /></phr></stem><stem n="singl"><phr n="single"><ent r="3" t="2" w="320" /><ent r="4" t="3" w="222" /><ent r="6" t="3" w="578" /><ent r="3" t="9" w="321" /><ent r="4" t="11" w="131" /><ent r="4" t="11" w="190" /><ent r="3" t="22" w="43" /><ent r="3" t="27" w="992" /><ent r="7" t="28" w="245" /></phr></stem><stem n="involv"><phr n="involved"><ent r="3" t="2" w="323" /><ent r="4" t="34" w="1870" /><ent r="6" t="35" w="239" /><ent r="7" t="36" w="1156" /></phr></stem><stem n="need"><phr n="need"><ent r="3" t="2" w="334" /><ent r="6" t="4" w="391" /><ent r="3" t="4" w="555" /><ent r="3" t="7" w="46" /><ent r="3" t="7" w="73" /><ent r="3" t="14" w="70" /><ent r="3" t="14" w="97" /><ent r="4" t="14" w="152" /><ent r="3" t="17" w="469" /><ent r="3" t="18" w="133" /><ent r="3" t="24" w="50" /><ent r="3" t="26" w="748" /><ent r="3" t="31" w="1062" /><ent r="6" t="32" w="349" /><ent r="3" t="34" w="856" /><ent r="6" t="35" w="392" /><ent r="3" t="46" w="75" /></phr><phr n="needs"><ent r="3" t="8" w="43" /><ent r="4" t="14" w="126" /><ent r="3" t="34" w="938" /></phr><phr n="needing"><ent r="3" t="31" w="1582" /></phr></stem><stem n="—the"><phr n="—the"><ent r="3" t="2" w="339" /><ent r="7" t="32" w="445" /><ent r="4" t="34" w="1519" /><ent r="6" t="38" w="108" /></phr></stem><stem n="themselv"><phr n="themselves"><ent r="3" t="2" w="343" /><ent r="3" t="36" w="1502" /></phr></stem><stem n="foundat"><phr n="foundation"><ent r="3" t="3" w="27" /></phr></stem><stem n="node"><phr n="nodes"><ent r="3" t="3" w="42" /><ent r="3" t="3" w="129" /><ent r="4" t="3" w="403" /><ent r="4" t="3" w="439" /><ent r="6" t="3" w="521" /><ent r="6" t="3" w="540" /><ent r="7" t="3" w="1390" /><ent r="7" t="3" w="1403" /><ent r="100" t="9" w="22" /><ent r="4" t="9" w="380" /><ent r="3" t="9" w="388" /><ent r="5" t="10" w="84" /><ent r="4" t="11" w="184" /><ent r="4" t="11" w="408" /><ent r="3" t="12" w="61" /><ent r="3" t="12" w="417" /><ent r="3" t="15" w="37" /><ent r="7" t="15" w="693" /><ent r="3" t="31" w="32" /><ent r="4" t="31" w="76" /><ent r="3" t="31" w="898" /><ent r="4" t="31" w="951" /><ent r="3" t="32" w="49" /><ent r="3" t="44" w="73" /><ent r="4" t="44" w="110" /><ent r="4" t="44" w="152" /></phr><phr n="node"><ent r="3" t="3" w="58" /><ent r="4" t="3" w="427" /><ent r="4" t="3" w="433" /><ent r="4" t="3" w="447" /><ent r="6" t="3" w="658" /><ent r="6" t="3" w="671" /><ent r="6" t="3" w="676" /><ent r="6" t="3" w="684" /><ent r="6" t="3" w="697" /><ent r="6" t="3" w="716" /><ent r="6" t="3" w="729" /><ent r="6" t="3" w="818" /><ent r="6" t="3" w="823" /><ent r="6" t="3" w="841" /><ent r="6" t="3" w="855" /><ent r="6" t="3" w="867" /><ent r="6" t="3" w="875" /><ent r="6" t="3" w="985" /><ent r="6" t="3" w="1001" /><ent r="6" t="3" w="1017" /><ent r="6" t="3" w="1056" /><ent r="6" t="3" w="1068" /><ent r="6" t="3" w="1070" /><ent r="7" t="3" w="1128" /><ent r="6" t="3" w="1144" /><ent r="6" t="3" w="1194" /><ent r="7" t="3" w="1292" /><ent r="7" t="3" w="1319" /><ent r="7" t="3" w="1332" /><ent r="7" t="3" w="1341" /><ent r="7" t="3" w="1352" /><ent r="7" t="3" w="1363" /><ent r="7" t="3" w="1379" /><ent r="7" t="3" w="1428" /><ent r="7" t="3" w="1462" /><ent r="4" t="6" w="158" /><ent r="4" t="6" w="183" /><ent r="4" t="6" w="197" /><ent r="4" t="6" w="203" /><ent r="4" t="6" w="206" /><ent r="4" t="6" w="352" /><ent r="4" t="7" w="80" /><ent r="4" t="7" w="108" /><ent r="3" t="8" w="215" /><ent r="3" t="9" w="37" /><ent r="4" t="9" w="63" /><ent r="4" t="9" w="68" /><ent r="3" t="9" w="81" /><ent r="4" t="9" w="133" /><ent r="4" t="9" w="138" /><ent r="4" t="11" w="187" /><ent r="4" t="14" w="250" /><ent r="7" t="15" w="246" /><ent r="8" t="15" w="259" /><ent r="7" t="15" w="704" /><ent r="7" t="15" w="711" /><ent r="4" t="19" w="352" /><ent r="4" t="19" w="364" /><ent r="4" t="19" w="368" /><ent r="3" t="23" w="81" /><ent r="6" t="29" w="102" /><ent r="6" t="29" w="112" /><ent r="6" t="29" w="204" /><ent r="6" t="29" w="215" /><ent r="4" t="31" w="600" /><ent r="7" t="31" w="1228" /><ent r="100" t="32" w="17" /><ent r="100" t="32" w="20" /><ent r="3" t="32" w="89" /><ent r="6" t="32" w="695" /><ent r="6" t="32" w="711" /><ent r="6" t="32" w="719" /><ent r="6" t="32" w="734" /><ent r="4" t="44" w="144" /><ent r="7" t="45" w="311" /></phr><phr n="Nodes"><ent r="65" t="3" w="249" /><ent r="5" t="3" w="395" /><ent r="65" t="3" w="475" /><ent r="67" t="3" w="885" /><ent r="64" t="6" w="217" /><ent r="65" t="7" w="99" /><ent r="64" t="8" w="236" /><ent r="1000" t="9" w="5" /><ent r="100" t="9" w="11" /><ent r="102" t="9" w="28" /><ent r="1000" t="10" w="4" /><ent r="102" t="10" w="9" /><ent r="100" t="10" w="14" /><ent r="64" t="11" w="85" /><ent r="4" t="22" w="50" /><ent r="64" t="31" w="980" /><ent r="3" t="32" w="81" /><ent r="5" t="44" w="136" /><ent r="6" t="44" w="465" /><ent r="6" t="44" w="505" /></phr><phr n="Node"><ent r="6" t="3" w="720" /><ent r="8" t="3" w="1124" /><ent r="7" t="3" w="1443" /><ent r="100" t="9" w="16" /><ent r="4" t="9" w="169" /><ent r="100" t="10" w="22" /><ent r="8" t="15" w="238" /><ent r="7" t="31" w="1206" /><ent r="100" t="32" w="10" /><ent r="100" t="32" w="13" /><ent r="6" t="32" w="696" /><ent r="6" t="32" w="720" /><ent r="6" t="44" w="282" /></phr><phr n="NODE"><ent r="7" t="16" w="1121" /></phr></stem><stem n="plu"><phr n="plus"><ent r="3" t="3" w="51" /><ent r="4" t="27" w="419" /></phr></stem><stem n="statu"><phr n="status"><ent r="3" t="3" w="59" /><ent r="4" t="3" w="424" /><ent r="6" t="3" w="510" /><ent r="6" t="3" w="639" /><ent r="6" t="3" w="668" /><ent r="6" t="3" w="713" /><ent r="6" t="3" w="901" /><ent r="7" t="3" w="1181" /><ent r="7" t="3" w="1214" /><ent r="3" t="12" w="386" /><ent r="7" t="16" w="1207" /><ent r="7" t="16" w="1232" /><ent r="3" t="28" w="32" /><ent r="8" t="31" w="296" /><ent r="7" t="31" w="301" /><ent r="7" t="31" w="315" /><ent r="8" t="31" w="391" /><ent r="7" t="31" w="395" /><ent r="8" t="31" w="471" /><ent r="7" t="31" w="475" /><ent r="7" t="31" w="488" /><ent r="4" t="34" w="1514" /><ent r="6" t="36" w="1671" /><ent r="6" t="36" w="1685" /></phr><phr n="Status"><ent r="8" t="3" w="1448" /><ent r="4" t="28" w="72" /><ent r="7" t="36" w="1666" /><ent r="7" t="36" w="1725" /><ent r="7" t="36" w="1732" /></phr></stem><stem n="figur"><phr n="Figure"><ent r="64" t="3" w="82" /><ent r="64" t="12" w="87" /><ent r="65" t="12" w="231" /><ent r="65" t="12" w="247" /><ent r="65" t="12" w="266" /><ent r="65" t="13" w="316" /><ent r="65" t="15" w="170" /><ent r="65" t="15" w="180" /><ent r="65" t="15" w="212" /><ent r="64" t="31" w="1159" /><ent r="64" t="31" w="1403" /><ent r="64" t="45" w="44" /></phr></stem><stem n="1"><phr n="1"><ent r="64" t="3" w="83" /><ent r="5" t="7" w="173" /><ent r="64" t="7" w="405" /><ent r="5" t="9" w="179" /><ent r="5" t="9" w="261" /><ent r="64" t="12" w="88" /><ent r="65" t="12" w="232" /><ent r="65" t="12" w="248" /><ent r="65" t="12" w="373" /><ent r="65" t="15" w="171" /><ent r="65" t="17" w="207" /><ent r="65" t="17" w="295" /><ent r="65" t="17" w="363" /><ent r="65" t="17" w="402" /><ent r="65" t="17" w="413" /><ent r="65" t="17" w="454" /><ent r="65" t="17" w="543" /><ent r="3" t="17" w="675" /><ent r="65" t="17" w="744" /><ent r="3" t="26" w="107" /><ent r="3" t="26" w="110" /><ent r="3" t="26" w="116" /><ent r="3" t="27" w="609" /><ent r="3" t="27" w="848" /><ent r="3" t="27" w="871" /><ent r="3" t="27" w="1013" /><ent r="6" t="28" w="190" /><ent r="3" t="29" w="499" /><ent r="3" t="29" w="526" /><ent r="4" t="29" w="572" /><ent r="65" t="30" w="52" /><ent r="65" t="30" w="60" /><ent r="64" t="31" w="204" /><ent r="7" t="31" w="387" /><ent r="3" t="31" w="1034" /><ent r="64" t="31" w="1057" /><ent r="64" t="32" w="162" /><ent r="6" t="32" w="239" /><ent r="7" t="32" w="396" /><ent r="7" t="36" w="1017" /><ent r="7" t="36" w="1172" /><ent r="6" t="36" w="1274" /><ent r="6" t="36" w="1315" /><ent r="6" t="36" w="1372" /><ent r="6" t="36" w="1431" /><ent r="65" t="37" w="38" /><ent r="65" t="37" w="46" /><ent r="65" t="40" w="61" /><ent r="65" t="40" w="70" /><ent r="65" t="40" w="79" /><ent r="65" t="40" w="90" /><ent r="4" t="42" w="495" /><ent r="64" t="45" w="45" /><ent r="8" t="45" w="209" /><ent r="65" t="46" w="181" /></phr></stem><stem n="simplifi"><phr n="simplified"><ent r="3" t="3" w="97" /></phr></stem><stem n="(for"><phr n="(for"><ent r="3" t="3" w="109" /><ent r="3" t="3" w="134" /><ent r="6" t="3" w="498" /><ent r="6" t="3" w="560" /><ent r="6" t="3" w="656" /><ent r="6" t="3" w="733" /><ent r="6" t="3" w="816" /><ent r="6" t="3" w="888" /><ent r="6" t="3" w="983" /><ent r="4" t="11" w="203" /><ent r="3" t="13" w="210" /><ent r="7" t="16" w="1197" /><ent r="7" t="16" w="1222" /><ent r="4" t="23" w="355" /><ent r="4" t="24" w="300" /><ent r="4" t="26" w="419" /><ent r="3" t="27" w="51" /><ent r="4" t="27" w="139" /><ent r="3" t="27" w="781" /><ent r="7" t="31" w="1197" /><ent r="4" t="34" w="1075" /><ent r="4" t="34" w="2137" /><ent r="4" t="42" w="300" /></phr><phr n="(For"><ent r="4" t="19" w="272" /></phr></stem><stem n="detail"><phr n="Details"><ent r="3" t="3" w="115" /><ent r="7" t="3" w="1146" /><ent r="6" t="3" w="1229" /><ent r="3" t="3" w="1246" /><ent r="5" t="4" w="595" /><ent r="4" t="17" w="383" /><ent r="66" t="17" w="407" /><ent r="7" t="29" w="39" /><ent r="82" t="34" w="1772" /><ent r="3" t="34" w="1777" /><ent r="4" t="34" w="1861" /><ent r="4" t="34" w="1918" /><ent r="7" t="39" w="231" /><ent r="6" t="39" w="233" /></phr><phr n="details"><ent r="6" t="3" w="1071" /><ent r="6" t="3" w="1153" /><ent r="6" t="3" w="1197" /><ent r="6" t="3" w="1234" /><ent r="4" t="4" w="588" /><ent r="4" t="7" w="92" /><ent r="4" t="7" w="123" /><ent r="4" t="9" w="249" /><ent r="4" t="12" w="284" /><ent r="4" t="18" w="114" /><ent r="3" t="18" w="136" /><ent r="3" t="18" w="154" /><ent r="4" t="19" w="142" /><ent r="4" t="20" w="73" /><ent r="4" t="20" w="82" /><ent r="3" t="26" w="153" /><ent r="3" t="29" w="21" /><ent r="6" t="32" w="287" /><ent r="6" t="32" w="328" /><ent r="6" t="32" w="368" /><ent r="7" t="32" w="419" /><ent r="4" t="34" w="1764" /><ent r="3" t="34" w="1782" /><ent r="3" t="34" w="1814" /><ent r="7" t="35" w="491" /><ent r="7" t="36" w="909" /><ent r="3" t="46" w="213" /><ent r="3" t="46" w="228" /></phr><phr n="Detail"><ent r="5" t="3" w="1259" /><ent r="4" t="28" w="73" /><ent r="7" t="36" w="1726" /><ent r="7" t="36" w="1733" /></phr><phr n="detail"><ent r="3" t="4" w="107" /><ent r="3" t="32" w="146" /><ent r="3" t="36" w="1226" /><ent r="3" t="46" w="81" /></phr><phr n="detailed"><ent r="3" t="4" w="530" /><ent r="3" t="31" w="867" /><ent r="7" t="36" w="788" /></phr></stem><stem n="column"><phr n="columns"><ent r="3" t="3" w="116" /><ent r="3" t="26" w="52" /><ent r="3" t="29" w="24" /><ent r="5" t="29" w="35" /><ent r="4" t="31" w="1109" /><ent r="7" t="36" w="1021" /></phr><phr n="column"><ent r="6" t="3" w="1230" /><ent r="7" t="22" w="306" /><ent r="4" t="27" w="385" /><ent r="4" t="27" w="400" /><ent r="4" t="28" w="74" /><ent r="7" t="28" w="147" /><ent r="6" t="29" w="328" /><ent r="4" t="31" w="1100" /><ent r="4" t="31" w="1116" /><ent r="4" t="31" w="1132" /><ent r="7" t="36" w="1727" /></phr><phr n="Columns"><ent r="64" t="26" w="58" /><ent r="68" t="28" w="157" /><ent r="1000" t="29" w="4" /><ent r="100" t="29" w="9" /><ent r="102" t="29" w="14" /></phr><phr n="Column"><ent r="7" t="29" w="37" /></phr></stem><stem n="omit"><phr n="omitted"><ent r="3" t="3" w="119" /></phr></stem><stem n=")."><phr n=")."><ent r="3" t="3" w="120" /><ent r="3" t="3" w="149" /><ent r="4" t="3" w="445" /><ent r="6" t="3" w="564" /><ent r="6" t="3" w="693" /><ent r="6" t="3" w="1036" /><ent r="7" t="3" w="1377" /><ent r="4" t="5" w="143" /><ent r="4" t="5" w="153" /><ent r="4" t="6" w="207" /><ent r="4" t="7" w="170" /><ent r="4" t="7" w="180" /><ent r="4" t="9" w="161" /><ent r="4" t="9" w="194" /><ent r="4" t="11" w="210" /><ent r="4" t="11" w="280" /><ent r="3" t="12" w="90" /><ent r="3" t="13" w="97" /><ent r="4" t="14" w="306" /><ent r="4" t="14" w="326" /><ent r="4" t="15" w="183" /><ent r="4" t="15" w="215" /><ent r="4" t="16" w="120" /><ent r="7" t="16" w="1208" /><ent r="7" t="16" w="1233" /><ent r="4" t="17" w="342" /><ent r="4" t="19" w="369" /><ent r="4" t="23" w="364" /><ent r="4" t="24" w="309" /><ent r="4" t="26" w="492" /><ent r="4" t="26" w="716" /><ent r="3" t="27" w="71" /><ent r="4" t="27" w="143" /><ent r="3" t="27" w="576" /><ent r="4" t="31" w="685" /><ent r="3" t="31" w="1059" /><ent r="7" t="31" w="1275" /><ent r="3" t="31" w="1406" /><ent r="3" t="31" w="1493" /><ent r="7" t="32" w="410" /><ent r="4" t="34" w="1082" /><ent r="4" t="34" w="1417" /><ent r="6" t="36" w="1349" /><ent r="6" t="36" w="1407" /><ent r="3" t="42" w="282" /><ent r="4" t="42" w="504" /><ent r="6" t="44" w="366" /><ent r="7" t="45" w="214" /><ent r="7" t="45" w="354" /><ent r="3" t="46" w="45" /></phr></stem><stem n="abbrevi"><phr n="abbreviated"><ent r="3" t="3" w="121" /><ent r="4" t="31" w="1119" /></phr></stem><stem n="complet"><phr n="complete"><ent r="3" t="3" w="131" /><ent r="3" t="7" w="71" /><ent r="3" t="7" w="473" /><ent r="4" t="12" w="360" /><ent r="4" t="13" w="418" /><ent r="3" t="26" w="759" /><ent r="4" t="34" w="2018" /><ent r="7" t="36" w="1137" /><ent r="7" t="36" w="1184" /><ent r="3" t="41" w="55" /></phr><phr n="completed"><ent r="3" t="11" w="66" /><ent r="4" t="28" w="70" /><ent r="6" t="28" w="192" /><ent r="6" t="28" w="305" /><ent r="3" t="29" w="485" /><ent r="3" t="29" w="551" /><ent r="3" t="36" w="1471" /><ent r="6" t="36" w="1560" /><ent r="6" t="36" w="1580" /><ent r="7" t="36" w="1723" /><ent r="6" t="36" w="1766" /></phr><phr n="completely"><ent r="3" t="14" w="514" /></phr><phr n="Complete"><ent r="4" t="16" w="313" /><ent r="9" t="16" w="842" /></phr><phr n="COMPLETED"><ent r="4" t="28" w="52" /><ent r="7" t="36" w="1705" /></phr><phr n="completion"><ent r="6" t="28" w="311" /></phr></stem><stem n="administr"><phr n="Administrator"><ent r="3" t="3" w="154" /><ent r="6" t="3" w="1023" /><ent r="3" t="6" w="239" /><ent r="3" t="10" w="61" /><ent r="3" t="11" w="39" /><ent r="3" t="13" w="93" /><ent r="3" t="15" w="86" /><ent r="3" t="19" w="19" /><ent r="5" t="19" w="281" /><ent r="4" t="19" w="334" /><ent r="3" t="20" w="25" /><ent r="3" t="21" w="29" /><ent r="4" t="22" w="36" /><ent r="3" t="23" w="34" /><ent r="3" t="23" w="60" /><ent r="3" t="24" w="53" /><ent r="3" t="25" w="17" /><ent r="3" t="25" w="42" /><ent r="3" t="31" w="194" /><ent r="3" t="32" w="64" /><ent r="3" t="34" w="109" /><ent r="3" t="35" w="41" /><ent r="3" t="36" w="1484" /><ent r="3" t="38" w="44" /><ent r="3" t="39" w="75" /><ent r="3" t="43" w="27" /><ent r="3" t="44" w="24" /><ent r="5" t="44" w="89" /><ent r="4" t="44" w="160" /><ent r="6" t="44" w="264" /><ent r="6" t="44" w="492" /></phr><phr n="administrative"><ent r="6" t="3" w="1013" /><ent r="6" t="3" w="1052" /><ent r="4" t="6" w="46" /><ent r="4" t="7" w="209" /><ent r="4" t="7" w="244" /><ent r="4" t="11" w="298" /><ent r="6" t="44" w="498" /></phr><phr n="administrator"><ent r="7" t="3" w="1107" /><ent r="4" t="7" w="198" /><ent r="3" t="8" w="50" /><ent r="4" t="12" w="325" /><ent r="3" t="14" w="191" /><ent r="9" t="16" w="380" /><ent r="3" t="27" w="862" /><ent r="3" t="34" w="131" /><ent r="3" t="34" w="854" /><ent r="3" t="36" w="1494" /><ent r="6" t="41" w="92" /><ent r="6" t="44" w="268" /></phr><phr n="Administrative"><ent r="7" t="3" w="1165" /><ent r="5" t="4" w="160" /><ent r="7" t="4" w="302" /><ent r="5" t="11" w="284" /><ent r="8" t="32" w="476" /><ent r="8" t="38" w="219" /></phr><phr n="Administrators"><ent r="3" t="22" w="85" /><ent r="4" t="40" w="81" /><ent r="4" t="40" w="92" /><ent r="4" t="44" w="115" /><ent r="6" t="44" w="481" /></phr><phr n="administrators"><ent r="3" t="42" w="41" /><ent r="4" t="44" w="174" /><ent r="4" t="44" w="185" /></phr></stem><stem n="modifi"><phr n="modify"><ent r="3" t="3" w="159" /><ent r="4" t="3" w="431" /><ent r="4" t="20" w="36" /><ent r="4" t="20" w="69" /></phr><phr n="Modify"><ent r="9" t="16" w="416" /><ent r="6" t="32" w="367" /><ent r="7" t="32" w="416" /><ent r="8" t="46" w="286" /></phr><phr n="modifying"><ent r="65" t="19" w="150" /></phr></stem><stem n="here"><phr n="here"><ent r="3" t="3" w="168" /><ent r="3" t="6" w="73" /><ent r="9" t="16" w="488" /><ent r="3" t="26" w="592" /><ent r="3" t="27" w="312" /><ent r="4" t="34" w="1678" /><ent r="3" t="36" w="1475" /><ent r="6" t="36" w="1745" /><ent r="3" t="41" w="38" /><ent r="6" t="44" w="393" /></phr></stem><stem n="purpos"><phr n="purposes"><ent r="3" t="3" w="172" /><ent r="9" t="16" w="862" /><ent r="6" t="28" w="398" /><ent r="7" t="32" w="438" /></phr><phr n="purpose"><ent r="3" t="3" w="363" /><ent r="4" t="16" w="283" /><ent r="4" t="26" w="661" /></phr></stem><stem n="contain"><phr n="contains"><ent r="3" t="3" w="186" /><ent r="4" t="3" w="220" /><ent r="8" t="22" w="324" /><ent r="5" t="23" w="269" /><ent r="5" t="24" w="214" /><ent r="4" t="27" w="119" /><ent r="3" t="30" w="42" /><ent r="3" t="31" w="39" /><ent r="3" t="33" w="51" /><ent r="4" t="34" w="2158" /><ent r="5" t="34" w="2164" /><ent r="3" t="37" w="28" /><ent r="3" t="40" w="28" /><ent r="3" t="42" w="43" /><ent r="3" t="42" w="328" /><ent r="7" t="44" w="349" /></phr><phr n="contain"><ent r="4" t="7" w="230" /><ent r="4" t="7" w="252" /><ent r="4" t="19" w="95" /><ent r="3" t="26" w="568" /><ent r="3" t="27" w="288" /><ent r="7" t="32" w="402" /><ent r="7" t="36" w="347" /><ent r="7" t="36" w="977" /><ent r="3" t="39" w="61" /></phr><phr n="containing"><ent r="4" t="15" w="156" /><ent r="3" t="27" w="528" /></phr><phr n="contained"><ent r="3" t="46" w="82" /></phr></stem><stem n="three"><phr n="three"><ent r="3" t="3" w="187" /><ent r="4" t="27" w="218" /><ent r="3" t="31" w="770" /><ent r="3" t="34" w="444" /></phr></stem><stem n="major"><phr n="major"><ent r="3" t="3" w="188" /></phr></stem><stem n="entiti"><phr n="entities"><ent r="3" t="3" w="189" /><ent r="3" t="14" w="519" /><ent r="4" t="17" w="335" /><ent r="4" t="17" w="433" /><ent r="4" t="26" w="318" /><ent r="4" t="26" w="710" /><ent r="3" t="34" w="26" /><ent r="3" t="34" w="407" /><ent r="3" t="34" w="733" /><ent r="4" t="34" w="1398" /><ent r="4" t="34" w="1407" /><ent r="6" t="35" w="238" /><ent r="6" t="35" w="323" /></phr><phr n="Entity"><ent r="8" t="16" w="1112" /><ent r="8" t="16" w="1133" /><ent r="5" t="26" w="195" /><ent r="5" t="34" w="1054" /><ent r="8" t="36" w="456" /><ent r="7" t="36" w="531" /></phr><phr n="entity"><ent r="7" t="16" w="1142" /><ent r="4" t="26" w="339" /><ent r="7" t="31" w="1195" /><ent r="7" t="31" w="1215" /><ent r="3" t="34" w="41" /><ent r="3" t="34" w="60" /><ent r="3" t="34" w="640" /><ent r="4" t="34" w="1064" /><ent r="4" t="34" w="1072" /><ent r="7" t="36" w="618" /><ent r="7" t="36" w="650" /><ent r="8" t="36" w="659" /></phr></stem><stem n="folder"><phr n="Folders"><ent r="5" t="3" w="192" /><ent r="4" t="3" w="194" /><ent r="6" t="32" w="204" /><ent r="3" t="34" w="468" /><ent r="4" t="34" w="1643" /></phr><phr n="folders"><ent r="4" t="3" w="208" /><ent r="4" t="3" w="243" /><ent r="4" t="3" w="267" /><ent r="5" t="17" w="312" /><ent r="4" t="17" w="332" /><ent r="4" t="34" w="256" /><ent r="3" t="34" w="667" /><ent r="4" t="34" w="1316" /><ent r="5" t="34" w="1368" /><ent r="4" t="34" w="1395" /><ent r="4" t="34" w="1416" /><ent r="4" t="34" w="1663" /><ent r="4" t="34" w="1676" /><ent r="4" t="34" w="1684" /><ent r="4" t="34" w="1700" /></phr><phr n="folder"><ent r="4" t="3" w="224" /><ent r="8" t="3" w="1102" /><ent r="7" t="10" w="94" /><ent r="8" t="10" w="98" /><ent r="8" t="10" w="106" /><ent r="8" t="10" w="119" /><ent r="7" t="10" w="129" /><ent r="7" t="10" w="132" /><ent r="8" t="10" w="136" /><ent r="8" t="10" w="149" /><ent r="7" t="10" w="161" /><ent r="7" t="10" w="166" /><ent r="7" t="10" w="177" /><ent r="8" t="10" w="193" /><ent r="7" t="10" w="203" /><ent r="7" t="10" w="208" /><ent r="8" t="10" w="220" /><ent r="8" t="10" w="305" /><ent r="4" t="11" w="134" /><ent r="4" t="11" w="159" /><ent r="4" t="11" w="198" /><ent r="4" t="11" w="209" /><ent r="8" t="15" w="255" /><ent r="4" t="17" w="300" /><ent r="4" t="17" w="428" /><ent r="3" t="17" w="490" /><ent r="3" t="17" w="678" /><ent r="4" t="26" w="292" /><ent r="6" t="32" w="199" /><ent r="6" t="32" w="217" /><ent r="6" t="32" w="226" /><ent r="6" t="32" w="235" /><ent r="6" t="32" w="246" /><ent r="6" t="32" w="268" /><ent r="6" t="32" w="274" /><ent r="6" t="32" w="357" /><ent r="6" t="32" w="363" /><ent r="6" t="32" w="371" /><ent r="8" t="32" w="378" /><ent r="7" t="32" w="383" /><ent r="6" t="32" w="504" /><ent r="6" t="32" w="521" /><ent r="6" t="32" w="532" /><ent r="6" t="32" w="535" /><ent r="6" t="32" w="539" /><ent r="6" t="32" w="554" /><ent r="6" t="32" w="563" /><ent r="6" t="32" w="577" /><ent r="6" t="32" w="585" /><ent r="6" t="32" w="602" /><ent r="6" t="32" w="677" /><ent r="6" t="32" w="687" /><ent r="3" t="34" w="656" /><ent r="3" t="34" w="695" /><ent r="3" t="34" w="1351" /><ent r="4" t="34" w="1377" /><ent r="3" t="34" w="1431" /></phr><phr n="Folder"><ent r="100" t="10" w="16" /><ent r="9" t="10" w="111" /><ent r="66" t="17" w="359" /><ent r="66" t="17" w="539" /><ent r="100" t="32" w="7" /><ent r="82" t="34" w="1322" /><ent r="3" t="34" w="1328" /><ent r="3" t="34" w="1810" /></phr></stem></index>