<?xml version="1.0" encoding="utf-8"?><index><stem n="thres"><phr n="threshold"><ent r="7" t="15" w="377" /><ent r="7" t="15" w="406" /><ent r="8" t="15" w="442" /><ent r="8" t="15" w="442" /><ent r="7" t="15" w="446" /><ent r="7" t="15" w="446" /><ent r="7" t="15" w="480" /><ent r="7" t="15" w="480" /><ent r="7" t="15" w="499" /><ent r="7" t="15" w="499" /><ent r="7" t="15" w="521" /><ent r="7" t="15" w="521" /><ent r="3" t="16" w="46" /><ent r="7" t="16" w="1264" /><ent r="7" t="16" w="1264" /><ent r="7" t="31" w="1267" /><ent r="7" t="31" w="1267" /></phr><phr n="thresholds"><ent r="7" t="16" w="1272" /><ent r="7" t="16" w="1272" /><ent r="3" t="31" w="166" /><ent r="3" t="31" w="166" /></phr></stem><stem n="hresh"><phr n="threshold"><ent r="7" t="15" w="377" /><ent r="7" t="15" w="406" /><ent r="8" t="15" w="442" /><ent r="8" t="15" w="442" /><ent r="7" t="15" w="446" /><ent r="7" t="15" w="446" /><ent r="7" t="15" w="480" /><ent r="7" t="15" w="480" /><ent r="7" t="15" w="499" /><ent r="7" t="15" w="499" /><ent r="7" t="15" w="521" /><ent r="7" t="15" w="521" /><ent r="3" t="16" w="46" /><ent r="7" t="16" w="1264" /><ent r="7" t="16" w="1264" /><ent r="7" t="31" w="1267" /><ent r="7" t="31" w="1267" /></phr><phr n="thresholds"><ent r="7" t="16" w="1272" /><ent r="7" t="16" w="1272" /><ent r="3" t="31" w="166" /><ent r="3" t="31" w="166" /></phr></stem><stem n="resho"><phr n="threshold"><ent r="7" t="15" w="377" /><ent r="7" t="15" w="406" /><ent r="8" t="15" w="442" /><ent r="8" t="15" w="442" /><ent r="7" t="15" w="446" /><ent r="7" t="15" w="446" /><ent r="7" t="15" w="480" /><ent r="7" t="15" w="480" /><ent r="7" t="15" w="499" /><ent r="7" t="15" w="499" /><ent r="7" t="15" w="521" /><ent r="7" t="15" w="521" /><ent r="3" t="16" w="46" /><ent r="7" t="16" w="1264" /><ent r="7" t="16" w="1264" /><ent r="7" t="31" w="1267" /><ent r="7" t="31" w="1267" /></phr><phr n="thresholds"><ent r="7" t="16" w="1272" /><ent r="7" t="16" w="1272" /><ent r="3" t="31" w="166" /><ent r="3" t="31" w="166" /></phr></stem><stem n="eshol"><phr n="threshold"><ent r="7" t="15" w="377" /><ent r="7" t="15" w="406" /><ent r="8" t="15" w="442" /><ent r="8" t="15" w="442" /><ent r="7" t="15" w="446" /><ent r="7" t="15" w="446" /><ent r="7" t="15" w="480" /><ent r="7" t="15" w="480" /><ent r="7" t="15" w="499" /><ent r="7" t="15" w="499" /><ent r="7" t="15" w="521" /><ent r="7" t="15" w="521" /><ent r="3" t="16" w="46" /><ent r="7" t="16" w="1264" /><ent r="7" t="16" w="1264" /><ent r="7" t="31" w="1267" /><ent r="7" t="31" w="1267" /></phr><phr n="thresholds"><ent r="7" t="16" w="1272" /><ent r="7" t="16" w="1272" /><ent r="3" t="31" w="166" /><ent r="3" t="31" w="166" /></phr></stem><stem n="shold"><phr n="threshold"><ent r="7" t="15" w="377" /><ent r="7" t="15" w="406" /><ent r="8" t="15" w="442" /><ent r="8" t="15" w="442" /><ent r="7" t="15" w="446" /><ent r="7" t="15" w="446" /><ent r="7" t="15" w="480" /><ent r="7" t="15" w="480" /><ent r="7" t="15" w="499" /><ent r="7" t="15" w="499" /><ent r="7" t="15" w="521" /><ent r="7" t="15" w="521" /><ent r="3" t="16" w="46" /><ent r="7" t="16" w="1264" /><ent r="7" t="16" w="1264" /><ent r="7" t="31" w="1267" /><ent r="7" t="31" w="1267" /></phr><phr n="thresholds"><ent r="7" t="16" w="1272" /><ent r="7" t="16" w="1272" /><ent r="3" t="31" w="166" /><ent r="3" t="31" w="166" /></phr></stem><stem n="thresh"><phr n="threshold"><ent r="7" t="15" w="377" /><ent r="7" t="15" w="406" /><ent r="8" t="15" w="442" /><ent r="8" t="15" w="442" /><ent r="7" t="15" w="446" /><ent r="7" t="15" w="446" /><ent r="7" t="15" w="480" /><ent r="7" t="15" w="480" /><ent r="7" t="15" w="499" /><ent r="7" t="15" w="499" /><ent r="7" t="15" w="521" /><ent r="7" t="15" w="521" /><ent r="3" t="16" w="46" /><ent r="7" t="16" w="1264" /><ent r="7" t="16" w="1264" /><ent r="7" t="31" w="1267" /><ent r="7" t="31" w="1267" /></phr><phr n="thresholds"><ent r="7" t="16" w="1272" /><ent r="7" t="16" w="1272" /><ent r="3" t="31" w="166" /><ent r="3" t="31" w="166" /></phr></stem><stem n="hresho"><phr n="threshold"><ent r="7" t="15" w="377" /><ent r="7" t="15" w="406" /><ent r="8" t="15" w="442" /><ent r="8" t="15" w="442" /><ent r="7" t="15" w="446" /><ent r="7" t="15" w="446" /><ent r="7" t="15" w="480" /><ent r="7" t="15" w="480" /><ent r="7" t="15" w="499" /><ent r="7" t="15" w="499" /><ent r="7" t="15" w="521" /><ent r="7" t="15" w="521" /><ent r="3" t="16" w="46" /><ent r="7" t="16" w="1264" /><ent r="7" t="16" w="1264" /><ent r="7" t="31" w="1267" /><ent r="7" t="31" w="1267" /></phr><phr n="thresholds"><ent r="7" t="16" w="1272" /><ent r="7" t="16" w="1272" /><ent r="3" t="31" w="166" /><ent r="3" t="31" w="166" /></phr></stem><stem n="reshol"><phr n="threshold"><ent r="7" t="15" w="377" /><ent r="7" t="15" w="406" /><ent r="8" t="15" w="442" /><ent r="8" t="15" w="442" /><ent r="7" t="15" w="446" /><ent r="7" t="15" w="446" /><ent r="7" t="15" w="480" /><ent r="7" t="15" w="480" /><ent r="7" t="15" w="499" /><ent r="7" t="15" w="499" /><ent r="7" t="15" w="521" /><ent r="7" t="15" w="521" /><ent r="3" t="16" w="46" /><ent r="7" t="16" w="1264" /><ent r="7" t="16" w="1264" /><ent r="7" t="31" w="1267" /><ent r="7" t="31" w="1267" /></phr><phr n="thresholds"><ent r="7" t="16" w="1272" /><ent r="7" t="16" w="1272" /><ent r="3" t="31" w="166" /><ent r="3" t="31" w="166" /></phr></stem><stem n="eshold"><phr n="threshold"><ent r="7" t="15" w="377" /><ent r="7" t="15" w="406" /><ent r="8" t="15" w="442" /><ent r="8" t="15" w="442" /><ent r="7" t="15" w="446" /><ent r="7" t="15" w="446" /><ent r="7" t="15" w="480" /><ent r="7" t="15" w="480" /><ent r="7" t="15" w="499" /><ent r="7" t="15" w="499" /><ent r="7" t="15" w="521" /><ent r="7" t="15" w="521" /><ent r="3" t="16" w="46" /><ent r="7" t="16" w="1264" /><ent r="7" t="16" w="1264" /><ent r="7" t="31" w="1267" /><ent r="7" t="31" w="1267" /></phr><phr n="thresholds"><ent r="7" t="16" w="1272" /><ent r="7" t="16" w="1272" /><ent r="3" t="31" w="166" /><ent r="3" t="31" w="166" /></phr></stem><stem n="thresho"><phr n="threshold"><ent r="7" t="15" w="377" /><ent r="7" t="15" w="406" /><ent r="8" t="15" w="442" /><ent r="8" t="15" w="442" /><ent r="7" t="15" w="446" /><ent r="7" t="15" w="446" /><ent r="7" t="15" w="480" /><ent r="7" t="15" w="480" /><ent r="7" t="15" w="499" /><ent r="7" t="15" w="499" /><ent r="7" t="15" w="521" /><ent r="7" t="15" w="521" /><ent r="3" t="16" w="46" /><ent r="7" t="16" w="1264" /><ent r="7" t="16" w="1264" /><ent r="7" t="31" w="1267" /><ent r="7" t="31" w="1267" /></phr><phr n="thresholds"><ent r="7" t="16" w="1272" /><ent r="7" t="16" w="1272" /><ent r="3" t="31" w="166" /><ent r="3" t="31" w="166" /></phr></stem><stem n="hreshol"><phr n="threshold"><ent r="7" t="15" w="377" /><ent r="7" t="15" w="406" /><ent r="8" t="15" w="442" /><ent r="8" t="15" w="442" /><ent r="7" t="15" w="446" /><ent r="7" t="15" w="446" /><ent r="7" t="15" w="480" /><ent r="7" t="15" w="480" /><ent r="7" t="15" w="499" /><ent r="7" t="15" w="499" /><ent r="7" t="15" w="521" /><ent r="7" t="15" w="521" /><ent r="3" t="16" w="46" /><ent r="7" t="16" w="1264" /><ent r="7" t="16" w="1264" /><ent r="7" t="31" w="1267" /><ent r="7" t="31" w="1267" /></phr><phr n="thresholds"><ent r="7" t="16" w="1272" /><ent r="7" t="16" w="1272" /><ent r="3" t="31" w="166" /><ent r="3" t="31" w="166" /></phr></stem><stem n="reshold"><phr n="threshold"><ent r="7" t="15" w="377" /><ent r="7" t="15" w="406" /><ent r="8" t="15" w="442" /><ent r="8" t="15" w="442" /><ent r="7" t="15" w="446" /><ent r="7" t="15" w="446" /><ent r="7" t="15" w="480" /><ent r="7" t="15" w="480" /><ent r="7" t="15" w="499" /><ent r="7" t="15" w="499" /><ent r="7" t="15" w="521" /><ent r="7" t="15" w="521" /><ent r="3" t="16" w="46" /><ent r="7" t="16" w="1264" /><ent r="7" t="16" w="1264" /><ent r="7" t="31" w="1267" /><ent r="7" t="31" w="1267" /></phr><phr n="thresholds"><ent r="7" t="16" w="1272" /><ent r="7" t="16" w="1272" /><ent r="3" t="31" w="166" /><ent r="3" t="31" w="166" /></phr></stem><stem n="threshol"><phr n="threshold"><ent r="7" t="15" w="377" /><ent r="7" t="15" w="406" /><ent r="8" t="15" w="442" /><ent r="8" t="15" w="442" /><ent r="7" t="15" w="446" /><ent r="7" t="15" w="446" /><ent r="7" t="15" w="480" /><ent r="7" t="15" w="480" /><ent r="7" t="15" w="499" /><ent r="7" t="15" w="499" /><ent r="7" t="15" w="521" /><ent r="7" t="15" w="521" /><ent r="3" t="16" w="46" /><ent r="7" t="16" w="1264" /><ent r="7" t="16" w="1264" /><ent r="7" t="31" w="1267" /><ent r="7" t="31" w="1267" /></phr><phr n="thresholds"><ent r="7" t="16" w="1272" /><ent r="7" t="16" w="1272" /><ent r="3" t="31" w="166" /><ent r="3" t="31" w="166" /></phr></stem><stem n="hreshold"><phr n="threshold"><ent r="7" t="15" w="377" /><ent r="7" t="15" w="406" /><ent r="8" t="15" w="442" /><ent r="8" t="15" w="442" /><ent r="7" t="15" w="446" /><ent r="7" t="15" w="446" /><ent r="7" t="15" w="480" /><ent r="7" t="15" w="480" /><ent r="7" t="15" w="499" /><ent r="7" t="15" w="499" /><ent r="7" t="15" w="521" /><ent r="7" t="15" w="521" /><ent r="3" t="16" w="46" /><ent r="7" t="16" w="1264" /><ent r="7" t="16" w="1264" /><ent r="7" t="31" w="1267" /><ent r="7" t="31" w="1267" /></phr><phr n="thresholds"><ent r="7" t="16" w="1272" /><ent r="7" t="16" w="1272" /><ent r="3" t="31" w="166" /><ent r="3" t="31" w="166" /></phr></stem><stem n="edin"><phr n="exceeding"><ent r="8" t="15" w="381" /><ent r="8" t="15" w="381" /></phr><phr n="needing"><ent r="3" t="31" w="1579" /><ent r="3" t="31" w="1579" /></phr></stem><stem n="eedi"><phr n="exceeding"><ent r="8" t="15" w="381" /><ent r="8" t="15" w="381" /></phr><phr n="needing"><ent r="3" t="31" w="1579" /><ent r="3" t="31" w="1579" /></phr></stem><stem n="ceedi"><phr n="exceeding"><ent r="8" t="15" w="381" /><ent r="8" t="15" w="381" /></phr></stem><stem n="eedin"><phr n="exceeding"><ent r="8" t="15" w="381" /><ent r="8" t="15" w="381" /></phr><phr n="needing"><ent r="3" t="31" w="1579" /><ent r="3" t="31" w="1579" /></phr></stem><stem n="eding"><phr n="exceeding"><ent r="8" t="15" w="381" /><ent r="8" t="15" w="381" /></phr><phr n="needing"><ent r="3" t="31" w="1579" /><ent r="3" t="31" w="1579" /></phr></stem><stem n="xceedi"><phr n="exceeding"><ent r="8" t="15" w="381" /><ent r="8" t="15" w="381" /></phr></stem><stem n="ceedin"><phr n="exceeding"><ent r="8" t="15" w="381" /><ent r="8" t="15" w="381" /></phr></stem><stem n="eeding"><phr n="exceeding"><ent r="8" t="15" w="381" /><ent r="8" t="15" w="381" /></phr><phr n="needing"><ent r="3" t="31" w="1579" /><ent r="3" t="31" w="1579" /></phr></stem><stem n="exceedi"><phr n="exceeding"><ent r="8" t="15" w="381" /><ent r="8" t="15" w="381" /></phr></stem><stem n="xceedin"><phr n="exceeding"><ent r="8" t="15" w="381" /><ent r="8" t="15" w="381" /></phr></stem><stem n="ceeding"><phr n="exceeding"><ent r="8" t="15" w="381" /><ent r="8" t="15" w="381" /></phr></stem><stem n="exceedin"><phr n="exceeding"><ent r="8" t="15" w="381" /><ent r="8" t="15" w="381" /></phr></stem><stem n="xceeding"><phr n="exceeding"><ent r="8" t="15" w="381" /><ent r="8" t="15" w="381" /></phr></stem><stem n="exceeding"><phr n="exceeding"><ent r="8" t="15" w="381" /><ent r="8" t="15" w="381" /></phr></stem><stem n="highlight"><phr n="highlighted"><ent r="8" t="15" w="385" /><ent r="8" t="15" w="385" /><ent r="8" t="15" w="411" /><ent r="8" t="15" w="411" /></phr></stem><stem n="ligh"><phr n="highlighted"><ent r="8" t="15" w="385" /><ent r="8" t="15" w="385" /><ent r="8" t="15" w="411" /><ent r="8" t="15" w="411" /></phr></stem><stem n="ghli"><phr n="highlighted"><ent r="8" t="15" w="385" /><ent r="8" t="15" w="385" /><ent r="8" t="15" w="411" /><ent r="8" t="15" w="411" /></phr></stem><stem n="ghte"><phr n="highlighted"><ent r="8" t="15" w="385" /><ent r="8" t="15" w="385" /><ent r="8" t="15" w="411" /><ent r="8" t="15" w="411" /></phr></stem><stem n="hlig"><phr n="highlighted"><ent r="8" t="15" w="385" /><ent r="8" t="15" w="385" /><ent r="8" t="15" w="411" /><ent r="8" t="15" w="411" /></phr></stem><stem n="hted"><phr n="highlighted"><ent r="8" t="15" w="385" /><ent r="8" t="15" w="385" /><ent r="8" t="15" w="411" /><ent r="8" t="15" w="411" /></phr></stem><stem n="ighte"><phr n="highlighted"><ent r="8" t="15" w="385" /><ent r="8" t="15" w="385" /><ent r="8" t="15" w="411" /><ent r="8" t="15" w="411" /></phr></stem><stem n="ighli"><phr n="highlighted"><ent r="8" t="15" w="385" /><ent r="8" t="15" w="385" /><ent r="8" t="15" w="411" /><ent r="8" t="15" w="411" /></phr></stem><stem n="ghted"><phr n="highlighted"><ent r="8" t="15" w="385" /><ent r="8" t="15" w="385" /><ent r="8" t="15" w="411" /><ent r="8" t="15" w="411" /></phr></stem><stem n="ghlig"><phr n="highlighted"><ent r="8" t="15" w="385" /><ent r="8" t="15" w="385" /><ent r="8" t="15" w="411" /><ent r="8" t="15" w="411" /></phr></stem><stem n="hligh"><phr n="highlighted"><ent r="8" t="15" w="385" /><ent r="8" t="15" w="385" /><ent r="8" t="15" w="411" /><ent r="8" t="15" w="411" /></phr></stem><stem n="light"><phr n="highlighted"><ent r="8" t="15" w="385" /><ent r="8" t="15" w="385" /><ent r="8" t="15" w="411" /><ent r="8" t="15" w="411" /></phr></stem><stem n="ighlig"><phr n="highlighted"><ent r="8" t="15" w="385" /><ent r="8" t="15" w="385" /><ent r="8" t="15" w="411" /><ent r="8" t="15" w="411" /></phr></stem><stem n="ghligh"><phr n="highlighted"><ent r="8" t="15" w="385" /><ent r="8" t="15" w="385" /><ent r="8" t="15" w="411" /><ent r="8" t="15" w="411" /></phr></stem><stem n="hlight"><phr n="highlighted"><ent r="8" t="15" w="385" /><ent r="8" t="15" w="385" /><ent r="8" t="15" w="411" /><ent r="8" t="15" w="411" /></phr></stem><stem n="lighte"><phr n="highlighted"><ent r="8" t="15" w="385" /><ent r="8" t="15" w="385" /><ent r="8" t="15" w="411" /><ent r="8" t="15" w="411" /></phr></stem><stem n="ighted"><phr n="highlighted"><ent r="8" t="15" w="385" /><ent r="8" t="15" w="385" /><ent r="8" t="15" w="411" /><ent r="8" t="15" w="411" /></phr></stem><stem n="highlig"><phr n="highlighted"><ent r="8" t="15" w="385" /><ent r="8" t="15" w="385" /><ent r="8" t="15" w="411" /><ent r="8" t="15" w="411" /></phr></stem><stem n="ighligh"><phr n="highlighted"><ent r="8" t="15" w="385" /><ent r="8" t="15" w="385" /><ent r="8" t="15" w="411" /><ent r="8" t="15" w="411" /></phr></stem><stem n="ghlight"><phr n="highlighted"><ent r="8" t="15" w="385" /><ent r="8" t="15" w="385" /><ent r="8" t="15" w="411" /><ent r="8" t="15" w="411" /></phr></stem><stem n="hlighte"><phr n="highlighted"><ent r="8" t="15" w="385" /><ent r="8" t="15" w="385" /><ent r="8" t="15" w="411" /><ent r="8" t="15" w="411" /></phr></stem><stem n="lighted"><phr n="highlighted"><ent r="8" t="15" w="385" /><ent r="8" t="15" w="385" /><ent r="8" t="15" w="411" /><ent r="8" t="15" w="411" /></phr></stem><stem n="highligh"><phr n="highlighted"><ent r="8" t="15" w="385" /><ent r="8" t="15" w="385" /><ent r="8" t="15" w="411" /><ent r="8" t="15" w="411" /></phr></stem><stem n="ighlight"><phr n="highlighted"><ent r="8" t="15" w="385" /><ent r="8" t="15" w="385" /><ent r="8" t="15" w="411" /><ent r="8" t="15" w="411" /></phr></stem><stem n="ghlighte"><phr n="highlighted"><ent r="8" t="15" w="385" /><ent r="8" t="15" w="385" /><ent r="8" t="15" w="411" /><ent r="8" t="15" w="411" /></phr></stem><stem n="hlighted"><phr n="highlighted"><ent r="8" t="15" w="385" /><ent r="8" t="15" w="385" /><ent r="8" t="15" w="411" /><ent r="8" t="15" w="411" /></phr></stem><stem n="ighlighte"><phr n="highlighted"><ent r="8" t="15" w="385" /><ent r="8" t="15" w="385" /><ent r="8" t="15" w="411" /><ent r="8" t="15" w="411" /></phr></stem><stem n="ghlighted"><phr n="highlighted"><ent r="8" t="15" w="385" /><ent r="8" t="15" w="385" /><ent r="8" t="15" w="411" /><ent r="8" t="15" w="411" /></phr></stem><stem n="highlighte"><phr n="highlighted"><ent r="8" t="15" w="385" /><ent r="8" t="15" w="385" /><ent r="8" t="15" w="411" /><ent r="8" t="15" w="411" /></phr></stem><stem n="ighlighted"><phr n="highlighted"><ent r="8" t="15" w="385" /><ent r="8" t="15" w="385" /><ent r="8" t="15" w="411" /><ent r="8" t="15" w="411" /></phr></stem><stem n="highlighted"><phr n="highlighted"><ent r="8" t="15" w="385" /><ent r="8" t="15" w="385" /><ent r="8" t="15" w="411" /><ent r="8" t="15" w="411" /></phr></stem><stem n="red"><phr n="red"><ent r="8" t="15" w="387" /><ent r="8" t="15" w="387" /></phr></stem><stem n="regardless"><phr n="regardless"><ent r="8" t="15" w="415" /><ent r="8" t="15" w="415" /><ent r="8" t="15" w="426" /><ent r="8" t="15" w="426" /><ent r="3" t="29" w="512" /><ent r="3" t="29" w="512" /><ent r="3" t="31" w="1080" /><ent r="3" t="31" w="1080" /><ent r="4" t="34" w="1653" /><ent r="4" t="34" w="1653" /></phr></stem><stem n="rega"><phr n="regardless"><ent r="8" t="15" w="415" /><ent r="8" t="15" w="415" /><ent r="8" t="15" w="426" /><ent r="8" t="15" w="426" /><ent r="3" t="29" w="512" /><ent r="3" t="29" w="512" /><ent r="3" t="31" w="1080" /><ent r="3" t="31" w="1080" /><ent r="4" t="34" w="1653" /><ent r="4" t="34" w="1653" /></phr><phr n="aggregated"><ent r="7" t="31" w="435" /><ent r="7" t="31" w="435" /></phr></stem><stem n="rdle"><phr n="regardless"><ent r="8" t="15" w="415" /><ent r="8" t="15" w="415" /><ent r="8" t="15" w="426" /><ent r="8" t="15" w="426" /><ent r="3" t="29" w="512" /><ent r="3" t="29" w="512" /><ent r="3" t="31" w="1080" /><ent r="3" t="31" w="1080" /><ent r="4" t="34" w="1653" /><ent r="4" t="34" w="1653" /></phr></stem><stem n="egar"><phr n="regardless"><ent r="8" t="15" w="415" /><ent r="8" t="15" w="415" /><ent r="8" t="15" w="426" /><ent r="8" t="15" w="426" /><ent r="3" t="29" w="512" /><ent r="3" t="29" w="512" /><ent r="3" t="31" w="1080" /><ent r="3" t="31" w="1080" /><ent r="4" t="34" w="1653" /><ent r="4" t="34" w="1653" /></phr></stem><stem n="dles"><phr n="regardless"><ent r="8" t="15" w="415" /><ent r="8" t="15" w="415" /><ent r="8" t="15" w="426" /><ent r="8" t="15" w="426" /><ent r="3" t="29" w="512" /><ent r="3" t="29" w="512" /><ent r="3" t="31" w="1080" /><ent r="3" t="31" w="1080" /><ent r="4" t="34" w="1653" /><ent r="4" t="34" w="1653" /></phr></stem><stem n="gard"><phr n="regardless"><ent r="8" t="15" w="415" /><ent r="8" t="15" w="415" /><ent r="8" t="15" w="426" /><ent r="8" t="15" w="426" /><ent r="3" t="29" w="512" /><ent r="3" t="29" w="512" /><ent r="3" t="31" w="1080" /><ent r="3" t="31" w="1080" /><ent r="4" t="34" w="1653" /><ent r="4" t="34" w="1653" /></phr></stem><stem n="less"><phr n="regardless"><ent r="8" t="15" w="415" /><ent r="8" t="15" w="415" /><ent r="8" t="15" w="426" /><ent r="8" t="15" w="426" /><ent r="3" t="29" w="512" /><ent r="3" t="29" w="512" /><ent r="3" t="31" w="1080" /><ent r="3" t="31" w="1080" /><ent r="4" t="34" w="1653" /><ent r="4" t="34" w="1653" /></phr><phr n="less"><ent r="7" t="31" w="384" /><ent r="7" t="31" w="384" /></phr><phr n="meaningless"><ent r="3" t="34" w="686" /><ent r="3" t="34" w="686" /></phr><phr n="seamless"><ent r="3" t="34" w="939" /><ent r="3" t="34" w="939" /></phr></stem><stem n="ardl"><phr n="regardless"><ent r="8" t="15" w="415" /><ent r="8" t="15" w="415" /><ent r="8" t="15" w="426" /><ent r="8" t="15" w="426" /><ent r="3" t="29" w="512" /><ent r="3" t="29" w="512" /><ent r="3" t="31" w="1080" /><ent r="3" t="31" w="1080" /><ent r="4" t="34" w="1653" /><ent r="4" t="34" w="1653" /></phr></stem><stem n="regar"><phr n="regardless"><ent r="8" t="15" w="415" /><ent r="8" t="15" w="415" /><ent r="8" t="15" w="426" /><ent r="8" t="15" w="426" /><ent r="3" t="29" w="512" /><ent r="3" t="29" w="512" /><ent r="3" t="31" w="1080" /><ent r="3" t="31" w="1080" /><ent r="4" t="34" w="1653" /><ent r="4" t="34" w="1653" /></phr></stem><stem n="dless"><phr n="regardless"><ent r="8" t="15" w="415" /><ent r="8" t="15" w="415" /><ent r="8" t="15" w="426" /><ent r="8" t="15" w="426" /><ent r="3" t="29" w="512" /><ent r="3" t="29" w="512" /><ent r="3" t="31" w="1080" /><ent r="3" t="31" w="1080" /><ent r="4" t="34" w="1653" /><ent r="4" t="34" w="1653" /></phr></stem><stem n="egard"><phr n="regardless"><ent r="8" t="15" w="415" /><ent r="8" t="15" w="415" /><ent r="8" t="15" w="426" /><ent r="8" t="15" w="426" /><ent r="3" t="29" w="512" /><ent r="3" t="29" w="512" /><ent r="3" t="31" w="1080" /><ent r="3" t="31" w="1080" /><ent r="4" t="34" w="1653" /><ent r="4" t="34" w="1653" /></phr></stem><stem n="gardl"><phr n="regardless"><ent r="8" t="15" w="415" /><ent r="8" t="15" w="415" /><ent r="8" t="15" w="426" /><ent r="8" t="15" w="426" /><ent r="3" t="29" w="512" /><ent r="3" t="29" w="512" /><ent r="3" t="31" w="1080" /><ent r="3" t="31" w="1080" /><ent r="4" t="34" w="1653" /><ent r="4" t="34" w="1653" /></phr></stem><stem n="ardle"><phr n="regardless"><ent r="8" t="15" w="415" /><ent r="8" t="15" w="415" /><ent r="8" t="15" w="426" /><ent r="8" t="15" w="426" /><ent r="3" t="29" w="512" /><ent r="3" t="29" w="512" /><ent r="3" t="31" w="1080" /><ent r="3" t="31" w="1080" /><ent r="4" t="34" w="1653" /><ent r="4" t="34" w="1653" /></phr></stem><stem n="rdles"><phr n="regardless"><ent r="8" t="15" w="415" /><ent r="8" t="15" w="415" /><ent r="8" t="15" w="426" /><ent r="8" t="15" w="426" /><ent r="3" t="29" w="512" /><ent r="3" t="29" w="512" /><ent r="3" t="31" w="1080" /><ent r="3" t="31" w="1080" /><ent r="4" t="34" w="1653" /><ent r="4" t="34" w="1653" /></phr></stem><stem n="regard"><phr n="regardless"><ent r="8" t="15" w="415" /><ent r="8" t="15" w="415" /><ent r="8" t="15" w="426" /><ent r="8" t="15" w="426" /><ent r="3" t="29" w="512" /><ent r="3" t="29" w="512" /><ent r="3" t="31" w="1080" /><ent r="3" t="31" w="1080" /><ent r="4" t="34" w="1653" /><ent r="4" t="34" w="1653" /></phr></stem><stem n="egardl"><phr n="regardless"><ent r="8" t="15" w="415" /><ent r="8" t="15" w="415" /><ent r="8" t="15" w="426" /><ent r="8" t="15" w="426" /><ent r="3" t="29" w="512" /><ent r="3" t="29" w="512" /><ent r="3" t="31" w="1080" /><ent r="3" t="31" w="1080" /><ent r="4" t="34" w="1653" /><ent r="4" t="34" w="1653" /></phr></stem><stem n="gardle"><phr n="regardless"><ent r="8" t="15" w="415" /><ent r="8" t="15" w="415" /><ent r="8" t="15" w="426" /><ent r="8" t="15" w="426" /><ent r="3" t="29" w="512" /><ent r="3" t="29" w="512" /><ent r="3" t="31" w="1080" /><ent r="3" t="31" w="1080" /><ent r="4" t="34" w="1653" /><ent r="4" t="34" w="1653" /></phr></stem><stem n="ardles"><phr n="regardless"><ent r="8" t="15" w="415" /><ent r="8" t="15" w="415" /><ent r="8" t="15" w="426" /><ent r="8" t="15" w="426" /><ent r="3" t="29" w="512" /><ent r="3" t="29" w="512" /><ent r="3" t="31" w="1080" /><ent r="3" t="31" w="1080" /><ent r="4" t="34" w="1653" /><ent r="4" t="34" w="1653" /></phr></stem><stem n="rdless"><phr n="regardless"><ent r="8" t="15" w="415" /><ent r="8" t="15" w="415" /><ent r="8" t="15" w="426" /><ent r="8" t="15" w="426" /><ent r="3" t="29" w="512" /><ent r="3" t="29" w="512" /><ent r="3" t="31" w="1080" /><ent r="3" t="31" w="1080" /><ent r="4" t="34" w="1653" /><ent r="4" t="34" w="1653" /></phr></stem><stem n="regardl"><phr n="regardless"><ent r="8" t="15" w="415" /><ent r="8" t="15" w="415" /><ent r="8" t="15" w="426" /><ent r="8" t="15" w="426" /><ent r="3" t="29" w="512" /><ent r="3" t="29" w="512" /><ent r="3" t="31" w="1080" /><ent r="3" t="31" w="1080" /><ent r="4" t="34" w="1653" /><ent r="4" t="34" w="1653" /></phr></stem><stem n="egardle"><phr n="regardless"><ent r="8" t="15" w="415" /><ent r="8" t="15" w="415" /><ent r="8" t="15" w="426" /><ent r="8" t="15" w="426" /><ent r="3" t="29" w="512" /><ent r="3" t="29" w="512" /><ent r="3" t="31" w="1080" /><ent r="3" t="31" w="1080" /><ent r="4" t="34" w="1653" /><ent r="4" t="34" w="1653" /></phr></stem><stem n="gardles"><phr n="regardless"><ent r="8" t="15" w="415" /><ent r="8" t="15" w="415" /><ent r="8" t="15" w="426" /><ent r="8" t="15" w="426" /><ent r="3" t="29" w="512" /><ent r="3" t="29" w="512" /><ent r="3" t="31" w="1080" /><ent r="3" t="31" w="1080" /><ent r="4" t="34" w="1653" /><ent r="4" t="34" w="1653" /></phr></stem><stem n="ardless"><phr n="regardless"><ent r="8" t="15" w="415" /><ent r="8" t="15" w="415" /><ent r="8" t="15" w="426" /><ent r="8" t="15" w="426" /><ent r="3" t="29" w="512" /><ent r="3" t="29" w="512" /><ent r="3" t="31" w="1080" /><ent r="3" t="31" w="1080" /><ent r="4" t="34" w="1653" /><ent r="4" t="34" w="1653" /></phr></stem><stem n="regardle"><phr n="regardless"><ent r="8" t="15" w="415" /><ent r="8" t="15" w="415" /><ent r="8" t="15" w="426" /><ent r="8" t="15" w="426" /><ent r="3" t="29" w="512" /><ent r="3" t="29" w="512" /><ent r="3" t="31" w="1080" /><ent r="3" t="31" w="1080" /><ent r="4" t="34" w="1653" /><ent r="4" t="34" w="1653" /></phr></stem><stem n="egardles"><phr n="regardless"><ent r="8" t="15" w="415" /><ent r="8" t="15" w="415" /><ent r="8" t="15" w="426" /><ent r="8" t="15" w="426" /><ent r="3" t="29" w="512" /><ent r="3" t="29" w="512" /><ent r="3" t="31" w="1080" /><ent r="3" t="31" w="1080" /><ent r="4" t="34" w="1653" /><ent r="4" t="34" w="1653" /></phr></stem><stem n="gardless"><phr n="regardless"><ent r="8" t="15" w="415" /><ent r="8" t="15" w="415" /><ent r="8" t="15" w="426" /><ent r="8" t="15" w="426" /><ent r="3" t="29" w="512" /><ent r="3" t="29" w="512" /><ent r="3" t="31" w="1080" /><ent r="3" t="31" w="1080" /><ent r="4" t="34" w="1653" /><ent r="4" t="34" w="1653" /></phr></stem><stem n="regardles"><phr n="regardless"><ent r="8" t="15" w="415" /><ent r="8" t="15" w="415" /><ent r="8" t="15" w="426" /><ent r="8" t="15" w="426" /><ent r="3" t="29" w="512" /><ent r="3" t="29" w="512" /><ent r="3" t="31" w="1080" /><ent r="3" t="31" w="1080" /><ent r="4" t="34" w="1653" /><ent r="4" t="34" w="1653" /></phr></stem><stem n="egardless"><phr n="regardless"><ent r="8" t="15" w="415" /><ent r="8" t="15" w="415" /><ent r="8" t="15" w="426" /><ent r="8" t="15" w="426" /><ent r="3" t="29" w="512" /><ent r="3" t="29" w="512" /><ent r="3" t="31" w="1080" /><ent r="3" t="31" w="1080" /><ent r="4" t="34" w="1653" /><ent r="4" t="34" w="1653" /></phr></stem><stem n="notif"><phr n="notifications"><ent r="8" t="15" w="422" /><ent r="8" t="15" w="422" /><ent r="8" t="15" w="431" /><ent r="8" t="15" w="540" /><ent r="8" t="15" w="540" /><ent r="7" t="15" w="560" /><ent r="7" t="15" w="560" /><ent r="8" t="15" w="592" /><ent r="8" t="15" w="592" /><ent r="7" t="15" w="599" /><ent r="7" t="15" w="599" /><ent r="8" t="15" w="608" /><ent r="8" t="15" w="608" /><ent r="8" t="15" w="637" /><ent r="8" t="15" w="637" /><ent r="7" t="15" w="666" /><ent r="7" t="15" w="675" /><ent r="7" t="15" w="675" /><ent r="7" t="15" w="719" /><ent r="7" t="15" w="719" /><ent r="3" t="16" w="49" /><ent r="3" t="16" w="49" /><ent r="3" t="16" w="128" /><ent r="5" t="16" w="329" /><ent r="5" t="16" w="329" /><ent r="7" t="16" w="335" /><ent r="7" t="16" w="335" /><ent r="5" t="16" w="687" /><ent r="5" t="16" w="687" /><ent r="7" t="16" w="693" /><ent r="7" t="16" w="693" /><ent r="5" t="16" w="872" /><ent r="5" t="16" w="872" /><ent r="7" t="16" w="878" /><ent r="7" t="16" w="878" /><ent r="5" t="16" w="1102" /><ent r="5" t="16" w="1102" /><ent r="100" t="31" w="498" /><ent r="100" t="31" w="498" /><ent r="4" t="31" w="520" /><ent r="4" t="31" w="520" /><ent r="4" t="31" w="559" /><ent r="5" t="31" w="563" /><ent r="4" t="31" w="572" /><ent r="4" t="31" w="605" /><ent r="4" t="31" w="617" /><ent r="4" t="31" w="617" /><ent r="4" t="31" w="666" /><ent r="4" t="31" w="666" /><ent r="3" t="31" w="770" /><ent r="5" t="31" w="849" /><ent r="5" t="31" w="849" /></phr><phr n="Notifications"><ent r="8" t="15" w="436" /><ent r="8" t="15" w="436" /><ent r="7" t="15" w="571" /><ent r="7" t="15" w="571" /><ent r="4" t="16" w="103" /><ent r="4" t="16" w="103" /><ent r="70" t="16" w="674" /><ent r="70" t="16" w="674" /><ent r="70" t="16" w="830" /><ent r="70" t="16" w="830" /><ent r="70" t="16" w="1014" /><ent r="70" t="16" w="1014" /><ent r="92" t="16" w="1062" /><ent r="92" t="16" w="1062" /><ent r="82" t="31" w="505" /><ent r="82" t="31" w="505" /><ent r="5" t="31" w="527" /><ent r="5" t="31" w="527" /><ent r="3" t="31" w="834" /><ent r="3" t="31" w="834" /></phr><phr n="notified"><ent r="7" t="15" w="548" /><ent r="7" t="15" w="548" /><ent r="4" t="31" w="56" /><ent r="4" t="31" w="56" /></phr><phr n="Notification"><ent r="8" t="15" w="624" /><ent r="8" t="15" w="624" /><ent r="1000" t="16" w="2" /><ent r="1000" t="16" w="2" /><ent r="100" t="16" w="8" /><ent r="100" t="16" w="8" /><ent r="100" t="16" w="13" /><ent r="102" t="16" w="24" /><ent r="102" t="16" w="24" /><ent r="65" t="16" w="113" /><ent r="65" t="16" w="113" /><ent r="4" t="16" w="250" /><ent r="4" t="16" w="250" /><ent r="4" t="16" w="258" /><ent r="4" t="16" w="258" /><ent r="65" t="16" w="1033" /><ent r="65" t="16" w="1033" /><ent r="100" t="16" w="1055" /><ent r="100" t="31" w="491" /><ent r="100" t="31" w="491" /><ent r="4" t="31" w="671" /><ent r="4" t="31" w="671" /><ent r="82" t="31" w="740" /><ent r="82" t="31" w="740" /><ent r="100" t="31" w="743" /><ent r="3" t="31" w="747" /><ent r="3" t="31" w="747" /><ent r="64" t="31" w="876" /><ent r="64" t="31" w="876" /></phr><phr n="notification"><ent r="7" t="15" w="642" /><ent r="7" t="15" w="642" /><ent r="100" t="16" w="17" /><ent r="100" t="16" w="17" /><ent r="4" t="16" w="62" /><ent r="4" t="16" w="62" /><ent r="4" t="16" w="88" /><ent r="4" t="16" w="88" /><ent r="3" t="16" w="231" /><ent r="3" t="16" w="231" /><ent r="100" t="16" w="325" /><ent r="100" t="16" w="325" /><ent r="9" t="16" w="603" /><ent r="100" t="16" w="683" /><ent r="100" t="16" w="683" /><ent r="100" t="16" w="868" /><ent r="100" t="16" w="868" /><ent r="4" t="16" w="1025" /><ent r="4" t="16" w="1025" /><ent r="3" t="16" w="1065" /><ent r="3" t="16" w="1065" /><ent r="3" t="16" w="1080" /><ent r="7" t="16" w="1192" /><ent r="7" t="16" w="1192" /><ent r="4" t="31" w="543" /><ent r="4" t="31" w="543" /><ent r="5" t="31" w="649" /><ent r="5" t="31" w="649" /><ent r="4" t="31" w="660" /><ent r="4" t="31" w="660" /><ent r="4" t="31" w="857" /><ent r="4" t="31" w="857" /><ent r="3" t="31" w="871" /><ent r="3" t="31" w="871" /></phr><phr n="notify"><ent r="3" t="16" w="37" /><ent r="3" t="16" w="37" /><ent r="3" t="31" w="758" /><ent r="3" t="31" w="758" /></phr></stem></index>