<?xml version="1.0" encoding="utf-8"?><index><stem n="eated"><phr n="created"><ent r="3" t="3" w="302" /><ent r="3" t="3" w="302" /><ent r="4" t="4" w="195" /><ent r="4" t="4" w="195" /><ent r="3" t="6" w="72" /><ent r="3" t="6" w="72" /><ent r="3" t="13" w="381" /><ent r="3" t="19" w="222" /><ent r="3" t="22" w="55" /><ent r="3" t="22" w="55" /><ent r="3" t="26" w="15" /><ent r="3" t="26" w="15" /><ent r="4" t="26" w="487" /><ent r="4" t="26" w="487" /><ent r="4" t="27" w="161" /><ent r="4" t="27" w="434" /><ent r="4" t="27" w="434" /><ent r="4" t="27" w="471" /><ent r="4" t="27" w="471" /><ent r="3" t="32" w="97" /><ent r="3" t="32" w="97" /><ent r="6" t="32" w="226" /><ent r="6" t="32" w="226" /><ent r="6" t="32" w="265" /><ent r="6" t="32" w="265" /><ent r="3" t="34" w="846" /><ent r="3" t="34" w="846" /><ent r="3" t="34" w="946" /><ent r="4" t="34" w="1691" /><ent r="4" t="34" w="1691" /><ent r="4" t="34" w="1707" /><ent r="4" t="34" w="1707" /><ent r="6" t="35" w="114" /><ent r="6" t="35" w="114" /><ent r="7" t="38" w="253" /><ent r="7" t="38" w="253" /><ent r="6" t="39" w="219" /><ent r="6" t="44" w="287" /><ent r="6" t="44" w="287" /><ent r="6" t="44" w="324" /><ent r="6" t="44" w="324" /><ent r="6" t="44" w="470" /><ent r="6" t="44" w="470" /></phr><phr n="Created"><ent r="7" t="3" w="1096" /><ent r="7" t="3" w="1096" /></phr><phr n="treated"><ent r="3" t="34" w="433" /><ent r="3" t="34" w="433" /><ent r="6" t="44" w="347" /><ent r="6" t="44" w="347" /></phr><phr n="recreated"><ent r="3" t="34" w="752" /><ent r="3" t="34" w="752" /></phr></stem><stem n="create"><phr n="created"><ent r="3" t="3" w="302" /><ent r="3" t="3" w="302" /><ent r="4" t="4" w="195" /><ent r="4" t="4" w="195" /><ent r="3" t="6" w="72" /><ent r="3" t="6" w="72" /><ent r="3" t="13" w="381" /><ent r="3" t="19" w="222" /><ent r="3" t="22" w="55" /><ent r="3" t="22" w="55" /><ent r="3" t="26" w="15" /><ent r="3" t="26" w="15" /><ent r="4" t="26" w="487" /><ent r="4" t="26" w="487" /><ent r="4" t="27" w="161" /><ent r="4" t="27" w="434" /><ent r="4" t="27" w="434" /><ent r="4" t="27" w="471" /><ent r="4" t="27" w="471" /><ent r="3" t="32" w="97" /><ent r="3" t="32" w="97" /><ent r="6" t="32" w="226" /><ent r="6" t="32" w="226" /><ent r="6" t="32" w="265" /><ent r="6" t="32" w="265" /><ent r="3" t="34" w="846" /><ent r="3" t="34" w="846" /><ent r="3" t="34" w="946" /><ent r="4" t="34" w="1691" /><ent r="4" t="34" w="1691" /><ent r="4" t="34" w="1707" /><ent r="4" t="34" w="1707" /><ent r="6" t="35" w="114" /><ent r="6" t="35" w="114" /><ent r="7" t="38" w="253" /><ent r="7" t="38" w="253" /><ent r="6" t="39" w="219" /><ent r="6" t="44" w="287" /><ent r="6" t="44" w="287" /><ent r="6" t="44" w="324" /><ent r="6" t="44" w="324" /><ent r="6" t="44" w="470" /><ent r="6" t="44" w="470" /></phr><phr n="Created"><ent r="7" t="3" w="1096" /><ent r="7" t="3" w="1096" /></phr><phr n="Create"><ent r="4" t="6" w="44" /><ent r="4" t="6" w="44" /><ent r="7" t="10" w="91" /><ent r="7" t="10" w="91" /><ent r="9" t="16" w="610" /><ent r="9" t="16" w="610" /><ent r="9" t="16" w="774" /><ent r="9" t="16" w="774" /><ent r="9" t="16" w="957" /><ent r="9" t="16" w="957" /><ent r="4" t="19" w="68" /><ent r="4" t="19" w="68" /></phr><phr n="create"><ent r="4" t="7" w="195" /><ent r="4" t="7" w="195" /><ent r="3" t="16" w="123" /><ent r="3" t="16" w="123" /><ent r="3" t="16" w="229" /><ent r="3" t="16" w="229" /><ent r="3" t="19" w="24" /><ent r="3" t="19" w="24" /><ent r="4" t="26" w="136" /><ent r="4" t="26" w="136" /><ent r="4" t="26" w="492" /><ent r="4" t="26" w="492" /><ent r="4" t="27" w="336" /><ent r="4" t="27" w="336" /><ent r="4" t="27" w="353" /><ent r="4" t="27" w="353" /><ent r="4" t="27" w="722" /><ent r="4" t="27" w="722" /><ent r="4" t="27" w="881" /><ent r="4" t="27" w="881" /><ent r="4" t="27" w="912" /><ent r="4" t="27" w="912" /><ent r="4" t="27" w="942" /><ent r="4" t="27" w="942" /><ent r="4" t="34" w="1066" /><ent r="4" t="34" w="1066" /><ent r="3" t="42" w="349" /><ent r="3" t="42" w="349" /></phr><phr n="Creates"><ent r="6" t="32" w="194" /><ent r="6" t="32" w="194" /><ent r="6" t="43" w="67" /><ent r="6" t="43" w="67" /></phr><phr n="recreated"><ent r="3" t="34" w="752" /><ent r="3" t="34" w="752" /></phr></stem><stem n="reated"><phr n="created"><ent r="3" t="3" w="302" /><ent r="3" t="3" w="302" /><ent r="4" t="4" w="195" /><ent r="4" t="4" w="195" /><ent r="3" t="6" w="72" /><ent r="3" t="6" w="72" /><ent r="3" t="13" w="381" /><ent r="3" t="19" w="222" /><ent r="3" t="22" w="55" /><ent r="3" t="22" w="55" /><ent r="3" t="26" w="15" /><ent r="3" t="26" w="15" /><ent r="4" t="26" w="487" /><ent r="4" t="26" w="487" /><ent r="4" t="27" w="161" /><ent r="4" t="27" w="434" /><ent r="4" t="27" w="434" /><ent r="4" t="27" w="471" /><ent r="4" t="27" w="471" /><ent r="3" t="32" w="97" /><ent r="3" t="32" w="97" /><ent r="6" t="32" w="226" /><ent r="6" t="32" w="226" /><ent r="6" t="32" w="265" /><ent r="6" t="32" w="265" /><ent r="3" t="34" w="846" /><ent r="3" t="34" w="846" /><ent r="3" t="34" w="946" /><ent r="4" t="34" w="1691" /><ent r="4" t="34" w="1691" /><ent r="4" t="34" w="1707" /><ent r="4" t="34" w="1707" /><ent r="6" t="35" w="114" /><ent r="6" t="35" w="114" /><ent r="7" t="38" w="253" /><ent r="7" t="38" w="253" /><ent r="6" t="39" w="219" /><ent r="6" t="44" w="287" /><ent r="6" t="44" w="287" /><ent r="6" t="44" w="324" /><ent r="6" t="44" w="324" /><ent r="6" t="44" w="470" /><ent r="6" t="44" w="470" /></phr><phr n="Created"><ent r="7" t="3" w="1096" /><ent r="7" t="3" w="1096" /></phr><phr n="treated"><ent r="3" t="34" w="433" /><ent r="3" t="34" w="433" /><ent r="6" t="44" w="347" /><ent r="6" t="44" w="347" /></phr><phr n="recreated"><ent r="3" t="34" w="752" /><ent r="3" t="34" w="752" /></phr></stem><stem n="created"><phr n="created"><ent r="3" t="3" w="302" /><ent r="3" t="3" w="302" /><ent r="4" t="4" w="195" /><ent r="4" t="4" w="195" /><ent r="3" t="6" w="72" /><ent r="3" t="6" w="72" /><ent r="3" t="13" w="381" /><ent r="3" t="19" w="222" /><ent r="3" t="22" w="55" /><ent r="3" t="22" w="55" /><ent r="3" t="26" w="15" /><ent r="3" t="26" w="15" /><ent r="4" t="26" w="487" /><ent r="4" t="26" w="487" /><ent r="4" t="27" w="161" /><ent r="4" t="27" w="434" /><ent r="4" t="27" w="434" /><ent r="4" t="27" w="471" /><ent r="4" t="27" w="471" /><ent r="3" t="32" w="97" /><ent r="3" t="32" w="97" /><ent r="6" t="32" w="226" /><ent r="6" t="32" w="226" /><ent r="6" t="32" w="265" /><ent r="6" t="32" w="265" /><ent r="3" t="34" w="846" /><ent r="3" t="34" w="846" /><ent r="3" t="34" w="946" /><ent r="4" t="34" w="1691" /><ent r="4" t="34" w="1691" /><ent r="4" t="34" w="1707" /><ent r="4" t="34" w="1707" /><ent r="6" t="35" w="114" /><ent r="6" t="35" w="114" /><ent r="7" t="38" w="253" /><ent r="7" t="38" w="253" /><ent r="6" t="39" w="219" /><ent r="6" t="44" w="287" /><ent r="6" t="44" w="287" /><ent r="6" t="44" w="324" /><ent r="6" t="44" w="324" /><ent r="6" t="44" w="470" /><ent r="6" t="44" w="470" /></phr><phr n="Created"><ent r="7" t="3" w="1096" /><ent r="7" t="3" w="1096" /></phr><phr n="recreated"><ent r="3" t="34" w="752" /><ent r="3" t="34" w="752" /></phr></stem><stem n="upload"><phr n="upload"><ent r="3" t="3" w="309" /><ent r="3" t="3" w="309" /><ent r="6" t="35" w="401" /><ent r="6" t="35" w="401" /><ent r="6" t="35" w="438" /><ent r="6" t="35" w="438" /></phr><phr n="uploading"><ent r="3" t="3" w="321" /><ent r="3" t="3" w="321" /><ent r="67" t="3" w="622" /><ent r="67" t="3" w="622" /><ent r="3" t="17" w="280" /><ent r="3" t="17" w="280" /></phr><phr n="uploaded"><ent r="3" t="17" w="265" /><ent r="3" t="17" w="304" /><ent r="3" t="32" w="113" /><ent r="3" t="32" w="113" /><ent r="7" t="35" w="450" /><ent r="7" t="35" w="450" /><ent r="7" t="35" w="480" /><ent r="7" t="35" w="480" /><ent r="7" t="35" w="494" /><ent r="7" t="35" w="494" /></phr><phr n="Upload"><ent r="7" t="35" w="405" /><ent r="7" t="35" w="405" /><ent r="5" t="42" w="285" /><ent r="5" t="42" w="285" /></phr><phr n="Uploads"><ent r="6" t="35" w="408" /><ent r="6" t="35" w="408" /></phr></stem><stem n="uplo"><phr n="upload"><ent r="3" t="3" w="309" /><ent r="3" t="3" w="309" /><ent r="6" t="35" w="401" /><ent r="6" t="35" w="401" /><ent r="6" t="35" w="438" /><ent r="6" t="35" w="438" /></phr><phr n="uploading"><ent r="3" t="3" w="321" /><ent r="3" t="3" w="321" /><ent r="67" t="3" w="622" /><ent r="67" t="3" w="622" /><ent r="3" t="17" w="280" /><ent r="3" t="17" w="280" /></phr><phr n="uploaded"><ent r="3" t="17" w="265" /><ent r="3" t="17" w="304" /><ent r="3" t="32" w="113" /><ent r="3" t="32" w="113" /><ent r="7" t="35" w="450" /><ent r="7" t="35" w="450" /><ent r="7" t="35" w="480" /><ent r="7" t="35" w="480" /><ent r="7" t="35" w="494" /><ent r="7" t="35" w="494" /></phr><phr n="Upload"><ent r="7" t="35" w="405" /><ent r="7" t="35" w="405" /><ent r="5" t="42" w="285" /><ent r="5" t="42" w="285" /></phr><phr n="Uploads"><ent r="6" t="35" w="408" /><ent r="6" t="35" w="408" /></phr></stem><stem n="ploa"><phr n="upload"><ent r="3" t="3" w="309" /><ent r="3" t="3" w="309" /><ent r="6" t="35" w="401" /><ent r="6" t="35" w="401" /><ent r="6" t="35" w="438" /><ent r="6" t="35" w="438" /></phr><phr n="uploading"><ent r="3" t="3" w="321" /><ent r="3" t="3" w="321" /><ent r="67" t="3" w="622" /><ent r="67" t="3" w="622" /><ent r="3" t="17" w="280" /><ent r="3" t="17" w="280" /></phr><phr n="uploaded"><ent r="3" t="17" w="265" /><ent r="3" t="17" w="304" /><ent r="3" t="32" w="113" /><ent r="3" t="32" w="113" /><ent r="7" t="35" w="450" /><ent r="7" t="35" w="450" /><ent r="7" t="35" w="480" /><ent r="7" t="35" w="480" /><ent r="7" t="35" w="494" /><ent r="7" t="35" w="494" /></phr><phr n="Upload"><ent r="7" t="35" w="405" /><ent r="7" t="35" w="405" /><ent r="5" t="42" w="285" /><ent r="5" t="42" w="285" /></phr><phr n="Uploads"><ent r="6" t="35" w="408" /><ent r="6" t="35" w="408" /></phr></stem><stem n="load"><phr n="upload"><ent r="3" t="3" w="309" /><ent r="3" t="3" w="309" /><ent r="6" t="35" w="401" /><ent r="6" t="35" w="401" /><ent r="6" t="35" w="438" /><ent r="6" t="35" w="438" /></phr><phr n="uploading"><ent r="3" t="3" w="321" /><ent r="3" t="3" w="321" /><ent r="67" t="3" w="622" /><ent r="67" t="3" w="622" /><ent r="3" t="17" w="280" /><ent r="3" t="17" w="280" /></phr><phr n="Download"><ent r="8" t="4" w="325" /><ent r="8" t="4" w="325" /><ent r="6" t="4" w="395" /><ent r="6" t="4" w="395" /><ent r="5" t="4" w="615" /><ent r="5" t="4" w="615" /><ent r="7" t="28" w="160" /><ent r="7" t="28" w="160" /><ent r="8" t="28" w="210" /><ent r="8" t="28" w="210" /><ent r="7" t="35" w="270" /><ent r="7" t="35" w="270" /><ent r="6" t="35" w="382" /><ent r="6" t="35" w="382" /><ent r="7" t="36" w="1531" /><ent r="7" t="36" w="1531" /><ent r="7" t="36" w="1590" /><ent r="7" t="36" w="1590" /><ent r="7" t="38" w="72" /><ent r="7" t="38" w="72" /><ent r="100" t="39" w="13" /><ent r="100" t="39" w="13" /><ent r="7" t="39" w="138" /><ent r="7" t="39" w="138" /></phr><phr n="download"><ent r="6" t="4" w="380" /><ent r="6" t="4" w="380" /><ent r="6" t="4" w="388" /><ent r="3" t="4" w="545" /><ent r="3" t="4" w="545" /><ent r="3" t="4" w="561" /><ent r="3" t="4" w="561" /><ent r="3" t="4" w="600" /><ent r="3" t="4" w="600" /><ent r="3" t="17" w="810" /><ent r="3" t="17" w="810" /><ent r="7" t="28" w="225" /><ent r="7" t="28" w="225" /><ent r="6" t="28" w="340" /><ent r="6" t="28" w="349" /><ent r="6" t="35" w="354" /><ent r="6" t="35" w="354" /><ent r="4" t="36" w="220" /><ent r="3" t="38" w="28" /><ent r="6" t="38" w="126" /><ent r="6" t="38" w="133" /><ent r="6" t="38" w="133" /><ent r="6" t="39" w="170" /><ent r="6" t="39" w="177" /><ent r="6" t="39" w="177" /></phr><phr n="downloads"><ent r="4" t="9" w="231" /><ent r="4" t="9" w="231" /><ent r="6" t="36" w="1593" /><ent r="6" t="36" w="1593" /></phr><phr n="Reload"><ent r="5" t="17" w="235" /><ent r="5" t="17" w="235" /><ent r="65" t="17" w="241" /><ent r="65" t="17" w="241" /><ent r="65" t="17" w="749" /><ent r="65" t="17" w="749" /><ent r="82" t="34" w="1175" /><ent r="82" t="34" w="1175" /><ent r="3" t="34" w="1178" /><ent r="3" t="34" w="1178" /><ent r="4" t="34" w="1199" /><ent r="4" t="34" w="1199" /><ent r="6" t="35" w="161" /><ent r="6" t="35" w="161" /></phr><phr n="uploaded"><ent r="3" t="17" w="265" /><ent r="3" t="17" w="304" /><ent r="3" t="32" w="113" /><ent r="3" t="32" w="113" /><ent r="7" t="35" w="450" /><ent r="7" t="35" w="450" /><ent r="7" t="35" w="480" /><ent r="7" t="35" w="480" /><ent r="7" t="35" w="494" /><ent r="7" t="35" w="494" /></phr><phr n="downloading"><ent r="3" t="17" w="278" /><ent r="3" t="17" w="278" /><ent r="3" t="17" w="821" /><ent r="3" t="17" w="821" /><ent r="100" t="28" w="166" /><ent r="100" t="28" w="166" /><ent r="7" t="28" w="243" /><ent r="7" t="28" w="243" /><ent r="7" t="28" w="258" /><ent r="7" t="28" w="258" /><ent r="100" t="39" w="20" /><ent r="100" t="39" w="20" /></phr><phr n="loading"><ent r="3" t="26" w="148" /><ent r="3" t="26" w="148" /></phr><phr n="downloaded"><ent r="4" t="28" w="62" /><ent r="6" t="35" w="374" /><ent r="6" t="35" w="374" /><ent r="6" t="36" w="1582" /><ent r="7" t="36" w="1712" /></phr><phr n="load"><ent r="7" t="31" w="431" /><ent r="7" t="31" w="431" /><ent r="7" t="36" w="1158" /><ent r="7" t="36" w="1158" /></phr><phr n="Reloading"><ent r="3" t="34" w="1202" /><ent r="3" t="34" w="1202" /><ent r="4" t="34" w="1253" /><ent r="4" t="34" w="1253" /></phr><phr n="reloaded"><ent r="6" t="35" w="338" /><ent r="6" t="35" w="338" /></phr><phr n="Upload"><ent r="7" t="35" w="405" /><ent r="7" t="35" w="405" /><ent r="5" t="42" w="285" /><ent r="5" t="42" w="285" /></phr><phr n="Uploads"><ent r="6" t="35" w="408" /><ent r="6" t="35" w="408" /></phr><phr n="Load"><ent r="8" t="36" w="294" /><ent r="8" t="36" w="294" /></phr><phr n="Loads"><ent r="7" t="36" w="296" /><ent r="7" t="36" w="296" /></phr><phr n="loaded"><ent r="7" t="36" w="308" /><ent r="7" t="36" w="434" /></phr><phr n="Downloads"><ent r="6" t="36" w="1533" /><ent r="6" t="36" w="1533" /></phr></stem><stem n="uploa"><phr n="upload"><ent r="3" t="3" w="309" /><ent r="3" t="3" w="309" /><ent r="6" t="35" w="401" /><ent r="6" t="35" w="401" /><ent r="6" t="35" w="438" /><ent r="6" t="35" w="438" /></phr><phr n="uploading"><ent r="3" t="3" w="321" /><ent r="3" t="3" w="321" /><ent r="67" t="3" w="622" /><ent r="67" t="3" w="622" /><ent r="3" t="17" w="280" /><ent r="3" t="17" w="280" /></phr><phr n="uploaded"><ent r="3" t="17" w="265" /><ent r="3" t="17" w="304" /><ent r="3" t="32" w="113" /><ent r="3" t="32" w="113" /><ent r="7" t="35" w="450" /><ent r="7" t="35" w="450" /><ent r="7" t="35" w="480" /><ent r="7" t="35" w="480" /><ent r="7" t="35" w="494" /><ent r="7" t="35" w="494" /></phr><phr n="Upload"><ent r="7" t="35" w="405" /><ent r="7" t="35" w="405" /><ent r="5" t="42" w="285" /><ent r="5" t="42" w="285" /></phr><phr n="Uploads"><ent r="6" t="35" w="408" /><ent r="6" t="35" w="408" /></phr></stem><stem n="pload"><phr n="upload"><ent r="3" t="3" w="309" /><ent r="3" t="3" w="309" /><ent r="6" t="35" w="401" /><ent r="6" t="35" w="401" /><ent r="6" t="35" w="438" /><ent r="6" t="35" w="438" /></phr><phr n="uploading"><ent r="3" t="3" w="321" /><ent r="3" t="3" w="321" /><ent r="67" t="3" w="622" /><ent r="67" t="3" w="622" /><ent r="3" t="17" w="280" /><ent r="3" t="17" w="280" /></phr><phr n="uploaded"><ent r="3" t="17" w="265" /><ent r="3" t="17" w="304" /><ent r="3" t="32" w="113" /><ent r="3" t="32" w="113" /><ent r="7" t="35" w="450" /><ent r="7" t="35" w="450" /><ent r="7" t="35" w="480" /><ent r="7" t="35" w="480" /><ent r="7" t="35" w="494" /><ent r="7" t="35" w="494" /></phr><phr n="Upload"><ent r="7" t="35" w="405" /><ent r="7" t="35" w="405" /><ent r="5" t="42" w="285" /><ent r="5" t="42" w="285" /></phr><phr n="Uploads"><ent r="6" t="35" w="408" /><ent r="6" t="35" w="408" /></phr></stem><stem n="archiv"><phr n="archive"><ent r="3" t="3" w="312" /><ent r="3" t="3" w="312" /><ent r="3" t="3" w="323" /><ent r="6" t="3" w="626" /><ent r="7" t="4" w="442" /><ent r="3" t="17" w="259" /><ent r="3" t="17" w="259" /><ent r="3" t="17" w="269" /><ent r="3" t="17" w="269" /><ent r="3" t="17" w="282" /><ent r="3" t="17" w="806" /><ent r="3" t="17" w="806" /><ent r="3" t="17" w="823" /><ent r="6" t="28" w="206" /><ent r="7" t="28" w="268" /><ent r="7" t="28" w="277" /><ent r="7" t="28" w="277" /><ent r="7" t="28" w="283" /><ent r="7" t="28" w="283" /><ent r="3" t="32" w="107" /><ent r="3" t="32" w="107" /><ent r="6" t="35" w="112" /><ent r="6" t="35" w="112" /><ent r="6" t="35" w="119" /><ent r="6" t="35" w="119" /><ent r="6" t="35" w="224" /><ent r="6" t="35" w="249" /><ent r="6" t="35" w="249" /><ent r="6" t="35" w="268" /><ent r="6" t="35" w="275" /><ent r="6" t="35" w="275" /><ent r="6" t="35" w="285" /><ent r="6" t="35" w="285" /><ent r="7" t="35" w="292" /><ent r="7" t="35" w="292" /><ent r="6" t="35" w="327" /><ent r="6" t="35" w="335" /><ent r="6" t="35" w="335" /><ent r="6" t="35" w="347" /><ent r="6" t="35" w="347" /><ent r="6" t="35" w="386" /><ent r="6" t="35" w="386" /><ent r="6" t="35" w="412" /><ent r="6" t="35" w="412" /><ent r="6" t="35" w="431" /><ent r="6" t="35" w="431" /><ent r="6" t="35" w="440" /><ent r="7" t="35" w="461" /><ent r="7" t="35" w="461" /><ent r="7" t="35" w="471" /><ent r="7" t="35" w="471" /><ent r="7" t="35" w="481" /><ent r="7" t="35" w="481" /><ent r="7" t="35" w="495" /></phr><phr n="archival"><ent r="6" t="28" w="393" /><ent r="6" t="28" w="393" /></phr><phr n="archives"><ent r="3" t="35" w="26" /><ent r="6" t="35" w="101" /><ent r="6" t="35" w="302" /><ent r="6" t="35" w="302" /><ent r="6" t="35" w="310" /><ent r="6" t="35" w="310" /></phr><phr n="Archive"><ent r="7" t="35" w="215" /><ent r="7" t="35" w="215" /><ent r="7" t="35" w="271" /><ent r="7" t="35" w="271" /><ent r="7" t="35" w="318" /><ent r="7" t="35" w="318" /><ent r="7" t="35" w="406" /><ent r="7" t="35" w="406" /></phr></stem><stem n="arch"><phr n="archive"><ent r="3" t="3" w="312" /><ent r="3" t="3" w="312" /><ent r="3" t="3" w="323" /><ent r="6" t="3" w="626" /><ent r="7" t="4" w="442" /><ent r="3" t="17" w="259" /><ent r="3" t="17" w="259" /><ent r="3" t="17" w="269" /><ent r="3" t="17" w="269" /><ent r="3" t="17" w="282" /><ent r="3" t="17" w="806" /><ent r="3" t="17" w="806" /><ent r="3" t="17" w="823" /><ent r="6" t="28" w="206" /><ent r="7" t="28" w="268" /><ent r="7" t="28" w="277" /><ent r="7" t="28" w="277" /><ent r="7" t="28" w="283" /><ent r="7" t="28" w="283" /><ent r="3" t="32" w="107" /><ent r="3" t="32" w="107" /><ent r="6" t="35" w="112" /><ent r="6" t="35" w="112" /><ent r="6" t="35" w="119" /><ent r="6" t="35" w="119" /><ent r="6" t="35" w="224" /><ent r="6" t="35" w="249" /><ent r="6" t="35" w="249" /><ent r="6" t="35" w="268" /><ent r="6" t="35" w="275" /><ent r="6" t="35" w="275" /><ent r="6" t="35" w="285" /><ent r="6" t="35" w="285" /><ent r="7" t="35" w="292" /><ent r="7" t="35" w="292" /><ent r="6" t="35" w="327" /><ent r="6" t="35" w="335" /><ent r="6" t="35" w="335" /><ent r="6" t="35" w="347" /><ent r="6" t="35" w="347" /><ent r="6" t="35" w="386" /><ent r="6" t="35" w="386" /><ent r="6" t="35" w="412" /><ent r="6" t="35" w="412" /><ent r="6" t="35" w="431" /><ent r="6" t="35" w="431" /><ent r="6" t="35" w="440" /><ent r="7" t="35" w="461" /><ent r="7" t="35" w="461" /><ent r="7" t="35" w="471" /><ent r="7" t="35" w="471" /><ent r="7" t="35" w="481" /><ent r="7" t="35" w="481" /><ent r="7" t="35" w="495" /></phr><phr n="Search"><ent r="7" t="22" w="321" /><ent r="7" t="22" w="321" /><ent r="5" t="34" w="2217" /><ent r="5" t="34" w="2217" /><ent r="7" t="44" w="329" /><ent r="7" t="44" w="329" /><ent r="7" t="44" w="368" /><ent r="7" t="44" w="368" /><ent r="6" t="44" w="403" /><ent r="6" t="44" w="403" /></phr><phr n="searching"><ent r="7" t="22" w="339" /><ent r="7" t="22" w="339" /><ent r="4" t="34" w="2183" /><ent r="4" t="34" w="2183" /><ent r="6" t="44" w="335" /><ent r="6" t="44" w="335" /></phr><phr n="search"><ent r="4" t="23" w="239" /><ent r="4" t="23" w="239" /><ent r="4" t="23" w="248" /><ent r="4" t="23" w="248" /><ent r="4" t="23" w="294" /><ent r="4" t="23" w="294" /><ent r="4" t="24" w="182" /><ent r="4" t="24" w="182" /><ent r="4" t="24" w="191" /><ent r="4" t="24" w="191" /><ent r="4" t="24" w="237" /><ent r="4" t="24" w="237" /><ent r="4" t="34" w="2153" /><ent r="4" t="34" w="2153" /><ent r="4" t="34" w="2163" /><ent r="4" t="34" w="2163" /><ent r="4" t="34" w="2224" /><ent r="4" t="34" w="2224" /><ent r="6" t="44" w="343" /><ent r="6" t="44" w="343" /><ent r="6" t="44" w="365" /><ent r="6" t="44" w="365" /><ent r="6" t="44" w="393" /><ent r="6" t="44" w="393" /></phr><phr n="Searching"><ent r="4" t="23" w="273" /><ent r="4" t="23" w="273" /><ent r="4" t="24" w="216" /><ent r="4" t="24" w="216" /><ent r="3" t="34" w="2131" /><ent r="3" t="34" w="2131" /><ent r="4" t="34" w="2221" /><ent r="4" t="34" w="2221" /></phr><phr n="searched"><ent r="4" t="23" w="285" /><ent r="4" t="24" w="228" /></phr><phr n="archival"><ent r="6" t="28" w="393" /><ent r="6" t="28" w="393" /></phr><phr n="archives"><ent r="3" t="35" w="26" /><ent r="6" t="35" w="101" /><ent r="6" t="35" w="302" /><ent r="6" t="35" w="302" /><ent r="6" t="35" w="310" /><ent r="6" t="35" w="310" /></phr><phr n="searchable"><ent r="3" t="35" w="35" /><ent r="3" t="35" w="35" /></phr><phr n="Archive"><ent r="7" t="35" w="215" /><ent r="7" t="35" w="215" /><ent r="7" t="35" w="271" /><ent r="7" t="35" w="271" /><ent r="7" t="35" w="318" /><ent r="7" t="35" w="318" /><ent r="7" t="35" w="406" /><ent r="7" t="35" w="406" /></phr><phr n="March"><ent r="6" t="36" w="1424" /><ent r="6" t="36" w="1424" /></phr></stem><stem n="rchi"><phr n="archive"><ent r="3" t="3" w="312" /><ent r="3" t="3" w="312" /><ent r="3" t="3" w="323" /><ent r="6" t="3" w="626" /><ent r="7" t="4" w="442" /><ent r="3" t="17" w="259" /><ent r="3" t="17" w="259" /><ent r="3" t="17" w="269" /><ent r="3" t="17" w="269" /><ent r="3" t="17" w="282" /><ent r="3" t="17" w="806" /><ent r="3" t="17" w="806" /><ent r="3" t="17" w="823" /><ent r="6" t="28" w="206" /><ent r="7" t="28" w="268" /><ent r="7" t="28" w="277" /><ent r="7" t="28" w="277" /><ent r="7" t="28" w="283" /><ent r="7" t="28" w="283" /><ent r="3" t="32" w="107" /><ent r="3" t="32" w="107" /><ent r="6" t="35" w="112" /><ent r="6" t="35" w="112" /><ent r="6" t="35" w="119" /><ent r="6" t="35" w="119" /><ent r="6" t="35" w="224" /><ent r="6" t="35" w="249" /><ent r="6" t="35" w="249" /><ent r="6" t="35" w="268" /><ent r="6" t="35" w="275" /><ent r="6" t="35" w="275" /><ent r="6" t="35" w="285" /><ent r="6" t="35" w="285" /><ent r="7" t="35" w="292" /><ent r="7" t="35" w="292" /><ent r="6" t="35" w="327" /><ent r="6" t="35" w="335" /><ent r="6" t="35" w="335" /><ent r="6" t="35" w="347" /><ent r="6" t="35" w="347" /><ent r="6" t="35" w="386" /><ent r="6" t="35" w="386" /><ent r="6" t="35" w="412" /><ent r="6" t="35" w="412" /><ent r="6" t="35" w="431" /><ent r="6" t="35" w="431" /><ent r="6" t="35" w="440" /><ent r="7" t="35" w="461" /><ent r="7" t="35" w="461" /><ent r="7" t="35" w="471" /><ent r="7" t="35" w="471" /><ent r="7" t="35" w="481" /><ent r="7" t="35" w="481" /><ent r="7" t="35" w="495" /></phr><phr n="searching"><ent r="7" t="22" w="339" /><ent r="7" t="22" w="339" /><ent r="4" t="34" w="2183" /><ent r="4" t="34" w="2183" /><ent r="6" t="44" w="335" /><ent r="6" t="44" w="335" /></phr><phr n="Searching"><ent r="4" t="23" w="273" /><ent r="4" t="23" w="273" /><ent r="4" t="24" w="216" /><ent r="4" t="24" w="216" /><ent r="3" t="34" w="2131" /><ent r="3" t="34" w="2131" /><ent r="4" t="34" w="2221" /><ent r="4" t="34" w="2221" /></phr><phr n="archival"><ent r="6" t="28" w="393" /><ent r="6" t="28" w="393" /></phr><phr n="archives"><ent r="3" t="35" w="26" /><ent r="6" t="35" w="101" /><ent r="6" t="35" w="302" /><ent r="6" t="35" w="302" /><ent r="6" t="35" w="310" /><ent r="6" t="35" w="310" /></phr><phr n="Archive"><ent r="7" t="35" w="215" /><ent r="7" t="35" w="215" /><ent r="7" t="35" w="271" /><ent r="7" t="35" w="271" /><ent r="7" t="35" w="318" /><ent r="7" t="35" w="318" /><ent r="7" t="35" w="406" /><ent r="7" t="35" w="406" /></phr></stem><stem n="chiv"><phr n="archive"><ent r="3" t="3" w="312" /><ent r="3" t="3" w="312" /><ent r="3" t="3" w="323" /><ent r="6" t="3" w="626" /><ent r="7" t="4" w="442" /><ent r="3" t="17" w="259" /><ent r="3" t="17" w="259" /><ent r="3" t="17" w="269" /><ent r="3" t="17" w="269" /><ent r="3" t="17" w="282" /><ent r="3" t="17" w="806" /><ent r="3" t="17" w="806" /><ent r="3" t="17" w="823" /><ent r="6" t="28" w="206" /><ent r="7" t="28" w="268" /><ent r="7" t="28" w="277" /><ent r="7" t="28" w="277" /><ent r="7" t="28" w="283" /><ent r="7" t="28" w="283" /><ent r="3" t="32" w="107" /><ent r="3" t="32" w="107" /><ent r="6" t="35" w="112" /><ent r="6" t="35" w="112" /><ent r="6" t="35" w="119" /><ent r="6" t="35" w="119" /><ent r="6" t="35" w="224" /><ent r="6" t="35" w="249" /><ent r="6" t="35" w="249" /><ent r="6" t="35" w="268" /><ent r="6" t="35" w="275" /><ent r="6" t="35" w="275" /><ent r="6" t="35" w="285" /><ent r="6" t="35" w="285" /><ent r="7" t="35" w="292" /><ent r="7" t="35" w="292" /><ent r="6" t="35" w="327" /><ent r="6" t="35" w="335" /><ent r="6" t="35" w="335" /><ent r="6" t="35" w="347" /><ent r="6" t="35" w="347" /><ent r="6" t="35" w="386" /><ent r="6" t="35" w="386" /><ent r="6" t="35" w="412" /><ent r="6" t="35" w="412" /><ent r="6" t="35" w="431" /><ent r="6" t="35" w="431" /><ent r="6" t="35" w="440" /><ent r="7" t="35" w="461" /><ent r="7" t="35" w="461" /><ent r="7" t="35" w="471" /><ent r="7" t="35" w="471" /><ent r="7" t="35" w="481" /><ent r="7" t="35" w="481" /><ent r="7" t="35" w="495" /></phr><phr n="archival"><ent r="6" t="28" w="393" /><ent r="6" t="28" w="393" /></phr><phr n="archives"><ent r="3" t="35" w="26" /><ent r="6" t="35" w="101" /><ent r="6" t="35" w="302" /><ent r="6" t="35" w="302" /><ent r="6" t="35" w="310" /><ent r="6" t="35" w="310" /></phr><phr n="Archive"><ent r="7" t="35" w="215" /><ent r="7" t="35" w="215" /><ent r="7" t="35" w="271" /><ent r="7" t="35" w="271" /><ent r="7" t="35" w="318" /><ent r="7" t="35" w="318" /><ent r="7" t="35" w="406" /><ent r="7" t="35" w="406" /></phr></stem><stem n="hive"><phr n="archive"><ent r="3" t="3" w="312" /><ent r="3" t="3" w="312" /><ent r="3" t="3" w="323" /><ent r="6" t="3" w="626" /><ent r="7" t="4" w="442" /><ent r="3" t="17" w="259" /><ent r="3" t="17" w="259" /><ent r="3" t="17" w="269" /><ent r="3" t="17" w="269" /><ent r="3" t="17" w="282" /><ent r="3" t="17" w="806" /><ent r="3" t="17" w="806" /><ent r="3" t="17" w="823" /><ent r="6" t="28" w="206" /><ent r="7" t="28" w="268" /><ent r="7" t="28" w="277" /><ent r="7" t="28" w="277" /><ent r="7" t="28" w="283" /><ent r="7" t="28" w="283" /><ent r="3" t="32" w="107" /><ent r="3" t="32" w="107" /><ent r="6" t="35" w="112" /><ent r="6" t="35" w="112" /><ent r="6" t="35" w="119" /><ent r="6" t="35" w="119" /><ent r="6" t="35" w="224" /><ent r="6" t="35" w="249" /><ent r="6" t="35" w="249" /><ent r="6" t="35" w="268" /><ent r="6" t="35" w="275" /><ent r="6" t="35" w="275" /><ent r="6" t="35" w="285" /><ent r="6" t="35" w="285" /><ent r="7" t="35" w="292" /><ent r="7" t="35" w="292" /><ent r="6" t="35" w="327" /><ent r="6" t="35" w="335" /><ent r="6" t="35" w="335" /><ent r="6" t="35" w="347" /><ent r="6" t="35" w="347" /><ent r="6" t="35" w="386" /><ent r="6" t="35" w="386" /><ent r="6" t="35" w="412" /><ent r="6" t="35" w="412" /><ent r="6" t="35" w="431" /><ent r="6" t="35" w="431" /><ent r="6" t="35" w="440" /><ent r="7" t="35" w="461" /><ent r="7" t="35" w="461" /><ent r="7" t="35" w="471" /><ent r="7" t="35" w="471" /><ent r="7" t="35" w="481" /><ent r="7" t="35" w="481" /><ent r="7" t="35" w="495" /></phr><phr n="archives"><ent r="3" t="35" w="26" /><ent r="6" t="35" w="101" /><ent r="6" t="35" w="302" /><ent r="6" t="35" w="302" /><ent r="6" t="35" w="310" /><ent r="6" t="35" w="310" /></phr><phr n="Archive"><ent r="7" t="35" w="215" /><ent r="7" t="35" w="215" /><ent r="7" t="35" w="271" /><ent r="7" t="35" w="271" /><ent r="7" t="35" w="318" /><ent r="7" t="35" w="318" /><ent r="7" t="35" w="406" /><ent r="7" t="35" w="406" /></phr></stem></index>