﻿<?xml version="1.0" encoding="utf-8"?><index><stem n="welcom"><phr n="Welcome"><ent r="1000" t="0" w="1" /><ent r="100" t="0" w="3" /><ent r="102" t="0" w="5" /><ent r="3" t="0" w="7" /></phr></stem><stem n="enterpris"><phr n="Enterprise"><ent r="3" t="0" w="10" /><ent r="4" t="0" w="88" /><ent r="3" t="1" w="39" /><ent r="4" t="1" w="55" /><ent r="4" t="2" w="51" /><ent r="3" t="3" w="24" /><ent r="4" t="3" w="52" /><ent r="3" t="4" w="16" /><ent r="4" t="4" w="42" /><ent r="4" t="5" w="38" /><ent r="3" t="6" w="20" /><ent r="4" t="6" w="43" /><ent r="3" t="7" w="23" /><ent r="4" t="7" w="55" /></phr></stem><stem n="servic"><phr n="Service"><ent r="3" t="0" w="11" /><ent r="4" t="0" w="89" /><ent r="3" t="1" w="40" /><ent r="4" t="1" w="56" /><ent r="4" t="2" w="52" /><ent r="4" t="3" w="53" /><ent r="3" t="4" w="17" /><ent r="4" t="4" w="43" /><ent r="4" t="5" w="39" /><ent r="3" t="6" w="21" /><ent r="4" t="6" w="44" /><ent r="3" t="7" w="24" /><ent r="4" t="7" w="56" /></phr></stem><stem n="manag"><phr n="Manager"><ent r="3" t="0" w="12" /><ent r="4" t="0" w="90" /><ent r="3" t="1" w="41" /><ent r="4" t="1" w="57" /><ent r="4" t="2" w="53" /><ent r="4" t="3" w="54" /><ent r="3" t="4" w="18" /><ent r="4" t="4" w="44" /><ent r="4" t="5" w="40" /><ent r="3" t="6" w="22" /><ent r="4" t="6" w="45" /><ent r="3" t="7" w="25" /><ent r="4" t="7" w="57" /></phr><phr n="manage"><ent r="3" t="0" w="31" /></phr><phr n="Manage"><ent r="3" t="3" w="28" /></phr></stem><stem n="esm"><phr n="ESM"><ent r="3" t="0" w="13" /><ent r="3" t="0" w="16" /><ent r="100" t="1" w="13" /><ent r="100" t="1" w="16" /><ent r="3" t="5" w="13" /></phr></stem><stem n="(esm)"><phr n="(ESM)"><ent r="3" t="0" w="14" /></phr></stem><stem n="technolog"><phr n="Technology"><ent r="3" t="0" w="14" /><ent r="3" t="0" w="77" /><ent r="4" t="0" w="91" /><ent r="4" t="1" w="58" /><ent r="4" t="2" w="54" /><ent r="4" t="3" w="55" /><ent r="4" t="4" w="45" /><ent r="3" t="5" w="14" /><ent r="4" t="5" w="41" /><ent r="4" t="6" w="46" /><ent r="4" t="7" w="58" /></phr><phr n="Technologies"><ent r="3" t="0" w="25" /></phr></stem><stem n="preview"><phr n="Preview"><ent r="3" t="0" w="15" /><ent r="3" t="0" w="78" /><ent r="4" t="0" w="92" /><ent r="4" t="1" w="59" /><ent r="4" t="2" w="55" /><ent r="4" t="3" w="56" /><ent r="4" t="4" w="46" /><ent r="3" t="5" w="15" /><ent r="4" t="5" w="42" /><ent r="4" t="6" w="47" /><ent r="4" t="7" w="59" /></phr></stem><stem n="."><phr n="."><ent r="3" t="0" w="16" /><ent r="3" t="0" w="47" /><ent r="3" t="0" w="68" /><ent r="3" t="0" w="94" /><ent r="3" t="1" w="45" /><ent r="3" t="1" w="61" /><ent r="3" t="2" w="41" /><ent r="3" t="2" w="57" /><ent r="3" t="3" w="42" /><ent r="3" t="3" w="58" /><ent r="3" t="4" w="32" /><ent r="4" t="4" w="47" /><ent r="3" t="5" w="44" /><ent r="3" t="6" w="33" /><ent r="3" t="6" w="49" /><ent r="3" t="7" w="61" /></phr></stem><stem n="excit"><phr n="exciting"><ent r="3" t="0" w="19" /></phr></stem><stem n="new"><phr n="new"><ent r="3" t="0" w="20" /></phr></stem><stem n="product"><phr n="product"><ent r="3" t="0" w="21" /></phr></stem><stem n="layer"><phr n="Layer"><ent r="3" t="0" w="23" /></phr></stem><stem n="7"><phr n="7"><ent r="3" t="0" w="24" /></phr></stem><stem n="make"><phr n="makes"><ent r="3" t="0" w="27" /><ent r="3" t="4" w="19" /></phr></stem><stem n="possibl"><phr n="possible"><ent r="3" t="0" w="29" /></phr></stem><stem n="securespan"><phr n="SecureSpan"><ent r="3" t="0" w="33" /><ent r="3" t="2" w="36" /></phr></stem><stem n="gatewai"><phr n="Gateway"><ent r="3" t="0" w="34" /><ent r="1000" t="2" w="3" /><ent r="100" t="2" w="10" /><ent r="102" t="2" w="24" /><ent r="3" t="2" w="37" /><ent r="3" t="3" w="29" /><ent r="3" t="4" w="28" /></phr><phr n="Gateways"><ent r="3" t="6" w="32" /></phr></stem><stem n="cluster"><phr n="clusters"><ent r="3" t="0" w="35" /><ent r="3" t="2" w="38" /></phr><phr n="Cluster"><ent r="1000" t="2" w="4" /><ent r="100" t="2" w="11" /><ent r="100" t="2" w="15" /><ent r="100" t="2" w="19" /><ent r="102" t="2" w="25" /><ent r="100" t="3" w="11" /><ent r="100" t="3" w="14" /></phr><phr n="Clusters"><ent r="1000" t="3" w="2" /><ent r="100" t="3" w="7" /><ent r="102" t="3" w="19" /><ent r="3" t="3" w="37" /></phr><phr n="cluster"><ent r="3" t="4" w="29" /></phr></stem><stem n="spread"><phr n="spread"><ent r="3" t="0" w="36" /></phr></stem><stem n="across"><phr n="across"><ent r="3" t="0" w="37" /></phr></stem><stem n="wide"><phr n="wide"><ent r="3" t="0" w="39" /></phr></stem><stem n="geograph"><phr n="geographical"><ent r="3" t="0" w="40" /></phr></stem><stem n="area"><phr n="area"><ent r="3" t="0" w="41" /></phr></stem><stem n=","><phr n=","><ent r="3" t="0" w="42" /><ent r="3" t="0" w="80" /><ent r="3" t="0" w="87" /><ent r="3" t="1" w="48" /><ent r="3" t="1" w="54" /><ent r="3" t="2" w="44" /><ent r="3" t="2" w="50" /><ent r="3" t="3" w="45" /><ent r="3" t="3" w="51" /><ent r="3" t="4" w="35" /><ent r="3" t="4" w="41" /><ent r="3" t="5" w="31" /><ent r="3" t="5" w="37" /><ent r="3" t="6" w="36" /><ent r="3" t="6" w="42" /><ent r="3" t="7" w="48" /><ent r="3" t="7" w="54" /></phr></stem><stem n="us"><phr n="using"><ent r="3" t="0" w="42" /></phr></stem><stem n="web"><phr n="web"><ent r="3" t="0" w="45" /></phr></stem><stem n="browser"><phr n="browser"><ent r="3" t="0" w="46" /></phr></stem><stem n="onlin"><phr n="online"><ent r="3" t="0" w="49" /></phr></stem><stem n="help"><phr n="help"><ent r="3" t="0" w="50" /></phr></stem><stem n="system"><phr n="system"><ent r="3" t="0" w="51" /><ent r="3" t="0" w="63" /></phr><phr n="System"><ent r="100" t="7" w="10" /><ent r="4" t="7" w="37" /></phr></stem><stem n="sampl"><phr n="sample"><ent r="3" t="0" w="54" /></phr></stem><stem n="subset"><phr n="subset"><ent r="3" t="0" w="55" /></phr></stem><stem n="what"><phr n="what"><ent r="3" t="0" w="57" /></phr></stem><stem n="will"><phr n="will"><ent r="3" t="0" w="58" /></phr></stem><stem n="appear"><phr n="appear"><ent r="3" t="0" w="59" /></phr></stem><stem n="complet"><phr n="completed"><ent r="3" t="0" w="62" /></phr></stem><stem n="releas"><phr n="released"><ent r="3" t="0" w="65" /></phr></stem><stem n="2009"><phr n="2009"><ent r="3" t="0" w="67" /></phr></stem><stem n="instruct"><phr n="instructions"><ent r="3" t="0" w="69" /></phr></stem><stem n="how"><phr n="how"><ent r="3" t="0" w="71" /></phr></stem><stem n="configur"><phr n="configure"><ent r="3" t="0" w="73" /></phr><phr n="Configuration"><ent r="1000" t="1" w="4" /><ent r="100" t="1" w="9" /><ent r="102" t="1" w="21" /></phr><phr n="Configuring"><ent r="100" t="1" w="15" /></phr><phr n="Configure"><ent r="3" t="3" w="31" /></phr></stem><stem n="version"><phr n="version"><ent r="3" t="0" w="79" /></phr></stem><stem n="pleas"><phr n="please"><ent r="3" t="0" w="80" /><ent r="3" t="1" w="48" /><ent r="3" t="2" w="44" /><ent r="3" t="3" w="45" /><ent r="3" t="4" w="35" /><ent r="3" t="5" w="31" /><ent r="3" t="6" w="36" /><ent r="3" t="7" w="48" /></phr></stem><stem n="refer"><phr n="refer"><ent r="3" t="0" w="81" /><ent r="3" t="1" w="49" /><ent r="3" t="2" w="45" /><ent r="3" t="3" w="46" /><ent r="3" t="4" w="36" /><ent r="3" t="5" w="32" /><ent r="3" t="6" w="37" /><ent r="3" t="7" w="49" /></phr></stem><stem n="accompani"><phr n="accompanying"><ent r="3" t="0" w="84" /><ent r="3" t="1" w="52" /><ent r="3" t="2" w="48" /><ent r="3" t="3" w="49" /><ent r="3" t="4" w="39" /><ent r="3" t="5" w="35" /><ent r="3" t="6" w="40" /><ent r="3" t="7" w="52" /></phr></stem><stem n="pdf"><phr n="PDF"><ent r="3" t="0" w="85" /><ent r="3" t="1" w="53" /><ent r="3" t="2" w="49" /><ent r="3" t="3" w="50" /><ent r="3" t="4" w="40" /><ent r="3" t="5" w="36" /><ent r="3" t="6" w="41" /><ent r="3" t="7" w="53" /></phr></stem><stem n="document"><phr n="document"><ent r="3" t="0" w="86" /></phr></stem><stem n="initi"><phr n="Initial"><ent r="1000" t="1" w="1" /><ent r="100" t="1" w="6" /><ent r="102" t="1" w="18" /></phr></stem><stem n="setup"><phr n="Setup"><ent r="1000" t="1" w="2" /><ent r="100" t="1" w="7" /><ent r="102" t="1" w="19" /></phr><phr n="setup"><ent r="3" t="1" w="28" /></phr></stem><stem n="set"><phr n="Setting"><ent r="100" t="1" w="11" /></phr><phr n="Settings"><ent r="1000" t="7" w="2" /><ent r="100" t="7" w="5" /><ent r="100" t="7" w="8" /><ent r="100" t="7" w="11" /><ent r="102" t="7" w="20" /><ent r="4" t="7" w="35" /><ent r="4" t="7" w="38" /></phr><phr n="settings"><ent r="3" t="7" w="32" /></phr></stem><stem n="up"><phr n="up"><ent r="100" t="1" w="12" /><ent r="3" t="1" w="42" /></phr></stem><stem n="seri"><phr n="series"><ent r="3" t="1" w="26" /></phr></stem><stem n="step"><phr n="steps"><ent r="3" t="1" w="29" /></phr></stem><stem n="need"><phr n="need"><ent r="3" t="1" w="32" /></phr></stem><stem n="done"><phr n="done"><ent r="3" t="1" w="35" /></phr></stem><stem n="onc"><phr n="once"><ent r="3" t="1" w="36" /></phr></stem><stem n="get"><phr n="get"><ent r="3" t="1" w="38" /></phr></stem><stem n="run"><phr n="running"><ent r="3" t="1" w="44" /></phr></stem><stem n="detail"><phr n="details"><ent r="3" t="1" w="47" /><ent r="3" t="2" w="43" /><ent r="3" t="3" w="44" /><ent r="3" t="4" w="34" /><ent r="3" t="5" w="30" /><ent r="3" t="6" w="35" /><ent r="3" t="7" w="47" /></phr></stem><stem n="ad"><phr n="Adding"><ent r="1000" t="2" w="1" /><ent r="100" t="2" w="8" /><ent r="102" t="2" w="22" /></phr><phr n="adding"><ent r="100" t="2" w="16" /><ent r="100" t="2" w="20" /></phr></stem><stem n="monitor"><phr n="Monitor"><ent r="1000" t="2" w="6" /><ent r="100" t="2" w="13" /><ent r="102" t="2" w="27" /></phr><phr n="monitor"><ent r="3" t="2" w="40" /></phr><phr n="monitored"><ent r="3" t="3" w="41" /><ent r="3" t="6" w="31" /></phr></stem><stem n=":ad"><phr n=":adding"><ent r="100" t="2" w="16" /><ent r="100" t="2" w="20" /></phr></stem><stem n="ssg"><phr n="SSG"><ent r="100" t="2" w="18" /><ent r="100" t="3" w="13" /><ent r="3" t="3" w="36" /></phr></stem><stem n="add"><phr n="add"><ent r="3" t="2" w="31" /></phr></stem><stem n="unlimit"><phr n="unlimited"><ent r="3" t="2" w="33" /></phr></stem><stem n="number"><phr n="number"><ent r="3" t="2" w="34" /></phr></stem><stem n="organ"><phr n="Organizing"><ent r="1000" t="3" w="1" /><ent r="100" t="3" w="6" /><ent r="102" t="3" w="18" /></phr></stem><stem n="node"><phr n="Nodes"><ent r="1000" t="3" w="4" /><ent r="100" t="3" w="9" /><ent r="102" t="3" w="21" /><ent r="3" t="3" w="39" /></phr><phr n="Node"><ent r="100" t="3" w="16" /></phr></stem><stem n="tree"><phr n="Tree"><ent r="3" t="3" w="25" /></phr></stem><stem n="&gt;"><phr n="&gt;"><ent r="3" t="3" w="30" /></phr></stem><stem n="tab"><phr n="tab"><ent r="3" t="3" w="32" /></phr></stem><stem n="show"><phr n="shows"><ent r="3" t="3" w="33" /></phr></stem><stem n="be"><phr n="being"><ent r="3" t="3" w="40" /></phr></stem><stem n="migrat"><phr n="Migrating"><ent r="1000" t="4" w="1" /><ent r="100" t="4" w="5" /><ent r="102" t="4" w="12" /></phr><phr n="migrating"><ent r="100" t="4" w="10" /></phr></stem><stem n="polici"><phr n="Policy"><ent r="1000" t="4" w="3" /><ent r="100" t="4" w="7" /><ent r="100" t="4" w="9" /><ent r="102" t="4" w="14" /></phr><phr n="policy"><ent r="3" t="4" w="25" /></phr></stem><stem n=":migrat"><phr n=":migrating"><ent r="100" t="4" w="10" /></phr></stem><stem n="easi"><phr n="easy"><ent r="3" t="4" w="21" /></phr></stem><stem n="move"><phr n="move"><ent r="3" t="4" w="23" /></phr></stem><stem n="on"><phr n="one"><ent r="3" t="4" w="27" /></phr></stem><stem n="anoth"><phr n="another"><ent r="3" t="4" w="31" /></phr></stem><stem n="print"><phr n="Printing"><ent r="1000" t="5" w="1" /><ent r="100" t="5" w="4" /><ent r="102" t="5" w="9" /></phr></stem><stem n="report"><phr n="Reports"><ent r="1000" t="5" w="2" /><ent r="100" t="5" w="5" /><ent r="100" t="5" w="7" /><ent r="102" t="5" w="10" /></phr><phr n="reports"><ent r="3" t="5" w="19" /></phr></stem><stem n="let"><phr n="lets"><ent r="3" t="5" w="16" /></phr></stem><stem n="creat"><phr n="create"><ent r="3" t="5" w="18" /></phr></stem><stem n="base"><phr n="based"><ent r="3" t="5" w="20" /></phr></stem><stem n=":"><phr n=":"><ent r="3" t="5" w="22" /><ent r="3" t="7" w="33" /></phr></stem><stem n="perform"><phr n="Performance"><ent r="4" t="5" w="23" /></phr></stem><stem n="statist"><phr n="Statistics"><ent r="4" t="5" w="24" /><ent r="4" t="5" w="27" /></phr></stem><stem n="usag"><phr n="Usage"><ent r="4" t="5" w="26" /></phr></stem><stem n="view"><phr n="Viewing"><ent r="1000" t="6" w="1" /><ent r="100" t="6" w="6" /><ent r="102" t="6" w="15" /></phr></stem><stem n="audit"><phr n="Audits"><ent r="1000" t="6" w="2" /><ent r="100" t="6" w="7" /><ent r="100" t="6" w="11" /><ent r="102" t="6" w="16" /></phr><phr n="audit"><ent r="3" t="6" w="25" /></phr></stem><stem n="log"><phr n="Logs"><ent r="1000" t="6" w="4" /><ent r="100" t="6" w="9" /><ent r="100" t="6" w="13" /><ent r="102" t="6" w="18" /></phr><phr n="log"><ent r="3" t="6" w="27" /></phr></stem><stem n="displai"><phr n="display"><ent r="3" t="6" w="24" /></phr></stem><stem n="inform"><phr n="information"><ent r="3" t="6" w="28" /></phr></stem><stem n="program"><phr n="Program"><ent r="1000" t="7" w="1" /><ent r="100" t="7" w="4" /><ent r="102" t="7" w="19" /></phr></stem><stem n="user"><phr n="User"><ent r="100" t="7" w="7" /><ent r="100" t="7" w="13" /><ent r="100" t="7" w="16" /><ent r="4" t="7" w="34" /><ent r="4" t="7" w="40" /><ent r="4" t="7" w="43" /></phr></stem><stem n="account"><phr n="Accounts"><ent r="100" t="7" w="14" /><ent r="4" t="7" w="41" /></phr></stem><stem n="role"><phr n="Roles"><ent r="100" t="7" w="17" /><ent r="4" t="7" w="44" /></phr></stem><stem n="allow"><phr n="allows"><ent r="3" t="7" w="26" /></phr></stem><stem n="adjust"><phr n="adjust"><ent r="3" t="7" w="29" /></phr></stem><stem n="follow"><phr n="following"><ent r="3" t="7" w="31" /></phr></stem></index>