<?xml version="1.0" encoding="utf-8"?><index><stem n="ficati"><phr n="notifications"><ent r="8" t="15" w="422" /><ent r="8" t="15" w="422" /><ent r="8" t="15" w="431" /><ent r="8" t="15" w="540" /><ent r="8" t="15" w="540" /><ent r="7" t="15" w="560" /><ent r="7" t="15" w="560" /><ent r="8" t="15" w="592" /><ent r="8" t="15" w="592" /><ent r="7" t="15" w="599" /><ent r="7" t="15" w="599" /><ent r="8" t="15" w="608" /><ent r="8" t="15" w="608" /><ent r="8" t="15" w="637" /><ent r="8" t="15" w="637" /><ent r="7" t="15" w="666" /><ent r="7" t="15" w="675" /><ent r="7" t="15" w="675" /><ent r="7" t="15" w="719" /><ent r="7" t="15" w="719" /><ent r="3" t="16" w="49" /><ent r="3" t="16" w="49" /><ent r="3" t="16" w="128" /><ent r="5" t="16" w="333" /><ent r="5" t="16" w="333" /><ent r="7" t="16" w="339" /><ent r="7" t="16" w="339" /><ent r="5" t="16" w="691" /><ent r="5" t="16" w="691" /><ent r="7" t="16" w="697" /><ent r="7" t="16" w="697" /><ent r="5" t="16" w="876" /><ent r="5" t="16" w="876" /><ent r="7" t="16" w="882" /><ent r="7" t="16" w="882" /><ent r="5" t="16" w="1106" /><ent r="5" t="16" w="1106" /><ent r="100" t="31" w="498" /><ent r="100" t="31" w="498" /><ent r="4" t="31" w="520" /><ent r="4" t="31" w="520" /><ent r="4" t="31" w="559" /><ent r="5" t="31" w="563" /><ent r="4" t="31" w="572" /><ent r="4" t="31" w="605" /><ent r="4" t="31" w="617" /><ent r="4" t="31" w="617" /><ent r="4" t="31" w="666" /><ent r="4" t="31" w="666" /><ent r="3" t="31" w="770" /><ent r="5" t="31" w="849" /><ent r="5" t="31" w="849" /></phr><phr n="Notifications"><ent r="8" t="15" w="436" /><ent r="8" t="15" w="436" /><ent r="7" t="15" w="571" /><ent r="7" t="15" w="571" /><ent r="4" t="16" w="103" /><ent r="4" t="16" w="103" /><ent r="70" t="16" w="678" /><ent r="70" t="16" w="678" /><ent r="70" t="16" w="834" /><ent r="70" t="16" w="834" /><ent r="70" t="16" w="1018" /><ent r="70" t="16" w="1018" /><ent r="92" t="16" w="1066" /><ent r="92" t="16" w="1066" /><ent r="82" t="31" w="505" /><ent r="82" t="31" w="505" /><ent r="5" t="31" w="527" /><ent r="5" t="31" w="527" /><ent r="3" t="31" w="834" /><ent r="3" t="31" w="834" /></phr><phr n="Notification"><ent r="8" t="15" w="624" /><ent r="8" t="15" w="624" /><ent r="1000" t="16" w="2" /><ent r="1000" t="16" w="2" /><ent r="100" t="16" w="8" /><ent r="100" t="16" w="8" /><ent r="100" t="16" w="13" /><ent r="102" t="16" w="24" /><ent r="102" t="16" w="24" /><ent r="65" t="16" w="113" /><ent r="65" t="16" w="113" /><ent r="4" t="16" w="254" /><ent r="4" t="16" w="254" /><ent r="4" t="16" w="262" /><ent r="4" t="16" w="262" /><ent r="65" t="16" w="1037" /><ent r="65" t="16" w="1037" /><ent r="100" t="16" w="1059" /><ent r="100" t="31" w="491" /><ent r="100" t="31" w="491" /><ent r="4" t="31" w="671" /><ent r="4" t="31" w="671" /><ent r="82" t="31" w="740" /><ent r="82" t="31" w="740" /><ent r="100" t="31" w="743" /><ent r="3" t="31" w="747" /><ent r="3" t="31" w="747" /><ent r="64" t="31" w="876" /><ent r="64" t="31" w="876" /></phr><phr n="notification"><ent r="7" t="15" w="642" /><ent r="7" t="15" w="642" /><ent r="100" t="16" w="17" /><ent r="100" t="16" w="17" /><ent r="4" t="16" w="62" /><ent r="4" t="16" w="62" /><ent r="4" t="16" w="88" /><ent r="4" t="16" w="88" /><ent r="3" t="16" w="235" /><ent r="3" t="16" w="235" /><ent r="100" t="16" w="329" /><ent r="100" t="16" w="329" /><ent r="9" t="16" w="607" /><ent r="100" t="16" w="687" /><ent r="100" t="16" w="687" /><ent r="100" t="16" w="872" /><ent r="100" t="16" w="872" /><ent r="4" t="16" w="1029" /><ent r="4" t="16" w="1029" /><ent r="3" t="16" w="1069" /><ent r="3" t="16" w="1069" /><ent r="3" t="16" w="1084" /><ent r="7" t="16" w="1196" /><ent r="7" t="16" w="1196" /><ent r="4" t="31" w="543" /><ent r="4" t="31" w="543" /><ent r="5" t="31" w="649" /><ent r="5" t="31" w="649" /><ent r="4" t="31" w="660" /><ent r="4" t="31" w="660" /><ent r="4" t="31" w="857" /><ent r="4" t="31" w="857" /><ent r="3" t="31" w="871" /><ent r="3" t="31" w="871" /></phr><phr n="identification"><ent r="9" t="16" w="861" /><ent r="9" t="16" w="861" /></phr><phr n="ramifications"><ent r="100" t="34" w="606" /><ent r="100" t="34" w="606" /><ent r="3" t="34" w="615" /><ent r="3" t="34" w="615" /></phr><phr n="Ramifications"><ent r="92" t="34" w="610" /><ent r="92" t="34" w="610" /></phr></stem><stem n="icatio"><phr n="notifications"><ent r="8" t="15" w="422" /><ent r="8" t="15" w="422" /><ent r="8" t="15" w="431" /><ent r="8" t="15" w="540" /><ent r="8" t="15" w="540" /><ent r="7" t="15" w="560" /><ent r="7" t="15" w="560" /><ent r="8" t="15" w="592" /><ent r="8" t="15" w="592" /><ent r="7" t="15" w="599" /><ent r="7" t="15" w="599" /><ent r="8" t="15" w="608" /><ent r="8" t="15" w="608" /><ent r="8" t="15" w="637" /><ent r="8" t="15" w="637" /><ent r="7" t="15" w="666" /><ent r="7" t="15" w="675" /><ent r="7" t="15" w="675" /><ent r="7" t="15" w="719" /><ent r="7" t="15" w="719" /><ent r="3" t="16" w="49" /><ent r="3" t="16" w="49" /><ent r="3" t="16" w="128" /><ent r="5" t="16" w="333" /><ent r="5" t="16" w="333" /><ent r="7" t="16" w="339" /><ent r="7" t="16" w="339" /><ent r="5" t="16" w="691" /><ent r="5" t="16" w="691" /><ent r="7" t="16" w="697" /><ent r="7" t="16" w="697" /><ent r="5" t="16" w="876" /><ent r="5" t="16" w="876" /><ent r="7" t="16" w="882" /><ent r="7" t="16" w="882" /><ent r="5" t="16" w="1106" /><ent r="5" t="16" w="1106" /><ent r="100" t="31" w="498" /><ent r="100" t="31" w="498" /><ent r="4" t="31" w="520" /><ent r="4" t="31" w="520" /><ent r="4" t="31" w="559" /><ent r="5" t="31" w="563" /><ent r="4" t="31" w="572" /><ent r="4" t="31" w="605" /><ent r="4" t="31" w="617" /><ent r="4" t="31" w="617" /><ent r="4" t="31" w="666" /><ent r="4" t="31" w="666" /><ent r="3" t="31" w="770" /><ent r="5" t="31" w="849" /><ent r="5" t="31" w="849" /></phr><phr n="Notifications"><ent r="8" t="15" w="436" /><ent r="8" t="15" w="436" /><ent r="7" t="15" w="571" /><ent r="7" t="15" w="571" /><ent r="4" t="16" w="103" /><ent r="4" t="16" w="103" /><ent r="70" t="16" w="678" /><ent r="70" t="16" w="678" /><ent r="70" t="16" w="834" /><ent r="70" t="16" w="834" /><ent r="70" t="16" w="1018" /><ent r="70" t="16" w="1018" /><ent r="92" t="16" w="1066" /><ent r="92" t="16" w="1066" /><ent r="82" t="31" w="505" /><ent r="82" t="31" w="505" /><ent r="5" t="31" w="527" /><ent r="5" t="31" w="527" /><ent r="3" t="31" w="834" /><ent r="3" t="31" w="834" /></phr><phr n="Notification"><ent r="8" t="15" w="624" /><ent r="8" t="15" w="624" /><ent r="1000" t="16" w="2" /><ent r="1000" t="16" w="2" /><ent r="100" t="16" w="8" /><ent r="100" t="16" w="8" /><ent r="100" t="16" w="13" /><ent r="102" t="16" w="24" /><ent r="102" t="16" w="24" /><ent r="65" t="16" w="113" /><ent r="65" t="16" w="113" /><ent r="4" t="16" w="254" /><ent r="4" t="16" w="254" /><ent r="4" t="16" w="262" /><ent r="4" t="16" w="262" /><ent r="65" t="16" w="1037" /><ent r="65" t="16" w="1037" /><ent r="100" t="16" w="1059" /><ent r="100" t="31" w="491" /><ent r="100" t="31" w="491" /><ent r="4" t="31" w="671" /><ent r="4" t="31" w="671" /><ent r="82" t="31" w="740" /><ent r="82" t="31" w="740" /><ent r="100" t="31" w="743" /><ent r="3" t="31" w="747" /><ent r="3" t="31" w="747" /><ent r="64" t="31" w="876" /><ent r="64" t="31" w="876" /></phr><phr n="notification"><ent r="7" t="15" w="642" /><ent r="7" t="15" w="642" /><ent r="100" t="16" w="17" /><ent r="100" t="16" w="17" /><ent r="4" t="16" w="62" /><ent r="4" t="16" w="62" /><ent r="4" t="16" w="88" /><ent r="4" t="16" w="88" /><ent r="3" t="16" w="235" /><ent r="3" t="16" w="235" /><ent r="100" t="16" w="329" /><ent r="100" t="16" w="329" /><ent r="9" t="16" w="607" /><ent r="100" t="16" w="687" /><ent r="100" t="16" w="687" /><ent r="100" t="16" w="872" /><ent r="100" t="16" w="872" /><ent r="4" t="16" w="1029" /><ent r="4" t="16" w="1029" /><ent r="3" t="16" w="1069" /><ent r="3" t="16" w="1069" /><ent r="3" t="16" w="1084" /><ent r="7" t="16" w="1196" /><ent r="7" t="16" w="1196" /><ent r="4" t="31" w="543" /><ent r="4" t="31" w="543" /><ent r="5" t="31" w="649" /><ent r="5" t="31" w="649" /><ent r="4" t="31" w="660" /><ent r="4" t="31" w="660" /><ent r="4" t="31" w="857" /><ent r="4" t="31" w="857" /><ent r="3" t="31" w="871" /><ent r="3" t="31" w="871" /></phr><phr n="Authentication"><ent r="10" t="16" w="420" /><ent r="10" t="16" w="420" /></phr><phr n="authentication"><ent r="9" t="16" w="446" /><ent r="9" t="16" w="446" /></phr><phr n="identification"><ent r="9" t="16" w="861" /><ent r="9" t="16" w="861" /></phr><phr n="application"><ent r="3" t="18" w="162" /><ent r="3" t="40" w="43" /><ent r="3" t="40" w="43" /></phr><phr n="communication"><ent r="4" t="21" w="105" /><ent r="4" t="21" w="105" /></phr><phr n="replication"><ent r="8" t="31" w="254" /><ent r="8" t="31" w="254" /><ent r="7" t="31" w="263" /><ent r="7" t="31" w="263" /></phr><phr n="ramifications"><ent r="100" t="34" w="606" /><ent r="100" t="34" w="606" /><ent r="3" t="34" w="615" /><ent r="3" t="34" w="615" /></phr><phr n="Ramifications"><ent r="92" t="34" w="610" /><ent r="92" t="34" w="610" /></phr></stem><stem n="notific"><phr n="notifications"><ent r="8" t="15" w="422" /><ent r="8" t="15" w="422" /><ent r="8" t="15" w="431" /><ent r="8" t="15" w="540" /><ent r="8" t="15" w="540" /><ent r="7" t="15" w="560" /><ent r="7" t="15" w="560" /><ent r="8" t="15" w="592" /><ent r="8" t="15" w="592" /><ent r="7" t="15" w="599" /><ent r="7" t="15" w="599" /><ent r="8" t="15" w="608" /><ent r="8" t="15" w="608" /><ent r="8" t="15" w="637" /><ent r="8" t="15" w="637" /><ent r="7" t="15" w="666" /><ent r="7" t="15" w="675" /><ent r="7" t="15" w="675" /><ent r="7" t="15" w="719" /><ent r="7" t="15" w="719" /><ent r="3" t="16" w="49" /><ent r="3" t="16" w="49" /><ent r="3" t="16" w="128" /><ent r="5" t="16" w="333" /><ent r="5" t="16" w="333" /><ent r="7" t="16" w="339" /><ent r="7" t="16" w="339" /><ent r="5" t="16" w="691" /><ent r="5" t="16" w="691" /><ent r="7" t="16" w="697" /><ent r="7" t="16" w="697" /><ent r="5" t="16" w="876" /><ent r="5" t="16" w="876" /><ent r="7" t="16" w="882" /><ent r="7" t="16" w="882" /><ent r="5" t="16" w="1106" /><ent r="5" t="16" w="1106" /><ent r="100" t="31" w="498" /><ent r="100" t="31" w="498" /><ent r="4" t="31" w="520" /><ent r="4" t="31" w="520" /><ent r="4" t="31" w="559" /><ent r="5" t="31" w="563" /><ent r="4" t="31" w="572" /><ent r="4" t="31" w="605" /><ent r="4" t="31" w="617" /><ent r="4" t="31" w="617" /><ent r="4" t="31" w="666" /><ent r="4" t="31" w="666" /><ent r="3" t="31" w="770" /><ent r="5" t="31" w="849" /><ent r="5" t="31" w="849" /></phr><phr n="Notifications"><ent r="8" t="15" w="436" /><ent r="8" t="15" w="436" /><ent r="7" t="15" w="571" /><ent r="7" t="15" w="571" /><ent r="4" t="16" w="103" /><ent r="4" t="16" w="103" /><ent r="70" t="16" w="678" /><ent r="70" t="16" w="678" /><ent r="70" t="16" w="834" /><ent r="70" t="16" w="834" /><ent r="70" t="16" w="1018" /><ent r="70" t="16" w="1018" /><ent r="92" t="16" w="1066" /><ent r="92" t="16" w="1066" /><ent r="82" t="31" w="505" /><ent r="82" t="31" w="505" /><ent r="5" t="31" w="527" /><ent r="5" t="31" w="527" /><ent r="3" t="31" w="834" /><ent r="3" t="31" w="834" /></phr><phr n="Notification"><ent r="8" t="15" w="624" /><ent r="8" t="15" w="624" /><ent r="1000" t="16" w="2" /><ent r="1000" t="16" w="2" /><ent r="100" t="16" w="8" /><ent r="100" t="16" w="8" /><ent r="100" t="16" w="13" /><ent r="102" t="16" w="24" /><ent r="102" t="16" w="24" /><ent r="65" t="16" w="113" /><ent r="65" t="16" w="113" /><ent r="4" t="16" w="254" /><ent r="4" t="16" w="254" /><ent r="4" t="16" w="262" /><ent r="4" t="16" w="262" /><ent r="65" t="16" w="1037" /><ent r="65" t="16" w="1037" /><ent r="100" t="16" w="1059" /><ent r="100" t="31" w="491" /><ent r="100" t="31" w="491" /><ent r="4" t="31" w="671" /><ent r="4" t="31" w="671" /><ent r="82" t="31" w="740" /><ent r="82" t="31" w="740" /><ent r="100" t="31" w="743" /><ent r="3" t="31" w="747" /><ent r="3" t="31" w="747" /><ent r="64" t="31" w="876" /><ent r="64" t="31" w="876" /></phr><phr n="notification"><ent r="7" t="15" w="642" /><ent r="7" t="15" w="642" /><ent r="100" t="16" w="17" /><ent r="100" t="16" w="17" /><ent r="4" t="16" w="62" /><ent r="4" t="16" w="62" /><ent r="4" t="16" w="88" /><ent r="4" t="16" w="88" /><ent r="3" t="16" w="235" /><ent r="3" t="16" w="235" /><ent r="100" t="16" w="329" /><ent r="100" t="16" w="329" /><ent r="9" t="16" w="607" /><ent r="100" t="16" w="687" /><ent r="100" t="16" w="687" /><ent r="100" t="16" w="872" /><ent r="100" t="16" w="872" /><ent r="4" t="16" w="1029" /><ent r="4" t="16" w="1029" /><ent r="3" t="16" w="1069" /><ent r="3" t="16" w="1069" /><ent r="3" t="16" w="1084" /><ent r="7" t="16" w="1196" /><ent r="7" t="16" w="1196" /><ent r="4" t="31" w="543" /><ent r="4" t="31" w="543" /><ent r="5" t="31" w="649" /><ent r="5" t="31" w="649" /><ent r="4" t="31" w="660" /><ent r="4" t="31" w="660" /><ent r="4" t="31" w="857" /><ent r="4" t="31" w="857" /><ent r="3" t="31" w="871" /><ent r="3" t="31" w="871" /></phr></stem><stem n="otifica"><phr n="notifications"><ent r="8" t="15" w="422" /><ent r="8" t="15" w="422" /><ent r="8" t="15" w="431" /><ent r="8" t="15" w="540" /><ent r="8" t="15" w="540" /><ent r="7" t="15" w="560" /><ent r="7" t="15" w="560" /><ent r="8" t="15" w="592" /><ent r="8" t="15" w="592" /><ent r="7" t="15" w="599" /><ent r="7" t="15" w="599" /><ent r="8" t="15" w="608" /><ent r="8" t="15" w="608" /><ent r="8" t="15" w="637" /><ent r="8" t="15" w="637" /><ent r="7" t="15" w="666" /><ent r="7" t="15" w="675" /><ent r="7" t="15" w="675" /><ent r="7" t="15" w="719" /><ent r="7" t="15" w="719" /><ent r="3" t="16" w="49" /><ent r="3" t="16" w="49" /><ent r="3" t="16" w="128" /><ent r="5" t="16" w="333" /><ent r="5" t="16" w="333" /><ent r="7" t="16" w="339" /><ent r="7" t="16" w="339" /><ent r="5" t="16" w="691" /><ent r="5" t="16" w="691" /><ent r="7" t="16" w="697" /><ent r="7" t="16" w="697" /><ent r="5" t="16" w="876" /><ent r="5" t="16" w="876" /><ent r="7" t="16" w="882" /><ent r="7" t="16" w="882" /><ent r="5" t="16" w="1106" /><ent r="5" t="16" w="1106" /><ent r="100" t="31" w="498" /><ent r="100" t="31" w="498" /><ent r="4" t="31" w="520" /><ent r="4" t="31" w="520" /><ent r="4" t="31" w="559" /><ent r="5" t="31" w="563" /><ent r="4" t="31" w="572" /><ent r="4" t="31" w="605" /><ent r="4" t="31" w="617" /><ent r="4" t="31" w="617" /><ent r="4" t="31" w="666" /><ent r="4" t="31" w="666" /><ent r="3" t="31" w="770" /><ent r="5" t="31" w="849" /><ent r="5" t="31" w="849" /></phr><phr n="Notifications"><ent r="8" t="15" w="436" /><ent r="8" t="15" w="436" /><ent r="7" t="15" w="571" /><ent r="7" t="15" w="571" /><ent r="4" t="16" w="103" /><ent r="4" t="16" w="103" /><ent r="70" t="16" w="678" /><ent r="70" t="16" w="678" /><ent r="70" t="16" w="834" /><ent r="70" t="16" w="834" /><ent r="70" t="16" w="1018" /><ent r="70" t="16" w="1018" /><ent r="92" t="16" w="1066" /><ent r="92" t="16" w="1066" /><ent r="82" t="31" w="505" /><ent r="82" t="31" w="505" /><ent r="5" t="31" w="527" /><ent r="5" t="31" w="527" /><ent r="3" t="31" w="834" /><ent r="3" t="31" w="834" /></phr><phr n="Notification"><ent r="8" t="15" w="624" /><ent r="8" t="15" w="624" /><ent r="1000" t="16" w="2" /><ent r="1000" t="16" w="2" /><ent r="100" t="16" w="8" /><ent r="100" t="16" w="8" /><ent r="100" t="16" w="13" /><ent r="102" t="16" w="24" /><ent r="102" t="16" w="24" /><ent r="65" t="16" w="113" /><ent r="65" t="16" w="113" /><ent r="4" t="16" w="254" /><ent r="4" t="16" w="254" /><ent r="4" t="16" w="262" /><ent r="4" t="16" w="262" /><ent r="65" t="16" w="1037" /><ent r="65" t="16" w="1037" /><ent r="100" t="16" w="1059" /><ent r="100" t="31" w="491" /><ent r="100" t="31" w="491" /><ent r="4" t="31" w="671" /><ent r="4" t="31" w="671" /><ent r="82" t="31" w="740" /><ent r="82" t="31" w="740" /><ent r="100" t="31" w="743" /><ent r="3" t="31" w="747" /><ent r="3" t="31" w="747" /><ent r="64" t="31" w="876" /><ent r="64" t="31" w="876" /></phr><phr n="notification"><ent r="7" t="15" w="642" /><ent r="7" t="15" w="642" /><ent r="100" t="16" w="17" /><ent r="100" t="16" w="17" /><ent r="4" t="16" w="62" /><ent r="4" t="16" w="62" /><ent r="4" t="16" w="88" /><ent r="4" t="16" w="88" /><ent r="3" t="16" w="235" /><ent r="3" t="16" w="235" /><ent r="100" t="16" w="329" /><ent r="100" t="16" w="329" /><ent r="9" t="16" w="607" /><ent r="100" t="16" w="687" /><ent r="100" t="16" w="687" /><ent r="100" t="16" w="872" /><ent r="100" t="16" w="872" /><ent r="4" t="16" w="1029" /><ent r="4" t="16" w="1029" /><ent r="3" t="16" w="1069" /><ent r="3" t="16" w="1069" /><ent r="3" t="16" w="1084" /><ent r="7" t="16" w="1196" /><ent r="7" t="16" w="1196" /><ent r="4" t="31" w="543" /><ent r="4" t="31" w="543" /><ent r="5" t="31" w="649" /><ent r="5" t="31" w="649" /><ent r="4" t="31" w="660" /><ent r="4" t="31" w="660" /><ent r="4" t="31" w="857" /><ent r="4" t="31" w="857" /><ent r="3" t="31" w="871" /><ent r="3" t="31" w="871" /></phr></stem><stem n="ificati"><phr n="notifications"><ent r="8" t="15" w="422" /><ent r="8" t="15" w="422" /><ent r="8" t="15" w="431" /><ent r="8" t="15" w="540" /><ent r="8" t="15" w="540" /><ent r="7" t="15" w="560" /><ent r="7" t="15" w="560" /><ent r="8" t="15" w="592" /><ent r="8" t="15" w="592" /><ent r="7" t="15" w="599" /><ent r="7" t="15" w="599" /><ent r="8" t="15" w="608" /><ent r="8" t="15" w="608" /><ent r="8" t="15" w="637" /><ent r="8" t="15" w="637" /><ent r="7" t="15" w="666" /><ent r="7" t="15" w="675" /><ent r="7" t="15" w="675" /><ent r="7" t="15" w="719" /><ent r="7" t="15" w="719" /><ent r="3" t="16" w="49" /><ent r="3" t="16" w="49" /><ent r="3" t="16" w="128" /><ent r="5" t="16" w="333" /><ent r="5" t="16" w="333" /><ent r="7" t="16" w="339" /><ent r="7" t="16" w="339" /><ent r="5" t="16" w="691" /><ent r="5" t="16" w="691" /><ent r="7" t="16" w="697" /><ent r="7" t="16" w="697" /><ent r="5" t="16" w="876" /><ent r="5" t="16" w="876" /><ent r="7" t="16" w="882" /><ent r="7" t="16" w="882" /><ent r="5" t="16" w="1106" /><ent r="5" t="16" w="1106" /><ent r="100" t="31" w="498" /><ent r="100" t="31" w="498" /><ent r="4" t="31" w="520" /><ent r="4" t="31" w="520" /><ent r="4" t="31" w="559" /><ent r="5" t="31" w="563" /><ent r="4" t="31" w="572" /><ent r="4" t="31" w="605" /><ent r="4" t="31" w="617" /><ent r="4" t="31" w="617" /><ent r="4" t="31" w="666" /><ent r="4" t="31" w="666" /><ent r="3" t="31" w="770" /><ent r="5" t="31" w="849" /><ent r="5" t="31" w="849" /></phr><phr n="Notifications"><ent r="8" t="15" w="436" /><ent r="8" t="15" w="436" /><ent r="7" t="15" w="571" /><ent r="7" t="15" w="571" /><ent r="4" t="16" w="103" /><ent r="4" t="16" w="103" /><ent r="70" t="16" w="678" /><ent r="70" t="16" w="678" /><ent r="70" t="16" w="834" /><ent r="70" t="16" w="834" /><ent r="70" t="16" w="1018" /><ent r="70" t="16" w="1018" /><ent r="92" t="16" w="1066" /><ent r="92" t="16" w="1066" /><ent r="82" t="31" w="505" /><ent r="82" t="31" w="505" /><ent r="5" t="31" w="527" /><ent r="5" t="31" w="527" /><ent r="3" t="31" w="834" /><ent r="3" t="31" w="834" /></phr><phr n="Notification"><ent r="8" t="15" w="624" /><ent r="8" t="15" w="624" /><ent r="1000" t="16" w="2" /><ent r="1000" t="16" w="2" /><ent r="100" t="16" w="8" /><ent r="100" t="16" w="8" /><ent r="100" t="16" w="13" /><ent r="102" t="16" w="24" /><ent r="102" t="16" w="24" /><ent r="65" t="16" w="113" /><ent r="65" t="16" w="113" /><ent r="4" t="16" w="254" /><ent r="4" t="16" w="254" /><ent r="4" t="16" w="262" /><ent r="4" t="16" w="262" /><ent r="65" t="16" w="1037" /><ent r="65" t="16" w="1037" /><ent r="100" t="16" w="1059" /><ent r="100" t="31" w="491" /><ent r="100" t="31" w="491" /><ent r="4" t="31" w="671" /><ent r="4" t="31" w="671" /><ent r="82" t="31" w="740" /><ent r="82" t="31" w="740" /><ent r="100" t="31" w="743" /><ent r="3" t="31" w="747" /><ent r="3" t="31" w="747" /><ent r="64" t="31" w="876" /><ent r="64" t="31" w="876" /></phr><phr n="notification"><ent r="7" t="15" w="642" /><ent r="7" t="15" w="642" /><ent r="100" t="16" w="17" /><ent r="100" t="16" w="17" /><ent r="4" t="16" w="62" /><ent r="4" t="16" w="62" /><ent r="4" t="16" w="88" /><ent r="4" t="16" w="88" /><ent r="3" t="16" w="235" /><ent r="3" t="16" w="235" /><ent r="100" t="16" w="329" /><ent r="100" t="16" w="329" /><ent r="9" t="16" w="607" /><ent r="100" t="16" w="687" /><ent r="100" t="16" w="687" /><ent r="100" t="16" w="872" /><ent r="100" t="16" w="872" /><ent r="4" t="16" w="1029" /><ent r="4" t="16" w="1029" /><ent r="3" t="16" w="1069" /><ent r="3" t="16" w="1069" /><ent r="3" t="16" w="1084" /><ent r="7" t="16" w="1196" /><ent r="7" t="16" w="1196" /><ent r="4" t="31" w="543" /><ent r="4" t="31" w="543" /><ent r="5" t="31" w="649" /><ent r="5" t="31" w="649" /><ent r="4" t="31" w="660" /><ent r="4" t="31" w="660" /><ent r="4" t="31" w="857" /><ent r="4" t="31" w="857" /><ent r="3" t="31" w="871" /><ent r="3" t="31" w="871" /></phr><phr n="identification"><ent r="9" t="16" w="861" /><ent r="9" t="16" w="861" /></phr><phr n="ramifications"><ent r="100" t="34" w="606" /><ent r="100" t="34" w="606" /><ent r="3" t="34" w="615" /><ent r="3" t="34" w="615" /></phr><phr n="Ramifications"><ent r="92" t="34" w="610" /><ent r="92" t="34" w="610" /></phr></stem><stem n="ficatio"><phr n="notifications"><ent r="8" t="15" w="422" /><ent r="8" t="15" w="422" /><ent r="8" t="15" w="431" /><ent r="8" t="15" w="540" /><ent r="8" t="15" w="540" /><ent r="7" t="15" w="560" /><ent r="7" t="15" w="560" /><ent r="8" t="15" w="592" /><ent r="8" t="15" w="592" /><ent r="7" t="15" w="599" /><ent r="7" t="15" w="599" /><ent r="8" t="15" w="608" /><ent r="8" t="15" w="608" /><ent r="8" t="15" w="637" /><ent r="8" t="15" w="637" /><ent r="7" t="15" w="666" /><ent r="7" t="15" w="675" /><ent r="7" t="15" w="675" /><ent r="7" t="15" w="719" /><ent r="7" t="15" w="719" /><ent r="3" t="16" w="49" /><ent r="3" t="16" w="49" /><ent r="3" t="16" w="128" /><ent r="5" t="16" w="333" /><ent r="5" t="16" w="333" /><ent r="7" t="16" w="339" /><ent r="7" t="16" w="339" /><ent r="5" t="16" w="691" /><ent r="5" t="16" w="691" /><ent r="7" t="16" w="697" /><ent r="7" t="16" w="697" /><ent r="5" t="16" w="876" /><ent r="5" t="16" w="876" /><ent r="7" t="16" w="882" /><ent r="7" t="16" w="882" /><ent r="5" t="16" w="1106" /><ent r="5" t="16" w="1106" /><ent r="100" t="31" w="498" /><ent r="100" t="31" w="498" /><ent r="4" t="31" w="520" /><ent r="4" t="31" w="520" /><ent r="4" t="31" w="559" /><ent r="5" t="31" w="563" /><ent r="4" t="31" w="572" /><ent r="4" t="31" w="605" /><ent r="4" t="31" w="617" /><ent r="4" t="31" w="617" /><ent r="4" t="31" w="666" /><ent r="4" t="31" w="666" /><ent r="3" t="31" w="770" /><ent r="5" t="31" w="849" /><ent r="5" t="31" w="849" /></phr><phr n="Notifications"><ent r="8" t="15" w="436" /><ent r="8" t="15" w="436" /><ent r="7" t="15" w="571" /><ent r="7" t="15" w="571" /><ent r="4" t="16" w="103" /><ent r="4" t="16" w="103" /><ent r="70" t="16" w="678" /><ent r="70" t="16" w="678" /><ent r="70" t="16" w="834" /><ent r="70" t="16" w="834" /><ent r="70" t="16" w="1018" /><ent r="70" t="16" w="1018" /><ent r="92" t="16" w="1066" /><ent r="92" t="16" w="1066" /><ent r="82" t="31" w="505" /><ent r="82" t="31" w="505" /><ent r="5" t="31" w="527" /><ent r="5" t="31" w="527" /><ent r="3" t="31" w="834" /><ent r="3" t="31" w="834" /></phr><phr n="Notification"><ent r="8" t="15" w="624" /><ent r="8" t="15" w="624" /><ent r="1000" t="16" w="2" /><ent r="1000" t="16" w="2" /><ent r="100" t="16" w="8" /><ent r="100" t="16" w="8" /><ent r="100" t="16" w="13" /><ent r="102" t="16" w="24" /><ent r="102" t="16" w="24" /><ent r="65" t="16" w="113" /><ent r="65" t="16" w="113" /><ent r="4" t="16" w="254" /><ent r="4" t="16" w="254" /><ent r="4" t="16" w="262" /><ent r="4" t="16" w="262" /><ent r="65" t="16" w="1037" /><ent r="65" t="16" w="1037" /><ent r="100" t="16" w="1059" /><ent r="100" t="31" w="491" /><ent r="100" t="31" w="491" /><ent r="4" t="31" w="671" /><ent r="4" t="31" w="671" /><ent r="82" t="31" w="740" /><ent r="82" t="31" w="740" /><ent r="100" t="31" w="743" /><ent r="3" t="31" w="747" /><ent r="3" t="31" w="747" /><ent r="64" t="31" w="876" /><ent r="64" t="31" w="876" /></phr><phr n="notification"><ent r="7" t="15" w="642" /><ent r="7" t="15" w="642" /><ent r="100" t="16" w="17" /><ent r="100" t="16" w="17" /><ent r="4" t="16" w="62" /><ent r="4" t="16" w="62" /><ent r="4" t="16" w="88" /><ent r="4" t="16" w="88" /><ent r="3" t="16" w="235" /><ent r="3" t="16" w="235" /><ent r="100" t="16" w="329" /><ent r="100" t="16" w="329" /><ent r="9" t="16" w="607" /><ent r="100" t="16" w="687" /><ent r="100" t="16" w="687" /><ent r="100" t="16" w="872" /><ent r="100" t="16" w="872" /><ent r="4" t="16" w="1029" /><ent r="4" t="16" w="1029" /><ent r="3" t="16" w="1069" /><ent r="3" t="16" w="1069" /><ent r="3" t="16" w="1084" /><ent r="7" t="16" w="1196" /><ent r="7" t="16" w="1196" /><ent r="4" t="31" w="543" /><ent r="4" t="31" w="543" /><ent r="5" t="31" w="649" /><ent r="5" t="31" w="649" /><ent r="4" t="31" w="660" /><ent r="4" t="31" w="660" /><ent r="4" t="31" w="857" /><ent r="4" t="31" w="857" /><ent r="3" t="31" w="871" /><ent r="3" t="31" w="871" /></phr><phr n="identification"><ent r="9" t="16" w="861" /><ent r="9" t="16" w="861" /></phr><phr n="ramifications"><ent r="100" t="34" w="606" /><ent r="100" t="34" w="606" /><ent r="3" t="34" w="615" /><ent r="3" t="34" w="615" /></phr><phr n="Ramifications"><ent r="92" t="34" w="610" /><ent r="92" t="34" w="610" /></phr></stem><stem n="ication"><phr n="notifications"><ent r="8" t="15" w="422" /><ent r="8" t="15" w="422" /><ent r="8" t="15" w="431" /><ent r="8" t="15" w="540" /><ent r="8" t="15" w="540" /><ent r="7" t="15" w="560" /><ent r="7" t="15" w="560" /><ent r="8" t="15" w="592" /><ent r="8" t="15" w="592" /><ent r="7" t="15" w="599" /><ent r="7" t="15" w="599" /><ent r="8" t="15" w="608" /><ent r="8" t="15" w="608" /><ent r="8" t="15" w="637" /><ent r="8" t="15" w="637" /><ent r="7" t="15" w="666" /><ent r="7" t="15" w="675" /><ent r="7" t="15" w="675" /><ent r="7" t="15" w="719" /><ent r="7" t="15" w="719" /><ent r="3" t="16" w="49" /><ent r="3" t="16" w="49" /><ent r="3" t="16" w="128" /><ent r="5" t="16" w="333" /><ent r="5" t="16" w="333" /><ent r="7" t="16" w="339" /><ent r="7" t="16" w="339" /><ent r="5" t="16" w="691" /><ent r="5" t="16" w="691" /><ent r="7" t="16" w="697" /><ent r="7" t="16" w="697" /><ent r="5" t="16" w="876" /><ent r="5" t="16" w="876" /><ent r="7" t="16" w="882" /><ent r="7" t="16" w="882" /><ent r="5" t="16" w="1106" /><ent r="5" t="16" w="1106" /><ent r="100" t="31" w="498" /><ent r="100" t="31" w="498" /><ent r="4" t="31" w="520" /><ent r="4" t="31" w="520" /><ent r="4" t="31" w="559" /><ent r="5" t="31" w="563" /><ent r="4" t="31" w="572" /><ent r="4" t="31" w="605" /><ent r="4" t="31" w="617" /><ent r="4" t="31" w="617" /><ent r="4" t="31" w="666" /><ent r="4" t="31" w="666" /><ent r="3" t="31" w="770" /><ent r="5" t="31" w="849" /><ent r="5" t="31" w="849" /></phr><phr n="Notifications"><ent r="8" t="15" w="436" /><ent r="8" t="15" w="436" /><ent r="7" t="15" w="571" /><ent r="7" t="15" w="571" /><ent r="4" t="16" w="103" /><ent r="4" t="16" w="103" /><ent r="70" t="16" w="678" /><ent r="70" t="16" w="678" /><ent r="70" t="16" w="834" /><ent r="70" t="16" w="834" /><ent r="70" t="16" w="1018" /><ent r="70" t="16" w="1018" /><ent r="92" t="16" w="1066" /><ent r="92" t="16" w="1066" /><ent r="82" t="31" w="505" /><ent r="82" t="31" w="505" /><ent r="5" t="31" w="527" /><ent r="5" t="31" w="527" /><ent r="3" t="31" w="834" /><ent r="3" t="31" w="834" /></phr><phr n="Notification"><ent r="8" t="15" w="624" /><ent r="8" t="15" w="624" /><ent r="1000" t="16" w="2" /><ent r="1000" t="16" w="2" /><ent r="100" t="16" w="8" /><ent r="100" t="16" w="8" /><ent r="100" t="16" w="13" /><ent r="102" t="16" w="24" /><ent r="102" t="16" w="24" /><ent r="65" t="16" w="113" /><ent r="65" t="16" w="113" /><ent r="4" t="16" w="254" /><ent r="4" t="16" w="254" /><ent r="4" t="16" w="262" /><ent r="4" t="16" w="262" /><ent r="65" t="16" w="1037" /><ent r="65" t="16" w="1037" /><ent r="100" t="16" w="1059" /><ent r="100" t="31" w="491" /><ent r="100" t="31" w="491" /><ent r="4" t="31" w="671" /><ent r="4" t="31" w="671" /><ent r="82" t="31" w="740" /><ent r="82" t="31" w="740" /><ent r="100" t="31" w="743" /><ent r="3" t="31" w="747" /><ent r="3" t="31" w="747" /><ent r="64" t="31" w="876" /><ent r="64" t="31" w="876" /></phr><phr n="notification"><ent r="7" t="15" w="642" /><ent r="7" t="15" w="642" /><ent r="100" t="16" w="17" /><ent r="100" t="16" w="17" /><ent r="4" t="16" w="62" /><ent r="4" t="16" w="62" /><ent r="4" t="16" w="88" /><ent r="4" t="16" w="88" /><ent r="3" t="16" w="235" /><ent r="3" t="16" w="235" /><ent r="100" t="16" w="329" /><ent r="100" t="16" w="329" /><ent r="9" t="16" w="607" /><ent r="100" t="16" w="687" /><ent r="100" t="16" w="687" /><ent r="100" t="16" w="872" /><ent r="100" t="16" w="872" /><ent r="4" t="16" w="1029" /><ent r="4" t="16" w="1029" /><ent r="3" t="16" w="1069" /><ent r="3" t="16" w="1069" /><ent r="3" t="16" w="1084" /><ent r="7" t="16" w="1196" /><ent r="7" t="16" w="1196" /><ent r="4" t="31" w="543" /><ent r="4" t="31" w="543" /><ent r="5" t="31" w="649" /><ent r="5" t="31" w="649" /><ent r="4" t="31" w="660" /><ent r="4" t="31" w="660" /><ent r="4" t="31" w="857" /><ent r="4" t="31" w="857" /><ent r="3" t="31" w="871" /><ent r="3" t="31" w="871" /></phr><phr n="Authentication"><ent r="10" t="16" w="420" /><ent r="10" t="16" w="420" /></phr><phr n="authentication"><ent r="9" t="16" w="446" /><ent r="9" t="16" w="446" /></phr><phr n="identification"><ent r="9" t="16" w="861" /><ent r="9" t="16" w="861" /></phr><phr n="application"><ent r="3" t="18" w="162" /><ent r="3" t="40" w="43" /><ent r="3" t="40" w="43" /></phr><phr n="communication"><ent r="4" t="21" w="105" /><ent r="4" t="21" w="105" /></phr><phr n="replication"><ent r="8" t="31" w="254" /><ent r="8" t="31" w="254" /><ent r="7" t="31" w="263" /><ent r="7" t="31" w="263" /></phr><phr n="ramifications"><ent r="100" t="34" w="606" /><ent r="100" t="34" w="606" /><ent r="3" t="34" w="615" /><ent r="3" t="34" w="615" /></phr><phr n="Ramifications"><ent r="92" t="34" w="610" /><ent r="92" t="34" w="610" /></phr></stem></index>