<?xml version="1.0" encoding="utf-8"?><index><stem n="mplif"><phr n="simplified"><ent r="3" t="3" w="97" /><ent r="3" t="3" w="97" /></phr></stem><stem n="plifi"><phr n="simplified"><ent r="3" t="3" w="97" /><ent r="3" t="3" w="97" /></phr></stem><stem n="lifie"><phr n="simplified"><ent r="3" t="3" w="97" /><ent r="3" t="3" w="97" /></phr><phr n="Qualified"><ent r="4" t="9" w="207" /><ent r="4" t="9" w="207" /></phr><phr n="qualified"><ent r="4" t="11" w="263" /><ent r="4" t="11" w="263" /></phr></stem><stem n="simpli"><phr n="simplified"><ent r="3" t="3" w="97" /><ent r="3" t="3" w="97" /></phr><phr n="simply"><ent r="3" t="17" w="115" /><ent r="3" t="17" w="115" /><ent r="4" t="23" w="223" /><ent r="4" t="23" w="223" /><ent r="4" t="24" w="166" /><ent r="4" t="24" w="166" /><ent r="3" t="31" w="1546" /><ent r="3" t="31" w="1546" /><ent r="3" t="31" w="1569" /><ent r="3" t="31" w="1569" /><ent r="6" t="35" w="400" /><ent r="6" t="35" w="400" /></phr></stem><stem n="implif"><phr n="simplified"><ent r="3" t="3" w="97" /><ent r="3" t="3" w="97" /></phr></stem><stem n="mplifi"><phr n="simplified"><ent r="3" t="3" w="97" /><ent r="3" t="3" w="97" /></phr></stem><stem n="plifie"><phr n="simplified"><ent r="3" t="3" w="97" /><ent r="3" t="3" w="97" /></phr></stem><stem n="lified"><phr n="simplified"><ent r="3" t="3" w="97" /><ent r="3" t="3" w="97" /></phr><phr n="Qualified"><ent r="4" t="9" w="207" /><ent r="4" t="9" w="207" /></phr><phr n="qualified"><ent r="4" t="11" w="263" /><ent r="4" t="11" w="263" /></phr></stem><stem n="simplif"><phr n="simplified"><ent r="3" t="3" w="97" /><ent r="3" t="3" w="97" /></phr></stem><stem n="implifi"><phr n="simplified"><ent r="3" t="3" w="97" /><ent r="3" t="3" w="97" /></phr></stem><stem n="mplifie"><phr n="simplified"><ent r="3" t="3" w="97" /><ent r="3" t="3" w="97" /></phr></stem><stem n="plified"><phr n="simplified"><ent r="3" t="3" w="97" /><ent r="3" t="3" w="97" /></phr></stem><stem n="implifie"><phr n="simplified"><ent r="3" t="3" w="97" /><ent r="3" t="3" w="97" /></phr></stem><stem n="mplified"><phr n="simplified"><ent r="3" t="3" w="97" /><ent r="3" t="3" w="97" /></phr></stem><stem n="simplifie"><phr n="simplified"><ent r="3" t="3" w="97" /><ent r="3" t="3" w="97" /></phr></stem><stem n="implified"><phr n="simplified"><ent r="3" t="3" w="97" /><ent r="3" t="3" w="97" /></phr></stem><stem n="simplified"><phr n="simplified"><ent r="3" t="3" w="97" /><ent r="3" t="3" w="97" /></phr></stem><stem n="detail"><phr n="Details"><ent r="3" t="3" w="115" /><ent r="3" t="3" w="115" /><ent r="7" t="3" w="1138" /><ent r="7" t="3" w="1138" /><ent r="6" t="3" w="1221" /><ent r="6" t="3" w="1221" /><ent r="3" t="3" w="1238" /><ent r="3" t="3" w="1238" /><ent r="5" t="4" w="595" /><ent r="5" t="4" w="595" /><ent r="4" t="17" w="409" /><ent r="65" t="17" w="428" /><ent r="7" t="29" w="39" /><ent r="7" t="29" w="39" /><ent r="82" t="34" w="1771" /><ent r="3" t="34" w="1776" /><ent r="4" t="34" w="1860" /><ent r="4" t="34" w="1917" /><ent r="7" t="39" w="231" /><ent r="7" t="39" w="231" /><ent r="6" t="39" w="233" /><ent r="6" t="39" w="233" /></phr><phr n="details"><ent r="6" t="3" w="1063" /><ent r="6" t="3" w="1063" /><ent r="6" t="3" w="1145" /><ent r="6" t="3" w="1145" /><ent r="6" t="3" w="1189" /><ent r="6" t="3" w="1189" /><ent r="6" t="3" w="1226" /><ent r="6" t="3" w="1226" /><ent r="4" t="4" w="588" /><ent r="4" t="4" w="588" /><ent r="4" t="7" w="92" /><ent r="4" t="7" w="123" /><ent r="4" t="9" w="250" /><ent r="4" t="9" w="250" /><ent r="4" t="12" w="286" /><ent r="4" t="12" w="286" /><ent r="4" t="18" w="114" /><ent r="4" t="18" w="114" /><ent r="3" t="18" w="136" /><ent r="3" t="18" w="136" /><ent r="3" t="18" w="154" /><ent r="3" t="18" w="154" /><ent r="4" t="19" w="141" /><ent r="4" t="20" w="73" /><ent r="4" t="20" w="73" /><ent r="4" t="20" w="82" /><ent r="4" t="20" w="82" /><ent r="3" t="26" w="153" /><ent r="3" t="26" w="153" /><ent r="3" t="29" w="21" /><ent r="3" t="29" w="21" /><ent r="6" t="32" w="287" /><ent r="6" t="32" w="328" /><ent r="6" t="32" w="368" /><ent r="6" t="32" w="368" /><ent r="7" t="32" w="419" /><ent r="7" t="32" w="419" /><ent r="4" t="34" w="1763" /><ent r="4" t="34" w="1763" /><ent r="3" t="34" w="1781" /><ent r="3" t="34" w="1781" /><ent r="3" t="34" w="1813" /><ent r="3" t="34" w="1813" /><ent r="7" t="35" w="491" /><ent r="7" t="35" w="491" /><ent r="7" t="36" w="908" /><ent r="7" t="36" w="908" /><ent r="3" t="46" w="212" /><ent r="3" t="46" w="212" /><ent r="3" t="46" w="227" /></phr><phr n="Detail"><ent r="5" t="3" w="1251" /><ent r="5" t="3" w="1251" /><ent r="4" t="28" w="73" /><ent r="4" t="28" w="73" /><ent r="7" t="36" w="1723" /><ent r="7" t="36" w="1723" /><ent r="7" t="36" w="1730" /><ent r="7" t="36" w="1730" /></phr><phr n="detail"><ent r="3" t="4" w="107" /><ent r="3" t="4" w="107" /><ent r="3" t="32" w="146" /><ent r="3" t="32" w="146" /><ent r="3" t="36" w="1225" /><ent r="3" t="36" w="1225" /><ent r="3" t="46" w="81" /><ent r="3" t="46" w="81" /></phr><phr n="detailed"><ent r="3" t="4" w="530" /><ent r="3" t="4" w="530" /><ent r="3" t="31" w="864" /><ent r="3" t="31" w="864" /><ent r="7" t="36" w="788" /><ent r="7" t="36" w="788" /></phr></stem><stem n="deta"><phr n="Details"><ent r="3" t="3" w="115" /><ent r="3" t="3" w="115" /><ent r="7" t="3" w="1138" /><ent r="7" t="3" w="1138" /><ent r="6" t="3" w="1221" /><ent r="6" t="3" w="1221" /><ent r="3" t="3" w="1238" /><ent r="3" t="3" w="1238" /><ent r="5" t="4" w="595" /><ent r="5" t="4" w="595" /><ent r="4" t="17" w="409" /><ent r="65" t="17" w="428" /><ent r="7" t="29" w="39" /><ent r="7" t="29" w="39" /><ent r="82" t="34" w="1771" /><ent r="3" t="34" w="1776" /><ent r="4" t="34" w="1860" /><ent r="4" t="34" w="1917" /><ent r="7" t="39" w="231" /><ent r="7" t="39" w="231" /><ent r="6" t="39" w="233" /><ent r="6" t="39" w="233" /></phr><phr n="details"><ent r="6" t="3" w="1063" /><ent r="6" t="3" w="1063" /><ent r="6" t="3" w="1145" /><ent r="6" t="3" w="1145" /><ent r="6" t="3" w="1189" /><ent r="6" t="3" w="1189" /><ent r="6" t="3" w="1226" /><ent r="6" t="3" w="1226" /><ent r="4" t="4" w="588" /><ent r="4" t="4" w="588" /><ent r="4" t="7" w="92" /><ent r="4" t="7" w="123" /><ent r="4" t="9" w="250" /><ent r="4" t="9" w="250" /><ent r="4" t="12" w="286" /><ent r="4" t="12" w="286" /><ent r="4" t="18" w="114" /><ent r="4" t="18" w="114" /><ent r="3" t="18" w="136" /><ent r="3" t="18" w="136" /><ent r="3" t="18" w="154" /><ent r="3" t="18" w="154" /><ent r="4" t="19" w="141" /><ent r="4" t="20" w="73" /><ent r="4" t="20" w="73" /><ent r="4" t="20" w="82" /><ent r="4" t="20" w="82" /><ent r="3" t="26" w="153" /><ent r="3" t="26" w="153" /><ent r="3" t="29" w="21" /><ent r="3" t="29" w="21" /><ent r="6" t="32" w="287" /><ent r="6" t="32" w="328" /><ent r="6" t="32" w="368" /><ent r="6" t="32" w="368" /><ent r="7" t="32" w="419" /><ent r="7" t="32" w="419" /><ent r="4" t="34" w="1763" /><ent r="4" t="34" w="1763" /><ent r="3" t="34" w="1781" /><ent r="3" t="34" w="1781" /><ent r="3" t="34" w="1813" /><ent r="3" t="34" w="1813" /><ent r="7" t="35" w="491" /><ent r="7" t="35" w="491" /><ent r="7" t="36" w="908" /><ent r="7" t="36" w="908" /><ent r="3" t="46" w="212" /><ent r="3" t="46" w="212" /><ent r="3" t="46" w="227" /></phr><phr n="Detail"><ent r="5" t="3" w="1251" /><ent r="5" t="3" w="1251" /><ent r="4" t="28" w="73" /><ent r="4" t="28" w="73" /><ent r="7" t="36" w="1723" /><ent r="7" t="36" w="1723" /><ent r="7" t="36" w="1730" /><ent r="7" t="36" w="1730" /></phr><phr n="detail"><ent r="3" t="4" w="107" /><ent r="3" t="4" w="107" /><ent r="3" t="32" w="146" /><ent r="3" t="32" w="146" /><ent r="3" t="36" w="1225" /><ent r="3" t="36" w="1225" /><ent r="3" t="46" w="81" /><ent r="3" t="46" w="81" /></phr><phr n="detailed"><ent r="3" t="4" w="530" /><ent r="3" t="4" w="530" /><ent r="3" t="31" w="864" /><ent r="3" t="31" w="864" /><ent r="7" t="36" w="788" /><ent r="7" t="36" w="788" /></phr></stem><stem n="etai"><phr n="Details"><ent r="3" t="3" w="115" /><ent r="3" t="3" w="115" /><ent r="7" t="3" w="1138" /><ent r="7" t="3" w="1138" /><ent r="6" t="3" w="1221" /><ent r="6" t="3" w="1221" /><ent r="3" t="3" w="1238" /><ent r="3" t="3" w="1238" /><ent r="5" t="4" w="595" /><ent r="5" t="4" w="595" /><ent r="4" t="17" w="409" /><ent r="65" t="17" w="428" /><ent r="7" t="29" w="39" /><ent r="7" t="29" w="39" /><ent r="82" t="34" w="1771" /><ent r="3" t="34" w="1776" /><ent r="4" t="34" w="1860" /><ent r="4" t="34" w="1917" /><ent r="7" t="39" w="231" /><ent r="7" t="39" w="231" /><ent r="6" t="39" w="233" /><ent r="6" t="39" w="233" /></phr><phr n="details"><ent r="6" t="3" w="1063" /><ent r="6" t="3" w="1063" /><ent r="6" t="3" w="1145" /><ent r="6" t="3" w="1145" /><ent r="6" t="3" w="1189" /><ent r="6" t="3" w="1189" /><ent r="6" t="3" w="1226" /><ent r="6" t="3" w="1226" /><ent r="4" t="4" w="588" /><ent r="4" t="4" w="588" /><ent r="4" t="7" w="92" /><ent r="4" t="7" w="123" /><ent r="4" t="9" w="250" /><ent r="4" t="9" w="250" /><ent r="4" t="12" w="286" /><ent r="4" t="12" w="286" /><ent r="4" t="18" w="114" /><ent r="4" t="18" w="114" /><ent r="3" t="18" w="136" /><ent r="3" t="18" w="136" /><ent r="3" t="18" w="154" /><ent r="3" t="18" w="154" /><ent r="4" t="19" w="141" /><ent r="4" t="20" w="73" /><ent r="4" t="20" w="73" /><ent r="4" t="20" w="82" /><ent r="4" t="20" w="82" /><ent r="3" t="26" w="153" /><ent r="3" t="26" w="153" /><ent r="3" t="29" w="21" /><ent r="3" t="29" w="21" /><ent r="6" t="32" w="287" /><ent r="6" t="32" w="328" /><ent r="6" t="32" w="368" /><ent r="6" t="32" w="368" /><ent r="7" t="32" w="419" /><ent r="7" t="32" w="419" /><ent r="4" t="34" w="1763" /><ent r="4" t="34" w="1763" /><ent r="3" t="34" w="1781" /><ent r="3" t="34" w="1781" /><ent r="3" t="34" w="1813" /><ent r="3" t="34" w="1813" /><ent r="7" t="35" w="491" /><ent r="7" t="35" w="491" /><ent r="7" t="36" w="908" /><ent r="7" t="36" w="908" /><ent r="3" t="46" w="212" /><ent r="3" t="46" w="212" /><ent r="3" t="46" w="227" /></phr><phr n="Detail"><ent r="5" t="3" w="1251" /><ent r="5" t="3" w="1251" /><ent r="4" t="28" w="73" /><ent r="4" t="28" w="73" /><ent r="7" t="36" w="1723" /><ent r="7" t="36" w="1723" /><ent r="7" t="36" w="1730" /><ent r="7" t="36" w="1730" /></phr><phr n="detail"><ent r="3" t="4" w="107" /><ent r="3" t="4" w="107" /><ent r="3" t="32" w="146" /><ent r="3" t="32" w="146" /><ent r="3" t="36" w="1225" /><ent r="3" t="36" w="1225" /><ent r="3" t="46" w="81" /><ent r="3" t="46" w="81" /></phr><phr n="detailed"><ent r="3" t="4" w="530" /><ent r="3" t="4" w="530" /><ent r="3" t="31" w="864" /><ent r="3" t="31" w="864" /><ent r="7" t="36" w="788" /><ent r="7" t="36" w="788" /></phr><phr n="retain"><ent r="3" t="18" w="135" /><ent r="3" t="18" w="135" /><ent r="6" t="35" w="329" /><ent r="6" t="35" w="329" /></phr><phr n="retained"><ent r="3" t="39" w="99" /></phr></stem><stem n="tail"><phr n="Details"><ent r="3" t="3" w="115" /><ent r="3" t="3" w="115" /><ent r="7" t="3" w="1138" /><ent r="7" t="3" w="1138" /><ent r="6" t="3" w="1221" /><ent r="6" t="3" w="1221" /><ent r="3" t="3" w="1238" /><ent r="3" t="3" w="1238" /><ent r="5" t="4" w="595" /><ent r="5" t="4" w="595" /><ent r="4" t="17" w="409" /><ent r="65" t="17" w="428" /><ent r="7" t="29" w="39" /><ent r="7" t="29" w="39" /><ent r="82" t="34" w="1771" /><ent r="3" t="34" w="1776" /><ent r="4" t="34" w="1860" /><ent r="4" t="34" w="1917" /><ent r="7" t="39" w="231" /><ent r="7" t="39" w="231" /><ent r="6" t="39" w="233" /><ent r="6" t="39" w="233" /></phr><phr n="details"><ent r="6" t="3" w="1063" /><ent r="6" t="3" w="1063" /><ent r="6" t="3" w="1145" /><ent r="6" t="3" w="1145" /><ent r="6" t="3" w="1189" /><ent r="6" t="3" w="1189" /><ent r="6" t="3" w="1226" /><ent r="6" t="3" w="1226" /><ent r="4" t="4" w="588" /><ent r="4" t="4" w="588" /><ent r="4" t="7" w="92" /><ent r="4" t="7" w="123" /><ent r="4" t="9" w="250" /><ent r="4" t="9" w="250" /><ent r="4" t="12" w="286" /><ent r="4" t="12" w="286" /><ent r="4" t="18" w="114" /><ent r="4" t="18" w="114" /><ent r="3" t="18" w="136" /><ent r="3" t="18" w="136" /><ent r="3" t="18" w="154" /><ent r="3" t="18" w="154" /><ent r="4" t="19" w="141" /><ent r="4" t="20" w="73" /><ent r="4" t="20" w="73" /><ent r="4" t="20" w="82" /><ent r="4" t="20" w="82" /><ent r="3" t="26" w="153" /><ent r="3" t="26" w="153" /><ent r="3" t="29" w="21" /><ent r="3" t="29" w="21" /><ent r="6" t="32" w="287" /><ent r="6" t="32" w="328" /><ent r="6" t="32" w="368" /><ent r="6" t="32" w="368" /><ent r="7" t="32" w="419" /><ent r="7" t="32" w="419" /><ent r="4" t="34" w="1763" /><ent r="4" t="34" w="1763" /><ent r="3" t="34" w="1781" /><ent r="3" t="34" w="1781" /><ent r="3" t="34" w="1813" /><ent r="3" t="34" w="1813" /><ent r="7" t="35" w="491" /><ent r="7" t="35" w="491" /><ent r="7" t="36" w="908" /><ent r="7" t="36" w="908" /><ent r="3" t="46" w="212" /><ent r="3" t="46" w="212" /><ent r="3" t="46" w="227" /></phr><phr n="Detail"><ent r="5" t="3" w="1251" /><ent r="5" t="3" w="1251" /><ent r="4" t="28" w="73" /><ent r="4" t="28" w="73" /><ent r="7" t="36" w="1723" /><ent r="7" t="36" w="1723" /><ent r="7" t="36" w="1730" /><ent r="7" t="36" w="1730" /></phr><phr n="detail"><ent r="3" t="4" w="107" /><ent r="3" t="4" w="107" /><ent r="3" t="32" w="146" /><ent r="3" t="32" w="146" /><ent r="3" t="36" w="1225" /><ent r="3" t="36" w="1225" /><ent r="3" t="46" w="81" /><ent r="3" t="46" w="81" /></phr><phr n="detailed"><ent r="3" t="4" w="530" /><ent r="3" t="4" w="530" /><ent r="3" t="31" w="864" /><ent r="3" t="31" w="864" /><ent r="7" t="36" w="788" /><ent r="7" t="36" w="788" /></phr></stem><stem n="ails"><phr n="Details"><ent r="3" t="3" w="115" /><ent r="3" t="3" w="115" /><ent r="7" t="3" w="1138" /><ent r="7" t="3" w="1138" /><ent r="6" t="3" w="1221" /><ent r="6" t="3" w="1221" /><ent r="3" t="3" w="1238" /><ent r="3" t="3" w="1238" /><ent r="5" t="4" w="595" /><ent r="5" t="4" w="595" /><ent r="4" t="17" w="409" /><ent r="65" t="17" w="428" /><ent r="7" t="29" w="39" /><ent r="7" t="29" w="39" /><ent r="82" t="34" w="1771" /><ent r="3" t="34" w="1776" /><ent r="4" t="34" w="1860" /><ent r="4" t="34" w="1917" /><ent r="7" t="39" w="231" /><ent r="7" t="39" w="231" /><ent r="6" t="39" w="233" /><ent r="6" t="39" w="233" /></phr><phr n="details"><ent r="6" t="3" w="1063" /><ent r="6" t="3" w="1063" /><ent r="6" t="3" w="1145" /><ent r="6" t="3" w="1145" /><ent r="6" t="3" w="1189" /><ent r="6" t="3" w="1189" /><ent r="6" t="3" w="1226" /><ent r="6" t="3" w="1226" /><ent r="4" t="4" w="588" /><ent r="4" t="4" w="588" /><ent r="4" t="7" w="92" /><ent r="4" t="7" w="123" /><ent r="4" t="9" w="250" /><ent r="4" t="9" w="250" /><ent r="4" t="12" w="286" /><ent r="4" t="12" w="286" /><ent r="4" t="18" w="114" /><ent r="4" t="18" w="114" /><ent r="3" t="18" w="136" /><ent r="3" t="18" w="136" /><ent r="3" t="18" w="154" /><ent r="3" t="18" w="154" /><ent r="4" t="19" w="141" /><ent r="4" t="20" w="73" /><ent r="4" t="20" w="73" /><ent r="4" t="20" w="82" /><ent r="4" t="20" w="82" /><ent r="3" t="26" w="153" /><ent r="3" t="26" w="153" /><ent r="3" t="29" w="21" /><ent r="3" t="29" w="21" /><ent r="6" t="32" w="287" /><ent r="6" t="32" w="328" /><ent r="6" t="32" w="368" /><ent r="6" t="32" w="368" /><ent r="7" t="32" w="419" /><ent r="7" t="32" w="419" /><ent r="4" t="34" w="1763" /><ent r="4" t="34" w="1763" /><ent r="3" t="34" w="1781" /><ent r="3" t="34" w="1781" /><ent r="3" t="34" w="1813" /><ent r="3" t="34" w="1813" /><ent r="7" t="35" w="491" /><ent r="7" t="35" w="491" /><ent r="7" t="36" w="908" /><ent r="7" t="36" w="908" /><ent r="3" t="46" w="212" /><ent r="3" t="46" w="212" /><ent r="3" t="46" w="227" /></phr></stem><stem n="detai"><phr n="Details"><ent r="3" t="3" w="115" /><ent r="3" t="3" w="115" /><ent r="7" t="3" w="1138" /><ent r="7" t="3" w="1138" /><ent r="6" t="3" w="1221" /><ent r="6" t="3" w="1221" /><ent r="3" t="3" w="1238" /><ent r="3" t="3" w="1238" /><ent r="5" t="4" w="595" /><ent r="5" t="4" w="595" /><ent r="4" t="17" w="409" /><ent r="65" t="17" w="428" /><ent r="7" t="29" w="39" /><ent r="7" t="29" w="39" /><ent r="82" t="34" w="1771" /><ent r="3" t="34" w="1776" /><ent r="4" t="34" w="1860" /><ent r="4" t="34" w="1917" /><ent r="7" t="39" w="231" /><ent r="7" t="39" w="231" /><ent r="6" t="39" w="233" /><ent r="6" t="39" w="233" /></phr><phr n="details"><ent r="6" t="3" w="1063" /><ent r="6" t="3" w="1063" /><ent r="6" t="3" w="1145" /><ent r="6" t="3" w="1145" /><ent r="6" t="3" w="1189" /><ent r="6" t="3" w="1189" /><ent r="6" t="3" w="1226" /><ent r="6" t="3" w="1226" /><ent r="4" t="4" w="588" /><ent r="4" t="4" w="588" /><ent r="4" t="7" w="92" /><ent r="4" t="7" w="123" /><ent r="4" t="9" w="250" /><ent r="4" t="9" w="250" /><ent r="4" t="12" w="286" /><ent r="4" t="12" w="286" /><ent r="4" t="18" w="114" /><ent r="4" t="18" w="114" /><ent r="3" t="18" w="136" /><ent r="3" t="18" w="136" /><ent r="3" t="18" w="154" /><ent r="3" t="18" w="154" /><ent r="4" t="19" w="141" /><ent r="4" t="20" w="73" /><ent r="4" t="20" w="73" /><ent r="4" t="20" w="82" /><ent r="4" t="20" w="82" /><ent r="3" t="26" w="153" /><ent r="3" t="26" w="153" /><ent r="3" t="29" w="21" /><ent r="3" t="29" w="21" /><ent r="6" t="32" w="287" /><ent r="6" t="32" w="328" /><ent r="6" t="32" w="368" /><ent r="6" t="32" w="368" /><ent r="7" t="32" w="419" /><ent r="7" t="32" w="419" /><ent r="4" t="34" w="1763" /><ent r="4" t="34" w="1763" /><ent r="3" t="34" w="1781" /><ent r="3" t="34" w="1781" /><ent r="3" t="34" w="1813" /><ent r="3" t="34" w="1813" /><ent r="7" t="35" w="491" /><ent r="7" t="35" w="491" /><ent r="7" t="36" w="908" /><ent r="7" t="36" w="908" /><ent r="3" t="46" w="212" /><ent r="3" t="46" w="212" /><ent r="3" t="46" w="227" /></phr><phr n="Detail"><ent r="5" t="3" w="1251" /><ent r="5" t="3" w="1251" /><ent r="4" t="28" w="73" /><ent r="4" t="28" w="73" /><ent r="7" t="36" w="1723" /><ent r="7" t="36" w="1723" /><ent r="7" t="36" w="1730" /><ent r="7" t="36" w="1730" /></phr><phr n="detail"><ent r="3" t="4" w="107" /><ent r="3" t="4" w="107" /><ent r="3" t="32" w="146" /><ent r="3" t="32" w="146" /><ent r="3" t="36" w="1225" /><ent r="3" t="36" w="1225" /><ent r="3" t="46" w="81" /><ent r="3" t="46" w="81" /></phr><phr n="detailed"><ent r="3" t="4" w="530" /><ent r="3" t="4" w="530" /><ent r="3" t="31" w="864" /><ent r="3" t="31" w="864" /><ent r="7" t="36" w="788" /><ent r="7" t="36" w="788" /></phr></stem><stem n="etail"><phr n="Details"><ent r="3" t="3" w="115" /><ent r="3" t="3" w="115" /><ent r="7" t="3" w="1138" /><ent r="7" t="3" w="1138" /><ent r="6" t="3" w="1221" /><ent r="6" t="3" w="1221" /><ent r="3" t="3" w="1238" /><ent r="3" t="3" w="1238" /><ent r="5" t="4" w="595" /><ent r="5" t="4" w="595" /><ent r="4" t="17" w="409" /><ent r="65" t="17" w="428" /><ent r="7" t="29" w="39" /><ent r="7" t="29" w="39" /><ent r="82" t="34" w="1771" /><ent r="3" t="34" w="1776" /><ent r="4" t="34" w="1860" /><ent r="4" t="34" w="1917" /><ent r="7" t="39" w="231" /><ent r="7" t="39" w="231" /><ent r="6" t="39" w="233" /><ent r="6" t="39" w="233" /></phr><phr n="details"><ent r="6" t="3" w="1063" /><ent r="6" t="3" w="1063" /><ent r="6" t="3" w="1145" /><ent r="6" t="3" w="1145" /><ent r="6" t="3" w="1189" /><ent r="6" t="3" w="1189" /><ent r="6" t="3" w="1226" /><ent r="6" t="3" w="1226" /><ent r="4" t="4" w="588" /><ent r="4" t="4" w="588" /><ent r="4" t="7" w="92" /><ent r="4" t="7" w="123" /><ent r="4" t="9" w="250" /><ent r="4" t="9" w="250" /><ent r="4" t="12" w="286" /><ent r="4" t="12" w="286" /><ent r="4" t="18" w="114" /><ent r="4" t="18" w="114" /><ent r="3" t="18" w="136" /><ent r="3" t="18" w="136" /><ent r="3" t="18" w="154" /><ent r="3" t="18" w="154" /><ent r="4" t="19" w="141" /><ent r="4" t="20" w="73" /><ent r="4" t="20" w="73" /><ent r="4" t="20" w="82" /><ent r="4" t="20" w="82" /><ent r="3" t="26" w="153" /><ent r="3" t="26" w="153" /><ent r="3" t="29" w="21" /><ent r="3" t="29" w="21" /><ent r="6" t="32" w="287" /><ent r="6" t="32" w="328" /><ent r="6" t="32" w="368" /><ent r="6" t="32" w="368" /><ent r="7" t="32" w="419" /><ent r="7" t="32" w="419" /><ent r="4" t="34" w="1763" /><ent r="4" t="34" w="1763" /><ent r="3" t="34" w="1781" /><ent r="3" t="34" w="1781" /><ent r="3" t="34" w="1813" /><ent r="3" t="34" w="1813" /><ent r="7" t="35" w="491" /><ent r="7" t="35" w="491" /><ent r="7" t="36" w="908" /><ent r="7" t="36" w="908" /><ent r="3" t="46" w="212" /><ent r="3" t="46" w="212" /><ent r="3" t="46" w="227" /></phr><phr n="Detail"><ent r="5" t="3" w="1251" /><ent r="5" t="3" w="1251" /><ent r="4" t="28" w="73" /><ent r="4" t="28" w="73" /><ent r="7" t="36" w="1723" /><ent r="7" t="36" w="1723" /><ent r="7" t="36" w="1730" /><ent r="7" t="36" w="1730" /></phr><phr n="detail"><ent r="3" t="4" w="107" /><ent r="3" t="4" w="107" /><ent r="3" t="32" w="146" /><ent r="3" t="32" w="146" /><ent r="3" t="36" w="1225" /><ent r="3" t="36" w="1225" /><ent r="3" t="46" w="81" /><ent r="3" t="46" w="81" /></phr><phr n="detailed"><ent r="3" t="4" w="530" /><ent r="3" t="4" w="530" /><ent r="3" t="31" w="864" /><ent r="3" t="31" w="864" /><ent r="7" t="36" w="788" /><ent r="7" t="36" w="788" /></phr></stem><stem n="tails"><phr n="Details"><ent r="3" t="3" w="115" /><ent r="3" t="3" w="115" /><ent r="7" t="3" w="1138" /><ent r="7" t="3" w="1138" /><ent r="6" t="3" w="1221" /><ent r="6" t="3" w="1221" /><ent r="3" t="3" w="1238" /><ent r="3" t="3" w="1238" /><ent r="5" t="4" w="595" /><ent r="5" t="4" w="595" /><ent r="4" t="17" w="409" /><ent r="65" t="17" w="428" /><ent r="7" t="29" w="39" /><ent r="7" t="29" w="39" /><ent r="82" t="34" w="1771" /><ent r="3" t="34" w="1776" /><ent r="4" t="34" w="1860" /><ent r="4" t="34" w="1917" /><ent r="7" t="39" w="231" /><ent r="7" t="39" w="231" /><ent r="6" t="39" w="233" /><ent r="6" t="39" w="233" /></phr><phr n="details"><ent r="6" t="3" w="1063" /><ent r="6" t="3" w="1063" /><ent r="6" t="3" w="1145" /><ent r="6" t="3" w="1145" /><ent r="6" t="3" w="1189" /><ent r="6" t="3" w="1189" /><ent r="6" t="3" w="1226" /><ent r="6" t="3" w="1226" /><ent r="4" t="4" w="588" /><ent r="4" t="4" w="588" /><ent r="4" t="7" w="92" /><ent r="4" t="7" w="123" /><ent r="4" t="9" w="250" /><ent r="4" t="9" w="250" /><ent r="4" t="12" w="286" /><ent r="4" t="12" w="286" /><ent r="4" t="18" w="114" /><ent r="4" t="18" w="114" /><ent r="3" t="18" w="136" /><ent r="3" t="18" w="136" /><ent r="3" t="18" w="154" /><ent r="3" t="18" w="154" /><ent r="4" t="19" w="141" /><ent r="4" t="20" w="73" /><ent r="4" t="20" w="73" /><ent r="4" t="20" w="82" /><ent r="4" t="20" w="82" /><ent r="3" t="26" w="153" /><ent r="3" t="26" w="153" /><ent r="3" t="29" w="21" /><ent r="3" t="29" w="21" /><ent r="6" t="32" w="287" /><ent r="6" t="32" w="328" /><ent r="6" t="32" w="368" /><ent r="6" t="32" w="368" /><ent r="7" t="32" w="419" /><ent r="7" t="32" w="419" /><ent r="4" t="34" w="1763" /><ent r="4" t="34" w="1763" /><ent r="3" t="34" w="1781" /><ent r="3" t="34" w="1781" /><ent r="3" t="34" w="1813" /><ent r="3" t="34" w="1813" /><ent r="7" t="35" w="491" /><ent r="7" t="35" w="491" /><ent r="7" t="36" w="908" /><ent r="7" t="36" w="908" /><ent r="3" t="46" w="212" /><ent r="3" t="46" w="212" /><ent r="3" t="46" w="227" /></phr></stem><stem n="etails"><phr n="Details"><ent r="3" t="3" w="115" /><ent r="3" t="3" w="115" /><ent r="7" t="3" w="1138" /><ent r="7" t="3" w="1138" /><ent r="6" t="3" w="1221" /><ent r="6" t="3" w="1221" /><ent r="3" t="3" w="1238" /><ent r="3" t="3" w="1238" /><ent r="5" t="4" w="595" /><ent r="5" t="4" w="595" /><ent r="4" t="17" w="409" /><ent r="65" t="17" w="428" /><ent r="7" t="29" w="39" /><ent r="7" t="29" w="39" /><ent r="82" t="34" w="1771" /><ent r="3" t="34" w="1776" /><ent r="4" t="34" w="1860" /><ent r="4" t="34" w="1917" /><ent r="7" t="39" w="231" /><ent r="7" t="39" w="231" /><ent r="6" t="39" w="233" /><ent r="6" t="39" w="233" /></phr><phr n="details"><ent r="6" t="3" w="1063" /><ent r="6" t="3" w="1063" /><ent r="6" t="3" w="1145" /><ent r="6" t="3" w="1145" /><ent r="6" t="3" w="1189" /><ent r="6" t="3" w="1189" /><ent r="6" t="3" w="1226" /><ent r="6" t="3" w="1226" /><ent r="4" t="4" w="588" /><ent r="4" t="4" w="588" /><ent r="4" t="7" w="92" /><ent r="4" t="7" w="123" /><ent r="4" t="9" w="250" /><ent r="4" t="9" w="250" /><ent r="4" t="12" w="286" /><ent r="4" t="12" w="286" /><ent r="4" t="18" w="114" /><ent r="4" t="18" w="114" /><ent r="3" t="18" w="136" /><ent r="3" t="18" w="136" /><ent r="3" t="18" w="154" /><ent r="3" t="18" w="154" /><ent r="4" t="19" w="141" /><ent r="4" t="20" w="73" /><ent r="4" t="20" w="73" /><ent r="4" t="20" w="82" /><ent r="4" t="20" w="82" /><ent r="3" t="26" w="153" /><ent r="3" t="26" w="153" /><ent r="3" t="29" w="21" /><ent r="3" t="29" w="21" /><ent r="6" t="32" w="287" /><ent r="6" t="32" w="328" /><ent r="6" t="32" w="368" /><ent r="6" t="32" w="368" /><ent r="7" t="32" w="419" /><ent r="7" t="32" w="419" /><ent r="4" t="34" w="1763" /><ent r="4" t="34" w="1763" /><ent r="3" t="34" w="1781" /><ent r="3" t="34" w="1781" /><ent r="3" t="34" w="1813" /><ent r="3" t="34" w="1813" /><ent r="7" t="35" w="491" /><ent r="7" t="35" w="491" /><ent r="7" t="36" w="908" /><ent r="7" t="36" w="908" /><ent r="3" t="46" w="212" /><ent r="3" t="46" w="212" /><ent r="3" t="46" w="227" /></phr></stem><stem n="details"><phr n="Details"><ent r="3" t="3" w="115" /><ent r="3" t="3" w="115" /><ent r="7" t="3" w="1138" /><ent r="7" t="3" w="1138" /><ent r="6" t="3" w="1221" /><ent r="6" t="3" w="1221" /><ent r="3" t="3" w="1238" /><ent r="3" t="3" w="1238" /><ent r="5" t="4" w="595" /><ent r="5" t="4" w="595" /><ent r="4" t="17" w="409" /><ent r="65" t="17" w="428" /><ent r="7" t="29" w="39" /><ent r="7" t="29" w="39" /><ent r="82" t="34" w="1771" /><ent r="3" t="34" w="1776" /><ent r="4" t="34" w="1860" /><ent r="4" t="34" w="1917" /><ent r="7" t="39" w="231" /><ent r="7" t="39" w="231" /><ent r="6" t="39" w="233" /><ent r="6" t="39" w="233" /></phr><phr n="details"><ent r="6" t="3" w="1063" /><ent r="6" t="3" w="1063" /><ent r="6" t="3" w="1145" /><ent r="6" t="3" w="1145" /><ent r="6" t="3" w="1189" /><ent r="6" t="3" w="1189" /><ent r="6" t="3" w="1226" /><ent r="6" t="3" w="1226" /><ent r="4" t="4" w="588" /><ent r="4" t="4" w="588" /><ent r="4" t="7" w="92" /><ent r="4" t="7" w="123" /><ent r="4" t="9" w="250" /><ent r="4" t="9" w="250" /><ent r="4" t="12" w="286" /><ent r="4" t="12" w="286" /><ent r="4" t="18" w="114" /><ent r="4" t="18" w="114" /><ent r="3" t="18" w="136" /><ent r="3" t="18" w="136" /><ent r="3" t="18" w="154" /><ent r="3" t="18" w="154" /><ent r="4" t="19" w="141" /><ent r="4" t="20" w="73" /><ent r="4" t="20" w="73" /><ent r="4" t="20" w="82" /><ent r="4" t="20" w="82" /><ent r="3" t="26" w="153" /><ent r="3" t="26" w="153" /><ent r="3" t="29" w="21" /><ent r="3" t="29" w="21" /><ent r="6" t="32" w="287" /><ent r="6" t="32" w="328" /><ent r="6" t="32" w="368" /><ent r="6" t="32" w="368" /><ent r="7" t="32" w="419" /><ent r="7" t="32" w="419" /><ent r="4" t="34" w="1763" /><ent r="4" t="34" w="1763" /><ent r="3" t="34" w="1781" /><ent r="3" t="34" w="1781" /><ent r="3" t="34" w="1813" /><ent r="3" t="34" w="1813" /><ent r="7" t="35" w="491" /><ent r="7" t="35" w="491" /><ent r="7" t="36" w="908" /><ent r="7" t="36" w="908" /><ent r="3" t="46" w="212" /><ent r="3" t="46" w="212" /><ent r="3" t="46" w="227" /></phr></stem></index>