﻿<?xml version="1.0" encoding="utf-8"?><CatapultTargetIndex><IndexEntry><Entries><IndexEntry Term="About Message Routing"><Entries /><Links><IndexLink Title="About Message Routing" Link="/Content/About_Message_Routing.htm#kanchor83" UsedConditions="" LocalConditions="" /></Links><SeeAlsoLinks /><IndexControlLinks /></IndexEntry><IndexEntry Term="About SecureSpan Gateway Accounts"><Entries /><Links><IndexLink Title="About Gateway Accounts" Link="/Content/About_SecureSpan_Gateway_Accounts.htm#kanchor25" UsedConditions="" LocalConditions="" /></Links><SeeAlsoLinks /><IndexControlLinks /></IndexEntry><IndexEntry Term="About SSL/TLS Security Sessions"><Entries /><Links><IndexLink Title="About SSL/TLS Security Sessions" Link="/Content/About_SSL_TLS_Security_Sessions.htm#kanchor96" UsedConditions="" LocalConditions="" /></Links><SeeAlsoLinks /><IndexControlLinks /></IndexEntry><IndexEntry Term="About Stored Policies"><Entries /><Links><IndexLink Title="About Stored Policies" Link="/Content/About_Stored_Policies.htm#kanchor69" UsedConditions="" LocalConditions="" /></Links><SeeAlsoLinks /><IndexControlLinks /></IndexEntry><IndexEntry Term="About This Help System"><Entries /><Links><IndexLink Title="About this Help System" Link="/Content/About_This_Help_System.htm#kanchor9" UsedConditions="" LocalConditions="" /></Links><SeeAlsoLinks /><IndexControlLinks /></IndexEntry><IndexEntry Term="Ad-hoc identity bridging"><Entries /><Links><IndexLink Title="Identity Bridging Requirements" Link="/Content/Identity_Bridging_Requirements.htm#kanchor128" UsedConditions="" LocalConditions="" /><IndexLink Title="Configuring Gateway Accounts" Link="/Content/Configure_SecureSpan_Gateway_Accounts.htm#kanchor144" UsedConditions="" LocalConditions="" /><IndexLink Title="Ad-hoc Identity Bridging Method" Link="/Content/Ad-hoc_Identity_Bridging_Method.htm#kanchor147" UsedConditions="" LocalConditions="" /></Links><SeeAlsoLinks /><IndexControlLinks /></IndexEntry><IndexEntry Term="Add Certificate Wizard"><Entries /><Links><IndexLink Title="Workflow Using an X.509 Certificate" Link="/Content/Workflow_Using_an_X.509_Certificate.htm#kanchor133" UsedConditions="" LocalConditions="" /></Links><SeeAlsoLinks /><IndexControlLinks /></IndexEntry><IndexEntry Term="Analyzing SecureSpan XML VPN Client Performance"><Entries /><Links><IndexLink Title="Analyzing SecureSpan XML VPN Client Performance" Link="/Content/Analyzing_SecureSpan_XML_VPN_Client_Performance.htm#kanchor112" UsedConditions="" LocalConditions="" /></Links><SeeAlsoLinks /><IndexControlLinks /></IndexEntry><IndexEntry Term="Associated Policy in Gateway account"><Entries /><Links><IndexLink Title="About Stored Policies" Link="/Content/About_Stored_Policies.htm#kanchor69" UsedConditions="" LocalConditions="" /></Links><SeeAlsoLinks /><IndexControlLinks /></IndexEntry><IndexEntry Term="Authenticating a policy"><Entries /><Links><IndexLink Title="Policy Authentication Hierarchy" Link="/Content/Policy_Authentication_Hierarchy.htm#kanchor166" UsedConditions="" LocalConditions="" /></Links><SeeAlsoLinks /><IndexControlLinks /></IndexEntry><IndexEntry Term="Authentication domain"><Entries /><Links><IndexLink Title="Identity Bridging Requirements" Link="/Content/Identity_Bridging_Requirements.htm#kanchor129" UsedConditions="" LocalConditions="" /></Links><SeeAlsoLinks /><IndexControlLinks /></IndexEntry><IndexEntry Term="Authorization domain"><Entries /><Links><IndexLink Title="Identity Bridging Requirements" Link="/Content/Identity_Bridging_Requirements.htm#kanchor130" UsedConditions="" LocalConditions="" /></Links><SeeAlsoLinks /><IndexControlLinks /></IndexEntry><IndexEntry Term="Background process"><Entries /><Links><IndexLink Title="SecureSpan XML VPN Client in Daemon Mode" Link="/Content/SecureSpan_XML_VPN_Client_in_Daemon_Mode.htm#kanchor16" UsedConditions="" LocalConditions="" /><IndexLink Title="SecureSpan XML VPN Client in Service Mode" Link="/Content/SecureSpan_XML_VPN_Client_in_Service_Mode.htm#kanchor21" UsedConditions="" LocalConditions="" /></Links><SeeAlsoLinks /><IndexControlLinks /></IndexEntry><IndexEntry Term="Cached policies"><Entries /><Links><IndexLink Title="About Stored Policies" Link="/Content/About_Stored_Policies.htm#kanchor73" UsedConditions="" LocalConditions="" /></Links><SeeAlsoLinks /><IndexControlLinks /></IndexEntry><IndexEntry Term="Certificates"><Entries><IndexEntry Term="discovery"><Entries /><Links><IndexLink Title="About SSL/TLS Security Sessions" Link="/Content/About_SSL_TLS_Security_Sessions.htm#kanchor99" UsedConditions="" LocalConditions="" /><IndexLink Title="About SSL/TLS Security Sessions" Link="/Content/About_SSL_TLS_Security_Sessions.htm#kanchor106" UsedConditions="" LocalConditions="" /></Links><SeeAlsoLinks /><IndexControlLinks /></IndexEntry></Entries><Links><IndexLink Title="About SSL/TLS Security Sessions" Link="/Content/About_SSL_TLS_Security_Sessions.htm#kanchor109" UsedConditions="" LocalConditions="" /><IndexLink Title="Workflow Using an X.509 Certificate" Link="/Content/Workflow_Using_an_X.509_Certificate.htm#kanchor135" UsedConditions="" LocalConditions="" /><IndexLink Title="Managing Certificates" Link="/Content/Managing_Certificates.htm#kanchor136" UsedConditions="" LocalConditions="" /></Links><SeeAlsoLinks /><IndexControlLinks /></IndexEntry><IndexEntry Term="Change"><Entries><IndexEntry Term="default gateway account"><Entries /><Links><IndexLink Title="Changing the Default Gateway Account" Link="/Content/Changing_the_Default_Gateway_Account.htm#kanchor36" UsedConditions="" LocalConditions="" /></Links><SeeAlsoLinks /><IndexControlLinks /></IndexEntry><IndexEntry Term="gateway password"><Entries /><Links><IndexLink Title="Changing the Gateway Password" Link="/Content/Changing_the_Gateway_Password.htm#kanchor35" UsedConditions="" LocalConditions="" /></Links><SeeAlsoLinks /><IndexControlLinks /></IndexEntry></Entries><Links /><SeeAlsoLinks /><IndexControlLinks /></IndexEntry><IndexEntry Term="Changing the Default Gateway Account"><Entries /><Links><IndexLink Title="Changing the Default Gateway Account" Link="/Content/Changing_the_Default_Gateway_Account.htm#kanchor36" UsedConditions="" LocalConditions="" /></Links><SeeAlsoLinks /><IndexControlLinks /></IndexEntry><IndexEntry Term="Changing the SecureSpan Gateway Password"><Entries /><Links><IndexLink Title="Changing the Gateway Password" Link="/Content/Changing_the_Gateway_Password.htm#kanchor35" UsedConditions="" LocalConditions="" /></Links><SeeAlsoLinks /><IndexControlLinks /></IndexEntry><IndexEntry Term="Client applications"><Entries><IndexEntry Term="configuring"><Entries /><Links><IndexLink Title="Configuring Client Applications" Link="/Content/Configure_Client_Applications.htm#kanchor87" UsedConditions="" LocalConditions="" /></Links><SeeAlsoLinks /><IndexControlLinks /></IndexEntry><IndexEntry Term="message format"><Entries /><Links><IndexLink Title="Configuring Client Applications" Link="/Content/Configure_Client_Applications.htm#kanchor91" UsedConditions="" LocalConditions="" /></Links><SeeAlsoLinks /><IndexControlLinks /></IndexEntry><IndexEntry Term="physical location"><Entries /><Links><IndexLink Title="Configuring Client Applications" Link="/Content/Configure_Client_Applications.htm#kanchor89" UsedConditions="" LocalConditions="" /></Links><SeeAlsoLinks /><IndexControlLinks /></IndexEntry><IndexEntry Term="URL and port"><Entries /><Links><IndexLink Title="Configuring Client Applications" Link="/Content/Configure_Client_Applications.htm#kanchor90" UsedConditions="" LocalConditions="" /></Links><SeeAlsoLinks /><IndexControlLinks /></IndexEntry></Entries><Links><IndexLink Title="Configuring Client Applications" Link="/Content/Configure_Client_Applications.htm#kanchor87" UsedConditions="" LocalConditions="" /></Links><SeeAlsoLinks /><IndexControlLinks /></IndexEntry><IndexEntry Term="Client certificate"><Entries><IndexEntry Term="discovering"><Entries /><Links><IndexLink Title="About SSL/TLS Security Sessions" Link="/Content/About_SSL_TLS_Security_Sessions.htm#kanchor107" UsedConditions="" LocalConditions="" /></Links><SeeAlsoLinks /><IndexControlLinks /></IndexEntry><IndexEntry Term="preserving"><Entries /><Links><IndexLink Title="Deleting a Gateway Account" Link="/Content/Deleting_a_Gateway_Account.htm#kanchor33" UsedConditions="" LocalConditions="" /></Links><SeeAlsoLinks /><IndexControlLinks /></IndexEntry></Entries><Links><IndexLink Title="About SSL/TLS Security Sessions" Link="/Content/About_SSL_TLS_Security_Sessions.htm#kanchor105" UsedConditions="" LocalConditions="" /></Links><SeeAlsoLinks /><IndexControlLinks /></IndexEntry><IndexEntry Term="Client policy"><Entries><IndexEntry Term="additional properties"><Entries /><Links><IndexLink Title="Defining Additional Properties for Client Policy" Link="/Content/Defining_Additional_Properties_for_Client_Policy.htm#kanchor54" UsedConditions="" LocalConditions="" /></Links><SeeAlsoLinks /><IndexControlLinks /></IndexEntry></Entries><Links /><SeeAlsoLinks /><IndexControlLinks /></IndexEntry><IndexEntry Term="Compression"><Entries /><Links><IndexLink Title="Message Compression" Link="/Content/Message_Compression.htm#kanchor86" UsedConditions="" LocalConditions="" /></Links><SeeAlsoLinks /><IndexControlLinks /></IndexEntry><IndexEntry Term="Configure"><Entries><IndexEntry Term="client applications"><Entries /><Links><IndexLink Title="Configuring Client Applications" Link="/Content/Configure_Client_Applications.htm#kanchor87" UsedConditions="" LocalConditions="" /></Links><SeeAlsoLinks /><IndexControlLinks /></IndexEntry><IndexEntry Term="gateway accounts"><Entries /><Links><IndexLink Title="Configuring Gateway Accounts for Identity Bridging" Link="/Content/Configuring_Gateway_Accounts_for_Identity_Bridging.htm#kanchor143" UsedConditions="" LocalConditions="" /><IndexLink Title="Configuring Gateway Accounts" Link="/Content/Configure_SecureSpan_Gateway_Accounts.htm#kanchor144" UsedConditions="" LocalConditions="" /><IndexLink Title="Full Identity Bridging Method" Link="/Content/Full_Identity_Bridging_Method.htm#kanchor146" UsedConditions="" LocalConditions="" /><IndexLink Title="Ad-hoc Identity Bridging Method" Link="/Content/Ad-hoc_Identity_Bridging_Method.htm#kanchor148" UsedConditions="" LocalConditions="" /></Links><SeeAlsoLinks /><IndexControlLinks /></IndexEntry><IndexEntry Term="identity bridging"><Entries /><Links><IndexLink Title="Configuring Gateway Accounts for Identity Bridging" Link="/Content/Configuring_Gateway_Accounts_for_Identity_Bridging.htm#kanchor143" UsedConditions="" LocalConditions="" /></Links><SeeAlsoLinks /><IndexControlLinks /></IndexEntry><IndexEntry Term="message routing"><Entries /><Links><IndexLink Title="Configuring Message Routing" Link="/Content/Configure_Message_Routing.htm#kanchor85" UsedConditions="" LocalConditions="" /></Links><SeeAlsoLinks /><IndexControlLinks /></IndexEntry><IndexEntry Term="policy resolution"><Entries /><Links><IndexLink Title="Configuring the Policy Resolution" Link="/Content/Configuring_the_Policy_Resolution.htm#kanchor78" UsedConditions="" LocalConditions="" /></Links><SeeAlsoLinks /><IndexControlLinks /></IndexEntry><IndexEntry Term="SAML policies"><Entries /><Links><IndexLink Title="Configuring SAML Policies for Identity Bridging" Link="/Content/Configuring_SAML_Policies_for_Identity_Bridging.htm#kanchor141" UsedConditions="" LocalConditions="" /></Links><SeeAlsoLinks /><IndexControlLinks /></IndexEntry><IndexEntry Term="SAML sender vouches"><Entries /><Links><IndexLink Title="Configuring SAML Sender Vouches" Link="/Content/Configuring_SAML_Sender_Vouches.htm#kanchor55" UsedConditions="" LocalConditions="" /></Links><SeeAlsoLinks /><IndexControlLinks /></IndexEntry><IndexEntry Term="WS-Federation credential exchange"><Entries /><Links><IndexLink Title="Configuring WS-Federation Credential Exchange" Link="/Content/Configuring_WS-Federation_Credential_Exchange.htm#kanchor59" UsedConditions="" LocalConditions="" /></Links><SeeAlsoLinks /><IndexControlLinks /></IndexEntry></Entries><Links /><SeeAlsoLinks /><IndexControlLinks /></IndexEntry><IndexEntry Term="Configuring Client Applications"><Entries /><Links><IndexLink Title="Configuring Client Applications" Link="/Content/Configure_Client_Applications.htm#kanchor87" UsedConditions="" LocalConditions="" /></Links><SeeAlsoLinks /><IndexControlLinks /></IndexEntry><IndexEntry Term="Configuring Gateway Accounts for Identity Bridging"><Entries /><Links><IndexLink Title="Configuring Gateway Accounts for Identity Bridging" Link="/Content/Configuring_Gateway_Accounts_for_Identity_Bridging.htm#kanchor143" UsedConditions="" LocalConditions="" /><IndexLink Title="Full Identity Bridging Method" Link="/Content/Full_Identity_Bridging_Method.htm#kanchor145" UsedConditions="" LocalConditions="" /></Links><SeeAlsoLinks /><IndexControlLinks /></IndexEntry><IndexEntry Term="Configuring Message Routing"><Entries /><Links><IndexLink Title="Configuring Message Routing" Link="/Content/Configure_Message_Routing.htm#kanchor85" UsedConditions="" LocalConditions="" /></Links><SeeAlsoLinks /><IndexControlLinks /></IndexEntry><IndexEntry Term="Configuring SAML Policies"><Entries /><Links><IndexLink Title="Configuring SAML Policies for Identity Bridging" Link="/Content/Configuring_SAML_Policies_for_Identity_Bridging.htm#kanchor141" UsedConditions="" LocalConditions="" /></Links><SeeAlsoLinks /><IndexControlLinks /></IndexEntry><IndexEntry Term="Configuring SAML Sender Vouches"><Entries><IndexEntry Term="configure gateway"><Entries /><Links><IndexLink Title="Configuring SAML Sender Vouches" Link="/Content/Configuring_SAML_Sender_Vouches.htm#kanchor58" UsedConditions="" LocalConditions="" /></Links><SeeAlsoLinks /><IndexControlLinks /></IndexEntry><IndexEntry Term="create FIP user"><Entries /><Links><IndexLink Title="Configuring SAML Sender Vouches" Link="/Content/Configuring_SAML_Sender_Vouches.htm#kanchor57" UsedConditions="" LocalConditions="" /></Links><SeeAlsoLinks /><IndexControlLinks /></IndexEntry><IndexEntry Term="import client certificate"><Entries /><Links><IndexLink Title="Configuring SAML Sender Vouches" Link="/Content/Configuring_SAML_Sender_Vouches.htm#kanchor56" UsedConditions="" LocalConditions="" /></Links><SeeAlsoLinks /><IndexControlLinks /></IndexEntry></Entries><Links><IndexLink Title="Configuring SAML Sender Vouches" Link="/Content/Configuring_SAML_Sender_Vouches.htm#kanchor55" UsedConditions="" LocalConditions="" /></Links><SeeAlsoLinks /><IndexControlLinks /></IndexEntry><IndexEntry Term="Configuring SecureSpan Gateway Accounts"><Entries /><Links><IndexLink Title="Configuring Gateway Accounts" Link="/Content/Configure_SecureSpan_Gateway_Accounts.htm#kanchor144" UsedConditions="" LocalConditions="" /><IndexLink Title="Ad-hoc Identity Bridging Method" Link="/Content/Ad-hoc_Identity_Bridging_Method.htm#kanchor147" UsedConditions="" LocalConditions="" /></Links><SeeAlsoLinks /><IndexControlLinks /></IndexEntry><IndexEntry Term="Configuring the Policy Resolution"><Entries /><Links><IndexLink Title="Configuring the Policy Resolution" Link="/Content/Configuring_the_Policy_Resolution.htm#kanchor78" UsedConditions="" LocalConditions="" /></Links><SeeAlsoLinks /><IndexControlLinks /></IndexEntry><IndexEntry Term="Configuring Windows Domain Identity Injection"><Entries /><Links><IndexLink Title="Configuring Windows Domain Identity Injection" Link="/Content/Configuring_Windows_Identity_Injection.htm#kanchor121" UsedConditions="" LocalConditions="" /></Links><SeeAlsoLinks /><IndexControlLinks /></IndexEntry><IndexEntry Term="Configuring WS-Federation Credential Exchange"><Entries><IndexEntry Term="configure assertion"><Entries /><Links><IndexLink Title="Configuring WS-Federation Credential Exchange" Link="/Content/Configuring_WS-Federation_Credential_Exchange.htm#kanchor63" UsedConditions="" LocalConditions="" /></Links><SeeAlsoLinks /><IndexControlLinks /></IndexEntry><IndexEntry Term="configure gateway"><Entries /><Links><IndexLink Title="Configuring WS-Federation Credential Exchange" Link="/Content/Configuring_WS-Federation_Credential_Exchange.htm#kanchor60" UsedConditions="" LocalConditions="" /></Links><SeeAlsoLinks /><IndexControlLinks /></IndexEntry><IndexEntry Term="create FIP user"><Entries /><Links><IndexLink Title="Configuring WS-Federation Credential Exchange" Link="/Content/Configuring_WS-Federation_Credential_Exchange.htm#kanchor62" UsedConditions="" LocalConditions="" /></Links><SeeAlsoLinks /><IndexControlLinks /></IndexEntry><IndexEntry Term="import certificate"><Entries /><Links><IndexLink Title="Configuring WS-Federation Credential Exchange" Link="/Content/Configuring_WS-Federation_Credential_Exchange.htm#kanchor61" UsedConditions="" LocalConditions="" /></Links><SeeAlsoLinks /><IndexControlLinks /></IndexEntry></Entries><Links><IndexLink Title="Configuring WS-Federation Credential Exchange" Link="/Content/Configuring_WS-Federation_Credential_Exchange.htm#kanchor59" UsedConditions="" LocalConditions="" /></Links><SeeAlsoLinks /><IndexControlLinks /></IndexEntry><IndexEntry Term="Connecting to a Generic Web Service"><Entries /><Links><IndexLink Title="Connecting to a Generic Web Service" Link="/Content/Connecting_to_a_Generic_Web_Service.htm#kanchor65" UsedConditions="" LocalConditions="" /></Links><SeeAlsoLinks /><IndexControlLinks /></IndexEntry><IndexEntry Term="Consuming Shared Web Service"><Entries /><Links><IndexLink Title="Consuming Shared Web Service" Link="/Content/Consume_Shared_Web_Service.htm#kanchor149" UsedConditions="" LocalConditions="" /></Links><SeeAlsoLinks /><IndexControlLinks /></IndexEntry><IndexEntry Term="Contact Information"><Entries /><Links><IndexLink Title="Contact Information" Link="/Content/Contact_Information.htm#kanchor154" UsedConditions="" LocalConditions="" /></Links><SeeAlsoLinks /><IndexControlLinks /></IndexEntry><IndexEntry Term="Context variables"><Entries /><Links><IndexLink Title="Configuring Windows Domain Identity Injection" Link="/Content/Configuring_Windows_Identity_Injection.htm#kanchor122" UsedConditions="" LocalConditions="" /></Links><SeeAlsoLinks /><IndexControlLinks /></IndexEntry><IndexEntry Term="Copyrights"><Entries /><Links><IndexLink Title="Copyrights" Link="/Content/Copyrights.htm#kanchor155" UsedConditions="" LocalConditions="" /></Links><SeeAlsoLinks /><IndexControlLinks /></IndexEntry><IndexEntry Term="Create"><Entries><IndexEntry Term="federated gateway accounts"><Entries /><Links><IndexLink Title="Creating a Federated Gateway Account (Trusted Gateway)" Link="/Content/Creating_a_Federated_Gateway_Account__Trusted_Gateway_.htm#kanchor46" UsedConditions="" LocalConditions="" /><IndexLink Title="Creating a Federated Gateway Account (WS-Federation)" Link="/Content/Creating_a_Federated_Gateway_Account__WS-Federation_.htm#kanchor48" UsedConditions="" LocalConditions="" /><IndexLink Title="Creating a Federated Gateway Account (WS-Trust)" Link="/Content/Creating_a_Federated_Gateway_Account__WS-Trust_.htm#kanchor51" UsedConditions="" LocalConditions="" /></Links><SeeAlsoLinks /><IndexControlLinks /></IndexEntry><IndexEntry Term="federated identity providers"><Entries /><Links><IndexLink Title="Federated Identity Providers" Link="/Content/Federated_Identity_Providers.htm#kanchor137" UsedConditions="" LocalConditions="" /></Links><SeeAlsoLinks /><IndexControlLinks /></IndexEntry><IndexEntry Term="federated user"><Entries /><Links><IndexLink Title="Federated Identity Provider Users and Groups" Link="/Content/Federated_Identity_Provider_Users_and_Groups.htm#kanchor140" UsedConditions="" LocalConditions="" /></Links><SeeAlsoLinks /><IndexControlLinks /></IndexEntry><IndexEntry Term="trusted gateway accounts"><Entries /><Links><IndexLink Title="Creating a Trusted Gateway Account" Link="/Content/Creating_a_Trusted_Gateway_Account.htm#kanchor40" UsedConditions="" LocalConditions="" /></Links><SeeAlsoLinks /><IndexControlLinks /></IndexEntry><IndexEntry Term="virtual group"><Entries /><Links><IndexLink Title="Federated Identity Provider Users and Groups" Link="/Content/Federated_Identity_Provider_Users_and_Groups.htm#kanchor140" UsedConditions="" LocalConditions="" /></Links><SeeAlsoLinks /><IndexControlLinks /></IndexEntry></Entries><Links /><SeeAlsoLinks /><IndexControlLinks /></IndexEntry><IndexEntry Term="Create Federated Identity Provider Wizard"><Entries /><Links><IndexLink Title="Workflow Using an X.509 Certificate" Link="/Content/Workflow_Using_an_X.509_Certificate.htm#kanchor133" UsedConditions="" LocalConditions="" /></Links><SeeAlsoLinks /><IndexControlLinks /></IndexEntry><IndexEntry Term="Creating a Federated Gateway Account"><Entries /><Links><IndexLink Title="Creating a Federated Gateway Account (Trusted Gateway)" Link="/Content/Creating_a_Federated_Gateway_Account__Trusted_Gateway_.htm#kanchor46" UsedConditions="" LocalConditions="" /><IndexLink Title="Creating a Federated Gateway Account (WS-Federation)" Link="/Content/Creating_a_Federated_Gateway_Account__WS-Federation_.htm#kanchor48" UsedConditions="" LocalConditions="" /><IndexLink Title="Creating a Federated Gateway Account (WS-Trust)" Link="/Content/Creating_a_Federated_Gateway_Account__WS-Trust_.htm#kanchor51" UsedConditions="" LocalConditions="" /></Links><SeeAlsoLinks /><IndexControlLinks /></IndexEntry><IndexEntry Term="Creating a Trusted Gateway Account"><Entries /><Links><IndexLink Title="Creating a Trusted Gateway Account" Link="/Content/Creating_a_Trusted_Gateway_Account.htm#kanchor40" UsedConditions="" LocalConditions="" /></Links><SeeAlsoLinks /><IndexControlLinks /></IndexEntry><IndexEntry Term="Credential exchange"><Entries /><Links><IndexLink Title="Configuring WS-Federation Credential Exchange" Link="/Content/Configuring_WS-Federation_Credential_Exchange.htm#kanchor59" UsedConditions="" LocalConditions="" /></Links><SeeAlsoLinks /><IndexControlLinks /></IndexEntry><IndexEntry Term="Cross-domain application integration"><Entries /><Links><IndexLink Title="Identity Bridging" Link="/Content/Identity_Bridging.htm#kanchor124" UsedConditions="" LocalConditions="" /></Links><SeeAlsoLinks /><IndexControlLinks /></IndexEntry><IndexEntry Term="Daemon mode"><Entries><IndexEntry Term="preparation"><Entries /><Links><IndexLink Title="SecureSpan XML VPN Client in Daemon Mode" Link="/Content/SecureSpan_XML_VPN_Client_in_Daemon_Mode.htm#kanchor17" UsedConditions="" LocalConditions="" /></Links><SeeAlsoLinks /><IndexControlLinks /></IndexEntry><IndexEntry Term="starting"><Entries /><Links><IndexLink Title="SecureSpan XML VPN Client in Daemon Mode" Link="/Content/SecureSpan_XML_VPN_Client_in_Daemon_Mode.htm#kanchor18" UsedConditions="" LocalConditions="" /></Links><SeeAlsoLinks /><IndexControlLinks /></IndexEntry><IndexEntry Term="terminating"><Entries /><Links><IndexLink Title="SecureSpan XML VPN Client in Daemon Mode" Link="/Content/SecureSpan_XML_VPN_Client_in_Daemon_Mode.htm#kanchor19" UsedConditions="" LocalConditions="" /></Links><SeeAlsoLinks /><IndexControlLinks /></IndexEntry></Entries><Links><IndexLink Title="SecureSpan XML VPN Client in Daemon Mode" Link="/Content/SecureSpan_XML_VPN_Client_in_Daemon_Mode.htm#kanchor15" UsedConditions="" LocalConditions="" /></Links><SeeAlsoLinks /><IndexControlLinks /></IndexEntry><IndexEntry Term="Default"><Entries><IndexEntry Term="gateway account"><Entries /><Links><IndexLink Title="Changing the Default Gateway Account" Link="/Content/Changing_the_Default_Gateway_Account.htm#kanchor36" UsedConditions="" LocalConditions="" /></Links><SeeAlsoLinks /><IndexControlLinks /></IndexEntry><IndexEntry Term="severity level"><Entries /><Links><IndexLink Title="Overriding the Logging Default Severity &#xA; Level" Link="/Content/Overriding_Logging_Default_Security_Level.htm#kanchor159" UsedConditions="" LocalConditions="" /></Links><SeeAlsoLinks /><IndexControlLinks /></IndexEntry><IndexEntry Term="status"><Entries /><Links><IndexLink Title="Changing the Default Gateway Account" Link="/Content/Changing_the_Default_Gateway_Account.htm#kanchor37" UsedConditions="" LocalConditions="" /><IndexLink Title="Removing the Default Status for a Gateway Account" Link="/Content/Removing_the_Default_Status_for_a_Gateway_Account.htm#kanchor38" UsedConditions="" LocalConditions="" /></Links><SeeAlsoLinks /><IndexControlLinks /></IndexEntry></Entries><Links /><SeeAlsoLinks /><IndexControlLinks /></IndexEntry><IndexEntry Term="Defining Additional Properties for Client Policy"><Entries /><Links><IndexLink Title="Defining Additional Properties for Client Policy" Link="/Content/Defining_Additional_Properties_for_Client_Policy.htm#kanchor54" UsedConditions="" LocalConditions="" /></Links><SeeAlsoLinks /><IndexControlLinks /></IndexEntry><IndexEntry Term="Delete"><Entries><IndexEntry Term="federated identity providers"><Entries /><Links><IndexLink Title="Federated Identity Providers" Link="/Content/Federated_Identity_Providers.htm#kanchor137" UsedConditions="" LocalConditions="" /></Links><SeeAlsoLinks /><IndexControlLinks /></IndexEntry><IndexEntry Term="federated users, groups, virtual groups"><Entries /><Links><IndexLink Title="Federated Identity Provider Users and Groups" Link="/Content/Federated_Identity_Provider_Users_and_Groups.htm#kanchor139" UsedConditions="" LocalConditions="" /></Links><SeeAlsoLinks /><IndexControlLinks /></IndexEntry><IndexEntry Term="gateway accounts"><Entries /><Links><IndexLink Title="Deleting a Gateway Account" Link="/Content/Deleting_a_Gateway_Account.htm#kanchor34" UsedConditions="" LocalConditions="" /></Links><SeeAlsoLinks /><IndexControlLinks /></IndexEntry><IndexEntry Term="policies"><Entries /><Links><IndexLink Title="Deleting a Stored Policy" Link="/Content/Deleting_a_Stored_Policy.htm#kanchor80" UsedConditions="" LocalConditions="" /></Links><SeeAlsoLinks /><IndexControlLinks /></IndexEntry></Entries><Links /><SeeAlsoLinks /><IndexControlLinks /></IndexEntry></Entries></IndexEntry></CatapultTargetIndex>