﻿<?xml version="1.0" encoding="utf-8"?><CatapultTargetIndex><IndexEntry><Entries><IndexEntry Term="Deleting a Gateway Account"><Entries /><Links><IndexLink Title="Deleting a Gateway Account" Link="/content/deleting_a_gateway_account.htm#kanchor28" UsedConditions="" LocalConditions="" /></Links><SeeAlsoLinks /><IndexControlLinks /></IndexEntry><IndexEntry Term="Deleting a Stored Policy"><Entries /><Links><IndexLink Title="Deleting a Stored Policy" Link="/content/deleting_a_stored_policy.htm#kanchor78" UsedConditions="" LocalConditions="" /></Links><SeeAlsoLinks /><IndexControlLinks /></IndexEntry><IndexEntry Term="Discover certificates"><Entries /><Links><IndexLink Title="About SSL/TLS Security Sessions" Link="/content/about_ssl_tls_security_sessions.htm#kanchor102" UsedConditions="" LocalConditions="" /><IndexLink Title="About SSL/TLS Security Sessions" Link="/content/about_ssl_tls_security_sessions.htm#kanchor108" UsedConditions="" LocalConditions="" /></Links><SeeAlsoLinks /><IndexControlLinks /></IndexEntry><IndexEntry Term="Domain identity injection"><Entries /><Links><IndexLink Title="Configuring Windows Domain Identity Injection" Link="/content/configuring_windows_identity_injection.htm#kanchor121" UsedConditions="" LocalConditions="" /></Links><SeeAlsoLinks /><IndexControlLinks /></IndexEntry><IndexEntry Term="Edit"><Entries><IndexEntry Term="federated identity providers"><Entries /><Links><IndexLink Title="Federated Identity Providers" Link="/content/federated_identity_providers.htm#kanchor135" UsedConditions="" LocalConditions="" /></Links><SeeAlsoLinks /><IndexControlLinks /></IndexEntry><IndexEntry Term="federated users, groups, virtual groups"><Entries /><Links><IndexLink Title="Federated Identity Provider Users and Groups" Link="/content/federated_identity_provider_users_and_groups.htm#kanchor137" UsedConditions="" LocalConditions="" /></Links><SeeAlsoLinks /><IndexControlLinks /></IndexEntry><IndexEntry Term="gateway accounts"><Entries /><Links><IndexLink Title="Editing a Gateway Account" Link="/content/editing_a_gateway_account.htm#kanchor27" UsedConditions="" LocalConditions="" /></Links><SeeAlsoLinks /><IndexControlLinks /></IndexEntry><IndexEntry Term="policy resolution"><Entries /><Links><IndexLink Title="Configuring the Policy Resolution" Link="/content/configuring_the_policy_resolution.htm#kanchor77" UsedConditions="" LocalConditions="" /></Links><SeeAlsoLinks /><IndexControlLinks /></IndexEntry></Entries><Links /><SeeAlsoLinks /><IndexControlLinks /></IndexEntry><IndexEntry Term="Editing a Gateway Account"><Entries /><Links><IndexLink Title="Editing a Gateway Account" Link="/content/editing_a_gateway_account.htm#kanchor26" UsedConditions="" LocalConditions="" /></Links><SeeAlsoLinks /><IndexControlLinks /></IndexEntry><IndexEntry Term="Editing the Policy Resolution"><Entries /><Links><IndexLink Title="Configuring the Policy Resolution" Link="/content/configuring_the_policy_resolution.htm#kanchor77" UsedConditions="" LocalConditions="" /></Links><SeeAlsoLinks /><IndexControlLinks /></IndexEntry><IndexEntry Term="Email"><Entries /><Links><IndexLink Title="Contact Information" Link="/content/contact_information.htm#kanchor153" UsedConditions="" LocalConditions="" /></Links><SeeAlsoLinks /><IndexControlLinks /></IndexEntry><IndexEntry Term="Enforcement policy, key usage"><Entries /><Links><IndexLink Title="Key Usage Enforcement Policy" Link="/content/key_usage_enforcement_policy.htm#kanchor165" UsedConditions="" LocalConditions="" /></Links><SeeAlsoLinks /><IndexControlLinks /></IndexEntry><IndexEntry Term="Exporting a Policy"><Entries /><Links><IndexLink Title="Exporting a Policy" Link="/content/exporting_a_policy.htm#kanchor81" UsedConditions="" LocalConditions="" /></Links><SeeAlsoLinks /><IndexControlLinks /></IndexEntry><IndexEntry Term="Failover Strategy"><Entries /><Links><IndexLink Title="Creating a Trusted Gateway Account" Link="/content/creating_a_trusted_gateway_account.htm#kanchor43" UsedConditions="" LocalConditions="" /><IndexLink Title="Creating a Federated Gateway Account (Trusted Gateway)" Link="/content/creating_a_federated_gateway_account__trusted_gateway_.htm#kanchor46" UsedConditions="" LocalConditions="" /><IndexLink Title="Creating a Federated Gateway Account (WS-Federation)" Link="/content/creating_a_federated_gateway_account__ws-federation_.htm#kanchor49" UsedConditions="" LocalConditions="" /><IndexLink Title="Creating a Federated Gateway Account (WS-Trust)" Link="/content/creating_a_federated_gateway_account__ws-trust_.htm#kanchor52" UsedConditions="" LocalConditions="" /></Links><SeeAlsoLinks /><IndexControlLinks /></IndexEntry><IndexEntry Term="Federated"><Entries><IndexEntry Term="groups"><Entries /><Links><IndexLink Title="Federated Identity Provider Users and Groups" Link="/content/federated_identity_provider_users_and_groups.htm#kanchor137" UsedConditions="" LocalConditions="" /></Links><SeeAlsoLinks /><IndexControlLinks /></IndexEntry><IndexEntry Term="users"><Entries /><Links><IndexLink Title="Federated Identity Provider Users and Groups" Link="/content/federated_identity_provider_users_and_groups.htm#kanchor137" UsedConditions="" LocalConditions="" /><IndexLink Title="Federated Identity Provider Users and Groups" Link="/content/federated_identity_provider_users_and_groups.htm#kanchor138" UsedConditions="" LocalConditions="" /></Links><SeeAlsoLinks /><IndexControlLinks /></IndexEntry><IndexEntry Term="virtual groups"><Entries /><Links><IndexLink Title="Federated Identity Provider Users and Groups" Link="/content/federated_identity_provider_users_and_groups.htm#kanchor138" UsedConditions="" LocalConditions="" /></Links><SeeAlsoLinks /><IndexControlLinks /></IndexEntry></Entries><Links /><SeeAlsoLinks /><IndexControlLinks /></IndexEntry><IndexEntry Term="Federated gateway accounts"><Entries><IndexEntry Term="using Trusted Gateway"><Entries /><Links><IndexLink Title="Creating a Federated Gateway Account (Trusted Gateway)" Link="/content/creating_a_federated_gateway_account__trusted_gateway_.htm#kanchor45" UsedConditions="" LocalConditions="" /></Links><SeeAlsoLinks /><IndexControlLinks /></IndexEntry><IndexEntry Term="using WS-Federation"><Entries /><Links><IndexLink Title="Creating a Federated Gateway Account (WS-Federation)" Link="/content/creating_a_federated_gateway_account__ws-federation_.htm#kanchor47" UsedConditions="" LocalConditions="" /></Links><SeeAlsoLinks /><IndexControlLinks /></IndexEntry><IndexEntry Term="using WS-Trust"><Entries /><Links><IndexLink Title="Creating a Federated Gateway Account (WS-Trust)" Link="/content/creating_a_federated_gateway_account__ws-trust_.htm#kanchor50" UsedConditions="" LocalConditions="" /></Links><SeeAlsoLinks /><IndexControlLinks /></IndexEntry></Entries><Links><IndexLink Title="About Gateway Accounts" Link="/content/about_securespan_gateway_accounts.htm#kanchor24" UsedConditions="" LocalConditions="" /><IndexLink Title="Federated Gateway Accounts" Link="/content/federated_gateway_accounts.htm#kanchor44" UsedConditions="" LocalConditions="" /></Links><SeeAlsoLinks /><IndexControlLinks /></IndexEntry><IndexEntry Term="Federated groups"><Entries /><Links><IndexLink Title="Federated Identity Provider Users and Groups" Link="/content/federated_identity_provider_users_and_groups.htm#kanchor139" UsedConditions="" LocalConditions="" /></Links><SeeAlsoLinks /><IndexControlLinks /></IndexEntry><IndexEntry Term="Federated Identity Provider"><Entries /><Links><IndexLink Title="Federated Identity Providers" Link="/content/federated_identity_providers.htm#kanchor135" UsedConditions="" LocalConditions="" /></Links><SeeAlsoLinks /><IndexControlLinks /></IndexEntry><IndexEntry Term="Federated Identity Provider Users and Groups"><Entries /><Links><IndexLink Title="Federated Identity Provider Users and Groups" Link="/content/federated_identity_provider_users_and_groups.htm#kanchor137" UsedConditions="" LocalConditions="" /></Links><SeeAlsoLinks /><IndexControlLinks /></IndexEntry><IndexEntry Term="Federated virtual groups"><Entries /><Links><IndexLink Title="Federated Identity Provider Users and Groups" Link="/content/federated_identity_provider_users_and_groups.htm#kanchor137" UsedConditions="" LocalConditions="" /></Links><SeeAlsoLinks /><IndexControlLinks /></IndexEntry><IndexEntry Term="FIP"><Entries /><Links><IndexLink Title="Federated Identity Providers" Link="/content/federated_identity_providers.htm#kanchor136" UsedConditions="" LocalConditions="" /></Links><SeeAlsoLinks /><IndexControlLinks /></IndexEntry><IndexEntry Term="Full identity bridging"><Entries /><Links><IndexLink Title="Identity Bridging Requirements" Link="/content/identity_bridging_requirements.htm#kanchor126" UsedConditions="" LocalConditions="" /><IndexLink Title="Configuring Gateway Accounts" Link="/content/configure_securespan_gateway_accounts.htm#kanchor144" UsedConditions="" LocalConditions="" /><IndexLink Title="Full Identity Bridging Method" Link="/content/full_identity_bridging_method.htm#kanchor145" UsedConditions="" LocalConditions="" /></Links><SeeAlsoLinks /><IndexControlLinks /></IndexEntry><IndexEntry Term="Gateway account"><Entries><IndexEntry Term="changing password"><Entries /><Links><IndexLink Title="Changing the Gateway Password" Link="/content/changing_the_securespan_gateway_password.htm#kanchor34" UsedConditions="" LocalConditions="" /></Links><SeeAlsoLinks /><IndexControlLinks /></IndexEntry><IndexEntry Term="configuring"><Entries /><Links><IndexLink Title="Configuring Gateway Accounts for Identity Bridging" Link="/content/configuring_gateway_accounts_for_identity_bridging.htm#kanchor143" UsedConditions="" LocalConditions="" /><IndexLink Title="Configuring Gateway Accounts" Link="/content/configure_securespan_gateway_accounts.htm#kanchor144" UsedConditions="" LocalConditions="" /></Links><SeeAlsoLinks /><IndexControlLinks /></IndexEntry><IndexEntry Term="default"><Entries /><Links><IndexLink Title="Changing the Default Gateway Account" Link="/content/changing_the_default_gateway_account.htm#kanchor35" UsedConditions="" LocalConditions="" /><IndexLink Title="Removing the Default Status for a Gateway Account" Link="/content/removing_the_default_status_for_a_gateway_account.htm#kanchor37" UsedConditions="" LocalConditions="" /></Links><SeeAlsoLinks /><IndexControlLinks /></IndexEntry><IndexEntry Term="deleting"><Entries /><Links><IndexLink Title="Deleting a Gateway Account" Link="/content/deleting_a_gateway_account.htm#kanchor28" UsedConditions="" LocalConditions="" /></Links><SeeAlsoLinks /><IndexControlLinks /></IndexEntry><IndexEntry Term="editing"><Entries /><Links><IndexLink Title="Editing a Gateway Account" Link="/content/editing_a_gateway_account.htm#kanchor26" UsedConditions="" LocalConditions="" /></Links><SeeAlsoLinks /><IndexControlLinks /></IndexEntry><IndexEntry Term="federated"><Entries /><Links><IndexLink Title="Federated Gateway Accounts" Link="/content/federated_gateway_accounts.htm#kanchor44" UsedConditions="" LocalConditions="" /><IndexLink Title="Creating a Federated Gateway Account (Trusted Gateway)" Link="/content/creating_a_federated_gateway_account__trusted_gateway_.htm#kanchor45" UsedConditions="" LocalConditions="" /><IndexLink Title="Creating a Federated Gateway Account (WS-Federation)" Link="/content/creating_a_federated_gateway_account__ws-federation_.htm#kanchor47" UsedConditions="" LocalConditions="" /><IndexLink Title="Creating a Federated Gateway Account (WS-Trust)" Link="/content/creating_a_federated_gateway_account__ws-trust_.htm#kanchor50" UsedConditions="" LocalConditions="" /></Links><SeeAlsoLinks /><IndexControlLinks /></IndexEntry><IndexEntry Term="identity bridging"><Entries /><Links><IndexLink Title="Configuring Gateway Accounts for Identity Bridging" Link="/content/configuring_gateway_accounts_for_identity_bridging.htm#kanchor143" UsedConditions="" LocalConditions="" /></Links><SeeAlsoLinks /><IndexControlLinks /></IndexEntry><IndexEntry Term="properties"><Entries /><Links><IndexLink Title="Policies and the " Link="/content/policies_and_the_xml_vpn_client.htm#kanchor67" UsedConditions="" LocalConditions="" /><IndexLink Title="About Stored Policies" Link="/content/about_stored_policies.htm#kanchor71" UsedConditions="" LocalConditions="" /><IndexLink Title="About Stored Policies" Link="/content/about_stored_policies.htm#kanchor73" UsedConditions="" LocalConditions="" /></Links><SeeAlsoLinks /><IndexControlLinks /></IndexEntry><IndexEntry Term="trusted"><Entries /><Links><IndexLink Title="Trusted Gateway Accounts" Link="/content/trusted_gateway_accounts.htm#kanchor38" UsedConditions="" LocalConditions="" /><IndexLink Title="Creating a Trusted Gateway Account" Link="/content/creating_a_trusted_gateway_account.htm#kanchor39" UsedConditions="" LocalConditions="" /></Links><SeeAlsoLinks /><IndexControlLinks /></IndexEntry></Entries><Links><IndexLink Title="Federated Gateway Accounts" Link="/content/federated_gateway_accounts.htm#kanchor44" UsedConditions="" LocalConditions="" /></Links><SeeAlsoLinks /><IndexControlLinks /></IndexEntry><IndexEntry Term="Gateway password"><Entries /><Links><IndexLink Title="Changing the Gateway Password" Link="/content/changing_the_securespan_gateway_password.htm#kanchor34" UsedConditions="" LocalConditions="" /></Links><SeeAlsoLinks /><IndexControlLinks /></IndexEntry><IndexEntry Term="General Workflow"><Entries /><Links><IndexLink Title="General Workflow" Link="/content/general_workflow.htm#kanchor12" UsedConditions="" LocalConditions="" /></Links><SeeAlsoLinks /><IndexControlLinks /></IndexEntry><IndexEntry Term="Generic Web Services"><Entries /><Links><IndexLink Title="Generic Web Services" Link="/content/generic_web_services.htm#kanchor63" UsedConditions="" LocalConditions="" /><IndexLink Title="Connecting to a Generic Web Service" Link="/content/connecting_to_a_generic_web_service.htm#kanchor65" UsedConditions="" LocalConditions="" /></Links><SeeAlsoLinks /><IndexControlLinks /></IndexEntry><IndexEntry Term="Help system"><Entries /><Links><IndexLink Title="About this Help System" Link="/content/about_this_help_system.htm#kanchor8" UsedConditions="" LocalConditions="" /></Links><SeeAlsoLinks /><IndexControlLinks /></IndexEntry><IndexEntry Term="HTTP compression"><Entries /><Links><IndexLink Title="Message Compression" Link="/content/message_compression.htm#kanchor86" UsedConditions="" LocalConditions="" /></Links><SeeAlsoLinks /><IndexControlLinks /></IndexEntry><IndexEntry Term="HTTP time-out period"><Entries /><Links><IndexLink Title="Overriding the HTTP Time-Out Period" Link="/content/overriding_http_time-out_period.htm#kanchor162" UsedConditions="" LocalConditions="" /></Links><SeeAlsoLinks /><IndexControlLinks /></IndexEntry><IndexEntry Term="Identity Bridging"><Entries><IndexEntry Term="ad-hoc"><Entries /><Links><IndexLink Title="Ad-hoc Identity Bridging Method" Link="/content/ad-hoc_identity_bridging_method.htm#kanchor147" UsedConditions="" LocalConditions="" /></Links><SeeAlsoLinks /><IndexControlLinks /></IndexEntry><IndexEntry Term="configuring"><Entries /><Links><IndexLink Title="Configuring Gateway Accounts for Identity Bridging" Link="/content/configuring_gateway_accounts_for_identity_bridging.htm#kanchor143" UsedConditions="" LocalConditions="" /></Links><SeeAlsoLinks /><IndexControlLinks /></IndexEntry><IndexEntry Term="full"><Entries /><Links><IndexLink Title="Full Identity Bridging Method" Link="/content/full_identity_bridging_method.htm#kanchor145" UsedConditions="" LocalConditions="" /></Links><SeeAlsoLinks /><IndexControlLinks /></IndexEntry><IndexEntry Term="gateway accounts"><Entries /><Links><IndexLink Title="Federated Gateway Accounts" Link="/content/federated_gateway_accounts.htm#kanchor44" UsedConditions="" LocalConditions="" /><IndexLink Title="Configuring Gateway Accounts for Identity Bridging" Link="/content/configuring_gateway_accounts_for_identity_bridging.htm#kanchor143" UsedConditions="" LocalConditions="" /></Links><SeeAlsoLinks /><IndexControlLinks /></IndexEntry><IndexEntry Term="requirements"><Entries /><Links><IndexLink Title="Identity Bridging Requirements" Link="/content/identity_bridging_requirements.htm#kanchor125" UsedConditions="" LocalConditions="" /></Links><SeeAlsoLinks /><IndexControlLinks /></IndexEntry></Entries><Links><IndexLink Title="Identity Bridging" Link="/content/identity_bridging.htm#kanchor123" UsedConditions="" LocalConditions="" /></Links><SeeAlsoLinks /><IndexControlLinks /></IndexEntry><IndexEntry Term="Identity injection"><Entries /><Links><IndexLink Title="Configuring Windows Domain Identity Injection" Link="/content/configuring_windows_identity_injection.htm#kanchor121" UsedConditions="" LocalConditions="" /></Links><SeeAlsoLinks /><IndexControlLinks /></IndexEntry><IndexEntry Term="Importing a Policy"><Entries /><Links><IndexLink Title="Importing a Policy" Link="/content/importing_a_policy.htm#kanchor80" UsedConditions="" LocalConditions="" /></Links><SeeAlsoLinks /><IndexControlLinks /></IndexEntry><IndexEntry Term="Injection"><Entries /><Links><IndexLink Title="Configuring Windows Domain Identity Injection" Link="/content/configuring_windows_identity_injection.htm#kanchor121" UsedConditions="" LocalConditions="" /></Links><SeeAlsoLinks /><IndexControlLinks /></IndexEntry><IndexEntry Term="Interface"><Entries /><Links><IndexLink Title="Interface" Link="/content/interface.htm#kanchor11" UsedConditions="" LocalConditions="" /></Links><SeeAlsoLinks /><IndexControlLinks /></IndexEntry><IndexEntry Term="Kerberos"><Entries /><Links><IndexLink Title="Creating a Trusted Gateway Account" Link="/content/creating_a_trusted_gateway_account.htm#kanchor41" UsedConditions="" LocalConditions="" /></Links><SeeAlsoLinks /><IndexControlLinks /></IndexEntry><IndexEntry Term="key usage"><Entries /><Links><IndexLink Title="Overriding Key Usage" Link="/content/overriding_key_usage.htm#kanchor164" UsedConditions="" LocalConditions="" /></Links><SeeAlsoLinks /><IndexControlLinks /></IndexEntry><IndexEntry Term="Key Usage Enforcement Policy"><Entries /><Links><IndexLink Title="Key Usage Enforcement Policy" Link="/content/key_usage_enforcement_policy.htm#kanchor165" UsedConditions="" LocalConditions="" /></Links><SeeAlsoLinks /><IndexControlLinks /></IndexEntry><IndexEntry Term="Layer 7 Technologies"><Entries /><Links><IndexLink Title="Contact Information" Link="/content/contact_information.htm#kanchor150" UsedConditions="" LocalConditions="" /></Links><SeeAlsoLinks /><IndexControlLinks /></IndexEntry><IndexEntry Term="Life Cycle of Security Sessions"><Entries /><Links><IndexLink Title="Life Cycle of Security Sessions" Link="/content/lifecycle_of_security_sessions.htm#kanchor111" UsedConditions="" LocalConditions="" /></Links><SeeAlsoLinks /><IndexControlLinks /></IndexEntry><IndexEntry Term="Locking a policy"><Entries /><Links><IndexLink Title="Locking or Unlocking a Stored Policy" Link="/content/locking_or_unlocking_a_stored_policy.htm#kanchor75" UsedConditions="" LocalConditions="" /></Links><SeeAlsoLinks /><IndexControlLinks /></IndexEntry><IndexEntry Term="Locking or Unlocking a Stored Policy"><Entries /><Links><IndexLink Title="Locking or Unlocking a Stored Policy" Link="/content/locking_or_unlocking_a_stored_policy.htm#kanchor75" UsedConditions="" LocalConditions="" /></Links><SeeAlsoLinks /><IndexControlLinks /></IndexEntry><IndexEntry Term="Log files"><Entries /><Links><IndexLink Title="Analyzing  Performance" Link="/content/analyzing_securespan_xml_vpn_client_performance.htm#kanchor114" UsedConditions="" LocalConditions="" /><IndexLink Title="Viewing the Log Files" Link="/content/viewing_the_log_files.htm#kanchor120" UsedConditions="" LocalConditions="" /><IndexLink Title="Enabling Request/Response Message Logging" Link="/content/enabling_request_response_message_logging.htm#kanchor157" UsedConditions="" LocalConditions="" /></Links><SeeAlsoLinks /><IndexControlLinks /></IndexEntry><IndexEntry Term="Manage"><Entries><IndexEntry Term="certificates"><Entries /><Links><IndexLink Title="Managing Certificates" Link="/content/managing_certificates.htm#kanchor134" UsedConditions="" LocalConditions="" /></Links><SeeAlsoLinks /><IndexControlLinks /></IndexEntry><IndexEntry Term="federated identity providers"><Entries /><Links><IndexLink Title="Federated Identity Providers" Link="/content/federated_identity_providers.htm#kanchor135" UsedConditions="" LocalConditions="" /></Links><SeeAlsoLinks /><IndexControlLinks /></IndexEntry><IndexEntry Term="FIP users and groups"><Entries /><Links><IndexLink Title="Federated Identity Provider Users and Groups" Link="/content/federated_identity_provider_users_and_groups.htm#kanchor137" UsedConditions="" LocalConditions="" /></Links><SeeAlsoLinks /><IndexControlLinks /></IndexEntry><IndexEntry Term="gateway accounts"><Entries /><Links><IndexLink Title="Managing Gateway Accounts" Link="/content/managing_gateway_accounts.htm#kanchor25" UsedConditions="" LocalConditions="" /></Links><SeeAlsoLinks /><IndexControlLinks /></IndexEntry><IndexEntry Term="policies"><Entries /><Links><IndexLink Title="Managing Stored Policies" Link="/content/manage_stored_policies.htm#kanchor74" UsedConditions="" LocalConditions="" /></Links><SeeAlsoLinks /><IndexControlLinks /></IndexEntry><IndexEntry Term="security sessions"><Entries /><Links><IndexLink Title="Managing Security Sessions" Link="/content/manage_security_sessions.htm#kanchor95" UsedConditions="" LocalConditions="" /></Links><SeeAlsoLinks /><IndexControlLinks /></IndexEntry></Entries><Links /><SeeAlsoLinks /><IndexControlLinks /></IndexEntry><IndexEntry Term="Managing Certificates"><Entries /><Links><IndexLink Title="Managing Certificates" Link="/content/managing_certificates.htm#kanchor134" UsedConditions="" LocalConditions="" /></Links><SeeAlsoLinks /><IndexControlLinks /></IndexEntry><IndexEntry Term="Managing Federated Identity Providers"><Entries /><Links><IndexLink Title="Federated Identity Providers" Link="/content/federated_identity_providers.htm#kanchor135" UsedConditions="" LocalConditions="" /></Links><SeeAlsoLinks /><IndexControlLinks /></IndexEntry><IndexEntry Term="Managing Gateway Accounts"><Entries /><Links><IndexLink Title="Managing Gateway Accounts" Link="/content/managing_gateway_accounts.htm#kanchor25" UsedConditions="" LocalConditions="" /></Links><SeeAlsoLinks /><IndexControlLinks /></IndexEntry><IndexEntry Term="Managing Policies"><Entries /><Links><IndexLink Title="Managing Stored Policies" Link="/content/manage_stored_policies.htm#kanchor74" UsedConditions="" LocalConditions="" /></Links><SeeAlsoLinks /><IndexControlLinks /></IndexEntry><IndexEntry Term="Managing Security Sessions"><Entries /><Links><IndexLink Title="Managing Security Sessions" Link="/content/manage_security_sessions.htm#kanchor95" UsedConditions="" LocalConditions="" /></Links><SeeAlsoLinks /><IndexControlLinks /></IndexEntry><IndexEntry Term="Managing Stored Policies"><Entries /><Links><IndexLink Title="Managing Stored Policies" Link="/content/manage_stored_policies.htm#kanchor74" UsedConditions="" LocalConditions="" /></Links><SeeAlsoLinks /><IndexControlLinks /></IndexEntry><IndexEntry Term="Match type for policy"><Entries /><Links><IndexLink Title="Setting the Policy Match Type" Link="/content/setting_the_policy_match_type.htm#kanchor76" UsedConditions="" LocalConditions="" /></Links><SeeAlsoLinks /><IndexControlLinks /></IndexEntry><IndexEntry Term="Message"><Entries><IndexEntry Term="activity"><Entries /><Links><IndexLink Title="Viewing Message Traffic" Link="/content/viewing_message_traffic.htm#kanchor118" UsedConditions="" LocalConditions="" /></Links><SeeAlsoLinks /><IndexControlLinks /></IndexEntry><IndexEntry Term="logging"><Entries /><Links><IndexLink Title="Enabling Request/Response Message Logging" Link="/content/enabling_request_response_message_logging.htm#kanchor157" UsedConditions="" LocalConditions="" /></Links><SeeAlsoLinks /><IndexControlLinks /></IndexEntry><IndexEntry Term="routing"><Entries /><Links><IndexLink Title="About Message Routing" Link="/content/about_message_routing.htm#kanchor82" UsedConditions="" LocalConditions="" /><IndexLink Title="Configuring Message Routing" Link="/content/configure_message_routing.htm#kanchor85" UsedConditions="" LocalConditions="" /></Links><SeeAlsoLinks /><IndexControlLinks /></IndexEntry><IndexEntry Term="traffic"><Entries /><Links><IndexLink Title="Analyzing  Performance" Link="/content/analyzing_securespan_xml_vpn_client_performance.htm#kanchor113" UsedConditions="" LocalConditions="" /></Links><SeeAlsoLinks /><IndexControlLinks /></IndexEntry></Entries><Links /><SeeAlsoLinks /><IndexControlLinks /></IndexEntry><IndexEntry Term="Message Compression"><Entries /><Links><IndexLink Title="Message Compression" Link="/content/message_compression.htm#kanchor86" UsedConditions="" LocalConditions="" /></Links><SeeAlsoLinks /><IndexControlLinks /></IndexEntry><IndexEntry Term="Non-SOAP messages"><Entries /><Links><IndexLink Title="Configuring Client Applications" Link="/content/configure_client_applications.htm#kanchor94" UsedConditions="" LocalConditions="" /></Links><SeeAlsoLinks /><IndexControlLinks /></IndexEntry><IndexEntry Term="Online help"><Entries /><Links><IndexLink Title="About this Help System" Link="/content/about_this_help_system.htm#kanchor9" UsedConditions="" LocalConditions="" /></Links><SeeAlsoLinks /><IndexControlLinks /></IndexEntry><IndexEntry Term="Password"><Entries /><Links><IndexLink Title="Changing the Gateway Password" Link="/content/changing_the_securespan_gateway_password.htm#kanchor34" UsedConditions="" LocalConditions="" /></Links><SeeAlsoLinks /><IndexControlLinks /></IndexEntry></Entries></IndexEntry></CatapultTargetIndex>