<?xml version="1.0" encoding="utf-8"?><CatapultTargetIndex><IndexEntry><Entries><IndexEntry Term="Match type for policy"><Entries /><Links><IndexLink Title="Setting the Policy Match Type" Link="/Content/Setting_the_Policy_Match_Type.htm#kanchor79" UsedConditions="" LocalConditions="" /></Links><SeeAlsoLinks /><IndexControlLinks /><SortAsLinks /></IndexEntry><IndexEntry Term="Message"><Entries><IndexEntry Term="activity"><Entries /><Links><IndexLink Title="Viewing Message Traffic" Link="/Content/Viewing_Message_Traffic.htm#kanchor120" UsedConditions="" LocalConditions="" /></Links><SeeAlsoLinks /><IndexControlLinks /><SortAsLinks /></IndexEntry><IndexEntry Term="logging"><Entries /><Links><IndexLink Title="Enabling Request/Response Message Logging" Link="/Content/Enabling_Request_Response_Message_Logging.htm#kanchor158" UsedConditions="" LocalConditions="" /></Links><SeeAlsoLinks /><IndexControlLinks /><SortAsLinks /></IndexEntry><IndexEntry Term="routing"><Entries /><Links><IndexLink Title="About Message Routing" Link="/Content/About_Message_Routing.htm#kanchor85" UsedConditions="" LocalConditions="" /><IndexLink Title="Configuring Message Routing" Link="/Content/Configure_Message_Routing.htm#kanchor87" UsedConditions="" LocalConditions="" /></Links><SeeAlsoLinks /><IndexControlLinks /><SortAsLinks /></IndexEntry><IndexEntry Term="traffic"><Entries /><Links><IndexLink Title="Analyzing SecureSpan XML VPN Client Performance" Link="/Content/Analyzing_SecureSpan_XML_VPN_Client_Performance.htm#kanchor115" UsedConditions="" LocalConditions="" /></Links><SeeAlsoLinks /><IndexControlLinks /><SortAsLinks /></IndexEntry></Entries><Links /><SeeAlsoLinks /><IndexControlLinks /><SortAsLinks /></IndexEntry><IndexEntry Term="Message Compression"><Entries /><Links><IndexLink Title="Message Compression" Link="/Content/Message_Compression.htm#kanchor88" UsedConditions="" LocalConditions="" /></Links><SeeAlsoLinks /><IndexControlLinks /><SortAsLinks /></IndexEntry><IndexEntry Term="Non-SOAP messages"><Entries /><Links><IndexLink Title="Configuring Client Applications" Link="/Content/Configure_Client_Applications.htm#kanchor96" UsedConditions="" LocalConditions="" /></Links><SeeAlsoLinks /><IndexControlLinks /><SortAsLinks /></IndexEntry><IndexEntry Term="Online help"><Entries /><Links><IndexLink Title="About this Help System" Link="/Content/About_This_Help_System.htm#kanchor10" UsedConditions="" LocalConditions="" /></Links><SeeAlsoLinks /><IndexControlLinks /><SortAsLinks /></IndexEntry><IndexEntry Term="Password"><Entries /><Links><IndexLink Title="Changing the Gateway Password" Link="/Content/Changing_the_Gateway_Password.htm#kanchor35" UsedConditions="" LocalConditions="" /></Links><SeeAlsoLinks /><IndexControlLinks /><SortAsLinks /></IndexEntry><IndexEntry Term="Payload compression"><Entries /><Links><IndexLink Title="Message Compression" Link="/Content/Message_Compression.htm#kanchor88" UsedConditions="" LocalConditions="" /></Links><SeeAlsoLinks /><IndexControlLinks /><SortAsLinks /></IndexEntry><IndexEntry Term="Performance"><Entries /><Links><IndexLink Title="Analyzing SecureSpan XML VPN Client Performance" Link="/Content/Analyzing_SecureSpan_XML_VPN_Client_Performance.htm#kanchor114" UsedConditions="" LocalConditions="" /></Links><SeeAlsoLinks /><IndexControlLinks /><SortAsLinks /></IndexEntry><IndexEntry Term="Policies"><Entries><IndexEntry Term="deleting"><Entries /><Links><IndexLink Title="Deleting a Stored Policy" Link="/Content/Deleting_a_Stored_Policy.htm#kanchor81" UsedConditions="" LocalConditions="" /></Links><SeeAlsoLinks /><IndexControlLinks /><SortAsLinks /></IndexEntry><IndexEntry Term="editing policy resolution"><Entries /><Links><IndexLink Title="Configuring the Policy Resolution" Link="/Content/Configuring_the_Policy_Resolution.htm#kanchor80" UsedConditions="" LocalConditions="" /></Links><SeeAlsoLinks /><IndexControlLinks /><SortAsLinks /></IndexEntry><IndexEntry Term="exporting"><Entries /><Links><IndexLink Title="Exporting a Policy" Link="/Content/Exporting_a_Policy.htm#kanchor84" UsedConditions="" LocalConditions="" /></Links><SeeAlsoLinks /><IndexControlLinks /><SortAsLinks /></IndexEntry><IndexEntry Term="importing"><Entries /><Links><IndexLink Title="Importing a Policy" Link="/Content/Importing_a_Policy.htm#kanchor83" UsedConditions="" LocalConditions="" /></Links><SeeAlsoLinks /><IndexControlLinks /><SortAsLinks /></IndexEntry><IndexEntry Term="locking"><Entries /><Links><IndexLink Title="Locking or Unlocking a Stored Policy" Link="/Content/Locking_or_Unlocking_a_Stored_Policy.htm#kanchor78" UsedConditions="" LocalConditions="" /></Links><SeeAlsoLinks /><IndexControlLinks /><SortAsLinks /></IndexEntry><IndexEntry Term="managing"><Entries /><Links><IndexLink Title="Managing Stored Policies" Link="/Content/Manage_Stored_Policies.htm#kanchor77" UsedConditions="" LocalConditions="" /></Links><SeeAlsoLinks /><IndexControlLinks /><SortAsLinks /></IndexEntry><IndexEntry Term="setting match type"><Entries /><Links><IndexLink Title="Setting the Policy Match Type" Link="/Content/Setting_the_Policy_Match_Type.htm#kanchor79" UsedConditions="" LocalConditions="" /></Links><SeeAlsoLinks /><IndexControlLinks /><SortAsLinks /></IndexEntry><IndexEntry Term="unlocking"><Entries /><Links><IndexLink Title="Locking or Unlocking a Stored Policy" Link="/Content/Locking_or_Unlocking_a_Stored_Policy.htm#kanchor78" UsedConditions="" LocalConditions="" /></Links><SeeAlsoLinks /><IndexControlLinks /><SortAsLinks /></IndexEntry></Entries><Links><IndexLink Title="Policies and the " Link="/Content/Policies_and_the_XML_VPN_Client.htm#kanchor69" UsedConditions="" LocalConditions="" /></Links><SeeAlsoLinks /><IndexControlLinks /><SortAsLinks /></IndexEntry><IndexEntry Term="Policies and the XML VPN Client"><Entries /><Links><IndexLink Title="Policies and the " Link="/Content/Policies_and_the_XML_VPN_Client.htm#kanchor69" UsedConditions="" LocalConditions="" /><IndexLink Title="About Stored Policies" Link="/Content/About_Stored_Policies.htm#kanchor71" UsedConditions="" LocalConditions="" /><IndexLink Title="Managing Stored Policies" Link="/Content/Manage_Stored_Policies.htm#kanchor77" UsedConditions="" LocalConditions="" /></Links><SeeAlsoLinks /><IndexControlLinks /><SortAsLinks /></IndexEntry><IndexEntry Term="Policy attachment key"><Entries /><Links><IndexLink Title="About Stored Policies" Link="/Content/About_Stored_Policies.htm#kanchor71" UsedConditions="" LocalConditions="" /><IndexLink Title="Configuring Client Applications" Link="/Content/Configure_Client_Applications.htm#kanchor94" UsedConditions="" LocalConditions="" /></Links><SeeAlsoLinks /><IndexControlLinks /><SortAsLinks /></IndexEntry><IndexEntry Term="Policy Authentication Hiearchy"><Entries /><Links><IndexLink Title="Policy Authentication Hierarchy" Link="/Content/Policy_Authentication_Hierarchy.htm#kanchor167" UsedConditions="" LocalConditions="" /></Links><SeeAlsoLinks /><IndexControlLinks /><SortAsLinks /></IndexEntry><IndexEntry Term="Policy Manager"><Entries><IndexEntry Term="identity bridging"><Entries /><Links><IndexLink Title="Identity Bridging" Link="/Content/Identity_Bridging.htm#kanchor125" UsedConditions="" LocalConditions="" /></Links><SeeAlsoLinks /><IndexControlLinks /><SortAsLinks /></IndexEntry><IndexEntry Term="overview"><Entries /><Links><IndexLink Title="SecureSpan Overview" Link="/Content/Overview.htm#kanchor8" UsedConditions="" LocalConditions="" /></Links><SeeAlsoLinks /><IndexControlLinks /><SortAsLinks /></IndexEntry></Entries><Links><IndexLink Title="SecureSpan Overview" Link="/Content/Overview.htm#kanchor3" UsedConditions="" LocalConditions="" /></Links><SeeAlsoLinks /><IndexControlLinks /><SortAsLinks /></IndexEntry><IndexEntry Term="Policy match type"><Entries /><Links><IndexLink Title="Setting the Policy Match Type" Link="/Content/Setting_the_Policy_Match_Type.htm#kanchor79" UsedConditions="" LocalConditions="" /></Links><SeeAlsoLinks /><IndexControlLinks /><SortAsLinks /></IndexEntry><IndexEntry Term="Policy resolution"><Entries /><Links><IndexLink Title="Configuring the Policy Resolution" Link="/Content/Configuring_the_Policy_Resolution.htm#kanchor80" UsedConditions="" LocalConditions="" /></Links><SeeAlsoLinks /><IndexControlLinks /><SortAsLinks /></IndexEntry><IndexEntry Term="Port designation"><Entries /><Links><IndexLink Title="Configuring Client Applications" Link="/Content/Configure_Client_Applications.htm#kanchor90" UsedConditions="" LocalConditions="" /></Links><SeeAlsoLinks /><IndexControlLinks /><SortAsLinks /></IndexEntry><IndexEntry Term="Preserving"><Entries><IndexEntry Term="client certificate"><Entries /><Links><IndexLink Title="Deleting a Gateway Account" Link="/Content/Deleting_a_Gateway_Account.htm#kanchor30" UsedConditions="" LocalConditions="" /></Links><SeeAlsoLinks /><IndexControlLinks /><SortAsLinks /></IndexEntry><IndexEntry Term="private key"><Entries /><Links><IndexLink Title="Deleting a Gateway Account" Link="/Content/Deleting_a_Gateway_Account.htm#kanchor31" UsedConditions="" LocalConditions="" /></Links><SeeAlsoLinks /><IndexControlLinks /><SortAsLinks /></IndexEntry></Entries><Links /><SeeAlsoLinks /><IndexControlLinks /><SortAsLinks /></IndexEntry><IndexEntry Term="Private key"><Entries /><Links><IndexLink Title="Deleting a Gateway Account" Link="/Content/Deleting_a_Gateway_Account.htm#kanchor32" UsedConditions="" LocalConditions="" /></Links><SeeAlsoLinks /><IndexControlLinks /><SortAsLinks /></IndexEntry><IndexEntry Term="Properties"><Entries><IndexEntry Term="for client policy"><Entries /><Links><IndexLink Title="Defining Additional Properties for Client Policy" Link="/Content/Defining_Additional_Properties_for_Client_Policy.htm#kanchor57" UsedConditions="" LocalConditions="" /></Links><SeeAlsoLinks /><IndexControlLinks /><SortAsLinks /></IndexEntry></Entries><Links /><SeeAlsoLinks /><IndexControlLinks /><SortAsLinks /></IndexEntry><IndexEntry Term="Proxy URL"><Entries /><Links><IndexLink Title="Creating a Trusted Gateway Account" Link="/Content/Creating_a_Trusted_Gateway_Account.htm#kanchor44" UsedConditions="" LocalConditions="" /></Links><SeeAlsoLinks /><IndexControlLinks /><SortAsLinks /></IndexEntry><IndexEntry Term="Recent message traffic"><Entries /><Links><IndexLink Title="Analyzing SecureSpan XML VPN Client Performance" Link="/Content/Analyzing_SecureSpan_XML_VPN_Client_Performance.htm#kanchor114" UsedConditions="" LocalConditions="" /><IndexLink Title="Viewing Message Traffic" Link="/Content/Viewing_Message_Traffic.htm#kanchor121" UsedConditions="" LocalConditions="" /></Links><SeeAlsoLinks /><IndexControlLinks /><SortAsLinks /></IndexEntry><IndexEntry Term="Reformat message XML"><Entries /><Links><IndexLink Title="Viewing Message Traffic" Link="/Content/Viewing_Message_Traffic.htm#kanchor118" UsedConditions="" LocalConditions="" /></Links><SeeAlsoLinks /><IndexControlLinks /><SortAsLinks /></IndexEntry><IndexEntry Term="Removing the Default Status for a Gateway Account"><Entries /><Links><IndexLink Title="Removing the Default Status for a Gateway Account" Link="/Content/Removing_the_Default_Status_for_a_Gateway_Account.htm#kanchor38" UsedConditions="" LocalConditions="" /></Links><SeeAlsoLinks /><IndexControlLinks /><SortAsLinks /></IndexEntry><IndexEntry Term="Request message routing"><Entries /><Links><IndexLink Title="About Message Routing" Link="/Content/About_Message_Routing.htm#kanchor86" UsedConditions="" LocalConditions="" /></Links><SeeAlsoLinks /><IndexControlLinks /><SortAsLinks /></IndexEntry><IndexEntry Term="Requestor identity"><Entries /><Links><IndexLink Title="Configuring SAML Sender Vouches" Link="/Content/Configuring_SAML_Sender_Vouches.htm#kanchor58" UsedConditions="" LocalConditions="" /></Links><SeeAlsoLinks /><IndexControlLinks /><SortAsLinks /></IndexEntry><IndexEntry Term="Requirements"><Entries /><Links><IndexLink Title="Identity Bridging Requirements" Link="/Content/Identity_Bridging_Requirements.htm#kanchor128" UsedConditions="" LocalConditions="" /></Links><SeeAlsoLinks /><IndexControlLinks /><SortAsLinks /></IndexEntry><IndexEntry Term="Response message"><Entries><IndexEntry Term="logging"><Entries /><Links><IndexLink Title="Enabling Request/Response Message Logging" Link="/Content/Enabling_Request_Response_Message_Logging.htm#kanchor158" UsedConditions="" LocalConditions="" /></Links><SeeAlsoLinks /><IndexControlLinks /><SortAsLinks /></IndexEntry><IndexEntry Term="routing"><Entries /><Links><IndexLink Title="About Message Routing" Link="/Content/About_Message_Routing.htm#kanchor85" UsedConditions="" LocalConditions="" /></Links><SeeAlsoLinks /><IndexControlLinks /><SortAsLinks /></IndexEntry></Entries><Links /><SeeAlsoLinks /><IndexControlLinks /><SortAsLinks /></IndexEntry><IndexEntry Term="Routing"><Entries /><Links><IndexLink Title="About Message Routing" Link="/Content/About_Message_Routing.htm#kanchor85" UsedConditions="" LocalConditions="" /><IndexLink Title="Configuring Message Routing" Link="/Content/Configure_Message_Routing.htm#kanchor87" UsedConditions="" LocalConditions="" /></Links><SeeAlsoLinks /><IndexControlLinks /><SortAsLinks /></IndexEntry><IndexEntry Term="SAML"><Entries><IndexEntry Term="credential source"><Entries /><Links><IndexLink Title="Identity Bridging" Link="/Content/Identity_Bridging.htm#kanchor127" UsedConditions="" LocalConditions="" /><IndexLink Title="Workflow Using SAML" Link="/Content/Workflow_Using_SAML.htm#kanchor134" UsedConditions="" LocalConditions="" /></Links><SeeAlsoLinks /><IndexControlLinks /><SortAsLinks /></IndexEntry><IndexEntry Term="policies"><Entries /><Links><IndexLink Title="Configuring SAML Policies for Identity Bridging" Link="/Content/Configuring_SAML_Policies_for_Identity_Bridging.htm#kanchor143" UsedConditions="" LocalConditions="" /></Links><SeeAlsoLinks /><IndexControlLinks /><SortAsLinks /></IndexEntry><IndexEntry Term="sender vouches"><Entries /><Links><IndexLink Title="Configuring SAML Sender Vouches" Link="/Content/Configuring_SAML_Sender_Vouches.htm#kanchor58" UsedConditions="" LocalConditions="" /></Links><SeeAlsoLinks /><IndexControlLinks /><SortAsLinks /></IndexEntry><IndexEntry Term="tokens"><Entries /><Links><IndexLink Title="Configuring SAML Policies for Identity Bridging" Link="/Content/Configuring_SAML_Policies_for_Identity_Bridging.htm#kanchor143" UsedConditions="" LocalConditions="" /></Links><SeeAlsoLinks /><IndexControlLinks /><SortAsLinks /></IndexEntry><IndexEntry Term="workflow"><Entries /><Links><IndexLink Title="Workflow Using SAML" Link="/Content/Workflow_Using_SAML.htm#kanchor133" UsedConditions="" LocalConditions="" /></Links><SeeAlsoLinks /><IndexControlLinks /><SortAsLinks /></IndexEntry></Entries><Links /><SeeAlsoLinks /><IndexControlLinks /><SortAsLinks /></IndexEntry><IndexEntry Term="SAML Constraints Wizard"><Entries /><Links><IndexLink Title="Configuring SAML Policies for Identity Bridging" Link="/Content/Configuring_SAML_Policies_for_Identity_Bridging.htm#kanchor144" UsedConditions="" LocalConditions="" /></Links><SeeAlsoLinks /><IndexControlLinks /><SortAsLinks /></IndexEntry><IndexEntry Term="Search"><Entries><IndexEntry Term="federated users, groups, virtual groups"><Entries /><Links><IndexLink Title="Federated Identity Provider Users and Groups" Link="/Content/Federated_Identity_Provider_Users_and_Groups.htm#kanchor141" UsedConditions="" LocalConditions="" /></Links><SeeAlsoLinks /><IndexControlLinks /><SortAsLinks /></IndexEntry></Entries><Links /><SeeAlsoLinks /><IndexControlLinks /><SortAsLinks /></IndexEntry><IndexEntry Term="SecureSpan Gateway"><Entries><IndexEntry Term="accounts"><Entries /><Links><IndexLink Title="About Gateway Accounts" Link="/Content/About_SecureSpan_Gateway_Accounts.htm#kanchor25" UsedConditions="" LocalConditions="" /></Links><SeeAlsoLinks /><IndexControlLinks /><SortAsLinks /></IndexEntry><IndexEntry Term="creating accounts"><Entries /><Links><IndexLink Title="Creating a Trusted Gateway Account" Link="/Content/Creating_a_Trusted_Gateway_Account.htm#kanchor41" UsedConditions="" LocalConditions="" /><IndexLink Title="Creating a Federated Gateway Account (Trusted Gateway)" Link="/Content/Creating_a_Federated_Gateway_Account__Trusted_Gateway_.htm#kanchor49" UsedConditions="" LocalConditions="" /><IndexLink Title="Creating a Federated Gateway Account (WS-Federation)" Link="/Content/Creating_a_Federated_Gateway_Account__WS-Federation_.htm#kanchor51" UsedConditions="" LocalConditions="" /><IndexLink Title="Creating a Federated Gateway Account (WS-Trust)" Link="/Content/Creating_a_Federated_Gateway_Account__WS-Trust_.htm#kanchor54" UsedConditions="" LocalConditions="" /></Links><SeeAlsoLinks /><IndexControlLinks /><SortAsLinks /></IndexEntry><IndexEntry Term="identity bridging"><Entries /><Links><IndexLink Title="Identity Bridging" Link="/Content/Identity_Bridging.htm#kanchor125" UsedConditions="" LocalConditions="" /></Links><SeeAlsoLinks /><IndexControlLinks /><SortAsLinks /></IndexEntry><IndexEntry Term="managing accounts"><Entries /><Links><IndexLink Title="Managing Gateway Accounts" Link="/Content/Managing_Gateway_Accounts.htm#kanchor26" UsedConditions="" LocalConditions="" /></Links><SeeAlsoLinks /><IndexControlLinks /><SortAsLinks /></IndexEntry><IndexEntry Term="overview"><Entries /><Links><IndexLink Title="SecureSpan Overview" Link="/Content/Overview.htm#kanchor6" UsedConditions="" LocalConditions="" /></Links><SeeAlsoLinks /><IndexControlLinks /><SortAsLinks /></IndexEntry><IndexEntry Term="password"><Entries /><Links><IndexLink Title="Changing the Gateway Password" Link="/Content/Changing_the_Gateway_Password.htm#kanchor35" UsedConditions="" LocalConditions="" /></Links><SeeAlsoLinks /><IndexControlLinks /><SortAsLinks /></IndexEntry><IndexEntry Term="security session"><Entries /><Links><IndexLink Title="Life Cycle of Security Sessions" Link="/Content/Lifecycle_of_Security_Sessions.htm#kanchor113" UsedConditions="" LocalConditions="" /></Links><SeeAlsoLinks /><IndexControlLinks /><SortAsLinks /></IndexEntry></Entries><Links><IndexLink Title="SecureSpan Overview" Link="/Content/Overview.htm#kanchor4" UsedConditions="" LocalConditions="" /></Links><SeeAlsoLinks /><IndexControlLinks /><SortAsLinks /></IndexEntry><IndexEntry Term="SecureSpan Manager" ReferenceTerms="Policy Manager" Reference="See"><Entries><IndexEntry Term="Policy Manager" GeneratedReferenceType="See"><Entries /><Links /><SeeAlsoLinks /><IndexControlLinks /><SortAsLinks /></IndexEntry></Entries><Links /><SeeAlsoLinks /><IndexControlLinks /><SortAsLinks /></IndexEntry><IndexEntry Term="SecureSpan Overview"><Entries><IndexEntry Term="supported standards"><Entries /><Links><IndexLink Title="SecureSpan Overview" Link="/Content/Overview.htm#kanchor5" UsedConditions="" LocalConditions="" /></Links><SeeAlsoLinks /><IndexControlLinks /><SortAsLinks /></IndexEntry></Entries><Links><IndexLink Title="SecureSpan Overview" Link="/Content/Overview.htm#kanchor2" UsedConditions="" LocalConditions="" /></Links><SeeAlsoLinks /><IndexControlLinks /><SortAsLinks /></IndexEntry><IndexEntry Term="SecureSpan XML VPN Client"><Entries><IndexEntry Term="daemon mode"><Entries /><Links><IndexLink Title="SecureSpan XML VPN Client in Daemon Mode" Link="/Content/SecureSpan_XML_VPN_Client_in_Daemon_Mode.htm#kanchor15" UsedConditions="" LocalConditions="" /></Links><SeeAlsoLinks /><IndexControlLinks /><SortAsLinks /></IndexEntry><IndexEntry Term="identity bridging"><Entries /><Links><IndexLink Title="Identity Bridging" Link="/Content/Identity_Bridging.htm#kanchor125" UsedConditions="" LocalConditions="" /></Links><SeeAlsoLinks /><IndexControlLinks /><SortAsLinks /></IndexEntry><IndexEntry Term="interface"><Entries /><Links><IndexLink Title="Interface" Link="/Content/Interface.htm#kanchor12" UsedConditions="" LocalConditions="" /></Links><SeeAlsoLinks /><IndexControlLinks /><SortAsLinks /></IndexEntry><IndexEntry Term="log files"><Entries /><Links><IndexLink Title="Analyzing SecureSpan XML VPN Client Performance" Link="/Content/Analyzing_SecureSpan_XML_VPN_Client_Performance.htm#kanchor117" UsedConditions="" LocalConditions="" /></Links><SeeAlsoLinks /><IndexControlLinks /><SortAsLinks /></IndexEntry><IndexEntry Term="overview"><Entries /><Links><IndexLink Title="SecureSpan Overview" Link="/Content/Overview.htm#kanchor7" UsedConditions="" LocalConditions="" /><IndexLink Title="SecureSpan XML VPN Client Overview" Link="/Content/SecureSpan_XML_VPN_Client_Overview.htm#kanchor11" UsedConditions="" LocalConditions="" /></Links><SeeAlsoLinks /><IndexControlLinks /><SortAsLinks /></IndexEntry><IndexEntry Term="performance"><Entries /><Links><IndexLink Title="Analyzing SecureSpan XML VPN Client Performance" Link="/Content/Analyzing_SecureSpan_XML_VPN_Client_Performance.htm#kanchor114" UsedConditions="" LocalConditions="" /></Links><SeeAlsoLinks /><IndexControlLinks /><SortAsLinks /></IndexEntry><IndexEntry Term="policies"><Entries /><Links><IndexLink Title="Policies and the " Link="/Content/Policies_and_the_XML_VPN_Client.htm#kanchor69" UsedConditions="" LocalConditions="" /></Links><SeeAlsoLinks /><IndexControlLinks /><SortAsLinks /></IndexEntry><IndexEntry Term="security session"><Entries /><Links><IndexLink Title="Life Cycle of Security Sessions" Link="/Content/Lifecycle_of_Security_Sessions.htm#kanchor113" UsedConditions="" LocalConditions="" /></Links><SeeAlsoLinks /><IndexControlLinks /><SortAsLinks /></IndexEntry><IndexEntry Term="service mode"><Entries /><Links><IndexLink Title="SecureSpan XML VPN Client in Service Mode" Link="/Content/SecureSpan_XML_VPN_Client_in_Service_Mode.htm#kanchor20" UsedConditions="" LocalConditions="" /></Links><SeeAlsoLinks /><IndexControlLinks /><SortAsLinks /></IndexEntry></Entries><Links /><SeeAlsoLinks /><IndexControlLinks /><SortAsLinks /></IndexEntry><IndexEntry Term="Security sessions"><Entries><IndexEntry Term="life cycle"><Entries /><Links><IndexLink Title="Life Cycle of Security Sessions" Link="/Content/Lifecycle_of_Security_Sessions.htm#kanchor113" UsedConditions="" LocalConditions="" /></Links><SeeAlsoLinks /><IndexControlLinks /><SortAsLinks /></IndexEntry><IndexEntry Term="managing"><Entries /><Links><IndexLink Title="Managing Security Sessions" Link="/Content/Manage_Security_Sessions.htm#kanchor97" UsedConditions="" LocalConditions="" /></Links><SeeAlsoLinks /><IndexControlLinks /><SortAsLinks /></IndexEntry></Entries><Links><IndexLink Title="Managing Security Sessions" Link="/Content/Manage_Security_Sessions.htm#kanchor97" UsedConditions="" LocalConditions="" /><IndexLink Title="About SSL/TLS Security Sessions" Link="/Content/About_SSL_TLS_Security_Sessions.htm#kanchor98" UsedConditions="" LocalConditions="" /></Links><SeeAlsoLinks /><IndexControlLinks /><SortAsLinks /></IndexEntry><IndexEntry Term="Security token"><Entries /><Links><IndexLink Title="Creating a Federated Gateway Account (WS-Federation)" Link="/Content/Creating_a_Federated_Gateway_Account__WS-Federation_.htm#kanchor52" UsedConditions="" LocalConditions="" /><IndexLink Title="Creating a Federated Gateway Account (WS-Trust)" Link="/Content/Creating_a_Federated_Gateway_Account__WS-Trust_.htm#kanchor55" UsedConditions="" LocalConditions="" /></Links><SeeAlsoLinks /><IndexControlLinks /><SortAsLinks /></IndexEntry><IndexEntry Term="Server certificate"><Entries><IndexEntry Term="discovering"><Entries /><Links><IndexLink Title="About SSL/TLS Security Sessions" Link="/Content/About_SSL_TLS_Security_Sessions.htm#kanchor103" UsedConditions="" LocalConditions="" /></Links><SeeAlsoLinks /><IndexControlLinks /><SortAsLinks /></IndexEntry><IndexEntry Term="viewing"><Entries /><Links><IndexLink Title="About SSL/TLS Security Sessions" Link="/Content/About_SSL_TLS_Security_Sessions.htm#kanchor106" UsedConditions="" LocalConditions="" /></Links><SeeAlsoLinks /><IndexControlLinks /><SortAsLinks /></IndexEntry></Entries><Links><IndexLink Title="About SSL/TLS Security Sessions" Link="/Content/About_SSL_TLS_Security_Sessions.htm#kanchor100" UsedConditions="" LocalConditions="" /></Links><SeeAlsoLinks /><IndexControlLinks /><SortAsLinks /></IndexEntry><IndexEntry Term="Service mode"><Entries><IndexEntry Term="configuring"><Entries /><Links><IndexLink Title="SecureSpan XML VPN Client in Service Mode" Link="/Content/SecureSpan_XML_VPN_Client_in_Service_Mode.htm#kanchor22" UsedConditions="" LocalConditions="" /></Links><SeeAlsoLinks /><IndexControlLinks /><SortAsLinks /></IndexEntry><IndexEntry Term="starting"><Entries /><Links><IndexLink Title="SecureSpan XML VPN Client in Service Mode" Link="/Content/SecureSpan_XML_VPN_Client_in_Service_Mode.htm#kanchor23" UsedConditions="" LocalConditions="" /></Links><SeeAlsoLinks /><IndexControlLinks /><SortAsLinks /></IndexEntry><IndexEntry Term="terminating"><Entries /><Links><IndexLink Title="SecureSpan XML VPN Client in Service Mode" Link="/Content/SecureSpan_XML_VPN_Client_in_Service_Mode.htm#kanchor24" UsedConditions="" LocalConditions="" /></Links><SeeAlsoLinks /><IndexControlLinks /><SortAsLinks /></IndexEntry></Entries><Links><IndexLink Title="SecureSpan XML VPN Client in Service Mode" Link="/Content/SecureSpan_XML_VPN_Client_in_Service_Mode.htm#kanchor20" UsedConditions="" LocalConditions="" /></Links><SeeAlsoLinks /><IndexControlLinks /><SortAsLinks /></IndexEntry></Entries></IndexEntry></CatapultTargetIndex>