﻿<?xml version="1.0" encoding="utf-8"?><CatapultTargetIndex><IndexEntry><Entries><IndexEntry Term="Payload compression"><Entries /><Links><IndexLink Title="Message Compression" Link="/content/message_compression.htm#kanchor86" UsedConditions="" LocalConditions="" /></Links><SeeAlsoLinks /><IndexControlLinks /></IndexEntry><IndexEntry Term="Performance"><Entries /><Links><IndexLink Title="Analyzing  Performance" Link="/content/analyzing_securespan_xml_vpn_client_performance.htm#kanchor112" UsedConditions="" LocalConditions="" /></Links><SeeAlsoLinks /><IndexControlLinks /></IndexEntry><IndexEntry Term="Policies"><Entries><IndexEntry Term="deleting"><Entries /><Links><IndexLink Title="Deleting a Stored Policy" Link="/content/deleting_a_stored_policy.htm#kanchor78" UsedConditions="" LocalConditions="" /></Links><SeeAlsoLinks /><IndexControlLinks /></IndexEntry><IndexEntry Term="editing policy resolution"><Entries /><Links><IndexLink Title="Configuring the Policy Resolution" Link="/content/configuring_the_policy_resolution.htm#kanchor77" UsedConditions="" LocalConditions="" /></Links><SeeAlsoLinks /><IndexControlLinks /></IndexEntry><IndexEntry Term="exporting"><Entries /><Links><IndexLink Title="Exporting a Policy" Link="/content/exporting_a_policy.htm#kanchor81" UsedConditions="" LocalConditions="" /></Links><SeeAlsoLinks /><IndexControlLinks /></IndexEntry><IndexEntry Term="importing"><Entries /><Links><IndexLink Title="Importing a Policy" Link="/content/importing_a_policy.htm#kanchor80" UsedConditions="" LocalConditions="" /></Links><SeeAlsoLinks /><IndexControlLinks /></IndexEntry><IndexEntry Term="locking"><Entries /><Links><IndexLink Title="Locking or Unlocking a Stored Policy" Link="/content/locking_or_unlocking_a_stored_policy.htm#kanchor75" UsedConditions="" LocalConditions="" /></Links><SeeAlsoLinks /><IndexControlLinks /></IndexEntry><IndexEntry Term="managing"><Entries /><Links><IndexLink Title="Managing Stored Policies" Link="/content/manage_stored_policies.htm#kanchor74" UsedConditions="" LocalConditions="" /></Links><SeeAlsoLinks /><IndexControlLinks /></IndexEntry><IndexEntry Term="setting match type"><Entries /><Links><IndexLink Title="Setting the Policy Match Type" Link="/content/setting_the_policy_match_type.htm#kanchor76" UsedConditions="" LocalConditions="" /></Links><SeeAlsoLinks /><IndexControlLinks /></IndexEntry><IndexEntry Term="unlocking"><Entries /><Links><IndexLink Title="Locking or Unlocking a Stored Policy" Link="/content/locking_or_unlocking_a_stored_policy.htm#kanchor75" UsedConditions="" LocalConditions="" /></Links><SeeAlsoLinks /><IndexControlLinks /></IndexEntry></Entries><Links><IndexLink Title="Policies and the " Link="/content/policies_and_the_xml_vpn_client.htm#kanchor66" UsedConditions="" LocalConditions="" /></Links><SeeAlsoLinks /><IndexControlLinks /></IndexEntry><IndexEntry Term="Policies and the XML VPN Client"><Entries /><Links><IndexLink Title="Policies and the " Link="/content/policies_and_the_xml_vpn_client.htm#kanchor66" UsedConditions="" LocalConditions="" /><IndexLink Title="About Stored Policies" Link="/content/about_stored_policies.htm#kanchor68" UsedConditions="" LocalConditions="" /><IndexLink Title="Managing Stored Policies" Link="/content/manage_stored_policies.htm#kanchor74" UsedConditions="" LocalConditions="" /></Links><SeeAlsoLinks /><IndexControlLinks /></IndexEntry><IndexEntry Term="Policy attachment key"><Entries /><Links><IndexLink Title="About Stored Policies" Link="/content/about_stored_policies.htm#kanchor68" UsedConditions="" LocalConditions="" /><IndexLink Title="Configuring Client Applications" Link="/content/configure_client_applications.htm#kanchor92" UsedConditions="" LocalConditions="" /></Links><SeeAlsoLinks /><IndexControlLinks /></IndexEntry><IndexEntry Term="Policy Authentication Hiearchy"><Entries /><Links><IndexLink Title="Policy Authentication Hierarchy" Link="/content/policy_authentication_hierarchy.htm#kanchor166" UsedConditions="" LocalConditions="" /></Links><SeeAlsoLinks /><IndexControlLinks /></IndexEntry><IndexEntry Term="Policy match type"><Entries /><Links><IndexLink Title="Setting the Policy Match Type" Link="/content/setting_the_policy_match_type.htm#kanchor76" UsedConditions="" LocalConditions="" /></Links><SeeAlsoLinks /><IndexControlLinks /></IndexEntry><IndexEntry Term="Policy resolution"><Entries /><Links><IndexLink Title="Configuring the Policy Resolution" Link="/content/configuring_the_policy_resolution.htm#kanchor77" UsedConditions="" LocalConditions="" /></Links><SeeAlsoLinks /><IndexControlLinks /></IndexEntry><IndexEntry Term="Port designation"><Entries /><Links><IndexLink Title="Configuring Client Applications" Link="/content/configure_client_applications.htm#kanchor88" UsedConditions="" LocalConditions="" /></Links><SeeAlsoLinks /><IndexControlLinks /></IndexEntry><IndexEntry Term="Preserving"><Entries><IndexEntry Term="client certificate"><Entries /><Links><IndexLink Title="Deleting a Gateway Account" Link="/content/deleting_a_gateway_account.htm#kanchor29" UsedConditions="" LocalConditions="" /></Links><SeeAlsoLinks /><IndexControlLinks /></IndexEntry><IndexEntry Term="private key"><Entries /><Links><IndexLink Title="Deleting a Gateway Account" Link="/content/deleting_a_gateway_account.htm#kanchor30" UsedConditions="" LocalConditions="" /></Links><SeeAlsoLinks /><IndexControlLinks /></IndexEntry></Entries><Links /><SeeAlsoLinks /><IndexControlLinks /></IndexEntry><IndexEntry Term="Private key"><Entries /><Links><IndexLink Title="Deleting a Gateway Account" Link="/content/deleting_a_gateway_account.htm#kanchor31" UsedConditions="" LocalConditions="" /></Links><SeeAlsoLinks /><IndexControlLinks /></IndexEntry><IndexEntry Term="Properties"><Entries><IndexEntry Term="for client policy"><Entries /><Links><IndexLink Title="Defining Additional Properties for Client Policy" Link="/content/defining_additional_properties_for_client_policy.htm#kanchor53" UsedConditions="" LocalConditions="" /></Links><SeeAlsoLinks /><IndexControlLinks /></IndexEntry></Entries><Links /><SeeAlsoLinks /><IndexControlLinks /></IndexEntry><IndexEntry Term="Proxy URL"><Entries /><Links><IndexLink Title="Creating a Trusted Gateway Account" Link="/content/creating_a_trusted_gateway_account.htm#kanchor42" UsedConditions="" LocalConditions="" /></Links><SeeAlsoLinks /><IndexControlLinks /></IndexEntry><IndexEntry Term="Recent message traffic"><Entries /><Links><IndexLink Title="Viewing Message Traffic" Link="/content/viewing_message_traffic.htm#kanchor119" UsedConditions="" LocalConditions="" /></Links><SeeAlsoLinks /><IndexControlLinks /></IndexEntry><IndexEntry Term="Recent Message Traffic form"><Entries /><Links><IndexLink Title="Analyzing  Performance" Link="/content/analyzing_securespan_xml_vpn_client_performance.htm#kanchor112" UsedConditions="" LocalConditions="" /></Links><SeeAlsoLinks /><IndexControlLinks /></IndexEntry><IndexEntry Term="Reformat message XML"><Entries /><Links><IndexLink Title="Viewing Message Traffic" Link="/content/viewing_message_traffic.htm#kanchor116" UsedConditions="" LocalConditions="" /></Links><SeeAlsoLinks /><IndexControlLinks /></IndexEntry><IndexEntry Term="Removing the Default Status for a Gateway Account"><Entries /><Links><IndexLink Title="Removing the Default Status for a Gateway Account" Link="/content/removing_the_default_status_for_a_gateway_account.htm#kanchor37" UsedConditions="" LocalConditions="" /></Links><SeeAlsoLinks /><IndexControlLinks /></IndexEntry><IndexEntry Term="Request message routing"><Entries /><Links><IndexLink Title="About Message Routing" Link="/content/about_message_routing.htm#kanchor83" UsedConditions="" LocalConditions="" /></Links><SeeAlsoLinks /><IndexControlLinks /></IndexEntry><IndexEntry Term="Requestor identity"><Entries /><Links><IndexLink Title="Configuring SAML Sender Vouches" Link="/content/configuring_saml_sender_vouches.htm#kanchor54" UsedConditions="" LocalConditions="" /></Links><SeeAlsoLinks /><IndexControlLinks /></IndexEntry><IndexEntry Term="Requirements"><Entries /><Links><IndexLink Title="Identity Bridging Requirements" Link="/content/identity_bridging_requirements.htm#kanchor125" UsedConditions="" LocalConditions="" /></Links><SeeAlsoLinks /><IndexControlLinks /></IndexEntry><IndexEntry Term="Response message logging"><Entries /><Links><IndexLink Title="Enabling Request/Response Message Logging" Link="/content/enabling_request_response_message_logging.htm#kanchor157" UsedConditions="" LocalConditions="" /></Links><SeeAlsoLinks /><IndexControlLinks /></IndexEntry><IndexEntry Term="Response message routing"><Entries /><Links><IndexLink Title="About Message Routing" Link="/content/about_message_routing.htm#kanchor84" UsedConditions="" LocalConditions="" /></Links><SeeAlsoLinks /><IndexControlLinks /></IndexEntry><IndexEntry Term="Routing"><Entries /><Links><IndexLink Title="About Message Routing" Link="/content/about_message_routing.htm#kanchor82" UsedConditions="" LocalConditions="" /><IndexLink Title="Configuring Message Routing" Link="/content/configure_message_routing.htm#kanchor85" UsedConditions="" LocalConditions="" /></Links><SeeAlsoLinks /><IndexControlLinks /></IndexEntry><IndexEntry Term="SAML Assertion"><Entries /><Links><IndexLink Title="Configuring SAML Policies for Identity Bridging" Link="/content/configuring_saml_policies_for_identity_bridging.htm#kanchor141" UsedConditions="" LocalConditions="" /></Links><SeeAlsoLinks /><IndexControlLinks /></IndexEntry><IndexEntry Term="SAML Constraints Wizard"><Entries /><Links><IndexLink Title="Configuring SAML Policies for Identity Bridging" Link="/content/configuring_saml_policies_for_identity_bridging.htm#kanchor142" UsedConditions="" LocalConditions="" /></Links><SeeAlsoLinks /><IndexControlLinks /></IndexEntry><IndexEntry Term="SAML credential source"><Entries /><Links><IndexLink Title="Identity Bridging" Link="/content/identity_bridging.htm#kanchor123" UsedConditions="" LocalConditions="" /><IndexLink Title="Workflow Using SAML" Link="/content/workflow_using_saml.htm#kanchor131" UsedConditions="" LocalConditions="" /></Links><SeeAlsoLinks /><IndexControlLinks /></IndexEntry><IndexEntry Term="SAML Policy"><Entries><IndexEntry Term="configuring"><Entries /><Links><IndexLink Title="Configuring SAML Policies for Identity Bridging" Link="/content/configuring_saml_policies_for_identity_bridging.htm#kanchor140" UsedConditions="" LocalConditions="" /></Links><SeeAlsoLinks /><IndexControlLinks /></IndexEntry><IndexEntry Term="workflow"><Entries /><Links><IndexLink Title="Workflow Using SAML" Link="/content/workflow_using_saml.htm#kanchor130" UsedConditions="" LocalConditions="" /></Links><SeeAlsoLinks /><IndexControlLinks /></IndexEntry></Entries><Links /><SeeAlsoLinks /><IndexControlLinks /></IndexEntry><IndexEntry Term="SAML sender vouches"><Entries /><Links><IndexLink Title="Configuring SAML Sender Vouches" Link="/content/configuring_saml_sender_vouches.htm#kanchor54" UsedConditions="" LocalConditions="" /></Links><SeeAlsoLinks /><IndexControlLinks /></IndexEntry><IndexEntry Term="SAML workflow"><Entries /><Links><IndexLink Title="Workflow Using SAML" Link="/content/workflow_using_saml.htm#kanchor130" UsedConditions="" LocalConditions="" /></Links><SeeAlsoLinks /><IndexControlLinks /></IndexEntry><IndexEntry Term="Search"><Entries><IndexEntry Term="federated users, groups, virtual groups"><Entries /><Links><IndexLink Title="Federated Identity Provider Users and Groups" Link="/content/federated_identity_provider_users_and_groups.htm#kanchor137" UsedConditions="" LocalConditions="" /></Links><SeeAlsoLinks /><IndexControlLinks /></IndexEntry></Entries><Links /><SeeAlsoLinks /><IndexControlLinks /></IndexEntry><IndexEntry Term="SecureSpan Gateway"><Entries><IndexEntry Term="accounts"><Entries /><Links><IndexLink Title="About Gateway Accounts" Link="/content/about_securespan_gateway_accounts.htm#kanchor24" UsedConditions="" LocalConditions="" /></Links><SeeAlsoLinks /><IndexControlLinks /></IndexEntry><IndexEntry Term="creating accounts"><Entries /><Links><IndexLink Title="Creating a Trusted Gateway Account" Link="/content/creating_a_trusted_gateway_account.htm#kanchor39" UsedConditions="" LocalConditions="" /><IndexLink Title="Creating a Federated Gateway Account (Trusted Gateway)" Link="/content/creating_a_federated_gateway_account__trusted_gateway_.htm#kanchor45" UsedConditions="" LocalConditions="" /><IndexLink Title="Creating a Federated Gateway Account (WS-Federation)" Link="/content/creating_a_federated_gateway_account__ws-federation_.htm#kanchor47" UsedConditions="" LocalConditions="" /><IndexLink Title="Creating a Federated Gateway Account (WS-Trust)" Link="/content/creating_a_federated_gateway_account__ws-trust_.htm#kanchor50" UsedConditions="" LocalConditions="" /></Links><SeeAlsoLinks /><IndexControlLinks /></IndexEntry><IndexEntry Term="identity bridging"><Entries /><Links><IndexLink Title="Identity Bridging" Link="/content/identity_bridging.htm#kanchor123" UsedConditions="" LocalConditions="" /></Links><SeeAlsoLinks /><IndexControlLinks /></IndexEntry><IndexEntry Term="managing accounts"><Entries /><Links><IndexLink Title="Managing Gateway Accounts" Link="/content/managing_gateway_accounts.htm#kanchor25" UsedConditions="" LocalConditions="" /></Links><SeeAlsoLinks /><IndexControlLinks /></IndexEntry><IndexEntry Term="overview"><Entries /><Links><IndexLink Title="SecureSpan Overview" Link="/content/securespan_overview.htm#kanchor5" UsedConditions="" LocalConditions="" /></Links><SeeAlsoLinks /><IndexControlLinks /></IndexEntry><IndexEntry Term="password"><Entries /><Links><IndexLink Title="Changing the Gateway Password" Link="/content/changing_the_securespan_gateway_password.htm#kanchor34" UsedConditions="" LocalConditions="" /></Links><SeeAlsoLinks /><IndexControlLinks /></IndexEntry><IndexEntry Term="security session"><Entries /><Links><IndexLink Title="Life Cycle of Security Sessions" Link="/content/lifecycle_of_security_sessions.htm#kanchor111" UsedConditions="" LocalConditions="" /></Links><SeeAlsoLinks /><IndexControlLinks /></IndexEntry></Entries><Links><IndexLink Title="SecureSpan Overview" Link="/content/securespan_overview.htm#kanchor4" UsedConditions="" LocalConditions="" /></Links><SeeAlsoLinks /><IndexControlLinks /></IndexEntry><IndexEntry Term="SecureSpan Manager"><Entries><IndexEntry Term="identity bridging"><Entries /><Links><IndexLink Title="Identity Bridging" Link="/content/identity_bridging.htm#kanchor123" UsedConditions="" LocalConditions="" /></Links><SeeAlsoLinks /><IndexControlLinks /></IndexEntry><IndexEntry Term="overview"><Entries /><Links><IndexLink Title="SecureSpan Overview" Link="/content/securespan_overview.htm#kanchor7" UsedConditions="" LocalConditions="" /></Links><SeeAlsoLinks /><IndexControlLinks /></IndexEntry></Entries><Links><IndexLink Title="SecureSpan Overview" Link="/content/securespan_overview.htm#kanchor3" UsedConditions="" LocalConditions="" /></Links><SeeAlsoLinks /><IndexControlLinks /></IndexEntry><IndexEntry Term="SecureSpan Overview"><Entries /><Links><IndexLink Title="SecureSpan Overview" Link="/content/securespan_overview.htm#kanchor2" UsedConditions="" LocalConditions="" /></Links><SeeAlsoLinks /><IndexControlLinks /></IndexEntry><IndexEntry Term="SecureSpan XML VPN Client"><Entries><IndexEntry Term="daemon mode"><Entries /><Links><IndexLink Title=" in Daemon Mode" Link="/content/securespan_xml_vpn_client_in_daemon_mode.htm#kanchor14" UsedConditions="" LocalConditions="" /></Links><SeeAlsoLinks /><IndexControlLinks /></IndexEntry><IndexEntry Term="identity bridging"><Entries /><Links><IndexLink Title="Identity Bridging" Link="/content/identity_bridging.htm#kanchor123" UsedConditions="" LocalConditions="" /></Links><SeeAlsoLinks /><IndexControlLinks /></IndexEntry><IndexEntry Term="interface"><Entries /><Links><IndexLink Title="Interface" Link="/content/interface.htm#kanchor11" UsedConditions="" LocalConditions="" /></Links><SeeAlsoLinks /><IndexControlLinks /></IndexEntry><IndexEntry Term="log files"><Entries /><Links><IndexLink Title="Analyzing  Performance" Link="/content/analyzing_securespan_xml_vpn_client_performance.htm#kanchor115" UsedConditions="" LocalConditions="" /></Links><SeeAlsoLinks /><IndexControlLinks /></IndexEntry><IndexEntry Term="overview"><Entries /><Links><IndexLink Title="SecureSpan Overview" Link="/content/securespan_overview.htm#kanchor6" UsedConditions="" LocalConditions="" /><IndexLink Title=" Overview" Link="/content/securespan_xml_vpn_client_overview.htm#kanchor10" UsedConditions="" LocalConditions="" /></Links><SeeAlsoLinks /><IndexControlLinks /></IndexEntry><IndexEntry Term="performance"><Entries /><Links><IndexLink Title="Analyzing  Performance" Link="/content/analyzing_securespan_xml_vpn_client_performance.htm#kanchor112" UsedConditions="" LocalConditions="" /></Links><SeeAlsoLinks /><IndexControlLinks /></IndexEntry><IndexEntry Term="policies"><Entries /><Links><IndexLink Title="Policies and the " Link="/content/policies_and_the_xml_vpn_client.htm#kanchor66" UsedConditions="" LocalConditions="" /></Links><SeeAlsoLinks /><IndexControlLinks /></IndexEntry><IndexEntry Term="security session"><Entries /><Links><IndexLink Title="Life Cycle of Security Sessions" Link="/content/lifecycle_of_security_sessions.htm#kanchor111" UsedConditions="" LocalConditions="" /></Links><SeeAlsoLinks /><IndexControlLinks /></IndexEntry><IndexEntry Term="service mode"><Entries /><Links><IndexLink Title=" in Service Mode" Link="/content/securespan_xml_vpn_client_in_service_mode.htm#kanchor19" UsedConditions="" LocalConditions="" /></Links><SeeAlsoLinks /><IndexControlLinks /></IndexEntry></Entries><Links /><SeeAlsoLinks /><IndexControlLinks /></IndexEntry><IndexEntry Term="SecureSpan XML VPN Client in Daemon Mode"><Entries /><Links><IndexLink Title=" in Daemon Mode" Link="/content/securespan_xml_vpn_client_in_daemon_mode.htm#kanchor14" UsedConditions="" LocalConditions="" /></Links><SeeAlsoLinks /><IndexControlLinks /></IndexEntry><IndexEntry Term="SecureSpan XML VPN Client in Service Mode"><Entries /><Links><IndexLink Title=" in Service Mode" Link="/content/securespan_xml_vpn_client_in_service_mode.htm#kanchor19" UsedConditions="" LocalConditions="" /></Links><SeeAlsoLinks /><IndexControlLinks /></IndexEntry><IndexEntry Term="Security Sessions"><Entries><IndexEntry Term="life cycle"><Entries /><Links><IndexLink Title="Life Cycle of Security Sessions" Link="/content/lifecycle_of_security_sessions.htm#kanchor111" UsedConditions="" LocalConditions="" /></Links><SeeAlsoLinks /><IndexControlLinks /></IndexEntry><IndexEntry Term="managing"><Entries /><Links><IndexLink Title="Managing Security Sessions" Link="/content/manage_security_sessions.htm#kanchor95" UsedConditions="" LocalConditions="" /></Links><SeeAlsoLinks /><IndexControlLinks /></IndexEntry></Entries><Links><IndexLink Title="Managing Security Sessions" Link="/content/manage_security_sessions.htm#kanchor95" UsedConditions="" LocalConditions="" /><IndexLink Title="About SSL/TLS Security Sessions" Link="/content/about_ssl_tls_security_sessions.htm#kanchor96" UsedConditions="" LocalConditions="" /></Links><SeeAlsoLinks /><IndexControlLinks /></IndexEntry><IndexEntry Term="Security token"><Entries /><Links><IndexLink Title="Creating a Federated Gateway Account (WS-Federation)" Link="/content/creating_a_federated_gateway_account__ws-federation_.htm#kanchor48" UsedConditions="" LocalConditions="" /><IndexLink Title="Creating a Federated Gateway Account (WS-Trust)" Link="/content/creating_a_federated_gateway_account__ws-trust_.htm#kanchor51" UsedConditions="" LocalConditions="" /></Links><SeeAlsoLinks /><IndexControlLinks /></IndexEntry><IndexEntry Term="Server certificate"><Entries><IndexEntry Term="discovering"><Entries /><Links><IndexLink Title="About SSL/TLS Security Sessions" Link="/content/about_ssl_tls_security_sessions.htm#kanchor101" UsedConditions="" LocalConditions="" /></Links><SeeAlsoLinks /><IndexControlLinks /></IndexEntry><IndexEntry Term="viewing"><Entries /><Links><IndexLink Title="About SSL/TLS Security Sessions" Link="/content/about_ssl_tls_security_sessions.htm#kanchor104" UsedConditions="" LocalConditions="" /></Links><SeeAlsoLinks /><IndexControlLinks /></IndexEntry></Entries><Links><IndexLink Title="About SSL/TLS Security Sessions" Link="/content/about_ssl_tls_security_sessions.htm#kanchor98" UsedConditions="" LocalConditions="" /></Links><SeeAlsoLinks /><IndexControlLinks /></IndexEntry><IndexEntry Term="Service Mode"><Entries><IndexEntry Term="configuring"><Entries /><Links><IndexLink Title=" in Service Mode" Link="/content/securespan_xml_vpn_client_in_service_mode.htm#kanchor21" UsedConditions="" LocalConditions="" /></Links><SeeAlsoLinks /><IndexControlLinks /></IndexEntry><IndexEntry Term="starting"><Entries /><Links><IndexLink Title=" in Service Mode" Link="/content/securespan_xml_vpn_client_in_service_mode.htm#kanchor22" UsedConditions="" LocalConditions="" /></Links><SeeAlsoLinks /><IndexControlLinks /></IndexEntry><IndexEntry Term="terminating"><Entries /><Links><IndexLink Title=" in Service Mode" Link="/content/securespan_xml_vpn_client_in_service_mode.htm#kanchor23" UsedConditions="" LocalConditions="" /></Links><SeeAlsoLinks /><IndexControlLinks /></IndexEntry></Entries><Links><IndexLink Title=" in Service Mode" Link="/content/securespan_xml_vpn_client_in_service_mode.htm#kanchor19" UsedConditions="" LocalConditions="" /></Links><SeeAlsoLinks /><IndexControlLinks /></IndexEntry><IndexEntry Term="Service policies"><Entries><IndexEntry Term="exporting"><Entries /><Links><IndexLink Title="Exporting a Policy" Link="/content/exporting_a_policy.htm#kanchor81" UsedConditions="" LocalConditions="" /></Links><SeeAlsoLinks /><IndexControlLinks /></IndexEntry><IndexEntry Term="importing"><Entries /><Links><IndexLink Title="Importing a Policy" Link="/content/importing_a_policy.htm#kanchor80" UsedConditions="" LocalConditions="" /></Links><SeeAlsoLinks /><IndexControlLinks /></IndexEntry></Entries><Links><IndexLink Title="About Stored Policies" Link="/content/about_stored_policies.htm#kanchor70" UsedConditions="" LocalConditions="" /></Links><SeeAlsoLinks /><IndexControlLinks /></IndexEntry><IndexEntry Term="Setting the Policy Match Type"><Entries /><Links><IndexLink Title="Setting the Policy Match Type" Link="/content/setting_the_policy_match_type.htm#kanchor76" UsedConditions="" LocalConditions="" /></Links><SeeAlsoLinks /><IndexControlLinks /></IndexEntry><IndexEntry Term="Severity level default"><Entries /><Links><IndexLink Title="Overriding the Logging Default Severity &#xA; Level" Link="/content/overriding_logging_default_security_level.htm#kanchor160" UsedConditions="" LocalConditions="" /></Links><SeeAlsoLinks /><IndexControlLinks /></IndexEntry><IndexEntry Term="Shared web service"><Entries /><Links><IndexLink Title="Consuming Shared Web Service" Link="/content/consume_shared_web_service.htm#kanchor149" UsedConditions="" LocalConditions="" /></Links><SeeAlsoLinks /><IndexControlLinks /></IndexEntry><IndexEntry Term="SSL security sessions"><Entries /><Links><IndexLink Title="About SSL/TLS Security Sessions" Link="/content/about_ssl_tls_security_sessions.htm#kanchor96" UsedConditions="" LocalConditions="" /></Links><SeeAlsoLinks /><IndexControlLinks /></IndexEntry><IndexEntry Term="SSL server certificate"><Entries /><Links><IndexLink Title="About SSL/TLS Security Sessions" Link="/content/about_ssl_tls_security_sessions.htm#kanchor97" UsedConditions="" LocalConditions="" /><IndexLink Title="About SSL/TLS Security Sessions" Link="/content/about_ssl_tls_security_sessions.htm#kanchor100" UsedConditions="" LocalConditions="" /></Links><SeeAlsoLinks /><IndexControlLinks /></IndexEntry><IndexEntry Term="Stored policy"><Entries><IndexEntry Term="deleting"><Entries /><Links><IndexLink Title="Deleting a Stored Policy" Link="/content/deleting_a_stored_policy.htm#kanchor78" UsedConditions="" LocalConditions="" /></Links><SeeAlsoLinks /><IndexControlLinks /></IndexEntry><IndexEntry Term="locking"><Entries /><Links><IndexLink Title="Locking or Unlocking a Stored Policy" Link="/content/locking_or_unlocking_a_stored_policy.htm#kanchor75" UsedConditions="" LocalConditions="" /></Links><SeeAlsoLinks /><IndexControlLinks /></IndexEntry><IndexEntry Term="unlocking"><Entries /><Links><IndexLink Title="Locking or Unlocking a Stored Policy" Link="/content/locking_or_unlocking_a_stored_policy.htm#kanchor75" UsedConditions="" LocalConditions="" /></Links><SeeAlsoLinks /><IndexControlLinks /></IndexEntry></Entries><Links><IndexLink Title="About Stored Policies" Link="/content/about_stored_policies.htm#kanchor69" UsedConditions="" LocalConditions="" /></Links><SeeAlsoLinks /><IndexControlLinks /></IndexEntry><IndexEntry Term="Support"><Entries /><Links><IndexLink Title="Contact Information" Link="/content/contact_information.htm#kanchor151" UsedConditions="" LocalConditions="" /></Links><SeeAlsoLinks /><IndexControlLinks /></IndexEntry><IndexEntry Term="System Properties"><Entries><IndexEntry Term="default severity level"><Entries /><Links><IndexLink Title="Overriding the Logging Default Severity &#xA; Level" Link="/content/overriding_logging_default_security_level.htm#kanchor158" UsedConditions="" LocalConditions="" /></Links><SeeAlsoLinks /><IndexControlLinks /></IndexEntry><IndexEntry Term="HTTP time-out"><Entries /><Links><IndexLink Title="Overriding the HTTP Time-Out Period" Link="/content/overriding_http_time-out_period.htm#kanchor161" UsedConditions="" LocalConditions="" /></Links><SeeAlsoLinks /><IndexControlLinks /></IndexEntry><IndexEntry Term="response message logging"><Entries /><Links><IndexLink Title="Enabling Request/Response Message Logging" Link="/content/enabling_request_response_message_logging.htm#kanchor157" UsedConditions="" LocalConditions="" /></Links><SeeAlsoLinks /><IndexControlLinks /></IndexEntry><IndexEntry Term="X.509 key usage"><Entries /><Links><IndexLink Title="Overriding Key Usage" Link="/content/overriding_key_usage.htm#kanchor164" UsedConditions="" LocalConditions="" /></Links><SeeAlsoLinks /><IndexControlLinks /></IndexEntry></Entries><Links><IndexLink Title="System Properties" Link="/content/system_properties.htm#kanchor156" UsedConditions="" LocalConditions="" /></Links><SeeAlsoLinks /><IndexControlLinks /></IndexEntry></Entries></IndexEntry></CatapultTargetIndex>