﻿<?xml version="1.0" encoding="utf-8"?><index><stem n="&quot;client"><phr n="&quot;Client"><ent r="7" t="17" w="1217" /><ent r="7" t="26" w="1000" /><ent r="7" t="50" w="588" /></phr></stem><stem n="certificate-bas"><phr n="certificate-based"><ent r="9" t="17" w="1253" /><ent r="4" t="28" w="862" /><ent r="4" t="28" w="911" /><ent r="4" t="28" w="928" /><ent r="3" t="41" w="1084" /><ent r="3" t="41" w="1568" /><ent r="3" t="47" w="527" /><ent r="4" t="50" w="990" /><ent r="4" t="50" w="1166" /><ent r="3" t="55" w="172" /></phr></stem><stem n="password-bas"><phr n="password-based"><ent r="9" t="17" w="1270" /></phr></stem><stem n="],"><phr n="],"><ent r="10" t="17" w="1304" /><ent r="7" t="23" w="561" /><ent r="7" t="23" w="667" /><ent r="6" t="26" w="554" /><ent r="4" t="34" w="217" /><ent r="7" t="54" w="1352" /><ent r="7" t="54" w="1356" /></phr></stem><stem n="-exist"><phr n="-existing"><ent r="9" t="17" w="1323" /><ent r="9" t="17" w="1323" /><ent r="4" t="58" w="92" /><ent r="4" t="58" w="92" /></phr><phr n="-existent"><ent r="3" t="39" w="1035" /><ent r="3" t="39" w="1035" /></phr></stem><stem n="pre"><phr n="pre"><ent r="9" t="17" w="1323" /><ent r="6" t="22" w="728" /><ent r="4" t="58" w="92" /></phr></stem><stem n="pre-exist"><phr n="pre-existing"><ent r="9" t="17" w="1323" /><ent r="4" t="58" w="92" /></phr></stem><stem n="(such"><phr n="(such"><ent r="9" t="17" w="1331" /><ent r="7" t="17" w="1637" /><ent r="7" t="26" w="1175" /><ent r="4" t="48" w="374" /><ent r="4" t="58" w="100" /></phr></stem><stem n="cert"><phr n="cert"><ent r="9" t="17" w="1333" /><ent r="4" t="58" w="102" /></phr></stem><stem n="cert.p12"><phr n="cert.p12"><ent r="9" t="17" w="1334" /><ent r="9" t="17" w="1333" /><ent r="4" t="58" w="103" /><ent r="4" t="58" w="102" /></phr></stem><stem n="&quot;cert.p12&quot;)."><phr n="&quot;cert.p12&quot;)."><ent r="9" t="17" w="1335" /><ent r="4" t="58" w="104" /></phr></stem><stem n="-sign"><phr n="-signed"><ent r="9" t="17" w="1339" /><ent r="9" t="17" w="1339" /><ent r="3" t="52" w="177" /><ent r="3" t="52" w="177" /><ent r="4" t="58" w="108" /><ent r="4" t="58" w="108" /></phr></stem><stem n="self"><phr n="self"><ent r="9" t="17" w="1339" /><ent r="3" t="52" w="177" /><ent r="4" t="58" w="108" /></phr><phr n="Self"><ent r="4" t="53" w="250" /></phr></stem><stem n="self-sign"><phr n="self-signed"><ent r="9" t="17" w="1339" /><ent r="3" t="52" w="177" /><ent r="4" t="58" w="108" /></phr><phr n="Self-signed"><ent r="4" t="53" w="250" /></phr></stem><stem n="&quot;enter"><phr n="&quot;Enter"><ent r="10" t="17" w="1360" /><ent r="10" t="17" w="1385" /></phr></stem><stem n="pass"><phr n="Pass"><ent r="10" t="17" w="1361" /><ent r="4" t="17" w="2082" /><ent r="4" t="19" w="700" /><ent r="4" t="20" w="904" /><ent r="4" t="21" w="957" /><ent r="4" t="26" w="1483" /></phr><phr n="pass"><ent r="3" t="17" w="2096" /><ent r="3" t="19" w="714" /><ent r="3" t="20" w="918" /><ent r="3" t="21" w="971" /><ent r="3" t="26" w="1497" /><ent r="4" t="46" w="208" /><ent r="3" t="53" w="280" /></phr><phr n="passed"><ent r="6" t="20" w="329" /><ent r="6" t="42" w="388" /></phr><phr n="Passed"><ent r="6" t="42" w="331" /></phr><phr n="passes"><ent r="4" t="67" w="691" /></phr></stem><stem n="phrase"><phr n="Phrase"><ent r="10" t="17" w="1362" /></phr></stem><stem n="-import"><phr n="-imported"><ent r="10" t="17" w="1408" /><ent r="10" t="17" w="1408" /></phr></stem><stem n="newli"><phr n="newly"><ent r="10" t="17" w="1408" /><ent r="6" t="57" w="457" /></phr></stem><stem n="newly-import"><phr n="newly-imported"><ent r="10" t="17" w="1408" /></phr></stem><stem n="-up"><phr n="-up"><ent r="10" t="17" w="1429" /><ent r="10" t="17" w="1429" /></phr></stem><stem n="pop"><phr n="pop"><ent r="10" t="17" w="1429" /></phr></stem><stem n="pop-up"><phr n="pop-up"><ent r="10" t="17" w="1429" /></phr></stem><stem n="success"><phr n="successful"><ent r="10" t="17" w="1434" /><ent r="10" t="17" w="1451" /><ent r="3" t="23" w="758" /><ent r="6" t="42" w="281" /><ent r="7" t="68" w="92" /><ent r="6" t="68" w="118" /></phr><phr n="Successful"><ent r="3" t="23" w="791" /></phr></stem><stem n="download"><phr n="download"><ent r="9" t="17" w="1462" /><ent r="4" t="17" w="2008" /><ent r="3" t="17" w="2057" /><ent r="4" t="19" w="626" /><ent r="3" t="19" w="675" /><ent r="4" t="20" w="828" /><ent r="3" t="20" w="879" /><ent r="4" t="21" w="879" /><ent r="3" t="21" w="932" /><ent r="4" t="28" w="77" /><ent r="3" t="41" w="829" /><ent r="70" t="54" w="1257" /><ent r="6" t="68" w="77" /><ent r="7" t="68" w="89" /></phr><phr n="downloaded"><ent r="3" t="17" w="2143" /><ent r="3" t="19" w="761" /><ent r="3" t="20" w="965" /><ent r="3" t="21" w="1018" /><ent r="3" t="22" w="63" /><ent r="3" t="27" w="214" /><ent r="4" t="28" w="50" /><ent r="3" t="28" w="133" /><ent r="3" t="28" w="280" /><ent r="3" t="28" w="693" /><ent r="3" t="29" w="76" /><ent r="3" t="30" w="70" /><ent r="3" t="30" w="102" /><ent r="4" t="37" w="74" /><ent r="3" t="40" w="94" /><ent r="3" t="41" w="545" /><ent r="3" t="41" w="600" /><ent r="3" t="41" w="689" /></phr><phr n="downloads"><ent r="3" t="38" w="115" /></phr><phr n="downloading"><ent r="7" t="68" w="130" /></phr></stem><stem n="[network]"><phr n="[Network]"><ent r="4" t="17" w="1500" /><ent r="3" t="17" w="1512" /><ent r="4" t="19" w="268" /><ent r="3" t="19" w="280" /><ent r="4" t="20" w="470" /><ent r="3" t="20" w="482" /><ent r="4" t="21" w="521" /><ent r="3" t="21" w="533" /><ent r="4" t="26" w="1040" /><ent r="3" t="26" w="1052" /><ent r="3" t="41" w="435" /></phr></stem><stem n="incom"><phr n="Incoming"><ent r="6" t="17" w="1521" /><ent r="6" t="26" w="1062" /></phr><phr n="incoming"><ent r="3" t="26" w="1655" /><ent r="3" t="31" w="44" /><ent r="3" t="31" w="158" /><ent r="3" t="31" w="178" /><ent r="3" t="31" w="266" /><ent r="3" t="32" w="86" /><ent r="4" t="50" w="989" /><ent r="4" t="50" w="1165" /><ent r="4" t="53" w="157" /><ent r="4" t="53" w="180" /><ent r="4" t="53" w="212" /><ent r="4" t="53" w="240" /><ent r="3" t="53" w="327" /><ent r="4" t="53" w="355" /><ent r="4" t="53" w="388" /><ent r="7" t="54" w="1318" /><ent r="7" t="67" w="310" /></phr></stem><stem n="label"><phr n="label"><ent r="6" t="17" w="1531" /><ent r="6" t="17" w="1550" /><ent r="7" t="17" w="1556" /><ent r="6" t="17" w="1564" /><ent r="8" t="17" w="1597" /><ent r="7" t="17" w="1603" /><ent r="7" t="17" w="1620" /><ent r="8" t="17" w="1655" /><ent r="7" t="17" w="1663" /><ent r="6" t="26" w="1072" /><ent r="6" t="26" w="1088" /><ent r="7" t="26" w="1094" /><ent r="6" t="26" w="1102" /><ent r="8" t="26" w="1135" /><ent r="7" t="26" w="1141" /><ent r="7" t="26" w="1158" /><ent r="8" t="26" w="1193" /><ent r="7" t="26" w="1201" /></phr><phr n="labels"><ent r="6" t="17" w="1581" /><ent r="6" t="26" w="1119" /></phr></stem><stem n="review"><phr n="Review"><ent r="6" t="17" w="1536" /><ent r="6" t="26" w="1074" /></phr><phr n="review"><ent r="3" t="45" w="79" /></phr></stem><stem n="what"><phr n="what"><ent r="6" t="17" w="1571" /><ent r="6" t="26" w="1109" /><ent r="3" t="41" w="83" /><ent r="3" t="45" w="45" /><ent r="4" t="46" w="438" /><ent r="4" t="67" w="697" /></phr></stem><stem n="disabl"><phr n="disabled"><ent r="7" t="17" w="1592" /><ent r="7" t="17" w="1616" /><ent r="7" t="26" w="1130" /><ent r="7" t="26" w="1154" /></phr><phr n="disable"><ent r="3" t="66" w="49" /><ent r="4" t="66" w="179" /></phr></stem><stem n="caus"><phr n="causes"><ent r="7" t="17" w="1621" /><ent r="7" t="26" w="1159" /><ent r="7" t="62" w="53" /></phr><phr n="causing"><ent r="3" t="31" w="322" /><ent r="5" t="31" w="656" /><ent r="3" t="41" w="680" /></phr><phr n="cause"><ent r="3" t="46" w="646" /><ent r="4" t="50" w="1004" /><ent r="4" t="50" w="1180" /><ent r="7" t="57" w="378" /><ent r="7" t="62" w="256" /></phr></stem><stem n="endpoint"><phr n="endpoint"><ent r="7" t="17" w="1623" /><ent r="7" t="26" w="1161" /></phr><phr n="endpoints"><ent r="3" t="69" w="68" /><ent r="4" t="69" w="327" /></phr></stem><stem n="duplic"><phr n="duplicate"><ent r="7" t="17" w="1626" /><ent r="7" t="26" w="1164" /></phr></stem><stem n="illeg"><phr n="illegal"><ent r="7" t="17" w="1635" /><ent r="7" t="26" w="1173" /></phr></stem><stem n="$"><phr n="$"><ent r="7" t="17" w="1639" /><ent r="7" t="26" w="1177" /></phr></stem><stem n="!@#$)"><phr n="!@#$)"><ent r="7" t="17" w="1640" /><ent r="7" t="26" w="1178" /></phr></stem><stem n="ignor"><phr n="ignored"><ent r="7" t="17" w="1641" /><ent r="7" t="26" w="1179" /><ent r="3" t="28" w="818" /><ent r="4" t="66" w="198" /><ent r="3" t="67" w="54" /></phr><phr n="IGNORE"><ent r="5" t="66" w="170" /></phr></stem><stem n="space"><phr n="Spaces"><ent r="7" t="17" w="1643" /><ent r="7" t="26" w="1181" /></phr><phr n="space"><ent r="3" t="46" w="642" /></phr></stem><stem n="clear"><phr n="Clearing"><ent r="7" t="17" w="1650" /><ent r="7" t="26" w="1188" /></phr><phr n="clear"><ent r="4" t="17" w="2016" /><ent r="3" t="17" w="2025" /><ent r="4" t="19" w="634" /><ent r="3" t="19" w="643" /><ent r="4" t="20" w="836" /><ent r="3" t="20" w="845" /><ent r="4" t="21" w="887" /><ent r="3" t="21" w="896" /><ent r="5" t="24" w="338" /><ent r="4" t="30" w="204" /><ent r="3" t="33" w="43" /><ent r="6" t="44" w="273" /><ent r="7" t="54" w="488" /></phr><phr n="cleared"><ent r="3" t="33" w="65" /></phr><phr n="Clear"><ent r="6" t="33" w="175" /><ent r="6" t="44" w="416" /></phr><phr n="clearing"><ent r="4" t="33" w="210" /></phr><phr n="Clears"><ent r="6" t="44" w="420" /></phr></stem><stem n="outgo"><phr n="Outgoing"><ent r="6" t="17" w="1665" /><ent r="6" t="26" w="1203" /></phr><phr n="outgoing"><ent r="3" t="23" w="60" /><ent r="3" t="23" w="75" /><ent r="3" t="46" w="364" /><ent r="7" t="67" w="290" /></phr></stem><stem n="8080"><phr n="8080"><ent r="6" t="17" w="1687" /><ent r="6" t="19" w="305" /><ent r="6" t="20" w="507" /><ent r="6" t="21" w="558" /><ent r="3" t="69" w="245" /><ent r="4" t="69" w="315" /></phr></stem><stem n="look"><phr n="Look"><ent r="6" t="17" w="1721" /><ent r="6" t="19" w="339" /><ent r="6" t="20" w="541" /><ent r="6" t="21" w="592" /><ent r="6" t="26" w="1209" /></phr><phr n="looking"><ent r="6" t="17" w="1736" /><ent r="6" t="19" w="354" /><ent r="6" t="20" w="556" /><ent r="6" t="21" w="607" /><ent r="6" t="26" w="1224" /></phr></stem><stem n="(dns)."><phr n="(DNS)."><ent r="6" t="17" w="1747" /><ent r="6" t="19" w="365" /><ent r="6" t="20" w="567" /><ent r="6" t="21" w="618" /><ent r="6" t="26" w="1235" /></phr></stem><stem n="accept"><phr n="accept"><ent r="6" t="17" w="1759" /><ent r="6" t="19" w="377" /><ent r="6" t="20" w="579" /><ent r="6" t="21" w="630" /><ent r="6" t="26" w="1247" /><ent r="3" t="36" w="48" /><ent r="3" t="36" w="519" /><ent r="3" t="39" w="192" /></phr><phr n="accepting"><ent r="3" t="18" w="65" /></phr><phr n="acceptable"><ent r="4" t="20" w="398" /></phr><phr n="accepted"><ent r="3" t="36" w="545" /><ent r="6" t="54" w="412" /></phr><phr n="accepts"><ent r="3" t="39" w="526" /></phr></stem><stem n="failov"><phr n="Failover"><ent r="100" t="17" w="1808" /><ent r="6" t="17" w="1811" /><ent r="8" t="17" w="1841" /><ent r="8" t="17" w="1883" /><ent r="100" t="19" w="426" /><ent r="6" t="19" w="429" /><ent r="8" t="19" w="459" /><ent r="8" t="19" w="501" /><ent r="100" t="20" w="628" /><ent r="6" t="20" w="631" /><ent r="8" t="20" w="661" /><ent r="8" t="20" w="703" /><ent r="100" t="21" w="679" /><ent r="6" t="21" w="682" /><ent r="8" t="21" w="712" /><ent r="8" t="21" w="754" /><ent r="6" t="26" w="1296" /><ent r="8" t="26" w="1326" /><ent r="8" t="26" w="1368" /></phr></stem><stem n="strategi"><phr n="Strategy"><ent r="100" t="17" w="1809" /><ent r="100" t="19" w="427" /><ent r="100" t="20" w="629" /><ent r="100" t="21" w="680" /></phr><phr n="strategy"><ent r="6" t="17" w="1812" /><ent r="6" t="17" w="1827" /><ent r="6" t="19" w="430" /><ent r="6" t="19" w="445" /><ent r="6" t="20" w="632" /><ent r="6" t="20" w="647" /><ent r="6" t="21" w="683" /><ent r="6" t="21" w="698" /><ent r="6" t="26" w="1297" /><ent r="6" t="26" w="1312" /></phr></stem><stem n="hard"><phr n="hard"><ent r="6" t="17" w="1821" /><ent r="6" t="19" w="439" /><ent r="6" t="20" w="641" /><ent r="6" t="21" w="692" /><ent r="6" t="26" w="1306" /></phr></stem><stem n="code"><phr n="coded"><ent r="6" t="17" w="1822" /><ent r="6" t="19" w="440" /><ent r="6" t="20" w="642" /><ent r="6" t="21" w="693" /><ent r="6" t="26" w="1307" /></phr><phr n="code"><ent r="6" t="44" w="360" /><ent r="6" t="44" w="376" /><ent r="6" t="44" w="405" /><ent r="7" t="62" w="225" /><ent r="3" t="67" w="28" /></phr></stem><stem n="respond"><phr n="responding"><ent r="6" t="17" w="1836" /><ent r="6" t="19" w="454" /><ent r="6" t="20" w="656" /><ent r="6" t="21" w="707" /><ent r="6" t="26" w="1321" /></phr><phr n="respond"><ent r="7" t="17" w="1864" /><ent r="7" t="19" w="482" /><ent r="7" t="20" w="684" /><ent r="7" t="21" w="735" /><ent r="7" t="26" w="1349" /></phr></stem><stem n="order"><phr n="Ordered"><ent r="8" t="17" w="1838" /><ent r="8" t="19" w="456" /><ent r="8" t="20" w="658" /><ent r="8" t="21" w="709" /><ent r="8" t="26" w="1323" /></phr><phr n="order"><ent r="3" t="28" w="648" /><ent r="3" t="31" w="167" /><ent r="3" t="32" w="76" /><ent r="3" t="41" w="378" /><ent r="6" t="44" w="322" /><ent r="4" t="50" w="974" /><ent r="3" t="53" w="419" /></phr></stem><stem n="sticki"><phr n="Sticky"><ent r="8" t="17" w="1839" /><ent r="8" t="17" w="1881" /><ent r="8" t="19" w="457" /><ent r="8" t="19" w="499" /><ent r="8" t="20" w="659" /><ent r="8" t="20" w="701" /><ent r="8" t="21" w="710" /><ent r="8" t="21" w="752" /><ent r="8" t="26" w="1324" /><ent r="8" t="26" w="1366" /></phr></stem><stem n="fail"><phr n="fails"><ent r="7" t="17" w="1862" /><ent r="7" t="17" w="1916" /><ent r="7" t="19" w="480" /><ent r="7" t="19" w="534" /><ent r="7" t="20" w="682" /><ent r="7" t="20" w="736" /><ent r="7" t="21" w="733" /><ent r="7" t="21" w="787" /><ent r="7" t="26" w="1347" /><ent r="7" t="26" w="1401" /><ent r="3" t="41" w="687" /><ent r="7" t="68" w="172" /></phr><phr n="fail"><ent r="3" t="36" w="358" /><ent r="4" t="39" w="767" /></phr><phr n="failed"><ent r="4" t="46" w="431" /><ent r="3" t="47" w="226" /></phr></stem><stem n="random"><phr n="Random"><ent r="8" t="17" w="1880" /><ent r="8" t="19" w="498" /><ent r="8" t="20" w="700" /><ent r="8" t="21" w="751" /><ent r="8" t="26" w="1365" /></phr><phr n="random"><ent r="7" t="17" w="1923" /><ent r="7" t="19" w="541" /><ent r="7" t="20" w="743" /><ent r="7" t="21" w="794" /><ent r="7" t="26" w="1408" /></phr></stem><stem n="t"><phr n="T"><ent r="8" t="17" w="1885" /><ent r="8" t="19" w="503" /><ent r="8" t="20" w="705" /><ent r="4" t="20" w="1118" /><ent r="8" t="21" w="756" /><ent r="4" t="21" w="1171" /><ent r="8" t="26" w="1370" /><ent r="4" t="26" w="1704" /></phr><phr n="t"><ent r="6" t="46" w="190" /></phr></stem><stem n="randomli"><phr n="randomly"><ent r="7" t="17" w="1892" /><ent r="7" t="19" w="510" /><ent r="7" t="20" w="712" /><ent r="7" t="21" w="763" /><ent r="7" t="26" w="1377" /></phr></stem><stem n="durat"><phr n="duration"><ent r="7" t="17" w="1907" /><ent r="7" t="19" w="525" /><ent r="7" t="20" w="727" /><ent r="7" t="21" w="778" /><ent r="7" t="26" w="1392" /></phr></stem><stem n="chosen"><phr n="chosen"><ent r="7" t="17" w="1913" /><ent r="7" t="19" w="531" /><ent r="7" t="20" w="733" /><ent r="7" t="21" w="784" /><ent r="7" t="26" w="1398" /><ent r="3" t="51" w="160" /><ent r="3" t="52" w="247" /><ent r="7" t="54" w="519" /></phr></stem><stem n="pure"><phr n="Pure"><ent r="8" t="17" w="1925" /><ent r="8" t="19" w="543" /><ent r="8" t="20" w="745" /><ent r="8" t="21" w="796" /><ent r="8" t="26" w="1410" /></phr></stem><stem n="round"><phr n="Round"><ent r="8" t="17" w="1926" /><ent r="8" t="19" w="544" /><ent r="8" t="20" w="746" /><ent r="8" t="21" w="797" /><ent r="8" t="26" w="1411" /></phr><phr n="round"><ent r="7" t="17" w="1945" /><ent r="7" t="19" w="563" /><ent r="7" t="20" w="765" /><ent r="7" t="21" w="816" /><ent r="7" t="26" w="1430" /></phr></stem><stem n="robin"><phr n="Robin"><ent r="8" t="17" w="1927" /><ent r="8" t="19" w="545" /><ent r="8" t="20" w="747" /><ent r="8" t="21" w="798" /><ent r="8" t="26" w="1412" /></phr><phr n="robin"><ent r="7" t="17" w="1946" /><ent r="7" t="19" w="564" /><ent r="7" t="20" w="766" /><ent r="7" t="21" w="817" /><ent r="7" t="26" w="1431" /></phr></stem><stem n="rotat"><phr n="rotate"><ent r="7" t="17" w="1934" /><ent r="7" t="19" w="552" /><ent r="7" t="20" w="754" /><ent r="7" t="21" w="805" /><ent r="7" t="26" w="1419" /></phr></stem><stem n="-by-request"><phr n="-by-request"><ent r="7" t="17" w="1941" /><ent r="7" t="17" w="1942" /><ent r="7" t="19" w="559" /><ent r="7" t="19" w="560" /><ent r="7" t="20" w="761" /><ent r="7" t="20" w="762" /><ent r="7" t="21" w="812" /><ent r="7" t="21" w="813" /><ent r="7" t="26" w="1426" /><ent r="7" t="26" w="1427" /></phr></stem><stem n="request-bi"><phr n="request-by"><ent r="7" t="17" w="1941" /><ent r="7" t="19" w="559" /><ent r="7" t="20" w="761" /><ent r="7" t="21" w="812" /><ent r="7" t="26" w="1426" /></phr></stem><stem n="request-by-request"><phr n="request-by-request"><ent r="7" t="17" w="1941" /><ent r="7" t="19" w="559" /><ent r="7" t="20" w="761" /><ent r="7" t="21" w="812" /><ent r="7" t="26" w="1426" /></phr></stem><stem n="by-request"><phr n="by-request"><ent r="7" t="17" w="1942" /><ent r="7" t="19" w="560" /><ent r="7" t="20" w="762" /><ent r="7" t="21" w="813" /><ent r="7" t="26" w="1427" /></phr></stem><stem n="basi"><phr n="basis"><ent r="7" t="17" w="1944" /><ent r="7" t="19" w="562" /><ent r="7" t="20" w="764" /><ent r="7" t="21" w="815" /><ent r="7" t="26" w="1429" /></phr></stem><stem n="round-robin"><phr n="round-robin"><ent r="7" t="17" w="1945" /><ent r="7" t="19" w="563" /><ent r="7" t="20" w="765" /><ent r="7" t="21" w="816" /><ent r="7" t="26" w="1430" /></phr></stem><stem n="(round-robin)"><phr n="(round-robin)"><ent r="7" t="17" w="1947" /><ent r="7" t="19" w="565" /><ent r="7" t="20" w="767" /><ent r="7" t="21" w="818" /><ent r="7" t="26" w="1432" /></phr></stem><stem n="reach"><phr n="reached"><ent r="7" t="17" w="1966" /><ent r="7" t="19" w="584" /><ent r="7" t="20" w="786" /><ent r="7" t="21" w="837" /><ent r="7" t="26" w="1451" /></phr><phr n="reaching"><ent r="4" t="23" w="463" /></phr><phr n="reaches"><ent r="3" t="45" w="229" /><ent r="3" t="45" w="251" /><ent r="4" t="67" w="748" /><ent r="4" t="67" w="831" /></phr><phr n="reach"><ent r="4" t="50" w="1064" /></phr></stem><stem n="cycl"><phr n="cycle"><ent r="7" t="17" w="1968" /><ent r="7" t="19" w="586" /><ent r="7" t="20" w="788" /><ent r="7" t="21" w="839" /><ent r="7" t="26" w="1453" /><ent r="100" t="42" w="16" /><ent r="3" t="42" w="77" /></phr><phr n="Cycle"><ent r="64" t="40" w="164" /><ent r="64" t="41" w="190" /><ent r="1000" t="42" w="2" /><ent r="100" t="42" w="8" /><ent r="102" t="42" w="31" /></phr></stem><stem n="[xml"><phr n="[XML"><ent r="4" t="17" w="1980" /><ent r="4" t="19" w="598" /><ent r="4" t="20" w="800" /><ent r="4" t="21" w="851" /><ent r="4" t="22" w="98" /><ent r="4" t="26" w="1464" /><ent r="7" t="68" w="70" /></phr></stem><stem n="turn"><phr n="turn"><ent r="4" t="17" w="2004" /><ent r="4" t="19" w="622" /><ent r="4" t="20" w="824" /><ent r="4" t="21" w="875" /></phr></stem><stem n="off"><phr n="off"><ent r="4" t="17" w="2005" /><ent r="4" t="19" w="623" /><ent r="4" t="20" w="825" /><ent r="4" t="21" w="876" /></phr></stem><stem n="[use"><phr n="[Use"><ent r="3" t="17" w="2027" /><ent r="3" t="19" w="645" /></phr></stem><stem n="unintention"><phr n="unintentionally"><ent r="3" t="17" w="2068" /><ent r="3" t="19" w="686" /><ent r="3" t="20" w="890" /><ent r="3" t="21" w="943" /></phr></stem><stem n="unsecur"><phr n="unsecured"><ent r="3" t="17" w="2070" /><ent r="3" t="19" w="688" /><ent r="3" t="20" w="892" /><ent r="3" t="21" w="945" /></phr></stem><stem n="sensit"><phr n="sensitive"><ent r="3" t="17" w="2071" /><ent r="3" t="19" w="689" /><ent r="3" t="20" w="893" /><ent r="3" t="21" w="946" /></phr></stem><stem n="data"><phr n="data"><ent r="3" t="17" w="2072" /><ent r="3" t="19" w="690" /><ent r="3" t="20" w="894" /><ent r="3" t="21" w="947" /></phr></stem><stem n="cooki"><phr n="Cookies"><ent r="4" t="17" w="2085" /><ent r="4" t="19" w="703" /><ent r="4" t="20" w="907" /><ent r="4" t="21" w="960" /><ent r="4" t="26" w="1486" /></phr><phr n="cookies"><ent r="3" t="17" w="2099" /><ent r="3" t="19" w="717" /><ent r="3" t="20" w="921" /><ent r="3" t="21" w="974" /><ent r="3" t="26" w="1500" /></phr><phr n="Cookie"><ent r="6" t="42" w="264" /></phr><phr n="cookie"><ent r="6" t="42" w="307" /></phr></stem><stem n="sun"><phr n="Sun"><ent r="3" t="17" w="2102" /><ent r="3" t="19" w="720" /><ent r="3" t="20" w="924" /><ent r="3" t="21" w="977" /><ent r="3" t="26" w="1503" /></phr></stem><stem n="resourc"><phr n="Resource"><ent r="3" t="17" w="2108" /><ent r="3" t="19" w="726" /><ent r="3" t="20" w="930" /><ent r="3" t="21" w="983" /><ent r="3" t="26" w="1509" /></phr><phr n="resource"><ent r="5" t="24" w="435" /><ent r="5" t="24" w="451" /></phr><phr n="resources"><ent r="3" t="47" w="319" /></phr></stem><stem n="unselect"><phr n="unselected"><ent r="3" t="17" w="2115" /><ent r="3" t="19" w="733" /><ent r="3" t="20" w="937" /><ent r="3" t="21" w="990" /><ent r="3" t="26" w="1516" /></phr></stem><stem n="relev"><phr n="relevant"><ent r="3" t="17" w="2127" /><ent r="3" t="19" w="745" /><ent r="3" t="20" w="949" /><ent r="3" t="21" w="1002" /><ent r="10" t="54" w="1164" /></phr><phr n="relevance"><ent r="3" t="47" w="131" /><ent r="3" t="47" w="189" /><ent r="3" t="53" w="313" /></phr></stem><stem n="adequ"><phr n="adequately"><ent r="3" t="17" w="2137" /><ent r="3" t="19" w="755" /><ent r="3" t="20" w="959" /><ent r="3" t="21" w="1012" /><ent r="3" t="22" w="57" /></phr><phr n="adequate"><ent r="3" t="67" w="87" /></phr></stem><stem n="express"><phr n="expressed"><ent r="3" t="17" w="2138" /><ent r="3" t="19" w="756" /><ent r="3" t="20" w="960" /><ent r="3" t="21" w="1013" /><ent r="3" t="22" w="58" /></phr><phr n="expression"><ent r="4" t="53" w="346" /></phr></stem><stem n="[servic"><phr n="[Service"><ent r="4" t="17" w="2163" /><ent r="3" t="17" w="2259" /><ent r="4" t="19" w="781" /><ent r="3" t="19" w="877" /><ent r="4" t="20" w="985" /><ent r="3" t="20" w="1081" /><ent r="4" t="21" w="1038" /><ent r="3" t="21" w="1134" /><ent r="4" t="26" w="1543" /><ent r="3" t="27" w="195" /><ent r="3" t="28" w="220" /><ent r="3" t="28" w="235" /><ent r="3" t="29" w="61" /><ent r="4" t="30" w="167" /><ent r="4" t="31" w="354" /><ent r="4" t="32" w="198" /><ent r="4" t="33" w="129" /><ent r="4" t="33" w="202" /><ent r="4" t="34" w="209" /><ent r="4" t="35" w="95" /></phr><phr n="[Services"><ent r="3" t="17" w="2273" /><ent r="3" t="19" w="891" /><ent r="3" t="20" w="1095" /><ent r="3" t="21" w="1148" /></phr></stem><stem n="repositori"><phr n="repository"><ent r="4" t="17" w="2176" /><ent r="4" t="19" w="794" /><ent r="4" t="20" w="998" /><ent r="4" t="21" w="1051" /><ent r="3" t="51" w="97" /><ent r="3" t="52" w="200" /><ent r="3" t="54" w="227" /></phr></stem><stem n="resolut"><phr n="Resolution"><ent r="4" t="17" w="2193" /><ent r="4" t="19" w="811" /><ent r="4" t="20" w="1015" /><ent r="4" t="21" w="1068" /><ent r="7" t="23" w="687" /><ent r="4" t="26" w="1591" /><ent r="3" t="28" w="145" /><ent r="3" t="28" w="154" /><ent r="7" t="28" w="401" /><ent r="68" t="28" w="427" /><ent r="7" t="28" w="490" /><ent r="8" t="28" w="507" /><ent r="8" t="28" w="531" /><ent r="3" t="28" w="599" /><ent r="3" t="28" w="646" /><ent r="3" t="28" w="663" /><ent r="64" t="28" w="675" /><ent r="3" t="29" w="68" /><ent r="64" t="30" w="235" /><ent r="3" t="31" w="165" /><ent r="3" t="31" w="187" /><ent r="3" t="31" w="278" /><ent r="4" t="31" w="366" /><ent r="65" t="31" w="380" /><ent r="5" t="31" w="390" /><ent r="5" t="31" w="410" /><ent r="4" t="31" w="493" /><ent r="4" t="31" w="537" /><ent r="4" t="31" w="598" /><ent r="5" t="31" w="681" /><ent r="1000" t="32" w="4" /><ent r="100" t="32" w="9" /><ent r="100" t="32" w="27" /><ent r="102" t="32" w="35" /><ent r="3" t="32" w="39" /><ent r="3" t="32" w="65" /><ent r="3" t="32" w="74" /><ent r="3" t="32" w="95" /><ent r="3" t="32" w="170" /><ent r="4" t="32" w="229" /><ent r="3" t="32" w="237" /><ent r="5" t="32" w="249" /><ent r="8" t="32" w="272" /><ent r="8" t="32" w="332" /><ent r="8" t="32" w="445" /><ent r="4" t="32" w="563" /><ent r="3" t="33" w="32" /><ent r="3" t="34" w="97" /><ent r="4" t="34" w="292" /><ent r="65" t="34" w="302" /><ent r="4" t="34" w="311" /><ent r="4" t="39" w="723" /><ent r="3" t="39" w="808" /><ent r="3" t="39" w="898" /><ent r="3" t="39" w="908" /><ent r="3" t="39" w="1048" /></phr><phr n="resolution"><ent r="3" t="26" w="1651" /><ent r="4" t="28" w="1192" /><ent r="100" t="32" w="14" /><ent r="100" t="32" w="18" /><ent r="100" t="32" w="22" /><ent r="100" t="32" w="30" /></phr><phr n="Resolutions"><ent r="3" t="31" w="292" /><ent r="3" t="31" w="336" /><ent r="3" t="31" w="465" /><ent r="4" t="31" w="544" /><ent r="4" t="31" w="603" /><ent r="3" t="39" w="948" /><ent r="3" t="39" w="1066" /></phr></stem><stem n="assertion-level"><phr n="assertion-level"><ent r="4" t="17" w="2201" /><ent r="4" t="19" w="819" /><ent r="4" t="20" w="1023" /><ent r="4" t="21" w="1076" /><ent r="3" t="54" w="188" /></phr></stem><stem n="discoveri"><phr n="discovery"><ent r="3" t="17" w="2245" /><ent r="3" t="19" w="863" /><ent r="3" t="20" w="1067" /><ent r="3" t="21" w="1120" /><ent r="100" t="41" w="269" /><ent r="3" t="41" w="519" /><ent r="3" t="41" w="814" /><ent r="100" t="41" w="1159" /></phr><phr n="Discovery"><ent r="82" t="41" w="286" /></phr></stem><stem n="&quot;trusted&quot;."><phr n="&quot;Trusted&quot;."><ent r="3" t="17" w="2307" /></phr></stem><stem n=":feder"><phr n=":federated"><ent r="100" t="18" w="14" /><ent r="100" t="19" w="22" /><ent r="100" t="19" w="28" /><ent r="100" t="20" w="27" /><ent r="100" t="20" w="33" /><ent r="100" t="21" w="27" /><ent r="100" t="21" w="33" /><ent r="100" t="52" w="11" /><ent r="100" t="52" w="16" /><ent r="100" t="52" w="21" /><ent r="100" t="52" w="26" /><ent r="100" t="53" w="9" /><ent r="100" t="53" w="16" /><ent r="100" t="53" w="27" /><ent r="100" t="53" w="70" /></phr></stem><stem n="“feder"><phr n="“Federated"><ent r="3" t="18" w="31" /></phr></stem><stem n="typic"><phr n="typically"><ent r="3" t="18" w="93" /><ent r="3" t="47" w="87" /><ent r="3" t="51" w="199" /><ent r="9" t="54" w="978" /></phr><phr n="typical"><ent r="3" t="39" w="539" /></phr></stem><stem n="suppli"><phr n="supplied"><ent r="4" t="18" w="131" /><ent r="4" t="18" w="163" /></phr><phr n="supply"><ent r="3" t="19" w="66" /><ent r="3" t="20" w="101" /><ent r="3" t="21" w="73" /></phr></stem><stem n="-parti"><phr n="-party"><ent r="4" t="18" w="134" /><ent r="4" t="18" w="134" /><ent r="4" t="18" w="165" /><ent r="4" t="18" w="165" /><ent r="3" t="20" w="95" /><ent r="3" t="20" w="95" /><ent r="3" t="21" w="67" /><ent r="3" t="21" w="67" /><ent r="3" t="41" w="646" /><ent r="3" t="41" w="646" /></phr></stem></index>