﻿<?xml version="1.0" encoding="utf-8"?><index><stem n="keep"><phr n="Keep"><ent r="3" t="44" w="47" /></phr></stem><stem n="mind"><phr n="mind"><ent r="3" t="44" w="49" /></phr></stem><stem n="limit"><phr n="limitations"><ent r="3" t="44" w="51" /><ent r="3" t="44" w="122" /></phr><phr n="limit"><ent r="4" t="64" w="215" /></phr></stem><stem n="viewer"><phr n="viewer"><ent r="3" t="44" w="56" /><ent r="4" t="44" w="64" /><ent r="4" t="44" w="87" /><ent r="100" t="69" w="15" /><ent r="3" t="69" w="69" /><ent r="3" t="69" w="96" /><ent r="3" t="69" w="237" /></phr><phr n="Viewer"><ent r="1000" t="69" w="4" /><ent r="102" t="69" w="20" /></phr></stem><stem n="raw"><phr n="raw"><ent r="4" t="44" w="73" /></phr></stem><stem n="dump"><phr n="dump"><ent r="4" t="44" w="75" /></phr></stem><stem n="processor"><phr n="processor"><ent r="4" t="44" w="109" /><ent r="8" t="62" w="82" /><ent r="8" t="62" w="109" /><ent r="5" t="63" w="84" /><ent r="5" t="63" w="93" /><ent r="3" t="63" w="130" /><ent r="3" t="63" w="136" /></phr></stem><stem n="within"><phr n="within"><ent r="4" t="44" w="110" /><ent r="3" t="47" w="205" /><ent r="3" t="67" w="592" /><ent r="3" t="67" w="644" /></phr></stem><stem n="due"><phr n="Due"><ent r="3" t="44" w="119" /></phr></stem><stem n="monitor"><phr n="monitor"><ent r="3" t="44" w="166" /></phr></stem><stem n="session-bas"><phr n="session-based"><ent r="3" t="44" w="172" /></phr></stem><stem n=":activ"><phr n=":activity"><ent r="100" t="44" w="185" /></phr></stem><stem n="32"><phr n="32"><ent r="6" t="44" w="260" /><ent r="7" t="62" w="310" /></phr></stem><stem n="(without"><phr n="(without"><ent r="6" t="44" w="295" /></phr></stem><stem n="(request"><phr n="(request"><ent r="6" t="44" w="316" /></phr></stem><stem n="(respons"><phr n="(response"><ent r="6" t="44" w="328" /></phr></stem><stem n="ascend"><phr n="ascending"><ent r="6" t="44" w="335" /></phr></stem><stem n="chronolog"><phr n="chronological"><ent r="6" t="44" w="336" /></phr></stem><stem n="easili"><phr n="easily"><ent r="6" t="44" w="373" /></phr></stem><stem n="&quot;reformat"><phr n="&quot;Reformat"><ent r="6" t="44" w="382" /></phr></stem><stem n="indent"><phr n="indents"><ent r="6" t="44" w="390" /></phr></stem><stem n="easier"><phr n="easier"><ent r="6" t="44" w="401" /></phr></stem><stem n="digit"><phr n="digitally"><ent r="6" t="44" w="417" /></phr></stem><stem n="introduc"><phr n="introduce"><ent r="6" t="44" w="424" /></phr></stem><stem n=".properti"><phr n=".properties"><ent r="4" t="45" w="40" /><ent r="5" t="64" w="108" /></phr></stem><stem n="logging.properti"><phr n="logging.properties"><ent r="4" t="45" w="40" /><ent r="4" t="45" w="39" /><ent r="5" t="64" w="108" /><ent r="5" t="64" w="107" /><ent r="5" t="64" w="151" /><ent r="5" t="64" w="150" /></phr></stem><stem n="govern"><phr n="govern"><ent r="3" t="45" w="47" /></phr></stem><stem n="ssa0"><phr n="ssa0"><ent r="4" t="45" w="88" /><ent r="4" t="45" w="245" /><ent r="4" t="45" w="288" /><ent r="4" t="63" w="177" /><ent r="4" t="64" w="254" /></phr></stem><stem n=".log"><phr n=".log"><ent r="4" t="45" w="89" /><ent r="4" t="45" w="94" /><ent r="4" t="45" w="246" /><ent r="4" t="45" w="265" /><ent r="4" t="45" w="270" /><ent r="4" t="63" w="178" /><ent r="4" t="64" w="255" /></phr></stem><stem n="ssa0.log"><phr n="ssa0.log"><ent r="4" t="45" w="89" /><ent r="4" t="45" w="88" /><ent r="4" t="45" w="246" /><ent r="4" t="45" w="245" /><ent r="4" t="45" w="289" /><ent r="4" t="45" w="288" /><ent r="4" t="63" w="178" /><ent r="4" t="63" w="177" /><ent r="4" t="64" w="255" /><ent r="4" t="64" w="254" /></phr></stem><stem n="ssa1"><phr n="ssa1"><ent r="4" t="45" w="93" /><ent r="4" t="45" w="264" /><ent r="4" t="45" w="269" /></phr></stem><stem n="ssa1.log"><phr n="ssa1.log"><ent r="4" t="45" w="94" /><ent r="4" t="45" w="93" /><ent r="4" t="45" w="265" /><ent r="4" t="45" w="264" /><ent r="4" t="45" w="270" /><ent r="4" t="45" w="269" /></phr></stem><stem n="\&lt;user"><phr n="\&lt;user"><ent r="5" t="45" w="127" /></phr></stem><stem n="&lt;user"><phr n="&lt;user"><ent r="5" t="45" w="127" /><ent r="6" t="45" w="176" /></phr></stem><stem n="name&gt;"><phr n="name&gt;"><ent r="5" t="45" w="128" /><ent r="6" t="45" w="177" /></phr></stem><stem n="(where"><phr n="(where"><ent r="4" t="45" w="187" /></phr></stem><stem n="'~'"><phr n="'~'"><ent r="4" t="45" w="189" /></phr></stem><stem n="rollov"><phr n="Rollover"><ent r="82" t="45" w="219" /></phr><phr n="rollover"><ent r="3" t="45" w="232" /></phr></stem><stem n="preconfigur"><phr n="preconfigured"><ent r="3" t="45" w="231" /></phr></stem><stem n="fashion"><phr n="fashion"><ent r="3" t="45" w="233" /></phr></stem><stem n="size"><phr n="size"><ent r="3" t="45" w="254" /><ent r="3" t="45" w="275" /></phr></stem><stem n="10mb"><phr n="10MB"><ent r="3" t="45" w="256" /><ent r="3" t="45" w="273" /></phr></stem><stem n="switch"><phr n="switches"><ent r="3" t="45" w="261" /></phr></stem><stem n="ssa0.log,"><phr n="ssa0.log,"><ent r="4" t="45" w="289" /><ent r="4" t="45" w="288" /></phr></stem><stem n=".log,"><phr n=".log,"><ent r="4" t="45" w="290" /></phr></stem><stem n="overwrit"><phr n="overwriting"><ent r="3" t="45" w="291" /></phr></stem><stem n="older"><phr n="older"><ent r="3" t="45" w="293" /></phr></stem><stem n="inject"><phr n="Injection"><ent r="1000" t="46" w="5" /><ent r="100" t="46" w="11" /><ent r="100" t="46" w="20" /><ent r="102" t="46" w="26" /><ent r="3" t="46" w="31" /><ent r="3" t="46" w="69" /><ent r="3" t="46" w="333" /><ent r="92" t="46" w="724" /></phr><phr n="injection"><ent r="100" t="46" w="15" /><ent r="100" t="46" w="18" /><ent r="3" t="46" w="254" /><ent r="3" t="46" w="380" /><ent r="4" t="46" w="439" /><ent r="3" t="46" w="736" /></phr><phr n="Injected"><ent r="5" t="46" w="385" /><ent r="5" t="46" w="399" /><ent r="5" t="46" w="413" /><ent r="3" t="46" w="611" /><ent r="3" t="46" w="619" /><ent r="3" t="46" w="627" /><ent r="5" t="46" w="706" /></phr><phr n="injected"><ent r="3" t="46" w="501" /><ent r="3" t="46" w="504" /><ent r="3" t="46" w="507" /><ent r="3" t="46" w="517" /><ent r="3" t="46" w="525" /><ent r="3" t="46" w="590" /><ent r="3" t="46" w="639" /><ent r="5" t="46" w="690" /></phr></stem><stem n="solut"><phr n="solution"><ent r="3" t="46" w="73" /></phr><phr n="solutions"><ent r="3" t="46" w="234" /></phr></stem><stem n="none"><phr n="none"><ent r="3" t="46" w="90" /></phr><phr n="None"><ent r="8" t="54" w="496" /></phr></stem><stem n="feasibl"><phr n="feasible"><ent r="3" t="46" w="95" /></phr></stem><stem n="have"><phr n="having"><ent r="4" t="46" w="108" /></phr></stem><stem n="("><phr n="("><ent r="4" t="46" w="112" /><ent r="4" t="46" w="156" /><ent r="9" t="54" w="1027" /></phr></stem><stem n="caveat"><phr n="caveats"><ent r="6" t="46" w="113" /><ent r="6" t="46" w="157" /></phr></stem><stem n="good"><phr n="good"><ent r="6" t="46" w="120" /><ent r="6" t="46" w="190" /></phr></stem><stem n="lengthi"><phr n="lengthy"><ent r="6" t="46" w="123" /></phr></stem><stem n="secret"><phr n="secret"><ent r="6" t="46" w="124" /></phr></stem><stem n="imperson"><phr n="impersonating"><ent r="6" t="46" w="130" /></phr><phr n="impersonate"><ent r="6" t="46" w="205" /></phr></stem><stem n="foreground"><phr n="foreground"><ent r="4" t="46" w="154" /></phr></stem><stem n=":need"><phr n=":need"><ent r="6" t="46" w="159" /></phr></stem><stem n="don"><phr n="don"><ent r="6" t="46" w="196" /></phr></stem><stem n="'t"><phr n="'t"><ent r="6" t="46" w="197" /></phr></stem><stem n="don't"><phr n="don't"><ent r="6" t="46" w="197" /><ent r="6" t="46" w="196" /></phr></stem><stem n="t"><phr n="t"><ent r="6" t="46" w="197" /></phr></stem><stem n="other'"><phr n="other's"><ent r="6" t="46" w="202" /><ent r="6" t="46" w="201" /></phr></stem><stem n="ideal"><phr n="ideal"><ent r="3" t="46" w="233" /></phr></stem><stem n="queri"><phr n="queries"><ent r="3" t="46" w="265" /></phr><phr n="querying"><ent r="3" t="69" w="213" /></phr></stem><stem n="insert"><phr n="inserts"><ent r="3" t="46" w="289" /></phr></stem><stem n="input"><phr n="input"><ent r="3" t="46" w="324" /></phr></stem><stem n="work"><phr n="work"><ent r="3" t="46" w="335" /><ent r="3" t="47" w="496" /></phr><phr n="working"><ent r="3" t="51" w="221" /><ent r="3" t="52" w="379" /><ent r="3" t="53" w="492" /></phr><phr n="Working"><ent r="4" t="54" w="256" /><ent r="4" t="59" w="95" /></phr></stem><stem n="x-inject"><phr n="X-Injected"><ent r="5" t="46" w="384" /><ent r="5" t="46" w="398" /><ent r="5" t="46" w="412" /><ent r="3" t="46" w="610" /><ent r="3" t="46" w="618" /><ent r="3" t="46" w="626" /><ent r="5" t="46" w="705" /></phr></stem><stem n="x-injected-us"><phr n="X-Injected-User"><ent r="5" t="46" w="384" /><ent r="3" t="46" w="610" /><ent r="5" t="46" w="705" /></phr></stem><stem n="x-injected-user-nam"><phr n="X-Injected-User-Name"><ent r="5" t="46" w="384" /><ent r="3" t="46" w="610" /><ent r="5" t="46" w="705" /></phr></stem><stem n="injected-us"><phr n="Injected-User"><ent r="5" t="46" w="385" /><ent r="3" t="46" w="611" /><ent r="5" t="46" w="706" /></phr></stem><stem n="injected-user-nam"><phr n="Injected-User-Name"><ent r="5" t="46" w="385" /><ent r="3" t="46" w="611" /><ent r="5" t="46" w="706" /></phr></stem><stem n="user-nam"><phr n="User-Name"><ent r="5" t="46" w="386" /><ent r="3" t="46" w="612" /><ent r="5" t="46" w="707" /></phr></stem><stem n="-injected-user-name:"><phr n="-Injected-User-Name:"><ent r="5" t="46" w="388" /><ent r="5" t="46" w="390" /></phr></stem><stem n="x-injected-domain"><phr n="X-Injected-Domain"><ent r="5" t="46" w="398" /><ent r="3" t="46" w="618" /></phr></stem><stem n="x-injected-domain-nam"><phr n="X-Injected-Domain-Name"><ent r="5" t="46" w="398" /><ent r="3" t="46" w="618" /></phr></stem><stem n="injected-domain"><phr n="Injected-Domain"><ent r="5" t="46" w="399" /><ent r="3" t="46" w="619" /></phr></stem><stem n="injected-domain-nam"><phr n="Injected-Domain-Name"><ent r="5" t="46" w="399" /><ent r="3" t="46" w="619" /></phr></stem><stem n="domain-nam"><phr n="Domain-Name"><ent r="5" t="46" w="400" /><ent r="3" t="46" w="620" /></phr></stem><stem n="-injected-domain-name:"><phr n="-Injected-Domain-Name:"><ent r="5" t="46" w="402" /><ent r="5" t="46" w="404" /></phr></stem><stem n="x-injected-program"><phr n="X-Injected-Program"><ent r="5" t="46" w="412" /><ent r="3" t="46" w="626" /></phr></stem><stem n="x-injected-program-nam"><phr n="X-Injected-Program-Name"><ent r="5" t="46" w="412" /><ent r="3" t="46" w="626" /></phr></stem><stem n="injected-program"><phr n="Injected-Program"><ent r="5" t="46" w="413" /><ent r="3" t="46" w="627" /></phr></stem><stem n="injected-program-nam"><phr n="Injected-Program-Name"><ent r="5" t="46" w="413" /><ent r="3" t="46" w="627" /></phr></stem><stem n="program-nam"><phr n="Program-Name"><ent r="5" t="46" w="414" /><ent r="3" t="46" w="628" /></phr></stem><stem n="-injected-program-name:"><phr n="-Injected-Program-Name:"><ent r="5" t="46" w="416" /><ent r="5" t="46" w="418" /></phr></stem><stem n="l7"><phr n="L7"><ent r="5" t="46" w="430" /></phr></stem><stem n="l7-domain"><phr n="L7-Domain"><ent r="5" t="46" w="430" /></phr></stem><stem n="l7-domain-id"><phr n="L7-Domain-ID"><ent r="5" t="46" w="430" /></phr></stem><stem n="l7-domain-id-statu"><phr n="L7-Domain-ID-Status"><ent r="5" t="46" w="430" /></phr></stem><stem n="domain-id"><phr n="Domain-ID"><ent r="5" t="46" w="431" /></phr></stem><stem n="domain-id-statu"><phr n="Domain-ID-Status"><ent r="5" t="46" w="431" /></phr></stem><stem n="id-statu"><phr n="ID-Status"><ent r="5" t="46" w="432" /></phr></stem><stem n="-domain-id-status:"><phr n="-Domain-ID-Status:"><ent r="5" t="46" w="434" /><ent r="5" t="46" w="436" /></phr></stem><stem n="declin"><phr n="declined"><ent r="4" t="46" w="445" /></phr></stem><stem n="variabl"><phr n="variables"><ent r="100" t="46" w="461" /><ent r="3" t="46" w="469" /><ent r="3" t="46" w="511" /><ent r="3" t="46" w="558" /></phr><phr n="Variables"><ent r="92" t="46" w="464" /><ent r="82" t="46" w="548" /></phr><phr n="variable"><ent r="3" t="46" w="603" /><ent r="4" t="46" w="688" /><ent r="4" t="46" w="700" /></phr></stem><stem n="remot"><phr n="Remote"><ent r="4" t="46" w="477" /><ent r="4" t="46" w="533" /><ent r="4" t="46" w="564" /><ent r="4" t="46" w="742" /></phr><phr n="remote"><ent r="7" t="67" w="286" /><ent r="7" t="67" w="306" /></phr></stem><stem n="extract"><phr n="extract"><ent r="3" t="46" w="494" /></phr><phr n="extracted"><ent r="3" t="47" w="799" /></phr></stem><stem n=".user"><phr n=".user"><ent r="3" t="46" w="502" /></phr></stem><stem n="injected.us"><phr n="injected.user"><ent r="3" t="46" w="502" /><ent r="3" t="46" w="501" /><ent r="5" t="46" w="691" /><ent r="5" t="46" w="690" /></phr></stem><stem n=".domain"><phr n=".domain"><ent r="3" t="46" w="505" /></phr></stem><stem n="injected.domain"><phr n="injected.domain"><ent r="3" t="46" w="505" /><ent r="3" t="46" w="504" /></phr></stem><stem n=".program"><phr n=".program"><ent r="3" t="46" w="508" /></phr></stem><stem n="injected.program"><phr n="injected.program"><ent r="3" t="46" w="508" /><ent r="3" t="46" w="507" /></phr></stem><stem n="&quot;injected&quot;"><phr n="&quot;injected&quot;"><ent r="3" t="46" w="526" /></phr></stem><stem n="directli"><phr n="directly"><ent r="3" t="46" w="592" /><ent r="3" t="69" w="216" /></phr></stem><stem n="request.http"><phr n="request.http"><ent r="4" t="46" w="597" /><ent r="4" t="46" w="596" /><ent r="3" t="46" w="608" /><ent r="3" t="46" w="607" /><ent r="3" t="46" w="616" /><ent r="3" t="46" w="615" /><ent r="3" t="46" w="624" /><ent r="3" t="46" w="623" /><ent r="5" t="46" w="703" /><ent r="5" t="46" w="702" /></phr></stem><stem n="request.http.head"><phr n="request.http.header"><ent r="4" t="46" w="598" /><ent r="4" t="46" w="596" /><ent r="3" t="46" w="609" /><ent r="3" t="46" w="607" /><ent r="3" t="46" w="617" /><ent r="3" t="46" w="615" /><ent r="3" t="46" w="625" /><ent r="3" t="46" w="623" /><ent r="5" t="46" w="704" /><ent r="5" t="46" w="702" /></phr></stem><stem n="request.http.header."><phr n="request.http.header."><ent r="4" t="46" w="598" /><ent r="4" t="46" w="596" /></phr></stem><stem n=".http.header."><phr n=".http.header."><ent r="4" t="46" w="599" /></phr></stem><stem n="&lt;headername&gt;"><phr n="&lt;headerName&gt;"><ent r="4" t="46" w="600" /></phr></stem><stem n=".http.header.x-injected-user-nam"><phr n=".http.header.X-Injected-User-Name"><ent r="3" t="46" w="610" /></phr></stem><stem n=".http.header.x-injected-domain-nam"><phr n=".http.header.X-Injected-Domain-Name"><ent r="3" t="46" w="618" /></phr></stem><stem n=".http.header.x-injected-program-nam"><phr n=".http.header.X-Injected-Program-Name"><ent r="3" t="46" w="626" /></phr></stem><stem n="&quot;injected.&quot;"><phr n="&quot;injected.&quot;"><ent r="3" t="46" w="640" /></phr></stem><stem n="ascii"><phr n="ASCII"><ent r="3" t="46" w="649" /></phr></stem><stem n="extran"><phr n="extraneous"><ent r="3" t="46" w="653" /></phr></stem><stem n="white"><phr n="white"><ent r="3" t="46" w="654" /></phr></stem><stem n="unexpect"><phr n="unexpected"><ent r="3" t="46" w="660" /></phr></stem><stem n="retriev"><phr n="retrieved"><ent r="3" t="46" w="672" /></phr></stem><stem n="&quot;josé"><phr n="&quot;José"><ent r="3" t="46" w="674" /></phr></stem><stem n="josé"><phr n="José"><ent r="3" t="46" w="674" /></phr></stem><stem n="hernández"><phr n="Hernández"><ent r="3" t="46" w="675" /></phr></stem><stem n=".user:"><phr n=".user:"><ent r="5" t="46" w="692" /></phr></stem><stem n="joséhernández"><phr n="joséhernández"><ent r="5" t="46" w="694" /></phr></stem><stem n=".http.header.x-injected-user-name:"><phr n=".http.header.X-Injected-User-Name:"><ent r="5" t="46" w="709" /></phr></stem><stem n="q"><phr n="q"><ent r="5" t="46" w="713" /></phr></stem><stem n="jo"><phr n="jos"><ent r="5" t="46" w="714" /></phr></stem><stem n="c3"><phr n="C3"><ent r="5" t="46" w="715" /><ent r="5" t="46" w="717" /></phr></stem><stem n="a9hern"><phr n="A9hern"><ent r="5" t="46" w="716" /></phr></stem><stem n="a1ndez"><phr n="A1ndez"><ent r="5" t="46" w="718" /></phr></stem><stem n="=?utf-8?q?jos=c3=a9hern=c3=a1ndez?="><phr n="=?utf-8?q?jos=C3=A9hern=C3=A1ndez?="><ent r="5" t="46" w="719" /></phr></stem><stem n=":ident"><phr n=":identity"><ent r="100" t="47" w="10" /><ent r="100" t="47" w="15" /><ent r="100" t="47" w="20" /><ent r="100" t="47" w="27" /><ent r="100" t="52" w="31" /><ent r="100" t="55" w="14" /><ent r="100" t="55" w="31" /></phr></stem><stem n="silo"><phr n="Silo"><ent r="92" t="47" w="35" /></phr><phr n="silos"><ent r="3" t="47" w="141" /><ent r="3" t="47" w="143" /><ent r="3" t="47" w="265" /></phr><phr n="silo"><ent r="3" t="47" w="173" /><ent r="3" t="47" w="196" /><ent r="3" t="47" w="226" /><ent r="3" t="47" w="233" /></phr></stem><stem n="grant"><phr n="granting"><ent r="3" t="47" w="65" /></phr></stem><stem n="entitl"><phr n="entitlements"><ent r="3" t="47" w="69" /></phr></stem><stem n="interpret"><phr n="interpretation"><ent r="3" t="47" w="73" /></phr></stem><stem n="consist"><phr n="consistent"><ent r="3" t="47" w="79" /></phr><phr n="consists"><ent r="4" t="48" w="187" /></phr></stem><stem n="serv"><phr n="served"><ent r="3" t="47" w="114" /></phr></stem><stem n="rare"><phr n="rarely"><ent r="3" t="47" w="124" /></phr></stem><stem n="much"><phr n="much"><ent r="3" t="47" w="126" /></phr></stem><stem n="lead"><phr n="leads"><ent r="3" t="47" w="135" /><ent r="4" t="67" w="198" /></phr></stem><stem n="“ident"><phr n="“identity"><ent r="3" t="47" w="140" /></phr></stem><stem n="seriou"><phr n="serious"><ent r="3" t="47" w="146" /></phr></stem><stem n="legitim"><phr n="legitimate"><ent r="3" t="47" w="162" /></phr></stem><stem n="evid"><phr n="evidence"><ent r="3" t="47" w="178" /><ent r="3" t="55" w="162" /><ent r="3" t="55" w="199" /></phr></stem><stem n="complic"><phr n="complicates"><ent r="3" t="47" w="211" /></phr><phr n="complication"><ent r="9" t="54" w="1122" /></phr></stem><stem n="broken"><phr n="broken"><ent r="3" t="47" w="219" /></phr></stem><stem n="succeed"><phr n="succeeded"><ent r="3" t="47" w="230" /></phr></stem><stem n="merg"><phr n="merging"><ent r="3" t="47" w="255" /></phr><phr n="merges"><ent r="3" t="47" w="296" /></phr></stem><stem n="handl"><phr n="handles"><ent r="3" t="47" w="284" /></phr></stem><stem n="merger"><phr n="mergers"><ent r="3" t="47" w="288" /></phr></stem><stem n="acquisit"><phr n="acquisitions"><ent r="3" t="47" w="290" /></phr></stem><stem n="b"><phr n="B"><ent r="3" t="47" w="299" /><ent r="3" t="47" w="338" /><ent r="3" t="47" w="375" /><ent r="3" t="47" w="411" /><ent r="3" t="47" w="517" /><ent r="3" t="47" w="530" /><ent r="3" t="47" w="570" /><ent r="3" t="47" w="612" /><ent r="3" t="47" w="712" /><ent r="3" t="47" w="729" /><ent r="3" t="47" w="809" /><ent r="3" t="47" w="844" /><ent r="3" t="48" w="27" /><ent r="3" t="48" w="63" /><ent r="4" t="48" w="407" /><ent r="4" t="48" w="442" /><ent r="4" t="48" w="473" /><ent r="82" t="48" w="508" /><ent r="3" t="49" w="45" /><ent r="6" t="49" w="159" /><ent r="6" t="49" w="225" /><ent r="6" t="49" w="267" /><ent r="6" t="49" w="315" /><ent r="3" t="50" w="78" /><ent r="6" t="50" w="191" /><ent r="6" t="50" w="230" /><ent r="3" t="50" w="693" /><ent r="3" t="50" w="748" /><ent r="3" t="51" w="27" /><ent r="3" t="51" w="63" /><ent r="3" t="51" w="89" /><ent r="3" t="51" w="206" /><ent r="3" t="52" w="48" /><ent r="3" t="52" w="84" /><ent r="3" t="52" w="124" /><ent r="3" t="52" w="196" /><ent r="3" t="52" w="244" /><ent r="3" t="52" w="307" /><ent r="3" t="54" w="41" /><ent r="3" t="54" w="77" /><ent r="4" t="54" w="150" /><ent r="3" t="55" w="74" /><ent r="3" t="55" w="114" /><ent r="3" t="55" w="173" /><ent r="3" t="55" w="194" /><ent r="3" t="55" w="264" /><ent r="4" t="56" w="84" /><ent r="5" t="57" w="148" /><ent r="5" t="57" w="177" /><ent r="7" t="57" w="326" /><ent r="4" t="58" w="85" /><ent r="4" t="58" w="118" /><ent r="7" t="58" w="189" /><ent r="3" t="59" w="30" /><ent r="3" t="59" w="66" /><ent r="3" t="59" w="197" /><ent r="3" t="59" w="255" /></phr></stem><stem n="minimum"><phr n="minimum"><ent r="3" t="47" w="314" /></phr></stem><stem n="interrupt"><phr n="interruption"><ent r="3" t="47" w="318" /></phr></stem><stem n="markup"><phr n="Markup"><ent r="3" t="47" w="352" /></phr></stem><stem n="languag"><phr n="Language"><ent r="3" t="47" w="353" /></phr></stem><stem n="&quot;trust"><phr n="&quot;Trusted"><ent r="3" t="47" w="369" /><ent r="3" t="48" w="21" /><ent r="3" t="49" w="23" /><ent r="3" t="51" w="21" /><ent r="3" t="52" w="42" /><ent r="3" t="54" w="35" /><ent r="3" t="55" w="51" /><ent r="4" t="56" w="70" /><ent r="4" t="56" w="122" /><ent r="3" t="59" w="24" /></phr></stem><stem n="&quot;feder"><phr n="&quot;Federated"><ent r="3" t="47" w="373" /><ent r="3" t="47" w="515" /><ent r="3" t="48" w="25" /><ent r="3" t="49" w="43" /><ent r="3" t="50" w="76" /><ent r="3" t="51" w="25" /><ent r="3" t="52" w="46" /><ent r="3" t="54" w="39" /><ent r="3" t="55" w="72" /><ent r="4" t="56" w="82" /><ent r="3" t="59" w="28" /></phr></stem><stem n="ca"><phr n="CA"><ent r="3" t="47" w="395" /><ent r="3" t="47" w="557" /><ent r="3" t="47" w="565" /><ent r="3" t="47" w="793" /><ent r="3" t="48" w="47" /><ent r="4" t="48" w="380" /><ent r="4" t="48" w="398" /><ent r="4" t="48" w="464" /><ent r="4" t="48" w="525" /><ent r="3" t="49" w="30" /><ent r="6" t="49" w="259" /><ent r="3" t="50" w="62" /><ent r="8" t="50" w="311" /><ent r="8" t="50" w="318" /><ent r="7" t="50" w="342" /><ent r="7" t="50" w="373" /><ent r="7" t="50" w="380" /><ent r="7" t="50" w="578" /><ent r="82" t="50" w="730" /><ent r="3" t="50" w="736" /><ent r="3" t="50" w="785" /><ent r="4" t="50" w="894" /><ent r="3" t="50" w="946" /><ent r="4" t="50" w="975" /><ent r="4" t="50" w="1035" /><ent r="82" t="50" w="1040" /><ent r="3" t="50" w="1049" /><ent r="4" t="50" w="1061" /><ent r="4" t="50" w="1103" /><ent r="4" t="50" w="1169" /><ent r="4" t="50" w="1213" /><ent r="3" t="51" w="47" /><ent r="4" t="51" w="118" /><ent r="4" t="51" w="130" /><ent r="3" t="52" w="68" /><ent r="3" t="53" w="428" /><ent r="3" t="54" w="61" /><ent r="3" t="55" w="58" /><ent r="4" t="58" w="112" /><ent r="3" t="59" w="50" /></phr><phr n="CAs"><ent r="3" t="52" w="151" /></phr></stem><stem n="(ca)"><phr n="(CA)"><ent r="3" t="47" w="396" /><ent r="3" t="47" w="558" /><ent r="3" t="48" w="48" /><ent r="4" t="48" w="381" /><ent r="3" t="49" w="31" /><ent r="3" t="50" w="63" /><ent r="3" t="51" w="48" /><ent r="3" t="52" w="69" /><ent r="3" t="54" w="62" /><ent r="3" t="55" w="59" /><ent r="3" t="59" w="51" /></phr></stem><stem n="&quot;trusted&quot;"><phr n="&quot;trusted&quot;"><ent r="3" t="47" w="425" /></phr></stem><stem n="&quot;federated&quot;"><phr n="&quot;federated&quot;"><ent r="3" t="47" w="427" /></phr></stem><stem n=":credenti"><phr n=":credential"><ent r="100" t="47" w="458" /><ent r="100" t="49" w="69" /><ent r="100" t="50" w="93" /></phr></stem><stem n="togeth"><phr n="together"><ent r="3" t="47" w="497" /></phr></stem><stem n="provider-sid"><phr n="provider-side"><ent r="3" t="47" w="509" /></phr></stem><stem n=",&quot;"><phr n=",&quot;"><ent r="3" t="47" w="518" /></phr></stem><stem n="mediat"><phr n="mediating"><ent r="3" t="47" w="578" /></phr></stem><stem n="virtual"><phr n="virtual"><ent r="64" t="47" w="591" /><ent r="6" t="49" w="502" /><ent r="6" t="50" w="522" /><ent r="7" t="50" w="556" /><ent r="7" t="50" w="596" /><ent r="4" t="50" w="967" /><ent r="3" t="52" w="290" /><ent r="100" t="53" w="12" /><ent r="100" t="53" w="19" /><ent r="100" t="53" w="26" /><ent r="100" t="53" w="62" /><ent r="100" t="53" w="73" /><ent r="3" t="53" w="82" /><ent r="3" t="53" w="118" /><ent r="3" t="53" w="314" /><ent r="3" t="53" w="418" /><ent r="3" t="53" w="443" /><ent r="4" t="54" w="137" /><ent r="3" t="54" w="298" /><ent r="7" t="54" w="1386" /><ent r="4" t="54" w="1609" /><ent r="3" t="54" w="1675" /></phr><phr n="Virtual"><ent r="6" t="49" w="520" /><ent r="6" t="50" w="540" /><ent r="3" t="53" w="309" /><ent r="3" t="53" w="526" /></phr></stem><stem n="(s)"><phr n="(s)"><ent r="3" t="47" w="605" /><ent r="3" t="47" w="837" /><ent r="4" t="48" w="528" /><ent r="4" t="48" w="534" /><ent r="4" t="48" w="565" /><ent r="4" t="48" w="571" /></phr><phr n="(S)"><ent r="4" t="65" w="91" /></phr></stem><stem n="requestor-sid"><phr n="requestor-side"><ent r="3" t="47" w="686" /></phr><phr n="Requestor-Side"><ent r="82" t="48" w="96" /></phr></stem><stem n="(ca"><phr n="(CA"><ent r="3" t="47" w="793" /></phr></stem><stem n="(fips),"><phr n="(FIPs),"><ent r="3" t="47" w="832" /></phr></stem><stem n=":requir"><phr n=":requirements"><ent r="100" t="48" w="7" /></phr></stem><stem n="&quot;full"><phr n="&quot;Full"><ent r="4" t="48" w="124" /><ent r="4" t="48" w="217" /></phr></stem><stem n="full"><phr n="Full"><ent r="4" t="48" w="124" /><ent r="100" t="48" w="161" /><ent r="4" t="48" w="217" /><ent r="6" t="49" w="571" /><ent r="6" t="50" w="635" /><ent r="67" t="50" w="649" /><ent r="100" t="56" w="10" /><ent r="65" t="56" w="97" /><ent r="1000" t="57" w="1" /><ent r="100" t="57" w="17" /><ent r="102" t="57" w="21" /><ent r="3" t="57" w="35" /><ent r="3" t="57" w="53" /><ent r="3" t="57" w="214" /><ent r="5" t="57" w="221" /><ent r="3" t="59" w="167" /></phr><phr n="full"><ent r="100" t="57" w="8" /></phr></stem><stem n="-hoc"><phr n="-hoc"><ent r="100" t="48" w="165" /><ent r="100" t="48" w="165" /><ent r="67" t="50" w="654" /><ent r="67" t="50" w="654" /><ent r="100" t="56" w="5" /><ent r="100" t="56" w="5" /><ent r="1000" t="58" w="1" /><ent r="1000" t="58" w="1" /><ent r="100" t="58" w="17" /><ent r="100" t="58" w="17" /><ent r="102" t="58" w="22" /><ent r="102" t="58" w="22" /><ent r="3" t="58" w="56" /><ent r="3" t="58" w="56" /><ent r="5" t="58" w="153" /><ent r="5" t="58" w="153" /></phr><phr n="-Hoc"><ent r="6" t="50" w="639" /><ent r="6" t="50" w="639" /><ent r="65" t="56" w="143" /><ent r="65" t="56" w="143" /><ent r="3" t="58" w="39" /><ent r="3" t="58" w="39" /><ent r="3" t="58" w="145" /><ent r="3" t="58" w="145" /><ent r="3" t="59" w="201" /><ent r="3" t="59" w="201" /></phr></stem><stem n="ad-hoc"><phr n="Ad-hoc"><ent r="100" t="48" w="165" /><ent r="67" t="50" w="654" /><ent r="100" t="56" w="5" /><ent r="1000" t="58" w="1" /><ent r="100" t="58" w="17" /><ent r="102" t="58" w="22" /><ent r="3" t="58" w="56" /><ent r="5" t="58" w="153" /></phr><phr n="Ad-Hoc"><ent r="4" t="48" w="239" /><ent r="6" t="50" w="639" /><ent r="65" t="56" w="143" /><ent r="3" t="58" w="39" /><ent r="3" t="58" w="145" /><ent r="3" t="59" w="201" /></phr><phr n="ad-hoc"><ent r="100" t="58" w="14" /></phr></stem><stem n="hoc"><phr n="hoc"><ent r="100" t="48" w="166" /><ent r="67" t="50" w="655" /><ent r="100" t="56" w="6" /><ent r="1000" t="58" w="2" /><ent r="100" t="58" w="15" /><ent r="100" t="58" w="18" /><ent r="102" t="58" w="23" /><ent r="3" t="58" w="57" /><ent r="5" t="58" w="154" /></phr><phr n="Hoc"><ent r="4" t="48" w="240" /><ent r="6" t="50" w="640" /><ent r="65" t="56" w="144" /><ent r="3" t="58" w="40" /><ent r="3" t="58" w="146" /><ent r="3" t="59" w="202" /></phr></stem><stem n="(trusted)"><phr n="(trusted)"><ent r="4" t="48" w="229" /></phr></stem><stem n="&quot;ad-hoc"><phr n="&quot;Ad-Hoc"><ent r="4" t="48" w="239" /></phr></stem><stem n="(authent"><phr n="(Authentication"><ent r="82" t="48" w="260" /></phr><phr n="(authentication"><ent r="3" t="52" w="138" /></phr></stem><stem n="-trust;"><phr n="-Trust;"><ent r="5" t="48" w="324" /><ent r="5" t="48" w="324" /></phr></stem><stem n="tivoli"><phr n="Tivoli"><ent r="5" t="48" w="326" /></phr></stem><stem n="tfim"><phr n="TFIM"><ent r="5" t="48" w="330" /><ent r="8" t="62" w="194" /></phr></stem></index>