<?xml version="1.0" encoding="utf-8"?><index><stem n="x"><phr n="X"><ent r="5" t="6" w="188" /><ent r="4" t="29" w="1055" /><ent r="3" t="42" w="1220" /><ent r="5" t="47" w="379" /><ent r="5" t="47" w="393" /><ent r="5" t="47" w="407" /><ent r="3" t="47" w="605" /><ent r="3" t="47" w="613" /><ent r="3" t="47" w="621" /><ent r="5" t="47" w="700" /><ent r="100" t="48" w="7" /><ent r="64" t="48" w="358" /><ent r="72" t="48" w="465" /><ent r="3" t="48" w="477" /><ent r="3" t="49" w="88" /><ent r="4" t="49" w="168" /><ent r="65" t="49" w="245" /><ent r="4" t="49" w="347" /><ent r="4" t="49" w="362" /><ent r="4" t="49" w="409" /><ent r="65" t="49" w="419" /><ent r="4" t="49" w="481" /><ent r="126" t="49" w="490" /><ent r="4" t="49" w="535" /><ent r="65" t="49" w="548" /><ent r="65" t="49" w="602" /><ent r="1000" t="51" w="4" /><ent r="100" t="51" w="20" /><ent r="100" t="51" w="24" /><ent r="102" t="51" w="32" /><ent r="100" t="51" w="90" /><ent r="3" t="51" w="109" /><ent r="5" t="51" w="149" /><ent r="8" t="51" w="296" /><ent r="3" t="51" w="798" /><ent r="64" t="52" w="173" /><ent r="3" t="53" w="143" /><ent r="64" t="53" w="259" /><ent r="4" t="54" w="227" /><ent r="4" t="54" w="239" /><ent r="65" t="54" w="257" /><ent r="6" t="55" w="429" /><ent r="6" t="55" w="432" /><ent r="6" t="55" w="596" /><ent r="8" t="55" w="758" /><ent r="9" t="55" w="1220" /><ent r="9" t="55" w="1230" /><ent r="8" t="55" w="1361" /><ent r="8" t="55" w="1397" /><ent r="3" t="56" w="134" /><ent r="64" t="56" w="246" /><ent r="65" t="57" w="113" /><ent r="65" t="57" w="157" /><ent r="3" t="58" w="46" /><ent r="64" t="58" w="76" /><ent r="6" t="58" w="131" /><ent r="3" t="59" w="49" /><ent r="64" t="59" w="71" /><ent r="100" t="66" w="7" /><ent r="100" t="66" w="15" /><ent r="3" t="66" w="36" /><ent r="3" t="67" w="33" /></phr></stem><stem n="top"><phr n="top"><ent r="4" t="6" w="192" /><ent r="4" t="67" w="742" /><ent r="4" t="67" w="825" /></phr></stem><stem n="corner"><phr n="corner"><ent r="4" t="6" w="194" /></phr></stem><stem n=":daemon"><phr n=":daemon"><ent r="100" t="7" w="16" /></phr></stem><stem n="minim"><phr n="minimize"><ent r="3" t="7" w="48" /><ent r="3" t="8" w="48" /></phr></stem><stem n="cpu"><phr n="CPU"><ent r="3" t="7" w="49" /><ent r="3" t="8" w="49" /></phr></stem><stem n="memori"><phr n="memory"><ent r="3" t="7" w="51" /><ent r="3" t="8" w="51" /></phr></stem><stem n="usag"><phr n="usage"><ent r="3" t="7" w="52" /><ent r="3" t="8" w="52" /><ent r="67" t="51" w="237" /><ent r="92" t="51" w="675" /><ent r="7" t="62" w="206" /><ent r="68" t="62" w="217" /><ent r="7" t="62" w="238" /><ent r="68" t="62" w="249" /><ent r="1000" t="66" w="3" /><ent r="100" t="66" w="10" /><ent r="100" t="66" w="13" /><ent r="100" t="66" w="19" /><ent r="102" t="66" w="23" /><ent r="3" t="66" w="48" /><ent r="3" t="66" w="54" /><ent r="3" t="66" w="61" /><ent r="3" t="66" w="73" /><ent r="3" t="66" w="77" /><ent r="3" t="66" w="109" /><ent r="4" t="66" w="162" /><ent r="4" t="66" w="169" /><ent r="4" t="66" w="191" /><ent r="4" t="66" w="222" /><ent r="3" t="66" w="296" /><ent r="1000" t="67" w="2" /><ent r="100" t="67" w="9" /><ent r="100" t="67" w="12" /><ent r="102" t="67" w="17" /><ent r="3" t="67" w="23" /><ent r="3" t="67" w="59" /><ent r="3" t="67" w="66" /><ent r="64" t="67" w="74" /><ent r="3" t="67" w="117" /><ent r="3" t="67" w="155" /><ent r="65" t="67" w="213" /><ent r="3" t="67" w="232" /><ent r="5" t="67" w="248" /><ent r="3" t="67" w="498" /><ent r="3" t="67" w="599" /><ent r="3" t="67" w="604" /><ent r="3" t="67" w="620" /><ent r="3" t="67" w="630" /><ent r="3" t="67" w="652" /><ent r="3" t="67" w="657" /><ent r="3" t="67" w="673" /><ent r="3" t="67" w="677" /></phr><phr n="usages"><ent r="3" t="66" w="102" /></phr></stem><stem n="equival"><phr n="equivalent"><ent r="3" t="7" w="84" /><ent r="3" t="8" w="84" /></phr></stem><stem n="warn"><phr n="WARNING"><ent r="3" t="7" w="99" /><ent r="3" t="7" w="414" /><ent r="7" t="18" w="694" /><ent r="7" t="27" w="419" /><ent r="3" t="40" w="433" /><ent r="3" t="55" w="199" /><ent r="4" t="55" w="1730" /></phr><phr n="warned"><ent r="7" t="24" w="558" /></phr></stem><stem n="test"><phr n="test"><ent r="3" t="7" w="103" /><ent r="5" t="21" w="379" /><ent r="5" t="22" w="423" /></phr><phr n="tested"><ent r="4" t="7" w="266" /></phr><phr n="testing"><ent r="4" t="22" w="448" /><ent r="3" t="37" w="47" /></phr><phr n="tests"><ent r="3" t="60" w="243" /></phr></stem><stem n="befor"><phr n="before"><ent r="3" t="7" w="119" /><ent r="3" t="7" w="253" /><ent r="3" t="7" w="559" /><ent r="4" t="12" w="340" /><ent r="6" t="22" w="292" /><ent r="6" t="23" w="631" /><ent r="3" t="28" w="98" /><ent r="4" t="29" w="1276" /><ent r="3" t="34" w="62" /><ent r="3" t="35" w="50" /><ent r="3" t="35" w="131" /><ent r="3" t="37" w="237" /><ent r="3" t="37" w="323" /><ent r="4" t="38" w="153" /><ent r="3" t="39" w="77" /><ent r="3" t="39" w="99" /><ent r="6" t="45" w="359" /><ent r="3" t="55" w="152" /><ent r="3" t="55" w="274" /><ent r="3" t="60" w="77" /><ent r="7" t="62" w="587" /></phr></stem><stem n="abl"><phr n="able"><ent r="3" t="7" w="134" /><ent r="4" t="7" w="279" /><ent r="3" t="7" w="471" /><ent r="4" t="16" w="185" /><ent r="6" t="18" w="739" /><ent r="6" t="27" w="480" /><ent r="3" t="37" w="353" /><ent r="3" t="42" w="1519" /><ent r="3" t="42" w="1593" /><ent r="3" t="47" w="487" /><ent r="3" t="48" w="645" /><ent r="3" t="48" w="664" /></phr></stem><stem n="graphic"><phr n="graphical"><ent r="3" t="7" w="141" /><ent r="3" t="8" w="160" /><ent r="3" t="8" w="178" /><ent r="3" t="10" w="279" /></phr></stem><stem n="prompt"><phr n="prompted"><ent r="3" t="7" w="146" /><ent r="4" t="12" w="77" /><ent r="7" t="18" w="554" /><ent r="7" t="18" w="626" /><ent r="7" t="18" w="1204" /><ent r="3" t="18" w="2228" /><ent r="3" t="20" w="681" /><ent r="3" t="21" w="883" /><ent r="3" t="22" w="938" /><ent r="7" t="27" w="278" /><ent r="7" t="27" w="351" /><ent r="7" t="27" w="961" /><ent r="7" t="27" w="1070" /><ent r="3" t="42" w="544" /></phr><phr n="prompt"><ent r="3" t="7" w="234" /><ent r="4" t="7" w="281" /></phr><phr n="prompting"><ent r="3" t="47" w="320" /></phr></stem><stem n="password"><phr n="password"><ent r="3" t="7" w="149" /><ent r="3" t="7" w="237" /><ent r="4" t="7" w="305" /><ent r="4" t="7" w="318" /><ent r="6" t="7" w="373" /><ent r="5" t="7" w="392" /><ent r="5" t="7" w="404" /><ent r="3" t="7" w="427" /><ent r="3" t="7" w="438" /><ent r="3" t="7" w="475" /><ent r="3" t="9" w="180" /><ent r="3" t="9" w="313" /><ent r="3" t="10" w="192" /><ent r="1000" t="13" w="4" /><ent r="100" t="13" w="9" /><ent r="100" t="13" w="11" /><ent r="100" t="13" w="15" /><ent r="100" t="13" w="19" /><ent r="100" t="13" w="22" /><ent r="100" t="13" w="28" /><ent r="102" t="13" w="33" /><ent r="3" t="13" w="39" /><ent r="3" t="13" w="48" /><ent r="3" t="13" w="69" /><ent r="3" t="13" w="81" /><ent r="3" t="13" w="99" /><ent r="3" t="13" w="144" /><ent r="5" t="13" w="171" /><ent r="5" t="13" w="185" /><ent r="5" t="13" w="203" /><ent r="4" t="13" w="213" /><ent r="5" t="13" w="221" /><ent r="5" t="13" w="231" /><ent r="4" t="13" w="241" /><ent r="3" t="13" w="277" /><ent r="3" t="13" w="348" /><ent r="3" t="17" w="75" /><ent r="3" t="17" w="113" /><ent r="3" t="18" w="436" /><ent r="3" t="18" w="467" /><ent r="6" t="18" w="567" /><ent r="6" t="18" w="571" /><ent r="6" t="18" w="583" /><ent r="6" t="18" w="636" /><ent r="7" t="18" w="663" /><ent r="6" t="18" w="669" /><ent r="6" t="18" w="686" /><ent r="6" t="18" w="698" /><ent r="6" t="18" w="704" /><ent r="6" t="18" w="749" /><ent r="7" t="18" w="833" /><ent r="6" t="18" w="847" /><ent r="6" t="18" w="876" /><ent r="7" t="18" w="885" /><ent r="7" t="18" w="909" /><ent r="8" t="18" w="1039" /><ent r="8" t="18" w="1044" /><ent r="8" t="18" w="1091" /><ent r="7" t="18" w="1202" /><ent r="8" t="18" w="1331" /><ent r="8" t="18" w="1417" /><ent r="10" t="18" w="1436" /><ent r="9" t="18" w="1448" /><ent r="10" t="18" w="1456" /><ent r="10" t="18" w="1481" /><ent r="10" t="18" w="1545" /><ent r="3" t="18" w="2231" /><ent r="3" t="20" w="684" /><ent r="6" t="21" w="363" /><ent r="6" t="21" w="367" /><ent r="3" t="21" w="886" /><ent r="6" t="22" w="407" /><ent r="6" t="22" w="411" /><ent r="3" t="22" w="941" /><ent r="6" t="23" w="293" /><ent r="6" t="23" w="303" /><ent r="6" t="23" w="411" /><ent r="6" t="24" w="607" /><ent r="8" t="24" w="625" /><ent r="7" t="24" w="636" /><ent r="3" t="24" w="818" /><ent r="3" t="26" w="154" /><ent r="3" t="26" w="158" /><ent r="6" t="27" w="291" /><ent r="6" t="27" w="295" /><ent r="6" t="27" w="308" /><ent r="6" t="27" w="361" /><ent r="7" t="27" w="388" /><ent r="6" t="27" w="394" /><ent r="6" t="27" w="411" /><ent r="6" t="27" w="423" /><ent r="6" t="27" w="429" /><ent r="6" t="27" w="490" /><ent r="7" t="27" w="584" /><ent r="6" t="27" w="601" /><ent r="6" t="27" w="630" /><ent r="7" t="27" w="639" /><ent r="7" t="27" w="663" /><ent r="8" t="27" w="796" /><ent r="8" t="27" w="801" /><ent r="8" t="27" w="848" /><ent r="7" t="27" w="959" /><ent r="7" t="27" w="1068" /><ent r="3" t="37" w="416" /><ent r="3" t="42" w="550" /><ent r="3" t="42" w="603" /><ent r="3" t="42" w="613" /><ent r="3" t="42" w="635" /><ent r="3" t="42" w="694" /><ent r="3" t="42" w="798" /><ent r="3" t="42" w="1280" /><ent r="3" t="42" w="1389" /><ent r="3" t="42" w="1419" /><ent r="3" t="42" w="1440" /><ent r="3" t="42" w="1613" /><ent r="3" t="42" w="1826" /><ent r="3" t="42" w="1837" /><ent r="3" t="42" w="1903" /><ent r="4" t="42" w="1988" /><ent r="64" t="42" w="2035" /><ent r="3" t="42" w="2179" /><ent r="5" t="58" w="111" /><ent r="7" t="58" w="289" /><ent r="7" t="58" w="345" /><ent r="4" t="59" w="127" /></phr><phr n="passwords"><ent r="4" t="7" w="283" /><ent r="6" t="18" w="768" /><ent r="6" t="27" w="509" /><ent r="3" t="29" w="1137" /></phr></stem><stem n="attempt"><phr n="attempting"><ent r="3" t="7" w="151" /><ent r="7" t="62" w="389" /></phr><phr n="attempts"><ent r="3" t="7" w="242" /><ent r="7" t="18" w="1689" /><ent r="7" t="27" w="1205" /><ent r="3" t="42" w="900" /><ent r="7" t="62" w="367" /><ent r="7" t="62" w="553" /><ent r="7" t="62" w="583" /></phr><phr n="attempted"><ent r="4" t="47" w="436" /><ent r="6" t="68" w="127" /></phr></stem><stem n="credenti"><phr n="credentials"><ent r="3" t="7" w="160" /><ent r="3" t="7" w="251" /><ent r="4" t="7" w="294" /><ent r="5" t="7" w="412" /><ent r="3" t="9" w="79" /><ent r="3" t="9" w="122" /><ent r="3" t="9" w="220" /><ent r="7" t="10" w="174" /><ent r="3" t="13" w="85" /><ent r="3" t="13" w="355" /><ent r="3" t="18" w="397" /><ent r="3" t="18" w="422" /><ent r="3" t="18" w="452" /><ent r="3" t="18" w="454" /><ent r="7" t="18" w="526" /><ent r="7" t="18" w="529" /><ent r="8" t="18" w="541" /><ent r="7" t="18" w="598" /><ent r="7" t="18" w="601" /><ent r="8" t="18" w="613" /><ent r="6" t="18" w="771" /><ent r="6" t="18" w="788" /><ent r="6" t="18" w="816" /><ent r="7" t="18" w="900" /><ent r="6" t="18" w="916" /><ent r="6" t="18" w="952" /><ent r="6" t="18" w="1003" /><ent r="8" t="18" w="1017" /><ent r="7" t="18" w="1063" /><ent r="6" t="18" w="1102" /><ent r="3" t="24" w="77" /><ent r="3" t="24" w="119" /><ent r="8" t="24" w="654" /><ent r="3" t="25" w="40" /><ent r="6" t="25" w="354" /><ent r="6" t="25" w="381" /><ent r="4" t="26" w="113" /><ent r="3" t="27" w="148" /><ent r="3" t="27" w="176" /><ent r="3" t="27" w="178" /><ent r="7" t="27" w="250" /><ent r="7" t="27" w="253" /><ent r="8" t="27" w="265" /><ent r="7" t="27" w="323" /><ent r="7" t="27" w="326" /><ent r="8" t="27" w="338" /><ent r="6" t="27" w="512" /><ent r="6" t="27" w="529" /><ent r="6" t="27" w="557" /><ent r="7" t="27" w="573" /><ent r="7" t="27" w="654" /><ent r="6" t="27" w="670" /><ent r="6" t="27" w="706" /><ent r="6" t="27" w="760" /><ent r="8" t="27" w="774" /><ent r="7" t="27" w="820" /><ent r="6" t="27" w="859" /><ent r="4" t="29" w="925" /><ent r="3" t="29" w="1133" /><ent r="3" t="29" w="1156" /><ent r="3" t="40" w="468" /><ent r="3" t="40" w="477" /><ent r="3" t="42" w="561" /><ent r="4" t="42" w="649" /><ent r="3" t="42" w="665" /><ent r="4" t="42" w="778" /><ent r="3" t="42" w="1275" /><ent r="3" t="42" w="1537" /><ent r="3" t="42" w="1581" /><ent r="3" t="42" w="1643" /><ent r="3" t="42" w="1679" /><ent r="4" t="42" w="1711" /><ent r="4" t="47" w="217" /><ent r="3" t="48" w="58" /><ent r="3" t="48" w="401" /><ent r="3" t="48" w="580" /><ent r="3" t="49" w="53" /><ent r="4" t="49" w="364" /><ent r="3" t="50" w="36" /><ent r="3" t="51" w="68" /><ent r="4" t="51" w="1007" /><ent r="4" t="51" w="1185" /><ent r="3" t="52" w="53" /><ent r="3" t="53" w="74" /><ent r="3" t="53" w="131" /><ent r="3" t="53" w="140" /><ent r="3" t="53" w="187" /><ent r="3" t="54" w="264" /><ent r="3" t="54" w="322" /><ent r="3" t="55" w="67" /><ent r="4" t="55" w="140" /><ent r="3" t="56" w="64" /><ent r="8" t="59" w="223" /><ent r="3" t="60" w="56" /><ent r="3" t="69" w="77" /><ent r="4" t="69" w="156" /><ent r="3" t="69" w="304" /><ent r="4" t="69" w="339" /></phr><phr n="credential"><ent r="5" t="7" w="367" /><ent r="6" t="18" w="934" /><ent r="64" t="21" w="73" /><ent r="3" t="24" w="104" /><ent r="5" t="24" w="364" /><ent r="1000" t="25" w="4" /><ent r="100" t="25" w="10" /><ent r="100" t="25" w="16" /><ent r="100" t="25" w="19" /><ent r="100" t="25" w="24" /><ent r="102" t="25" w="30" /><ent r="5" t="25" w="255" /><ent r="6" t="25" w="368" /><ent r="6" t="25" w="590" /><ent r="64" t="25" w="638" /><ent r="100" t="25" w="644" /><ent r="100" t="25" w="702" /><ent r="100" t="25" w="774" /><ent r="4" t="25" w="813" /><ent r="100" t="25" w="872" /><ent r="82" t="25" w="882" /><ent r="3" t="25" w="890" /><ent r="6" t="27" w="688" /><ent r="3" t="29" w="1124" /><ent r="3" t="48" w="343" /><ent r="72" t="48" w="444" /><ent r="100" t="48" w="458" /><ent r="72" t="48" w="468" /><ent r="3" t="48" w="633" /><ent r="3" t="48" w="658" /><ent r="3" t="49" w="91" /><ent r="4" t="49" w="115" /><ent r="4" t="49" w="175" /><ent r="4" t="49" w="277" /><ent r="4" t="49" w="354" /><ent r="4" t="49" w="412" /><ent r="4" t="49" w="441" /><ent r="4" t="49" w="523" /><ent r="4" t="49" w="538" /><ent r="4" t="49" w="560" /><ent r="4" t="49" w="573" /><ent r="100" t="50" w="69" /><ent r="3" t="50" w="86" /><ent r="100" t="51" w="93" /><ent r="3" t="51" w="112" /><ent r="8" t="51" w="302" /><ent r="3" t="52" w="161" /><ent r="3" t="53" w="247" /><ent r="3" t="53" w="301" /><ent r="3" t="53" w="328" /><ent r="3" t="54" w="100" /><ent r="4" t="54" w="184" /><ent r="4" t="54" w="216" /><ent r="4" t="54" w="359" /><ent r="4" t="54" w="401" /><ent r="3" t="55" w="95" /><ent r="3" t="56" w="249" /><ent r="4" t="57" w="117" /><ent r="4" t="57" w="161" /><ent r="3" t="58" w="49" /><ent r="6" t="58" w="104" /><ent r="6" t="58" w="133" /><ent r="8" t="58" w="332" /><ent r="3" t="59" w="52" /></phr></stem><stem n="prepar"><phr n="Preparing"><ent r="64" t="7" w="165" /><ent r="82" t="7" w="197" /></phr><phr n="preparation"><ent r="100" t="7" w="195" /></phr></stem><stem n="termin"><phr n="Terminating"><ent r="64" t="7" w="189" /><ent r="100" t="7" w="640" /><ent r="82" t="7" w="642" /><ent r="3" t="7" w="653" /><ent r="64" t="8" w="126" /><ent r="100" t="8" w="355" /><ent r="82" t="8" w="357" /></phr><phr n="terminal"><ent r="4" t="7" w="583" /><ent r="4" t="7" w="671" /></phr><phr n="terminated"><ent r="4" t="7" w="630" /><ent r="3" t="8" w="282" /><ent r="4" t="8" w="440" /></phr><phr n="terminate"><ent r="4" t="7" w="735" /><ent r="3" t="8" w="362" /></phr><phr n="terminates"><ent r="4" t="7" w="778" /></phr></stem><stem n=":prepar"><phr n=":preparation"><ent r="100" t="7" w="195" /></phr></stem><stem n="therefor"><phr n="Therefore"><ent r="3" t="7" w="252" /><ent r="3" t="40" w="323" /><ent r="3" t="40" w="511" /><ent r="9" t="55" w="1167" /></phr></stem><stem n="initi"><phr n="initiating"><ent r="3" t="7" w="254" /></phr><phr n="initial"><ent r="7" t="18" w="561" /><ent r="7" t="18" w="629" /><ent r="3" t="18" w="2211" /><ent r="3" t="18" w="2253" /><ent r="3" t="20" w="664" /><ent r="3" t="20" w="706" /><ent r="3" t="21" w="866" /><ent r="3" t="21" w="908" /><ent r="3" t="22" w="921" /><ent r="3" t="22" w="963" /><ent r="7" t="27" w="285" /><ent r="7" t="27" w="354" /><ent r="3" t="29" w="158" /><ent r="3" t="41" w="115" /><ent r="3" t="48" w="767" /><ent r="3" t="60" w="129" /><ent r="3" t="60" w="236" /></phr><phr n="initially"><ent r="4" t="29" w="61" /><ent r="3" t="29" w="139" /><ent r="3" t="42" w="1316" /></phr><phr n="initialize"><ent r="7" t="62" w="272" /></phr></stem><stem n="sinc"><phr n="Since"><ent r="4" t="7" w="268" /><ent r="3" t="40" w="1075" /><ent r="3" t="42" w="1599" /><ent r="4" t="51" w="954" /><ent r="3" t="56" w="169" /><ent r="4" t="67" w="1015" /></phr></stem><stem n="must"><phr n="must"><ent r="4" t="7" w="295" /><ent r="4" t="16" w="183" /><ent r="3" t="18" w="120" /><ent r="3" t="18" w="273" /><ent r="3" t="18" w="446" /><ent r="6" t="18" w="940" /><ent r="8" t="18" w="1379" /><ent r="8" t="18" w="1410" /><ent r="3" t="20" w="177" /><ent r="3" t="21" w="196" /><ent r="3" t="22" w="167" /><ent r="6" t="22" w="288" /><ent r="6" t="24" w="592" /><ent r="3" t="27" w="170" /><ent r="6" t="27" w="694" /><ent r="7" t="29" w="401" /><ent r="3" t="29" w="651" /><ent r="4" t="29" w="979" /><ent r="3" t="32" w="291" /><ent r="5" t="32" w="435" /><ent r="3" t="33" w="59" /><ent r="3" t="34" w="59" /><ent r="3" t="35" w="38" /><ent r="3" t="35" w="100" /><ent r="3" t="35" w="246" /><ent r="3" t="40" w="110" /><ent r="3" t="40" w="183" /><ent r="3" t="40" w="286" /><ent r="3" t="40" w="327" /><ent r="3" t="40" w="854" /><ent r="3" t="42" w="408" /><ent r="3" t="42" w="427" /><ent r="3" t="42" w="1450" /><ent r="6" t="47" w="186" /><ent r="3" t="47" w="344" /><ent r="3" t="48" w="643" /><ent r="4" t="49" w="128" /><ent r="3" t="50" w="58" /><ent r="7" t="50" w="403" /><ent r="7" t="50" w="466" /><ent r="4" t="51" w="885" /><ent r="4" t="51" w="916" /><ent r="4" t="51" w="984" /><ent r="4" t="51" w="1164" /><ent r="4" t="54" w="155" /><ent r="3" t="54" w="323" /><ent r="4" t="54" w="356" /><ent r="4" t="54" w="377" /><ent r="4" t="54" w="392" /><ent r="3" t="54" w="425" /><ent r="3" t="55" w="106" /><ent r="7" t="55" w="473" /><ent r="8" t="55" w="1008" /><ent r="9" t="55" w="1028" /><ent r="9" t="55" w="1070" /><ent r="9" t="55" w="1171" /><ent r="9" t="55" w="1203" /><ent r="7" t="55" w="1334" /><ent r="7" t="55" w="1393" /><ent r="3" t="55" w="1626" /><ent r="3" t="55" w="1635" /><ent r="3" t="56" w="265" /><ent r="4" t="58" w="90" /><ent r="4" t="58" w="167" /><ent r="7" t="58" w="438" /><ent r="4" t="59" w="120" /><ent r="7" t="62" w="331" /><ent r="7" t="62" w="371" /><ent r="3" t="62" w="705" /><ent r="3" t="67" w="429" /><ent r="3" t="67" w="464" /></phr></stem><stem n="name"><phr n="name"><ent r="4" t="7" w="302" /><ent r="3" t="9" w="178" /><ent r="7" t="10" w="56" /><ent r="8" t="10" w="167" /><ent r="7" t="10" w="170" /><ent r="5" t="13" w="199" /><ent r="5" t="15" w="127" /><ent r="5" t="16" w="278" /><ent r="5" t="16" w="284" /><ent r="5" t="16" w="310" /><ent r="3" t="17" w="111" /><ent r="5" t="18" w="104" /><ent r="3" t="18" w="119" /><ent r="3" t="18" w="124" /><ent r="3" t="18" w="142" /><ent r="3" t="18" w="196" /><ent r="5" t="18" w="225" /><ent r="4" t="18" w="240" /><ent r="3" t="18" w="278" /><ent r="3" t="18" w="282" /><ent r="3" t="18" w="288" /><ent r="3" t="18" w="314" /><ent r="3" t="18" w="434" /><ent r="3" t="18" w="465" /><ent r="6" t="18" w="493" /><ent r="6" t="18" w="498" /><ent r="6" t="18" w="511" /><ent r="7" t="18" w="558" /><ent r="7" t="18" w="829" /><ent r="8" t="18" w="1036" /><ent r="8" t="18" w="1086" /><ent r="6" t="18" w="1801" /><ent r="5" t="20" w="161" /><ent r="3" t="20" w="176" /><ent r="3" t="20" w="181" /><ent r="3" t="20" w="199" /><ent r="6" t="20" w="360" /><ent r="5" t="21" w="180" /><ent r="3" t="21" w="195" /><ent r="3" t="21" w="200" /><ent r="3" t="21" w="218" /><ent r="6" t="21" w="348" /><ent r="6" t="21" w="353" /><ent r="6" t="21" w="560" /><ent r="5" t="22" w="151" /><ent r="3" t="22" w="166" /><ent r="3" t="22" w="171" /><ent r="3" t="22" w="189" /><ent r="6" t="22" w="338" /><ent r="6" t="22" w="350" /><ent r="6" t="22" w="392" /><ent r="6" t="22" w="397" /><ent r="6" t="22" w="613" /><ent r="4" t="23" w="136" /><ent r="6" t="24" w="353" /><ent r="8" t="24" w="533" /><ent r="7" t="24" w="539" /><ent r="6" t="24" w="605" /><ent r="3" t="24" w="809" /><ent r="3" t="27" w="160" /><ent r="3" t="27" w="189" /><ent r="6" t="27" w="216" /><ent r="6" t="27" w="221" /><ent r="6" t="27" w="235" /><ent r="7" t="27" w="282" /><ent r="7" t="27" w="580" /><ent r="8" t="27" w="793" /><ent r="8" t="27" w="843" /><ent r="6" t="27" w="1267" /><ent r="3" t="37" w="413" /><ent r="3" t="42" w="422" /><ent r="3" t="42" w="432" /><ent r="3" t="42" w="474" /><ent r="3" t="42" w="502" /><ent r="3" t="42" w="548" /><ent r="3" t="42" w="574" /><ent r="3" t="42" w="592" /><ent r="3" t="42" w="941" /><ent r="3" t="42" w="949" /><ent r="3" t="42" w="1248" /><ent r="3" t="42" w="1258" /><ent r="3" t="42" w="1263" /><ent r="3" t="42" w="1278" /><ent r="3" t="42" w="1387" /><ent r="3" t="42" w="1417" /><ent r="3" t="42" w="1438" /><ent r="3" t="42" w="1611" /><ent r="3" t="42" w="1876" /><ent r="3" t="42" w="1884" /><ent r="3" t="47" w="274" /><ent r="3" t="47" w="278" /><ent r="5" t="47" w="382" /><ent r="4" t="47" w="391" /><ent r="5" t="47" w="396" /><ent r="4" t="47" w="405" /><ent r="5" t="47" w="410" /><ent r="4" t="47" w="419" /><ent r="3" t="47" w="608" /><ent r="3" t="47" w="616" /><ent r="3" t="47" w="624" /><ent r="3" t="47" w="662" /><ent r="3" t="47" w="676" /><ent r="5" t="47" w="703" /><ent r="4" t="54" w="144" /><ent r="6" t="55" w="1328" /><ent r="8" t="55" w="1346" /><ent r="8" t="55" w="1364" /><ent r="8" t="55" w="1376" /><ent r="8" t="55" w="1400" /><ent r="6" t="55" w="1500" /><ent r="6" t="55" w="1523" /><ent r="7" t="55" w="1534" /><ent r="4" t="55" w="1589" /><ent r="5" t="58" w="95" /><ent r="5" t="58" w="109" /><ent r="5" t="58" w="172" /><ent r="5" t="58" w="193" /><ent r="5" t="58" w="196" /><ent r="7" t="58" w="285" /><ent r="8" t="58" w="432" /><ent r="4" t="59" w="80" /><ent r="8" t="59" w="195" /><ent r="3" t="62" w="709" /><ent r="3" t="69" w="264" /></phr><phr n="naming"><ent r="4" t="18" w="246" /></phr><phr n="names"><ent r="3" t="18" w="300" /><ent r="6" t="23" w="266" /><ent r="6" t="23" w="297" /><ent r="6" t="23" w="386" /><ent r="6" t="23" w="416" /><ent r="3" t="29" w="1135" /><ent r="3" t="42" w="1741" /><ent r="4" t="54" w="373" /><ent r="4" t="54" w="391" /><ent r="9" t="55" w="667" /><ent r="9" t="55" w="681" /><ent r="9" t="55" w="930" /><ent r="9" t="55" w="943" /><ent r="82" t="67" w="227" /><ent r="3" t="67" w="234" /><ent r="4" t="67" w="792" /><ent r="4" t="67" w="883" /></phr><phr n="named"><ent r="7" t="62" w="406" /></phr></stem><stem n="save"><phr n="saved"><ent r="4" t="7" w="304" /><ent r="3" t="7" w="437" /><ent r="3" t="7" w="443" /><ent r="3" t="13" w="108" /><ent r="6" t="18" w="703" /><ent r="6" t="18" w="709" /><ent r="6" t="27" w="428" /><ent r="6" t="27" w="434" /><ent r="3" t="29" w="142" /><ent r="3" t="29" w="197" /><ent r="7" t="29" w="576" /><ent r="7" t="33" w="478" /><ent r="7" t="33" w="549" /><ent r="3" t="35" w="267" /><ent r="3" t="37" w="147" /><ent r="4" t="38" w="151" /><ent r="3" t="41" w="82" /><ent r="3" t="42" w="43" /><ent r="82" t="42" w="983" /><ent r="3" t="42" w="1912" /><ent r="6" t="45" w="340" /><ent r="3" t="70" w="102" /></phr><phr n="save"><ent r="4" t="7" w="316" /><ent r="6" t="7" w="372" /><ent r="5" t="7" w="390" /><ent r="5" t="7" w="402" /><ent r="3" t="7" w="425" /><ent r="7" t="18" w="662" /><ent r="6" t="18" w="668" /><ent r="6" t="18" w="767" /><ent r="7" t="18" w="884" /><ent r="7" t="18" w="908" /><ent r="8" t="18" w="1043" /><ent r="8" t="24" w="624" /><ent r="7" t="24" w="632" /><ent r="7" t="27" w="387" /><ent r="6" t="27" w="393" /><ent r="6" t="27" w="508" /><ent r="7" t="27" w="638" /><ent r="7" t="27" w="662" /><ent r="8" t="27" w="800" /><ent r="5" t="36" w="121" /><ent r="5" t="55" w="1719" /><ent r="4" t="63" w="145" /><ent r="4" t="64" w="230" /><ent r="4" t="65" w="187" /><ent r="4" t="66" w="300" /></phr><phr n="Saving"><ent r="6" t="18" w="696" /><ent r="6" t="27" w="421" /></phr><phr n="saves"><ent r="4" t="38" w="61" /><ent r="3" t="42" w="924" /><ent r="3" t="42" w="1855" /></phr></stem><stem n="[identity]"><phr n="[Identity]"><ent r="5" t="7" w="364" /><ent r="4" t="16" w="305" /><ent r="3" t="16" w="334" /><ent r="3" t="18" w="155" /><ent r="4" t="18" w="402" /><ent r="5" t="18" w="483" /><ent r="4" t="20" w="243" /><ent r="4" t="21" w="262" /><ent r="5" t="21" w="272" /><ent r="4" t="21" w="424" /><ent r="4" t="22" w="233" /><ent r="5" t="22" w="243" /><ent r="4" t="22" w="443" /><ent r="4" t="27" w="128" /><ent r="5" t="27" w="205" /><ent r="4" t="42" w="1081" /><ent r="4" t="42" w="2134" /><ent r="7" t="58" w="282" /></phr></stem><stem n="tab"><phr n="tab"><ent r="5" t="7" w="364" /><ent r="4" t="16" w="272" /><ent r="3" t="16" w="300" /><ent r="4" t="16" w="305" /><ent r="3" t="16" w="334" /><ent r="4" t="18" w="91" /><ent r="3" t="18" w="155" /><ent r="4" t="18" w="402" /><ent r="5" t="18" w="483" /><ent r="4" t="18" w="1557" /><ent r="5" t="18" w="1567" /><ent r="4" t="18" w="2157" /><ent r="4" t="18" w="2342" /><ent r="3" t="18" w="2441" /><ent r="3" t="18" w="2454" /><ent r="4" t="20" w="143" /><ent r="4" t="20" w="243" /><ent r="4" t="20" w="268" /><ent r="5" t="20" w="278" /><ent r="4" t="20" w="610" /><ent r="4" t="20" w="795" /><ent r="3" t="20" w="894" /><ent r="3" t="20" w="907" /><ent r="4" t="21" w="162" /><ent r="4" t="21" w="262" /><ent r="5" t="21" w="272" /><ent r="4" t="21" w="424" /><ent r="4" t="21" w="468" /><ent r="5" t="21" w="478" /><ent r="4" t="21" w="810" /><ent r="4" t="21" w="997" /><ent r="3" t="21" w="1096" /><ent r="3" t="21" w="1109" /><ent r="4" t="22" w="133" /><ent r="4" t="22" w="233" /><ent r="5" t="22" w="243" /><ent r="4" t="22" w="443" /><ent r="4" t="22" w="521" /><ent r="5" t="22" w="531" /><ent r="4" t="22" w="863" /><ent r="4" t="22" w="1052" /><ent r="3" t="22" w="1151" /><ent r="3" t="22" w="1164" /><ent r="4" t="23" w="101" /><ent r="7" t="24" w="525" /><ent r="3" t="24" w="782" /><ent r="4" t="27" w="99" /><ent r="4" t="27" w="128" /><ent r="5" t="27" w="205" /><ent r="4" t="27" w="1075" /><ent r="5" t="27" w="1085" /><ent r="4" t="27" w="1513" /><ent r="4" t="27" w="1592" /><ent r="3" t="28" w="207" /><ent r="3" t="29" w="235" /><ent r="3" t="29" w="248" /><ent r="3" t="30" w="66" /><ent r="4" t="31" w="174" /><ent r="4" t="32" w="99" /><ent r="4" t="32" w="360" /><ent r="4" t="33" w="205" /><ent r="4" t="34" w="140" /><ent r="4" t="34" w="216" /><ent r="4" t="35" w="225" /><ent r="4" t="36" w="102" /><ent r="3" t="42" w="451" /><ent r="4" t="42" w="1081" /><ent r="4" t="42" w="2134" /><ent r="3" t="42" w="2157" /><ent r="7" t="58" w="282" /><ent r="7" t="58" w="437" /><ent r="7" t="68" w="76" /></phr><phr n="tabs"><ent r="7" t="58" w="443" /></phr></stem></index>