<?xml version="1.0" encoding="utf-8"?><index><stem n="yboard"><phr n="keyboard"><ent r="4" t="2" w="167" /><ent r="4" t="2" w="167" /><ent r="3" t="4" w="100" /><ent r="3" t="4" w="100" /></phr></stem><stem n="keyboar"><phr n="keyboard"><ent r="4" t="2" w="167" /><ent r="4" t="2" w="167" /><ent r="3" t="4" w="100" /><ent r="3" t="4" w="100" /></phr></stem><stem n="eyboard"><phr n="keyboard"><ent r="4" t="2" w="167" /><ent r="4" t="2" w="167" /><ent r="3" t="4" w="100" /><ent r="3" t="4" w="100" /></phr></stem><stem n="kei"><phr n="key"><ent r="4" t="2" w="168" /><ent r="3" t="4" w="109" /><ent r="3" t="4" w="109" /><ent r="100" t="12" w="100" /><ent r="100" t="12" w="100" /><ent r="100" t="12" w="103" /><ent r="100" t="12" w="103" /><ent r="4" t="12" w="116" /><ent r="5" t="12" w="145" /><ent r="5" t="12" w="145" /><ent r="5" t="12" w="152" /><ent r="5" t="12" w="152" /><ent r="5" t="12" w="186" /><ent r="5" t="12" w="186" /><ent r="3" t="12" w="290" /><ent r="3" t="12" w="290" /><ent r="4" t="12" w="309" /><ent r="4" t="12" w="309" /><ent r="3" t="13" w="338" /><ent r="3" t="13" w="338" /><ent r="8" t="18" w="1413" /><ent r="8" t="18" w="1413" /><ent r="9" t="18" w="1498" /><ent r="3" t="24" w="262" /><ent r="6" t="24" w="634" /><ent r="6" t="24" w="634" /><ent r="100" t="29" w="14" /><ent r="100" t="29" w="14" /><ent r="4" t="29" w="1102" /><ent r="4" t="29" w="1102" /><ent r="100" t="40" w="1076" /><ent r="100" t="40" w="1076" /><ent r="3" t="42" w="331" /><ent r="3" t="42" w="331" /><ent r="3" t="42" w="1278" /><ent r="3" t="42" w="1278" /><ent r="3" t="42" w="1348" /><ent r="3" t="42" w="1348" /><ent r="3" t="42" w="1397" /><ent r="3" t="42" w="1397" /><ent r="3" t="42" w="1577" /><ent r="3" t="42" w="1577" /><ent r="3" t="42" w="1643" /><ent r="3" t="42" w="1643" /><ent r="3" t="42" w="1862" /><ent r="3" t="42" w="1862" /><ent r="3" t="42" w="1937" /><ent r="3" t="42" w="1937" /><ent r="3" t="42" w="1977" /><ent r="3" t="42" w="1977" /><ent r="9" t="55" w="700" /><ent r="9" t="55" w="714" /><ent r="8" t="55" w="743" /><ent r="8" t="55" w="743" /><ent r="8" t="55" w="748" /><ent r="8" t="55" w="748" /><ent r="8" t="55" w="816" /><ent r="4" t="59" w="94" /><ent r="4" t="59" w="94" /><ent r="7" t="63" w="302" /><ent r="7" t="63" w="302" /><ent r="7" t="63" w="393" /><ent r="7" t="63" w="393" /><ent r="7" t="63" w="565" /><ent r="7" t="63" w="565" /><ent r="7" t="63" w="594" /><ent r="7" t="63" w="594" /><ent r="7" t="63" w="621" /><ent r="7" t="63" w="621" /><ent r="7" t="63" w="641" /><ent r="7" t="63" w="641" /><ent r="100" t="67" w="9" /><ent r="100" t="67" w="9" /><ent r="100" t="67" w="12" /><ent r="100" t="67" w="12" /><ent r="100" t="67" w="18" /><ent r="100" t="67" w="18" /><ent r="3" t="67" w="49" /><ent r="3" t="67" w="49" /><ent r="3" t="67" w="55" /><ent r="3" t="67" w="55" /><ent r="3" t="67" w="62" /><ent r="3" t="67" w="62" /><ent r="3" t="67" w="74" /><ent r="3" t="67" w="74" /><ent r="3" t="67" w="78" /><ent r="3" t="67" w="78" /><ent r="3" t="67" w="105" /><ent r="3" t="67" w="105" /><ent r="3" t="67" w="112" /><ent r="3" t="67" w="112" /><ent r="4" t="67" w="165" /><ent r="4" t="67" w="165" /><ent r="4" t="67" w="172" /><ent r="4" t="67" w="172" /><ent r="4" t="67" w="194" /><ent r="4" t="67" w="194" /><ent r="4" t="67" w="229" /><ent r="4" t="67" w="229" /><ent r="3" t="67" w="302" /><ent r="3" t="67" w="302" /><ent r="100" t="68" w="8" /><ent r="100" t="68" w="8" /><ent r="100" t="68" w="11" /><ent r="100" t="68" w="11" /><ent r="3" t="68" w="22" /><ent r="3" t="68" w="22" /><ent r="3" t="68" w="60" /><ent r="3" t="68" w="60" /><ent r="3" t="68" w="120" /><ent r="3" t="68" w="120" /><ent r="3" t="68" w="157" /><ent r="3" t="68" w="157" /><ent r="3" t="68" w="236" /><ent r="3" t="68" w="236" /><ent r="5" t="68" w="254" /><ent r="5" t="68" w="254" /><ent r="7" t="68" w="271" /><ent r="7" t="68" w="271" /><ent r="7" t="68" w="279" /><ent r="7" t="68" w="282" /><ent r="7" t="68" w="282" /><ent r="3" t="68" w="502" /><ent r="3" t="68" w="502" /></phr><phr n="Key"><ent r="6" t="12" w="206" /><ent r="6" t="12" w="206" /><ent r="92" t="12" w="284" /><ent r="92" t="12" w="284" /><ent r="4" t="16" w="195" /><ent r="4" t="16" w="195" /><ent r="4" t="42" w="1246" /><ent r="8" t="55" w="661" /><ent r="9" t="55" w="668" /><ent r="8" t="55" w="681" /><ent r="8" t="55" w="757" /><ent r="8" t="55" w="792" /><ent r="8" t="55" w="866" /><ent r="7" t="63" w="83" /><ent r="7" t="63" w="211" /><ent r="7" t="63" w="211" /><ent r="68" t="63" w="222" /><ent r="68" t="63" w="222" /><ent r="7" t="63" w="243" /><ent r="7" t="63" w="243" /><ent r="68" t="63" w="254" /><ent r="68" t="63" w="254" /><ent r="1000" t="67" w="2" /><ent r="1000" t="67" w="2" /><ent r="102" t="67" w="22" /><ent r="102" t="67" w="22" /><ent r="1000" t="68" w="1" /><ent r="1000" t="68" w="1" /><ent r="102" t="68" w="16" /><ent r="102" t="68" w="16" /><ent r="64" t="68" w="75" /><ent r="64" t="68" w="75" /><ent r="65" t="68" w="215" /><ent r="65" t="68" w="215" /></phr><phr n="keys"><ent r="3" t="42" w="1893" /><ent r="3" t="42" w="1893" /><ent r="7" t="63" w="509" /><ent r="7" t="63" w="509" /></phr></stem><stem n="click"><phr n="Click"><ent r="4" t="2" w="171" /><ent r="4" t="2" w="171" /><ent r="4" t="6" w="190" /><ent r="4" t="6" w="190" /><ent r="5" t="7" w="402" /><ent r="5" t="7" w="402" /><ent r="4" t="8" w="366" /><ent r="4" t="8" w="366" /><ent r="4" t="8" w="460" /><ent r="4" t="8" w="460" /><ent r="4" t="11" w="51" /><ent r="4" t="11" w="51" /><ent r="4" t="12" w="57" /><ent r="4" t="12" w="57" /><ent r="4" t="12" w="87" /><ent r="4" t="12" w="87" /><ent r="4" t="13" w="193" /><ent r="4" t="13" w="193" /><ent r="4" t="13" w="246" /><ent r="4" t="13" w="246" /><ent r="4" t="14" w="186" /><ent r="4" t="14" w="186" /><ent r="4" t="15" w="92" /><ent r="4" t="15" w="92" /><ent r="4" t="16" w="261" /><ent r="4" t="16" w="261" /><ent r="7" t="18" w="1156" /><ent r="7" t="18" w="1156" /><ent r="7" t="18" w="1200" /><ent r="7" t="18" w="1200" /><ent r="7" t="18" w="1232" /><ent r="7" t="18" w="1232" /><ent r="7" t="18" w="1285" /><ent r="7" t="18" w="1285" /><ent r="9" t="18" w="1385" /><ent r="9" t="18" w="1385" /><ent r="9" t="18" w="1511" /><ent r="9" t="18" w="1511" /><ent r="9" t="18" w="1558" /><ent r="9" t="18" w="1558" /><ent r="6" t="18" w="1879" /><ent r="6" t="18" w="1879" /><ent r="6" t="18" w="1888" /><ent r="6" t="18" w="1888" /><ent r="4" t="18" w="2508" /><ent r="4" t="18" w="2508" /><ent r="6" t="20" w="415" /><ent r="6" t="20" w="415" /><ent r="6" t="20" w="424" /><ent r="6" t="20" w="424" /><ent r="4" t="20" w="935" /><ent r="4" t="20" w="935" /><ent r="4" t="21" w="151" /><ent r="4" t="21" w="151" /><ent r="4" t="21" w="382" /><ent r="4" t="21" w="382" /><ent r="6" t="21" w="614" /><ent r="6" t="21" w="614" /><ent r="6" t="21" w="623" /><ent r="6" t="21" w="623" /><ent r="4" t="21" w="1136" /><ent r="4" t="21" w="1136" /><ent r="4" t="22" w="122" /><ent r="4" t="22" w="122" /><ent r="4" t="22" w="426" /><ent r="4" t="22" w="426" /><ent r="6" t="22" w="669" /><ent r="6" t="22" w="669" /><ent r="6" t="22" w="678" /><ent r="6" t="22" w="678" /><ent r="4" t="22" w="1192" /><ent r="4" t="22" w="1192" /><ent r="4" t="23" w="126" /><ent r="4" t="23" w="126" /><ent r="4" t="23" w="152" /><ent r="4" t="23" w="152" /><ent r="4" t="23" w="162" /><ent r="4" t="23" w="162" /><ent r="7" t="24" w="571" /><ent r="7" t="24" w="571" /><ent r="7" t="24" w="588" /><ent r="7" t="24" w="588" /><ent r="7" t="24" w="685" /><ent r="7" t="24" w="685" /><ent r="7" t="24" w="708" /><ent r="7" t="24" w="708" /><ent r="7" t="24" w="756" /><ent r="7" t="24" w="756" /><ent r="4" t="24" w="775" /><ent r="4" t="24" w="775" /><ent r="7" t="27" w="911" /><ent r="7" t="27" w="911" /><ent r="7" t="27" w="955" /><ent r="7" t="27" w="955" /><ent r="7" t="27" w="987" /><ent r="7" t="27" w="987" /><ent r="7" t="27" w="1040" /><ent r="7" t="27" w="1040" /><ent r="7" t="27" w="1073" /><ent r="7" t="27" w="1073" /><ent r="6" t="27" w="1343" /><ent r="6" t="27" w="1343" /><ent r="6" t="27" w="1352" /><ent r="6" t="27" w="1352" /><ent r="4" t="27" w="1632" /><ent r="4" t="27" w="1632" /><ent r="4" t="27" w="1720" /><ent r="4" t="27" w="1720" /><ent r="4" t="27" w="1774" /><ent r="4" t="27" w="1774" /><ent r="4" t="31" w="227" /><ent r="4" t="31" w="227" /><ent r="4" t="32" w="141" /><ent r="4" t="32" w="141" /><ent r="4" t="32" w="495" /><ent r="4" t="32" w="495" /><ent r="4" t="33" w="577" /><ent r="4" t="33" w="577" /><ent r="4" t="34" w="210" /><ent r="4" t="34" w="210" /><ent r="4" t="35" w="204" /><ent r="4" t="35" w="204" /><ent r="4" t="35" w="239" /><ent r="4" t="35" w="239" /><ent r="4" t="35" w="341" /><ent r="4" t="35" w="341" /><ent r="4" t="36" w="72" /><ent r="4" t="36" w="72" /><ent r="4" t="36" w="107" /><ent r="4" t="36" w="107" /><ent r="4" t="42" w="1097" /><ent r="4" t="42" w="1097" /><ent r="4" t="42" w="2196" /><ent r="4" t="42" w="2196" /><ent r="4" t="45" w="512" /><ent r="4" t="45" w="512" /><ent r="7" t="55" w="503" /><ent r="7" t="55" w="503" /><ent r="4" t="55" w="1593" /><ent r="4" t="55" w="1593" /><ent r="4" t="60" w="300" /><ent r="4" t="60" w="300" /><ent r="4" t="60" w="318" /><ent r="4" t="60" w="318" /><ent r="4" t="70" w="171" /><ent r="4" t="70" w="171" /><ent r="4" t="70" w="289" /><ent r="4" t="70" w="289" /></phr><phr n="click"><ent r="4" t="6" w="138" /><ent r="4" t="6" w="138" /><ent r="5" t="7" w="371" /><ent r="5" t="7" w="371" /><ent r="4" t="8" w="312" /><ent r="4" t="8" w="406" /><ent r="5" t="12" w="135" /><ent r="5" t="12" w="135" /><ent r="5" t="12" w="169" /><ent r="5" t="12" w="169" /><ent r="4" t="13" w="218" /><ent r="4" t="13" w="218" /><ent r="4" t="15" w="108" /><ent r="4" t="15" w="108" /><ent r="4" t="15" w="132" /><ent r="4" t="15" w="132" /><ent r="4" t="18" w="80" /><ent r="4" t="18" w="80" /><ent r="3" t="18" w="160" /><ent r="3" t="18" w="160" /><ent r="9" t="18" w="1396" /><ent r="9" t="18" w="1396" /><ent r="9" t="18" w="1465" /><ent r="9" t="18" w="1465" /><ent r="9" t="18" w="1575" /><ent r="9" t="18" w="1575" /><ent r="4" t="20" w="83" /><ent r="4" t="20" w="83" /><ent r="4" t="20" w="132" /><ent r="4" t="20" w="132" /><ent r="3" t="20" w="212" /><ent r="3" t="20" w="212" /><ent r="4" t="20" w="252" /><ent r="4" t="20" w="252" /><ent r="4" t="21" w="118" /><ent r="4" t="21" w="118" /><ent r="3" t="21" w="231" /><ent r="3" t="21" w="231" /><ent r="4" t="21" w="402" /><ent r="4" t="21" w="402" /><ent r="3" t="21" w="452" /><ent r="3" t="21" w="452" /><ent r="4" t="22" w="90" /><ent r="4" t="22" w="90" /><ent r="3" t="22" w="202" /><ent r="3" t="22" w="202" /><ent r="4" t="24" w="477" /><ent r="4" t="24" w="477" /><ent r="4" t="24" w="524" /><ent r="4" t="24" w="524" /><ent r="7" t="24" w="604" /><ent r="7" t="24" w="604" /><ent r="7" t="24" w="765" /><ent r="7" t="24" w="765" /><ent r="3" t="24" w="806" /><ent r="3" t="24" w="806" /><ent r="4" t="27" w="89" /><ent r="4" t="27" w="89" /><ent r="4" t="27" w="1650" /><ent r="4" t="27" w="1650" /><ent r="4" t="27" w="1665" /><ent r="4" t="27" w="1665" /><ent r="4" t="31" w="163" /><ent r="4" t="31" w="163" /><ent r="4" t="32" w="84" /><ent r="4" t="32" w="84" /><ent r="4" t="32" w="367" /><ent r="4" t="32" w="367" /><ent r="4" t="33" w="194" /><ent r="4" t="33" w="194" /><ent r="4" t="33" w="236" /><ent r="4" t="33" w="236" /><ent r="3" t="34" w="55" /><ent r="4" t="34" w="131" /><ent r="4" t="34" w="131" /><ent r="5" t="34" w="183" /><ent r="5" t="34" w="183" /><ent r="5" t="34" w="193" /><ent r="5" t="34" w="193" /><ent r="4" t="35" w="249" /><ent r="4" t="35" w="249" /><ent r="4" t="36" w="122" /><ent r="4" t="36" w="122" /><ent r="4" t="42" w="1130" /><ent r="4" t="42" w="1130" /><ent r="4" t="42" w="2229" /><ent r="4" t="42" w="2229" /><ent r="7" t="50" w="378" /><ent r="7" t="50" w="378" /><ent r="7" t="51" w="343" /><ent r="7" t="51" w="343" /><ent r="7" t="51" w="369" /><ent r="7" t="51" w="369" /><ent r="3" t="55" w="1680" /><ent r="4" t="55" w="1747" /><ent r="4" t="55" w="1747" /><ent r="7" t="59" w="240" /><ent r="7" t="59" w="240" /><ent r="3" t="62" w="432" /><ent r="3" t="62" w="432" /></phr><phr n="Right-click"><ent r="4" t="8" w="311" /><ent r="4" t="8" w="311" /><ent r="4" t="8" w="405" /><ent r="4" t="8" w="405" /></phr><phr n="clicked"><ent r="3" t="22" w="522" /></phr><phr n="double-clicking"><ent r="4" t="55" w="1615" /><ent r="4" t="55" w="1615" /></phr><phr n="clicking"><ent r="4" t="55" w="1616" /><ent r="4" t="55" w="1623" /><ent r="4" t="55" w="1623" /></phr><phr n="right-click"><ent r="3" t="55" w="1679" /><ent r="3" t="55" w="1679" /></phr><phr n="Clicking"><ent r="3" t="70" w="57" /><ent r="3" t="70" w="57" /></phr></stem><stem n="clic"><phr n="Click"><ent r="4" t="2" w="171" /><ent r="4" t="2" w="171" /><ent r="4" t="6" w="190" /><ent r="4" t="6" w="190" /><ent r="5" t="7" w="402" /><ent r="5" t="7" w="402" /><ent r="4" t="8" w="366" /><ent r="4" t="8" w="366" /><ent r="4" t="8" w="460" /><ent r="4" t="8" w="460" /><ent r="4" t="11" w="51" /><ent r="4" t="11" w="51" /><ent r="4" t="12" w="57" /><ent r="4" t="12" w="57" /><ent r="4" t="12" w="87" /><ent r="4" t="12" w="87" /><ent r="4" t="13" w="193" /><ent r="4" t="13" w="193" /><ent r="4" t="13" w="246" /><ent r="4" t="13" w="246" /><ent r="4" t="14" w="186" /><ent r="4" t="14" w="186" /><ent r="4" t="15" w="92" /><ent r="4" t="15" w="92" /><ent r="4" t="16" w="261" /><ent r="4" t="16" w="261" /><ent r="7" t="18" w="1156" /><ent r="7" t="18" w="1156" /><ent r="7" t="18" w="1200" /><ent r="7" t="18" w="1200" /><ent r="7" t="18" w="1232" /><ent r="7" t="18" w="1232" /><ent r="7" t="18" w="1285" /><ent r="7" t="18" w="1285" /><ent r="9" t="18" w="1385" /><ent r="9" t="18" w="1385" /><ent r="9" t="18" w="1511" /><ent r="9" t="18" w="1511" /><ent r="9" t="18" w="1558" /><ent r="9" t="18" w="1558" /><ent r="6" t="18" w="1879" /><ent r="6" t="18" w="1879" /><ent r="6" t="18" w="1888" /><ent r="6" t="18" w="1888" /><ent r="4" t="18" w="2508" /><ent r="4" t="18" w="2508" /><ent r="6" t="20" w="415" /><ent r="6" t="20" w="415" /><ent r="6" t="20" w="424" /><ent r="6" t="20" w="424" /><ent r="4" t="20" w="935" /><ent r="4" t="20" w="935" /><ent r="4" t="21" w="151" /><ent r="4" t="21" w="151" /><ent r="4" t="21" w="382" /><ent r="4" t="21" w="382" /><ent r="6" t="21" w="614" /><ent r="6" t="21" w="614" /><ent r="6" t="21" w="623" /><ent r="6" t="21" w="623" /><ent r="4" t="21" w="1136" /><ent r="4" t="21" w="1136" /><ent r="4" t="22" w="122" /><ent r="4" t="22" w="122" /><ent r="4" t="22" w="426" /><ent r="4" t="22" w="426" /><ent r="6" t="22" w="669" /><ent r="6" t="22" w="669" /><ent r="6" t="22" w="678" /><ent r="6" t="22" w="678" /><ent r="4" t="22" w="1192" /><ent r="4" t="22" w="1192" /><ent r="4" t="23" w="126" /><ent r="4" t="23" w="126" /><ent r="4" t="23" w="152" /><ent r="4" t="23" w="152" /><ent r="4" t="23" w="162" /><ent r="4" t="23" w="162" /><ent r="7" t="24" w="571" /><ent r="7" t="24" w="571" /><ent r="7" t="24" w="588" /><ent r="7" t="24" w="588" /><ent r="7" t="24" w="685" /><ent r="7" t="24" w="685" /><ent r="7" t="24" w="708" /><ent r="7" t="24" w="708" /><ent r="7" t="24" w="756" /><ent r="7" t="24" w="756" /><ent r="4" t="24" w="775" /><ent r="4" t="24" w="775" /><ent r="7" t="27" w="911" /><ent r="7" t="27" w="911" /><ent r="7" t="27" w="955" /><ent r="7" t="27" w="955" /><ent r="7" t="27" w="987" /><ent r="7" t="27" w="987" /><ent r="7" t="27" w="1040" /><ent r="7" t="27" w="1040" /><ent r="7" t="27" w="1073" /><ent r="7" t="27" w="1073" /><ent r="6" t="27" w="1343" /><ent r="6" t="27" w="1343" /><ent r="6" t="27" w="1352" /><ent r="6" t="27" w="1352" /><ent r="4" t="27" w="1632" /><ent r="4" t="27" w="1632" /><ent r="4" t="27" w="1720" /><ent r="4" t="27" w="1720" /><ent r="4" t="27" w="1774" /><ent r="4" t="27" w="1774" /><ent r="4" t="31" w="227" /><ent r="4" t="31" w="227" /><ent r="4" t="32" w="141" /><ent r="4" t="32" w="141" /><ent r="4" t="32" w="495" /><ent r="4" t="32" w="495" /><ent r="4" t="33" w="577" /><ent r="4" t="33" w="577" /><ent r="4" t="34" w="210" /><ent r="4" t="34" w="210" /><ent r="4" t="35" w="204" /><ent r="4" t="35" w="204" /><ent r="4" t="35" w="239" /><ent r="4" t="35" w="239" /><ent r="4" t="35" w="341" /><ent r="4" t="35" w="341" /><ent r="4" t="36" w="72" /><ent r="4" t="36" w="72" /><ent r="4" t="36" w="107" /><ent r="4" t="36" w="107" /><ent r="4" t="42" w="1097" /><ent r="4" t="42" w="1097" /><ent r="4" t="42" w="2196" /><ent r="4" t="42" w="2196" /><ent r="4" t="45" w="512" /><ent r="4" t="45" w="512" /><ent r="7" t="55" w="503" /><ent r="7" t="55" w="503" /><ent r="4" t="55" w="1593" /><ent r="4" t="55" w="1593" /><ent r="4" t="60" w="300" /><ent r="4" t="60" w="300" /><ent r="4" t="60" w="318" /><ent r="4" t="60" w="318" /><ent r="4" t="70" w="171" /><ent r="4" t="70" w="171" /><ent r="4" t="70" w="289" /><ent r="4" t="70" w="289" /></phr><phr n="click"><ent r="4" t="6" w="138" /><ent r="4" t="6" w="138" /><ent r="5" t="7" w="371" /><ent r="5" t="7" w="371" /><ent r="4" t="8" w="312" /><ent r="4" t="8" w="406" /><ent r="5" t="12" w="135" /><ent r="5" t="12" w="135" /><ent r="5" t="12" w="169" /><ent r="5" t="12" w="169" /><ent r="4" t="13" w="218" /><ent r="4" t="13" w="218" /><ent r="4" t="15" w="108" /><ent r="4" t="15" w="108" /><ent r="4" t="15" w="132" /><ent r="4" t="15" w="132" /><ent r="4" t="18" w="80" /><ent r="4" t="18" w="80" /><ent r="3" t="18" w="160" /><ent r="3" t="18" w="160" /><ent r="9" t="18" w="1396" /><ent r="9" t="18" w="1396" /><ent r="9" t="18" w="1465" /><ent r="9" t="18" w="1465" /><ent r="9" t="18" w="1575" /><ent r="9" t="18" w="1575" /><ent r="4" t="20" w="83" /><ent r="4" t="20" w="83" /><ent r="4" t="20" w="132" /><ent r="4" t="20" w="132" /><ent r="3" t="20" w="212" /><ent r="3" t="20" w="212" /><ent r="4" t="20" w="252" /><ent r="4" t="20" w="252" /><ent r="4" t="21" w="118" /><ent r="4" t="21" w="118" /><ent r="3" t="21" w="231" /><ent r="3" t="21" w="231" /><ent r="4" t="21" w="402" /><ent r="4" t="21" w="402" /><ent r="3" t="21" w="452" /><ent r="3" t="21" w="452" /><ent r="4" t="22" w="90" /><ent r="4" t="22" w="90" /><ent r="3" t="22" w="202" /><ent r="3" t="22" w="202" /><ent r="4" t="24" w="477" /><ent r="4" t="24" w="477" /><ent r="4" t="24" w="524" /><ent r="4" t="24" w="524" /><ent r="7" t="24" w="604" /><ent r="7" t="24" w="604" /><ent r="7" t="24" w="765" /><ent r="7" t="24" w="765" /><ent r="3" t="24" w="806" /><ent r="3" t="24" w="806" /><ent r="4" t="27" w="89" /><ent r="4" t="27" w="89" /><ent r="4" t="27" w="1650" /><ent r="4" t="27" w="1650" /><ent r="4" t="27" w="1665" /><ent r="4" t="27" w="1665" /><ent r="4" t="31" w="163" /><ent r="4" t="31" w="163" /><ent r="4" t="32" w="84" /><ent r="4" t="32" w="84" /><ent r="4" t="32" w="367" /><ent r="4" t="32" w="367" /><ent r="4" t="33" w="194" /><ent r="4" t="33" w="194" /><ent r="4" t="33" w="236" /><ent r="4" t="33" w="236" /><ent r="3" t="34" w="55" /><ent r="4" t="34" w="131" /><ent r="4" t="34" w="131" /><ent r="5" t="34" w="183" /><ent r="5" t="34" w="183" /><ent r="5" t="34" w="193" /><ent r="5" t="34" w="193" /><ent r="4" t="35" w="249" /><ent r="4" t="35" w="249" /><ent r="4" t="36" w="122" /><ent r="4" t="36" w="122" /><ent r="4" t="42" w="1130" /><ent r="4" t="42" w="1130" /><ent r="4" t="42" w="2229" /><ent r="4" t="42" w="2229" /><ent r="7" t="50" w="378" /><ent r="7" t="50" w="378" /><ent r="7" t="51" w="343" /><ent r="7" t="51" w="343" /><ent r="7" t="51" w="369" /><ent r="7" t="51" w="369" /><ent r="3" t="55" w="1680" /><ent r="4" t="55" w="1747" /><ent r="4" t="55" w="1747" /><ent r="7" t="59" w="240" /><ent r="7" t="59" w="240" /><ent r="3" t="62" w="432" /><ent r="3" t="62" w="432" /></phr><phr n="Right-click"><ent r="4" t="8" w="311" /><ent r="4" t="8" w="311" /><ent r="4" t="8" w="405" /><ent r="4" t="8" w="405" /></phr><phr n="clicked"><ent r="3" t="22" w="522" /></phr><phr n="double-clicking"><ent r="4" t="55" w="1615" /><ent r="4" t="55" w="1615" /></phr><phr n="clicking"><ent r="4" t="55" w="1616" /><ent r="4" t="55" w="1623" /><ent r="4" t="55" w="1623" /></phr><phr n="right-click"><ent r="3" t="55" w="1679" /><ent r="3" t="55" w="1679" /></phr><phr n="Clicking"><ent r="3" t="70" w="57" /><ent r="3" t="70" w="57" /></phr></stem><stem n="lick"><phr n="Click"><ent r="4" t="2" w="171" /><ent r="4" t="2" w="171" /><ent r="4" t="6" w="190" /><ent r="4" t="6" w="190" /><ent r="5" t="7" w="402" /><ent r="5" t="7" w="402" /><ent r="4" t="8" w="366" /><ent r="4" t="8" w="366" /><ent r="4" t="8" w="460" /><ent r="4" t="8" w="460" /><ent r="4" t="11" w="51" /><ent r="4" t="11" w="51" /><ent r="4" t="12" w="57" /><ent r="4" t="12" w="57" /><ent r="4" t="12" w="87" /><ent r="4" t="12" w="87" /><ent r="4" t="13" w="193" /><ent r="4" t="13" w="193" /><ent r="4" t="13" w="246" /><ent r="4" t="13" w="246" /><ent r="4" t="14" w="186" /><ent r="4" t="14" w="186" /><ent r="4" t="15" w="92" /><ent r="4" t="15" w="92" /><ent r="4" t="16" w="261" /><ent r="4" t="16" w="261" /><ent r="7" t="18" w="1156" /><ent r="7" t="18" w="1156" /><ent r="7" t="18" w="1200" /><ent r="7" t="18" w="1200" /><ent r="7" t="18" w="1232" /><ent r="7" t="18" w="1232" /><ent r="7" t="18" w="1285" /><ent r="7" t="18" w="1285" /><ent r="9" t="18" w="1385" /><ent r="9" t="18" w="1385" /><ent r="9" t="18" w="1511" /><ent r="9" t="18" w="1511" /><ent r="9" t="18" w="1558" /><ent r="9" t="18" w="1558" /><ent r="6" t="18" w="1879" /><ent r="6" t="18" w="1879" /><ent r="6" t="18" w="1888" /><ent r="6" t="18" w="1888" /><ent r="4" t="18" w="2508" /><ent r="4" t="18" w="2508" /><ent r="6" t="20" w="415" /><ent r="6" t="20" w="415" /><ent r="6" t="20" w="424" /><ent r="6" t="20" w="424" /><ent r="4" t="20" w="935" /><ent r="4" t="20" w="935" /><ent r="4" t="21" w="151" /><ent r="4" t="21" w="151" /><ent r="4" t="21" w="382" /><ent r="4" t="21" w="382" /><ent r="6" t="21" w="614" /><ent r="6" t="21" w="614" /><ent r="6" t="21" w="623" /><ent r="6" t="21" w="623" /><ent r="4" t="21" w="1136" /><ent r="4" t="21" w="1136" /><ent r="4" t="22" w="122" /><ent r="4" t="22" w="122" /><ent r="4" t="22" w="426" /><ent r="4" t="22" w="426" /><ent r="6" t="22" w="669" /><ent r="6" t="22" w="669" /><ent r="6" t="22" w="678" /><ent r="6" t="22" w="678" /><ent r="4" t="22" w="1192" /><ent r="4" t="22" w="1192" /><ent r="4" t="23" w="126" /><ent r="4" t="23" w="126" /><ent r="4" t="23" w="152" /><ent r="4" t="23" w="152" /><ent r="4" t="23" w="162" /><ent r="4" t="23" w="162" /><ent r="7" t="24" w="571" /><ent r="7" t="24" w="571" /><ent r="7" t="24" w="588" /><ent r="7" t="24" w="588" /><ent r="7" t="24" w="685" /><ent r="7" t="24" w="685" /><ent r="7" t="24" w="708" /><ent r="7" t="24" w="708" /><ent r="7" t="24" w="756" /><ent r="7" t="24" w="756" /><ent r="4" t="24" w="775" /><ent r="4" t="24" w="775" /><ent r="7" t="27" w="911" /><ent r="7" t="27" w="911" /><ent r="7" t="27" w="955" /><ent r="7" t="27" w="955" /><ent r="7" t="27" w="987" /><ent r="7" t="27" w="987" /><ent r="7" t="27" w="1040" /><ent r="7" t="27" w="1040" /><ent r="7" t="27" w="1073" /><ent r="7" t="27" w="1073" /><ent r="6" t="27" w="1343" /><ent r="6" t="27" w="1343" /><ent r="6" t="27" w="1352" /><ent r="6" t="27" w="1352" /><ent r="4" t="27" w="1632" /><ent r="4" t="27" w="1632" /><ent r="4" t="27" w="1720" /><ent r="4" t="27" w="1720" /><ent r="4" t="27" w="1774" /><ent r="4" t="27" w="1774" /><ent r="4" t="31" w="227" /><ent r="4" t="31" w="227" /><ent r="4" t="32" w="141" /><ent r="4" t="32" w="141" /><ent r="4" t="32" w="495" /><ent r="4" t="32" w="495" /><ent r="4" t="33" w="577" /><ent r="4" t="33" w="577" /><ent r="4" t="34" w="210" /><ent r="4" t="34" w="210" /><ent r="4" t="35" w="204" /><ent r="4" t="35" w="204" /><ent r="4" t="35" w="239" /><ent r="4" t="35" w="239" /><ent r="4" t="35" w="341" /><ent r="4" t="35" w="341" /><ent r="4" t="36" w="72" /><ent r="4" t="36" w="72" /><ent r="4" t="36" w="107" /><ent r="4" t="36" w="107" /><ent r="4" t="42" w="1097" /><ent r="4" t="42" w="1097" /><ent r="4" t="42" w="2196" /><ent r="4" t="42" w="2196" /><ent r="4" t="45" w="512" /><ent r="4" t="45" w="512" /><ent r="7" t="55" w="503" /><ent r="7" t="55" w="503" /><ent r="4" t="55" w="1593" /><ent r="4" t="55" w="1593" /><ent r="4" t="60" w="300" /><ent r="4" t="60" w="300" /><ent r="4" t="60" w="318" /><ent r="4" t="60" w="318" /><ent r="4" t="70" w="171" /><ent r="4" t="70" w="171" /><ent r="4" t="70" w="289" /><ent r="4" t="70" w="289" /></phr><phr n="click"><ent r="4" t="6" w="138" /><ent r="4" t="6" w="138" /><ent r="5" t="7" w="371" /><ent r="5" t="7" w="371" /><ent r="4" t="8" w="312" /><ent r="4" t="8" w="406" /><ent r="5" t="12" w="135" /><ent r="5" t="12" w="135" /><ent r="5" t="12" w="169" /><ent r="5" t="12" w="169" /><ent r="4" t="13" w="218" /><ent r="4" t="13" w="218" /><ent r="4" t="15" w="108" /><ent r="4" t="15" w="108" /><ent r="4" t="15" w="132" /><ent r="4" t="15" w="132" /><ent r="4" t="18" w="80" /><ent r="4" t="18" w="80" /><ent r="3" t="18" w="160" /><ent r="3" t="18" w="160" /><ent r="9" t="18" w="1396" /><ent r="9" t="18" w="1396" /><ent r="9" t="18" w="1465" /><ent r="9" t="18" w="1465" /><ent r="9" t="18" w="1575" /><ent r="9" t="18" w="1575" /><ent r="4" t="20" w="83" /><ent r="4" t="20" w="83" /><ent r="4" t="20" w="132" /><ent r="4" t="20" w="132" /><ent r="3" t="20" w="212" /><ent r="3" t="20" w="212" /><ent r="4" t="20" w="252" /><ent r="4" t="20" w="252" /><ent r="4" t="21" w="118" /><ent r="4" t="21" w="118" /><ent r="3" t="21" w="231" /><ent r="3" t="21" w="231" /><ent r="4" t="21" w="402" /><ent r="4" t="21" w="402" /><ent r="3" t="21" w="452" /><ent r="3" t="21" w="452" /><ent r="4" t="22" w="90" /><ent r="4" t="22" w="90" /><ent r="3" t="22" w="202" /><ent r="3" t="22" w="202" /><ent r="4" t="24" w="477" /><ent r="4" t="24" w="477" /><ent r="4" t="24" w="524" /><ent r="4" t="24" w="524" /><ent r="7" t="24" w="604" /><ent r="7" t="24" w="604" /><ent r="7" t="24" w="765" /><ent r="7" t="24" w="765" /><ent r="3" t="24" w="806" /><ent r="3" t="24" w="806" /><ent r="4" t="27" w="89" /><ent r="4" t="27" w="89" /><ent r="4" t="27" w="1650" /><ent r="4" t="27" w="1650" /><ent r="4" t="27" w="1665" /><ent r="4" t="27" w="1665" /><ent r="4" t="31" w="163" /><ent r="4" t="31" w="163" /><ent r="4" t="32" w="84" /><ent r="4" t="32" w="84" /><ent r="4" t="32" w="367" /><ent r="4" t="32" w="367" /><ent r="4" t="33" w="194" /><ent r="4" t="33" w="194" /><ent r="4" t="33" w="236" /><ent r="4" t="33" w="236" /><ent r="3" t="34" w="55" /><ent r="4" t="34" w="131" /><ent r="4" t="34" w="131" /><ent r="5" t="34" w="183" /><ent r="5" t="34" w="183" /><ent r="5" t="34" w="193" /><ent r="5" t="34" w="193" /><ent r="4" t="35" w="249" /><ent r="4" t="35" w="249" /><ent r="4" t="36" w="122" /><ent r="4" t="36" w="122" /><ent r="4" t="42" w="1130" /><ent r="4" t="42" w="1130" /><ent r="4" t="42" w="2229" /><ent r="4" t="42" w="2229" /><ent r="7" t="50" w="378" /><ent r="7" t="50" w="378" /><ent r="7" t="51" w="343" /><ent r="7" t="51" w="343" /><ent r="7" t="51" w="369" /><ent r="7" t="51" w="369" /><ent r="3" t="55" w="1680" /><ent r="4" t="55" w="1747" /><ent r="4" t="55" w="1747" /><ent r="7" t="59" w="240" /><ent r="7" t="59" w="240" /><ent r="3" t="62" w="432" /><ent r="3" t="62" w="432" /></phr><phr n="Right-click"><ent r="4" t="8" w="311" /><ent r="4" t="8" w="311" /><ent r="4" t="8" w="405" /><ent r="4" t="8" w="405" /></phr><phr n="clicked"><ent r="3" t="22" w="522" /></phr><phr n="double-clicking"><ent r="4" t="55" w="1615" /><ent r="4" t="55" w="1615" /></phr><phr n="clicking"><ent r="4" t="55" w="1616" /><ent r="4" t="55" w="1623" /><ent r="4" t="55" w="1623" /></phr><phr n="right-click"><ent r="3" t="55" w="1679" /><ent r="3" t="55" w="1679" /></phr><phr n="Clicking"><ent r="3" t="70" w="57" /><ent r="3" t="70" w="57" /></phr></stem></index>