﻿<?xml version="1.0" encoding="utf-8"?><index PreMerged="false"><stem n="encrypt"><phr n="Encryption"><ent r="1" t="1" w="100" /><ent r="51" t="28" w="1116" /></phr><phr n="encrypted"><ent r="1" t="7" w="422" /><ent r="1" t="17" w="661" /><ent r="1" t="26" w="418" /><ent r="1" t="40" w="1829" /></phr><phr n="encrypt"><ent r="1" t="17" w="1406" /></phr><phr n="encryption"><ent r="1" t="28" w="1141" /><ent r="1" t="28" w="1149" /><ent r="1" t="40" w="299" /><ent r="1" t="41" w="188" /></phr><phr n="Encrypt"><ent r="51" t="40" w="1133" /></phr></stem><stem n="ssl"><phr n="SSL"><ent r="1" t="1" w="103" /><ent r="51" t="13" w="131" /><ent r="51" t="13" w="325" /><ent r="51" t="17" w="1151" /><ent r="1" t="17" w="1180" /><ent r="1" t="17" w="1274" /><ent r="51" t="17" w="1995" /><ent r="1" t="17" w="2007" /><ent r="1" t="17" w="2028" /><ent r="51" t="19" w="613" /><ent r="1" t="19" w="625" /><ent r="1" t="19" w="646" /><ent r="1" t="20" w="391" /><ent r="1" t="20" w="464" /><ent r="51" t="20" w="815" /><ent r="1" t="20" w="827" /><ent r="51" t="20" w="849" /><ent r="51" t="21" w="866" /><ent r="1" t="21" w="878" /><ent r="51" t="21" w="900" /><ent r="1" t="23" w="789" /><ent r="1" t="24" w="288" /><ent r="51" t="24" w="318" /><ent r="1" t="24" w="456" /><ent r="51" t="24" w="486" /><ent r="51" t="26" w="921" /><ent r="1" t="26" w="950" /><ent r="51" t="27" w="307" /><ent r="51" t="28" w="844" /><ent r="1" t="28" w="848" /><ent r="51" t="28" w="873" /><ent r="1" t="31" w="213" /><ent r="1" t="32" w="120" /><ent r="51" t="39" w="146" /><ent r="1000" t="40" w="2" /><ent r="100" t="40" w="7" /><ent r="100" t="40" w="19" /><ent r="100" t="40" w="25" /><ent r="1" t="40" w="117" /><ent r="51" t="40" w="211" /><ent r="100" t="40" w="223" /><ent r="90" t="40" w="230" /><ent r="1" t="40" w="244" /><ent r="1" t="40" w="250" /><ent r="100" t="40" w="271" /><ent r="1" t="40" w="289" /><ent r="1" t="40" w="381" /><ent r="100" t="40" w="945" /><ent r="80" t="40" w="955" /><ent r="51" t="40" w="1109" /><ent r="1" t="41" w="61" /><ent r="51" t="41" w="68" /><ent r="1" t="41" w="99" /><ent r="1" t="41" w="108" /><ent r="1" t="41" w="114" /><ent r="1" t="49" w="126" /><ent r="1" t="49" w="135" /><ent r="1" t="52" w="530" /><ent r="51" t="52" w="543" /><ent r="1" t="52" w="571" /><ent r="1" t="52" w="810" /><ent r="1" t="52" w="876" /><ent r="1" t="52" w="1072" /><ent r="1" t="52" w="1079" /><ent r="1" t="52" w="1085" /><ent r="1" t="52" w="1284" /><ent r="1" t="52" w="1305" /><ent r="1" t="61" w="64" /><ent r="1" t="61" w="101" /><ent r="1" t="61" w="105" /><ent r="1" t="61" w="167" /><ent r="1" t="61" w="177" /></phr></stem><stem n="2"><phr n="2"><ent r="1" t="1" w="104" /><ent r="1" t="10" w="113" /><ent r="1" t="17" w="1098" /><ent r="1" t="17" w="1225" /><ent r="1" t="17" w="1508" /><ent r="1" t="20" w="478" /><ent r="1" t="21" w="529" /><ent r="1" t="22" w="363" /><ent r="1" t="22" w="377" /><ent r="1" t="22" w="399" /><ent r="1" t="22" w="413" /><ent r="1" t="22" w="430" /><ent r="1" t="23" w="364" /><ent r="51" t="24" w="218" /><ent r="1" t="26" w="868" /><ent r="1" t="26" w="995" /><ent r="1" t="26" w="1035" /><ent r="51" t="47" w="160" /><ent r="1" t="47" w="354" /><ent r="51" t="48" w="185" /><ent r="1" t="48" w="328" /><ent r="80" t="48" w="786" /><ent r="1" t="48" w="890" /><ent r="1" t="52" w="402" /><ent r="1" t="52" w="421" /><ent r="1" t="52" w="522" /><ent r="1" t="52" w="585" /><ent r="51" t="52" w="671" /><ent r="1" t="52" w="686" /><ent r="51" t="52" w="928" /><ent r="1" t="52" w="942" /><ent r="1" t="52" w="1213" /><ent r="1" t="52" w="1464" /><ent r="51" t="55" w="390" /><ent r="51" t="56" w="247" /><ent r="1" t="60" w="66" /><ent r="1" t="60" w="209" /></phr></stem><stem n=".0"><phr n=".0"><ent r="1" t="1" w="105" /><ent r="51" t="1" w="437" /><ent r="1" t="52" w="586" /><ent r="1" t="52" w="1200" /><ent r="1" t="52" w="1243" /></phr></stem><stem n="2.0"><phr n="2.0"><ent r="1" t="1" w="105" /><ent r="1" t="1" w="104" /><ent r="1" t="22" w="414" /><ent r="1" t="22" w="413" /><ent r="1" t="52" w="586" /><ent r="1" t="52" w="585" /><ent r="51" t="52" w="672" /><ent r="51" t="52" w="671" /><ent r="51" t="52" w="929" /><ent r="51" t="52" w="928" /></phr></stem><stem n="/"><phr n="/"><ent r="1" t="1" w="106" /><ent r="51" t="17" w="241" /></phr></stem><stem n="jm"><phr n="JMS"><ent r="1" t="1" w="108" /></phr></stem><stem n="-secur"><phr n="-Security"><ent r="1" t="1" w="111" /><ent r="1" t="1" w="111" /><ent r="1" t="28" w="1008" /><ent r="1" t="28" w="1008" /><ent r="1" t="51" w="241" /><ent r="1" t="51" w="241" /></phr><phr n="-secure"><ent r="1" t="25" w="62" /><ent r="1" t="25" w="62" /></phr></stem><stem n="ws"><phr n="WS"><ent r="1" t="1" w="111" /><ent r="1" t="1" w="115" /><ent r="1" t="1" w="122" /><ent r="1" t="1" w="124" /><ent r="1" t="1" w="127" /><ent r="1" t="1" w="132" /><ent r="1" t="1" w="135" /><ent r="1" t="18" w="136" /><ent r="51" t="18" w="154" /><ent r="1" t="18" w="167" /><ent r="51" t="18" w="185" /><ent r="1000" t="20" w="6" /><ent r="100" t="20" w="9" /><ent r="100" t="20" w="23" /><ent r="100" t="20" w="46" /><ent r="1" t="20" w="56" /><ent r="51" t="20" w="71" /><ent r="1" t="20" w="97" /><ent r="51" t="20" w="138" /><ent r="1" t="20" w="276" /><ent r="1" t="20" w="283" /><ent r="1" t="20" w="292" /><ent r="1" t="20" w="460" /><ent r="1" t="20" w="484" /><ent r="1000" t="21" w="6" /><ent r="100" t="21" w="9" /><ent r="100" t="21" w="23" /><ent r="100" t="21" w="46" /><ent r="1" t="21" w="69" /><ent r="51" t="21" w="110" /><ent r="1" t="21" w="247" /><ent r="1" t="21" w="254" /><ent r="1" t="21" w="263" /><ent r="1" t="21" w="275" /><ent r="1" t="21" w="287" /><ent r="1" t="21" w="535" /><ent r="51" t="22" w="206" /><ent r="51" t="22" w="214" /><ent r="1000" t="24" w="2" /><ent r="100" t="24" w="8" /><ent r="100" t="24" w="14" /><ent r="100" t="24" w="22" /><ent r="100" t="24" w="28" /><ent r="1" t="24" w="44" /><ent r="1" t="24" w="72" /><ent r="1" t="24" w="103" /><ent r="1" t="24" w="128" /><ent r="1" t="24" w="235" /><ent r="1" t="24" w="240" /><ent r="1" t="24" w="274" /><ent r="1" t="24" w="284" /><ent r="1" t="24" w="351" /><ent r="1" t="24" w="371" /><ent r="1" t="24" w="428" /><ent r="1" t="24" w="436" /><ent r="1" t="24" w="452" /><ent r="1" t="24" w="562" /><ent r="51" t="24" w="584" /><ent r="51" t="24" w="592" /><ent r="51" t="24" w="610" /><ent r="100" t="24" w="617" /><ent r="90" t="24" w="627" /><ent r="1" t="24" w="650" /><ent r="51" t="24" w="667" /><ent r="100" t="24" w="672" /><ent r="90" t="24" w="681" /><ent r="100" t="24" w="742" /><ent r="51" t="24" w="803" /><ent r="100" t="24" w="837" /><ent r="90" t="24" w="846" /><ent r="1" t="24" w="854" /><ent r="1" t="28" w="963" /><ent r="1" t="28" w="971" /><ent r="1" t="28" w="1008" /><ent r="51" t="40" w="1119" /><ent r="1" t="41" w="178" /><ent r="1" t="46" w="311" /><ent r="1" t="46" w="326" /><ent r="1" t="51" w="241" /></phr><phr n="ws"><ent r="51" t="28" w="332" /><ent r="1" t="28" w="371" /><ent r="1" t="38" w="600" /><ent r="1" t="38" w="882" /></phr></stem><stem n="ws-secur"><phr n="WS-Security"><ent r="1" t="1" w="111" /><ent r="1" t="28" w="1008" /><ent r="1" t="51" w="241" /></phr></stem><stem n="-trust"><phr n="-Trust"><ent r="1" t="1" w="115" /><ent r="1" t="1" w="115" /><ent r="1" t="18" w="136" /><ent r="1" t="18" w="136" /><ent r="100" t="21" w="9" /><ent r="100" t="21" w="9" /><ent r="100" t="21" w="23" /><ent r="100" t="21" w="23" /><ent r="1" t="21" w="69" /><ent r="1" t="21" w="69" /><ent r="51" t="21" w="110" /><ent r="51" t="21" w="110" /><ent r="1" t="21" w="247" /><ent r="1" t="21" w="247" /><ent r="1" t="21" w="254" /><ent r="1" t="21" w="254" /><ent r="1" t="21" w="263" /><ent r="1" t="21" w="263" /><ent r="1" t="21" w="287" /><ent r="1" t="21" w="287" /><ent r="1" t="21" w="535" /><ent r="1" t="21" w="535" /><ent r="1" t="28" w="963" /><ent r="1" t="28" w="963" /></phr></stem><stem n="ws-trust"><phr n="WS-Trust"><ent r="1" t="1" w="115" /><ent r="1" t="18" w="136" /><ent r="51" t="18" w="154" /><ent r="1000" t="21" w="6" /><ent r="100" t="21" w="9" /><ent r="100" t="21" w="23" /><ent r="100" t="21" w="46" /><ent r="1" t="21" w="69" /><ent r="51" t="21" w="110" /><ent r="1" t="21" w="247" /><ent r="1" t="21" w="254" /><ent r="1" t="21" w="263" /><ent r="1" t="21" w="275" /><ent r="1" t="21" w="287" /><ent r="1" t="21" w="535" /><ent r="51" t="22" w="214" /><ent r="1" t="28" w="963" /><ent r="1" t="46" w="311" /></phr></stem><stem n="trust"><phr n="Trust"><ent r="1" t="1" w="116" /><ent r="1" t="18" w="137" /><ent r="51" t="18" w="155" /><ent r="51" t="20" w="401" /><ent r="1000" t="21" w="7" /><ent r="100" t="21" w="10" /><ent r="100" t="21" w="24" /><ent r="100" t="21" w="47" /><ent r="1" t="21" w="70" /><ent r="51" t="21" w="111" /><ent r="1" t="21" w="248" /><ent r="1" t="21" w="255" /><ent r="1" t="21" w="264" /><ent r="1" t="21" w="276" /><ent r="1" t="21" w="288" /><ent r="1" t="21" w="536" /><ent r="51" t="22" w="215" /><ent r="1" t="28" w="964" /><ent r="1" t="46" w="312" /><ent r="1" t="52" w="1035" /><ent r="51" t="57" w="289" /></phr><phr n="Trusted"><ent r="1" t="5" w="182" /><ent r="51" t="5" w="195" /><ent r="100" t="9" w="6" /><ent r="51" t="9" w="239" /><ent r="51" t="10" w="150" /><ent r="51" t="11" w="90" /><ent r="51" t="12" w="324" /><ent r="1000" t="16" w="1" /><ent r="100" t="16" w="5" /><ent r="100" t="16" w="13" /><ent r="1" t="16" w="23" /><ent r="1" t="16" w="66" /><ent r="1" t="16" w="86" /><ent r="1" t="16" w="130" /><ent r="1" t="16" w="185" /><ent r="1" t="16" w="213" /><ent r="1000" t="17" w="3" /><ent r="100" t="17" w="17" /><ent r="100" t="17" w="27" /><ent r="100" t="17" w="33" /><ent r="51" t="17" w="42" /><ent r="51" t="17" w="70" /><ent r="1" t="17" w="445" /><ent r="1" t="17" w="464" /><ent r="1" t="17" w="537" /><ent r="1" t="17" w="769" /><ent r="1" t="17" w="1514" /><ent r="1" t="17" w="2306" /><ent r="1" t="18" w="199" /><ent r="51" t="18" w="216" /><ent r="1000" t="19" w="6" /><ent r="100" t="19" w="18" /><ent r="100" t="19" w="41" /><ent r="51" t="19" w="106" /><ent r="1" t="19" w="262" /><ent r="1" t="19" w="282" /><ent r="51" t="22" w="189" /><ent r="51" t="22" w="198" /><ent r="51" t="23" w="203" /><ent r="90" t="23" w="415" /><ent r="51" t="23" w="483" /><ent r="51" t="25" w="136" /><ent r="51" t="38" w="384" /><ent r="51" t="40" w="930" /><ent r="51" t="40" w="936" /><ent r="51" t="40" w="1659" /><ent r="1" t="45" w="370" /><ent r="1" t="45" w="389" /><ent r="1" t="45" w="596" /><ent r="1" t="45" w="750" /><ent r="1" t="45" w="788" /><ent r="1" t="46" w="21" /><ent r="1" t="46" w="40" /><ent r="90" t="46" w="246" /><ent r="1" t="46" w="254" /><ent r="1" t="46" w="278" /><ent r="1" t="46" w="523" /><ent r="1" t="46" w="560" /><ent r="1" t="47" w="30" /><ent r="1" t="47" w="173" /><ent r="1" t="47" w="201" /><ent r="1" t="47" w="222" /><ent r="1" t="47" w="254" /><ent r="1" t="47" w="260" /><ent r="1" t="47" w="365" /><ent r="1" t="47" w="424" /><ent r="1" t="47" w="456" /><ent r="1" t="48" w="64" /><ent r="1" t="48" w="198" /><ent r="1" t="48" w="223" /><ent r="1" t="48" w="336" /><ent r="1" t="48" w="670" /><ent r="1" t="48" w="885" /><ent r="1" t="49" w="21" /><ent r="1" t="49" w="40" /><ent r="1" t="49" w="193" /><ent r="1" t="50" w="42" /><ent r="1" t="50" w="61" /><ent r="1" t="50" w="135" /><ent r="1" t="52" w="33" /><ent r="1" t="52" w="52" /><ent r="1" t="52" w="138" /><ent r="1" t="53" w="51" /><ent r="1" t="53" w="102" /><ent r="1" t="53" w="178" /><ent r="1" t="53" w="248" /><ent r="1" t="54" w="69" /><ent r="1" t="54" w="121" /><ent r="1" t="55" w="86" /><ent r="1" t="55" w="98" /><ent r="1" t="55" w="142" /><ent r="1" t="55" w="182" /><ent r="1" t="55" w="239" /><ent r="1" t="55" w="245" /><ent r="1" t="55" w="259" /><ent r="51" t="55" w="275" /><ent r="1" t="55" w="308" /><ent r="1" t="55" w="362" /><ent r="51" t="55" w="404" /><ent r="1" t="55" w="418" /><ent r="1" t="56" w="174" /><ent r="51" t="56" w="180" /><ent r="51" t="56" w="216" /><ent r="1" t="56" w="251" /><ent r="1" t="57" w="24" /><ent r="1" t="57" w="43" /><ent r="1" t="57" w="221" /><ent r="1" t="57" w="225" /><ent r="1" t="57" w="243" /></phr><phr n="trust"><ent r="1" t="9" w="42" /><ent r="1" t="16" w="207" /><ent r="1" t="40" w="744" /><ent r="1" t="40" w="801" /><ent r="1" t="45" w="529" /><ent r="1" t="45" w="541" /><ent r="1" t="45" w="796" /><ent r="1" t="45" w="817" /><ent r="1" t="46" w="398" /><ent r="1" t="46" w="429" /><ent r="1" t="46" w="460" /><ent r="1" t="47" w="267" /><ent r="1" t="48" w="232" /><ent r="1" t="48" w="397" /><ent r="1" t="48" w="679" /><ent r="1" t="48" w="734" /><ent r="1" t="49" w="90" /><ent r="1" t="49" w="93" /><ent r="1" t="49" w="154" /><ent r="1" t="50" w="177" /><ent r="1" t="50" w="213" /><ent r="1" t="50" w="352" /><ent r="1" t="51" w="108" /><ent r="1" t="51" w="141" /><ent r="1" t="51" w="458" /><ent r="1" t="52" w="1004" /><ent r="1" t="53" w="174" /><ent r="1" t="57" w="276" /><ent r="1" t="57" w="292" /></phr><phr n="trusted"><ent r="100" t="16" w="11" /><ent r="100" t="17" w="13" /><ent r="100" t="17" w="23" /><ent r="1" t="17" w="95" /><ent r="1" t="17" w="1345" /><ent r="51" t="19" w="62" /><ent r="1" t="23" w="106" /><ent r="1" t="23" w="171" /><ent r="1" t="23" w="435" /><ent r="1" t="23" w="510" /><ent r="1" t="23" w="763" /><ent r="1" t="23" w="786" /><ent r="1" t="40" w="710" /><ent r="1" t="45" w="425" /><ent r="1" t="45" w="537" /><ent r="1" t="45" w="777" /><ent r="1" t="46" w="134" /><ent r="1" t="46" w="199" /><ent r="1" t="46" w="217" /><ent r="1" t="46" w="516" /><ent r="1" t="46" w="553" /><ent r="1" t="48" w="555" /><ent r="1" t="48" w="594" /><ent r="1" t="48" w="771" /><ent r="1" t="48" w="875" /><ent r="1" t="48" w="914" /><ent r="1" t="48" w="941" /><ent r="1" t="48" w="963" /><ent r="1" t="48" w="1019" /><ent r="1" t="48" w="1089" /><ent r="1" t="48" w="1195" /><ent r="1" t="50" w="148" /><ent r="1" t="50" w="264" /><ent r="1" t="51" w="255" /><ent r="1" t="56" w="115" /></phr></stem><stem n="xslt"><phr n="XSLT"><ent r="1" t="1" w="119" /></phr></stem><stem n="ws-secureconvers"><phr n="WS-SecureConversation"><ent r="1" t="1" w="122" /><ent r="1" t="28" w="971" /><ent r="1" t="41" w="178" /></phr></stem><stem n="secureconvers"><phr n="SecureConversation"><ent r="1" t="1" w="123" /><ent r="1" t="28" w="972" /><ent r="1" t="41" w="179" /></phr></stem><stem n="-secureconversation,"><phr n="-SecureConversation,"><ent r="1" t="1" w="124" /><ent r="1" t="1" w="124" /></phr></stem><stem n="-metadata"><phr n="-Metadata"><ent r="1" t="1" w="124" /><ent r="1" t="1" w="124" /></phr></stem><stem n="ws-metadata"><phr n="WS-Metadata"><ent r="1" t="1" w="124" /></phr></stem><stem n="metadata"><phr n="Metadata"><ent r="1" t="1" w="125" /></phr></stem><stem n="exchang"><phr n="Exchange"><ent r="1" t="1" w="126" /><ent r="51" t="20" w="74" /><ent r="1000" t="24" w="5" /><ent r="100" t="24" w="17" /><ent r="100" t="24" w="31" /><ent r="1" t="24" w="570" /><ent r="100" t="24" w="620" /><ent r="100" t="24" w="675" /><ent r="100" t="24" w="745" /><ent r="100" t="24" w="840" /><ent r="1" t="24" w="870" /></phr><phr n="exchange"><ent r="100" t="24" w="11" /><ent r="100" t="24" w="20" /><ent r="100" t="24" w="25" /><ent r="1" t="24" w="40" /></phr><phr n="Exchanges"><ent r="51" t="24" w="379" /></phr><phr n="exchanged"><ent r="1" t="24" w="401" /></phr><phr n="exchanging"><ent r="1" t="24" w="884" /></phr></stem><stem n="ws-polici"><phr n="WS-Policy"><ent r="1" t="1" w="127" /></phr></stem><stem n="-policy,"><phr n="-Policy,"><ent r="1" t="1" w="129" /><ent r="1" t="1" w="129" /></phr></stem><stem n="wsrp"><phr n="WSRP"><ent r="1" t="1" w="129" /></phr></stem><stem n="mq"><phr n="MQ"><ent r="1" t="1" w="130" /></phr></stem><stem n="seri"><phr n="Series"><ent r="1" t="1" w="131" /></phr></stem><stem n="ws-i"><phr n="WS-I"><ent r="1" t="1" w="132" /><ent r="1" t="1" w="135" /></phr></stem><stem n="i"><phr n="I"><ent r="1" t="1" w="133" /><ent r="1" t="1" w="136" /></phr><phr n="i"><ent r="1" t="17" w="496" /><ent r="1" t="17" w="568" /><ent r="1" t="26" w="39" /><ent r="1" t="26" w="252" /><ent r="1" t="26" w="325" /><ent r="1" t="40" w="1345" /></phr></stem><stem n="-i,"><phr n="-I,"><ent r="1" t="1" w="134" /><ent r="1" t="1" w="134" /></phr></stem><stem n="-i"><phr n="-I"><ent r="1" t="1" w="135" /><ent r="1" t="1" w="135" /></phr></stem><stem n="bsp"><phr n="BSP"><ent r="1" t="1" w="137" /></phr></stem><stem n="figur"><phr n="Figure"><ent r="1" t="1" w="139" /><ent r="1" t="2" w="269" /><ent r="1" t="2" w="281" /><ent r="1" t="4" w="28" /><ent r="1" t="28" w="230" /><ent r="1" t="32" w="233" /><ent r="1" t="43" w="219" /></phr></stem><stem n="deploy"><phr n="Deployment"><ent r="1" t="1" w="142" /></phr><phr n="deployment"><ent r="1" t="5" w="94" /><ent r="1" t="24" w="53" /></phr></stem><stem n="architectur"><phr n="Architecture"><ent r="1" t="1" w="143" /></phr><phr n="architectures"><ent r="1" t="45" w="327" /></phr></stem><stem n=":overview"><phr n=":overview"><ent r="100" t="1" w="147" /><ent r="100" t="1" w="277" /><ent r="100" t="1" w="387" /><ent r="100" t="3" w="11" /></phr></stem><stem n="-optim"><phr n="-optimized"><ent r="1" t="1" w="157" /><ent r="1" t="1" w="157" /></phr></stem><stem n="policy-optim"><phr n="policy-optimized"><ent r="1" t="1" w="157" /></phr></stem><stem n="optim"><phr n="optimized"><ent r="1" t="1" w="158" /></phr></stem><stem n="-acceler"><phr n="-accelerated"><ent r="1" t="1" w="160" /><ent r="1" t="1" w="160" /><ent r="1" t="1" w="217" /><ent r="1" t="1" w="217" /><ent r="1" t="1" w="227" /><ent r="1" t="1" w="227" /></phr></stem><stem n="asic"><phr n="ASIC"><ent r="1" t="1" w="160" /><ent r="1" t="1" w="217" /><ent r="1" t="1" w="227" /></phr></stem><stem n="asic-acceler"><phr n="ASIC-accelerated"><ent r="1" t="1" w="160" /><ent r="1" t="1" w="217" /><ent r="1" t="1" w="227" /></phr></stem><stem n="acceler"><phr n="accelerated"><ent r="1" t="1" w="161" /><ent r="1" t="1" w="218" /><ent r="1" t="1" w="228" /></phr></stem><stem n="firewal"><phr n="Firewall"><ent r="1" t="1" w="163" /></phr><phr n="firewall"><ent r="1" t="9" w="183" /></phr></stem><stem n="control"><phr n="controls"><ent r="1" t="1" w="171" /><ent r="1" t="4" w="204" /></phr><phr n="control"><ent r="1" t="3" w="165" /><ent r="1" t="3" w="269" /><ent r="1" t="4" w="340" /><ent r="1" t="17" w="1060" /><ent r="1" t="17" w="1189" /><ent r="1" t="26" w="830" /><ent r="1" t="26" w="959" /><ent r="1" t="60" w="12" /></phr><phr n="Control"><ent r="1" t="40" w="1106" /></phr><phr n="Controlling"><ent r="1" t="45" w="42" /></phr></stem><stem n="how"><phr n="how"><ent r="1" t="1" w="172" /><ent r="1" t="17" w="1105" /><ent r="1" t="17" w="1232" /><ent r="1" t="26" w="875" /><ent r="1" t="31" w="42" /><ent r="1" t="31" w="505" /><ent r="1" t="40" w="65" /><ent r="1" t="47" w="82" /><ent r="1" t="48" w="103" /><ent r="1" t="48" w="667" /><ent r="1" t="61" w="28" /></phr></stem><stem n="share"><phr n="shared"><ent r="1" t="1" w="173" /><ent r="1" t="41" w="42" /><ent r="1" t="47" w="538" /><ent r="1" t="47" w="580" /><ent r="1" t="48" w="650" /><ent r="1" t="52" w="107" /><ent r="1" t="52" w="135" /><ent r="1" t="52" w="1447" /><ent r="1" t="52" w="1467" /><ent r="1" t="55" w="137" /><ent r="1" t="55" w="292" /><ent r="1" t="55" w="296" /><ent r="1" t="55" w="348" /><ent r="1" t="55" w="465" /><ent r="1" t="56" w="257" /><ent r="1" t="57" w="136" /><ent r="1" t="57" w="144" /><ent r="1" t="57" w="182" /><ent r="1" t="57" w="214" /><ent r="1" t="57" w="235" /><ent r="1" t="57" w="268" /></phr><phr n="Shared"><ent r="1" t="41" w="431" /><ent r="51" t="47" w="585" /><ent r="51" t="48" w="655" /><ent r="51" t="55" w="470" /><ent r="51" t="56" w="262" /><ent r="1000" t="57" w="2" /><ent r="100" t="57" w="6" /><ent r="100" t="57" w="11" /><ent r="100" t="57" w="16" /></phr><phr n="share"><ent r="1" t="45" w="315" /></phr></stem><stem n="access"><phr n="accessed"><ent r="1" t="1" w="177" /><ent r="1" t="2" w="132" /><ent r="1" t="4" w="84" /><ent r="1" t="9" w="92" /></phr><phr n="Accessing"><ent r="51" t="2" w="97" /><ent r="90" t="2" w="108" /></phr><phr n="access"><ent r="1" t="2" w="185" /><ent r="1" t="6" w="114" /><ent r="1" t="7" w="144" /><ent r="1" t="7" w="283" /><ent r="1" t="7" w="443" /><ent r="1" t="8" w="174" /><ent r="1" t="9" w="105" /><ent r="1" t="16" w="119" /><ent r="1" t="16" w="196" /><ent r="1" t="17" w="696" /><ent r="1" t="17" w="848" /><ent r="1" t="17" w="1320" /><ent r="1" t="25" w="48" /><ent r="1" t="26" w="453" /><ent r="1" t="26" w="618" /><ent r="1" t="38" w="429" /><ent r="1" t="40" w="574" /><ent r="1" t="40" w="664" /><ent r="1" t="40" w="768" /><ent r="1" t="45" w="43" /><ent r="1" t="45" w="70" /><ent r="1" t="45" w="192" /><ent r="1" t="51" w="292" /><ent r="1" t="53" w="196" /><ent r="1" t="54" w="61" /><ent r="1" t="62" w="85" /><ent r="1" t="62" w="140" /><ent r="1" t="62" w="266" /></phr><phr n="accessing"><ent r="1" t="5" w="112" /></phr><phr n="accessible"><ent r="1" t="7" w="219" /><ent r="1" t="38" w="212" /><ent r="1" t="38" w="235" /></phr><phr n="Access"><ent r="1" t="17" w="2105" /><ent r="1" t="19" w="723" /><ent r="1" t="20" w="927" /><ent r="1" t="21" w="980" /><ent r="1" t="26" w="1493" /><ent r="1" t="40" w="1105" /><ent r="1" t="41" w="273" /><ent r="51" t="52" w="1413" /><ent r="1" t="52" w="1604" /><ent r="1" t="56" w="89" /></phr></stem><stem n="extern"><phr n="external"><ent r="1" t="1" w="182" /><ent r="1" t="2" w="244" /><ent r="1" t="16" w="164" /></phr></stem><stem n="accord"><phr n="accordance"><ent r="1" t="1" w="185" /><ent r="1" t="49" w="184" /></phr><phr n="according"><ent r="1" t="27" w="87" /><ent r="1" t="28" w="1043" /><ent r="1" t="28" w="1135" /><ent r="1" t="36" w="34" /><ent r="1" t="36" w="123" /><ent r="1" t="36" w="306" /><ent r="1" t="37" w="127" /><ent r="1" t="37" w="172" /><ent r="1" t="38" w="922" /><ent r="1" t="38" w="1085" /><ent r="1" t="43" w="323" /></phr></stem><stem n="custom"><phr n="customer"><ent r="1" t="1" w="187" /></phr><phr n="custom"><ent r="1" t="17" w="1530" /><ent r="1" t="17" w="1549" /><ent r="51" t="17" w="1555" /><ent r="1" t="17" w="1580" /><ent r="51" t="17" w="1596" /><ent r="1" t="17" w="1619" /><ent r="51" t="17" w="1654" /><ent r="1" t="17" w="1707" /><ent r="1" t="17" w="2109" /><ent r="1" t="19" w="325" /><ent r="1" t="19" w="727" /><ent r="1" t="20" w="527" /><ent r="1" t="20" w="931" /><ent r="1" t="21" w="578" /><ent r="1" t="21" w="984" /><ent r="1" t="26" w="1058" /><ent r="1" t="26" w="1074" /><ent r="51" t="26" w="1080" /><ent r="1" t="26" w="1105" /><ent r="51" t="26" w="1121" /><ent r="1" t="26" w="1144" /><ent r="51" t="26" w="1179" /><ent r="1" t="26" w="1497" /></phr><phr n="Custom"><ent r="1" t="17" w="1697" /><ent r="1" t="19" w="315" /><ent r="1" t="20" w="517" /><ent r="1" t="21" w="568" /></phr></stem><stem n="need"><phr n="needs"><ent r="1" t="1" w="188" /><ent r="1" t="52" w="1093" /></phr><phr n="need"><ent r="1" t="17" w="205" /><ent r="1" t="17" w="1544" /><ent r="1" t="23" w="102" /><ent r="1" t="23" w="632" /><ent r="1" t="24" w="875" /><ent r="1" t="26" w="1069" /><ent r="1" t="27" w="278" /><ent r="1" t="40" w="255" /><ent r="1" t="40" w="1089" /><ent r="1" t="40" w="1856" /><ent r="1" t="46" w="360" /><ent r="1" t="48" w="51" /><ent r="1" t="60" w="191" /><ent r="1" t="60" w="381" /><ent r="1" t="60" w="719" /></phr></stem><stem n="deliv"><phr n="delivered"><ent r="1" t="1" w="193" /></phr></stem><stem n="on"><phr n="one"><ent r="1" t="1" w="195" /><ent r="1" t="2" w="134" /><ent r="1" t="7" w="595" /><ent r="1" t="9" w="45" /><ent r="1" t="9" w="108" /><ent r="1" t="10" w="325" /><ent r="1" t="12" w="284" /><ent r="1" t="17" w="364" /><ent r="1" t="20" w="60" /><ent r="1" t="23" w="585" /><ent r="1" t="26" w="41" /><ent r="1" t="28" w="41" /><ent r="1" t="28" w="1030" /><ent r="1" t="31" w="219" /><ent r="1" t="31" w="401" /><ent r="1" t="31" w="439" /><ent r="1" t="31" w="639" /><ent r="1" t="32" w="126" /><ent r="1" t="32" w="254" /><ent r="1" t="32" w="314" /><ent r="1" t="33" w="145" /><ent r="1" t="36" w="162" /><ent r="1" t="38" w="305" /><ent r="1" t="38" w="330" /><ent r="1" t="38" w="694" /><ent r="1" t="40" w="164" /><ent r="1" t="40" w="621" /><ent r="1" t="40" w="1506" /><ent r="1" t="40" w="1540" /><ent r="1" t="40" w="1556" /><ent r="1" t="40" w="1892" /><ent r="1" t="42" w="107" /><ent r="1" t="42" w="132" /><ent r="1" t="45" w="125" /><ent r="1" t="45" w="175" /><ent r="1" t="45" w="229" /><ent r="1" t="45" w="341" /><ent r="1" t="45" w="593" /><ent r="1" t="45" w="809" /><ent r="1" t="46" w="191" /><ent r="1" t="48" w="220" /><ent r="1" t="48" w="554" /><ent r="1" t="52" w="451" /><ent r="1" t="52" w="611" /><ent r="1" t="52" w="770" /><ent r="1" t="52" w="787" /><ent r="1" t="52" w="1062" /><ent r="1" t="52" w="1367" /><ent r="1" t="52" w="1602" /><ent r="1" t="52" w="1616" /><ent r="1" t="54" w="66" /><ent r="1" t="57" w="150" /><ent r="1" t="60" w="46" /><ent r="1" t="60" w="220" /><ent r="1" t="60" w="407" /><ent r="1" t="60" w="755" /></phr><phr n="One"><ent r="1" t="46" w="387" /><ent r="1" t="46" w="418" /><ent r="1" t="47" w="398" /><ent r="1" t="52" w="1104" /><ent r="1" t="52" w="1640" /></phr></stem><stem n="four"><phr n="four"><ent r="1" t="1" w="197" /><ent r="1" t="49" w="99" /></phr></stem><stem n="form"><phr n="form"><ent r="1" t="1" w="198" /><ent r="1" t="1" w="317" /><ent r="1" t="2" w="177" /><ent r="1" t="5" w="166" /><ent r="1" t="7" w="345" /><ent r="1" t="7" w="379" /><ent r="1" t="7" w="427" /><ent r="1" t="8" w="208" /><ent r="1" t="11" w="74" /><ent r="1" t="13" w="187" /><ent r="1" t="13" w="210" /><ent r="1" t="15" w="107" /><ent r="1" t="15" w="116" /><ent r="1" t="17" w="65" /><ent r="1" t="17" w="83" /><ent r="1" t="17" w="666" /><ent r="1" t="17" w="1094" /><ent r="1" t="17" w="1221" /><ent r="1" t="17" w="1368" /><ent r="1" t="17" w="1391" /><ent r="1" t="17" w="1590" /><ent r="1" t="17" w="1614" /><ent r="1" t="17" w="2294" /><ent r="1" t="19" w="86" /><ent r="1" t="19" w="135" /><ent r="1" t="19" w="147" /><ent r="1" t="19" w="912" /><ent r="1" t="20" w="121" /><ent r="1" t="20" w="154" /><ent r="1" t="20" w="166" /><ent r="1" t="20" w="1116" /><ent r="1" t="21" w="93" /><ent r="1" t="21" w="125" /><ent r="1" t="21" w="137" /><ent r="1" t="21" w="1169" /><ent r="1" t="22" w="108" /><ent r="1" t="23" w="457" /><ent r="1" t="23" w="496" /><ent r="1" t="23" w="629" /><ent r="1" t="23" w="688" /><ent r="1" t="23" w="734" /><ent r="1" t="23" w="754" /><ent r="1" t="23" w="775" /><ent r="1" t="26" w="63" /><ent r="1" t="26" w="82" /><ent r="1" t="26" w="423" /><ent r="1" t="26" w="864" /><ent r="1" t="26" w="991" /><ent r="1" t="26" w="1115" /><ent r="1" t="26" w="1139" /><ent r="1" t="26" w="1544" /><ent r="1" t="26" w="1579" /><ent r="1" t="26" w="1689" /><ent r="1" t="27" w="209" /><ent r="1" t="28" w="228" /><ent r="1" t="30" w="162" /><ent r="1" t="30" w="220" /><ent r="1" t="30" w="237" /><ent r="1" t="31" w="87" /><ent r="1" t="31" w="367" /><ent r="1" t="31" w="372" /><ent r="1" t="32" w="193" /><ent r="1" t="32" w="230" /><ent r="1" t="32" w="238" /><ent r="1" t="32" w="242" /><ent r="1" t="33" w="124" /><ent r="1" t="34" w="206" /><ent r="1" t="35" w="92" /><ent r="1" t="35" w="105" /><ent r="1" t="40" w="441" /><ent r="1" t="40" w="1038" /><ent r="1" t="40" w="2040" /><ent r="1" t="40" w="2077" /><ent r="1" t="41" w="156" /><ent r="1" t="41" w="161" /><ent r="100" t="42" w="11" /><ent r="1" t="43" w="206" /><ent r="1" t="43" w="215" /><ent r="1" t="43" w="233" /><ent r="1" t="43" w="242" /><ent r="1" t="43" w="434" /><ent r="1" t="43" w="456" /><ent r="1" t="47" w="443" /><ent r="1" t="48" w="426" /><ent r="1" t="48" w="804" /><ent r="1" t="52" w="751" /><ent r="1" t="52" w="1442" /><ent r="1" t="56" w="238" /></phr><phr n="formed"><ent r="1" t="36" w="543" /></phr></stem><stem n="factor"><phr n="factors"><ent r="1" t="1" w="199" /><ent r="1" t="1" w="318" /></phr></stem><stem n="softwar"><phr n="software"><ent r="1" t="1" w="203" /><ent r="1" t="1" w="326" /><ent r="51" t="1" w="430" /><ent r="1" t="5" w="102" /></phr></stem><stem n="packag"><phr n="package"><ent r="1" t="1" w="204" /></phr></stem><stem n="run"><phr n="running"><ent r="1" t="1" w="205" /><ent r="1" t="7" w="466" /><ent r="1" t="7" w="628" /><ent r="1" t="7" w="681" /><ent r="1" t="8" w="153" /><ent r="1" t="10" w="304" /><ent r="1" t="30" w="115" /><ent r="1" t="32" w="513" /><ent r="1" t="33" w="73" /><ent r="1" t="38" w="216" /><ent r="1" t="38" w="407" /><ent r="1" t="44" w="137" /><ent r="1" t="62" w="104" /><ent r="1" t="62" w="222" /></phr><phr n="run"><ent r="1" t="3" w="417" /><ent r="1" t="6" w="96" /><ent r="1" t="7" w="48" /><ent r="1" t="7" w="129" /><ent r="1" t="7" w="480" /><ent r="1" t="7" w="541" /><ent r="1" t="7" w="559" /><ent r="1" t="8" w="48" /><ent r="1" t="38" w="285" /><ent r="1" t="38" w="491" /></phr><phr n="Run"><ent r="1" t="10" w="333" /><ent r="1" t="10" w="340" /></phr></stem></index>