<?xml version="1.0" encoding="utf-8"?><index><stem n="welcom"><phr n="Welcome"><ent r="1000" t="0" w="1" /><ent r="100" t="0" w="3" /><ent r="102" t="0" w="5" /><ent r="3" t="0" w="14" /></phr><phr n="welcomes"><ent r="3" t="61" w="138" /></phr></stem><stem n="securespan"><phr n="SecureSpan"><ent r="102" t="0" w="9" /><ent r="3" t="0" w="20" /><ent r="3" t="0" w="44" /><ent r="4" t="0" w="73" /><ent r="65" t="0" w="83" /><ent r="4" t="0" w="109" /><ent r="65" t="0" w="119" /><ent r="4" t="0" w="134" /><ent r="82" t="0" w="181" /><ent r="1000" t="1" w="1" /><ent r="100" t="1" w="4" /><ent r="100" t="1" w="12" /><ent r="3" t="1" w="30" /><ent r="100" t="1" w="72" /><ent r="100" t="1" w="122" /><ent r="3" t="1" w="269" /><ent r="100" t="1" w="281" /><ent r="92" t="1" w="287" /><ent r="3" t="1" w="294" /><ent r="3" t="1" w="320" /><ent r="3" t="1" w="357" /><ent r="3" t="2" w="29" /><ent r="3" t="2" w="128" /><ent r="4" t="2" w="178" /><ent r="3" t="2" w="211" /><ent r="3" t="2" w="258" /><ent r="1000" t="3" w="1" /><ent r="100" t="3" w="7" /><ent r="102" t="3" w="13" /><ent r="3" t="3" w="63" /><ent r="3" t="3" w="96" /><ent r="3" t="3" w="156" /><ent r="3" t="3" w="202" /><ent r="3" t="3" w="289" /><ent r="3" t="3" w="304" /><ent r="3" t="3" w="336" /><ent r="3" t="3" w="376" /><ent r="4" t="3" w="428" /><ent r="3" t="3" w="436" /><ent r="100" t="4" w="5" /><ent r="3" t="4" w="15" /><ent r="3" t="4" w="32" /><ent r="3" t="4" w="52" /><ent r="3" t="5" w="23" /><ent r="3" t="5" w="44" /><ent r="3" t="5" w="72" /><ent r="3" t="5" w="108" /><ent r="3" t="5" w="146" /><ent r="4" t="5" w="189" /><ent r="4" t="5" w="232" /><ent r="4" t="5" w="247" /><ent r="4" t="5" w="275" /><ent r="4" t="5" w="290" /><ent r="4" t="5" w="320" /><ent r="3" t="6" w="17" /><ent r="4" t="6" w="37" /><ent r="3" t="6" w="72" /><ent r="5" t="6" w="143" /><ent r="5" t="6" w="148" /><ent r="1000" t="7" w="1" /><ent r="100" t="7" w="12" /><ent r="102" t="7" w="19" /><ent r="3" t="7" w="36" /><ent r="3" t="7" w="114" /><ent r="64" t="7" w="168" /><ent r="64" t="7" w="180" /><ent r="82" t="7" w="200" /><ent r="3" t="7" w="215" /><ent r="3" t="7" w="227" /><ent r="4" t="7" w="271" /><ent r="4" t="7" w="310" /><ent r="5" t="7" w="384" /><ent r="3" t="7" w="419" /><ent r="3" t="7" w="491" /><ent r="3" t="7" w="508" /><ent r="3" t="7" w="522" /><ent r="82" t="7" w="550" /><ent r="3" t="7" w="563" /><ent r="4" t="7" w="593" /><ent r="4" t="7" w="616" /><ent r="3" t="7" w="656" /><ent r="4" t="7" w="690" /><ent r="4" t="7" w="721" /><ent r="4" t="7" w="749" /><ent r="1000" t="8" w="1" /><ent r="100" t="8" w="12" /><ent r="102" t="8" w="19" /><ent r="3" t="8" w="36" /><ent r="64" t="8" w="105" /><ent r="64" t="8" w="117" /><ent r="82" t="8" w="137" /><ent r="3" t="8" w="149" /><ent r="5" t="8" w="193" /><ent r="5" t="8" w="200" /><ent r="4" t="8" w="208" /><ent r="3" t="8" w="222" /><ent r="82" t="8" w="245" /><ent r="3" t="8" w="260" /><ent r="5" t="8" w="331" /><ent r="4" t="8" w="345" /><ent r="3" t="8" w="365" /><ent r="5" t="8" w="419" /><ent r="4" t="8" w="433" /><ent r="100" t="9" w="13" /><ent r="100" t="9" w="18" /><ent r="3" t="9" w="28" /><ent r="3" t="9" w="61" /><ent r="3" t="9" w="97" /><ent r="3" t="9" w="107" /><ent r="3" t="9" w="133" /><ent r="3" t="9" w="229" /><ent r="3" t="9" w="246" /><ent r="100" t="10" w="5" /><ent r="7" t="10" w="81" /><ent r="7" t="10" w="103" /><ent r="7" t="10" w="148" /><ent r="3" t="10" w="222" /><ent r="3" t="10" w="267" /><ent r="3" t="10" w="308" /><ent r="3" t="10" w="320" /><ent r="4" t="10" w="333" /><ent r="5" t="10" w="392" /><ent r="4" t="11" w="35" /><ent r="3" t="12" w="30" /><ent r="4" t="12" w="39" /><ent r="5" t="12" w="158" /><ent r="7" t="12" w="380" /><ent r="7" t="12" w="405" /><ent r="100" t="13" w="13" /><ent r="100" t="13" w="26" /><ent r="3" t="13" w="73" /><ent r="3" t="13" w="112" /><ent r="4" t="13" w="149" /><ent r="4" t="13" w="254" /><ent r="3" t="13" w="290" /><ent r="3" t="13" w="304" /><ent r="3" t="14" w="61" /><ent r="3" t="14" w="108" /><ent r="3" t="14" w="130" /><ent r="4" t="14" w="161" /><ent r="4" t="16" w="41" /><ent r="4" t="16" w="73" /><ent r="3" t="16" w="118" /><ent r="3" t="16" w="160" /><ent r="4" t="16" w="226" /><ent r="4" t="16" w="342" /><ent r="3" t="17" w="20" /><ent r="3" t="17" w="85" /><ent r="3" t="17" w="141" /><ent r="100" t="18" w="7" /><ent r="4" t="18" w="53" /><ent r="3" t="18" w="171" /><ent r="3" t="18" w="351" /><ent r="3" t="18" w="426" /><ent r="6" t="18" w="650" /><ent r="6" t="18" w="679" /><ent r="6" t="18" w="796" /><ent r="6" t="18" w="808" /><ent r="6" t="18" w="855" /><ent r="6" t="18" w="869" /><ent r="6" t="18" w="928" /><ent r="7" t="18" w="1054" /><ent r="6" t="18" w="1581" /><ent r="6" t="18" w="1806" /><ent r="7" t="18" w="1905" /><ent r="7" t="18" w="1950" /><ent r="7" t="18" w="1995" /><ent r="6" t="18" w="2067" /><ent r="7" t="18" w="2124" /><ent r="4" t="18" w="2187" /><ent r="3" t="18" w="2268" /><ent r="4" t="18" w="2365" /><ent r="3" t="19" w="28" /><ent r="3" t="19" w="121" /><ent r="100" t="20" w="9" /><ent r="4" t="20" w="73" /><ent r="3" t="20" w="223" /><ent r="6" t="20" w="365" /><ent r="7" t="20" w="464" /><ent r="7" t="20" w="509" /><ent r="7" t="20" w="554" /><ent r="4" t="20" w="640" /><ent r="3" t="20" w="721" /><ent r="4" t="20" w="818" /><ent r="100" t="21" w="14" /><ent r="4" t="21" w="108" /><ent r="3" t="21" w="242" /><ent r="6" t="21" w="565" /><ent r="7" t="21" w="664" /><ent r="7" t="21" w="709" /><ent r="7" t="21" w="754" /><ent r="4" t="21" w="840" /><ent r="3" t="21" w="923" /><ent r="4" t="21" w="1020" /><ent r="100" t="22" w="14" /><ent r="4" t="22" w="80" /><ent r="3" t="22" w="213" /><ent r="3" t="22" w="492" /><ent r="6" t="22" w="618" /><ent r="7" t="22" w="717" /><ent r="7" t="22" w="762" /><ent r="7" t="22" w="807" /><ent r="4" t="22" w="893" /><ent r="3" t="22" w="978" /><ent r="4" t="22" w="1075" /><ent r="6" t="23" w="335" /><ent r="6" t="23" w="465" /><ent r="6" t="23" w="506" /><ent r="6" t="23" w="575" /><ent r="6" t="23" w="668" /><ent r="6" t="23" w="697" /><ent r="3" t="24" w="33" /><ent r="3" t="24" w="53" /><ent r="3" t="24" w="71" /><ent r="3" t="24" w="108" /><ent r="3" t="24" w="132" /><ent r="4" t="24" w="451" /><ent r="4" t="24" w="480" /><ent r="5" t="25" w="58" /><ent r="5" t="25" w="68" /><ent r="5" t="25" w="99" /><ent r="5" t="25" w="405" /><ent r="3" t="25" w="666" /><ent r="3" t="26" w="18" /><ent r="3" t="26" w="57" /><ent r="3" t="26" w="88" /><ent r="3" t="27" w="30" /><ent r="4" t="27" w="60" /><ent r="3" t="27" w="152" /><ent r="6" t="27" w="375" /><ent r="6" t="27" w="404" /><ent r="6" t="27" w="458" /><ent r="6" t="27" w="537" /><ent r="6" t="27" w="549" /><ent r="6" t="27" w="609" /><ent r="6" t="27" w="623" /><ent r="6" t="27" w="682" /><ent r="7" t="27" w="811" /><ent r="6" t="27" w="1100" /><ent r="6" t="27" w="1272" /><ent r="7" t="27" w="1368" /><ent r="7" t="27" w="1413" /><ent r="7" t="27" w="1458" /><ent r="3" t="27" w="1538" /><ent r="100" t="28" w="7" /><ent r="102" t="28" w="23" /><ent r="3" t="28" w="51" /><ent r="3" t="28" w="117" /><ent r="3" t="28" w="145" /><ent r="3" t="28" w="177" /><ent r="3" t="28" w="196" /><ent r="3" t="28" w="284" /><ent r="3" t="28" w="310" /><ent r="3" t="29" w="37" /><ent r="4" t="29" w="100" /><ent r="4" t="29" w="129" /><ent r="3" t="29" w="146" /><ent r="3" t="29" w="264" /><ent r="7" t="29" w="456" /><ent r="7" t="29" w="581" /><ent r="3" t="29" w="799" /><ent r="3" t="29" w="822" /><ent r="3" t="29" w="847" /><ent r="4" t="29" w="885" /><ent r="4" t="29" w="917" /><ent r="4" t="29" w="956" /><ent r="4" t="29" w="974" /><ent r="4" t="29" w="993" /><ent r="4" t="29" w="1035" /><ent r="4" t="29" w="1080" /><ent r="3" t="29" w="1114" /><ent r="3" t="29" w="1148" /><ent r="4" t="29" w="1174" /><ent r="4" t="29" w="1211" /><ent r="4" t="29" w="1241" /><ent r="4" t="29" w="1259" /><ent r="3" t="30" w="32" /><ent r="3" t="30" w="100" /><ent r="3" t="31" w="111" /><ent r="4" t="31" w="146" /><ent r="4" t="31" w="182" /><ent r="4" t="32" w="69" /><ent r="3" t="32" w="202" /><ent r="3" t="32" w="512" /><ent r="4" t="32" w="527" /><ent r="4" t="32" w="540" /><ent r="4" t="32" w="573" /><ent r="4" t="32" w="607" /><ent r="5" t="32" w="638" /><ent r="5" t="32" w="657" /><ent r="3" t="33" w="113" /><ent r="4" t="33" w="177" /><ent r="4" t="33" w="213" /><ent r="7" t="33" w="507" /><ent r="7" t="33" w="520" /><ent r="7" t="33" w="558" /><ent r="3" t="34" w="40" /><ent r="3" t="34" w="73" /><ent r="4" t="34" w="112" /><ent r="4" t="34" w="148" /><ent r="4" t="34" w="219" /><ent r="3" t="35" w="31" /><ent r="3" t="35" w="58" /><ent r="3" t="35" w="94" /><ent r="3" t="35" w="159" /><ent r="4" t="35" w="173" /><ent r="3" t="35" w="271" /><ent r="3" t="36" w="32" /><ent r="4" t="36" w="50" /><ent r="3" t="37" w="24" /><ent r="3" t="37" w="53" /><ent r="3" t="37" w="83" /><ent r="3" t="37" w="122" /><ent r="3" t="37" w="224" /><ent r="3" t="37" w="303" /><ent r="3" t="37" w="340" /><ent r="3" t="37" w="473" /><ent r="3" t="37" w="495" /><ent r="3" t="37" w="519" /><ent r="3" t="37" w="598" /><ent r="3" t="38" w="24" /><ent r="4" t="38" w="54" /><ent r="4" t="38" w="98" /><ent r="65" t="38" w="108" /><ent r="4" t="38" w="120" /><ent r="4" t="38" w="167" /><ent r="4" t="38" w="199" /><ent r="3" t="38" w="252" /><ent r="3" t="39" w="23" /><ent r="3" t="39" w="90" /><ent r="3" t="39" w="119" /><ent r="4" t="39" w="135" /><ent r="3" t="40" w="29" /><ent r="3" t="40" w="55" /><ent r="3" t="40" w="121" /><ent r="3" t="40" w="130" /><ent r="3" t="40" w="178" /><ent r="3" t="40" w="203" /><ent r="3" t="40" w="242" /><ent r="3" t="40" w="252" /><ent r="3" t="40" w="296" /><ent r="3" t="40" w="307" /><ent r="3" t="40" w="355" /><ent r="3" t="40" w="412" /><ent r="3" t="40" w="438" /><ent r="3" t="40" w="463" /><ent r="3" t="40" w="518" /><ent r="3" t="40" w="530" /><ent r="3" t="40" w="571" /><ent r="3" t="40" w="716" /><ent r="4" t="40" w="763" /><ent r="4" t="40" w="793" /><ent r="3" t="40" w="836" /><ent r="3" t="40" w="975" /><ent r="3" t="40" w="1094" /><ent r="3" t="40" w="1118" /><ent r="3" t="40" w="1147" /><ent r="3" t="41" w="35" /><ent r="3" t="41" w="64" /><ent r="3" t="41" w="105" /><ent r="3" t="41" w="134" /><ent r="64" t="41" w="144" /><ent r="3" t="42" w="55" /><ent r="3" t="42" w="110" /><ent r="3" t="42" w="147" /><ent r="3" t="42" w="174" /><ent r="3" t="42" w="270" /><ent r="3" t="42" w="344" /><ent r="3" t="42" w="371" /><ent r="3" t="42" w="384" /><ent r="3" t="42" w="403" /><ent r="3" t="42" w="462" /><ent r="3" t="42" w="515" /><ent r="3" t="42" w="553" /><ent r="3" t="42" w="625" /><ent r="3" t="42" w="699" /><ent r="3" t="42" w="803" /><ent r="3" t="42" w="822" /><ent r="3" t="42" w="895" /><ent r="3" t="42" w="919" /><ent r="3" t="42" w="989" /><ent r="3" t="42" w="1025" /><ent r="4" t="42" w="1043" /><ent r="3" t="42" w="1134" /><ent r="3" t="42" w="1230" /><ent r="3" t="42" w="1329" /><ent r="3" t="42" w="1356" /><ent r="3" t="42" w="1407" /><ent r="3" t="42" w="1492" /><ent r="3" t="42" w="1503" /><ent r="3" t="42" w="1544" /><ent r="3" t="42" w="1565" /><ent r="3" t="42" w="1586" /><ent r="3" t="42" w="1618" /><ent r="3" t="42" w="1667" /><ent r="3" t="42" w="1756" /><ent r="3" t="42" w="1850" /><ent r="3" t="42" w="1915" /><ent r="3" t="42" w="1938" /><ent r="4" t="42" w="2004" /><ent r="3" t="42" w="2025" /><ent r="3" t="42" w="2049" /><ent r="3" t="42" w="2086" /><ent r="100" t="43" w="18" /><ent r="100" t="43" w="23" /><ent r="7" t="43" w="135" /><ent r="7" t="43" w="201" /><ent r="7" t="43" w="248" /><ent r="7" t="43" w="306" /><ent r="7" t="43" w="414" /><ent r="1000" t="44" w="2" /><ent r="100" t="44" w="10" /><ent r="100" t="44" w="17" /><ent r="102" t="44" w="28" /><ent r="3" t="44" w="49" /><ent r="100" t="44" w="87" /><ent r="3" t="45" w="22" /><ent r="4" t="45" w="114" /><ent r="3" t="45" w="177" /><ent r="3" t="45" w="193" /><ent r="4" t="45" w="229" /><ent r="6" t="45" w="309" /><ent r="6" t="45" w="318" /><ent r="6" t="45" w="344" /><ent r="6" t="45" w="386" /><ent r="3" t="46" w="32" /><ent r="3" t="46" w="56" /><ent r="3" t="46" w="106" /><ent r="7" t="46" w="133" /><ent r="7" t="46" w="159" /><ent r="4" t="46" w="199" /><ent r="3" t="46" w="236" /><ent r="3" t="46" w="278" /><ent r="3" t="47" w="53" /><ent r="4" t="47" w="147" /><ent r="6" t="47" w="175" /><ent r="3" t="47" w="260" /><ent r="3" t="47" w="339" /><ent r="3" t="47" w="723" /><ent r="100" t="48" w="18" /><ent r="100" t="48" w="23" /><ent r="82" t="48" w="680" /><ent r="3" t="48" w="689" /><ent r="3" t="48" w="720" /><ent r="3" t="48" w="746" /><ent r="4" t="49" w="100" /><ent r="4" t="49" w="142" /><ent r="4" t="49" w="190" /><ent r="6" t="50" w="560" /><ent r="6" t="51" w="624" /><ent r="3" t="55" w="1769" /><ent r="3" t="56" w="95" /><ent r="3" t="56" w="122" /><ent r="3" t="56" w="146" /><ent r="3" t="56" w="226" /><ent r="100" t="57" w="23" /><ent r="3" t="57" w="39" /><ent r="4" t="57" w="57" /><ent r="3" t="58" w="206" /><ent r="100" t="59" w="8" /><ent r="3" t="59" w="137" /><ent r="3" t="60" w="151" /><ent r="3" t="60" w="177" /><ent r="3" t="60" w="212" /><ent r="3" t="62" w="18" /><ent r="5" t="62" w="33" /><ent r="7" t="62" w="62" /><ent r="7" t="62" w="456" /><ent r="8" t="63" w="52" /><ent r="8" t="63" w="57" /><ent r="4" t="63" w="153" /><ent r="3" t="63" w="165" /><ent r="5" t="63" w="190" /><ent r="5" t="63" w="215" /><ent r="8" t="64" w="50" /><ent r="8" t="64" w="55" /><ent r="4" t="64" w="122" /><ent r="5" t="64" w="143" /><ent r="4" t="64" w="237" /><ent r="5" t="64" w="268" /><ent r="5" t="64" w="293" /><ent r="3" t="65" w="42" /><ent r="8" t="65" w="121" /><ent r="8" t="65" w="126" /><ent r="4" t="65" w="195" /><ent r="3" t="66" w="29" /><ent r="3" t="66" w="89" /><ent r="3" t="66" w="116" /><ent r="7" t="66" w="134" /><ent r="7" t="66" w="139" /><ent r="4" t="66" w="196" /><ent r="4" t="66" w="216" /><ent r="4" t="66" w="309" /><ent r="3" t="67" w="42" /><ent r="3" t="67" w="85" /><ent r="4" t="67" w="219" /><ent r="3" t="67" w="240" /><ent r="3" t="68" w="19" /><ent r="7" t="68" w="46" /><ent r="7" t="68" w="81" /><ent r="7" t="68" w="130" /><ent r="7" t="68" w="147" /><ent r="7" t="68" w="160" /><ent r="3" t="69" w="24" /><ent r="3" t="69" w="42" /><ent r="4" t="69" w="101" /><ent r="3" t="69" w="225" /><ent r="3" t="70" w="18" /><ent r="3" t="70" w="44" /></phr></stem><stem n="xml"><phr n="XML"><ent r="102" t="0" w="10" /><ent r="3" t="0" w="21" /><ent r="3" t="0" w="45" /><ent r="4" t="0" w="74" /><ent r="65" t="0" w="84" /><ent r="4" t="0" w="110" /><ent r="65" t="0" w="120" /><ent r="4" t="0" w="135" /><ent r="82" t="0" w="182" /><ent r="3" t="1" w="31" /><ent r="3" t="1" w="141" /><ent r="3" t="1" w="270" /><ent r="100" t="1" w="282" /><ent r="92" t="1" w="288" /><ent r="3" t="1" w="295" /><ent r="3" t="1" w="321" /><ent r="3" t="1" w="358" /><ent r="4" t="1" w="441" /><ent r="3" t="2" w="30" /><ent r="3" t="2" w="129" /><ent r="4" t="2" w="179" /><ent r="3" t="2" w="212" /><ent r="3" t="2" w="238" /><ent r="3" t="2" w="259" /><ent r="1000" t="3" w="2" /><ent r="100" t="3" w="8" /><ent r="102" t="3" w="14" /><ent r="3" t="3" w="48" /><ent r="3" t="3" w="64" /><ent r="3" t="3" w="97" /><ent r="3" t="3" w="140" /><ent r="3" t="3" w="157" /><ent r="3" t="3" w="203" /><ent r="3" t="3" w="290" /><ent r="3" t="3" w="305" /><ent r="3" t="3" w="337" /><ent r="3" t="3" w="377" /><ent r="4" t="3" w="429" /><ent r="3" t="3" w="437" /><ent r="100" t="4" w="6" /><ent r="3" t="4" w="16" /><ent r="3" t="4" w="33" /><ent r="3" t="4" w="53" /><ent r="3" t="5" w="24" /><ent r="3" t="5" w="45" /><ent r="3" t="5" w="73" /><ent r="3" t="5" w="109" /><ent r="3" t="5" w="147" /><ent r="4" t="5" w="190" /><ent r="4" t="5" w="233" /><ent r="4" t="5" w="248" /><ent r="4" t="5" w="276" /><ent r="4" t="5" w="291" /><ent r="4" t="5" w="321" /><ent r="3" t="6" w="18" /><ent r="4" t="6" w="38" /><ent r="3" t="6" w="73" /><ent r="5" t="6" w="144" /><ent r="5" t="6" w="149" /><ent r="1000" t="7" w="2" /><ent r="100" t="7" w="13" /><ent r="102" t="7" w="20" /><ent r="3" t="7" w="37" /><ent r="3" t="7" w="57" /><ent r="3" t="7" w="115" /><ent r="3" t="7" w="138" /><ent r="64" t="7" w="169" /><ent r="64" t="7" w="181" /><ent r="82" t="7" w="201" /><ent r="3" t="7" w="216" /><ent r="3" t="7" w="228" /><ent r="4" t="7" w="272" /><ent r="4" t="7" w="311" /><ent r="5" t="7" w="385" /><ent r="3" t="7" w="420" /><ent r="3" t="7" w="450" /><ent r="3" t="7" w="492" /><ent r="3" t="7" w="509" /><ent r="3" t="7" w="523" /><ent r="82" t="7" w="551" /><ent r="3" t="7" w="564" /><ent r="4" t="7" w="594" /><ent r="4" t="7" w="617" /><ent r="3" t="7" w="657" /><ent r="4" t="7" w="691" /><ent r="4" t="7" w="722" /><ent r="4" t="7" w="750" /><ent r="1000" t="8" w="2" /><ent r="100" t="8" w="13" /><ent r="102" t="8" w="20" /><ent r="3" t="8" w="37" /><ent r="3" t="8" w="57" /><ent r="64" t="8" w="106" /><ent r="64" t="8" w="118" /><ent r="82" t="8" w="138" /><ent r="3" t="8" w="150" /><ent r="5" t="8" w="194" /><ent r="5" t="8" w="201" /><ent r="4" t="8" w="209" /><ent r="3" t="8" w="223" /><ent r="82" t="8" w="246" /><ent r="3" t="8" w="261" /><ent r="5" t="8" w="332" /><ent r="4" t="8" w="346" /><ent r="3" t="8" w="366" /><ent r="5" t="8" w="420" /><ent r="4" t="8" w="434" /><ent r="3" t="9" w="29" /><ent r="3" t="9" w="62" /><ent r="3" t="9" w="98" /><ent r="3" t="9" w="108" /><ent r="3" t="9" w="134" /><ent r="3" t="9" w="230" /><ent r="3" t="9" w="247" /><ent r="3" t="9" w="367" /><ent r="3" t="10" w="31" /><ent r="7" t="10" w="82" /><ent r="7" t="10" w="104" /><ent r="7" t="10" w="149" /><ent r="3" t="10" w="223" /><ent r="3" t="10" w="268" /><ent r="3" t="10" w="296" /><ent r="3" t="10" w="309" /><ent r="3" t="10" w="321" /><ent r="4" t="10" w="334" /><ent r="5" t="10" w="393" /><ent r="4" t="11" w="36" /><ent r="3" t="12" w="31" /><ent r="4" t="12" w="40" /><ent r="5" t="12" w="159" /><ent r="7" t="12" w="381" /><ent r="7" t="12" w="406" /><ent r="3" t="13" w="74" /><ent r="3" t="13" w="113" /><ent r="4" t="13" w="150" /><ent r="4" t="13" w="255" /><ent r="3" t="13" w="291" /><ent r="3" t="13" w="305" /><ent r="3" t="14" w="62" /><ent r="3" t="14" w="109" /><ent r="3" t="14" w="131" /><ent r="4" t="14" w="162" /><ent r="5" t="16" w="35" /><ent r="4" t="16" w="42" /><ent r="4" t="16" w="74" /><ent r="3" t="16" w="119" /><ent r="3" t="16" w="161" /><ent r="4" t="16" w="227" /><ent r="4" t="16" w="343" /><ent r="3" t="17" w="21" /><ent r="3" t="17" w="86" /><ent r="3" t="17" w="142" /><ent r="4" t="18" w="54" /><ent r="3" t="18" w="172" /><ent r="3" t="18" w="352" /><ent r="3" t="18" w="427" /><ent r="6" t="18" w="651" /><ent r="6" t="18" w="680" /><ent r="7" t="18" w="717" /><ent r="6" t="18" w="797" /><ent r="6" t="18" w="809" /><ent r="6" t="18" w="856" /><ent r="6" t="18" w="870" /><ent r="6" t="18" w="929" /><ent r="7" t="18" w="1055" /><ent r="6" t="18" w="1582" /><ent r="6" t="18" w="1807" /><ent r="7" t="18" w="1906" /><ent r="7" t="18" w="1951" /><ent r="7" t="18" w="1996" /><ent r="6" t="18" w="2068" /><ent r="4" t="18" w="2153" /><ent r="4" t="18" w="2188" /><ent r="3" t="18" w="2269" /><ent r="4" t="18" w="2366" /><ent r="3" t="19" w="29" /><ent r="3" t="19" w="122" /><ent r="4" t="20" w="74" /><ent r="3" t="20" w="224" /><ent r="6" t="20" w="366" /><ent r="7" t="20" w="465" /><ent r="7" t="20" w="510" /><ent r="7" t="20" w="555" /><ent r="4" t="20" w="606" /><ent r="4" t="20" w="641" /><ent r="3" t="20" w="722" /><ent r="4" t="20" w="819" /><ent r="4" t="21" w="109" /><ent r="3" t="21" w="243" /><ent r="6" t="21" w="566" /><ent r="7" t="21" w="665" /><ent r="7" t="21" w="710" /><ent r="7" t="21" w="755" /><ent r="4" t="21" w="806" /><ent r="4" t="21" w="841" /><ent r="3" t="21" w="924" /><ent r="4" t="21" w="1021" /><ent r="4" t="22" w="81" /><ent r="3" t="22" w="214" /><ent r="3" t="22" w="493" /><ent r="6" t="22" w="619" /><ent r="7" t="22" w="718" /><ent r="7" t="22" w="763" /><ent r="7" t="22" w="808" /><ent r="4" t="22" w="859" /><ent r="4" t="22" w="894" /><ent r="3" t="22" w="979" /><ent r="4" t="22" w="1076" /><ent r="4" t="23" w="97" /><ent r="6" t="23" w="336" /><ent r="6" t="23" w="466" /><ent r="6" t="23" w="507" /><ent r="6" t="23" w="576" /><ent r="6" t="23" w="669" /><ent r="6" t="23" w="698" /><ent r="3" t="24" w="34" /><ent r="3" t="24" w="54" /><ent r="3" t="24" w="72" /><ent r="3" t="24" w="109" /><ent r="3" t="24" w="133" /><ent r="4" t="24" w="452" /><ent r="4" t="24" w="481" /><ent r="5" t="25" w="59" /><ent r="5" t="25" w="69" /><ent r="5" t="25" w="100" /><ent r="5" t="25" w="406" /><ent r="3" t="25" w="667" /><ent r="3" t="26" w="19" /><ent r="3" t="26" w="58" /><ent r="3" t="26" w="89" /><ent r="4" t="26" w="116" /><ent r="3" t="27" w="31" /><ent r="4" t="27" w="61" /><ent r="3" t="27" w="153" /><ent r="6" t="27" w="376" /><ent r="6" t="27" w="405" /><ent r="7" t="27" w="442" /><ent r="6" t="27" w="459" /><ent r="6" t="27" w="538" /><ent r="6" t="27" w="550" /><ent r="6" t="27" w="610" /><ent r="6" t="27" w="624" /><ent r="6" t="27" w="683" /><ent r="7" t="27" w="812" /><ent r="6" t="27" w="1101" /><ent r="6" t="27" w="1273" /><ent r="7" t="27" w="1369" /><ent r="7" t="27" w="1414" /><ent r="7" t="27" w="1459" /><ent r="4" t="27" w="1509" /><ent r="3" t="27" w="1539" /><ent r="4" t="27" w="1624" /><ent r="100" t="28" w="8" /><ent r="100" t="28" w="16" /><ent r="102" t="28" w="24" /><ent r="3" t="28" w="42" /><ent r="3" t="28" w="52" /><ent r="3" t="28" w="72" /><ent r="3" t="28" w="118" /><ent r="3" t="28" w="146" /><ent r="3" t="28" w="178" /><ent r="3" t="28" w="197" /><ent r="3" t="28" w="285" /><ent r="3" t="28" w="311" /><ent r="100" t="29" w="8" /><ent r="3" t="29" w="38" /><ent r="4" t="29" w="88" /><ent r="4" t="29" w="101" /><ent r="4" t="29" w="130" /><ent r="3" t="29" w="147" /><ent r="3" t="29" w="265" /><ent r="7" t="29" w="356" /><ent r="7" t="29" w="457" /><ent r="7" t="29" w="582" /><ent r="3" t="29" w="800" /><ent r="3" t="29" w="823" /><ent r="3" t="29" w="848" /><ent r="4" t="29" w="886" /><ent r="4" t="29" w="918" /><ent r="4" t="29" w="957" /><ent r="4" t="29" w="975" /><ent r="4" t="29" w="994" /><ent r="4" t="29" w="1036" /><ent r="4" t="29" w="1081" /><ent r="3" t="29" w="1115" /><ent r="3" t="29" w="1149" /><ent r="5" t="29" w="1164" /><ent r="4" t="29" w="1175" /><ent r="4" t="29" w="1212" /><ent r="4" t="29" w="1242" /><ent r="4" t="29" w="1260" /><ent r="100" t="30" w="8" /><ent r="3" t="30" w="33" /><ent r="3" t="30" w="101" /><ent r="3" t="31" w="112" /><ent r="4" t="31" w="147" /><ent r="4" t="31" w="183" /><ent r="4" t="32" w="70" /><ent r="3" t="32" w="203" /><ent r="5" t="32" w="418" /><ent r="3" t="32" w="461" /><ent r="3" t="32" w="513" /><ent r="4" t="32" w="528" /><ent r="4" t="32" w="541" /><ent r="4" t="32" w="574" /><ent r="4" t="32" w="608" /><ent r="5" t="32" w="639" /><ent r="5" t="32" w="658" /><ent r="3" t="33" w="114" /><ent r="4" t="33" w="178" /><ent r="4" t="33" w="214" /><ent r="9" t="33" w="313" /><ent r="9" t="33" w="372" /><ent r="7" t="33" w="508" /><ent r="7" t="33" w="521" /><ent r="7" t="33" w="559" /><ent r="3" t="34" w="41" /><ent r="3" t="34" w="74" /><ent r="4" t="34" w="113" /><ent r="4" t="34" w="149" /><ent r="4" t="34" w="220" /><ent r="3" t="35" w="25" /><ent r="3" t="35" w="32" /><ent r="3" t="35" w="59" /><ent r="3" t="35" w="95" /><ent r="3" t="35" w="160" /><ent r="4" t="35" w="174" /><ent r="3" t="35" w="249" /><ent r="3" t="35" w="272" /><ent r="3" t="35" w="293" /><ent r="3" t="36" w="33" /><ent r="3" t="36" w="39" /><ent r="4" t="36" w="51" /><ent r="3" t="37" w="25" /><ent r="3" t="37" w="54" /><ent r="3" t="37" w="63" /><ent r="3" t="37" w="84" /><ent r="3" t="37" w="123" /><ent r="3" t="37" w="225" /><ent r="3" t="37" w="304" /><ent r="3" t="37" w="341" /><ent r="3" t="37" w="474" /><ent r="3" t="37" w="496" /><ent r="3" t="37" w="520" /><ent r="3" t="37" w="527" /><ent r="3" t="37" w="530" /><ent r="3" t="37" w="535" /><ent r="3" t="37" w="544" /><ent r="3" t="37" w="560" /><ent r="3" t="37" w="567" /><ent r="4" t="37" w="587" /><ent r="3" t="37" w="599" /><ent r="3" t="37" w="617" /><ent r="3" t="38" w="25" /><ent r="4" t="38" w="55" /><ent r="4" t="38" w="99" /><ent r="65" t="38" w="109" /><ent r="4" t="38" w="121" /><ent r="4" t="38" w="168" /><ent r="4" t="38" w="200" /><ent r="3" t="38" w="253" /><ent r="3" t="38" w="274" /><ent r="3" t="39" w="24" /><ent r="3" t="39" w="91" /><ent r="3" t="39" w="120" /><ent r="3" t="40" w="30" /><ent r="3" t="40" w="56" /><ent r="3" t="40" w="122" /><ent r="3" t="40" w="131" /><ent r="3" t="40" w="179" /><ent r="3" t="40" w="204" /><ent r="3" t="40" w="243" /><ent r="3" t="40" w="253" /><ent r="3" t="40" w="297" /><ent r="3" t="40" w="308" /><ent r="3" t="40" w="356" /><ent r="3" t="40" w="413" /><ent r="3" t="40" w="439" /><ent r="3" t="40" w="464" /><ent r="3" t="40" w="519" /><ent r="3" t="40" w="531" /><ent r="3" t="40" w="572" /><ent r="3" t="40" w="616" /><ent r="3" t="40" w="620" /><ent r="3" t="40" w="679" /><ent r="64" t="40" w="709" /><ent r="3" t="40" w="717" /><ent r="4" t="40" w="764" /><ent r="4" t="40" w="794" /><ent r="3" t="40" w="837" /><ent r="4" t="40" w="924" /><ent r="3" t="40" w="976" /><ent r="100" t="40" w="1034" /><ent r="82" t="40" w="1044" /><ent r="3" t="40" w="1054" /><ent r="3" t="40" w="1095" /><ent r="3" t="40" w="1119" /><ent r="3" t="40" w="1148" /><ent r="3" t="41" w="36" /><ent r="3" t="41" w="65" /><ent r="3" t="41" w="106" /><ent r="3" t="41" w="135" /><ent r="64" t="41" w="145" /><ent r="3" t="41" w="203" /><ent r="3" t="42" w="56" /><ent r="3" t="42" w="111" /><ent r="3" t="42" w="148" /><ent r="3" t="42" w="175" /><ent r="3" t="42" w="271" /><ent r="3" t="42" w="345" /><ent r="3" t="42" w="372" /><ent r="3" t="42" w="385" /><ent r="3" t="42" w="404" /><ent r="3" t="42" w="463" /><ent r="3" t="42" w="516" /><ent r="3" t="42" w="554" /><ent r="3" t="42" w="626" /><ent r="3" t="42" w="700" /><ent r="3" t="42" w="804" /><ent r="3" t="42" w="823" /><ent r="3" t="42" w="896" /><ent r="3" t="42" w="920" /><ent r="3" t="42" w="990" /><ent r="3" t="42" w="1026" /><ent r="4" t="42" w="1044" /><ent r="3" t="42" w="1135" /><ent r="4" t="42" w="1166" /><ent r="3" t="42" w="1231" /><ent r="3" t="42" w="1330" /><ent r="3" t="42" w="1357" /><ent r="3" t="42" w="1408" /><ent r="3" t="42" w="1493" /><ent r="3" t="42" w="1504" /><ent r="3" t="42" w="1545" /><ent r="3" t="42" w="1566" /><ent r="3" t="42" w="1587" /><ent r="3" t="42" w="1619" /><ent r="3" t="42" w="1668" /><ent r="3" t="42" w="1757" /><ent r="3" t="42" w="1851" /><ent r="3" t="42" w="1916" /><ent r="3" t="42" w="1939" /><ent r="4" t="42" w="2005" /><ent r="3" t="42" w="2026" /><ent r="3" t="42" w="2050" /><ent r="3" t="42" w="2087" /><ent r="100" t="43" w="24" /><ent r="3" t="43" w="45" /><ent r="7" t="43" w="136" /><ent r="7" t="43" w="202" /><ent r="7" t="43" w="249" /><ent r="7" t="43" w="307" /><ent r="7" t="43" w="415" /><ent r="1000" t="44" w="3" /><ent r="100" t="44" w="11" /><ent r="100" t="44" w="18" /><ent r="102" t="44" w="29" /><ent r="3" t="44" w="50" /><ent r="100" t="44" w="88" /><ent r="100" t="45" w="7" /><ent r="3" t="45" w="23" /><ent r="4" t="45" w="115" /><ent r="3" t="45" w="178" /><ent r="3" t="45" w="194" /><ent r="4" t="45" w="230" /><ent r="6" t="45" w="310" /><ent r="6" t="45" w="319" /><ent r="6" t="45" w="345" /><ent r="6" t="45" w="387" /><ent r="6" t="45" w="415" /><ent r="6" t="45" w="422" /><ent r="6" t="45" w="425" /><ent r="6" t="45" w="431" /><ent r="6" t="45" w="450" /><ent r="3" t="46" w="33" /><ent r="3" t="46" w="57" /><ent r="3" t="46" w="107" /><ent r="7" t="46" w="134" /><ent r="7" t="46" w="160" /><ent r="4" t="46" w="200" /><ent r="3" t="46" w="237" /><ent r="3" t="46" w="279" /><ent r="3" t="47" w="54" /><ent r="4" t="47" w="148" /><ent r="6" t="47" w="176" /><ent r="3" t="47" w="261" /><ent r="3" t="47" w="340" /><ent r="3" t="47" w="724" /><ent r="100" t="48" w="24" /><ent r="82" t="48" w="681" /><ent r="3" t="48" w="690" /><ent r="3" t="48" w="721" /><ent r="3" t="48" w="747" /><ent r="4" t="49" w="101" /><ent r="4" t="49" w="143" /><ent r="4" t="49" w="191" /><ent r="6" t="50" w="561" /><ent r="6" t="51" w="625" /><ent r="3" t="55" w="1770" /><ent r="3" t="56" w="96" /><ent r="3" t="56" w="123" /><ent r="3" t="56" w="147" /><ent r="3" t="56" w="227" /><ent r="3" t="57" w="40" /><ent r="4" t="57" w="58" /><ent r="3" t="58" w="207" /><ent r="3" t="59" w="138" /><ent r="3" t="60" w="152" /><ent r="3" t="60" w="178" /><ent r="3" t="60" w="213" /><ent r="3" t="62" w="19" /><ent r="5" t="62" w="34" /><ent r="7" t="62" w="63" /><ent r="7" t="62" w="232" /><ent r="8" t="62" w="362" /><ent r="7" t="62" w="370" /><ent r="7" t="62" w="394" /><ent r="7" t="62" w="446" /><ent r="7" t="62" w="457" /><ent r="8" t="62" w="496" /><ent r="7" t="62" w="510" /><ent r="8" t="62" w="542" /><ent r="7" t="62" w="551" /><ent r="8" t="62" w="572" /><ent r="7" t="62" w="581" /><ent r="8" t="62" w="603" /><ent r="8" t="62" w="626" /><ent r="8" t="63" w="53" /><ent r="8" t="63" w="58" /><ent r="4" t="63" w="154" /><ent r="3" t="63" w="166" /><ent r="5" t="63" w="191" /><ent r="5" t="63" w="216" /><ent r="8" t="64" w="51" /><ent r="8" t="64" w="56" /><ent r="4" t="64" w="123" /><ent r="5" t="64" w="144" /><ent r="4" t="64" w="238" /><ent r="5" t="64" w="269" /><ent r="5" t="64" w="294" /><ent r="3" t="65" w="43" /><ent r="8" t="65" w="122" /><ent r="8" t="65" w="127" /><ent r="4" t="65" w="196" /><ent r="3" t="66" w="30" /><ent r="3" t="66" w="90" /><ent r="3" t="66" w="117" /><ent r="7" t="66" w="135" /><ent r="7" t="66" w="140" /><ent r="4" t="66" w="197" /><ent r="4" t="66" w="217" /><ent r="4" t="66" w="232" /><ent r="4" t="66" w="268" /><ent r="4" t="66" w="280" /><ent r="4" t="66" w="310" /><ent r="3" t="67" w="27" /><ent r="3" t="67" w="43" /><ent r="3" t="67" w="86" /><ent r="4" t="67" w="161" /><ent r="4" t="67" w="200" /><ent r="4" t="67" w="220" /><ent r="3" t="67" w="241" /><ent r="7" t="67" w="261" /><ent r="7" t="67" w="270" /><ent r="3" t="68" w="20" /><ent r="7" t="68" w="47" /><ent r="7" t="68" w="72" /><ent r="7" t="68" w="82" /><ent r="7" t="68" w="131" /><ent r="7" t="68" w="148" /><ent r="7" t="68" w="161" /><ent r="3" t="69" w="25" /><ent r="3" t="69" w="43" /><ent r="4" t="69" w="102" /><ent r="3" t="69" w="226" /><ent r="3" t="70" w="19" /></phr></stem></index>