<?xml version="1.0" encoding="utf-8"?><index><stem n="ollo"><phr n="following"><ent r="3" t="2" w="123" /><ent r="3" t="2" w="123" /><ent r="3" t="2" w="299" /><ent r="3" t="2" w="299" /><ent r="3" t="4" w="204" /><ent r="3" t="4" w="204" /><ent r="3" t="5" w="129" /><ent r="3" t="5" w="129" /><ent r="3" t="7" w="667" /><ent r="3" t="10" w="39" /><ent r="3" t="10" w="39" /><ent r="4" t="10" w="344" /><ent r="4" t="10" w="344" /><ent r="3" t="12" w="295" /><ent r="4" t="18" w="109" /><ent r="4" t="18" w="109" /><ent r="6" t="18" w="517" /><ent r="6" t="18" w="517" /><ent r="6" t="18" w="589" /><ent r="6" t="18" w="589" /><ent r="6" t="18" w="1007" /><ent r="6" t="18" w="1007" /><ent r="6" t="18" w="1633" /><ent r="6" t="18" w="1633" /><ent r="6" t="18" w="1830" /><ent r="6" t="18" w="1830" /><ent r="4" t="19" w="108" /><ent r="4" t="19" w="108" /><ent r="5" t="20" w="105" /><ent r="5" t="20" w="105" /><ent r="4" t="20" w="166" /><ent r="4" t="20" w="166" /><ent r="6" t="20" w="390" /><ent r="6" t="20" w="390" /><ent r="4" t="21" w="185" /><ent r="4" t="21" w="185" /><ent r="6" t="21" w="589" /><ent r="6" t="21" w="589" /><ent r="4" t="22" w="156" /><ent r="4" t="22" w="156" /><ent r="6" t="22" w="642" /><ent r="6" t="22" w="642" /><ent r="3" t="23" w="221" /><ent r="3" t="23" w="221" /><ent r="3" t="24" w="141" /><ent r="3" t="24" w="141" /><ent r="4" t="24" w="333" /><ent r="4" t="24" w="333" /><ent r="5" t="25" w="122" /><ent r="5" t="25" w="122" /><ent r="5" t="25" w="282" /><ent r="5" t="25" w="282" /><ent r="5" t="25" w="429" /><ent r="5" t="25" w="429" /><ent r="6" t="27" w="241" /><ent r="6" t="27" w="241" /><ent r="6" t="27" w="314" /><ent r="6" t="27" w="314" /><ent r="6" t="27" w="764" /><ent r="6" t="27" w="764" /><ent r="6" t="27" w="1149" /><ent r="6" t="27" w="1149" /><ent r="6" t="27" w="1296" /><ent r="6" t="27" w="1296" /><ent r="4" t="27" w="1593" /><ent r="4" t="32" w="388" /><ent r="4" t="32" w="388" /><ent r="3" t="32" w="507" /><ent r="3" t="32" w="507" /><ent r="7" t="33" w="267" /><ent r="7" t="33" w="267" /><ent r="7" t="33" w="327" /><ent r="7" t="33" w="327" /><ent r="4" t="34" w="160" /><ent r="3" t="37" w="570" /><ent r="3" t="37" w="570" /><ent r="3" t="39" w="57" /><ent r="3" t="39" w="57" /><ent r="3" t="40" w="114" /><ent r="3" t="40" w="114" /><ent r="3" t="40" w="338" /><ent r="3" t="40" w="338" /><ent r="3" t="40" w="557" /><ent r="3" t="40" w="557" /><ent r="3" t="42" w="164" /><ent r="3" t="42" w="164" /><ent r="3" t="42" w="1117" /><ent r="3" t="42" w="1117" /><ent r="3" t="42" w="1971" /><ent r="3" t="42" w="1971" /><ent r="3" t="43" w="37" /><ent r="3" t="43" w="37" /><ent r="3" t="45" w="51" /><ent r="3" t="45" w="51" /><ent r="3" t="45" w="273" /><ent r="3" t="45" w="273" /><ent r="3" t="46" w="117" /><ent r="3" t="46" w="117" /><ent r="3" t="47" w="362" /><ent r="3" t="47" w="362" /><ent r="3" t="47" w="460" /><ent r="3" t="47" w="460" /><ent r="3" t="49" w="76" /><ent r="3" t="49" w="76" /><ent r="3" t="49" w="269" /><ent r="4" t="49" w="293" /><ent r="3" t="51" w="52" /><ent r="3" t="51" w="52" /><ent r="3" t="51" w="678" /><ent r="3" t="51" w="678" /><ent r="3" t="51" w="1056" /><ent r="3" t="52" w="227" /><ent r="3" t="52" w="227" /><ent r="3" t="53" w="387" /><ent r="3" t="53" w="387" /><ent r="3" t="54" w="448" /><ent r="3" t="54" w="448" /><ent r="3" t="54" w="502" /><ent r="3" t="54" w="502" /><ent r="4" t="55" w="373" /><ent r="4" t="55" w="373" /><ent r="6" t="55" w="627" /><ent r="6" t="55" w="627" /><ent r="9" t="55" w="1079" /><ent r="9" t="55" w="1079" /><ent r="3" t="58" w="200" /><ent r="3" t="58" w="200" /><ent r="3" t="59" w="131" /><ent r="3" t="59" w="131" /><ent r="3" t="62" w="26" /><ent r="3" t="62" w="26" /><ent r="7" t="62" w="328" /><ent r="7" t="62" w="328" /><ent r="4" t="63" w="42" /><ent r="4" t="63" w="42" /><ent r="3" t="63" w="182" /><ent r="3" t="63" w="182" /><ent r="4" t="64" w="40" /><ent r="4" t="64" w="40" /><ent r="3" t="64" w="260" /><ent r="3" t="64" w="260" /><ent r="4" t="65" w="111" /><ent r="4" t="65" w="111" /><ent r="4" t="66" w="124" /><ent r="4" t="66" w="124" /><ent r="3" t="67" w="229" /><ent r="3" t="67" w="229" /><ent r="3" t="67" w="341" /><ent r="3" t="67" w="341" /><ent r="3" t="68" w="26" /><ent r="3" t="68" w="26" /><ent r="6" t="68" w="124" /><ent r="6" t="68" w="124" /></phr><phr n="Follow"><ent r="5" t="12" w="186" /><ent r="5" t="12" w="186" /><ent r="3" t="24" w="223" /><ent r="3" t="24" w="223" /><ent r="4" t="24" w="305" /><ent r="4" t="24" w="305" /><ent r="4" t="24" w="388" /><ent r="4" t="24" w="388" /><ent r="3" t="25" w="717" /><ent r="3" t="25" w="717" /><ent r="4" t="25" w="788" /><ent r="4" t="25" w="788" /><ent r="4" t="25" w="843" /><ent r="4" t="25" w="843" /><ent r="3" t="50" w="88" /><ent r="3" t="50" w="88" /><ent r="3" t="51" w="114" /><ent r="3" t="51" w="114" /></phr><phr n="follows"><ent r="4" t="12" w="372" /><ent r="4" t="15" w="90" /><ent r="4" t="18" w="407" /><ent r="4" t="18" w="1561" /><ent r="4" t="20" w="273" /><ent r="4" t="21" w="267" /><ent r="4" t="21" w="472" /><ent r="4" t="22" w="238" /><ent r="4" t="22" w="525" /><ent r="4" t="24" w="516" /><ent r="4" t="27" w="133" /><ent r="4" t="27" w="1079" /><ent r="4" t="33" w="250" /><ent r="4" t="55" w="1477" /></phr><phr n="follow"><ent r="3" t="14" w="136" /><ent r="3" t="14" w="136" /></phr><phr n="Rollover"><ent r="82" t="46" w="216" /><ent r="82" t="46" w="216" /></phr><phr n="rollover"><ent r="3" t="46" w="229" /><ent r="3" t="46" w="229" /></phr></stem><stem n="lowi"><phr n="following"><ent r="3" t="2" w="123" /><ent r="3" t="2" w="123" /><ent r="3" t="2" w="299" /><ent r="3" t="2" w="299" /><ent r="3" t="4" w="204" /><ent r="3" t="4" w="204" /><ent r="3" t="5" w="129" /><ent r="3" t="5" w="129" /><ent r="3" t="7" w="667" /><ent r="3" t="10" w="39" /><ent r="3" t="10" w="39" /><ent r="4" t="10" w="344" /><ent r="4" t="10" w="344" /><ent r="3" t="12" w="295" /><ent r="4" t="18" w="109" /><ent r="4" t="18" w="109" /><ent r="6" t="18" w="517" /><ent r="6" t="18" w="517" /><ent r="6" t="18" w="589" /><ent r="6" t="18" w="589" /><ent r="6" t="18" w="1007" /><ent r="6" t="18" w="1007" /><ent r="6" t="18" w="1633" /><ent r="6" t="18" w="1633" /><ent r="6" t="18" w="1830" /><ent r="6" t="18" w="1830" /><ent r="4" t="19" w="108" /><ent r="4" t="19" w="108" /><ent r="5" t="20" w="105" /><ent r="5" t="20" w="105" /><ent r="4" t="20" w="166" /><ent r="4" t="20" w="166" /><ent r="6" t="20" w="390" /><ent r="6" t="20" w="390" /><ent r="4" t="21" w="185" /><ent r="4" t="21" w="185" /><ent r="6" t="21" w="589" /><ent r="6" t="21" w="589" /><ent r="4" t="22" w="156" /><ent r="4" t="22" w="156" /><ent r="6" t="22" w="642" /><ent r="6" t="22" w="642" /><ent r="3" t="23" w="221" /><ent r="3" t="23" w="221" /><ent r="3" t="24" w="141" /><ent r="3" t="24" w="141" /><ent r="4" t="24" w="333" /><ent r="4" t="24" w="333" /><ent r="5" t="25" w="122" /><ent r="5" t="25" w="122" /><ent r="5" t="25" w="282" /><ent r="5" t="25" w="282" /><ent r="5" t="25" w="429" /><ent r="5" t="25" w="429" /><ent r="6" t="27" w="241" /><ent r="6" t="27" w="241" /><ent r="6" t="27" w="314" /><ent r="6" t="27" w="314" /><ent r="6" t="27" w="764" /><ent r="6" t="27" w="764" /><ent r="6" t="27" w="1149" /><ent r="6" t="27" w="1149" /><ent r="6" t="27" w="1296" /><ent r="6" t="27" w="1296" /><ent r="4" t="27" w="1593" /><ent r="4" t="32" w="388" /><ent r="4" t="32" w="388" /><ent r="3" t="32" w="507" /><ent r="3" t="32" w="507" /><ent r="7" t="33" w="267" /><ent r="7" t="33" w="267" /><ent r="7" t="33" w="327" /><ent r="7" t="33" w="327" /><ent r="4" t="34" w="160" /><ent r="3" t="37" w="570" /><ent r="3" t="37" w="570" /><ent r="3" t="39" w="57" /><ent r="3" t="39" w="57" /><ent r="3" t="40" w="114" /><ent r="3" t="40" w="114" /><ent r="3" t="40" w="338" /><ent r="3" t="40" w="338" /><ent r="3" t="40" w="557" /><ent r="3" t="40" w="557" /><ent r="3" t="42" w="164" /><ent r="3" t="42" w="164" /><ent r="3" t="42" w="1117" /><ent r="3" t="42" w="1117" /><ent r="3" t="42" w="1971" /><ent r="3" t="42" w="1971" /><ent r="3" t="43" w="37" /><ent r="3" t="43" w="37" /><ent r="3" t="45" w="51" /><ent r="3" t="45" w="51" /><ent r="3" t="45" w="273" /><ent r="3" t="45" w="273" /><ent r="3" t="46" w="117" /><ent r="3" t="46" w="117" /><ent r="3" t="47" w="362" /><ent r="3" t="47" w="362" /><ent r="3" t="47" w="460" /><ent r="3" t="47" w="460" /><ent r="3" t="49" w="76" /><ent r="3" t="49" w="76" /><ent r="3" t="49" w="269" /><ent r="4" t="49" w="293" /><ent r="3" t="51" w="52" /><ent r="3" t="51" w="52" /><ent r="3" t="51" w="678" /><ent r="3" t="51" w="678" /><ent r="3" t="51" w="1056" /><ent r="3" t="52" w="227" /><ent r="3" t="52" w="227" /><ent r="3" t="53" w="387" /><ent r="3" t="53" w="387" /><ent r="3" t="54" w="448" /><ent r="3" t="54" w="448" /><ent r="3" t="54" w="502" /><ent r="3" t="54" w="502" /><ent r="4" t="55" w="373" /><ent r="4" t="55" w="373" /><ent r="6" t="55" w="627" /><ent r="6" t="55" w="627" /><ent r="9" t="55" w="1079" /><ent r="9" t="55" w="1079" /><ent r="3" t="58" w="200" /><ent r="3" t="58" w="200" /><ent r="3" t="59" w="131" /><ent r="3" t="59" w="131" /><ent r="3" t="62" w="26" /><ent r="3" t="62" w="26" /><ent r="7" t="62" w="328" /><ent r="7" t="62" w="328" /><ent r="4" t="63" w="42" /><ent r="4" t="63" w="42" /><ent r="3" t="63" w="182" /><ent r="3" t="63" w="182" /><ent r="4" t="64" w="40" /><ent r="4" t="64" w="40" /><ent r="3" t="64" w="260" /><ent r="3" t="64" w="260" /><ent r="4" t="65" w="111" /><ent r="4" t="65" w="111" /><ent r="4" t="66" w="124" /><ent r="4" t="66" w="124" /><ent r="3" t="67" w="229" /><ent r="3" t="67" w="229" /><ent r="3" t="67" w="341" /><ent r="3" t="67" w="341" /><ent r="3" t="68" w="26" /><ent r="3" t="68" w="26" /><ent r="6" t="68" w="124" /><ent r="6" t="68" w="124" /></phr><phr n="allowing"><ent r="3" t="17" w="211" /><ent r="3" t="17" w="211" /><ent r="3" t="42" w="459" /><ent r="3" t="42" w="459" /></phr></stem><stem n="follo"><phr n="following"><ent r="3" t="2" w="123" /><ent r="3" t="2" w="123" /><ent r="3" t="2" w="299" /><ent r="3" t="2" w="299" /><ent r="3" t="4" w="204" /><ent r="3" t="4" w="204" /><ent r="3" t="5" w="129" /><ent r="3" t="5" w="129" /><ent r="3" t="7" w="667" /><ent r="3" t="10" w="39" /><ent r="3" t="10" w="39" /><ent r="4" t="10" w="344" /><ent r="4" t="10" w="344" /><ent r="3" t="12" w="295" /><ent r="4" t="18" w="109" /><ent r="4" t="18" w="109" /><ent r="6" t="18" w="517" /><ent r="6" t="18" w="517" /><ent r="6" t="18" w="589" /><ent r="6" t="18" w="589" /><ent r="6" t="18" w="1007" /><ent r="6" t="18" w="1007" /><ent r="6" t="18" w="1633" /><ent r="6" t="18" w="1633" /><ent r="6" t="18" w="1830" /><ent r="6" t="18" w="1830" /><ent r="4" t="19" w="108" /><ent r="4" t="19" w="108" /><ent r="5" t="20" w="105" /><ent r="5" t="20" w="105" /><ent r="4" t="20" w="166" /><ent r="4" t="20" w="166" /><ent r="6" t="20" w="390" /><ent r="6" t="20" w="390" /><ent r="4" t="21" w="185" /><ent r="4" t="21" w="185" /><ent r="6" t="21" w="589" /><ent r="6" t="21" w="589" /><ent r="4" t="22" w="156" /><ent r="4" t="22" w="156" /><ent r="6" t="22" w="642" /><ent r="6" t="22" w="642" /><ent r="3" t="23" w="221" /><ent r="3" t="23" w="221" /><ent r="3" t="24" w="141" /><ent r="3" t="24" w="141" /><ent r="4" t="24" w="333" /><ent r="4" t="24" w="333" /><ent r="5" t="25" w="122" /><ent r="5" t="25" w="122" /><ent r="5" t="25" w="282" /><ent r="5" t="25" w="282" /><ent r="5" t="25" w="429" /><ent r="5" t="25" w="429" /><ent r="6" t="27" w="241" /><ent r="6" t="27" w="241" /><ent r="6" t="27" w="314" /><ent r="6" t="27" w="314" /><ent r="6" t="27" w="764" /><ent r="6" t="27" w="764" /><ent r="6" t="27" w="1149" /><ent r="6" t="27" w="1149" /><ent r="6" t="27" w="1296" /><ent r="6" t="27" w="1296" /><ent r="4" t="27" w="1593" /><ent r="4" t="32" w="388" /><ent r="4" t="32" w="388" /><ent r="3" t="32" w="507" /><ent r="3" t="32" w="507" /><ent r="7" t="33" w="267" /><ent r="7" t="33" w="267" /><ent r="7" t="33" w="327" /><ent r="7" t="33" w="327" /><ent r="4" t="34" w="160" /><ent r="3" t="37" w="570" /><ent r="3" t="37" w="570" /><ent r="3" t="39" w="57" /><ent r="3" t="39" w="57" /><ent r="3" t="40" w="114" /><ent r="3" t="40" w="114" /><ent r="3" t="40" w="338" /><ent r="3" t="40" w="338" /><ent r="3" t="40" w="557" /><ent r="3" t="40" w="557" /><ent r="3" t="42" w="164" /><ent r="3" t="42" w="164" /><ent r="3" t="42" w="1117" /><ent r="3" t="42" w="1117" /><ent r="3" t="42" w="1971" /><ent r="3" t="42" w="1971" /><ent r="3" t="43" w="37" /><ent r="3" t="43" w="37" /><ent r="3" t="45" w="51" /><ent r="3" t="45" w="51" /><ent r="3" t="45" w="273" /><ent r="3" t="45" w="273" /><ent r="3" t="46" w="117" /><ent r="3" t="46" w="117" /><ent r="3" t="47" w="362" /><ent r="3" t="47" w="362" /><ent r="3" t="47" w="460" /><ent r="3" t="47" w="460" /><ent r="3" t="49" w="76" /><ent r="3" t="49" w="76" /><ent r="3" t="49" w="269" /><ent r="4" t="49" w="293" /><ent r="3" t="51" w="52" /><ent r="3" t="51" w="52" /><ent r="3" t="51" w="678" /><ent r="3" t="51" w="678" /><ent r="3" t="51" w="1056" /><ent r="3" t="52" w="227" /><ent r="3" t="52" w="227" /><ent r="3" t="53" w="387" /><ent r="3" t="53" w="387" /><ent r="3" t="54" w="448" /><ent r="3" t="54" w="448" /><ent r="3" t="54" w="502" /><ent r="3" t="54" w="502" /><ent r="4" t="55" w="373" /><ent r="4" t="55" w="373" /><ent r="6" t="55" w="627" /><ent r="6" t="55" w="627" /><ent r="9" t="55" w="1079" /><ent r="9" t="55" w="1079" /><ent r="3" t="58" w="200" /><ent r="3" t="58" w="200" /><ent r="3" t="59" w="131" /><ent r="3" t="59" w="131" /><ent r="3" t="62" w="26" /><ent r="3" t="62" w="26" /><ent r="7" t="62" w="328" /><ent r="7" t="62" w="328" /><ent r="4" t="63" w="42" /><ent r="4" t="63" w="42" /><ent r="3" t="63" w="182" /><ent r="3" t="63" w="182" /><ent r="4" t="64" w="40" /><ent r="4" t="64" w="40" /><ent r="3" t="64" w="260" /><ent r="3" t="64" w="260" /><ent r="4" t="65" w="111" /><ent r="4" t="65" w="111" /><ent r="4" t="66" w="124" /><ent r="4" t="66" w="124" /><ent r="3" t="67" w="229" /><ent r="3" t="67" w="229" /><ent r="3" t="67" w="341" /><ent r="3" t="67" w="341" /><ent r="3" t="68" w="26" /><ent r="3" t="68" w="26" /><ent r="6" t="68" w="124" /><ent r="6" t="68" w="124" /></phr><phr n="Follow"><ent r="5" t="12" w="186" /><ent r="5" t="12" w="186" /><ent r="3" t="24" w="223" /><ent r="3" t="24" w="223" /><ent r="4" t="24" w="305" /><ent r="4" t="24" w="305" /><ent r="4" t="24" w="388" /><ent r="4" t="24" w="388" /><ent r="3" t="25" w="717" /><ent r="3" t="25" w="717" /><ent r="4" t="25" w="788" /><ent r="4" t="25" w="788" /><ent r="4" t="25" w="843" /><ent r="4" t="25" w="843" /><ent r="3" t="50" w="88" /><ent r="3" t="50" w="88" /><ent r="3" t="51" w="114" /><ent r="3" t="51" w="114" /></phr><phr n="follows"><ent r="4" t="12" w="372" /><ent r="4" t="15" w="90" /><ent r="4" t="18" w="407" /><ent r="4" t="18" w="1561" /><ent r="4" t="20" w="273" /><ent r="4" t="21" w="267" /><ent r="4" t="21" w="472" /><ent r="4" t="22" w="238" /><ent r="4" t="22" w="525" /><ent r="4" t="24" w="516" /><ent r="4" t="27" w="133" /><ent r="4" t="27" w="1079" /><ent r="4" t="33" w="250" /><ent r="4" t="55" w="1477" /></phr><phr n="follow"><ent r="3" t="14" w="136" /><ent r="3" t="14" w="136" /></phr></stem><stem n="ollow"><phr n="following"><ent r="3" t="2" w="123" /><ent r="3" t="2" w="123" /><ent r="3" t="2" w="299" /><ent r="3" t="2" w="299" /><ent r="3" t="4" w="204" /><ent r="3" t="4" w="204" /><ent r="3" t="5" w="129" /><ent r="3" t="5" w="129" /><ent r="3" t="7" w="667" /><ent r="3" t="10" w="39" /><ent r="3" t="10" w="39" /><ent r="4" t="10" w="344" /><ent r="4" t="10" w="344" /><ent r="3" t="12" w="295" /><ent r="4" t="18" w="109" /><ent r="4" t="18" w="109" /><ent r="6" t="18" w="517" /><ent r="6" t="18" w="517" /><ent r="6" t="18" w="589" /><ent r="6" t="18" w="589" /><ent r="6" t="18" w="1007" /><ent r="6" t="18" w="1007" /><ent r="6" t="18" w="1633" /><ent r="6" t="18" w="1633" /><ent r="6" t="18" w="1830" /><ent r="6" t="18" w="1830" /><ent r="4" t="19" w="108" /><ent r="4" t="19" w="108" /><ent r="5" t="20" w="105" /><ent r="5" t="20" w="105" /><ent r="4" t="20" w="166" /><ent r="4" t="20" w="166" /><ent r="6" t="20" w="390" /><ent r="6" t="20" w="390" /><ent r="4" t="21" w="185" /><ent r="4" t="21" w="185" /><ent r="6" t="21" w="589" /><ent r="6" t="21" w="589" /><ent r="4" t="22" w="156" /><ent r="4" t="22" w="156" /><ent r="6" t="22" w="642" /><ent r="6" t="22" w="642" /><ent r="3" t="23" w="221" /><ent r="3" t="23" w="221" /><ent r="3" t="24" w="141" /><ent r="3" t="24" w="141" /><ent r="4" t="24" w="333" /><ent r="4" t="24" w="333" /><ent r="5" t="25" w="122" /><ent r="5" t="25" w="122" /><ent r="5" t="25" w="282" /><ent r="5" t="25" w="282" /><ent r="5" t="25" w="429" /><ent r="5" t="25" w="429" /><ent r="6" t="27" w="241" /><ent r="6" t="27" w="241" /><ent r="6" t="27" w="314" /><ent r="6" t="27" w="314" /><ent r="6" t="27" w="764" /><ent r="6" t="27" w="764" /><ent r="6" t="27" w="1149" /><ent r="6" t="27" w="1149" /><ent r="6" t="27" w="1296" /><ent r="6" t="27" w="1296" /><ent r="4" t="27" w="1593" /><ent r="4" t="32" w="388" /><ent r="4" t="32" w="388" /><ent r="3" t="32" w="507" /><ent r="3" t="32" w="507" /><ent r="7" t="33" w="267" /><ent r="7" t="33" w="267" /><ent r="7" t="33" w="327" /><ent r="7" t="33" w="327" /><ent r="4" t="34" w="160" /><ent r="3" t="37" w="570" /><ent r="3" t="37" w="570" /><ent r="3" t="39" w="57" /><ent r="3" t="39" w="57" /><ent r="3" t="40" w="114" /><ent r="3" t="40" w="114" /><ent r="3" t="40" w="338" /><ent r="3" t="40" w="338" /><ent r="3" t="40" w="557" /><ent r="3" t="40" w="557" /><ent r="3" t="42" w="164" /><ent r="3" t="42" w="164" /><ent r="3" t="42" w="1117" /><ent r="3" t="42" w="1117" /><ent r="3" t="42" w="1971" /><ent r="3" t="42" w="1971" /><ent r="3" t="43" w="37" /><ent r="3" t="43" w="37" /><ent r="3" t="45" w="51" /><ent r="3" t="45" w="51" /><ent r="3" t="45" w="273" /><ent r="3" t="45" w="273" /><ent r="3" t="46" w="117" /><ent r="3" t="46" w="117" /><ent r="3" t="47" w="362" /><ent r="3" t="47" w="362" /><ent r="3" t="47" w="460" /><ent r="3" t="47" w="460" /><ent r="3" t="49" w="76" /><ent r="3" t="49" w="76" /><ent r="3" t="49" w="269" /><ent r="4" t="49" w="293" /><ent r="3" t="51" w="52" /><ent r="3" t="51" w="52" /><ent r="3" t="51" w="678" /><ent r="3" t="51" w="678" /><ent r="3" t="51" w="1056" /><ent r="3" t="52" w="227" /><ent r="3" t="52" w="227" /><ent r="3" t="53" w="387" /><ent r="3" t="53" w="387" /><ent r="3" t="54" w="448" /><ent r="3" t="54" w="448" /><ent r="3" t="54" w="502" /><ent r="3" t="54" w="502" /><ent r="4" t="55" w="373" /><ent r="4" t="55" w="373" /><ent r="6" t="55" w="627" /><ent r="6" t="55" w="627" /><ent r="9" t="55" w="1079" /><ent r="9" t="55" w="1079" /><ent r="3" t="58" w="200" /><ent r="3" t="58" w="200" /><ent r="3" t="59" w="131" /><ent r="3" t="59" w="131" /><ent r="3" t="62" w="26" /><ent r="3" t="62" w="26" /><ent r="7" t="62" w="328" /><ent r="7" t="62" w="328" /><ent r="4" t="63" w="42" /><ent r="4" t="63" w="42" /><ent r="3" t="63" w="182" /><ent r="3" t="63" w="182" /><ent r="4" t="64" w="40" /><ent r="4" t="64" w="40" /><ent r="3" t="64" w="260" /><ent r="3" t="64" w="260" /><ent r="4" t="65" w="111" /><ent r="4" t="65" w="111" /><ent r="4" t="66" w="124" /><ent r="4" t="66" w="124" /><ent r="3" t="67" w="229" /><ent r="3" t="67" w="229" /><ent r="3" t="67" w="341" /><ent r="3" t="67" w="341" /><ent r="3" t="68" w="26" /><ent r="3" t="68" w="26" /><ent r="6" t="68" w="124" /><ent r="6" t="68" w="124" /></phr><phr n="Follow"><ent r="5" t="12" w="186" /><ent r="5" t="12" w="186" /><ent r="3" t="24" w="223" /><ent r="3" t="24" w="223" /><ent r="4" t="24" w="305" /><ent r="4" t="24" w="305" /><ent r="4" t="24" w="388" /><ent r="4" t="24" w="388" /><ent r="3" t="25" w="717" /><ent r="3" t="25" w="717" /><ent r="4" t="25" w="788" /><ent r="4" t="25" w="788" /><ent r="4" t="25" w="843" /><ent r="4" t="25" w="843" /><ent r="3" t="50" w="88" /><ent r="3" t="50" w="88" /><ent r="3" t="51" w="114" /><ent r="3" t="51" w="114" /></phr><phr n="follows"><ent r="4" t="12" w="372" /><ent r="4" t="15" w="90" /><ent r="4" t="18" w="407" /><ent r="4" t="18" w="1561" /><ent r="4" t="20" w="273" /><ent r="4" t="21" w="267" /><ent r="4" t="21" w="472" /><ent r="4" t="22" w="238" /><ent r="4" t="22" w="525" /><ent r="4" t="24" w="516" /><ent r="4" t="27" w="133" /><ent r="4" t="27" w="1079" /><ent r="4" t="33" w="250" /><ent r="4" t="55" w="1477" /></phr><phr n="follow"><ent r="3" t="14" w="136" /><ent r="3" t="14" w="136" /></phr></stem><stem n="llowi"><phr n="following"><ent r="3" t="2" w="123" /><ent r="3" t="2" w="123" /><ent r="3" t="2" w="299" /><ent r="3" t="2" w="299" /><ent r="3" t="4" w="204" /><ent r="3" t="4" w="204" /><ent r="3" t="5" w="129" /><ent r="3" t="5" w="129" /><ent r="3" t="7" w="667" /><ent r="3" t="10" w="39" /><ent r="3" t="10" w="39" /><ent r="4" t="10" w="344" /><ent r="4" t="10" w="344" /><ent r="3" t="12" w="295" /><ent r="4" t="18" w="109" /><ent r="4" t="18" w="109" /><ent r="6" t="18" w="517" /><ent r="6" t="18" w="517" /><ent r="6" t="18" w="589" /><ent r="6" t="18" w="589" /><ent r="6" t="18" w="1007" /><ent r="6" t="18" w="1007" /><ent r="6" t="18" w="1633" /><ent r="6" t="18" w="1633" /><ent r="6" t="18" w="1830" /><ent r="6" t="18" w="1830" /><ent r="4" t="19" w="108" /><ent r="4" t="19" w="108" /><ent r="5" t="20" w="105" /><ent r="5" t="20" w="105" /><ent r="4" t="20" w="166" /><ent r="4" t="20" w="166" /><ent r="6" t="20" w="390" /><ent r="6" t="20" w="390" /><ent r="4" t="21" w="185" /><ent r="4" t="21" w="185" /><ent r="6" t="21" w="589" /><ent r="6" t="21" w="589" /><ent r="4" t="22" w="156" /><ent r="4" t="22" w="156" /><ent r="6" t="22" w="642" /><ent r="6" t="22" w="642" /><ent r="3" t="23" w="221" /><ent r="3" t="23" w="221" /><ent r="3" t="24" w="141" /><ent r="3" t="24" w="141" /><ent r="4" t="24" w="333" /><ent r="4" t="24" w="333" /><ent r="5" t="25" w="122" /><ent r="5" t="25" w="122" /><ent r="5" t="25" w="282" /><ent r="5" t="25" w="282" /><ent r="5" t="25" w="429" /><ent r="5" t="25" w="429" /><ent r="6" t="27" w="241" /><ent r="6" t="27" w="241" /><ent r="6" t="27" w="314" /><ent r="6" t="27" w="314" /><ent r="6" t="27" w="764" /><ent r="6" t="27" w="764" /><ent r="6" t="27" w="1149" /><ent r="6" t="27" w="1149" /><ent r="6" t="27" w="1296" /><ent r="6" t="27" w="1296" /><ent r="4" t="27" w="1593" /><ent r="4" t="32" w="388" /><ent r="4" t="32" w="388" /><ent r="3" t="32" w="507" /><ent r="3" t="32" w="507" /><ent r="7" t="33" w="267" /><ent r="7" t="33" w="267" /><ent r="7" t="33" w="327" /><ent r="7" t="33" w="327" /><ent r="4" t="34" w="160" /><ent r="3" t="37" w="570" /><ent r="3" t="37" w="570" /><ent r="3" t="39" w="57" /><ent r="3" t="39" w="57" /><ent r="3" t="40" w="114" /><ent r="3" t="40" w="114" /><ent r="3" t="40" w="338" /><ent r="3" t="40" w="338" /><ent r="3" t="40" w="557" /><ent r="3" t="40" w="557" /><ent r="3" t="42" w="164" /><ent r="3" t="42" w="164" /><ent r="3" t="42" w="1117" /><ent r="3" t="42" w="1117" /><ent r="3" t="42" w="1971" /><ent r="3" t="42" w="1971" /><ent r="3" t="43" w="37" /><ent r="3" t="43" w="37" /><ent r="3" t="45" w="51" /><ent r="3" t="45" w="51" /><ent r="3" t="45" w="273" /><ent r="3" t="45" w="273" /><ent r="3" t="46" w="117" /><ent r="3" t="46" w="117" /><ent r="3" t="47" w="362" /><ent r="3" t="47" w="362" /><ent r="3" t="47" w="460" /><ent r="3" t="47" w="460" /><ent r="3" t="49" w="76" /><ent r="3" t="49" w="76" /><ent r="3" t="49" w="269" /><ent r="4" t="49" w="293" /><ent r="3" t="51" w="52" /><ent r="3" t="51" w="52" /><ent r="3" t="51" w="678" /><ent r="3" t="51" w="678" /><ent r="3" t="51" w="1056" /><ent r="3" t="52" w="227" /><ent r="3" t="52" w="227" /><ent r="3" t="53" w="387" /><ent r="3" t="53" w="387" /><ent r="3" t="54" w="448" /><ent r="3" t="54" w="448" /><ent r="3" t="54" w="502" /><ent r="3" t="54" w="502" /><ent r="4" t="55" w="373" /><ent r="4" t="55" w="373" /><ent r="6" t="55" w="627" /><ent r="6" t="55" w="627" /><ent r="9" t="55" w="1079" /><ent r="9" t="55" w="1079" /><ent r="3" t="58" w="200" /><ent r="3" t="58" w="200" /><ent r="3" t="59" w="131" /><ent r="3" t="59" w="131" /><ent r="3" t="62" w="26" /><ent r="3" t="62" w="26" /><ent r="7" t="62" w="328" /><ent r="7" t="62" w="328" /><ent r="4" t="63" w="42" /><ent r="4" t="63" w="42" /><ent r="3" t="63" w="182" /><ent r="3" t="63" w="182" /><ent r="4" t="64" w="40" /><ent r="4" t="64" w="40" /><ent r="3" t="64" w="260" /><ent r="3" t="64" w="260" /><ent r="4" t="65" w="111" /><ent r="4" t="65" w="111" /><ent r="4" t="66" w="124" /><ent r="4" t="66" w="124" /><ent r="3" t="67" w="229" /><ent r="3" t="67" w="229" /><ent r="3" t="67" w="341" /><ent r="3" t="67" w="341" /><ent r="3" t="68" w="26" /><ent r="3" t="68" w="26" /><ent r="6" t="68" w="124" /><ent r="6" t="68" w="124" /></phr><phr n="allowing"><ent r="3" t="17" w="211" /><ent r="3" t="17" w="211" /><ent r="3" t="42" w="459" /><ent r="3" t="42" w="459" /></phr></stem><stem n="lowin"><phr n="following"><ent r="3" t="2" w="123" /><ent r="3" t="2" w="123" /><ent r="3" t="2" w="299" /><ent r="3" t="2" w="299" /><ent r="3" t="4" w="204" /><ent r="3" t="4" w="204" /><ent r="3" t="5" w="129" /><ent r="3" t="5" w="129" /><ent r="3" t="7" w="667" /><ent r="3" t="10" w="39" /><ent r="3" t="10" w="39" /><ent r="4" t="10" w="344" /><ent r="4" t="10" w="344" /><ent r="3" t="12" w="295" /><ent r="4" t="18" w="109" /><ent r="4" t="18" w="109" /><ent r="6" t="18" w="517" /><ent r="6" t="18" w="517" /><ent r="6" t="18" w="589" /><ent r="6" t="18" w="589" /><ent r="6" t="18" w="1007" /><ent r="6" t="18" w="1007" /><ent r="6" t="18" w="1633" /><ent r="6" t="18" w="1633" /><ent r="6" t="18" w="1830" /><ent r="6" t="18" w="1830" /><ent r="4" t="19" w="108" /><ent r="4" t="19" w="108" /><ent r="5" t="20" w="105" /><ent r="5" t="20" w="105" /><ent r="4" t="20" w="166" /><ent r="4" t="20" w="166" /><ent r="6" t="20" w="390" /><ent r="6" t="20" w="390" /><ent r="4" t="21" w="185" /><ent r="4" t="21" w="185" /><ent r="6" t="21" w="589" /><ent r="6" t="21" w="589" /><ent r="4" t="22" w="156" /><ent r="4" t="22" w="156" /><ent r="6" t="22" w="642" /><ent r="6" t="22" w="642" /><ent r="3" t="23" w="221" /><ent r="3" t="23" w="221" /><ent r="3" t="24" w="141" /><ent r="3" t="24" w="141" /><ent r="4" t="24" w="333" /><ent r="4" t="24" w="333" /><ent r="5" t="25" w="122" /><ent r="5" t="25" w="122" /><ent r="5" t="25" w="282" /><ent r="5" t="25" w="282" /><ent r="5" t="25" w="429" /><ent r="5" t="25" w="429" /><ent r="6" t="27" w="241" /><ent r="6" t="27" w="241" /><ent r="6" t="27" w="314" /><ent r="6" t="27" w="314" /><ent r="6" t="27" w="764" /><ent r="6" t="27" w="764" /><ent r="6" t="27" w="1149" /><ent r="6" t="27" w="1149" /><ent r="6" t="27" w="1296" /><ent r="6" t="27" w="1296" /><ent r="4" t="27" w="1593" /><ent r="4" t="32" w="388" /><ent r="4" t="32" w="388" /><ent r="3" t="32" w="507" /><ent r="3" t="32" w="507" /><ent r="7" t="33" w="267" /><ent r="7" t="33" w="267" /><ent r="7" t="33" w="327" /><ent r="7" t="33" w="327" /><ent r="4" t="34" w="160" /><ent r="3" t="37" w="570" /><ent r="3" t="37" w="570" /><ent r="3" t="39" w="57" /><ent r="3" t="39" w="57" /><ent r="3" t="40" w="114" /><ent r="3" t="40" w="114" /><ent r="3" t="40" w="338" /><ent r="3" t="40" w="338" /><ent r="3" t="40" w="557" /><ent r="3" t="40" w="557" /><ent r="3" t="42" w="164" /><ent r="3" t="42" w="164" /><ent r="3" t="42" w="1117" /><ent r="3" t="42" w="1117" /><ent r="3" t="42" w="1971" /><ent r="3" t="42" w="1971" /><ent r="3" t="43" w="37" /><ent r="3" t="43" w="37" /><ent r="3" t="45" w="51" /><ent r="3" t="45" w="51" /><ent r="3" t="45" w="273" /><ent r="3" t="45" w="273" /><ent r="3" t="46" w="117" /><ent r="3" t="46" w="117" /><ent r="3" t="47" w="362" /><ent r="3" t="47" w="362" /><ent r="3" t="47" w="460" /><ent r="3" t="47" w="460" /><ent r="3" t="49" w="76" /><ent r="3" t="49" w="76" /><ent r="3" t="49" w="269" /><ent r="4" t="49" w="293" /><ent r="3" t="51" w="52" /><ent r="3" t="51" w="52" /><ent r="3" t="51" w="678" /><ent r="3" t="51" w="678" /><ent r="3" t="51" w="1056" /><ent r="3" t="52" w="227" /><ent r="3" t="52" w="227" /><ent r="3" t="53" w="387" /><ent r="3" t="53" w="387" /><ent r="3" t="54" w="448" /><ent r="3" t="54" w="448" /><ent r="3" t="54" w="502" /><ent r="3" t="54" w="502" /><ent r="4" t="55" w="373" /><ent r="4" t="55" w="373" /><ent r="6" t="55" w="627" /><ent r="6" t="55" w="627" /><ent r="9" t="55" w="1079" /><ent r="9" t="55" w="1079" /><ent r="3" t="58" w="200" /><ent r="3" t="58" w="200" /><ent r="3" t="59" w="131" /><ent r="3" t="59" w="131" /><ent r="3" t="62" w="26" /><ent r="3" t="62" w="26" /><ent r="7" t="62" w="328" /><ent r="7" t="62" w="328" /><ent r="4" t="63" w="42" /><ent r="4" t="63" w="42" /><ent r="3" t="63" w="182" /><ent r="3" t="63" w="182" /><ent r="4" t="64" w="40" /><ent r="4" t="64" w="40" /><ent r="3" t="64" w="260" /><ent r="3" t="64" w="260" /><ent r="4" t="65" w="111" /><ent r="4" t="65" w="111" /><ent r="4" t="66" w="124" /><ent r="4" t="66" w="124" /><ent r="3" t="67" w="229" /><ent r="3" t="67" w="229" /><ent r="3" t="67" w="341" /><ent r="3" t="67" w="341" /><ent r="3" t="68" w="26" /><ent r="3" t="68" w="26" /><ent r="6" t="68" w="124" /><ent r="6" t="68" w="124" /></phr><phr n="allowing"><ent r="3" t="17" w="211" /><ent r="3" t="17" w="211" /><ent r="3" t="42" w="459" /><ent r="3" t="42" w="459" /></phr></stem></index>