﻿<?xml version="1.0" encoding="utf-8"?><index><stem n="index"><phr n="Index"><ent r="3" t="2" w="65" /><ent r="6" t="2" w="345" /></phr><phr n="index"><ent r="6" t="2" w="351" /><ent r="6" t="2" w="469" /></phr><phr n="indexed"><ent r="6" t="2" w="416" /></phr></stem><stem n="search"><phr n="Search"><ent r="3" t="2" w="67" /><ent r="6" t="2" w="401" /><ent r="100" t="53" w="26" /><ent r="4" t="54" w="1440" /><ent r="6" t="54" w="1476" /><ent r="5" t="54" w="1549" /><ent r="4" t="54" w="1559" /></phr><phr n="search"><ent r="6" t="2" w="370" /><ent r="6" t="2" w="405" /><ent r="6" t="2" w="425" /><ent r="6" t="2" w="431" /><ent r="6" t="2" w="471" /><ent r="6" t="54" w="1495" /><ent r="6" t="54" w="1512" /><ent r="4" t="54" w="1552" /></phr><phr n="searching"><ent r="4" t="24" w="791" /></phr><phr n="Searching"><ent r="3" t="53" w="539" /></phr></stem><stem n="featur"><phr n="features"><ent r="3" t="2" w="68" /><ent r="3" t="4" w="73" /><ent r="3" t="4" w="128" /><ent r="9" t="17" w="1255" /><ent r="3" t="41" w="85" /><ent r="3" t="44" w="230" /></phr><phr n="feature"><ent r="3" t="46" w="248" /></phr></stem><stem n="note"><phr n="Note"><ent r="4" t="2" w="70" /><ent r="4" t="3" w="19" /><ent r="4" t="4" w="36" /><ent r="4" t="5" w="12" /><ent r="4" t="6" w="58" /><ent r="4" t="9" w="326" /><ent r="7" t="10" w="121" /><ent r="4" t="12" w="207" /><ent r="4" t="13" w="63" /><ent r="4" t="13" w="331" /><ent r="4" t="14" w="109" /><ent r="4" t="15" w="183" /><ent r="3" t="17" w="290" /><ent r="4" t="17" w="306" /><ent r="4" t="17" w="370" /><ent r="7" t="17" w="857" /><ent r="6" t="17" w="947" /><ent r="7" t="17" w="1034" /><ent r="10" t="17" w="1315" /><ent r="6" t="17" w="1575" /><ent r="4" t="17" w="2021" /><ent r="4" t="17" w="2240" /><ent r="4" t="19" w="639" /><ent r="4" t="19" w="858" /><ent r="4" t="20" w="49" /><ent r="4" t="20" w="841" /><ent r="4" t="20" w="1062" /><ent r="4" t="21" w="469" /><ent r="4" t="21" w="892" /><ent r="4" t="21" w="1115" /><ent r="4" t="26" w="124" /><ent r="7" t="26" w="640" /><ent r="6" t="26" w="730" /><ent r="7" t="26" w="817" /><ent r="6" t="26" w="1113" /><ent r="4" t="27" w="30" /><ent r="4" t="28" w="128" /><ent r="8" t="28" w="381" /><ent r="4" t="28" w="1065" /><ent r="4" t="30" w="107" /><ent r="9" t="32" w="511" /><ent r="4" t="33" w="52" /><ent r="4" t="34" w="228" /><ent r="4" t="36" w="41" /><ent r="4" t="36" w="324" /><ent r="4" t="36" w="588" /><ent r="4" t="37" w="246" /><ent r="4" t="39" w="227" /><ent r="4" t="39" w="612" /><ent r="4" t="40" w="180" /><ent r="4" t="41" w="156" /><ent r="4" t="41" w="809" /><ent r="4" t="41" w="1366" /><ent r="4" t="41" w="1664" /><ent r="4" t="41" w="2079" /><ent r="4" t="44" w="116" /><ent r="7" t="44" w="388" /><ent r="4" t="45" w="23" /><ent r="3" t="46" w="216" /><ent r="4" t="46" w="319" /><ent r="4" t="47" w="364" /><ent r="4" t="47" w="609" /><ent r="4" t="48" w="15" /><ent r="4" t="49" w="23" /><ent r="4" t="49" w="109" /><ent r="4" t="50" w="47" /><ent r="4" t="50" w="128" /><ent r="4" t="51" w="15" /><ent r="4" t="52" w="38" /><ent r="4" t="52" w="310" /><ent r="4" t="54" w="27" /><ent r="7" t="54" w="527" /><ent r="4" t="54" w="1596" /><ent r="4" t="54" w="1705" /><ent r="4" t="55" w="48" /><ent r="4" t="59" w="20" /><ent r="4" t="62" w="271" /><ent r="4" t="66" w="65" /><ent r="4" t="67" w="108" /><ent r="4" t="69" w="60" /><ent r="8" t="70" w="243" /></phr><phr n="note"><ent r="3" t="36" w="278" /><ent r="6" t="57" w="256" /></phr><phr n="notes"><ent r="3" t="50" w="859" /><ent r="3" t="50" w="1138" /></phr><phr n="Notes"><ent r="7" t="67" w="250" /><ent r="4" t="67" w="678" /></phr></stem><stem n="contain"><phr n="contains"><ent r="3" t="2" w="76" /><ent r="3" t="6" w="20" /><ent r="4" t="15" w="177" /><ent r="4" t="17" w="2200" /><ent r="4" t="19" w="818" /><ent r="4" t="20" w="1022" /><ent r="4" t="21" w="1075" /><ent r="4" t="28" w="67" /><ent r="4" t="28" w="108" /><ent r="4" t="28" w="1006" /><ent r="3" t="36" w="400" /><ent r="3" t="39" w="327" /><ent r="3" t="41" w="242" /><ent r="3" t="41" w="1075" /><ent r="3" t="47" w="728" /><ent r="7" t="50" w="551" /><ent r="3" t="53" w="131" /><ent r="9" t="54" w="739" /><ent r="10" t="54" w="1125" /><ent r="10" t="54" w="1139" /><ent r="4" t="67" w="777" /><ent r="4" t="67" w="860" /><ent r="4" t="67" w="936" /></phr><phr n="contain"><ent r="6" t="2" w="379" /><ent r="6" t="2" w="429" /><ent r="3" t="34" w="37" /><ent r="3" t="34" w="43" /><ent r="3" t="34" w="133" /><ent r="3" t="39" w="640" /><ent r="3" t="39" w="1003" /><ent r="3" t="41" w="481" /><ent r="4" t="43" w="97" /><ent r="3" t="46" w="501" /><ent r="3" t="46" w="638" /><ent r="4" t="50" w="873" /><ent r="3" t="52" w="172" /><ent r="3" t="53" w="113" /><ent r="3" t="53" w="433" /><ent r="9" t="54" w="734" /><ent r="10" t="54" w="1116" /><ent r="7" t="54" w="1321" /></phr><phr n="Contains"><ent r="3" t="4" w="63" /><ent r="3" t="4" w="121" /><ent r="3" t="4" w="133" /><ent r="7" t="28" w="360" /><ent r="7" t="28" w="432" /><ent r="4" t="46" w="378" /><ent r="4" t="46" w="392" /><ent r="4" t="46" w="406" /></phr><phr n="containing"><ent r="3" t="23" w="244" /><ent r="4" t="28" w="1011" /><ent r="3" t="41" w="1267" /><ent r="6" t="42" w="341" /><ent r="3" t="52" w="130" /><ent r="4" t="54" w="133" /><ent r="7" t="62" w="191" /><ent r="4" t="66" w="220" /><ent r="4" t="66" w="252" /><ent r="4" t="67" w="159" /><ent r="3" t="69" w="124" /></phr></stem><stem n="same"><phr n="same"><ent r="3" t="2" w="78" /><ent r="3" t="3" w="227" /><ent r="5" t="24" w="292" /><ent r="5" t="24" w="460" /><ent r="3" t="39" w="172" /><ent r="3" t="39" w="219" /><ent r="3" t="41" w="1482" /><ent r="3" t="41" w="1499" /><ent r="3" t="41" w="1603" /><ent r="3" t="41" w="1613" /><ent r="3" t="41" w="1701" /><ent r="3" t="41" w="1765" /><ent r="4" t="44" w="68" /><ent r="3" t="46" w="503" /><ent r="3" t="46" w="622" /><ent r="3" t="47" w="91" /><ent r="4" t="67" w="1003" /></phr></stem><stem n="quick"><phr n="Quick"><ent r="72" t="2" w="94" /><ent r="72" t="7" w="170" /><ent r="72" t="8" w="109" /><ent r="72" t="23" w="180" /><ent r="72" t="24" w="578" /><ent r="72" t="36" w="82" /><ent r="72" t="39" w="136" /><ent r="72" t="41" w="206" /></phr><phr n="quick"><ent r="6" t="42" w="104" /><ent r="6" t="42" w="267" /></phr></stem><stem n="link"><phr n="Links"><ent r="72" t="2" w="95" /><ent r="72" t="7" w="171" /><ent r="72" t="8" w="110" /><ent r="72" t="23" w="181" /><ent r="72" t="24" w="579" /><ent r="72" t="39" w="137" /><ent r="72" t="41" w="207" /></phr><phr n="link"><ent r="3" t="47" w="816" /><ent r="3" t="69" w="51" /><ent r="4" t="69" w="164" /><ent r="4" t="69" w="278" /></phr><phr n="links"><ent r="3" t="69" w="125" /></phr></stem><stem n="assumpt"><phr n="Assumptions"><ent r="64" t="2" w="101" /><ent r="92" t="2" w="215" /></phr></stem><stem n="ani"><phr n="any"><ent r="3" t="2" w="118" /><ent r="6" t="2" w="407" /><ent r="7" t="10" w="172" /><ent r="3" t="10" w="225" /><ent r="3" t="15" w="56" /><ent r="5" t="15" w="120" /><ent r="6" t="17" w="474" /><ent r="6" t="17" w="546" /><ent r="3" t="17" w="2277" /><ent r="3" t="19" w="895" /><ent r="3" t="20" w="1099" /><ent r="3" t="21" w="1152" /><ent r="3" t="22" w="36" /><ent r="3" t="25" w="27" /><ent r="6" t="26" w="230" /><ent r="6" t="26" w="303" /><ent r="3" t="26" w="1654" /><ent r="4" t="28" w="1057" /><ent r="3" t="31" w="204" /><ent r="3" t="32" w="93" /><ent r="3" t="36" w="482" /><ent r="3" t="39" w="452" /><ent r="3" t="40" w="68" /><ent r="3" t="41" w="739" /><ent r="3" t="41" w="1076" /><ent r="3" t="44" w="42" /><ent r="3" t="45" w="195" /><ent r="3" t="46" w="566" /><ent r="3" t="47" w="181" /><ent r="3" t="47" w="548" /><ent r="3" t="48" w="259" /><ent r="4" t="48" w="283" /><ent r="4" t="50" w="874" /><ent r="3" t="52" w="173" /><ent r="6" t="54" w="424" /><ent r="6" t="54" w="1511" /><ent r="6" t="54" w="1533" /><ent r="6" t="54" w="1543" /><ent r="3" t="54" w="1636" /><ent r="4" t="54" w="1706" /><ent r="3" t="67" w="880" /></phr><phr n="Any"><ent r="4" t="41" w="1102" /><ent r="4" t="41" w="1123" /><ent r="3" t="47" w="611" /><ent r="4" t="48" w="367" /><ent r="4" t="50" w="1001" /><ent r="4" t="50" w="1177" /><ent r="9" t="54" w="750" /></phr></stem><stem n="method"><phr n="methods"><ent r="3" t="2" w="122" /><ent r="3" t="2" w="137" /><ent r="4" t="48" w="194" /><ent r="6" t="50" w="627" /><ent r="7" t="54" w="482" /><ent r="7" t="54" w="513" /><ent r="6" t="54" w="577" /><ent r="6" t="54" w="620" /><ent r="9" t="54" w="774" /><ent r="10" t="54" w="1067" /><ent r="6" t="68" w="116" /><ent r="6" t="68" w="121" /></phr><phr n="Method"><ent r="5" t="28" w="883" /><ent r="67" t="50" w="637" /><ent r="67" t="50" w="643" /><ent r="1000" t="57" w="4" /><ent r="100" t="57" w="18" /><ent r="102" t="57" w="23" /><ent r="3" t="57" w="56" /><ent r="3" t="57" w="224" /><ent r="1000" t="58" w="5" /><ent r="100" t="58" w="21" /><ent r="102" t="58" w="27" /><ent r="3" t="58" w="62" /><ent r="3" t="58" w="159" /><ent r="6" t="68" w="44" /><ent r="92" t="69" w="196" /></phr><phr n="method"><ent r="4" t="28" w="901" /><ent r="4" t="28" w="914" /><ent r="3" t="41" w="297" /><ent r="4" t="41" w="1156" /><ent r="3" t="46" w="539" /><ent r="4" t="48" w="125" /><ent r="4" t="48" w="209" /><ent r="4" t="48" w="232" /><ent r="6" t="49" w="568" /><ent r="7" t="54" w="461" /><ent r="7" t="54" w="506" /><ent r="6" t="54" w="536" /><ent r="6" t="54" w="554" /><ent r="9" t="54" w="647" /><ent r="9" t="54" w="724" /><ent r="9" t="54" w="834" /><ent r="9" t="54" w="905" /><ent r="9" t="54" w="976" /><ent r="9" t="54" w="1001" /><ent r="10" t="54" w="1151" /><ent r="4" t="56" w="100" /><ent r="4" t="56" w="102" /><ent r="4" t="56" w="148" /><ent r="4" t="56" w="150" /><ent r="3" t="57" w="38" /><ent r="3" t="57" w="215" /><ent r="3" t="58" w="45" /><ent r="3" t="58" w="149" /><ent r="3" t="59" w="171" /><ent r="3" t="59" w="203" /><ent r="3" t="69" w="212" /></phr><phr n="Methods"><ent r="6" t="54" w="446" /></phr></stem><stem n="select"><phr n="Select"><ent r="4" t="2" w="139" /><ent r="5" t="7" w="311" /><ent r="5" t="7" w="321" /><ent r="5" t="7" w="348" /><ent r="3" t="10" w="228" /><ent r="4" t="13" w="159" /><ent r="4" t="17" w="68" /><ent r="6" t="17" w="628" /><ent r="6" t="17" w="732" /><ent r="6" t="17" w="1676" /><ent r="6" t="17" w="1700" /><ent r="6" t="17" w="1728" /><ent r="6" t="17" w="1775" /><ent r="4" t="17" w="2161" /><ent r="4" t="19" w="89" /><ent r="6" t="19" w="294" /><ent r="6" t="19" w="318" /><ent r="6" t="19" w="346" /><ent r="6" t="19" w="393" /><ent r="4" t="19" w="779" /><ent r="4" t="20" w="124" /><ent r="6" t="20" w="340" /><ent r="6" t="20" w="496" /><ent r="6" t="20" w="520" /><ent r="6" t="20" w="548" /><ent r="6" t="20" w="595" /><ent r="4" t="20" w="983" /><ent r="4" t="21" w="96" /><ent r="6" t="21" w="547" /><ent r="6" t="21" w="571" /><ent r="6" t="21" w="599" /><ent r="6" t="21" w="646" /><ent r="4" t="21" w="1036" /><ent r="4" t="22" w="96" /><ent r="4" t="23" w="481" /><ent r="7" t="23" w="639" /><ent r="7" t="23" w="661" /><ent r="7" t="23" w="706" /><ent r="7" t="23" w="717" /><ent r="4" t="26" w="66" /><ent r="6" t="26" w="385" /><ent r="6" t="26" w="502" /><ent r="6" t="26" w="1216" /><ent r="6" t="26" w="1263" /><ent r="4" t="26" w="1612" /><ent r="4" t="26" w="1628" /><ent r="8" t="28" w="494" /><ent r="8" t="28" w="513" /><ent r="3" t="28" w="681" /><ent r="4" t="29" w="120" /><ent r="4" t="30" w="165" /><ent r="4" t="30" w="182" /><ent r="4" t="31" w="90" /><ent r="4" t="31" w="105" /><ent r="4" t="31" w="341" /><ent r="4" t="32" w="196" /><ent r="4" t="32" w="213" /><ent r="8" t="32" w="433" /><ent r="8" t="32" w="462" /><ent r="4" t="33" w="127" /><ent r="4" t="41" w="997" /><ent r="4" t="41" w="2004" /><ent r="4" t="44" w="188" /><ent r="7" t="50" w="463" /><ent r="6" t="54" w="434" /><ent r="7" t="54" w="448" /><ent r="7" t="54" w="493" /><ent r="6" t="54" w="611" /><ent r="9" t="54" w="626" /><ent r="9" t="54" w="886" /><ent r="7" t="54" w="1344" /><ent r="6" t="54" w="1478" /><ent r="6" t="54" w="1492" /><ent r="5" t="54" w="1579" /><ent r="4" t="69" w="142" /></phr><phr n="selected"><ent r="6" t="2" w="459" /><ent r="6" t="2" w="483" /><ent r="7" t="17" w="508" /><ent r="7" t="17" w="580" /><ent r="6" t="17" w="623" /><ent r="6" t="17" w="833" /><ent r="7" t="17" w="1600" /><ent r="6" t="17" w="1805" /><ent r="7" t="17" w="1921" /><ent r="4" t="17" w="2002" /><ent r="4" t="17" w="2207" /><ent r="6" t="19" w="423" /><ent r="7" t="19" w="539" /><ent r="4" t="19" w="620" /><ent r="4" t="19" w="825" /><ent r="6" t="20" w="625" /><ent r="7" t="20" w="741" /><ent r="4" t="20" w="822" /><ent r="4" t="20" w="1029" /><ent r="6" t="21" w="676" /><ent r="7" t="21" w="792" /><ent r="4" t="21" w="873" /><ent r="4" t="21" w="1082" /><ent r="4" t="22" w="160" /><ent r="4" t="22" w="170" /><ent r="8" t="23" w="664" /><ent r="7" t="26" w="264" /><ent r="7" t="26" w="337" /><ent r="6" t="26" w="380" /><ent r="6" t="26" w="616" /><ent r="7" t="26" w="1138" /><ent r="6" t="26" w="1293" /><ent r="7" t="26" w="1406" /><ent r="4" t="26" w="1566" /><ent r="7" t="28" w="556" /><ent r="3" t="28" w="742" /><ent r="3" t="34" w="267" /><ent r="6" t="44" w="343" /><ent r="9" t="54" w="682" /><ent r="9" t="54" w="836" /><ent r="9" t="54" w="870" /><ent r="9" t="54" w="938" /><ent r="9" t="54" w="1299" /><ent r="7" t="57" w="340" /></phr><phr n="select"><ent r="3" t="4" w="113" /><ent r="3" t="4" w="338" /><ent r="5" t="7" w="356" /><ent r="4" t="8" w="184" /><ent r="4" t="8" w="281" /><ent r="4" t="8" w="303" /><ent r="4" t="8" w="317" /><ent r="4" t="8" w="363" /><ent r="4" t="8" w="385" /><ent r="4" t="8" w="399" /><ent r="4" t="11" w="40" /><ent r="4" t="11" w="57" /><ent r="4" t="12" w="41" /><ent r="4" t="12" w="58" /><ent r="4" t="13" w="152" /><ent r="4" t="14" w="158" /><ent r="4" t="14" w="179" /><ent r="3" t="17" w="152" /><ent r="6" t="17" w="929" /><ent r="6" t="17" w="1046" /><ent r="6" t="17" w="1551" /><ent r="6" t="17" w="1825" /><ent r="4" t="19" w="96" /><ent r="4" t="19" w="115" /><ent r="6" t="19" w="443" /><ent r="4" t="20" w="131" /><ent r="6" t="20" w="645" /><ent r="4" t="21" w="103" /><ent r="6" t="21" w="370" /><ent r="6" t="21" w="696" /><ent r="3" t="23" w="273" /><ent r="5" t="23" w="350" /><ent r="7" t="23" w="608" /><ent r="7" t="23" w="668" /><ent r="5" t="24" w="314" /><ent r="5" t="24" w="482" /><ent r="3" t="24" w="732" /><ent r="4" t="24" w="785" /><ent r="4" t="24" w="795" /><ent r="6" t="26" w="547" /><ent r="6" t="26" w="712" /><ent r="6" t="26" w="829" /><ent r="6" t="26" w="1089" /><ent r="6" t="26" w="1310" /><ent r="4" t="30" w="147" /><ent r="4" t="30" w="192" /><ent r="4" t="31" w="72" /><ent r="4" t="31" w="114" /><ent r="4" t="32" w="178" /><ent r="4" t="33" w="109" /><ent r="5" t="33" w="155" /><ent r="4" t="34" w="167" /><ent r="4" t="34" w="188" /><ent r="4" t="34" w="207" /><ent r="4" t="35" w="53" /><ent r="4" t="35" w="74" /><ent r="4" t="35" w="93" /><ent r="4" t="41" w="1022" /><ent r="4" t="41" w="2024" /><ent r="6" t="44" w="364" /><ent r="7" t="49" w="295" /><ent r="7" t="49" w="343" /><ent r="7" t="50" w="291" /><ent r="3" t="50" w="756" /><ent r="4" t="50" w="1074" /><ent r="3" t="54" w="163" /><ent r="7" t="54" w="476" /><ent r="9" t="54" w="840" /><ent r="9" t="54" w="1269" /><ent r="7" t="54" w="1380" /><ent r="4" t="54" w="1562" /><ent r="3" t="54" w="1639" /></phr><phr n="Selecting"><ent r="4" t="44" w="442" /></phr><phr n="selection"><ent r="7" t="54" w="511" /></phr><phr n="selecting"><ent r="4" t="54" w="1574" /><ent r="7" t="57" w="373" /></phr></stem><stem n="["><phr n="["><ent r="4" t="2" w="140" /><ent r="4" t="2" w="156" /><ent r="4" t="2" w="165" /><ent r="6" t="2" w="419" /><ent r="3" t="4" w="92" /><ent r="6" t="4" w="297" /><ent r="4" t="6" w="124" /><ent r="4" t="6" w="193" /><ent r="5" t="7" w="322" /><ent r="5" t="7" w="335" /><ent r="5" t="7" w="358" /><ent r="5" t="7" w="366" /><ent r="3" t="10" w="233" /><ent r="4" t="11" w="48" /><ent r="4" t="11" w="58" /><ent r="4" t="12" w="49" /><ent r="4" t="12" w="59" /><ent r="4" t="12" w="79" /><ent r="5" t="12" w="127" /><ent r="5" t="12" w="156" /><ent r="4" t="13" w="160" /><ent r="4" t="13" w="179" /><ent r="4" t="13" w="204" /><ent r="4" t="13" w="232" /><ent r="4" t="14" w="169" /><ent r="4" t="14" w="180" /><ent r="5" t="15" w="93" /><ent r="5" t="15" w="109" /><ent r="5" t="15" w="133" /><ent r="4" t="17" w="58" /><ent r="4" t="17" w="76" /><ent r="3" t="17" w="158" /><ent r="7" t="17" w="499" /><ent r="7" t="17" w="571" /><ent r="6" t="17" w="618" /><ent r="6" t="17" w="826" /><ent r="6" t="17" w="841" /><ent r="6" t="17" w="850" /><ent r="6" t="17" w="931" /><ent r="7" t="17" w="957" /><ent r="7" t="17" w="984" /><ent r="10" t="17" w="1299" /><ent r="10" t="17" w="1310" /><ent r="10" t="17" w="1379" /><ent r="10" t="17" w="1425" /><ent r="10" t="17" w="1474" /><ent r="10" t="17" w="1492" /><ent r="6" t="17" w="1553" /><ent r="7" t="17" w="1584" /><ent r="7" t="17" w="1594" /><ent r="7" t="17" w="1608" /><ent r="7" t="17" w="1652" /><ent r="6" t="17" w="1790" /><ent r="6" t="17" w="1799" /><ent r="4" t="17" w="1993" /><ent r="3" t="17" w="2081" /><ent r="4" t="17" w="2285" /><ent r="4" t="19" w="79" /><ent r="4" t="19" w="97" /><ent r="4" t="19" w="128" /><ent r="3" t="19" w="211" /><ent r="4" t="19" w="248" /><ent r="6" t="19" w="408" /><ent r="6" t="19" w="417" /><ent r="4" t="19" w="611" /><ent r="3" t="19" w="699" /><ent r="4" t="19" w="903" /><ent r="4" t="20" w="114" /><ent r="4" t="20" w="132" /><ent r="4" t="20" w="147" /><ent r="3" t="20" w="230" /><ent r="4" t="20" w="380" /><ent r="4" t="20" w="400" /><ent r="3" t="20" w="451" /><ent r="6" t="20" w="610" /><ent r="6" t="20" w="619" /><ent r="4" t="20" w="813" /><ent r="3" t="20" w="847" /><ent r="3" t="20" w="903" /><ent r="4" t="20" w="1107" /><ent r="4" t="21" w="86" /><ent r="4" t="21" w="104" /><ent r="4" t="21" w="118" /><ent r="3" t="21" w="201" /><ent r="4" t="21" w="424" /><ent r="6" t="21" w="661" /><ent r="6" t="21" w="670" /><ent r="4" t="21" w="864" /><ent r="3" t="21" w="898" /><ent r="3" t="21" w="956" /><ent r="4" t="21" w="1160" /><ent r="4" t="22" w="128" /><ent r="4" t="22" w="154" /><ent r="4" t="22" w="164" /><ent r="4" t="23" w="450" /><ent r="4" t="23" w="489" /><ent r="7" t="23" w="539" /><ent r="7" t="23" w="556" /><ent r="7" t="23" w="572" /><ent r="7" t="23" w="612" /><ent r="7" t="23" w="641" /><ent r="7" t="23" w="657" /><ent r="7" t="23" w="662" /><ent r="7" t="23" w="680" /><ent r="7" t="23" w="719" /><ent r="7" t="23" w="728" /><ent r="7" t="23" w="737" /><ent r="4" t="23" w="747" /><ent r="3" t="23" w="778" /><ent r="4" t="26" w="56" /><ent r="4" t="26" w="75" /><ent r="7" t="26" w="255" /><ent r="7" t="26" w="328" /><ent r="6" t="26" w="375" /><ent r="6" t="26" w="548" /><ent r="6" t="26" w="609" /><ent r="6" t="26" w="624" /><ent r="6" t="26" w="633" /><ent r="6" t="26" w="714" /><ent r="7" t="26" w="740" /><ent r="7" t="26" w="767" /><ent r="6" t="26" w="1091" /><ent r="7" t="26" w="1122" /><ent r="7" t="26" w="1132" /><ent r="7" t="26" w="1146" /><ent r="7" t="26" w="1190" /><ent r="6" t="26" w="1278" /><ent r="6" t="26" w="1287" /><ent r="3" t="26" w="1482" /><ent r="4" t="26" w="1569" /><ent r="4" t="26" w="1584" /><ent r="4" t="26" w="1630" /><ent r="4" t="26" w="1639" /><ent r="4" t="26" w="1693" /><ent r="4" t="29" w="125" /><ent r="4" t="30" w="155" /><ent r="4" t="30" w="194" /><ent r="4" t="30" w="214" /><ent r="4" t="31" w="80" /><ent r="4" t="31" w="92" /><ent r="4" t="31" w="137" /><ent r="4" t="31" w="360" /><ent r="4" t="31" w="488" /><ent r="4" t="32" w="186" /><ent r="4" t="32" w="223" /><ent r="4" t="32" w="556" /><ent r="4" t="33" w="117" /><ent r="5" t="33" w="164" /><ent r="5" t="33" w="174" /><ent r="4" t="33" w="191" /><ent r="4" t="34" w="179" /><ent r="4" t="34" w="189" /><ent r="4" t="34" w="214" /><ent r="4" t="34" w="224" /><ent r="4" t="34" w="306" /><ent r="4" t="35" w="65" /><ent r="4" t="35" w="75" /><ent r="4" t="35" w="100" /><ent r="4" t="35" w="115" /><ent r="4" t="41" w="1013" /><ent r="4" t="41" w="1023" /><ent r="4" t="41" w="1046" /><ent r="4" t="41" w="2015" /><ent r="4" t="41" w="2025" /><ent r="4" t="41" w="2048" /><ent r="3" t="41" w="2066" /><ent r="4" t="44" w="189" /><ent r="4" t="44" w="437" /><ent r="7" t="49" w="297" /><ent r="7" t="49" w="345" /><ent r="7" t="49" w="359" /><ent r="7" t="50" w="292" /><ent r="7" t="50" w="323" /><ent r="7" t="50" w="349" /><ent r="3" t="54" w="164" /><ent r="7" t="54" w="472" /><ent r="7" t="54" w="484" /><ent r="7" t="54" w="495" /><ent r="9" t="54" w="628" /><ent r="9" t="54" w="842" /><ent r="9" t="54" w="861" /><ent r="9" t="54" w="888" /><ent r="9" t="54" w="1271" /><ent r="9" t="54" w="1290" /><ent r="7" t="54" w="1346" /><ent r="7" t="54" w="1352" /><ent r="7" t="54" w="1358" /><ent r="4" t="54" w="1548" /><ent r="4" t="54" w="1578" /><ent r="4" t="54" w="1697" /><ent r="7" t="57" w="330" /><ent r="7" t="58" w="240" /><ent r="4" t="59" w="288" /><ent r="4" t="59" w="306" /></phr></stem><stem n="]"><phr n="]"><ent r="4" t="2" w="143" /><ent r="4" t="2" w="159" /><ent r="4" t="2" w="168" /><ent r="6" t="2" w="422" /><ent r="6" t="2" w="454" /><ent r="6" t="2" w="477" /><ent r="3" t="4" w="95" /><ent r="6" t="4" w="300" /><ent r="4" t="6" w="127" /><ent r="4" t="6" w="196" /><ent r="5" t="7" w="325" /><ent r="5" t="7" w="338" /><ent r="5" t="7" w="362" /><ent r="3" t="10" w="237" /><ent r="4" t="11" w="51" /><ent r="4" t="11" w="61" /><ent r="4" t="12" w="52" /><ent r="4" t="12" w="62" /><ent r="4" t="12" w="82" /><ent r="5" t="12" w="161" /><ent r="4" t="13" w="163" /><ent r="4" t="14" w="173" /><ent r="4" t="14" w="183" /><ent r="5" t="15" w="96" /><ent r="7" t="17" w="505" /><ent r="7" t="17" w="577" /><ent r="6" t="17" w="622" /><ent r="6" t="17" w="830" /><ent r="6" t="17" w="847" /><ent r="6" t="17" w="854" /><ent r="6" t="17" w="937" /><ent r="7" t="17" w="963" /><ent r="7" t="17" w="988" /><ent r="6" t="17" w="1558" /><ent r="7" t="17" w="1587" /><ent r="7" t="17" w="1599" /><ent r="7" t="17" w="1611" /><ent r="7" t="17" w="1657" /><ent r="6" t="17" w="1793" /><ent r="6" t="17" w="1802" /><ent r="4" t="17" w="1984" /><ent r="4" t="17" w="1999" /><ent r="3" t="17" w="2031" /><ent r="3" t="17" w="2087" /><ent r="4" t="17" w="2165" /><ent r="3" t="17" w="2261" /><ent r="3" t="17" w="2275" /><ent r="4" t="17" w="2288" /><ent r="4" t="19" w="253" /><ent r="6" t="19" w="411" /><ent r="6" t="19" w="420" /><ent r="4" t="19" w="602" /><ent r="4" t="19" w="617" /><ent r="3" t="19" w="649" /><ent r="3" t="19" w="705" /><ent r="4" t="19" w="783" /><ent r="3" t="19" w="879" /><ent r="3" t="19" w="893" /><ent r="4" t="19" w="906" /><ent r="3" t="20" w="457" /><ent r="6" t="20" w="613" /><ent r="6" t="20" w="622" /><ent r="4" t="20" w="804" /><ent r="4" t="20" w="819" /><ent r="3" t="20" w="853" /><ent r="3" t="20" w="909" /><ent r="4" t="20" w="987" /><ent r="3" t="20" w="1083" /><ent r="3" t="20" w="1097" /><ent r="4" t="20" w="1110" /><ent r="3" t="21" w="509" /><ent r="3" t="21" w="514" /><ent r="6" t="21" w="664" /><ent r="6" t="21" w="673" /><ent r="4" t="21" w="855" /><ent r="4" t="21" w="870" /><ent r="3" t="21" w="904" /><ent r="3" t="21" w="962" /><ent r="4" t="21" w="1040" /><ent r="3" t="21" w="1136" /><ent r="3" t="21" w="1150" /><ent r="4" t="21" w="1163" /><ent r="4" t="22" w="102" /><ent r="4" t="22" w="131" /><ent r="4" t="22" w="157" /><ent r="4" t="22" w="167" /><ent r="7" t="23" w="616" /><ent r="7" t="23" w="650" /><ent r="7" t="23" w="724" /><ent r="7" t="23" w="731" /><ent r="7" t="23" w="740" /><ent r="4" t="23" w="750" /><ent r="3" t="23" w="783" /><ent r="7" t="26" w="261" /><ent r="7" t="26" w="334" /><ent r="6" t="26" w="379" /><ent r="6" t="26" w="613" /><ent r="6" t="26" w="630" /><ent r="6" t="26" w="637" /><ent r="6" t="26" w="720" /><ent r="7" t="26" w="746" /><ent r="7" t="26" w="771" /><ent r="6" t="26" w="1096" /><ent r="7" t="26" w="1125" /><ent r="7" t="26" w="1137" /><ent r="7" t="26" w="1149" /><ent r="7" t="26" w="1195" /><ent r="6" t="26" w="1281" /><ent r="6" t="26" w="1290" /><ent r="4" t="26" w="1468" /><ent r="3" t="26" w="1488" /><ent r="4" t="26" w="1545" /><ent r="4" t="26" w="1635" /><ent r="4" t="26" w="1696" /><ent r="3" t="27" w="197" /><ent r="3" t="28" w="222" /><ent r="3" t="28" w="237" /><ent r="3" t="29" w="63" /><ent r="4" t="29" w="129" /><ent r="4" t="30" w="169" /><ent r="4" t="30" w="197" /><ent r="4" t="30" w="217" /><ent r="4" t="31" w="96" /><ent r="4" t="31" w="140" /><ent r="4" t="31" w="356" /><ent r="4" t="32" w="200" /><ent r="4" t="32" w="559" /><ent r="4" t="33" w="131" /><ent r="4" t="33" w="194" /><ent r="4" t="33" w="204" /><ent r="4" t="34" w="182" /><ent r="4" t="34" w="192" /><ent r="4" t="34" w="211" /><ent r="4" t="35" w="68" /><ent r="4" t="35" w="78" /><ent r="4" t="35" w="97" /><ent r="4" t="41" w="1016" /><ent r="4" t="41" w="1026" /><ent r="4" t="41" w="2018" /><ent r="4" t="41" w="2028" /><ent r="3" t="41" w="2069" /><ent r="4" t="44" w="192" /><ent r="4" t="44" w="440" /><ent r="7" t="49" w="302" /><ent r="7" t="49" w="349" /><ent r="7" t="49" w="362" /><ent r="7" t="50" w="297" /><ent r="7" t="50" w="326" /><ent r="7" t="50" w="352" /><ent r="3" t="54" w="167" /><ent r="7" t="54" w="475" /><ent r="7" t="54" w="487" /><ent r="7" t="54" w="498" /><ent r="10" t="54" w="846" /><ent r="9" t="54" w="866" /><ent r="9" t="54" w="892" /><ent r="9" t="54" w="1276" /><ent r="9" t="54" w="1295" /><ent r="7" t="54" w="1364" /><ent r="4" t="54" w="1700" /><ent r="7" t="57" w="336" /><ent r="4" t="59" w="291" /><ent r="4" t="59" w="309" /><ent r="7" t="68" w="74" /></phr></stem><stem n="&gt;"><phr n="&gt;"><ent r="4" t="2" w="143" /><ent r="4" t="6" w="127" /><ent r="4" t="6" w="132" /><ent r="4" t="6" w="141" /><ent r="5" t="7" w="325" /><ent r="4" t="7" w="693" /><ent r="4" t="8" w="189" /><ent r="4" t="8" w="196" /><ent r="4" t="11" w="61" /><ent r="4" t="12" w="62" /><ent r="4" t="13" w="163" /><ent r="4" t="14" w="183" /><ent r="4" t="34" w="192" /><ent r="4" t="35" w="78" /><ent r="3" t="39" w="577" /><ent r="3" t="39" w="589" /><ent r="3" t="39" w="601" /><ent r="4" t="41" w="1026" /><ent r="4" t="41" w="2028" /><ent r="4" t="44" w="192" /><ent r="4" t="44" w="446" /><ent r="3" t="54" w="167" /><ent r="3" t="67" w="368" /><ent r="3" t="67" w="381" /><ent r="3" t="67" w="395" /><ent r="3" t="67" w="402" /><ent r="3" t="67" w="406" /><ent r="3" t="67" w="426" /><ent r="3" t="67" w="467" /><ent r="3" t="67" w="501" /><ent r="3" t="67" w="609" /><ent r="3" t="67" w="662" /></phr></stem></index>