<?xml version="1.0" encoding="utf-8"?><index><stem n="save"><phr n="saved"><ent r="4" t="7" w="309" /><ent r="3" t="7" w="442" /><ent r="3" t="7" w="448" /><ent r="3" t="13" w="108" /><ent r="6" t="17" w="703" /><ent r="6" t="17" w="709" /><ent r="6" t="26" w="432" /><ent r="6" t="26" w="438" /><ent r="3" t="28" w="142" /><ent r="3" t="28" w="197" /><ent r="7" t="28" w="576" /><ent r="7" t="32" w="478" /><ent r="7" t="32" w="549" /><ent r="3" t="34" w="267" /><ent r="3" t="36" w="145" /><ent r="4" t="37" w="152" /><ent r="3" t="40" w="82" /><ent r="3" t="41" w="43" /><ent r="3" t="41" w="1912" /><ent r="6" t="44" w="340" /></phr><phr n="save"><ent r="4" t="7" w="321" /><ent r="5" t="7" w="395" /><ent r="5" t="7" w="407" /><ent r="3" t="7" w="430" /><ent r="6" t="17" w="767" /><ent r="7" t="23" w="632" /><ent r="6" t="26" w="512" /><ent r="4" t="62" w="145" /><ent r="4" t="63" w="230" /><ent r="4" t="64" w="187" /></phr><phr n="Save"><ent r="6" t="7" w="377" /><ent r="7" t="17" w="662" /><ent r="6" t="17" w="668" /><ent r="7" t="17" w="884" /><ent r="7" t="17" w="908" /><ent r="8" t="17" w="1043" /><ent r="8" t="23" w="624" /><ent r="7" t="26" w="391" /><ent r="6" t="26" w="397" /><ent r="7" t="26" w="642" /><ent r="7" t="26" w="666" /><ent r="8" t="26" w="804" /><ent r="5" t="35" w="121" /><ent r="5" t="54" w="1720" /><ent r="4" t="65" w="300" /></phr><phr n="Saving"><ent r="6" t="17" w="696" /><ent r="6" t="26" w="425" /></phr><phr n="saves"><ent r="4" t="37" w="61" /><ent r="3" t="41" w="924" /><ent r="3" t="41" w="1855" /></phr><phr n="Saved"><ent r="82" t="41" w="983" /></phr></stem><stem n="[identity]"><phr n="[Identity]"><ent r="5" t="7" w="369" /><ent r="3" t="17" w="155" /><ent r="4" t="17" w="402" /><ent r="5" t="17" w="483" /><ent r="4" t="19" w="243" /><ent r="4" t="20" w="262" /><ent r="5" t="20" w="272" /><ent r="4" t="20" w="424" /><ent r="4" t="21" w="233" /><ent r="5" t="21" w="243" /><ent r="4" t="21" w="443" /><ent r="4" t="26" w="128" /><ent r="5" t="26" w="205" /><ent r="4" t="41" w="1081" /><ent r="4" t="41" w="2134" /><ent r="7" t="57" w="282" /></phr></stem><stem n="tab"><phr n="tab"><ent r="5" t="7" w="369" /><ent r="4" t="17" w="91" /><ent r="3" t="17" w="155" /><ent r="4" t="17" w="402" /><ent r="5" t="17" w="483" /><ent r="4" t="17" w="1557" /><ent r="5" t="17" w="1567" /><ent r="4" t="17" w="2157" /><ent r="4" t="17" w="2342" /><ent r="3" t="17" w="2441" /><ent r="3" t="17" w="2454" /><ent r="4" t="19" w="143" /><ent r="4" t="19" w="243" /><ent r="4" t="19" w="268" /><ent r="5" t="19" w="278" /><ent r="4" t="19" w="610" /><ent r="4" t="19" w="795" /><ent r="3" t="19" w="894" /><ent r="3" t="19" w="907" /><ent r="4" t="20" w="162" /><ent r="4" t="20" w="262" /><ent r="5" t="20" w="272" /><ent r="4" t="20" w="424" /><ent r="4" t="20" w="468" /><ent r="5" t="20" w="478" /><ent r="4" t="20" w="810" /><ent r="4" t="20" w="997" /><ent r="3" t="20" w="1096" /><ent r="3" t="20" w="1109" /><ent r="4" t="21" w="133" /><ent r="4" t="21" w="233" /><ent r="5" t="21" w="243" /><ent r="4" t="21" w="443" /><ent r="4" t="21" w="521" /><ent r="5" t="21" w="531" /><ent r="4" t="21" w="863" /><ent r="4" t="21" w="1052" /><ent r="3" t="21" w="1151" /><ent r="3" t="21" w="1164" /><ent r="4" t="22" w="101" /><ent r="3" t="23" w="782" /><ent r="4" t="26" w="99" /><ent r="4" t="26" w="128" /><ent r="5" t="26" w="205" /><ent r="4" t="26" w="1079" /><ent r="5" t="26" w="1089" /><ent r="4" t="26" w="1517" /><ent r="4" t="26" w="1596" /><ent r="3" t="27" w="207" /><ent r="3" t="28" w="235" /><ent r="3" t="28" w="248" /><ent r="3" t="29" w="66" /><ent r="4" t="30" w="174" /><ent r="4" t="31" w="99" /><ent r="4" t="31" w="360" /><ent r="4" t="32" w="205" /><ent r="4" t="33" w="140" /><ent r="4" t="33" w="216" /><ent r="4" t="34" w="225" /><ent r="4" t="35" w="102" /><ent r="3" t="41" w="451" /><ent r="4" t="41" w="1081" /><ent r="4" t="41" w="2134" /><ent r="3" t="41" w="2157" /><ent r="7" t="57" w="282" /><ent r="7" t="57" w="437" /><ent r="7" t="67" w="76" /></phr><phr n="Tab"><ent r="7" t="23" w="525" /></phr><phr n="tabs"><ent r="7" t="57" w="443" /></phr></stem><stem n="check"><phr n="check"><ent r="5" t="7" w="380" /><ent r="3" t="17" w="139" /><ent r="7" t="17" w="545" /><ent r="7" t="17" w="617" /><ent r="6" t="17" w="673" /><ent r="6" t="17" w="780" /><ent r="6" t="17" w="887" /><ent r="6" t="17" w="911" /><ent r="6" t="17" w="995" /><ent r="6" t="17" w="1615" /><ent r="7" t="17" w="1714" /><ent r="6" t="17" w="2055" /><ent r="6" t="17" w="2084" /><ent r="6" t="17" w="2113" /><ent r="4" t="17" w="2172" /><ent r="4" t="17" w="2194" /><ent r="3" t="17" w="2207" /><ent r="3" t="17" w="2263" /><ent r="3" t="17" w="2291" /><ent r="3" t="19" w="196" /><ent r="4" t="19" w="625" /><ent r="4" t="19" w="647" /><ent r="3" t="19" w="660" /><ent r="3" t="19" w="716" /><ent r="3" t="19" w="744" /><ent r="3" t="20" w="215" /><ent r="6" t="20" w="340" /><ent r="4" t="20" w="825" /><ent r="4" t="20" w="847" /><ent r="3" t="20" w="862" /><ent r="3" t="20" w="918" /><ent r="3" t="20" w="946" /><ent r="3" t="21" w="186" /><ent r="4" t="21" w="878" /><ent r="4" t="21" w="900" /><ent r="3" t="21" w="917" /><ent r="3" t="21" w="973" /><ent r="3" t="21" w="1001" /><ent r="7" t="23" w="627" /><ent r="7" t="23" w="661" /><ent r="7" t="23" w="735" /><ent r="6" t="24" w="171" /><ent r="5" t="24" w="201" /><ent r="6" t="24" w="528" /><ent r="5" t="24" w="559" /><ent r="7" t="26" w="273" /><ent r="7" t="26" w="346" /><ent r="6" t="26" w="402" /><ent r="6" t="26" w="525" /><ent r="6" t="26" w="645" /><ent r="6" t="26" w="669" /><ent r="6" t="26" w="756" /><ent r="6" t="26" w="1135" /><ent r="7" t="26" w="1234" /><ent r="3" t="26" w="1537" /><ent r="3" t="26" w="1565" /><ent r="4" t="26" w="1686" /><ent r="7" t="28" w="568" /><ent r="4" t="30" w="205" /><ent r="4" t="30" w="214" /><ent r="7" t="32" w="466" /><ent r="3" t="41" w="637" /><ent r="3" t="41" w="739" /><ent r="7" t="49" w="299" /><ent r="7" t="49" w="348" /><ent r="7" t="54" w="463" /><ent r="7" t="54" w="502" /><ent r="7" t="54" w="509" /><ent r="8" t="54" w="646" /><ent r="8" t="54" w="858" /><ent r="8" t="54" w="877" /><ent r="8" t="54" w="910" /><ent r="8" t="54" w="1291" /><ent r="8" t="54" w="1310" /><ent r="7" t="54" w="1379" /><ent r="7" t="57" w="375" /><ent r="7" t="66" w="294" /><ent r="7" t="66" w="314" /></phr><phr n="Check"><ent r="7" t="66" w="330" /></phr></stem><stem n="ok"><phr n="OK"><ent r="6" t="7" w="385" /><ent r="5" t="13" w="209" /><ent r="5" t="13" w="237" /><ent r="5" t="15" w="134" /><ent r="10" t="17" w="1441" /><ent r="10" t="17" w="1487" /><ent r="10" t="17" w="1551" /><ent r="8" t="17" w="1642" /><ent r="8" t="17" w="1666" /><ent r="5" t="17" w="2465" /><ent r="5" t="19" w="918" /><ent r="5" t="20" w="1120" /><ent r="5" t="21" w="1175" /><ent r="8" t="23" w="692" /><ent r="8" t="23" w="740" /><ent r="8" t="23" w="749" /><ent r="5" t="23" w="759" /><ent r="8" t="26" w="1162" /><ent r="8" t="26" w="1186" /><ent r="5" t="26" w="1621" /><ent r="5" t="26" w="1691" /><ent r="5" t="26" w="1745" /><ent r="5" t="30" w="223" /><ent r="5" t="31" w="141" /><ent r="5" t="31" w="493" /><ent r="5" t="32" w="567" /><ent r="5" t="33" w="204" /><ent r="5" t="34" w="326" /></phr></stem><stem n="]."><phr n="]."><ent r="5" t="7" w="387" /><ent r="5" t="12" w="136" /><ent r="4" t="13" w="187" /><ent r="4" t="13" w="211" /><ent r="4" t="13" w="239" /><ent r="4" t="15" w="112" /><ent r="4" t="15" w="136" /><ent r="4" t="17" w="63" /><ent r="4" t="17" w="81" /><ent r="3" t="17" w="163" /><ent r="9" t="17" w="1375" /><ent r="9" t="17" w="1443" /><ent r="9" t="17" w="1489" /><ent r="9" t="17" w="1540" /><ent r="9" t="17" w="1553" /><ent r="4" t="19" w="84" /><ent r="4" t="19" w="111" /><ent r="4" t="19" w="133" /><ent r="3" t="19" w="215" /><ent r="4" t="20" w="119" /><ent r="4" t="20" w="147" /><ent r="4" t="20" w="152" /><ent r="3" t="20" w="234" /><ent r="4" t="20" w="383" /><ent r="4" t="20" w="401" /><ent r="4" t="21" w="91" /><ent r="4" t="21" w="118" /><ent r="4" t="21" w="123" /><ent r="3" t="21" w="205" /><ent r="4" t="21" w="427" /><ent r="4" t="23" w="463" /><ent r="4" t="23" w="506" /><ent r="7" t="23" w="556" /><ent r="7" t="23" w="588" /><ent r="7" t="23" w="671" /><ent r="7" t="23" w="694" /><ent r="4" t="26" w="70" /><ent r="4" t="26" w="89" /><ent r="4" t="26" w="1623" /><ent r="4" t="26" w="1638" /><ent r="4" t="26" w="1693" /><ent r="4" t="30" w="163" /><ent r="4" t="31" w="86" /><ent r="4" t="31" w="367" /><ent r="4" t="31" w="495" /><ent r="4" t="32" w="194" /><ent r="4" t="32" w="234" /><ent r="4" t="33" w="129" /><ent r="5" t="33" w="179" /><ent r="5" t="33" w="191" /><ent r="4" t="34" w="241" /><ent r="4" t="34" w="328" /><ent r="4" t="35" w="108" /><ent r="4" t="35" w="123" /><ent r="4" t="41" w="1088" /><ent r="4" t="41" w="2141" /><ent r="4" t="54" w="1569" /><ent r="4" t="54" w="1599" /><ent r="7" t="58" w="243" /></phr></stem><stem n="obfusc"><phr n="obfuscated"><ent r="5" t="7" w="399" /><ent r="3" t="7" w="450" /><ent r="6" t="17" w="711" /><ent r="6" t="26" w="440" /></phr></stem><stem n="folder"><phr n="folder"><ent r="5" t="7" w="404" /><ent r="3" t="54" w="1645" /></phr><phr n="folders"><ent r="3" t="54" w="1641" /><ent r="3" t="54" w="1680" /></phr></stem><stem n="repeat"><phr n="Repeat"><ent r="5" t="7" w="405" /><ent r="3" t="13" w="325" /><ent r="4" t="54" w="1600" /></phr><phr n="repeat"><ent r="5" t="12" w="204" /><ent r="9" t="17" w="1475" /><ent r="9" t="17" w="1507" /><ent r="3" t="41" w="888" /><ent r="3" t="68" w="197" /></phr><phr n="Repeating"><ent r="3" t="41" w="906" /></phr></stem><stem n="implic"><phr n="implications"><ent r="3" t="7" w="440" /><ent r="6" t="17" w="701" /><ent r="6" t="26" w="430" /></phr></stem><stem n="encrypt"><phr n="encrypted"><ent r="3" t="7" w="446" /><ent r="6" t="17" w="707" /><ent r="6" t="26" w="436" /><ent r="3" t="41" w="1900" /><ent r="7" t="61" w="468" /><ent r="7" t="61" w="472" /><ent r="7" t="61" w="481" /></phr><phr n="encrypt"><ent r="9" t="17" w="1467" /><ent r="7" t="61" w="461" /></phr><phr n="Encryption"><ent r="5" t="28" w="1167" /></phr><phr n="encryption"><ent r="4" t="28" w="1195" /><ent r="4" t="28" w="1203" /><ent r="3" t="41" w="309" /><ent r="7" t="42" w="186" /></phr><phr n="Encrypt"><ent r="5" t="41" w="1173" /></phr><phr n="Encrypts"><ent r="7" t="66" w="271" /></phr></stem><stem n="ssg"><phr n="ssgs"><ent r="3" t="7" w="454" /><ent r="7" t="17" w="716" /><ent r="7" t="26" w="445" /></phr><phr n="ssg"><ent r="7" t="28" w="479" /><ent r="7" t="28" w="492" /><ent r="3" t="68" w="255" /><ent r="4" t="68" w="324" /></phr></stem><stem n=".xml"><phr n=".xml"><ent r="3" t="7" w="455" /><ent r="7" t="17" w="717" /><ent r="7" t="26" w="446" /></phr></stem><stem n="ssgs.xml"><phr n="ssgs.xml"><ent r="3" t="7" w="455" /><ent r="3" t="7" w="454" /><ent r="7" t="17" w="717" /><ent r="7" t="17" w="716" /><ent r="7" t="26" w="446" /><ent r="7" t="26" w="445" /></phr></stem><stem n=".l7tech"><phr n=".l7tech"><ent r="3" t="7" w="460" /><ent r="7" t="17" w="724" /><ent r="7" t="26" w="453" /><ent r="3" t="41" w="1866" /></phr></stem><stem n="l7tech"><phr n="l7tech"><ent r="3" t="7" w="460" /><ent r="5" t="12" w="336" /><ent r="7" t="12" w="395" /><ent r="7" t="12" w="425" /><ent r="6" t="12" w="434" /><ent r="7" t="17" w="724" /><ent r="6" t="22" w="353" /><ent r="6" t="22" w="449" /><ent r="7" t="26" w="453" /><ent r="3" t="41" w="930" /><ent r="3" t="41" w="1815" /><ent r="3" t="41" w="1866" /><ent r="5" t="45" w="129" /><ent r="7" t="45" w="149" /><ent r="7" t="45" w="179" /><ent r="5" t="45" w="185" /><ent r="8" t="61" w="49" /><ent r="8" t="61" w="80" /><ent r="8" t="61" w="107" /><ent r="8" t="61" w="134" /><ent r="8" t="61" w="166" /><ent r="8" t="61" w="199" /><ent r="8" t="61" w="221" /><ent r="8" t="61" w="253" /><ent r="8" t="61" w="282" /><ent r="8" t="61" w="340" /><ent r="8" t="61" w="350" /><ent r="8" t="61" w="360" /><ent r="7" t="61" w="444" /><ent r="8" t="61" w="494" /><ent r="8" t="61" w="540" /><ent r="8" t="61" w="570" /><ent r="8" t="61" w="601" /><ent r="8" t="61" w="624" /><ent r="3" t="61" w="715" /><ent r="5" t="62" w="82" /><ent r="5" t="62" w="91" /><ent r="3" t="62" w="128" /><ent r="3" t="62" w="134" /><ent r="5" t="62" w="205" /><ent r="5" t="62" w="235" /><ent r="5" t="63" w="283" /><ent r="5" t="63" w="313" /><ent r="5" t="64" w="151" /><ent r="5" t="65" w="176" /><ent r="4" t="65" w="204" /><ent r="5" t="65" w="242" /><ent r="4" t="65" w="274" /><ent r="5" t="66" w="186" /></phr></stem><stem n="attack"><phr n="attacker"><ent r="3" t="7" w="466" /><ent r="6" t="17" w="728" /><ent r="6" t="26" w="473" /><ent r="7" t="61" w="429" /></phr></stem><stem n="gain"><phr n="gain"><ent r="3" t="7" w="469" /><ent r="6" t="17" w="741" /><ent r="6" t="26" w="486" /><ent r="3" t="53" w="285" /></phr></stem><stem n="recov"><phr n="recover"><ent r="3" t="7" w="478" /></phr></stem><stem n="signific"><phr n="significant"><ent r="3" t="7" w="485" /><ent r="3" t="41" w="913" /></phr></stem><stem n="risk"><phr n="risk"><ent r="3" t="7" w="486" /><ent r="3" t="41" w="915" /></phr></stem><stem n="strongli"><phr n="strongly"><ent r="3" t="7" w="504" /><ent r="6" t="17" w="761" /><ent r="6" t="26" w="506" /><ent r="3" t="39" w="509" /></phr></stem><stem n="recommend"><phr n="recommended"><ent r="3" t="7" w="505" /><ent r="6" t="17" w="762" /><ent r="6" t="26" w="507" /><ent r="5" t="31" w="694" /><ent r="3" t="39" w="510" /><ent r="3" t="45" w="70" /></phr></stem><stem n=":start"><phr n=":starting"><ent r="100" t="7" w="550" /><ent r="100" t="8" w="245" /></phr></stem><stem n="instanc"><phr n="instances"><ent r="3" t="7" w="579" /></phr><phr n="instance"><ent r="4" t="46" w="143" /><ent r="6" t="46" w="180" /></phr></stem><stem n="./client.sh"><phr n="./Client.sh"><ent r="3" t="7" w="612" /></phr></stem><stem n="–bd"><phr n="–bd"><ent r="3" t="7" w="613" /></phr></stem><stem n="bd"><phr n="bd"><ent r="3" t="7" w="613" /></phr></stem><stem n="reboot"><phr n="rebooted"><ent r="4" t="7" w="641" /></phr></stem><stem n=":termin"><phr n=":terminating"><ent r="100" t="7" w="645" /><ent r="100" t="8" w="360" /></phr></stem><stem n="stop"><phr n="stopped"><ent r="3" t="7" w="655" /></phr><phr n="Stop"><ent r="5" t="8" w="432" /></phr><phr n="stops"><ent r="6" t="17" w="1895" /><ent r="6" t="19" w="454" /><ent r="6" t="20" w="654" /><ent r="6" t="21" w="707" /><ent r="6" t="26" w="1362" /></phr></stem><stem n="ps"><phr n="ps"><ent r="5" t="7" w="681" /><ent r="5" t="7" w="712" /></phr></stem><stem n="command"><phr n="command"><ent r="4" t="7" w="683" /><ent r="4" t="7" w="716" /><ent r="4" t="7" w="738" /><ent r="4" t="7" w="781" /><ent r="3" t="10" w="274" /><ent r="3" t="10" w="285" /><ent r="3" t="10" w="327" /><ent r="3" t="61" w="699" /></phr><phr n="Command"><ent r="82" t="10" w="256" /><ent r="5" t="10" w="376" /></phr><phr n="commands"><ent r="3" t="10" w="301" /><ent r="4" t="10" w="345" /><ent r="4" t="10" w="365" /><ent r="4" t="10" w="372" /></phr></stem><stem n="id"><phr n="ID"><ent r="4" t="7" w="690" /><ent r="4" t="7" w="722" /><ent r="4" t="28" w="1271" /><ent r="7" t="42" w="356" /><ent r="7" t="42" w="429" /><ent r="5" t="46" w="432" /><ent r="4" t="46" w="438" /><ent r="7" t="49" w="422" /><ent r="5" t="57" w="191" /><ent r="6" t="57" w="262" /></phr><phr n="Id"><ent r="6" t="22" w="479" /></phr><phr n="id"><ent r="3" t="66" w="891" /><ent r="3" t="66" w="895" /><ent r="3" t="66" w="899" /><ent r="3" t="66" w="903" /><ent r="3" t="66" w="907" /><ent r="3" t="66" w="911" /><ent r="3" t="66" w="915" /><ent r="3" t="66" w="919" /><ent r="3" t="66" w="923" /><ent r="3" t="66" w="927" /><ent r="3" t="66" w="931" /></phr></stem><stem n="pid"><phr n="PID"><ent r="4" t="7" w="691" /><ent r="4" t="7" w="742" /><ent r="4" t="7" w="746" /></phr></stem><stem n="(pid)"><phr n="(PID)"><ent r="4" t="7" w="692" /></phr></stem><stem n="-axuf|grep"><phr n="-axuf|grep"><ent r="5" t="7" w="713" /><ent r="5" t="7" w="713" /></phr></stem><stem n="axuf|grep"><phr n="axuf|grep"><ent r="5" t="7" w="713" /></phr></stem><stem n="find"><phr n="find"><ent r="4" t="7" w="718" /><ent r="4" t="12" w="367" /></phr><phr n="finding"><ent r="4" t="66" w="762" /><ent r="4" t="66" w="845" /></phr></stem><stem n="kill"><phr n="kill"><ent r="5" t="7" w="735" /><ent r="4" t="7" w="743" /></phr><phr n="killed"><ent r="4" t="7" w="773" /></phr></stem><stem n="-9"><phr n="-9"><ent r="5" t="7" w="736" /><ent r="5" t="7" w="736" /><ent r="4" t="7" w="744" /><ent r="4" t="7" w="744" /><ent r="5" t="7" w="778" /><ent r="5" t="7" w="778" /></phr></stem><stem n="9"><phr n="9"><ent r="5" t="7" w="736" /><ent r="4" t="7" w="744" /><ent r="5" t="7" w="778" /><ent r="3" t="17" w="322" /><ent r="7" t="49" w="532" /></phr></stem><stem n="(&quot;kill"><phr n="(&quot;kill"><ent r="4" t="7" w="743" /></phr></stem><stem n="&lt;"><phr n="&lt;"><ent r="4" t="7" w="745" /><ent r="3" t="39" w="619" /><ent r="3" t="39" w="653" /><ent r="3" t="39" w="657" /><ent r="3" t="66" w="377" /><ent r="3" t="66" w="394" /><ent r="3" t="66" w="415" /><ent r="3" t="66" w="453" /><ent r="3" t="66" w="496" /><ent r="3" t="66" w="583" /><ent r="3" t="66" w="599" /><ent r="3" t="66" w="651" /></phr></stem><stem n="&quot;)"><phr n="&quot;)"><ent r="4" t="7" w="748" /><ent r="9" t="54" w="1029" /></phr></stem><stem n="java"><phr n="Java"><ent r="4" t="7" w="762" /><ent r="4" t="7" w="785" /><ent r="3" t="17" w="2281" /><ent r="3" t="19" w="734" /><ent r="3" t="20" w="936" /><ent r="3" t="21" w="991" /><ent r="3" t="26" w="1555" /></phr><phr n="java"><ent r="5" t="7" w="779" /><ent r="8" t="61" w="659" /><ent r="3" t="62" w="126" /><ent r="3" t="63" w="175" /><ent r="3" t="63" w="179" /><ent r="4" t="63" w="187" /><ent r="4" t="63" w="194" /><ent r="4" t="63" w="201" /><ent r="4" t="63" w="206" /><ent r="4" t="63" w="211" /><ent r="4" t="63" w="218" /><ent r="4" t="63" w="223" /></phr></stem><stem n="killal"><phr n="killall"><ent r="5" t="7" w="777" /></phr></stem><stem n=":servic"><phr n=":service"><ent r="100" t="8" w="16" /></phr></stem><stem n=":configur"><phr n=":configuring"><ent r="100" t="8" w="137" /><ent r="100" t="39" w="13" /><ent r="100" t="55" w="10" /><ent r="100" t="55" w="24" /><ent r="100" t="56" w="16" /></phr><phr n=":configure"><ent r="100" t="23" w="419" /><ent r="100" t="24" w="646" /><ent r="100" t="24" w="878" /></phr></stem><stem n="config"><phr n="Config"><ent r="5" t="8" w="209" /></phr><phr n="config"><ent r="6" t="10" w="360" /><ent r="8" t="61" w="662" /><ent r="5" t="63" w="82" /></phr></stem><stem n="detail"><phr n="detailed"><ent r="3" t="8" w="221" /><ent r="3" t="39" w="128" /><ent r="3" t="43" w="127" /><ent r="3" t="45" w="98" /><ent r="3" t="51" w="218" /><ent r="3" t="52" w="376" /><ent r="3" t="53" w="489" /><ent r="3" t="62" w="160" /></phr><phr n="details"><ent r="4" t="12" w="310" /><ent r="3" t="24" w="683" /><ent r="3" t="28" w="707" /><ent r="4" t="34" w="312" /><ent r="3" t="36" w="430" /><ent r="6" t="44" w="396" /><ent r="5" t="48" w="315" /><ent r="3" t="49" w="94" /><ent r="3" t="50" w="120" /><ent r="3" t="52" w="274" /><ent r="3" t="60" w="82" /><ent r="3" t="66" w="361" /></phr></stem><stem n="boot"><phr n="boots"><ent r="3" t="8" w="276" /></phr></stem><stem n="-click"><phr n="-click"><ent r="4" t="8" w="289" /><ent r="4" t="8" w="289" /><ent r="4" t="8" w="377" /><ent r="4" t="8" w="377" /><ent r="3" t="54" w="1651" /><ent r="3" t="54" w="1651" /></phr><phr n="-clicking"><ent r="4" t="54" w="1587" /><ent r="4" t="54" w="1587" /></phr></stem><stem n="right-click"><phr n="Right-click"><ent r="4" t="8" w="289" /><ent r="4" t="8" w="377" /></phr><phr n="right-click"><ent r="3" t="54" w="1651" /></phr></stem><stem n="my"><phr n="My"><ent r="5" t="8" w="293" /><ent r="5" t="8" w="381" /></phr></stem><stem n="comput"><phr n="Computer"><ent r="5" t="8" w="294" /><ent r="4" t="8" w="303" /><ent r="5" t="8" w="382" /><ent r="4" t="8" w="391" /></phr></stem><stem n="pane"><phr n="pane"><ent r="4" t="8" w="311" /><ent r="4" t="8" w="333" /><ent r="4" t="8" w="399" /><ent r="4" t="8" w="421" /><ent r="6" t="44" w="419" /></phr></stem><stem n="expand"><phr n="expand"><ent r="4" t="8" w="312" /><ent r="4" t="8" w="400" /></phr></stem><stem n="&quot;"><phr n="&quot;"><ent r="4" t="8" w="343" /><ent r="4" t="8" w="431" /><ent r="6" t="17" w="1113" /><ent r="7" t="17" w="1155" /><ent r="7" t="17" w="1282" /><ent r="9" t="17" w="1429" /><ent r="9" t="17" w="1452" /><ent r="4" t="21" w="433" /><ent r="4" t="23" w="485" /><ent r="7" t="23" w="718" /><ent r="7" t="23" w="722" /><ent r="5" t="24" w="260" /><ent r="6" t="24" w="374" /><ent r="6" t="24" w="596" /><ent r="3" t="24" w="905" /><ent r="6" t="26" w="874" /><ent r="7" t="26" w="916" /><ent r="7" t="26" w="1043" /><ent r="4" t="26" w="1643" /><ent r="4" t="26" w="1664" /><ent r="4" t="26" w="1668" /><ent r="3" t="31" w="305" /><ent r="4" t="31" w="350" /><ent r="4" t="31" w="354" /><ent r="4" t="31" w="486" /><ent r="3" t="46" w="595" /><ent r="3" t="46" w="602" /><ent r="4" t="46" w="693" /><ent r="4" t="46" w="696" /><ent r="4" t="46" w="710" /><ent r="4" t="46" w="720" /><ent r="3" t="47" w="372" /><ent r="3" t="47" w="376" /><ent r="3" t="48" w="24" /><ent r="3" t="48" w="28" /><ent r="4" t="48" w="127" /><ent r="4" t="48" w="220" /><ent r="4" t="48" w="243" /><ent r="3" t="49" w="26" /><ent r="3" t="49" w="46" /><ent r="7" t="49" w="471" /><ent r="3" t="50" w="79" /><ent r="6" t="50" w="235" /><ent r="6" t="50" w="240" /><ent r="8" t="50" w="314" /><ent r="8" t="50" w="323" /><ent r="8" t="50" w="364" /><ent r="7" t="50" w="376" /><ent r="7" t="50" w="385" /><ent r="7" t="50" w="606" /><ent r="3" t="50" w="952" /><ent r="3" t="51" w="24" /><ent r="3" t="51" w="28" /><ent r="3" t="52" w="45" /><ent r="3" t="52" w="49" /><ent r="3" t="54" w="38" /><ent r="3" t="54" w="42" /><ent r="6" t="54" w="547" /><ent r="9" t="54" w="1049" /><ent r="3" t="54" w="1640" /><ent r="3" t="54" w="1662" /><ent r="3" t="55" w="53" /><ent r="3" t="55" w="75" /><ent r="4" t="56" w="73" /><ent r="4" t="56" w="85" /><ent r="4" t="56" w="125" /><ent r="3" t="59" w="27" /><ent r="3" t="59" w="31" /><ent r="7" t="61" w="56" /><ent r="7" t="67" w="69" /><ent r="7" t="67" w="108" /></phr></stem><stem n="&quot;."><phr n="&quot;."><ent r="4" t="8" w="348" /><ent r="4" t="8" w="436" /><ent r="3" t="26" w="1767" /><ent r="4" t="31" w="490" /><ent r="6" t="44" w="423" /><ent r="3" t="46" w="676" /><ent r="8" t="58" w="227" /></phr></stem><stem n="momentarili"><phr n="momentarily"><ent r="4" t="8" w="356" /></phr></stem><stem n=":account"><phr n=":accounts"><ent r="100" t="9" w="15" /></phr></stem><stem n="act"><phr n="acts"><ent r="3" t="9" w="33" /><ent r="3" t="39" w="34" /><ent r="3" t="47" w="562" /></phr><phr n="act"><ent r="3" t="16" w="204" /><ent r="3" t="37" w="37" /></phr></stem><stem n="establish"><phr n="establishing"><ent r="3" t="9" w="39" /><ent r="3" t="41" w="352" /></phr><phr n="established"><ent r="4" t="9" w="266" /><ent r="4" t="9" w="285" /><ent r="3" t="16" w="36" /><ent r="3" t="16" w="109" /><ent r="3" t="18" w="46" /><ent r="3" t="18" w="82" /><ent r="3" t="41" w="266" /><ent r="3" t="41" w="1130" /><ent r="3" t="55" w="177" /></phr><phr n="establish"><ent r="3" t="16" w="95" /><ent r="3" t="27" w="292" /><ent r="4" t="28" w="980" /><ent r="4" t="28" w="1009" /><ent r="3" t="40" w="43" /><ent r="3" t="41" w="119" /><ent r="3" t="41" w="1000" /><ent r="3" t="41" w="1521" /><ent r="3" t="41" w="1628" /><ent r="3" t="41" w="1953" /><ent r="3" t="41" w="2060" /></phr><phr n="Established"><ent r="4" t="21" w="432" /></phr><phr n="establishes"><ent r="3" t="47" w="531" /></phr></stem><stem n="pki"><phr n="PKI"><ent r="3" t="9" w="41" /><ent r="3" t="41" w="313" /><ent r="7" t="42" w="189" /></phr></stem><stem n="pki-bas"><phr n="PKI-based"><ent r="3" t="9" w="41" /></phr></stem><stem n="relationship"><phr n="relationship"><ent r="3" t="9" w="44" /><ent r="3" t="9" w="57" /><ent r="3" t="17" w="445" /><ent r="3" t="26" w="169" /><ent r="3" t="47" w="536" /><ent r="9" t="54" w="1023" /><ent r="3" t="55" w="182" /></phr></stem><stem n="known"><phr n="Known"><ent r="3" t="9" w="50" /></phr><phr n="known"><ent r="4" t="39" w="927" /><ent r="3" t="47" w="512" /></phr></stem><stem n=",”"><phr n=",”"><ent r="3" t="9" w="55" /></phr></stem><stem n="combin"><phr n="combines"><ent r="3" t="9" w="71" /><ent r="5" t="24" w="398" /></phr><phr n="combination"><ent r="3" t="28" w="167" /><ent r="3" t="28" w="622" /><ent r="3" t="32" w="42" /><ent r="3" t="41" w="1281" /><ent r="3" t="41" w="1614" /><ent r="3" t="51" w="147" /></phr></stem><stem n="singl"><phr n="single"><ent r="3" t="9" w="76" /><ent r="3" t="9" w="89" /><ent r="3" t="9" w="105" /><ent r="3" t="9" w="125" /><ent r="5" t="31" w="632" /><ent r="3" t="33" w="30" /><ent r="3" t="33" w="52" /><ent r="5" t="33" w="165" /><ent r="3" t="41" w="1265" /><ent r="3" t="41" w="1272" /><ent r="4" t="48" w="223" /><ent r="6" t="54" w="1562" /><ent r="7" t="57" w="383" /><ent r="4" t="66" w="999" /></phr></stem><stem n="s"><phr n="s"><ent r="3" t="9" w="102" /><ent r="7" t="17" w="1240" /><ent r="4" t="20" w="388" /><ent r="3" t="20" w="461" /><ent r="3" t="23" w="76" /><ent r="3" t="23" w="91" /><ent r="3" t="23" w="247" /><ent r="3" t="23" w="799" /><ent r="3" t="23" w="822" /><ent r="6" t="24" w="139" /><ent r="6" t="24" w="291" /><ent r="6" t="24" w="301" /><ent r="6" t="24" w="442" /><ent r="6" t="24" w="454" /><ent r="6" t="24" w="469" /><ent r="64" t="24" w="620" /><ent r="82" t="24" w="716" /><ent r="5" t="24" w="841" /><ent r="7" t="26" w="1001" /><ent r="3" t="27" w="96" /><ent r="3" t="28" w="786" /><ent r="4" t="28" w="1002" /><ent r="4" t="31" w="548" /><ent r="4" t="31" w="615" /><ent r="3" t="36" w="489" /><ent r="3" t="39" w="476" /><ent r="4" t="39" w="951" /><ent r="3" t="41" w="1549" /><ent r="3" t="41" w="1570" /><ent r="3" t="41" w="2164" /><ent r="6" t="46" w="202" /><ent r="3" t="47" w="604" /><ent r="3" t="47" w="751" /><ent r="3" t="47" w="836" /><ent r="4" t="48" w="527" /><ent r="4" t="48" w="533" /><ent r="4" t="48" w="564" /><ent r="4" t="48" w="570" /><ent r="6" t="49" w="258" /><ent r="8" t="54" w="743" /><ent r="8" t="54" w="758" /><ent r="9" t="54" w="1041" /><ent r="3" t="55" w="131" /><ent r="3" t="55" w="188" /><ent r="4" t="62" w="148" /><ent r="4" t="64" w="190" /><ent r="3" t="68" w="47" /><ent r="3" t="68" w="193" /></phr><phr n="S"><ent r="6" t="24" w="533" /><ent r="4" t="64" w="90" /></phr></stem><stem n="furthermor"><phr n="Furthermore"><ent r="3" t="9" w="103" /></phr></stem><stem n="—each"><phr n="—each"><ent r="3" t="9" w="119" /></phr></stem><stem n="—for"><phr n="—for"><ent r="3" t="9" w="123" /><ent r="3" t="41" w="675" /></phr></stem></index>