<?xml version="1.0" encoding="utf-8"?><index><stem n="descript"><phr n="Description"><ent r="7" t="2" w="314" /><ent r="7" t="2" w="314" /><ent r="7" t="4" w="220" /><ent r="7" t="4" w="220" /><ent r="7" t="10" w="51" /><ent r="7" t="10" w="51" /><ent r="7" t="18" w="490" /><ent r="7" t="18" w="490" /><ent r="7" t="18" w="1573" /><ent r="7" t="18" w="1573" /><ent r="7" t="20" w="285" /><ent r="7" t="20" w="285" /><ent r="7" t="21" w="279" /><ent r="7" t="21" w="279" /><ent r="7" t="21" w="484" /><ent r="7" t="21" w="484" /><ent r="7" t="22" w="250" /><ent r="7" t="22" w="250" /><ent r="7" t="22" w="537" /><ent r="7" t="22" w="537" /><ent r="7" t="24" w="526" /><ent r="7" t="24" w="526" /><ent r="7" t="27" w="213" /><ent r="7" t="27" w="213" /><ent r="7" t="27" w="1092" /><ent r="7" t="27" w="1092" /><ent r="7" t="29" w="308" /><ent r="7" t="29" w="308" /><ent r="7" t="33" w="258" /><ent r="7" t="33" w="258" /><ent r="7" t="45" w="291" /><ent r="7" t="45" w="291" /><ent r="7" t="55" w="409" /><ent r="7" t="55" w="409" /><ent r="7" t="55" w="1487" /><ent r="7" t="55" w="1487" /><ent r="7" t="62" w="46" /><ent r="7" t="62" w="46" /><ent r="7" t="67" w="252" /><ent r="7" t="67" w="252" /></phr><phr n="description"><ent r="4" t="55" w="378" /><ent r="4" t="55" w="378" /></phr></stem><stem n="ript"><phr n="Description"><ent r="7" t="2" w="314" /><ent r="7" t="2" w="314" /><ent r="7" t="4" w="220" /><ent r="7" t="4" w="220" /><ent r="7" t="10" w="51" /><ent r="7" t="10" w="51" /><ent r="7" t="18" w="490" /><ent r="7" t="18" w="490" /><ent r="7" t="18" w="1573" /><ent r="7" t="18" w="1573" /><ent r="7" t="20" w="285" /><ent r="7" t="20" w="285" /><ent r="7" t="21" w="279" /><ent r="7" t="21" w="279" /><ent r="7" t="21" w="484" /><ent r="7" t="21" w="484" /><ent r="7" t="22" w="250" /><ent r="7" t="22" w="250" /><ent r="7" t="22" w="537" /><ent r="7" t="22" w="537" /><ent r="7" t="24" w="526" /><ent r="7" t="24" w="526" /><ent r="7" t="27" w="213" /><ent r="7" t="27" w="213" /><ent r="7" t="27" w="1092" /><ent r="7" t="27" w="1092" /><ent r="7" t="29" w="308" /><ent r="7" t="29" w="308" /><ent r="7" t="33" w="258" /><ent r="7" t="33" w="258" /><ent r="7" t="45" w="291" /><ent r="7" t="45" w="291" /><ent r="7" t="55" w="409" /><ent r="7" t="55" w="409" /><ent r="7" t="55" w="1487" /><ent r="7" t="55" w="1487" /><ent r="7" t="62" w="46" /><ent r="7" t="62" w="46" /><ent r="7" t="67" w="252" /><ent r="7" t="67" w="252" /></phr><phr n="description"><ent r="4" t="55" w="378" /><ent r="4" t="55" w="378" /></phr></stem><stem n="ipti"><phr n="Description"><ent r="7" t="2" w="314" /><ent r="7" t="2" w="314" /><ent r="7" t="4" w="220" /><ent r="7" t="4" w="220" /><ent r="7" t="10" w="51" /><ent r="7" t="10" w="51" /><ent r="7" t="18" w="490" /><ent r="7" t="18" w="490" /><ent r="7" t="18" w="1573" /><ent r="7" t="18" w="1573" /><ent r="7" t="20" w="285" /><ent r="7" t="20" w="285" /><ent r="7" t="21" w="279" /><ent r="7" t="21" w="279" /><ent r="7" t="21" w="484" /><ent r="7" t="21" w="484" /><ent r="7" t="22" w="250" /><ent r="7" t="22" w="250" /><ent r="7" t="22" w="537" /><ent r="7" t="22" w="537" /><ent r="7" t="24" w="526" /><ent r="7" t="24" w="526" /><ent r="7" t="27" w="213" /><ent r="7" t="27" w="213" /><ent r="7" t="27" w="1092" /><ent r="7" t="27" w="1092" /><ent r="7" t="29" w="308" /><ent r="7" t="29" w="308" /><ent r="7" t="33" w="258" /><ent r="7" t="33" w="258" /><ent r="7" t="45" w="291" /><ent r="7" t="45" w="291" /><ent r="7" t="55" w="409" /><ent r="7" t="55" w="409" /><ent r="7" t="55" w="1487" /><ent r="7" t="55" w="1487" /><ent r="7" t="62" w="46" /><ent r="7" t="62" w="46" /><ent r="7" t="67" w="252" /><ent r="7" t="67" w="252" /></phr><phr n="description"><ent r="4" t="55" w="378" /><ent r="4" t="55" w="378" /></phr></stem><stem n="crip"><phr n="Description"><ent r="7" t="2" w="314" /><ent r="7" t="2" w="314" /><ent r="7" t="4" w="220" /><ent r="7" t="4" w="220" /><ent r="7" t="10" w="51" /><ent r="7" t="10" w="51" /><ent r="7" t="18" w="490" /><ent r="7" t="18" w="490" /><ent r="7" t="18" w="1573" /><ent r="7" t="18" w="1573" /><ent r="7" t="20" w="285" /><ent r="7" t="20" w="285" /><ent r="7" t="21" w="279" /><ent r="7" t="21" w="279" /><ent r="7" t="21" w="484" /><ent r="7" t="21" w="484" /><ent r="7" t="22" w="250" /><ent r="7" t="22" w="250" /><ent r="7" t="22" w="537" /><ent r="7" t="22" w="537" /><ent r="7" t="24" w="526" /><ent r="7" t="24" w="526" /><ent r="7" t="27" w="213" /><ent r="7" t="27" w="213" /><ent r="7" t="27" w="1092" /><ent r="7" t="27" w="1092" /><ent r="7" t="29" w="308" /><ent r="7" t="29" w="308" /><ent r="7" t="33" w="258" /><ent r="7" t="33" w="258" /><ent r="7" t="45" w="291" /><ent r="7" t="45" w="291" /><ent r="7" t="55" w="409" /><ent r="7" t="55" w="409" /><ent r="7" t="55" w="1487" /><ent r="7" t="55" w="1487" /><ent r="7" t="62" w="46" /><ent r="7" t="62" w="46" /><ent r="7" t="67" w="252" /><ent r="7" t="67" w="252" /></phr><phr n="description"><ent r="4" t="55" w="378" /><ent r="4" t="55" w="378" /></phr></stem><stem n="iptio"><phr n="Description"><ent r="7" t="2" w="314" /><ent r="7" t="2" w="314" /><ent r="7" t="4" w="220" /><ent r="7" t="4" w="220" /><ent r="7" t="10" w="51" /><ent r="7" t="10" w="51" /><ent r="7" t="18" w="490" /><ent r="7" t="18" w="490" /><ent r="7" t="18" w="1573" /><ent r="7" t="18" w="1573" /><ent r="7" t="20" w="285" /><ent r="7" t="20" w="285" /><ent r="7" t="21" w="279" /><ent r="7" t="21" w="279" /><ent r="7" t="21" w="484" /><ent r="7" t="21" w="484" /><ent r="7" t="22" w="250" /><ent r="7" t="22" w="250" /><ent r="7" t="22" w="537" /><ent r="7" t="22" w="537" /><ent r="7" t="24" w="526" /><ent r="7" t="24" w="526" /><ent r="7" t="27" w="213" /><ent r="7" t="27" w="213" /><ent r="7" t="27" w="1092" /><ent r="7" t="27" w="1092" /><ent r="7" t="29" w="308" /><ent r="7" t="29" w="308" /><ent r="7" t="33" w="258" /><ent r="7" t="33" w="258" /><ent r="7" t="45" w="291" /><ent r="7" t="45" w="291" /><ent r="7" t="55" w="409" /><ent r="7" t="55" w="409" /><ent r="7" t="55" w="1487" /><ent r="7" t="55" w="1487" /><ent r="7" t="62" w="46" /><ent r="7" t="62" w="46" /><ent r="7" t="67" w="252" /><ent r="7" t="67" w="252" /></phr><phr n="description"><ent r="4" t="55" w="378" /><ent r="4" t="55" w="378" /></phr></stem><stem n="scrip"><phr n="Description"><ent r="7" t="2" w="314" /><ent r="7" t="2" w="314" /><ent r="7" t="4" w="220" /><ent r="7" t="4" w="220" /><ent r="7" t="10" w="51" /><ent r="7" t="10" w="51" /><ent r="7" t="18" w="490" /><ent r="7" t="18" w="490" /><ent r="7" t="18" w="1573" /><ent r="7" t="18" w="1573" /><ent r="7" t="20" w="285" /><ent r="7" t="20" w="285" /><ent r="7" t="21" w="279" /><ent r="7" t="21" w="279" /><ent r="7" t="21" w="484" /><ent r="7" t="21" w="484" /><ent r="7" t="22" w="250" /><ent r="7" t="22" w="250" /><ent r="7" t="22" w="537" /><ent r="7" t="22" w="537" /><ent r="7" t="24" w="526" /><ent r="7" t="24" w="526" /><ent r="7" t="27" w="213" /><ent r="7" t="27" w="213" /><ent r="7" t="27" w="1092" /><ent r="7" t="27" w="1092" /><ent r="7" t="29" w="308" /><ent r="7" t="29" w="308" /><ent r="7" t="33" w="258" /><ent r="7" t="33" w="258" /><ent r="7" t="45" w="291" /><ent r="7" t="45" w="291" /><ent r="7" t="55" w="409" /><ent r="7" t="55" w="409" /><ent r="7" t="55" w="1487" /><ent r="7" t="55" w="1487" /><ent r="7" t="62" w="46" /><ent r="7" t="62" w="46" /><ent r="7" t="67" w="252" /><ent r="7" t="67" w="252" /></phr><phr n="description"><ent r="4" t="55" w="378" /><ent r="4" t="55" w="378" /></phr></stem><stem n="cript"><phr n="Description"><ent r="7" t="2" w="314" /><ent r="7" t="2" w="314" /><ent r="7" t="4" w="220" /><ent r="7" t="4" w="220" /><ent r="7" t="10" w="51" /><ent r="7" t="10" w="51" /><ent r="7" t="18" w="490" /><ent r="7" t="18" w="490" /><ent r="7" t="18" w="1573" /><ent r="7" t="18" w="1573" /><ent r="7" t="20" w="285" /><ent r="7" t="20" w="285" /><ent r="7" t="21" w="279" /><ent r="7" t="21" w="279" /><ent r="7" t="21" w="484" /><ent r="7" t="21" w="484" /><ent r="7" t="22" w="250" /><ent r="7" t="22" w="250" /><ent r="7" t="22" w="537" /><ent r="7" t="22" w="537" /><ent r="7" t="24" w="526" /><ent r="7" t="24" w="526" /><ent r="7" t="27" w="213" /><ent r="7" t="27" w="213" /><ent r="7" t="27" w="1092" /><ent r="7" t="27" w="1092" /><ent r="7" t="29" w="308" /><ent r="7" t="29" w="308" /><ent r="7" t="33" w="258" /><ent r="7" t="33" w="258" /><ent r="7" t="45" w="291" /><ent r="7" t="45" w="291" /><ent r="7" t="55" w="409" /><ent r="7" t="55" w="409" /><ent r="7" t="55" w="1487" /><ent r="7" t="55" w="1487" /><ent r="7" t="62" w="46" /><ent r="7" t="62" w="46" /><ent r="7" t="67" w="252" /><ent r="7" t="67" w="252" /></phr><phr n="description"><ent r="4" t="55" w="378" /><ent r="4" t="55" w="378" /></phr></stem><stem n="ripti"><phr n="Description"><ent r="7" t="2" w="314" /><ent r="7" t="2" w="314" /><ent r="7" t="4" w="220" /><ent r="7" t="4" w="220" /><ent r="7" t="10" w="51" /><ent r="7" t="10" w="51" /><ent r="7" t="18" w="490" /><ent r="7" t="18" w="490" /><ent r="7" t="18" w="1573" /><ent r="7" t="18" w="1573" /><ent r="7" t="20" w="285" /><ent r="7" t="20" w="285" /><ent r="7" t="21" w="279" /><ent r="7" t="21" w="279" /><ent r="7" t="21" w="484" /><ent r="7" t="21" w="484" /><ent r="7" t="22" w="250" /><ent r="7" t="22" w="250" /><ent r="7" t="22" w="537" /><ent r="7" t="22" w="537" /><ent r="7" t="24" w="526" /><ent r="7" t="24" w="526" /><ent r="7" t="27" w="213" /><ent r="7" t="27" w="213" /><ent r="7" t="27" w="1092" /><ent r="7" t="27" w="1092" /><ent r="7" t="29" w="308" /><ent r="7" t="29" w="308" /><ent r="7" t="33" w="258" /><ent r="7" t="33" w="258" /><ent r="7" t="45" w="291" /><ent r="7" t="45" w="291" /><ent r="7" t="55" w="409" /><ent r="7" t="55" w="409" /><ent r="7" t="55" w="1487" /><ent r="7" t="55" w="1487" /><ent r="7" t="62" w="46" /><ent r="7" t="62" w="46" /><ent r="7" t="67" w="252" /><ent r="7" t="67" w="252" /></phr><phr n="description"><ent r="4" t="55" w="378" /><ent r="4" t="55" w="378" /></phr></stem><stem n="escrip"><phr n="Description"><ent r="7" t="2" w="314" /><ent r="7" t="2" w="314" /><ent r="7" t="4" w="220" /><ent r="7" t="4" w="220" /><ent r="7" t="10" w="51" /><ent r="7" t="10" w="51" /><ent r="7" t="18" w="490" /><ent r="7" t="18" w="490" /><ent r="7" t="18" w="1573" /><ent r="7" t="18" w="1573" /><ent r="7" t="20" w="285" /><ent r="7" t="20" w="285" /><ent r="7" t="21" w="279" /><ent r="7" t="21" w="279" /><ent r="7" t="21" w="484" /><ent r="7" t="21" w="484" /><ent r="7" t="22" w="250" /><ent r="7" t="22" w="250" /><ent r="7" t="22" w="537" /><ent r="7" t="22" w="537" /><ent r="7" t="24" w="526" /><ent r="7" t="24" w="526" /><ent r="7" t="27" w="213" /><ent r="7" t="27" w="213" /><ent r="7" t="27" w="1092" /><ent r="7" t="27" w="1092" /><ent r="7" t="29" w="308" /><ent r="7" t="29" w="308" /><ent r="7" t="33" w="258" /><ent r="7" t="33" w="258" /><ent r="7" t="45" w="291" /><ent r="7" t="45" w="291" /><ent r="7" t="55" w="409" /><ent r="7" t="55" w="409" /><ent r="7" t="55" w="1487" /><ent r="7" t="55" w="1487" /><ent r="7" t="62" w="46" /><ent r="7" t="62" w="46" /><ent r="7" t="67" w="252" /><ent r="7" t="67" w="252" /></phr><phr n="description"><ent r="4" t="55" w="378" /><ent r="4" t="55" w="378" /></phr></stem><stem n="script"><phr n="Description"><ent r="7" t="2" w="314" /><ent r="7" t="2" w="314" /><ent r="7" t="4" w="220" /><ent r="7" t="4" w="220" /><ent r="7" t="10" w="51" /><ent r="7" t="10" w="51" /><ent r="7" t="18" w="490" /><ent r="7" t="18" w="490" /><ent r="7" t="18" w="1573" /><ent r="7" t="18" w="1573" /><ent r="7" t="20" w="285" /><ent r="7" t="20" w="285" /><ent r="7" t="21" w="279" /><ent r="7" t="21" w="279" /><ent r="7" t="21" w="484" /><ent r="7" t="21" w="484" /><ent r="7" t="22" w="250" /><ent r="7" t="22" w="250" /><ent r="7" t="22" w="537" /><ent r="7" t="22" w="537" /><ent r="7" t="24" w="526" /><ent r="7" t="24" w="526" /><ent r="7" t="27" w="213" /><ent r="7" t="27" w="213" /><ent r="7" t="27" w="1092" /><ent r="7" t="27" w="1092" /><ent r="7" t="29" w="308" /><ent r="7" t="29" w="308" /><ent r="7" t="33" w="258" /><ent r="7" t="33" w="258" /><ent r="7" t="45" w="291" /><ent r="7" t="45" w="291" /><ent r="7" t="55" w="409" /><ent r="7" t="55" w="409" /><ent r="7" t="55" w="1487" /><ent r="7" t="55" w="1487" /><ent r="7" t="62" w="46" /><ent r="7" t="62" w="46" /><ent r="7" t="67" w="252" /><ent r="7" t="67" w="252" /></phr><phr n="description"><ent r="4" t="55" w="378" /><ent r="4" t="55" w="378" /></phr></stem><stem n="cripti"><phr n="Description"><ent r="7" t="2" w="314" /><ent r="7" t="2" w="314" /><ent r="7" t="4" w="220" /><ent r="7" t="4" w="220" /><ent r="7" t="10" w="51" /><ent r="7" t="10" w="51" /><ent r="7" t="18" w="490" /><ent r="7" t="18" w="490" /><ent r="7" t="18" w="1573" /><ent r="7" t="18" w="1573" /><ent r="7" t="20" w="285" /><ent r="7" t="20" w="285" /><ent r="7" t="21" w="279" /><ent r="7" t="21" w="279" /><ent r="7" t="21" w="484" /><ent r="7" t="21" w="484" /><ent r="7" t="22" w="250" /><ent r="7" t="22" w="250" /><ent r="7" t="22" w="537" /><ent r="7" t="22" w="537" /><ent r="7" t="24" w="526" /><ent r="7" t="24" w="526" /><ent r="7" t="27" w="213" /><ent r="7" t="27" w="213" /><ent r="7" t="27" w="1092" /><ent r="7" t="27" w="1092" /><ent r="7" t="29" w="308" /><ent r="7" t="29" w="308" /><ent r="7" t="33" w="258" /><ent r="7" t="33" w="258" /><ent r="7" t="45" w="291" /><ent r="7" t="45" w="291" /><ent r="7" t="55" w="409" /><ent r="7" t="55" w="409" /><ent r="7" t="55" w="1487" /><ent r="7" t="55" w="1487" /><ent r="7" t="62" w="46" /><ent r="7" t="62" w="46" /><ent r="7" t="67" w="252" /><ent r="7" t="67" w="252" /></phr><phr n="description"><ent r="4" t="55" w="378" /><ent r="4" t="55" w="378" /></phr></stem><stem n="riptio"><phr n="Description"><ent r="7" t="2" w="314" /><ent r="7" t="2" w="314" /><ent r="7" t="4" w="220" /><ent r="7" t="4" w="220" /><ent r="7" t="10" w="51" /><ent r="7" t="10" w="51" /><ent r="7" t="18" w="490" /><ent r="7" t="18" w="490" /><ent r="7" t="18" w="1573" /><ent r="7" t="18" w="1573" /><ent r="7" t="20" w="285" /><ent r="7" t="20" w="285" /><ent r="7" t="21" w="279" /><ent r="7" t="21" w="279" /><ent r="7" t="21" w="484" /><ent r="7" t="21" w="484" /><ent r="7" t="22" w="250" /><ent r="7" t="22" w="250" /><ent r="7" t="22" w="537" /><ent r="7" t="22" w="537" /><ent r="7" t="24" w="526" /><ent r="7" t="24" w="526" /><ent r="7" t="27" w="213" /><ent r="7" t="27" w="213" /><ent r="7" t="27" w="1092" /><ent r="7" t="27" w="1092" /><ent r="7" t="29" w="308" /><ent r="7" t="29" w="308" /><ent r="7" t="33" w="258" /><ent r="7" t="33" w="258" /><ent r="7" t="45" w="291" /><ent r="7" t="45" w="291" /><ent r="7" t="55" w="409" /><ent r="7" t="55" w="409" /><ent r="7" t="55" w="1487" /><ent r="7" t="55" w="1487" /><ent r="7" t="62" w="46" /><ent r="7" t="62" w="46" /><ent r="7" t="67" w="252" /><ent r="7" t="67" w="252" /></phr><phr n="description"><ent r="4" t="55" w="378" /><ent r="4" t="55" w="378" /></phr></stem><stem n="iption"><phr n="Description"><ent r="7" t="2" w="314" /><ent r="7" t="2" w="314" /><ent r="7" t="4" w="220" /><ent r="7" t="4" w="220" /><ent r="7" t="10" w="51" /><ent r="7" t="10" w="51" /><ent r="7" t="18" w="490" /><ent r="7" t="18" w="490" /><ent r="7" t="18" w="1573" /><ent r="7" t="18" w="1573" /><ent r="7" t="20" w="285" /><ent r="7" t="20" w="285" /><ent r="7" t="21" w="279" /><ent r="7" t="21" w="279" /><ent r="7" t="21" w="484" /><ent r="7" t="21" w="484" /><ent r="7" t="22" w="250" /><ent r="7" t="22" w="250" /><ent r="7" t="22" w="537" /><ent r="7" t="22" w="537" /><ent r="7" t="24" w="526" /><ent r="7" t="24" w="526" /><ent r="7" t="27" w="213" /><ent r="7" t="27" w="213" /><ent r="7" t="27" w="1092" /><ent r="7" t="27" w="1092" /><ent r="7" t="29" w="308" /><ent r="7" t="29" w="308" /><ent r="7" t="33" w="258" /><ent r="7" t="33" w="258" /><ent r="7" t="45" w="291" /><ent r="7" t="45" w="291" /><ent r="7" t="55" w="409" /><ent r="7" t="55" w="409" /><ent r="7" t="55" w="1487" /><ent r="7" t="55" w="1487" /><ent r="7" t="62" w="46" /><ent r="7" t="62" w="46" /><ent r="7" t="67" w="252" /><ent r="7" t="67" w="252" /></phr><phr n="description"><ent r="4" t="55" w="378" /><ent r="4" t="55" w="378" /></phr></stem><stem n="descrip"><phr n="Description"><ent r="7" t="2" w="314" /><ent r="7" t="2" w="314" /><ent r="7" t="4" w="220" /><ent r="7" t="4" w="220" /><ent r="7" t="10" w="51" /><ent r="7" t="10" w="51" /><ent r="7" t="18" w="490" /><ent r="7" t="18" w="490" /><ent r="7" t="18" w="1573" /><ent r="7" t="18" w="1573" /><ent r="7" t="20" w="285" /><ent r="7" t="20" w="285" /><ent r="7" t="21" w="279" /><ent r="7" t="21" w="279" /><ent r="7" t="21" w="484" /><ent r="7" t="21" w="484" /><ent r="7" t="22" w="250" /><ent r="7" t="22" w="250" /><ent r="7" t="22" w="537" /><ent r="7" t="22" w="537" /><ent r="7" t="24" w="526" /><ent r="7" t="24" w="526" /><ent r="7" t="27" w="213" /><ent r="7" t="27" w="213" /><ent r="7" t="27" w="1092" /><ent r="7" t="27" w="1092" /><ent r="7" t="29" w="308" /><ent r="7" t="29" w="308" /><ent r="7" t="33" w="258" /><ent r="7" t="33" w="258" /><ent r="7" t="45" w="291" /><ent r="7" t="45" w="291" /><ent r="7" t="55" w="409" /><ent r="7" t="55" w="409" /><ent r="7" t="55" w="1487" /><ent r="7" t="55" w="1487" /><ent r="7" t="62" w="46" /><ent r="7" t="62" w="46" /><ent r="7" t="67" w="252" /><ent r="7" t="67" w="252" /></phr><phr n="description"><ent r="4" t="55" w="378" /><ent r="4" t="55" w="378" /></phr></stem><stem n="escript"><phr n="Description"><ent r="7" t="2" w="314" /><ent r="7" t="2" w="314" /><ent r="7" t="4" w="220" /><ent r="7" t="4" w="220" /><ent r="7" t="10" w="51" /><ent r="7" t="10" w="51" /><ent r="7" t="18" w="490" /><ent r="7" t="18" w="490" /><ent r="7" t="18" w="1573" /><ent r="7" t="18" w="1573" /><ent r="7" t="20" w="285" /><ent r="7" t="20" w="285" /><ent r="7" t="21" w="279" /><ent r="7" t="21" w="279" /><ent r="7" t="21" w="484" /><ent r="7" t="21" w="484" /><ent r="7" t="22" w="250" /><ent r="7" t="22" w="250" /><ent r="7" t="22" w="537" /><ent r="7" t="22" w="537" /><ent r="7" t="24" w="526" /><ent r="7" t="24" w="526" /><ent r="7" t="27" w="213" /><ent r="7" t="27" w="213" /><ent r="7" t="27" w="1092" /><ent r="7" t="27" w="1092" /><ent r="7" t="29" w="308" /><ent r="7" t="29" w="308" /><ent r="7" t="33" w="258" /><ent r="7" t="33" w="258" /><ent r="7" t="45" w="291" /><ent r="7" t="45" w="291" /><ent r="7" t="55" w="409" /><ent r="7" t="55" w="409" /><ent r="7" t="55" w="1487" /><ent r="7" t="55" w="1487" /><ent r="7" t="62" w="46" /><ent r="7" t="62" w="46" /><ent r="7" t="67" w="252" /><ent r="7" t="67" w="252" /></phr><phr n="description"><ent r="4" t="55" w="378" /><ent r="4" t="55" w="378" /></phr></stem><stem n="scripti"><phr n="Description"><ent r="7" t="2" w="314" /><ent r="7" t="2" w="314" /><ent r="7" t="4" w="220" /><ent r="7" t="4" w="220" /><ent r="7" t="10" w="51" /><ent r="7" t="10" w="51" /><ent r="7" t="18" w="490" /><ent r="7" t="18" w="490" /><ent r="7" t="18" w="1573" /><ent r="7" t="18" w="1573" /><ent r="7" t="20" w="285" /><ent r="7" t="20" w="285" /><ent r="7" t="21" w="279" /><ent r="7" t="21" w="279" /><ent r="7" t="21" w="484" /><ent r="7" t="21" w="484" /><ent r="7" t="22" w="250" /><ent r="7" t="22" w="250" /><ent r="7" t="22" w="537" /><ent r="7" t="22" w="537" /><ent r="7" t="24" w="526" /><ent r="7" t="24" w="526" /><ent r="7" t="27" w="213" /><ent r="7" t="27" w="213" /><ent r="7" t="27" w="1092" /><ent r="7" t="27" w="1092" /><ent r="7" t="29" w="308" /><ent r="7" t="29" w="308" /><ent r="7" t="33" w="258" /><ent r="7" t="33" w="258" /><ent r="7" t="45" w="291" /><ent r="7" t="45" w="291" /><ent r="7" t="55" w="409" /><ent r="7" t="55" w="409" /><ent r="7" t="55" w="1487" /><ent r="7" t="55" w="1487" /><ent r="7" t="62" w="46" /><ent r="7" t="62" w="46" /><ent r="7" t="67" w="252" /><ent r="7" t="67" w="252" /></phr><phr n="description"><ent r="4" t="55" w="378" /><ent r="4" t="55" w="378" /></phr></stem><stem n="criptio"><phr n="Description"><ent r="7" t="2" w="314" /><ent r="7" t="2" w="314" /><ent r="7" t="4" w="220" /><ent r="7" t="4" w="220" /><ent r="7" t="10" w="51" /><ent r="7" t="10" w="51" /><ent r="7" t="18" w="490" /><ent r="7" t="18" w="490" /><ent r="7" t="18" w="1573" /><ent r="7" t="18" w="1573" /><ent r="7" t="20" w="285" /><ent r="7" t="20" w="285" /><ent r="7" t="21" w="279" /><ent r="7" t="21" w="279" /><ent r="7" t="21" w="484" /><ent r="7" t="21" w="484" /><ent r="7" t="22" w="250" /><ent r="7" t="22" w="250" /><ent r="7" t="22" w="537" /><ent r="7" t="22" w="537" /><ent r="7" t="24" w="526" /><ent r="7" t="24" w="526" /><ent r="7" t="27" w="213" /><ent r="7" t="27" w="213" /><ent r="7" t="27" w="1092" /><ent r="7" t="27" w="1092" /><ent r="7" t="29" w="308" /><ent r="7" t="29" w="308" /><ent r="7" t="33" w="258" /><ent r="7" t="33" w="258" /><ent r="7" t="45" w="291" /><ent r="7" t="45" w="291" /><ent r="7" t="55" w="409" /><ent r="7" t="55" w="409" /><ent r="7" t="55" w="1487" /><ent r="7" t="55" w="1487" /><ent r="7" t="62" w="46" /><ent r="7" t="62" w="46" /><ent r="7" t="67" w="252" /><ent r="7" t="67" w="252" /></phr><phr n="description"><ent r="4" t="55" w="378" /><ent r="4" t="55" w="378" /></phr></stem><stem n="ription"><phr n="Description"><ent r="7" t="2" w="314" /><ent r="7" t="2" w="314" /><ent r="7" t="4" w="220" /><ent r="7" t="4" w="220" /><ent r="7" t="10" w="51" /><ent r="7" t="10" w="51" /><ent r="7" t="18" w="490" /><ent r="7" t="18" w="490" /><ent r="7" t="18" w="1573" /><ent r="7" t="18" w="1573" /><ent r="7" t="20" w="285" /><ent r="7" t="20" w="285" /><ent r="7" t="21" w="279" /><ent r="7" t="21" w="279" /><ent r="7" t="21" w="484" /><ent r="7" t="21" w="484" /><ent r="7" t="22" w="250" /><ent r="7" t="22" w="250" /><ent r="7" t="22" w="537" /><ent r="7" t="22" w="537" /><ent r="7" t="24" w="526" /><ent r="7" t="24" w="526" /><ent r="7" t="27" w="213" /><ent r="7" t="27" w="213" /><ent r="7" t="27" w="1092" /><ent r="7" t="27" w="1092" /><ent r="7" t="29" w="308" /><ent r="7" t="29" w="308" /><ent r="7" t="33" w="258" /><ent r="7" t="33" w="258" /><ent r="7" t="45" w="291" /><ent r="7" t="45" w="291" /><ent r="7" t="55" w="409" /><ent r="7" t="55" w="409" /><ent r="7" t="55" w="1487" /><ent r="7" t="55" w="1487" /><ent r="7" t="62" w="46" /><ent r="7" t="62" w="46" /><ent r="7" t="67" w="252" /><ent r="7" t="67" w="252" /></phr><phr n="description"><ent r="4" t="55" w="378" /><ent r="4" t="55" w="378" /></phr></stem><stem n="escripti"><phr n="Description"><ent r="7" t="2" w="314" /><ent r="7" t="2" w="314" /><ent r="7" t="4" w="220" /><ent r="7" t="4" w="220" /><ent r="7" t="10" w="51" /><ent r="7" t="10" w="51" /><ent r="7" t="18" w="490" /><ent r="7" t="18" w="490" /><ent r="7" t="18" w="1573" /><ent r="7" t="18" w="1573" /><ent r="7" t="20" w="285" /><ent r="7" t="20" w="285" /><ent r="7" t="21" w="279" /><ent r="7" t="21" w="279" /><ent r="7" t="21" w="484" /><ent r="7" t="21" w="484" /><ent r="7" t="22" w="250" /><ent r="7" t="22" w="250" /><ent r="7" t="22" w="537" /><ent r="7" t="22" w="537" /><ent r="7" t="24" w="526" /><ent r="7" t="24" w="526" /><ent r="7" t="27" w="213" /><ent r="7" t="27" w="213" /><ent r="7" t="27" w="1092" /><ent r="7" t="27" w="1092" /><ent r="7" t="29" w="308" /><ent r="7" t="29" w="308" /><ent r="7" t="33" w="258" /><ent r="7" t="33" w="258" /><ent r="7" t="45" w="291" /><ent r="7" t="45" w="291" /><ent r="7" t="55" w="409" /><ent r="7" t="55" w="409" /><ent r="7" t="55" w="1487" /><ent r="7" t="55" w="1487" /><ent r="7" t="62" w="46" /><ent r="7" t="62" w="46" /><ent r="7" t="67" w="252" /><ent r="7" t="67" w="252" /></phr><phr n="description"><ent r="4" t="55" w="378" /><ent r="4" t="55" w="378" /></phr></stem><stem n="scriptio"><phr n="Description"><ent r="7" t="2" w="314" /><ent r="7" t="2" w="314" /><ent r="7" t="4" w="220" /><ent r="7" t="4" w="220" /><ent r="7" t="10" w="51" /><ent r="7" t="10" w="51" /><ent r="7" t="18" w="490" /><ent r="7" t="18" w="490" /><ent r="7" t="18" w="1573" /><ent r="7" t="18" w="1573" /><ent r="7" t="20" w="285" /><ent r="7" t="20" w="285" /><ent r="7" t="21" w="279" /><ent r="7" t="21" w="279" /><ent r="7" t="21" w="484" /><ent r="7" t="21" w="484" /><ent r="7" t="22" w="250" /><ent r="7" t="22" w="250" /><ent r="7" t="22" w="537" /><ent r="7" t="22" w="537" /><ent r="7" t="24" w="526" /><ent r="7" t="24" w="526" /><ent r="7" t="27" w="213" /><ent r="7" t="27" w="213" /><ent r="7" t="27" w="1092" /><ent r="7" t="27" w="1092" /><ent r="7" t="29" w="308" /><ent r="7" t="29" w="308" /><ent r="7" t="33" w="258" /><ent r="7" t="33" w="258" /><ent r="7" t="45" w="291" /><ent r="7" t="45" w="291" /><ent r="7" t="55" w="409" /><ent r="7" t="55" w="409" /><ent r="7" t="55" w="1487" /><ent r="7" t="55" w="1487" /><ent r="7" t="62" w="46" /><ent r="7" t="62" w="46" /><ent r="7" t="67" w="252" /><ent r="7" t="67" w="252" /></phr><phr n="description"><ent r="4" t="55" w="378" /><ent r="4" t="55" w="378" /></phr></stem><stem n="cription"><phr n="Description"><ent r="7" t="2" w="314" /><ent r="7" t="2" w="314" /><ent r="7" t="4" w="220" /><ent r="7" t="4" w="220" /><ent r="7" t="10" w="51" /><ent r="7" t="10" w="51" /><ent r="7" t="18" w="490" /><ent r="7" t="18" w="490" /><ent r="7" t="18" w="1573" /><ent r="7" t="18" w="1573" /><ent r="7" t="20" w="285" /><ent r="7" t="20" w="285" /><ent r="7" t="21" w="279" /><ent r="7" t="21" w="279" /><ent r="7" t="21" w="484" /><ent r="7" t="21" w="484" /><ent r="7" t="22" w="250" /><ent r="7" t="22" w="250" /><ent r="7" t="22" w="537" /><ent r="7" t="22" w="537" /><ent r="7" t="24" w="526" /><ent r="7" t="24" w="526" /><ent r="7" t="27" w="213" /><ent r="7" t="27" w="213" /><ent r="7" t="27" w="1092" /><ent r="7" t="27" w="1092" /><ent r="7" t="29" w="308" /><ent r="7" t="29" w="308" /><ent r="7" t="33" w="258" /><ent r="7" t="33" w="258" /><ent r="7" t="45" w="291" /><ent r="7" t="45" w="291" /><ent r="7" t="55" w="409" /><ent r="7" t="55" w="409" /><ent r="7" t="55" w="1487" /><ent r="7" t="55" w="1487" /><ent r="7" t="62" w="46" /><ent r="7" t="62" w="46" /><ent r="7" t="67" w="252" /><ent r="7" t="67" w="252" /></phr><phr n="description"><ent r="4" t="55" w="378" /><ent r="4" t="55" w="378" /></phr></stem><stem n="descripti"><phr n="Description"><ent r="7" t="2" w="314" /><ent r="7" t="2" w="314" /><ent r="7" t="4" w="220" /><ent r="7" t="4" w="220" /><ent r="7" t="10" w="51" /><ent r="7" t="10" w="51" /><ent r="7" t="18" w="490" /><ent r="7" t="18" w="490" /><ent r="7" t="18" w="1573" /><ent r="7" t="18" w="1573" /><ent r="7" t="20" w="285" /><ent r="7" t="20" w="285" /><ent r="7" t="21" w="279" /><ent r="7" t="21" w="279" /><ent r="7" t="21" w="484" /><ent r="7" t="21" w="484" /><ent r="7" t="22" w="250" /><ent r="7" t="22" w="250" /><ent r="7" t="22" w="537" /><ent r="7" t="22" w="537" /><ent r="7" t="24" w="526" /><ent r="7" t="24" w="526" /><ent r="7" t="27" w="213" /><ent r="7" t="27" w="213" /><ent r="7" t="27" w="1092" /><ent r="7" t="27" w="1092" /><ent r="7" t="29" w="308" /><ent r="7" t="29" w="308" /><ent r="7" t="33" w="258" /><ent r="7" t="33" w="258" /><ent r="7" t="45" w="291" /><ent r="7" t="45" w="291" /><ent r="7" t="55" w="409" /><ent r="7" t="55" w="409" /><ent r="7" t="55" w="1487" /><ent r="7" t="55" w="1487" /><ent r="7" t="62" w="46" /><ent r="7" t="62" w="46" /><ent r="7" t="67" w="252" /><ent r="7" t="67" w="252" /></phr><phr n="description"><ent r="4" t="55" w="378" /><ent r="4" t="55" w="378" /></phr></stem></index>