<?xml version="1.0" encoding="utf-8"?><index><stem n=".layer7tech.com"><phr n=".layer7tech.com"><ent r="64" t="1" w="86" /><ent r="6" t="61" w="136" /></phr></stem><stem n="www.layer7tech.com"><phr n="www.layer7tech.com"><ent r="64" t="1" w="86" /><ent r="64" t="1" w="84" /><ent r="6" t="23" w="644" /><ent r="6" t="23" w="642" /><ent r="6" t="61" w="136" /><ent r="6" t="61" w="134" /><ent r="3" t="67" w="372" /><ent r="3" t="67" w="370" /></phr></stem><stem n="com"><phr n="com"><ent r="64" t="1" w="86" /><ent r="4" t="18" w="114" /><ent r="3" t="18" w="208" /><ent r="4" t="18" w="305" /><ent r="4" t="18" w="311" /><ent r="4" t="20" w="171" /><ent r="4" t="21" w="190" /><ent r="4" t="22" w="161" /><ent r="6" t="23" w="355" /><ent r="6" t="23" w="451" /><ent r="6" t="23" w="644" /><ent r="8" t="24" w="545" /><ent r="5" t="27" w="120" /><ent r="8" t="29" w="348" /><ent r="7" t="29" w="387" /><ent r="3" t="40" w="608" /><ent r="3" t="40" w="649" /><ent r="4" t="40" w="896" /><ent r="4" t="40" w="941" /><ent r="7" t="55" w="1357" /><ent r="8" t="59" w="204" /><ent r="6" t="61" w="59" /><ent r="6" t="61" w="136" /><ent r="6" t="61" w="142" /><ent r="8" t="62" w="48" /><ent r="8" t="62" w="79" /><ent r="8" t="62" w="106" /><ent r="8" t="62" w="133" /><ent r="8" t="62" w="165" /><ent r="8" t="62" w="198" /><ent r="8" t="62" w="220" /><ent r="8" t="62" w="252" /><ent r="8" t="62" w="281" /><ent r="8" t="62" w="339" /><ent r="8" t="62" w="349" /><ent r="8" t="62" w="359" /><ent r="8" t="62" w="417" /><ent r="7" t="62" w="443" /><ent r="8" t="62" w="493" /><ent r="8" t="62" w="539" /><ent r="8" t="62" w="569" /><ent r="8" t="62" w="600" /><ent r="8" t="62" w="623" /><ent r="4" t="66" w="203" /><ent r="3" t="67" w="372" /></phr></stem><stem n="list"><phr n="list"><ent r="3" t="1" w="90" /><ent r="6" t="2" w="359" /><ent r="6" t="2" w="370" /><ent r="3" t="4" w="141" /><ent r="4" t="8" w="327" /><ent r="4" t="8" w="415" /><ent r="3" t="10" w="23" /><ent r="4" t="10" w="369" /><ent r="3" t="14" w="90" /><ent r="4" t="16" w="360" /><ent r="6" t="18" w="1841" /><ent r="6" t="18" w="1879" /><ent r="7" t="18" w="1917" /><ent r="7" t="18" w="1936" /><ent r="7" t="18" w="2005" /><ent r="7" t="18" w="2031" /><ent r="7" t="18" w="2043" /><ent r="4" t="18" w="2350" /><ent r="3" t="18" w="2482" /><ent r="4" t="20" w="116" /><ent r="6" t="20" w="400" /><ent r="6" t="20" w="438" /><ent r="7" t="20" w="476" /><ent r="7" t="20" w="495" /><ent r="7" t="20" w="564" /><ent r="7" t="20" w="590" /><ent r="7" t="20" w="602" /><ent r="4" t="20" w="803" /><ent r="3" t="20" w="935" /><ent r="6" t="21" w="600" /><ent r="6" t="21" w="638" /><ent r="7" t="21" w="676" /><ent r="7" t="21" w="695" /><ent r="7" t="21" w="764" /><ent r="7" t="21" w="790" /><ent r="7" t="21" w="802" /><ent r="4" t="21" w="1005" /><ent r="3" t="21" w="1137" /><ent r="6" t="22" w="367" /><ent r="6" t="22" w="653" /><ent r="6" t="22" w="691" /><ent r="7" t="22" w="729" /><ent r="7" t="22" w="748" /><ent r="7" t="22" w="817" /><ent r="7" t="22" w="843" /><ent r="7" t="22" w="855" /><ent r="4" t="22" w="1060" /><ent r="3" t="22" w="1192" /><ent r="4" t="23" w="146" /><ent r="7" t="24" w="726" /><ent r="6" t="27" w="1311" /><ent r="6" t="27" w="1346" /><ent r="7" t="27" w="1384" /><ent r="7" t="27" w="1403" /><ent r="7" t="27" w="1472" /><ent r="7" t="27" w="1498" /><ent r="7" t="27" w="1510" /><ent r="4" t="27" w="1672" /><ent r="3" t="27" w="1762" /><ent r="4" t="32" w="128" /><ent r="7" t="33" w="443" /><ent r="4" t="35" w="188" /><ent r="4" t="36" w="65" /><ent r="4" t="44" w="59" /><ent r="6" t="45" w="478" /><ent r="6" t="55" w="1506" /><ent r="6" t="55" w="1522" /><ent r="6" t="55" w="1539" /></phr><phr n="List"><ent r="82" t="4" w="137" /><ent r="3" t="4" w="157" /><ent r="5" t="7" w="337" /><ent r="3" t="10" w="214" /><ent r="3" t="12" w="225" /><ent r="3" t="12" w="271" /><ent r="3" t="14" w="211" /><ent r="4" t="15" w="174" /><ent r="4" t="42" w="1039" /><ent r="3" t="42" w="1811" /><ent r="4" t="42" w="2100" /><ent r="6" t="58" w="253" /></phr><phr n="listed"><ent r="3" t="16" w="210" /><ent r="4" t="18" w="2370" /><ent r="4" t="20" w="823" /><ent r="4" t="21" w="1025" /><ent r="4" t="22" w="1080" /><ent r="3" t="30" w="61" /><ent r="4" t="31" w="188" /><ent r="4" t="32" w="106" /><ent r="4" t="33" w="219" /><ent r="4" t="34" w="154" /><ent r="4" t="63" w="107" /><ent r="4" t="64" w="97" /></phr><phr n="lists"><ent r="3" t="23" w="223" /><ent r="3" t="69" w="35" /></phr><phr n="Lists"><ent r="7" t="29" w="313" /><ent r="6" t="45" w="296" /></phr></stem><stem n="suit"><phr n="suite"><ent r="3" t="1" w="100" /></phr></stem><stem n="addit"><phr n="Additional"><ent r="3" t="1" w="102" /><ent r="4" t="18" w="2300" /><ent r="64" t="18" w="2331" /><ent r="4" t="20" w="753" /><ent r="64" t="20" w="784" /><ent r="4" t="21" w="955" /><ent r="64" t="21" w="986" /><ent r="4" t="22" w="1010" /><ent r="64" t="22" w="1041" /><ent r="1000" t="23" w="2" /><ent r="100" t="23" w="9" /><ent r="102" t="23" w="26" /><ent r="5" t="23" w="115" /><ent r="92" t="23" w="217" /><ent r="4" t="27" w="1571" /><ent r="8" t="51" w="476" /><ent r="3" t="51" w="819" /><ent r="3" t="51" w="874" /><ent r="3" t="51" w="1154" /></phr><phr n="additional"><ent r="4" t="3" w="410" /><ent r="3" t="5" w="152" /><ent r="4" t="6" w="58" /><ent r="5" t="7" w="412" /><ent r="3" t="18" w="2435" /><ent r="3" t="20" w="888" /><ent r="3" t="21" w="1090" /><ent r="3" t="22" w="1145" /><ent r="100" t="23" w="22" /><ent r="3" t="23" w="43" /><ent r="3" t="23" w="70" /><ent r="3" t="23" w="225" /><ent r="5" t="23" w="231" /><ent r="4" t="27" w="1522" /><ent r="6" t="45" w="464" /><ent r="4" t="49" w="482" /><ent r="6" t="50" w="495" /><ent r="6" t="51" w="515" /><ent r="3" t="55" w="304" /><ent r="4" t="55" w="1603" /><ent r="4" t="55" w="1709" /></phr></stem><stem n="tool"><phr n="tool"><ent r="3" t="1" w="106" /></phr><phr n="Tool"><ent r="82" t="4" w="124" /><ent r="5" t="7" w="359" /><ent r="4" t="11" w="56" /><ent r="4" t="12" w="60" /><ent r="4" t="14" w="186" /><ent r="4" t="15" w="99" /><ent r="4" t="16" w="247" /><ent r="4" t="35" w="199" /><ent r="4" t="36" w="76" /><ent r="4" t="42" w="1056" /><ent r="4" t="42" w="2109" /><ent r="4" t="55" w="1725" /></phr></stem><stem n="kit"><phr n="kits"><ent r="3" t="1" w="107" /></phr></stem><stem n="referenc"><phr n="referenced"><ent r="3" t="1" w="109" /><ent r="3" t="29" w="828" /></phr></stem><stem n="featur"><phr n="feature"><ent r="3" t="1" w="113" /><ent r="3" t="47" w="255" /></phr><phr n="Features"><ent r="4" t="1" w="246" /></phr><phr n="features"><ent r="3" t="2" w="70" /><ent r="3" t="4" w="79" /><ent r="3" t="4" w="134" /><ent r="8" t="18" w="1316" /><ent r="3" t="42" w="87" /><ent r="3" t="45" w="277" /></phr></stem><stem n="function"><phr n="function"><ent r="3" t="1" w="115" /><ent r="6" t="2" w="468" /><ent r="3" t="28" w="47" /></phr><phr n="functions"><ent r="3" t="3" w="102" /><ent r="3" t="4" w="80" /></phr><phr n="functionality"><ent r="4" t="6" w="42" /></phr><phr n="functional"><ent r="3" t="48" w="109" /></phr></stem><stem n="deploy"><phr n="Deployment"><ent r="3" t="1" w="119" /></phr><phr n="deployment"><ent r="3" t="5" w="104" /><ent r="3" t="25" w="52" /></phr></stem><stem n="architectur"><phr n="Architecture"><ent r="3" t="1" w="120" /></phr><phr n="architectures"><ent r="3" t="48" w="323" /></phr></stem><stem n=":overview"><phr n=":overview"><ent r="100" t="1" w="124" /><ent r="100" t="1" w="285" /><ent r="100" t="1" w="402" /><ent r="100" t="3" w="11" /></phr></stem><stem n="-optim"><phr n="-optimized"><ent r="3" t="1" w="136" /><ent r="3" t="1" w="136" /></phr></stem><stem n="policy-optim"><phr n="policy-optimized"><ent r="3" t="1" w="136" /></phr></stem><stem n="optim"><phr n="optimized"><ent r="3" t="1" w="137" /></phr></stem><stem n="-acceler"><phr n="-accelerated"><ent r="3" t="1" w="139" /><ent r="3" t="1" w="139" /><ent r="4" t="1" w="195" /><ent r="4" t="1" w="195" /><ent r="4" t="1" w="205" /><ent r="4" t="1" w="205" /></phr></stem><stem n="asic"><phr n="ASIC"><ent r="3" t="1" w="139" /><ent r="4" t="1" w="195" /><ent r="4" t="1" w="205" /></phr></stem><stem n="asic-acceler"><phr n="ASIC-accelerated"><ent r="3" t="1" w="139" /><ent r="4" t="1" w="195" /><ent r="4" t="1" w="205" /></phr></stem><stem n="acceler"><phr n="accelerated"><ent r="3" t="1" w="140" /><ent r="4" t="1" w="196" /><ent r="4" t="1" w="206" /></phr></stem><stem n="firewal"><phr n="Firewall"><ent r="3" t="1" w="142" /></phr><phr n="firewall"><ent r="3" t="9" w="193" /></phr></stem><stem n="control"><phr n="controls"><ent r="3" t="1" w="150" /><ent r="3" t="4" w="208" /></phr><phr n="control"><ent r="3" t="3" w="169" /><ent r="3" t="3" w="277" /><ent r="3" t="4" w="342" /><ent r="6" t="18" w="1121" /><ent r="6" t="18" w="1250" /><ent r="6" t="27" w="882" /><ent r="6" t="27" w="1011" /><ent r="3" t="62" w="12" /></phr><phr n="Controls"><ent r="6" t="23" w="502" /></phr><phr n="Control"><ent r="4" t="42" w="1146" /></phr><phr n="Controlling"><ent r="3" t="48" w="38" /></phr></stem><stem n="how"><phr n="how"><ent r="3" t="1" w="151" /><ent r="4" t="16" w="91" /><ent r="7" t="18" w="1166" /><ent r="7" t="18" w="1293" /><ent r="6" t="23" w="503" /><ent r="7" t="27" w="927" /><ent r="3" t="32" w="42" /><ent r="3" t="32" w="509" /><ent r="3" t="42" w="68" /><ent r="3" t="47" w="678" /><ent r="3" t="50" w="76" /><ent r="3" t="51" w="100" /><ent r="3" t="51" w="682" /><ent r="3" t="67" w="31" /><ent r="3" t="68" w="30" /></phr></stem><stem n="share"><phr n="shared"><ent r="3" t="1" w="152" /><ent r="3" t="43" w="42" /><ent r="6" t="50" w="543" /><ent r="6" t="50" w="585" /><ent r="6" t="51" w="665" /><ent r="3" t="55" w="111" /><ent r="4" t="55" w="141" /><ent r="4" t="55" w="1468" /><ent r="5" t="55" w="1486" /><ent r="5" t="58" w="137" /><ent r="7" t="58" w="292" /><ent r="7" t="58" w="296" /><ent r="7" t="58" w="348" /><ent r="6" t="58" w="465" /><ent r="6" t="59" w="255" /><ent r="3" t="60" w="133" /><ent r="3" t="60" w="141" /><ent r="3" t="60" w="184" /><ent r="3" t="60" w="219" /><ent r="3" t="60" w="240" /><ent r="3" t="60" w="273" /></phr><phr n="Shared"><ent r="7" t="43" w="440" /><ent r="67" t="50" w="590" /><ent r="67" t="51" w="670" /><ent r="67" t="58" w="470" /><ent r="67" t="59" w="260" /><ent r="1000" t="60" w="2" /><ent r="100" t="60" w="6" /><ent r="100" t="60" w="11" /><ent r="102" t="60" w="16" /></phr><phr n="share"><ent r="3" t="48" w="311" /></phr></stem><stem n="access"><phr n="accessed"><ent r="3" t="1" w="156" /><ent r="3" t="2" w="136" /><ent r="3" t="4" w="90" /><ent r="3" t="9" w="93" /></phr><phr n="Accessing"><ent r="64" t="2" w="99" /><ent r="92" t="2" w="110" /></phr><phr n="access"><ent r="3" t="2" w="192" /><ent r="3" t="6" w="123" /><ent r="3" t="7" w="141" /><ent r="4" t="7" w="298" /><ent r="3" t="7" w="470" /><ent r="3" t="8" w="181" /><ent r="3" t="9" w="113" /><ent r="3" t="17" w="124" /><ent r="3" t="17" w="212" /><ent r="6" t="18" w="742" /><ent r="6" t="18" w="905" /><ent r="8" t="18" w="1381" /><ent r="3" t="26" w="49" /><ent r="6" t="27" w="487" /><ent r="6" t="27" w="663" /><ent r="3" t="40" w="470" /><ent r="3" t="42" w="595" /><ent r="3" t="42" w="685" /><ent r="3" t="42" w="789" /><ent r="3" t="47" w="588" /><ent r="3" t="48" w="39" /><ent r="3" t="48" w="66" /><ent r="3" t="48" w="188" /><ent r="3" t="54" w="288" /><ent r="3" t="56" w="203" /><ent r="4" t="57" w="63" /><ent r="3" t="69" w="90" /><ent r="3" t="69" w="146" /><ent r="3" t="69" w="274" /></phr><phr n="accessing"><ent r="3" t="5" w="125" /></phr><phr n="accessible"><ent r="3" t="7" w="228" /><ent r="3" t="7" w="540" /><ent r="3" t="40" w="230" /><ent r="3" t="40" w="259" /></phr><phr n="Access"><ent r="3" t="18" w="2283" /><ent r="3" t="20" w="736" /><ent r="3" t="21" w="938" /><ent r="3" t="22" w="993" /><ent r="3" t="27" w="1557" /><ent r="4" t="42" w="1145" /><ent r="7" t="43" w="277" /><ent r="4" t="59" w="87" /></phr></stem><stem n="extern"><phr n="external"><ent r="3" t="1" w="161" /><ent r="3" t="2" w="254" /><ent r="3" t="17" w="178" /></phr></stem><stem n="accord"><phr n="accordance"><ent r="3" t="1" w="164" /><ent r="3" t="52" w="184" /><ent r="3" t="66" w="44" /></phr><phr n="according"><ent r="3" t="28" w="87" /><ent r="4" t="29" w="1088" /><ent r="4" t="29" w="1189" /><ent r="3" t="37" w="40" /><ent r="3" t="37" w="138" /><ent r="3" t="37" w="312" /><ent r="4" t="38" w="139" /><ent r="4" t="38" w="185" /><ent r="3" t="40" w="985" /><ent r="3" t="40" w="1157" /><ent r="6" t="45" w="377" /></phr></stem><stem n="custom"><phr n="customer"><ent r="3" t="1" w="166" /></phr><phr n="custom"><ent r="6" t="18" w="1587" /><ent r="6" t="18" w="1606" /><ent r="7" t="18" w="1612" /><ent r="6" t="18" w="1637" /><ent r="8" t="18" w="1653" /><ent r="7" t="18" w="1676" /><ent r="8" t="18" w="1711" /><ent r="6" t="18" w="1764" /><ent r="3" t="18" w="2287" /><ent r="6" t="20" w="323" /><ent r="3" t="20" w="740" /><ent r="6" t="21" w="523" /><ent r="3" t="21" w="942" /><ent r="6" t="22" w="576" /><ent r="3" t="22" w="997" /><ent r="6" t="27" w="1110" /><ent r="6" t="27" w="1126" /><ent r="7" t="27" w="1132" /><ent r="6" t="27" w="1157" /><ent r="8" t="27" w="1173" /><ent r="7" t="27" w="1196" /><ent r="8" t="27" w="1231" /><ent r="3" t="27" w="1561" /></phr><phr n="Custom"><ent r="6" t="18" w="1754" /><ent r="6" t="20" w="313" /><ent r="6" t="21" w="513" /><ent r="6" t="22" w="566" /></phr><phr n="customized"><ent r="3" t="67" w="103" /><ent r="3" t="67" w="154" /></phr></stem><stem n="need"><phr n="needs"><ent r="3" t="1" w="167" /><ent r="9" t="55" w="1110" /><ent r="3" t="67" w="110" /></phr><phr n="need"><ent r="4" t="18" w="231" /><ent r="6" t="18" w="1601" /><ent r="3" t="24" w="99" /><ent r="7" t="24" w="643" /><ent r="3" t="25" w="912" /><ent r="6" t="27" w="1121" /><ent r="3" t="28" w="290" /><ent r="3" t="42" w="263" /><ent r="3" t="42" w="1127" /><ent r="3" t="42" w="1930" /><ent r="6" t="47" w="115" /><ent r="6" t="47" w="159" /><ent r="4" t="49" w="371" /><ent r="3" t="51" w="40" /><ent r="5" t="63" w="67" /><ent r="5" t="64" w="65" /><ent r="5" t="65" w="136" /><ent r="4" t="66" w="149" /></phr><phr n="needing"><ent r="3" t="47" w="59" /></phr></stem><stem n="deliv"><phr n="delivered"><ent r="3" t="1" w="171" /><ent r="3" t="67" w="81" /></phr></stem><stem n="on"><phr n="one"><ent r="3" t="1" w="173" /><ent r="3" t="2" w="138" /><ent r="3" t="7" w="669" /><ent r="3" t="9" w="46" /><ent r="3" t="9" w="116" /><ent r="4" t="10" w="341" /><ent r="3" t="12" w="292" /><ent r="4" t="16" w="348" /><ent r="3" t="21" w="60" /><ent r="6" t="24" w="597" /><ent r="3" t="27" w="50" /><ent r="3" t="29" w="43" /><ent r="4" t="29" w="1072" /><ent r="3" t="32" w="225" /><ent r="5" t="32" w="405" /><ent r="5" t="32" w="443" /><ent r="5" t="32" w="664" /><ent r="3" t="33" w="129" /><ent r="7" t="33" w="264" /><ent r="7" t="33" w="324" /><ent r="4" t="34" w="157" /><ent r="3" t="37" w="175" /><ent r="3" t="40" w="335" /><ent r="3" t="40" w="363" /><ent r="3" t="40" w="746" /><ent r="3" t="42" w="169" /><ent r="3" t="42" w="644" /><ent r="3" t="42" w="1561" /><ent r="3" t="42" w="1601" /><ent r="3" t="42" w="1616" /><ent r="3" t="42" w="1968" /><ent r="4" t="44" w="108" /><ent r="3" t="44" w="131" /><ent r="6" t="47" w="164" /><ent r="3" t="48" w="121" /><ent r="3" t="48" w="171" /><ent r="3" t="48" w="225" /><ent r="3" t="48" w="340" /><ent r="3" t="48" w="598" /><ent r="3" t="48" w="825" /><ent r="4" t="49" w="202" /><ent r="6" t="51" w="219" /><ent r="7" t="51" w="569" /><ent r="7" t="55" w="462" /><ent r="6" t="55" w="625" /><ent r="8" t="55" w="782" /><ent r="9" t="55" w="799" /><ent r="9" t="55" w="1079" /><ent r="7" t="55" w="1383" /><ent r="3" t="55" w="1621" /><ent r="3" t="55" w="1634" /><ent r="4" t="57" w="67" /><ent r="3" t="60" w="147" /><ent r="7" t="62" w="43" /><ent r="4" t="63" w="109" /><ent r="4" t="64" w="99" /><ent r="4" t="65" w="182" /><ent r="3" t="67" w="428" /><ent r="4" t="67" w="695" /><ent r="4" t="67" w="763" /><ent r="4" t="67" w="788" /><ent r="4" t="67" w="846" /><ent r="4" t="67" w="880" /></phr><phr n="One"><ent r="4" t="49" w="397" /><ent r="4" t="49" w="432" /><ent r="7" t="50" w="399" /><ent r="9" t="55" w="1121" /><ent r="3" t="55" w="1658" /></phr></stem><stem n="four"><phr n="four"><ent r="3" t="1" w="175" /><ent r="3" t="52" w="99" /></phr></stem><stem n="form"><phr n="form"><ent r="3" t="1" w="176" /><ent r="3" t="1" w="329" /><ent r="5" t="7" w="400" /><ent r="3" t="7" w="451" /><ent r="4" t="15" w="107" /><ent r="6" t="18" w="712" /><ent r="7" t="18" w="1155" /><ent r="7" t="18" w="1282" /><ent r="9" t="18" w="1429" /><ent r="9" t="18" w="1452" /><ent r="4" t="18" w="2473" /><ent r="4" t="20" w="149" /><ent r="4" t="20" w="926" /><ent r="4" t="21" w="168" /><ent r="4" t="21" w="1128" /><ent r="4" t="22" w="139" /><ent r="4" t="22" w="1183" /><ent r="4" t="23" w="107" /><ent r="7" t="24" w="640" /><ent r="7" t="24" w="745" /><ent r="4" t="24" w="765" /><ent r="6" t="27" w="441" /><ent r="7" t="27" w="916" /><ent r="7" t="27" w="1043" /><ent r="4" t="27" w="1753" /><ent r="3" t="28" w="219" /><ent r="4" t="31" w="228" /><ent r="3" t="31" w="245" /><ent r="3" t="33" w="244" /><ent r="4" t="35" w="220" /><ent r="4" t="36" w="97" /><ent r="4" t="45" w="130" /><ent r="3" t="45" w="280" /><ent r="5" t="45" w="287" /><ent r="6" t="45" w="490" /><ent r="7" t="50" w="444" /><ent r="7" t="51" w="433" /><ent r="8" t="55" w="764" /></phr><phr n="formed"><ent r="3" t="37" w="547" /></phr></stem><stem n="factor"><phr n="factors"><ent r="3" t="1" w="177" /><ent r="3" t="1" w="330" /></phr></stem><stem n="softwar"><phr n="software"><ent r="4" t="1" w="181" /><ent r="4" t="1" w="338" /><ent r="4" t="1" w="451" /><ent r="3" t="5" w="115" /><ent r="7" t="62" w="268" /></phr></stem><stem n="packag"><phr n="package"><ent r="4" t="1" w="182" /></phr></stem><stem n="run"><phr n="running"><ent r="4" t="1" w="183" /><ent r="3" t="7" w="493" /><ent r="3" t="7" w="533" /><ent r="4" t="7" w="705" /><ent r="4" t="7" w="764" /><ent r="3" t="8" w="160" /><ent r="3" t="10" w="314" /><ent r="7" t="12" w="386" /><ent r="7" t="12" w="412" /><ent r="6" t="27" w="468" /><ent r="3" t="31" w="117" /><ent r="7" t="33" w="526" /><ent r="3" t="34" w="79" /><ent r="3" t="40" w="234" /><ent r="3" t="40" w="445" /><ent r="7" t="46" w="139" /><ent r="7" t="46" w="165" /><ent r="4" t="46" w="196" /><ent r="3" t="47" w="39" /><ent r="3" t="47" w="85" /><ent r="3" t="47" w="346" /><ent r="5" t="63" w="196" /><ent r="5" t="63" w="222" /><ent r="5" t="64" w="274" /><ent r="5" t="64" w="300" /><ent r="4" t="69" w="111" /><ent r="3" t="69" w="231" /></phr><phr n="run"><ent r="3" t="3" w="444" /><ent r="3" t="6" w="105" /><ent r="3" t="7" w="43" /><ent r="3" t="7" w="126" /><ent r="3" t="7" w="510" /><ent r="4" t="7" w="609" /><ent r="4" t="7" w="630" /><ent r="3" t="8" w="43" /><ent r="3" t="40" w="315" /><ent r="3" t="40" w="538" /><ent r="4" t="47" w="140" /></phr><phr n="Run"><ent r="5" t="10" w="349" /><ent r="5" t="10" w="356" /></phr></stem><stem n="server"><phr n="servers"><ent r="4" t="1" w="187" /><ent r="6" t="22" w="309" /></phr><phr n="Server"><ent r="4" t="1" w="462" /><ent r="4" t="18" w="160" /><ent r="6" t="18" w="1116" /><ent r="8" t="18" w="1133" /><ent r="7" t="18" w="1151" /><ent r="8" t="18" w="1177" /><ent r="8" t="18" w="1209" /><ent r="6" t="18" w="1802" /><ent r="4" t="20" w="212" /><ent r="5" t="20" w="250" /><ent r="6" t="20" w="361" /><ent r="4" t="21" w="231" /><ent r="6" t="21" w="561" /><ent r="4" t="22" w="202" /><ent r="3" t="22" w="507" /><ent r="6" t="22" w="614" /><ent r="4" t="24" w="791" /><ent r="5" t="25" w="113" /><ent r="64" t="25" w="619" /><ent r="82" t="25" w="715" /><ent r="5" t="25" w="840" /><ent r="6" t="27" w="877" /><ent r="8" t="27" w="894" /><ent r="7" t="27" w="912" /><ent r="8" t="27" w="938" /><ent r="8" t="27" w="970" /><ent r="6" t="27" w="1272" /><ent r="64" t="42" w="218" /><ent r="100" t="42" w="233" /><ent r="92" t="42" w="237" /><ent r="100" t="42" w="285" /><ent r="82" t="42" w="294" /><ent r="100" t="42" w="977" /><ent r="5" t="42" w="1085" /></phr><phr n="server"><ent r="4" t="1" w="464" /><ent r="3" t="17" w="100" /><ent r="3" t="18" w="136" /><ent r="3" t="18" w="145" /><ent r="3" t="18" w="184" /><ent r="6" t="18" w="1127" /><ent r="7" t="18" w="1142" /><ent r="7" t="18" w="1168" /><ent r="7" t="18" w="1185" /><ent r="7" t="18" w="1218" /><ent r="7" t="18" w="1239" /><ent r="4" t="19" w="143" /><ent r="4" t="19" w="174" /><ent r="3" t="20" w="193" /><ent r="3" t="20" w="202" /><ent r="3" t="20" w="236" /><ent r="4" t="20" w="256" /><ent r="3" t="21" w="98" /><ent r="3" t="21" w="212" /><ent r="3" t="21" w="221" /><ent r="3" t="21" w="255" /><ent r="4" t="21" w="387" /><ent r="3" t="21" w="460" /><ent r="3" t="22" w="70" /><ent r="3" t="22" w="183" /><ent r="3" t="22" w="192" /><ent r="3" t="22" w="226" /><ent r="3" t="22" w="471" /><ent r="6" t="25" w="138" /><ent r="5" t="25" w="249" /><ent r="6" t="25" w="290" /><ent r="6" t="25" w="300" /><ent r="6" t="25" w="387" /><ent r="6" t="25" w="445" /><ent r="6" t="25" w="453" /><ent r="6" t="25" w="468" /><ent r="3" t="25" w="680" /><ent r="4" t="26" w="107" /><ent r="3" t="26" w="162" /><ent r="6" t="27" w="888" /><ent r="7" t="27" w="903" /><ent r="7" t="27" w="929" /><ent r="7" t="27" w="946" /><ent r="7" t="27" w="979" /><ent r="7" t="27" w="1000" /><ent r="3" t="40" w="76" /><ent r="100" t="42" w="230" /><ent r="100" t="42" w="282" /><ent r="3" t="42" w="413" /><ent r="3" t="42" w="425" /><ent r="3" t="42" w="509" /><ent r="3" t="42" w="533" /><ent r="3" t="42" w="537" /><ent r="3" t="42" w="569" /><ent r="3" t="42" w="621" /><ent r="3" t="42" w="714" /><ent r="3" t="42" w="832" /><ent r="3" t="42" w="839" /><ent r="3" t="42" w="852" /><ent r="3" t="42" w="875" /><ent r="4" t="42" w="1090" /><ent r="7" t="43" w="342" /><ent r="4" t="44" w="69" /><ent r="3" t="45" w="37" /><ent r="4" t="45" w="86" /><ent r="3" t="47" w="49" /><ent r="3" t="48" w="797" /><ent r="4" t="49" w="433" /><ent r="4" t="49" w="562" /><ent r="6" t="50" w="245" /><ent r="7" t="50" w="367" /><ent r="4" t="51" w="896" /><ent r="4" t="52" w="127" /><ent r="4" t="52" w="136" /><ent r="3" t="54" w="93" /><ent r="3" t="60" w="286" /><ent r="7" t="67" w="287" /><ent r="7" t="67" w="311" /></phr></stem><stem n="-mandat"><phr n="-mandated"><ent r="4" t="1" w="189" /><ent r="4" t="1" w="189" /></phr></stem><stem n="corpor"><phr n="corporate"><ent r="4" t="1" w="189" /><ent r="3" t="9" w="192" /></phr></stem><stem n="corporate-mand"><phr n="corporate-mandated"><ent r="4" t="1" w="189" /></phr></stem><stem n="mandat"><phr n="mandated"><ent r="4" t="1" w="190" /></phr></stem><stem n="hardwar"><phr n="hardware"><ent r="4" t="1" w="191" /></phr></stem><stem n="dmz"><phr n="DMZ"><ent r="4" t="1" w="197" /></phr></stem><stem n="applianc"><phr n="appliance"><ent r="4" t="1" w="198" /><ent r="4" t="1" w="207" /></phr></stem><stem n="-bit"><phr n="-bit"><ent r="4" t="1" w="203" /><ent r="4" t="1" w="203" /></phr></stem><stem n="64"><phr n="64"><ent r="4" t="1" w="203" /><ent r="4" t="24" w="257" /><ent r="4" t="25" w="749" /></phr></stem><stem n="64-bit"><phr n="64-bit"><ent r="4" t="1" w="203" /></phr></stem><stem n="bit"><phr n="bit"><ent r="4" t="1" w="204" /><ent r="4" t="67" w="793" /><ent r="4" t="67" w="970" /></phr></stem><stem n="eai"><phr n="EAI"><ent r="4" t="1" w="209" /></phr></stem><stem n="esb"><phr n="ESB"><ent r="4" t="1" w="211" /></phr></stem><stem n="implement"><phr n="implementations"><ent r="4" t="1" w="212" /></phr><phr n="implementation"><ent r="3" t="42" w="1626" /></phr></stem><stem n="term"><phr n="term"><ent r="3" t="1" w="219" /><ent r="3" t="3" w="23" /><ent r="3" t="3" w="31" /><ent r="3" t="3" w="41" /><ent r="3" t="3" w="52" /><ent r="3" t="9" w="342" /><ent r="3" t="9" w="350" /><ent r="3" t="9" w="360" /><ent r="3" t="9" w="371" /><ent r="3" t="28" w="31" /><ent r="3" t="38" w="268" /><ent r="3" t="41" w="197" /></phr></stem><stem n="“gateway”"><phr n="“Gateway”"><ent r="3" t="1" w="221" /><ent r="3" t="9" w="373" /></phr></stem><stem n="us"><phr n="used"><ent r="3" t="1" w="222" /><ent r="4" t="3" w="404" /><ent r="3" t="4" w="132" /><ent r="4" t="6" w="30" /><ent r="4" t="6" w="52" /><ent r="3" t="9" w="82" /><ent r="3" t="13" w="40" /><ent r="3" t="13" w="50" /><ent r="3" t="14" w="57" /><ent r="4" t="16" w="46" /><ent r="3" t="17" w="148" /><ent r="3" t="18" w="331" /><ent r="6" t="18" w="1104" /><ent r="8" t="18" w="1319" /><ent r="9" t="18" w="1465" /><ent r="6" t="18" w="1848" /><ent r="6" t="18" w="1890" /><ent r="7" t="18" w="1938" /><ent r="3" t="18" w="2428" /><ent r="3" t="19" w="98" /><ent r="4" t="19" w="131" /><ent r="6" t="20" w="407" /><ent r="6" t="20" w="449" /><ent r="7" t="20" w="497" /><ent r="3" t="20" w="881" /><ent r="6" t="21" w="607" /><ent r="6" t="21" w="649" /><ent r="7" t="21" w="697" /><ent r="3" t="21" w="1083" /><ent r="6" t="22" w="660" /><ent r="6" t="22" w="702" /><ent r="7" t="22" w="750" /><ent r="3" t="22" w="1138" /><ent r="6" t="24" w="599" /><ent r="6" t="27" w="865" /><ent r="6" t="27" w="1318" /><ent r="6" t="27" w="1357" /><ent r="7" t="27" w="1405" /><ent r="4" t="27" w="1519" /><ent r="3" t="28" w="34" /><ent r="4" t="29" w="76" /><ent r="4" t="29" w="1018" /><ent r="4" t="29" w="1067" /><ent r="3" t="30" w="52" /><ent r="3" t="35" w="54" /><ent r="3" t="42" w="489" /><ent r="3" t="42" w="877" /><ent r="3" t="42" w="1484" /><ent r="3" t="42" w="1539" /><ent r="3" t="42" w="1840" /><ent r="3" t="42" w="1906" /><ent r="3" t="48" w="378" /><ent r="3" t="48" w="428" /><ent r="3" t="48" w="519" /><ent r="3" t="48" w="623" /><ent r="3" t="48" w="630" /><ent r="3" t="48" w="655" /><ent r="3" t="49" w="30" /><ent r="4" t="49" w="112" /><ent r="4" t="49" w="130" /><ent r="4" t="49" w="176" /><ent r="4" t="49" w="278" /><ent r="4" t="49" w="355" /><ent r="3" t="52" w="30" /><ent r="4" t="52" w="120" /><ent r="4" t="52" w="132" /><ent r="4" t="52" w="140" /><ent r="3" t="53" w="51" /><ent r="3" t="55" w="44" /><ent r="3" t="55" w="244" /><ent r="6" t="55" w="584" /><ent r="8" t="55" w="996" /><ent r="9" t="55" w="1066" /><ent r="9" t="55" w="1105" /><ent r="3" t="58" w="41" /><ent r="3" t="58" w="58" /><ent r="7" t="58" w="387" /><ent r="3" t="59" w="47" /><ent r="3" t="59" w="62" /><ent r="3" t="60" w="33" /><ent r="3" t="60" w="172" /><ent r="3" t="60" w="207" /><ent r="3" t="66" w="41" /><ent r="3" t="67" w="38" /></phr><phr n="using"><ent r="3" t="2" w="65" /><ent r="3" t="2" w="119" /><ent r="3" t="10" w="277" /><ent r="4" t="10" w="340" /><ent r="3" t="16" w="158" /><ent r="3" t="17" w="107" /><ent r="3" t="18" w="395" /><ent r="6" t="18" w="801" /><ent r="6" t="18" w="999" /><ent r="6" t="18" w="1009" /><ent r="6" t="18" w="1636" /><ent r="6" t="18" w="1877" /><ent r="6" t="18" w="2075" /><ent r="3" t="18" w="2509" /><ent r="100" t="20" w="17" /><ent r="3" t="20" w="56" /><ent r="6" t="20" w="436" /><ent r="3" t="20" w="962" /><ent r="100" t="21" w="22" /><ent r="3" t="21" w="92" /><ent r="6" t="21" w="636" /><ent r="3" t="21" w="1164" /><ent r="100" t="22" w="22" /><ent r="3" t="22" w="64" /><ent r="6" t="22" w="689" /><ent r="3" t="22" w="1219" /><ent r="6" t="23" w="476" /><ent r="3" t="24" w="250" /><ent r="3" t="24" w="772" /><ent r="3" t="25" w="41" /><ent r="6" t="25" w="304" /><ent r="6" t="25" w="472" /><ent r="3" t="25" w="742" /><ent r="3" t="26" w="71" /><ent r="6" t="27" w="546" /><ent r="6" t="27" w="760" /><ent r="6" t="27" w="770" /><ent r="6" t="27" w="1156" /><ent r="6" t="27" w="1344" /><ent r="3" t="27" w="1790" /><ent r="3" t="32" w="218" /><ent r="3" t="32" w="323" /><ent r="3" t="33" w="122" /><ent r="3" t="39" w="33" /><ent r="3" t="40" w="472" /><ent r="4" t="40" w="802" /><ent r="3" t="45" w="54" /><ent r="3" t="46" w="212" /><ent r="3" t="47" w="50" /><ent r="3" t="47" w="593" /><ent r="3" t="48" w="339" /><ent r="3" t="49" w="84" /><ent r="4" t="49" w="215" /><ent r="4" t="49" w="237" /><ent r="4" t="49" w="411" /><ent r="4" t="49" w="446" /><ent r="100" t="50" w="6" /><ent r="3" t="50" w="83" /><ent r="5" t="50" w="117" /><ent r="6" t="50" w="569" /><ent r="100" t="51" w="19" /><ent r="3" t="51" w="107" /><ent r="5" t="51" w="147" /><ent r="6" t="51" w="370" /><ent r="7" t="51" w="586" /><ent r="3" t="51" w="751" /><ent r="3" t="51" w="943" /><ent r="3" t="52" w="209" /><ent r="8" t="55" w="865" /><ent r="9" t="55" w="1090" /><ent r="8" t="55" w="1298" /><ent r="6" t="55" w="1532" /><ent r="4" t="57" w="94" /><ent r="4" t="57" w="140" /><ent r="3" t="58" w="33" /><ent r="3" t="59" w="37" /><ent r="3" t="60" w="284" /><ent r="3" t="66" w="64" /><ent r="3" t="66" w="110" /><ent r="7" t="67" w="264" /><ent r="3" t="69" w="312" /></phr><phr n="Using"><ent r="64" t="2" w="105" /><ent r="92" t="2" w="277" /><ent r="5" t="4" w="214" /><ent r="82" t="32" w="146" /><ent r="82" t="32" w="255" /><ent r="82" t="39" w="107" /><ent r="64" t="42" w="215" /><ent r="64" t="42" w="221" /><ent r="92" t="42" w="226" /><ent r="92" t="42" w="1095" /><ent r="5" t="45" w="282" /><ent r="4" t="47" w="685" /><ent r="4" t="47" w="697" /><ent r="3" t="48" w="324" /><ent r="72" t="48" w="441" /><ent r="3" t="48" w="452" /><ent r="72" t="48" w="463" /><ent r="3" t="48" w="475" /><ent r="64" t="48" w="673" /><ent r="66" t="49" w="150" /><ent r="65" t="49" w="247" /><ent r="66" t="49" w="421" /><ent r="65" t="49" w="454" /><ent r="126" t="49" w="496" /><ent r="65" t="49" w="554" /><ent r="126" t="49" w="589" /><ent r="65" t="49" w="608" /><ent r="1000" t="50" w="2" /><ent r="102" t="50" w="13" /><ent r="1000" t="51" w="2" /><ent r="102" t="51" w="30" /><ent r="64" t="52" w="171" /><ent r="64" t="52" w="180" /><ent r="64" t="53" w="257" /><ent r="64" t="53" w="266" /><ent r="65" t="54" w="190" /><ent r="65" t="54" w="222" /><ent r="65" t="54" w="255" /><ent r="65" t="54" w="365" /><ent r="126" t="54" w="407" /><ent r="65" t="55" w="1475" /><ent r="64" t="58" w="65" /><ent r="64" t="58" w="74" /><ent r="66" t="58" w="126" /><ent r="66" t="58" w="156" /><ent r="5" t="58" w="219" /><ent r="64" t="59" w="69" /><ent r="5" t="59" w="151" /><ent r="1000" t="69" w="1" /><ent r="102" t="69" w="17" /></phr><phr n="uses"><ent r="8" t="18" w="1330" /><ent r="6" t="18" w="1739" /><ent r="6" t="18" w="1763" /><ent r="6" t="18" w="1811" /><ent r="6" t="20" w="298" /><ent r="6" t="20" w="322" /><ent r="6" t="20" w="370" /><ent r="6" t="21" w="498" /><ent r="6" t="21" w="522" /><ent r="6" t="21" w="570" /><ent r="6" t="22" w="551" /><ent r="6" t="22" w="575" /><ent r="6" t="22" w="623" /><ent r="6" t="27" w="1281" /><ent r="3" t="42" w="558" /><ent r="3" t="42" w="631" /><ent r="3" t="42" w="1255" /><ent r="3" t="42" w="1529" /><ent r="7" t="43" w="292" /><ent r="3" t="47" w="299" /><ent r="3" t="48" w="571" /><ent r="7" t="58" w="369" /><ent r="3" t="68" w="24" /></phr><phr n="Uses"><ent r="6" t="18" w="1729" /><ent r="6" t="20" w="288" /><ent r="6" t="21" w="488" /><ent r="6" t="22" w="541" /></phr><phr n="useful"><ent r="3" t="26" w="40" /></phr><phr n="Used"><ent r="7" t="29" w="498" /></phr></stem></index>