<?xml version="1.0" encoding="utf-8"?><index><stem n="directori"><phr n="directory"><ent r="3" t="2" w="186" /><ent r="3" t="2" w="186" /><ent r="3" t="7" w="484" /><ent r="3" t="7" w="484" /><ent r="3" t="7" w="567" /><ent r="3" t="7" w="567" /><ent r="4" t="7" w="639" /><ent r="4" t="7" w="643" /><ent r="4" t="12" w="363" /><ent r="4" t="12" w="363" /><ent r="6" t="18" w="740" /><ent r="6" t="18" w="750" /><ent r="6" t="18" w="750" /><ent r="6" t="27" w="461" /><ent r="6" t="27" w="461" /><ent r="6" t="27" w="489" /><ent r="6" t="27" w="489" /><ent r="4" t="36" w="120" /><ent r="4" t="36" w="120" /><ent r="3" t="42" w="973" /><ent r="3" t="42" w="973" /><ent r="3" t="42" w="1946" /><ent r="3" t="42" w="1946" /><ent r="4" t="46" w="198" /><ent r="4" t="46" w="198" /><ent r="4" t="65" w="116" /><ent r="4" t="65" w="116" /></phr><phr n="Directory"><ent r="3" t="16" w="225" /><ent r="5" t="49" w="347" /><ent r="5" t="49" w="347" /></phr></stem><stem n="dire"><phr n="directory"><ent r="3" t="2" w="186" /><ent r="3" t="2" w="186" /><ent r="3" t="7" w="484" /><ent r="3" t="7" w="484" /><ent r="3" t="7" w="567" /><ent r="3" t="7" w="567" /><ent r="4" t="7" w="639" /><ent r="4" t="7" w="643" /><ent r="4" t="12" w="363" /><ent r="4" t="12" w="363" /><ent r="6" t="18" w="740" /><ent r="6" t="18" w="750" /><ent r="6" t="18" w="750" /><ent r="6" t="27" w="461" /><ent r="6" t="27" w="461" /><ent r="6" t="27" w="489" /><ent r="6" t="27" w="489" /><ent r="4" t="36" w="120" /><ent r="4" t="36" w="120" /><ent r="3" t="42" w="973" /><ent r="3" t="42" w="973" /><ent r="3" t="42" w="1946" /><ent r="3" t="42" w="1946" /><ent r="4" t="46" w="198" /><ent r="4" t="46" w="198" /><ent r="4" t="65" w="116" /><ent r="4" t="65" w="116" /></phr><phr n="directory&gt;"><ent r="7" t="12" w="399" /><ent r="7" t="12" w="399" /><ent r="7" t="46" w="152" /><ent r="7" t="46" w="152" /><ent r="5" t="64" w="206" /><ent r="5" t="64" w="206" /><ent r="5" t="65" w="284" /><ent r="5" t="65" w="284" /></phr><phr n="Directory"><ent r="3" t="16" w="225" /><ent r="5" t="49" w="347" /><ent r="5" t="49" w="347" /></phr><phr n="directed"><ent r="3" t="27" w="1614" /><ent r="3" t="27" w="1614" /></phr><phr n="re-directs"><ent r="3" t="40" w="82" /><ent r="3" t="40" w="82" /></phr><phr n="directs"><ent r="3" t="40" w="83" /></phr><phr n="directly"><ent r="3" t="47" w="598" /><ent r="3" t="47" w="598" /><ent r="3" t="70" w="222" /></phr><phr n="DIRECT"><ent r="3" t="62" w="295" /><ent r="3" t="62" w="295" /></phr><phr n="INDIRECT"><ent r="3" t="62" w="297" /></phr></stem><stem n="irec"><phr n="directory"><ent r="3" t="2" w="186" /><ent r="3" t="2" w="186" /><ent r="3" t="7" w="484" /><ent r="3" t="7" w="484" /><ent r="3" t="7" w="567" /><ent r="3" t="7" w="567" /><ent r="4" t="7" w="639" /><ent r="4" t="7" w="643" /><ent r="4" t="12" w="363" /><ent r="4" t="12" w="363" /><ent r="6" t="18" w="740" /><ent r="6" t="18" w="750" /><ent r="6" t="18" w="750" /><ent r="6" t="27" w="461" /><ent r="6" t="27" w="461" /><ent r="6" t="27" w="489" /><ent r="6" t="27" w="489" /><ent r="4" t="36" w="120" /><ent r="4" t="36" w="120" /><ent r="3" t="42" w="973" /><ent r="3" t="42" w="973" /><ent r="3" t="42" w="1946" /><ent r="3" t="42" w="1946" /><ent r="4" t="46" w="198" /><ent r="4" t="46" w="198" /><ent r="4" t="65" w="116" /><ent r="4" t="65" w="116" /></phr><phr n="directory&gt;"><ent r="7" t="12" w="399" /><ent r="7" t="12" w="399" /><ent r="7" t="46" w="152" /><ent r="7" t="46" w="152" /><ent r="5" t="64" w="206" /><ent r="5" t="64" w="206" /><ent r="5" t="65" w="284" /><ent r="5" t="65" w="284" /></phr><phr n="Directory"><ent r="3" t="16" w="225" /><ent r="5" t="49" w="347" /><ent r="5" t="49" w="347" /></phr><phr n="directed"><ent r="3" t="27" w="1614" /><ent r="3" t="27" w="1614" /></phr><phr n="re-directs"><ent r="3" t="40" w="82" /><ent r="3" t="40" w="82" /></phr><phr n="directs"><ent r="3" t="40" w="83" /></phr><phr n="directly"><ent r="3" t="47" w="598" /><ent r="3" t="47" w="598" /><ent r="3" t="70" w="222" /></phr><phr n="DIRECT"><ent r="3" t="62" w="295" /><ent r="3" t="62" w="295" /></phr><phr n="INDIRECT"><ent r="3" t="62" w="297" /></phr></stem><stem n="tory"><phr n="directory"><ent r="3" t="2" w="186" /><ent r="3" t="2" w="186" /><ent r="3" t="7" w="484" /><ent r="3" t="7" w="484" /><ent r="3" t="7" w="567" /><ent r="3" t="7" w="567" /><ent r="4" t="7" w="639" /><ent r="4" t="7" w="643" /><ent r="4" t="12" w="363" /><ent r="4" t="12" w="363" /><ent r="6" t="18" w="740" /><ent r="6" t="18" w="750" /><ent r="6" t="18" w="750" /><ent r="6" t="27" w="461" /><ent r="6" t="27" w="461" /><ent r="6" t="27" w="489" /><ent r="6" t="27" w="489" /><ent r="4" t="36" w="120" /><ent r="4" t="36" w="120" /><ent r="3" t="42" w="973" /><ent r="3" t="42" w="973" /><ent r="3" t="42" w="1946" /><ent r="3" t="42" w="1946" /><ent r="4" t="46" w="198" /><ent r="4" t="46" w="198" /><ent r="4" t="65" w="116" /><ent r="4" t="65" w="116" /></phr><phr n="directory&gt;"><ent r="7" t="12" w="399" /><ent r="7" t="12" w="399" /><ent r="7" t="46" w="152" /><ent r="7" t="46" w="152" /><ent r="5" t="64" w="206" /><ent r="5" t="64" w="206" /><ent r="5" t="65" w="284" /><ent r="5" t="65" w="284" /></phr><phr n="Directory"><ent r="3" t="16" w="225" /><ent r="5" t="49" w="347" /><ent r="5" t="49" w="347" /></phr><phr n="repository"><ent r="4" t="18" w="2396" /><ent r="4" t="18" w="2396" /><ent r="4" t="20" w="823" /><ent r="4" t="20" w="823" /><ent r="4" t="21" w="1024" /><ent r="4" t="21" w="1024" /><ent r="4" t="22" w="1080" /><ent r="4" t="22" w="1080" /><ent r="3" t="52" w="97" /><ent r="3" t="52" w="97" /><ent r="3" t="53" w="199" /><ent r="3" t="53" w="199" /><ent r="3" t="55" w="255" /><ent r="3" t="55" w="255" /></phr></stem><stem n="rect"><phr n="directory"><ent r="3" t="2" w="186" /><ent r="3" t="2" w="186" /><ent r="3" t="7" w="484" /><ent r="3" t="7" w="484" /><ent r="3" t="7" w="567" /><ent r="3" t="7" w="567" /><ent r="4" t="7" w="639" /><ent r="4" t="7" w="643" /><ent r="4" t="12" w="363" /><ent r="4" t="12" w="363" /><ent r="6" t="18" w="740" /><ent r="6" t="18" w="750" /><ent r="6" t="18" w="750" /><ent r="6" t="27" w="461" /><ent r="6" t="27" w="461" /><ent r="6" t="27" w="489" /><ent r="6" t="27" w="489" /><ent r="4" t="36" w="120" /><ent r="4" t="36" w="120" /><ent r="3" t="42" w="973" /><ent r="3" t="42" w="973" /><ent r="3" t="42" w="1946" /><ent r="3" t="42" w="1946" /><ent r="4" t="46" w="198" /><ent r="4" t="46" w="198" /><ent r="4" t="65" w="116" /><ent r="4" t="65" w="116" /></phr><phr n="correction"><ent r="6" t="4" w="245" /></phr><phr n="directory&gt;"><ent r="7" t="12" w="399" /><ent r="7" t="12" w="399" /><ent r="7" t="46" w="152" /><ent r="7" t="46" w="152" /><ent r="5" t="64" w="206" /><ent r="5" t="64" w="206" /><ent r="5" t="65" w="284" /><ent r="5" t="65" w="284" /></phr><phr n="Directory"><ent r="3" t="16" w="225" /><ent r="5" t="49" w="347" /><ent r="5" t="49" w="347" /></phr><phr n="correct"><ent r="3" t="18" w="191" /><ent r="7" t="18" w="1167" /><ent r="7" t="18" w="1167" /><ent r="7" t="18" w="1295" /><ent r="7" t="18" w="1295" /><ent r="3" t="20" w="243" /><ent r="3" t="21" w="262" /><ent r="3" t="22" w="233" /><ent r="4" t="22" w="450" /><ent r="4" t="22" w="450" /><ent r="7" t="27" w="922" /><ent r="7" t="27" w="922" /><ent r="7" t="27" w="1050" /><ent r="7" t="27" w="1050" /><ent r="6" t="51" w="255" /><ent r="6" t="51" w="255" /><ent r="4" t="55" w="1770" /><ent r="4" t="55" w="1770" /></phr><phr n="correctly"><ent r="4" t="21" w="432" /><ent r="4" t="21" w="432" /></phr><phr n="directed"><ent r="3" t="27" w="1614" /><ent r="3" t="27" w="1614" /></phr><phr n="incorrect"><ent r="3" t="32" w="329" /><ent r="3" t="32" w="329" /><ent r="5" t="32" w="697" /><ent r="5" t="32" w="697" /></phr><phr n="re-directs"><ent r="3" t="40" w="82" /><ent r="3" t="40" w="82" /></phr><phr n="directs"><ent r="3" t="40" w="83" /></phr><phr n="directly"><ent r="3" t="47" w="598" /><ent r="3" t="47" w="598" /><ent r="3" t="70" w="222" /></phr><phr n="DIRECT"><ent r="3" t="62" w="295" /><ent r="3" t="62" w="295" /></phr><phr n="INDIRECT"><ent r="3" t="62" w="297" /></phr></stem><stem n="ecto"><phr n="directory"><ent r="3" t="2" w="186" /><ent r="3" t="2" w="186" /><ent r="3" t="7" w="484" /><ent r="3" t="7" w="484" /><ent r="3" t="7" w="567" /><ent r="3" t="7" w="567" /><ent r="4" t="7" w="639" /><ent r="4" t="7" w="643" /><ent r="4" t="12" w="363" /><ent r="4" t="12" w="363" /><ent r="6" t="18" w="740" /><ent r="6" t="18" w="750" /><ent r="6" t="18" w="750" /><ent r="6" t="27" w="461" /><ent r="6" t="27" w="461" /><ent r="6" t="27" w="489" /><ent r="6" t="27" w="489" /><ent r="4" t="36" w="120" /><ent r="4" t="36" w="120" /><ent r="3" t="42" w="973" /><ent r="3" t="42" w="973" /><ent r="3" t="42" w="1946" /><ent r="3" t="42" w="1946" /><ent r="4" t="46" w="198" /><ent r="4" t="46" w="198" /><ent r="4" t="65" w="116" /><ent r="4" t="65" w="116" /></phr><phr n="directory&gt;"><ent r="7" t="12" w="399" /><ent r="7" t="12" w="399" /><ent r="7" t="46" w="152" /><ent r="7" t="46" w="152" /><ent r="5" t="64" w="206" /><ent r="5" t="64" w="206" /><ent r="5" t="65" w="284" /><ent r="5" t="65" w="284" /></phr><phr n="Directory"><ent r="3" t="16" w="225" /><ent r="5" t="49" w="347" /><ent r="5" t="49" w="347" /></phr></stem><stem n="direc"><phr n="directory"><ent r="3" t="2" w="186" /><ent r="3" t="2" w="186" /><ent r="3" t="7" w="484" /><ent r="3" t="7" w="484" /><ent r="3" t="7" w="567" /><ent r="3" t="7" w="567" /><ent r="4" t="7" w="639" /><ent r="4" t="7" w="643" /><ent r="4" t="12" w="363" /><ent r="4" t="12" w="363" /><ent r="6" t="18" w="740" /><ent r="6" t="18" w="750" /><ent r="6" t="18" w="750" /><ent r="6" t="27" w="461" /><ent r="6" t="27" w="461" /><ent r="6" t="27" w="489" /><ent r="6" t="27" w="489" /><ent r="4" t="36" w="120" /><ent r="4" t="36" w="120" /><ent r="3" t="42" w="973" /><ent r="3" t="42" w="973" /><ent r="3" t="42" w="1946" /><ent r="3" t="42" w="1946" /><ent r="4" t="46" w="198" /><ent r="4" t="46" w="198" /><ent r="4" t="65" w="116" /><ent r="4" t="65" w="116" /></phr><phr n="directory&gt;"><ent r="7" t="12" w="399" /><ent r="7" t="12" w="399" /><ent r="7" t="46" w="152" /><ent r="7" t="46" w="152" /><ent r="5" t="64" w="206" /><ent r="5" t="64" w="206" /><ent r="5" t="65" w="284" /><ent r="5" t="65" w="284" /></phr><phr n="Directory"><ent r="3" t="16" w="225" /><ent r="5" t="49" w="347" /><ent r="5" t="49" w="347" /></phr><phr n="directed"><ent r="3" t="27" w="1614" /><ent r="3" t="27" w="1614" /></phr><phr n="re-directs"><ent r="3" t="40" w="82" /><ent r="3" t="40" w="82" /></phr><phr n="directs"><ent r="3" t="40" w="83" /></phr><phr n="directly"><ent r="3" t="47" w="598" /><ent r="3" t="47" w="598" /><ent r="3" t="70" w="222" /></phr><phr n="DIRECT"><ent r="3" t="62" w="295" /><ent r="3" t="62" w="295" /></phr><phr n="INDIRECT"><ent r="3" t="62" w="297" /></phr></stem><stem n="irect"><phr n="directory"><ent r="3" t="2" w="186" /><ent r="3" t="2" w="186" /><ent r="3" t="7" w="484" /><ent r="3" t="7" w="484" /><ent r="3" t="7" w="567" /><ent r="3" t="7" w="567" /><ent r="4" t="7" w="639" /><ent r="4" t="7" w="643" /><ent r="4" t="12" w="363" /><ent r="4" t="12" w="363" /><ent r="6" t="18" w="740" /><ent r="6" t="18" w="750" /><ent r="6" t="18" w="750" /><ent r="6" t="27" w="461" /><ent r="6" t="27" w="461" /><ent r="6" t="27" w="489" /><ent r="6" t="27" w="489" /><ent r="4" t="36" w="120" /><ent r="4" t="36" w="120" /><ent r="3" t="42" w="973" /><ent r="3" t="42" w="973" /><ent r="3" t="42" w="1946" /><ent r="3" t="42" w="1946" /><ent r="4" t="46" w="198" /><ent r="4" t="46" w="198" /><ent r="4" t="65" w="116" /><ent r="4" t="65" w="116" /></phr><phr n="directory&gt;"><ent r="7" t="12" w="399" /><ent r="7" t="12" w="399" /><ent r="7" t="46" w="152" /><ent r="7" t="46" w="152" /><ent r="5" t="64" w="206" /><ent r="5" t="64" w="206" /><ent r="5" t="65" w="284" /><ent r="5" t="65" w="284" /></phr><phr n="Directory"><ent r="3" t="16" w="225" /><ent r="5" t="49" w="347" /><ent r="5" t="49" w="347" /></phr><phr n="directed"><ent r="3" t="27" w="1614" /><ent r="3" t="27" w="1614" /></phr><phr n="re-directs"><ent r="3" t="40" w="82" /><ent r="3" t="40" w="82" /></phr><phr n="directs"><ent r="3" t="40" w="83" /></phr><phr n="directly"><ent r="3" t="47" w="598" /><ent r="3" t="47" w="598" /><ent r="3" t="70" w="222" /></phr><phr n="DIRECT"><ent r="3" t="62" w="295" /><ent r="3" t="62" w="295" /></phr><phr n="INDIRECT"><ent r="3" t="62" w="297" /></phr></stem><stem n="recto"><phr n="directory"><ent r="3" t="2" w="186" /><ent r="3" t="2" w="186" /><ent r="3" t="7" w="484" /><ent r="3" t="7" w="484" /><ent r="3" t="7" w="567" /><ent r="3" t="7" w="567" /><ent r="4" t="7" w="639" /><ent r="4" t="7" w="643" /><ent r="4" t="12" w="363" /><ent r="4" t="12" w="363" /><ent r="6" t="18" w="740" /><ent r="6" t="18" w="750" /><ent r="6" t="18" w="750" /><ent r="6" t="27" w="461" /><ent r="6" t="27" w="461" /><ent r="6" t="27" w="489" /><ent r="6" t="27" w="489" /><ent r="4" t="36" w="120" /><ent r="4" t="36" w="120" /><ent r="3" t="42" w="973" /><ent r="3" t="42" w="973" /><ent r="3" t="42" w="1946" /><ent r="3" t="42" w="1946" /><ent r="4" t="46" w="198" /><ent r="4" t="46" w="198" /><ent r="4" t="65" w="116" /><ent r="4" t="65" w="116" /></phr><phr n="directory&gt;"><ent r="7" t="12" w="399" /><ent r="7" t="12" w="399" /><ent r="7" t="46" w="152" /><ent r="7" t="46" w="152" /><ent r="5" t="64" w="206" /><ent r="5" t="64" w="206" /><ent r="5" t="65" w="284" /><ent r="5" t="65" w="284" /></phr><phr n="Directory"><ent r="3" t="16" w="225" /><ent r="5" t="49" w="347" /><ent r="5" t="49" w="347" /></phr></stem><stem n="ector"><phr n="directory"><ent r="3" t="2" w="186" /><ent r="3" t="2" w="186" /><ent r="3" t="7" w="484" /><ent r="3" t="7" w="484" /><ent r="3" t="7" w="567" /><ent r="3" t="7" w="567" /><ent r="4" t="7" w="639" /><ent r="4" t="7" w="643" /><ent r="4" t="12" w="363" /><ent r="4" t="12" w="363" /><ent r="6" t="18" w="740" /><ent r="6" t="18" w="750" /><ent r="6" t="18" w="750" /><ent r="6" t="27" w="461" /><ent r="6" t="27" w="461" /><ent r="6" t="27" w="489" /><ent r="6" t="27" w="489" /><ent r="4" t="36" w="120" /><ent r="4" t="36" w="120" /><ent r="3" t="42" w="973" /><ent r="3" t="42" w="973" /><ent r="3" t="42" w="1946" /><ent r="3" t="42" w="1946" /><ent r="4" t="46" w="198" /><ent r="4" t="46" w="198" /><ent r="4" t="65" w="116" /><ent r="4" t="65" w="116" /></phr><phr n="directory&gt;"><ent r="7" t="12" w="399" /><ent r="7" t="12" w="399" /><ent r="7" t="46" w="152" /><ent r="7" t="46" w="152" /><ent r="5" t="64" w="206" /><ent r="5" t="64" w="206" /><ent r="5" t="65" w="284" /><ent r="5" t="65" w="284" /></phr><phr n="Directory"><ent r="3" t="16" w="225" /><ent r="5" t="49" w="347" /><ent r="5" t="49" w="347" /></phr></stem><stem n="ctory"><phr n="directory"><ent r="3" t="2" w="186" /><ent r="3" t="2" w="186" /><ent r="3" t="7" w="484" /><ent r="3" t="7" w="484" /><ent r="3" t="7" w="567" /><ent r="3" t="7" w="567" /><ent r="4" t="7" w="639" /><ent r="4" t="7" w="643" /><ent r="4" t="12" w="363" /><ent r="4" t="12" w="363" /><ent r="6" t="18" w="740" /><ent r="6" t="18" w="750" /><ent r="6" t="18" w="750" /><ent r="6" t="27" w="461" /><ent r="6" t="27" w="461" /><ent r="6" t="27" w="489" /><ent r="6" t="27" w="489" /><ent r="4" t="36" w="120" /><ent r="4" t="36" w="120" /><ent r="3" t="42" w="973" /><ent r="3" t="42" w="973" /><ent r="3" t="42" w="1946" /><ent r="3" t="42" w="1946" /><ent r="4" t="46" w="198" /><ent r="4" t="46" w="198" /><ent r="4" t="65" w="116" /><ent r="4" t="65" w="116" /></phr><phr n="directory&gt;"><ent r="7" t="12" w="399" /><ent r="7" t="12" w="399" /><ent r="7" t="46" w="152" /><ent r="7" t="46" w="152" /><ent r="5" t="64" w="206" /><ent r="5" t="64" w="206" /><ent r="5" t="65" w="284" /><ent r="5" t="65" w="284" /></phr><phr n="Directory"><ent r="3" t="16" w="225" /><ent r="5" t="49" w="347" /><ent r="5" t="49" w="347" /></phr></stem><stem n="direct"><phr n="directory"><ent r="3" t="2" w="186" /><ent r="3" t="2" w="186" /><ent r="3" t="7" w="484" /><ent r="3" t="7" w="484" /><ent r="3" t="7" w="567" /><ent r="3" t="7" w="567" /><ent r="4" t="7" w="639" /><ent r="4" t="7" w="643" /><ent r="4" t="12" w="363" /><ent r="4" t="12" w="363" /><ent r="6" t="18" w="740" /><ent r="6" t="18" w="750" /><ent r="6" t="18" w="750" /><ent r="6" t="27" w="461" /><ent r="6" t="27" w="461" /><ent r="6" t="27" w="489" /><ent r="6" t="27" w="489" /><ent r="4" t="36" w="120" /><ent r="4" t="36" w="120" /><ent r="3" t="42" w="973" /><ent r="3" t="42" w="973" /><ent r="3" t="42" w="1946" /><ent r="3" t="42" w="1946" /><ent r="4" t="46" w="198" /><ent r="4" t="46" w="198" /><ent r="4" t="65" w="116" /><ent r="4" t="65" w="116" /></phr><phr n="directory&gt;"><ent r="7" t="12" w="399" /><ent r="7" t="12" w="399" /><ent r="7" t="46" w="152" /><ent r="7" t="46" w="152" /><ent r="5" t="64" w="206" /><ent r="5" t="64" w="206" /><ent r="5" t="65" w="284" /><ent r="5" t="65" w="284" /></phr><phr n="Directory"><ent r="3" t="16" w="225" /><ent r="5" t="49" w="347" /><ent r="5" t="49" w="347" /></phr><phr n="directed"><ent r="3" t="27" w="1614" /><ent r="3" t="27" w="1614" /></phr><phr n="re-directs"><ent r="3" t="40" w="82" /><ent r="3" t="40" w="82" /></phr><phr n="directs"><ent r="3" t="40" w="83" /></phr><phr n="directly"><ent r="3" t="47" w="598" /><ent r="3" t="47" w="598" /><ent r="3" t="70" w="222" /></phr><phr n="DIRECT"><ent r="3" t="62" w="295" /><ent r="3" t="62" w="295" /></phr><phr n="INDIRECT"><ent r="3" t="62" w="297" /></phr></stem><stem n="irecto"><phr n="directory"><ent r="3" t="2" w="186" /><ent r="3" t="2" w="186" /><ent r="3" t="7" w="484" /><ent r="3" t="7" w="484" /><ent r="3" t="7" w="567" /><ent r="3" t="7" w="567" /><ent r="4" t="7" w="639" /><ent r="4" t="7" w="643" /><ent r="4" t="12" w="363" /><ent r="4" t="12" w="363" /><ent r="6" t="18" w="740" /><ent r="6" t="18" w="750" /><ent r="6" t="18" w="750" /><ent r="6" t="27" w="461" /><ent r="6" t="27" w="461" /><ent r="6" t="27" w="489" /><ent r="6" t="27" w="489" /><ent r="4" t="36" w="120" /><ent r="4" t="36" w="120" /><ent r="3" t="42" w="973" /><ent r="3" t="42" w="973" /><ent r="3" t="42" w="1946" /><ent r="3" t="42" w="1946" /><ent r="4" t="46" w="198" /><ent r="4" t="46" w="198" /><ent r="4" t="65" w="116" /><ent r="4" t="65" w="116" /></phr><phr n="directory&gt;"><ent r="7" t="12" w="399" /><ent r="7" t="12" w="399" /><ent r="7" t="46" w="152" /><ent r="7" t="46" w="152" /><ent r="5" t="64" w="206" /><ent r="5" t="64" w="206" /><ent r="5" t="65" w="284" /><ent r="5" t="65" w="284" /></phr><phr n="Directory"><ent r="3" t="16" w="225" /><ent r="5" t="49" w="347" /><ent r="5" t="49" w="347" /></phr></stem><stem n="rector"><phr n="directory"><ent r="3" t="2" w="186" /><ent r="3" t="2" w="186" /><ent r="3" t="7" w="484" /><ent r="3" t="7" w="484" /><ent r="3" t="7" w="567" /><ent r="3" t="7" w="567" /><ent r="4" t="7" w="639" /><ent r="4" t="7" w="643" /><ent r="4" t="12" w="363" /><ent r="4" t="12" w="363" /><ent r="6" t="18" w="740" /><ent r="6" t="18" w="750" /><ent r="6" t="18" w="750" /><ent r="6" t="27" w="461" /><ent r="6" t="27" w="461" /><ent r="6" t="27" w="489" /><ent r="6" t="27" w="489" /><ent r="4" t="36" w="120" /><ent r="4" t="36" w="120" /><ent r="3" t="42" w="973" /><ent r="3" t="42" w="973" /><ent r="3" t="42" w="1946" /><ent r="3" t="42" w="1946" /><ent r="4" t="46" w="198" /><ent r="4" t="46" w="198" /><ent r="4" t="65" w="116" /><ent r="4" t="65" w="116" /></phr><phr n="directory&gt;"><ent r="7" t="12" w="399" /><ent r="7" t="12" w="399" /><ent r="7" t="46" w="152" /><ent r="7" t="46" w="152" /><ent r="5" t="64" w="206" /><ent r="5" t="64" w="206" /><ent r="5" t="65" w="284" /><ent r="5" t="65" w="284" /></phr><phr n="Directory"><ent r="3" t="16" w="225" /><ent r="5" t="49" w="347" /><ent r="5" t="49" w="347" /></phr></stem><stem n="ectory"><phr n="directory"><ent r="3" t="2" w="186" /><ent r="3" t="2" w="186" /><ent r="3" t="7" w="484" /><ent r="3" t="7" w="484" /><ent r="3" t="7" w="567" /><ent r="3" t="7" w="567" /><ent r="4" t="7" w="639" /><ent r="4" t="7" w="643" /><ent r="4" t="12" w="363" /><ent r="4" t="12" w="363" /><ent r="6" t="18" w="740" /><ent r="6" t="18" w="750" /><ent r="6" t="18" w="750" /><ent r="6" t="27" w="461" /><ent r="6" t="27" w="461" /><ent r="6" t="27" w="489" /><ent r="6" t="27" w="489" /><ent r="4" t="36" w="120" /><ent r="4" t="36" w="120" /><ent r="3" t="42" w="973" /><ent r="3" t="42" w="973" /><ent r="3" t="42" w="1946" /><ent r="3" t="42" w="1946" /><ent r="4" t="46" w="198" /><ent r="4" t="46" w="198" /><ent r="4" t="65" w="116" /><ent r="4" t="65" w="116" /></phr><phr n="directory&gt;"><ent r="7" t="12" w="399" /><ent r="7" t="12" w="399" /><ent r="7" t="46" w="152" /><ent r="7" t="46" w="152" /><ent r="5" t="64" w="206" /><ent r="5" t="64" w="206" /><ent r="5" t="65" w="284" /><ent r="5" t="65" w="284" /></phr><phr n="Directory"><ent r="3" t="16" w="225" /><ent r="5" t="49" w="347" /><ent r="5" t="49" w="347" /></phr></stem><stem n="directo"><phr n="directory"><ent r="3" t="2" w="186" /><ent r="3" t="2" w="186" /><ent r="3" t="7" w="484" /><ent r="3" t="7" w="484" /><ent r="3" t="7" w="567" /><ent r="3" t="7" w="567" /><ent r="4" t="7" w="639" /><ent r="4" t="7" w="643" /><ent r="4" t="12" w="363" /><ent r="4" t="12" w="363" /><ent r="6" t="18" w="740" /><ent r="6" t="18" w="750" /><ent r="6" t="18" w="750" /><ent r="6" t="27" w="461" /><ent r="6" t="27" w="461" /><ent r="6" t="27" w="489" /><ent r="6" t="27" w="489" /><ent r="4" t="36" w="120" /><ent r="4" t="36" w="120" /><ent r="3" t="42" w="973" /><ent r="3" t="42" w="973" /><ent r="3" t="42" w="1946" /><ent r="3" t="42" w="1946" /><ent r="4" t="46" w="198" /><ent r="4" t="46" w="198" /><ent r="4" t="65" w="116" /><ent r="4" t="65" w="116" /></phr><phr n="directory&gt;"><ent r="7" t="12" w="399" /><ent r="7" t="12" w="399" /><ent r="7" t="46" w="152" /><ent r="7" t="46" w="152" /><ent r="5" t="64" w="206" /><ent r="5" t="64" w="206" /><ent r="5" t="65" w="284" /><ent r="5" t="65" w="284" /></phr><phr n="Directory"><ent r="3" t="16" w="225" /><ent r="5" t="49" w="347" /><ent r="5" t="49" w="347" /></phr></stem><stem n="irector"><phr n="directory"><ent r="3" t="2" w="186" /><ent r="3" t="2" w="186" /><ent r="3" t="7" w="484" /><ent r="3" t="7" w="484" /><ent r="3" t="7" w="567" /><ent r="3" t="7" w="567" /><ent r="4" t="7" w="639" /><ent r="4" t="7" w="643" /><ent r="4" t="12" w="363" /><ent r="4" t="12" w="363" /><ent r="6" t="18" w="740" /><ent r="6" t="18" w="750" /><ent r="6" t="18" w="750" /><ent r="6" t="27" w="461" /><ent r="6" t="27" w="461" /><ent r="6" t="27" w="489" /><ent r="6" t="27" w="489" /><ent r="4" t="36" w="120" /><ent r="4" t="36" w="120" /><ent r="3" t="42" w="973" /><ent r="3" t="42" w="973" /><ent r="3" t="42" w="1946" /><ent r="3" t="42" w="1946" /><ent r="4" t="46" w="198" /><ent r="4" t="46" w="198" /><ent r="4" t="65" w="116" /><ent r="4" t="65" w="116" /></phr><phr n="directory&gt;"><ent r="7" t="12" w="399" /><ent r="7" t="12" w="399" /><ent r="7" t="46" w="152" /><ent r="7" t="46" w="152" /><ent r="5" t="64" w="206" /><ent r="5" t="64" w="206" /><ent r="5" t="65" w="284" /><ent r="5" t="65" w="284" /></phr><phr n="Directory"><ent r="3" t="16" w="225" /><ent r="5" t="49" w="347" /><ent r="5" t="49" w="347" /></phr></stem><stem n="rectory"><phr n="directory"><ent r="3" t="2" w="186" /><ent r="3" t="2" w="186" /><ent r="3" t="7" w="484" /><ent r="3" t="7" w="484" /><ent r="3" t="7" w="567" /><ent r="3" t="7" w="567" /><ent r="4" t="7" w="639" /><ent r="4" t="7" w="643" /><ent r="4" t="12" w="363" /><ent r="4" t="12" w="363" /><ent r="6" t="18" w="740" /><ent r="6" t="18" w="750" /><ent r="6" t="18" w="750" /><ent r="6" t="27" w="461" /><ent r="6" t="27" w="461" /><ent r="6" t="27" w="489" /><ent r="6" t="27" w="489" /><ent r="4" t="36" w="120" /><ent r="4" t="36" w="120" /><ent r="3" t="42" w="973" /><ent r="3" t="42" w="973" /><ent r="3" t="42" w="1946" /><ent r="3" t="42" w="1946" /><ent r="4" t="46" w="198" /><ent r="4" t="46" w="198" /><ent r="4" t="65" w="116" /><ent r="4" t="65" w="116" /></phr><phr n="directory&gt;"><ent r="7" t="12" w="399" /><ent r="7" t="12" w="399" /><ent r="7" t="46" w="152" /><ent r="7" t="46" w="152" /><ent r="5" t="64" w="206" /><ent r="5" t="64" w="206" /><ent r="5" t="65" w="284" /><ent r="5" t="65" w="284" /></phr><phr n="Directory"><ent r="3" t="16" w="225" /><ent r="5" t="49" w="347" /><ent r="5" t="49" w="347" /></phr></stem><stem n="director"><phr n="directory"><ent r="3" t="2" w="186" /><ent r="3" t="2" w="186" /><ent r="3" t="7" w="484" /><ent r="3" t="7" w="484" /><ent r="3" t="7" w="567" /><ent r="3" t="7" w="567" /><ent r="4" t="7" w="639" /><ent r="4" t="7" w="643" /><ent r="4" t="12" w="363" /><ent r="4" t="12" w="363" /><ent r="6" t="18" w="740" /><ent r="6" t="18" w="750" /><ent r="6" t="18" w="750" /><ent r="6" t="27" w="461" /><ent r="6" t="27" w="461" /><ent r="6" t="27" w="489" /><ent r="6" t="27" w="489" /><ent r="4" t="36" w="120" /><ent r="4" t="36" w="120" /><ent r="3" t="42" w="973" /><ent r="3" t="42" w="973" /><ent r="3" t="42" w="1946" /><ent r="3" t="42" w="1946" /><ent r="4" t="46" w="198" /><ent r="4" t="46" w="198" /><ent r="4" t="65" w="116" /><ent r="4" t="65" w="116" /></phr><phr n="directory&gt;"><ent r="7" t="12" w="399" /><ent r="7" t="12" w="399" /><ent r="7" t="46" w="152" /><ent r="7" t="46" w="152" /><ent r="5" t="64" w="206" /><ent r="5" t="64" w="206" /><ent r="5" t="65" w="284" /><ent r="5" t="65" w="284" /></phr><phr n="Directory"><ent r="3" t="16" w="225" /><ent r="5" t="49" w="347" /><ent r="5" t="49" w="347" /></phr></stem><stem n="irectory"><phr n="directory"><ent r="3" t="2" w="186" /><ent r="3" t="2" w="186" /><ent r="3" t="7" w="484" /><ent r="3" t="7" w="484" /><ent r="3" t="7" w="567" /><ent r="3" t="7" w="567" /><ent r="4" t="7" w="639" /><ent r="4" t="7" w="643" /><ent r="4" t="12" w="363" /><ent r="4" t="12" w="363" /><ent r="6" t="18" w="740" /><ent r="6" t="18" w="750" /><ent r="6" t="18" w="750" /><ent r="6" t="27" w="461" /><ent r="6" t="27" w="461" /><ent r="6" t="27" w="489" /><ent r="6" t="27" w="489" /><ent r="4" t="36" w="120" /><ent r="4" t="36" w="120" /><ent r="3" t="42" w="973" /><ent r="3" t="42" w="973" /><ent r="3" t="42" w="1946" /><ent r="3" t="42" w="1946" /><ent r="4" t="46" w="198" /><ent r="4" t="46" w="198" /><ent r="4" t="65" w="116" /><ent r="4" t="65" w="116" /></phr><phr n="directory&gt;"><ent r="7" t="12" w="399" /><ent r="7" t="12" w="399" /><ent r="7" t="46" w="152" /><ent r="7" t="46" w="152" /><ent r="5" t="64" w="206" /><ent r="5" t="64" w="206" /><ent r="5" t="65" w="284" /><ent r="5" t="65" w="284" /></phr><phr n="Directory"><ent r="3" t="16" w="225" /><ent r="5" t="49" w="347" /><ent r="5" t="49" w="347" /></phr></stem></index>