<?xml version="1.0" encoding="utf-8"?><index><stem n="bridgi"><phr n="bridging"><ent r="4" t="0" w="129" /><ent r="4" t="0" w="129" /><ent r="3" t="3" w="210" /><ent r="3" t="3" w="210" /><ent r="3" t="3" w="251" /><ent r="3" t="3" w="251" /><ent r="3" t="3" w="296" /><ent r="3" t="3" w="296" /><ent r="3" t="3" w="362" /><ent r="3" t="5" w="34" /><ent r="3" t="5" w="68" /><ent r="3" t="5" w="68" /><ent r="4" t="9" w="295" /><ent r="3" t="17" w="152" /><ent r="3" t="17" w="152" /><ent r="3" t="17" w="198" /><ent r="3" t="17" w="242" /><ent r="64" t="19" w="103" /><ent r="64" t="19" w="103" /><ent r="3" t="19" w="236" /><ent r="100" t="48" w="11" /><ent r="100" t="48" w="11" /><ent r="100" t="48" w="16" /><ent r="100" t="48" w="16" /><ent r="100" t="48" w="21" /><ent r="100" t="48" w="21" /><ent r="100" t="48" w="28" /><ent r="100" t="48" w="28" /><ent r="3" t="48" w="249" /><ent r="3" t="48" w="249" /><ent r="3" t="48" w="268" /><ent r="3" t="48" w="330" /><ent r="3" t="48" w="330" /><ent r="3" t="48" w="382" /><ent r="3" t="48" w="382" /><ent r="3" t="48" w="501" /><ent r="3" t="48" w="525" /><ent r="3" t="48" w="525" /><ent r="3" t="48" w="626" /><ent r="3" t="48" w="638" /><ent r="3" t="48" w="638" /><ent r="3" t="49" w="34" /><ent r="3" t="49" w="34" /><ent r="3" t="49" w="83" /><ent r="3" t="49" w="83" /><ent r="4" t="49" w="120" /><ent r="4" t="49" w="120" /><ent r="100" t="49" w="159" /><ent r="100" t="49" w="159" /><ent r="100" t="49" w="164" /><ent r="100" t="49" w="164" /><ent r="4" t="49" w="180" /><ent r="4" t="49" w="180" /><ent r="4" t="49" w="282" /><ent r="4" t="49" w="282" /><ent r="4" t="49" w="359" /><ent r="4" t="49" w="359" /><ent r="64" t="50" w="81" /><ent r="64" t="50" w="81" /><ent r="6" t="50" w="140" /><ent r="6" t="50" w="140" /><ent r="64" t="51" w="105" /><ent r="64" t="51" w="105" /><ent r="6" t="51" w="172" /><ent r="6" t="51" w="172" /><ent r="3" t="52" w="34" /><ent r="3" t="52" w="34" /><ent r="64" t="52" w="79" /><ent r="64" t="52" w="79" /><ent r="3" t="52" w="115" /><ent r="3" t="52" w="115" /><ent r="3" t="53" w="55" /><ent r="3" t="53" w="55" /><ent r="64" t="53" w="100" /><ent r="64" t="53" w="100" /><ent r="3" t="53" w="115" /><ent r="3" t="53" w="115" /><ent r="3" t="53" w="217" /><ent r="3" t="53" w="217" /><ent r="64" t="54" w="59" /><ent r="64" t="54" w="59" /><ent r="3" t="55" w="48" /><ent r="3" t="55" w="48" /><ent r="3" t="55" w="341" /><ent r="69" t="55" w="1000" /><ent r="69" t="55" w="1000" /><ent r="100" t="56" w="15" /><ent r="100" t="56" w="15" /><ent r="100" t="56" w="32" /><ent r="100" t="56" w="32" /><ent r="64" t="56" w="90" /><ent r="64" t="56" w="90" /><ent r="3" t="56" w="234" /><ent r="3" t="56" w="289" /><ent r="3" t="56" w="289" /><ent r="100" t="57" w="8" /><ent r="100" t="57" w="8" /><ent r="100" t="57" w="12" /><ent r="100" t="57" w="12" /><ent r="64" t="57" w="50" /><ent r="64" t="57" w="50" /><ent r="4" t="57" w="128" /><ent r="4" t="57" w="128" /><ent r="100" t="58" w="19" /><ent r="100" t="58" w="19" /><ent r="7" t="58" w="367" /><ent r="7" t="58" w="367" /><ent r="100" t="59" w="20" /><ent r="100" t="59" w="20" /><ent r="3" t="60" w="37" /><ent r="3" t="60" w="37" /><ent r="3" t="60" w="124" /></phr><phr n="Bridging"><ent r="65" t="0" w="146" /><ent r="65" t="0" w="146" /><ent r="64" t="3" w="366" /><ent r="64" t="3" w="366" /><ent r="64" t="5" w="85" /><ent r="64" t="5" w="85" /><ent r="65" t="9" w="300" /><ent r="65" t="9" w="300" /><ent r="64" t="17" w="160" /><ent r="64" t="17" w="160" /><ent r="64" t="17" w="247" /><ent r="64" t="17" w="247" /><ent r="100" t="19" w="17" /><ent r="64" t="19" w="241" /><ent r="64" t="19" w="241" /><ent r="1000" t="48" w="2" /><ent r="1000" t="48" w="2" /><ent r="100" t="48" w="5" /><ent r="100" t="48" w="5" /><ent r="102" t="48" w="31" /><ent r="102" t="48" w="31" /><ent r="92" t="48" w="241" /><ent r="92" t="48" w="241" /><ent r="72" t="48" w="440" /><ent r="72" t="48" w="440" /><ent r="3" t="48" w="449" /><ent r="3" t="48" w="449" /><ent r="72" t="48" w="461" /><ent r="72" t="48" w="461" /><ent r="3" t="48" w="472" /><ent r="3" t="48" w="472" /><ent r="92" t="48" w="481" /><ent r="92" t="48" w="481" /><ent r="1000" t="49" w="2" /><ent r="1000" t="49" w="2" /><ent r="100" t="49" w="6" /><ent r="102" t="49" w="12" /><ent r="102" t="49" w="12" /><ent r="4" t="49" w="126" /><ent r="4" t="49" w="215" /><ent r="4" t="49" w="238" /><ent r="5" t="50" w="115" /><ent r="5" t="50" w="115" /><ent r="67" t="50" w="145" /><ent r="67" t="50" w="145" /><ent r="67" t="50" w="551" /><ent r="67" t="50" w="551" /><ent r="6" t="50" w="572" /><ent r="6" t="50" w="572" /><ent r="5" t="51" w="145" /><ent r="5" t="51" w="145" /><ent r="67" t="51" w="177" /><ent r="67" t="51" w="177" /><ent r="6" t="51" w="636" /><ent r="6" t="51" w="636" /><ent r="6" t="51" w="641" /><ent r="6" t="51" w="641" /><ent r="67" t="51" w="650" /><ent r="67" t="51" w="650" /><ent r="67" t="51" w="656" /><ent r="67" t="51" w="656" /><ent r="1000" t="55" w="6" /><ent r="1000" t="55" w="6" /><ent r="102" t="55" w="27" /><ent r="102" t="55" w="27" /><ent r="1000" t="56" w="6" /><ent r="1000" t="56" w="6" /><ent r="100" t="56" w="18" /><ent r="100" t="56" w="23" /><ent r="100" t="56" w="39" /><ent r="100" t="56" w="39" /><ent r="102" t="56" w="46" /><ent r="102" t="56" w="46" /><ent r="64" t="56" w="215" /><ent r="64" t="56" w="215" /><ent r="65" t="57" w="99" /><ent r="65" t="57" w="99" /><ent r="65" t="57" w="146" /><ent r="65" t="57" w="146" /><ent r="1000" t="58" w="3" /><ent r="1000" t="58" w="3" /><ent r="100" t="58" w="7" /><ent r="100" t="58" w="15" /><ent r="100" t="58" w="15" /><ent r="102" t="58" w="23" /><ent r="102" t="58" w="23" /><ent r="3" t="58" w="37" /><ent r="3" t="58" w="37" /><ent r="3" t="58" w="55" /><ent r="3" t="58" w="55" /><ent r="3" t="58" w="216" /><ent r="3" t="58" w="216" /><ent r="5" t="58" w="223" /><ent r="5" t="58" w="223" /><ent r="1000" t="59" w="4" /><ent r="1000" t="59" w="4" /><ent r="100" t="59" w="13" /><ent r="102" t="59" w="25" /><ent r="102" t="59" w="25" /><ent r="3" t="59" w="42" /><ent r="3" t="59" w="42" /><ent r="3" t="59" w="59" /><ent r="3" t="59" w="59" /><ent r="3" t="59" w="148" /><ent r="3" t="59" w="148" /><ent r="5" t="59" w="156" /><ent r="5" t="59" w="156" /><ent r="3" t="60" w="169" /><ent r="3" t="60" w="169" /><ent r="3" t="60" w="204" /><ent r="3" t="60" w="204" /></phr><phr n="bridging-configuration"><ent r="3" t="5" w="34" /><ent r="3" t="17" w="198" /><ent r="3" t="17" w="242" /><ent r="3" t="19" w="236" /><ent r="3" t="56" w="234" /><ent r="3" t="60" w="124" /><ent r="3" t="60" w="124" /></phr><phr n="identity-bridging"><ent r="4" t="9" w="294" /><ent r="4" t="9" w="294" /></phr></stem><stem n="ridgin"><phr n="bridging"><ent r="4" t="0" w="129" /><ent r="4" t="0" w="129" /><ent r="3" t="3" w="210" /><ent r="3" t="3" w="210" /><ent r="3" t="3" w="251" /><ent r="3" t="3" w="251" /><ent r="3" t="3" w="296" /><ent r="3" t="3" w="296" /><ent r="3" t="3" w="362" /><ent r="3" t="5" w="34" /><ent r="3" t="5" w="68" /><ent r="3" t="5" w="68" /><ent r="4" t="9" w="295" /><ent r="3" t="17" w="152" /><ent r="3" t="17" w="152" /><ent r="3" t="17" w="198" /><ent r="3" t="17" w="242" /><ent r="64" t="19" w="103" /><ent r="64" t="19" w="103" /><ent r="3" t="19" w="236" /><ent r="100" t="48" w="11" /><ent r="100" t="48" w="11" /><ent r="100" t="48" w="16" /><ent r="100" t="48" w="16" /><ent r="100" t="48" w="21" /><ent r="100" t="48" w="21" /><ent r="100" t="48" w="28" /><ent r="100" t="48" w="28" /><ent r="3" t="48" w="249" /><ent r="3" t="48" w="249" /><ent r="3" t="48" w="268" /><ent r="3" t="48" w="330" /><ent r="3" t="48" w="330" /><ent r="3" t="48" w="382" /><ent r="3" t="48" w="382" /><ent r="3" t="48" w="501" /><ent r="3" t="48" w="525" /><ent r="3" t="48" w="525" /><ent r="3" t="48" w="626" /><ent r="3" t="48" w="638" /><ent r="3" t="48" w="638" /><ent r="3" t="49" w="34" /><ent r="3" t="49" w="34" /><ent r="3" t="49" w="83" /><ent r="3" t="49" w="83" /><ent r="4" t="49" w="120" /><ent r="4" t="49" w="120" /><ent r="100" t="49" w="159" /><ent r="100" t="49" w="159" /><ent r="100" t="49" w="164" /><ent r="100" t="49" w="164" /><ent r="4" t="49" w="180" /><ent r="4" t="49" w="180" /><ent r="4" t="49" w="282" /><ent r="4" t="49" w="282" /><ent r="4" t="49" w="359" /><ent r="4" t="49" w="359" /><ent r="64" t="50" w="81" /><ent r="64" t="50" w="81" /><ent r="6" t="50" w="140" /><ent r="6" t="50" w="140" /><ent r="64" t="51" w="105" /><ent r="64" t="51" w="105" /><ent r="6" t="51" w="172" /><ent r="6" t="51" w="172" /><ent r="3" t="52" w="34" /><ent r="3" t="52" w="34" /><ent r="64" t="52" w="79" /><ent r="64" t="52" w="79" /><ent r="3" t="52" w="115" /><ent r="3" t="52" w="115" /><ent r="3" t="53" w="55" /><ent r="3" t="53" w="55" /><ent r="64" t="53" w="100" /><ent r="64" t="53" w="100" /><ent r="3" t="53" w="115" /><ent r="3" t="53" w="115" /><ent r="3" t="53" w="217" /><ent r="3" t="53" w="217" /><ent r="64" t="54" w="59" /><ent r="64" t="54" w="59" /><ent r="3" t="55" w="48" /><ent r="3" t="55" w="48" /><ent r="3" t="55" w="341" /><ent r="69" t="55" w="1000" /><ent r="69" t="55" w="1000" /><ent r="100" t="56" w="15" /><ent r="100" t="56" w="15" /><ent r="100" t="56" w="32" /><ent r="100" t="56" w="32" /><ent r="64" t="56" w="90" /><ent r="64" t="56" w="90" /><ent r="3" t="56" w="234" /><ent r="3" t="56" w="289" /><ent r="3" t="56" w="289" /><ent r="100" t="57" w="8" /><ent r="100" t="57" w="8" /><ent r="100" t="57" w="12" /><ent r="100" t="57" w="12" /><ent r="64" t="57" w="50" /><ent r="64" t="57" w="50" /><ent r="4" t="57" w="128" /><ent r="4" t="57" w="128" /><ent r="100" t="58" w="19" /><ent r="100" t="58" w="19" /><ent r="7" t="58" w="367" /><ent r="7" t="58" w="367" /><ent r="100" t="59" w="20" /><ent r="100" t="59" w="20" /><ent r="3" t="60" w="37" /><ent r="3" t="60" w="37" /><ent r="3" t="60" w="124" /></phr><phr n="Bridging"><ent r="65" t="0" w="146" /><ent r="65" t="0" w="146" /><ent r="64" t="3" w="366" /><ent r="64" t="3" w="366" /><ent r="64" t="5" w="85" /><ent r="64" t="5" w="85" /><ent r="65" t="9" w="300" /><ent r="65" t="9" w="300" /><ent r="64" t="17" w="160" /><ent r="64" t="17" w="160" /><ent r="64" t="17" w="247" /><ent r="64" t="17" w="247" /><ent r="100" t="19" w="17" /><ent r="64" t="19" w="241" /><ent r="64" t="19" w="241" /><ent r="1000" t="48" w="2" /><ent r="1000" t="48" w="2" /><ent r="100" t="48" w="5" /><ent r="100" t="48" w="5" /><ent r="102" t="48" w="31" /><ent r="102" t="48" w="31" /><ent r="92" t="48" w="241" /><ent r="92" t="48" w="241" /><ent r="72" t="48" w="440" /><ent r="72" t="48" w="440" /><ent r="3" t="48" w="449" /><ent r="3" t="48" w="449" /><ent r="72" t="48" w="461" /><ent r="72" t="48" w="461" /><ent r="3" t="48" w="472" /><ent r="3" t="48" w="472" /><ent r="92" t="48" w="481" /><ent r="92" t="48" w="481" /><ent r="1000" t="49" w="2" /><ent r="1000" t="49" w="2" /><ent r="100" t="49" w="6" /><ent r="102" t="49" w="12" /><ent r="102" t="49" w="12" /><ent r="4" t="49" w="126" /><ent r="4" t="49" w="215" /><ent r="4" t="49" w="238" /><ent r="5" t="50" w="115" /><ent r="5" t="50" w="115" /><ent r="67" t="50" w="145" /><ent r="67" t="50" w="145" /><ent r="67" t="50" w="551" /><ent r="67" t="50" w="551" /><ent r="6" t="50" w="572" /><ent r="6" t="50" w="572" /><ent r="5" t="51" w="145" /><ent r="5" t="51" w="145" /><ent r="67" t="51" w="177" /><ent r="67" t="51" w="177" /><ent r="6" t="51" w="636" /><ent r="6" t="51" w="636" /><ent r="6" t="51" w="641" /><ent r="6" t="51" w="641" /><ent r="67" t="51" w="650" /><ent r="67" t="51" w="650" /><ent r="67" t="51" w="656" /><ent r="67" t="51" w="656" /><ent r="1000" t="55" w="6" /><ent r="1000" t="55" w="6" /><ent r="102" t="55" w="27" /><ent r="102" t="55" w="27" /><ent r="1000" t="56" w="6" /><ent r="1000" t="56" w="6" /><ent r="100" t="56" w="18" /><ent r="100" t="56" w="23" /><ent r="100" t="56" w="39" /><ent r="100" t="56" w="39" /><ent r="102" t="56" w="46" /><ent r="102" t="56" w="46" /><ent r="64" t="56" w="215" /><ent r="64" t="56" w="215" /><ent r="65" t="57" w="99" /><ent r="65" t="57" w="99" /><ent r="65" t="57" w="146" /><ent r="65" t="57" w="146" /><ent r="1000" t="58" w="3" /><ent r="1000" t="58" w="3" /><ent r="100" t="58" w="7" /><ent r="100" t="58" w="15" /><ent r="100" t="58" w="15" /><ent r="102" t="58" w="23" /><ent r="102" t="58" w="23" /><ent r="3" t="58" w="37" /><ent r="3" t="58" w="37" /><ent r="3" t="58" w="55" /><ent r="3" t="58" w="55" /><ent r="3" t="58" w="216" /><ent r="3" t="58" w="216" /><ent r="5" t="58" w="223" /><ent r="5" t="58" w="223" /><ent r="1000" t="59" w="4" /><ent r="1000" t="59" w="4" /><ent r="100" t="59" w="13" /><ent r="102" t="59" w="25" /><ent r="102" t="59" w="25" /><ent r="3" t="59" w="42" /><ent r="3" t="59" w="42" /><ent r="3" t="59" w="59" /><ent r="3" t="59" w="59" /><ent r="3" t="59" w="148" /><ent r="3" t="59" w="148" /><ent r="5" t="59" w="156" /><ent r="5" t="59" w="156" /><ent r="3" t="60" w="169" /><ent r="3" t="60" w="169" /><ent r="3" t="60" w="204" /><ent r="3" t="60" w="204" /></phr><phr n="bridging-configuration"><ent r="3" t="5" w="34" /><ent r="3" t="17" w="198" /><ent r="3" t="17" w="242" /><ent r="3" t="19" w="236" /><ent r="3" t="56" w="234" /><ent r="3" t="60" w="124" /><ent r="3" t="60" w="124" /></phr><phr n="identity-bridging"><ent r="4" t="9" w="294" /><ent r="4" t="9" w="294" /></phr></stem><stem n="idging"><phr n="bridging"><ent r="4" t="0" w="129" /><ent r="4" t="0" w="129" /><ent r="3" t="3" w="210" /><ent r="3" t="3" w="210" /><ent r="3" t="3" w="251" /><ent r="3" t="3" w="251" /><ent r="3" t="3" w="296" /><ent r="3" t="3" w="296" /><ent r="3" t="3" w="362" /><ent r="3" t="5" w="34" /><ent r="3" t="5" w="68" /><ent r="3" t="5" w="68" /><ent r="4" t="9" w="295" /><ent r="3" t="17" w="152" /><ent r="3" t="17" w="152" /><ent r="3" t="17" w="198" /><ent r="3" t="17" w="242" /><ent r="64" t="19" w="103" /><ent r="64" t="19" w="103" /><ent r="3" t="19" w="236" /><ent r="100" t="48" w="11" /><ent r="100" t="48" w="11" /><ent r="100" t="48" w="16" /><ent r="100" t="48" w="16" /><ent r="100" t="48" w="21" /><ent r="100" t="48" w="21" /><ent r="100" t="48" w="28" /><ent r="100" t="48" w="28" /><ent r="3" t="48" w="249" /><ent r="3" t="48" w="249" /><ent r="3" t="48" w="268" /><ent r="3" t="48" w="330" /><ent r="3" t="48" w="330" /><ent r="3" t="48" w="382" /><ent r="3" t="48" w="382" /><ent r="3" t="48" w="501" /><ent r="3" t="48" w="525" /><ent r="3" t="48" w="525" /><ent r="3" t="48" w="626" /><ent r="3" t="48" w="638" /><ent r="3" t="48" w="638" /><ent r="3" t="49" w="34" /><ent r="3" t="49" w="34" /><ent r="3" t="49" w="83" /><ent r="3" t="49" w="83" /><ent r="4" t="49" w="120" /><ent r="4" t="49" w="120" /><ent r="100" t="49" w="159" /><ent r="100" t="49" w="159" /><ent r="100" t="49" w="164" /><ent r="100" t="49" w="164" /><ent r="4" t="49" w="180" /><ent r="4" t="49" w="180" /><ent r="4" t="49" w="282" /><ent r="4" t="49" w="282" /><ent r="4" t="49" w="359" /><ent r="4" t="49" w="359" /><ent r="64" t="50" w="81" /><ent r="64" t="50" w="81" /><ent r="6" t="50" w="140" /><ent r="6" t="50" w="140" /><ent r="64" t="51" w="105" /><ent r="64" t="51" w="105" /><ent r="6" t="51" w="172" /><ent r="6" t="51" w="172" /><ent r="3" t="52" w="34" /><ent r="3" t="52" w="34" /><ent r="64" t="52" w="79" /><ent r="64" t="52" w="79" /><ent r="3" t="52" w="115" /><ent r="3" t="52" w="115" /><ent r="3" t="53" w="55" /><ent r="3" t="53" w="55" /><ent r="64" t="53" w="100" /><ent r="64" t="53" w="100" /><ent r="3" t="53" w="115" /><ent r="3" t="53" w="115" /><ent r="3" t="53" w="217" /><ent r="3" t="53" w="217" /><ent r="64" t="54" w="59" /><ent r="64" t="54" w="59" /><ent r="3" t="55" w="48" /><ent r="3" t="55" w="48" /><ent r="3" t="55" w="341" /><ent r="69" t="55" w="1000" /><ent r="69" t="55" w="1000" /><ent r="100" t="56" w="15" /><ent r="100" t="56" w="15" /><ent r="100" t="56" w="32" /><ent r="100" t="56" w="32" /><ent r="64" t="56" w="90" /><ent r="64" t="56" w="90" /><ent r="3" t="56" w="234" /><ent r="3" t="56" w="289" /><ent r="3" t="56" w="289" /><ent r="100" t="57" w="8" /><ent r="100" t="57" w="8" /><ent r="100" t="57" w="12" /><ent r="100" t="57" w="12" /><ent r="64" t="57" w="50" /><ent r="64" t="57" w="50" /><ent r="4" t="57" w="128" /><ent r="4" t="57" w="128" /><ent r="100" t="58" w="19" /><ent r="100" t="58" w="19" /><ent r="7" t="58" w="367" /><ent r="7" t="58" w="367" /><ent r="100" t="59" w="20" /><ent r="100" t="59" w="20" /><ent r="3" t="60" w="37" /><ent r="3" t="60" w="37" /><ent r="3" t="60" w="124" /></phr><phr n="Bridging"><ent r="65" t="0" w="146" /><ent r="65" t="0" w="146" /><ent r="64" t="3" w="366" /><ent r="64" t="3" w="366" /><ent r="64" t="5" w="85" /><ent r="64" t="5" w="85" /><ent r="65" t="9" w="300" /><ent r="65" t="9" w="300" /><ent r="64" t="17" w="160" /><ent r="64" t="17" w="160" /><ent r="64" t="17" w="247" /><ent r="64" t="17" w="247" /><ent r="100" t="19" w="17" /><ent r="64" t="19" w="241" /><ent r="64" t="19" w="241" /><ent r="1000" t="48" w="2" /><ent r="1000" t="48" w="2" /><ent r="100" t="48" w="5" /><ent r="100" t="48" w="5" /><ent r="102" t="48" w="31" /><ent r="102" t="48" w="31" /><ent r="92" t="48" w="241" /><ent r="92" t="48" w="241" /><ent r="72" t="48" w="440" /><ent r="72" t="48" w="440" /><ent r="3" t="48" w="449" /><ent r="3" t="48" w="449" /><ent r="72" t="48" w="461" /><ent r="72" t="48" w="461" /><ent r="3" t="48" w="472" /><ent r="3" t="48" w="472" /><ent r="92" t="48" w="481" /><ent r="92" t="48" w="481" /><ent r="1000" t="49" w="2" /><ent r="1000" t="49" w="2" /><ent r="100" t="49" w="6" /><ent r="102" t="49" w="12" /><ent r="102" t="49" w="12" /><ent r="4" t="49" w="126" /><ent r="4" t="49" w="215" /><ent r="4" t="49" w="238" /><ent r="5" t="50" w="115" /><ent r="5" t="50" w="115" /><ent r="67" t="50" w="145" /><ent r="67" t="50" w="145" /><ent r="67" t="50" w="551" /><ent r="67" t="50" w="551" /><ent r="6" t="50" w="572" /><ent r="6" t="50" w="572" /><ent r="5" t="51" w="145" /><ent r="5" t="51" w="145" /><ent r="67" t="51" w="177" /><ent r="67" t="51" w="177" /><ent r="6" t="51" w="636" /><ent r="6" t="51" w="636" /><ent r="6" t="51" w="641" /><ent r="6" t="51" w="641" /><ent r="67" t="51" w="650" /><ent r="67" t="51" w="650" /><ent r="67" t="51" w="656" /><ent r="67" t="51" w="656" /><ent r="1000" t="55" w="6" /><ent r="1000" t="55" w="6" /><ent r="102" t="55" w="27" /><ent r="102" t="55" w="27" /><ent r="1000" t="56" w="6" /><ent r="1000" t="56" w="6" /><ent r="100" t="56" w="18" /><ent r="100" t="56" w="23" /><ent r="100" t="56" w="39" /><ent r="100" t="56" w="39" /><ent r="102" t="56" w="46" /><ent r="102" t="56" w="46" /><ent r="64" t="56" w="215" /><ent r="64" t="56" w="215" /><ent r="65" t="57" w="99" /><ent r="65" t="57" w="99" /><ent r="65" t="57" w="146" /><ent r="65" t="57" w="146" /><ent r="1000" t="58" w="3" /><ent r="1000" t="58" w="3" /><ent r="100" t="58" w="7" /><ent r="100" t="58" w="15" /><ent r="100" t="58" w="15" /><ent r="102" t="58" w="23" /><ent r="102" t="58" w="23" /><ent r="3" t="58" w="37" /><ent r="3" t="58" w="37" /><ent r="3" t="58" w="55" /><ent r="3" t="58" w="55" /><ent r="3" t="58" w="216" /><ent r="3" t="58" w="216" /><ent r="5" t="58" w="223" /><ent r="5" t="58" w="223" /><ent r="1000" t="59" w="4" /><ent r="1000" t="59" w="4" /><ent r="100" t="59" w="13" /><ent r="102" t="59" w="25" /><ent r="102" t="59" w="25" /><ent r="3" t="59" w="42" /><ent r="3" t="59" w="42" /><ent r="3" t="59" w="59" /><ent r="3" t="59" w="59" /><ent r="3" t="59" w="148" /><ent r="3" t="59" w="148" /><ent r="5" t="59" w="156" /><ent r="5" t="59" w="156" /><ent r="3" t="60" w="169" /><ent r="3" t="60" w="169" /><ent r="3" t="60" w="204" /><ent r="3" t="60" w="204" /></phr><phr n="bridging-configuration"><ent r="3" t="5" w="34" /><ent r="3" t="17" w="198" /><ent r="3" t="17" w="242" /><ent r="3" t="19" w="236" /><ent r="3" t="56" w="234" /><ent r="3" t="60" w="124" /><ent r="3" t="60" w="124" /></phr><phr n="identity-bridging"><ent r="4" t="9" w="294" /><ent r="4" t="9" w="294" /></phr></stem><stem n="bridgin"><phr n="bridging"><ent r="4" t="0" w="129" /><ent r="4" t="0" w="129" /><ent r="3" t="3" w="210" /><ent r="3" t="3" w="210" /><ent r="3" t="3" w="251" /><ent r="3" t="3" w="251" /><ent r="3" t="3" w="296" /><ent r="3" t="3" w="296" /><ent r="3" t="3" w="362" /><ent r="3" t="5" w="34" /><ent r="3" t="5" w="68" /><ent r="3" t="5" w="68" /><ent r="4" t="9" w="295" /><ent r="3" t="17" w="152" /><ent r="3" t="17" w="152" /><ent r="3" t="17" w="198" /><ent r="3" t="17" w="242" /><ent r="64" t="19" w="103" /><ent r="64" t="19" w="103" /><ent r="3" t="19" w="236" /><ent r="100" t="48" w="11" /><ent r="100" t="48" w="11" /><ent r="100" t="48" w="16" /><ent r="100" t="48" w="16" /><ent r="100" t="48" w="21" /><ent r="100" t="48" w="21" /><ent r="100" t="48" w="28" /><ent r="100" t="48" w="28" /><ent r="3" t="48" w="249" /><ent r="3" t="48" w="249" /><ent r="3" t="48" w="268" /><ent r="3" t="48" w="330" /><ent r="3" t="48" w="330" /><ent r="3" t="48" w="382" /><ent r="3" t="48" w="382" /><ent r="3" t="48" w="501" /><ent r="3" t="48" w="525" /><ent r="3" t="48" w="525" /><ent r="3" t="48" w="626" /><ent r="3" t="48" w="638" /><ent r="3" t="48" w="638" /><ent r="3" t="49" w="34" /><ent r="3" t="49" w="34" /><ent r="3" t="49" w="83" /><ent r="3" t="49" w="83" /><ent r="4" t="49" w="120" /><ent r="4" t="49" w="120" /><ent r="100" t="49" w="159" /><ent r="100" t="49" w="159" /><ent r="100" t="49" w="164" /><ent r="100" t="49" w="164" /><ent r="4" t="49" w="180" /><ent r="4" t="49" w="180" /><ent r="4" t="49" w="282" /><ent r="4" t="49" w="282" /><ent r="4" t="49" w="359" /><ent r="4" t="49" w="359" /><ent r="64" t="50" w="81" /><ent r="64" t="50" w="81" /><ent r="6" t="50" w="140" /><ent r="6" t="50" w="140" /><ent r="64" t="51" w="105" /><ent r="64" t="51" w="105" /><ent r="6" t="51" w="172" /><ent r="6" t="51" w="172" /><ent r="3" t="52" w="34" /><ent r="3" t="52" w="34" /><ent r="64" t="52" w="79" /><ent r="64" t="52" w="79" /><ent r="3" t="52" w="115" /><ent r="3" t="52" w="115" /><ent r="3" t="53" w="55" /><ent r="3" t="53" w="55" /><ent r="64" t="53" w="100" /><ent r="64" t="53" w="100" /><ent r="3" t="53" w="115" /><ent r="3" t="53" w="115" /><ent r="3" t="53" w="217" /><ent r="3" t="53" w="217" /><ent r="64" t="54" w="59" /><ent r="64" t="54" w="59" /><ent r="3" t="55" w="48" /><ent r="3" t="55" w="48" /><ent r="3" t="55" w="341" /><ent r="69" t="55" w="1000" /><ent r="69" t="55" w="1000" /><ent r="100" t="56" w="15" /><ent r="100" t="56" w="15" /><ent r="100" t="56" w="32" /><ent r="100" t="56" w="32" /><ent r="64" t="56" w="90" /><ent r="64" t="56" w="90" /><ent r="3" t="56" w="234" /><ent r="3" t="56" w="289" /><ent r="3" t="56" w="289" /><ent r="100" t="57" w="8" /><ent r="100" t="57" w="8" /><ent r="100" t="57" w="12" /><ent r="100" t="57" w="12" /><ent r="64" t="57" w="50" /><ent r="64" t="57" w="50" /><ent r="4" t="57" w="128" /><ent r="4" t="57" w="128" /><ent r="100" t="58" w="19" /><ent r="100" t="58" w="19" /><ent r="7" t="58" w="367" /><ent r="7" t="58" w="367" /><ent r="100" t="59" w="20" /><ent r="100" t="59" w="20" /><ent r="3" t="60" w="37" /><ent r="3" t="60" w="37" /><ent r="3" t="60" w="124" /></phr><phr n="Bridging"><ent r="65" t="0" w="146" /><ent r="65" t="0" w="146" /><ent r="64" t="3" w="366" /><ent r="64" t="3" w="366" /><ent r="64" t="5" w="85" /><ent r="64" t="5" w="85" /><ent r="65" t="9" w="300" /><ent r="65" t="9" w="300" /><ent r="64" t="17" w="160" /><ent r="64" t="17" w="160" /><ent r="64" t="17" w="247" /><ent r="64" t="17" w="247" /><ent r="100" t="19" w="17" /><ent r="64" t="19" w="241" /><ent r="64" t="19" w="241" /><ent r="1000" t="48" w="2" /><ent r="1000" t="48" w="2" /><ent r="100" t="48" w="5" /><ent r="100" t="48" w="5" /><ent r="102" t="48" w="31" /><ent r="102" t="48" w="31" /><ent r="92" t="48" w="241" /><ent r="92" t="48" w="241" /><ent r="72" t="48" w="440" /><ent r="72" t="48" w="440" /><ent r="3" t="48" w="449" /><ent r="3" t="48" w="449" /><ent r="72" t="48" w="461" /><ent r="72" t="48" w="461" /><ent r="3" t="48" w="472" /><ent r="3" t="48" w="472" /><ent r="92" t="48" w="481" /><ent r="92" t="48" w="481" /><ent r="1000" t="49" w="2" /><ent r="1000" t="49" w="2" /><ent r="100" t="49" w="6" /><ent r="102" t="49" w="12" /><ent r="102" t="49" w="12" /><ent r="4" t="49" w="126" /><ent r="4" t="49" w="215" /><ent r="4" t="49" w="238" /><ent r="5" t="50" w="115" /><ent r="5" t="50" w="115" /><ent r="67" t="50" w="145" /><ent r="67" t="50" w="145" /><ent r="67" t="50" w="551" /><ent r="67" t="50" w="551" /><ent r="6" t="50" w="572" /><ent r="6" t="50" w="572" /><ent r="5" t="51" w="145" /><ent r="5" t="51" w="145" /><ent r="67" t="51" w="177" /><ent r="67" t="51" w="177" /><ent r="6" t="51" w="636" /><ent r="6" t="51" w="636" /><ent r="6" t="51" w="641" /><ent r="6" t="51" w="641" /><ent r="67" t="51" w="650" /><ent r="67" t="51" w="650" /><ent r="67" t="51" w="656" /><ent r="67" t="51" w="656" /><ent r="1000" t="55" w="6" /><ent r="1000" t="55" w="6" /><ent r="102" t="55" w="27" /><ent r="102" t="55" w="27" /><ent r="1000" t="56" w="6" /><ent r="1000" t="56" w="6" /><ent r="100" t="56" w="18" /><ent r="100" t="56" w="23" /><ent r="100" t="56" w="39" /><ent r="100" t="56" w="39" /><ent r="102" t="56" w="46" /><ent r="102" t="56" w="46" /><ent r="64" t="56" w="215" /><ent r="64" t="56" w="215" /><ent r="65" t="57" w="99" /><ent r="65" t="57" w="99" /><ent r="65" t="57" w="146" /><ent r="65" t="57" w="146" /><ent r="1000" t="58" w="3" /><ent r="1000" t="58" w="3" /><ent r="100" t="58" w="7" /><ent r="100" t="58" w="15" /><ent r="100" t="58" w="15" /><ent r="102" t="58" w="23" /><ent r="102" t="58" w="23" /><ent r="3" t="58" w="37" /><ent r="3" t="58" w="37" /><ent r="3" t="58" w="55" /><ent r="3" t="58" w="55" /><ent r="3" t="58" w="216" /><ent r="3" t="58" w="216" /><ent r="5" t="58" w="223" /><ent r="5" t="58" w="223" /><ent r="1000" t="59" w="4" /><ent r="1000" t="59" w="4" /><ent r="100" t="59" w="13" /><ent r="102" t="59" w="25" /><ent r="102" t="59" w="25" /><ent r="3" t="59" w="42" /><ent r="3" t="59" w="42" /><ent r="3" t="59" w="59" /><ent r="3" t="59" w="59" /><ent r="3" t="59" w="148" /><ent r="3" t="59" w="148" /><ent r="5" t="59" w="156" /><ent r="5" t="59" w="156" /><ent r="3" t="60" w="169" /><ent r="3" t="60" w="169" /><ent r="3" t="60" w="204" /><ent r="3" t="60" w="204" /></phr><phr n="bridging-configuration"><ent r="3" t="5" w="34" /><ent r="3" t="17" w="198" /><ent r="3" t="17" w="242" /><ent r="3" t="19" w="236" /><ent r="3" t="56" w="234" /><ent r="3" t="60" w="124" /><ent r="3" t="60" w="124" /></phr><phr n="identity-bridging"><ent r="4" t="9" w="294" /><ent r="4" t="9" w="294" /></phr></stem></index>