﻿<?xml version="1.0" encoding="utf-8"?><index><stem n="box"><phr n="box"><ent r="6" t="2" w="381" /><ent r="5" t="7" w="377" /><ent r="7" t="17" w="512" /><ent r="7" t="17" w="584" /><ent r="6" t="17" w="640" /><ent r="6" t="17" w="747" /><ent r="6" t="17" w="854" /><ent r="6" t="17" w="878" /><ent r="6" t="17" w="962" /><ent r="6" t="17" w="1582" /><ent r="7" t="17" w="1681" /><ent r="4" t="17" w="2033" /><ent r="4" t="17" w="2055" /><ent r="3" t="17" w="2068" /><ent r="3" t="17" w="2124" /><ent r="3" t="17" w="2152" /><ent r="4" t="19" w="626" /><ent r="4" t="19" w="648" /><ent r="3" t="19" w="661" /><ent r="3" t="19" w="717" /><ent r="3" t="19" w="745" /><ent r="6" t="20" w="341" /><ent r="4" t="20" w="826" /><ent r="4" t="20" w="848" /><ent r="3" t="20" w="863" /><ent r="3" t="20" w="919" /><ent r="3" t="20" w="947" /><ent r="4" t="21" w="879" /><ent r="4" t="21" w="901" /><ent r="3" t="21" w="918" /><ent r="3" t="21" w="974" /><ent r="3" t="21" w="1002" /><ent r="7" t="23" w="628" /><ent r="7" t="23" w="662" /><ent r="7" t="23" w="736" /><ent r="7" t="26" w="274" /><ent r="7" t="26" w="347" /><ent r="6" t="26" w="403" /><ent r="6" t="26" w="526" /><ent r="6" t="26" w="646" /><ent r="6" t="26" w="670" /><ent r="6" t="26" w="757" /><ent r="6" t="26" w="1136" /><ent r="7" t="26" w="1235" /><ent r="3" t="26" w="1538" /><ent r="3" t="26" w="1566" /><ent r="4" t="26" w="1687" /><ent r="7" t="28" w="569" /><ent r="4" t="30" w="206" /><ent r="4" t="30" w="215" /><ent r="7" t="32" w="467" /><ent r="7" t="49" w="304" /><ent r="7" t="49" w="353" /><ent r="4" t="50" w="902" /><ent r="7" t="54" w="465" /><ent r="7" t="54" w="511" /><ent r="8" t="54" w="648" /><ent r="8" t="54" w="860" /><ent r="8" t="54" w="879" /><ent r="8" t="54" w="912" /><ent r="8" t="54" w="1293" /><ent r="8" t="54" w="1312" /><ent r="7" t="57" w="376" /></phr><phr n="boxes"><ent r="7" t="54" w="504" /><ent r="7" t="54" w="1381" /></phr></stem><stem n="titl"><phr n="title"><ent r="6" t="2" w="401" /><ent r="6" t="2" w="452" /></phr></stem><stem n="let"><phr n="Lets"><ent r="6" t="2" w="413" /></phr></stem><stem n="word"><phr n="word"><ent r="6" t="2" w="418" /><ent r="6" t="2" w="442" /></phr><phr n="words"><ent r="3" t="39" w="480" /><ent r="3" t="41" w="1499" /><ent r="3" t="47" w="424" /></phr></stem><stem n="entir"><phr n="entire"><ent r="6" t="2" w="421" /><ent r="5" t="12" w="172" /><ent r="3" t="20" w="66" /><ent r="3" t="28" w="656" /><ent r="4" t="65" w="178" /></phr><phr n="entirely"><ent r="3" t="3" w="233" /></phr></stem><stem n="just"><phr n="just"><ent r="6" t="2" w="425" /><ent r="6" t="44" w="319" /></phr></stem><stem n="go"><phr n="Go"><ent r="7" t="2" w="430" /></phr><phr n="go"><ent r="6" t="4" w="250" /></phr><phr n="going"><ent r="3" t="44" w="32" /></phr></stem><stem n="begin"><phr n="begin"><ent r="6" t="2" w="433" /></phr><phr n="beginning"><ent r="7" t="17" w="1928" /><ent r="7" t="19" w="521" /><ent r="7" t="20" w="721" /><ent r="7" t="21" w="774" /><ent r="7" t="26" w="1429" /><ent r="3" t="28" w="658" /><ent r="3" t="32" w="69" /></phr><phr n="begins"><ent r="8" t="23" w="719" /><ent r="5" t="26" w="1665" /><ent r="9" t="28" w="528" /><ent r="82" t="31" w="257" /><ent r="3" t="31" w="264" /><ent r="3" t="31" w="303" /><ent r="5" t="31" w="351" /><ent r="5" t="31" w="487" /><ent r="4" t="31" w="626" /><ent r="5" t="31" w="702" /><ent r="8" t="32" w="310" /><ent r="8" t="32" w="369" /><ent r="4" t="44" w="222" /></phr></stem><stem n="[left"><phr n="[left"><ent r="7" t="2" w="462" /></phr></stem><stem n="depend"><phr n="Depending"><ent r="6" t="2" w="465" /><ent r="3" t="28" w="639" /></phr><phr n="depending"><ent r="3" t="24" w="908" /><ent r="3" t="40" w="185" /><ent r="3" t="41" w="203" /><ent r="8" t="54" w="693" /><ent r="8" t="54" w="954" /><ent r="4" t="67" w="702" /></phr></stem><stem n="result"><phr n="results"><ent r="6" t="2" w="482" /><ent r="3" t="46" w="661" /><ent r="3" t="47" w="81" /><ent r="4" t="54" w="1572" /></phr><phr n="result"><ent r="5" t="31" w="670" /></phr><phr n="resulting"><ent r="3" t="47" w="221" /></phr><phr n="Results"><ent r="4" t="54" w="1579" /></phr></stem><stem n="etc"><phr n="etc"><ent r="6" t="2" w="483" /><ent r="7" t="10" w="122" /></phr></stem><stem n="[right"><phr n="[right"><ent r="7" t="2" w="485" /></phr></stem><stem n="&quot;identity&quot;"><phr n="&quot;identity&quot;"><ent r="3" t="3" w="21" /></phr></stem><stem n="both"><phr n="both"><ent r="3" t="3" w="22" /><ent r="3" t="3" w="40" /><ent r="3" t="9" w="345" /><ent r="3" t="9" w="363" /><ent r="3" t="27" w="38" /><ent r="3" t="36" w="524" /><ent r="3" t="37" w="271" /><ent r="3" t="40" w="200" /><ent r="7" t="42" w="122" /><ent r="7" t="42" w="233" /><ent r="3" t="50" w="1047" /><ent r="6" t="54" w="628" /><ent r="9" t="54" w="1175" /><ent r="4" t="56" w="107" /><ent r="3" t="67" w="652" /></phr><phr n="Both"><ent r="3" t="49" w="60" /><ent r="8" t="50" w="316" /><ent r="7" t="50" w="378" /><ent r="82" t="50" w="1038" /></phr></stem><stem n="group"><phr n="groups"><ent r="3" t="3" w="25" /><ent r="3" t="9" w="348" /><ent r="64" t="47" w="584" /><ent r="64" t="47" w="589" /><ent r="6" t="49" w="503" /><ent r="6" t="49" w="507" /><ent r="6" t="50" w="518" /><ent r="6" t="50" w="522" /><ent r="3" t="52" w="287" /><ent r="3" t="52" w="291" /><ent r="3" t="52" w="299" /><ent r="100" t="53" w="11" /><ent r="100" t="53" w="13" /><ent r="100" t="53" w="18" /><ent r="100" t="53" w="20" /><ent r="100" t="53" w="25" /><ent r="100" t="53" w="27" /><ent r="100" t="53" w="33" /><ent r="100" t="53" w="36" /><ent r="100" t="53" w="63" /><ent r="3" t="53" w="80" /><ent r="3" t="53" w="83" /><ent r="3" t="53" w="98" /><ent r="3" t="53" w="115" /><ent r="3" t="53" w="119" /><ent r="3" t="53" w="294" /><ent r="3" t="53" w="302" /><ent r="4" t="54" w="135" /><ent r="4" t="54" w="139" /><ent r="3" t="54" w="296" /><ent r="3" t="54" w="300" /><ent r="7" t="54" w="1388" /><ent r="4" t="54" w="1607" /><ent r="4" t="54" w="1611" /><ent r="3" t="54" w="1673" /><ent r="3" t="54" w="1677" /></phr><phr n="group"><ent r="3" t="16" w="43" /><ent r="3" t="18" w="87" /><ent r="7" t="50" w="556" /><ent r="7" t="50" w="596" /><ent r="4" t="50" w="967" /><ent r="100" t="53" w="74" /><ent r="3" t="53" w="315" /><ent r="3" t="53" w="419" /><ent r="3" t="53" w="444" /></phr><phr n="Group"><ent r="6" t="49" w="519" /><ent r="6" t="49" w="525" /><ent r="6" t="50" w="534" /><ent r="6" t="50" w="540" /><ent r="3" t="53" w="516" /><ent r="3" t="53" w="527" /><ent r="3" t="53" w="535" /><ent r="5" t="54" w="1435" /><ent r="3" t="54" w="1626" /></phr><phr n="Groups"><ent r="64" t="52" w="317" /><ent r="3" t="52" w="425" /><ent r="1000" t="53" w="6" /><ent r="100" t="53" w="46" /><ent r="102" t="53" w="53" /><ent r="3" t="53" w="291" /><ent r="3" t="53" w="310" /><ent r="3" t="53" w="499" /></phr></stem><stem n="&quot;user&quot;"><phr n="&quot;user&quot;"><ent r="3" t="3" w="29" /></phr></stem><stem n="individu"><phr n="individual"><ent r="3" t="3" w="32" /><ent r="3" t="9" w="355" /><ent r="4" t="50" w="1160" /><ent r="3" t="54" w="1680" /></phr><phr n="Individual"><ent r="3" t="27" w="249" /><ent r="3" t="29" w="94" /><ent r="4" t="48" w="458" /><ent r="4" t="48" w="593" /><ent r="8" t="50" w="359" /><ent r="82" t="50" w="803" /><ent r="3" t="50" w="948" /><ent r="82" t="50" w="1042" /></phr></stem><stem n="human"><phr n="human"><ent r="3" t="3" w="33" /><ent r="3" t="9" w="356" /></phr></stem><stem n="machin"><phr n="machine"><ent r="3" t="3" w="35" /><ent r="3" t="3" w="456" /><ent r="3" t="7" w="485" /><ent r="4" t="7" w="705" /><ent r="4" t="7" w="764" /><ent r="3" t="8" w="271" /><ent r="3" t="9" w="358" /><ent r="3" t="17" w="128" /><ent r="3" t="19" w="185" /><ent r="3" t="20" w="204" /><ent r="3" t="21" w="175" /><ent r="8" t="23" w="543" /><ent r="3" t="39" w="189" /><ent r="3" t="39" w="238" /><ent r="3" t="39" w="270" /><ent r="6" t="46" w="172" /></phr><phr n="machines"><ent r="3" t="8" w="75" /><ent r="3" t="39" w="200" /></phr></stem><stem n="“service”"><phr n="“service”"><ent r="3" t="3" w="39" /><ent r="3" t="9" w="362" /><ent r="3" t="27" w="33" /><ent r="3" t="37" w="270" /><ent r="3" t="40" w="199" /></phr></stem><stem n="&quot;gateway&quot;"><phr n="&quot;Gateway&quot;"><ent r="3" t="3" w="50" /></phr></stem><stem n="-side"><phr n="-side"><ent r="3" t="3" w="66" /><ent r="3" t="3" w="66" /><ent r="3" t="3" w="101" /><ent r="3" t="3" w="101" /><ent r="4" t="17" w="2020" /><ent r="4" t="17" w="2020" /><ent r="4" t="19" w="613" /><ent r="4" t="19" w="613" /><ent r="4" t="20" w="813" /><ent r="4" t="20" w="813" /><ent r="4" t="21" w="866" /><ent r="4" t="21" w="866" /><ent r="4" t="26" w="1526" /><ent r="4" t="26" w="1526" /><ent r="3" t="39" w="104" /><ent r="3" t="39" w="104" /><ent r="3" t="47" w="506" /><ent r="3" t="47" w="506" /><ent r="3" t="47" w="683" /><ent r="3" t="47" w="683" /></phr><phr n="-Side"><ent r="82" t="48" w="96" /><ent r="82" t="48" w="96" /></phr></stem><stem n="client-sid"><phr n="client-side"><ent r="3" t="3" w="66" /><ent r="3" t="3" w="101" /><ent r="4" t="17" w="2020" /><ent r="4" t="19" w="613" /><ent r="4" t="20" w="813" /><ent r="4" t="21" w="866" /><ent r="4" t="26" w="1526" /><ent r="3" t="39" w="104" /></phr></stem><stem n="side"><phr n="side"><ent r="3" t="3" w="67" /><ent r="3" t="3" w="102" /><ent r="4" t="17" w="2021" /><ent r="4" t="19" w="614" /><ent r="4" t="20" w="814" /><ent r="4" t="21" w="867" /><ent r="4" t="26" w="1527" /><ent r="3" t="39" w="105" /><ent r="3" t="47" w="507" /><ent r="3" t="47" w="684" /></phr><phr n="sides"><ent r="7" t="42" w="123" /><ent r="7" t="42" w="234" /></phr><phr n="Side"><ent r="82" t="48" w="97" /></phr></stem><stem n="automat"><phr n="automatically"><ent r="3" t="3" w="70" /><ent r="3" t="3" w="129" /><ent r="3" t="3" w="192" /><ent r="4" t="5" w="179" /><ent r="3" t="8" w="267" /><ent r="3" t="12" w="228" /><ent r="3" t="13" w="101" /><ent r="4" t="13" w="243" /><ent r="3" t="13" w="279" /><ent r="3" t="14" w="97" /><ent r="3" t="16" w="94" /><ent r="7" t="17" w="1668" /><ent r="3" t="17" w="2309" /><ent r="3" t="17" w="2355" /><ent r="3" t="19" w="902" /><ent r="3" t="19" w="948" /><ent r="3" t="20" w="1104" /><ent r="3" t="20" w="1150" /><ent r="3" t="21" w="1159" /><ent r="3" t="21" w="1205" /><ent r="7" t="26" w="1222" /><ent r="3" t="26" w="1776" /><ent r="3" t="27" w="225" /><ent r="3" t="28" w="291" /><ent r="7" t="28" w="575" /><ent r="3" t="29" w="78" /><ent r="3" t="30" w="69" /><ent r="3" t="30" w="100" /><ent r="7" t="32" w="542" /><ent r="3" t="33" w="98" /><ent r="3" t="36" w="289" /><ent r="3" t="36" w="349" /><ent r="3" t="38" w="112" /><ent r="3" t="40" w="100" /><ent r="3" t="41" w="719" /><ent r="3" t="41" w="834" /><ent r="3" t="41" w="887" /><ent r="3" t="41" w="1737" /><ent r="3" t="41" w="1944" /><ent r="3" t="55" w="159" /></phr><phr n="automatic"><ent r="3" t="17" w="2283" /><ent r="3" t="19" w="876" /><ent r="3" t="20" w="1078" /><ent r="3" t="21" w="1133" /></phr><phr n="Automatically"><ent r="4" t="28" w="51" /></phr></stem><stem n="negoti"><phr n="negotiates"><ent r="3" t="3" w="71" /></phr><phr n="negotiate"><ent r="4" t="28" w="891" /><ent r="4" t="28" w="962" /></phr></stem><stem n="-specif"><phr n="-specific"><ent r="3" t="3" w="72" /><ent r="3" t="3" w="72" /><ent r="3" t="41" w="31" /><ent r="3" t="41" w="31" /></phr></stem><stem n="policy-specif"><phr n="policy-specific"><ent r="3" t="3" w="72" /></phr></stem><stem n="prefer"><phr n="preferences"><ent r="3" t="3" w="77" /></phr><phr n="preferred"><ent r="3" t="46" w="551" /></phr></stem><stem n="real"><phr n="real"><ent r="3" t="3" w="82" /><ent r="3" t="3" w="132" /></phr></stem><stem n="real-tim"><phr n="real-time"><ent r="3" t="3" w="82" /><ent r="3" t="3" w="132" /></phr></stem><stem n="time"><phr n="time"><ent r="3" t="3" w="83" /><ent r="3" t="3" w="133" /><ent r="4" t="5" w="183" /><ent r="3" t="10" w="232" /><ent r="3" t="41" w="506" /><ent r="3" t="41" w="891" /><ent r="6" t="46" w="168" /><ent r="7" t="62" w="148" /><ent r="100" t="65" w="11" /><ent r="100" t="65" w="15" /><ent r="3" t="65" w="33" /><ent r="3" t="65" w="59" /><ent r="3" t="65" w="72" /><ent r="3" t="65" w="105" /><ent r="4" t="65" w="170" /></phr><phr n="times"><ent r="3" t="7" w="60" /><ent r="3" t="8" w="60" /></phr><phr n="Time"><ent r="68" t="62" w="160" /><ent r="1000" t="65" w="4" /><ent r="100" t="65" w="19" /><ent r="102" t="65" w="26" /></phr></stem><stem n="-time."><phr n="-time."><ent r="3" t="3" w="84" /><ent r="3" t="3" w="84" /></phr></stem><stem n="send"><phr n="send"><ent r="3" t="3" w="86" /><ent r="4" t="5" w="219" /><ent r="3" t="9" w="157" /><ent r="6" t="17" w="753" /><ent r="6" t="26" w="532" /><ent r="4" t="28" w="923" /><ent r="3" t="36" w="210" /><ent r="3" t="36" w="290" /><ent r="3" t="36" w="500" /><ent r="3" t="37" w="246" /><ent r="3" t="39" w="290" /><ent r="3" t="39" w="331" /><ent r="3" t="39" w="499" /><ent r="3" t="41" w="521" /></phr><phr n="sending"><ent r="4" t="5" w="241" /><ent r="3" t="9" w="213" /><ent r="3" t="27" w="171" /><ent r="4" t="28" w="1020" /></phr><phr n="sends"><ent r="3" t="36" w="601" /><ent r="3" t="39" w="68" /><ent r="3" t="41" w="1361" /></phr><phr n="Send"><ent r="9" t="54" w="1086" /></phr></stem><stem n="request"><phr n="requests"><ent r="3" t="3" w="88" /><ent r="3" t="9" w="86" /><ent r="3" t="9" w="140" /><ent r="3" t="9" w="158" /><ent r="3" t="9" w="174" /><ent r="3" t="9" w="188" /><ent r="3" t="9" w="214" /><ent r="3" t="14" w="44" /><ent r="3" t="15" w="69" /><ent r="3" t="16" w="106" /><ent r="3" t="18" w="65" /><ent r="4" t="18" w="134" /><ent r="5" t="24" w="241" /><ent r="4" t="28" w="1022" /><ent r="3" t="39" w="70" /><ent r="3" t="39" w="81" /><ent r="3" t="39" w="94" /><ent r="3" t="39" w="197" /><ent r="3" t="39" w="211" /><ent r="3" t="39" w="292" /><ent r="3" t="39" w="333" /><ent r="3" t="41" w="1298" /><ent r="3" t="44" w="168" /><ent r="3" t="46" w="376" /><ent r="3" t="52" w="129" /><ent r="3" t="60" w="105" /><ent r="3" t="63" w="117" /></phr><phr n="requesting"><ent r="3" t="3" w="269" /><ent r="6" t="20" w="315" /><ent r="3" t="47" w="56" /><ent r="3" t="47" w="191" /></phr><phr n="request"><ent r="3" t="3" w="310" /><ent r="3" t="3" w="352" /><ent r="4" t="5" w="220" /><ent r="4" t="5" w="242" /><ent r="4" t="5" w="262" /><ent r="4" t="5" w="268" /><ent r="3" t="13" w="317" /><ent r="6" t="17" w="758" /><ent r="6" t="17" w="784" /><ent r="7" t="17" w="1974" /><ent r="7" t="17" w="1976" /><ent r="3" t="17" w="2073" /><ent r="3" t="17" w="2114" /><ent r="7" t="19" w="567" /><ent r="7" t="19" w="569" /><ent r="3" t="19" w="666" /><ent r="3" t="19" w="707" /><ent r="6" t="20" w="331" /><ent r="6" t="20" w="336" /><ent r="7" t="20" w="767" /><ent r="7" t="20" w="769" /><ent r="3" t="20" w="868" /><ent r="3" t="20" w="909" /><ent r="6" t="21" w="287" /><ent r="6" t="21" w="372" /><ent r="7" t="21" w="820" /><ent r="7" t="21" w="822" /><ent r="3" t="21" w="923" /><ent r="3" t="21" w="964" /><ent r="3" t="24" w="914" /><ent r="3" t="25" w="80" /><ent r="4" t="26" w="113" /><ent r="6" t="26" w="537" /><ent r="6" t="26" w="563" /><ent r="7" t="26" w="1475" /><ent r="7" t="26" w="1477" /><ent r="4" t="26" w="1677" /><ent r="3" t="26" w="1707" /><ent r="3" t="27" w="77" /><ent r="3" t="27" w="172" /><ent r="3" t="28" w="160" /><ent r="3" t="28" w="181" /><ent r="7" t="28" w="452" /><ent r="7" t="28" w="465" /><ent r="7" t="28" w="487" /><ent r="8" t="28" w="515" /><ent r="8" t="28" w="534" /><ent r="3" t="28" w="649" /><ent r="4" t="28" w="1044" /><ent r="4" t="28" w="1182" /><ent r="4" t="28" w="1192" /><ent r="4" t="28" w="1255" /><ent r="4" t="28" w="1291" /><ent r="3" t="31" w="45" /><ent r="3" t="31" w="162" /><ent r="3" t="31" w="182" /><ent r="3" t="31" w="229" /><ent r="3" t="31" w="239" /><ent r="3" t="31" w="272" /><ent r="3" t="31" w="318" /><ent r="3" t="31" w="333" /><ent r="4" t="31" w="483" /><ent r="3" t="31" w="523" /><ent r="4" t="31" w="535" /><ent r="4" t="31" w="580" /><ent r="5" t="31" w="647" /><ent r="5" t="31" w="673" /><ent r="5" t="31" w="687" /><ent r="3" t="32" w="58" /><ent r="3" t="32" w="87" /><ent r="3" t="32" w="109" /><ent r="3" t="32" w="121" /><ent r="3" t="32" w="133" /><ent r="3" t="32" w="143" /><ent r="7" t="32" w="394" /><ent r="7" t="32" w="421" /><ent r="3" t="36" w="26" /><ent r="3" t="36" w="124" /><ent r="3" t="36" w="148" /><ent r="3" t="36" w="186" /><ent r="3" t="36" w="200" /><ent r="3" t="36" w="251" /><ent r="3" t="36" w="267" /><ent r="3" t="36" w="306" /><ent r="3" t="36" w="359" /><ent r="3" t="36" w="389" /><ent r="4" t="37" w="129" /><ent r="4" t="37" w="157" /><ent r="4" t="37" w="197" /><ent r="3" t="37" w="232" /><ent r="3" t="37" w="248" /><ent r="3" t="38" w="28" /><ent r="3" t="39" w="378" /><ent r="3" t="39" w="501" /><ent r="3" t="39" w="579" /><ent r="3" t="39" w="593" /><ent r="3" t="39" w="671" /><ent r="3" t="39" w="685" /><ent r="3" t="39" w="743" /><ent r="4" t="39" w="773" /><ent r="4" t="39" w="801" /><ent r="4" t="39" w="823" /><ent r="3" t="39" w="844" /><ent r="3" t="39" w="861" /><ent r="3" t="39" w="961" /><ent r="3" t="39" w="983" /><ent r="3" t="39" w="1130" /><ent r="3" t="39" w="1155" /><ent r="3" t="41" w="70" /><ent r="3" t="41" w="526" /><ent r="3" t="41" w="585" /><ent r="3" t="41" w="1369" /><ent r="7" t="42" w="208" /><ent r="7" t="42" w="370" /><ent r="7" t="42" w="428" /><ent r="3" t="44" w="174" /><ent r="6" t="44" w="261" /><ent r="6" t="44" w="316" /><ent r="6" t="44" w="361" /><ent r="3" t="46" w="286" /><ent r="4" t="46" w="596" /><ent r="3" t="46" w="607" /><ent r="3" t="46" w="615" /><ent r="3" t="46" w="623" /><ent r="5" t="46" w="702" /><ent r="3" t="47" w="695" /><ent r="4" t="50" w="1028" /><ent r="4" t="50" w="1206" /><ent r="4" t="53" w="154" /><ent r="3" t="53" w="263" /><ent r="3" t="53" w="321" /><ent r="6" t="54" w="578" /><ent r="8" t="54" w="742" /><ent r="8" t="54" w="779" /><ent r="9" t="54" w="796" /><ent r="9" t="54" w="820" /><ent r="9" t="54" w="1077" /><ent r="9" t="54" w="1088" /><ent r="9" t="54" w="1203" /><ent r="9" t="54" w="1248" /><ent r="7" t="62" w="88" /><ent r="7" t="62" w="177" /><ent r="3" t="63" w="32" /></phr><phr n="Requests"><ent r="3" t="9" w="162" /><ent r="6" t="17" w="1543" /><ent r="6" t="17" w="1689" /><ent r="5" t="24" w="234" /><ent r="6" t="26" w="1100" /><ent r="6" t="26" w="1243" /></phr><phr n="Request"><ent r="3" t="13" w="314" /><ent r="8" t="17" w="1480" /><ent r="10" t="17" w="1500" /><ent r="6" t="21" w="360" /><ent r="5" t="24" w="259" /><ent r="6" t="24" w="373" /><ent r="3" t="24" w="904" /><ent r="82" t="31" w="504" /><ent r="64" t="36" w="94" /><ent r="100" t="36" w="105" /><ent r="92" t="36" w="109" /><ent r="82" t="36" w="176" /><ent r="82" t="36" w="239" /><ent r="82" t="36" w="376" /><ent r="5" t="41" w="1171" /><ent r="82" t="41" w="1212" /><ent r="3" t="41" w="1352" /><ent r="68" t="62" w="100" /><ent r="68" t="62" w="127" /><ent r="1000" t="63" w="2" /><ent r="102" t="63" w="24" /></phr><phr n="requester"><ent r="3" t="55" w="130" /></phr></stem><stem n="proxi"><phr n="proxy"><ent r="3" t="3" w="103" /><ent r="3" t="9" w="37" /><ent r="3" t="9" w="56" /><ent r="7" t="10" w="70" /><ent r="6" t="17" w="1562" /><ent r="7" t="17" w="1685" /><ent r="6" t="26" w="1116" /><ent r="7" t="26" w="1239" /><ent r="7" t="28" w="474" /><ent r="7" t="32" w="403" /><ent r="3" t="34" w="124" /><ent r="3" t="37" w="41" /><ent r="3" t="39" w="37" /><ent r="3" t="41" w="335" /><ent r="4" t="57" w="165" /><ent r="5" t="57" w="184" /><ent r="5" t="57" w="190" /><ent r="8" t="62" w="50" /><ent r="8" t="62" w="81" /><ent r="8" t="62" w="108" /><ent r="3" t="62" w="417" /><ent r="5" t="63" w="83" /><ent r="5" t="63" w="92" /><ent r="3" t="63" w="129" /><ent r="3" t="63" w="135" /><ent r="3" t="69" w="142" /><ent r="4" t="69" w="161" /></phr><phr n="Proxy"><ent r="8" t="10" w="67" /><ent r="100" t="17" w="1556" /><ent r="8" t="23" w="712" /><ent r="5" t="26" w="1657" /><ent r="3" t="28" w="176" /><ent r="7" t="28" w="426" /><ent r="8" t="28" w="440" /><ent r="7" t="28" w="483" /><ent r="4" t="28" w="636" /><ent r="6" t="31" w="448" /><ent r="3" t="32" w="51" /><ent r="8" t="32" w="380" /><ent r="8" t="32" w="416" /><ent r="4" t="39" w="878" /><ent r="3" t="39" w="1126" /><ent r="3" t="41" w="1806" /><ent r="7" t="57" w="266" /></phr><phr n="proxying"><ent r="3" t="41" w="865" /></phr></stem><stem n="appli"><phr n="applying"><ent r="3" t="3" w="104" /><ent r="3" t="41" w="868" /></phr><phr n="applied"><ent r="3" t="3" w="130" /><ent r="3" t="9" w="327" /><ent r="4" t="13" w="244" /><ent r="3" t="13" w="280" /><ent r="4" t="17" w="2218" /><ent r="4" t="19" w="811" /><ent r="4" t="20" w="1013" /><ent r="4" t="21" w="1068" /><ent r="3" t="32" w="106" /><ent r="3" t="36" w="483" /></phr><phr n="applies"><ent r="3" t="7" w="71" /><ent r="3" t="8" w="71" /><ent r="3" t="34" w="112" /><ent r="3" t="41" w="1651" /><ent r="3" t="67" w="384" /></phr><phr n="apply"><ent r="6" t="17" w="484" /><ent r="6" t="17" w="556" /><ent r="6" t="26" w="246" /><ent r="6" t="26" w="319" /><ent r="3" t="31" w="209" /><ent r="3" t="41" w="1681" /><ent r="3" t="41" w="1762" /><ent r="3" t="41" w="1843" /></phr><phr n="Applies"><ent r="6" t="21" w="268" /><ent r="6" t="21" w="275" /><ent r="7" t="21" w="313" /></phr><phr n="Apply"><ent r="4" t="26" w="1674" /><ent r="4" t="31" w="480" /><ent r="8" t="32" w="431" /></phr></stem><stem n="necessari"><phr n="necessary"><ent r="3" t="3" w="105" /><ent r="4" t="11" w="80" /><ent r="8" t="17" w="1307" /><ent r="4" t="22" w="120" /><ent r="3" t="26" w="1710" /><ent r="3" t="46" w="79" /><ent r="3" t="46" w="580" /><ent r="6" t="54" w="1528" /><ent r="4" t="54" w="1741" /><ent r="3" t="67" w="149" /></phr></stem><stem n="protocol"><phr n="protocols"><ent r="3" t="3" w="106" /></phr></stem><stem n="header"><phr n="headers"><ent r="3" t="3" w="107" /><ent r="6" t="22" w="515" /><ent r="6" t="22" w="663" /><ent r="6" t="22" w="693" /><ent r="4" t="44" w="104" /><ent r="6" t="44" w="369" /><ent r="3" t="46" w="371" /><ent r="4" t="46" w="458" /><ent r="3" t="46" w="499" /><ent r="3" t="46" w="521" /></phr><phr n="header"><ent r="6" t="22" w="521" /><ent r="6" t="22" w="528" /><ent r="6" t="22" w="538" /><ent r="6" t="22" w="545" /><ent r="6" t="22" w="562" /><ent r="6" t="22" w="590" /><ent r="6" t="22" w="599" /><ent r="6" t="22" w="606" /><ent r="3" t="28" w="174" /><ent r="7" t="28" w="376" /><ent r="3" t="28" w="633" /><ent r="3" t="32" w="49" /><ent r="3" t="34" w="122" /><ent r="3" t="36" w="621" /><ent r="3" t="38" w="59" /><ent r="3" t="39" w="693" /><ent r="3" t="39" w="740" /><ent r="4" t="39" w="914" /><ent r="4" t="44" w="92" /><ent r="3" t="46" w="295" /><ent r="4" t="46" w="598" /><ent r="3" t="46" w="609" /><ent r="3" t="46" w="617" /><ent r="3" t="46" w="625" /><ent r="3" t="46" w="645" /><ent r="5" t="46" w="704" /></phr><phr n="Headers"><ent r="92" t="46" w="366" /></phr><phr n="Header"><ent r="82" t="46" w="546" /></phr></stem><stem n="transform"><phr n="transformations"><ent r="3" t="3" w="109" /></phr><phr n="Transform"><ent r="6" t="22" w="492" /></phr></stem><stem n="requir"><phr n="required"><ent r="3" t="3" w="114" /><ent r="3" t="3" w="319" /><ent r="3" t="3" w="329" /><ent r="3" t="5" w="64" /><ent r="4" t="6" w="170" /><ent r="3" t="7" w="106" /><ent r="3" t="10" w="293" /><ent r="5" t="12" w="129" /><ent r="5" t="12" w="150" /><ent r="3" t="17" w="2303" /><ent r="3" t="17" w="2318" /><ent r="3" t="19" w="896" /><ent r="3" t="19" w="911" /><ent r="3" t="20" w="1098" /><ent r="3" t="20" w="1113" /><ent r="6" t="21" w="279" /><ent r="3" t="21" w="488" /><ent r="3" t="21" w="1153" /><ent r="3" t="21" w="1168" /><ent r="4" t="28" w="878" /><ent r="4" t="28" w="949" /><ent r="4" t="28" w="1031" /><ent r="4" t="28" w="1105" /><ent r="3" t="28" w="1140" /><ent r="4" t="28" w="1171" /><ent r="4" t="28" w="1207" /><ent r="4" t="28" w="1234" /><ent r="3" t="36" w="230" /><ent r="3" t="36" w="427" /><ent r="4" t="37" w="144" /><ent r="3" t="40" w="60" /><ent r="3" t="41" w="512" /><ent r="6" t="44" w="297" /><ent r="3" t="47" w="505" /><ent r="3" t="48" w="79" /><ent r="6" t="49" w="509" /><ent r="4" t="50" w="132" /><ent r="6" t="50" w="524" /><ent r="3" t="51" w="106" /><ent r="3" t="52" w="210" /><ent r="3" t="52" w="359" /><ent r="3" t="53" w="283" /><ent r="3" t="54" w="91" /><ent r="4" t="54" w="1613" /><ent r="3" t="54" w="1683" /><ent r="3" t="54" w="1765" /><ent r="3" t="55" w="271" /><ent r="3" t="67" w="610" /><ent r="3" t="67" w="663" /></phr><phr n="require"><ent r="3" t="5" w="157" /><ent r="5" t="7" w="412" /><ent r="3" t="10" w="304" /><ent r="7" t="17" w="491" /><ent r="7" t="17" w="563" /><ent r="6" t="21" w="310" /><ent r="6" t="24" w="351" /><ent r="7" t="26" w="253" /><ent r="7" t="26" w="326" /><ent r="8" t="28" w="513" /><ent r="3" t="41" w="850" /><ent r="3" t="54" w="272" /><ent r="8" t="54" w="711" /><ent r="8" t="54" w="862" /><ent r="8" t="54" w="887" /><ent r="8" t="54" w="972" /><ent r="8" t="54" w="1295" /><ent r="8" t="54" w="1320" /><ent r="3" t="69" w="221" /></phr><phr n="requires"><ent r="3" t="7" w="160" /><ent r="3" t="7" w="251" /><ent r="4" t="7" w="293" /><ent r="3" t="9" w="215" /><ent r="5" t="24" w="89" /><ent r="5" t="24" w="117" /><ent r="5" t="24" w="277" /><ent r="5" t="24" w="424" /><ent r="3" t="25" w="97" /><ent r="3" t="31" w="158" /><ent r="3" t="41" w="1700" /><ent r="7" t="42" w="212" /><ent r="7" t="42" w="375" /><ent r="7" t="42" w="422" /><ent r="3" t="46" w="245" /><ent r="3" t="47" w="50" /><ent r="8" t="54" w="739" /></phr><phr n="requirements"><ent r="6" t="17" w="901" /><ent r="6" t="26" w="693" /><ent r="3" t="27" w="91" /><ent r="3" t="27" w="278" /><ent r="3" t="28" w="32" /><ent r="4" t="28" w="70" /><ent r="3" t="28" w="184" /><ent r="3" t="28" w="807" /><ent r="3" t="28" w="1126" /><ent r="4" t="28" w="1196" /><ent r="3" t="31" w="248" /><ent r="3" t="32" w="152" /><ent r="3" t="36" w="138" /><ent r="3" t="36" w="192" /><ent r="3" t="36" w="259" /><ent r="3" t="36" w="312" /><ent r="3" t="36" w="395" /><ent r="3" t="36" w="482" /><ent r="4" t="37" w="64" /><ent r="4" t="37" w="143" /><ent r="4" t="37" w="189" /><ent r="3" t="39" w="989" /><ent r="3" t="39" w="1161" /><ent r="3" t="40" w="29" /><ent r="3" t="40" w="189" /><ent r="3" t="41" w="65" /><ent r="3" t="41" w="104" /><ent r="3" t="41" w="207" /><ent r="3" t="47" w="114" /><ent r="100" t="48" w="7" /><ent r="6" t="49" w="140" /><ent r="6" t="50" w="167" /><ent r="3" t="67" w="399" /><ent r="3" t="67" w="455" /><ent r="3" t="67" w="465" /><ent r="4" t="67" w="786" /><ent r="4" t="67" w="945" /><ent r="4" t="67" w="1007" /><ent r="4" t="67" w="1030" /></phr><phr n="Requires"><ent r="6" t="17" w="1719" /><ent r="6" t="19" w="312" /><ent r="6" t="20" w="512" /><ent r="6" t="21" w="565" /></phr><phr n="Require"><ent r="6" t="24" w="164" /><ent r="5" t="24" w="182" /><ent r="6" t="24" w="521" /><ent r="5" t="24" w="540" /><ent r="4" t="46" w="136" /><ent r="4" t="46" w="476" /><ent r="4" t="46" w="532" /><ent r="4" t="46" w="563" /><ent r="4" t="46" w="741" /><ent r="3" t="52" w="336" /><ent r="4" t="54" w="118" /><ent r="3" t="54" w="288" /><ent r="4" t="54" w="347" /><ent r="9" t="54" w="855" /><ent r="9" t="54" w="874" /><ent r="9" t="54" w="1288" /><ent r="9" t="54" w="1307" /></phr><phr n="Requirement"><ent r="5" t="28" w="873" /><ent r="5" t="28" w="1168" /><ent r="5" t="28" w="1228" /></phr><phr n="requirement"><ent r="4" t="28" w="1094" /><ent r="3" t="67" w="501" /><ent r="4" t="67" w="869" /><ent r="4" t="67" w="878" /><ent r="4" t="67" w="962" /><ent r="4" t="67" w="984" /></phr><phr n="requiring"><ent r="3" t="41" w="1311" /><ent r="7" t="42" w="188" /></phr><phr n="Requirements"><ent r="1000" t="48" w="3" /><ent r="100" t="48" w="9" /><ent r="102" t="48" w="13" /><ent r="82" t="48" w="98" /><ent r="82" t="48" w="262" /><ent r="82" t="48" w="511" /><ent r="67" t="49" w="150" /><ent r="67" t="50" w="177" /></phr></stem></index>