<?xml version="1.0" encoding="utf-8"?><index><stem n="ations"><phr n="applications"><ent r="4" t="0" w="94" /><ent r="4" t="0" w="94" /><ent r="3" t="1" w="43" /><ent r="3" t="1" w="43" /><ent r="3" t="1" w="49" /><ent r="3" t="1" w="49" /><ent r="3" t="1" w="162" /><ent r="3" t="3" w="49" /><ent r="3" t="3" w="72" /><ent r="3" t="3" w="72" /><ent r="3" t="3" w="188" /><ent r="3" t="3" w="188" /><ent r="3" t="5" w="123" /><ent r="3" t="5" w="123" /><ent r="3" t="9" w="368" /><ent r="3" t="28" w="43" /><ent r="3" t="37" w="67" /><ent r="3" t="38" w="275" /><ent r="100" t="40" w="9" /><ent r="100" t="40" w="9" /><ent r="100" t="40" w="12" /><ent r="100" t="40" w="17" /><ent r="100" t="40" w="17" /><ent r="100" t="40" w="166" /><ent r="100" t="40" w="273" /><ent r="100" t="40" w="562" /><ent r="3" t="40" w="1054" /><ent r="3" t="40" w="1054" /><ent r="3" t="41" w="204" /><ent r="3" t="48" w="41" /><ent r="3" t="48" w="41" /><ent r="3" t="48" w="153" /><ent r="3" t="48" w="153" /></phr><phr n="implementations"><ent r="4" t="1" w="212" /></phr><phr n="integrations"><ent r="3" t="1" w="312" /><ent r="3" t="1" w="312" /><ent r="4" t="1" w="442" /><ent r="3" t="3" w="178" /><ent r="3" t="3" w="198" /><ent r="3" t="48" w="220" /><ent r="3" t="48" w="220" /></phr><phr n="specifications"><ent r="3" t="2" w="251" /></phr><phr n="transformations"><ent r="3" t="3" w="113" /><ent r="3" t="3" w="113" /></phr><phr n="Applications"><ent r="65" t="5" w="254" /><ent r="65" t="5" w="254" /><ent r="5" t="8" w="311" /><ent r="5" t="8" w="311" /><ent r="5" t="8" w="399" /><ent r="5" t="8" w="399" /><ent r="64" t="28" w="186" /><ent r="64" t="28" w="186" /><ent r="64" t="37" w="72" /><ent r="64" t="37" w="72" /><ent r="64" t="38" w="261" /><ent r="64" t="38" w="261" /><ent r="1000" t="40" w="3" /><ent r="1000" t="40" w="3" /><ent r="100" t="40" w="21" /><ent r="100" t="40" w="21" /><ent r="102" t="40" w="25" /><ent r="102" t="40" w="25" /><ent r="64" t="40" w="709" /><ent r="64" t="40" w="709" /><ent r="82" t="40" w="1044" /><ent r="82" t="40" w="1044" /></phr><phr n="installations"><ent r="3" t="7" w="79" /><ent r="3" t="7" w="82" /><ent r="3" t="8" w="82" /></phr><phr n="implications"><ent r="3" t="7" w="435" /><ent r="6" t="18" w="701" /><ent r="6" t="27" w="426" /></phr><phr n="relationship"><ent r="3" t="9" w="44" /><ent r="3" t="9" w="44" /><ent r="3" t="9" w="57" /><ent r="3" t="9" w="57" /><ent r="3" t="18" w="445" /><ent r="3" t="18" w="445" /><ent r="3" t="27" w="169" /><ent r="3" t="27" w="169" /><ent r="3" t="48" w="535" /><ent r="3" t="48" w="535" /><ent r="9" t="55" w="1020" /><ent r="9" t="55" w="1020" /><ent r="3" t="56" w="182" /><ent r="3" t="56" w="182" /></phr><phr n="decorations"><ent r="6" t="23" w="580" /><ent r="6" t="23" w="580" /><ent r="3" t="32" w="212" /><ent r="3" t="32" w="212" /><ent r="3" t="33" w="103" /><ent r="3" t="33" w="103" /></phr><phr n="invocations"><ent r="7" t="29" w="585" /><ent r="7" t="29" w="585" /></phr><phr n="operations"><ent r="7" t="43" w="190" /><ent r="7" t="43" w="190" /></phr><phr n="limitations"><ent r="3" t="45" w="161" /></phr><phr n="configurations"><ent r="3" t="45" w="182" /></phr><phr n="locations"><ent r="3" t="46" w="118" /><ent r="3" t="63" w="183" /><ent r="3" t="64" w="261" /></phr><phr n="authorizations"><ent r="3" t="48" w="223" /><ent r="3" t="48" w="223" /></phr></stem><stem n="pplica"><phr n="applications"><ent r="4" t="0" w="94" /><ent r="4" t="0" w="94" /><ent r="3" t="1" w="43" /><ent r="3" t="1" w="43" /><ent r="3" t="1" w="49" /><ent r="3" t="1" w="49" /><ent r="3" t="1" w="162" /><ent r="3" t="3" w="49" /><ent r="3" t="3" w="72" /><ent r="3" t="3" w="72" /><ent r="3" t="3" w="188" /><ent r="3" t="3" w="188" /><ent r="3" t="5" w="123" /><ent r="3" t="5" w="123" /><ent r="3" t="9" w="368" /><ent r="3" t="28" w="43" /><ent r="3" t="37" w="67" /><ent r="3" t="38" w="275" /><ent r="100" t="40" w="9" /><ent r="100" t="40" w="9" /><ent r="100" t="40" w="12" /><ent r="100" t="40" w="17" /><ent r="100" t="40" w="17" /><ent r="100" t="40" w="166" /><ent r="100" t="40" w="273" /><ent r="100" t="40" w="562" /><ent r="3" t="40" w="1054" /><ent r="3" t="40" w="1054" /><ent r="3" t="41" w="204" /><ent r="3" t="48" w="41" /><ent r="3" t="48" w="41" /><ent r="3" t="48" w="153" /><ent r="3" t="48" w="153" /></phr><phr n="applicable"><ent r="3" t="1" w="112" /><ent r="3" t="1" w="112" /><ent r="4" t="29" w="71" /><ent r="4" t="29" w="71" /><ent r="4" t="29" w="115" /><ent r="4" t="29" w="115" /><ent r="3" t="29" w="200" /><ent r="3" t="29" w="200" /><ent r="3" t="29" w="807" /><ent r="3" t="29" w="807" /><ent r="3" t="35" w="145" /><ent r="3" t="35" w="145" /><ent r="4" t="38" w="73" /><ent r="4" t="38" w="73" /><ent r="4" t="54" w="198" /><ent r="7" t="55" w="522" /><ent r="7" t="55" w="522" /></phr><phr n="application"><ent r="4" t="1" w="186" /><ent r="4" t="1" w="186" /><ent r="4" t="1" w="418" /><ent r="4" t="1" w="418" /><ent r="4" t="5" w="215" /><ent r="4" t="5" w="215" /><ent r="4" t="5" w="264" /><ent r="4" t="5" w="303" /><ent r="3" t="7" w="241" /><ent r="3" t="7" w="241" /><ent r="6" t="18" w="786" /><ent r="6" t="18" w="786" /><ent r="6" t="18" w="921" /><ent r="6" t="18" w="921" /><ent r="6" t="27" w="527" /><ent r="6" t="27" w="527" /><ent r="6" t="27" w="675" /><ent r="6" t="27" w="675" /><ent r="3" t="28" w="82" /><ent r="3" t="28" w="133" /><ent r="7" t="29" w="357" /><ent r="7" t="29" w="357" /><ent r="4" t="29" w="1281" /><ent r="5" t="32" w="419" /><ent r="5" t="32" w="419" /><ent r="3" t="32" w="462" /><ent r="3" t="32" w="462" /><ent r="9" t="33" w="314" /><ent r="9" t="33" w="373" /><ent r="3" t="37" w="37" /><ent r="3" t="37" w="37" /><ent r="3" t="37" w="133" /><ent r="3" t="37" w="241" /><ent r="3" t="37" w="507" /><ent r="3" t="37" w="607" /><ent r="3" t="37" w="607" /><ent r="3" t="38" w="45" /><ent r="3" t="38" w="45" /><ent r="4" t="38" w="133" /><ent r="4" t="38" w="212" /><ent r="4" t="38" w="212" /><ent r="3" t="38" w="243" /><ent r="3" t="38" w="243" /><ent r="3" t="40" w="41" /><ent r="3" t="40" w="41" /><ent r="3" t="40" w="49" /><ent r="3" t="40" w="49" /><ent r="3" t="40" w="66" /><ent r="3" t="40" w="66" /><ent r="3" t="40" w="100" /><ent r="3" t="40" w="175" /><ent r="3" t="40" w="175" /><ent r="3" t="40" w="285" /><ent r="3" t="40" w="285" /><ent r="3" t="40" w="326" /><ent r="3" t="40" w="326" /><ent r="3" t="40" w="584" /><ent r="3" t="40" w="679" /><ent r="3" t="40" w="679" /><ent r="4" t="40" w="924" /><ent r="4" t="40" w="924" /><ent r="100" t="40" w="1034" /><ent r="100" t="40" w="1034" /><ent r="3" t="42" w="145" /><ent r="3" t="42" w="329" /><ent r="3" t="42" w="339" /><ent r="3" t="42" w="339" /><ent r="4" t="42" w="1714" /><ent r="4" t="44" w="106" /><ent r="4" t="44" w="106" /><ent r="6" t="45" w="354" /><ent r="6" t="45" w="354" /><ent r="6" t="45" w="366" /><ent r="6" t="45" w="366" /><ent r="3" t="47" w="43" /><ent r="3" t="47" w="43" /><ent r="3" t="47" w="64" /><ent r="3" t="47" w="88" /><ent r="3" t="47" w="88" /><ent r="4" t="47" w="154" /><ent r="4" t="47" w="154" /><ent r="4" t="47" w="212" /><ent r="4" t="47" w="212" /><ent r="3" t="47" w="248" /><ent r="3" t="47" w="317" /><ent r="3" t="48" w="92" /><ent r="100" t="48" w="237" /><ent r="100" t="48" w="237" /><ent r="8" t="59" w="226" /></phr><phr n="Applications"><ent r="65" t="5" w="254" /><ent r="65" t="5" w="254" /><ent r="5" t="8" w="311" /><ent r="5" t="8" w="311" /><ent r="5" t="8" w="399" /><ent r="5" t="8" w="399" /><ent r="64" t="28" w="186" /><ent r="64" t="28" w="186" /><ent r="64" t="37" w="72" /><ent r="64" t="37" w="72" /><ent r="64" t="38" w="261" /><ent r="64" t="38" w="261" /><ent r="1000" t="40" w="3" /><ent r="1000" t="40" w="3" /><ent r="100" t="40" w="21" /><ent r="100" t="40" w="21" /><ent r="102" t="40" w="25" /><ent r="102" t="40" w="25" /><ent r="64" t="40" w="709" /><ent r="64" t="40" w="709" /><ent r="82" t="40" w="1044" /><ent r="82" t="40" w="1044" /></phr><phr n="Application"><ent r="92" t="48" w="245" /><ent r="92" t="48" w="245" /></phr></stem><stem n="plicat"><phr n="applications"><ent r="4" t="0" w="94" /><ent r="4" t="0" w="94" /><ent r="3" t="1" w="43" /><ent r="3" t="1" w="43" /><ent r="3" t="1" w="49" /><ent r="3" t="1" w="49" /><ent r="3" t="1" w="162" /><ent r="3" t="3" w="49" /><ent r="3" t="3" w="72" /><ent r="3" t="3" w="72" /><ent r="3" t="3" w="188" /><ent r="3" t="3" w="188" /><ent r="3" t="5" w="123" /><ent r="3" t="5" w="123" /><ent r="3" t="9" w="368" /><ent r="3" t="28" w="43" /><ent r="3" t="37" w="67" /><ent r="3" t="38" w="275" /><ent r="100" t="40" w="9" /><ent r="100" t="40" w="9" /><ent r="100" t="40" w="12" /><ent r="100" t="40" w="17" /><ent r="100" t="40" w="17" /><ent r="100" t="40" w="166" /><ent r="100" t="40" w="273" /><ent r="100" t="40" w="562" /><ent r="3" t="40" w="1054" /><ent r="3" t="40" w="1054" /><ent r="3" t="41" w="204" /><ent r="3" t="48" w="41" /><ent r="3" t="48" w="41" /><ent r="3" t="48" w="153" /><ent r="3" t="48" w="153" /></phr><phr n="application"><ent r="4" t="1" w="186" /><ent r="4" t="1" w="186" /><ent r="4" t="1" w="418" /><ent r="4" t="1" w="418" /><ent r="4" t="5" w="215" /><ent r="4" t="5" w="215" /><ent r="4" t="5" w="264" /><ent r="4" t="5" w="303" /><ent r="3" t="7" w="241" /><ent r="3" t="7" w="241" /><ent r="6" t="18" w="786" /><ent r="6" t="18" w="786" /><ent r="6" t="18" w="921" /><ent r="6" t="18" w="921" /><ent r="6" t="27" w="527" /><ent r="6" t="27" w="527" /><ent r="6" t="27" w="675" /><ent r="6" t="27" w="675" /><ent r="3" t="28" w="82" /><ent r="3" t="28" w="133" /><ent r="7" t="29" w="357" /><ent r="7" t="29" w="357" /><ent r="4" t="29" w="1281" /><ent r="5" t="32" w="419" /><ent r="5" t="32" w="419" /><ent r="3" t="32" w="462" /><ent r="3" t="32" w="462" /><ent r="9" t="33" w="314" /><ent r="9" t="33" w="373" /><ent r="3" t="37" w="37" /><ent r="3" t="37" w="37" /><ent r="3" t="37" w="133" /><ent r="3" t="37" w="241" /><ent r="3" t="37" w="507" /><ent r="3" t="37" w="607" /><ent r="3" t="37" w="607" /><ent r="3" t="38" w="45" /><ent r="3" t="38" w="45" /><ent r="4" t="38" w="133" /><ent r="4" t="38" w="212" /><ent r="4" t="38" w="212" /><ent r="3" t="38" w="243" /><ent r="3" t="38" w="243" /><ent r="3" t="40" w="41" /><ent r="3" t="40" w="41" /><ent r="3" t="40" w="49" /><ent r="3" t="40" w="49" /><ent r="3" t="40" w="66" /><ent r="3" t="40" w="66" /><ent r="3" t="40" w="100" /><ent r="3" t="40" w="175" /><ent r="3" t="40" w="175" /><ent r="3" t="40" w="285" /><ent r="3" t="40" w="285" /><ent r="3" t="40" w="326" /><ent r="3" t="40" w="326" /><ent r="3" t="40" w="584" /><ent r="3" t="40" w="679" /><ent r="3" t="40" w="679" /><ent r="4" t="40" w="924" /><ent r="4" t="40" w="924" /><ent r="100" t="40" w="1034" /><ent r="100" t="40" w="1034" /><ent r="3" t="42" w="145" /><ent r="3" t="42" w="329" /><ent r="3" t="42" w="339" /><ent r="3" t="42" w="339" /><ent r="4" t="42" w="1714" /><ent r="4" t="44" w="106" /><ent r="4" t="44" w="106" /><ent r="6" t="45" w="354" /><ent r="6" t="45" w="354" /><ent r="6" t="45" w="366" /><ent r="6" t="45" w="366" /><ent r="3" t="47" w="43" /><ent r="3" t="47" w="43" /><ent r="3" t="47" w="64" /><ent r="3" t="47" w="88" /><ent r="3" t="47" w="88" /><ent r="4" t="47" w="154" /><ent r="4" t="47" w="154" /><ent r="4" t="47" w="212" /><ent r="4" t="47" w="212" /><ent r="3" t="47" w="248" /><ent r="3" t="47" w="317" /><ent r="3" t="48" w="92" /><ent r="100" t="48" w="237" /><ent r="100" t="48" w="237" /><ent r="8" t="59" w="226" /></phr><phr n="Applications"><ent r="65" t="5" w="254" /><ent r="65" t="5" w="254" /><ent r="5" t="8" w="311" /><ent r="5" t="8" w="311" /><ent r="5" t="8" w="399" /><ent r="5" t="8" w="399" /><ent r="64" t="28" w="186" /><ent r="64" t="28" w="186" /><ent r="64" t="37" w="72" /><ent r="64" t="37" w="72" /><ent r="64" t="38" w="261" /><ent r="64" t="38" w="261" /><ent r="1000" t="40" w="3" /><ent r="1000" t="40" w="3" /><ent r="100" t="40" w="21" /><ent r="100" t="40" w="21" /><ent r="102" t="40" w="25" /><ent r="102" t="40" w="25" /><ent r="64" t="40" w="709" /><ent r="64" t="40" w="709" /><ent r="82" t="40" w="1044" /><ent r="82" t="40" w="1044" /></phr><phr n="implications"><ent r="3" t="7" w="435" /><ent r="6" t="18" w="701" /><ent r="6" t="27" w="426" /></phr><phr n="duplicate"><ent r="7" t="18" w="1682" /><ent r="7" t="18" w="1682" /><ent r="7" t="27" w="1198" /><ent r="7" t="27" w="1198" /></phr><phr n="complicates"><ent r="3" t="48" w="211" /><ent r="3" t="48" w="211" /></phr><phr n="Application"><ent r="92" t="48" w="245" /><ent r="92" t="48" w="245" /></phr><phr n="complication"><ent r="9" t="55" w="1119" /><ent r="9" t="55" w="1119" /></phr></stem><stem n="licati"><phr n="applications"><ent r="4" t="0" w="94" /><ent r="4" t="0" w="94" /><ent r="3" t="1" w="43" /><ent r="3" t="1" w="43" /><ent r="3" t="1" w="49" /><ent r="3" t="1" w="49" /><ent r="3" t="1" w="162" /><ent r="3" t="3" w="49" /><ent r="3" t="3" w="72" /><ent r="3" t="3" w="72" /><ent r="3" t="3" w="188" /><ent r="3" t="3" w="188" /><ent r="3" t="5" w="123" /><ent r="3" t="5" w="123" /><ent r="3" t="9" w="368" /><ent r="3" t="28" w="43" /><ent r="3" t="37" w="67" /><ent r="3" t="38" w="275" /><ent r="100" t="40" w="9" /><ent r="100" t="40" w="9" /><ent r="100" t="40" w="12" /><ent r="100" t="40" w="17" /><ent r="100" t="40" w="17" /><ent r="100" t="40" w="166" /><ent r="100" t="40" w="273" /><ent r="100" t="40" w="562" /><ent r="3" t="40" w="1054" /><ent r="3" t="40" w="1054" /><ent r="3" t="41" w="204" /><ent r="3" t="48" w="41" /><ent r="3" t="48" w="41" /><ent r="3" t="48" w="153" /><ent r="3" t="48" w="153" /></phr><phr n="application"><ent r="4" t="1" w="186" /><ent r="4" t="1" w="186" /><ent r="4" t="1" w="418" /><ent r="4" t="1" w="418" /><ent r="4" t="5" w="215" /><ent r="4" t="5" w="215" /><ent r="4" t="5" w="264" /><ent r="4" t="5" w="303" /><ent r="3" t="7" w="241" /><ent r="3" t="7" w="241" /><ent r="6" t="18" w="786" /><ent r="6" t="18" w="786" /><ent r="6" t="18" w="921" /><ent r="6" t="18" w="921" /><ent r="6" t="27" w="527" /><ent r="6" t="27" w="527" /><ent r="6" t="27" w="675" /><ent r="6" t="27" w="675" /><ent r="3" t="28" w="82" /><ent r="3" t="28" w="133" /><ent r="7" t="29" w="357" /><ent r="7" t="29" w="357" /><ent r="4" t="29" w="1281" /><ent r="5" t="32" w="419" /><ent r="5" t="32" w="419" /><ent r="3" t="32" w="462" /><ent r="3" t="32" w="462" /><ent r="9" t="33" w="314" /><ent r="9" t="33" w="373" /><ent r="3" t="37" w="37" /><ent r="3" t="37" w="37" /><ent r="3" t="37" w="133" /><ent r="3" t="37" w="241" /><ent r="3" t="37" w="507" /><ent r="3" t="37" w="607" /><ent r="3" t="37" w="607" /><ent r="3" t="38" w="45" /><ent r="3" t="38" w="45" /><ent r="4" t="38" w="133" /><ent r="4" t="38" w="212" /><ent r="4" t="38" w="212" /><ent r="3" t="38" w="243" /><ent r="3" t="38" w="243" /><ent r="3" t="40" w="41" /><ent r="3" t="40" w="41" /><ent r="3" t="40" w="49" /><ent r="3" t="40" w="49" /><ent r="3" t="40" w="66" /><ent r="3" t="40" w="66" /><ent r="3" t="40" w="100" /><ent r="3" t="40" w="175" /><ent r="3" t="40" w="175" /><ent r="3" t="40" w="285" /><ent r="3" t="40" w="285" /><ent r="3" t="40" w="326" /><ent r="3" t="40" w="326" /><ent r="3" t="40" w="584" /><ent r="3" t="40" w="679" /><ent r="3" t="40" w="679" /><ent r="4" t="40" w="924" /><ent r="4" t="40" w="924" /><ent r="100" t="40" w="1034" /><ent r="100" t="40" w="1034" /><ent r="3" t="42" w="145" /><ent r="3" t="42" w="329" /><ent r="3" t="42" w="339" /><ent r="3" t="42" w="339" /><ent r="4" t="42" w="1714" /><ent r="4" t="44" w="106" /><ent r="4" t="44" w="106" /><ent r="6" t="45" w="354" /><ent r="6" t="45" w="354" /><ent r="6" t="45" w="366" /><ent r="6" t="45" w="366" /><ent r="3" t="47" w="43" /><ent r="3" t="47" w="43" /><ent r="3" t="47" w="64" /><ent r="3" t="47" w="88" /><ent r="3" t="47" w="88" /><ent r="4" t="47" w="154" /><ent r="4" t="47" w="154" /><ent r="4" t="47" w="212" /><ent r="4" t="47" w="212" /><ent r="3" t="47" w="248" /><ent r="3" t="47" w="317" /><ent r="3" t="48" w="92" /><ent r="100" t="48" w="237" /><ent r="100" t="48" w="237" /><ent r="8" t="59" w="226" /></phr><phr n="Applications"><ent r="65" t="5" w="254" /><ent r="65" t="5" w="254" /><ent r="5" t="8" w="311" /><ent r="5" t="8" w="311" /><ent r="5" t="8" w="399" /><ent r="5" t="8" w="399" /><ent r="64" t="28" w="186" /><ent r="64" t="28" w="186" /><ent r="64" t="37" w="72" /><ent r="64" t="37" w="72" /><ent r="64" t="38" w="261" /><ent r="64" t="38" w="261" /><ent r="1000" t="40" w="3" /><ent r="1000" t="40" w="3" /><ent r="100" t="40" w="21" /><ent r="100" t="40" w="21" /><ent r="102" t="40" w="25" /><ent r="102" t="40" w="25" /><ent r="64" t="40" w="709" /><ent r="64" t="40" w="709" /><ent r="82" t="40" w="1044" /><ent r="82" t="40" w="1044" /></phr><phr n="implications"><ent r="3" t="7" w="435" /><ent r="6" t="18" w="701" /><ent r="6" t="27" w="426" /></phr><phr n="Application"><ent r="92" t="48" w="245" /><ent r="92" t="48" w="245" /></phr><phr n="complication"><ent r="9" t="55" w="1119" /><ent r="9" t="55" w="1119" /></phr></stem><stem n="icatio"><phr n="applications"><ent r="4" t="0" w="94" /><ent r="4" t="0" w="94" /><ent r="3" t="1" w="43" /><ent r="3" t="1" w="43" /><ent r="3" t="1" w="49" /><ent r="3" t="1" w="49" /><ent r="3" t="1" w="162" /><ent r="3" t="3" w="49" /><ent r="3" t="3" w="72" /><ent r="3" t="3" w="72" /><ent r="3" t="3" w="188" /><ent r="3" t="3" w="188" /><ent r="3" t="5" w="123" /><ent r="3" t="5" w="123" /><ent r="3" t="9" w="368" /><ent r="3" t="28" w="43" /><ent r="3" t="37" w="67" /><ent r="3" t="38" w="275" /><ent r="100" t="40" w="9" /><ent r="100" t="40" w="9" /><ent r="100" t="40" w="12" /><ent r="100" t="40" w="17" /><ent r="100" t="40" w="17" /><ent r="100" t="40" w="166" /><ent r="100" t="40" w="273" /><ent r="100" t="40" w="562" /><ent r="3" t="40" w="1054" /><ent r="3" t="40" w="1054" /><ent r="3" t="41" w="204" /><ent r="3" t="48" w="41" /><ent r="3" t="48" w="41" /><ent r="3" t="48" w="153" /><ent r="3" t="48" w="153" /></phr><phr n="application"><ent r="4" t="1" w="186" /><ent r="4" t="1" w="186" /><ent r="4" t="1" w="418" /><ent r="4" t="1" w="418" /><ent r="4" t="5" w="215" /><ent r="4" t="5" w="215" /><ent r="4" t="5" w="264" /><ent r="4" t="5" w="303" /><ent r="3" t="7" w="241" /><ent r="3" t="7" w="241" /><ent r="6" t="18" w="786" /><ent r="6" t="18" w="786" /><ent r="6" t="18" w="921" /><ent r="6" t="18" w="921" /><ent r="6" t="27" w="527" /><ent r="6" t="27" w="527" /><ent r="6" t="27" w="675" /><ent r="6" t="27" w="675" /><ent r="3" t="28" w="82" /><ent r="3" t="28" w="133" /><ent r="7" t="29" w="357" /><ent r="7" t="29" w="357" /><ent r="4" t="29" w="1281" /><ent r="5" t="32" w="419" /><ent r="5" t="32" w="419" /><ent r="3" t="32" w="462" /><ent r="3" t="32" w="462" /><ent r="9" t="33" w="314" /><ent r="9" t="33" w="373" /><ent r="3" t="37" w="37" /><ent r="3" t="37" w="37" /><ent r="3" t="37" w="133" /><ent r="3" t="37" w="241" /><ent r="3" t="37" w="507" /><ent r="3" t="37" w="607" /><ent r="3" t="37" w="607" /><ent r="3" t="38" w="45" /><ent r="3" t="38" w="45" /><ent r="4" t="38" w="133" /><ent r="4" t="38" w="212" /><ent r="4" t="38" w="212" /><ent r="3" t="38" w="243" /><ent r="3" t="38" w="243" /><ent r="3" t="40" w="41" /><ent r="3" t="40" w="41" /><ent r="3" t="40" w="49" /><ent r="3" t="40" w="49" /><ent r="3" t="40" w="66" /><ent r="3" t="40" w="66" /><ent r="3" t="40" w="100" /><ent r="3" t="40" w="175" /><ent r="3" t="40" w="175" /><ent r="3" t="40" w="285" /><ent r="3" t="40" w="285" /><ent r="3" t="40" w="326" /><ent r="3" t="40" w="326" /><ent r="3" t="40" w="584" /><ent r="3" t="40" w="679" /><ent r="3" t="40" w="679" /><ent r="4" t="40" w="924" /><ent r="4" t="40" w="924" /><ent r="100" t="40" w="1034" /><ent r="100" t="40" w="1034" /><ent r="3" t="42" w="145" /><ent r="3" t="42" w="329" /><ent r="3" t="42" w="339" /><ent r="3" t="42" w="339" /><ent r="4" t="42" w="1714" /><ent r="4" t="44" w="106" /><ent r="4" t="44" w="106" /><ent r="6" t="45" w="354" /><ent r="6" t="45" w="354" /><ent r="6" t="45" w="366" /><ent r="6" t="45" w="366" /><ent r="3" t="47" w="43" /><ent r="3" t="47" w="43" /><ent r="3" t="47" w="64" /><ent r="3" t="47" w="88" /><ent r="3" t="47" w="88" /><ent r="4" t="47" w="154" /><ent r="4" t="47" w="154" /><ent r="4" t="47" w="212" /><ent r="4" t="47" w="212" /><ent r="3" t="47" w="248" /><ent r="3" t="47" w="317" /><ent r="3" t="48" w="92" /><ent r="100" t="48" w="237" /><ent r="100" t="48" w="237" /><ent r="8" t="59" w="226" /></phr><phr n="specifications"><ent r="3" t="2" w="251" /></phr><phr n="authentication"><ent r="3" t="3" w="260" /><ent r="3" t="3" w="260" /><ent r="3" t="3" w="270" /><ent r="3" t="3" w="270" /><ent r="4" t="16" w="52" /><ent r="4" t="16" w="52" /><ent r="4" t="16" w="78" /><ent r="4" t="16" w="78" /><ent r="6" t="18" w="824" /><ent r="3" t="24" w="824" /><ent r="6" t="27" w="566" /><ent r="4" t="29" w="935" /><ent r="4" t="29" w="935" /><ent r="4" t="29" w="945" /><ent r="4" t="29" w="945" /><ent r="3" t="42" w="641" /><ent r="3" t="42" w="641" /><ent r="3" t="42" w="706" /><ent r="3" t="42" w="706" /><ent r="3" t="42" w="710" /><ent r="3" t="42" w="710" /><ent r="3" t="42" w="721" /><ent r="3" t="42" w="721" /><ent r="7" t="43" w="297" /><ent r="7" t="43" w="297" /><ent r="4" t="47" w="220" /><ent r="3" t="47" w="302" /><ent r="3" t="47" w="302" /><ent r="3" t="48" w="48" /><ent r="3" t="48" w="48" /><ent r="3" t="48" w="76" /><ent r="3" t="48" w="76" /><ent r="3" t="48" w="95" /><ent r="3" t="48" w="95" /><ent r="3" t="48" w="181" /><ent r="3" t="48" w="181" /><ent r="3" t="48" w="213" /><ent r="3" t="48" w="213" /><ent r="3" t="48" w="229" /><ent r="3" t="48" w="229" /><ent r="3" t="48" w="407" /><ent r="3" t="48" w="538" /><ent r="3" t="48" w="538" /><ent r="3" t="48" w="549" /><ent r="3" t="48" w="549" /><ent r="3" t="48" w="595" /><ent r="3" t="48" w="595" /><ent r="3" t="48" w="640" /><ent r="3" t="48" w="640" /><ent r="3" t="49" w="59" /><ent r="3" t="50" w="41" /><ent r="3" t="50" w="63" /><ent r="3" t="50" w="63" /><ent r="3" t="51" w="74" /><ent r="3" t="52" w="59" /><ent r="3" t="52" w="196" /><ent r="3" t="52" w="196" /><ent r="3" t="53" w="80" /><ent r="3" t="53" w="138" /><ent r="3" t="53" w="138" /><ent r="3" t="55" w="73" /><ent r="7" t="55" w="468" /><ent r="7" t="55" w="468" /><ent r="7" t="55" w="489" /><ent r="7" t="55" w="489" /><ent r="7" t="55" w="510" /><ent r="7" t="55" w="510" /><ent r="6" t="55" w="569" /><ent r="6" t="55" w="586" /><ent r="6" t="55" w="586" /><ent r="9" t="55" w="824" /><ent r="3" t="56" w="70" /><ent r="3" t="56" w="101" /><ent r="3" t="56" w="101" /><ent r="3" t="56" w="142" /><ent r="3" t="56" w="153" /><ent r="3" t="56" w="153" /><ent r="3" t="56" w="189" /><ent r="3" t="56" w="189" /><ent r="4" t="57" w="75" /><ent r="4" t="57" w="75" /><ent r="3" t="60" w="62" /><ent r="3" t="60" w="258" /><ent r="3" t="60" w="258" /><ent r="5" t="68" w="39" /><ent r="5" t="68" w="39" /><ent r="6" t="68" w="119" /><ent r="6" t="68" w="119" /></phr><phr n="Applications"><ent r="65" t="5" w="254" /><ent r="65" t="5" w="254" /><ent r="5" t="8" w="311" /><ent r="5" t="8" w="311" /><ent r="5" t="8" w="399" /><ent r="5" t="8" w="399" /><ent r="64" t="28" w="186" /><ent r="64" t="28" w="186" /><ent r="64" t="37" w="72" /><ent r="64" t="37" w="72" /><ent r="64" t="38" w="261" /><ent r="64" t="38" w="261" /><ent r="1000" t="40" w="3" /><ent r="1000" t="40" w="3" /><ent r="100" t="40" w="21" /><ent r="100" t="40" w="21" /><ent r="102" t="40" w="25" /><ent r="102" t="40" w="25" /><ent r="64" t="40" w="709" /><ent r="64" t="40" w="709" /><ent r="82" t="40" w="1044" /><ent r="82" t="40" w="1044" /></phr><phr n="implications"><ent r="3" t="7" w="435" /><ent r="6" t="18" w="701" /><ent r="6" t="27" w="426" /></phr><phr n="Authentication"><ent r="6" t="18" w="776" /><ent r="8" t="24" w="655" /><ent r="6" t="27" w="517" /><ent r="5" t="29" w="911" /><ent r="5" t="29" w="911" /><ent r="5" t="42" w="1153" /><ent r="3" t="48" w="54" /><ent r="3" t="48" w="54" /><ent r="100" t="49" w="250" /><ent r="100" t="49" w="250" /><ent r="82" t="49" w="256" /><ent r="82" t="49" w="256" /><ent r="7" t="55" w="446" /><ent r="7" t="55" w="446" /><ent r="6" t="55" w="453" /><ent r="6" t="55" w="453" /><ent r="6" t="55" w="543" /><ent r="1000" t="68" w="2" /><ent r="1000" t="68" w="2" /><ent r="100" t="68" w="10" /><ent r="100" t="68" w="10" /><ent r="102" t="68" w="14" /><ent r="102" t="68" w="14" /><ent r="7" t="68" w="43" /><ent r="7" t="68" w="43" /></phr><phr n="authenticationMethodUri"><ent r="7" t="23" w="277" /><ent r="7" t="23" w="277" /><ent r="7" t="23" w="397" /><ent r="7" t="23" w="397" /></phr><phr n="AuthenticationMethod"><ent r="6" t="23" w="281" /><ent r="6" t="23" w="281" /><ent r="6" t="23" w="401" /><ent r="6" t="23" w="401" /></phr><phr n="communication"><ent r="3" t="40" w="117" /><ent r="3" t="40" w="117" /><ent r="3" t="42" w="321" /><ent r="3" t="42" w="321" /><ent r="3" t="42" w="356" /><ent r="3" t="42" w="356" /><ent r="4" t="44" w="101" /><ent r="4" t="44" w="101" /><ent r="3" t="46" w="101" /><ent r="3" t="46" w="101" /></phr><phr n="Application"><ent r="92" t="48" w="245" /><ent r="92" t="48" w="245" /></phr><phr n="specification"><ent r="6" t="55" w="598" /><ent r="6" t="55" w="598" /></phr><phr n="verification"><ent r="8" t="55" w="980" /><ent r="8" t="55" w="980" /><ent r="7" t="67" w="330" /><ent r="7" t="67" w="330" /></phr><phr n="complication"><ent r="9" t="55" w="1119" /><ent r="9" t="55" w="1119" /></phr></stem><stem n="cation"><phr n="applications"><ent r="4" t="0" w="94" /><ent r="4" t="0" w="94" /><ent r="3" t="1" w="43" /><ent r="3" t="1" w="43" /><ent r="3" t="1" w="49" /><ent r="3" t="1" w="49" /><ent r="3" t="1" w="162" /><ent r="3" t="3" w="49" /><ent r="3" t="3" w="72" /><ent r="3" t="3" w="72" /><ent r="3" t="3" w="188" /><ent r="3" t="3" w="188" /><ent r="3" t="5" w="123" /><ent r="3" t="5" w="123" /><ent r="3" t="9" w="368" /><ent r="3" t="28" w="43" /><ent r="3" t="37" w="67" /><ent r="3" t="38" w="275" /><ent r="100" t="40" w="9" /><ent r="100" t="40" w="9" /><ent r="100" t="40" w="12" /><ent r="100" t="40" w="17" /><ent r="100" t="40" w="17" /><ent r="100" t="40" w="166" /><ent r="100" t="40" w="273" /><ent r="100" t="40" w="562" /><ent r="3" t="40" w="1054" /><ent r="3" t="40" w="1054" /><ent r="3" t="41" w="204" /><ent r="3" t="48" w="41" /><ent r="3" t="48" w="41" /><ent r="3" t="48" w="153" /><ent r="3" t="48" w="153" /></phr><phr n="application"><ent r="4" t="1" w="186" /><ent r="4" t="1" w="186" /><ent r="4" t="1" w="418" /><ent r="4" t="1" w="418" /><ent r="4" t="5" w="215" /><ent r="4" t="5" w="215" /><ent r="4" t="5" w="264" /><ent r="4" t="5" w="303" /><ent r="3" t="7" w="241" /><ent r="3" t="7" w="241" /><ent r="6" t="18" w="786" /><ent r="6" t="18" w="786" /><ent r="6" t="18" w="921" /><ent r="6" t="18" w="921" /><ent r="6" t="27" w="527" /><ent r="6" t="27" w="527" /><ent r="6" t="27" w="675" /><ent r="6" t="27" w="675" /><ent r="3" t="28" w="82" /><ent r="3" t="28" w="133" /><ent r="7" t="29" w="357" /><ent r="7" t="29" w="357" /><ent r="4" t="29" w="1281" /><ent r="5" t="32" w="419" /><ent r="5" t="32" w="419" /><ent r="3" t="32" w="462" /><ent r="3" t="32" w="462" /><ent r="9" t="33" w="314" /><ent r="9" t="33" w="373" /><ent r="3" t="37" w="37" /><ent r="3" t="37" w="37" /><ent r="3" t="37" w="133" /><ent r="3" t="37" w="241" /><ent r="3" t="37" w="507" /><ent r="3" t="37" w="607" /><ent r="3" t="37" w="607" /><ent r="3" t="38" w="45" /><ent r="3" t="38" w="45" /><ent r="4" t="38" w="133" /><ent r="4" t="38" w="212" /><ent r="4" t="38" w="212" /><ent r="3" t="38" w="243" /><ent r="3" t="38" w="243" /><ent r="3" t="40" w="41" /><ent r="3" t="40" w="41" /><ent r="3" t="40" w="49" /><ent r="3" t="40" w="49" /><ent r="3" t="40" w="66" /><ent r="3" t="40" w="66" /><ent r="3" t="40" w="100" /><ent r="3" t="40" w="175" /><ent r="3" t="40" w="175" /><ent r="3" t="40" w="285" /><ent r="3" t="40" w="285" /><ent r="3" t="40" w="326" /><ent r="3" t="40" w="326" /><ent r="3" t="40" w="584" /><ent r="3" t="40" w="679" /><ent r="3" t="40" w="679" /><ent r="4" t="40" w="924" /><ent r="4" t="40" w="924" /><ent r="100" t="40" w="1034" /><ent r="100" t="40" w="1034" /><ent r="3" t="42" w="145" /><ent r="3" t="42" w="329" /><ent r="3" t="42" w="339" /><ent r="3" t="42" w="339" /><ent r="4" t="42" w="1714" /><ent r="4" t="44" w="106" /><ent r="4" t="44" w="106" /><ent r="6" t="45" w="354" /><ent r="6" t="45" w="354" /><ent r="6" t="45" w="366" /><ent r="6" t="45" w="366" /><ent r="3" t="47" w="43" /><ent r="3" t="47" w="43" /><ent r="3" t="47" w="64" /><ent r="3" t="47" w="88" /><ent r="3" t="47" w="88" /><ent r="4" t="47" w="154" /><ent r="4" t="47" w="154" /><ent r="4" t="47" w="212" /><ent r="4" t="47" w="212" /><ent r="3" t="47" w="248" /><ent r="3" t="47" w="317" /><ent r="3" t="48" w="92" /><ent r="100" t="48" w="237" /><ent r="100" t="48" w="237" /><ent r="8" t="59" w="226" /></phr><phr n="specifications"><ent r="3" t="2" w="251" /></phr><phr n="authentication"><ent r="3" t="3" w="260" /><ent r="3" t="3" w="260" /><ent r="3" t="3" w="270" /><ent r="3" t="3" w="270" /><ent r="4" t="16" w="52" /><ent r="4" t="16" w="52" /><ent r="4" t="16" w="78" /><ent r="4" t="16" w="78" /><ent r="6" t="18" w="824" /><ent r="3" t="24" w="824" /><ent r="6" t="27" w="566" /><ent r="4" t="29" w="935" /><ent r="4" t="29" w="935" /><ent r="4" t="29" w="945" /><ent r="4" t="29" w="945" /><ent r="3" t="42" w="641" /><ent r="3" t="42" w="641" /><ent r="3" t="42" w="706" /><ent r="3" t="42" w="706" /><ent r="3" t="42" w="710" /><ent r="3" t="42" w="710" /><ent r="3" t="42" w="721" /><ent r="3" t="42" w="721" /><ent r="7" t="43" w="297" /><ent r="7" t="43" w="297" /><ent r="4" t="47" w="220" /><ent r="3" t="47" w="302" /><ent r="3" t="47" w="302" /><ent r="3" t="48" w="48" /><ent r="3" t="48" w="48" /><ent r="3" t="48" w="76" /><ent r="3" t="48" w="76" /><ent r="3" t="48" w="95" /><ent r="3" t="48" w="95" /><ent r="3" t="48" w="181" /><ent r="3" t="48" w="181" /><ent r="3" t="48" w="213" /><ent r="3" t="48" w="213" /><ent r="3" t="48" w="229" /><ent r="3" t="48" w="229" /><ent r="3" t="48" w="407" /><ent r="3" t="48" w="538" /><ent r="3" t="48" w="538" /><ent r="3" t="48" w="549" /><ent r="3" t="48" w="549" /><ent r="3" t="48" w="595" /><ent r="3" t="48" w="595" /><ent r="3" t="48" w="640" /><ent r="3" t="48" w="640" /><ent r="3" t="49" w="59" /><ent r="3" t="50" w="41" /><ent r="3" t="50" w="63" /><ent r="3" t="50" w="63" /><ent r="3" t="51" w="74" /><ent r="3" t="52" w="59" /><ent r="3" t="52" w="196" /><ent r="3" t="52" w="196" /><ent r="3" t="53" w="80" /><ent r="3" t="53" w="138" /><ent r="3" t="53" w="138" /><ent r="3" t="55" w="73" /><ent r="7" t="55" w="468" /><ent r="7" t="55" w="468" /><ent r="7" t="55" w="489" /><ent r="7" t="55" w="489" /><ent r="7" t="55" w="510" /><ent r="7" t="55" w="510" /><ent r="6" t="55" w="569" /><ent r="6" t="55" w="586" /><ent r="6" t="55" w="586" /><ent r="9" t="55" w="824" /><ent r="3" t="56" w="70" /><ent r="3" t="56" w="101" /><ent r="3" t="56" w="101" /><ent r="3" t="56" w="142" /><ent r="3" t="56" w="153" /><ent r="3" t="56" w="153" /><ent r="3" t="56" w="189" /><ent r="3" t="56" w="189" /><ent r="4" t="57" w="75" /><ent r="4" t="57" w="75" /><ent r="3" t="60" w="62" /><ent r="3" t="60" w="258" /><ent r="3" t="60" w="258" /><ent r="5" t="68" w="39" /><ent r="5" t="68" w="39" /><ent r="6" t="68" w="119" /><ent r="6" t="68" w="119" /></phr><phr n="Applications"><ent r="65" t="5" w="254" /><ent r="65" t="5" w="254" /><ent r="5" t="8" w="311" /><ent r="5" t="8" w="311" /><ent r="5" t="8" w="399" /><ent r="5" t="8" w="399" /><ent r="64" t="28" w="186" /><ent r="64" t="28" w="186" /><ent r="64" t="37" w="72" /><ent r="64" t="37" w="72" /><ent r="64" t="38" w="261" /><ent r="64" t="38" w="261" /><ent r="1000" t="40" w="3" /><ent r="1000" t="40" w="3" /><ent r="100" t="40" w="21" /><ent r="100" t="40" w="21" /><ent r="102" t="40" w="25" /><ent r="102" t="40" w="25" /><ent r="64" t="40" w="709" /><ent r="64" t="40" w="709" /><ent r="82" t="40" w="1044" /><ent r="82" t="40" w="1044" /></phr><phr n="implications"><ent r="3" t="7" w="435" /><ent r="6" t="18" w="701" /><ent r="6" t="27" w="426" /></phr><phr n="location"><ent r="4" t="7" w="589" /><ent r="4" t="7" w="589" /><ent r="3" t="28" w="242" /><ent r="3" t="28" w="242" /><ent r="3" t="29" w="207" /><ent r="4" t="38" w="94" /><ent r="4" t="38" w="94" /><ent r="100" t="40" w="168" /><ent r="100" t="40" w="168" /><ent r="3" t="41" w="125" /></phr><phr n="Authentication"><ent r="6" t="18" w="776" /><ent r="8" t="24" w="655" /><ent r="6" t="27" w="517" /><ent r="5" t="29" w="911" /><ent r="5" t="29" w="911" /><ent r="5" t="42" w="1153" /><ent r="3" t="48" w="54" /><ent r="3" t="48" w="54" /><ent r="100" t="49" w="250" /><ent r="100" t="49" w="250" /><ent r="82" t="49" w="256" /><ent r="82" t="49" w="256" /><ent r="7" t="55" w="446" /><ent r="7" t="55" w="446" /><ent r="6" t="55" w="453" /><ent r="6" t="55" w="453" /><ent r="6" t="55" w="543" /><ent r="1000" t="68" w="2" /><ent r="1000" t="68" w="2" /><ent r="100" t="68" w="10" /><ent r="100" t="68" w="10" /><ent r="102" t="68" w="14" /><ent r="102" t="68" w="14" /><ent r="7" t="68" w="43" /><ent r="7" t="68" w="43" /></phr><phr n="authenticationMethodUri"><ent r="7" t="23" w="277" /><ent r="7" t="23" w="277" /><ent r="7" t="23" w="397" /><ent r="7" t="23" w="397" /></phr><phr n="AuthenticationMethod"><ent r="6" t="23" w="281" /><ent r="6" t="23" w="281" /><ent r="6" t="23" w="401" /><ent r="6" t="23" w="401" /></phr><phr n="invocations"><ent r="7" t="29" w="585" /><ent r="7" t="29" w="585" /></phr><phr n="communication"><ent r="3" t="40" w="117" /><ent r="3" t="40" w="117" /><ent r="3" t="42" w="321" /><ent r="3" t="42" w="321" /><ent r="3" t="42" w="356" /><ent r="3" t="42" w="356" /><ent r="4" t="44" w="101" /><ent r="4" t="44" w="101" /><ent r="3" t="46" w="101" /><ent r="3" t="46" w="101" /></phr><phr n="Location"><ent r="64" t="40" w="152" /><ent r="64" t="40" w="152" /><ent r="92" t="40" w="171" /><ent r="92" t="40" w="171" /><ent r="8" t="43" w="88" /><ent r="8" t="43" w="88" /><ent r="8" t="43" w="91" /><ent r="8" t="43" w="91" /></phr><phr n="locations"><ent r="3" t="46" w="118" /><ent r="3" t="63" w="183" /><ent r="3" t="64" w="261" /></phr><phr n="Application"><ent r="92" t="48" w="245" /><ent r="92" t="48" w="245" /></phr><phr n="specification"><ent r="6" t="55" w="598" /><ent r="6" t="55" w="598" /></phr><phr n="verification"><ent r="8" t="55" w="980" /><ent r="8" t="55" w="980" /><ent r="7" t="67" w="330" /><ent r="7" t="67" w="330" /></phr><phr n="complication"><ent r="9" t="55" w="1119" /><ent r="9" t="55" w="1119" /></phr></stem></index>