<?xml version="1.0" encoding="utf-8"?><index><stem n="mess"><phr n="Message"><ent r="65" t="0" w="97" /><ent r="65" t="0" w="97" /><ent r="65" t="5" w="332" /><ent r="65" t="5" w="332" /><ent r="64" t="28" w="165" /><ent r="64" t="28" w="165" /><ent r="3" t="29" w="30" /><ent r="3" t="29" w="30" /><ent r="125" t="32" w="473" /><ent r="125" t="32" w="473" /><ent r="65" t="32" w="594" /><ent r="65" t="32" w="594" /><ent r="64" t="33" w="164" /><ent r="64" t="33" w="164" /><ent r="1000" t="37" w="2" /><ent r="1000" t="37" w="2" /><ent r="100" t="37" w="8" /><ent r="100" t="37" w="8" /><ent r="100" t="37" w="11" /><ent r="102" t="37" w="19" /><ent r="102" t="37" w="19" /><ent r="64" t="37" w="99" /><ent r="64" t="37" w="99" /><ent r="64" t="37" w="104" /><ent r="64" t="37" w="104" /><ent r="92" t="37" w="114" /><ent r="92" t="37" w="114" /><ent r="82" t="37" w="181" /><ent r="82" t="37" w="181" /><ent r="82" t="37" w="244" /><ent r="82" t="37" w="244" /><ent r="82" t="37" w="381" /><ent r="82" t="37" w="381" /><ent r="92" t="37" w="456" /><ent r="92" t="37" w="456" /><ent r="64" t="37" w="578" /><ent r="64" t="37" w="578" /><ent r="1000" t="38" w="2" /><ent r="1000" t="38" w="2" /><ent r="100" t="38" w="12" /><ent r="100" t="38" w="12" /><ent r="100" t="38" w="15" /><ent r="102" t="38" w="19" /><ent r="102" t="38" w="19" /><ent r="64" t="38" w="223" /><ent r="64" t="38" w="223" /><ent r="1000" t="39" w="1" /><ent r="1000" t="39" w="1" /><ent r="100" t="39" w="4" /><ent r="100" t="39" w="4" /><ent r="102" t="39" w="18" /><ent r="102" t="39" w="18" /><ent r="82" t="39" w="108" /><ent r="82" t="39" w="108" /><ent r="3" t="39" w="111" /><ent r="3" t="39" w="111" /><ent r="64" t="40" w="162" /><ent r="64" t="40" w="162" /><ent r="92" t="40" w="566" /><ent r="92" t="40" w="566" /><ent r="64" t="40" w="1002" /><ent r="64" t="40" w="1002" /><ent r="64" t="42" w="157" /><ent r="64" t="42" w="157" /><ent r="7" t="43" w="344" /><ent r="7" t="43" w="344" /><ent r="100" t="44" w="55" /><ent r="65" t="44" w="80" /><ent r="65" t="44" w="80" /><ent r="1000" t="45" w="2" /><ent r="1000" t="45" w="2" /><ent r="100" t="45" w="10" /><ent r="100" t="45" w="10" /><ent r="102" t="45" w="17" /><ent r="102" t="45" w="17" /><ent r="100" t="45" w="223" /><ent r="5" t="45" w="248" /><ent r="5" t="45" w="248" /><ent r="4" t="45" w="253" /><ent r="4" t="45" w="253" /><ent r="5" t="45" w="285" /><ent r="5" t="45" w="285" /><ent r="5" t="45" w="505" /><ent r="5" t="45" w="505" /><ent r="92" t="47" w="358" /><ent r="92" t="47" w="358" /><ent r="9" t="55" w="852" /><ent r="9" t="55" w="852" /><ent r="9" t="55" w="871" /><ent r="9" t="55" w="871" /><ent r="9" t="55" w="1285" /><ent r="9" t="55" w="1285" /><ent r="9" t="55" w="1304" /><ent r="9" t="55" w="1304" /><ent r="68" t="62" w="102" /><ent r="68" t="62" w="102" /><ent r="68" t="62" w="129" /><ent r="68" t="62" w="129" /><ent r="1000" t="63" w="4" /><ent r="1000" t="63" w="4" /><ent r="100" t="63" w="7" /><ent r="102" t="63" w="26" /><ent r="102" t="63" w="26" /></phr><phr n="message"><ent r="4" t="0" w="104" /><ent r="4" t="0" w="104" /><ent r="3" t="3" w="91" /><ent r="3" t="3" w="91" /><ent r="3" t="3" w="116" /><ent r="3" t="3" w="116" /><ent r="4" t="5" w="298" /><ent r="4" t="5" w="298" /><ent r="4" t="13" w="179" /><ent r="4" t="13" w="179" /><ent r="4" t="16" w="339" /><ent r="4" t="16" w="339" /><ent r="9" t="18" w="1491" /><ent r="9" t="18" w="1491" /><ent r="4" t="21" w="406" /><ent r="4" t="21" w="406" /><ent r="4" t="22" w="433" /><ent r="3" t="24" w="67" /><ent r="3" t="24" w="67" /><ent r="3" t="24" w="85" /><ent r="3" t="24" w="85" /><ent r="3" t="28" w="78" /><ent r="3" t="28" w="78" /><ent r="3" t="28" w="86" /><ent r="3" t="28" w="86" /><ent r="3" t="28" w="101" /><ent r="3" t="28" w="101" /><ent r="3" t="28" w="128" /><ent r="3" t="28" w="128" /><ent r="3" t="28" w="160" /><ent r="3" t="28" w="160" /><ent r="4" t="29" w="120" /><ent r="4" t="29" w="120" /><ent r="3" t="29" w="161" /><ent r="7" t="29" w="325" /><ent r="7" t="29" w="341" /><ent r="7" t="29" w="381" /><ent r="3" t="29" w="649" /><ent r="3" t="29" w="649" /><ent r="3" t="29" w="812" /><ent r="3" t="29" w="812" /><ent r="3" t="29" w="853" /><ent r="3" t="29" w="853" /><ent r="4" t="29" w="1046" /><ent r="4" t="29" w="1046" /><ent r="4" t="29" w="1075" /><ent r="4" t="29" w="1086" /><ent r="4" t="29" w="1086" /><ent r="4" t="29" w="1182" /><ent r="4" t="29" w="1182" /><ent r="4" t="29" w="1187" /><ent r="4" t="29" w="1201" /><ent r="4" t="29" w="1201" /><ent r="4" t="29" w="1219" /><ent r="4" t="29" w="1219" /><ent r="4" t="29" w="1255" /><ent r="4" t="29" w="1269" /><ent r="4" t="29" w="1269" /><ent r="4" t="29" w="1274" /><ent r="4" t="29" w="1274" /><ent r="3" t="32" w="46" /><ent r="3" t="32" w="46" /><ent r="3" t="32" w="163" /><ent r="3" t="32" w="163" /><ent r="3" t="32" w="183" /><ent r="3" t="32" w="183" /><ent r="3" t="32" w="217" /><ent r="3" t="32" w="217" /><ent r="3" t="32" w="230" /><ent r="3" t="32" w="230" /><ent r="3" t="32" w="273" /><ent r="3" t="32" w="273" /><ent r="3" t="32" w="319" /><ent r="3" t="32" w="319" /><ent r="4" t="32" w="536" /><ent r="4" t="32" w="547" /><ent r="4" t="32" w="614" /><ent r="5" t="32" w="648" /><ent r="5" t="32" w="674" /><ent r="5" t="32" w="674" /><ent r="3" t="33" w="134" /><ent r="3" t="33" w="134" /><ent r="3" t="35" w="150" /><ent r="3" t="35" w="150" /><ent r="3" t="35" w="302" /><ent r="3" t="35" w="302" /><ent r="100" t="37" w="15" /><ent r="100" t="37" w="110" /><ent r="100" t="37" w="110" /><ent r="3" t="37" w="129" /><ent r="3" t="37" w="129" /><ent r="3" t="37" w="137" /><ent r="3" t="37" w="137" /><ent r="3" t="37" w="153" /><ent r="3" t="37" w="153" /><ent r="3" t="37" w="191" /><ent r="3" t="37" w="191" /><ent r="3" t="37" w="205" /><ent r="3" t="37" w="205" /><ent r="3" t="37" w="218" /><ent r="3" t="37" w="218" /><ent r="3" t="37" w="232" /><ent r="3" t="37" w="232" /><ent r="3" t="37" w="256" /><ent r="3" t="37" w="256" /><ent r="3" t="37" w="272" /><ent r="3" t="37" w="272" /><ent r="3" t="37" w="311" /><ent r="3" t="37" w="311" /><ent r="3" t="37" w="394" /><ent r="3" t="37" w="394" /><ent r="3" t="37" w="425" /><ent r="3" t="37" w="464" /><ent r="3" t="37" w="464" /><ent r="3" t="37" w="477" /><ent r="3" t="37" w="503" /><ent r="3" t="37" w="503" /><ent r="3" t="37" w="603" /><ent r="3" t="37" w="603" /><ent r="3" t="37" w="615" /><ent r="3" t="37" w="615" /><ent r="100" t="38" w="8" /><ent r="100" t="38" w="8" /><ent r="4" t="38" w="129" /><ent r="4" t="38" w="129" /><ent r="4" t="38" w="137" /><ent r="4" t="38" w="137" /><ent r="4" t="38" w="175" /><ent r="4" t="38" w="175" /><ent r="4" t="38" w="183" /><ent r="4" t="38" w="183" /><ent r="4" t="38" w="208" /><ent r="4" t="38" w="208" /><ent r="3" t="38" w="234" /><ent r="3" t="38" w="234" /><ent r="3" t="39" w="47" /><ent r="3" t="39" w="47" /><ent r="3" t="39" w="61" /><ent r="3" t="39" w="61" /><ent r="3" t="39" w="80" /><ent r="3" t="39" w="83" /><ent r="3" t="39" w="83" /><ent r="100" t="40" w="563" /><ent r="100" t="40" w="563" /><ent r="3" t="40" w="594" /><ent r="3" t="40" w="594" /><ent r="3" t="40" w="664" /><ent r="3" t="40" w="664" /><ent r="3" t="40" w="671" /><ent r="3" t="40" w="671" /><ent r="3" t="40" w="743" /><ent r="4" t="40" w="773" /><ent r="4" t="40" w="773" /><ent r="4" t="40" w="817" /><ent r="4" t="40" w="817" /><ent r="3" t="40" w="844" /><ent r="3" t="40" w="844" /><ent r="3" t="40" w="852" /><ent r="3" t="40" w="852" /><ent r="3" t="40" w="861" /><ent r="3" t="40" w="861" /><ent r="4" t="40" w="884" /><ent r="4" t="40" w="902" /><ent r="4" t="40" w="945" /><ent r="3" t="40" w="961" /><ent r="3" t="40" w="961" /><ent r="3" t="40" w="983" /><ent r="3" t="40" w="983" /><ent r="3" t="40" w="997" /><ent r="3" t="40" w="997" /><ent r="3" t="40" w="1013" /><ent r="3" t="40" w="1013" /><ent r="3" t="40" w="1059" /><ent r="3" t="40" w="1090" /><ent r="3" t="40" w="1130" /><ent r="3" t="40" w="1130" /><ent r="3" t="40" w="1155" /><ent r="3" t="40" w="1155" /><ent r="3" t="42" w="71" /><ent r="3" t="42" w="71" /><ent r="3" t="42" w="140" /><ent r="3" t="42" w="140" /><ent r="3" t="42" w="722" /><ent r="3" t="42" w="722" /><ent r="3" t="42" w="736" /><ent r="3" t="42" w="736" /><ent r="7" t="43" w="182" /><ent r="7" t="43" w="193" /><ent r="7" t="43" w="390" /><ent r="7" t="43" w="390" /><ent r="7" t="43" w="403" /><ent r="7" t="43" w="403" /><ent r="100" t="44" w="24" /><ent r="100" t="44" w="24" /><ent r="4" t="44" w="63" /><ent r="4" t="44" w="63" /><ent r="100" t="45" w="6" /><ent r="100" t="45" w="6" /><ent r="100" t="45" w="14" /><ent r="100" t="45" w="14" /><ent r="3" t="45" w="30" /><ent r="3" t="45" w="30" /><ent r="3" t="45" w="56" /><ent r="3" t="45" w="56" /><ent r="4" t="45" w="64" /><ent r="4" t="45" w="64" /><ent r="4" t="45" w="110" /><ent r="4" t="45" w="110" /><ent r="4" t="45" w="154" /><ent r="3" t="45" w="166" /><ent r="3" t="45" w="166" /><ent r="3" t="45" w="216" /><ent r="3" t="45" w="216" /><ent r="100" t="45" w="220" /><ent r="100" t="45" w="220" /><ent r="100" t="45" w="244" /><ent r="100" t="45" w="244" /><ent r="3" t="45" w="269" /><ent r="3" t="45" w="269" /><ent r="6" t="45" w="395" /><ent r="6" t="45" w="395" /><ent r="6" t="45" w="458" /><ent r="6" t="45" w="469" /><ent r="6" t="45" w="469" /><ent r="6" t="45" w="480" /><ent r="6" t="45" w="480" /><ent r="3" t="47" w="293" /><ent r="3" t="47" w="293" /><ent r="3" t="47" w="513" /><ent r="3" t="47" w="513" /><ent r="9" t="55" w="803" /><ent r="9" t="55" w="803" /><ent r="8" t="55" w="865" /><ent r="8" t="55" w="865" /><ent r="9" t="55" w="1074" /><ent r="9" t="55" w="1074" /><ent r="9" t="55" w="1113" /><ent r="9" t="55" w="1113" /><ent r="9" t="55" w="1184" /><ent r="9" t="55" w="1184" /><ent r="9" t="55" w="1200" /><ent r="9" t="55" w="1200" /><ent r="9" t="55" w="1245" /><ent r="3" t="56" w="168" /><ent r="3" t="60" w="264" /><ent r="3" t="60" w="264" /><ent r="4" t="60" w="301" /><ent r="4" t="60" w="301" /><ent r="7" t="62" w="89" /><ent r="7" t="62" w="89" /><ent r="7" t="62" w="116" /><ent r="7" t="62" w="116" /><ent r="100" t="63" w="13" /><ent r="100" t="63" w="13" /><ent r="100" t="63" w="20" /></phr><phr n="messages"><ent r="3" t="3" w="148" /><ent r="3" t="3" w="148" /><ent r="4" t="5" w="219" /><ent r="4" t="5" w="219" /><ent r="4" t="5" w="241" /><ent r="4" t="5" w="241" /><ent r="4" t="5" w="314" /><ent r="4" t="5" w="314" /><ent r="6" t="18" w="1816" /><ent r="6" t="18" w="1816" /><ent r="6" t="18" w="2058" /><ent r="6" t="18" w="2058" /><ent r="6" t="18" w="2088" /><ent r="4" t="18" w="2360" /><ent r="4" t="18" w="2360" /><ent r="6" t="20" w="376" /><ent r="6" t="20" w="376" /><ent r="4" t="20" w="814" /><ent r="4" t="20" w="814" /><ent r="6" t="21" w="575" /><ent r="6" t="21" w="575" /><ent r="4" t="21" w="1015" /><ent r="4" t="21" w="1015" /><ent r="6" t="22" w="628" /><ent r="6" t="22" w="628" /><ent r="4" t="22" w="1069" /><ent r="4" t="22" w="1069" /><ent r="6" t="27" w="1282" /><ent r="6" t="27" w="1282" /><ent r="3" t="28" w="64" /><ent r="3" t="28" w="64" /><ent r="3" t="28" w="173" /><ent r="3" t="28" w="173" /><ent r="7" t="29" w="358" /><ent r="8" t="29" w="515" /><ent r="8" t="29" w="515" /><ent r="8" t="29" w="534" /><ent r="8" t="29" w="534" /><ent r="4" t="29" w="1293" /><ent r="3" t="32" w="466" /><ent r="3" t="32" w="466" /><ent r="3" t="37" w="33" /><ent r="3" t="37" w="33" /><ent r="3" t="37" w="64" /><ent r="3" t="37" w="64" /><ent r="3" t="38" w="248" /><ent r="3" t="38" w="248" /><ent r="3" t="39" w="32" /><ent r="3" t="39" w="32" /><ent r="3" t="39" w="40" /><ent r="3" t="39" w="40" /><ent r="3" t="39" w="53" /><ent r="3" t="39" w="53" /><ent r="3" t="40" w="580" /><ent r="3" t="40" w="580" /><ent r="3" t="40" w="685" /><ent r="3" t="40" w="685" /><ent r="100" t="40" w="1038" /><ent r="100" t="40" w="1038" /><ent r="3" t="40" w="1062" /><ent r="3" t="40" w="1062" /><ent r="3" t="42" w="95" /><ent r="3" t="42" w="95" /><ent r="4" t="44" w="102" /><ent r="4" t="44" w="102" /><ent r="6" t="45" w="303" /><ent r="6" t="45" w="303" /><ent r="6" t="45" w="329" /><ent r="6" t="45" w="329" /><ent r="6" t="45" w="356" /><ent r="6" t="45" w="368" /><ent r="6" t="45" w="370" /><ent r="6" t="45" w="370" /><ent r="3" t="46" w="102" /><ent r="3" t="46" w="102" /><ent r="3" t="48" w="772" /><ent r="3" t="48" w="772" /><ent r="3" t="48" w="787" /><ent r="3" t="48" w="787" /><ent r="3" t="55" w="202" /><ent r="3" t="55" w="202" /><ent r="7" t="55" w="1331" /><ent r="7" t="55" w="1331" /><ent r="4" t="55" w="1727" /><ent r="4" t="55" w="1727" /><ent r="3" t="63" w="34" /><ent r="3" t="63" w="34" /></phr><phr n="Messages"><ent r="6" t="18" w="2101" /><ent r="6" t="18" w="2101" /><ent r="7" t="18" w="2120" /><ent r="7" t="18" w="2120" /><ent r="4" t="39" w="132" /><ent r="4" t="39" w="132" /><ent r="4" t="45" w="119" /><ent r="4" t="45" w="119" /><ent r="6" t="45" w="474" /><ent r="6" t="45" w="474" /><ent r="3" t="55" w="161" /><ent r="3" t="55" w="161" /><ent r="4" t="55" w="176" /><ent r="4" t="55" w="176" /><ent r="3" t="55" w="189" /><ent r="3" t="55" w="189" /><ent r="4" t="55" w="1732" /><ent r="4" t="55" w="1732" /></phr><phr n="MessageID"><ent r="6" t="23" w="631" /><ent r="6" t="23" w="631" /></phr><phr n="message-level"><ent r="7" t="43" w="182" /><ent r="7" t="43" w="182" /></phr></stem><stem n="essa"><phr n="Message"><ent r="65" t="0" w="97" /><ent r="65" t="0" w="97" /><ent r="65" t="5" w="332" /><ent r="65" t="5" w="332" /><ent r="64" t="28" w="165" /><ent r="64" t="28" w="165" /><ent r="3" t="29" w="30" /><ent r="3" t="29" w="30" /><ent r="125" t="32" w="473" /><ent r="125" t="32" w="473" /><ent r="65" t="32" w="594" /><ent r="65" t="32" w="594" /><ent r="64" t="33" w="164" /><ent r="64" t="33" w="164" /><ent r="1000" t="37" w="2" /><ent r="1000" t="37" w="2" /><ent r="100" t="37" w="8" /><ent r="100" t="37" w="8" /><ent r="100" t="37" w="11" /><ent r="102" t="37" w="19" /><ent r="102" t="37" w="19" /><ent r="64" t="37" w="99" /><ent r="64" t="37" w="99" /><ent r="64" t="37" w="104" /><ent r="64" t="37" w="104" /><ent r="92" t="37" w="114" /><ent r="92" t="37" w="114" /><ent r="82" t="37" w="181" /><ent r="82" t="37" w="181" /><ent r="82" t="37" w="244" /><ent r="82" t="37" w="244" /><ent r="82" t="37" w="381" /><ent r="82" t="37" w="381" /><ent r="92" t="37" w="456" /><ent r="92" t="37" w="456" /><ent r="64" t="37" w="578" /><ent r="64" t="37" w="578" /><ent r="1000" t="38" w="2" /><ent r="1000" t="38" w="2" /><ent r="100" t="38" w="12" /><ent r="100" t="38" w="12" /><ent r="100" t="38" w="15" /><ent r="102" t="38" w="19" /><ent r="102" t="38" w="19" /><ent r="64" t="38" w="223" /><ent r="64" t="38" w="223" /><ent r="1000" t="39" w="1" /><ent r="1000" t="39" w="1" /><ent r="100" t="39" w="4" /><ent r="100" t="39" w="4" /><ent r="102" t="39" w="18" /><ent r="102" t="39" w="18" /><ent r="82" t="39" w="108" /><ent r="82" t="39" w="108" /><ent r="3" t="39" w="111" /><ent r="3" t="39" w="111" /><ent r="64" t="40" w="162" /><ent r="64" t="40" w="162" /><ent r="92" t="40" w="566" /><ent r="92" t="40" w="566" /><ent r="64" t="40" w="1002" /><ent r="64" t="40" w="1002" /><ent r="64" t="42" w="157" /><ent r="64" t="42" w="157" /><ent r="7" t="43" w="344" /><ent r="7" t="43" w="344" /><ent r="100" t="44" w="55" /><ent r="65" t="44" w="80" /><ent r="65" t="44" w="80" /><ent r="1000" t="45" w="2" /><ent r="1000" t="45" w="2" /><ent r="100" t="45" w="10" /><ent r="100" t="45" w="10" /><ent r="102" t="45" w="17" /><ent r="102" t="45" w="17" /><ent r="100" t="45" w="223" /><ent r="5" t="45" w="248" /><ent r="5" t="45" w="248" /><ent r="4" t="45" w="253" /><ent r="4" t="45" w="253" /><ent r="5" t="45" w="285" /><ent r="5" t="45" w="285" /><ent r="5" t="45" w="505" /><ent r="5" t="45" w="505" /><ent r="92" t="47" w="358" /><ent r="92" t="47" w="358" /><ent r="9" t="55" w="852" /><ent r="9" t="55" w="852" /><ent r="9" t="55" w="871" /><ent r="9" t="55" w="871" /><ent r="9" t="55" w="1285" /><ent r="9" t="55" w="1285" /><ent r="9" t="55" w="1304" /><ent r="9" t="55" w="1304" /><ent r="68" t="62" w="102" /><ent r="68" t="62" w="102" /><ent r="68" t="62" w="129" /><ent r="68" t="62" w="129" /><ent r="1000" t="63" w="4" /><ent r="1000" t="63" w="4" /><ent r="100" t="63" w="7" /><ent r="102" t="63" w="26" /><ent r="102" t="63" w="26" /></phr><phr n="message"><ent r="4" t="0" w="104" /><ent r="4" t="0" w="104" /><ent r="3" t="3" w="91" /><ent r="3" t="3" w="91" /><ent r="3" t="3" w="116" /><ent r="3" t="3" w="116" /><ent r="4" t="5" w="298" /><ent r="4" t="5" w="298" /><ent r="4" t="13" w="179" /><ent r="4" t="13" w="179" /><ent r="4" t="16" w="339" /><ent r="4" t="16" w="339" /><ent r="9" t="18" w="1491" /><ent r="9" t="18" w="1491" /><ent r="4" t="21" w="406" /><ent r="4" t="21" w="406" /><ent r="4" t="22" w="433" /><ent r="3" t="24" w="67" /><ent r="3" t="24" w="67" /><ent r="3" t="24" w="85" /><ent r="3" t="24" w="85" /><ent r="3" t="28" w="78" /><ent r="3" t="28" w="78" /><ent r="3" t="28" w="86" /><ent r="3" t="28" w="86" /><ent r="3" t="28" w="101" /><ent r="3" t="28" w="101" /><ent r="3" t="28" w="128" /><ent r="3" t="28" w="128" /><ent r="3" t="28" w="160" /><ent r="3" t="28" w="160" /><ent r="4" t="29" w="120" /><ent r="4" t="29" w="120" /><ent r="3" t="29" w="161" /><ent r="7" t="29" w="325" /><ent r="7" t="29" w="341" /><ent r="7" t="29" w="381" /><ent r="3" t="29" w="649" /><ent r="3" t="29" w="649" /><ent r="3" t="29" w="812" /><ent r="3" t="29" w="812" /><ent r="3" t="29" w="853" /><ent r="3" t="29" w="853" /><ent r="4" t="29" w="1046" /><ent r="4" t="29" w="1046" /><ent r="4" t="29" w="1075" /><ent r="4" t="29" w="1086" /><ent r="4" t="29" w="1086" /><ent r="4" t="29" w="1182" /><ent r="4" t="29" w="1182" /><ent r="4" t="29" w="1187" /><ent r="4" t="29" w="1201" /><ent r="4" t="29" w="1201" /><ent r="4" t="29" w="1219" /><ent r="4" t="29" w="1219" /><ent r="4" t="29" w="1255" /><ent r="4" t="29" w="1269" /><ent r="4" t="29" w="1269" /><ent r="4" t="29" w="1274" /><ent r="4" t="29" w="1274" /><ent r="3" t="32" w="46" /><ent r="3" t="32" w="46" /><ent r="3" t="32" w="163" /><ent r="3" t="32" w="163" /><ent r="3" t="32" w="183" /><ent r="3" t="32" w="183" /><ent r="3" t="32" w="217" /><ent r="3" t="32" w="217" /><ent r="3" t="32" w="230" /><ent r="3" t="32" w="230" /><ent r="3" t="32" w="273" /><ent r="3" t="32" w="273" /><ent r="3" t="32" w="319" /><ent r="3" t="32" w="319" /><ent r="4" t="32" w="536" /><ent r="4" t="32" w="547" /><ent r="4" t="32" w="614" /><ent r="5" t="32" w="648" /><ent r="5" t="32" w="674" /><ent r="5" t="32" w="674" /><ent r="3" t="33" w="134" /><ent r="3" t="33" w="134" /><ent r="3" t="35" w="150" /><ent r="3" t="35" w="150" /><ent r="3" t="35" w="302" /><ent r="3" t="35" w="302" /><ent r="100" t="37" w="15" /><ent r="100" t="37" w="110" /><ent r="100" t="37" w="110" /><ent r="3" t="37" w="129" /><ent r="3" t="37" w="129" /><ent r="3" t="37" w="137" /><ent r="3" t="37" w="137" /><ent r="3" t="37" w="153" /><ent r="3" t="37" w="153" /><ent r="3" t="37" w="191" /><ent r="3" t="37" w="191" /><ent r="3" t="37" w="205" /><ent r="3" t="37" w="205" /><ent r="3" t="37" w="218" /><ent r="3" t="37" w="218" /><ent r="3" t="37" w="232" /><ent r="3" t="37" w="232" /><ent r="3" t="37" w="256" /><ent r="3" t="37" w="256" /><ent r="3" t="37" w="272" /><ent r="3" t="37" w="272" /><ent r="3" t="37" w="311" /><ent r="3" t="37" w="311" /><ent r="3" t="37" w="394" /><ent r="3" t="37" w="394" /><ent r="3" t="37" w="425" /><ent r="3" t="37" w="464" /><ent r="3" t="37" w="464" /><ent r="3" t="37" w="477" /><ent r="3" t="37" w="503" /><ent r="3" t="37" w="503" /><ent r="3" t="37" w="603" /><ent r="3" t="37" w="603" /><ent r="3" t="37" w="615" /><ent r="3" t="37" w="615" /><ent r="100" t="38" w="8" /><ent r="100" t="38" w="8" /><ent r="4" t="38" w="129" /><ent r="4" t="38" w="129" /><ent r="4" t="38" w="137" /><ent r="4" t="38" w="137" /><ent r="4" t="38" w="175" /><ent r="4" t="38" w="175" /><ent r="4" t="38" w="183" /><ent r="4" t="38" w="183" /><ent r="4" t="38" w="208" /><ent r="4" t="38" w="208" /><ent r="3" t="38" w="234" /><ent r="3" t="38" w="234" /><ent r="3" t="39" w="47" /><ent r="3" t="39" w="47" /><ent r="3" t="39" w="61" /><ent r="3" t="39" w="61" /><ent r="3" t="39" w="80" /><ent r="3" t="39" w="83" /><ent r="3" t="39" w="83" /><ent r="100" t="40" w="563" /><ent r="100" t="40" w="563" /><ent r="3" t="40" w="594" /><ent r="3" t="40" w="594" /><ent r="3" t="40" w="664" /><ent r="3" t="40" w="664" /><ent r="3" t="40" w="671" /><ent r="3" t="40" w="671" /><ent r="3" t="40" w="743" /><ent r="4" t="40" w="773" /><ent r="4" t="40" w="773" /><ent r="4" t="40" w="817" /><ent r="4" t="40" w="817" /><ent r="3" t="40" w="844" /><ent r="3" t="40" w="844" /><ent r="3" t="40" w="852" /><ent r="3" t="40" w="852" /><ent r="3" t="40" w="861" /><ent r="3" t="40" w="861" /><ent r="4" t="40" w="884" /><ent r="4" t="40" w="902" /><ent r="4" t="40" w="945" /><ent r="3" t="40" w="961" /><ent r="3" t="40" w="961" /><ent r="3" t="40" w="983" /><ent r="3" t="40" w="983" /><ent r="3" t="40" w="997" /><ent r="3" t="40" w="997" /><ent r="3" t="40" w="1013" /><ent r="3" t="40" w="1013" /><ent r="3" t="40" w="1059" /><ent r="3" t="40" w="1090" /><ent r="3" t="40" w="1130" /><ent r="3" t="40" w="1130" /><ent r="3" t="40" w="1155" /><ent r="3" t="40" w="1155" /><ent r="3" t="42" w="71" /><ent r="3" t="42" w="71" /><ent r="3" t="42" w="140" /><ent r="3" t="42" w="140" /><ent r="3" t="42" w="722" /><ent r="3" t="42" w="722" /><ent r="3" t="42" w="736" /><ent r="3" t="42" w="736" /><ent r="7" t="43" w="182" /><ent r="7" t="43" w="193" /><ent r="7" t="43" w="390" /><ent r="7" t="43" w="390" /><ent r="7" t="43" w="403" /><ent r="7" t="43" w="403" /><ent r="100" t="44" w="24" /><ent r="100" t="44" w="24" /><ent r="4" t="44" w="63" /><ent r="4" t="44" w="63" /><ent r="100" t="45" w="6" /><ent r="100" t="45" w="6" /><ent r="100" t="45" w="14" /><ent r="100" t="45" w="14" /><ent r="3" t="45" w="30" /><ent r="3" t="45" w="30" /><ent r="3" t="45" w="56" /><ent r="3" t="45" w="56" /><ent r="4" t="45" w="64" /><ent r="4" t="45" w="64" /><ent r="4" t="45" w="110" /><ent r="4" t="45" w="110" /><ent r="4" t="45" w="154" /><ent r="3" t="45" w="166" /><ent r="3" t="45" w="166" /><ent r="3" t="45" w="216" /><ent r="3" t="45" w="216" /><ent r="100" t="45" w="220" /><ent r="100" t="45" w="220" /><ent r="100" t="45" w="244" /><ent r="100" t="45" w="244" /><ent r="3" t="45" w="269" /><ent r="3" t="45" w="269" /><ent r="6" t="45" w="395" /><ent r="6" t="45" w="395" /><ent r="6" t="45" w="458" /><ent r="6" t="45" w="469" /><ent r="6" t="45" w="469" /><ent r="6" t="45" w="480" /><ent r="6" t="45" w="480" /><ent r="3" t="47" w="293" /><ent r="3" t="47" w="293" /><ent r="3" t="47" w="513" /><ent r="3" t="47" w="513" /><ent r="9" t="55" w="803" /><ent r="9" t="55" w="803" /><ent r="8" t="55" w="865" /><ent r="8" t="55" w="865" /><ent r="9" t="55" w="1074" /><ent r="9" t="55" w="1074" /><ent r="9" t="55" w="1113" /><ent r="9" t="55" w="1113" /><ent r="9" t="55" w="1184" /><ent r="9" t="55" w="1184" /><ent r="9" t="55" w="1200" /><ent r="9" t="55" w="1200" /><ent r="9" t="55" w="1245" /><ent r="3" t="56" w="168" /><ent r="3" t="60" w="264" /><ent r="3" t="60" w="264" /><ent r="4" t="60" w="301" /><ent r="4" t="60" w="301" /><ent r="7" t="62" w="89" /><ent r="7" t="62" w="89" /><ent r="7" t="62" w="116" /><ent r="7" t="62" w="116" /><ent r="100" t="63" w="13" /><ent r="100" t="63" w="13" /><ent r="100" t="63" w="20" /></phr><phr n="necessary"><ent r="3" t="3" w="109" /><ent r="3" t="3" w="109" /><ent r="4" t="11" w="80" /><ent r="4" t="11" w="80" /><ent r="8" t="18" w="1340" /><ent r="8" t="18" w="1340" /><ent r="4" t="23" w="120" /><ent r="3" t="27" w="1704" /><ent r="3" t="27" w="1704" /><ent r="3" t="47" w="79" /><ent r="3" t="47" w="79" /><ent r="3" t="47" w="573" /><ent r="3" t="47" w="573" /><ent r="6" t="55" w="1522" /><ent r="4" t="55" w="1735" /><ent r="3" t="67" w="147" /></phr><phr n="messages"><ent r="3" t="3" w="148" /><ent r="3" t="3" w="148" /><ent r="4" t="5" w="219" /><ent r="4" t="5" w="219" /><ent r="4" t="5" w="241" /><ent r="4" t="5" w="241" /><ent r="4" t="5" w="314" /><ent r="4" t="5" w="314" /><ent r="6" t="18" w="1816" /><ent r="6" t="18" w="1816" /><ent r="6" t="18" w="2058" /><ent r="6" t="18" w="2058" /><ent r="6" t="18" w="2088" /><ent r="4" t="18" w="2360" /><ent r="4" t="18" w="2360" /><ent r="6" t="20" w="376" /><ent r="6" t="20" w="376" /><ent r="4" t="20" w="814" /><ent r="4" t="20" w="814" /><ent r="6" t="21" w="575" /><ent r="6" t="21" w="575" /><ent r="4" t="21" w="1015" /><ent r="4" t="21" w="1015" /><ent r="6" t="22" w="628" /><ent r="6" t="22" w="628" /><ent r="4" t="22" w="1069" /><ent r="4" t="22" w="1069" /><ent r="6" t="27" w="1282" /><ent r="6" t="27" w="1282" /><ent r="3" t="28" w="64" /><ent r="3" t="28" w="64" /><ent r="3" t="28" w="173" /><ent r="3" t="28" w="173" /><ent r="7" t="29" w="358" /><ent r="8" t="29" w="515" /><ent r="8" t="29" w="515" /><ent r="8" t="29" w="534" /><ent r="8" t="29" w="534" /><ent r="4" t="29" w="1293" /><ent r="3" t="32" w="466" /><ent r="3" t="32" w="466" /><ent r="3" t="37" w="33" /><ent r="3" t="37" w="33" /><ent r="3" t="37" w="64" /><ent r="3" t="37" w="64" /><ent r="3" t="38" w="248" /><ent r="3" t="38" w="248" /><ent r="3" t="39" w="32" /><ent r="3" t="39" w="32" /><ent r="3" t="39" w="40" /><ent r="3" t="39" w="40" /><ent r="3" t="39" w="53" /><ent r="3" t="39" w="53" /><ent r="3" t="40" w="580" /><ent r="3" t="40" w="580" /><ent r="3" t="40" w="685" /><ent r="3" t="40" w="685" /><ent r="100" t="40" w="1038" /><ent r="100" t="40" w="1038" /><ent r="3" t="40" w="1062" /><ent r="3" t="40" w="1062" /><ent r="3" t="42" w="95" /><ent r="3" t="42" w="95" /><ent r="4" t="44" w="102" /><ent r="4" t="44" w="102" /><ent r="6" t="45" w="303" /><ent r="6" t="45" w="303" /><ent r="6" t="45" w="329" /><ent r="6" t="45" w="329" /><ent r="6" t="45" w="356" /><ent r="6" t="45" w="368" /><ent r="6" t="45" w="370" /><ent r="6" t="45" w="370" /><ent r="3" t="46" w="102" /><ent r="3" t="46" w="102" /><ent r="3" t="48" w="772" /><ent r="3" t="48" w="772" /><ent r="3" t="48" w="787" /><ent r="3" t="48" w="787" /><ent r="3" t="55" w="202" /><ent r="3" t="55" w="202" /><ent r="7" t="55" w="1331" /><ent r="7" t="55" w="1331" /><ent r="4" t="55" w="1727" /><ent r="4" t="55" w="1727" /><ent r="3" t="63" w="34" /><ent r="3" t="63" w="34" /></phr><phr n="Messages"><ent r="6" t="18" w="2101" /><ent r="6" t="18" w="2101" /><ent r="7" t="18" w="2120" /><ent r="7" t="18" w="2120" /><ent r="4" t="39" w="132" /><ent r="4" t="39" w="132" /><ent r="4" t="45" w="119" /><ent r="4" t="45" w="119" /><ent r="6" t="45" w="474" /><ent r="6" t="45" w="474" /><ent r="3" t="55" w="161" /><ent r="3" t="55" w="161" /><ent r="4" t="55" w="176" /><ent r="4" t="55" w="176" /><ent r="3" t="55" w="189" /><ent r="3" t="55" w="189" /><ent r="4" t="55" w="1732" /><ent r="4" t="55" w="1732" /></phr><phr n="MessageID"><ent r="6" t="23" w="631" /><ent r="6" t="23" w="631" /></phr><phr n="message-level"><ent r="7" t="43" w="182" /><ent r="7" t="43" w="182" /></phr><phr n="necessarily"><ent r="9" t="55" w="1128" /><ent r="9" t="55" w="1128" /></phr></stem></index>