﻿<?xml version="1.0" encoding="utf-8"?><index><stem n="role"><phr n="role"><ent r="4" t="9" w="291" /><ent r="3" t="16" w="235" /><ent r="3" t="18" w="229" /><ent r="3" t="55" w="222" /></phr></stem><stem n="-bridg"><phr n="-bridging"><ent r="4" t="9" w="294" /><ent r="4" t="9" w="294" /></phr></stem><stem n="identity-bridg"><phr n="identity-bridging"><ent r="4" t="9" w="294" /></phr></stem><stem n="edit"><phr n="editing"><ent r="3" t="9" w="314" /><ent r="100" t="11" w="8" /><ent r="3" t="17" w="2269" /><ent r="3" t="19" w="862" /><ent r="3" t="20" w="1064" /><ent r="3" t="21" w="1119" /><ent r="3" t="26" w="1732" /><ent r="7" t="28" w="407" /><ent r="100" t="32" w="12" /><ent r="5" t="63" w="68" /><ent r="5" t="64" w="66" /><ent r="5" t="65" w="137" /><ent r="4" t="66" w="150" /></phr><phr n="edited"><ent r="3" t="10" w="188" /><ent r="3" t="17" w="405" /><ent r="4" t="22" w="83" /><ent r="3" t="26" w="163" /><ent r="3" t="28" w="686" /><ent r="3" t="30" w="60" /><ent r="64" t="30" w="82" /></phr><phr n="Editing"><ent r="1000" t="11" w="1" /><ent r="100" t="11" w="10" /><ent r="102" t="11" w="15" /><ent r="65" t="22" w="89" /><ent r="100" t="32" w="6" /><ent r="8" t="49" w="478" /><ent r="8" t="50" w="459" /><ent r="4" t="51" w="245" /><ent r="4" t="52" w="403" /><ent r="3" t="53" w="529" /></phr><phr n="edit"><ent r="3" t="11" w="21" /><ent r="4" t="11" w="47" /></phr><phr n="edits"><ent r="4" t="11" w="81" /></phr><phr n="Edit"><ent r="100" t="11" w="88" /><ent r="4" t="22" w="109" /><ent r="5" t="22" w="154" /><ent r="5" t="31" w="365" /><ent r="100" t="32" w="16" /><ent r="5" t="32" w="232" /><ent r="100" t="52" w="20" /><ent r="100" t="53" w="15" /></phr></stem><stem n="delet"><phr n="deleting"><ent r="3" t="9" w="316" /><ent r="3" t="9" w="323" /><ent r="100" t="12" w="8" /><ent r="3" t="12" w="287" /><ent r="4" t="12" w="341" /><ent r="3" t="17" w="2271" /><ent r="3" t="19" w="864" /><ent r="3" t="20" w="1066" /><ent r="3" t="21" w="1121" /><ent r="3" t="26" w="1734" /><ent r="100" t="33" w="7" /><ent r="100" t="33" w="11" /></phr><phr n="deleted"><ent r="3" t="10" w="190" /><ent r="4" t="12" w="122" /><ent r="5" t="12" w="143" /><ent r="5" t="12" w="185" /><ent r="3" t="27" w="260" /><ent r="7" t="28" w="600" /><ent r="3" t="29" w="111" /><ent r="3" t="30" w="61" /><ent r="64" t="30" w="86" /><ent r="3" t="33" w="66" /><ent r="3" t="33" w="95" /><ent r="4" t="33" w="233" /><ent r="4" t="41" w="1985" /></phr><phr n="Deleting"><ent r="1000" t="12" w="1" /><ent r="100" t="12" w="10" /><ent r="102" t="12" w="15" /><ent r="3" t="12" w="217" /><ent r="3" t="12" w="257" /><ent r="65" t="15" w="167" /><ent r="1000" t="33" w="1" /><ent r="100" t="33" w="13" /><ent r="102" t="33" w="18" /><ent r="3" t="51" w="249" /><ent r="3" t="52" w="409" /><ent r="3" t="53" w="531" /></phr><phr n="delete"><ent r="3" t="12" w="21" /><ent r="4" t="12" w="51" /><ent r="5" t="12" w="210" /><ent r="6" t="17" w="1829" /><ent r="6" t="19" w="422" /><ent r="6" t="20" w="622" /><ent r="6" t="21" w="675" /><ent r="4" t="22" w="167" /><ent r="6" t="26" w="1333" /><ent r="3" t="33" w="28" /><ent r="3" t="33" w="102" /><ent r="5" t="33" w="163" /><ent r="5" t="33" w="181" /><ent r="3" t="41" w="1461" /></phr><phr n="deletion"><ent r="4" t="12" w="81" /><ent r="5" t="12" w="173" /><ent r="4" t="12" w="346" /></phr><phr n="Delete"><ent r="5" t="12" w="85" /><ent r="100" t="12" w="253" /><ent r="4" t="15" w="159" /><ent r="100" t="33" w="23" /><ent r="6" t="33" w="177" /><ent r="100" t="52" w="25" /><ent r="100" t="53" w="8" /></phr><phr n="Deletion"><ent r="6" t="12" w="167" /></phr></stem><stem n="assign"><phr n="assigning"><ent r="3" t="9" w="321" /></phr><phr n="assigned"><ent r="7" t="10" w="73" /><ent r="7" t="10" w="90" /><ent r="3" t="14" w="98" /><ent r="3" t="15" w="43" /><ent r="3" t="17" w="129" /><ent r="3" t="19" w="186" /><ent r="3" t="20" w="205" /><ent r="6" t="20" w="354" /><ent r="6" t="20" w="368" /><ent r="3" t="21" w="176" /><ent r="6" t="21" w="351" /><ent r="6" t="21" w="398" /><ent r="6" t="21" w="412" /><ent r="3" t="39" w="400" /><ent r="3" t="41" w="1269" /></phr><phr n="assign"><ent r="3" t="12" w="229" /><ent r="9" t="17" w="1419" /><ent r="4" t="22" w="138" /></phr></stem><stem n="default"><phr n="default"><ent r="3" t="9" w="325" /><ent r="3" t="10" w="210" /><ent r="3" t="10" w="217" /><ent r="3" t="12" w="219" /><ent r="3" t="12" w="230" /><ent r="3" t="12" w="243" /><ent r="100" t="14" w="9" /><ent r="100" t="14" w="12" /><ent r="3" t="14" w="33" /><ent r="3" t="14" w="40" /><ent r="3" t="14" w="53" /><ent r="3" t="14" w="82" /><ent r="3" t="14" w="124" /><ent r="3" t="14" w="154" /><ent r="4" t="14" w="176" /><ent r="3" t="14" w="205" /><ent r="100" t="15" w="12" /><ent r="3" t="15" w="36" /><ent r="64" t="15" w="46" /><ent r="3" t="15" w="62" /><ent r="3" t="15" w="65" /><ent r="3" t="15" w="77" /><ent r="4" t="15" w="147" /><ent r="4" t="15" w="179" /><ent r="3" t="15" w="187" /><ent r="3" t="17" w="238" /><ent r="7" t="17" w="1684" /><ent r="6" t="17" w="1716" /><ent r="6" t="17" w="1792" /><ent r="4" t="17" w="2024" /><ent r="3" t="17" w="2359" /><ent r="3" t="17" w="2363" /><ent r="6" t="19" w="309" /><ent r="6" t="19" w="385" /><ent r="4" t="19" w="617" /><ent r="3" t="19" w="952" /><ent r="3" t="19" w="956" /><ent r="6" t="20" w="509" /><ent r="6" t="20" w="585" /><ent r="4" t="20" w="817" /><ent r="3" t="20" w="1154" /><ent r="3" t="20" w="1158" /><ent r="6" t="21" w="381" /><ent r="6" t="21" w="562" /><ent r="6" t="21" w="638" /><ent r="4" t="21" w="870" /><ent r="3" t="21" w="1209" /><ent r="3" t="21" w="1213" /><ent r="6" t="22" w="704" /><ent r="7" t="26" w="1238" /><ent r="6" t="26" w="1296" /><ent r="3" t="26" w="1780" /><ent r="3" t="26" w="1784" /><ent r="3" t="30" w="90" /><ent r="3" t="39" w="304" /><ent r="3" t="39" w="545" /><ent r="4" t="39" w="804" /><ent r="4" t="39" w="809" /><ent r="3" t="45" w="54" /><ent r="3" t="46" w="523" /><ent r="7" t="57" w="449" /><ent r="7" t="62" w="146" /><ent r="8" t="62" w="196" /><ent r="7" t="62" w="294" /><ent r="7" t="62" w="300" /><ent r="7" t="62" w="370" /><ent r="100" t="64" w="10" /><ent r="100" t="64" w="20" /><ent r="3" t="64" w="33" /><ent r="3" t="65" w="31" /><ent r="3" t="66" w="26" /><ent r="3" t="67" w="53" /><ent r="3" t="67" w="78" /><ent r="3" t="67" w="146" /></phr><phr n="Default"><ent r="64" t="12" w="249" /><ent r="1000" t="14" w="3" /><ent r="100" t="14" w="18" /><ent r="100" t="14" w="22" /><ent r="102" t="14" w="28" /><ent r="100" t="14" w="78" /><ent r="3" t="14" w="94" /><ent r="64" t="14" w="143" /><ent r="5" t="14" w="181" /><ent r="5" t="14" w="196" /><ent r="1000" t="15" w="3" /><ent r="100" t="15" w="16" /><ent r="100" t="15" w="23" /><ent r="102" t="15" w="28" /><ent r="65" t="15" w="154" /><ent r="64" t="15" w="197" /><ent r="5" t="17" w="2030" /><ent r="3" t="17" w="2066" /><ent r="5" t="19" w="623" /><ent r="3" t="19" w="659" /><ent r="5" t="20" w="823" /><ent r="4" t="20" w="860" /><ent r="6" t="21" w="267" /><ent r="6" t="21" w="344" /><ent r="5" t="21" w="876" /><ent r="4" t="21" w="913" /><ent r="7" t="22" w="256" /><ent r="7" t="22" w="288" /><ent r="7" t="22" w="344" /><ent r="7" t="22" w="371" /><ent r="7" t="22" w="408" /><ent r="7" t="22" w="440" /><ent r="7" t="22" w="485" /><ent r="7" t="22" w="618" /><ent r="7" t="22" w="639" /><ent r="7" t="22" w="674" /><ent r="7" t="22" w="708" /><ent r="7" t="22" w="757" /><ent r="68" t="62" w="382" /><ent r="1000" t="64" w="4" /><ent r="100" t="64" w="14" /><ent r="102" t="64" w="25" /><ent r="7" t="68" w="68" /><ent r="7" t="68" w="107" /></phr></stem><stem n="statu"><phr n="status"><ent r="3" t="9" w="326" /><ent r="3" t="10" w="218" /><ent r="3" t="12" w="231" /><ent r="100" t="14" w="79" /><ent r="3" t="14" w="95" /><ent r="100" t="15" w="24" /><ent r="64" t="15" w="47" /><ent r="3" t="15" w="63" /><ent r="3" t="15" w="78" /><ent r="3" t="15" w="188" /></phr><phr n="Status"><ent r="64" t="14" w="144" /><ent r="1000" t="15" w="4" /><ent r="100" t="15" w="17" /><ent r="102" t="15" w="29" /><ent r="5" t="46" w="433" /></phr></stem><stem n="“identity”"><phr n="“identity”"><ent r="3" t="9" w="344" /></phr></stem><stem n="“user”"><phr n="“user”"><ent r="3" t="9" w="352" /></phr></stem><stem n=":manag"><phr n=":managing"><ent r="100" t="10" w="7" /><ent r="100" t="29" w="19" /><ent r="100" t="40" w="14" /></phr></stem><stem n=":gatewai"><phr n=":gateway"><ent r="100" t="10" w="11" /><ent r="100" t="11" w="89" /><ent r="100" t="12" w="254" /><ent r="100" t="13" w="18" /><ent r="100" t="14" w="23" /><ent r="100" t="18" w="18" /><ent r="100" t="55" w="19" /><ent r="100" t="55" w="27" /><ent r="100" t="56" w="19" /><ent r="100" t="57" w="27" /><ent r="100" t="58" w="29" /></phr></stem><stem n="uri"><phr n="URI"><ent r="7" t="10" w="71" /><ent r="3" t="14" w="68" /><ent r="6" t="20" w="312" /><ent r="6" t="22" w="250" /><ent r="6" t="22" w="262" /><ent r="6" t="22" w="282" /><ent r="6" t="22" w="294" /><ent r="6" t="22" w="365" /><ent r="6" t="22" w="377" /><ent r="6" t="22" w="402" /><ent r="6" t="22" w="412" /><ent r="8" t="23" w="713" /><ent r="3" t="28" w="177" /><ent r="7" t="28" w="317" /><ent r="7" t="28" w="427" /><ent r="8" t="28" w="441" /><ent r="7" t="28" w="484" /><ent r="4" t="28" w="637" /><ent r="6" t="31" w="449" /><ent r="3" t="32" w="52" /><ent r="8" t="32" w="381" /><ent r="8" t="32" w="417" /><ent r="3" t="34" w="125" /><ent r="4" t="39" w="879" /><ent r="4" t="39" w="953" /><ent r="3" t="39" w="1127" /><ent r="4" t="46" w="111" /><ent r="8" t="54" w="664" /><ent r="8" t="54" w="927" /></phr><phr n="URIs"><ent r="6" t="22" w="637" /><ent r="6" t="46" w="125" /><ent r="7" t="62" w="72" /></phr></stem><stem n="prefix"><phr n="prefix"><ent r="7" t="10" w="72" /><ent r="3" t="46" w="524" /><ent r="3" t="62" w="406" /></phr><phr n="Prefix"><ent r="6" t="22" w="628" /></phr></stem><stem n="number"><phr n="number"><ent r="7" t="10" w="87" /><ent r="7" t="10" w="95" /><ent r="3" t="39" w="404" /><ent r="3" t="39" w="548" /><ent r="3" t="39" w="554" /><ent r="3" t="53" w="129" /><ent r="6" t="54" w="1552" /><ent r="3" t="64" w="166" /></phr><phr n="numbers"><ent r="6" t="17" w="1742" /><ent r="6" t="19" w="335" /><ent r="6" t="20" w="535" /><ent r="6" t="21" w="588" /><ent r="3" t="41" w="746" /><ent r="3" t="41" w="750" /><ent r="3" t="41" w="759" /></phr></stem><stem n="suffix"><phr n="suffix"><ent r="7" t="10" w="88" /><ent r="7" t="10" w="117" /></phr><phr n="suffixes"><ent r="7" t="10" w="126" /></phr></stem><stem n="sequenti"><phr n="sequential"><ent r="7" t="10" w="94" /><ent r="4" t="41" w="936" /></phr></stem><stem n="'1',"><phr n="'1',"><ent r="7" t="10" w="119" /></phr></stem><stem n="second"><phr n="second"><ent r="7" t="10" w="120" /><ent r="7" t="17" w="1986" /><ent r="7" t="19" w="579" /><ent r="7" t="20" w="779" /><ent r="7" t="21" w="832" /><ent r="7" t="26" w="1487" /></phr><phr n="seconds"><ent r="3" t="65" w="37" /></phr></stem><stem n="'2',"><phr n="'2',"><ent r="7" t="10" w="122" /></phr></stem><stem n="remov"><phr n="removed"><ent r="7" t="10" w="136" /><ent r="3" t="10" w="229" /><ent r="7" t="32" w="503" /><ent r="4" t="33" w="211" /></phr><phr n="Remove"><ent r="5" t="12" w="55" /><ent r="5" t="12" w="69" /><ent r="7" t="17" w="1826" /><ent r="7" t="19" w="419" /><ent r="7" t="20" w="619" /><ent r="7" t="21" w="672" /><ent r="5" t="22" w="164" /><ent r="7" t="26" w="1330" /></phr><phr n="Removing"><ent r="64" t="14" w="141" /><ent r="1000" t="15" w="1" /><ent r="100" t="15" w="14" /><ent r="102" t="15" w="26" /></phr><phr n="remove"><ent r="3" t="15" w="75" /><ent r="6" t="17" w="907" /><ent r="6" t="26" w="699" /></phr><phr n="removing"><ent r="7" t="23" w="641" /><ent r="3" t="36" w="479" /></phr></stem><stem n="either"><phr n="either"><ent r="7" t="10" w="158" /><ent r="3" t="24" w="902" /><ent r="3" t="27" w="223" /><ent r="3" t="28" w="652" /><ent r="4" t="30" w="199" /><ent r="3" t="32" w="60" /><ent r="3" t="34" w="256" /><ent r="4" t="41" w="2001" /><ent r="7" t="42" w="211" /><ent r="6" t="50" w="633" /><ent r="4" t="50" w="893" /><ent r="3" t="54" w="273" /><ent r="4" t="54" w="1585" /><ent r="3" t="57" w="43" /></phr><phr n="Either"><ent r="8" t="32" w="285" /><ent r="8" t="32" w="345" /><ent r="4" t="48" w="206" /></phr></stem><stem n="portion"><phr n="portion"><ent r="7" t="10" w="171" /><ent r="3" t="39" w="395" /><ent r="3" t="41" w="945" /><ent r="3" t="41" w="1880" /></phr><phr n="portions"><ent r="9" t="54" w="1181" /></phr></stem><stem n="relat"><phr n="Related"><ent r="4" t="10" w="240" /><ent r="4" t="29" w="131" /></phr><phr n="relating"><ent r="3" t="10" w="251" /><ent r="3" t="53" w="132" /></phr><phr n="related"><ent r="6" t="54" w="550" /></phr></stem><stem n="learn"><phr n="learn"><ent r="3" t="10" w="246" /><ent r="4" t="29" w="137" /></phr></stem><stem n="possibl"><phr n="possible"><ent r="3" t="10" w="249" /><ent r="3" t="40" w="184" /><ent r="3" t="41" w="202" /><ent r="3" t="44" w="164" /><ent r="3" t="46" w="586" /><ent r="4" t="67" w="1019" /></phr></stem><stem n="choos"><phr n="choose"><ent r="3" t="10" w="262" /><ent r="4" t="17" w="368" /><ent r="7" t="17" w="1923" /><ent r="7" t="19" w="516" /><ent r="7" t="20" w="716" /><ent r="7" t="21" w="769" /><ent r="7" t="26" w="1424" /><ent r="3" t="31" w="286" /><ent r="5" t="31" w="663" /></phr><phr n="Choose"><ent r="7" t="17" w="1131" /><ent r="7" t="17" w="1258" /><ent r="7" t="26" w="926" /></phr><phr n="chooses"><ent r="3" t="31" w="517" /></phr></stem><stem n="without"><phr n="without"><ent r="3" t="10" w="276" /><ent r="3" t="14" w="48" /><ent r="3" t="25" w="81" /><ent r="3" t="36" w="617" /><ent r="3" t="41" w="127" /><ent r="7" t="42" w="187" /><ent r="6" t="44" w="295" /><ent r="3" t="46" w="58" /><ent r="3" t="46" w="311" /><ent r="3" t="61" w="83" /><ent r="3" t="61" w="107" /><ent r="3" t="67" w="381" /><ent r="3" t="67" w="398" /><ent r="4" t="67" w="761" /><ent r="4" t="67" w="844" /></phr></stem><stem n="via"><phr n="via"><ent r="3" t="10" w="283" /><ent r="5" t="24" w="93" /><ent r="5" t="24" w="250" /><ent r="4" t="46" w="218" /><ent r="3" t="46" w="560" /><ent r="3" t="50" w="817" /><ent r="3" t="60" w="50" /><ent r="4" t="65" w="88" /></phr></stem><stem n="take"><phr n="take"><ent r="3" t="10" w="287" /><ent r="3" t="46" w="576" /></phr><phr n="takes"><ent r="3" t="59" w="144" /></phr></stem><stem n="effect"><phr n="effect"><ent r="3" t="10" w="288" /><ent r="4" t="37" w="193" /><ent r="3" t="67" w="51" /></phr><phr n="effective"><ent r="3" t="37" w="40" /></phr></stem><stem n="immedi"><phr n="immediately"><ent r="3" t="10" w="289" /></phr></stem><stem n="restart"><phr n="restart"><ent r="3" t="10" w="292" /><ent r="7" t="42" w="131" /><ent r="7" t="42" w="244" /><ent r="7" t="42" w="303" /></phr><phr n="restarted"><ent r="7" t="32" w="513" /></phr><phr n="Restarting"><ent r="6" t="44" w="276" /></phr><phr n="Restart"><ent r="4" t="63" w="150" /><ent r="4" t="64" w="234" /><ent r="4" t="65" w="192" /><ent r="4" t="66" w="306" /><ent r="4" t="67" w="217" /></phr></stem><stem n="editor"><phr n="Editor"><ent r="4" t="10" w="339" /></phr><phr n="editor"><ent r="3" t="45" w="215" /><ent r="4" t="63" w="47" /><ent r="4" t="64" w="45" /><ent r="4" t="65" w="116" /><ent r="4" t="66" w="129" /></phr></stem><stem n="ssxvcconfig"><phr n="ssxvcconfig"><ent r="6" t="10" w="351" /><ent r="8" t="63" w="62" /><ent r="8" t="64" w="60" /><ent r="8" t="65" w="131" /><ent r="7" t="66" w="144" /></phr></stem><stem n=".bat"><phr n=".bat"><ent r="6" t="10" w="352" /><ent r="8" t="63" w="63" /><ent r="8" t="64" w="61" /><ent r="8" t="65" w="132" /><ent r="7" t="66" w="145" /></phr></stem><stem n="ssxvcconfig.bat"><phr n="ssxvcconfig.bat"><ent r="6" t="10" w="352" /><ent r="6" t="10" w="351" /><ent r="8" t="63" w="63" /><ent r="8" t="63" w="62" /><ent r="8" t="64" w="61" /><ent r="8" t="64" w="60" /><ent r="8" t="65" w="132" /><ent r="8" t="65" w="131" /><ent r="7" t="66" w="145" /><ent r="7" t="66" w="144" /></phr></stem><stem n="bat"><phr n="bat"><ent r="6" t="10" w="352" /><ent r="8" t="63" w="61" /><ent r="8" t="63" w="63" /><ent r="8" t="64" w="59" /><ent r="8" t="64" w="61" /><ent r="8" t="65" w="130" /><ent r="8" t="65" w="132" /><ent r="7" t="66" w="143" /><ent r="7" t="66" w="145" /></phr></stem><stem n=".sh"><phr n=".sh"><ent r="6" t="10" w="359" /><ent r="6" t="63" w="74" /><ent r="6" t="64" w="72" /><ent r="6" t="65" w="143" /><ent r="5" t="66" w="156" /></phr></stem><stem n="–config"><phr n="–config"><ent r="6" t="10" w="360" /></phr></stem><stem n="upgrad"><phr n="Upgrade"><ent r="5" t="10" w="389" /></phr></stem><stem n="quit"><phr n="quit"><ent r="5" t="10" w="410" /></phr></stem><stem n="done"><phr n="done"><ent r="4" t="10" w="413" /><ent r="4" t="31" w="144" /><ent r="4" t="32" w="570" /><ent r="4" t="44" w="458" /><ent r="3" t="46" w="310" /><ent r="3" t="50" w="726" /></phr></stem><stem n=":edit"><phr n=":editing"><ent r="100" t="11" w="8" /><ent r="100" t="32" w="12" /></phr></stem><stem n="-level"><phr n="-level"><ent r="4" t="11" w="83" /><ent r="4" t="11" w="83" /><ent r="4" t="17" w="2241" /><ent r="4" t="17" w="2241" /><ent r="4" t="19" w="834" /><ent r="4" t="19" w="834" /><ent r="4" t="20" w="1036" /><ent r="4" t="20" w="1036" /><ent r="4" t="21" w="1091" /><ent r="4" t="21" w="1091" /><ent r="7" t="42" w="182" /><ent r="7" t="42" w="182" /><ent r="3" t="54" w="196" /><ent r="3" t="54" w="196" /></phr></stem><stem n="field-level"><phr n="field-level"><ent r="4" t="11" w="83" /></phr></stem><stem n="level"><phr n="level"><ent r="4" t="11" w="84" /><ent r="4" t="17" w="2242" /><ent r="4" t="19" w="835" /><ent r="4" t="20" w="1037" /><ent r="4" t="21" w="1092" /><ent r="7" t="42" w="183" /><ent r="3" t="54" w="197" /><ent r="3" t="60" w="34" /><ent r="7" t="62" w="208" /><ent r="7" t="62" w="372" /><ent r="100" t="64" w="12" /><ent r="100" t="64" w="16" /><ent r="100" t="64" w="19" /><ent r="3" t="64" w="35" /><ent r="3" t="64" w="160" /><ent r="4" t="64" w="184" /><ent r="4" t="64" w="191" /><ent r="4" t="64" w="198" /><ent r="3" t="64" w="247" /></phr><phr n="Level"><ent r="3" t="60" w="88" /><ent r="68" t="62" w="384" /><ent r="1000" t="64" w="6" /><ent r="102" t="64" w="27" /></phr></stem><stem n=":delet"><phr n=":deleting"><ent r="100" t="12" w="8" /><ent r="100" t="33" w="7" /><ent r="100" t="33" w="11" /></phr></stem><stem n="confirm"><phr n="confirm"><ent r="4" t="12" w="79" /><ent r="4" t="12" w="88" /><ent r="4" t="28" w="1266" /><ent r="4" t="33" w="207" /><ent r="3" t="36" w="163" /><ent r="4" t="50" w="898" /></phr><phr n="confirmation"><ent r="4" t="13" w="178" /><ent r="3" t="41" w="727" /><ent r="4" t="41" w="1195" /><ent r="3" t="54" w="198" /><ent r="6" t="54" w="632" /><ent r="8" t="54" w="659" /><ent r="8" t="54" w="735" /><ent r="8" t="54" w="844" /><ent r="8" t="54" w="922" /><ent r="8" t="54" w="992" /><ent r="8" t="54" w="1017" /><ent r="3" t="59" w="263" /><ent r="4" t="59" w="300" /></phr><phr n="confirms"><ent r="9" t="17" w="1459" /></phr><phr n="Confirm"><ent r="3" t="36" w="426" /><ent r="6" t="49" w="130" /><ent r="6" t="50" w="162" /></phr><phr n="Confirmation"><ent r="6" t="54" w="617" /><ent r="6" t="54" w="622" /><ent r="7" t="54" w="897" /></phr></stem><stem n=":client"><phr n=":client"><ent r="100" t="12" w="91" /><ent r="100" t="39" w="16" /><ent r="100" t="41" w="2039" /></phr></stem><stem n=":privat"><phr n=":private"><ent r="100" t="12" w="95" /></phr></stem><stem n="privat"><phr n="private"><ent r="100" t="12" w="95" /><ent r="4" t="12" w="111" /><ent r="5" t="12" w="140" /><ent r="5" t="12" w="147" /><ent r="5" t="12" w="179" /><ent r="3" t="12" w="283" /><ent r="4" t="12" w="302" /><ent r="3" t="13" w="320" /><ent r="8" t="17" w="1352" /><ent r="9" t="17" w="1437" /><ent r="3" t="23" w="248" /><ent r="4" t="28" w="1061" /><ent r="3" t="41" w="1224" /><ent r="3" t="41" w="1292" /><ent r="3" t="41" w="1337" /><ent r="3" t="41" w="1511" /><ent r="3" t="41" w="1573" /><ent r="3" t="41" w="1784" /><ent r="3" t="41" w="1857" /><ent r="3" t="41" w="1897" /><ent r="8" t="54" w="718" /><ent r="4" t="58" w="92" /><ent r="7" t="67" w="277" /></phr><phr n="Private"><ent r="100" t="12" w="98" /><ent r="6" t="12" w="199" /><ent r="92" t="12" w="277" /></phr></stem><stem n="attach"><phr n="attached"><ent r="4" t="12" w="106" /><ent r="3" t="41" w="1962" /><ent r="7" t="50" w="582" /><ent r="4" t="50" w="959" /></phr><phr n="attachment"><ent r="100" t="28" w="13" /><ent r="100" t="39" w="1031" /></phr><phr n="attach"><ent r="3" t="41" w="615" /><ent r="7" t="49" w="362" /><ent r="7" t="50" w="336" /><ent r="3" t="50" w="857" /><ent r="4" t="50" w="1137" /></phr><phr n="Attachment"><ent r="7" t="62" w="76" /></phr></stem><stem n="remind"><phr n="reminded"><ent r="4" t="12" w="115" /></phr></stem><stem n="elsewher"><phr n="elsewhere"><ent r="5" t="12" w="130" /></phr></stem><stem n="destroi"><phr n="Destroy"><ent r="6" t="12" w="133" /></phr></stem><stem n="anoth"><phr n="another"><ent r="5" t="12" w="152" /><ent r="3" t="15" w="190" /><ent r="7" t="17" w="1947" /><ent r="7" t="19" w="540" /><ent r="7" t="20" w="740" /><ent r="7" t="21" w="793" /><ent r="7" t="26" w="1448" /><ent r="3" t="27" w="241" /><ent r="3" t="28" w="206" /><ent r="3" t="34" w="83" /><ent r="4" t="37" w="93" /><ent r="3" t="39" w="453" /><ent r="3" t="40" w="124" /><ent r="3" t="47" w="190" /><ent r="3" t="47" w="194" /><ent r="3" t="47" w="232" /><ent r="3" t="47" w="556" /><ent r="3" t="47" w="649" /><ent r="5" t="48" w="299" /><ent r="3" t="69" w="188" /></phr></stem><stem n="abort"><phr n="abort"><ent r="5" t="12" w="170" /></phr></stem><stem n=":preserv"><phr n=":preserving"><ent r="100" t="12" w="193" /></phr></stem><stem n="wish"><phr n="wish"><ent r="3" t="12" w="239" /><ent r="7" t="17" w="517" /><ent r="7" t="17" w="589" /><ent r="7" t="26" w="279" /><ent r="7" t="26" w="352" /></phr></stem><stem n="maintain"><phr n="maintain"><ent r="3" t="12" w="241" /></phr><phr n="Maintain"><ent r="4" t="46" w="97" /></phr></stem><stem n="renumb"><phr n="renumber"><ent r="3" t="12" w="263" /></phr></stem><stem n="remain"><phr n="remaining"><ent r="3" t="12" w="265" /><ent r="4" t="22" w="181" /></phr><phr n="remain"><ent r="6" t="17" w="608" /><ent r="6" t="17" w="815" /><ent r="6" t="26" w="371" /><ent r="6" t="26" w="607" /><ent r="3" t="41" w="1961" /></phr></stem><stem n="prior"><phr n="prior"><ent r="3" t="12" w="285" /><ent r="3" t="41" w="74" /><ent r="3" t="52" w="235" /><ent r="3" t="52" w="367" /></phr></stem><stem n="(under"><phr n="(under"><ent r="4" t="12" w="324" /></phr></stem><stem n="&quot;view"><phr n="&quot;View"><ent r="4" t="12" w="325" /></phr></stem><stem n="&quot;)."><phr n="&quot;)."><ent r="4" t="12" w="328" /><ent r="8" t="32" w="312" /><ent r="8" t="32" w="371" /></phr></stem><stem n="up"><phr n="up"><ent r="4" t="12" w="330" /><ent r="9" t="17" w="1457" /><ent r="6" t="17" w="1745" /><ent r="6" t="17" w="1760" /><ent r="6" t="19" w="338" /><ent r="6" t="19" w="353" /><ent r="6" t="20" w="538" /><ent r="6" t="20" w="553" /><ent r="6" t="21" w="591" /><ent r="6" t="21" w="606" /><ent r="65" t="23" w="169" /><ent r="67" t="24" w="126" /><ent r="67" t="24" w="433" /><ent r="3" t="24" w="659" /><ent r="6" t="26" w="1249" /><ent r="6" t="26" w="1264" /><ent r="3" t="28" w="677" /><ent r="3" t="28" w="753" /><ent r="3" t="28" w="1303" /><ent r="7" t="42" w="436" /></phr><phr n="Up"><ent r="64" t="23" w="201" /><ent r="82" t="23" w="423" /><ent r="64" t="24" w="607" /><ent r="82" t="24" w="650" /></phr></stem><stem n="keystor"><phr n="keystore"><ent r="4" t="12" w="332" /><ent r="4" t="12" w="349" /><ent r="4" t="12" w="369" /><ent r="7" t="17" w="1157" /><ent r="7" t="17" w="1167" /><ent r="8" t="17" w="1318" /><ent r="8" t="17" w="1356" /><ent r="8" t="17" w="1492" /><ent r="7" t="26" w="952" /><ent r="7" t="26" w="962" /><ent r="7" t="26" w="1066" /><ent r="7" t="26" w="1071" /><ent r="3" t="41" w="1823" /><ent r="3" t="41" w="1829" /><ent r="4" t="48" w="233" /><ent r="4" t="58" w="96" /></phr></stem><stem n="~"><phr n="~"><ent r="5" t="12" w="335" /><ent r="5" t="45" w="184" /><ent r="4" t="45" w="188" /></phr></stem><stem n="l7tech/keysnnn"><phr n="l7tech/keysNNN"><ent r="5" t="12" w="337" /><ent r="5" t="12" w="336" /></phr></stem><stem n="keysnnn"><phr n="keysNNN"><ent r="5" t="12" w="337" /></phr></stem><stem n="/.l7tech/keysnnn.p12"><phr n="/.l7tech/keysNNN.p12"><ent r="5" t="12" w="338" /></phr></stem><stem n="l7tech/keysnnn.p12"><phr n="l7tech/keysNNN.p12"><ent r="5" t="12" w="338" /><ent r="5" t="12" w="336" /></phr></stem><stem n="p12"><phr n="p12"><ent r="5" t="12" w="338" /><ent r="7" t="17" w="1162" /><ent r="8" t="17" w="1361" /><ent r="7" t="26" w="957" /><ent r="4" t="41" w="938" /><ent r="3" t="41" w="1820" /><ent r="4" t="41" w="1873" /><ent r="4" t="58" w="101" /></phr></stem><stem n="restor"><phr n="restore"><ent r="4" t="12" w="347" /><ent r="7" t="62" w="313" /></phr><phr n="restores"><ent r="7" t="17" w="1682" /><ent r="7" t="26" w="1236" /></phr></stem><stem n="&lt;program"><phr n="&lt;program"><ent r="7" t="12" w="391" /><ent r="7" t="45" w="145" /><ent r="5" t="63" w="201" /><ent r="5" t="64" w="279" /></phr></stem><stem n="directory&gt;"><phr n="directory&gt;"><ent r="7" t="12" w="393" /><ent r="7" t="45" w="147" /><ent r="5" t="63" w="203" /><ent r="5" t="64" w="281" /></phr></stem><stem n="\.l7tech"><phr n="\.l7tech"><ent r="7" t="12" w="395" /><ent r="7" t="12" w="425" /><ent r="5" t="45" w="129" /><ent r="7" t="45" w="149" /><ent r="7" t="45" w="179" /><ent r="5" t="63" w="205" /><ent r="5" t="63" w="235" /><ent r="5" t="64" w="283" /><ent r="5" t="64" w="313" /></phr></stem><stem n="(visibl"><phr n="(visible"><ent r="6" t="12" w="397" /><ent r="6" t="26" w="456" /><ent r="6" t="45" w="151" /><ent r="4" t="63" w="207" /><ent r="4" t="64" w="285" /></phr></stem><stem n="visibl"><phr n="visible"><ent r="6" t="12" w="397" /><ent r="6" t="26" w="456" /><ent r="3" t="27" w="202" /><ent r="3" t="41" w="2151" /><ent r="3" t="44" w="150" /><ent r="6" t="45" w="151" /><ent r="4" t="63" w="207" /><ent r="4" t="64" w="285" /></phr></stem><stem n="c"><phr n="c"><ent r="7" t="12" w="418" /><ent r="5" t="45" w="123" /><ent r="7" t="45" w="171" /><ent r="5" t="63" w="228" /><ent r="5" t="64" w="306" /><ent r="4" t="66" w="277" /></phr><phr n="C"><ent r="5" t="64" w="137" /></phr></stem><stem n=":\document"><phr n=":\Documents"><ent r="7" t="12" w="419" /><ent r="5" t="63" w="229" /><ent r="5" t="64" w="307" /></phr><phr n=":\documents"><ent r="5" t="45" w="124" /><ent r="7" t="45" w="172" /></phr></stem><stem n="\"><phr n="\"><ent r="7" t="12" w="422" /><ent r="7" t="45" w="175" /><ent r="5" t="63" w="232" /><ent r="5" t="64" w="310" /></phr></stem><stem n="&lt;user&gt;"><phr n="&lt;user&gt;"><ent r="7" t="12" w="423" /><ent r="6" t="12" w="432" /><ent r="5" t="63" w="233" /><ent r="5" t="64" w="311" /></phr></stem></index>