<?xml version="1.0" encoding="utf-8"?><index><stem n="directori"><phr n="directory"><ent r="3" t="2" w="195" /><ent r="3" t="7" w="461" /><ent r="3" t="7" w="538" /><ent r="4" t="7" w="604" /><ent r="4" t="7" w="608" /><ent r="4" t="12" w="357" /><ent r="6" t="18" w="726" /><ent r="6" t="18" w="736" /><ent r="6" t="27" w="455" /><ent r="6" t="27" w="481" /><ent r="4" t="36" w="117" /><ent r="3" t="42" w="931" /><ent r="3" t="42" w="1867" /><ent r="4" t="46" w="192" /><ent r="4" t="64" w="118" /></phr><phr n="Directory"><ent r="3" t="16" w="207" /><ent r="5" t="49" w="344" /></phr></stem><stem n="store"><phr n="stored"><ent r="3" t="2" w="201" /><ent r="3" t="28" w="244" /><ent r="3" t="28" w="250" /><ent r="3" t="28" w="264" /><ent r="4" t="29" w="66" /><ent r="4" t="29" w="92" /><ent r="4" t="29" w="109" /><ent r="3" t="29" w="795" /><ent r="3" t="29" w="1157" /><ent r="64" t="30" w="41" /><ent r="3" t="30" w="95" /><ent r="3" t="30" w="116" /><ent r="64" t="31" w="46" /><ent r="3" t="31" w="130" /><ent r="3" t="32" w="39" /><ent r="4" t="32" w="555" /><ent r="4" t="32" w="620" /><ent r="64" t="34" w="105" /><ent r="3" t="36" w="28" /><ent r="3" t="37" w="197" /><ent r="3" t="37" w="264" /><ent r="3" t="37" w="400" /><ent r="3" t="42" w="997" /><ent r="3" t="42" w="1020" /><ent r="3" t="42" w="1893" /><ent r="3" t="42" w="2057" /><ent r="3" t="42" w="2080" /><ent r="7" t="43" w="333" /><ent r="7" t="43" w="410" /><ent r="3" t="48" w="84" /><ent r="4" t="51" w="1013" /><ent r="4" t="51" w="1191" /><ent r="3" t="63" w="172" /></phr><phr n="Stored"><ent r="65" t="5" w="328" /><ent r="64" t="18" w="2402" /><ent r="64" t="18" w="2416" /><ent r="64" t="20" w="855" /><ent r="64" t="20" w="869" /><ent r="64" t="21" w="1057" /><ent r="64" t="21" w="1071" /><ent r="64" t="22" w="1112" /><ent r="64" t="22" w="1126" /><ent r="64" t="27" w="1725" /><ent r="64" t="27" w="1739" /><ent r="64" t="28" w="154" /><ent r="1000" t="29" w="2" /><ent r="100" t="29" w="23" /><ent r="102" t="29" w="27" /><ent r="100" t="29" w="48" /><ent r="68" t="29" w="611" /><ent r="1000" t="30" w="2" /><ent r="100" t="30" w="22" /><ent r="102" t="30" w="26" /><ent r="1000" t="31" w="5" /><ent r="100" t="31" w="26" /><ent r="100" t="31" w="29" /><ent r="100" t="31" w="33" /><ent r="102" t="31" w="41" /><ent r="1000" t="34" w="3" /><ent r="100" t="34" w="9" /><ent r="100" t="34" w="15" /><ent r="102" t="34" w="20" /><ent r="65" t="35" w="345" /><ent r="64" t="37" w="90" /><ent r="64" t="37" w="376" /><ent r="64" t="40" w="1020" /><ent r="64" t="40" w="1026" /><ent r="7" t="43" w="431" /></phr><phr n="store"><ent r="3" t="26" w="151" /><ent r="3" t="42" w="830" /><ent r="3" t="48" w="548" /><ent r="3" t="48" w="811" /><ent r="3" t="48" w="834" /><ent r="4" t="49" w="409" /><ent r="4" t="49" w="444" /><ent r="4" t="49" w="475" /><ent r="6" t="50" w="263" /><ent r="6" t="51" w="232" /><ent r="3" t="51" w="695" /><ent r="3" t="51" w="750" /><ent r="3" t="52" w="91" /><ent r="3" t="52" w="94" /><ent r="3" t="52" w="155" /><ent r="3" t="53" w="191" /><ent r="3" t="53" w="227" /><ent r="3" t="53" w="366" /><ent r="4" t="54" w="465" /></phr><phr n="Store"><ent r="9" t="55" w="1053" /></phr></stem><stem n="outsid"><phr n="outside"><ent r="3" t="2" w="208" /><ent r="3" t="48" w="128" /><ent r="3" t="48" w="199" /><ent r="6" t="61" w="76" /></phr></stem><stem n="launch"><phr n="launching"><ent r="3" t="2" w="218" /></phr><phr n="launched"><ent r="3" t="4" w="58" /><ent r="3" t="6" w="112" /></phr><phr n="launch"><ent r="4" t="5" w="186" /></phr></stem><stem n="start.htm"><phr n="start.htm"><ent r="3" t="2" w="222" /><ent r="3" t="2" w="221" /></phr></stem><stem n="htm"><phr n="htm"><ent r="3" t="2" w="222" /></phr></stem><stem n="&quot;_start.htm&quot;."><phr n="&quot;_start.htm&quot;."><ent r="3" t="2" w="223" /></phr></stem><stem n="assum"><phr n="assumes"><ent r="3" t="2" w="229" /><ent r="3" t="5" w="16" /></phr><phr n="assumed"><ent r="3" t="16" w="124" /><ent r="3" t="18" w="257" /></phr><phr n="assume"><ent r="3" t="51" w="940" /></phr><phr n="assuming"><ent r="9" t="55" w="1149" /></phr></stem><stem n="knowledg"><phr n="knowledge"><ent r="3" t="2" w="232" /></phr></stem><stem n="internet"><phr n="Internet"><ent r="3" t="2" w="234" /></phr></stem><stem n="terminolog"><phr n="terminology"><ent r="3" t="2" w="235" /></phr></stem><stem n="http"><phr n="HTTP"><ent r="3" t="2" w="236" /><ent r="6" t="18" w="774" /><ent r="6" t="18" w="803" /><ent r="6" t="18" w="1743" /><ent r="7" t="18" w="1769" /><ent r="4" t="18" w="2260" /><ent r="3" t="18" w="2276" /><ent r="6" t="20" w="302" /><ent r="7" t="20" w="328" /><ent r="4" t="20" w="713" /><ent r="3" t="20" w="729" /><ent r="6" t="21" w="502" /><ent r="7" t="21" w="528" /><ent r="4" t="21" w="915" /><ent r="3" t="21" w="931" /><ent r="6" t="22" w="555" /><ent r="7" t="22" w="581" /><ent r="4" t="22" w="970" /><ent r="3" t="22" w="986" /><ent r="6" t="23" w="341" /><ent r="8" t="24" w="657" /><ent r="3" t="24" w="826" /><ent r="6" t="25" w="358" /><ent r="3" t="26" w="167" /><ent r="6" t="27" w="519" /><ent r="6" t="27" w="548" /><ent r="4" t="27" w="1534" /><ent r="3" t="27" w="1550" /><ent r="100" t="39" w="7" /><ent r="3" t="40" w="577" /><ent r="3" t="40" w="591" /><ent r="3" t="40" w="601" /><ent r="3" t="40" w="737" /><ent r="7" t="43" w="267" /><ent r="6" t="45" w="407" /><ent r="4" t="47" w="220" /><ent r="3" t="47" w="370" /><ent r="4" t="47" w="457" /><ent r="82" t="47" w="545" /><ent r="7" t="62" w="147" /><ent r="68" t="62" w="159" /><ent r="1000" t="65" w="3" /><ent r="100" t="65" w="10" /><ent r="100" t="65" w="14" /><ent r="102" t="65" w="25" /><ent r="3" t="65" w="32" /><ent r="3" t="65" w="71" /><ent r="3" t="65" w="79" /><ent r="4" t="65" w="89" /><ent r="3" t="65" w="104" /><ent r="6" t="68" w="184" /></phr><phr n="http"><ent r="4" t="5" w="223" /><ent r="5" t="18" w="249" /><ent r="4" t="18" w="254" /><ent r="3" t="18" w="270" /><ent r="4" t="18" w="302" /><ent r="6" t="22" w="329" /><ent r="6" t="23" w="641" /><ent r="6" t="23" w="722" /><ent r="5" t="27" w="117" /><ent r="8" t="29" w="345" /><ent r="7" t="29" w="384" /><ent r="7" t="29" w="476" /><ent r="8" t="33" w="406" /><ent r="3" t="40" w="341" /><ent r="3" t="40" w="345" /><ent r="3" t="40" w="387" /><ent r="3" t="40" w="606" /><ent r="3" t="40" w="633" /><ent r="3" t="40" w="646" /><ent r="4" t="40" w="894" /><ent r="4" t="40" w="938" /><ent r="4" t="47" w="597" /><ent r="3" t="47" w="608" /><ent r="3" t="47" w="616" /><ent r="3" t="47" w="624" /><ent r="5" t="47" w="703" /><ent r="67" t="55" w="606" /><ent r="8" t="62" w="136" /><ent r="8" t="62" w="415" /><ent r="5" t="65" w="153" /><ent r="3" t="67" w="369" /><ent r="3" t="69" w="121" /><ent r="3" t="69" w="250" /><ent r="4" t="69" w="316" /></phr><phr n="HTTPS"><ent r="7" t="18" w="1222" /><ent r="6" t="18" w="1745" /><ent r="7" t="18" w="1773" /><ent r="6" t="20" w="304" /><ent r="7" t="20" w="332" /><ent r="6" t="21" w="504" /><ent r="7" t="21" w="532" /><ent r="6" t="22" w="557" /><ent r="7" t="22" w="585" /><ent r="7" t="27" w="983" /><ent r="4" t="54" w="243" /></phr><phr n="https"><ent r="8" t="18" w="1231" /><ent r="8" t="27" w="992" /><ent r="8" t="59" w="201" /></phr></stem><stem n="doe"><phr n="does"><ent r="3" t="2" w="244" /><ent r="3" t="6" w="77" /><ent r="4" t="18" w="241" /><ent r="7" t="18" w="523" /><ent r="7" t="18" w="595" /><ent r="7" t="27" w="251" /><ent r="7" t="27" w="324" /><ent r="3" t="32" w="184" /><ent r="3" t="37" w="257" /><ent r="4" t="40" w="812" /><ent r="3" t="42" w="475" /><ent r="3" t="42" w="497" /><ent r="3" t="42" w="909" /><ent r="4" t="45" w="90" /><ent r="4" t="45" w="103" /><ent r="7" t="51" w="611" /><ent r="9" t="55" w="1129" /><ent r="9" t="55" w="1234" /><ent r="7" t="68" w="51" /><ent r="3" t="69" w="219" /></phr><phr n="Does"><ent r="82" t="37" w="245" /></phr></stem><stem n="figur"><phr n="Figure"><ent r="64" t="2" w="282" /></phr></stem><stem n="1"><phr n="1"><ent r="64" t="2" w="283" /><ent r="4" t="7" w="463" /><ent r="4" t="7" w="522" /><ent r="7" t="10" w="118" /><ent r="5" t="12" w="206" /><ent r="65" t="12" w="314" /><ent r="6" t="23" w="253" /><ent r="6" t="23" w="260" /><ent r="6" t="23" w="269" /><ent r="6" t="23" w="270" /><ent r="6" t="23" w="285" /><ent r="6" t="23" w="292" /><ent r="6" t="23" w="300" /><ent r="6" t="23" w="322" /><ent r="6" t="23" w="375" /><ent r="6" t="23" w="389" /><ent r="6" t="23" w="390" /><ent r="5" t="24" w="345" /><ent r="5" t="25" w="56" /><ent r="64" t="25" w="700" /><ent r="3" t="40" w="224" /><ent r="3" t="40" w="349" /><ent r="3" t="40" w="602" /><ent r="3" t="40" w="622" /><ent r="3" t="40" w="738" /><ent r="64" t="42" w="1720" /><ent r="65" t="49" w="155" /><ent r="65" t="49" w="429" /><ent r="7" t="50" w="128" /><ent r="7" t="50" w="333" /><ent r="7" t="51" w="160" /><ent r="7" t="51" w="284" /><ent r="82" t="51" w="729" /><ent r="6" t="55" w="429" /><ent r="6" t="55" w="596" /><ent r="9" t="55" w="671" /><ent r="9" t="55" w="934" /><ent r="9" t="55" w="1216" /><ent r="9" t="55" w="1220" /><ent r="9" t="55" w="1226" /><ent r="9" t="55" w="1227" /><ent r="8" t="55" w="1258" /><ent r="7" t="58" w="234" /><ent r="7" t="58" w="424" /><ent r="7" t="59" w="167" /><ent r="6" t="61" w="63" /><ent r="6" t="61" w="72" /><ent r="6" t="61" w="117" /><ent r="9" t="62" w="191" /><ent r="4" t="67" w="206" /><ent r="3" t="67" w="518" /><ent r="3" t="67" w="603" /><ent r="3" t="67" w="656" /><ent r="3" t="69" w="310" /></phr></stem><stem n="show"><phr n="shows"><ent r="3" t="2" w="285" /></phr><phr n="show"><ent r="7" t="10" w="157" /></phr></stem><stem n="browser"><phr n="browser"><ent r="3" t="2" w="287" /><ent r="4" t="69" w="116" /><ent r="3" t="69" w="192" /><ent r="4" t="69" w="245" /></phr></stem><stem n="displai"><phr n="displays"><ent r="3" t="2" w="290" /><ent r="6" t="2" w="491" /><ent r="9" t="18" w="1501" /><ent r="3" t="29" w="746" /><ent r="4" t="32" w="485" /><ent r="3" t="69" w="57" /><ent r="3" t="69" w="71" /></phr><phr n="Displays"><ent r="6" t="2" w="321" /><ent r="6" t="2" w="357" /><ent r="6" t="45" w="394" /></phr><phr n="display"><ent r="6" t="2" w="347" /><ent r="6" t="2" w="474" /><ent r="3" t="4" w="334" /><ent r="3" t="45" w="28" /><ent r="3" t="45" w="163" /><ent r="3" t="69" w="30" /></phr><phr n="displayed"><ent r="6" t="2" w="393" /><ent r="6" t="2" w="444" /><ent r="4" t="16" w="267" /><ent r="7" t="18" w="1145" /><ent r="7" t="18" w="1273" /><ent r="6" t="18" w="1598" /><ent r="6" t="18" w="1624" /><ent r="6" t="24" w="609" /><ent r="7" t="27" w="906" /><ent r="7" t="27" w="1034" /><ent r="6" t="27" w="1118" /><ent r="6" t="27" w="1144" /><ent r="3" t="35" w="306" /><ent r="4" t="42" w="1093" /><ent r="4" t="42" w="2144" /><ent r="4" t="45" w="127" /><ent r="4" t="45" w="141" /><ent r="4" t="45" w="257" /><ent r="4" t="55" w="1573" /><ent r="3" t="60" w="289" /><ent r="4" t="69" w="163" /><ent r="4" t="69" w="181" /><ent r="3" t="69" w="279" /><ent r="4" t="69" w="297" /></phr><phr n="Display"><ent r="6" t="4" w="326" /></phr></stem><stem n="tabl"><phr n="table"><ent r="3" t="2" w="301" /><ent r="6" t="2" w="323" /><ent r="6" t="2" w="476" /><ent r="3" t="4" w="205" /><ent r="3" t="10" w="40" /><ent r="4" t="18" w="2394" /><ent r="4" t="20" w="847" /><ent r="4" t="21" w="1049" /><ent r="4" t="22" w="1104" /><ent r="4" t="23" w="118" /><ent r="3" t="23" w="222" /><ent r="3" t="29" w="299" /><ent r="3" t="29" w="766" /><ent r="4" t="31" w="196" /><ent r="4" t="32" w="114" /><ent r="4" t="33" w="227" /><ent r="5" t="34" w="172" /><ent r="4" t="35" w="341" /><ent r="3" t="43" w="38" /><ent r="3" t="45" w="274" /><ent r="3" t="50" w="73" /><ent r="3" t="51" w="97" /><ent r="3" t="51" w="680" /><ent r="4" t="55" w="375" /><ent r="3" t="58" w="201" /><ent r="3" t="59" w="132" /></phr><phr n="Table"><ent r="7" t="2" w="317" /><ent r="65" t="12" w="313" /><ent r="92" t="29" w="259" /><ent r="64" t="42" w="1719" /></phr></stem><stem n="describ"><phr n="describes"><ent r="3" t="2" w="302" /><ent r="3" t="10" w="41" /><ent r="3" t="32" w="508" /><ent r="3" t="42" w="84" /></phr><phr n="described"><ent r="3" t="26" w="120" /><ent r="3" t="37" w="44" /><ent r="3" t="47" w="570" /><ent r="4" t="51" w="1064" /><ent r="4" t="51" w="1124" /><ent r="4" t="55" w="371" /></phr><phr n="describing"><ent r="4" t="54" w="340" /></phr></stem><stem n="element"><phr n="element"><ent r="3" t="2" w="304" /><ent r="7" t="29" w="321" /><ent r="7" t="29" w="328" /><ent r="7" t="29" w="337" /><ent r="4" t="29" w="1073" /><ent r="3" t="35" w="254" /><ent r="4" t="40" w="950" /><ent r="3" t="40" w="1078" /><ent r="3" t="40" w="1085" /><ent r="3" t="53" w="113" /><ent r="8" t="55" w="745" /><ent r="8" t="55" w="749" /><ent r="9" t="55" w="800" /><ent r="7" t="62" w="405" /><ent r="7" t="62" w="471" /><ent r="4" t="67" w="1012" /></phr><phr n="Element"><ent r="7" t="2" w="313" /><ent r="5" t="42" w="1172" /><ent r="5" t="42" w="1175" /><ent r="7" t="45" w="289" /></phr><phr n="elements"><ent r="4" t="29" w="1104" /><ent r="4" t="29" w="1185" /><ent r="3" t="40" w="696" /><ent r="3" t="48" w="101" /><ent r="3" t="52" w="166" /><ent r="3" t="53" w="252" /><ent r="7" t="62" w="463" /><ent r="7" t="62" w="478" /></phr></stem><stem n="descript"><phr n="Description"><ent r="7" t="2" w="315" /><ent r="7" t="4" w="220" /><ent r="7" t="10" w="51" /><ent r="7" t="18" w="490" /><ent r="7" t="18" w="1574" /><ent r="7" t="20" w="285" /><ent r="7" t="21" w="279" /><ent r="7" t="21" w="485" /><ent r="7" t="22" w="250" /><ent r="7" t="22" w="538" /><ent r="7" t="24" w="527" /><ent r="7" t="27" w="217" /><ent r="7" t="27" w="1097" /><ent r="7" t="29" w="308" /><ent r="7" t="33" w="258" /><ent r="7" t="45" w="291" /><ent r="7" t="55" w="411" /><ent r="7" t="55" w="1492" /><ent r="7" t="62" w="46" /><ent r="7" t="67" w="255" /></phr><phr n="description"><ent r="4" t="55" w="379" /></phr></stem><stem n="left"><phr n="left"><ent r="6" t="2" w="328" /><ent r="6" t="2" w="365" /><ent r="6" t="2" w="384" /><ent r="6" t="2" w="396" /><ent r="6" t="2" w="447" /><ent r="7" t="2" w="462" /><ent r="6" t="2" w="471" /><ent r="4" t="8" w="310" /><ent r="4" t="8" w="398" /><ent r="3" t="40" w="444" /><ent r="6" t="45" w="403" /><ent r="6" t="45" w="483" /><ent r="7" t="58" w="446" /></phr><phr n="Left"><ent r="6" t="45" w="293" /></phr></stem><stem n="panel"><phr n="panel"><ent r="6" t="2" w="329" /><ent r="6" t="2" w="353" /><ent r="6" t="2" w="366" /><ent r="6" t="2" w="385" /><ent r="6" t="2" w="397" /><ent r="6" t="2" w="409" /><ent r="6" t="2" w="448" /><ent r="6" t="2" w="460" /><ent r="7" t="2" w="463" /><ent r="6" t="2" w="472" /><ent r="7" t="2" w="486" /><ent r="6" t="2" w="490" /><ent r="6" t="45" w="294" /><ent r="6" t="45" w="326" /><ent r="6" t="45" w="392" /><ent r="6" t="45" w="404" /><ent r="6" t="45" w="436" /><ent r="6" t="45" w="484" /></phr></stem><stem n="icon"><phr n="icon"><ent r="6" t="2" w="333" /><ent r="6" t="2" w="345" /><ent r="3" t="6" w="117" /><ent r="4" t="8" w="296" /><ent r="4" t="8" w="384" /></phr></stem><stem n="open"><phr n="open"><ent r="6" t="2" w="335" /><ent r="6" t="18" w="656" /><ent r="6" t="18" w="861" /><ent r="6" t="27" w="385" /><ent r="6" t="27" w="619" /><ent r="3" t="40" w="489" /><ent r="3" t="46" w="208" /><ent r="67" t="55" w="609" /><ent r="69" t="55" w="1269" /></phr><phr n="Open"><ent r="4" t="7" w="586" /><ent r="4" t="7" w="674" /><ent r="4" t="23" w="77" /><ent r="5" t="27" w="1636" /><ent r="5" t="35" w="239" /><ent r="4" t="63" w="40" /><ent r="4" t="64" w="38" /><ent r="4" t="65" w="109" /><ent r="4" t="66" w="122" /><ent r="4" t="69" w="113" /><ent r="4" t="69" w="242" /></phr><phr n="opened"><ent r="4" t="45" w="266" /></phr></stem><stem n="close"><phr n="close"><ent r="6" t="2" w="337" /><ent r="4" t="6" w="196" /><ent r="4" t="18" w="2468" /><ent r="4" t="20" w="921" /><ent r="4" t="21" w="1123" /><ent r="4" t="22" w="1178" /><ent r="7" t="24" w="743" /><ent r="7" t="24" w="752" /><ent r="4" t="24" w="762" /><ent r="4" t="27" w="1748" /><ent r="4" t="31" w="226" /><ent r="4" t="66" w="302" /></phr><phr n="Close"><ent r="6" t="4" w="280" /><ent r="6" t="4" w="316" /><ent r="6" t="45" w="486" /><ent r="5" t="45" w="494" /><ent r="4" t="63" w="143" /><ent r="4" t="64" w="228" /><ent r="4" t="65" w="185" /></phr><phr n="closed"><ent r="3" t="7" w="584" /><ent r="6" t="18" w="692" /><ent r="6" t="27" w="421" /></phr><phr n="Closes"><ent r="6" t="45" w="488" /></phr><phr n="closes"><ent r="4" t="45" w="510" /></phr></stem><stem n="chapter"><phr n="chapter"><ent r="6" t="2" w="339" /></phr><phr n="Chapter"><ent r="5" t="10" w="385" /><ent r="3" t="18" w="374" /><ent r="6" t="27" w="734" /></phr></stem><stem n="section"><phr n="section"><ent r="6" t="2" w="341" /><ent r="3" t="27" w="1574" /></phr></stem><stem n="right"><phr n="right"><ent r="6" t="2" w="352" /><ent r="6" t="2" w="408" /><ent r="6" t="2" w="459" /><ent r="7" t="2" w="485" /><ent r="6" t="2" w="489" /><ent r="4" t="6" w="193" /><ent r="4" t="8" w="332" /><ent r="4" t="8" w="420" /><ent r="6" t="45" w="435" /><ent r="3" t="55" w="1651" /><ent r="3" t="70" w="75" /></phr><phr n="Right"><ent r="4" t="8" w="289" /><ent r="4" t="8" w="377" /><ent r="6" t="45" w="391" /></phr><phr n="rights"><ent r="3" t="48" w="67" /><ent r="3" t="70" w="42" /></phr></stem><stem n="keyword"><phr n="keywords"><ent r="6" t="2" w="362" /><ent r="6" t="2" w="427" /><ent r="6" t="2" w="480" /></phr><phr n="keyword"><ent r="6" t="2" w="374" /><ent r="6" t="2" w="391" /></phr></stem><stem n="scroll"><phr n="Scroll"><ent r="6" t="2" w="367" /></phr></stem><stem n="locat"><phr n="locate"><ent r="6" t="2" w="372" /><ent r="9" t="18" w="1365" /></phr><phr n="location"><ent r="4" t="7" w="594" /><ent r="3" t="28" w="242" /><ent r="3" t="29" w="207" /><ent r="4" t="38" w="94" /><ent r="100" t="40" w="168" /><ent r="3" t="41" w="125" /></phr><phr n="Location"><ent r="64" t="40" w="152" /><ent r="92" t="40" w="171" /><ent r="8" t="43" w="88" /><ent r="8" t="43" w="91" /></phr><phr n="located"><ent r="3" t="46" w="114" /><ent r="4" t="64" w="115" /></phr><phr n="locations"><ent r="3" t="46" w="118" /><ent r="3" t="63" w="186" /><ent r="3" t="64" w="263" /></phr></stem><stem n="type"><phr n="type"><ent r="6" t="2" w="376" /><ent r="6" t="18" w="1619" /><ent r="3" t="18" w="2484" /><ent r="4" t="19" w="149" /><ent r="4" t="19" w="180" /><ent r="4" t="19" w="211" /><ent r="3" t="20" w="937" /><ent r="3" t="21" w="1139" /><ent r="6" t="22" w="370" /><ent r="3" t="22" w="1194" /><ent r="5" t="24" w="366" /><ent r="7" t="24" w="681" /><ent r="4" t="25" w="819" /><ent r="6" t="27" w="1139" /><ent r="3" t="27" w="1764" /><ent r="4" t="29" w="118" /><ent r="3" t="29" w="811" /><ent r="100" t="32" w="8" /><ent r="100" t="32" w="15" /><ent r="100" t="32" w="19" /><ent r="3" t="32" w="61" /><ent r="4" t="32" w="137" /><ent r="3" t="32" w="157" /><ent r="3" t="32" w="267" /><ent r="3" t="32" w="289" /><ent r="4" t="32" w="355" /><ent r="8" t="33" w="295" /><ent r="8" t="33" w="309" /><ent r="8" t="33" w="355" /><ent r="8" t="33" w="368" /><ent r="7" t="33" w="438" /><ent r="3" t="35" w="148" /><ent r="3" t="37" w="559" /><ent r="4" t="37" w="588" /><ent r="3" t="41" w="56" /><ent r="6" t="51" w="248" /><ent r="7" t="62" w="178" /></phr><phr n="types"><ent r="3" t="9" w="237" /><ent r="4" t="19" w="109" /><ent r="3" t="28" w="139" /><ent r="3" t="29" w="858" /><ent r="3" t="41" w="166" /><ent r="3" t="42" w="184" /><ent r="3" t="48" w="345" /><ent r="3" t="48" w="573" /><ent r="3" t="52" w="100" /></phr><phr n="Type"><ent r="8" t="10" w="138" /><ent r="7" t="10" w="140" /><ent r="6" t="22" w="361" /><ent r="4" t="23" w="134" /><ent r="8" t="29" w="496" /><ent r="68" t="29" w="559" /><ent r="4" t="29" w="644" /><ent r="1000" t="32" w="5" /><ent r="100" t="32" w="25" /><ent r="102" t="32" w="31" /><ent r="3" t="32" w="35" /><ent r="5" t="32" w="122" /><ent r="82" t="32" w="152" /><ent r="82" t="32" w="261" /><ent r="68" t="33" w="457" /><ent r="3" t="40" w="614" /><ent r="8" t="51" w="304" /><ent r="6" t="55" w="443" /><ent r="6" t="55" w="1508" /><ent r="7" t="55" w="1518" /></phr><phr n="typed"><ent r="6" t="18" w="1630" /><ent r="6" t="27" w="1150" /></phr></stem><stem n="box"><phr n="box"><ent r="6" t="2" w="381" /><ent r="5" t="7" w="381" /><ent r="4" t="16" w="325" /><ent r="7" t="18" w="546" /><ent r="7" t="18" w="618" /><ent r="6" t="18" w="674" /><ent r="6" t="18" w="781" /><ent r="6" t="18" w="888" /><ent r="6" t="18" w="912" /><ent r="6" t="18" w="996" /><ent r="6" t="18" w="1616" /><ent r="7" t="18" w="1715" /><ent r="6" t="18" w="2056" /><ent r="6" t="18" w="2085" /><ent r="6" t="18" w="2114" /><ent r="4" t="18" w="2173" /><ent r="4" t="18" w="2195" /><ent r="3" t="18" w="2208" /><ent r="3" t="18" w="2264" /><ent r="3" t="18" w="2292" /><ent r="4" t="20" w="626" /><ent r="4" t="20" w="648" /><ent r="3" t="20" w="661" /><ent r="3" t="20" w="717" /><ent r="3" t="20" w="745" /><ent r="6" t="21" w="341" /><ent r="4" t="21" w="826" /><ent r="4" t="21" w="848" /><ent r="3" t="21" w="863" /><ent r="3" t="21" w="919" /><ent r="3" t="21" w="947" /><ent r="4" t="22" w="879" /><ent r="4" t="22" w="901" /><ent r="3" t="22" w="918" /><ent r="3" t="22" w="974" /><ent r="3" t="22" w="1002" /><ent r="7" t="24" w="628" /><ent r="7" t="24" w="662" /><ent r="7" t="24" w="736" /><ent r="7" t="27" w="274" /><ent r="7" t="27" w="347" /><ent r="6" t="27" w="403" /><ent r="6" t="27" w="526" /><ent r="6" t="27" w="646" /><ent r="6" t="27" w="670" /><ent r="6" t="27" w="757" /><ent r="6" t="27" w="1136" /><ent r="7" t="27" w="1235" /><ent r="3" t="27" w="1538" /><ent r="3" t="27" w="1566" /><ent r="4" t="27" w="1687" /><ent r="7" t="29" w="569" /><ent r="4" t="31" w="206" /><ent r="4" t="31" w="215" /><ent r="7" t="33" w="467" /><ent r="7" t="50" w="300" /><ent r="7" t="50" w="349" /><ent r="4" t="51" w="903" /><ent r="7" t="55" w="464" /><ent r="7" t="55" w="510" /><ent r="8" t="55" w="647" /><ent r="8" t="55" w="859" /><ent r="8" t="55" w="878" /><ent r="8" t="55" w="911" /><ent r="8" t="55" w="1292" /><ent r="8" t="55" w="1311" /><ent r="7" t="58" w="376" /></phr><phr n="boxes"><ent r="7" t="55" w="503" /><ent r="7" t="55" w="1380" /></phr></stem><stem n="titl"><phr n="title"><ent r="6" t="2" w="401" /><ent r="6" t="2" w="452" /></phr></stem><stem n="let"><phr n="Lets"><ent r="6" t="2" w="413" /></phr></stem><stem n="word"><phr n="word"><ent r="6" t="2" w="418" /><ent r="6" t="2" w="442" /></phr><phr n="words"><ent r="3" t="40" w="480" /><ent r="3" t="42" w="1499" /><ent r="3" t="48" w="423" /></phr></stem><stem n="entir"><phr n="entire"><ent r="6" t="2" w="421" /><ent r="5" t="12" w="172" /><ent r="3" t="21" w="66" /><ent r="3" t="29" w="656" /><ent r="4" t="65" w="178" /></phr><phr n="entirely"><ent r="3" t="3" w="237" /></phr></stem><stem n="just"><phr n="just"><ent r="6" t="2" w="425" /><ent r="6" t="45" w="358" /></phr></stem><stem n="go"><phr n="Go"><ent r="7" t="2" w="430" /></phr><phr n="go"><ent r="6" t="4" w="250" /></phr><phr n="going"><ent r="6" t="18" w="2060" /><ent r="3" t="45" w="32" /></phr></stem><stem n="begin"><phr n="begin"><ent r="6" t="2" w="433" /></phr><phr n="beginning"><ent r="7" t="18" w="1962" /><ent r="7" t="20" w="521" /><ent r="7" t="21" w="721" /><ent r="7" t="22" w="774" /><ent r="7" t="27" w="1429" /><ent r="3" t="29" w="658" /><ent r="3" t="33" w="69" /></phr><phr n="begins"><ent r="8" t="24" w="719" /><ent r="5" t="27" w="1665" /><ent r="9" t="29" w="528" /><ent r="82" t="32" w="257" /><ent r="3" t="32" w="264" /><ent r="3" t="32" w="303" /><ent r="5" t="32" w="351" /><ent r="5" t="32" w="487" /><ent r="4" t="32" w="626" /><ent r="5" t="32" w="702" /><ent r="8" t="33" w="310" /><ent r="8" t="33" w="369" /><ent r="4" t="45" w="261" /></phr></stem><stem n="[left"><phr n="[left"><ent r="7" t="2" w="462" /></phr></stem><stem n="depend"><phr n="Depending"><ent r="6" t="2" w="465" /><ent r="3" t="29" w="639" /></phr><phr n="depending"><ent r="3" t="25" w="908" /><ent r="3" t="41" w="185" /><ent r="3" t="42" w="203" /><ent r="8" t="55" w="692" /><ent r="8" t="55" w="953" /><ent r="4" t="67" w="702" /></phr></stem><stem n="result"><phr n="results"><ent r="6" t="2" w="482" /><ent r="3" t="47" w="661" /><ent r="3" t="48" w="77" /><ent r="4" t="55" w="1571" /></phr><phr n="result"><ent r="5" t="32" w="670" /></phr><phr n="resulting"><ent r="3" t="48" w="217" /></phr><phr n="Results"><ent r="4" t="55" w="1578" /></phr></stem><stem n="etc"><phr n="etc"><ent r="6" t="2" w="483" /><ent r="7" t="10" w="122" /></phr></stem><stem n="[right"><phr n="[right"><ent r="7" t="2" w="485" /></phr></stem><stem n="&quot;identity&quot;"><phr n="&quot;identity&quot;"><ent r="3" t="3" w="25" /></phr></stem><stem n="both"><phr n="both"><ent r="3" t="3" w="26" /><ent r="3" t="3" w="44" /><ent r="3" t="9" w="345" /><ent r="3" t="9" w="363" /><ent r="3" t="28" w="38" /><ent r="3" t="37" w="524" /><ent r="3" t="38" w="271" /><ent r="3" t="41" w="200" /><ent r="7" t="43" w="122" /><ent r="7" t="43" w="233" /><ent r="3" t="51" w="1048" /><ent r="6" t="55" w="627" /><ent r="9" t="55" w="1174" /><ent r="4" t="57" w="107" /><ent r="3" t="67" w="652" /></phr><phr n="Both"><ent r="3" t="50" w="56" /><ent r="8" t="51" w="317" /><ent r="7" t="51" w="379" /><ent r="82" t="51" w="1039" /></phr></stem><stem n="group"><phr n="groups"><ent r="3" t="3" w="29" /><ent r="3" t="9" w="348" /><ent r="64" t="48" w="587" /><ent r="64" t="48" w="592" /><ent r="6" t="50" w="499" /><ent r="6" t="50" w="503" /><ent r="6" t="51" w="519" /><ent r="6" t="51" w="523" /><ent r="3" t="53" w="287" /><ent r="3" t="53" w="291" /><ent r="3" t="53" w="299" /><ent r="100" t="54" w="11" /><ent r="100" t="54" w="13" /><ent r="100" t="54" w="18" /><ent r="100" t="54" w="20" /><ent r="100" t="54" w="25" /><ent r="100" t="54" w="27" /><ent r="100" t="54" w="33" /><ent r="100" t="54" w="36" /><ent r="100" t="54" w="63" /><ent r="3" t="54" w="80" /><ent r="3" t="54" w="83" /><ent r="3" t="54" w="98" /><ent r="3" t="54" w="115" /><ent r="3" t="54" w="119" /><ent r="3" t="54" w="294" /><ent r="3" t="54" w="302" /><ent r="4" t="55" w="134" /><ent r="4" t="55" w="138" /><ent r="3" t="55" w="295" /><ent r="3" t="55" w="299" /><ent r="7" t="55" w="1387" /><ent r="4" t="55" w="1606" /><ent r="4" t="55" w="1610" /><ent r="3" t="55" w="1672" /><ent r="3" t="55" w="1676" /></phr><phr n="group"><ent r="3" t="17" w="43" /><ent r="3" t="19" w="87" /><ent r="7" t="51" w="557" /><ent r="7" t="51" w="597" /><ent r="4" t="51" w="968" /><ent r="100" t="54" w="74" /><ent r="3" t="54" w="315" /><ent r="3" t="54" w="419" /><ent r="3" t="54" w="444" /></phr><phr n="Group"><ent r="6" t="50" w="515" /><ent r="6" t="50" w="521" /><ent r="6" t="51" w="535" /><ent r="6" t="51" w="541" /><ent r="3" t="54" w="516" /><ent r="3" t="54" w="527" /><ent r="3" t="54" w="535" /><ent r="5" t="55" w="1434" /><ent r="3" t="55" w="1625" /></phr><phr n="Groups"><ent r="64" t="53" w="317" /><ent r="3" t="53" w="425" /><ent r="1000" t="54" w="6" /><ent r="100" t="54" w="46" /><ent r="102" t="54" w="53" /><ent r="3" t="54" w="291" /><ent r="3" t="54" w="310" /><ent r="3" t="54" w="499" /></phr></stem></index>