<?xml version="1.0" encoding="utf-8"?><index><stem n="uests"><phr n="requests"><ent r="3" t="3" w="92" /><ent r="3" t="3" w="92" /><ent r="3" t="9" w="86" /><ent r="3" t="9" w="140" /><ent r="3" t="9" w="140" /><ent r="3" t="9" w="158" /><ent r="3" t="9" w="158" /><ent r="3" t="9" w="174" /><ent r="3" t="9" w="174" /><ent r="3" t="9" w="188" /><ent r="3" t="9" w="188" /><ent r="3" t="9" w="214" /><ent r="3" t="9" w="214" /><ent r="3" t="14" w="44" /><ent r="3" t="14" w="44" /><ent r="3" t="15" w="69" /><ent r="3" t="15" w="69" /><ent r="3" t="17" w="106" /><ent r="3" t="17" w="106" /><ent r="3" t="19" w="65" /><ent r="3" t="19" w="65" /><ent r="4" t="19" w="134" /><ent r="4" t="19" w="134" /><ent r="5" t="25" w="241" /><ent r="5" t="25" w="241" /><ent r="4" t="29" w="1021" /><ent r="4" t="29" w="1021" /><ent r="3" t="40" w="70" /><ent r="3" t="40" w="70" /><ent r="3" t="40" w="81" /><ent r="3" t="40" w="81" /><ent r="3" t="40" w="94" /><ent r="3" t="40" w="197" /><ent r="3" t="40" w="197" /><ent r="3" t="40" w="211" /><ent r="3" t="40" w="211" /><ent r="3" t="40" w="292" /><ent r="3" t="40" w="292" /><ent r="3" t="40" w="333" /><ent r="3" t="40" w="333" /><ent r="3" t="42" w="1298" /><ent r="3" t="42" w="1298" /><ent r="3" t="45" w="207" /><ent r="3" t="47" w="369" /><ent r="3" t="47" w="369" /><ent r="3" t="53" w="129" /><ent r="3" t="53" w="129" /><ent r="3" t="61" w="140" /><ent r="3" t="64" w="115" /><ent r="3" t="64" w="115" /></phr><phr n="Requests"><ent r="3" t="9" w="162" /><ent r="3" t="9" w="162" /><ent r="6" t="18" w="1576" /><ent r="6" t="18" w="1576" /><ent r="6" t="18" w="1722" /><ent r="6" t="18" w="1722" /><ent r="5" t="25" w="234" /><ent r="5" t="25" w="234" /><ent r="6" t="27" w="1095" /><ent r="6" t="27" w="1095" /><ent r="6" t="27" w="1238" /><ent r="6" t="27" w="1238" /></phr></stem><stem n="reques"><phr n="requests"><ent r="3" t="3" w="92" /><ent r="3" t="3" w="92" /><ent r="3" t="9" w="86" /><ent r="3" t="9" w="140" /><ent r="3" t="9" w="140" /><ent r="3" t="9" w="158" /><ent r="3" t="9" w="158" /><ent r="3" t="9" w="174" /><ent r="3" t="9" w="174" /><ent r="3" t="9" w="188" /><ent r="3" t="9" w="188" /><ent r="3" t="9" w="214" /><ent r="3" t="9" w="214" /><ent r="3" t="14" w="44" /><ent r="3" t="14" w="44" /><ent r="3" t="15" w="69" /><ent r="3" t="15" w="69" /><ent r="3" t="17" w="106" /><ent r="3" t="17" w="106" /><ent r="3" t="19" w="65" /><ent r="3" t="19" w="65" /><ent r="4" t="19" w="134" /><ent r="4" t="19" w="134" /><ent r="5" t="25" w="241" /><ent r="5" t="25" w="241" /><ent r="4" t="29" w="1021" /><ent r="4" t="29" w="1021" /><ent r="3" t="40" w="70" /><ent r="3" t="40" w="70" /><ent r="3" t="40" w="81" /><ent r="3" t="40" w="81" /><ent r="3" t="40" w="94" /><ent r="3" t="40" w="197" /><ent r="3" t="40" w="197" /><ent r="3" t="40" w="211" /><ent r="3" t="40" w="211" /><ent r="3" t="40" w="292" /><ent r="3" t="40" w="292" /><ent r="3" t="40" w="333" /><ent r="3" t="40" w="333" /><ent r="3" t="42" w="1298" /><ent r="3" t="42" w="1298" /><ent r="3" t="45" w="207" /><ent r="3" t="47" w="369" /><ent r="3" t="47" w="369" /><ent r="3" t="53" w="129" /><ent r="3" t="53" w="129" /><ent r="3" t="61" w="140" /><ent r="3" t="64" w="115" /><ent r="3" t="64" w="115" /></phr><phr n="requesting"><ent r="3" t="3" w="273" /><ent r="3" t="3" w="273" /><ent r="6" t="21" w="315" /><ent r="6" t="21" w="315" /><ent r="3" t="48" w="52" /><ent r="3" t="48" w="52" /><ent r="3" t="48" w="187" /><ent r="3" t="48" w="187" /></phr><phr n="request"><ent r="3" t="3" w="314" /><ent r="3" t="3" w="314" /><ent r="3" t="3" w="356" /><ent r="4" t="5" w="217" /><ent r="4" t="5" w="217" /><ent r="4" t="5" w="239" /><ent r="4" t="5" w="239" /><ent r="4" t="5" w="259" /><ent r="4" t="5" w="259" /><ent r="4" t="5" w="265" /><ent r="4" t="5" w="265" /><ent r="3" t="13" w="317" /><ent r="3" t="13" w="317" /><ent r="6" t="18" w="792" /><ent r="6" t="18" w="792" /><ent r="6" t="18" w="818" /><ent r="6" t="18" w="818" /><ent r="7" t="18" w="2007" /><ent r="7" t="18" w="2009" /><ent r="3" t="18" w="2212" /><ent r="3" t="18" w="2212" /><ent r="3" t="18" w="2253" /><ent r="7" t="20" w="567" /><ent r="7" t="20" w="569" /><ent r="3" t="20" w="666" /><ent r="3" t="20" w="666" /><ent r="3" t="20" w="707" /><ent r="6" t="21" w="331" /><ent r="6" t="21" w="336" /><ent r="6" t="21" w="336" /><ent r="7" t="21" w="766" /><ent r="7" t="21" w="768" /><ent r="3" t="21" w="867" /><ent r="3" t="21" w="867" /><ent r="3" t="21" w="908" /><ent r="6" t="22" w="287" /><ent r="6" t="22" w="287" /><ent r="6" t="22" w="372" /><ent r="6" t="22" w="372" /><ent r="7" t="22" w="819" /><ent r="7" t="22" w="821" /><ent r="3" t="22" w="921" /><ent r="3" t="22" w="921" /><ent r="3" t="22" w="962" /><ent r="3" t="25" w="910" /><ent r="3" t="25" w="910" /><ent r="3" t="26" w="80" /><ent r="3" t="26" w="80" /><ent r="4" t="27" w="113" /><ent r="6" t="27" w="533" /><ent r="6" t="27" w="533" /><ent r="6" t="27" w="559" /><ent r="6" t="27" w="559" /><ent r="7" t="27" w="1470" /><ent r="7" t="27" w="1472" /><ent r="4" t="27" w="1671" /><ent r="3" t="27" w="1701" /><ent r="3" t="28" w="77" /><ent r="3" t="28" w="77" /><ent r="3" t="28" w="172" /><ent r="3" t="28" w="172" /><ent r="3" t="29" w="160" /><ent r="3" t="29" w="160" /><ent r="3" t="29" w="181" /><ent r="7" t="29" w="451" /><ent r="7" t="29" w="451" /><ent r="7" t="29" w="464" /><ent r="7" t="29" w="464" /><ent r="7" t="29" w="486" /><ent r="7" t="29" w="486" /><ent r="8" t="29" w="514" /><ent r="8" t="29" w="514" /><ent r="8" t="29" w="533" /><ent r="8" t="29" w="533" /><ent r="3" t="29" w="648" /><ent r="3" t="29" w="648" /><ent r="4" t="29" w="1043" /><ent r="4" t="29" w="1043" /><ent r="4" t="29" w="1181" /><ent r="4" t="29" w="1181" /><ent r="4" t="29" w="1191" /><ent r="4" t="29" w="1191" /><ent r="4" t="29" w="1254" /><ent r="4" t="29" w="1254" /><ent r="4" t="29" w="1290" /><ent r="4" t="29" w="1290" /><ent r="3" t="32" w="45" /><ent r="3" t="32" w="45" /><ent r="3" t="32" w="162" /><ent r="3" t="32" w="162" /><ent r="3" t="32" w="182" /><ent r="3" t="32" w="182" /><ent r="3" t="32" w="229" /><ent r="3" t="32" w="229" /><ent r="3" t="32" w="239" /><ent r="3" t="32" w="239" /><ent r="3" t="32" w="272" /><ent r="3" t="32" w="272" /><ent r="3" t="32" w="318" /><ent r="3" t="32" w="318" /><ent r="3" t="32" w="333" /><ent r="4" t="32" w="483" /><ent r="3" t="32" w="523" /><ent r="4" t="32" w="535" /><ent r="4" t="32" w="535" /><ent r="4" t="32" w="580" /><ent r="4" t="32" w="580" /><ent r="5" t="32" w="647" /><ent r="5" t="32" w="647" /><ent r="5" t="32" w="673" /><ent r="5" t="32" w="673" /><ent r="5" t="32" w="687" /><ent r="3" t="33" w="58" /><ent r="3" t="33" w="58" /><ent r="3" t="33" w="87" /><ent r="3" t="33" w="87" /><ent r="3" t="33" w="109" /><ent r="3" t="33" w="121" /><ent r="3" t="33" w="121" /><ent r="3" t="33" w="133" /><ent r="3" t="33" w="133" /><ent r="3" t="33" w="143" /><ent r="3" t="33" w="143" /><ent r="7" t="33" w="394" /><ent r="7" t="33" w="394" /><ent r="7" t="33" w="421" /><ent r="7" t="33" w="421" /><ent r="3" t="37" w="30" /><ent r="3" t="37" w="30" /><ent r="3" t="37" w="128" /><ent r="3" t="37" w="128" /><ent r="3" t="37" w="152" /><ent r="3" t="37" w="152" /><ent r="3" t="37" w="190" /><ent r="3" t="37" w="190" /><ent r="3" t="37" w="204" /><ent r="3" t="37" w="204" /><ent r="3" t="37" w="255" /><ent r="3" t="37" w="255" /><ent r="3" t="37" w="271" /><ent r="3" t="37" w="271" /><ent r="3" t="37" w="310" /><ent r="3" t="37" w="310" /><ent r="3" t="37" w="363" /><ent r="3" t="37" w="363" /><ent r="3" t="37" w="393" /><ent r="3" t="37" w="393" /><ent r="4" t="38" w="128" /><ent r="4" t="38" w="128" /><ent r="4" t="38" w="156" /><ent r="4" t="38" w="156" /><ent r="4" t="38" w="196" /><ent r="3" t="38" w="231" /><ent r="3" t="38" w="231" /><ent r="3" t="38" w="247" /><ent r="3" t="38" w="247" /><ent r="3" t="39" w="31" /><ent r="3" t="39" w="31" /><ent r="3" t="40" w="378" /><ent r="3" t="40" w="378" /><ent r="3" t="40" w="501" /><ent r="3" t="40" w="501" /><ent r="3" t="40" w="579" /><ent r="3" t="40" w="579" /><ent r="3" t="40" w="593" /><ent r="3" t="40" w="593" /><ent r="3" t="40" w="670" /><ent r="3" t="40" w="670" /><ent r="3" t="40" w="684" /><ent r="3" t="40" w="684" /><ent r="3" t="40" w="742" /><ent r="3" t="40" w="742" /><ent r="4" t="40" w="772" /><ent r="4" t="40" w="772" /><ent r="4" t="40" w="800" /><ent r="4" t="40" w="800" /><ent r="4" t="40" w="822" /><ent r="4" t="40" w="822" /><ent r="3" t="40" w="843" /><ent r="3" t="40" w="843" /><ent r="3" t="40" w="860" /><ent r="3" t="40" w="860" /><ent r="3" t="40" w="960" /><ent r="3" t="40" w="960" /><ent r="3" t="40" w="982" /><ent r="3" t="40" w="982" /><ent r="3" t="40" w="1129" /><ent r="3" t="40" w="1129" /><ent r="3" t="40" w="1154" /><ent r="3" t="40" w="1154" /><ent r="3" t="42" w="70" /><ent r="3" t="42" w="70" /><ent r="3" t="42" w="526" /><ent r="3" t="42" w="526" /><ent r="3" t="42" w="585" /><ent r="3" t="42" w="1369" /><ent r="3" t="42" w="1369" /><ent r="7" t="43" w="208" /><ent r="7" t="43" w="208" /><ent r="7" t="43" w="370" /><ent r="7" t="43" w="428" /><ent r="7" t="43" w="428" /><ent r="3" t="45" w="213" /><ent r="3" t="45" w="213" /><ent r="6" t="45" w="300" /><ent r="6" t="45" w="300" /><ent r="6" t="45" w="355" /><ent r="6" t="45" w="355" /><ent r="6" t="45" w="400" /><ent r="6" t="45" w="400" /><ent r="3" t="47" w="285" /><ent r="4" t="47" w="589" /><ent r="3" t="47" w="600" /><ent r="3" t="47" w="608" /><ent r="3" t="47" w="616" /><ent r="5" t="47" w="695" /><ent r="3" t="48" w="772" /><ent r="3" t="48" w="772" /><ent r="4" t="51" w="1028" /><ent r="4" t="51" w="1028" /><ent r="4" t="51" w="1206" /><ent r="4" t="51" w="1206" /><ent r="4" t="54" w="154" /><ent r="4" t="54" w="154" /><ent r="3" t="54" w="263" /><ent r="3" t="54" w="263" /><ent r="3" t="54" w="321" /><ent r="3" t="54" w="321" /><ent r="6" t="55" w="574" /><ent r="6" t="55" w="574" /><ent r="8" t="55" w="738" /><ent r="8" t="55" w="738" /><ent r="8" t="55" w="775" /><ent r="8" t="55" w="775" /><ent r="9" t="55" w="792" /><ent r="9" t="55" w="792" /><ent r="9" t="55" w="816" /><ent r="9" t="55" w="816" /><ent r="9" t="55" w="1073" /><ent r="9" t="55" w="1073" /><ent r="9" t="55" w="1084" /><ent r="9" t="55" w="1084" /><ent r="9" t="55" w="1199" /><ent r="9" t="55" w="1199" /><ent r="9" t="55" w="1244" /><ent r="9" t="55" w="1244" /><ent r="7" t="63" w="88" /><ent r="7" t="63" w="88" /><ent r="7" t="63" w="177" /><ent r="7" t="63" w="177" /><ent r="3" t="64" w="32" /></phr><phr n="Requests"><ent r="3" t="9" w="162" /><ent r="3" t="9" w="162" /><ent r="6" t="18" w="1576" /><ent r="6" t="18" w="1576" /><ent r="6" t="18" w="1722" /><ent r="6" t="18" w="1722" /><ent r="5" t="25" w="234" /><ent r="5" t="25" w="234" /><ent r="6" t="27" w="1095" /><ent r="6" t="27" w="1095" /><ent r="6" t="27" w="1238" /><ent r="6" t="27" w="1238" /></phr><phr n="Request"><ent r="3" t="13" w="314" /><ent r="3" t="13" w="314" /><ent r="8" t="18" w="1513" /><ent r="8" t="18" w="1513" /><ent r="10" t="18" w="1533" /><ent r="10" t="18" w="1533" /><ent r="6" t="22" w="360" /><ent r="6" t="22" w="360" /><ent r="5" t="25" w="259" /><ent r="6" t="25" w="373" /><ent r="3" t="25" w="900" /><ent r="82" t="32" w="504" /><ent r="82" t="32" w="504" /><ent r="64" t="37" w="98" /><ent r="64" t="37" w="98" /><ent r="100" t="37" w="109" /><ent r="100" t="37" w="109" /><ent r="92" t="37" w="113" /><ent r="92" t="37" w="113" /><ent r="82" t="37" w="180" /><ent r="82" t="37" w="180" /><ent r="82" t="37" w="243" /><ent r="82" t="37" w="243" /><ent r="82" t="37" w="380" /><ent r="82" t="37" w="380" /><ent r="5" t="42" w="1171" /><ent r="5" t="42" w="1171" /><ent r="82" t="42" w="1212" /><ent r="82" t="42" w="1212" /><ent r="3" t="42" w="1352" /><ent r="3" t="42" w="1352" /><ent r="68" t="63" w="100" /><ent r="68" t="63" w="127" /><ent r="1000" t="64" w="2" /><ent r="102" t="64" w="24" /></phr><phr n="request-by-request"><ent r="7" t="18" w="2007" /><ent r="7" t="18" w="2007" /><ent r="7" t="20" w="567" /><ent r="7" t="20" w="567" /><ent r="7" t="21" w="766" /><ent r="7" t="21" w="766" /><ent r="7" t="22" w="819" /><ent r="7" t="22" w="819" /><ent r="7" t="27" w="1470" /><ent r="7" t="27" w="1470" /></phr><phr n="request-by"><ent r="7" t="18" w="2007" /><ent r="7" t="20" w="567" /><ent r="7" t="21" w="766" /><ent r="7" t="22" w="819" /><ent r="7" t="27" w="1470" /></phr><phr n="by-request"><ent r="7" t="18" w="2008" /><ent r="7" t="20" w="568" /><ent r="7" t="21" w="767" /><ent r="7" t="22" w="820" /><ent r="7" t="27" w="1471" /></phr><phr n="Requestor"><ent r="100" t="24" w="6" /><ent r="100" t="24" w="6" /><ent r="3" t="25" w="46" /><ent r="3" t="25" w="46" /><ent r="82" t="49" w="96" /></phr><phr n="requestor"><ent r="3" t="24" w="50" /><ent r="3" t="24" w="62" /><ent r="3" t="24" w="62" /><ent r="3" t="24" w="90" /><ent r="3" t="42" w="326" /><ent r="3" t="48" w="163" /><ent r="3" t="48" w="163" /><ent r="3" t="48" w="270" /><ent r="3" t="48" w="270" /><ent r="3" t="48" w="437" /><ent r="3" t="48" w="579" /><ent r="3" t="48" w="579" /><ent r="3" t="48" w="760" /><ent r="3" t="56" w="130" /></phr><phr n="requestor-side"><ent r="3" t="48" w="760" /><ent r="3" t="48" w="760" /></phr><phr n="Requestor-Side"><ent r="82" t="49" w="96" /><ent r="82" t="49" w="96" /></phr><phr n="Requestors"><ent r="5" t="49" w="336" /></phr><phr n="requestTypeIndex"><ent r="8" t="63" w="171" /><ent r="8" t="63" w="171" /></phr></stem><stem n="equest"><phr n="requests"><ent r="3" t="3" w="92" /><ent r="3" t="3" w="92" /><ent r="3" t="9" w="86" /><ent r="3" t="9" w="140" /><ent r="3" t="9" w="140" /><ent r="3" t="9" w="158" /><ent r="3" t="9" w="158" /><ent r="3" t="9" w="174" /><ent r="3" t="9" w="174" /><ent r="3" t="9" w="188" /><ent r="3" t="9" w="188" /><ent r="3" t="9" w="214" /><ent r="3" t="9" w="214" /><ent r="3" t="14" w="44" /><ent r="3" t="14" w="44" /><ent r="3" t="15" w="69" /><ent r="3" t="15" w="69" /><ent r="3" t="17" w="106" /><ent r="3" t="17" w="106" /><ent r="3" t="19" w="65" /><ent r="3" t="19" w="65" /><ent r="4" t="19" w="134" /><ent r="4" t="19" w="134" /><ent r="5" t="25" w="241" /><ent r="5" t="25" w="241" /><ent r="4" t="29" w="1021" /><ent r="4" t="29" w="1021" /><ent r="3" t="40" w="70" /><ent r="3" t="40" w="70" /><ent r="3" t="40" w="81" /><ent r="3" t="40" w="81" /><ent r="3" t="40" w="94" /><ent r="3" t="40" w="197" /><ent r="3" t="40" w="197" /><ent r="3" t="40" w="211" /><ent r="3" t="40" w="211" /><ent r="3" t="40" w="292" /><ent r="3" t="40" w="292" /><ent r="3" t="40" w="333" /><ent r="3" t="40" w="333" /><ent r="3" t="42" w="1298" /><ent r="3" t="42" w="1298" /><ent r="3" t="45" w="207" /><ent r="3" t="47" w="369" /><ent r="3" t="47" w="369" /><ent r="3" t="53" w="129" /><ent r="3" t="53" w="129" /><ent r="3" t="61" w="140" /><ent r="3" t="64" w="115" /><ent r="3" t="64" w="115" /></phr><phr n="requesting"><ent r="3" t="3" w="273" /><ent r="3" t="3" w="273" /><ent r="6" t="21" w="315" /><ent r="6" t="21" w="315" /><ent r="3" t="48" w="52" /><ent r="3" t="48" w="52" /><ent r="3" t="48" w="187" /><ent r="3" t="48" w="187" /></phr><phr n="request"><ent r="3" t="3" w="314" /><ent r="3" t="3" w="314" /><ent r="3" t="3" w="356" /><ent r="4" t="5" w="217" /><ent r="4" t="5" w="217" /><ent r="4" t="5" w="239" /><ent r="4" t="5" w="239" /><ent r="4" t="5" w="259" /><ent r="4" t="5" w="259" /><ent r="4" t="5" w="265" /><ent r="4" t="5" w="265" /><ent r="3" t="13" w="317" /><ent r="3" t="13" w="317" /><ent r="6" t="18" w="792" /><ent r="6" t="18" w="792" /><ent r="6" t="18" w="818" /><ent r="6" t="18" w="818" /><ent r="7" t="18" w="2007" /><ent r="7" t="18" w="2009" /><ent r="3" t="18" w="2212" /><ent r="3" t="18" w="2212" /><ent r="3" t="18" w="2253" /><ent r="7" t="20" w="567" /><ent r="7" t="20" w="569" /><ent r="3" t="20" w="666" /><ent r="3" t="20" w="666" /><ent r="3" t="20" w="707" /><ent r="6" t="21" w="331" /><ent r="6" t="21" w="336" /><ent r="6" t="21" w="336" /><ent r="7" t="21" w="766" /><ent r="7" t="21" w="768" /><ent r="3" t="21" w="867" /><ent r="3" t="21" w="867" /><ent r="3" t="21" w="908" /><ent r="6" t="22" w="287" /><ent r="6" t="22" w="287" /><ent r="6" t="22" w="372" /><ent r="6" t="22" w="372" /><ent r="7" t="22" w="819" /><ent r="7" t="22" w="821" /><ent r="3" t="22" w="921" /><ent r="3" t="22" w="921" /><ent r="3" t="22" w="962" /><ent r="3" t="25" w="910" /><ent r="3" t="25" w="910" /><ent r="3" t="26" w="80" /><ent r="3" t="26" w="80" /><ent r="4" t="27" w="113" /><ent r="6" t="27" w="533" /><ent r="6" t="27" w="533" /><ent r="6" t="27" w="559" /><ent r="6" t="27" w="559" /><ent r="7" t="27" w="1470" /><ent r="7" t="27" w="1472" /><ent r="4" t="27" w="1671" /><ent r="3" t="27" w="1701" /><ent r="3" t="28" w="77" /><ent r="3" t="28" w="77" /><ent r="3" t="28" w="172" /><ent r="3" t="28" w="172" /><ent r="3" t="29" w="160" /><ent r="3" t="29" w="160" /><ent r="3" t="29" w="181" /><ent r="7" t="29" w="451" /><ent r="7" t="29" w="451" /><ent r="7" t="29" w="464" /><ent r="7" t="29" w="464" /><ent r="7" t="29" w="486" /><ent r="7" t="29" w="486" /><ent r="8" t="29" w="514" /><ent r="8" t="29" w="514" /><ent r="8" t="29" w="533" /><ent r="8" t="29" w="533" /><ent r="3" t="29" w="648" /><ent r="3" t="29" w="648" /><ent r="4" t="29" w="1043" /><ent r="4" t="29" w="1043" /><ent r="4" t="29" w="1181" /><ent r="4" t="29" w="1181" /><ent r="4" t="29" w="1191" /><ent r="4" t="29" w="1191" /><ent r="4" t="29" w="1254" /><ent r="4" t="29" w="1254" /><ent r="4" t="29" w="1290" /><ent r="4" t="29" w="1290" /><ent r="3" t="32" w="45" /><ent r="3" t="32" w="45" /><ent r="3" t="32" w="162" /><ent r="3" t="32" w="162" /><ent r="3" t="32" w="182" /><ent r="3" t="32" w="182" /><ent r="3" t="32" w="229" /><ent r="3" t="32" w="229" /><ent r="3" t="32" w="239" /><ent r="3" t="32" w="239" /><ent r="3" t="32" w="272" /><ent r="3" t="32" w="272" /><ent r="3" t="32" w="318" /><ent r="3" t="32" w="318" /><ent r="3" t="32" w="333" /><ent r="4" t="32" w="483" /><ent r="3" t="32" w="523" /><ent r="4" t="32" w="535" /><ent r="4" t="32" w="535" /><ent r="4" t="32" w="580" /><ent r="4" t="32" w="580" /><ent r="5" t="32" w="647" /><ent r="5" t="32" w="647" /><ent r="5" t="32" w="673" /><ent r="5" t="32" w="673" /><ent r="5" t="32" w="687" /><ent r="3" t="33" w="58" /><ent r="3" t="33" w="58" /><ent r="3" t="33" w="87" /><ent r="3" t="33" w="87" /><ent r="3" t="33" w="109" /><ent r="3" t="33" w="121" /><ent r="3" t="33" w="121" /><ent r="3" t="33" w="133" /><ent r="3" t="33" w="133" /><ent r="3" t="33" w="143" /><ent r="3" t="33" w="143" /><ent r="7" t="33" w="394" /><ent r="7" t="33" w="394" /><ent r="7" t="33" w="421" /><ent r="7" t="33" w="421" /><ent r="3" t="37" w="30" /><ent r="3" t="37" w="30" /><ent r="3" t="37" w="128" /><ent r="3" t="37" w="128" /><ent r="3" t="37" w="152" /><ent r="3" t="37" w="152" /><ent r="3" t="37" w="190" /><ent r="3" t="37" w="190" /><ent r="3" t="37" w="204" /><ent r="3" t="37" w="204" /><ent r="3" t="37" w="255" /><ent r="3" t="37" w="255" /><ent r="3" t="37" w="271" /><ent r="3" t="37" w="271" /><ent r="3" t="37" w="310" /><ent r="3" t="37" w="310" /><ent r="3" t="37" w="363" /><ent r="3" t="37" w="363" /><ent r="3" t="37" w="393" /><ent r="3" t="37" w="393" /><ent r="4" t="38" w="128" /><ent r="4" t="38" w="128" /><ent r="4" t="38" w="156" /><ent r="4" t="38" w="156" /><ent r="4" t="38" w="196" /><ent r="3" t="38" w="231" /><ent r="3" t="38" w="231" /><ent r="3" t="38" w="247" /><ent r="3" t="38" w="247" /><ent r="3" t="39" w="31" /><ent r="3" t="39" w="31" /><ent r="3" t="40" w="378" /><ent r="3" t="40" w="378" /><ent r="3" t="40" w="501" /><ent r="3" t="40" w="501" /><ent r="3" t="40" w="579" /><ent r="3" t="40" w="579" /><ent r="3" t="40" w="593" /><ent r="3" t="40" w="593" /><ent r="3" t="40" w="670" /><ent r="3" t="40" w="670" /><ent r="3" t="40" w="684" /><ent r="3" t="40" w="684" /><ent r="3" t="40" w="742" /><ent r="3" t="40" w="742" /><ent r="4" t="40" w="772" /><ent r="4" t="40" w="772" /><ent r="4" t="40" w="800" /><ent r="4" t="40" w="800" /><ent r="4" t="40" w="822" /><ent r="4" t="40" w="822" /><ent r="3" t="40" w="843" /><ent r="3" t="40" w="843" /><ent r="3" t="40" w="860" /><ent r="3" t="40" w="860" /><ent r="3" t="40" w="960" /><ent r="3" t="40" w="960" /><ent r="3" t="40" w="982" /><ent r="3" t="40" w="982" /><ent r="3" t="40" w="1129" /><ent r="3" t="40" w="1129" /><ent r="3" t="40" w="1154" /><ent r="3" t="40" w="1154" /><ent r="3" t="42" w="70" /><ent r="3" t="42" w="70" /><ent r="3" t="42" w="526" /><ent r="3" t="42" w="526" /><ent r="3" t="42" w="585" /><ent r="3" t="42" w="1369" /><ent r="3" t="42" w="1369" /><ent r="7" t="43" w="208" /><ent r="7" t="43" w="208" /><ent r="7" t="43" w="370" /><ent r="7" t="43" w="428" /><ent r="7" t="43" w="428" /><ent r="3" t="45" w="213" /><ent r="3" t="45" w="213" /><ent r="6" t="45" w="300" /><ent r="6" t="45" w="300" /><ent r="6" t="45" w="355" /><ent r="6" t="45" w="355" /><ent r="6" t="45" w="400" /><ent r="6" t="45" w="400" /><ent r="3" t="47" w="285" /><ent r="4" t="47" w="589" /><ent r="3" t="47" w="600" /><ent r="3" t="47" w="608" /><ent r="3" t="47" w="616" /><ent r="5" t="47" w="695" /><ent r="3" t="48" w="772" /><ent r="3" t="48" w="772" /><ent r="4" t="51" w="1028" /><ent r="4" t="51" w="1028" /><ent r="4" t="51" w="1206" /><ent r="4" t="51" w="1206" /><ent r="4" t="54" w="154" /><ent r="4" t="54" w="154" /><ent r="3" t="54" w="263" /><ent r="3" t="54" w="263" /><ent r="3" t="54" w="321" /><ent r="3" t="54" w="321" /><ent r="6" t="55" w="574" /><ent r="6" t="55" w="574" /><ent r="8" t="55" w="738" /><ent r="8" t="55" w="738" /><ent r="8" t="55" w="775" /><ent r="8" t="55" w="775" /><ent r="9" t="55" w="792" /><ent r="9" t="55" w="792" /><ent r="9" t="55" w="816" /><ent r="9" t="55" w="816" /><ent r="9" t="55" w="1073" /><ent r="9" t="55" w="1073" /><ent r="9" t="55" w="1084" /><ent r="9" t="55" w="1084" /><ent r="9" t="55" w="1199" /><ent r="9" t="55" w="1199" /><ent r="9" t="55" w="1244" /><ent r="9" t="55" w="1244" /><ent r="7" t="63" w="88" /><ent r="7" t="63" w="88" /><ent r="7" t="63" w="177" /><ent r="7" t="63" w="177" /><ent r="3" t="64" w="32" /></phr><phr n="Requests"><ent r="3" t="9" w="162" /><ent r="3" t="9" w="162" /><ent r="6" t="18" w="1576" /><ent r="6" t="18" w="1576" /><ent r="6" t="18" w="1722" /><ent r="6" t="18" w="1722" /><ent r="5" t="25" w="234" /><ent r="5" t="25" w="234" /><ent r="6" t="27" w="1095" /><ent r="6" t="27" w="1095" /><ent r="6" t="27" w="1238" /><ent r="6" t="27" w="1238" /></phr><phr n="Request"><ent r="3" t="13" w="314" /><ent r="3" t="13" w="314" /><ent r="8" t="18" w="1513" /><ent r="8" t="18" w="1513" /><ent r="10" t="18" w="1533" /><ent r="10" t="18" w="1533" /><ent r="6" t="22" w="360" /><ent r="6" t="22" w="360" /><ent r="5" t="25" w="259" /><ent r="6" t="25" w="373" /><ent r="3" t="25" w="900" /><ent r="82" t="32" w="504" /><ent r="82" t="32" w="504" /><ent r="64" t="37" w="98" /><ent r="64" t="37" w="98" /><ent r="100" t="37" w="109" /><ent r="100" t="37" w="109" /><ent r="92" t="37" w="113" /><ent r="92" t="37" w="113" /><ent r="82" t="37" w="180" /><ent r="82" t="37" w="180" /><ent r="82" t="37" w="243" /><ent r="82" t="37" w="243" /><ent r="82" t="37" w="380" /><ent r="82" t="37" w="380" /><ent r="5" t="42" w="1171" /><ent r="5" t="42" w="1171" /><ent r="82" t="42" w="1212" /><ent r="82" t="42" w="1212" /><ent r="3" t="42" w="1352" /><ent r="3" t="42" w="1352" /><ent r="68" t="63" w="100" /><ent r="68" t="63" w="127" /><ent r="1000" t="64" w="2" /><ent r="102" t="64" w="24" /></phr><phr n="request-by-request"><ent r="7" t="18" w="2007" /><ent r="7" t="18" w="2007" /><ent r="7" t="20" w="567" /><ent r="7" t="20" w="567" /><ent r="7" t="21" w="766" /><ent r="7" t="21" w="766" /><ent r="7" t="22" w="819" /><ent r="7" t="22" w="819" /><ent r="7" t="27" w="1470" /><ent r="7" t="27" w="1470" /></phr><phr n="request-by"><ent r="7" t="18" w="2007" /><ent r="7" t="20" w="567" /><ent r="7" t="21" w="766" /><ent r="7" t="22" w="819" /><ent r="7" t="27" w="1470" /></phr><phr n="by-request"><ent r="7" t="18" w="2008" /><ent r="7" t="20" w="568" /><ent r="7" t="21" w="767" /><ent r="7" t="22" w="820" /><ent r="7" t="27" w="1471" /></phr><phr n="Requestor"><ent r="100" t="24" w="6" /><ent r="100" t="24" w="6" /><ent r="3" t="25" w="46" /><ent r="3" t="25" w="46" /><ent r="82" t="49" w="96" /></phr><phr n="requestor"><ent r="3" t="24" w="50" /><ent r="3" t="24" w="62" /><ent r="3" t="24" w="62" /><ent r="3" t="24" w="90" /><ent r="3" t="42" w="326" /><ent r="3" t="48" w="163" /><ent r="3" t="48" w="163" /><ent r="3" t="48" w="270" /><ent r="3" t="48" w="270" /><ent r="3" t="48" w="437" /><ent r="3" t="48" w="579" /><ent r="3" t="48" w="579" /><ent r="3" t="48" w="760" /><ent r="3" t="56" w="130" /></phr><phr n="requestor-side"><ent r="3" t="48" w="760" /><ent r="3" t="48" w="760" /></phr><phr n="Requestor-Side"><ent r="82" t="49" w="96" /><ent r="82" t="49" w="96" /></phr><phr n="Requestors"><ent r="5" t="49" w="336" /></phr><phr n="requestTypeIndex"><ent r="8" t="63" w="171" /><ent r="8" t="63" w="171" /></phr></stem><stem n="quests"><phr n="requests"><ent r="3" t="3" w="92" /><ent r="3" t="3" w="92" /><ent r="3" t="9" w="86" /><ent r="3" t="9" w="140" /><ent r="3" t="9" w="140" /><ent r="3" t="9" w="158" /><ent r="3" t="9" w="158" /><ent r="3" t="9" w="174" /><ent r="3" t="9" w="174" /><ent r="3" t="9" w="188" /><ent r="3" t="9" w="188" /><ent r="3" t="9" w="214" /><ent r="3" t="9" w="214" /><ent r="3" t="14" w="44" /><ent r="3" t="14" w="44" /><ent r="3" t="15" w="69" /><ent r="3" t="15" w="69" /><ent r="3" t="17" w="106" /><ent r="3" t="17" w="106" /><ent r="3" t="19" w="65" /><ent r="3" t="19" w="65" /><ent r="4" t="19" w="134" /><ent r="4" t="19" w="134" /><ent r="5" t="25" w="241" /><ent r="5" t="25" w="241" /><ent r="4" t="29" w="1021" /><ent r="4" t="29" w="1021" /><ent r="3" t="40" w="70" /><ent r="3" t="40" w="70" /><ent r="3" t="40" w="81" /><ent r="3" t="40" w="81" /><ent r="3" t="40" w="94" /><ent r="3" t="40" w="197" /><ent r="3" t="40" w="197" /><ent r="3" t="40" w="211" /><ent r="3" t="40" w="211" /><ent r="3" t="40" w="292" /><ent r="3" t="40" w="292" /><ent r="3" t="40" w="333" /><ent r="3" t="40" w="333" /><ent r="3" t="42" w="1298" /><ent r="3" t="42" w="1298" /><ent r="3" t="45" w="207" /><ent r="3" t="47" w="369" /><ent r="3" t="47" w="369" /><ent r="3" t="53" w="129" /><ent r="3" t="53" w="129" /><ent r="3" t="61" w="140" /><ent r="3" t="64" w="115" /><ent r="3" t="64" w="115" /></phr><phr n="Requests"><ent r="3" t="9" w="162" /><ent r="3" t="9" w="162" /><ent r="6" t="18" w="1576" /><ent r="6" t="18" w="1576" /><ent r="6" t="18" w="1722" /><ent r="6" t="18" w="1722" /><ent r="5" t="25" w="234" /><ent r="5" t="25" w="234" /><ent r="6" t="27" w="1095" /><ent r="6" t="27" w="1095" /><ent r="6" t="27" w="1238" /><ent r="6" t="27" w="1238" /></phr></stem></index>