<?xml version="1.0" encoding="utf-8"?><index><stem n="olicy"><phr n="Policy"><ent r="4" t="0" w="147" /><ent r="4" t="0" w="147" /><ent r="100" t="1" w="11" /><ent r="100" t="1" w="11" /><ent r="3" t="1" w="47" /><ent r="3" t="1" w="47" /><ent r="3" t="1" w="323" /><ent r="3" t="1" w="323" /><ent r="100" t="1" w="353" /><ent r="100" t="1" w="353" /><ent r="92" t="1" w="360" /><ent r="92" t="1" w="360" /><ent r="4" t="1" w="368" /><ent r="4" t="1" w="368" /><ent r="4" t="1" w="405" /><ent r="4" t="1" w="405" /><ent r="3" t="1" w="437" /><ent r="3" t="1" w="437" /><ent r="3" t="3" w="136" /><ent r="3" t="3" w="136" /><ent r="3" t="3" w="261" /><ent r="3" t="3" w="261" /><ent r="3" t="5" w="89" /><ent r="3" t="5" w="89" /><ent r="3" t="13" w="63" /><ent r="3" t="13" w="63" /><ent r="3" t="13" w="406" /><ent r="3" t="13" w="406" /><ent r="5" t="16" w="115" /><ent r="5" t="16" w="115" /><ent r="4" t="16" w="160" /><ent r="4" t="16" w="160" /><ent r="3" t="16" w="239" /><ent r="3" t="16" w="239" /><ent r="5" t="16" w="406" /><ent r="5" t="16" w="406" /><ent r="3" t="17" w="197" /><ent r="3" t="17" w="197" /><ent r="8" t="18" w="2184" /><ent r="8" t="18" w="2184" /><ent r="4" t="18" w="2195" /><ent r="64" t="18" w="2378" /><ent r="64" t="18" w="2378" /><ent r="4" t="18" w="2417" /><ent r="4" t="18" w="2417" /><ent r="5" t="18" w="2422" /><ent r="5" t="18" w="2422" /><ent r="4" t="20" w="622" /><ent r="64" t="20" w="805" /><ent r="64" t="20" w="805" /><ent r="4" t="20" w="844" /><ent r="4" t="20" w="844" /><ent r="5" t="20" w="849" /><ent r="5" t="20" w="849" /><ent r="4" t="21" w="821" /><ent r="64" t="21" w="1006" /><ent r="64" t="21" w="1006" /><ent r="4" t="21" w="1045" /><ent r="4" t="21" w="1045" /><ent r="5" t="21" w="1050" /><ent r="5" t="21" w="1050" /><ent r="4" t="22" w="876" /><ent r="64" t="22" w="1062" /><ent r="64" t="22" w="1062" /><ent r="4" t="22" w="1101" /><ent r="4" t="22" w="1101" /><ent r="5" t="22" w="1106" /><ent r="5" t="22" w="1106" /><ent r="1000" t="23" w="6" /><ent r="1000" t="23" w="6" /><ent r="100" t="23" w="13" /><ent r="100" t="23" w="13" /><ent r="102" t="23" w="30" /><ent r="102" t="23" w="30" /><ent r="3" t="23" w="48" /><ent r="3" t="23" w="48" /><ent r="4" t="23" w="100" /><ent r="3" t="24" w="249" /><ent r="3" t="24" w="249" /><ent r="5" t="24" w="335" /><ent r="5" t="24" w="335" /><ent r="4" t="24" w="418" /><ent r="4" t="24" w="418" /><ent r="7" t="24" w="714" /><ent r="7" t="24" w="715" /><ent r="7" t="24" w="715" /><ent r="5" t="25" w="199" /><ent r="5" t="25" w="199" /><ent r="5" t="25" w="233" /><ent r="5" t="25" w="233" /><ent r="5" t="25" w="285" /><ent r="5" t="25" w="285" /><ent r="5" t="25" w="568" /><ent r="5" t="25" w="568" /><ent r="5" t="25" w="602" /><ent r="5" t="25" w="602" /><ent r="3" t="25" w="758" /><ent r="3" t="25" w="758" /><ent r="4" t="25" w="833" /><ent r="4" t="25" w="833" /><ent r="4" t="25" w="890" /><ent r="4" t="25" w="890" /><ent r="3" t="25" w="967" /><ent r="3" t="25" w="967" /><ent r="4" t="27" w="1546" /><ent r="4" t="27" w="1638" /><ent r="4" t="27" w="1638" /><ent r="4" t="27" w="1671" /><ent r="4" t="27" w="1672" /><ent r="4" t="27" w="1672" /><ent r="100" t="29" w="12" /><ent r="100" t="29" w="12" /><ent r="100" t="29" w="17" /><ent r="100" t="29" w="17" /><ent r="3" t="29" w="162" /><ent r="3" t="29" w="162" /><ent r="3" t="29" w="171" /><ent r="3" t="29" w="171" /><ent r="3" t="29" w="204" /><ent r="3" t="29" w="204" /><ent r="3" t="29" w="225" /><ent r="3" t="29" w="225" /><ent r="7" t="29" w="426" /><ent r="7" t="29" w="426" /><ent r="68" t="29" w="452" /><ent r="68" t="29" w="452" /><ent r="7" t="29" w="519" /><ent r="7" t="29" w="519" /><ent r="8" t="29" w="536" /><ent r="8" t="29" w="536" /><ent r="8" t="29" w="560" /><ent r="8" t="29" w="560" /><ent r="68" t="29" w="574" /><ent r="68" t="29" w="574" /><ent r="68" t="29" w="631" /><ent r="68" t="29" w="631" /><ent r="3" t="29" w="634" /><ent r="3" t="29" w="634" /><ent r="3" t="29" w="681" /><ent r="3" t="29" w="681" /><ent r="3" t="29" w="698" /><ent r="3" t="29" w="698" /><ent r="64" t="29" w="710" /><ent r="64" t="29" w="710" /><ent r="3" t="29" w="736" /><ent r="3" t="29" w="736" /><ent r="64" t="29" w="743" /><ent r="64" t="29" w="743" /><ent r="92" t="29" w="758" /><ent r="92" t="29" w="758" /><ent r="3" t="29" w="763" /><ent r="3" t="29" w="763" /><ent r="3" t="29" w="805" /><ent r="3" t="29" w="805" /><ent r="3" t="29" w="809" /><ent r="3" t="29" w="809" /><ent r="3" t="29" w="858" /><ent r="3" t="29" w="858" /><ent r="3" t="29" w="896" /><ent r="3" t="29" w="896" /><ent r="4" t="29" w="1362" /><ent r="4" t="29" w="1362" /><ent r="3" t="29" w="1371" /><ent r="3" t="29" w="1371" /><ent r="3" t="30" w="72" /><ent r="3" t="30" w="72" /><ent r="1000" t="31" w="6" /><ent r="1000" t="31" w="6" /><ent r="100" t="31" w="27" /><ent r="100" t="31" w="27" /><ent r="102" t="31" w="42" /><ent r="102" t="31" w="42" /><ent r="64" t="31" w="248" /><ent r="64" t="31" w="248" /><ent r="1000" t="32" w="3" /><ent r="1000" t="32" w="3" /><ent r="100" t="32" w="17" /><ent r="100" t="32" w="17" /><ent r="100" t="32" w="23" /><ent r="100" t="32" w="23" /><ent r="102" t="32" w="29" /><ent r="102" t="32" w="29" /><ent r="82" t="32" w="152" /><ent r="82" t="32" w="152" /><ent r="3" t="32" w="169" /><ent r="3" t="32" w="169" /><ent r="3" t="32" w="191" /><ent r="3" t="32" w="191" /><ent r="82" t="32" w="263" /><ent r="82" t="32" w="263" /><ent r="3" t="32" w="286" /><ent r="3" t="32" w="286" /><ent r="3" t="32" w="300" /><ent r="3" t="32" w="300" /><ent r="3" t="32" w="343" /><ent r="3" t="32" w="343" /><ent r="4" t="32" w="373" /><ent r="4" t="32" w="373" /><ent r="65" t="32" w="387" /><ent r="65" t="32" w="387" /><ent r="5" t="32" w="397" /><ent r="5" t="32" w="397" /><ent r="5" t="32" w="417" /><ent r="5" t="32" w="417" /><ent r="3" t="32" w="472" /><ent r="3" t="32" w="472" /><ent r="4" t="32" w="500" /><ent r="4" t="32" w="500" /><ent r="4" t="32" w="559" /><ent r="4" t="32" w="559" /><ent r="4" t="32" w="566" /><ent r="4" t="32" w="566" /><ent r="4" t="32" w="630" /><ent r="4" t="32" w="630" /><ent r="4" t="32" w="635" /><ent r="4" t="32" w="635" /><ent r="5" t="32" w="722" /><ent r="5" t="32" w="722" /><ent r="1000" t="33" w="3" /><ent r="1000" t="33" w="3" /><ent r="100" t="33" w="8" /><ent r="100" t="33" w="8" /><ent r="100" t="33" w="26" /><ent r="100" t="33" w="26" /><ent r="100" t="33" w="29" /><ent r="100" t="33" w="29" /><ent r="102" t="33" w="34" /><ent r="102" t="33" w="34" /><ent r="3" t="33" w="38" /><ent r="3" t="33" w="38" /><ent r="3" t="33" w="64" /><ent r="3" t="33" w="64" /><ent r="3" t="33" w="73" /><ent r="3" t="33" w="73" /><ent r="3" t="33" w="94" /><ent r="3" t="33" w="94" /><ent r="3" t="33" w="173" /><ent r="3" t="33" w="173" /><ent r="4" t="33" w="242" /><ent r="4" t="33" w="242" /><ent r="3" t="33" w="248" /><ent r="3" t="33" w="248" /><ent r="5" t="33" w="258" /><ent r="5" t="33" w="258" /><ent r="7" t="33" w="281" /><ent r="7" t="33" w="281" /><ent r="7" t="33" w="341" /><ent r="7" t="33" w="341" /><ent r="7" t="33" w="452" /><ent r="7" t="33" w="452" /><ent r="68" t="33" w="461" /><ent r="68" t="33" w="461" /><ent r="4" t="33" w="584" /><ent r="4" t="33" w="584" /><ent r="1000" t="34" w="4" /><ent r="1000" t="34" w="4" /><ent r="100" t="34" w="16" /><ent r="100" t="34" w="16" /><ent r="102" t="34" w="21" /><ent r="102" t="34" w="21" /><ent r="3" t="34" w="31" /><ent r="3" t="34" w="31" /><ent r="6" t="34" w="196" /><ent r="6" t="34" w="196" /><ent r="1000" t="35" w="3" /><ent r="1000" t="35" w="3" /><ent r="100" t="35" w="14" /><ent r="100" t="35" w="14" /><ent r="102" t="35" w="18" /><ent r="102" t="35" w="18" /><ent r="3" t="35" w="79" /><ent r="3" t="35" w="79" /><ent r="3" t="35" w="114" /><ent r="3" t="35" w="114" /><ent r="3" t="35" w="298" /><ent r="3" t="35" w="298" /><ent r="4" t="35" w="327" /><ent r="4" t="35" w="327" /><ent r="65" t="35" w="337" /><ent r="65" t="35" w="337" /><ent r="4" t="35" w="346" /><ent r="4" t="35" w="346" /><ent r="1000" t="36" w="3" /><ent r="1000" t="36" w="3" /><ent r="100" t="36" w="14" /><ent r="100" t="36" w="14" /><ent r="102" t="36" w="18" /><ent r="102" t="36" w="18" /><ent r="82" t="37" w="193" /><ent r="82" t="37" w="193" /><ent r="82" t="37" w="260" /><ent r="82" t="37" w="260" /><ent r="82" t="37" w="399" /><ent r="5" t="39" w="157" /><ent r="5" t="39" w="157" /><ent r="4" t="40" w="815" /><ent r="4" t="40" w="815" /><ent r="3" t="40" w="910" /><ent r="3" t="40" w="910" /><ent r="3" t="40" w="999" /><ent r="3" t="40" w="999" /><ent r="3" t="40" w="1009" /><ent r="3" t="40" w="1009" /><ent r="3" t="40" w="1054" /><ent r="3" t="40" w="1054" /><ent r="100" t="40" w="1074" /><ent r="100" t="40" w="1074" /><ent r="3" t="40" w="1159" /><ent r="3" t="40" w="1159" /><ent r="3" t="40" w="1182" /><ent r="3" t="40" w="1182" /><ent r="3" t="41" w="85" /><ent r="3" t="41" w="85" /><ent r="3" t="41" w="100" /><ent r="3" t="41" w="100" /><ent r="3" t="42" w="42" /><ent r="3" t="42" w="42" /><ent r="3" t="42" w="261" /><ent r="3" t="42" w="261" /><ent r="3" t="42" w="1161" /><ent r="3" t="42" w="1161" /><ent r="4" t="42" w="2100" /><ent r="4" t="42" w="2100" /><ent r="3" t="42" w="2258" /><ent r="3" t="42" w="2258" /><ent r="3" t="44" w="146" /><ent r="3" t="44" w="146" /><ent r="3" t="44" w="162" /><ent r="3" t="44" w="162" /><ent r="3" t="47" w="547" /><ent r="3" t="47" w="547" /><ent r="100" t="48" w="13" /><ent r="100" t="48" w="13" /><ent r="82" t="48" w="690" /><ent r="82" t="48" w="690" /><ent r="3" t="48" w="698" /><ent r="3" t="48" w="698" /><ent r="3" t="48" w="732" /><ent r="3" t="48" w="732" /><ent r="4" t="49" w="520" /><ent r="4" t="49" w="520" /><ent r="4" t="50" w="113" /><ent r="4" t="50" w="113" /><ent r="6" t="50" w="160" /><ent r="6" t="50" w="160" /><ent r="6" t="50" w="185" /><ent r="6" t="50" w="185" /><ent r="6" t="50" w="217" /><ent r="6" t="50" w="217" /><ent r="7" t="50" w="250" /><ent r="7" t="50" w="250" /><ent r="6" t="50" w="295" /><ent r="6" t="50" w="295" /><ent r="6" t="50" w="347" /><ent r="6" t="50" w="347" /><ent r="6" t="50" w="418" /><ent r="6" t="50" w="418" /><ent r="7" t="50" w="512" /><ent r="7" t="50" w="512" /><ent r="6" t="50" w="555" /><ent r="6" t="50" w="555" /><ent r="3" t="51" w="46" /><ent r="3" t="51" w="46" /><ent r="4" t="51" w="135" /><ent r="4" t="51" w="135" /><ent r="6" t="51" w="195" /><ent r="6" t="51" w="195" /><ent r="6" t="51" w="220" /><ent r="6" t="51" w="220" /><ent r="6" t="51" w="273" /><ent r="6" t="51" w="273" /><ent r="6" t="51" w="295" /><ent r="6" t="51" w="295" /><ent r="6" t="51" w="432" /><ent r="6" t="51" w="432" /><ent r="7" t="51" w="447" /><ent r="7" t="51" w="447" /><ent r="7" t="51" w="493" /><ent r="7" t="51" w="493" /><ent r="7" t="51" w="529" /><ent r="7" t="51" w="529" /><ent r="6" t="51" w="543" /><ent r="6" t="51" w="543" /><ent r="7" t="51" w="582" /><ent r="7" t="51" w="582" /><ent r="3" t="51" w="801" /><ent r="3" t="51" w="801" /><ent r="3" t="51" w="881" /><ent r="3" t="51" w="881" /><ent r="4" t="51" w="1121" /><ent r="4" t="51" w="1121" /><ent r="3" t="52" w="235" /><ent r="3" t="52" w="235" /><ent r="3" t="53" w="355" /><ent r="3" t="53" w="355" /><ent r="3" t="53" w="398" /><ent r="3" t="53" w="398" /><ent r="3" t="54" w="456" /><ent r="3" t="54" w="456" /><ent r="3" t="54" w="513" /><ent r="3" t="54" w="513" /><ent r="3" t="55" w="105" /><ent r="3" t="55" w="105" /><ent r="4" t="55" w="131" /><ent r="4" t="55" w="131" /><ent r="3" t="55" w="165" /><ent r="3" t="55" w="165" /><ent r="4" t="55" w="181" /><ent r="4" t="55" w="181" /><ent r="3" t="55" w="190" /><ent r="3" t="55" w="190" /><ent r="3" t="55" w="196" /><ent r="3" t="55" w="196" /><ent r="4" t="55" w="224" /><ent r="4" t="55" w="224" /><ent r="3" t="55" w="232" /><ent r="3" t="55" w="232" /><ent r="3" t="55" w="241" /><ent r="3" t="55" w="241" /><ent r="3" t="55" w="250" /><ent r="3" t="55" w="250" /><ent r="3" t="55" w="283" /><ent r="3" t="55" w="283" /><ent r="3" t="55" w="299" /><ent r="3" t="55" w="299" /><ent r="4" t="55" w="333" /><ent r="4" t="55" w="333" /><ent r="4" t="55" w="342" /><ent r="4" t="55" w="342" /><ent r="3" t="55" w="350" /><ent r="3" t="55" w="350" /><ent r="4" t="55" w="416" /><ent r="4" t="55" w="416" /><ent r="6" t="55" w="587" /><ent r="6" t="55" w="587" /><ent r="4" t="55" w="1449" /><ent r="4" t="55" w="1449" /><ent r="4" t="55" w="1481" /><ent r="4" t="55" w="1481" /><ent r="3" t="55" w="1676" /><ent r="3" t="55" w="1676" /><ent r="4" t="55" w="1716" /><ent r="4" t="55" w="1716" /><ent r="4" t="55" w="1723" /><ent r="4" t="55" w="1723" /><ent r="5" t="55" w="1731" /><ent r="5" t="55" w="1731" /><ent r="4" t="55" w="1753" /><ent r="4" t="55" w="1753" /><ent r="4" t="55" w="1764" /><ent r="4" t="55" w="1764" /><ent r="5" t="55" w="1779" /><ent r="5" t="55" w="1779" /><ent r="4" t="55" w="1787" /><ent r="4" t="55" w="1787" /><ent r="4" t="60" w="105" /><ent r="4" t="60" w="105" /><ent r="3" t="60" w="113" /><ent r="3" t="60" w="113" /><ent r="3" t="62" w="449" /><ent r="3" t="62" w="449" /><ent r="7" t="63" w="81" /><ent r="7" t="63" w="81" /><ent r="3" t="66" w="72" /><ent r="3" t="66" w="72" /><ent r="3" t="66" w="104" /><ent r="3" t="66" w="104" /><ent r="1000" t="68" w="4" /><ent r="1000" t="68" w="4" /><ent r="102" t="68" w="19" /><ent r="102" t="68" w="19" /><ent r="82" t="68" w="342" /><ent r="82" t="68" w="342" /><ent r="1000" t="69" w="1" /><ent r="1000" t="69" w="1" /><ent r="100" t="69" w="9" /><ent r="100" t="69" w="9" /><ent r="102" t="69" w="13" /><ent r="102" t="69" w="13" /><ent r="7" t="69" w="79" /></phr><phr n="policy"><ent r="3" t="1" w="66" /><ent r="3" t="1" w="66" /><ent r="3" t="1" w="148" /><ent r="3" t="3" w="78" /><ent r="3" t="3" w="125" /><ent r="3" t="3" w="125" /><ent r="3" t="3" w="160" /><ent r="3" t="3" w="201" /><ent r="3" t="3" w="201" /><ent r="3" t="3" w="329" /><ent r="3" t="3" w="329" /><ent r="6" t="4" w="303" /><ent r="6" t="4" w="303" /><ent r="3" t="5" w="130" /><ent r="3" t="5" w="130" /><ent r="6" t="18" w="2133" /><ent r="6" t="18" w="2133" /><ent r="6" t="18" w="2171" /><ent r="4" t="18" w="2201" /><ent r="3" t="18" w="2276" /><ent r="3" t="18" w="2276" /><ent r="3" t="18" w="2352" /><ent r="3" t="18" w="2352" /><ent r="3" t="18" w="2362" /><ent r="3" t="18" w="2362" /><ent r="4" t="18" w="2431" /><ent r="4" t="18" w="2431" /><ent r="3" t="18" w="2469" /><ent r="3" t="18" w="2469" /><ent r="4" t="20" w="628" /><ent r="3" t="20" w="703" /><ent r="3" t="20" w="703" /><ent r="3" t="20" w="779" /><ent r="3" t="20" w="779" /><ent r="3" t="20" w="789" /><ent r="3" t="20" w="789" /><ent r="4" t="20" w="858" /><ent r="4" t="20" w="858" /><ent r="3" t="20" w="896" /><ent r="3" t="20" w="896" /><ent r="4" t="21" w="827" /><ent r="3" t="21" w="904" /><ent r="3" t="21" w="904" /><ent r="3" t="21" w="980" /><ent r="3" t="21" w="980" /><ent r="3" t="21" w="990" /><ent r="3" t="21" w="990" /><ent r="4" t="21" w="1059" /><ent r="4" t="21" w="1059" /><ent r="3" t="21" w="1097" /><ent r="3" t="21" w="1097" /><ent r="4" t="22" w="882" /><ent r="3" t="22" w="960" /><ent r="3" t="22" w="960" /><ent r="3" t="22" w="1036" /><ent r="3" t="22" w="1036" /><ent r="3" t="22" w="1046" /><ent r="3" t="22" w="1046" /><ent r="4" t="22" w="1115" /><ent r="4" t="22" w="1115" /><ent r="3" t="22" w="1153" /><ent r="3" t="22" w="1153" /><ent r="100" t="23" w="18" /><ent r="100" t="23" w="18" /><ent r="100" t="23" w="21" /><ent r="3" t="23" w="61" /><ent r="3" t="23" w="61" /><ent r="3" t="23" w="75" /><ent r="6" t="23" w="574" /><ent r="6" t="23" w="574" /><ent r="8" t="24" w="694" /><ent r="8" t="24" w="694" /><ent r="7" t="24" w="703" /><ent r="7" t="24" w="703" /><ent r="8" t="24" w="751" /><ent r="3" t="24" w="833" /><ent r="3" t="25" w="928" /><ent r="3" t="26" w="77" /><ent r="3" t="26" w="77" /><ent r="4" t="26" w="121" /><ent r="4" t="26" w="121" /><ent r="3" t="26" w="180" /><ent r="4" t="27" w="1558" /><ent r="4" t="27" w="1658" /><ent r="4" t="27" w="1658" /><ent r="4" t="27" w="1706" /><ent r="4" t="27" w="1706" /><ent r="5" t="27" w="1715" /><ent r="3" t="27" w="1729" /><ent r="3" t="27" w="1729" /><ent r="3" t="27" w="1732" /><ent r="3" t="27" w="1732" /><ent r="3" t="28" w="104" /><ent r="3" t="28" w="104" /><ent r="3" t="28" w="161" /><ent r="3" t="28" w="263" /><ent r="3" t="28" w="320" /><ent r="100" t="29" w="51" /><ent r="100" t="29" w="51" /><ent r="4" t="29" w="69" /><ent r="4" t="29" w="69" /><ent r="4" t="29" w="82" /><ent r="4" t="29" w="98" /><ent r="4" t="29" w="98" /><ent r="4" t="29" w="114" /><ent r="4" t="29" w="114" /><ent r="3" t="29" w="243" /><ent r="3" t="29" w="243" /><ent r="3" t="29" w="299" /><ent r="3" t="29" w="299" /><ent r="7" t="29" w="590" /><ent r="7" t="29" w="590" /><ent r="7" t="29" w="615" /><ent r="7" t="29" w="615" /><ent r="3" t="29" w="638" /><ent r="3" t="29" w="638" /><ent r="3" t="29" w="691" /><ent r="3" t="29" w="732" /><ent r="3" t="29" w="732" /><ent r="3" t="29" w="774" /><ent r="3" t="29" w="774" /><ent r="3" t="29" w="815" /><ent r="3" t="29" w="815" /><ent r="3" t="29" w="888" /><ent r="3" t="29" w="888" /><ent r="4" t="29" w="972" /><ent r="4" t="29" w="984" /><ent r="4" t="29" w="1133" /><ent r="4" t="29" w="1133" /><ent r="4" t="29" w="1150" /><ent r="4" t="29" w="1150" /><ent r="4" t="29" w="1247" /><ent r="4" t="29" w="1287" /><ent r="3" t="29" w="1359" /><ent r="3" t="30" w="77" /><ent r="3" t="30" w="77" /><ent r="3" t="30" w="94" /><ent r="100" t="31" w="10" /><ent r="100" t="31" w="10" /><ent r="100" t="31" w="14" /><ent r="100" t="31" w="14" /><ent r="100" t="31" w="30" /><ent r="100" t="31" w="34" /><ent r="64" t="31" w="47" /><ent r="64" t="31" w="47" /><ent r="3" t="31" w="57" /><ent r="3" t="31" w="57" /><ent r="3" t="31" w="66" /><ent r="3" t="31" w="66" /><ent r="3" t="31" w="77" /><ent r="3" t="31" w="77" /><ent r="3" t="31" w="143" /><ent r="4" t="31" w="216" /><ent r="4" t="31" w="225" /><ent r="3" t="31" w="237" /><ent r="3" t="31" w="237" /><ent r="100" t="32" w="10" /><ent r="100" t="32" w="10" /><ent r="3" t="32" w="40" /><ent r="3" t="32" w="40" /><ent r="3" t="32" w="51" /><ent r="3" t="32" w="51" /><ent r="3" t="32" w="64" /><ent r="3" t="32" w="179" /><ent r="3" t="32" w="198" /><ent r="3" t="32" w="198" /><ent r="3" t="32" w="330" /><ent r="4" t="32" w="485" /><ent r="4" t="32" w="485" /><ent r="3" t="32" w="526" /><ent r="3" t="32" w="526" /><ent r="5" t="32" w="698" /><ent r="100" t="33" w="13" /><ent r="100" t="33" w="13" /><ent r="100" t="33" w="17" /><ent r="100" t="33" w="17" /><ent r="100" t="33" w="21" /><ent r="100" t="33" w="21" /><ent r="3" t="33" w="55" /><ent r="3" t="33" w="83" /><ent r="7" t="33" w="285" /><ent r="7" t="33" w="345" /><ent r="8" t="33" w="438" /><ent r="8" t="33" w="438" /><ent r="8" t="33" w="468" /><ent r="7" t="33" w="477" /><ent r="7" t="33" w="479" /><ent r="7" t="33" w="479" /><ent r="7" t="33" w="495" /><ent r="7" t="33" w="495" /><ent r="100" t="34" w="10" /><ent r="3" t="34" w="36" /><ent r="3" t="34" w="36" /><ent r="3" t="34" w="60" /><ent r="3" t="34" w="60" /><ent r="64" t="34" w="110" /><ent r="64" t="34" w="110" /><ent r="5" t="34" w="174" /><ent r="4" t="34" w="217" /><ent r="4" t="34" w="217" /><ent r="3" t="35" w="27" /><ent r="3" t="35" w="27" /><ent r="3" t="35" w="39" /><ent r="3" t="35" w="39" /><ent r="3" t="35" w="68" /><ent r="3" t="35" w="68" /><ent r="3" t="35" w="82" /><ent r="3" t="35" w="82" /><ent r="3" t="35" w="85" /><ent r="3" t="35" w="85" /><ent r="3" t="35" w="95" /><ent r="3" t="35" w="95" /><ent r="3" t="35" w="145" /><ent r="3" t="35" w="148" /><ent r="3" t="35" w="148" /><ent r="3" t="35" w="179" /><ent r="4" t="35" w="247" /><ent r="4" t="35" w="317" /><ent r="4" t="35" w="371" /><ent r="3" t="36" w="27" /><ent r="3" t="36" w="27" /><ent r="3" t="36" w="47" /><ent r="3" t="37" w="154" /><ent r="3" t="37" w="177" /><ent r="3" t="37" w="177" /><ent r="3" t="37" w="203" /><ent r="3" t="37" w="203" /><ent r="3" t="37" w="272" /><ent r="3" t="37" w="272" /><ent r="3" t="37" w="300" /><ent r="3" t="37" w="300" /><ent r="3" t="37" w="307" /><ent r="3" t="37" w="307" /><ent r="3" t="37" w="332" /><ent r="3" t="37" w="332" /><ent r="3" t="37" w="346" /><ent r="3" t="37" w="346" /><ent r="3" t="37" w="371" /><ent r="3" t="37" w="412" /><ent r="3" t="37" w="412" /><ent r="3" t="37" w="443" /><ent r="3" t="37" w="505" /><ent r="4" t="38" w="74" /><ent r="4" t="38" w="74" /><ent r="4" t="38" w="81" /><ent r="4" t="38" w="81" /><ent r="4" t="38" w="156" /><ent r="4" t="38" w="156" /><ent r="3" t="39" w="132" /><ent r="3" t="39" w="132" /><ent r="3" t="40" w="891" /><ent r="3" t="40" w="891" /><ent r="3" t="40" w="917" /><ent r="3" t="40" w="1037" /><ent r="3" t="40" w="1215" /><ent r="3" t="42" w="33" /><ent r="3" t="42" w="33" /><ent r="3" t="42" w="66" /><ent r="3" t="42" w="66" /><ent r="3" t="42" w="254" /><ent r="3" t="42" w="254" /><ent r="3" t="42" w="897" /><ent r="3" t="42" w="897" /><ent r="3" t="42" w="1154" /><ent r="3" t="42" w="1154" /><ent r="3" t="42" w="1365" /><ent r="3" t="42" w="1365" /><ent r="7" t="43" w="217" /><ent r="7" t="43" w="217" /><ent r="7" t="43" w="384" /><ent r="7" t="43" w="384" /><ent r="7" t="43" w="396" /><ent r="3" t="47" w="312" /><ent r="3" t="47" w="312" /><ent r="3" t="47" w="490" /><ent r="3" t="47" w="490" /><ent r="3" t="47" w="760" /><ent r="3" t="48" w="764" /><ent r="3" t="48" w="795" /><ent r="3" t="48" w="795" /><ent r="3" t="48" w="828" /><ent r="3" t="48" w="828" /><ent r="6" t="50" w="565" /><ent r="6" t="50" w="565" /><ent r="3" t="53" w="348" /><ent r="3" t="53" w="348" /><ent r="3" t="55" w="108" /><ent r="3" t="55" w="108" /><ent r="3" t="55" w="161" /><ent r="3" t="55" w="203" /><ent r="3" t="55" w="203" /><ent r="3" t="55" w="263" /><ent r="3" t="55" w="263" /><ent r="3" t="55" w="320" /><ent r="3" t="55" w="323" /><ent r="3" t="55" w="323" /><ent r="3" t="55" w="359" /><ent r="3" t="55" w="359" /><ent r="4" t="55" w="373" /><ent r="8" t="55" w="908" /><ent r="8" t="55" w="908" /><ent r="8" t="55" w="1029" /><ent r="8" t="55" w="1341" /><ent r="8" t="55" w="1341" /><ent r="4" t="55" w="1465" /><ent r="4" t="55" w="1508" /><ent r="4" t="55" w="1508" /><ent r="3" t="55" w="1645" /><ent r="3" t="55" w="1645" /><ent r="4" t="55" w="1739" /><ent r="4" t="55" w="1739" /><ent r="4" t="55" w="1771" /><ent r="4" t="55" w="1771" /><ent r="3" t="60" w="92" /><ent r="7" t="63" w="246" /><ent r="3" t="67" w="51" /><ent r="3" t="67" w="65" /><ent r="3" t="67" w="65" /><ent r="4" t="67" w="232" /><ent r="4" t="67" w="245" /><ent r="3" t="67" w="305" /><ent r="100" t="68" w="7" /><ent r="100" t="68" w="14" /><ent r="100" t="68" w="14" /><ent r="3" t="68" w="25" /><ent r="3" t="68" w="25" /><ent r="3" t="68" w="50" /><ent r="3" t="68" w="50" /><ent r="3" t="68" w="82" /><ent r="3" t="68" w="82" /><ent r="3" t="68" w="123" /><ent r="3" t="68" w="123" /><ent r="3" t="68" w="149" /><ent r="3" t="68" w="149" /><ent r="3" t="68" w="160" /><ent r="4" t="68" w="169" /><ent r="4" t="68" w="675" /><ent r="4" t="68" w="675" /><ent r="4" t="68" w="716" /><ent r="4" t="68" w="716" /><ent r="4" t="68" w="734" /><ent r="4" t="68" w="734" /><ent r="4" t="68" w="739" /><ent r="4" t="68" w="739" /><ent r="4" t="68" w="799" /><ent r="4" t="68" w="799" /><ent r="4" t="68" w="817" /><ent r="4" t="68" w="817" /><ent r="100" t="69" w="7" /><ent r="100" t="69" w="7" /><ent r="3" t="69" w="34" /><ent r="3" t="69" w="34" /><ent r="5" t="69" w="40" /><ent r="5" t="69" w="40" /><ent r="7" t="69" w="64" /><ent r="7" t="69" w="64" /><ent r="7" t="69" w="106" /><ent r="7" t="69" w="106" /><ent r="7" t="69" w="146" /><ent r="7" t="69" w="146" /><ent r="3" t="70" w="88" /><ent r="3" t="70" w="88" /><ent r="3" t="70" w="91" /><ent r="3" t="70" w="91" /></phr><phr n="policy-optimized"><ent r="3" t="1" w="148" /><ent r="3" t="1" w="148" /></phr><phr n="policy-specific"><ent r="3" t="3" w="78" /><ent r="3" t="3" w="78" /></phr><phr n="policy-specified"><ent r="3" t="28" w="320" /><ent r="3" t="28" w="320" /></phr><phr n="Policy&gt;"><ent r="4" t="35" w="271" /><ent r="4" t="35" w="271" /></phr><phr n="non-policy"><ent r="3" t="37" w="442" /><ent r="3" t="37" w="442" /></phr><phr n="keyUsagePolicyFile"><ent r="8" t="63" w="229" /><ent r="8" t="63" w="229" /><ent r="5" t="67" w="252" /><ent r="5" t="67" w="252" /><ent r="4" t="67" w="284" /><ent r="5" t="68" w="190" /><ent r="5" t="68" w="190" /></phr><phr n="keyUsagePolicy"><ent r="4" t="67" w="212" /></phr><phr n="&lt;keyusagepolicy"><ent r="3" t="68" w="370" /><ent r="3" t="68" w="370" /></phr><phr n="keyusagepolicy&gt;"><ent r="3" t="68" w="587" /><ent r="3" t="68" w="587" /></phr></stem><stem n="policy"><phr n="Policy"><ent r="4" t="0" w="147" /><ent r="4" t="0" w="147" /><ent r="100" t="1" w="11" /><ent r="100" t="1" w="11" /><ent r="3" t="1" w="47" /><ent r="3" t="1" w="47" /><ent r="3" t="1" w="323" /><ent r="3" t="1" w="323" /><ent r="100" t="1" w="353" /><ent r="100" t="1" w="353" /><ent r="92" t="1" w="360" /><ent r="92" t="1" w="360" /><ent r="4" t="1" w="368" /><ent r="4" t="1" w="368" /><ent r="4" t="1" w="405" /><ent r="4" t="1" w="405" /><ent r="3" t="1" w="437" /><ent r="3" t="1" w="437" /><ent r="3" t="3" w="136" /><ent r="3" t="3" w="136" /><ent r="3" t="3" w="261" /><ent r="3" t="3" w="261" /><ent r="3" t="5" w="89" /><ent r="3" t="5" w="89" /><ent r="3" t="13" w="63" /><ent r="3" t="13" w="63" /><ent r="3" t="13" w="406" /><ent r="3" t="13" w="406" /><ent r="5" t="16" w="115" /><ent r="5" t="16" w="115" /><ent r="4" t="16" w="160" /><ent r="4" t="16" w="160" /><ent r="3" t="16" w="239" /><ent r="3" t="16" w="239" /><ent r="5" t="16" w="406" /><ent r="5" t="16" w="406" /><ent r="3" t="17" w="197" /><ent r="3" t="17" w="197" /><ent r="8" t="18" w="2184" /><ent r="8" t="18" w="2184" /><ent r="4" t="18" w="2195" /><ent r="64" t="18" w="2378" /><ent r="64" t="18" w="2378" /><ent r="4" t="18" w="2417" /><ent r="4" t="18" w="2417" /><ent r="5" t="18" w="2422" /><ent r="5" t="18" w="2422" /><ent r="4" t="20" w="622" /><ent r="64" t="20" w="805" /><ent r="64" t="20" w="805" /><ent r="4" t="20" w="844" /><ent r="4" t="20" w="844" /><ent r="5" t="20" w="849" /><ent r="5" t="20" w="849" /><ent r="4" t="21" w="821" /><ent r="64" t="21" w="1006" /><ent r="64" t="21" w="1006" /><ent r="4" t="21" w="1045" /><ent r="4" t="21" w="1045" /><ent r="5" t="21" w="1050" /><ent r="5" t="21" w="1050" /><ent r="4" t="22" w="876" /><ent r="64" t="22" w="1062" /><ent r="64" t="22" w="1062" /><ent r="4" t="22" w="1101" /><ent r="4" t="22" w="1101" /><ent r="5" t="22" w="1106" /><ent r="5" t="22" w="1106" /><ent r="1000" t="23" w="6" /><ent r="1000" t="23" w="6" /><ent r="100" t="23" w="13" /><ent r="100" t="23" w="13" /><ent r="102" t="23" w="30" /><ent r="102" t="23" w="30" /><ent r="3" t="23" w="48" /><ent r="3" t="23" w="48" /><ent r="4" t="23" w="100" /><ent r="3" t="24" w="249" /><ent r="3" t="24" w="249" /><ent r="5" t="24" w="335" /><ent r="5" t="24" w="335" /><ent r="4" t="24" w="418" /><ent r="4" t="24" w="418" /><ent r="7" t="24" w="714" /><ent r="7" t="24" w="715" /><ent r="7" t="24" w="715" /><ent r="5" t="25" w="199" /><ent r="5" t="25" w="199" /><ent r="5" t="25" w="233" /><ent r="5" t="25" w="233" /><ent r="5" t="25" w="285" /><ent r="5" t="25" w="285" /><ent r="5" t="25" w="568" /><ent r="5" t="25" w="568" /><ent r="5" t="25" w="602" /><ent r="5" t="25" w="602" /><ent r="3" t="25" w="758" /><ent r="3" t="25" w="758" /><ent r="4" t="25" w="833" /><ent r="4" t="25" w="833" /><ent r="4" t="25" w="890" /><ent r="4" t="25" w="890" /><ent r="3" t="25" w="967" /><ent r="3" t="25" w="967" /><ent r="4" t="27" w="1546" /><ent r="4" t="27" w="1638" /><ent r="4" t="27" w="1638" /><ent r="4" t="27" w="1671" /><ent r="4" t="27" w="1672" /><ent r="4" t="27" w="1672" /><ent r="100" t="29" w="12" /><ent r="100" t="29" w="12" /><ent r="100" t="29" w="17" /><ent r="100" t="29" w="17" /><ent r="3" t="29" w="162" /><ent r="3" t="29" w="162" /><ent r="3" t="29" w="171" /><ent r="3" t="29" w="171" /><ent r="3" t="29" w="204" /><ent r="3" t="29" w="204" /><ent r="3" t="29" w="225" /><ent r="3" t="29" w="225" /><ent r="7" t="29" w="426" /><ent r="7" t="29" w="426" /><ent r="68" t="29" w="452" /><ent r="68" t="29" w="452" /><ent r="7" t="29" w="519" /><ent r="7" t="29" w="519" /><ent r="8" t="29" w="536" /><ent r="8" t="29" w="536" /><ent r="8" t="29" w="560" /><ent r="8" t="29" w="560" /><ent r="68" t="29" w="574" /><ent r="68" t="29" w="574" /><ent r="68" t="29" w="631" /><ent r="68" t="29" w="631" /><ent r="3" t="29" w="634" /><ent r="3" t="29" w="634" /><ent r="3" t="29" w="681" /><ent r="3" t="29" w="681" /><ent r="3" t="29" w="698" /><ent r="3" t="29" w="698" /><ent r="64" t="29" w="710" /><ent r="64" t="29" w="710" /><ent r="3" t="29" w="736" /><ent r="3" t="29" w="736" /><ent r="64" t="29" w="743" /><ent r="64" t="29" w="743" /><ent r="92" t="29" w="758" /><ent r="92" t="29" w="758" /><ent r="3" t="29" w="763" /><ent r="3" t="29" w="763" /><ent r="3" t="29" w="805" /><ent r="3" t="29" w="805" /><ent r="3" t="29" w="809" /><ent r="3" t="29" w="809" /><ent r="3" t="29" w="858" /><ent r="3" t="29" w="858" /><ent r="3" t="29" w="896" /><ent r="3" t="29" w="896" /><ent r="4" t="29" w="1362" /><ent r="4" t="29" w="1362" /><ent r="3" t="29" w="1371" /><ent r="3" t="29" w="1371" /><ent r="3" t="30" w="72" /><ent r="3" t="30" w="72" /><ent r="1000" t="31" w="6" /><ent r="1000" t="31" w="6" /><ent r="100" t="31" w="27" /><ent r="100" t="31" w="27" /><ent r="102" t="31" w="42" /><ent r="102" t="31" w="42" /><ent r="64" t="31" w="248" /><ent r="64" t="31" w="248" /><ent r="1000" t="32" w="3" /><ent r="1000" t="32" w="3" /><ent r="100" t="32" w="17" /><ent r="100" t="32" w="17" /><ent r="100" t="32" w="23" /><ent r="100" t="32" w="23" /><ent r="102" t="32" w="29" /><ent r="102" t="32" w="29" /><ent r="82" t="32" w="152" /><ent r="82" t="32" w="152" /><ent r="3" t="32" w="169" /><ent r="3" t="32" w="169" /><ent r="3" t="32" w="191" /><ent r="3" t="32" w="191" /><ent r="82" t="32" w="263" /><ent r="82" t="32" w="263" /><ent r="3" t="32" w="286" /><ent r="3" t="32" w="286" /><ent r="3" t="32" w="300" /><ent r="3" t="32" w="300" /><ent r="3" t="32" w="343" /><ent r="3" t="32" w="343" /><ent r="4" t="32" w="373" /><ent r="4" t="32" w="373" /><ent r="65" t="32" w="387" /><ent r="65" t="32" w="387" /><ent r="5" t="32" w="397" /><ent r="5" t="32" w="397" /><ent r="5" t="32" w="417" /><ent r="5" t="32" w="417" /><ent r="3" t="32" w="472" /><ent r="3" t="32" w="472" /><ent r="4" t="32" w="500" /><ent r="4" t="32" w="500" /><ent r="4" t="32" w="559" /><ent r="4" t="32" w="559" /><ent r="4" t="32" w="566" /><ent r="4" t="32" w="566" /><ent r="4" t="32" w="630" /><ent r="4" t="32" w="630" /><ent r="4" t="32" w="635" /><ent r="4" t="32" w="635" /><ent r="5" t="32" w="722" /><ent r="5" t="32" w="722" /><ent r="1000" t="33" w="3" /><ent r="1000" t="33" w="3" /><ent r="100" t="33" w="8" /><ent r="100" t="33" w="8" /><ent r="100" t="33" w="26" /><ent r="100" t="33" w="26" /><ent r="100" t="33" w="29" /><ent r="100" t="33" w="29" /><ent r="102" t="33" w="34" /><ent r="102" t="33" w="34" /><ent r="3" t="33" w="38" /><ent r="3" t="33" w="38" /><ent r="3" t="33" w="64" /><ent r="3" t="33" w="64" /><ent r="3" t="33" w="73" /><ent r="3" t="33" w="73" /><ent r="3" t="33" w="94" /><ent r="3" t="33" w="94" /><ent r="3" t="33" w="173" /><ent r="3" t="33" w="173" /><ent r="4" t="33" w="242" /><ent r="4" t="33" w="242" /><ent r="3" t="33" w="248" /><ent r="3" t="33" w="248" /><ent r="5" t="33" w="258" /><ent r="5" t="33" w="258" /><ent r="7" t="33" w="281" /><ent r="7" t="33" w="281" /><ent r="7" t="33" w="341" /><ent r="7" t="33" w="341" /><ent r="7" t="33" w="452" /><ent r="7" t="33" w="452" /><ent r="68" t="33" w="461" /><ent r="68" t="33" w="461" /><ent r="4" t="33" w="584" /><ent r="4" t="33" w="584" /><ent r="1000" t="34" w="4" /><ent r="1000" t="34" w="4" /><ent r="100" t="34" w="16" /><ent r="100" t="34" w="16" /><ent r="102" t="34" w="21" /><ent r="102" t="34" w="21" /><ent r="3" t="34" w="31" /><ent r="3" t="34" w="31" /><ent r="6" t="34" w="196" /><ent r="6" t="34" w="196" /><ent r="1000" t="35" w="3" /><ent r="1000" t="35" w="3" /><ent r="100" t="35" w="14" /><ent r="100" t="35" w="14" /><ent r="102" t="35" w="18" /><ent r="102" t="35" w="18" /><ent r="3" t="35" w="79" /><ent r="3" t="35" w="79" /><ent r="3" t="35" w="114" /><ent r="3" t="35" w="114" /><ent r="3" t="35" w="298" /><ent r="3" t="35" w="298" /><ent r="4" t="35" w="327" /><ent r="4" t="35" w="327" /><ent r="65" t="35" w="337" /><ent r="65" t="35" w="337" /><ent r="4" t="35" w="346" /><ent r="4" t="35" w="346" /><ent r="1000" t="36" w="3" /><ent r="1000" t="36" w="3" /><ent r="100" t="36" w="14" /><ent r="100" t="36" w="14" /><ent r="102" t="36" w="18" /><ent r="102" t="36" w="18" /><ent r="82" t="37" w="193" /><ent r="82" t="37" w="193" /><ent r="82" t="37" w="260" /><ent r="82" t="37" w="260" /><ent r="82" t="37" w="399" /><ent r="5" t="39" w="157" /><ent r="5" t="39" w="157" /><ent r="4" t="40" w="815" /><ent r="4" t="40" w="815" /><ent r="3" t="40" w="910" /><ent r="3" t="40" w="910" /><ent r="3" t="40" w="999" /><ent r="3" t="40" w="999" /><ent r="3" t="40" w="1009" /><ent r="3" t="40" w="1009" /><ent r="3" t="40" w="1054" /><ent r="3" t="40" w="1054" /><ent r="100" t="40" w="1074" /><ent r="100" t="40" w="1074" /><ent r="3" t="40" w="1159" /><ent r="3" t="40" w="1159" /><ent r="3" t="40" w="1182" /><ent r="3" t="40" w="1182" /><ent r="3" t="41" w="85" /><ent r="3" t="41" w="85" /><ent r="3" t="41" w="100" /><ent r="3" t="41" w="100" /><ent r="3" t="42" w="42" /><ent r="3" t="42" w="42" /><ent r="3" t="42" w="261" /><ent r="3" t="42" w="261" /><ent r="3" t="42" w="1161" /><ent r="3" t="42" w="1161" /><ent r="4" t="42" w="2100" /><ent r="4" t="42" w="2100" /><ent r="3" t="42" w="2258" /><ent r="3" t="42" w="2258" /><ent r="3" t="44" w="146" /><ent r="3" t="44" w="146" /><ent r="3" t="44" w="162" /><ent r="3" t="44" w="162" /><ent r="3" t="47" w="547" /><ent r="3" t="47" w="547" /><ent r="100" t="48" w="13" /><ent r="100" t="48" w="13" /><ent r="82" t="48" w="690" /><ent r="82" t="48" w="690" /><ent r="3" t="48" w="698" /><ent r="3" t="48" w="698" /><ent r="3" t="48" w="732" /><ent r="3" t="48" w="732" /><ent r="4" t="49" w="520" /><ent r="4" t="49" w="520" /><ent r="4" t="50" w="113" /><ent r="4" t="50" w="113" /><ent r="6" t="50" w="160" /><ent r="6" t="50" w="160" /><ent r="6" t="50" w="185" /><ent r="6" t="50" w="185" /><ent r="6" t="50" w="217" /><ent r="6" t="50" w="217" /><ent r="7" t="50" w="250" /><ent r="7" t="50" w="250" /><ent r="6" t="50" w="295" /><ent r="6" t="50" w="295" /><ent r="6" t="50" w="347" /><ent r="6" t="50" w="347" /><ent r="6" t="50" w="418" /><ent r="6" t="50" w="418" /><ent r="7" t="50" w="512" /><ent r="7" t="50" w="512" /><ent r="6" t="50" w="555" /><ent r="6" t="50" w="555" /><ent r="3" t="51" w="46" /><ent r="3" t="51" w="46" /><ent r="4" t="51" w="135" /><ent r="4" t="51" w="135" /><ent r="6" t="51" w="195" /><ent r="6" t="51" w="195" /><ent r="6" t="51" w="220" /><ent r="6" t="51" w="220" /><ent r="6" t="51" w="273" /><ent r="6" t="51" w="273" /><ent r="6" t="51" w="295" /><ent r="6" t="51" w="295" /><ent r="6" t="51" w="432" /><ent r="6" t="51" w="432" /><ent r="7" t="51" w="447" /><ent r="7" t="51" w="447" /><ent r="7" t="51" w="493" /><ent r="7" t="51" w="493" /><ent r="7" t="51" w="529" /><ent r="7" t="51" w="529" /><ent r="6" t="51" w="543" /><ent r="6" t="51" w="543" /><ent r="7" t="51" w="582" /><ent r="7" t="51" w="582" /><ent r="3" t="51" w="801" /><ent r="3" t="51" w="801" /><ent r="3" t="51" w="881" /><ent r="3" t="51" w="881" /><ent r="4" t="51" w="1121" /><ent r="4" t="51" w="1121" /><ent r="3" t="52" w="235" /><ent r="3" t="52" w="235" /><ent r="3" t="53" w="355" /><ent r="3" t="53" w="355" /><ent r="3" t="53" w="398" /><ent r="3" t="53" w="398" /><ent r="3" t="54" w="456" /><ent r="3" t="54" w="456" /><ent r="3" t="54" w="513" /><ent r="3" t="54" w="513" /><ent r="3" t="55" w="105" /><ent r="3" t="55" w="105" /><ent r="4" t="55" w="131" /><ent r="4" t="55" w="131" /><ent r="3" t="55" w="165" /><ent r="3" t="55" w="165" /><ent r="4" t="55" w="181" /><ent r="4" t="55" w="181" /><ent r="3" t="55" w="190" /><ent r="3" t="55" w="190" /><ent r="3" t="55" w="196" /><ent r="3" t="55" w="196" /><ent r="4" t="55" w="224" /><ent r="4" t="55" w="224" /><ent r="3" t="55" w="232" /><ent r="3" t="55" w="232" /><ent r="3" t="55" w="241" /><ent r="3" t="55" w="241" /><ent r="3" t="55" w="250" /><ent r="3" t="55" w="250" /><ent r="3" t="55" w="283" /><ent r="3" t="55" w="283" /><ent r="3" t="55" w="299" /><ent r="3" t="55" w="299" /><ent r="4" t="55" w="333" /><ent r="4" t="55" w="333" /><ent r="4" t="55" w="342" /><ent r="4" t="55" w="342" /><ent r="3" t="55" w="350" /><ent r="3" t="55" w="350" /><ent r="4" t="55" w="416" /><ent r="4" t="55" w="416" /><ent r="6" t="55" w="587" /><ent r="6" t="55" w="587" /><ent r="4" t="55" w="1449" /><ent r="4" t="55" w="1449" /><ent r="4" t="55" w="1481" /><ent r="4" t="55" w="1481" /><ent r="3" t="55" w="1676" /><ent r="3" t="55" w="1676" /><ent r="4" t="55" w="1716" /><ent r="4" t="55" w="1716" /><ent r="4" t="55" w="1723" /><ent r="4" t="55" w="1723" /><ent r="5" t="55" w="1731" /><ent r="5" t="55" w="1731" /><ent r="4" t="55" w="1753" /><ent r="4" t="55" w="1753" /><ent r="4" t="55" w="1764" /><ent r="4" t="55" w="1764" /><ent r="5" t="55" w="1779" /><ent r="5" t="55" w="1779" /><ent r="4" t="55" w="1787" /><ent r="4" t="55" w="1787" /><ent r="4" t="60" w="105" /><ent r="4" t="60" w="105" /><ent r="3" t="60" w="113" /><ent r="3" t="60" w="113" /><ent r="3" t="62" w="449" /><ent r="3" t="62" w="449" /><ent r="7" t="63" w="81" /><ent r="7" t="63" w="81" /><ent r="3" t="66" w="72" /><ent r="3" t="66" w="72" /><ent r="3" t="66" w="104" /><ent r="3" t="66" w="104" /><ent r="1000" t="68" w="4" /><ent r="1000" t="68" w="4" /><ent r="102" t="68" w="19" /><ent r="102" t="68" w="19" /><ent r="82" t="68" w="342" /><ent r="82" t="68" w="342" /><ent r="1000" t="69" w="1" /><ent r="1000" t="69" w="1" /><ent r="100" t="69" w="9" /><ent r="100" t="69" w="9" /><ent r="102" t="69" w="13" /><ent r="102" t="69" w="13" /><ent r="7" t="69" w="79" /></phr><phr n="policy"><ent r="3" t="1" w="66" /><ent r="3" t="1" w="66" /><ent r="3" t="1" w="148" /><ent r="3" t="3" w="78" /><ent r="3" t="3" w="125" /><ent r="3" t="3" w="125" /><ent r="3" t="3" w="160" /><ent r="3" t="3" w="201" /><ent r="3" t="3" w="201" /><ent r="3" t="3" w="329" /><ent r="3" t="3" w="329" /><ent r="6" t="4" w="303" /><ent r="6" t="4" w="303" /><ent r="3" t="5" w="130" /><ent r="3" t="5" w="130" /><ent r="6" t="18" w="2133" /><ent r="6" t="18" w="2133" /><ent r="6" t="18" w="2171" /><ent r="4" t="18" w="2201" /><ent r="3" t="18" w="2276" /><ent r="3" t="18" w="2276" /><ent r="3" t="18" w="2352" /><ent r="3" t="18" w="2352" /><ent r="3" t="18" w="2362" /><ent r="3" t="18" w="2362" /><ent r="4" t="18" w="2431" /><ent r="4" t="18" w="2431" /><ent r="3" t="18" w="2469" /><ent r="3" t="18" w="2469" /><ent r="4" t="20" w="628" /><ent r="3" t="20" w="703" /><ent r="3" t="20" w="703" /><ent r="3" t="20" w="779" /><ent r="3" t="20" w="779" /><ent r="3" t="20" w="789" /><ent r="3" t="20" w="789" /><ent r="4" t="20" w="858" /><ent r="4" t="20" w="858" /><ent r="3" t="20" w="896" /><ent r="3" t="20" w="896" /><ent r="4" t="21" w="827" /><ent r="3" t="21" w="904" /><ent r="3" t="21" w="904" /><ent r="3" t="21" w="980" /><ent r="3" t="21" w="980" /><ent r="3" t="21" w="990" /><ent r="3" t="21" w="990" /><ent r="4" t="21" w="1059" /><ent r="4" t="21" w="1059" /><ent r="3" t="21" w="1097" /><ent r="3" t="21" w="1097" /><ent r="4" t="22" w="882" /><ent r="3" t="22" w="960" /><ent r="3" t="22" w="960" /><ent r="3" t="22" w="1036" /><ent r="3" t="22" w="1036" /><ent r="3" t="22" w="1046" /><ent r="3" t="22" w="1046" /><ent r="4" t="22" w="1115" /><ent r="4" t="22" w="1115" /><ent r="3" t="22" w="1153" /><ent r="3" t="22" w="1153" /><ent r="100" t="23" w="18" /><ent r="100" t="23" w="18" /><ent r="100" t="23" w="21" /><ent r="3" t="23" w="61" /><ent r="3" t="23" w="61" /><ent r="3" t="23" w="75" /><ent r="6" t="23" w="574" /><ent r="6" t="23" w="574" /><ent r="8" t="24" w="694" /><ent r="8" t="24" w="694" /><ent r="7" t="24" w="703" /><ent r="7" t="24" w="703" /><ent r="8" t="24" w="751" /><ent r="3" t="24" w="833" /><ent r="3" t="25" w="928" /><ent r="3" t="26" w="77" /><ent r="3" t="26" w="77" /><ent r="4" t="26" w="121" /><ent r="4" t="26" w="121" /><ent r="3" t="26" w="180" /><ent r="4" t="27" w="1558" /><ent r="4" t="27" w="1658" /><ent r="4" t="27" w="1658" /><ent r="4" t="27" w="1706" /><ent r="4" t="27" w="1706" /><ent r="5" t="27" w="1715" /><ent r="3" t="27" w="1729" /><ent r="3" t="27" w="1729" /><ent r="3" t="27" w="1732" /><ent r="3" t="27" w="1732" /><ent r="3" t="28" w="104" /><ent r="3" t="28" w="104" /><ent r="3" t="28" w="161" /><ent r="3" t="28" w="263" /><ent r="3" t="28" w="320" /><ent r="100" t="29" w="51" /><ent r="100" t="29" w="51" /><ent r="4" t="29" w="69" /><ent r="4" t="29" w="69" /><ent r="4" t="29" w="82" /><ent r="4" t="29" w="98" /><ent r="4" t="29" w="98" /><ent r="4" t="29" w="114" /><ent r="4" t="29" w="114" /><ent r="3" t="29" w="243" /><ent r="3" t="29" w="243" /><ent r="3" t="29" w="299" /><ent r="3" t="29" w="299" /><ent r="7" t="29" w="590" /><ent r="7" t="29" w="590" /><ent r="7" t="29" w="615" /><ent r="7" t="29" w="615" /><ent r="3" t="29" w="638" /><ent r="3" t="29" w="638" /><ent r="3" t="29" w="691" /><ent r="3" t="29" w="732" /><ent r="3" t="29" w="732" /><ent r="3" t="29" w="774" /><ent r="3" t="29" w="774" /><ent r="3" t="29" w="815" /><ent r="3" t="29" w="815" /><ent r="3" t="29" w="888" /><ent r="3" t="29" w="888" /><ent r="4" t="29" w="972" /><ent r="4" t="29" w="984" /><ent r="4" t="29" w="1133" /><ent r="4" t="29" w="1133" /><ent r="4" t="29" w="1150" /><ent r="4" t="29" w="1150" /><ent r="4" t="29" w="1247" /><ent r="4" t="29" w="1287" /><ent r="3" t="29" w="1359" /><ent r="3" t="30" w="77" /><ent r="3" t="30" w="77" /><ent r="3" t="30" w="94" /><ent r="100" t="31" w="10" /><ent r="100" t="31" w="10" /><ent r="100" t="31" w="14" /><ent r="100" t="31" w="14" /><ent r="100" t="31" w="30" /><ent r="100" t="31" w="34" /><ent r="64" t="31" w="47" /><ent r="64" t="31" w="47" /><ent r="3" t="31" w="57" /><ent r="3" t="31" w="57" /><ent r="3" t="31" w="66" /><ent r="3" t="31" w="66" /><ent r="3" t="31" w="77" /><ent r="3" t="31" w="77" /><ent r="3" t="31" w="143" /><ent r="4" t="31" w="216" /><ent r="4" t="31" w="225" /><ent r="3" t="31" w="237" /><ent r="3" t="31" w="237" /><ent r="100" t="32" w="10" /><ent r="100" t="32" w="10" /><ent r="3" t="32" w="40" /><ent r="3" t="32" w="40" /><ent r="3" t="32" w="51" /><ent r="3" t="32" w="51" /><ent r="3" t="32" w="64" /><ent r="3" t="32" w="179" /><ent r="3" t="32" w="198" /><ent r="3" t="32" w="198" /><ent r="3" t="32" w="330" /><ent r="4" t="32" w="485" /><ent r="4" t="32" w="485" /><ent r="3" t="32" w="526" /><ent r="3" t="32" w="526" /><ent r="5" t="32" w="698" /><ent r="100" t="33" w="13" /><ent r="100" t="33" w="13" /><ent r="100" t="33" w="17" /><ent r="100" t="33" w="17" /><ent r="100" t="33" w="21" /><ent r="100" t="33" w="21" /><ent r="3" t="33" w="55" /><ent r="3" t="33" w="83" /><ent r="7" t="33" w="285" /><ent r="7" t="33" w="345" /><ent r="8" t="33" w="438" /><ent r="8" t="33" w="438" /><ent r="8" t="33" w="468" /><ent r="7" t="33" w="477" /><ent r="7" t="33" w="479" /><ent r="7" t="33" w="479" /><ent r="7" t="33" w="495" /><ent r="7" t="33" w="495" /><ent r="100" t="34" w="10" /><ent r="3" t="34" w="36" /><ent r="3" t="34" w="36" /><ent r="3" t="34" w="60" /><ent r="3" t="34" w="60" /><ent r="64" t="34" w="110" /><ent r="64" t="34" w="110" /><ent r="5" t="34" w="174" /><ent r="4" t="34" w="217" /><ent r="4" t="34" w="217" /><ent r="3" t="35" w="27" /><ent r="3" t="35" w="27" /><ent r="3" t="35" w="39" /><ent r="3" t="35" w="39" /><ent r="3" t="35" w="68" /><ent r="3" t="35" w="68" /><ent r="3" t="35" w="82" /><ent r="3" t="35" w="82" /><ent r="3" t="35" w="85" /><ent r="3" t="35" w="85" /><ent r="3" t="35" w="95" /><ent r="3" t="35" w="95" /><ent r="3" t="35" w="145" /><ent r="3" t="35" w="148" /><ent r="3" t="35" w="148" /><ent r="3" t="35" w="179" /><ent r="4" t="35" w="247" /><ent r="4" t="35" w="317" /><ent r="4" t="35" w="371" /><ent r="3" t="36" w="27" /><ent r="3" t="36" w="27" /><ent r="3" t="36" w="47" /><ent r="3" t="37" w="154" /><ent r="3" t="37" w="177" /><ent r="3" t="37" w="177" /><ent r="3" t="37" w="203" /><ent r="3" t="37" w="203" /><ent r="3" t="37" w="272" /><ent r="3" t="37" w="272" /><ent r="3" t="37" w="300" /><ent r="3" t="37" w="300" /><ent r="3" t="37" w="307" /><ent r="3" t="37" w="307" /><ent r="3" t="37" w="332" /><ent r="3" t="37" w="332" /><ent r="3" t="37" w="346" /><ent r="3" t="37" w="346" /><ent r="3" t="37" w="371" /><ent r="3" t="37" w="412" /><ent r="3" t="37" w="412" /><ent r="3" t="37" w="443" /><ent r="3" t="37" w="505" /><ent r="4" t="38" w="74" /><ent r="4" t="38" w="74" /><ent r="4" t="38" w="81" /><ent r="4" t="38" w="81" /><ent r="4" t="38" w="156" /><ent r="4" t="38" w="156" /><ent r="3" t="39" w="132" /><ent r="3" t="39" w="132" /><ent r="3" t="40" w="891" /><ent r="3" t="40" w="891" /><ent r="3" t="40" w="917" /><ent r="3" t="40" w="1037" /><ent r="3" t="40" w="1215" /><ent r="3" t="42" w="33" /><ent r="3" t="42" w="33" /><ent r="3" t="42" w="66" /><ent r="3" t="42" w="66" /><ent r="3" t="42" w="254" /><ent r="3" t="42" w="254" /><ent r="3" t="42" w="897" /><ent r="3" t="42" w="897" /><ent r="3" t="42" w="1154" /><ent r="3" t="42" w="1154" /><ent r="3" t="42" w="1365" /><ent r="3" t="42" w="1365" /><ent r="7" t="43" w="217" /><ent r="7" t="43" w="217" /><ent r="7" t="43" w="384" /><ent r="7" t="43" w="384" /><ent r="7" t="43" w="396" /><ent r="3" t="47" w="312" /><ent r="3" t="47" w="312" /><ent r="3" t="47" w="490" /><ent r="3" t="47" w="490" /><ent r="3" t="47" w="760" /><ent r="3" t="48" w="764" /><ent r="3" t="48" w="795" /><ent r="3" t="48" w="795" /><ent r="3" t="48" w="828" /><ent r="3" t="48" w="828" /><ent r="6" t="50" w="565" /><ent r="6" t="50" w="565" /><ent r="3" t="53" w="348" /><ent r="3" t="53" w="348" /><ent r="3" t="55" w="108" /><ent r="3" t="55" w="108" /><ent r="3" t="55" w="161" /><ent r="3" t="55" w="203" /><ent r="3" t="55" w="203" /><ent r="3" t="55" w="263" /><ent r="3" t="55" w="263" /><ent r="3" t="55" w="320" /><ent r="3" t="55" w="323" /><ent r="3" t="55" w="323" /><ent r="3" t="55" w="359" /><ent r="3" t="55" w="359" /><ent r="4" t="55" w="373" /><ent r="8" t="55" w="908" /><ent r="8" t="55" w="908" /><ent r="8" t="55" w="1029" /><ent r="8" t="55" w="1341" /><ent r="8" t="55" w="1341" /><ent r="4" t="55" w="1465" /><ent r="4" t="55" w="1508" /><ent r="4" t="55" w="1508" /><ent r="3" t="55" w="1645" /><ent r="3" t="55" w="1645" /><ent r="4" t="55" w="1739" /><ent r="4" t="55" w="1739" /><ent r="4" t="55" w="1771" /><ent r="4" t="55" w="1771" /><ent r="3" t="60" w="92" /><ent r="7" t="63" w="246" /><ent r="3" t="67" w="51" /><ent r="3" t="67" w="65" /><ent r="3" t="67" w="65" /><ent r="4" t="67" w="232" /><ent r="4" t="67" w="245" /><ent r="3" t="67" w="305" /><ent r="100" t="68" w="7" /><ent r="100" t="68" w="14" /><ent r="100" t="68" w="14" /><ent r="3" t="68" w="25" /><ent r="3" t="68" w="25" /><ent r="3" t="68" w="50" /><ent r="3" t="68" w="50" /><ent r="3" t="68" w="82" /><ent r="3" t="68" w="82" /><ent r="3" t="68" w="123" /><ent r="3" t="68" w="123" /><ent r="3" t="68" w="149" /><ent r="3" t="68" w="149" /><ent r="3" t="68" w="160" /><ent r="4" t="68" w="169" /><ent r="4" t="68" w="675" /><ent r="4" t="68" w="675" /><ent r="4" t="68" w="716" /><ent r="4" t="68" w="716" /><ent r="4" t="68" w="734" /><ent r="4" t="68" w="734" /><ent r="4" t="68" w="739" /><ent r="4" t="68" w="739" /><ent r="4" t="68" w="799" /><ent r="4" t="68" w="799" /><ent r="4" t="68" w="817" /><ent r="4" t="68" w="817" /><ent r="100" t="69" w="7" /><ent r="100" t="69" w="7" /><ent r="3" t="69" w="34" /><ent r="3" t="69" w="34" /><ent r="5" t="69" w="40" /><ent r="5" t="69" w="40" /><ent r="7" t="69" w="64" /><ent r="7" t="69" w="64" /><ent r="7" t="69" w="106" /><ent r="7" t="69" w="106" /><ent r="7" t="69" w="146" /><ent r="7" t="69" w="146" /><ent r="3" t="70" w="88" /><ent r="3" t="70" w="88" /><ent r="3" t="70" w="91" /><ent r="3" t="70" w="91" /></phr><phr n="policy-optimized"><ent r="3" t="1" w="148" /><ent r="3" t="1" w="148" /></phr><phr n="policy-specific"><ent r="3" t="3" w="78" /><ent r="3" t="3" w="78" /></phr><phr n="policy-specified"><ent r="3" t="28" w="320" /><ent r="3" t="28" w="320" /></phr><phr n="Policy&gt;"><ent r="4" t="35" w="271" /><ent r="4" t="35" w="271" /></phr><phr n="non-policy"><ent r="3" t="37" w="442" /><ent r="3" t="37" w="442" /></phr><phr n="keyUsagePolicyFile"><ent r="8" t="63" w="229" /><ent r="8" t="63" w="229" /><ent r="5" t="67" w="252" /><ent r="5" t="67" w="252" /><ent r="4" t="67" w="284" /><ent r="5" t="68" w="190" /><ent r="5" t="68" w="190" /></phr><phr n="keyUsagePolicy"><ent r="4" t="67" w="212" /></phr><phr n="&lt;keyusagepolicy"><ent r="3" t="68" w="370" /><ent r="3" t="68" w="370" /></phr><phr n="keyusagepolicy&gt;"><ent r="3" t="68" w="587" /><ent r="3" t="68" w="587" /></phr></stem></index>