﻿<?xml version="1.0" encoding="utf-8"?><index><stem n="particular"><phr n="particular"><ent r="3" t="14" w="75" /><ent r="3" t="41" w="1304" /><ent r="3" t="41" w="1643" /><ent r="7" t="54" w="1340" /></phr></stem><stem n=":statu"><phr n=":status"><ent r="100" t="14" w="79" /><ent r="100" t="15" w="24" /></phr></stem><stem n="bold"><phr n="bold"><ent r="3" t="14" w="87" /></phr><phr n="bolded"><ent r="3" t="14" w="213" /></phr></stem><stem n="want"><phr n="want"><ent r="3" t="14" w="120" /><ent r="3" t="15" w="55" /><ent r="6" t="50" w="402" /><ent r="3" t="59" w="279" /></phr><phr n="wanting"><ent r="3" t="47" w="154" /></phr></stem><stem n="becom"><phr n="become"><ent r="4" t="14" w="174" /><ent r="6" t="26" w="591" /></phr></stem><stem n="purpos"><phr n="purposes"><ent r="3" t="15" w="51" /><ent r="3" t="45" w="81" /><ent r="3" t="61" w="119" /></phr><phr n="Purpose"><ent r="7" t="22" w="238" /></phr><phr n="purpose"><ent r="3" t="51" w="149" /></phr></stem><stem n="(the"><phr n="(The"><ent r="3" t="15" w="64" /><ent r="6" t="23" w="594" /></phr></stem><stem n="&quot;localhost&quot;.)"><phr n="&quot;localhost&quot;.)"><ent r="3" t="15" w="73" /></phr></stem><stem n="temporari"><phr n="temporary"><ent r="4" t="15" w="86" /><ent r="4" t="15" w="137" /><ent r="4" t="15" w="144" /><ent r="4" t="15" w="161" /></phr></stem><stem n="text"><phr n="text"><ent r="4" t="15" w="121" /><ent r="6" t="24" w="351" /><ent r="3" t="36" w="538" /><ent r="3" t="36" w="615" /><ent r="3" t="39" w="614" /><ent r="3" t="41" w="604" /><ent r="3" t="41" w="692" /><ent r="3" t="41" w="796" /><ent r="3" t="45" w="214" /><ent r="4" t="63" w="46" /><ent r="4" t="64" w="44" /><ent r="4" t="65" w="115" /><ent r="4" t="66" w="127" /></phr></stem><stem n="longer"><phr n="longer"><ent r="4" t="15" w="176" /><ent r="4" t="41" w="1981" /></phr></stem><stem n="reassign"><phr n="reassign"><ent r="3" t="15" w="186" /></phr></stem><stem n=":trust"><phr n=":trusted"><ent r="100" t="16" w="11" /><ent r="100" t="17" w="13" /><ent r="100" t="17" w="23" /></phr></stem><stem n="“trust"><phr n="“Trusted"><ent r="3" t="16" w="26" /></phr></stem><stem n="netegr"><phr n="Netegrity"><ent r="3" t="16" w="64" /><ent r="3" t="41" w="679" /></phr></stem><stem n="sitemind"><phr n="SiteMinder"><ent r="3" t="16" w="65" /><ent r="3" t="41" w="680" /></phr></stem><stem n="know"><phr n="know"><ent r="3" t="16" w="73" /><ent r="3" t="22" w="51" /></phr><phr n="knows"><ent r="3" t="41" w="1511" /></phr></stem><stem n="issu"><phr n="issue"><ent r="3" t="16" w="117" /><ent r="6" t="21" w="298" /><ent r="3" t="41" w="1457" /><ent r="3" t="47" w="641" /><ent r="3" t="47" w="661" /><ent r="3" t="65" w="48" /></phr><phr n="issued"><ent r="3" t="16" w="226" /><ent r="3" t="17" w="384" /><ent r="3" t="18" w="71" /><ent r="3" t="26" w="143" /><ent r="3" t="41" w="1253" /><ent r="3" t="41" w="1384" /><ent r="3" t="46" w="284" /><ent r="6" t="49" w="261" /></phr><phr n="Issue"><ent r="7" t="21" w="388" /></phr><phr n="issues"><ent r="3" t="44" w="45" /><ent r="3" t="47" w="398" /><ent r="3" t="48" w="49" /><ent r="4" t="48" w="381" /><ent r="3" t="49" w="39" /><ent r="3" t="50" w="75" /><ent r="3" t="51" w="49" /><ent r="3" t="52" w="70" /><ent r="3" t="54" w="61" /><ent r="3" t="55" w="60" /><ent r="3" t="59" w="52" /></phr><phr n="Issued"><ent r="7" t="49" w="478" /><ent r="8" t="50" w="453" /></phr></stem><stem n="normal"><phr n="normally"><ent r="3" t="16" w="134" /></phr><phr n="Normally"><ent r="3" t="23" w="117" /></phr></stem><stem n="unless"><phr n="unless"><ent r="3" t="16" w="138" /><ent r="6" t="17" w="627" /><ent r="6" t="26" w="389" /><ent r="3" t="45" w="69" /><ent r="7" t="50" w="568" /></phr></stem><stem n="be"><phr n="being"><ent r="3" t="16" w="147" /><ent r="8" t="17" w="1287" /><ent r="4" t="17" w="2221" /><ent r="4" t="19" w="813" /><ent r="4" t="20" w="1015" /><ent r="6" t="21" w="376" /><ent r="4" t="21" w="1070" /><ent r="6" t="23" w="589" /><ent r="3" t="27" w="192" /><ent r="4" t="30" w="177" /><ent r="5" t="31" w="675" /><ent r="4" t="32" w="208" /><ent r="3" t="33" w="97" /><ent r="4" t="33" w="143" /><ent r="3" t="34" w="65" /><ent r="3" t="41" w="76" /><ent r="7" t="42" w="311" /><ent r="7" t="42" w="321" /><ent r="4" t="44" w="78" /><ent r="6" t="44" w="321" /><ent r="3" t="46" w="671" /><ent r="3" t="54" w="278" /></phr></stem><stem n="-on"><phr n="-on"><ent r="3" t="16" w="171" /><ent r="3" t="16" w="171" /></phr></stem><stem n="add"><phr n="add"><ent r="3" t="16" w="171" /><ent r="4" t="22" w="131" /><ent r="3" t="23" w="241" /><ent r="5" t="23" w="369" /><ent r="3" t="24" w="733" /><ent r="3" t="25" w="75" /><ent r="6" t="50" w="518" /><ent r="4" t="53" w="466" /><ent r="4" t="53" w="482" /><ent r="4" t="54" w="1468" /><ent r="4" t="54" w="1604" /><ent r="3" t="54" w="1645" /></phr><phr n="Add"><ent r="7" t="17" w="1821" /><ent r="7" t="19" w="413" /><ent r="7" t="20" w="613" /><ent r="7" t="21" w="666" /><ent r="5" t="22" w="128" /><ent r="4" t="23" w="267" /><ent r="7" t="24" w="319" /><ent r="7" t="24" w="487" /><ent r="4" t="24" w="753" /><ent r="3" t="24" w="883" /><ent r="7" t="26" w="1320" /><ent r="6" t="49" w="193" /><ent r="6" t="49" w="252" /><ent r="8" t="49" w="297" /><ent r="8" t="49" w="368" /><ent r="6" t="49" w="503" /><ent r="100" t="50" w="13" /><ent r="8" t="50" w="331" /><ent r="8" t="50" w="357" /><ent r="4" t="50" w="758" /><ent r="5" t="50" w="1090" /><ent r="4" t="51" w="212" /><ent r="4" t="52" w="231" /><ent r="4" t="54" w="345" /><ent r="4" t="54" w="1430" /><ent r="3" t="54" w="1659" /></phr></stem><stem n="add-on"><phr n="add-on"><ent r="3" t="16" w="171" /></phr></stem><stem n="permit"><phr n="permit"><ent r="3" t="16" w="175" /><ent r="4" t="66" w="163" /><ent r="3" t="67" w="379" /><ent r="3" t="67" w="396" /><ent r="3" t="67" w="417" /><ent r="3" t="67" w="429" /><ent r="3" t="67" w="461" /><ent r="3" t="67" w="470" /><ent r="4" t="67" w="751" /><ent r="4" t="67" w="769" /><ent r="4" t="67" w="780" /><ent r="4" t="67" w="834" /><ent r="4" t="67" w="852" /><ent r="4" t="67" w="863" /><ent r="4" t="67" w="937" /><ent r="4" t="67" w="949" /><ent r="4" t="67" w="958" /><ent r="4" t="67" w="965" /><ent r="4" t="67" w="980" /><ent r="4" t="67" w="987" /><ent r="4" t="67" w="1000" /></phr><phr n="permitted"><ent r="7" t="42" w="402" /><ent r="3" t="52" w="184" /><ent r="3" t="66" w="103" /><ent r="3" t="69" w="145" /></phr><phr n="permits"><ent r="4" t="67" w="727" /></phr></stem><stem n="part"><phr n="part"><ent r="3" t="16" w="194" /><ent r="3" t="17" w="2114" /><ent r="3" t="19" w="706" /><ent r="3" t="20" w="908" /><ent r="3" t="21" w="963" /><ent r="3" t="27" w="275" /><ent r="3" t="40" w="25" /><ent r="3" t="41" w="100" /><ent r="3" t="47" w="737" /><ent r="3" t="54" w="88" /><ent r="3" t="55" w="285" /><ent r="3" t="61" w="106" /><ent r="3" t="69" w="81" /></phr></stem><stem n="-configuration,"><phr n="-configuration,"><ent r="3" t="16" w="200" /><ent r="3" t="16" w="200" /><ent r="3" t="16" w="244" /><ent r="3" t="16" w="244" /><ent r="3" t="18" w="238" /><ent r="3" t="18" w="238" /></phr></stem><stem n="exist"><phr n="exists"><ent r="3" t="16" w="220" /><ent r="3" t="31" w="226" /><ent r="3" t="32" w="130" /><ent r="3" t="41" w="363" /><ent r="3" t="41" w="1397" /></phr><phr n="existing"><ent r="8" t="17" w="1354" /><ent r="7" t="17" w="1655" /><ent r="7" t="26" w="1204" /><ent r="7" t="42" w="275" /><ent r="3" t="47" w="325" /><ent r="9" t="54" w="1023" /><ent r="4" t="58" w="91" /></phr><phr n="exist"><ent r="9" t="17" w="1475" /><ent r="4" t="39" w="814" /><ent r="7" t="50" w="617" /></phr><phr n="existent"><ent r="3" t="39" w="1102" /></phr></stem><stem n=":creat"><phr n=":creating"><ent r="100" t="17" w="9" /><ent r="100" t="19" w="11" /><ent r="100" t="20" w="16" /><ent r="100" t="21" w="16" /></phr><phr n=":create"><ent r="100" t="23" w="293" /><ent r="100" t="24" w="774" /></phr></stem><stem n="[general]"><phr n="[General]"><ent r="4" t="17" w="91" /><ent r="4" t="19" w="143" /><ent r="4" t="20" w="162" /><ent r="4" t="21" w="133" /><ent r="4" t="26" w="99" /><ent r="7" t="57" w="437" /></phr></stem><stem n="machinenam"><phr n="machinename"><ent r="4" t="17" w="112" /><ent r="4" t="19" w="170" /><ent r="4" t="20" w="189" /><ent r="4" t="21" w="160" /></phr></stem><stem n="machinename.domain"><phr n="machinename.domain"><ent r="4" t="17" w="113" /><ent r="4" t="17" w="112" /><ent r="4" t="19" w="171" /><ent r="4" t="19" w="170" /><ent r="4" t="20" w="190" /><ent r="4" t="20" w="189" /><ent r="4" t="21" w="161" /><ent r="4" t="21" w="160" /></phr></stem><stem n=".domain.com"><phr n=".domain.com"><ent r="4" t="17" w="114" /><ent r="4" t="19" w="172" /><ent r="4" t="20" w="191" /><ent r="4" t="21" w="162" /><ent r="8" t="23" w="536" /></phr></stem><stem n="machinename.domain.com"><phr n="machinename.domain.com"><ent r="4" t="17" w="114" /><ent r="4" t="17" w="112" /><ent r="4" t="19" w="172" /><ent r="4" t="19" w="170" /><ent r="4" t="20" w="191" /><ent r="4" t="20" w="189" /><ent r="4" t="21" w="162" /><ent r="4" t="21" w="160" /></phr></stem><stem n="com"><phr n="com"><ent r="4" t="17" w="114" /><ent r="4" t="17" w="272" /><ent r="4" t="17" w="278" /><ent r="4" t="19" w="172" /><ent r="4" t="20" w="191" /><ent r="4" t="21" w="162" /><ent r="6" t="22" w="355" /><ent r="6" t="22" w="451" /><ent r="6" t="22" w="644" /><ent r="8" t="23" w="536" /><ent r="5" t="26" w="120" /><ent r="8" t="28" w="348" /><ent r="7" t="28" w="387" /><ent r="3" t="39" w="607" /><ent r="3" t="39" w="648" /><ent r="4" t="39" w="896" /><ent r="4" t="39" w="941" /><ent r="7" t="54" w="1359" /><ent r="8" t="58" w="204" /><ent r="6" t="60" w="60" /><ent r="6" t="60" w="137" /><ent r="6" t="60" w="143" /><ent r="8" t="62" w="48" /><ent r="8" t="62" w="79" /><ent r="8" t="62" w="106" /><ent r="8" t="62" w="133" /><ent r="8" t="62" w="165" /><ent r="8" t="62" w="197" /><ent r="8" t="62" w="219" /><ent r="8" t="62" w="251" /><ent r="8" t="62" w="280" /><ent r="8" t="62" w="338" /><ent r="8" t="62" w="347" /><ent r="4" t="66" w="202" /><ent r="3" t="67" w="372" /></phr></stem><stem n="exactli"><phr n="exactly"><ent r="3" t="17" w="121" /><ent r="3" t="19" w="179" /><ent r="3" t="20" w="198" /><ent r="3" t="21" w="169" /><ent r="8" t="28" w="524" /><ent r="3" t="28" w="653" /><ent r="82" t="31" w="148" /><ent r="3" t="31" w="155" /><ent r="3" t="31" w="164" /><ent r="3" t="31" w="186" /><ent r="3" t="32" w="61" /><ent r="4" t="53" w="160" /><ent r="3" t="53" w="270" /><ent r="9" t="54" w="834" /></phr></stem><stem n="match"><phr n="match"><ent r="3" t="17" w="122" /><ent r="4" t="17" w="221" /><ent r="3" t="19" w="180" /><ent r="3" t="20" w="199" /><ent r="3" t="21" w="170" /><ent r="7" t="28" w="504" /><ent r="9" t="28" w="510" /><ent r="8" t="28" w="517" /><ent r="8" t="28" w="537" /><ent r="3" t="28" w="654" /><ent r="100" t="31" w="14" /><ent r="100" t="31" w="18" /><ent r="3" t="31" w="60" /><ent r="4" t="31" w="136" /><ent r="82" t="31" w="149" /><ent r="3" t="31" w="156" /><ent r="3" t="31" w="165" /><ent r="3" t="31" w="187" /><ent r="3" t="31" w="266" /><ent r="3" t="31" w="288" /><ent r="4" t="31" w="354" /><ent r="4" t="31" w="562" /><ent r="4" t="31" w="568" /><ent r="4" t="31" w="601" /><ent r="5" t="31" w="633" /><ent r="3" t="32" w="62" /><ent r="3" t="32" w="67" /><ent r="8" t="32" w="294" /><ent r="8" t="32" w="308" /><ent r="8" t="32" w="354" /><ent r="8" t="32" w="367" /><ent r="7" t="32" w="437" /><ent r="4" t="39" w="755" /><ent r="4" t="39" w="771" /><ent r="4" t="39" w="784" /><ent r="3" t="39" w="831" /><ent r="3" t="39" w="1124" /><ent r="3" t="39" w="1142" /><ent r="3" t="41" w="428" /><ent r="7" t="49" w="476" /><ent r="4" t="53" w="161" /><ent r="3" t="53" w="271" /><ent r="3" t="53" w="331" /><ent r="4" t="53" w="364" /><ent r="6" t="54" w="1552" /><ent r="6" t="54" w="1562" /><ent r="3" t="67" w="467" /></phr><phr n="matches"><ent r="3" t="26" w="1703" /><ent r="3" t="31" w="280" /><ent r="5" t="31" w="652" /><ent r="5" t="31" w="667" /><ent r="3" t="32" w="89" /><ent r="3" t="32" w="92" /><ent r="3" t="41" w="1789" /><ent r="9" t="54" w="835" /><ent r="4" t="67" w="956" /><ent r="4" t="67" w="978" /></phr><phr n="Match"><ent r="8" t="28" w="495" /><ent r="68" t="28" w="558" /><ent r="4" t="28" w="643" /><ent r="1000" t="31" w="4" /><ent r="100" t="31" w="7" /><ent r="100" t="31" w="24" /><ent r="102" t="31" w="30" /><ent r="3" t="31" w="34" /><ent r="5" t="31" w="121" /><ent r="82" t="31" w="151" /><ent r="82" t="31" w="260" /><ent r="68" t="32" w="456" /></phr><phr n="matched"><ent r="3" t="31" w="48" /><ent r="3" t="39" w="964" /><ent r="3" t="47" w="110" /><ent r="4" t="67" w="1016" /></phr><phr n="matching"><ent r="3" t="31" w="245" /><ent r="3" t="32" w="149" /><ent r="4" t="67" w="749" /><ent r="4" t="67" w="832" /><ent r="4" t="67" w="1027" /></phr></stem><stem n="creation"><phr n="creation"><ent r="3" t="17" w="133" /><ent r="3" t="19" w="191" /><ent r="3" t="20" w="210" /><ent r="3" t="21" w="181" /><ent r="3" t="47" w="142" /></phr><phr n="Creation"><ent r="8" t="42" w="83" /></phr></stem><stem n="dn"><phr n="DNS"><ent r="3" t="17" w="168" /><ent r="6" t="17" w="1753" /><ent r="6" t="17" w="1773" /><ent r="3" t="19" w="221" /><ent r="6" t="19" w="345" /><ent r="6" t="19" w="365" /><ent r="3" t="20" w="240" /><ent r="6" t="20" w="545" /><ent r="6" t="20" w="565" /><ent r="3" t="21" w="211" /><ent r="6" t="21" w="598" /><ent r="6" t="21" w="618" /><ent r="6" t="26" w="1252" /><ent r="6" t="26" w="1272" /><ent r="3" t="41" w="470" /></phr><phr n="DN"><ent r="3" t="41" w="1263" /><ent r="8" t="49" w="417" /><ent r="8" t="49" w="457" /><ent r="7" t="49" w="463" /><ent r="8" t="50" w="441" /><ent r="7" t="50" w="447" /><ent r="4" t="53" w="146" /><ent r="4" t="53" w="163" /><ent r="3" t="53" w="275" /></phr><phr n="DNs"><ent r="3" t="41" w="1746" /></phr></stem><stem n="pattern"><phr n="pattern"><ent r="4" t="17" w="225" /><ent r="3" t="53" w="325" /><ent r="3" t="53" w="333" /><ent r="4" t="53" w="349" /></phr><phr n="patterns"><ent r="3" t="52" w="302" /><ent r="3" t="53" w="105" /></phr></stem><stem n="$servic"><phr n="$service"><ent r="5" t="17" w="227" /><ent r="4" t="17" w="232" /><ent r="4" t="17" w="243" /></phr></stem><stem n="/$host"><phr n="/$host"><ent r="5" t="17" w="228" /></phr></stem><stem n="$service/$host"><phr n="$service/$host"><ent r="5" t="17" w="228" /><ent r="5" t="17" w="227" /></phr></stem><stem n="$host"><phr n="$host"><ent r="5" t="17" w="228" /><ent r="4" t="17" w="248" /></phr></stem><stem n="(&quot;http&quot;"><phr n="(&quot;http&quot;"><ent r="3" t="17" w="238" /></phr></stem><stem n="/"><phr n="/"><ent r="4" t="17" w="244" /></phr></stem><stem n="omit"><phr n="omitted"><ent r="3" t="17" w="246" /></phr></stem><stem n="abov"><phr n="above"><ent r="3" t="17" w="260" /><ent r="6" t="24" w="307" /><ent r="6" t="24" w="475" /><ent r="3" t="41" w="886" /><ent r="3" t="46" w="229" /><ent r="3" t="46" w="571" /><ent r="7" t="49" w="384" /><ent r="7" t="49" w="446" /><ent r="7" t="57" w="425" /><ent r="6" t="68" w="118" /></phr></stem><stem n="http/gatewai"><phr n="http/gateway"><ent r="4" t="17" w="270" /><ent r="4" t="17" w="269" /></phr></stem><stem n="http/gateway.domain"><phr n="http/gateway.domain"><ent r="4" t="17" w="271" /><ent r="4" t="17" w="269" /></phr></stem><stem n="/gateway.domain.com"><phr n="/gateway.domain.com"><ent r="4" t="17" w="272" /></phr></stem><stem n="http/gateway.domain.com"><phr n="http/gateway.domain.com"><ent r="4" t="17" w="272" /><ent r="4" t="17" w="269" /></phr></stem><stem n="gateway.domain"><phr n="gateway.domain"><ent r="4" t="17" w="277" /><ent r="4" t="17" w="276" /></phr></stem><stem n="gateway.domain.com"><phr n="gateway.domain.com"><ent r="4" t="17" w="278" /><ent r="4" t="17" w="276" /></phr></stem><stem n="gateway.domain.com."><phr n="gateway.domain.com."><ent r="4" t="17" w="278" /><ent r="4" t="17" w="276" /></phr></stem><stem n=".domain.com."><phr n=".domain.com."><ent r="4" t="17" w="279" /></phr></stem><stem n="charact"><phr n="characters"><ent r="3" t="17" w="285" /><ent r="3" t="17" w="305" /><ent r="7" t="17" w="1663" /><ent r="7" t="26" w="1212" /><ent r="8" t="32" w="302" /><ent r="8" t="32" w="362" /><ent r="6" t="44" w="426" /><ent r="3" t="46" w="657" /><ent r="6" t="54" w="1556" /></phr><phr n="character"><ent r="5" t="31" w="406" /><ent r="5" t="31" w="444" /><ent r="6" t="54" w="1565" /></phr></stem><stem n="a-z"><phr n="a-z"><ent r="3" t="17" w="286" /></phr></stem><stem n="z"><phr n="z"><ent r="3" t="17" w="287" /></phr></stem><stem n="-z,"><phr n="-z,"><ent r="3" t="17" w="288" /><ent r="3" t="17" w="288" /></phr></stem><stem n="0-9"><phr n="0-9"><ent r="3" t="17" w="288" /></phr></stem><stem n="-9,"><phr n="-9,"><ent r="3" t="17" w="290" /><ent r="3" t="17" w="290" /></phr></stem><stem n="period"><phr n="period"><ent r="3" t="17" w="290" /><ent r="7" t="62" w="150" /><ent r="100" t="65" w="17" /><ent r="100" t="65" w="21" /><ent r="3" t="65" w="52" /><ent r="3" t="65" w="107" /><ent r="4" t="65" w="172" /></phr><phr n="Period"><ent r="68" t="62" w="162" /><ent r="1000" t="65" w="6" /><ent r="102" t="65" w="28" /></phr></stem><stem n="hyphen"><phr n="hyphen"><ent r="3" t="17" w="291" /></phr><phr n="hyphens"><ent r="3" t="17" w="307" /></phr></stem><stem n="underscor"><phr n="underscore"><ent r="3" t="17" w="292" /><ent r="3" t="17" w="304" /></phr><phr n="underscores"><ent r="3" t="17" w="296" /><ent r="7" t="17" w="1675" /><ent r="7" t="26" w="1224" /></phr></stem><stem n="problem"><phr n="problems"><ent r="3" t="17" w="300" /></phr><phr n="problem"><ent r="4" t="20" w="439" /><ent r="4" t="21" w="461" /><ent r="3" t="47" w="151" /></phr><phr n="Problem"><ent r="92" t="47" w="40" /></phr></stem><stem n="aris"><phr n="arise"><ent r="3" t="17" w="301" /></phr></stem><stem n="replac"><phr n="replace"><ent r="3" t="17" w="302" /></phr><phr n="replaced"><ent r="7" t="17" w="1673" /><ent r="6" t="22" w="327" /><ent r="7" t="26" w="1222" /></phr><phr n="Replace"><ent r="4" t="65" w="165" /></phr></stem><stem n="login"><phr n="login"><ent r="3" t="17" w="328" /><ent r="7" t="23" w="639" /><ent r="7" t="42" w="280" /><ent r="7" t="49" w="430" /><ent r="4" t="53" w="170" /></phr><phr n="Login"><ent r="100" t="17" w="333" /><ent r="4" t="17" w="337" /><ent r="6" t="17" w="924" /><ent r="7" t="17" w="939" /><ent r="7" t="17" w="962" /><ent r="6" t="17" w="981" /><ent r="7" t="17" w="1037" /><ent r="6" t="17" w="1081" /><ent r="6" t="26" w="715" /><ent r="7" t="26" w="730" /><ent r="7" t="26" w="753" /><ent r="6" t="26" w="772" /><ent r="7" t="26" w="828" /><ent r="6" t="26" w="872" /><ent r="68" t="68" w="172" /></phr></stem><stem n="kerbero"><phr n="Kerberos"><ent r="100" t="17" w="352" /><ent r="3" t="17" w="362" /><ent r="6" t="17" w="1070" /><ent r="6" t="26" w="861" /><ent r="68" t="68" w="173" /><ent r="6" t="68" w="175" /></phr></stem><stem n="-window"><phr n="-Windows"><ent r="3" t="17" w="355" /><ent r="3" t="17" w="355" /><ent r="6" t="17" w="1067" /><ent r="6" t="17" w="1067" /><ent r="6" t="26" w="858" /><ent r="6" t="26" w="858" /></phr></stem><stem n="non-window"><phr n="non-Windows"><ent r="3" t="17" w="355" /><ent r="6" t="17" w="1067" /><ent r="6" t="26" w="858" /></phr></stem><stem n="cannot"><phr n="cannot"><ent r="3" t="17" w="404" /><ent r="6" t="17" w="889" /><ent r="4" t="20" w="436" /><ent r="4" t="21" w="458" /><ent r="3" t="26" w="161" /><ent r="6" t="26" w="680" /><ent r="7" t="28" w="588" /><ent r="7" t="28" w="598" /><ent r="3" t="30" w="58" /><ent r="7" t="32" w="482" /><ent r="3" t="41" w="718" /><ent r="3" t="41" w="1426" /><ent r="7" t="50" w="557" /><ent r="7" t="50" w="602" /><ent r="4" t="50" w="969" /></phr></stem><stem n="case"><phr n="case"><ent r="3" t="17" w="409" /><ent r="3" t="26" w="166" /><ent r="3" t="36" w="277" /><ent r="3" t="36" w="357" /></phr><phr n="cases"><ent r="3" t="21" w="479" /></phr></stem><stem n="submit"><phr n="submitted"><ent r="6" t="17" w="468" /><ent r="6" t="17" w="541" /><ent r="6" t="26" w="228" /><ent r="6" t="26" w="302" /></phr><phr n="submit"><ent r="3" t="69" w="304" /></phr></stem><stem n="leav"><phr n="leave"><ent r="6" t="17" w="475" /><ent r="6" t="17" w="548" /><ent r="6" t="26" w="236" /><ent r="6" t="26" w="310" /></phr><phr n="Leave"><ent r="3" t="17" w="2153" /><ent r="3" t="19" w="745" /><ent r="3" t="20" w="947" /><ent r="3" t="21" w="1002" /><ent r="7" t="23" w="693" /><ent r="3" t="26" w="1562" /><ent r="4" t="26" w="1645" /><ent r="8" t="32" w="316" /><ent r="8" t="32" w="375" /></phr><phr n="leaving"><ent r="3" t="39" w="523" /></phr></stem><stem n="blank"><phr n="blank"><ent r="6" t="17" w="479" /><ent r="6" t="17" w="551" /><ent r="7" t="23" w="706" /><ent r="6" t="26" w="240" /><ent r="6" t="26" w="313" /><ent r="4" t="26" w="1660" /><ent r="5" t="31" w="437" /><ent r="8" t="32" w="319" /><ent r="8" t="32" w="378" /><ent r="4" t="39" w="917" /></phr></stem><stem n="come"><phr n="coming"><ent r="7" t="17" w="499" /><ent r="7" t="17" w="571" /><ent r="7" t="26" w="260" /><ent r="7" t="26" w="333" /></phr></stem><stem n="i."><phr n="i.e"><ent r="7" t="17" w="504" /><ent r="7" t="17" w="503" /><ent r="7" t="17" w="576" /><ent r="7" t="17" w="575" /><ent r="7" t="26" w="265" /><ent r="7" t="26" w="264" /><ent r="7" t="26" w="338" /><ent r="7" t="26" w="337" /><ent r="3" t="41" w="1393" /><ent r="3" t="41" w="1392" /></phr></stem><stem n="e"><phr n="e"><ent r="7" t="17" w="504" /><ent r="7" t="17" w="576" /><ent r="7" t="26" w="265" /><ent r="7" t="26" w="338" /><ent r="3" t="41" w="1393" /></phr></stem><stem n="i.e."><phr n="i.e."><ent r="7" t="17" w="504" /><ent r="7" t="17" w="503" /><ent r="7" t="17" w="576" /><ent r="7" t="17" w="575" /><ent r="7" t="26" w="265" /><ent r="7" t="26" w="264" /><ent r="7" t="26" w="338" /><ent r="7" t="26" w="337" /><ent r="3" t="41" w="1393" /><ent r="3" t="41" w="1392" /></phr></stem><stem n="(i.e.,"><phr n="(i.e.,"><ent r="7" t="17" w="505" /><ent r="7" t="17" w="577" /><ent r="7" t="26" w="266" /><ent r="7" t="26" w="339" /><ent r="3" t="41" w="1394" /></phr></stem><stem n="long"><phr n="long"><ent r="6" t="17" w="613" /><ent r="6" t="17" w="818" /><ent r="6" t="26" w="375" /><ent r="6" t="26" w="609" /><ent r="7" t="42" w="120" /><ent r="7" t="42" w="231" /><ent r="3" t="46" w="642" /></phr></stem><stem n="rememb"><phr n="remember"><ent r="6" t="17" w="651" /><ent r="6" t="17" w="841" /><ent r="6" t="26" w="413" /><ent r="6" t="26" w="632" /></phr></stem><stem n="abil"><phr n="ability"><ent r="6" t="17" w="698" /><ent r="6" t="26" w="476" /><ent r="3" t="27" w="59" /></phr></stem><stem n="concern"><phr n="concern"><ent r="6" t="17" w="721" /><ent r="6" t="26" w="499" /><ent r="3" t="46" w="241" /></phr></stem><stem n="organ"><phr n="organization"><ent r="6" t="17" w="724" /><ent r="6" t="26" w="502" /></phr><phr n="organize"><ent r="3" t="53" w="305" /><ent r="3" t="54" w="1630" /></phr><phr n="Organization"><ent r="4" t="54" w="1691" /></phr></stem><stem n="(http"><phr n="(HTTP"><ent r="6" t="17" w="741" /><ent r="8" t="23" w="648" /><ent r="6" t="26" w="519" /></phr></stem><stem n="forward"><phr n="forwards"><ent r="6" t="17" w="781" /><ent r="6" t="26" w="559" /></phr><phr n="forwarding"><ent r="4" t="28" w="1277" /><ent r="3" t="38" w="97" /></phr></stem><stem n="overwritten"><phr n="overwritten"><ent r="6" t="17" w="805" /><ent r="6" t="26" w="597" /><ent r="3" t="30" w="63" /><ent r="7" t="42" w="312" /></phr></stem><stem n="shutdown"><phr n="shutdown"><ent r="6" t="17" w="846" /><ent r="6" t="26" w="637" /></phr></stem><stem n="sure"><phr n="sure"><ent r="6" t="17" w="848" /><ent r="3" t="23" w="272" /><ent r="6" t="24" w="324" /><ent r="6" t="24" w="492" /><ent r="3" t="24" w="758" /><ent r="6" t="26" w="639" /><ent r="3" t="50" w="719" /><ent r="3" t="50" w="775" /><ent r="7" t="57" w="329" /></phr></stem><stem n="temporarili"><phr n="Temporarily"><ent r="6" t="17" w="861" /><ent r="6" t="26" w="652" /></phr></stem><stem n="deselect"><phr n="deselect"><ent r="6" t="17" w="862" /><ent r="6" t="26" w="653" /></phr></stem><stem n="reselect"><phr n="reselect"><ent r="6" t="17" w="864" /><ent r="6" t="26" w="655" /></phr></stem><stem n="-creat"><phr n="-create"><ent r="6" t="17" w="910" /><ent r="6" t="17" w="910" /><ent r="6" t="26" w="701" /><ent r="6" t="26" w="701" /><ent r="3" t="41" w="1466" /><ent r="3" t="41" w="1466" /></phr><phr n="-created"><ent r="5" t="19" w="106" /><ent r="5" t="19" w="106" /></phr></stem><stem n="re"><phr n="re"><ent r="6" t="17" w="910" /><ent r="6" t="26" w="701" /><ent r="3" t="36" w="318" /><ent r="3" t="39" w="78" /><ent r="3" t="41" w="1456" /><ent r="3" t="41" w="1466" /></phr></stem><stem n="re-creat"><phr n="re-create"><ent r="6" t="17" w="910" /><ent r="6" t="26" w="701" /><ent r="3" t="41" w="1466" /></phr></stem><stem n="reflect"><phr n="reflect"><ent r="6" t="17" w="916" /><ent r="6" t="17" w="1597" /><ent r="6" t="26" w="707" /><ent r="6" t="26" w="1146" /></phr><phr n="reflected"><ent r="3" t="64" w="249" /></phr></stem><stem n="unavail"><phr n="unavailable"><ent r="7" t="17" w="1017" /><ent r="7" t="26" w="808" /><ent r="5" t="33" w="194" /></phr></stem><stem n="cach"><phr n="cached"><ent r="7" t="17" w="1031" /><ent r="7" t="26" w="822" /><ent r="3" t="27" w="193" /><ent r="3" t="27" w="263" /><ent r="3" t="29" w="114" /><ent r="4" t="30" w="178" /><ent r="4" t="31" w="103" /><ent r="4" t="32" w="209" /><ent r="3" t="33" w="48" /><ent r="4" t="33" w="144" /><ent r="5" t="33" w="183" /><ent r="5" t="33" w="199" /><ent r="4" t="33" w="226" /></phr><phr n="Cached"><ent r="5" t="17" w="2211" /><ent r="4" t="17" w="2256" /><ent r="5" t="19" w="803" /><ent r="4" t="19" w="848" /><ent r="5" t="20" w="1005" /><ent r="4" t="20" w="1050" /><ent r="5" t="21" w="1060" /><ent r="4" t="21" w="1105" /><ent r="100" t="28" w="250" /><ent r="92" t="28" w="257" /><ent r="3" t="28" w="297" /><ent r="5" t="28" w="303" /><ent r="3" t="28" w="764" /><ent r="5" t="34" w="336" /></phr><phr n="Cache"><ent r="6" t="33" w="189" /></phr><phr n="cache"><ent r="7" t="42" w="346" /></phr></stem><stem n="here"><phr n="here"><ent r="7" t="17" w="1062" /><ent r="7" t="26" w="853" /><ent r="3" t="27" w="36" /><ent r="6" t="44" w="292" /><ent r="9" t="54" w="1125" /></phr></stem><stem n="&quot;use"><phr n="&quot;Use"><ent r="6" t="17" w="1078" /><ent r="6" t="26" w="869" /><ent r="8" t="58" w="222" /><ent r="7" t="68" w="65" /><ent r="7" t="68" w="104" /></phr></stem><stem n="&quot;gatewai"><phr n="&quot;Gateway"><ent r="7" t="17" w="1119" /><ent r="7" t="26" w="910" /></phr></stem><stem n="continu"><phr n="continue"><ent r="7" t="17" w="1125" /><ent r="7" t="17" w="1252" /><ent r="7" t="17" w="1889" /><ent r="7" t="19" w="481" /><ent r="7" t="20" w="681" /><ent r="7" t="21" w="734" /><ent r="7" t="26" w="916" /><ent r="7" t="26" w="1043" /><ent r="7" t="26" w="1385" /></phr><phr n="continues"><ent r="7" t="17" w="2006" /><ent r="7" t="19" w="598" /><ent r="7" t="20" w="798" /><ent r="7" t="21" w="851" /><ent r="7" t="26" w="1502" /><ent r="3" t="41" w="1923" /></phr></stem></index>