﻿<?xml version="1.0" encoding="utf-8"?><index PreMerged="false"><stem n="initi"><phr n="initiating"><ent r="1" t="7" w="247" /></phr><phr n="initial"><ent r="1" t="17" w="521" /><ent r="1" t="17" w="589" /><ent r="1" t="17" w="2035" /><ent r="1" t="17" w="2077" /><ent r="1" t="19" w="653" /><ent r="1" t="19" w="695" /><ent r="1" t="20" w="857" /><ent r="1" t="20" w="899" /><ent r="1" t="21" w="910" /><ent r="1" t="21" w="952" /><ent r="1" t="26" w="277" /><ent r="1" t="26" w="346" /><ent r="1" t="28" w="148" /><ent r="1" t="39" w="106" /><ent r="1" t="45" w="755" /><ent r="1" t="57" w="132" /><ent r="1" t="57" w="231" /></phr><phr n="initially"><ent r="1" t="28" w="60" /><ent r="1" t="28" w="132" /><ent r="1" t="40" w="1275" /></phr></stem><stem n="sinc"><phr n="Since"><ent r="1" t="7" w="261" /><ent r="1" t="40" w="1538" /><ent r="1" t="48" w="939" /><ent r="1" t="53" w="162" /></phr><phr n="since"><ent r="1" t="38" w="1012" /></phr></stem><stem n="must"><phr n="must"><ent r="1" t="7" w="285" /><ent r="1" t="17" w="118" /><ent r="1" t="17" w="404" /><ent r="1" t="17" w="880" /><ent r="1" t="17" w="1318" /><ent r="1" t="17" w="1349" /><ent r="1" t="19" w="176" /><ent r="1" t="20" w="195" /><ent r="1" t="21" w="166" /><ent r="1" t="21" w="290" /><ent r="1" t="23" w="580" /><ent r="1" t="26" w="156" /><ent r="1" t="26" w="650" /><ent r="1" t="28" w="383" /><ent r="1" t="28" w="634" /><ent r="1" t="28" w="941" /><ent r="1" t="31" w="286" /><ent r="1" t="31" w="431" /><ent r="1" t="32" w="59" /><ent r="1" t="33" w="56" /><ent r="1" t="34" w="36" /><ent r="1" t="34" w="91" /><ent r="1" t="34" w="232" /><ent r="1" t="38" w="105" /><ent r="1" t="38" w="168" /><ent r="1" t="38" w="262" /><ent r="1" t="38" w="297" /><ent r="1" t="38" w="793" /><ent r="1" t="40" w="389" /><ent r="1" t="40" w="409" /><ent r="1" t="40" w="1403" /><ent r="1" t="45" w="639" /><ent r="1" t="46" w="126" /><ent r="1" t="47" w="65" /><ent r="1" t="47" w="402" /><ent r="1" t="47" w="465" /><ent r="1" t="48" w="869" /><ent r="1" t="48" w="900" /><ent r="1" t="48" w="969" /><ent r="1" t="48" w="1147" /><ent r="1" t="51" w="159" /><ent r="1" t="51" w="330" /><ent r="1" t="51" w="363" /><ent r="1" t="51" w="384" /><ent r="1" t="51" w="399" /><ent r="1" t="51" w="432" /><ent r="1" t="52" w="102" /><ent r="1" t="52" w="463" /><ent r="1" t="52" w="991" /><ent r="1" t="52" w="1011" /><ent r="1" t="52" w="1054" /><ent r="1" t="52" w="1155" /><ent r="1" t="52" w="1187" /><ent r="1" t="52" w="1319" /><ent r="1" t="52" w="1378" /><ent r="1" t="52" w="1609" /><ent r="1" t="52" w="1618" /><ent r="1" t="53" w="256" /><ent r="1" t="55" w="90" /><ent r="1" t="55" w="167" /><ent r="1" t="55" w="438" /><ent r="1" t="56" w="122" /></phr></stem><stem n="name"><phr n="name"><ent r="1" t="7" w="292" /><ent r="1" t="9" w="168" /><ent r="1" t="10" w="53" /><ent r="1" t="10" w="160" /><ent r="1" t="16" w="106" /><ent r="1" t="17" w="117" /><ent r="1" t="17" w="122" /><ent r="1" t="17" w="142" /><ent r="1" t="17" w="215" /><ent r="1" t="17" w="251" /><ent r="1" t="17" w="278" /><ent r="1" t="17" w="423" /><ent r="1" t="17" w="458" /><ent r="1" t="17" w="471" /><ent r="1" t="17" w="518" /><ent r="1" t="19" w="175" /><ent r="1" t="19" w="180" /><ent r="1" t="19" w="200" /><ent r="1" t="20" w="194" /><ent r="1" t="20" w="199" /><ent r="1" t="20" w="219" /><ent r="1" t="20" w="355" /><ent r="1" t="21" w="165" /><ent r="1" t="21" w="170" /><ent r="1" t="21" w="190" /><ent r="1" t="21" w="340" /><ent r="1" t="21" w="352" /><ent r="1" t="21" w="399" /><ent r="1" t="23" w="527" /><ent r="1" t="23" w="594" /><ent r="1" t="23" w="798" /><ent r="1" t="26" w="175" /><ent r="1" t="26" w="213" /><ent r="1" t="26" w="227" /><ent r="1" t="26" w="274" /><ent r="1" t="36" w="405" /><ent r="1" t="40" w="415" /><ent r="1" t="40" w="455" /><ent r="1" t="40" w="484" /><ent r="1" t="40" w="528" /><ent r="1" t="40" w="551" /><ent r="1" t="40" w="571" /><ent r="1" t="40" w="911" /><ent r="1" t="40" w="919" /><ent r="1" t="40" w="1206" /><ent r="1" t="40" w="1217" /><ent r="1" t="40" w="1222" /><ent r="1" t="40" w="1237" /><ent r="1" t="40" w="1342" /><ent r="1" t="40" w="1370" /><ent r="1" t="40" w="1391" /><ent r="1" t="40" w="1551" /><ent r="1" t="40" w="1804" /><ent r="1" t="40" w="1812" /><ent r="1" t="51" w="148" /><ent r="1" t="52" w="1482" /><ent r="1" t="52" w="1571" /><ent r="1" t="55" w="95" /><ent r="1" t="55" w="109" /><ent r="1" t="55" w="172" /><ent r="1" t="55" w="193" /><ent r="1" t="55" w="196" /><ent r="1" t="55" w="285" /><ent r="1" t="56" w="82" /><ent r="1" t="62" w="255" /></phr><phr n="Name"><ent r="51" t="10" w="157" /><ent r="51" t="13" w="195" /><ent r="51" t="15" w="127" /><ent r="51" t="17" w="102" /><ent r="51" t="17" w="199" /><ent r="1" t="17" w="392" /><ent r="1" t="17" w="453" /><ent r="51" t="17" w="777" /><ent r="51" t="17" w="978" /><ent r="51" t="17" w="1025" /><ent r="1" t="17" w="1744" /><ent r="51" t="19" w="160" /><ent r="1" t="19" w="362" /><ent r="51" t="20" w="179" /><ent r="1" t="20" w="350" /><ent r="1" t="20" w="564" /><ent r="51" t="21" w="150" /><ent r="1" t="21" w="394" /><ent r="1" t="21" w="615" /><ent r="1" t="22" w="137" /><ent r="51" t="23" w="346" /><ent r="51" t="23" w="521" /><ent r="1" t="26" w="146" /><ent r="1" t="26" w="208" /><ent r="51" t="26" w="544" /><ent r="51" t="26" w="748" /><ent r="51" t="26" w="795" /><ent r="1" t="26" w="1219" /><ent r="1" t="40" w="404" /><ent r="1" t="52" w="1313" /><ent r="51" t="52" w="1331" /><ent r="51" t="52" w="1349" /><ent r="51" t="52" w="1361" /><ent r="51" t="52" w="1385" /><ent r="1" t="52" w="1505" /><ent r="51" t="52" w="1516" /><ent r="51" t="55" w="432" /><ent r="51" t="56" w="197" /></phr><phr n="naming"><ent r="1" t="17" w="221" /></phr><phr n="names"><ent r="1" t="17" w="264" /><ent r="1" t="22" w="269" /><ent r="1" t="22" w="299" /><ent r="1" t="22" w="381" /><ent r="1" t="22" w="410" /><ent r="1" t="28" w="1087" /><ent r="1" t="40" w="1675" /><ent r="1" t="51" w="380" /><ent r="1" t="51" w="398" /><ent r="51" t="52" w="654" /><ent r="51" t="52" w="668" /><ent r="51" t="52" w="912" /><ent r="51" t="52" w="925" /></phr></stem><stem n="save"><phr n="saved"><ent r="1" t="7" w="294" /><ent r="1" t="7" w="418" /><ent r="1" t="7" w="424" /><ent r="1" t="13" w="107" /><ent r="1" t="17" w="657" /><ent r="1" t="17" w="663" /><ent r="1" t="26" w="414" /><ent r="1" t="26" w="420" /><ent r="1" t="28" w="135" /><ent r="1" t="28" w="185" /><ent r="1" t="28" w="554" /><ent r="1" t="32" w="470" /><ent r="1" t="32" w="536" /><ent r="1" t="34" w="253" /><ent r="1" t="36" w="130" /><ent r="1" t="37" w="140" /><ent r="1" t="39" w="76" /><ent r="1" t="40" w="41" /><ent r="1" t="40" w="1841" /><ent r="1" t="43" w="289" /><ent r="1" t="58" w="110" /></phr><phr n="save"><ent r="1" t="7" w="303" /><ent r="1" t="7" w="374" /><ent r="1" t="7" w="386" /><ent r="1" t="7" w="406" /><ent r="1" t="17" w="721" /><ent r="1" t="23" w="621" /><ent r="1" t="26" w="478" /><ent r="1" t="60" w="256" /><ent r="1" t="60" w="536" /><ent r="1" t="60" w="760" /></phr><phr n="Save"><ent r="51" t="7" w="359" /><ent r="51" t="17" w="619" /><ent r="1" t="17" w="625" /><ent r="51" t="17" w="827" /><ent r="51" t="17" w="851" /><ent r="51" t="17" w="985" /><ent r="51" t="23" w="613" /><ent r="51" t="26" w="376" /><ent r="1" t="26" w="382" /><ent r="51" t="26" w="597" /><ent r="51" t="26" w="621" /><ent r="51" t="26" w="755" /><ent r="51" t="35" w="116" /><ent r="51" t="52" w="1697" /></phr><phr n="Saving"><ent r="1" t="17" w="650" /><ent r="1" t="26" w="407" /></phr><phr n="saves"><ent r="1" t="37" w="56" /><ent r="1" t="40" w="894" /><ent r="1" t="40" w="1783" /></phr><phr n="Saved"><ent r="80" t="40" w="954" /></phr></stem><stem n="[identity]"><phr n="[Identity]"><ent r="1" t="7" w="351" /><ent r="1" t="17" w="155" /><ent r="1" t="17" w="362" /><ent r="1" t="17" w="443" /><ent r="1" t="19" w="243" /><ent r="1" t="20" w="262" /><ent r="1" t="20" w="274" /><ent r="1" t="20" w="426" /><ent r="1" t="21" w="233" /><ent r="1" t="21" w="245" /><ent r="1" t="21" w="445" /><ent r="1" t="26" w="117" /><ent r="1" t="26" w="197" /><ent r="1" t="40" w="1044" /><ent r="1" t="40" w="2046" /><ent r="1" t="55" w="282" /></phr></stem><stem n="tab"><phr n="tab"><ent r="1" t="7" w="351" /><ent r="1" t="17" w="89" /><ent r="1" t="17" w="155" /><ent r="1" t="17" w="362" /><ent r="1" t="17" w="443" /><ent r="1" t="17" w="1500" /><ent r="1" t="17" w="1512" /><ent r="1" t="17" w="1984" /><ent r="1" t="17" w="2165" /><ent r="1" t="17" w="2261" /><ent r="1" t="17" w="2275" /><ent r="1" t="19" w="141" /><ent r="1" t="19" w="243" /><ent r="1" t="19" w="268" /><ent r="1" t="19" w="280" /><ent r="1" t="19" w="602" /><ent r="1" t="19" w="783" /><ent r="1" t="19" w="879" /><ent r="1" t="19" w="893" /><ent r="1" t="20" w="160" /><ent r="1" t="20" w="262" /><ent r="1" t="20" w="274" /><ent r="1" t="20" w="426" /><ent r="1" t="20" w="470" /><ent r="1" t="20" w="482" /><ent r="1" t="20" w="804" /><ent r="1" t="20" w="987" /><ent r="1" t="20" w="1083" /><ent r="1" t="20" w="1097" /><ent r="1" t="21" w="131" /><ent r="1" t="21" w="233" /><ent r="1" t="21" w="245" /><ent r="1" t="21" w="445" /><ent r="1" t="21" w="521" /><ent r="1" t="21" w="533" /><ent r="1" t="21" w="855" /><ent r="1" t="21" w="1040" /><ent r="1" t="21" w="1136" /><ent r="1" t="21" w="1150" /><ent r="1" t="22" w="102" /><ent r="1" t="23" w="771" /><ent r="1" t="26" w="88" /><ent r="1" t="26" w="117" /><ent r="1" t="26" w="197" /><ent r="1" t="26" w="1027" /><ent r="1" t="26" w="1039" /><ent r="1" t="26" w="1455" /><ent r="1" t="26" w="1532" /><ent r="1" t="27" w="197" /><ent r="1" t="28" w="222" /><ent r="1" t="28" w="237" /><ent r="1" t="29" w="63" /><ent r="1" t="30" w="169" /><ent r="1" t="31" w="96" /><ent r="1" t="31" w="356" /><ent r="1" t="32" w="200" /><ent r="1" t="33" w="131" /><ent r="1" t="33" w="204" /><ent r="1" t="34" w="211" /><ent r="1" t="35" w="97" /><ent r="1" t="40" w="435" /><ent r="1" t="40" w="1044" /><ent r="1" t="40" w="2046" /><ent r="1" t="40" w="2069" /><ent r="1" t="55" w="282" /><ent r="1" t="55" w="437" /><ent r="1" t="61" w="74" /></phr><phr n="Tab"><ent r="1" t="23" w="513" /></phr><phr n="tabs"><ent r="1" t="55" w="443" /></phr></stem><stem n="check"><phr n="check"><ent r="1" t="7" w="362" /><ent r="1" t="17" w="139" /><ent r="1" t="17" w="505" /><ent r="1" t="17" w="577" /><ent r="1" t="17" w="630" /><ent r="1" t="17" w="734" /><ent r="1" t="17" w="830" /><ent r="1" t="17" w="854" /><ent r="1" t="17" w="937" /><ent r="1" t="17" w="1558" /><ent r="1" t="17" w="1657" /><ent r="1" t="17" w="1999" /><ent r="1" t="17" w="2018" /><ent r="1" t="17" w="2031" /><ent r="1" t="17" w="2087" /><ent r="1" t="17" w="2113" /><ent r="1" t="19" w="197" /><ent r="1" t="19" w="617" /><ent r="1" t="19" w="636" /><ent r="1" t="19" w="649" /><ent r="1" t="19" w="705" /><ent r="1" t="19" w="731" /><ent r="1" t="20" w="216" /><ent r="1" t="20" w="342" /><ent r="1" t="20" w="819" /><ent r="1" t="20" w="838" /><ent r="1" t="20" w="853" /><ent r="1" t="20" w="909" /><ent r="1" t="20" w="935" /><ent r="1" t="21" w="187" /><ent r="1" t="21" w="870" /><ent r="1" t="21" w="889" /><ent r="1" t="21" w="906" /><ent r="1" t="21" w="962" /><ent r="1" t="21" w="988" /><ent r="1" t="23" w="616" /><ent r="1" t="23" w="650" /><ent r="1" t="23" w="724" /><ent r="1" t="24" w="161" /><ent r="1" t="24" w="187" /><ent r="1" t="24" w="511" /><ent r="1" t="24" w="537" /><ent r="1" t="26" w="261" /><ent r="1" t="26" w="334" /><ent r="1" t="26" w="387" /><ent r="1" t="26" w="491" /><ent r="1" t="26" w="600" /><ent r="1" t="26" w="624" /><ent r="1" t="26" w="707" /><ent r="1" t="26" w="1083" /><ent r="1" t="26" w="1182" /><ent r="1" t="26" w="1475" /><ent r="1" t="26" w="1501" /><ent r="1" t="26" w="1622" /><ent r="1" t="28" w="546" /><ent r="1" t="30" w="197" /><ent r="1" t="30" w="206" /><ent r="1" t="32" w="458" /><ent r="1" t="40" w="614" /><ent r="1" t="40" w="716" /><ent r="1" t="47" w="302" /><ent r="1" t="47" w="349" /><ent r="1" t="52" w="452" /><ent r="1" t="52" w="491" /><ent r="1" t="52" w="498" /><ent r="1" t="52" w="632" /><ent r="1" t="52" w="846" /><ent r="1" t="52" w="865" /><ent r="1" t="52" w="891" /><ent r="1" t="52" w="1275" /><ent r="1" t="52" w="1294" /><ent r="1" t="52" w="1363" /><ent r="1" t="55" w="375" /></phr></stem><stem n="ok"><phr n="OK"><ent r="51" t="7" w="367" /><ent r="51" t="13" w="205" /><ent r="51" t="13" w="233" /><ent r="51" t="15" w="134" /><ent r="51" t="17" w="1380" /><ent r="51" t="17" w="1426" /><ent r="51" t="17" w="1493" /><ent r="51" t="17" w="1585" /><ent r="51" t="17" w="1609" /><ent r="51" t="17" w="2286" /><ent r="51" t="19" w="904" /><ent r="51" t="20" w="1108" /><ent r="51" t="21" w="1161" /><ent r="51" t="23" w="681" /><ent r="51" t="23" w="729" /><ent r="51" t="23" w="738" /><ent r="51" t="23" w="748" /><ent r="51" t="26" w="1110" /><ent r="51" t="26" w="1134" /><ent r="51" t="26" w="1557" /><ent r="51" t="26" w="1627" /><ent r="51" t="26" w="1681" /><ent r="51" t="30" w="215" /><ent r="51" t="31" w="138" /><ent r="51" t="31" w="489" /><ent r="51" t="32" w="557" /><ent r="51" t="33" w="192" /><ent r="51" t="34" w="307" /></phr></stem><stem n="]."><phr n="]."><ent r="1" t="7" w="369" /><ent r="1" t="12" w="131" /><ent r="1" t="13" w="183" /><ent r="1" t="13" w="207" /><ent r="1" t="13" w="235" /><ent r="1" t="15" w="112" /><ent r="1" t="15" w="136" /><ent r="1" t="17" w="61" /><ent r="1" t="17" w="79" /><ent r="1" t="17" w="163" /><ent r="1" t="17" w="1314" /><ent r="1" t="17" w="1382" /><ent r="1" t="17" w="1428" /><ent r="1" t="17" w="1481" /><ent r="1" t="17" w="1495" /><ent r="1" t="19" w="82" /><ent r="1" t="19" w="109" /><ent r="1" t="19" w="131" /><ent r="1" t="19" w="216" /><ent r="1" t="20" w="117" /><ent r="1" t="20" w="145" /><ent r="1" t="20" w="150" /><ent r="1" t="20" w="235" /><ent r="1" t="20" w="385" /><ent r="1" t="20" w="403" /><ent r="1" t="21" w="89" /><ent r="1" t="21" w="116" /><ent r="1" t="21" w="121" /><ent r="1" t="21" w="206" /><ent r="1" t="21" w="429" /><ent r="1" t="23" w="453" /><ent r="1" t="23" w="492" /><ent r="1" t="23" w="544" /><ent r="1" t="23" w="576" /><ent r="1" t="23" w="660" /><ent r="1" t="23" w="683" /><ent r="1" t="26" w="59" /><ent r="1" t="26" w="78" /><ent r="1" t="26" w="1559" /><ent r="1" t="26" w="1574" /><ent r="1" t="26" w="1629" /><ent r="1" t="30" w="158" /><ent r="1" t="31" w="83" /><ent r="1" t="31" w="363" /><ent r="1" t="31" w="491" /><ent r="1" t="32" w="189" /><ent r="1" t="32" w="226" /><ent r="1" t="33" w="120" /><ent r="1" t="33" w="167" /><ent r="1" t="33" w="179" /><ent r="1" t="34" w="227" /><ent r="1" t="34" w="309" /><ent r="1" t="35" w="103" /><ent r="1" t="35" w="118" /><ent r="1" t="40" w="1051" /><ent r="1" t="40" w="2053" /><ent r="1" t="52" w="1550" /><ent r="1" t="52" w="1580" /><ent r="1" t="56" w="245" /></phr></stem><stem n="obfusc"><phr n="obfuscated"><ent r="1" t="7" w="378" /><ent r="1" t="7" w="426" /><ent r="1" t="17" w="665" /><ent r="1" t="26" w="422" /></phr></stem><stem n="folder"><phr n="folder"><ent r="1" t="7" w="383" /><ent r="1" t="52" w="1627" /></phr><phr n="folders"><ent r="1" t="52" w="1623" /><ent r="1" t="52" w="1662" /></phr></stem><stem n="repeat"><phr n="Repeat"><ent r="1" t="7" w="384" /><ent r="1" t="13" w="315" /><ent r="1" t="52" w="1581" /></phr><phr n="repeat"><ent r="1" t="12" w="196" /><ent r="1" t="17" w="1414" /><ent r="1" t="17" w="1446" /><ent r="1" t="40" w="863" /><ent r="1" t="62" w="191" /></phr><phr n="Repeating"><ent r="1" t="40" w="879" /></phr></stem><stem n="implic"><phr n="implications"><ent r="1" t="7" w="416" /><ent r="1" t="17" w="655" /><ent r="1" t="26" w="412" /></phr></stem><stem n="ssg"><phr n="ssgs"><ent r="1" t="7" w="430" /><ent r="51" t="17" w="670" /><ent r="51" t="26" w="427" /></phr><phr n="ssg"><ent r="1" t="28" w="459" /><ent r="1" t="28" w="472" /><ent r="1" t="62" w="246" /><ent r="51" t="62" w="316" /></phr></stem><stem n=".xml"><phr n=".xml"><ent r="1" t="7" w="431" /><ent r="51" t="17" w="671" /><ent r="51" t="26" w="428" /></phr></stem><stem n="ssgs.xml"><phr n="ssgs.xml"><ent r="1" t="7" w="431" /><ent r="1" t="7" w="430" /><ent r="51" t="17" w="671" /><ent r="51" t="17" w="670" /><ent r="51" t="26" w="428" /><ent r="51" t="26" w="427" /></phr></stem><stem n=".l7tech"><phr n=".l7tech"><ent r="1" t="7" w="436" /><ent r="51" t="17" w="678" /><ent r="51" t="26" w="435" /><ent r="1" t="40" w="1794" /></phr></stem><stem n="l7tech"><phr n="l7tech"><ent r="1" t="7" w="436" /><ent r="51" t="12" w="336" /><ent r="51" t="12" w="384" /><ent r="51" t="12" w="393" /><ent r="51" t="17" w="678" /><ent r="1" t="22" w="349" /><ent r="1" t="22" w="442" /><ent r="51" t="26" w="435" /><ent r="1" t="40" w="900" /><ent r="1" t="40" w="1746" /><ent r="1" t="40" w="1794" /><ent r="51" t="44" w="120" /><ent r="51" t="44" w="126" /><ent r="1" t="60" w="60" /><ent r="1" t="60" w="77" /><ent r="51" t="60" w="112" /><ent r="1" t="60" w="239" /><ent r="1" t="60" w="245" /><ent r="1" t="60" w="292" /><ent r="51" t="60" w="321" /><ent r="1" t="60" w="567" /><ent r="51" t="60" w="596" /></phr></stem><stem n="attack"><phr n="attacker"><ent r="1" t="7" w="439" /><ent r="1" t="17" w="682" /><ent r="1" t="26" w="439" /></phr></stem><stem n="gain"><phr n="gain"><ent r="1" t="7" w="442" /><ent r="1" t="17" w="695" /><ent r="1" t="26" w="452" /><ent r="1" t="51" w="289" /></phr></stem><stem n="recov"><phr n="recover"><ent r="1" t="7" w="451" /></phr></stem><stem n="signific"><phr n="significant"><ent r="1" t="7" w="458" /><ent r="1" t="40" w="886" /></phr></stem><stem n="risk"><phr n="risk"><ent r="1" t="7" w="459" /><ent r="1" t="40" w="888" /></phr></stem><stem n="strongli"><phr n="strongly"><ent r="1" t="7" w="474" /><ent r="1" t="17" w="715" /><ent r="1" t="26" w="472" /><ent r="1" t="38" w="468" /></phr></stem><stem n="recommend"><phr n="recommended"><ent r="1" t="7" w="475" /><ent r="1" t="17" w="716" /><ent r="1" t="26" w="473" /><ent r="1" t="31" w="670" /><ent r="1" t="38" w="469" /><ent r="1" t="44" w="64" /></phr></stem><stem n=":start"><phr n=":starting"><ent r="100" t="7" w="491" /><ent r="100" t="8" w="235" /></phr></stem><stem n="instanc"><phr n="instances"><ent r="1" t="7" w="514" /></phr></stem><stem n="./client.sh"><phr n="./Client.sh"><ent r="1" t="7" w="544" /></phr></stem><stem n="–bd"><phr n="–bd"><ent r="1" t="7" w="545" /></phr></stem><stem n="bd"><phr n="bd"><ent r="1" t="7" w="545" /></phr></stem><stem n="reboot"><phr n="rebooted"><ent r="1" t="7" w="570" /></phr></stem><stem n=":termin"><phr n=":terminating"><ent r="100" t="7" w="574" /><ent r="100" t="8" w="340" /></phr></stem><stem n="stop"><phr n="stopped"><ent r="1" t="7" w="584" /></phr><phr n="Stop"><ent r="51" t="8" w="409" /></phr><phr n="stops"><ent r="1" t="17" w="1835" /><ent r="1" t="19" w="453" /><ent r="1" t="20" w="655" /><ent r="1" t="21" w="706" /><ent r="1" t="26" w="1307" /></phr></stem><stem n="ps"><phr n="ps"><ent r="51" t="7" w="607" /><ent r="51" t="7" w="635" /></phr></stem><stem n="command"><phr n="command"><ent r="1" t="7" w="609" /><ent r="1" t="7" w="639" /><ent r="1" t="7" w="658" /><ent r="1" t="7" w="698" /><ent r="1" t="10" w="266" /><ent r="1" t="10" w="277" /><ent r="1" t="10" w="314" /></phr><phr n="Command"><ent r="90" t="10" w="250" /><ent r="51" t="10" w="360" /></phr><phr n="commands"><ent r="1" t="10" w="293" /><ent r="1" t="10" w="329" /><ent r="1" t="10" w="349" /><ent r="1" t="10" w="356" /></phr></stem><stem n="id"><phr n="ID"><ent r="1" t="7" w="616" /><ent r="1" t="7" w="645" /><ent r="1" t="28" w="1209" /><ent r="1" t="41" w="350" /><ent r="1" t="41" w="420" /><ent r="1" t="47" w="421" /><ent r="1" t="55" w="191" /><ent r="1" t="55" w="262" /></phr><phr n="Id"><ent r="1" t="22" w="466" /></phr></stem><stem n="pid"><phr n="PID"><ent r="1" t="7" w="617" /><ent r="1" t="7" w="662" /><ent r="1" t="7" w="666" /></phr></stem><stem n="(pid)"><phr n="(PID)"><ent r="1" t="7" w="618" /></phr></stem><stem n="-axuf|grep"><phr n="-axuf|grep"><ent r="51" t="7" w="636" /><ent r="51" t="7" w="636" /></phr></stem><stem n="axuf|grep"><phr n="axuf|grep"><ent r="51" t="7" w="636" /></phr></stem><stem n="find"><phr n="find"><ent r="1" t="7" w="641" /><ent r="1" t="12" w="367" /></phr></stem><stem n="kill"><phr n="kill"><ent r="51" t="7" w="655" /><ent r="1" t="7" w="663" /></phr><phr n="killed"><ent r="1" t="7" w="690" /></phr></stem><stem n="-9"><phr n="-9"><ent r="51" t="7" w="656" /><ent r="51" t="7" w="656" /><ent r="1" t="7" w="664" /><ent r="1" t="7" w="664" /><ent r="51" t="7" w="695" /><ent r="51" t="7" w="695" /></phr></stem><stem n="9"><phr n="9"><ent r="51" t="7" w="656" /><ent r="1" t="7" w="664" /><ent r="51" t="7" w="695" /><ent r="1" t="17" w="286" /><ent r="51" t="47" w="527" /></phr></stem><stem n="(&quot;kill"><phr n="(&quot;kill"><ent r="1" t="7" w="663" /></phr></stem><stem n="&lt;"><phr n="&lt;"><ent r="1" t="7" w="665" /><ent r="1" t="38" w="569" /><ent r="1" t="38" w="603" /><ent r="1" t="38" w="607" /></phr></stem><stem n="&quot;)"><phr n="&quot;)"><ent r="1" t="7" w="668" /><ent r="1" t="52" w="1011" /></phr></stem><stem n="java"><phr n="Java"><ent r="1" t="7" w="679" /><ent r="1" t="7" w="702" /><ent r="1" t="17" w="2103" /><ent r="1" t="19" w="721" /><ent r="1" t="20" w="925" /><ent r="1" t="21" w="978" /><ent r="1" t="26" w="1491" /></phr><phr n="java"><ent r="51" t="7" w="696" /><ent r="1" t="60" w="237" /><ent r="1" t="60" w="481" /><ent r="1" t="60" w="485" /><ent r="51" t="60" w="493" /><ent r="51" t="60" w="500" /><ent r="51" t="60" w="507" /><ent r="51" t="60" w="512" /><ent r="51" t="60" w="517" /><ent r="51" t="60" w="524" /><ent r="51" t="60" w="529" /></phr></stem><stem n="killal"><phr n="killall"><ent r="51" t="7" w="694" /></phr></stem><stem n=":servic"><phr n=":service"><ent r="100" t="8" w="16" /></phr></stem><stem n=":configur"><phr n=":configuring"><ent r="100" t="8" w="136" /><ent r="100" t="38" w="13" /><ent r="100" t="52" w="10" /><ent r="100" t="53" w="10" /><ent r="100" t="53" w="24" /><ent r="100" t="54" w="17" /></phr><phr n=":configure"><ent r="100" t="23" w="410" /><ent r="100" t="24" w="621" /><ent r="100" t="24" w="841" /></phr></stem><stem n="config"><phr n="Config"><ent r="51" t="8" w="201" /></phr><phr n="config"><ent r="51" t="10" w="344" /><ent r="1" t="60" w="95" /></phr></stem><stem n="detail"><phr n="detailed"><ent r="1" t="8" w="212" /><ent r="1" t="38" w="120" /><ent r="1" t="42" w="128" /><ent r="1" t="44" w="92" /><ent r="1" t="49" w="218" /><ent r="1" t="50" w="363" /><ent r="1" t="51" w="493" /><ent r="1" t="60" w="269" /></phr><phr n="details"><ent r="1" t="12" w="302" /><ent r="1" t="24" w="655" /><ent r="1" t="28" w="690" /><ent r="1" t="34" w="293" /><ent r="1" t="36" w="425" /><ent r="1" t="43" w="340" /><ent r="1" t="46" w="304" /><ent r="1" t="47" w="104" /><ent r="1" t="48" w="123" /><ent r="1" t="50" w="261" /><ent r="1" t="59" w="83" /></phr><phr n="Detailed"><ent r="1" t="60" w="123" /></phr></stem><stem n="6"><phr n="6"><ent r="1" t="8" w="222" /><ent r="51" t="10" w="370" /><ent r="1" t="17" w="336" /><ent r="1" t="17" w="917" /><ent r="1" t="26" w="687" /><ent r="51" t="47" w="306" /><ent r="51" t="48" w="495" /><ent r="1" t="48" w="833" /></phr></stem><stem n="boot"><phr n="boots"><ent r="1" t="8" w="260" /></phr></stem><stem n="-click"><phr n="-click"><ent r="1" t="8" w="272" /><ent r="1" t="8" w="272" /><ent r="1" t="8" w="354" /><ent r="1" t="8" w="354" /><ent r="1" t="52" w="1633" /><ent r="1" t="52" w="1633" /></phr><phr n="-clicking"><ent r="1" t="52" w="1568" /><ent r="1" t="52" w="1568" /></phr></stem><stem n="right-click"><phr n="Right-click"><ent r="1" t="8" w="272" /><ent r="1" t="8" w="354" /></phr><phr n="right-click"><ent r="1" t="52" w="1633" /></phr></stem><stem n="my"><phr n="My"><ent r="51" t="8" w="276" /><ent r="51" t="8" w="358" /></phr></stem><stem n="comput"><phr n="Computer"><ent r="51" t="8" w="277" /><ent r="1" t="8" w="286" /><ent r="51" t="8" w="359" /><ent r="1" t="8" w="368" /></phr></stem><stem n="pane"><phr n="pane"><ent r="1" t="8" w="294" /><ent r="1" t="8" w="316" /><ent r="1" t="8" w="376" /><ent r="1" t="8" w="398" /><ent r="1" t="43" w="363" /></phr></stem><stem n="expand"><phr n="expand"><ent r="1" t="8" w="295" /><ent r="1" t="8" w="377" /></phr></stem><stem n="&quot;."><phr n="&quot;."><ent r="1" t="8" w="331" /><ent r="1" t="8" w="413" /><ent r="1" t="26" w="1705" /><ent r="1" t="31" w="486" /><ent r="1" t="43" w="367" /><ent r="51" t="56" w="229" /></phr></stem><stem n="momentarili"><phr n="momentarily"><ent r="1" t="8" w="336" /></phr></stem><stem n=":account"><phr n=":accounts"><ent r="100" t="9" w="16" /></phr></stem><stem n="act"><phr n="acts"><ent r="1" t="9" w="32" /><ent r="1" t="38" w="31" /><ent r="1" t="45" w="557" /></phr><phr n="act"><ent r="1" t="16" w="188" /><ent r="1" t="37" w="34" /></phr></stem><stem n="establish"><phr n="establishing"><ent r="1" t="9" w="38" /><ent r="1" t="40" w="341" /></phr><phr n="established"><ent r="1" t="9" w="252" /><ent r="1" t="9" w="272" /><ent r="1" t="16" w="34" /><ent r="1" t="16" w="104" /><ent r="1" t="18" w="44" /><ent r="1" t="18" w="80" /><ent r="1" t="40" w="258" /><ent r="1" t="40" w="1092" /><ent r="1" t="53" w="170" /></phr><phr n="establish"><ent r="1" t="16" w="90" /><ent r="1" t="27" w="280" /><ent r="1" t="28" w="942" /><ent r="1" t="28" w="969" /><ent r="1" t="39" w="40" /><ent r="1" t="40" w="115" /><ent r="1" t="40" w="968" /><ent r="1" t="40" w="1468" /><ent r="1" t="40" w="1565" /><ent r="1" t="40" w="1877" /><ent r="1" t="40" w="1974" /></phr><phr n="Established"><ent r="1" t="21" w="434" /></phr><phr n="establishes"><ent r="1" t="45" w="525" /></phr></stem><stem n="pki"><phr n="PKI"><ent r="1" t="9" w="40" /><ent r="1" t="40" w="303" /><ent r="1" t="41" w="191" /></phr></stem><stem n="pki-bas"><phr n="PKI-based"><ent r="1" t="9" w="40" /></phr></stem><stem n="relationship"><phr n="relationship"><ent r="1" t="9" w="43" /><ent r="1" t="9" w="57" /><ent r="1" t="17" w="403" /><ent r="1" t="26" w="155" /><ent r="1" t="45" w="530" /><ent r="1" t="52" w="1005" /><ent r="1" t="53" w="175" /></phr></stem><stem n="known"><phr n="Known"><ent r="1" t="9" w="50" /></phr><phr n="known"><ent r="1" t="38" w="867" /><ent r="1" t="45" w="506" /></phr></stem><stem n=",”"><phr n=",”"><ent r="1" t="9" w="55" /></phr></stem><stem n="combin"><phr n="combines"><ent r="1" t="9" w="68" /><ent r="1" t="24" w="385" /></phr><phr n="combination"><ent r="1" t="28" w="157" /><ent r="1" t="28" w="605" /><ent r="1" t="32" w="42" /><ent r="1" t="40" w="1240" /><ent r="1" t="40" w="1554" /><ent r="1" t="49" w="147" /></phr></stem><stem n="singl"><phr n="single"><ent r="1" t="9" w="74" /><ent r="1" t="9" w="87" /><ent r="1" t="9" w="100" /><ent r="1" t="9" w="117" /><ent r="1" t="31" w="613" /><ent r="1" t="33" w="30" /><ent r="1" t="33" w="49" /><ent r="1" t="33" w="153" /><ent r="1" t="40" w="1224" /><ent r="1" t="40" w="1231" /><ent r="1" t="46" w="212" /><ent r="1" t="52" w="1543" /><ent r="1" t="55" w="383" /></phr></stem><stem n="furthermor"><phr n="Furthermore"><ent r="1" t="9" w="98" /></phr></stem><stem n="—each"><phr n="—each"><ent r="1" t="9" w="111" /></phr></stem><stem n="—for"><phr n="—for"><ent r="1" t="9" w="115" /><ent r="1" t="40" w="653" /></phr></stem><stem n="jsp"><phr n="JSP"><ent r="1" t="9" w="133" /><ent r="1" t="9" w="141" /></phr></stem><stem n="ii"><phr n="IIS"><ent r="1" t="9" w="137" /></phr></stem><stem n="could"><phr n="could"><ent r="1" t="9" w="143" /><ent r="1" t="9" w="158" /><ent r="1" t="9" w="171" /><ent r="1" t="9" w="184" /><ent r="1" t="38" w="55" /></phr></stem><stem n="wai"><phr n="ways"><ent r="1" t="9" w="151" /><ent r="1" t="28" w="44" /><ent r="1" t="54" w="36" /></phr><phr n="way"><ent r="1" t="9" w="202" /><ent r="1" t="40" w="740" /></phr></stem><stem n="certain"><phr n="certain"><ent r="1" t="9" w="155" /></phr></stem></index>