<?xml version="1.0" encoding="utf-8"?><index><stem n="roduct"><phr n="product"><ent r="3" t="1" w="18" /><ent r="3" t="1" w="18" /><ent r="3" t="1" w="99" /><ent r="3" t="1" w="99" /><ent r="3" t="1" w="304" /><ent r="3" t="1" w="304" /><ent r="3" t="2" w="250" /><ent r="3" t="2" w="250" /><ent r="3" t="2" w="254" /><ent r="3" t="2" w="254" /></phr><phr n="products"><ent r="3" t="1" w="25" /><ent r="3" t="1" w="234" /><ent r="3" t="1" w="243" /><ent r="3" t="3" w="59" /><ent r="3" t="9" w="378" /><ent r="3" t="48" w="494" /><ent r="3" t="48" w="494" /><ent r="3" t="48" w="619" /><ent r="3" t="48" w="619" /><ent r="3" t="61" w="43" /></phr><phr n="Product"><ent r="4" t="1" w="248" /><ent r="4" t="1" w="248" /></phr><phr n="listProducts"><ent r="3" t="40" w="611" /><ent r="4" t="40" w="898" /></phr><phr n="&lt;listProducts"><ent r="3" t="40" w="643" /><ent r="3" t="40" w="643" /></phr><phr n="Products"><ent r="92" t="48" w="486" /><ent r="92" t="48" w="486" /></phr></stem><stem n="line"><phr n="line"><ent r="3" t="1" w="19" /><ent r="3" t="1" w="19" /><ent r="3" t="10" w="275" /><ent r="3" t="10" w="286" /><ent r="3" t="10" w="286" /><ent r="3" t="10" w="328" /><ent r="3" t="37" w="566" /><ent r="3" t="37" w="566" /><ent r="3" t="37" w="571" /><ent r="3" t="37" w="571" /><ent r="7" t="62" w="44" /><ent r="3" t="62" w="698" /><ent r="3" t="62" w="698" /><ent r="4" t="63" w="108" /><ent r="4" t="64" w="98" /><ent r="4" t="65" w="181" /><ent r="4" t="65" w="181" /></phr><phr n="Online"><ent r="100" t="2" w="19" /><ent r="100" t="2" w="19" /><ent r="3" t="2" w="294" /><ent r="3" t="2" w="294" /><ent r="5" t="2" w="308" /><ent r="5" t="2" w="308" /></phr><phr n="online"><ent r="3" t="2" w="23" /><ent r="3" t="2" w="23" /><ent r="3" t="2" w="75" /><ent r="3" t="2" w="75" /><ent r="3" t="2" w="115" /><ent r="3" t="2" w="115" /><ent r="3" t="2" w="205" /><ent r="3" t="2" w="205" /><ent r="6" t="4" w="328" /><ent r="6" t="4" w="328" /><ent r="8" t="55" w="1261" /><ent r="8" t="55" w="1261" /></phr><phr n="underlined"><ent r="3" t="4" w="112" /></phr><phr n="Line"><ent r="82" t="10" w="257" /><ent r="82" t="10" w="257" /><ent r="5" t="10" w="377" /><ent r="5" t="10" w="377" /></phr><phr n="outlined"><ent r="3" t="13" w="331" /><ent r="3" t="13" w="331" /><ent r="4" t="15" w="149" /><ent r="4" t="15" w="149" /><ent r="4" t="15" w="164" /><ent r="4" t="15" w="164" /><ent r="3" t="18" w="472" /><ent r="3" t="18" w="472" /><ent r="3" t="27" w="194" /><ent r="3" t="27" w="194" /><ent r="4" t="32" w="378" /><ent r="4" t="32" w="378" /><ent r="3" t="42" w="2181" /><ent r="3" t="42" w="2181" /><ent r="3" t="53" w="253" /><ent r="3" t="53" w="253" /><ent r="3" t="55" w="312" /><ent r="3" t="55" w="312" /><ent r="6" t="55" w="589" /><ent r="6" t="55" w="589" /><ent r="4" t="55" w="1408" /><ent r="4" t="55" w="1408" /><ent r="4" t="55" w="1740" /><ent r="4" t="55" w="1740" /></phr><phr n="outlines"><ent r="3" t="42" w="62" /><ent r="3" t="42" w="62" /></phr><phr n="declined"><ent r="4" t="47" w="438" /></phr></stem><stem n="compos"><phr n="composed"><ent r="3" t="1" w="21" /><ent r="3" t="1" w="21" /></phr></stem><stem n="comp"><phr n="composed"><ent r="3" t="1" w="21" /><ent r="3" t="1" w="21" /></phr><phr n="compliance"><ent r="3" t="1" w="58" /><ent r="3" t="1" w="58" /></phr><phr n="comprehensive"><ent r="3" t="2" w="35" /><ent r="3" t="2" w="35" /></phr><phr n="company"><ent r="3" t="3" w="234" /><ent r="3" t="3" w="234" /></phr><phr n="complex"><ent r="3" t="4" w="183" /><ent r="3" t="4" w="183" /></phr><phr n="complete"><ent r="3" t="4" w="197" /><ent r="3" t="4" w="197" /><ent r="6" t="4" w="284" /><ent r="6" t="4" w="284" /><ent r="4" t="10" w="368" /><ent r="4" t="10" w="368" /><ent r="4" t="18" w="233" /><ent r="4" t="18" w="233" /><ent r="4" t="27" w="129" /><ent r="4" t="27" w="129" /><ent r="8" t="33" w="288" /><ent r="8" t="33" w="288" /><ent r="8" t="33" w="348" /><ent r="8" t="33" w="348" /><ent r="4" t="38" w="214" /><ent r="4" t="38" w="214" /><ent r="6" t="45" w="406" /><ent r="6" t="45" w="406" /><ent r="3" t="51" w="50" /><ent r="3" t="51" w="50" /><ent r="4" t="55" w="377" /><ent r="4" t="55" w="377" /><ent r="8" t="55" w="750" /><ent r="8" t="55" w="750" /></phr><phr n="Computer"><ent r="5" t="8" w="289" /><ent r="5" t="8" w="289" /><ent r="4" t="8" w="298" /><ent r="4" t="8" w="298" /><ent r="5" t="8" w="377" /><ent r="5" t="8" w="377" /><ent r="4" t="8" w="386" /><ent r="4" t="8" w="386" /></phr><phr n="compress"><ent r="100" t="18" w="2045" /><ent r="100" t="18" w="2045" /><ent r="6" t="18" w="2087" /><ent r="6" t="18" w="2087" /><ent r="100" t="39" w="16" /><ent r="100" t="39" w="16" /><ent r="3" t="39" w="29" /><ent r="3" t="39" w="29" /></phr><phr n="Compression"><ent r="100" t="18" w="2047" /><ent r="100" t="18" w="2047" /><ent r="1000" t="39" w="2" /><ent r="1000" t="39" w="2" /><ent r="100" t="39" w="5" /><ent r="100" t="39" w="5" /><ent r="100" t="39" w="13" /><ent r="100" t="39" w="13" /><ent r="102" t="39" w="19" /><ent r="102" t="39" w="19" /><ent r="82" t="39" w="109" /><ent r="82" t="39" w="109" /></phr><phr n="Compress"><ent r="7" t="18" w="2049" /><ent r="7" t="18" w="2049" /><ent r="7" t="18" w="2109" /><ent r="7" t="18" w="2109" /><ent r="7" t="18" w="2119" /><ent r="7" t="18" w="2119" /><ent r="4" t="39" w="131" /><ent r="4" t="39" w="131" /></phr><phr n="compressed"><ent r="6" t="18" w="2073" /><ent r="6" t="18" w="2073" /><ent r="6" t="18" w="2104" /><ent r="6" t="18" w="2104" /><ent r="3" t="39" w="87" /><ent r="65" t="45" w="124" /><ent r="65" t="45" w="124" /><ent r="4" t="45" w="153" /><ent r="4" t="45" w="153" /></phr><phr n="non-standards-compliant"><ent r="6" t="23" w="472" /><ent r="6" t="23" w="472" /></phr><phr n="standards-compliant"><ent r="6" t="23" w="473" /><ent r="6" t="23" w="488" /><ent r="6" t="23" w="488" /></phr><phr n="compliant"><ent r="6" t="23" w="474" /><ent r="6" t="23" w="489" /></phr><phr n="Complete"><ent r="4" t="24" w="512" /><ent r="4" t="24" w="512" /><ent r="4" t="55" w="1401" /><ent r="4" t="55" w="1401" /></phr><phr n="completed"><ent r="3" t="27" w="1572" /><ent r="3" t="27" w="1572" /><ent r="3" t="37" w="210" /><ent r="4" t="55" w="1712" /><ent r="3" t="60" w="91" /><ent r="3" t="60" w="91" /></phr><phr n="accompanies"><ent r="7" t="29" w="378" /><ent r="7" t="29" w="378" /></phr><phr n="compares"><ent r="4" t="32" w="545" /><ent r="4" t="32" w="545" /><ent r="4" t="32" w="612" /><ent r="4" t="32" w="612" /></phr><phr n="component"><ent r="3" t="37" w="418" /></phr><phr n="compression"><ent r="100" t="39" w="8" /><ent r="100" t="39" w="8" /><ent r="100" t="39" w="11" /><ent r="100" t="39" w="11" /><ent r="3" t="39" w="112" /><ent r="3" t="39" w="112" /></phr><phr n="Compressing"><ent r="3" t="39" w="39" /><ent r="3" t="39" w="39" /></phr><phr n="Compressed"><ent r="3" t="39" w="52" /><ent r="3" t="39" w="52" /></phr><phr n="decompress"><ent r="3" t="39" w="74" /><ent r="3" t="39" w="74" /><ent r="3" t="39" w="96" /><ent r="3" t="39" w="96" /></phr><phr n="uncompressed"><ent r="4" t="45" w="129" /><ent r="4" t="45" w="129" /></phr><phr n="complicates"><ent r="3" t="48" w="211" /><ent r="3" t="48" w="211" /></phr><phr n="compared"><ent r="4" t="51" w="1009" /><ent r="4" t="51" w="1009" /><ent r="4" t="51" w="1187" /><ent r="4" t="51" w="1187" /></phr><phr n="complication"><ent r="9" t="55" w="1119" /><ent r="9" t="55" w="1119" /></phr><phr n="compatible"><ent r="4" t="57" w="105" /><ent r="4" t="57" w="105" /><ent r="4" t="57" w="152" /><ent r="4" t="57" w="152" /><ent r="8" t="62" w="195" /><ent r="8" t="62" w="195" /></phr></stem><stem n="osed"><phr n="composed"><ent r="3" t="1" w="21" /><ent r="3" t="1" w="21" /></phr><phr n="exposed"><ent r="3" t="1" w="44" /><ent r="3" t="1" w="44" /><ent r="3" t="1" w="159" /><ent r="3" t="1" w="159" /><ent r="3" t="48" w="42" /><ent r="3" t="48" w="42" /></phr><phr n="closed"><ent r="3" t="7" w="579" /><ent r="6" t="18" w="692" /><ent r="6" t="27" w="417" /></phr></stem><stem n="ompo"><phr n="composed"><ent r="3" t="1" w="21" /><ent r="3" t="1" w="21" /></phr><phr n="component"><ent r="3" t="37" w="418" /></phr></stem><stem n="mpos"><phr n="composed"><ent r="3" t="1" w="21" /><ent r="3" t="1" w="21" /></phr></stem><stem n="pose"><phr n="composed"><ent r="3" t="1" w="21" /><ent r="3" t="1" w="21" /></phr><phr n="exposed"><ent r="3" t="1" w="44" /><ent r="3" t="1" w="44" /><ent r="3" t="1" w="159" /><ent r="3" t="1" w="159" /><ent r="3" t="48" w="42" /><ent r="3" t="48" w="42" /></phr><phr n="purposes"><ent r="3" t="15" w="51" /><ent r="3" t="46" w="81" /><ent r="3" t="70" w="106" /><ent r="3" t="70" w="106" /></phr><phr n="Purpose"><ent r="7" t="23" w="238" /><ent r="7" t="23" w="238" /></phr><phr n="pose"><ent r="3" t="42" w="911" /><ent r="3" t="42" w="911" /></phr><phr n="purpose"><ent r="3" t="52" w="149" /><ent r="3" t="52" w="149" /></phr></stem><stem n="compo"><phr n="composed"><ent r="3" t="1" w="21" /><ent r="3" t="1" w="21" /></phr><phr n="component"><ent r="3" t="37" w="418" /></phr></stem><stem n="ompos"><phr n="composed"><ent r="3" t="1" w="21" /><ent r="3" t="1" w="21" /></phr></stem><stem n="mpose"><phr n="composed"><ent r="3" t="1" w="21" /><ent r="3" t="1" w="21" /></phr></stem><stem n="posed"><phr n="composed"><ent r="3" t="1" w="21" /><ent r="3" t="1" w="21" /></phr><phr n="exposed"><ent r="3" t="1" w="44" /><ent r="3" t="1" w="44" /><ent r="3" t="1" w="159" /><ent r="3" t="1" w="159" /><ent r="3" t="48" w="42" /><ent r="3" t="48" w="42" /></phr></stem><stem n="ompose"><phr n="composed"><ent r="3" t="1" w="21" /><ent r="3" t="1" w="21" /></phr></stem><stem n="mposed"><phr n="composed"><ent r="3" t="1" w="21" /><ent r="3" t="1" w="21" /></phr></stem><stem n="compose"><phr n="composed"><ent r="3" t="1" w="21" /><ent r="3" t="1" w="21" /></phr></stem><stem n="omposed"><phr n="composed"><ent r="3" t="1" w="21" /><ent r="3" t="1" w="21" /></phr></stem><stem n="composed"><phr n="composed"><ent r="3" t="1" w="21" /><ent r="3" t="1" w="21" /></phr></stem><stem n="three"><phr n="three"><ent r="3" t="1" w="23" /><ent r="3" t="1" w="23" /><ent r="3" t="1" w="328" /><ent r="3" t="1" w="328" /><ent r="3" t="2" w="140" /><ent r="3" t="2" w="140" /><ent r="3" t="4" w="26" /><ent r="3" t="4" w="26" /><ent r="3" t="9" w="160" /><ent r="3" t="9" w="160" /><ent r="3" t="25" w="50" /><ent r="3" t="25" w="50" /><ent r="3" t="37" w="177" /><ent r="3" t="37" w="177" /><ent r="3" t="38" w="30" /><ent r="3" t="38" w="30" /><ent r="3" t="48" w="571" /><ent r="3" t="48" w="571" /></phr><phr n="Three"><ent r="3" t="40" w="856" /><ent r="3" t="40" w="856" /><ent r="8" t="55" w="1004" /><ent r="8" t="55" w="1004" /></phr></stem><stem n="thre"><phr n="three"><ent r="3" t="1" w="23" /><ent r="3" t="1" w="23" /><ent r="3" t="1" w="328" /><ent r="3" t="1" w="328" /><ent r="3" t="2" w="140" /><ent r="3" t="2" w="140" /><ent r="3" t="4" w="26" /><ent r="3" t="4" w="26" /><ent r="3" t="9" w="160" /><ent r="3" t="9" w="160" /><ent r="3" t="25" w="50" /><ent r="3" t="25" w="50" /><ent r="3" t="37" w="177" /><ent r="3" t="37" w="177" /><ent r="3" t="38" w="30" /><ent r="3" t="38" w="30" /><ent r="3" t="48" w="571" /><ent r="3" t="48" w="571" /></phr><phr n="Three"><ent r="3" t="40" w="856" /><ent r="3" t="40" w="856" /><ent r="8" t="55" w="1004" /><ent r="8" t="55" w="1004" /></phr></stem><stem n="hree"><phr n="three"><ent r="3" t="1" w="23" /><ent r="3" t="1" w="23" /><ent r="3" t="1" w="328" /><ent r="3" t="1" w="328" /><ent r="3" t="2" w="140" /><ent r="3" t="2" w="140" /><ent r="3" t="4" w="26" /><ent r="3" t="4" w="26" /><ent r="3" t="9" w="160" /><ent r="3" t="9" w="160" /><ent r="3" t="25" w="50" /><ent r="3" t="25" w="50" /><ent r="3" t="37" w="177" /><ent r="3" t="37" w="177" /><ent r="3" t="38" w="30" /><ent r="3" t="38" w="30" /><ent r="3" t="48" w="571" /><ent r="3" t="48" w="571" /></phr><phr n="Three"><ent r="3" t="40" w="856" /><ent r="3" t="40" w="856" /><ent r="8" t="55" w="1004" /><ent r="8" t="55" w="1004" /></phr></stem><stem n="interoper"><phr n="interoperable"><ent r="3" t="1" w="24" /><ent r="3" t="1" w="24" /></phr><phr n="interoperability"><ent r="7" t="62" w="486" /><ent r="7" t="62" w="486" /></phr></stem><stem n="rope"><phr n="interoperable"><ent r="3" t="1" w="24" /><ent r="3" t="1" w="24" /></phr><phr n="property"><ent r="3" t="4" w="161" /><ent r="3" t="4" w="161" /><ent r="4" t="23" w="133" /><ent r="4" t="23" w="160" /><ent r="4" t="23" w="170" /><ent r="7" t="62" w="260" /><ent r="7" t="62" w="260" /><ent r="7" t="62" w="319" /><ent r="7" t="62" w="319" /><ent r="3" t="62" w="694" /><ent r="3" t="62" w="694" /><ent r="3" t="62" w="706" /><ent r="3" t="62" w="706" /><ent r="4" t="64" w="75" /><ent r="4" t="64" w="75" /><ent r="4" t="64" w="93" /><ent r="4" t="64" w="93" /><ent r="4" t="65" w="146" /><ent r="4" t="65" w="146" /><ent r="4" t="65" w="177" /><ent r="4" t="65" w="177" /><ent r="4" t="66" w="171" /><ent r="4" t="66" w="171" /><ent r="4" t="66" w="205" /><ent r="4" t="66" w="205" /><ent r="4" t="67" w="181" /><ent r="4" t="67" w="181" /></phr><phr n="Properties"><ent r="6" t="7" w="340" /><ent r="6" t="7" w="340" /><ent r="6" t="7" w="349" /><ent r="6" t="7" w="349" /><ent r="5" t="7" w="357" /><ent r="5" t="7" w="357" /><ent r="5" t="11" w="51" /><ent r="5" t="11" w="51" /><ent r="5" t="11" w="65" /><ent r="5" t="11" w="65" /><ent r="4" t="11" w="75" /><ent r="4" t="11" w="75" /><ent r="4" t="15" w="115" /><ent r="4" t="15" w="115" /><ent r="5" t="16" w="242" /><ent r="5" t="16" w="242" /><ent r="5" t="16" w="256" /><ent r="5" t="16" w="256" /><ent r="4" t="16" w="265" /><ent r="4" t="16" w="265" /><ent r="3" t="16" w="296" /><ent r="3" t="16" w="296" /><ent r="3" t="16" w="330" /><ent r="3" t="16" w="330" /><ent r="4" t="18" w="84" /><ent r="4" t="18" w="84" /><ent r="4" t="18" w="2300" /><ent r="4" t="18" w="2300" /><ent r="64" t="18" w="2331" /><ent r="64" t="18" w="2331" /><ent r="4" t="18" w="2471" /><ent r="4" t="18" w="2471" /><ent r="4" t="20" w="136" /><ent r="4" t="20" w="136" /><ent r="4" t="20" w="148" /><ent r="4" t="20" w="148" /><ent r="4" t="20" w="754" /><ent r="4" t="20" w="754" /><ent r="64" t="20" w="785" /><ent r="64" t="20" w="785" /><ent r="4" t="20" w="925" /><ent r="4" t="20" w="925" /><ent r="4" t="21" w="155" /><ent r="4" t="21" w="155" /><ent r="4" t="21" w="167" /><ent r="4" t="21" w="167" /><ent r="4" t="21" w="955" /><ent r="4" t="21" w="955" /><ent r="64" t="21" w="986" /><ent r="64" t="21" w="986" /><ent r="4" t="21" w="1126" /><ent r="4" t="21" w="1126" /><ent r="4" t="22" w="126" /><ent r="4" t="22" w="126" /><ent r="4" t="22" w="138" /><ent r="4" t="22" w="138" /><ent r="4" t="22" w="1009" /><ent r="4" t="22" w="1009" /><ent r="64" t="22" w="1040" /><ent r="64" t="22" w="1040" /><ent r="4" t="22" w="1180" /><ent r="4" t="22" w="1180" /><ent r="1000" t="23" w="3" /><ent r="1000" t="23" w="3" /><ent r="100" t="23" w="10" /><ent r="100" t="23" w="10" /><ent r="100" t="23" w="15" /><ent r="102" t="23" w="27" /><ent r="102" t="23" w="27" /><ent r="4" t="23" w="106" /><ent r="4" t="23" w="106" /><ent r="5" t="23" w="116" /><ent r="5" t="23" w="116" /><ent r="92" t="23" w="218" /><ent r="92" t="23" w="218" /><ent r="4" t="24" w="509" /><ent r="4" t="24" w="509" /><ent r="4" t="27" w="92" /><ent r="4" t="27" w="92" /><ent r="4" t="27" w="1567" /><ent r="4" t="27" w="1567" /><ent r="4" t="27" w="1746" /><ent r="4" t="27" w="1746" /><ent r="64" t="28" w="217" /><ent r="64" t="28" w="217" /><ent r="3" t="29" w="240" /><ent r="3" t="29" w="240" /><ent r="3" t="29" w="245" /><ent r="3" t="29" w="245" /><ent r="5" t="31" w="161" /><ent r="5" t="31" w="161" /><ent r="4" t="31" w="166" /><ent r="4" t="31" w="166" /><ent r="5" t="32" w="84" /><ent r="5" t="32" w="84" /><ent r="4" t="32" w="89" /><ent r="4" t="32" w="89" /><ent r="5" t="33" w="192" /><ent r="5" t="33" w="192" /><ent r="4" t="33" w="197" /><ent r="4" t="33" w="197" /><ent r="5" t="34" w="127" /><ent r="5" t="34" w="127" /><ent r="4" t="34" w="132" /><ent r="4" t="34" w="132" /><ent r="5" t="35" w="193" /><ent r="5" t="35" w="193" /><ent r="5" t="35" w="207" /><ent r="5" t="35" w="207" /><ent r="4" t="35" w="218" /><ent r="4" t="35" w="218" /><ent r="5" t="36" w="70" /><ent r="5" t="36" w="70" /><ent r="5" t="36" w="84" /><ent r="5" t="36" w="84" /><ent r="4" t="36" w="95" /><ent r="4" t="36" w="95" /><ent r="3" t="42" w="456" /><ent r="3" t="42" w="456" /><ent r="5" t="42" w="1051" /><ent r="5" t="42" w="1051" /><ent r="5" t="42" w="1065" /><ent r="5" t="42" w="1065" /><ent r="4" t="42" w="1074" /><ent r="4" t="42" w="1074" /><ent r="5" t="42" w="2104" /><ent r="5" t="42" w="2104" /><ent r="5" t="42" w="2118" /><ent r="5" t="42" w="2118" /><ent r="4" t="42" w="2127" /><ent r="4" t="42" w="2127" /><ent r="3" t="42" w="2166" /><ent r="3" t="42" w="2166" /><ent r="7" t="43" w="158" /><ent r="7" t="43" w="158" /><ent r="8" t="51" w="476" /><ent r="8" t="51" w="476" /><ent r="3" t="51" w="819" /><ent r="3" t="51" w="819" /><ent r="1000" t="62" w="2" /><ent r="1000" t="62" w="2" /><ent r="100" t="62" w="5" /><ent r="100" t="62" w="5" /><ent r="102" t="62" w="8" /><ent r="102" t="62" w="8" /><ent r="100" t="63" w="11" /><ent r="65" t="63" w="98" /><ent r="65" t="63" w="98" /><ent r="100" t="64" w="9" /><ent r="65" t="64" w="88" /><ent r="100" t="65" w="9" /><ent r="65" t="65" w="161" /><ent r="65" t="65" w="161" /><ent r="100" t="66" w="6" /><ent r="65" t="66" w="182" /><ent r="65" t="66" w="182" /><ent r="65" t="66" w="250" /><ent r="65" t="66" w="250" /></phr><phr n="properties"><ent r="3" t="18" w="2311" /><ent r="3" t="18" w="2311" /><ent r="3" t="20" w="765" /><ent r="3" t="20" w="765" /><ent r="3" t="21" w="966" /><ent r="3" t="21" w="966" /><ent r="3" t="22" w="1020" /><ent r="3" t="22" w="1020" /><ent r="100" t="23" w="23" /><ent r="100" t="23" w="23" /><ent r="3" t="23" w="44" /><ent r="3" t="23" w="44" /><ent r="3" t="23" w="54" /><ent r="3" t="23" w="54" /><ent r="3" t="23" w="71" /><ent r="3" t="23" w="71" /><ent r="4" t="23" w="122" /><ent r="4" t="23" w="122" /><ent r="4" t="23" w="150" /><ent r="4" t="23" w="184" /><ent r="3" t="23" w="226" /><ent r="3" t="23" w="226" /><ent r="5" t="23" w="232" /><ent r="5" t="23" w="232" /><ent r="4" t="24" w="514" /><ent r="4" t="24" w="514" /><ent r="5" t="24" w="519" /><ent r="5" t="24" w="519" /><ent r="7" t="24" w="635" /><ent r="7" t="24" w="635" /><ent r="7" t="24" w="751" /><ent r="4" t="24" w="760" /><ent r="4" t="24" w="760" /><ent r="3" t="24" w="781" /><ent r="3" t="24" w="781" /><ent r="100" t="28" w="213" /><ent r="100" t="28" w="213" /><ent r="100" t="29" w="224" /><ent r="100" t="29" w="224" /><ent r="100" t="29" w="733" /><ent r="100" t="29" w="733" /><ent r="3" t="30" w="47" /><ent r="3" t="30" w="47" /><ent r="3" t="37" w="440" /><ent r="3" t="37" w="440" /><ent r="4" t="46" w="40" /><ent r="4" t="46" w="40" /><ent r="3" t="62" w="28" /><ent r="5" t="62" w="39" /><ent r="5" t="62" w="39" /><ent r="7" t="62" w="330" /><ent r="7" t="62" w="330" /><ent r="8" t="62" w="665" /><ent r="8" t="62" w="665" /><ent r="4" t="63" w="77" /><ent r="4" t="63" w="77" /><ent r="4" t="63" w="103" /><ent r="4" t="63" w="103" /><ent r="5" t="64" w="83" /><ent r="5" t="64" w="83" /><ent r="5" t="64" w="106" /><ent r="5" t="64" w="106" /><ent r="5" t="64" w="149" /><ent r="5" t="64" w="149" /><ent r="3" t="65" w="81" /><ent r="3" t="66" w="66" /><ent r="3" t="66" w="112" /><ent r="3" t="66" w="112" /><ent r="7" t="68" w="71" /></phr><phr n="Property"><ent r="7" t="23" w="236" /><ent r="7" t="23" w="236" /><ent r="7" t="62" w="41" /><ent r="7" t="62" w="41" /></phr><phr n="properly"><ent r="3" t="35" w="290" /><ent r="3" t="35" w="290" /><ent r="3" t="47" w="334" /></phr><phr n="interoperability"><ent r="7" t="62" w="486" /><ent r="7" t="62" w="486" /></phr><phr n="-Djava.util.logging.config.file=logging.properties"><ent r="5" t="64" w="83" /></phr></stem><stem n="rabl"><phr n="interoperable"><ent r="3" t="1" w="24" /><ent r="3" t="1" w="24" /></phr><phr n="User-configurable"><ent r="5" t="62" w="30" /><ent r="5" t="62" w="30" /></phr><phr n="configurable"><ent r="5" t="62" w="31" /></phr></stem><stem n="oper"><phr n="interoperable"><ent r="3" t="1" w="24" /><ent r="3" t="1" w="24" /></phr><phr n="property"><ent r="3" t="4" w="161" /><ent r="3" t="4" w="161" /><ent r="4" t="23" w="133" /><ent r="4" t="23" w="160" /><ent r="4" t="23" w="170" /><ent r="7" t="62" w="260" /><ent r="7" t="62" w="260" /><ent r="7" t="62" w="319" /><ent r="7" t="62" w="319" /><ent r="3" t="62" w="694" /><ent r="3" t="62" w="694" /><ent r="3" t="62" w="706" /><ent r="3" t="62" w="706" /><ent r="4" t="64" w="75" /><ent r="4" t="64" w="75" /><ent r="4" t="64" w="93" /><ent r="4" t="64" w="93" /><ent r="4" t="65" w="146" /><ent r="4" t="65" w="146" /><ent r="4" t="65" w="177" /><ent r="4" t="65" w="177" /><ent r="4" t="66" w="171" /><ent r="4" t="66" w="171" /><ent r="4" t="66" w="205" /><ent r="4" t="66" w="205" /><ent r="4" t="67" w="181" /><ent r="4" t="67" w="181" /></phr><phr n="Properties"><ent r="6" t="7" w="340" /><ent r="6" t="7" w="340" /><ent r="6" t="7" w="349" /><ent r="6" t="7" w="349" /><ent r="5" t="7" w="357" /><ent r="5" t="7" w="357" /><ent r="5" t="11" w="51" /><ent r="5" t="11" w="51" /><ent r="5" t="11" w="65" /><ent r="5" t="11" w="65" /><ent r="4" t="11" w="75" /><ent r="4" t="11" w="75" /><ent r="4" t="15" w="115" /><ent r="4" t="15" w="115" /><ent r="5" t="16" w="242" /><ent r="5" t="16" w="242" /><ent r="5" t="16" w="256" /><ent r="5" t="16" w="256" /><ent r="4" t="16" w="265" /><ent r="4" t="16" w="265" /><ent r="3" t="16" w="296" /><ent r="3" t="16" w="296" /><ent r="3" t="16" w="330" /><ent r="3" t="16" w="330" /><ent r="4" t="18" w="84" /><ent r="4" t="18" w="84" /><ent r="4" t="18" w="2300" /><ent r="4" t="18" w="2300" /><ent r="64" t="18" w="2331" /><ent r="64" t="18" w="2331" /><ent r="4" t="18" w="2471" /><ent r="4" t="18" w="2471" /><ent r="4" t="20" w="136" /><ent r="4" t="20" w="136" /><ent r="4" t="20" w="148" /><ent r="4" t="20" w="148" /><ent r="4" t="20" w="754" /><ent r="4" t="20" w="754" /><ent r="64" t="20" w="785" /><ent r="64" t="20" w="785" /><ent r="4" t="20" w="925" /><ent r="4" t="20" w="925" /><ent r="4" t="21" w="155" /><ent r="4" t="21" w="155" /><ent r="4" t="21" w="167" /><ent r="4" t="21" w="167" /><ent r="4" t="21" w="955" /><ent r="4" t="21" w="955" /><ent r="64" t="21" w="986" /><ent r="64" t="21" w="986" /><ent r="4" t="21" w="1126" /><ent r="4" t="21" w="1126" /><ent r="4" t="22" w="126" /><ent r="4" t="22" w="126" /><ent r="4" t="22" w="138" /><ent r="4" t="22" w="138" /><ent r="4" t="22" w="1009" /><ent r="4" t="22" w="1009" /><ent r="64" t="22" w="1040" /><ent r="64" t="22" w="1040" /><ent r="4" t="22" w="1180" /><ent r="4" t="22" w="1180" /><ent r="1000" t="23" w="3" /><ent r="1000" t="23" w="3" /><ent r="100" t="23" w="10" /><ent r="100" t="23" w="10" /><ent r="100" t="23" w="15" /><ent r="102" t="23" w="27" /><ent r="102" t="23" w="27" /><ent r="4" t="23" w="106" /><ent r="4" t="23" w="106" /><ent r="5" t="23" w="116" /><ent r="5" t="23" w="116" /><ent r="92" t="23" w="218" /><ent r="92" t="23" w="218" /><ent r="4" t="24" w="509" /><ent r="4" t="24" w="509" /><ent r="4" t="27" w="92" /><ent r="4" t="27" w="92" /><ent r="4" t="27" w="1567" /><ent r="4" t="27" w="1567" /><ent r="4" t="27" w="1746" /><ent r="4" t="27" w="1746" /><ent r="64" t="28" w="217" /><ent r="64" t="28" w="217" /><ent r="3" t="29" w="240" /><ent r="3" t="29" w="240" /><ent r="3" t="29" w="245" /><ent r="3" t="29" w="245" /><ent r="5" t="31" w="161" /><ent r="5" t="31" w="161" /><ent r="4" t="31" w="166" /><ent r="4" t="31" w="166" /><ent r="5" t="32" w="84" /><ent r="5" t="32" w="84" /><ent r="4" t="32" w="89" /><ent r="4" t="32" w="89" /><ent r="5" t="33" w="192" /><ent r="5" t="33" w="192" /><ent r="4" t="33" w="197" /><ent r="4" t="33" w="197" /><ent r="5" t="34" w="127" /><ent r="5" t="34" w="127" /><ent r="4" t="34" w="132" /><ent r="4" t="34" w="132" /><ent r="5" t="35" w="193" /><ent r="5" t="35" w="193" /><ent r="5" t="35" w="207" /><ent r="5" t="35" w="207" /><ent r="4" t="35" w="218" /><ent r="4" t="35" w="218" /><ent r="5" t="36" w="70" /><ent r="5" t="36" w="70" /><ent r="5" t="36" w="84" /><ent r="5" t="36" w="84" /><ent r="4" t="36" w="95" /><ent r="4" t="36" w="95" /><ent r="3" t="42" w="456" /><ent r="3" t="42" w="456" /><ent r="5" t="42" w="1051" /><ent r="5" t="42" w="1051" /><ent r="5" t="42" w="1065" /><ent r="5" t="42" w="1065" /><ent r="4" t="42" w="1074" /><ent r="4" t="42" w="1074" /><ent r="5" t="42" w="2104" /><ent r="5" t="42" w="2104" /><ent r="5" t="42" w="2118" /><ent r="5" t="42" w="2118" /><ent r="4" t="42" w="2127" /><ent r="4" t="42" w="2127" /><ent r="3" t="42" w="2166" /><ent r="3" t="42" w="2166" /><ent r="7" t="43" w="158" /><ent r="7" t="43" w="158" /><ent r="8" t="51" w="476" /><ent r="8" t="51" w="476" /><ent r="3" t="51" w="819" /><ent r="3" t="51" w="819" /><ent r="1000" t="62" w="2" /><ent r="1000" t="62" w="2" /><ent r="100" t="62" w="5" /><ent r="100" t="62" w="5" /><ent r="102" t="62" w="8" /><ent r="102" t="62" w="8" /><ent r="100" t="63" w="11" /><ent r="65" t="63" w="98" /><ent r="65" t="63" w="98" /><ent r="100" t="64" w="9" /><ent r="65" t="64" w="88" /><ent r="100" t="65" w="9" /><ent r="65" t="65" w="161" /><ent r="65" t="65" w="161" /><ent r="100" t="66" w="6" /><ent r="65" t="66" w="182" /><ent r="65" t="66" w="182" /><ent r="65" t="66" w="250" /><ent r="65" t="66" w="250" /></phr><phr n="properties"><ent r="3" t="18" w="2311" /><ent r="3" t="18" w="2311" /><ent r="3" t="20" w="765" /><ent r="3" t="20" w="765" /><ent r="3" t="21" w="966" /><ent r="3" t="21" w="966" /><ent r="3" t="22" w="1020" /><ent r="3" t="22" w="1020" /><ent r="100" t="23" w="23" /><ent r="100" t="23" w="23" /><ent r="3" t="23" w="44" /><ent r="3" t="23" w="44" /><ent r="3" t="23" w="54" /><ent r="3" t="23" w="54" /><ent r="3" t="23" w="71" /><ent r="3" t="23" w="71" /><ent r="4" t="23" w="122" /><ent r="4" t="23" w="122" /><ent r="4" t="23" w="150" /><ent r="4" t="23" w="184" /><ent r="3" t="23" w="226" /><ent r="3" t="23" w="226" /><ent r="5" t="23" w="232" /><ent r="5" t="23" w="232" /><ent r="4" t="24" w="514" /><ent r="4" t="24" w="514" /><ent r="5" t="24" w="519" /><ent r="5" t="24" w="519" /><ent r="7" t="24" w="635" /><ent r="7" t="24" w="635" /><ent r="7" t="24" w="751" /><ent r="4" t="24" w="760" /><ent r="4" t="24" w="760" /><ent r="3" t="24" w="781" /><ent r="3" t="24" w="781" /><ent r="100" t="28" w="213" /><ent r="100" t="28" w="213" /><ent r="100" t="29" w="224" /><ent r="100" t="29" w="224" /><ent r="100" t="29" w="733" /><ent r="100" t="29" w="733" /><ent r="3" t="30" w="47" /><ent r="3" t="30" w="47" /><ent r="3" t="37" w="440" /><ent r="3" t="37" w="440" /><ent r="4" t="46" w="40" /><ent r="4" t="46" w="40" /><ent r="3" t="62" w="28" /><ent r="5" t="62" w="39" /><ent r="5" t="62" w="39" /><ent r="7" t="62" w="330" /><ent r="7" t="62" w="330" /><ent r="8" t="62" w="665" /><ent r="8" t="62" w="665" /><ent r="4" t="63" w="77" /><ent r="4" t="63" w="77" /><ent r="4" t="63" w="103" /><ent r="4" t="63" w="103" /><ent r="5" t="64" w="83" /><ent r="5" t="64" w="83" /><ent r="5" t="64" w="106" /><ent r="5" t="64" w="106" /><ent r="5" t="64" w="149" /><ent r="5" t="64" w="149" /><ent r="3" t="65" w="81" /><ent r="3" t="66" w="66" /><ent r="3" t="66" w="112" /><ent r="3" t="66" w="112" /><ent r="7" t="68" w="71" /></phr><phr n="Property"><ent r="7" t="23" w="236" /><ent r="7" t="23" w="236" /><ent r="7" t="62" w="41" /><ent r="7" t="62" w="41" /></phr><phr n="properly"><ent r="3" t="35" w="290" /><ent r="3" t="35" w="290" /><ent r="3" t="47" w="334" /></phr><phr n="operation"><ent r="3" t="42" w="1922" /><ent r="3" t="42" w="1922" /><ent r="7" t="62" w="279" /></phr><phr n="operations"><ent r="7" t="43" w="190" /><ent r="7" t="43" w="190" /></phr><phr n="operating"><ent r="3" t="47" w="267" /><ent r="3" t="47" w="267" /></phr><phr n="interoperability"><ent r="7" t="62" w="486" /><ent r="7" t="62" w="486" /></phr><phr n="-Djava.util.logging.config.file=logging.properties"><ent r="5" t="64" w="83" /></phr></stem></index>