<?xml version="1.0" encoding="utf-8"?><index><stem n="dditi"><phr n="Additional"><ent r="3" t="1" w="112" /><ent r="3" t="1" w="112" /><ent r="4" t="18" w="2343" /><ent r="4" t="18" w="2343" /><ent r="64" t="18" w="2374" /><ent r="64" t="18" w="2374" /><ent r="4" t="20" w="770" /><ent r="4" t="20" w="770" /><ent r="64" t="20" w="801" /><ent r="64" t="20" w="801" /><ent r="4" t="21" w="971" /><ent r="4" t="21" w="971" /><ent r="64" t="21" w="1002" /><ent r="64" t="21" w="1002" /><ent r="4" t="22" w="1027" /><ent r="4" t="22" w="1027" /><ent r="64" t="22" w="1058" /><ent r="64" t="22" w="1058" /><ent r="1000" t="23" w="2" /><ent r="1000" t="23" w="2" /><ent r="100" t="23" w="9" /><ent r="100" t="23" w="9" /><ent r="102" t="23" w="26" /><ent r="102" t="23" w="26" /><ent r="5" t="23" w="115" /><ent r="5" t="23" w="115" /><ent r="92" t="23" w="217" /><ent r="92" t="23" w="217" /><ent r="4" t="27" w="1603" /><ent r="4" t="27" w="1603" /><ent r="8" t="51" w="502" /><ent r="8" t="51" w="502" /><ent r="3" t="51" w="859" /><ent r="3" t="51" w="859" /><ent r="3" t="51" w="917" /><ent r="3" t="51" w="917" /><ent r="3" t="51" w="1200" /><ent r="3" t="51" w="1200" /></phr><phr n="additional"><ent r="4" t="1" w="226" /><ent r="4" t="1" w="226" /><ent r="4" t="3" w="432" /><ent r="4" t="3" w="432" /><ent r="3" t="5" w="165" /><ent r="3" t="5" w="165" /><ent r="4" t="6" w="62" /><ent r="4" t="6" w="62" /><ent r="5" t="7" w="433" /><ent r="5" t="7" w="433" /><ent r="3" t="18" w="2480" /><ent r="3" t="18" w="2480" /><ent r="3" t="20" w="907" /><ent r="3" t="20" w="907" /><ent r="3" t="21" w="1108" /><ent r="3" t="21" w="1108" /><ent r="3" t="22" w="1164" /><ent r="3" t="22" w="1164" /><ent r="100" t="23" w="22" /><ent r="100" t="23" w="22" /><ent r="3" t="23" w="43" /><ent r="3" t="23" w="43" /><ent r="3" t="23" w="70" /><ent r="3" t="23" w="70" /><ent r="3" t="23" w="225" /><ent r="3" t="23" w="225" /><ent r="5" t="23" w="231" /><ent r="5" t="23" w="231" /><ent r="4" t="27" w="1552" /><ent r="4" t="27" w="1552" /><ent r="6" t="45" w="484" /><ent r="6" t="45" w="484" /><ent r="4" t="49" w="481" /><ent r="4" t="49" w="481" /><ent r="6" t="50" w="521" /><ent r="6" t="50" w="521" /><ent r="6" t="51" w="547" /><ent r="6" t="51" w="547" /><ent r="3" t="55" w="322" /><ent r="3" t="55" w="322" /><ent r="4" t="55" w="1631" /><ent r="4" t="55" w="1631" /><ent r="4" t="55" w="1738" /><ent r="4" t="55" w="1738" /></phr><phr n="Additionally"><ent r="3" t="2" w="193" /></phr></stem><stem n="ditio"><phr n="Additional"><ent r="3" t="1" w="112" /><ent r="3" t="1" w="112" /><ent r="4" t="18" w="2343" /><ent r="4" t="18" w="2343" /><ent r="64" t="18" w="2374" /><ent r="64" t="18" w="2374" /><ent r="4" t="20" w="770" /><ent r="4" t="20" w="770" /><ent r="64" t="20" w="801" /><ent r="64" t="20" w="801" /><ent r="4" t="21" w="971" /><ent r="4" t="21" w="971" /><ent r="64" t="21" w="1002" /><ent r="64" t="21" w="1002" /><ent r="4" t="22" w="1027" /><ent r="4" t="22" w="1027" /><ent r="64" t="22" w="1058" /><ent r="64" t="22" w="1058" /><ent r="1000" t="23" w="2" /><ent r="1000" t="23" w="2" /><ent r="100" t="23" w="9" /><ent r="100" t="23" w="9" /><ent r="102" t="23" w="26" /><ent r="102" t="23" w="26" /><ent r="5" t="23" w="115" /><ent r="5" t="23" w="115" /><ent r="92" t="23" w="217" /><ent r="92" t="23" w="217" /><ent r="4" t="27" w="1603" /><ent r="4" t="27" w="1603" /><ent r="8" t="51" w="502" /><ent r="8" t="51" w="502" /><ent r="3" t="51" w="859" /><ent r="3" t="51" w="859" /><ent r="3" t="51" w="917" /><ent r="3" t="51" w="917" /><ent r="3" t="51" w="1200" /><ent r="3" t="51" w="1200" /></phr><phr n="additional"><ent r="4" t="1" w="226" /><ent r="4" t="1" w="226" /><ent r="4" t="3" w="432" /><ent r="4" t="3" w="432" /><ent r="3" t="5" w="165" /><ent r="3" t="5" w="165" /><ent r="4" t="6" w="62" /><ent r="4" t="6" w="62" /><ent r="5" t="7" w="433" /><ent r="5" t="7" w="433" /><ent r="3" t="18" w="2480" /><ent r="3" t="18" w="2480" /><ent r="3" t="20" w="907" /><ent r="3" t="20" w="907" /><ent r="3" t="21" w="1108" /><ent r="3" t="21" w="1108" /><ent r="3" t="22" w="1164" /><ent r="3" t="22" w="1164" /><ent r="100" t="23" w="22" /><ent r="100" t="23" w="22" /><ent r="3" t="23" w="43" /><ent r="3" t="23" w="43" /><ent r="3" t="23" w="70" /><ent r="3" t="23" w="70" /><ent r="3" t="23" w="225" /><ent r="3" t="23" w="225" /><ent r="5" t="23" w="231" /><ent r="5" t="23" w="231" /><ent r="4" t="27" w="1552" /><ent r="4" t="27" w="1552" /><ent r="6" t="45" w="484" /><ent r="6" t="45" w="484" /><ent r="4" t="49" w="481" /><ent r="4" t="49" w="481" /><ent r="6" t="50" w="521" /><ent r="6" t="50" w="521" /><ent r="6" t="51" w="547" /><ent r="6" t="51" w="547" /><ent r="3" t="55" w="322" /><ent r="3" t="55" w="322" /><ent r="4" t="55" w="1631" /><ent r="4" t="55" w="1631" /><ent r="4" t="55" w="1738" /><ent r="4" t="55" w="1738" /></phr><phr n="Edition"><ent r="4" t="1" w="240" /></phr><phr n="Additionally"><ent r="3" t="2" w="193" /></phr><phr n="conditions"><ent r="8" t="55" w="1032" /><ent r="8" t="55" w="1032" /></phr></stem><stem n="ition"><phr n="Additional"><ent r="3" t="1" w="112" /><ent r="3" t="1" w="112" /><ent r="4" t="18" w="2343" /><ent r="4" t="18" w="2343" /><ent r="64" t="18" w="2374" /><ent r="64" t="18" w="2374" /><ent r="4" t="20" w="770" /><ent r="4" t="20" w="770" /><ent r="64" t="20" w="801" /><ent r="64" t="20" w="801" /><ent r="4" t="21" w="971" /><ent r="4" t="21" w="971" /><ent r="64" t="21" w="1002" /><ent r="64" t="21" w="1002" /><ent r="4" t="22" w="1027" /><ent r="4" t="22" w="1027" /><ent r="64" t="22" w="1058" /><ent r="64" t="22" w="1058" /><ent r="1000" t="23" w="2" /><ent r="1000" t="23" w="2" /><ent r="100" t="23" w="9" /><ent r="100" t="23" w="9" /><ent r="102" t="23" w="26" /><ent r="102" t="23" w="26" /><ent r="5" t="23" w="115" /><ent r="5" t="23" w="115" /><ent r="92" t="23" w="217" /><ent r="92" t="23" w="217" /><ent r="4" t="27" w="1603" /><ent r="4" t="27" w="1603" /><ent r="8" t="51" w="502" /><ent r="8" t="51" w="502" /><ent r="3" t="51" w="859" /><ent r="3" t="51" w="859" /><ent r="3" t="51" w="917" /><ent r="3" t="51" w="917" /><ent r="3" t="51" w="1200" /><ent r="3" t="51" w="1200" /></phr><phr n="additional"><ent r="4" t="1" w="226" /><ent r="4" t="1" w="226" /><ent r="4" t="3" w="432" /><ent r="4" t="3" w="432" /><ent r="3" t="5" w="165" /><ent r="3" t="5" w="165" /><ent r="4" t="6" w="62" /><ent r="4" t="6" w="62" /><ent r="5" t="7" w="433" /><ent r="5" t="7" w="433" /><ent r="3" t="18" w="2480" /><ent r="3" t="18" w="2480" /><ent r="3" t="20" w="907" /><ent r="3" t="20" w="907" /><ent r="3" t="21" w="1108" /><ent r="3" t="21" w="1108" /><ent r="3" t="22" w="1164" /><ent r="3" t="22" w="1164" /><ent r="100" t="23" w="22" /><ent r="100" t="23" w="22" /><ent r="3" t="23" w="43" /><ent r="3" t="23" w="43" /><ent r="3" t="23" w="70" /><ent r="3" t="23" w="70" /><ent r="3" t="23" w="225" /><ent r="3" t="23" w="225" /><ent r="5" t="23" w="231" /><ent r="5" t="23" w="231" /><ent r="4" t="27" w="1552" /><ent r="4" t="27" w="1552" /><ent r="6" t="45" w="484" /><ent r="6" t="45" w="484" /><ent r="4" t="49" w="481" /><ent r="4" t="49" w="481" /><ent r="6" t="50" w="521" /><ent r="6" t="50" w="521" /><ent r="6" t="51" w="547" /><ent r="6" t="51" w="547" /><ent r="3" t="55" w="322" /><ent r="3" t="55" w="322" /><ent r="4" t="55" w="1631" /><ent r="4" t="55" w="1631" /><ent r="4" t="55" w="1738" /><ent r="4" t="55" w="1738" /></phr><phr n="Edition"><ent r="4" t="1" w="240" /></phr><phr n="Additionally"><ent r="3" t="2" w="193" /></phr><phr n="acquisitions"><ent r="3" t="48" w="293" /><ent r="3" t="48" w="293" /></phr><phr n="conditions"><ent r="8" t="55" w="1032" /><ent r="8" t="55" w="1032" /></phr></stem><stem n="tiona"><phr n="Additional"><ent r="3" t="1" w="112" /><ent r="3" t="1" w="112" /><ent r="4" t="18" w="2343" /><ent r="4" t="18" w="2343" /><ent r="64" t="18" w="2374" /><ent r="64" t="18" w="2374" /><ent r="4" t="20" w="770" /><ent r="4" t="20" w="770" /><ent r="64" t="20" w="801" /><ent r="64" t="20" w="801" /><ent r="4" t="21" w="971" /><ent r="4" t="21" w="971" /><ent r="64" t="21" w="1002" /><ent r="64" t="21" w="1002" /><ent r="4" t="22" w="1027" /><ent r="4" t="22" w="1027" /><ent r="64" t="22" w="1058" /><ent r="64" t="22" w="1058" /><ent r="1000" t="23" w="2" /><ent r="1000" t="23" w="2" /><ent r="100" t="23" w="9" /><ent r="100" t="23" w="9" /><ent r="102" t="23" w="26" /><ent r="102" t="23" w="26" /><ent r="5" t="23" w="115" /><ent r="5" t="23" w="115" /><ent r="92" t="23" w="217" /><ent r="92" t="23" w="217" /><ent r="4" t="27" w="1603" /><ent r="4" t="27" w="1603" /><ent r="8" t="51" w="502" /><ent r="8" t="51" w="502" /><ent r="3" t="51" w="859" /><ent r="3" t="51" w="859" /><ent r="3" t="51" w="917" /><ent r="3" t="51" w="917" /><ent r="3" t="51" w="1200" /><ent r="3" t="51" w="1200" /></phr><phr n="additional"><ent r="4" t="1" w="226" /><ent r="4" t="1" w="226" /><ent r="4" t="3" w="432" /><ent r="4" t="3" w="432" /><ent r="3" t="5" w="165" /><ent r="3" t="5" w="165" /><ent r="4" t="6" w="62" /><ent r="4" t="6" w="62" /><ent r="5" t="7" w="433" /><ent r="5" t="7" w="433" /><ent r="3" t="18" w="2480" /><ent r="3" t="18" w="2480" /><ent r="3" t="20" w="907" /><ent r="3" t="20" w="907" /><ent r="3" t="21" w="1108" /><ent r="3" t="21" w="1108" /><ent r="3" t="22" w="1164" /><ent r="3" t="22" w="1164" /><ent r="100" t="23" w="22" /><ent r="100" t="23" w="22" /><ent r="3" t="23" w="43" /><ent r="3" t="23" w="43" /><ent r="3" t="23" w="70" /><ent r="3" t="23" w="70" /><ent r="3" t="23" w="225" /><ent r="3" t="23" w="225" /><ent r="5" t="23" w="231" /><ent r="5" t="23" w="231" /><ent r="4" t="27" w="1552" /><ent r="4" t="27" w="1552" /><ent r="6" t="45" w="484" /><ent r="6" t="45" w="484" /><ent r="4" t="49" w="481" /><ent r="4" t="49" w="481" /><ent r="6" t="50" w="521" /><ent r="6" t="50" w="521" /><ent r="6" t="51" w="547" /><ent r="6" t="51" w="547" /><ent r="3" t="55" w="322" /><ent r="3" t="55" w="322" /><ent r="4" t="55" w="1631" /><ent r="4" t="55" w="1631" /><ent r="4" t="55" w="1738" /><ent r="4" t="55" w="1738" /></phr><phr n="Additionally"><ent r="3" t="2" w="193" /></phr><phr n="functionality"><ent r="4" t="6" w="46" /><ent r="4" t="6" w="46" /></phr><phr n="optional"><ent r="3" t="17" w="176" /><ent r="3" t="17" w="176" /><ent r="4" t="23" w="124" /><ent r="6" t="25" w="152" /><ent r="6" t="25" w="162" /><ent r="6" t="25" w="360" /><ent r="6" t="25" w="478" /><ent r="6" t="25" w="530" /><ent r="3" t="52" w="164" /><ent r="3" t="52" w="164" /><ent r="3" t="53" w="250" /><ent r="3" t="53" w="250" /></phr><phr n="optionally"><ent r="3" t="18" w="197" /><ent r="3" t="18" w="197" /><ent r="7" t="18" w="1108" /><ent r="7" t="18" w="1108" /><ent r="3" t="18" w="2340" /><ent r="3" t="18" w="2340" /><ent r="4" t="20" w="251" /><ent r="4" t="20" w="251" /><ent r="3" t="20" w="767" /><ent r="3" t="20" w="767" /><ent r="3" t="21" w="451" /><ent r="3" t="21" w="451" /><ent r="3" t="21" w="968" /><ent r="3" t="21" w="968" /><ent r="3" t="22" w="1024" /><ent r="3" t="22" w="1024" /><ent r="3" t="23" w="41" /><ent r="3" t="23" w="41" /><ent r="7" t="27" w="863" /><ent r="7" t="27" w="863" /><ent r="4" t="49" w="598" /><ent r="4" t="49" w="598" /><ent r="8" t="55" w="874" /><ent r="8" t="55" w="874" /><ent r="8" t="55" w="1307" /><ent r="8" t="55" w="1307" /><ent r="7" t="58" w="289" /><ent r="7" t="58" w="289" /></phr><phr n="unintentionally"><ent r="3" t="18" w="2285" /><ent r="3" t="18" w="2285" /><ent r="3" t="20" w="712" /><ent r="3" t="20" w="712" /><ent r="3" t="21" w="913" /><ent r="3" t="21" w="913" /><ent r="3" t="22" w="969" /><ent r="3" t="22" w="969" /></phr><phr n="Optionally"><ent r="6" t="21" w="304" /><ent r="6" t="21" w="304" /><ent r="7" t="24" w="639" /><ent r="7" t="24" w="639" /></phr><phr n="functional"><ent r="3" t="48" w="112" /><ent r="3" t="48" w="112" /></phr><phr n="exceptional"><ent r="3" t="61" w="25" /><ent r="3" t="61" w="25" /></phr><phr n="informational"><ent r="3" t="62" w="37" /><ent r="3" t="62" w="37" /></phr><phr n="decryptionAlwaysSucceeds"><ent r="8" t="63" w="370" /><ent r="8" t="63" w="370" /></phr></stem><stem n="additi"><phr n="Additional"><ent r="3" t="1" w="112" /><ent r="3" t="1" w="112" /><ent r="4" t="18" w="2343" /><ent r="4" t="18" w="2343" /><ent r="64" t="18" w="2374" /><ent r="64" t="18" w="2374" /><ent r="4" t="20" w="770" /><ent r="4" t="20" w="770" /><ent r="64" t="20" w="801" /><ent r="64" t="20" w="801" /><ent r="4" t="21" w="971" /><ent r="4" t="21" w="971" /><ent r="64" t="21" w="1002" /><ent r="64" t="21" w="1002" /><ent r="4" t="22" w="1027" /><ent r="4" t="22" w="1027" /><ent r="64" t="22" w="1058" /><ent r="64" t="22" w="1058" /><ent r="1000" t="23" w="2" /><ent r="1000" t="23" w="2" /><ent r="100" t="23" w="9" /><ent r="100" t="23" w="9" /><ent r="102" t="23" w="26" /><ent r="102" t="23" w="26" /><ent r="5" t="23" w="115" /><ent r="5" t="23" w="115" /><ent r="92" t="23" w="217" /><ent r="92" t="23" w="217" /><ent r="4" t="27" w="1603" /><ent r="4" t="27" w="1603" /><ent r="8" t="51" w="502" /><ent r="8" t="51" w="502" /><ent r="3" t="51" w="859" /><ent r="3" t="51" w="859" /><ent r="3" t="51" w="917" /><ent r="3" t="51" w="917" /><ent r="3" t="51" w="1200" /><ent r="3" t="51" w="1200" /></phr><phr n="additional"><ent r="4" t="1" w="226" /><ent r="4" t="1" w="226" /><ent r="4" t="3" w="432" /><ent r="4" t="3" w="432" /><ent r="3" t="5" w="165" /><ent r="3" t="5" w="165" /><ent r="4" t="6" w="62" /><ent r="4" t="6" w="62" /><ent r="5" t="7" w="433" /><ent r="5" t="7" w="433" /><ent r="3" t="18" w="2480" /><ent r="3" t="18" w="2480" /><ent r="3" t="20" w="907" /><ent r="3" t="20" w="907" /><ent r="3" t="21" w="1108" /><ent r="3" t="21" w="1108" /><ent r="3" t="22" w="1164" /><ent r="3" t="22" w="1164" /><ent r="100" t="23" w="22" /><ent r="100" t="23" w="22" /><ent r="3" t="23" w="43" /><ent r="3" t="23" w="43" /><ent r="3" t="23" w="70" /><ent r="3" t="23" w="70" /><ent r="3" t="23" w="225" /><ent r="3" t="23" w="225" /><ent r="5" t="23" w="231" /><ent r="5" t="23" w="231" /><ent r="4" t="27" w="1552" /><ent r="4" t="27" w="1552" /><ent r="6" t="45" w="484" /><ent r="6" t="45" w="484" /><ent r="4" t="49" w="481" /><ent r="4" t="49" w="481" /><ent r="6" t="50" w="521" /><ent r="6" t="50" w="521" /><ent r="6" t="51" w="547" /><ent r="6" t="51" w="547" /><ent r="3" t="55" w="322" /><ent r="3" t="55" w="322" /><ent r="4" t="55" w="1631" /><ent r="4" t="55" w="1631" /><ent r="4" t="55" w="1738" /><ent r="4" t="55" w="1738" /></phr><phr n="Additionally"><ent r="3" t="2" w="193" /></phr></stem><stem n="dditio"><phr n="Additional"><ent r="3" t="1" w="112" /><ent r="3" t="1" w="112" /><ent r="4" t="18" w="2343" /><ent r="4" t="18" w="2343" /><ent r="64" t="18" w="2374" /><ent r="64" t="18" w="2374" /><ent r="4" t="20" w="770" /><ent r="4" t="20" w="770" /><ent r="64" t="20" w="801" /><ent r="64" t="20" w="801" /><ent r="4" t="21" w="971" /><ent r="4" t="21" w="971" /><ent r="64" t="21" w="1002" /><ent r="64" t="21" w="1002" /><ent r="4" t="22" w="1027" /><ent r="4" t="22" w="1027" /><ent r="64" t="22" w="1058" /><ent r="64" t="22" w="1058" /><ent r="1000" t="23" w="2" /><ent r="1000" t="23" w="2" /><ent r="100" t="23" w="9" /><ent r="100" t="23" w="9" /><ent r="102" t="23" w="26" /><ent r="102" t="23" w="26" /><ent r="5" t="23" w="115" /><ent r="5" t="23" w="115" /><ent r="92" t="23" w="217" /><ent r="92" t="23" w="217" /><ent r="4" t="27" w="1603" /><ent r="4" t="27" w="1603" /><ent r="8" t="51" w="502" /><ent r="8" t="51" w="502" /><ent r="3" t="51" w="859" /><ent r="3" t="51" w="859" /><ent r="3" t="51" w="917" /><ent r="3" t="51" w="917" /><ent r="3" t="51" w="1200" /><ent r="3" t="51" w="1200" /></phr><phr n="additional"><ent r="4" t="1" w="226" /><ent r="4" t="1" w="226" /><ent r="4" t="3" w="432" /><ent r="4" t="3" w="432" /><ent r="3" t="5" w="165" /><ent r="3" t="5" w="165" /><ent r="4" t="6" w="62" /><ent r="4" t="6" w="62" /><ent r="5" t="7" w="433" /><ent r="5" t="7" w="433" /><ent r="3" t="18" w="2480" /><ent r="3" t="18" w="2480" /><ent r="3" t="20" w="907" /><ent r="3" t="20" w="907" /><ent r="3" t="21" w="1108" /><ent r="3" t="21" w="1108" /><ent r="3" t="22" w="1164" /><ent r="3" t="22" w="1164" /><ent r="100" t="23" w="22" /><ent r="100" t="23" w="22" /><ent r="3" t="23" w="43" /><ent r="3" t="23" w="43" /><ent r="3" t="23" w="70" /><ent r="3" t="23" w="70" /><ent r="3" t="23" w="225" /><ent r="3" t="23" w="225" /><ent r="5" t="23" w="231" /><ent r="5" t="23" w="231" /><ent r="4" t="27" w="1552" /><ent r="4" t="27" w="1552" /><ent r="6" t="45" w="484" /><ent r="6" t="45" w="484" /><ent r="4" t="49" w="481" /><ent r="4" t="49" w="481" /><ent r="6" t="50" w="521" /><ent r="6" t="50" w="521" /><ent r="6" t="51" w="547" /><ent r="6" t="51" w="547" /><ent r="3" t="55" w="322" /><ent r="3" t="55" w="322" /><ent r="4" t="55" w="1631" /><ent r="4" t="55" w="1631" /><ent r="4" t="55" w="1738" /><ent r="4" t="55" w="1738" /></phr><phr n="Additionally"><ent r="3" t="2" w="193" /></phr></stem><stem n="dition"><phr n="Additional"><ent r="3" t="1" w="112" /><ent r="3" t="1" w="112" /><ent r="4" t="18" w="2343" /><ent r="4" t="18" w="2343" /><ent r="64" t="18" w="2374" /><ent r="64" t="18" w="2374" /><ent r="4" t="20" w="770" /><ent r="4" t="20" w="770" /><ent r="64" t="20" w="801" /><ent r="64" t="20" w="801" /><ent r="4" t="21" w="971" /><ent r="4" t="21" w="971" /><ent r="64" t="21" w="1002" /><ent r="64" t="21" w="1002" /><ent r="4" t="22" w="1027" /><ent r="4" t="22" w="1027" /><ent r="64" t="22" w="1058" /><ent r="64" t="22" w="1058" /><ent r="1000" t="23" w="2" /><ent r="1000" t="23" w="2" /><ent r="100" t="23" w="9" /><ent r="100" t="23" w="9" /><ent r="102" t="23" w="26" /><ent r="102" t="23" w="26" /><ent r="5" t="23" w="115" /><ent r="5" t="23" w="115" /><ent r="92" t="23" w="217" /><ent r="92" t="23" w="217" /><ent r="4" t="27" w="1603" /><ent r="4" t="27" w="1603" /><ent r="8" t="51" w="502" /><ent r="8" t="51" w="502" /><ent r="3" t="51" w="859" /><ent r="3" t="51" w="859" /><ent r="3" t="51" w="917" /><ent r="3" t="51" w="917" /><ent r="3" t="51" w="1200" /><ent r="3" t="51" w="1200" /></phr><phr n="additional"><ent r="4" t="1" w="226" /><ent r="4" t="1" w="226" /><ent r="4" t="3" w="432" /><ent r="4" t="3" w="432" /><ent r="3" t="5" w="165" /><ent r="3" t="5" w="165" /><ent r="4" t="6" w="62" /><ent r="4" t="6" w="62" /><ent r="5" t="7" w="433" /><ent r="5" t="7" w="433" /><ent r="3" t="18" w="2480" /><ent r="3" t="18" w="2480" /><ent r="3" t="20" w="907" /><ent r="3" t="20" w="907" /><ent r="3" t="21" w="1108" /><ent r="3" t="21" w="1108" /><ent r="3" t="22" w="1164" /><ent r="3" t="22" w="1164" /><ent r="100" t="23" w="22" /><ent r="100" t="23" w="22" /><ent r="3" t="23" w="43" /><ent r="3" t="23" w="43" /><ent r="3" t="23" w="70" /><ent r="3" t="23" w="70" /><ent r="3" t="23" w="225" /><ent r="3" t="23" w="225" /><ent r="5" t="23" w="231" /><ent r="5" t="23" w="231" /><ent r="4" t="27" w="1552" /><ent r="4" t="27" w="1552" /><ent r="6" t="45" w="484" /><ent r="6" t="45" w="484" /><ent r="4" t="49" w="481" /><ent r="4" t="49" w="481" /><ent r="6" t="50" w="521" /><ent r="6" t="50" w="521" /><ent r="6" t="51" w="547" /><ent r="6" t="51" w="547" /><ent r="3" t="55" w="322" /><ent r="3" t="55" w="322" /><ent r="4" t="55" w="1631" /><ent r="4" t="55" w="1631" /><ent r="4" t="55" w="1738" /><ent r="4" t="55" w="1738" /></phr><phr n="Edition"><ent r="4" t="1" w="240" /></phr><phr n="Additionally"><ent r="3" t="2" w="193" /></phr><phr n="conditions"><ent r="8" t="55" w="1032" /><ent r="8" t="55" w="1032" /></phr></stem><stem n="itiona"><phr n="Additional"><ent r="3" t="1" w="112" /><ent r="3" t="1" w="112" /><ent r="4" t="18" w="2343" /><ent r="4" t="18" w="2343" /><ent r="64" t="18" w="2374" /><ent r="64" t="18" w="2374" /><ent r="4" t="20" w="770" /><ent r="4" t="20" w="770" /><ent r="64" t="20" w="801" /><ent r="64" t="20" w="801" /><ent r="4" t="21" w="971" /><ent r="4" t="21" w="971" /><ent r="64" t="21" w="1002" /><ent r="64" t="21" w="1002" /><ent r="4" t="22" w="1027" /><ent r="4" t="22" w="1027" /><ent r="64" t="22" w="1058" /><ent r="64" t="22" w="1058" /><ent r="1000" t="23" w="2" /><ent r="1000" t="23" w="2" /><ent r="100" t="23" w="9" /><ent r="100" t="23" w="9" /><ent r="102" t="23" w="26" /><ent r="102" t="23" w="26" /><ent r="5" t="23" w="115" /><ent r="5" t="23" w="115" /><ent r="92" t="23" w="217" /><ent r="92" t="23" w="217" /><ent r="4" t="27" w="1603" /><ent r="4" t="27" w="1603" /><ent r="8" t="51" w="502" /><ent r="8" t="51" w="502" /><ent r="3" t="51" w="859" /><ent r="3" t="51" w="859" /><ent r="3" t="51" w="917" /><ent r="3" t="51" w="917" /><ent r="3" t="51" w="1200" /><ent r="3" t="51" w="1200" /></phr><phr n="additional"><ent r="4" t="1" w="226" /><ent r="4" t="1" w="226" /><ent r="4" t="3" w="432" /><ent r="4" t="3" w="432" /><ent r="3" t="5" w="165" /><ent r="3" t="5" w="165" /><ent r="4" t="6" w="62" /><ent r="4" t="6" w="62" /><ent r="5" t="7" w="433" /><ent r="5" t="7" w="433" /><ent r="3" t="18" w="2480" /><ent r="3" t="18" w="2480" /><ent r="3" t="20" w="907" /><ent r="3" t="20" w="907" /><ent r="3" t="21" w="1108" /><ent r="3" t="21" w="1108" /><ent r="3" t="22" w="1164" /><ent r="3" t="22" w="1164" /><ent r="100" t="23" w="22" /><ent r="100" t="23" w="22" /><ent r="3" t="23" w="43" /><ent r="3" t="23" w="43" /><ent r="3" t="23" w="70" /><ent r="3" t="23" w="70" /><ent r="3" t="23" w="225" /><ent r="3" t="23" w="225" /><ent r="5" t="23" w="231" /><ent r="5" t="23" w="231" /><ent r="4" t="27" w="1552" /><ent r="4" t="27" w="1552" /><ent r="6" t="45" w="484" /><ent r="6" t="45" w="484" /><ent r="4" t="49" w="481" /><ent r="4" t="49" w="481" /><ent r="6" t="50" w="521" /><ent r="6" t="50" w="521" /><ent r="6" t="51" w="547" /><ent r="6" t="51" w="547" /><ent r="3" t="55" w="322" /><ent r="3" t="55" w="322" /><ent r="4" t="55" w="1631" /><ent r="4" t="55" w="1631" /><ent r="4" t="55" w="1738" /><ent r="4" t="55" w="1738" /></phr><phr n="Additionally"><ent r="3" t="2" w="193" /></phr></stem><stem n="tional"><phr n="Additional"><ent r="3" t="1" w="112" /><ent r="3" t="1" w="112" /><ent r="4" t="18" w="2343" /><ent r="4" t="18" w="2343" /><ent r="64" t="18" w="2374" /><ent r="64" t="18" w="2374" /><ent r="4" t="20" w="770" /><ent r="4" t="20" w="770" /><ent r="64" t="20" w="801" /><ent r="64" t="20" w="801" /><ent r="4" t="21" w="971" /><ent r="4" t="21" w="971" /><ent r="64" t="21" w="1002" /><ent r="64" t="21" w="1002" /><ent r="4" t="22" w="1027" /><ent r="4" t="22" w="1027" /><ent r="64" t="22" w="1058" /><ent r="64" t="22" w="1058" /><ent r="1000" t="23" w="2" /><ent r="1000" t="23" w="2" /><ent r="100" t="23" w="9" /><ent r="100" t="23" w="9" /><ent r="102" t="23" w="26" /><ent r="102" t="23" w="26" /><ent r="5" t="23" w="115" /><ent r="5" t="23" w="115" /><ent r="92" t="23" w="217" /><ent r="92" t="23" w="217" /><ent r="4" t="27" w="1603" /><ent r="4" t="27" w="1603" /><ent r="8" t="51" w="502" /><ent r="8" t="51" w="502" /><ent r="3" t="51" w="859" /><ent r="3" t="51" w="859" /><ent r="3" t="51" w="917" /><ent r="3" t="51" w="917" /><ent r="3" t="51" w="1200" /><ent r="3" t="51" w="1200" /></phr><phr n="additional"><ent r="4" t="1" w="226" /><ent r="4" t="1" w="226" /><ent r="4" t="3" w="432" /><ent r="4" t="3" w="432" /><ent r="3" t="5" w="165" /><ent r="3" t="5" w="165" /><ent r="4" t="6" w="62" /><ent r="4" t="6" w="62" /><ent r="5" t="7" w="433" /><ent r="5" t="7" w="433" /><ent r="3" t="18" w="2480" /><ent r="3" t="18" w="2480" /><ent r="3" t="20" w="907" /><ent r="3" t="20" w="907" /><ent r="3" t="21" w="1108" /><ent r="3" t="21" w="1108" /><ent r="3" t="22" w="1164" /><ent r="3" t="22" w="1164" /><ent r="100" t="23" w="22" /><ent r="100" t="23" w="22" /><ent r="3" t="23" w="43" /><ent r="3" t="23" w="43" /><ent r="3" t="23" w="70" /><ent r="3" t="23" w="70" /><ent r="3" t="23" w="225" /><ent r="3" t="23" w="225" /><ent r="5" t="23" w="231" /><ent r="5" t="23" w="231" /><ent r="4" t="27" w="1552" /><ent r="4" t="27" w="1552" /><ent r="6" t="45" w="484" /><ent r="6" t="45" w="484" /><ent r="4" t="49" w="481" /><ent r="4" t="49" w="481" /><ent r="6" t="50" w="521" /><ent r="6" t="50" w="521" /><ent r="6" t="51" w="547" /><ent r="6" t="51" w="547" /><ent r="3" t="55" w="322" /><ent r="3" t="55" w="322" /><ent r="4" t="55" w="1631" /><ent r="4" t="55" w="1631" /><ent r="4" t="55" w="1738" /><ent r="4" t="55" w="1738" /></phr><phr n="Additionally"><ent r="3" t="2" w="193" /></phr><phr n="functionality"><ent r="4" t="6" w="46" /><ent r="4" t="6" w="46" /></phr><phr n="optional"><ent r="3" t="17" w="176" /><ent r="3" t="17" w="176" /><ent r="4" t="23" w="124" /><ent r="6" t="25" w="152" /><ent r="6" t="25" w="162" /><ent r="6" t="25" w="360" /><ent r="6" t="25" w="478" /><ent r="6" t="25" w="530" /><ent r="3" t="52" w="164" /><ent r="3" t="52" w="164" /><ent r="3" t="53" w="250" /><ent r="3" t="53" w="250" /></phr><phr n="optionally"><ent r="3" t="18" w="197" /><ent r="3" t="18" w="197" /><ent r="7" t="18" w="1108" /><ent r="7" t="18" w="1108" /><ent r="3" t="18" w="2340" /><ent r="3" t="18" w="2340" /><ent r="4" t="20" w="251" /><ent r="4" t="20" w="251" /><ent r="3" t="20" w="767" /><ent r="3" t="20" w="767" /><ent r="3" t="21" w="451" /><ent r="3" t="21" w="451" /><ent r="3" t="21" w="968" /><ent r="3" t="21" w="968" /><ent r="3" t="22" w="1024" /><ent r="3" t="22" w="1024" /><ent r="3" t="23" w="41" /><ent r="3" t="23" w="41" /><ent r="7" t="27" w="863" /><ent r="7" t="27" w="863" /><ent r="4" t="49" w="598" /><ent r="4" t="49" w="598" /><ent r="8" t="55" w="874" /><ent r="8" t="55" w="874" /><ent r="8" t="55" w="1307" /><ent r="8" t="55" w="1307" /><ent r="7" t="58" w="289" /><ent r="7" t="58" w="289" /></phr><phr n="unintentionally"><ent r="3" t="18" w="2285" /><ent r="3" t="18" w="2285" /><ent r="3" t="20" w="712" /><ent r="3" t="20" w="712" /><ent r="3" t="21" w="913" /><ent r="3" t="21" w="913" /><ent r="3" t="22" w="969" /><ent r="3" t="22" w="969" /></phr><phr n="Optionally"><ent r="6" t="21" w="304" /><ent r="6" t="21" w="304" /><ent r="7" t="24" w="639" /><ent r="7" t="24" w="639" /></phr><phr n="functional"><ent r="3" t="48" w="112" /><ent r="3" t="48" w="112" /></phr><phr n="exceptional"><ent r="3" t="61" w="25" /><ent r="3" t="61" w="25" /></phr><phr n="informational"><ent r="3" t="62" w="37" /><ent r="3" t="62" w="37" /></phr><phr n="decryptionAlwaysSucceeds"><ent r="8" t="63" w="370" /><ent r="8" t="63" w="370" /></phr></stem></index>