﻿<?xml version="1.0" encoding="utf-8"?><index><stem n="account"><phr n="Accounts"><ent r="4" t="0" w="57" /><ent r="65" t="0" w="62" /><ent r="3" t="1" w="409" /><ent r="64" t="1" w="422" /><ent r="3" t="4" w="146" /><ent r="3" t="4" w="149" /><ent r="64" t="4" w="171" /><ent r="3" t="5" w="160" /><ent r="65" t="5" w="211" /><ent r="1000" t="9" w="3" /><ent r="100" t="9" w="20" /><ent r="102" t="9" w="24" /><ent r="3" t="9" w="240" /><ent r="64" t="9" w="336" /><ent r="1000" t="10" w="3" /><ent r="100" t="10" w="16" /><ent r="102" t="10" w="20" /><ent r="3" t="10" w="27" /><ent r="7" t="10" w="98" /><ent r="3" t="10" w="254" /><ent r="65" t="11" w="94" /><ent r="65" t="11" w="100" /><ent r="3" t="12" w="267" /><ent r="3" t="14" w="93" /><ent r="1000" t="16" w="3" /><ent r="102" t="16" w="15" /><ent r="3" t="16" w="132" /><ent r="3" t="16" w="137" /><ent r="3" t="16" w="238" /><ent r="64" t="17" w="443" /><ent r="64" t="17" w="2376" /><ent r="1000" t="18" w="3" /><ent r="102" t="18" w="23" /><ent r="3" t="18" w="114" /><ent r="3" t="18" w="232" /><ent r="64" t="19" w="51" /><ent r="64" t="19" w="969" /><ent r="64" t="20" w="84" /><ent r="64" t="20" w="1171" /><ent r="64" t="21" w="56" /><ent r="64" t="21" w="1226" /><ent r="64" t="23" w="439" /><ent r="64" t="26" w="199" /><ent r="64" t="26" w="1797" /><ent r="3" t="39" w="407" /><ent r="64" t="39" w="421" /><ent r="64" t="39" w="427" /><ent r="64" t="41" w="961" /><ent r="64" t="41" w="967" /><ent r="3" t="41" w="1661" /><ent r="64" t="41" w="2186" /><ent r="4" t="48" w="135" /><ent r="4" t="48" w="209" /><ent r="6" t="49" w="568" /><ent r="67" t="49" w="578" /><ent r="6" t="50" w="631" /><ent r="67" t="50" w="647" /><ent r="3" t="54" w="1766" /><ent r="64" t="54" w="1782" /><ent r="1000" t="55" w="3" /><ent r="100" t="55" w="36" /><ent r="102" t="55" w="43" /><ent r="3" t="55" w="253" /><ent r="3" t="55" w="273" /><ent r="1000" t="56" w="3" /><ent r="100" t="56" w="25" /><ent r="102" t="56" w="29" /><ent r="4" t="56" w="93" /><ent r="100" t="57" w="12" /><ent r="6" t="57" w="252" /><ent r="100" t="58" w="10" /><ent r="3" t="59" w="157" /><ent r="64" t="59" w="163" /></phr><phr n="Account"><ent r="82" t="4" w="136" /><ent r="3" t="4" w="156" /><ent r="3" t="4" w="166" /><ent r="4" t="5" w="177" /><ent r="4" t="5" w="199" /><ent r="5" t="7" w="332" /><ent r="100" t="9" w="7" /><ent r="3" t="9" w="54" /><ent r="3" t="9" w="118" /><ent r="3" t="9" w="225" /><ent r="65" t="9" w="256" /><ent r="65" t="9" w="273" /><ent r="3" t="9" w="312" /><ent r="3" t="9" w="319" /><ent r="3" t="9" w="331" /><ent r="5" t="10" w="46" /><ent r="7" t="10" w="77" /><ent r="7" t="10" w="143" /><ent r="7" t="10" w="181" /><ent r="3" t="10" w="185" /><ent r="3" t="10" w="196" /><ent r="3" t="10" w="204" /><ent r="3" t="10" w="213" /><ent r="1000" t="11" w="4" /><ent r="100" t="11" w="13" /><ent r="102" t="11" w="18" /><ent r="64" t="11" w="29" /><ent r="4" t="11" w="45" /><ent r="4" t="11" w="74" /><ent r="1000" t="12" w="4" /><ent r="100" t="12" w="13" /><ent r="102" t="12" w="18" /><ent r="64" t="12" w="25" /><ent r="4" t="12" w="49" /><ent r="4" t="12" w="104" /><ent r="5" t="12" w="138" /><ent r="5" t="12" w="154" /><ent r="6" t="12" w="166" /><ent r="5" t="12" w="177" /><ent r="5" t="12" w="213" /><ent r="3" t="12" w="221" /><ent r="3" t="12" w="224" /><ent r="3" t="12" w="236" /><ent r="64" t="12" w="251" /><ent r="3" t="12" w="260" /><ent r="3" t="12" w="270" /><ent r="3" t="12" w="290" /><ent r="4" t="12" w="308" /><ent r="65" t="12" w="322" /><ent r="4" t="12" w="344" /><ent r="4" t="12" w="364" /><ent r="64" t="13" w="45" /><ent r="3" t="13" w="89" /><ent r="3" t="13" w="130" /><ent r="4" t="13" w="159" /><ent r="5" t="13" w="170" /><ent r="4" t="13" w="250" /><ent r="3" t="13" w="263" /><ent r="3" t="13" w="286" /><ent r="1000" t="14" w="5" /><ent r="100" t="14" w="20" /><ent r="102" t="14" w="30" /><ent r="64" t="14" w="36" /><ent r="3" t="14" w="103" /><ent r="3" t="14" w="126" /><ent r="64" t="14" w="148" /><ent r="3" t="14" w="156" /><ent r="4" t="14" w="171" /><ent r="3" t="14" w="207" /><ent r="3" t="14" w="210" /><ent r="1000" t="15" w="8" /><ent r="100" t="15" w="21" /><ent r="102" t="15" w="33" /><ent r="3" t="15" w="40" /><ent r="3" t="15" w="58" /><ent r="3" t="15" w="82" /><ent r="4" t="15" w="88" /><ent r="4" t="15" w="106" /><ent r="4" t="15" w="114" /><ent r="65" t="15" w="156" /><ent r="65" t="15" w="170" /><ent r="4" t="15" w="173" /><ent r="4" t="15" w="181" /><ent r="3" t="15" w="192" /><ent r="64" t="15" w="199" /><ent r="100" t="16" w="7" /><ent r="3" t="16" w="81" /><ent r="1000" t="17" w="5" /><ent r="100" t="17" w="19" /><ent r="100" t="17" w="29" /><ent r="102" t="17" w="35" /><ent r="64" t="17" w="44" /><ent r="4" t="17" w="66" /><ent r="4" t="17" w="83" /><ent r="9" t="17" w="1427" /><ent r="7" t="17" w="1653" /><ent r="3" t="17" w="2292" /><ent r="4" t="17" w="2331" /><ent r="3" t="18" w="93" /><ent r="65" t="18" w="158" /><ent r="65" t="18" w="189" /><ent r="65" t="18" w="220" /><ent r="1000" t="19" w="5" /><ent r="100" t="19" w="34" /><ent r="102" t="19" w="40" /><ent r="4" t="19" w="87" /><ent r="4" t="19" w="135" /><ent r="4" t="19" w="147" /><ent r="3" t="19" w="885" /><ent r="4" t="19" w="924" /><ent r="1000" t="20" w="5" /><ent r="100" t="20" w="39" /><ent r="102" t="20" w="45" /><ent r="4" t="20" w="122" /><ent r="4" t="20" w="154" /><ent r="4" t="20" w="166" /><ent r="3" t="20" w="1087" /><ent r="4" t="20" w="1126" /><ent r="1000" t="21" w="5" /><ent r="100" t="21" w="39" /><ent r="102" t="21" w="45" /><ent r="4" t="21" w="94" /><ent r="4" t="21" w="125" /><ent r="4" t="21" w="137" /><ent r="3" t="21" w="1142" /><ent r="4" t="21" w="1181" /><ent r="3" t="22" w="38" /><ent r="4" t="22" w="80" /><ent r="65" t="22" w="92" /><ent r="4" t="22" w="105" /><ent r="4" t="22" w="183" /><ent r="64" t="22" w="190" /><ent r="64" t="22" w="196" /><ent r="64" t="22" w="204" /><ent r="64" t="22" w="212" /><ent r="64" t="23" w="205" /><ent r="82" t="23" w="426" /><ent r="4" t="23" w="466" /><ent r="4" t="23" w="508" /><ent r="64" t="24" w="613" /><ent r="82" t="24" w="656" /><ent r="65" t="24" w="694" /><ent r="64" t="25" w="145" /><ent r="4" t="26" w="73" /><ent r="4" t="26" w="91" /><ent r="7" t="26" w="1207" /><ent r="4" t="26" w="1751" /><ent r="64" t="27" w="216" /><ent r="3" t="27" w="268" /><ent r="3" t="28" w="239" /><ent r="3" t="28" w="244" /><ent r="3" t="28" w="281" /><ent r="3" t="28" w="1162" /><ent r="3" t="29" w="51" /><ent r="3" t="29" w="120" /><ent r="4" t="30" w="156" /><ent r="4" t="30" w="165" /><ent r="4" t="31" w="79" /><ent r="4" t="31" w="88" /><ent r="4" t="32" w="187" /><ent r="4" t="32" w="196" /><ent r="4" t="33" w="122" /><ent r="4" t="33" w="131" /><ent r="4" t="34" w="185" /><ent r="4" t="34" w="218" /><ent r="4" t="35" w="62" /><ent r="4" t="35" w="95" /><ent r="3" t="36" w="439" /><ent r="4" t="37" w="75" /><ent r="3" t="39" w="365" /><ent r="3" t="39" w="724" /><ent r="4" t="39" w="754" /><ent r="4" t="39" w="783" /><ent r="4" t="39" w="806" /><ent r="4" t="39" w="811" /><ent r="3" t="39" w="830" /><ent r="3" t="39" w="972" /><ent r="3" t="39" w="1139" /><ent r="3" t="41" w="367" /><ent r="3" t="41" w="437" /><ent r="3" t="41" w="455" /><ent r="3" t="41" w="660" /><ent r="4" t="41" w="1035" /><ent r="4" t="41" w="1038" /><ent r="4" t="41" w="1073" /><ent r="3" t="41" w="1238" /><ent r="3" t="41" w="1285" /><ent r="3" t="41" w="1423" /><ent r="3" t="41" w="1444" /><ent r="3" t="41" w="1468" /><ent r="3" t="41" w="1472" /><ent r="3" t="41" w="1649" /><ent r="3" t="41" w="1698" /><ent r="64" t="41" w="1728" /><ent r="3" t="41" w="1772" /><ent r="3" t="41" w="1793" /><ent r="3" t="41" w="1799" /><ent r="3" t="41" w="1810" /><ent r="3" t="41" w="1966" /><ent r="4" t="41" w="1983" /><ent r="4" t="41" w="1992" /><ent r="4" t="41" w="2096" /><ent r="4" t="41" w="2099" /><ent r="4" t="41" w="2126" /><ent r="7" t="42" w="157" /><ent r="7" t="42" w="164" /><ent r="7" t="42" w="169" /><ent r="7" t="42" w="260" /><ent r="7" t="42" w="330" /><ent r="4" t="48" w="225" /><ent r="4" t="56" w="139" /><ent r="6" t="57" w="241" /><ent r="6" t="57" w="247" /><ent r="6" t="57" w="261" /><ent r="67" t="57" w="277" /><ent r="6" t="57" w="397" /><ent r="67" t="57" w="403" /><ent r="7" t="57" w="420" /><ent r="6" t="57" w="461" /><ent r="6" t="58" w="174" /><ent r="67" t="58" w="180" /><ent r="68" t="58" w="216" /><ent r="6" t="58" w="251" /><ent r="3" t="59" w="193" /><ent r="3" t="59" w="228" /><ent r="7" t="68" w="70" /></phr><phr n="accounts"><ent r="3" t="7" w="108" /><ent r="4" t="7" w="263" /><ent r="5" t="7" w="410" /><ent r="3" t="8" w="174" /><ent r="100" t="9" w="11" /><ent r="100" t="9" w="15" /><ent r="100" t="10" w="8" /><ent r="100" t="10" w="12" /><ent r="100" t="11" w="90" /><ent r="100" t="12" w="255" /><ent r="100" t="17" w="10" /><ent r="100" t="17" w="15" /><ent r="3" t="17" w="2371" /><ent r="100" t="18" w="7" /><ent r="100" t="18" w="19" /><ent r="100" t="19" w="12" /><ent r="100" t="19" w="16" /><ent r="100" t="19" w="24" /><ent r="3" t="19" w="964" /><ent r="100" t="20" w="17" /><ent r="100" t="20" w="21" /><ent r="100" t="20" w="29" /><ent r="3" t="20" w="1166" /><ent r="100" t="21" w="17" /><ent r="100" t="21" w="21" /><ent r="100" t="21" w="29" /><ent r="3" t="21" w="1221" /><ent r="3" t="23" w="434" /><ent r="3" t="26" w="1792" /><ent r="4" t="34" w="190" /><ent r="4" t="35" w="67" /><ent r="100" t="55" w="20" /><ent r="100" t="55" w="28" /><ent r="100" t="56" w="20" /><ent r="100" t="57" w="28" /><ent r="3" t="57" w="31" /><ent r="100" t="58" w="30" /><ent r="3" t="58" w="33" /></phr><phr n="account"><ent r="3" t="7" w="158" /><ent r="3" t="7" w="249" /><ent r="4" t="7" w="291" /><ent r="4" t="7" w="323" /><ent r="5" t="7" w="329" /><ent r="3" t="7" w="433" /><ent r="100" t="11" w="7" /><ent r="100" t="12" w="7" /><ent r="3" t="12" w="244" /><ent r="100" t="13" w="7" /><ent r="100" t="14" w="8" /><ent r="100" t="14" w="14" /><ent r="100" t="14" w="24" /><ent r="100" t="15" w="11" /><ent r="3" t="15" w="66" /><ent r="4" t="15" w="138" /><ent r="4" t="15" w="145" /><ent r="4" t="15" w="162" /><ent r="100" t="16" w="10" /><ent r="3" t="16" w="44" /><ent r="3" t="16" w="219" /><ent r="100" t="17" w="22" /><ent r="6" t="17" w="913" /><ent r="8" t="17" w="1289" /><ent r="8" t="17" w="1311" /><ent r="8" t="17" w="1323" /><ent r="3" t="17" w="2337" /><ent r="3" t="17" w="2351" /><ent r="100" t="18" w="10" /><ent r="100" t="18" w="13" /><ent r="3" t="18" w="88" /><ent r="4" t="18" w="151" /><ent r="4" t="18" w="182" /><ent r="4" t="18" w="213" /><ent r="100" t="19" w="27" /><ent r="4" t="19" w="120" /><ent r="3" t="19" w="930" /><ent r="3" t="19" w="944" /><ent r="100" t="20" w="12" /><ent r="100" t="20" w="32" /><ent r="3" t="20" w="1132" /><ent r="3" t="20" w="1146" /><ent r="100" t="21" w="12" /><ent r="100" t="21" w="32" /><ent r="3" t="21" w="1187" /><ent r="3" t="21" w="1201" /><ent r="4" t="23" w="174" /><ent r="5" t="23" w="523" /><ent r="5" t="24" w="81" /><ent r="5" t="24" w="96" /><ent r="6" t="24" w="131" /><ent r="6" t="24" w="438" /><ent r="6" t="24" w="441" /><ent r="3" t="24" w="687" /><ent r="3" t="25" w="137" /><ent r="6" t="26" w="705" /><ent r="3" t="26" w="1757" /><ent r="3" t="26" w="1772" /><ent r="100" t="27" w="212" /><ent r="100" t="28" w="20" /><ent r="4" t="28" w="75" /><ent r="100" t="28" w="223" /><ent r="100" t="28" w="733" /><ent r="4" t="46" w="101" /><ent r="3" t="46" w="578" /><ent r="100" t="55" w="9" /><ent r="100" t="55" w="13" /><ent r="100" t="56" w="15" /><ent r="4" t="57" w="88" /><ent r="7" t="57" w="409" /></phr><phr n="accounting"><ent r="8" t="32" w="410" /><ent r="8" t="32" w="428" /></phr></stem><stem n="(see"><phr n="(see"><ent r="4" t="0" w="58" /><ent r="4" t="0" w="80" /><ent r="4" t="0" w="96" /><ent r="4" t="0" w="118" /><ent r="4" t="0" w="146" /><ent r="4" t="0" w="156" /><ent r="3" t="4" w="44" /><ent r="4" t="6" w="43" /><ent r="6" t="17" w="934" /><ent r="6" t="26" w="726" /><ent r="3" t="41" w="957" /><ent r="5" t="48" w="304" /><ent r="7" t="49" w="476" /><ent r="6" t="49" w="523" /><ent r="7" t="50" w="457" /><ent r="7" t="50" w="487" /><ent r="3" t="50" w="828" /><ent r="3" t="52" w="349" /><ent r="4" t="54" w="122" /><ent r="3" t="54" w="254" /><ent r="4" t="63" w="97" /><ent r="4" t="64" w="87" /><ent r="4" t="65" w="160" /><ent r="4" t="66" w="181" /><ent r="4" t="66" w="249" /></phr></stem><stem n="see"><phr n="see"><ent r="4" t="0" w="58" /><ent r="4" t="0" w="80" /><ent r="4" t="0" w="96" /><ent r="4" t="0" w="118" /><ent r="4" t="0" w="146" /><ent r="4" t="0" w="156" /><ent r="3" t="0" w="170" /><ent r="3" t="1" w="388" /><ent r="3" t="1" w="418" /><ent r="3" t="2" w="266" /><ent r="3" t="3" w="359" /><ent r="3" t="3" w="460" /><ent r="3" t="4" w="44" /><ent r="3" t="5" w="49" /><ent r="3" t="5" w="82" /><ent r="4" t="5" w="207" /><ent r="4" t="5" w="252" /><ent r="4" t="5" w="325" /><ent r="4" t="6" w="43" /><ent r="3" t="7" w="88" /><ent r="3" t="8" w="88" /><ent r="3" t="8" w="228" /><ent r="3" t="9" w="332" /><ent r="4" t="10" w="374" /><ent r="4" t="11" w="86" /><ent r="3" t="12" w="245" /><ent r="4" t="12" w="311" /><ent r="3" t="13" w="131" /><ent r="3" t="13" w="378" /><ent r="3" t="15" w="193" /><ent r="3" t="16" w="157" /><ent r="3" t="16" w="185" /><ent r="3" t="16" w="244" /><ent r="3" t="17" w="327" /><ent r="6" t="17" w="934" /><ent r="7" t="17" w="1114" /><ent r="7" t="17" w="1242" /><ent r="3" t="17" w="2188" /><ent r="3" t="17" w="2259" /><ent r="3" t="17" w="2273" /><ent r="3" t="17" w="2372" /><ent r="4" t="18" w="152" /><ent r="4" t="18" w="183" /><ent r="4" t="18" w="214" /><ent r="3" t="18" w="238" /><ent r="3" t="19" w="781" /><ent r="3" t="19" w="852" /><ent r="3" t="19" w="866" /><ent r="3" t="19" w="965" /><ent r="3" t="20" w="68" /><ent r="4" t="20" w="404" /><ent r="3" t="20" w="983" /><ent r="3" t="20" w="1054" /><ent r="3" t="20" w="1068" /><ent r="3" t="20" w="1167" /><ent r="4" t="21" w="429" /><ent r="3" t="21" w="1038" /><ent r="3" t="21" w="1109" /><ent r="3" t="21" w="1123" /><ent r="3" t="21" w="1222" /><ent r="4" t="22" w="87" /><ent r="3" t="23" w="435" /><ent r="4" t="23" w="476" /><ent r="5" t="24" w="187" /><ent r="5" t="24" w="207" /><ent r="5" t="24" w="267" /><ent r="5" t="24" w="545" /><ent r="5" t="24" w="565" /><ent r="3" t="24" w="688" /><ent r="6" t="26" w="726" /><ent r="7" t="26" w="909" /><ent r="7" t="26" w="1037" /><ent r="3" t="26" w="1722" /><ent r="3" t="26" w="1736" /><ent r="3" t="26" w="1793" /><ent r="3" t="27" w="151" /><ent r="3" t="27" w="162" /><ent r="3" t="27" w="182" /><ent r="3" t="27" w="317" /><ent r="3" t="28" w="228" /><ent r="7" t="28" w="433" /><ent r="7" t="28" w="553" /><ent r="7" t="28" w="605" /><ent r="3" t="28" w="1306" /><ent r="3" t="31" w="470" /><ent r="4" t="31" w="591" /><ent r="3" t="32" w="161" /><ent r="7" t="32" w="451" /><ent r="4" t="34" w="316" /><ent r="3" t="36" w="87" /><ent r="3" t="36" w="373" /><ent r="3" t="37" w="258" /><ent r="3" t="38" w="142" /><ent r="3" t="39" w="137" /><ent r="3" t="39" w="704" /><ent r="3" t="39" w="1000" /><ent r="3" t="39" w="1017" /><ent r="3" t="40" w="139" /><ent r="3" t="41" w="154" /><ent r="3" t="41" w="957" /><ent r="3" t="41" w="1707" /><ent r="3" t="41" w="2030" /><ent r="3" t="42" w="64" /><ent r="4" t="43" w="77" /><ent r="4" t="43" w="115" /><ent r="3" t="46" w="353" /><ent r="5" t="48" w="304" /><ent r="4" t="48" w="418" /><ent r="4" t="48" w="451" /><ent r="4" t="48" w="493" /><ent r="4" t="48" w="551" /><ent r="4" t="48" w="586" /><ent r="4" t="48" w="605" /><ent r="7" t="49" w="125" /><ent r="7" t="49" w="476" /><ent r="6" t="49" w="523" /><ent r="7" t="50" w="157" /><ent r="7" t="50" w="457" /><ent r="7" t="50" w="487" /><ent r="3" t="50" w="828" /><ent r="3" t="52" w="349" /><ent r="4" t="53" w="187" /><ent r="4" t="53" w="219" /><ent r="4" t="53" w="252" /><ent r="4" t="53" w="362" /><ent r="4" t="53" w="404" /><ent r="4" t="53" w="466" /><ent r="4" t="53" w="481" /><ent r="4" t="54" w="122" /><ent r="3" t="54" w="254" /><ent r="4" t="54" w="383" /><ent r="9" t="54" w="1057" /><ent r="4" t="54" w="1444" /><ent r="3" t="54" w="1686" /><ent r="3" t="54" w="1778" /><ent r="7" t="57" w="231" /><ent r="7" t="58" w="164" /><ent r="7" t="58" w="230" /><ent r="7" t="62" w="97" /><ent r="7" t="62" w="124" /><ent r="7" t="62" w="155" /><ent r="7" t="62" w="213" /><ent r="7" t="62" w="245" /><ent r="7" t="62" w="377" /><ent r="4" t="63" w="97" /><ent r="4" t="64" w="87" /><ent r="3" t="65" w="85" /><ent r="4" t="65" w="160" /><ent r="4" t="66" w="181" /><ent r="4" t="66" w="249" /><ent r="3" t="67" w="70" /><ent r="4" t="67" w="210" /><ent r="3" t="69" w="127" /><ent r="4" t="69" w="332" /></phr><phr n="See"><ent r="3" t="1" w="248" /><ent r="3" t="4" w="167" /><ent r="4" t="9" w="297" /><ent r="4" t="22" w="142" /><ent r="3" t="28" w="208" /><ent r="3" t="28" w="687" /><ent r="3" t="28" w="719" /><ent r="4" t="28" w="900" /><ent r="4" t="31" w="129" /><ent r="4" t="34" w="342" /><ent r="3" t="36" w="68" /><ent r="4" t="37" w="103" /><ent r="3" t="37" w="221" /><ent r="3" t="39" w="417" /><ent r="3" t="40" w="87" /><ent r="3" t="43" w="141" /><ent r="3" t="47" w="667" /><ent r="4" t="48" w="147" /><ent r="4" t="48" w="244" /><ent r="6" t="50" w="234" /><ent r="3" t="52" w="310" /><ent r="3" t="54" w="211" /><ent r="3" t="55" w="209" /><ent r="3" t="59" w="93" /></phr></stem><stem n=")"><phr n=")"><ent r="4" t="0" w="64" /><ent r="4" t="0" w="90" /><ent r="4" t="0" w="102" /><ent r="4" t="0" w="127" /><ent r="4" t="0" w="151" /><ent r="3" t="4" w="49" /><ent r="3" t="5" w="30" /><ent r="6" t="12" w="402" /><ent r="3" t="17" w="245" /><ent r="7" t="17" w="515" /><ent r="7" t="17" w="587" /><ent r="6" t="17" w="743" /><ent r="65" t="18" w="223" /><ent r="1000" t="19" w="8" /><ent r="102" t="19" w="43" /><ent r="64" t="22" w="199" /><ent r="6" t="22" w="383" /><ent r="3" t="23" w="250" /><ent r="4" t="23" w="259" /><ent r="8" t="23" w="660" /><ent r="3" t="23" w="816" /><ent r="4" t="24" w="751" /><ent r="7" t="26" w="277" /><ent r="7" t="26" w="350" /><ent r="6" t="26" w="522" /><ent r="3" t="28" w="1138" /><ent r="4" t="28" w="1189" /><ent r="3" t="41" w="303" /><ent r="3" t="41" w="317" /><ent r="3" t="41" w="423" /><ent r="6" t="44" w="299" /><ent r="6" t="44" w="318" /><ent r="6" t="45" w="156" /><ent r="4" t="45" w="205" /><ent r="4" t="46" w="134" /><ent r="4" t="46" w="209" /><ent r="3" t="47" w="351" /><ent r="3" t="47" w="802" /><ent r="4" t="48" w="139" /><ent r="4" t="48" w="213" /><ent r="82" t="48" w="262" /><ent r="5" t="48" w="316" /><ent r="4" t="48" w="392" /><ent r="4" t="48" w="431" /><ent r="4" t="48" w="457" /><ent r="82" t="48" w="511" /><ent r="4" t="48" w="560" /><ent r="4" t="48" w="592" /><ent r="6" t="49" w="260" /><ent r="7" t="49" w="489" /><ent r="6" t="49" w="530" /><ent r="7" t="50" w="551" /><ent r="3" t="50" w="739" /><ent r="3" t="52" w="127" /><ent r="4" t="53" w="193" /><ent r="4" t="53" w="225" /><ent r="4" t="53" w="261" /><ent r="4" t="53" w="356" /><ent r="4" t="53" w="368" /><ent r="4" t="54" w="129" /><ent r="4" t="54" w="139" /><ent r="67" t="57" w="406" /><ent r="6" t="60" w="71" /><ent r="6" t="60" w="79" /><ent r="6" t="60" w="125" /><ent r="7" t="62" w="45" /><ent r="5" t="63" w="69" /><ent r="4" t="63" w="212" /><ent r="5" t="64" w="67" /><ent r="65" t="64" w="91" /><ent r="4" t="64" w="290" /><ent r="5" t="65" w="138" /><ent r="4" t="66" w="151" /><ent r="65" t="66" w="254" /><ent r="7" t="68" w="77" /></phr></stem><stem n="view"><phr n="viewing"><ent r="4" t="0" w="67" /><ent r="4" t="0" w="105" /><ent r="4" t="34" w="351" /><ent r="100" t="41" w="979" /></phr><phr n="view"><ent r="6" t="2" w="403" /><ent r="6" t="2" w="454" /><ent r="6" t="17" w="1089" /><ent r="6" t="17" w="1218" /><ent r="4" t="19" w="254" /><ent r="6" t="26" w="884" /><ent r="6" t="26" w="1013" /><ent r="3" t="28" w="702" /><ent r="3" t="29" w="39" /><ent r="3" t="41" w="1018" /><ent r="3" t="41" w="2078" /><ent r="3" t="44" w="171" /><ent r="3" t="47" w="430" /><ent r="100" t="69" w="8" /><ent r="3" t="69" w="184" /><ent r="3" t="69" w="209" /></phr><phr n="View"><ent r="4" t="12" w="325" /><ent r="4" t="17" w="159" /><ent r="6" t="17" w="1081" /><ent r="8" t="17" w="1098" /><ent r="6" t="17" w="1210" /><ent r="8" t="17" w="1227" /><ent r="4" t="19" w="211" /><ent r="5" t="19" w="249" /><ent r="4" t="20" w="230" /><ent r="4" t="20" w="450" /><ent r="4" t="21" w="201" /><ent r="3" t="21" w="506" /><ent r="3" t="21" w="510" /><ent r="8" t="23" w="552" /><ent r="4" t="23" w="790" /><ent r="6" t="26" w="876" /><ent r="8" t="26" w="893" /><ent r="6" t="26" w="1005" /><ent r="8" t="26" w="1022" /><ent r="100" t="41" w="973" /><ent r="5" t="41" w="1084" /><ent r="100" t="41" w="2038" /><ent r="5" t="41" w="2137" /><ent r="100" t="44" w="180" /><ent r="100" t="45" w="6" /><ent r="4" t="54" w="171" /><ent r="100" t="69" w="11" /></phr><phr n="Viewing"><ent r="82" t="41" w="981" /><ent r="82" t="41" w="2042" /><ent r="65" t="43" w="79" /><ent r="65" t="43" w="117" /><ent r="1000" t="44" w="1" /><ent r="100" t="44" w="12" /><ent r="102" t="44" w="16" /><ent r="1000" t="45" w="1" /><ent r="100" t="45" w="13" /><ent r="102" t="45" w="18" /><ent r="92" t="69" w="204" /></phr></stem><stem n="manag"><phr n="managing"><ent r="4" t="0" w="69" /><ent r="3" t="1" w="407" /><ent r="100" t="10" w="7" /><ent r="100" t="29" w="19" /><ent r="100" t="40" w="14" /><ent r="3" t="41" w="354" /></phr><phr n="Manager"><ent r="4" t="0" w="144" /><ent r="100" t="1" w="10" /><ent r="3" t="1" w="39" /><ent r="3" t="1" w="398" /><ent r="100" t="1" w="545" /><ent r="92" t="1" w="549" /><ent r="4" t="1" w="554" /><ent r="4" t="1" w="588" /><ent r="3" t="1" w="617" /><ent r="3" t="3" w="126" /><ent r="3" t="3" w="244" /><ent r="3" t="5" w="80" /><ent r="3" t="13" w="59" /><ent r="3" t="13" w="387" /><ent r="3" t="16" w="189" /><ent r="3" t="17" w="2144" /><ent r="3" t="19" w="737" /><ent r="3" t="20" w="939" /><ent r="3" t="21" w="994" /><ent r="3" t="23" w="237" /><ent r="5" t="23" w="322" /><ent r="4" t="23" w="403" /><ent r="5" t="24" w="191" /><ent r="5" t="24" w="222" /><ent r="5" t="24" w="271" /><ent r="5" t="24" w="549" /><ent r="5" t="24" w="580" /><ent r="3" t="24" w="735" /><ent r="4" t="24" w="807" /><ent r="4" t="24" w="861" /><ent r="3" t="24" w="935" /><ent r="3" t="26" w="1558" /><ent r="3" t="28" w="194" /><ent r="3" t="28" w="212" /><ent r="3" t="28" w="784" /><ent r="3" t="28" w="1315" /><ent r="3" t="34" w="73" /><ent r="3" t="34" w="282" /><ent r="3" t="38" w="146" /><ent r="3" t="40" w="79" /><ent r="3" t="40" w="91" /><ent r="3" t="41" w="40" /><ent r="3" t="41" w="248" /><ent r="3" t="41" w="1111" /><ent r="4" t="41" w="2013" /><ent r="3" t="41" w="2162" /><ent r="7" t="42" w="278" /><ent r="3" t="43" w="139" /><ent r="3" t="43" w="153" /><ent r="3" t="46" w="542" /><ent r="100" t="47" w="14" /><ent r="82" t="47" w="776" /><ent r="3" t="47" w="781" /><ent r="3" t="47" w="811" /><ent r="5" t="48" w="329" /><ent r="4" t="48" w="519" /><ent r="4" t="49" w="111" /><ent r="6" t="49" w="155" /><ent r="6" t="49" w="177" /><ent r="6" t="49" w="206" /><ent r="7" t="49" w="236" /><ent r="6" t="49" w="278" /><ent r="6" t="49" w="327" /><ent r="6" t="49" w="395" /><ent r="7" t="49" w="486" /><ent r="6" t="49" w="527" /><ent r="3" t="50" w="44" /><ent r="4" t="50" w="130" /><ent r="6" t="50" w="187" /><ent r="6" t="50" w="209" /><ent r="6" t="50" w="259" /><ent r="6" t="50" w="278" /><ent r="6" t="50" w="412" /><ent r="7" t="50" w="424" /><ent r="7" t="50" w="467" /><ent r="7" t="50" w="501" /><ent r="6" t="50" w="512" /><ent r="7" t="50" w="548" /><ent r="3" t="50" w="762" /><ent r="3" t="50" w="839" /><ent r="4" t="50" w="1076" /><ent r="3" t="51" w="233" /><ent r="3" t="52" w="353" /><ent r="3" t="52" w="393" /><ent r="3" t="53" w="454" /><ent r="3" t="53" w="509" /><ent r="3" t="54" w="103" /><ent r="4" t="54" w="126" /><ent r="3" t="54" w="182" /><ent r="3" t="54" w="221" /><ent r="3" t="54" w="236" /><ent r="3" t="54" w="266" /><ent r="3" t="54" w="331" /><ent r="4" t="54" w="394" /><ent r="6" t="54" w="564" /><ent r="4" t="54" w="1424" /><ent r="4" t="54" w="1454" /><ent r="4" t="54" w="1756" /><ent r="3" t="59" w="111" /><ent r="3" t="61" w="26" /><ent r="3" t="65" w="68" /><ent r="3" t="65" w="97" /></phr><phr n="management"><ent r="4" t="3" w="392" /><ent r="3" t="13" w="371" /><ent r="3" t="47" w="80" /></phr><phr n="manage"><ent r="4" t="6" w="34" /><ent r="3" t="41" w="1002" /><ent r="3" t="41" w="2062" /><ent r="3" t="47" w="819" /></phr><phr n="Manage"><ent r="5" t="8" w="296" /><ent r="5" t="8" w="384" /><ent r="100" t="10" w="10" /><ent r="100" t="29" w="15" /><ent r="100" t="40" w="5" /><ent r="100" t="51" w="4" /><ent r="100" t="52" w="10" /><ent r="100" t="53" w="29" /></phr><phr n="Management"><ent r="4" t="8" w="300" /><ent r="4" t="8" w="388" /></phr><phr n="Managing"><ent r="64" t="9" w="334" /><ent r="1000" t="10" w="1" /><ent r="100" t="10" w="14" /><ent r="102" t="10" w="18" /><ent r="64" t="17" w="441" /><ent r="64" t="17" w="2275" /><ent r="64" t="17" w="2374" /><ent r="64" t="19" w="868" /><ent r="64" t="19" w="967" /><ent r="64" t="20" w="1070" /><ent r="64" t="20" w="1169" /><ent r="64" t="21" w="1125" /><ent r="64" t="21" w="1224" /><ent r="64" t="23" w="437" /><ent r="64" t="26" w="197" /><ent r="64" t="26" w="1738" /><ent r="64" t="26" w="1795" /><ent r="1000" t="29" w="1" /><ent r="100" t="29" w="12" /><ent r="100" t="29" w="21" /><ent r="102" t="29" w="25" /><ent r="64" t="36" w="375" /><ent r="64" t="39" w="1025" /><ent r="1000" t="40" w="1" /><ent r="100" t="40" w="16" /><ent r="102" t="40" w="20" /><ent r="64" t="41" w="2184" /><ent r="1000" t="51" w="1" /><ent r="100" t="51" w="9" /><ent r="102" t="51" w="12" /><ent r="3" t="51" w="237" /><ent r="100" t="52" w="5" /><ent r="70" t="54" w="1059" /></phr><phr n="manages"><ent r="3" t="47" w="396" /><ent r="3" t="48" w="51" /><ent r="3" t="49" w="34" /><ent r="3" t="50" w="66" /><ent r="3" t="51" w="51" /><ent r="3" t="52" w="72" /><ent r="3" t="54" w="65" /><ent r="3" t="55" w="62" /><ent r="3" t="59" w="54" /></phr></stem><stem n="servic"><phr n="service"><ent r="4" t="0" w="70" /><ent r="3" t="3" w="38" /><ent r="3" t="3" w="173" /><ent r="3" t="3" w="187" /><ent r="3" t="3" w="282" /><ent r="3" t="3" w="322" /><ent r="3" t="3" w="346" /><ent r="4" t="5" w="206" /><ent r="4" t="5" w="227" /><ent r="4" t="5" w="261" /><ent r="4" t="5" w="298" /><ent r="4" t="5" w="315" /><ent r="3" t="7" w="83" /><ent r="4" t="7" w="532" /><ent r="100" t="8" w="12" /><ent r="3" t="8" w="42" /><ent r="3" t="8" w="69" /><ent r="3" t="8" w="158" /><ent r="3" t="8" w="257" /><ent r="3" t="8" w="277" /><ent r="4" t="8" w="343" /><ent r="3" t="8" w="371" /><ent r="4" t="8" w="431" /><ent r="4" t="8" w="439" /><ent r="3" t="9" w="36" /><ent r="3" t="9" w="85" /><ent r="3" t="9" w="361" /><ent r="7" t="10" w="65" /><ent r="7" t="12" w="389" /><ent r="7" t="12" w="415" /><ent r="3" t="13" w="301" /><ent r="3" t="14" w="43" /><ent r="3" t="16" w="210" /><ent r="3" t="17" w="234" /><ent r="3" t="17" w="264" /><ent r="7" t="17" w="488" /><ent r="7" t="17" w="531" /><ent r="7" t="17" w="560" /><ent r="7" t="17" w="599" /><ent r="6" t="17" w="757" /><ent r="8" t="17" w="1295" /><ent r="6" t="17" w="1782" /><ent r="3" t="17" w="2072" /><ent r="3" t="17" w="2081" /><ent r="3" t="17" w="2099" /><ent r="4" t="17" w="2220" /><ent r="3" t="18" w="76" /><ent r="6" t="19" w="375" /><ent r="3" t="19" w="665" /><ent r="3" t="19" w="674" /><ent r="3" t="19" w="692" /><ent r="4" t="19" w="813" /><ent r="5" t="20" w="145" /><ent r="6" t="20" w="294" /><ent r="6" t="20" w="306" /><ent r="6" t="20" w="361" /><ent r="6" t="20" w="375" /><ent r="6" t="20" w="575" /><ent r="3" t="20" w="867" /><ent r="3" t="20" w="876" /><ent r="3" t="20" w="894" /><ent r="4" t="20" w="1015" /><ent r="5" t="21" w="116" /><ent r="6" t="21" w="265" /><ent r="6" t="21" w="283" /><ent r="6" t="21" w="326" /><ent r="6" t="21" w="358" /><ent r="6" t="21" w="379" /><ent r="6" t="21" w="405" /><ent r="6" t="21" w="419" /><ent r="4" t="21" w="451" /><ent r="3" t="21" w="479" /><ent r="6" t="21" w="628" /><ent r="3" t="21" w="922" /><ent r="3" t="21" w="931" /><ent r="3" t="21" w="949" /><ent r="4" t="21" w="1070" /><ent r="6" t="22" w="570" /><ent r="3" t="23" w="116" /><ent r="3" t="23" w="127" /><ent r="4" t="23" w="179" /><ent r="5" t="24" w="87" /><ent r="6" t="24" w="161" /><ent r="6" t="24" w="229" /><ent r="6" t="24" w="349" /><ent r="6" t="24" w="379" /><ent r="6" t="24" w="518" /><ent r="6" t="24" w="601" /><ent r="100" t="25" w="6" /><ent r="3" t="25" w="32" /><ent r="3" t="25" w="44" /><ent r="3" t="25" w="96" /><ent r="4" t="25" w="104" /><ent r="3" t="25" w="136" /><ent r="100" t="26" w="9" /><ent r="3" t="26" w="41" /><ent r="3" t="26" w="46" /><ent r="4" t="26" w="102" /><ent r="4" t="26" w="107" /><ent r="4" t="26" w="112" /><ent r="6" t="26" w="233" /><ent r="7" t="26" w="250" /><ent r="7" t="26" w="293" /><ent r="6" t="26" w="307" /><ent r="7" t="26" w="323" /><ent r="7" t="26" w="362" /><ent r="6" t="26" w="471" /><ent r="6" t="26" w="536" /><ent r="6" t="26" w="568" /><ent r="6" t="26" w="1286" /><ent r="3" t="26" w="1717" /><ent r="3" t="26" w="1766" /><ent r="3" t="27" w="32" /><ent r="3" t="27" w="63" /><ent r="3" t="27" w="95" /><ent r="3" t="27" w="126" /><ent r="3" t="27" w="231" /><ent r="3" t="27" w="281" /><ent r="4" t="28" w="58" /><ent r="3" t="28" w="159" /><ent r="3" t="28" w="180" /><ent r="3" t="28" w="187" /><ent r="3" t="28" w="273" /><ent r="3" t="28" w="288" /><ent r="7" t="28" w="315" /><ent r="7" t="28" w="340" /><ent r="7" t="28" w="380" /><ent r="8" t="28" w="523" /><ent r="8" t="28" w="548" /><ent r="3" t="28" w="648" /><ent r="3" t="28" w="683" /><ent r="3" t="28" w="758" /><ent r="4" t="28" w="881" /><ent r="4" t="28" w="930" /><ent r="4" t="28" w="1007" /><ent r="4" t="28" w="1021" /><ent r="3" t="28" w="1129" /><ent r="3" t="28" w="1145" /><ent r="64" t="30" w="121" /><ent r="4" t="30" w="193" /><ent r="3" t="31" w="55" /><ent r="4" t="31" w="111" /><ent r="3" t="31" w="198" /><ent r="3" t="31" w="253" /><ent r="4" t="31" w="347" /><ent r="5" t="31" w="400" /><ent r="5" t="31" w="423" /><ent r="3" t="31" w="519" /><ent r="4" t="31" w="534" /><ent r="4" t="31" w="587" /><ent r="3" t="32" w="57" /><ent r="3" t="32" w="99" /><ent r="3" t="32" w="157" /><ent r="4" t="32" w="224" /><ent r="9" t="32" w="283" /><ent r="8" t="32" w="292" /><ent r="8" t="32" w="305" /><ent r="9" t="32" w="343" /><ent r="8" t="32" w="352" /><ent r="68" t="32" w="531" /><ent r="7" t="32" w="563" /><ent r="64" t="33" w="83" /><ent r="5" t="33" w="169" /><ent r="3" t="34" w="109" /><ent r="3" t="34" w="119" /><ent r="3" t="34" w="130" /><ent r="3" t="36" w="127" /><ent r="3" t="36" w="173" /><ent r="3" t="36" w="216" /><ent r="3" t="36" w="362" /><ent r="3" t="36" w="463" /><ent r="3" t="36" w="488" /><ent r="3" t="36" w="502" /><ent r="3" t="36" w="511" /><ent r="3" t="37" w="50" /><ent r="4" t="37" w="67" /><ent r="4" t="37" w="89" /><ent r="4" t="37" w="128" /><ent r="4" t="37" w="147" /><ent r="4" t="37" w="217" /><ent r="3" t="37" w="247" /><ent r="3" t="37" w="269" /><ent r="3" t="39" w="46" /><ent r="3" t="39" w="69" /><ent r="3" t="39" w="80" /><ent r="3" t="39" w="93" /><ent r="3" t="39" w="291" /><ent r="3" t="39" w="332" /><ent r="3" t="39" w="377" /><ent r="3" t="39" w="678" /><ent r="3" t="39" w="684" /><ent r="3" t="39" w="874" /><ent r="4" t="39" w="910" /><ent r="4" t="39" w="921" /><ent r="4" t="39" w="932" /><ent r="3" t="40" w="32" /><ent r="3" t="40" w="119" /><ent r="3" t="40" w="192" /><ent r="3" t="40" w="198" /><ent r="3" t="41" w="31" /><ent r="3" t="41" w="51" /><ent r="3" t="41" w="107" /><ent r="3" t="41" w="139" /><ent r="3" t="41" w="210" /><ent r="3" t="41" w="242" /><ent r="3" t="41" w="325" /><ent r="3" t="41" w="1015" /><ent r="3" t="41" w="1307" /><ent r="3" t="41" w="1625" /><ent r="3" t="41" w="2075" /><ent r="7" t="42" w="290" /><ent r="7" t="45" w="142" /><ent r="7" t="45" w="169" /><ent r="3" t="46" w="349" /><ent r="3" t="46" w="486" /><ent r="3" t="46" w="751" /><ent r="3" t="47" w="192" /><ent r="3" t="47" w="283" /><ent r="3" t="47" w="412" /><ent r="3" t="47" w="433" /><ent r="3" t="47" w="701" /><ent r="3" t="47" w="729" /><ent r="3" t="48" w="67" /><ent r="3" t="49" w="49" /><ent r="6" t="49" w="545" /><ent r="6" t="49" w="587" /><ent r="3" t="50" w="82" /><ent r="6" t="50" w="667" /><ent r="3" t="51" w="67" /><ent r="3" t="52" w="88" /><ent r="3" t="52" w="347" /><ent r="3" t="53" w="287" /><ent r="3" t="54" w="81" /><ent r="3" t="54" w="113" /><ent r="3" t="54" w="253" /><ent r="3" t="54" w="310" /><ent r="4" t="54" w="1715" /><ent r="3" t="55" w="78" /><ent r="3" t="55" w="118" /><ent r="3" t="55" w="208" /><ent r="3" t="55" w="278" /><ent r="6" t="57" w="467" /><ent r="6" t="58" w="257" /><ent r="100" t="59" w="8" /><ent r="3" t="59" w="70" /><ent r="3" t="59" w="81" /><ent r="3" t="59" w="135" /><ent r="3" t="59" w="143" /><ent r="3" t="59" w="186" /><ent r="3" t="59" w="221" /><ent r="3" t="59" w="242" /><ent r="3" t="59" w="275" /><ent r="4" t="59" w="323" /><ent r="3" t="60" w="29" /><ent r="5" t="63" w="199" /><ent r="5" t="63" w="225" /><ent r="5" t="64" w="277" /><ent r="5" t="64" w="303" /><ent r="100" t="69" w="7" /><ent r="3" t="69" w="63" /><ent r="3" t="69" w="72" /><ent r="4" t="69" w="173" /><ent r="4" t="69" w="179" /><ent r="3" t="69" w="189" /><ent r="4" t="69" w="289" /><ent r="4" t="69" w="295" /><ent r="4" t="69" w="334" /></phr><phr n="services"><ent r="3" t="1" w="47" /><ent r="3" t="1" w="289" /><ent r="3" t="1" w="298" /><ent r="3" t="1" w="455" /><ent r="4" t="1" w="496" /><ent r="4" t="1" w="581" /><ent r="3" t="2" w="242" /><ent r="3" t="3" w="42" /><ent r="3" t="3" w="180" /><ent r="3" t="5" w="128" /><ent r="4" t="8" w="325" /><ent r="4" t="8" w="413" /><ent r="3" t="9" w="365" /><ent r="3" t="16" w="126" /><ent r="3" t="17" w="2321" /><ent r="3" t="19" w="914" /><ent r="3" t="20" w="1116" /><ent r="3" t="21" w="1171" /><ent r="6" t="22" w="715" /><ent r="3" t="25" w="68" /><ent r="5" t="26" w="209" /><ent r="5" t="26" w="1093" /><ent r="3" t="27" w="40" /><ent r="3" t="29" w="57" /><ent r="4" t="31" w="101" /><ent r="3" t="31" w="300" /><ent r="3" t="37" w="273" /><ent r="3" t="39" w="471" /><ent r="3" t="39" w="609" /><ent r="4" t="39" w="897" /><ent r="3" t="40" w="202" /><ent r="3" t="41" w="1487" /><ent r="3" t="41" w="1552" /><ent r="3" t="46" w="35" /><ent r="3" t="47" w="45" /><ent r="3" t="47" w="113" /><ent r="3" t="69" w="38" /><ent r="4" t="69" w="152" /><ent r="3" t="69" w="270" /></phr><phr n="Services"><ent r="3" t="5" w="166" /><ent r="5" t="8" w="310" /><ent r="5" t="8" w="318" /><ent r="5" t="8" w="398" /><ent r="5" t="8" w="406" /><ent r="5" t="17" w="2205" /><ent r="4" t="17" w="2250" /><ent r="3" t="17" w="2312" /><ent r="5" t="19" w="798" /><ent r="4" t="19" w="843" /><ent r="3" t="19" w="905" /><ent r="5" t="20" w="1000" /><ent r="4" t="20" w="1045" /><ent r="3" t="20" w="1107" /><ent r="5" t="21" w="1055" /><ent r="4" t="21" w="1100" /><ent r="3" t="21" w="1162" /><ent r="1000" t="25" w="3" /><ent r="100" t="25" w="10" /><ent r="102" t="25" w="14" /><ent r="100" t="26" w="213" /><ent r="92" t="28" w="255" /><ent r="3" t="28" w="295" /><ent r="5" t="28" w="301" /><ent r="3" t="28" w="762" /><ent r="5" t="34" w="336" /><ent r="5" t="48" w="346" /><ent r="4" t="54" w="260" /><ent r="9" t="54" w="1210" /><ent r="8" t="54" w="1253" /><ent r="4" t="59" w="99" /></phr><phr n="Service"><ent r="64" t="7" w="96" /><ent r="1000" t="8" w="2" /><ent r="100" t="8" w="5" /><ent r="102" t="8" w="21" /><ent r="64" t="8" w="112" /><ent r="64" t="8" w="124" /><ent r="64" t="8" w="128" /><ent r="100" t="8" w="131" /><ent r="82" t="8" w="144" /><ent r="100" t="8" w="239" /><ent r="82" t="8" w="252" /><ent r="100" t="8" w="354" /><ent r="82" t="8" w="359" /><ent r="5" t="17" w="199" /><ent r="4" t="17" w="2200" /><ent r="3" t="17" w="2299" /><ent r="4" t="19" w="793" /><ent r="3" t="19" w="892" /><ent r="5" t="20" w="381" /><ent r="4" t="20" w="452" /><ent r="4" t="20" w="995" /><ent r="3" t="20" w="1094" /><ent r="5" t="21" w="425" /><ent r="3" t="21" w="512" /><ent r="4" t="21" w="1050" /><ent r="3" t="21" w="1149" /><ent r="6" t="23" w="664" /><ent r="64" t="25" w="128" /><ent r="1000" t="26" w="6" /><ent r="100" t="26" w="17" /><ent r="102" t="26" w="24" /><ent r="5" t="26" w="81" /><ent r="4" t="26" w="1594" /><ent r="3" t="27" w="189" /><ent r="3" t="27" w="205" /><ent r="100" t="28" w="219" /><ent r="3" t="28" w="233" /><ent r="3" t="28" w="246" /><ent r="3" t="29" w="64" /><ent r="4" t="30" w="172" /><ent r="5" t="31" w="96" /><ent r="4" t="31" w="358" /><ent r="82" t="31" w="503" /><ent r="4" t="32" w="203" /><ent r="4" t="33" w="138" /><ent r="4" t="33" w="214" /><ent r="100" t="34" w="8" /><ent r="4" t="34" w="223" /><ent r="100" t="35" w="8" /><ent r="4" t="35" w="100" /><ent r="64" t="46" w="361" /><ent r="82" t="48" w="95" /><ent r="67" t="49" w="592" /><ent r="67" t="50" w="672" /><ent r="67" t="57" w="472" /><ent r="67" t="58" w="262" /><ent r="1000" t="59" w="4" /><ent r="100" t="59" w="13" /><ent r="102" t="59" w="18" /><ent r="3" t="60" w="87" /></phr><phr n="servicing"><ent r="3" t="9" w="139" /></phr></stem></index>