<?xml version="1.0" encoding="utf-8"?><index><stem n="urespa"><phr n="SecureSpan"><ent r="102" t="0" w="9" /><ent r="102" t="0" w="9" /><ent r="3" t="0" w="19" /><ent r="3" t="0" w="19" /><ent r="3" t="0" w="43" /><ent r="3" t="0" w="43" /><ent r="4" t="0" w="72" /><ent r="4" t="0" w="72" /><ent r="65" t="0" w="82" /><ent r="65" t="0" w="82" /><ent r="4" t="0" w="108" /><ent r="4" t="0" w="108" /><ent r="65" t="0" w="118" /><ent r="65" t="0" w="118" /><ent r="4" t="0" w="133" /><ent r="4" t="0" w="133" /><ent r="82" t="0" w="179" /><ent r="82" t="0" w="179" /><ent r="1000" t="1" w="1" /><ent r="1000" t="1" w="1" /><ent r="100" t="1" w="4" /><ent r="100" t="1" w="4" /><ent r="100" t="1" w="12" /><ent r="100" t="1" w="12" /><ent r="3" t="1" w="31" /><ent r="3" t="1" w="31" /><ent r="100" t="1" w="73" /><ent r="100" t="1" w="73" /><ent r="100" t="1" w="125" /><ent r="100" t="1" w="125" /><ent r="3" t="1" w="272" /><ent r="3" t="1" w="272" /><ent r="100" t="1" w="400" /><ent r="100" t="1" w="400" /><ent r="3" t="1" w="406" /><ent r="3" t="1" w="406" /><ent r="3" t="1" w="413" /><ent r="3" t="1" w="413" /><ent r="3" t="1" w="439" /><ent r="3" t="1" w="439" /><ent r="3" t="1" w="476" /><ent r="3" t="1" w="476" /><ent r="3" t="2" w="29" /><ent r="3" t="2" w="29" /><ent r="3" t="2" w="128" /><ent r="3" t="2" w="128" /><ent r="4" t="2" w="178" /><ent r="4" t="2" w="178" /><ent r="3" t="2" w="211" /><ent r="3" t="2" w="211" /><ent r="3" t="2" w="257" /><ent r="3" t="2" w="257" /><ent r="1000" t="3" w="1" /><ent r="1000" t="3" w="1" /><ent r="100" t="3" w="7" /><ent r="100" t="3" w="7" /><ent r="102" t="3" w="13" /><ent r="102" t="3" w="13" /><ent r="3" t="3" w="63" /><ent r="3" t="3" w="63" /><ent r="3" t="3" w="96" /><ent r="3" t="3" w="96" /><ent r="3" t="3" w="156" /><ent r="3" t="3" w="156" /><ent r="3" t="3" w="202" /><ent r="3" t="3" w="202" /><ent r="3" t="3" w="289" /><ent r="3" t="3" w="289" /><ent r="3" t="3" w="304" /><ent r="3" t="3" w="304" /><ent r="3" t="3" w="336" /><ent r="3" t="3" w="336" /><ent r="3" t="3" w="376" /><ent r="3" t="3" w="376" /><ent r="4" t="3" w="428" /><ent r="4" t="3" w="428" /><ent r="3" t="3" w="436" /><ent r="3" t="3" w="436" /><ent r="100" t="4" w="5" /><ent r="100" t="4" w="5" /><ent r="3" t="4" w="15" /><ent r="3" t="4" w="15" /><ent r="3" t="4" w="32" /><ent r="3" t="4" w="32" /><ent r="3" t="4" w="52" /><ent r="3" t="4" w="52" /><ent r="3" t="5" w="23" /><ent r="3" t="5" w="23" /><ent r="3" t="5" w="44" /><ent r="3" t="5" w="44" /><ent r="3" t="5" w="72" /><ent r="3" t="5" w="72" /><ent r="3" t="5" w="107" /><ent r="3" t="5" w="107" /><ent r="3" t="5" w="145" /><ent r="3" t="5" w="145" /><ent r="4" t="5" w="186" /><ent r="4" t="5" w="186" /><ent r="4" t="5" w="229" /><ent r="4" t="5" w="229" /><ent r="4" t="5" w="244" /><ent r="4" t="5" w="244" /><ent r="4" t="5" w="272" /><ent r="4" t="5" w="272" /><ent r="4" t="5" w="287" /><ent r="4" t="5" w="287" /><ent r="4" t="5" w="317" /><ent r="4" t="5" w="317" /><ent r="3" t="6" w="17" /><ent r="3" t="6" w="17" /><ent r="4" t="6" w="37" /><ent r="4" t="6" w="37" /><ent r="3" t="6" w="72" /><ent r="3" t="6" w="72" /><ent r="5" t="6" w="143" /><ent r="5" t="6" w="143" /><ent r="5" t="6" w="148" /><ent r="5" t="6" w="148" /><ent r="1000" t="7" w="1" /><ent r="1000" t="7" w="1" /><ent r="100" t="7" w="12" /><ent r="100" t="7" w="12" /><ent r="102" t="7" w="19" /><ent r="102" t="7" w="19" /><ent r="3" t="7" w="36" /><ent r="3" t="7" w="36" /><ent r="3" t="7" w="114" /><ent r="3" t="7" w="114" /><ent r="64" t="7" w="168" /><ent r="64" t="7" w="168" /><ent r="64" t="7" w="180" /><ent r="64" t="7" w="180" /><ent r="82" t="7" w="200" /><ent r="82" t="7" w="200" /><ent r="3" t="7" w="215" /><ent r="3" t="7" w="215" /><ent r="3" t="7" w="227" /><ent r="3" t="7" w="227" /><ent r="4" t="7" w="271" /><ent r="4" t="7" w="271" /><ent r="4" t="7" w="310" /><ent r="4" t="7" w="310" /><ent r="5" t="7" w="384" /><ent r="5" t="7" w="384" /><ent r="3" t="7" w="419" /><ent r="3" t="7" w="419" /><ent r="3" t="7" w="491" /><ent r="3" t="7" w="491" /><ent r="3" t="7" w="508" /><ent r="3" t="7" w="508" /><ent r="3" t="7" w="522" /><ent r="3" t="7" w="522" /><ent r="82" t="7" w="550" /><ent r="82" t="7" w="550" /><ent r="3" t="7" w="563" /><ent r="3" t="7" w="563" /><ent r="4" t="7" w="593" /><ent r="4" t="7" w="593" /><ent r="4" t="7" w="616" /><ent r="4" t="7" w="616" /><ent r="3" t="7" w="656" /><ent r="3" t="7" w="656" /><ent r="4" t="7" w="690" /><ent r="4" t="7" w="690" /><ent r="4" t="7" w="721" /><ent r="4" t="7" w="721" /><ent r="4" t="7" w="749" /><ent r="4" t="7" w="749" /><ent r="1000" t="8" w="1" /><ent r="1000" t="8" w="1" /><ent r="100" t="8" w="12" /><ent r="100" t="8" w="12" /><ent r="102" t="8" w="19" /><ent r="102" t="8" w="19" /><ent r="3" t="8" w="36" /><ent r="3" t="8" w="36" /><ent r="64" t="8" w="105" /><ent r="64" t="8" w="105" /><ent r="64" t="8" w="117" /><ent r="64" t="8" w="117" /><ent r="82" t="8" w="137" /><ent r="82" t="8" w="137" /><ent r="3" t="8" w="149" /><ent r="3" t="8" w="149" /><ent r="5" t="8" w="193" /><ent r="5" t="8" w="193" /><ent r="5" t="8" w="200" /><ent r="5" t="8" w="200" /><ent r="4" t="8" w="208" /><ent r="4" t="8" w="208" /><ent r="3" t="8" w="222" /><ent r="3" t="8" w="222" /><ent r="82" t="8" w="245" /><ent r="82" t="8" w="245" /><ent r="3" t="8" w="260" /><ent r="3" t="8" w="260" /><ent r="5" t="8" w="331" /><ent r="5" t="8" w="331" /><ent r="4" t="8" w="345" /><ent r="4" t="8" w="345" /><ent r="3" t="8" w="365" /><ent r="3" t="8" w="365" /><ent r="5" t="8" w="419" /><ent r="5" t="8" w="419" /><ent r="4" t="8" w="433" /><ent r="4" t="8" w="433" /><ent r="100" t="9" w="13" /><ent r="100" t="9" w="13" /><ent r="100" t="9" w="18" /><ent r="100" t="9" w="18" /><ent r="3" t="9" w="28" /><ent r="3" t="9" w="28" /><ent r="3" t="9" w="61" /><ent r="3" t="9" w="61" /><ent r="3" t="9" w="97" /><ent r="3" t="9" w="97" /><ent r="3" t="9" w="107" /><ent r="3" t="9" w="107" /><ent r="3" t="9" w="133" /><ent r="3" t="9" w="133" /><ent r="3" t="9" w="229" /><ent r="3" t="9" w="229" /><ent r="3" t="9" w="246" /><ent r="3" t="9" w="246" /><ent r="100" t="10" w="5" /><ent r="100" t="10" w="5" /><ent r="7" t="10" w="81" /><ent r="7" t="10" w="81" /><ent r="7" t="10" w="103" /><ent r="7" t="10" w="103" /><ent r="7" t="10" w="148" /><ent r="7" t="10" w="148" /><ent r="3" t="10" w="222" /><ent r="3" t="10" w="222" /><ent r="3" t="10" w="267" /><ent r="3" t="10" w="267" /><ent r="3" t="10" w="308" /><ent r="3" t="10" w="308" /><ent r="3" t="10" w="320" /><ent r="3" t="10" w="320" /><ent r="4" t="10" w="333" /><ent r="4" t="10" w="333" /><ent r="5" t="10" w="392" /><ent r="5" t="10" w="392" /><ent r="4" t="11" w="35" /><ent r="4" t="11" w="35" /><ent r="3" t="12" w="30" /><ent r="3" t="12" w="30" /><ent r="4" t="12" w="39" /><ent r="4" t="12" w="39" /><ent r="5" t="12" w="158" /><ent r="5" t="12" w="158" /><ent r="7" t="12" w="378" /><ent r="7" t="12" w="378" /><ent r="7" t="12" w="403" /><ent r="7" t="12" w="403" /><ent r="100" t="13" w="13" /><ent r="100" t="13" w="13" /><ent r="100" t="13" w="26" /><ent r="100" t="13" w="26" /><ent r="3" t="13" w="73" /><ent r="3" t="13" w="73" /><ent r="3" t="13" w="112" /><ent r="3" t="13" w="112" /><ent r="4" t="13" w="149" /><ent r="4" t="13" w="149" /><ent r="4" t="13" w="254" /><ent r="4" t="13" w="254" /><ent r="3" t="13" w="290" /><ent r="3" t="13" w="290" /><ent r="3" t="13" w="304" /><ent r="3" t="13" w="304" /><ent r="3" t="14" w="61" /><ent r="3" t="14" w="61" /><ent r="3" t="14" w="108" /><ent r="3" t="14" w="108" /><ent r="3" t="14" w="130" /><ent r="3" t="14" w="130" /><ent r="4" t="14" w="161" /><ent r="4" t="14" w="161" /><ent r="4" t="16" w="41" /><ent r="4" t="16" w="41" /><ent r="4" t="16" w="73" /><ent r="4" t="16" w="73" /><ent r="3" t="16" w="118" /><ent r="3" t="16" w="118" /><ent r="3" t="16" w="160" /><ent r="3" t="16" w="160" /><ent r="4" t="16" w="227" /><ent r="4" t="16" w="227" /><ent r="4" t="16" w="343" /><ent r="4" t="16" w="343" /><ent r="3" t="17" w="20" /><ent r="3" t="17" w="20" /><ent r="3" t="17" w="85" /><ent r="3" t="17" w="85" /><ent r="3" t="17" w="141" /><ent r="3" t="17" w="141" /><ent r="100" t="18" w="7" /><ent r="100" t="18" w="7" /><ent r="4" t="18" w="53" /><ent r="4" t="18" w="53" /><ent r="3" t="18" w="171" /><ent r="3" t="18" w="171" /><ent r="3" t="18" w="351" /><ent r="3" t="18" w="351" /><ent r="3" t="18" w="426" /><ent r="3" t="18" w="426" /><ent r="6" t="18" w="650" /><ent r="6" t="18" w="650" /><ent r="6" t="18" w="679" /><ent r="6" t="18" w="679" /><ent r="6" t="18" w="796" /><ent r="6" t="18" w="796" /><ent r="6" t="18" w="808" /><ent r="6" t="18" w="808" /><ent r="6" t="18" w="855" /><ent r="6" t="18" w="855" /><ent r="6" t="18" w="869" /><ent r="6" t="18" w="869" /><ent r="6" t="18" w="928" /><ent r="6" t="18" w="928" /><ent r="7" t="18" w="1054" /><ent r="7" t="18" w="1054" /><ent r="6" t="18" w="1580" /><ent r="6" t="18" w="1580" /><ent r="6" t="18" w="1805" /><ent r="6" t="18" w="1805" /><ent r="7" t="18" w="1904" /><ent r="7" t="18" w="1904" /><ent r="7" t="18" w="1949" /><ent r="7" t="18" w="1949" /><ent r="7" t="18" w="1994" /><ent r="7" t="18" w="1994" /><ent r="6" t="18" w="2066" /><ent r="6" t="18" w="2066" /><ent r="7" t="18" w="2123" /><ent r="7" t="18" w="2123" /><ent r="4" t="18" w="2186" /><ent r="4" t="18" w="2186" /><ent r="3" t="18" w="2267" /><ent r="3" t="18" w="2267" /><ent r="4" t="18" w="2364" /><ent r="4" t="18" w="2364" /><ent r="3" t="19" w="28" /><ent r="3" t="19" w="28" /><ent r="3" t="19" w="121" /><ent r="3" t="19" w="121" /><ent r="100" t="20" w="9" /><ent r="100" t="20" w="9" /><ent r="4" t="20" w="73" /><ent r="4" t="20" w="73" /><ent r="3" t="20" w="223" /><ent r="3" t="20" w="223" /><ent r="6" t="20" w="365" /><ent r="6" t="20" w="365" /><ent r="7" t="20" w="464" /><ent r="7" t="20" w="464" /><ent r="7" t="20" w="509" /><ent r="7" t="20" w="509" /><ent r="7" t="20" w="554" /><ent r="7" t="20" w="554" /><ent r="4" t="20" w="640" /><ent r="4" t="20" w="640" /><ent r="3" t="20" w="721" /><ent r="3" t="20" w="721" /><ent r="4" t="20" w="818" /><ent r="4" t="20" w="818" /><ent r="100" t="21" w="14" /><ent r="100" t="21" w="14" /><ent r="4" t="21" w="108" /><ent r="4" t="21" w="108" /><ent r="3" t="21" w="242" /><ent r="3" t="21" w="242" /><ent r="6" t="21" w="564" /><ent r="6" t="21" w="564" /><ent r="7" t="21" w="663" /><ent r="7" t="21" w="663" /><ent r="7" t="21" w="708" /><ent r="7" t="21" w="708" /><ent r="7" t="21" w="753" /><ent r="7" t="21" w="753" /><ent r="4" t="21" w="839" /><ent r="4" t="21" w="839" /><ent r="3" t="21" w="922" /><ent r="3" t="21" w="922" /><ent r="4" t="21" w="1019" /><ent r="4" t="21" w="1019" /><ent r="100" t="22" w="14" /><ent r="100" t="22" w="14" /><ent r="4" t="22" w="80" /><ent r="4" t="22" w="80" /><ent r="3" t="22" w="213" /><ent r="3" t="22" w="213" /><ent r="3" t="22" w="491" /><ent r="3" t="22" w="491" /><ent r="6" t="22" w="617" /><ent r="6" t="22" w="617" /><ent r="7" t="22" w="716" /><ent r="7" t="22" w="716" /><ent r="7" t="22" w="761" /><ent r="7" t="22" w="761" /><ent r="7" t="22" w="806" /><ent r="7" t="22" w="806" /><ent r="4" t="22" w="892" /><ent r="4" t="22" w="892" /><ent r="3" t="22" w="976" /><ent r="3" t="22" w="976" /><ent r="4" t="22" w="1073" /><ent r="4" t="22" w="1073" /><ent r="6" t="23" w="335" /><ent r="6" t="23" w="335" /><ent r="6" t="23" w="465" /><ent r="6" t="23" w="465" /><ent r="6" t="23" w="506" /><ent r="6" t="23" w="506" /><ent r="6" t="23" w="572" /><ent r="6" t="23" w="572" /><ent r="6" t="23" w="663" /><ent r="6" t="23" w="663" /><ent r="6" t="23" w="692" /><ent r="6" t="23" w="692" /><ent r="3" t="24" w="33" /><ent r="3" t="24" w="33" /><ent r="3" t="24" w="53" /><ent r="3" t="24" w="53" /><ent r="3" t="24" w="71" /><ent r="3" t="24" w="71" /><ent r="3" t="24" w="108" /><ent r="3" t="24" w="108" /><ent r="3" t="24" w="132" /><ent r="3" t="24" w="132" /><ent r="4" t="24" w="450" /><ent r="4" t="24" w="450" /><ent r="4" t="24" w="479" /><ent r="4" t="24" w="479" /><ent r="5" t="25" w="58" /><ent r="5" t="25" w="58" /><ent r="5" t="25" w="68" /><ent r="5" t="25" w="68" /><ent r="5" t="25" w="99" /><ent r="5" t="25" w="99" /><ent r="5" t="25" w="405" /><ent r="5" t="25" w="405" /><ent r="3" t="25" w="666" /><ent r="3" t="25" w="666" /><ent r="3" t="26" w="18" /><ent r="3" t="26" w="18" /><ent r="3" t="26" w="57" /><ent r="3" t="26" w="57" /><ent r="3" t="26" w="88" /><ent r="3" t="26" w="88" /><ent r="3" t="27" w="30" /><ent r="3" t="27" w="30" /><ent r="4" t="27" w="60" /><ent r="4" t="27" w="60" /><ent r="3" t="27" w="152" /><ent r="3" t="27" w="152" /><ent r="6" t="27" w="375" /><ent r="6" t="27" w="375" /><ent r="6" t="27" w="404" /><ent r="6" t="27" w="404" /><ent r="6" t="27" w="458" /><ent r="6" t="27" w="458" /><ent r="6" t="27" w="537" /><ent r="6" t="27" w="537" /><ent r="6" t="27" w="549" /><ent r="6" t="27" w="549" /><ent r="6" t="27" w="609" /><ent r="6" t="27" w="609" /><ent r="6" t="27" w="623" /><ent r="6" t="27" w="623" /><ent r="6" t="27" w="682" /><ent r="6" t="27" w="682" /><ent r="7" t="27" w="811" /><ent r="7" t="27" w="811" /><ent r="6" t="27" w="1099" /><ent r="6" t="27" w="1099" /><ent r="6" t="27" w="1271" /><ent r="6" t="27" w="1271" /><ent r="7" t="27" w="1367" /><ent r="7" t="27" w="1367" /><ent r="7" t="27" w="1412" /><ent r="7" t="27" w="1412" /><ent r="7" t="27" w="1457" /><ent r="7" t="27" w="1457" /><ent r="3" t="27" w="1537" /><ent r="3" t="27" w="1537" /><ent r="100" t="28" w="7" /><ent r="100" t="28" w="7" /><ent r="102" t="28" w="23" /><ent r="102" t="28" w="23" /><ent r="3" t="28" w="51" /><ent r="3" t="28" w="51" /><ent r="3" t="28" w="117" /><ent r="3" t="28" w="117" /><ent r="3" t="28" w="145" /><ent r="3" t="28" w="145" /><ent r="3" t="28" w="177" /><ent r="3" t="28" w="177" /><ent r="3" t="28" w="196" /><ent r="3" t="28" w="196" /><ent r="3" t="28" w="284" /><ent r="3" t="28" w="284" /><ent r="3" t="28" w="310" /><ent r="3" t="28" w="310" /><ent r="3" t="29" w="37" /><ent r="3" t="29" w="37" /><ent r="4" t="29" w="100" /><ent r="4" t="29" w="100" /><ent r="4" t="29" w="129" /><ent r="4" t="29" w="129" /><ent r="3" t="29" w="146" /><ent r="3" t="29" w="146" /><ent r="3" t="29" w="264" /><ent r="3" t="29" w="264" /><ent r="7" t="29" w="455" /><ent r="7" t="29" w="455" /><ent r="7" t="29" w="580" /><ent r="7" t="29" w="580" /><ent r="3" t="29" w="798" /><ent r="3" t="29" w="798" /><ent r="3" t="29" w="821" /><ent r="3" t="29" w="821" /><ent r="3" t="29" w="846" /><ent r="3" t="29" w="846" /><ent r="4" t="29" w="884" /><ent r="4" t="29" w="884" /><ent r="4" t="29" w="916" /><ent r="4" t="29" w="916" /><ent r="4" t="29" w="955" /><ent r="4" t="29" w="955" /><ent r="4" t="29" w="973" /><ent r="4" t="29" w="973" /><ent r="4" t="29" w="992" /><ent r="4" t="29" w="992" /><ent r="4" t="29" w="1034" /><ent r="4" t="29" w="1034" /><ent r="4" t="29" w="1079" /><ent r="4" t="29" w="1079" /><ent r="3" t="29" w="1113" /><ent r="3" t="29" w="1113" /><ent r="3" t="29" w="1147" /><ent r="3" t="29" w="1147" /><ent r="4" t="29" w="1173" /><ent r="4" t="29" w="1173" /><ent r="4" t="29" w="1210" /><ent r="4" t="29" w="1210" /><ent r="4" t="29" w="1240" /><ent r="4" t="29" w="1240" /><ent r="4" t="29" w="1258" /><ent r="4" t="29" w="1258" /><ent r="3" t="30" w="32" /><ent r="3" t="30" w="32" /><ent r="3" t="30" w="100" /><ent r="3" t="30" w="100" /><ent r="3" t="31" w="111" /><ent r="3" t="31" w="111" /><ent r="4" t="31" w="146" /><ent r="4" t="31" w="146" /><ent r="4" t="31" w="182" /><ent r="4" t="31" w="182" /><ent r="4" t="32" w="69" /><ent r="4" t="32" w="69" /><ent r="3" t="32" w="202" /><ent r="3" t="32" w="202" /><ent r="3" t="32" w="512" /><ent r="3" t="32" w="512" /><ent r="4" t="32" w="527" /><ent r="4" t="32" w="527" /><ent r="4" t="32" w="540" /><ent r="4" t="32" w="540" /><ent r="4" t="32" w="573" /><ent r="4" t="32" w="573" /><ent r="4" t="32" w="607" /><ent r="4" t="32" w="607" /><ent r="5" t="32" w="638" /><ent r="5" t="32" w="638" /><ent r="5" t="32" w="657" /><ent r="5" t="32" w="657" /><ent r="3" t="33" w="113" /><ent r="3" t="33" w="113" /><ent r="4" t="33" w="177" /><ent r="4" t="33" w="177" /><ent r="4" t="33" w="213" /><ent r="4" t="33" w="213" /><ent r="7" t="33" w="507" /><ent r="7" t="33" w="507" /><ent r="7" t="33" w="520" /><ent r="7" t="33" w="520" /><ent r="7" t="33" w="558" /><ent r="7" t="33" w="558" /><ent r="3" t="34" w="40" /><ent r="3" t="34" w="40" /><ent r="3" t="34" w="73" /><ent r="3" t="34" w="73" /><ent r="4" t="34" w="112" /><ent r="4" t="34" w="112" /><ent r="4" t="34" w="148" /><ent r="4" t="34" w="148" /><ent r="4" t="34" w="219" /><ent r="4" t="34" w="219" /><ent r="3" t="35" w="31" /><ent r="3" t="35" w="31" /><ent r="3" t="35" w="58" /><ent r="3" t="35" w="58" /><ent r="3" t="35" w="94" /><ent r="3" t="35" w="94" /><ent r="3" t="35" w="159" /><ent r="3" t="35" w="159" /><ent r="4" t="35" w="173" /><ent r="4" t="35" w="173" /><ent r="3" t="35" w="270" /><ent r="3" t="35" w="270" /><ent r="3" t="36" w="32" /><ent r="3" t="36" w="32" /><ent r="4" t="36" w="50" /><ent r="4" t="36" w="50" /><ent r="3" t="37" w="24" /><ent r="3" t="37" w="24" /><ent r="3" t="37" w="51" /><ent r="3" t="37" w="51" /><ent r="3" t="37" w="81" /><ent r="3" t="37" w="81" /><ent r="3" t="37" w="120" /><ent r="3" t="37" w="120" /><ent r="3" t="37" w="222" /><ent r="3" t="37" w="222" /><ent r="3" t="37" w="301" /><ent r="3" t="37" w="301" /><ent r="3" t="37" w="338" /><ent r="3" t="37" w="338" /><ent r="3" t="37" w="470" /><ent r="3" t="37" w="470" /><ent r="3" t="37" w="492" /><ent r="3" t="37" w="492" /><ent r="3" t="37" w="516" /><ent r="3" t="37" w="516" /><ent r="3" t="37" w="595" /><ent r="3" t="37" w="595" /><ent r="3" t="38" w="24" /><ent r="3" t="38" w="24" /><ent r="4" t="38" w="54" /><ent r="4" t="38" w="54" /><ent r="4" t="38" w="98" /><ent r="4" t="38" w="98" /><ent r="65" t="38" w="108" /><ent r="65" t="38" w="108" /><ent r="4" t="38" w="120" /><ent r="4" t="38" w="120" /><ent r="4" t="38" w="167" /><ent r="4" t="38" w="167" /><ent r="4" t="38" w="199" /><ent r="4" t="38" w="199" /><ent r="3" t="38" w="252" /><ent r="3" t="38" w="252" /><ent r="3" t="39" w="23" /><ent r="3" t="39" w="23" /><ent r="3" t="39" w="90" /><ent r="3" t="39" w="90" /><ent r="3" t="39" w="119" /><ent r="3" t="39" w="119" /><ent r="4" t="39" w="135" /><ent r="4" t="39" w="135" /><ent r="3" t="40" w="29" /><ent r="3" t="40" w="29" /><ent r="3" t="40" w="55" /><ent r="3" t="40" w="55" /><ent r="3" t="40" w="121" /><ent r="3" t="40" w="121" /><ent r="3" t="40" w="130" /><ent r="3" t="40" w="130" /><ent r="3" t="40" w="178" /><ent r="3" t="40" w="178" /><ent r="3" t="40" w="203" /><ent r="3" t="40" w="203" /><ent r="3" t="40" w="242" /><ent r="3" t="40" w="242" /><ent r="3" t="40" w="252" /><ent r="3" t="40" w="252" /><ent r="3" t="40" w="296" /><ent r="3" t="40" w="296" /><ent r="3" t="40" w="307" /><ent r="3" t="40" w="307" /><ent r="3" t="40" w="355" /><ent r="3" t="40" w="355" /><ent r="3" t="40" w="412" /><ent r="3" t="40" w="412" /><ent r="3" t="40" w="438" /><ent r="3" t="40" w="438" /><ent r="3" t="40" w="463" /><ent r="3" t="40" w="463" /><ent r="3" t="40" w="518" /><ent r="3" t="40" w="518" /><ent r="3" t="40" w="530" /><ent r="3" t="40" w="530" /><ent r="3" t="40" w="571" /><ent r="3" t="40" w="571" /><ent r="3" t="40" w="715" /><ent r="3" t="40" w="715" /><ent r="4" t="40" w="762" /><ent r="4" t="40" w="762" /><ent r="4" t="40" w="792" /><ent r="4" t="40" w="792" /><ent r="3" t="40" w="835" /><ent r="3" t="40" w="835" /><ent r="3" t="40" w="974" /><ent r="3" t="40" w="974" /><ent r="3" t="40" w="1093" /><ent r="3" t="40" w="1093" /><ent r="3" t="40" w="1117" /><ent r="3" t="40" w="1117" /><ent r="3" t="40" w="1146" /><ent r="3" t="40" w="1146" /><ent r="3" t="41" w="35" /><ent r="3" t="41" w="35" /><ent r="3" t="41" w="64" /><ent r="3" t="41" w="64" /><ent r="3" t="41" w="105" /><ent r="3" t="41" w="105" /><ent r="3" t="41" w="134" /><ent r="3" t="41" w="134" /><ent r="64" t="41" w="144" /><ent r="64" t="41" w="144" /><ent r="3" t="42" w="55" /><ent r="3" t="42" w="55" /><ent r="3" t="42" w="110" /><ent r="3" t="42" w="110" /><ent r="3" t="42" w="147" /><ent r="3" t="42" w="147" /><ent r="3" t="42" w="174" /><ent r="3" t="42" w="174" /><ent r="3" t="42" w="270" /><ent r="3" t="42" w="270" /><ent r="3" t="42" w="344" /><ent r="3" t="42" w="344" /><ent r="3" t="42" w="371" /><ent r="3" t="42" w="371" /><ent r="3" t="42" w="384" /><ent r="3" t="42" w="384" /><ent r="3" t="42" w="403" /><ent r="3" t="42" w="403" /><ent r="3" t="42" w="462" /><ent r="3" t="42" w="462" /><ent r="3" t="42" w="515" /><ent r="3" t="42" w="515" /><ent r="3" t="42" w="553" /><ent r="3" t="42" w="553" /><ent r="3" t="42" w="625" /><ent r="3" t="42" w="625" /><ent r="3" t="42" w="699" /><ent r="3" t="42" w="699" /><ent r="3" t="42" w="803" /><ent r="3" t="42" w="803" /><ent r="3" t="42" w="822" /><ent r="3" t="42" w="822" /><ent r="3" t="42" w="895" /><ent r="3" t="42" w="895" /><ent r="3" t="42" w="919" /><ent r="3" t="42" w="919" /><ent r="3" t="42" w="989" /><ent r="3" t="42" w="989" /><ent r="3" t="42" w="1025" /><ent r="3" t="42" w="1025" /><ent r="4" t="42" w="1043" /><ent r="4" t="42" w="1043" /><ent r="3" t="42" w="1134" /><ent r="3" t="42" w="1134" /><ent r="3" t="42" w="1230" /><ent r="3" t="42" w="1230" /><ent r="3" t="42" w="1329" /><ent r="3" t="42" w="1329" /><ent r="3" t="42" w="1356" /><ent r="3" t="42" w="1356" /><ent r="3" t="42" w="1407" /><ent r="3" t="42" w="1407" /><ent r="3" t="42" w="1492" /><ent r="3" t="42" w="1492" /><ent r="3" t="42" w="1503" /><ent r="3" t="42" w="1503" /><ent r="3" t="42" w="1544" /><ent r="3" t="42" w="1544" /><ent r="3" t="42" w="1565" /><ent r="3" t="42" w="1565" /><ent r="3" t="42" w="1586" /><ent r="3" t="42" w="1586" /><ent r="3" t="42" w="1618" /><ent r="3" t="42" w="1618" /><ent r="3" t="42" w="1667" /><ent r="3" t="42" w="1667" /><ent r="3" t="42" w="1756" /><ent r="3" t="42" w="1756" /><ent r="3" t="42" w="1850" /><ent r="3" t="42" w="1850" /><ent r="3" t="42" w="1915" /><ent r="3" t="42" w="1915" /><ent r="3" t="42" w="1938" /><ent r="3" t="42" w="1938" /><ent r="4" t="42" w="2004" /><ent r="4" t="42" w="2004" /><ent r="3" t="42" w="2025" /><ent r="3" t="42" w="2025" /><ent r="3" t="42" w="2049" /><ent r="3" t="42" w="2049" /><ent r="3" t="42" w="2086" /><ent r="3" t="42" w="2086" /><ent r="100" t="43" w="18" /><ent r="100" t="43" w="18" /><ent r="100" t="43" w="23" /><ent r="100" t="43" w="23" /><ent r="7" t="43" w="135" /><ent r="7" t="43" w="135" /><ent r="7" t="43" w="201" /><ent r="7" t="43" w="201" /><ent r="7" t="43" w="248" /><ent r="7" t="43" w="248" /><ent r="7" t="43" w="306" /><ent r="7" t="43" w="306" /><ent r="7" t="43" w="414" /><ent r="7" t="43" w="414" /><ent r="1000" t="44" w="2" /><ent r="1000" t="44" w="2" /><ent r="100" t="44" w="10" /><ent r="100" t="44" w="10" /><ent r="100" t="44" w="17" /><ent r="100" t="44" w="17" /><ent r="102" t="44" w="28" /><ent r="102" t="44" w="28" /><ent r="3" t="44" w="49" /><ent r="3" t="44" w="49" /><ent r="100" t="44" w="87" /><ent r="100" t="44" w="87" /><ent r="3" t="45" w="22" /><ent r="3" t="45" w="22" /><ent r="4" t="45" w="114" /><ent r="4" t="45" w="114" /><ent r="3" t="45" w="177" /><ent r="3" t="45" w="177" /><ent r="3" t="45" w="193" /><ent r="3" t="45" w="193" /><ent r="4" t="45" w="229" /><ent r="4" t="45" w="229" /><ent r="6" t="45" w="309" /><ent r="6" t="45" w="309" /><ent r="6" t="45" w="318" /><ent r="6" t="45" w="318" /><ent r="6" t="45" w="344" /><ent r="6" t="45" w="344" /><ent r="6" t="45" w="386" /><ent r="6" t="45" w="386" /><ent r="3" t="46" w="32" /><ent r="3" t="46" w="32" /><ent r="3" t="46" w="56" /><ent r="3" t="46" w="56" /><ent r="3" t="46" w="105" /><ent r="3" t="46" w="105" /><ent r="7" t="46" w="131" /><ent r="7" t="46" w="131" /><ent r="7" t="46" w="156" /><ent r="7" t="46" w="156" /><ent r="4" t="46" w="195" /><ent r="4" t="46" w="195" /><ent r="3" t="46" w="232" /><ent r="3" t="46" w="232" /><ent r="3" t="46" w="274" /><ent r="3" t="46" w="274" /><ent r="3" t="47" w="53" /><ent r="3" t="47" w="53" /><ent r="4" t="47" w="146" /><ent r="4" t="47" w="146" /><ent r="6" t="47" w="174" /><ent r="6" t="47" w="174" /><ent r="3" t="47" w="259" /><ent r="3" t="47" w="259" /><ent r="3" t="47" w="337" /><ent r="3" t="47" w="337" /><ent r="3" t="47" w="721" /><ent r="3" t="47" w="721" /><ent r="100" t="48" w="18" /><ent r="100" t="48" w="18" /><ent r="100" t="48" w="23" /><ent r="100" t="48" w="23" /><ent r="82" t="48" w="754" /><ent r="82" t="48" w="754" /><ent r="3" t="48" w="763" /><ent r="3" t="48" w="763" /><ent r="3" t="48" w="794" /><ent r="3" t="48" w="794" /><ent r="3" t="48" w="820" /><ent r="3" t="48" w="820" /><ent r="4" t="49" w="100" /><ent r="4" t="49" w="100" /><ent r="4" t="49" w="142" /><ent r="4" t="49" w="142" /><ent r="4" t="49" w="190" /><ent r="4" t="49" w="190" /><ent r="6" t="50" w="559" /><ent r="6" t="50" w="559" /><ent r="6" t="51" w="623" /><ent r="6" t="51" w="623" /><ent r="3" t="55" w="1765" /><ent r="3" t="55" w="1765" /><ent r="3" t="56" w="95" /><ent r="3" t="56" w="95" /><ent r="3" t="56" w="122" /><ent r="3" t="56" w="122" /><ent r="3" t="56" w="146" /><ent r="3" t="56" w="146" /><ent r="3" t="56" w="226" /><ent r="3" t="56" w="226" /><ent r="100" t="57" w="23" /><ent r="100" t="57" w="23" /><ent r="3" t="57" w="39" /><ent r="3" t="57" w="39" /><ent r="4" t="57" w="57" /><ent r="4" t="57" w="57" /><ent r="3" t="58" w="206" /><ent r="3" t="58" w="206" /><ent r="100" t="59" w="8" /><ent r="100" t="59" w="8" /><ent r="3" t="59" w="137" /><ent r="3" t="59" w="137" /><ent r="3" t="60" w="151" /><ent r="3" t="60" w="151" /><ent r="3" t="60" w="177" /><ent r="3" t="60" w="177" /><ent r="3" t="60" w="212" /><ent r="3" t="60" w="212" /><ent r="3" t="63" w="18" /><ent r="3" t="63" w="18" /><ent r="5" t="63" w="33" /><ent r="5" t="63" w="33" /><ent r="7" t="63" w="62" /><ent r="7" t="63" w="62" /><ent r="7" t="63" w="456" /><ent r="7" t="63" w="456" /><ent r="8" t="64" w="51" /><ent r="8" t="64" w="51" /><ent r="8" t="64" w="56" /><ent r="8" t="64" w="56" /><ent r="4" t="64" w="150" /><ent r="4" t="64" w="150" /><ent r="3" t="64" w="162" /><ent r="3" t="64" w="162" /><ent r="5" t="64" w="187" /><ent r="5" t="64" w="187" /><ent r="5" t="64" w="212" /><ent r="5" t="64" w="212" /><ent r="8" t="65" w="49" /><ent r="8" t="65" w="49" /><ent r="8" t="65" w="54" /><ent r="8" t="65" w="54" /><ent r="4" t="65" w="120" /><ent r="4" t="65" w="120" /><ent r="5" t="65" w="141" /><ent r="5" t="65" w="141" /><ent r="4" t="65" w="235" /><ent r="4" t="65" w="235" /><ent r="5" t="65" w="265" /><ent r="5" t="65" w="265" /><ent r="5" t="65" w="290" /><ent r="5" t="65" w="290" /><ent r="3" t="66" w="42" /><ent r="3" t="66" w="42" /><ent r="8" t="66" w="120" /><ent r="8" t="66" w="120" /><ent r="8" t="66" w="125" /><ent r="8" t="66" w="125" /><ent r="4" t="66" w="193" /><ent r="4" t="66" w="193" /><ent r="3" t="67" w="29" /><ent r="3" t="67" w="29" /><ent r="3" t="67" w="89" /><ent r="3" t="67" w="89" /><ent r="3" t="67" w="116" /><ent r="3" t="67" w="116" /><ent r="7" t="67" w="133" /><ent r="7" t="67" w="133" /><ent r="7" t="67" w="138" /><ent r="7" t="67" w="138" /><ent r="4" t="67" w="194" /><ent r="4" t="67" w="194" /><ent r="4" t="67" w="214" /><ent r="4" t="67" w="214" /><ent r="4" t="67" w="306" /><ent r="4" t="67" w="306" /><ent r="3" t="68" w="42" /><ent r="3" t="68" w="42" /><ent r="3" t="68" w="85" /><ent r="3" t="68" w="85" /><ent r="4" t="68" w="218" /><ent r="4" t="68" w="218" /><ent r="3" t="68" w="239" /><ent r="3" t="68" w="239" /><ent r="3" t="69" w="19" /><ent r="3" t="69" w="19" /><ent r="7" t="69" w="46" /><ent r="7" t="69" w="46" /><ent r="7" t="69" w="81" /><ent r="7" t="69" w="81" /><ent r="7" t="69" w="130" /><ent r="7" t="69" w="130" /><ent r="7" t="69" w="147" /><ent r="7" t="69" w="147" /><ent r="7" t="69" w="160" /><ent r="7" t="69" w="160" /><ent r="3" t="70" w="24" /><ent r="3" t="70" w="24" /><ent r="3" t="70" w="42" /><ent r="3" t="70" w="42" /><ent r="4" t="70" w="101" /><ent r="4" t="70" w="101" /><ent r="3" t="70" w="225" /><ent r="3" t="70" w="225" /></phr></stem></index>