﻿<?xml version="1.0" encoding="utf-8"?><index><stem n="warehouse.acme.com/w"><phr n="warehouse.acme.com/ws"><ent r="8" t="28" w="349" /><ent r="8" t="28" w="346" /><ent r="7" t="28" w="388" /><ent r="7" t="28" w="385" /><ent r="3" t="39" w="649" /><ent r="3" t="39" w="646" /><ent r="4" t="39" w="942" /><ent r="4" t="39" w="939" /></phr></stem><stem n="“http://warehouse.acme.com/ws”"><phr n="“http://warehouse.acme.com/ws”"><ent r="8" t="28" w="350" /><ent r="4" t="39" w="943" /></phr></stem><stem n="-soap"><phr n="-SOAP"><ent r="7" t="28" w="353" /><ent r="7" t="28" w="353" /><ent r="5" t="31" w="421" /><ent r="5" t="31" w="421" /><ent r="3" t="31" w="464" /><ent r="3" t="31" w="464" /><ent r="3" t="39" w="681" /><ent r="3" t="39" w="681" /><ent r="64" t="39" w="706" /><ent r="64" t="39" w="706" /><ent r="100" t="39" w="1037" /><ent r="100" t="39" w="1037" /><ent r="82" t="39" w="1042" /><ent r="82" t="39" w="1042" /><ent r="3" t="39" w="1052" /><ent r="3" t="39" w="1052" /><ent r="3" t="39" w="1061" /><ent r="3" t="39" w="1061" /><ent r="3" t="39" w="1089" /><ent r="3" t="39" w="1089" /><ent r="3" t="41" w="525" /><ent r="3" t="41" w="525" /></phr></stem><stem n="non-soap"><phr n="non-SOAP"><ent r="7" t="28" w="353" /><ent r="5" t="31" w="421" /><ent r="3" t="31" w="464" /><ent r="3" t="39" w="681" /><ent r="4" t="39" w="930" /><ent r="3" t="39" w="1052" /><ent r="3" t="39" w="1089" /><ent r="3" t="41" w="525" /></phr><phr n="Non-SOAP"><ent r="64" t="39" w="706" /><ent r="100" t="39" w="1037" /><ent r="82" t="39" w="1042" /><ent r="3" t="39" w="1061" /></phr></stem><stem n="string"><phr n="string"><ent r="7" t="28" w="366" /><ent r="7" t="28" w="491" /><ent r="7" t="32" w="425" /><ent r="4" t="67" w="875" /></phr><phr n="strings"><ent r="3" t="39" w="1110" /></phr></stem><stem n="accompani"><phr n="accompanies"><ent r="7" t="28" w="378" /></phr></stem><stem n="warehouse.acme.com/ws/currentord"><phr n="warehouse.acme.com/ws/currentOrders"><ent r="7" t="28" w="389" /><ent r="7" t="28" w="385" /></phr></stem><stem n="currentord"><phr n="currentOrders"><ent r="7" t="28" w="389" /></phr></stem><stem n="“http://warehouse.acme.com/ws/currentorders&quot;."><phr n="“http://warehouse.acme.com/ws/currentOrders&quot;."><ent r="7" t="28" w="390" /></phr></stem><stem n="surround"><phr n="surrounded"><ent r="7" t="28" w="403" /></phr></stem><stem n="quot"><phr n="quotes"><ent r="7" t="28" w="405" /><ent r="7" t="28" w="416" /></phr></stem><stem n="(“”)."><phr n="(“”)."><ent r="7" t="28" w="406" /></phr></stem><stem n="around"><phr n="around"><ent r="7" t="28" w="417" /></phr></stem><stem n="extra"><phr n="extra"><ent r="7" t="28" w="445" /></phr></stem><stem n="path"><phr n="path"><ent r="7" t="28" w="449" /><ent r="7" t="62" w="226" /><ent r="4" t="66" w="228" /><ent r="4" t="66" w="261" /></phr></stem><stem n="identifi"><phr n="identified"><ent r="7" t="28" w="471" /><ent r="3" t="28" w="838" /><ent r="7" t="32" w="400" /><ent r="3" t="46" w="46" /><ent r="5" t="57" w="185" /></phr><phr n="identifies"><ent r="3" t="39" w="871" /><ent r="4" t="39" w="886" /></phr><phr n="identifier"><ent r="3" t="41" w="955" /><ent r="3" t="41" w="1792" /><ent r="3" t="41" w="1891" /><ent r="4" t="46" w="450" /></phr><phr n="identify"><ent r="3" t="46" w="81" /></phr><phr n="Identifier"><ent r="6" t="54" w="1332" /></phr></stem><stem n="7700/ssg"><phr n="7700/ssg"><ent r="7" t="28" w="479" /><ent r="7" t="28" w="478" /></phr></stem><stem n="7700/ssg/soap"><phr n="7700/ssg/soap"><ent r="7" t="28" w="480" /><ent r="7" t="28" w="478" /></phr></stem><stem n="“http://localhost:7700/ssg/soap”,"><phr n="“http://localhost:7700/ssg/soap”,"><ent r="7" t="28" w="481" /></phr></stem><stem n="would"><phr n="would"><ent r="7" t="28" w="488" /><ent r="7" t="32" w="422" /><ent r="3" t="47" w="312" /><ent r="4" t="64" w="134" /></phr></stem><stem n="ssg/soap"><phr n="ssg/soap"><ent r="7" t="28" w="493" /><ent r="7" t="28" w="492" /></phr></stem><stem n="“/ssg/soap”."><phr n="“/ssg/soap”."><ent r="7" t="28" w="494" /></phr></stem><stem n="exact"><phr n="exact"><ent r="9" t="28" w="509" /><ent r="4" t="31" w="561" /><ent r="4" t="31" w="567" /><ent r="4" t="31" w="600" /><ent r="8" t="32" w="296" /><ent r="8" t="32" w="356" /><ent r="3" t="47" w="104" /></phr></stem><stem n="disk"><phr n="disk"><ent r="7" t="28" w="578" /><ent r="7" t="32" w="480" /><ent r="7" t="32" w="551" /><ent r="3" t="41" w="1898" /></phr></stem><stem n="invoc"><phr n="invocations"><ent r="7" t="28" w="586" /></phr></stem><stem n="overridden"><phr n="overridden"><ent r="7" t="28" w="590" /><ent r="7" t="32" w="484" /><ent r="7" t="32" w="495" /><ent r="3" t="67" w="61" /></phr></stem><stem n="row"><phr n="row"><ent r="3" t="28" w="700" /></phr></stem><stem n="-onli"><phr n="-only"><ent r="3" t="28" w="704" /><ent r="3" t="28" w="704" /><ent r="3" t="28" w="748" /><ent r="3" t="28" w="748" /></phr></stem><stem n="read-onli"><phr n="read-only"><ent r="3" t="28" w="704" /><ent r="3" t="28" w="748" /></phr></stem><stem n="tree"><phr n="tree"><ent r="3" t="28" w="773" /><ent r="3" t="28" w="779" /><ent r="3" t="34" w="48" /></phr></stem><stem n="structur"><phr n="structure"><ent r="3" t="28" w="774" /><ent r="3" t="34" w="49" /></phr></stem><stem n="develop"><phr n="Development"><ent r="3" t="28" w="788" /><ent r="3" t="54" w="231" /><ent r="3" t="54" w="283" /><ent r="3" t="54" w="1651" /></phr><phr n="developed"><ent r="3" t="40" w="74" /></phr><phr n="develop"><ent r="3" t="54" w="247" /></phr></stem><stem n="referenc"><phr n="referenced"><ent r="3" t="28" w="828" /></phr></stem><stem n="unsupport"><phr n="unsupported"><ent r="3" t="28" w="840" /></phr></stem><stem n="viewabl"><phr n="viewable"><ent r="3" t="28" w="864" /></phr></stem><stem n="convers"><phr n="Conversation"><ent r="4" t="28" w="984" /><ent r="5" t="41" w="1163" /></phr></stem><stem n="-secureconvers"><phr n="-SecureConversation"><ent r="4" t="28" w="1011" /><ent r="4" t="28" w="1011" /><ent r="7" t="42" w="176" /><ent r="7" t="42" w="176" /></phr></stem><stem n="securitycontext"><phr n="SecurityContext"><ent r="4" t="28" w="1013" /><ent r="4" t="28" w="1015" /><ent r="7" t="42" w="214" /></phr></stem><stem n="evalu"><phr n="evaluation"><ent r="4" t="28" w="1029" /></phr><phr n="evaluate"><ent r="3" t="54" w="1639" /></phr></stem><stem n="binarysecuritytoken"><phr n="BinarySecurityToken"><ent r="4" t="28" w="1052" /><ent r="4" t="53" w="245" /></phr></stem><stem n="least"><phr n="least"><ent r="4" t="28" w="1071" /><ent r="5" t="31" w="404" /><ent r="5" t="31" w="442" /><ent r="7" t="50" w="572" /><ent r="7" t="54" w="463" /><ent r="9" t="54" w="800" /><ent r="3" t="54" w="1635" /><ent r="3" t="67" w="427" /></phr></stem><stem n="actual"><phr n="actual"><ent r="3" t="28" w="1132" /><ent r="3" t="46" w="83" /><ent r="4" t="56" w="133" /></phr></stem><stem n="(user"><phr n="(user"><ent r="3" t="28" w="1134" /></phr></stem><stem n="(or"><phr n="(or"><ent r="4" t="28" w="1184" /></phr></stem><stem n="accordingli"><phr n="accordingly"><ent r="4" t="28" w="1224" /><ent r="3" t="36" w="438" /><ent r="4" t="64" w="111" /></phr></stem><stem n="replai"><phr n="Replay"><ent r="5" t="28" w="1226" /><ent r="5" t="41" w="1182" /><ent r="7" t="42" w="379" /></phr><phr n="replay"><ent r="4" t="28" w="1231" /><ent r="4" t="28" w="1288" /><ent r="7" t="42" w="345" /><ent r="7" t="42" w="364" /></phr></stem><stem n="-resolut"><phr n="-resolution"><ent r="4" t="28" w="1250" /><ent r="4" t="28" w="1250" /></phr></stem><stem n="high"><phr n="high"><ent r="4" t="28" w="1250" /></phr></stem><stem n="high-resolut"><phr n="high-resolution"><ent r="4" t="28" w="1250" /></phr></stem><stem n="guard"><phr n="guard"><ent r="4" t="28" w="1285" /></phr></stem><stem n="old"><phr n="old"><ent r="4" t="28" w="1290" /></phr></stem><stem n="polic"><phr n="polices"><ent r="3" t="29" w="59" /></phr></stem><stem n="glean"><phr n="gleaned"><ent r="3" t="29" w="72" /></phr></stem><stem n=":lock"><phr n=":locking"><ent r="100" t="30" w="17" /><ent r="100" t="30" w="31" /></phr></stem><stem n=":unlock"><phr n=":unlocking"><ent r="100" t="30" w="20" /><ent r="100" t="30" w="35" /></phr></stem><stem n="wherea"><phr n="whereas"><ent r="3" t="30" w="99" /></phr></stem><stem n=":set"><phr n=":setting"><ent r="100" t="31" w="13" /></phr></stem><stem n="explan"><phr n="explanation"><ent r="4" t="31" w="133" /></phr></stem><stem n="“exactli"><phr n="“exactly"><ent r="82" t="31" w="148" /><ent r="3" t="31" w="155" /></phr></stem><stem n="belong"><phr n="belongs"><ent r="3" t="31" w="192" /></phr><phr n="belonging"><ent r="3" t="51" w="190" /><ent r="3" t="53" w="444" /></phr><phr n="belong"><ent r="3" t="61" w="76" /></phr></stem><stem n="deni"><phr n="denied"><ent r="3" t="31" w="242" /><ent r="3" t="32" w="146" /><ent r="4" t="67" w="767" /><ent r="4" t="67" w="850" /></phr><phr n="deny"><ent r="3" t="31" w="331" /><ent r="5" t="31" w="685" /></phr></stem><stem n="“begin"><phr n="“begins"><ent r="82" t="31" w="257" /><ent r="3" t="31" w="264" /><ent r="4" t="31" w="626" /><ent r="5" t="31" w="702" /></phr></stem><stem n="&quot;begin"><phr n="&quot;begins"><ent r="3" t="31" w="303" /><ent r="8" t="32" w="310" /><ent r="8" t="32" w="369" /></phr></stem><stem n="chanc"><phr n="chance"><ent r="3" t="31" w="315" /></phr></stem><stem n="incorrect"><phr n="incorrect"><ent r="3" t="31" w="325" /><ent r="5" t="31" w="679" /></phr></stem><stem n="observ"><phr n="Observe"><ent r="4" t="31" w="386" /></phr></stem><stem n="'/')."><phr n="'/')."><ent r="5" t="31" w="454" /></phr></stem><stem n="...&quot;"><phr n="...&quot;"><ent r="4" t="31" w="484" /></phr></stem><stem n="compar"><phr n="compares"><ent r="4" t="31" w="545" /><ent r="4" t="31" w="612" /></phr><phr n="compared"><ent r="4" t="50" w="1015" /><ent r="4" t="50" w="1191" /></phr></stem><stem n="“exact"><phr n="“exact"><ent r="4" t="31" w="561" /></phr></stem><stem n="prevent"><phr n="prevent"><ent r="5" t="31" w="689" /><ent r="3" t="39" w="190" /><ent r="6" t="46" w="127" /><ent r="3" t="65" w="39" /></phr></stem><stem n="everi"><phr n="every"><ent r="5" t="31" w="701" /><ent r="4" t="44" w="91" /><ent r="3" t="67" w="386" /><ent r="4" t="67" w="961" /><ent r="4" t="67" w="983" /></phr></stem><stem n="neither"><phr n="neither"><ent r="3" t="32" w="88" /><ent r="4" t="67" w="713" /><ent r="6" t="68" w="115" /></phr></stem><stem n="nor"><phr n="nor"><ent r="3" t="32" w="90" /><ent r="4" t="67" w="717" /></phr></stem><stem n="instead"><phr n="Instead"><ent r="3" t="32" w="110" /><ent r="3" t="41" w="1689" /></phr><phr n="instead"><ent r="7" t="42" w="421" /><ent r="3" t="50" w="957" /></phr></stem><stem n="(if"><phr n="(if"><ent r="3" t="32" w="128" /><ent r="8" t="32" w="293" /><ent r="8" t="32" w="307" /><ent r="8" t="32" w="353" /><ent r="8" t="32" w="366" /></phr></stem><stem n="intend"><phr n="intended"><ent r="7" t="32" w="271" /><ent r="7" t="32" w="331" /><ent r="3" t="67" w="122" /></phr></stem><stem n="="><phr n="="><ent r="8" t="32" w="296" /><ent r="8" t="32" w="310" /><ent r="8" t="32" w="356" /><ent r="8" t="32" w="369" /><ent r="8" t="62" w="183" /><ent r="8" t="62" w="192" /><ent r="7" t="62" w="344" /><ent r="7" t="62" w="353" /><ent r="3" t="64" w="172" /><ent r="3" t="64" w="175" /><ent r="4" t="64" w="185" /><ent r="4" t="64" w="192" /><ent r="4" t="64" w="199" /><ent r="4" t="64" w="206" /><ent r="4" t="64" w="216" /><ent r="4" t="64" w="223" /><ent r="5" t="66" w="244" /><ent r="5" t="67" w="189" /></phr></stem><stem n="&quot;exact&quot;),"><phr n="&quot;exact&quot;),"><ent r="8" t="32" w="297" /><ent r="8" t="32" w="357" /></phr></stem><stem n="few"><phr n="few"><ent r="8" t="32" w="301" /><ent r="8" t="32" w="361" /></phr></stem><stem n="qualifi"><phr n="qualifier"><ent r="7" t="32" w="386" /><ent r="3" t="34" w="124" /></phr><phr n="Qualifier"><ent r="8" t="54" w="1350" /></phr><phr n="Qualified"><ent r="8" t="54" w="1377" /></phr></stem><stem n="7700/gateway17"><phr n="7700/gateway17"><ent r="8" t="32" w="409" /><ent r="8" t="32" w="408" /></phr></stem><stem n="gateway17"><phr n="gateway17"><ent r="8" t="32" w="409" /><ent r="8" t="32" w="427" /></phr></stem><stem n="7700/gateway17/account"><phr n="7700/gateway17/accounting"><ent r="8" t="32" w="410" /><ent r="8" t="32" w="408" /></phr></stem><stem n="://localhost:7700/gateway17/accounting/expens"><phr n="://localhost:7700/gateway17/accounting/expenses"><ent r="8" t="32" w="411" /></phr></stem><stem n="7700/gateway17/accounting/expens"><phr n="7700/gateway17/accounting/expenses"><ent r="8" t="32" w="411" /><ent r="8" t="32" w="408" /></phr></stem><stem n="expens"><phr n="expenses"><ent r="8" t="32" w="411" /><ent r="8" t="32" w="429" /></phr></stem><stem n="gateway17/account"><phr n="gateway17/accounting"><ent r="8" t="32" w="428" /><ent r="8" t="32" w="427" /></phr></stem><stem n="gateway17/accounting/expens"><phr n="gateway17/accounting/expenses"><ent r="8" t="32" w="429" /><ent r="8" t="32" w="427" /></phr></stem><stem n="gateway17/accounting/expenses."><phr n="gateway17/accounting/expenses."><ent r="8" t="32" w="429" /><ent r="8" t="32" w="427" /></phr></stem><stem n="/gateway17/accounting/expenses."><phr n="/gateway17/accounting/expenses."><ent r="8" t="32" w="430" /></phr></stem><stem n="except"><phr n="Exception"><ent r="3" t="33" w="69" /></phr><phr n="exceptional"><ent r="3" t="60" w="28" /></phr></stem><stem n="despit"><phr n="despite"><ent r="3" t="33" w="96" /></phr></stem><stem n="xml-base"><phr n="XML-based"><ent r="3" t="34" w="25" /></phr></stem><stem n="recogniz"><phr n="recognizable"><ent r="3" t="34" w="40" /></phr></stem><stem n="meaning"><phr n="meaningful"><ent r="3" t="34" w="46" /></phr></stem><stem n="&lt;wsp"><phr n="&lt;wsp"><ent r="4" t="34" w="256" /></phr></stem><stem n=":policy&gt;"><phr n=":Policy&gt;"><ent r="4" t="34" w="257" /></phr></stem><stem n="policy&gt;"><phr n="Policy&gt;"><ent r="4" t="34" w="257" /></phr></stem><stem n="&lt;exp"><phr n="&lt;exp"><ent r="4" t="34" w="261" /></phr></stem><stem n=":export&gt;"><phr n=":Export&gt;"><ent r="4" t="34" w="262" /></phr></stem><stem n="export&gt;"><phr n="Export&gt;"><ent r="4" t="34" w="262" /></phr></stem><stem n="properli"><phr n="properly"><ent r="3" t="34" w="289" /><ent r="3" t="46" w="336" /></phr></stem><stem n="“unabl"><phr n="“Unable"><ent r="4" t="34" w="295" /></phr></stem><stem n="unabl"><phr n="Unable"><ent r="4" t="34" w="295" /></phr><phr n="unable"><ent r="3" t="41" w="1677" /></phr></stem><stem n="pars"><phr n="parse"><ent r="4" t="34" w="297" /></phr></stem><stem n=":export"><phr n=":exporting"><ent r="100" t="35" w="6" /><ent r="100" t="35" w="10" /></phr></stem><stem n=":rout"><phr n=":routing"><ent r="100" t="36" w="12" /><ent r="100" t="37" w="16" /></phr></stem><stem n="yield"><phr n="yielding"><ent r="3" t="36" w="170" /><ent r="3" t="39" w="745" /></phr><phr n="yields"><ent r="3" t="41" w="645" /></phr></stem><stem n="outcom"><phr n="outcomes"><ent r="3" t="36" w="174" /><ent r="3" t="39" w="749" /><ent r="3" t="41" w="649" /></phr></stem><stem n="reject"><phr n="rejected"><ent r="3" t="36" w="271" /><ent r="8" t="54" w="774" /></phr><phr n="reject"><ent r="3" t="36" w="420" /><ent r="4" t="59" w="316" /></phr></stem><stem n="-of-dat"><phr n="-of-date"><ent r="3" t="36" w="283" /><ent r="3" t="36" w="284" /></phr></stem><stem n="out"><phr n="out"><ent r="3" t="36" w="283" /><ent r="7" t="62" w="149" /><ent r="68" t="62" w="161" /><ent r="100" t="65" w="12" /><ent r="100" t="65" w="16" /><ent r="100" t="65" w="20" /><ent r="102" t="65" w="27" /><ent r="3" t="65" w="34" /><ent r="3" t="65" w="60" /><ent r="3" t="65" w="73" /><ent r="3" t="65" w="106" /><ent r="4" t="65" w="171" /></phr><phr n="Out"><ent r="1000" t="65" w="5" /></phr></stem><stem n="out-of"><phr n="out-of"><ent r="3" t="36" w="283" /></phr></stem><stem n="out-of-d"><phr n="out-of-date"><ent r="3" t="36" w="283" /></phr></stem><stem n="of-dat"><phr n="of-date"><ent r="3" t="36" w="284" /></phr></stem><stem n="date"><phr n="date"><ent r="3" t="36" w="285" /><ent r="7" t="42" w="392" /></phr></stem><stem n="redecor"><phr n="redecorates"><ent r="3" t="36" w="304" /></phr></stem><stem n="-rout"><phr n="-routing"><ent r="3" t="36" w="318" /><ent r="3" t="36" w="318" /></phr></stem><stem n="re-rout"><phr n="re-routing"><ent r="3" t="36" w="318" /></phr></stem><stem n="outdat"><phr n="outdated"><ent r="3" t="36" w="353" /></phr></stem><stem n="invalid"><phr n="Invalid"><ent r="82" t="36" w="385" /></phr><phr n="invalid"><ent r="3" t="36" w="405" /><ent r="3" t="36" w="414" /></phr><phr n="invalidate"><ent r="6" t="44" w="428" /></phr></stem><stem n="/or"><phr n="/or"><ent r="3" t="36" w="410" /><ent r="3" t="47" w="791" /><ent r="6" t="49" w="510" /><ent r="6" t="50" w="525" /><ent r="3" t="52" w="289" /><ent r="3" t="53" w="121" /><ent r="4" t="54" w="137" /><ent r="3" t="54" w="298" /><ent r="7" t="54" w="1374" /><ent r="4" t="54" w="1610" /><ent r="3" t="54" w="1676" /><ent r="3" t="55" w="261" /></phr></stem><stem n="and/or"><phr n="and/or"><ent r="3" t="36" w="410" /><ent r="3" t="36" w="409" /><ent r="3" t="47" w="791" /><ent r="3" t="47" w="790" /><ent r="6" t="49" w="510" /><ent r="6" t="49" w="509" /><ent r="6" t="50" w="525" /><ent r="6" t="50" w="524" /><ent r="3" t="52" w="289" /><ent r="3" t="52" w="288" /><ent r="3" t="53" w="121" /><ent r="3" t="53" w="120" /><ent r="4" t="54" w="137" /><ent r="4" t="54" w="136" /><ent r="3" t="54" w="298" /><ent r="3" t="54" w="297" /><ent r="7" t="54" w="1374" /><ent r="7" t="54" w="1373" /><ent r="4" t="54" w="1610" /><ent r="4" t="54" w="1609" /><ent r="3" t="54" w="1676" /><ent r="3" t="54" w="1675" /><ent r="3" t="55" w="261" /><ent r="3" t="55" w="260" /></phr></stem><stem n="compon"><phr n="component"><ent r="3" t="36" w="415" /></phr></stem><stem n="-polici"><phr n="-policy"><ent r="3" t="36" w="425" /><ent r="3" t="36" w="425" /></phr></stem><stem n="non-polici"><phr n="non-policy"><ent r="3" t="36" w="425" /></phr></stem><stem n="conclud"><phr n="concluding"><ent r="3" t="36" w="510" /></phr></stem><stem n="-xml"><phr n="-XML"><ent r="3" t="36" w="528" /><ent r="3" t="36" w="528" /><ent r="3" t="36" w="533" /><ent r="3" t="36" w="533" /><ent r="4" t="36" w="585" /><ent r="4" t="36" w="585" /></phr></stem><stem n="non-xml"><phr n="non-XML"><ent r="3" t="36" w="528" /><ent r="3" t="36" w="533" /><ent r="3" t="36" w="565" /></phr></stem><stem n="plain"><phr n="plain"><ent r="3" t="36" w="537" /><ent r="3" t="36" w="614" /><ent r="3" t="41" w="603" /><ent r="3" t="41" w="691" /><ent r="3" t="41" w="795" /><ent r="3" t="46" w="648" /></phr></stem><stem n="html"><phr n="HTML"><ent r="3" t="36" w="539" /></phr></stem><stem n="imag"><phr n="images"><ent r="3" t="36" w="541" /></phr><phr n="image"><ent r="4" t="36" w="590" /></phr></stem><stem n="well"><phr n="well"><ent r="3" t="36" w="547" /></phr></stem><stem n="declar"><phr n="declared"><ent r="3" t="36" w="556" /></phr></stem><stem n="-xml,"><phr n="-XML,"><ent r="3" t="36" w="567" /><ent r="3" t="36" w="567" /></phr></stem><stem n="recent"><phr n="Recent"><ent r="64" t="36" w="579" /><ent r="100" t="43" w="4" /><ent r="100" t="44" w="204" /><ent r="5" t="44" w="208" /><ent r="4" t="44" w="213" /><ent r="3" t="44" w="229" /><ent r="5" t="44" w="245" /><ent r="6" t="44" w="434" /><ent r="5" t="44" w="465" /></phr><phr n="recent"><ent r="4" t="43" w="61" /></phr></stem><stem n="traffic"><phr n="Traffic"><ent r="64" t="36" w="581" /><ent r="100" t="43" w="6" /><ent r="65" t="43" w="80" /><ent r="1000" t="44" w="3" /><ent r="100" t="44" w="5" /><ent r="100" t="44" w="14" /><ent r="102" t="44" w="18" /><ent r="5" t="44" w="210" /><ent r="4" t="44" w="215" /><ent r="5" t="44" w="247" /><ent r="5" t="44" w="467" /></phr><phr n="traffic"><ent r="3" t="39" w="318" /><ent r="3" t="39" w="491" /><ent r="100" t="43" w="55" /><ent r="4" t="43" w="63" /><ent r="3" t="44" w="31" /><ent r="3" t="44" w="55" /><ent r="4" t="44" w="63" /><ent r="3" t="44" w="128" /><ent r="100" t="44" w="206" /><ent r="4" t="44" w="221" /><ent r="3" t="44" w="231" /></phr></stem><stem n="&lt;non"><phr n="&lt;Non"><ent r="4" t="36" w="585" /></phr></stem><stem n="&lt;non-xml"><phr n="&lt;Non-XML"><ent r="4" t="36" w="585" /></phr></stem><stem n="/gif&gt;"><phr n="/gif&gt;"><ent r="4" t="36" w="591" /></phr></stem><stem n="image/gif&gt;"><phr n="image/gif&gt;"><ent r="4" t="36" w="591" /><ent r="4" t="36" w="590" /></phr></stem><stem n="gif&gt;"><phr n="gif&gt;"><ent r="4" t="36" w="591" /></phr></stem><stem n="-decor"><phr n="-decorated"><ent r="3" t="36" w="612" /><ent r="3" t="36" w="612" /></phr><phr n="-decorates"><ent r="4" t="37" w="181" /><ent r="4" t="37" w="181" /></phr></stem><stem n="un"><phr n="un"><ent r="3" t="36" w="612" /><ent r="4" t="37" w="181" /></phr></stem><stem n="un-decor"><phr n="un-decorated"><ent r="3" t="36" w="612" /></phr><phr n="un-decorates"><ent r="4" t="37" w="181" /></phr></stem><stem n=":messag"><phr n=":message"><ent r="100" t="37" w="8" /><ent r="100" t="39" w="562" /><ent r="100" t="44" w="181" /></phr></stem><stem n="compress"><phr n="Compression"><ent r="1000" t="38" w="2" /><ent r="100" t="38" w="5" /><ent r="100" t="38" w="13" /><ent r="102" t="38" w="16" /><ent r="82" t="38" w="106" /></phr><phr n="compression"><ent r="100" t="38" w="8" /><ent r="100" t="38" w="11" /><ent r="3" t="38" w="109" /></phr><phr n="compress"><ent r="3" t="38" w="26" /></phr><phr n="Compressing"><ent r="3" t="38" w="36" /></phr><phr n="Compressed"><ent r="3" t="38" w="49" /></phr><phr n="compressed"><ent r="3" t="38" w="84" /></phr><phr n="Compress"><ent r="4" t="38" w="128" /></phr></stem><stem n="gzip"><phr n="gzip"><ent r="4" t="38" w="33" /><ent r="4" t="38" w="63" /></phr></stem><stem n="algorithm"><phr n="algorithm"><ent r="3" t="38" w="35" /></phr></stem><stem n="improv"><phr n="improve"><ent r="3" t="38" w="39" /></phr></stem><stem n="especi"><phr n="especially"><ent r="3" t="38" w="41" /></phr></stem><stem n="larg"><phr n="large"><ent r="3" t="38" w="47" /><ent r="3" t="39" w="73" /></phr></stem><stem n="content-encod"><phr n="Content-Encoding"><ent r="4" t="38" w="61" /></phr></stem><stem n="encod"><phr n="Encoding"><ent r="4" t="38" w="62" /></phr><phr n="encoding"><ent r="3" t="39" w="623" /></phr></stem><stem n="-encoding:"><phr n="-Encoding:"><ent r="4" t="38" w="63" /><ent r="4" t="38" w="63" /></phr></stem><stem n="decompress"><phr n="decompress"><ent r="3" t="38" w="71" /><ent r="3" t="38" w="93" /></phr></stem><stem n="reconstruct"><phr n="reconstructing"><ent r="3" t="38" w="75" /></phr></stem><stem n="/from"><phr n="/from"><ent r="4" t="38" w="131" /><ent r="3" t="63" w="36" /></phr></stem><stem n="to/from"><phr n="to/from"><ent r="4" t="38" w="131" /><ent r="4" t="38" w="130" /><ent r="3" t="63" w="36" /><ent r="3" t="63" w="35" /></phr></stem><stem n="xvc"><phr n="XVC"><ent r="4" t="38" w="133" /><ent r="8" t="42" w="87" /></phr></stem><stem n="anyth"><phr n="anything"><ent r="3" t="39" w="62" /></phr></stem><stem n="small"><phr n="small"><ent r="3" t="39" w="65" /><ent r="3" t="41" w="524" /></phr></stem><stem n="-scale"><phr n="-scale"><ent r="3" t="39" w="73" /><ent r="3" t="39" w="73" /></phr></stem><stem n="large-scal"><phr n="large-scale"><ent r="3" t="39" w="73" /></phr></stem><stem n="scale"><phr n="scale"><ent r="3" t="39" w="74" /></phr></stem><stem n="-direct"><phr n="-directs"><ent r="3" t="39" w="78" /><ent r="3" t="39" w="78" /></phr></stem><stem n="re-direct"><phr n="re-directs"><ent r="3" t="39" w="78" /></phr></stem><stem n="origin"><phr n="originate"><ent r="3" t="39" w="83" /><ent r="3" t="41" w="1301" /><ent r="4" t="48" w="372" /></phr><phr n="originating"><ent r="3" t="41" w="1492" /><ent r="3" t="52" w="132" /></phr><phr n="originally"><ent r="3" t="41" w="1845" /></phr><phr n="original"><ent r="3" t="47" w="767" /><ent r="6" t="54" w="573" /></phr></stem><stem n="regardless"><phr n="Regardless"><ent r="3" t="39" w="88" /></phr></stem><stem n="“client"><phr n="“client"><ent r="3" t="39" w="99" /></phr></stem><stem n="breviti"><phr n="brevity"><ent r="3" t="39" w="102" /><ent r="3" t="47" w="367" /><ent r="3" t="48" w="18" /><ent r="3" t="51" w="18" /><ent r="3" t="54" w="30" /></phr></stem><stem n="abid"><phr n="abide"><ent r="3" t="39" w="111" /></phr></stem><stem n="physic"><phr n="Physical"><ent r="64" t="39" w="150" /><ent r="92" t="39" w="169" /></phr><phr n="physical"><ent r="100" t="39" w="166" /><ent r="3" t="39" w="187" /></phr></stem><stem n=":physic"><phr n=":physical"><ent r="100" t="39" w="166" /></phr></stem><stem n="hijack"><phr n="hijack"><ent r="3" t="39" w="191" /></phr></stem><stem n="receipt"><phr n="receipt"><ent r="3" t="39" w="194" /><ent r="6" t="44" w="311" /></phr></stem><stem n="rogu"><phr n="rogue"><ent r="3" t="39" w="198" /></phr></stem><stem n="special"><phr n="special"><ent r="3" t="39" w="213" /></phr><phr n="Special"><ent r="3" t="46" w="656" /></phr></stem><stem n="127"><phr n="127"><ent r="3" t="39" w="220" /><ent r="3" t="39" w="345" /></phr></stem><stem n="127.0"><phr n="127.0"><ent r="3" t="39" w="221" /><ent r="3" t="39" w="220" /><ent r="3" t="39" w="346" /><ent r="3" t="39" w="345" /></phr></stem><stem n="127.0.0"><phr n="127.0.0"><ent r="3" t="39" w="222" /><ent r="3" t="39" w="220" /><ent r="3" t="39" w="347" /><ent r="3" t="39" w="345" /></phr></stem><stem n="127.0.0.1"><phr n="127.0.0.1"><ent r="3" t="39" w="223" /><ent r="3" t="39" w="220" /><ent r="3" t="39" w="348" /><ent r="3" t="39" w="345" /></phr></stem><stem n="“127.0.0.1”."><phr n="“127.0.0.1”."><ent r="3" t="39" w="224" /></phr></stem><stem n="unauthor"><phr n="unauthorized"><ent r="3" t="39" w="260" /></phr></stem><stem n="-user"><phr n="-user"><ent r="3" t="39" w="267" /><ent r="3" t="39" w="267" /></phr></stem><stem n="multi"><phr n="multi"><ent r="3" t="39" w="267" /></phr></stem><stem n="multi-us"><phr n="multi-user"><ent r="3" t="39" w="267" /></phr></stem><stem n=":url"><phr n=":URL"><ent r="100" t="39" w="273" /></phr></stem><stem n="listen"><phr n="listen"><ent r="3" t="39" w="316" /></phr><phr n="listens"><ent r="6" t="46" w="181" /></phr></stem><stem n="“7700.”"><phr n="“7700.”"><ent r="3" t="39" w="322" /></phr></stem><stem n="“http://localhost:7700”"><phr n="“http://localhost:7700”"><ent r="3" t="39" w="343" /></phr></stem><stem n="“http://127.0.0.1:7700”."><phr n="“http://127.0.0.1:7700”."><ent r="3" t="39" w="350" /></phr></stem><stem n="narrow"><phr n="narrowed"><ent r="3" t="39" w="371" /></phr></stem><stem n="“http://localhost:7700/gateway&lt;sequenti"><phr n="“http://localhost:7700/gateway&lt;sequential"><ent r="3" t="39" w="389" /></phr></stem><stem n="7700/gateway&lt;sequenti"><phr n="7700/gateway&lt;sequential"><ent r="3" t="39" w="389" /><ent r="3" t="39" w="388" /></phr></stem><stem n="gateway&lt;sequenti"><phr n="gateway&lt;sequential"><ent r="3" t="39" w="389" /><ent r="3" t="39" w="392" /></phr></stem><stem n="number&gt;"><phr n="number&gt;"><ent r="3" t="39" w="390" /><ent r="3" t="39" w="393" /><ent r="4" t="41" w="939" /><ent r="3" t="41" w="946" /><ent r="4" t="41" w="1875" /><ent r="3" t="41" w="1882" /></phr></stem><stem n="”."><phr n="”."><ent r="3" t="39" w="391" /><ent r="3" t="47" w="146" /></phr></stem><stem n="“gateway&lt;sequenti"><phr n="“gateway&lt;sequential"><ent r="3" t="39" w="392" /></phr></stem><stem n="xp"><phr n="XP"><ent r="3" t="39" w="448" /></phr></stem><stem n="altern"><phr n="alternate"><ent r="3" t="39" w="485" /><ent r="3" t="39" w="551" /></phr><phr n="Alternate"><ent r="3" t="41" w="441" /><ent r="92" t="69" w="202" /></phr><phr n="alternatively"><ent r="3" t="41" w="1460" /></phr><phr n="alternatives"><ent r="3" t="46" w="93" /></phr><phr n="Alternatively"><ent r="3" t="52" w="164" /></phr><phr n="alternative"><ent r="4" t="66" w="235" /></phr></stem></index>