<?xml version="1.0" encoding="utf-8"?><index><stem n="administr"><phr n="administrators"><ent r="4" t="1" w="421" /><ent r="6" t="27" w="459" /><ent r="3" t="54" w="296" /></phr><phr n="Administrators"><ent r="4" t="3" w="407" /><ent r="4" t="6" w="55" /></phr><phr n="administrator"><ent r="3" t="7" w="545" /><ent r="6" t="12" w="400" /><ent r="6" t="46" w="154" /><ent r="4" t="63" w="210" /><ent r="4" t="64" w="288" /></phr><phr n="Administrator"><ent r="3" t="42" w="755" /><ent r="3" t="42" w="773" /><ent r="3" t="46" w="74" /></phr></stem><stem n="central"><phr n="centrally"><ent r="4" t="1" w="423" /></phr></stem><stem n="defin"><phr n="define"><ent r="4" t="1" w="424" /><ent r="6" t="18" w="1839" /><ent r="3" t="18" w="2298" /><ent r="6" t="20" w="398" /><ent r="3" t="20" w="751" /><ent r="6" t="21" w="598" /><ent r="3" t="21" w="953" /><ent r="6" t="22" w="651" /><ent r="3" t="22" w="1008" /><ent r="3" t="23" w="42" /><ent r="3" t="23" w="69" /><ent r="6" t="27" w="1309" /><ent r="3" t="41" w="54" /></phr><phr n="Defining"><ent r="64" t="18" w="2330" /><ent r="64" t="20" w="783" /><ent r="64" t="21" w="985" /><ent r="64" t="22" w="1040" /><ent r="1000" t="23" w="1" /><ent r="100" t="23" w="8" /><ent r="102" t="23" w="25" /></phr><phr n="defined"><ent r="3" t="24" w="811" /><ent r="3" t="27" w="48" /><ent r="3" t="29" w="189" /><ent r="4" t="38" w="149" /><ent r="3" t="42" w="35" /><ent r="3" t="48" w="707" /><ent r="3" t="52" w="167" /><ent r="3" t="53" w="221" /><ent r="3" t="53" w="333" /></phr><phr n="Define"><ent r="8" t="51" w="475" /></phr><phr n="defines"><ent r="7" t="62" w="235" /></phr></stem><stem n="provis"><phr n="provision"><ent r="4" t="1" w="425" /></phr></stem><stem n="verifi"><phr n="verify"><ent r="4" t="1" w="426" /><ent r="6" t="4" w="230" /><ent r="4" t="13" w="226" /><ent r="8" t="18" w="1137" /><ent r="7" t="18" w="1266" /><ent r="4" t="21" w="417" /><ent r="4" t="22" w="436" /><ent r="8" t="27" w="898" /><ent r="7" t="27" w="1027" /><ent r="4" t="29" w="1041" /><ent r="3" t="32" w="336" /><ent r="3" t="42" w="563" /><ent r="3" t="42" w="811" /></phr><phr n="Verify"><ent r="5" t="13" w="230" /><ent r="3" t="18" w="163" /><ent r="10" t="18" w="1480" /><ent r="3" t="20" w="215" /><ent r="3" t="21" w="234" /><ent r="3" t="22" w="205" /></phr><phr n="verified"><ent r="3" t="42" w="718" /><ent r="4" t="42" w="780" /></phr><phr n="Verifies"><ent r="7" t="67" w="261" /><ent r="7" t="67" w="323" /></phr></stem><stem n="audit"><phr n="audit"><ent r="4" t="1" w="428" /></phr></stem><stem n="-grain"><phr n="-grained"><ent r="4" t="1" w="429" /><ent r="4" t="1" w="429" /><ent r="3" t="3" w="163" /><ent r="3" t="3" w="163" /></phr></stem><stem n="fine"><phr n="fine"><ent r="4" t="1" w="429" /><ent r="3" t="3" w="163" /></phr></stem><stem n="fine-grain"><phr n="fine-grained"><ent r="4" t="1" w="429" /><ent r="3" t="3" w="163" /></phr></stem><stem n="grain"><phr n="grained"><ent r="4" t="1" w="430" /><ent r="3" t="3" w="164" /></phr></stem><stem n="red"><phr n="Red"><ent r="4" t="1" w="453" /></phr></stem><stem n="hat"><phr n="Hat"><ent r="4" t="1" w="454" /></phr></stem><stem n="enterpris"><phr n="Enterprise"><ent r="4" t="1" w="455" /><ent r="3" t="48" w="294" /><ent r="3" t="48" w="298" /><ent r="3" t="48" w="334" /><ent r="3" t="48" w="337" /></phr><phr n="enterprises"><ent r="3" t="48" w="149" /></phr><phr n="enterprise"><ent r="3" t="48" w="201" /><ent r="3" t="48" w="207" /><ent r="3" t="48" w="301" /></phr></stem><stem n="linux"><phr n="Linux"><ent r="4" t="1" w="456" /><ent r="4" t="3" w="423" /><ent r="3" t="3" w="457" /><ent r="3" t="6" w="67" /><ent r="3" t="6" w="107" /><ent r="3" t="7" w="32" /><ent r="3" t="7" w="78" /><ent r="4" t="7" w="685" /><ent r="3" t="8" w="81" /><ent r="6" t="10" w="354" /><ent r="5" t="10" w="381" /><ent r="6" t="12" w="427" /><ent r="3" t="40" w="451" /><ent r="3" t="45" w="175" /><ent r="5" t="46" w="181" /><ent r="6" t="63" w="70" /><ent r="6" t="64" w="68" /><ent r="6" t="65" w="139" /><ent r="5" t="66" w="152" /></phr></stem><stem n="4"><phr n="4"><ent r="4" t="1" w="457" /><ent r="5" t="12" w="208" /><ent r="7" t="50" w="211" /><ent r="7" t="51" w="253" /><ent r="64" t="51" w="723" /><ent r="65" t="51" w="926" /><ent r="6" t="55" w="455" /><ent r="3" t="69" w="199" /></phr></stem><stem n=".0"><phr n=".0"><ent r="4" t="1" w="458" /><ent r="6" t="55" w="600" /><ent r="9" t="55" w="1217" /><ent r="8" t="55" w="1259" /></phr></stem><stem n="4.0"><phr n="4.0"><ent r="4" t="1" w="458" /><ent r="4" t="1" w="457" /></phr></stem><stem n="microsoft"><phr n="Microsoft"><ent r="4" t="1" w="460" /><ent r="3" t="6" w="11" /><ent r="3" t="6" w="91" /></phr></stem><stem n="window"><phr n="Windows"><ent r="4" t="1" w="461" /><ent r="3" t="3" w="371" /><ent r="3" t="3" w="459" /><ent r="3" t="6" w="12" /><ent r="3" t="6" w="92" /><ent r="4" t="6" w="130" /><ent r="3" t="7" w="81" /><ent r="3" t="8" w="32" /><ent r="3" t="8" w="78" /><ent r="6" t="10" w="347" /><ent r="5" t="10" w="379" /><ent r="6" t="12" w="374" /><ent r="5" t="16" w="320" /><ent r="4" t="18" w="220" /><ent r="3" t="18" w="359" /><ent r="100" t="18" w="364" /><ent r="4" t="18" w="368" /><ent r="3" t="18" w="390" /><ent r="6" t="18" w="955" /><ent r="6" t="18" w="966" /><ent r="7" t="18" w="970" /><ent r="7" t="18" w="991" /><ent r="6" t="18" w="1001" /><ent r="6" t="18" w="1010" /><ent r="7" t="18" w="1066" /><ent r="6" t="18" w="1099" /><ent r="6" t="18" w="1110" /><ent r="6" t="27" w="713" /><ent r="6" t="27" w="724" /><ent r="7" t="27" w="728" /><ent r="7" t="27" w="752" /><ent r="6" t="27" w="762" /><ent r="6" t="27" w="771" /><ent r="7" t="27" w="827" /><ent r="6" t="27" w="860" /><ent r="6" t="27" w="871" /><ent r="68" t="33" w="530" /><ent r="3" t="40" w="448" /><ent r="3" t="45" w="173" /><ent r="5" t="46" w="120" /><ent r="1000" t="47" w="2" /><ent r="100" t="47" w="8" /><ent r="102" t="47" w="23" /><ent r="3" t="47" w="28" /><ent r="3" t="47" w="66" /><ent r="3" t="47" w="267" /><ent r="3" t="47" w="330" /><ent r="4" t="47" w="392" /><ent r="4" t="47" w="406" /><ent r="4" t="47" w="420" /><ent r="8" t="55" w="1374" /><ent r="6" t="63" w="49" /><ent r="6" t="64" w="47" /><ent r="4" t="64" w="132" /><ent r="6" t="65" w="118" /><ent r="5" t="66" w="131" /><ent r="68" t="68" w="170" /></phr><phr n="window"><ent r="3" t="2" w="288" /><ent r="3" t="2" w="297" /><ent r="3" t="2" w="307" /><ent r="5" t="2" w="311" /><ent r="6" t="4" w="296" /><ent r="3" t="6" w="95" /><ent r="4" t="6" w="160" /><ent r="4" t="6" w="198" /><ent r="4" t="7" w="589" /><ent r="4" t="7" w="677" /><ent r="4" t="8" w="305" /><ent r="4" t="8" w="393" /><ent r="4" t="18" w="2379" /><ent r="4" t="20" w="832" /><ent r="4" t="21" w="1034" /><ent r="4" t="22" w="1089" /><ent r="3" t="29" w="718" /><ent r="3" t="29" w="745" /><ent r="3" t="29" w="789" /><ent r="3" t="29" w="833" /><ent r="3" t="29" w="869" /><ent r="3" t="37" w="584" /><ent r="4" t="45" w="512" /><ent r="3" t="55" w="162" /><ent r="3" t="55" w="168" /><ent r="3" t="55" w="190" /><ent r="3" t="55" w="231" /><ent r="3" t="55" w="283" /><ent r="4" t="55" w="1579" /><ent r="3" t="55" w="1650" /><ent r="4" t="55" w="1738" /></phr><phr n="Window"><ent r="64" t="29" w="725" /><ent r="92" t="29" w="740" /><ent r="3" t="45" w="185" /><ent r="5" t="45" w="239" /><ent r="5" t="45" w="500" /></phr></stem><stem n="2003"><phr n="2003"><ent r="4" t="1" w="463" /></phr></stem><stem n="environ"><phr n="environments"><ent r="4" t="1" w="465" /><ent r="3" t="7" w="33" /><ent r="3" t="8" w="33" /><ent r="3" t="18" w="391" /><ent r="6" t="18" w="1100" /><ent r="6" t="27" w="861" /><ent r="3" t="47" w="236" /></phr></stem><stem n="soap"><phr n="SOAP"><ent r="4" t="1" w="469" /><ent r="4" t="16" w="338" /><ent r="6" t="23" w="742" /><ent r="7" t="23" w="763" /><ent r="7" t="23" w="777" /><ent r="7" t="29" w="324" /><ent r="7" t="29" w="335" /><ent r="7" t="29" w="354" /><ent r="5" t="32" w="398" /><ent r="5" t="32" w="422" /><ent r="3" t="32" w="459" /><ent r="3" t="32" w="465" /><ent r="9" t="33" w="281" /><ent r="9" t="33" w="341" /><ent r="3" t="37" w="65" /><ent r="3" t="37" w="621" /><ent r="3" t="40" w="590" /><ent r="3" t="40" w="670" /><ent r="3" t="40" w="676" /><ent r="3" t="40" w="683" /><ent r="3" t="40" w="695" /><ent r="64" t="40" w="708" /><ent r="4" t="40" w="931" /><ent r="100" t="40" w="1038" /><ent r="82" t="40" w="1043" /><ent r="3" t="40" w="1053" /><ent r="3" t="40" w="1059" /><ent r="3" t="40" w="1062" /><ent r="3" t="40" w="1083" /><ent r="3" t="40" w="1090" /><ent r="3" t="42" w="525" /><ent r="4" t="55" w="258" /><ent r="3" t="56" w="167" /><ent r="4" t="60" w="97" /></phr><phr n="soap"><ent r="6" t="23" w="726" /><ent r="7" t="29" w="480" /><ent r="7" t="29" w="493" /><ent r="3" t="40" w="632" /><ent r="3" t="40" w="637" /><ent r="3" t="40" w="654" /><ent r="3" t="40" w="658" /></phr></stem><stem n="api"><phr n="API"><ent r="4" t="1" w="470" /></phr></stem><stem n="onlin"><phr n="Online"><ent r="100" t="2" w="19" /><ent r="3" t="2" w="295" /><ent r="5" t="2" w="309" /></phr><phr n="online"><ent r="3" t="2" w="23" /><ent r="3" t="2" w="75" /><ent r="3" t="2" w="115" /><ent r="3" t="2" w="206" /><ent r="6" t="4" w="328" /><ent r="8" t="55" w="1264" /></phr></stem><stem n="comprehens"><phr n="comprehensive"><ent r="3" t="2" w="35" /></phr></stem><stem n="-to-navig"><phr n="-to-navigate"><ent r="3" t="2" w="40" /><ent r="3" t="2" w="41" /></phr></stem><stem n="easi"><phr n="easy"><ent r="3" t="2" w="40" /></phr></stem><stem n="easy-to"><phr n="easy-to"><ent r="3" t="2" w="40" /></phr></stem><stem n="easy-to-navig"><phr n="easy-to-navigate"><ent r="3" t="2" w="40" /></phr></stem><stem n="to-navig"><phr n="to-navigate"><ent r="3" t="2" w="41" /></phr></stem><stem n="navig"><phr n="navigate"><ent r="3" t="2" w="42" /><ent r="4" t="7" w="591" /><ent r="7" t="24" w="573" /><ent r="4" t="35" w="231" /><ent r="4" t="69" w="118" /><ent r="4" t="69" w="247" /></phr><phr n="Navigate"><ent r="7" t="18" w="1192" /><ent r="7" t="27" w="953" /><ent r="7" t="27" w="1060" /><ent r="4" t="36" w="113" /></phr></stem><stem n="format"><phr n="format"><ent r="3" t="2" w="43" /><ent r="4" t="18" w="110" /><ent r="6" t="18" w="805" /><ent r="4" t="20" w="167" /><ent r="4" t="21" w="186" /><ent r="4" t="22" w="157" /><ent r="6" t="23" w="249" /><ent r="6" t="23" w="272" /><ent r="6" t="23" w="364" /><ent r="6" t="23" w="392" /><ent r="6" t="27" w="550" /><ent r="3" t="29" w="1125" /><ent r="3" t="35" w="250" /><ent r="100" t="40" w="564" /><ent r="3" t="40" w="586" /><ent r="3" t="40" w="666" /><ent r="3" t="40" w="1048" /><ent r="7" t="50" w="412" /><ent r="4" t="54" w="182" /><ent r="4" t="54" w="214" /><ent r="4" t="54" w="355" /><ent r="9" t="55" w="1199" /><ent r="3" t="66" w="292" /></phr><phr n="formatted"><ent r="4" t="29" w="87" /><ent r="3" t="35" w="292" /></phr><phr n="Formats"><ent r="64" t="40" w="163" /><ent r="92" t="40" w="567" /></phr></stem><stem n="read"><phr n="read"><ent r="3" t="2" w="46" /><ent r="6" t="18" w="733" /><ent r="6" t="27" w="478" /><ent r="3" t="29" w="704" /><ent r="3" t="29" w="748" /><ent r="6" t="45" w="413" /><ent r="6" t="45" w="442" /></phr></stem><stem n="like"><phr n="like"><ent r="3" t="2" w="48" /><ent r="3" t="40" w="697" /><ent r="3" t="48" w="309" /></phr><phr n="likely"><ent r="4" t="67" w="1037" /></phr></stem><stem n="book"><phr n="book"><ent r="3" t="2" w="50" /><ent r="6" t="2" w="332" /></phr></stem><stem n="brows"><phr n="browsing"><ent r="3" t="2" w="52" /></phr><phr n="Browse"><ent r="4" t="27" w="1624" /></phr></stem><stem n="quickli"><phr n="quickly"><ent r="3" t="2" w="58" /></phr></stem><stem n="jump"><phr n="jump"><ent r="3" t="2" w="59" /></phr></stem><stem n="specif"><phr n="specific"><ent r="3" t="2" w="62" /><ent r="3" t="3" w="77" /><ent r="3" t="40" w="383" /><ent r="3" t="42" w="32" /><ent r="3" t="67" w="108" /></phr><phr n="specifications"><ent r="3" t="2" w="252" /></phr><phr n="specification"><ent r="6" t="55" w="601" /></phr></stem><stem n="topic"><phr n="topic"><ent r="3" t="2" w="63" /><ent r="6" t="2" w="344" /><ent r="6" t="2" w="400" /><ent r="6" t="2" w="451" /><ent r="6" t="2" w="495" /><ent r="3" t="10" w="236" /><ent r="4" t="23" w="176" /><ent r="4" t="30" w="127" /></phr><phr n="Topics"><ent r="5" t="2" w="150" /><ent r="4" t="10" w="241" /><ent r="4" t="30" w="132" /></phr><phr n="topics"><ent r="6" t="2" w="387" /><ent r="6" t="2" w="437" /><ent r="3" t="52" w="228" /><ent r="3" t="53" w="388" /><ent r="3" t="54" w="449" /><ent r="3" t="54" w="504" /></phr></stem><stem n="index"><phr n="Index"><ent r="3" t="2" w="67" /><ent r="7" t="2" w="355" /></phr><phr n="index"><ent r="6" t="2" w="361" /><ent r="6" t="2" w="479" /></phr><phr n="indexed"><ent r="6" t="2" w="426" /></phr></stem><stem n="search"><phr n="Search"><ent r="3" t="2" w="69" /><ent r="7" t="2" w="411" /><ent r="100" t="54" w="22" /><ent r="4" t="55" w="1460" /><ent r="6" t="55" w="1494" /><ent r="5" t="55" w="1567" /><ent r="4" t="55" w="1577" /></phr><phr n="search"><ent r="6" t="2" w="380" /><ent r="6" t="2" w="415" /><ent r="6" t="2" w="435" /><ent r="6" t="2" w="441" /><ent r="6" t="2" w="481" /><ent r="6" t="55" w="1513" /><ent r="6" t="55" w="1530" /><ent r="4" t="55" w="1570" /></phr><phr n="searching"><ent r="4" t="25" w="826" /></phr><phr n="Searching"><ent r="3" t="54" w="537" /></phr></stem><stem n="note"><phr n="Note"><ent r="4" t="2" w="72" /><ent r="4" t="3" w="20" /><ent r="4" t="4" w="39" /><ent r="4" t="5" w="12" /><ent r="4" t="6" w="64" /><ent r="4" t="9" w="339" /><ent r="7" t="10" w="123" /><ent r="4" t="12" w="215" /><ent r="4" t="13" w="62" /><ent r="4" t="13" w="341" /><ent r="4" t="14" w="114" /><ent r="4" t="15" w="183" /><ent r="4" t="16" w="112" /><ent r="3" t="18" w="326" /><ent r="4" t="18" w="342" /><ent r="4" t="18" w="409" /><ent r="7" t="18" w="914" /><ent r="6" t="18" w="1005" /><ent r="7" t="18" w="1095" /><ent r="9" t="18" w="1376" /><ent r="6" t="18" w="1632" /><ent r="7" t="18" w="2100" /><ent r="4" t="18" w="2197" /><ent r="4" t="18" w="2420" /><ent r="4" t="20" w="650" /><ent r="4" t="20" w="873" /><ent r="4" t="21" w="49" /><ent r="4" t="21" w="850" /><ent r="4" t="21" w="1075" /><ent r="4" t="22" w="467" /><ent r="4" t="22" w="903" /><ent r="4" t="22" w="1130" /><ent r="4" t="27" w="135" /><ent r="7" t="27" w="672" /><ent r="6" t="27" w="766" /><ent r="7" t="27" w="856" /><ent r="6" t="27" w="1152" /><ent r="4" t="28" w="28" /><ent r="4" t="29" w="135" /><ent r="8" t="29" w="391" /><ent r="4" t="29" w="1110" /><ent r="4" t="31" w="106" /><ent r="8" t="33" w="515" /><ent r="4" t="34" w="55" /><ent r="4" t="35" w="242" /><ent r="4" t="37" w="49" /><ent r="4" t="37" w="331" /><ent r="4" t="37" w="594" /><ent r="4" t="38" w="265" /><ent r="4" t="40" w="248" /><ent r="4" t="40" w="662" /><ent r="4" t="41" w="194" /><ent r="4" t="42" w="161" /><ent r="4" t="42" w="836" /><ent r="4" t="42" w="1413" /><ent r="4" t="42" w="1731" /><ent r="4" t="42" w="2169" /><ent r="4" t="45" w="156" /><ent r="7" t="45" w="444" /><ent r="4" t="46" w="23" /><ent r="3" t="47" w="223" /><ent r="4" t="47" w="327" /><ent r="4" t="48" w="363" /><ent r="4" t="48" w="614" /><ent r="4" t="49" w="15" /><ent r="4" t="50" w="16" /><ent r="4" t="50" w="99" /><ent r="4" t="51" w="36" /><ent r="4" t="51" w="125" /><ent r="4" t="52" w="15" /><ent r="4" t="53" w="38" /><ent r="3" t="53" w="174" /><ent r="4" t="53" w="323" /><ent r="4" t="55" w="29" /><ent r="7" t="55" w="538" /><ent r="4" t="55" w="1614" /><ent r="4" t="55" w="1727" /><ent r="4" t="56" w="48" /><ent r="4" t="60" w="20" /><ent r="8" t="62" w="325" /><ent r="4" t="62" w="688" /><ent r="4" t="66" w="68" /><ent r="4" t="67" w="113" /><ent r="4" t="69" w="65" /></phr><phr n="note"><ent r="6" t="18" w="2097" /><ent r="3" t="37" w="287" /><ent r="6" t="58" w="256" /></phr><phr n="notes"><ent r="3" t="51" w="875" /><ent r="3" t="51" w="1155" /></phr><phr n="Notes"><ent r="7" t="67" w="257" /><ent r="4" t="67" w="685" /></phr></stem><stem n="contain"><phr n="contains"><ent r="3" t="2" w="78" /><ent r="3" t="6" w="23" /><ent r="4" t="15" w="177" /><ent r="4" t="18" w="2380" /><ent r="4" t="20" w="833" /><ent r="4" t="21" w="1035" /><ent r="4" t="22" w="1090" /><ent r="4" t="29" w="68" /><ent r="4" t="29" w="112" /><ent r="4" t="29" w="1048" /><ent r="3" t="37" w="408" /><ent r="3" t="40" w="360" /><ent r="3" t="42" w="250" /><ent r="3" t="42" w="1113" /><ent r="3" t="48" w="737" /><ent r="7" t="51" w="566" /><ent r="3" t="54" w="127" /><ent r="8" t="55" w="751" /><ent r="9" t="55" w="1141" /><ent r="9" t="55" w="1155" /><ent r="4" t="67" w="784" /><ent r="4" t="67" w="867" /><ent r="4" t="67" w="943" /></phr><phr n="contain"><ent r="6" t="2" w="389" /><ent r="6" t="2" w="439" /><ent r="3" t="35" w="39" /><ent r="3" t="35" w="44" /><ent r="3" t="35" w="142" /><ent r="3" t="40" w="690" /><ent r="3" t="40" w="1066" /><ent r="3" t="42" w="499" /><ent r="4" t="44" w="98" /><ent r="3" t="47" w="512" /><ent r="3" t="47" w="651" /><ent r="4" t="51" w="889" /><ent r="3" t="53" w="171" /><ent r="3" t="54" w="109" /><ent r="3" t="54" w="426" /><ent r="8" t="55" w="746" /><ent r="9" t="55" w="1132" /><ent r="7" t="55" w="1336" /></phr><phr n="Contains"><ent r="3" t="4" w="69" /><ent r="3" t="4" w="127" /><ent r="3" t="4" w="139" /><ent r="7" t="29" w="370" /><ent r="7" t="29" w="443" /><ent r="4" t="47" w="389" /><ent r="4" t="47" w="403" /><ent r="4" t="47" w="417" /></phr><phr n="containing"><ent r="3" t="24" w="245" /><ent r="4" t="29" w="1053" /><ent r="3" t="42" w="1308" /><ent r="7" t="43" w="347" /><ent r="3" t="53" w="130" /><ent r="4" t="55" w="139" /><ent r="7" t="62" w="231" /><ent r="4" t="66" w="234" /><ent r="4" t="66" w="266" /><ent r="4" t="67" w="164" /><ent r="3" t="69" w="131" /></phr></stem><stem n="same"><phr n="same"><ent r="3" t="2" w="80" /><ent r="3" t="3" w="233" /><ent r="6" t="25" w="306" /><ent r="6" t="25" w="474" /><ent r="3" t="40" w="187" /><ent r="3" t="40" w="237" /><ent r="3" t="42" w="1534" /><ent r="3" t="42" w="1555" /><ent r="3" t="42" w="1665" /><ent r="3" t="42" w="1678" /><ent r="3" t="42" w="1770" /><ent r="3" t="42" w="1834" /><ent r="4" t="45" w="72" /><ent r="3" t="47" w="514" /><ent r="3" t="47" w="635" /><ent r="3" t="48" w="87" /><ent r="4" t="67" w="1010" /></phr></stem><stem n="quick"><phr n="Quick"><ent r="72" t="2" w="96" /><ent r="72" t="7" w="167" /><ent r="72" t="8" w="104" /><ent r="72" t="24" w="181" /><ent r="72" t="25" w="603" /><ent r="72" t="37" w="96" /><ent r="72" t="40" w="148" /><ent r="72" t="42" w="212" /></phr><phr n="quick"><ent r="7" t="43" w="98" /><ent r="7" t="43" w="271" /></phr></stem><stem n="link"><phr n="Links"><ent r="72" t="2" w="97" /><ent r="72" t="7" w="168" /><ent r="72" t="8" w="105" /><ent r="72" t="24" w="182" /><ent r="72" t="25" w="604" /><ent r="72" t="37" w="97" /><ent r="72" t="40" w="149" /><ent r="72" t="42" w="213" /></phr><phr n="link"><ent r="3" t="48" w="832" /><ent r="3" t="69" w="56" /><ent r="4" t="69" w="170" /><ent r="4" t="69" w="286" /></phr><phr n="links"><ent r="3" t="69" w="132" /></phr></stem><stem n="assumpt"><phr n="Assumptions"><ent r="64" t="2" w="103" /><ent r="92" t="2" w="224" /></phr></stem><stem n="ani"><phr n="any"><ent r="3" t="2" w="120" /><ent r="6" t="2" w="417" /><ent r="7" t="10" w="176" /><ent r="3" t="10" w="231" /><ent r="3" t="15" w="56" /><ent r="4" t="15" w="120" /><ent r="6" t="18" w="514" /><ent r="6" t="18" w="586" /><ent r="3" t="18" w="2456" /><ent r="3" t="20" w="909" /><ent r="3" t="21" w="1111" /><ent r="3" t="22" w="1166" /><ent r="3" t="23" w="36" /><ent r="3" t="26" w="29" /><ent r="6" t="27" w="242" /><ent r="6" t="27" w="315" /><ent r="3" t="27" w="1705" /><ent r="4" t="29" w="1102" /><ent r="3" t="32" w="210" /><ent r="3" t="33" w="93" /><ent r="3" t="37" w="482" /><ent r="3" t="40" w="493" /><ent r="3" t="41" w="72" /><ent r="3" t="42" w="762" /><ent r="3" t="42" w="1114" /><ent r="3" t="45" w="44" /><ent r="3" t="46" w="213" /><ent r="3" t="47" w="579" /><ent r="3" t="48" w="177" /><ent r="3" t="48" w="554" /><ent r="3" t="49" w="270" /><ent r="4" t="49" w="294" /><ent r="4" t="51" w="890" /><ent r="3" t="53" w="172" /><ent r="6" t="55" w="435" /><ent r="6" t="55" w="1529" /><ent r="6" t="55" w="1551" /><ent r="6" t="55" w="1561" /><ent r="3" t="55" w="1653" /><ent r="4" t="55" w="1728" /><ent r="3" t="67" w="887" /></phr><phr n="Any"><ent r="4" t="42" w="1142" /><ent r="4" t="42" w="1163" /><ent r="3" t="48" w="616" /><ent r="4" t="49" w="377" /><ent r="4" t="51" w="1016" /><ent r="4" t="51" w="1194" /><ent r="8" t="55" w="762" /></phr></stem><stem n="follow"><phr n="following"><ent r="3" t="2" w="123" /><ent r="3" t="2" w="300" /><ent r="3" t="4" w="204" /><ent r="3" t="5" w="130" /><ent r="3" t="7" w="672" /><ent r="3" t="10" w="39" /><ent r="4" t="10" w="344" /><ent r="3" t="12" w="295" /><ent r="4" t="18" w="109" /><ent r="6" t="18" w="517" /><ent r="6" t="18" w="589" /><ent r="6" t="18" w="1007" /><ent r="6" t="18" w="1634" /><ent r="6" t="18" w="1831" /><ent r="4" t="19" w="108" /><ent r="5" t="20" w="105" /><ent r="4" t="20" w="166" /><ent r="6" t="20" w="390" /><ent r="4" t="21" w="185" /><ent r="6" t="21" w="590" /><ent r="4" t="22" w="156" /><ent r="6" t="22" w="643" /><ent r="3" t="23" w="221" /><ent r="3" t="24" w="141" /><ent r="4" t="24" w="334" /><ent r="5" t="25" w="122" /><ent r="5" t="25" w="282" /><ent r="5" t="25" w="429" /><ent r="6" t="27" w="245" /><ent r="6" t="27" w="318" /><ent r="6" t="27" w="768" /><ent r="6" t="27" w="1154" /><ent r="6" t="27" w="1301" /><ent r="4" t="27" w="1599" /><ent r="4" t="32" w="388" /><ent r="3" t="32" w="507" /><ent r="7" t="33" w="267" /><ent r="7" t="33" w="327" /><ent r="4" t="34" w="160" /><ent r="3" t="37" w="573" /><ent r="3" t="39" w="57" /><ent r="3" t="40" w="114" /><ent r="3" t="40" w="338" /><ent r="3" t="40" w="557" /><ent r="3" t="42" w="164" /><ent r="3" t="42" w="1117" /><ent r="3" t="42" w="1971" /><ent r="3" t="43" w="37" /><ent r="3" t="45" w="51" /><ent r="3" t="45" w="273" /><ent r="3" t="46" w="117" /><ent r="3" t="47" w="369" /><ent r="3" t="47" w="467" /><ent r="3" t="49" w="76" /><ent r="3" t="49" w="273" /><ent r="4" t="49" w="297" /><ent r="3" t="51" w="52" /><ent r="3" t="51" w="679" /><ent r="3" t="51" w="1057" /><ent r="3" t="52" w="227" /><ent r="3" t="53" w="387" /><ent r="3" t="54" w="448" /><ent r="3" t="54" w="503" /><ent r="4" t="55" w="374" /><ent r="6" t="55" w="630" /><ent r="9" t="55" w="1082" /><ent r="3" t="58" w="200" /><ent r="3" t="59" w="131" /><ent r="3" t="62" w="26" /><ent r="7" t="62" w="328" /><ent r="4" t="63" w="42" /><ent r="3" t="63" w="185" /><ent r="4" t="64" w="40" /><ent r="3" t="64" w="262" /><ent r="4" t="65" w="111" /><ent r="4" t="66" w="124" /><ent r="3" t="67" w="232" /><ent r="3" t="67" w="346" /><ent r="3" t="68" w="26" /><ent r="6" t="68" w="124" /></phr><phr n="Follow"><ent r="5" t="12" w="186" /><ent r="3" t="24" w="223" /><ent r="4" t="24" w="305" /><ent r="4" t="24" w="389" /><ent r="3" t="25" w="721" /><ent r="4" t="25" w="792" /><ent r="4" t="25" w="847" /><ent r="3" t="50" w="88" /><ent r="3" t="51" w="114" /></phr><phr n="follows"><ent r="4" t="12" w="372" /><ent r="4" t="15" w="90" /><ent r="4" t="18" w="407" /><ent r="4" t="18" w="1562" /><ent r="4" t="20" w="273" /><ent r="4" t="21" w="267" /><ent r="4" t="21" w="473" /><ent r="4" t="22" w="238" /><ent r="4" t="22" w="526" /><ent r="4" t="24" w="517" /><ent r="4" t="27" w="133" /><ent r="4" t="27" w="1084" /><ent r="4" t="33" w="250" /><ent r="4" t="55" w="1482" /></phr><phr n="follow"><ent r="3" t="14" w="136" /></phr></stem><stem n="method"><phr n="methods"><ent r="3" t="2" w="124" /><ent r="3" t="2" w="141" /><ent r="4" t="49" w="205" /><ent r="6" t="51" w="643" /><ent r="7" t="55" w="493" /><ent r="7" t="55" w="524" /><ent r="6" t="55" w="590" /><ent r="6" t="55" w="633" /><ent r="8" t="55" w="785" /><ent r="9" t="55" w="1083" /><ent r="6" t="68" w="120" /><ent r="6" t="68" w="125" /></phr><phr n="Method"><ent r="5" t="29" w="913" /><ent r="67" t="51" w="652" /><ent r="67" t="51" w="658" /><ent r="1000" t="58" w="4" /><ent r="102" t="58" w="24" /><ent r="3" t="58" w="56" /><ent r="5" t="58" w="224" /><ent r="1000" t="59" w="5" /><ent r="102" t="59" w="26" /><ent r="3" t="59" w="60" /><ent r="5" t="59" w="157" /><ent r="7" t="68" w="44" /><ent r="92" t="69" w="202" /></phr><phr n="method"><ent r="4" t="29" w="934" /><ent r="4" t="29" w="947" /><ent r="3" t="42" w="307" /><ent r="4" t="42" w="1196" /><ent r="3" t="47" w="552" /><ent r="4" t="49" w="127" /><ent r="4" t="49" w="220" /><ent r="4" t="49" w="243" /><ent r="6" t="50" w="574" /><ent r="7" t="55" w="472" /><ent r="7" t="55" w="517" /><ent r="6" t="55" w="547" /><ent r="6" t="55" w="567" /><ent r="8" t="55" w="660" /><ent r="8" t="55" w="736" /><ent r="8" t="55" w="845" /><ent r="8" t="55" w="923" /><ent r="8" t="55" w="993" /><ent r="8" t="55" w="1018" /><ent r="9" t="55" w="1167" /><ent r="4" t="57" w="101" /><ent r="4" t="57" w="103" /><ent r="4" t="57" w="148" /><ent r="4" t="57" w="150" /><ent r="3" t="58" w="38" /><ent r="3" t="58" w="217" /><ent r="3" t="59" w="43" /><ent r="3" t="59" w="149" /><ent r="3" t="60" w="170" /><ent r="3" t="60" w="205" /><ent r="3" t="69" w="218" /></phr><phr n="Methods"><ent r="6" t="55" w="457" /></phr></stem><stem n="select"><phr n="Select"><ent r="4" t="2" w="143" /><ent r="5" t="7" w="329" /><ent r="5" t="7" w="339" /><ent r="5" t="7" w="366" /><ent r="3" t="10" w="234" /><ent r="4" t="13" w="163" /><ent r="4" t="18" w="70" /><ent r="6" t="18" w="671" /><ent r="6" t="18" w="778" /><ent r="6" t="18" w="1733" /><ent r="6" t="18" w="1757" /><ent r="6" t="18" w="1785" /><ent r="6" t="18" w="1835" /><ent r="6" t="18" w="2053" /><ent r="4" t="18" w="2338" /><ent r="4" t="20" w="91" /><ent r="6" t="20" w="292" /><ent r="6" t="20" w="316" /><ent r="6" t="20" w="344" /><ent r="6" t="20" w="394" /><ent r="4" t="20" w="791" /><ent r="4" t="21" w="126" /><ent r="6" t="21" w="338" /><ent r="6" t="21" w="492" /><ent r="6" t="21" w="516" /><ent r="6" t="21" w="544" /><ent r="6" t="21" w="594" /><ent r="4" t="21" w="993" /><ent r="4" t="22" w="98" /><ent r="6" t="22" w="545" /><ent r="6" t="22" w="569" /><ent r="6" t="22" w="597" /><ent r="6" t="22" w="647" /><ent r="4" t="22" w="1048" /><ent r="4" t="23" w="95" /><ent r="4" t="24" w="495" /><ent r="7" t="24" w="650" /><ent r="7" t="24" w="672" /><ent r="7" t="24" w="717" /><ent r="7" t="24" w="728" /><ent r="4" t="27" w="77" /><ent r="6" t="27" w="400" /><ent r="6" t="27" w="523" /><ent r="6" t="27" w="1255" /><ent r="6" t="27" w="1305" /><ent r="4" t="27" w="1663" /><ent r="4" t="27" w="1679" /><ent r="8" t="29" w="507" /><ent r="8" t="29" w="526" /><ent r="3" t="29" w="698" /><ent r="4" t="30" w="125" /><ent r="4" t="31" w="170" /><ent r="4" t="31" w="190" /><ent r="4" t="32" w="93" /><ent r="4" t="32" w="108" /><ent r="4" t="32" w="345" /><ent r="4" t="33" w="201" /><ent r="4" t="33" w="221" /><ent r="7" t="33" w="435" /><ent r="7" t="33" w="464" /><ent r="4" t="34" w="136" /><ent r="4" t="42" w="1031" /><ent r="4" t="42" w="2092" /><ent r="4" t="45" w="237" /><ent r="7" t="51" w="472" /><ent r="6" t="55" w="445" /><ent r="7" t="55" w="459" /><ent r="7" t="55" w="504" /><ent r="6" t="55" w="624" /><ent r="8" t="55" w="639" /><ent r="8" t="55" w="904" /><ent r="7" t="55" w="1359" /><ent r="6" t="55" w="1496" /><ent r="6" t="55" w="1510" /><ent r="5" t="55" w="1597" /><ent r="4" t="69" w="148" /></phr><phr n="selected"><ent r="6" t="2" w="469" /><ent r="6" t="2" w="493" /><ent r="7" t="18" w="548" /><ent r="7" t="18" w="620" /><ent r="6" t="18" w="666" /><ent r="6" t="18" w="890" /><ent r="7" t="18" w="1657" /><ent r="6" t="18" w="1865" /><ent r="7" t="18" w="1985" /><ent r="6" t="18" w="2116" /><ent r="4" t="18" w="2175" /><ent r="4" t="18" w="2387" /><ent r="6" t="20" w="424" /><ent r="7" t="20" w="544" /><ent r="4" t="20" w="628" /><ent r="4" t="20" w="840" /><ent r="6" t="21" w="624" /><ent r="7" t="21" w="744" /><ent r="4" t="21" w="828" /><ent r="4" t="21" w="1042" /><ent r="6" t="22" w="677" /><ent r="7" t="22" w="797" /><ent r="4" t="22" w="881" /><ent r="4" t="22" w="1097" /><ent r="4" t="23" w="159" /><ent r="4" t="23" w="169" /><ent r="8" t="24" w="675" /><ent r="7" t="27" w="276" /><ent r="7" t="27" w="349" /><ent r="6" t="27" w="395" /><ent r="6" t="27" w="648" /><ent r="7" t="27" w="1177" /><ent r="6" t="27" w="1335" /><ent r="7" t="27" w="1452" /><ent r="4" t="27" w="1617" /><ent r="7" t="29" w="571" /><ent r="3" t="29" w="759" /><ent r="3" t="35" w="286" /><ent r="6" t="45" w="399" /><ent r="8" t="55" w="695" /><ent r="8" t="55" w="847" /><ent r="8" t="55" w="881" /><ent r="8" t="55" w="956" /><ent r="8" t="55" w="1314" /><ent r="7" t="58" w="340" /></phr><phr n="select"><ent r="3" t="4" w="119" /><ent r="3" t="4" w="340" /><ent r="5" t="7" w="374" /><ent r="4" t="8" w="191" /><ent r="4" t="8" w="298" /><ent r="4" t="8" w="320" /><ent r="4" t="8" w="334" /><ent r="4" t="8" w="386" /><ent r="4" t="8" w="408" /><ent r="4" t="8" w="422" /><ent r="4" t="11" w="42" /><ent r="4" t="11" w="59" /><ent r="4" t="12" w="46" /><ent r="4" t="12" w="63" /><ent r="4" t="13" w="156" /><ent r="4" t="14" w="168" /><ent r="4" t="14" w="189" /><ent r="4" t="16" w="233" /><ent r="4" t="16" w="250" /><ent r="4" t="16" w="316" /><ent r="3" t="18" w="152" /><ent r="6" t="18" w="987" /><ent r="6" t="18" w="1107" /><ent r="6" t="18" w="1608" /><ent r="6" t="18" w="1885" /><ent r="4" t="20" w="98" /><ent r="4" t="20" w="117" /><ent r="6" t="20" w="444" /><ent r="4" t="21" w="133" /><ent r="6" t="21" w="644" /><ent r="4" t="22" w="105" /><ent r="6" t="22" w="368" /><ent r="6" t="22" w="697" /><ent r="3" t="24" w="274" /><ent r="5" t="24" w="357" /><ent r="7" t="24" w="619" /><ent r="7" t="24" w="679" /><ent r="6" t="25" w="328" /><ent r="6" t="25" w="496" /><ent r="3" t="25" w="766" /><ent r="4" t="25" w="820" /><ent r="4" t="25" w="830" /><ent r="6" t="27" w="574" /><ent r="6" t="27" w="748" /><ent r="6" t="27" w="868" /><ent r="6" t="27" w="1128" /><ent r="6" t="27" w="1352" /><ent r="4" t="31" w="152" /><ent r="4" t="31" w="200" /><ent r="4" t="32" w="75" /><ent r="4" t="32" w="117" /><ent r="4" t="33" w="183" /><ent r="4" t="34" w="118" /><ent r="5" t="34" w="167" /><ent r="4" t="35" w="181" /><ent r="4" t="35" w="202" /><ent r="4" t="35" w="221" /><ent r="4" t="36" w="58" /><ent r="4" t="36" w="79" /><ent r="4" t="36" w="98" /><ent r="4" t="42" w="1059" /><ent r="4" t="42" w="2112" /><ent r="6" t="45" w="420" /><ent r="7" t="50" w="292" /><ent r="7" t="50" w="342" /><ent r="7" t="51" w="294" /><ent r="3" t="51" w="773" /><ent r="4" t="51" w="1091" /><ent r="3" t="55" w="169" /><ent r="7" t="55" w="487" /><ent r="8" t="55" w="851" /><ent r="8" t="55" w="1284" /><ent r="7" t="55" w="1395" /><ent r="4" t="55" w="1580" /><ent r="3" t="55" w="1656" /></phr><phr n="Selecting"><ent r="4" t="45" w="498" /></phr><phr n="selection"><ent r="7" t="55" w="522" /></phr><phr n="selecting"><ent r="4" t="55" w="1592" /><ent r="7" t="58" w="373" /></phr></stem></index>