<?xml version="1.0" encoding="utf-8"?><index><stem n="to-nav"><phr n="easy-to-navigate"><ent r="3" t="2" w="42" /><ent r="3" t="2" w="42" /></phr><phr n="to-navigate"><ent r="3" t="2" w="43" /></phr></stem><stem n="easy-to"><phr n="easy-to-navigate"><ent r="3" t="2" w="42" /><ent r="3" t="2" w="42" /></phr><phr n="easy-to"><ent r="3" t="2" w="42" /></phr></stem><stem n="-naviga"><phr n="easy-to-navigate"><ent r="3" t="2" w="42" /><ent r="3" t="2" w="42" /></phr><phr n="to-navigate"><ent r="3" t="2" w="43" /></phr></stem><stem n="asy-to-"><phr n="easy-to-navigate"><ent r="3" t="2" w="42" /><ent r="3" t="2" w="42" /></phr></stem><stem n="navigat"><phr n="easy-to-navigate"><ent r="3" t="2" w="42" /><ent r="3" t="2" w="42" /></phr><phr n="to-navigate"><ent r="3" t="2" w="43" /></phr><phr n="navigate"><ent r="3" t="2" w="44" /><ent r="4" t="7" w="624" /><ent r="4" t="7" w="624" /><ent r="7" t="24" w="594" /><ent r="7" t="24" w="594" /><ent r="4" t="35" w="243" /><ent r="4" t="35" w="243" /><ent r="4" t="70" w="124" /><ent r="4" t="70" w="124" /><ent r="4" t="70" w="255" /><ent r="4" t="70" w="255" /></phr><phr n="Navigate"><ent r="7" t="18" w="1218" /><ent r="7" t="18" w="1218" /><ent r="7" t="27" w="973" /><ent r="7" t="27" w="973" /><ent r="7" t="27" w="1080" /><ent r="7" t="27" w="1080" /><ent r="4" t="36" w="116" /><ent r="4" t="36" w="116" /></phr></stem><stem n="sy-to-n"><phr n="easy-to-navigate"><ent r="3" t="2" w="42" /><ent r="3" t="2" w="42" /></phr></stem><stem n="avigate"><phr n="easy-to-navigate"><ent r="3" t="2" w="42" /><ent r="3" t="2" w="42" /></phr><phr n="to-navigate"><ent r="3" t="2" w="43" /></phr><phr n="navigate"><ent r="3" t="2" w="44" /><ent r="4" t="7" w="624" /><ent r="4" t="7" w="624" /><ent r="7" t="24" w="594" /><ent r="7" t="24" w="594" /><ent r="4" t="35" w="243" /><ent r="4" t="35" w="243" /><ent r="4" t="70" w="124" /><ent r="4" t="70" w="124" /><ent r="4" t="70" w="255" /><ent r="4" t="70" w="255" /></phr><phr n="Navigate"><ent r="7" t="18" w="1218" /><ent r="7" t="18" w="1218" /><ent r="7" t="27" w="973" /><ent r="7" t="27" w="973" /><ent r="7" t="27" w="1080" /><ent r="7" t="27" w="1080" /><ent r="4" t="36" w="116" /><ent r="4" t="36" w="116" /></phr></stem><stem n="y-to-na"><phr n="easy-to-navigate"><ent r="3" t="2" w="42" /><ent r="3" t="2" w="42" /></phr></stem><stem n="-to-nav"><phr n="easy-to-navigate"><ent r="3" t="2" w="42" /><ent r="3" t="2" w="42" /></phr></stem><stem n="to-navi"><phr n="easy-to-navigate"><ent r="3" t="2" w="42" /><ent r="3" t="2" w="42" /></phr><phr n="to-navigate"><ent r="3" t="2" w="43" /></phr></stem><stem n="o-navig"><phr n="easy-to-navigate"><ent r="3" t="2" w="42" /><ent r="3" t="2" w="42" /></phr><phr n="to-navigate"><ent r="3" t="2" w="43" /></phr></stem><stem n="easy-to-"><phr n="easy-to-navigate"><ent r="3" t="2" w="42" /><ent r="3" t="2" w="42" /></phr></stem><stem n="navigate"><phr n="easy-to-navigate"><ent r="3" t="2" w="42" /><ent r="3" t="2" w="42" /></phr><phr n="to-navigate"><ent r="3" t="2" w="43" /></phr><phr n="navigate"><ent r="3" t="2" w="44" /><ent r="4" t="7" w="624" /><ent r="4" t="7" w="624" /><ent r="7" t="24" w="594" /><ent r="7" t="24" w="594" /><ent r="4" t="35" w="243" /><ent r="4" t="35" w="243" /><ent r="4" t="70" w="124" /><ent r="4" t="70" w="124" /><ent r="4" t="70" w="255" /><ent r="4" t="70" w="255" /></phr><phr n="Navigate"><ent r="7" t="18" w="1218" /><ent r="7" t="18" w="1218" /><ent r="7" t="27" w="973" /><ent r="7" t="27" w="973" /><ent r="7" t="27" w="1080" /><ent r="7" t="27" w="1080" /><ent r="4" t="36" w="116" /><ent r="4" t="36" w="116" /></phr></stem><stem n="asy-to-n"><phr n="easy-to-navigate"><ent r="3" t="2" w="42" /><ent r="3" t="2" w="42" /></phr></stem><stem n="sy-to-na"><phr n="easy-to-navigate"><ent r="3" t="2" w="42" /><ent r="3" t="2" w="42" /></phr></stem><stem n="y-to-nav"><phr n="easy-to-navigate"><ent r="3" t="2" w="42" /><ent r="3" t="2" w="42" /></phr></stem><stem n="-to-navi"><phr n="easy-to-navigate"><ent r="3" t="2" w="42" /><ent r="3" t="2" w="42" /></phr></stem><stem n="to-navig"><phr n="easy-to-navigate"><ent r="3" t="2" w="42" /><ent r="3" t="2" w="42" /></phr><phr n="to-navigate"><ent r="3" t="2" w="43" /></phr></stem><stem n="o-naviga"><phr n="easy-to-navigate"><ent r="3" t="2" w="42" /><ent r="3" t="2" w="42" /></phr><phr n="to-navigate"><ent r="3" t="2" w="43" /></phr></stem><stem n="-navigat"><phr n="easy-to-navigate"><ent r="3" t="2" w="42" /><ent r="3" t="2" w="42" /></phr><phr n="to-navigate"><ent r="3" t="2" w="43" /></phr></stem><stem n="easy-to-n"><phr n="easy-to-navigate"><ent r="3" t="2" w="42" /><ent r="3" t="2" w="42" /></phr></stem><stem n="asy-to-na"><phr n="easy-to-navigate"><ent r="3" t="2" w="42" /><ent r="3" t="2" w="42" /></phr></stem><stem n="sy-to-nav"><phr n="easy-to-navigate"><ent r="3" t="2" w="42" /><ent r="3" t="2" w="42" /></phr></stem><stem n="y-to-navi"><phr n="easy-to-navigate"><ent r="3" t="2" w="42" /><ent r="3" t="2" w="42" /></phr></stem><stem n="-to-navig"><phr n="easy-to-navigate"><ent r="3" t="2" w="42" /><ent r="3" t="2" w="42" /></phr></stem><stem n="to-naviga"><phr n="easy-to-navigate"><ent r="3" t="2" w="42" /><ent r="3" t="2" w="42" /></phr><phr n="to-navigate"><ent r="3" t="2" w="43" /></phr></stem><stem n="o-navigat"><phr n="easy-to-navigate"><ent r="3" t="2" w="42" /><ent r="3" t="2" w="42" /></phr><phr n="to-navigate"><ent r="3" t="2" w="43" /></phr></stem><stem n="-navigate"><phr n="easy-to-navigate"><ent r="3" t="2" w="42" /><ent r="3" t="2" w="42" /></phr><phr n="to-navigate"><ent r="3" t="2" w="43" /></phr></stem><stem n="easy-to-na"><phr n="easy-to-navigate"><ent r="3" t="2" w="42" /><ent r="3" t="2" w="42" /></phr></stem><stem n="asy-to-nav"><phr n="easy-to-navigate"><ent r="3" t="2" w="42" /><ent r="3" t="2" w="42" /></phr></stem><stem n="sy-to-navi"><phr n="easy-to-navigate"><ent r="3" t="2" w="42" /><ent r="3" t="2" w="42" /></phr></stem><stem n="y-to-navig"><phr n="easy-to-navigate"><ent r="3" t="2" w="42" /><ent r="3" t="2" w="42" /></phr></stem><stem n="-to-naviga"><phr n="easy-to-navigate"><ent r="3" t="2" w="42" /><ent r="3" t="2" w="42" /></phr></stem><stem n="to-navigat"><phr n="easy-to-navigate"><ent r="3" t="2" w="42" /><ent r="3" t="2" w="42" /></phr><phr n="to-navigate"><ent r="3" t="2" w="43" /></phr></stem><stem n="o-navigate"><phr n="easy-to-navigate"><ent r="3" t="2" w="42" /><ent r="3" t="2" w="42" /></phr><phr n="to-navigate"><ent r="3" t="2" w="43" /></phr></stem><stem n="easy-to-nav"><phr n="easy-to-navigate"><ent r="3" t="2" w="42" /><ent r="3" t="2" w="42" /></phr></stem><stem n="asy-to-navi"><phr n="easy-to-navigate"><ent r="3" t="2" w="42" /><ent r="3" t="2" w="42" /></phr></stem><stem n="sy-to-navig"><phr n="easy-to-navigate"><ent r="3" t="2" w="42" /><ent r="3" t="2" w="42" /></phr></stem><stem n="y-to-naviga"><phr n="easy-to-navigate"><ent r="3" t="2" w="42" /><ent r="3" t="2" w="42" /></phr></stem><stem n="-to-navigat"><phr n="easy-to-navigate"><ent r="3" t="2" w="42" /><ent r="3" t="2" w="42" /></phr></stem><stem n="to-navigate"><phr n="easy-to-navigate"><ent r="3" t="2" w="42" /><ent r="3" t="2" w="42" /></phr><phr n="to-navigate"><ent r="3" t="2" w="43" /></phr></stem><stem n="easy-to-navi"><phr n="easy-to-navigate"><ent r="3" t="2" w="42" /><ent r="3" t="2" w="42" /></phr></stem><stem n="asy-to-navig"><phr n="easy-to-navigate"><ent r="3" t="2" w="42" /><ent r="3" t="2" w="42" /></phr></stem><stem n="sy-to-naviga"><phr n="easy-to-navigate"><ent r="3" t="2" w="42" /><ent r="3" t="2" w="42" /></phr></stem><stem n="y-to-navigat"><phr n="easy-to-navigate"><ent r="3" t="2" w="42" /><ent r="3" t="2" w="42" /></phr></stem><stem n="-to-navigate"><phr n="easy-to-navigate"><ent r="3" t="2" w="42" /><ent r="3" t="2" w="42" /></phr></stem><stem n="asy-to-naviga"><phr n="easy-to-navigate"><ent r="3" t="2" w="42" /><ent r="3" t="2" w="42" /></phr></stem><stem n="sy-to-navigat"><phr n="easy-to-navigate"><ent r="3" t="2" w="42" /><ent r="3" t="2" w="42" /></phr></stem><stem n="y-to-navigate"><phr n="easy-to-navigate"><ent r="3" t="2" w="42" /><ent r="3" t="2" w="42" /></phr></stem><stem n="easy-to-naviga"><phr n="easy-to-navigate"><ent r="3" t="2" w="42" /><ent r="3" t="2" w="42" /></phr></stem><stem n="asy-to-navigat"><phr n="easy-to-navigate"><ent r="3" t="2" w="42" /><ent r="3" t="2" w="42" /></phr></stem><stem n="sy-to-navigate"><phr n="easy-to-navigate"><ent r="3" t="2" w="42" /><ent r="3" t="2" w="42" /></phr></stem><stem n="easy-to-navigat"><phr n="easy-to-navigate"><ent r="3" t="2" w="42" /><ent r="3" t="2" w="42" /></phr></stem><stem n="asy-to-navigate"><phr n="easy-to-navigate"><ent r="3" t="2" w="42" /><ent r="3" t="2" w="42" /></phr></stem><stem n="easy-to-navigate"><phr n="easy-to-navigate"><ent r="3" t="2" w="42" /><ent r="3" t="2" w="42" /></phr></stem><stem n="easi"><phr n="easy"><ent r="3" t="2" w="42" /></phr><phr n="easily"><ent r="6" t="45" w="432" /><ent r="6" t="45" w="432" /></phr><phr n="easier"><ent r="6" t="45" w="460" /><ent r="6" t="45" w="460" /></phr><phr n="feasible"><ent r="3" t="47" w="97" /></phr></stem><stem n="read"><phr n="read"><ent r="3" t="2" w="48" /><ent r="3" t="2" w="48" /><ent r="6" t="18" w="747" /><ent r="6" t="18" w="747" /><ent r="6" t="27" w="486" /><ent r="6" t="27" w="486" /><ent r="3" t="29" w="723" /><ent r="3" t="29" w="767" /><ent r="6" t="45" w="433" /><ent r="6" t="45" w="433" /><ent r="6" t="45" w="462" /></phr><phr n="read-only"><ent r="3" t="29" w="723" /><ent r="3" t="29" w="723" /><ent r="3" t="29" w="767" /><ent r="3" t="29" w="767" /></phr><phr n="already"><ent r="3" t="42" w="1439" /><ent r="3" t="42" w="1439" /><ent r="3" t="48" w="666" /><ent r="3" t="48" w="666" /><ent r="3" t="56" w="182" /><ent r="3" t="56" w="182" /><ent r="4" t="70" w="116" /><ent r="4" t="70" w="116" /></phr><phr n="defaultReadTimeout"><ent r="8" t="63" w="147" /><ent r="5" t="66" w="163" /></phr><phr n="-Dcom.l7tech.common.http.prov.apache.CommonsHttpClient.defaultReadTimeout=600000"><ent r="5" t="66" w="164" /></phr></stem><stem n="like"><phr n="like"><ent r="3" t="2" w="50" /><ent r="3" t="2" w="50" /><ent r="3" t="40" w="731" /><ent r="3" t="40" w="731" /><ent r="3" t="48" w="312" /><ent r="3" t="48" w="312" /></phr><phr n="likely"><ent r="4" t="68" w="1011" /><ent r="4" t="68" w="1011" /></phr></stem><stem n="book"><phr n="book"><ent r="3" t="2" w="52" /><ent r="3" t="2" w="52" /></phr></stem><stem n="brows"><phr n="browsing"><ent r="3" t="2" w="54" /><ent r="3" t="2" w="54" /></phr><phr n="Browse"><ent r="4" t="27" w="1655" /><ent r="4" t="27" w="1655" /></phr><phr n="browser"><ent r="4" t="70" w="122" /><ent r="4" t="70" w="122" /><ent r="3" t="70" w="198" /><ent r="4" t="70" w="253" /><ent r="4" t="70" w="253" /></phr></stem><stem n="brow"><phr n="browsing"><ent r="3" t="2" w="54" /><ent r="3" t="2" w="54" /></phr><phr n="Browse"><ent r="4" t="27" w="1655" /><ent r="4" t="27" w="1655" /></phr><phr n="browser"><ent r="4" t="70" w="122" /><ent r="4" t="70" w="122" /><ent r="3" t="70" w="198" /><ent r="4" t="70" w="253" /><ent r="4" t="70" w="253" /></phr></stem><stem n="sing"><phr n="browsing"><ent r="3" t="2" w="54" /><ent r="3" t="2" w="54" /></phr><phr n="using"><ent r="3" t="2" w="67" /><ent r="3" t="2" w="67" /><ent r="3" t="2" w="107" /><ent r="3" t="2" w="107" /><ent r="3" t="10" w="288" /><ent r="3" t="10" w="288" /><ent r="4" t="10" w="357" /><ent r="4" t="10" w="357" /><ent r="3" t="16" w="172" /><ent r="3" t="16" w="172" /><ent r="3" t="17" w="111" /><ent r="3" t="17" w="111" /><ent r="3" t="18" w="403" /><ent r="3" t="18" w="403" /><ent r="6" t="18" w="817" /><ent r="6" t="18" w="817" /><ent r="6" t="18" w="1024" /><ent r="6" t="18" w="1024" /><ent r="6" t="18" w="1034" /><ent r="6" t="18" w="1034" /><ent r="6" t="18" w="1664" /><ent r="6" t="18" w="1664" /><ent r="6" t="18" w="1907" /><ent r="6" t="18" w="1907" /><ent r="6" t="18" w="2113" /><ent r="6" t="18" w="2113" /><ent r="3" t="18" w="2554" /><ent r="3" t="18" w="2554" /><ent r="100" t="20" w="18" /><ent r="100" t="20" w="18" /><ent r="3" t="20" w="57" /><ent r="3" t="20" w="57" /><ent r="6" t="20" w="443" /><ent r="6" t="20" w="443" /><ent r="3" t="20" w="981" /><ent r="3" t="20" w="981" /><ent r="100" t="21" w="23" /><ent r="100" t="21" w="23" /><ent r="3" t="21" w="93" /><ent r="3" t="21" w="93" /><ent r="6" t="21" w="642" /><ent r="6" t="21" w="642" /><ent r="3" t="21" w="1182" /><ent r="3" t="21" w="1182" /><ent r="100" t="22" w="23" /><ent r="100" t="22" w="23" /><ent r="3" t="22" w="65" /><ent r="3" t="22" w="65" /><ent r="6" t="22" w="697" /><ent r="6" t="22" w="697" /><ent r="3" t="22" w="1238" /><ent r="3" t="22" w="1238" /><ent r="6" t="23" w="480" /><ent r="6" t="23" w="480" /><ent r="3" t="24" w="263" /><ent r="3" t="24" w="263" /><ent r="3" t="24" w="790" /><ent r="3" t="24" w="790" /><ent r="3" t="25" w="41" /><ent r="3" t="25" w="41" /><ent r="6" t="25" w="319" /><ent r="6" t="25" w="319" /><ent r="6" t="25" w="489" /><ent r="6" t="25" w="489" /><ent r="3" t="25" w="766" /><ent r="3" t="25" w="766" /><ent r="3" t="26" w="75" /><ent r="3" t="26" w="75" /><ent r="6" t="27" w="556" /><ent r="6" t="27" w="556" /><ent r="6" t="27" w="779" /><ent r="6" t="27" w="779" /><ent r="6" t="27" w="789" /><ent r="6" t="27" w="789" /><ent r="6" t="27" w="1178" /><ent r="6" t="27" w="1178" /><ent r="6" t="27" w="1368" /><ent r="6" t="27" w="1368" /><ent r="3" t="27" w="1821" /><ent r="3" t="27" w="1821" /><ent r="3" t="32" w="222" /><ent r="3" t="32" w="222" /><ent r="3" t="32" w="327" /><ent r="3" t="32" w="327" /><ent r="3" t="33" w="124" /><ent r="3" t="33" w="124" /><ent r="3" t="39" w="35" /><ent r="3" t="39" w="35" /><ent r="3" t="40" w="501" /><ent r="3" t="40" w="501" /><ent r="4" t="40" w="842" /><ent r="4" t="40" w="842" /><ent r="3" t="45" w="56" /><ent r="3" t="45" w="56" /><ent r="3" t="46" w="220" /><ent r="3" t="46" w="220" /><ent r="3" t="47" w="50" /><ent r="3" t="47" w="50" /><ent r="3" t="47" w="599" /><ent r="3" t="47" w="599" /><ent r="3" t="48" w="342" /><ent r="3" t="48" w="342" /><ent r="3" t="49" w="84" /><ent r="3" t="49" w="84" /><ent r="4" t="49" w="217" /><ent r="4" t="49" w="217" /><ent r="4" t="49" w="239" /><ent r="4" t="49" w="239" /><ent r="4" t="49" w="414" /><ent r="4" t="49" w="414" /><ent r="4" t="49" w="445" /><ent r="4" t="49" w="445" /><ent r="100" t="50" w="6" /><ent r="100" t="50" w="6" /><ent r="3" t="50" w="83" /><ent r="3" t="50" w="83" /><ent r="5" t="50" w="120" /><ent r="5" t="50" w="120" /><ent r="6" t="50" w="600" /><ent r="6" t="50" w="600" /><ent r="100" t="51" w="19" /><ent r="100" t="51" w="19" /><ent r="3" t="51" w="110" /><ent r="3" t="51" w="110" /><ent r="5" t="51" w="153" /><ent r="5" t="51" w="153" /><ent r="6" t="51" w="388" /><ent r="6" t="51" w="388" /><ent r="7" t="51" w="621" /><ent r="7" t="51" w="621" /><ent r="3" t="51" w="788" /><ent r="3" t="51" w="788" /><ent r="3" t="51" w="986" /><ent r="3" t="51" w="986" /><ent r="3" t="52" w="209" /><ent r="3" t="52" w="209" /><ent r="8" t="55" w="889" /><ent r="8" t="55" w="889" /><ent r="9" t="55" w="1114" /><ent r="9" t="55" w="1114" /><ent r="8" t="55" w="1322" /><ent r="8" t="55" w="1322" /><ent r="6" t="55" w="1560" /><ent r="6" t="55" w="1560" /><ent r="4" t="57" w="99" /><ent r="4" t="57" w="99" /><ent r="4" t="57" w="145" /><ent r="4" t="57" w="145" /><ent r="3" t="58" w="33" /><ent r="3" t="58" w="33" /><ent r="3" t="59" w="38" /><ent r="3" t="59" w="38" /><ent r="3" t="60" w="293" /><ent r="3" t="60" w="293" /><ent r="3" t="67" w="66" /><ent r="3" t="67" w="66" /><ent r="3" t="67" w="114" /><ent r="3" t="67" w="114" /><ent r="7" t="68" w="269" /><ent r="7" t="68" w="269" /><ent r="3" t="70" w="320" /><ent r="3" t="70" w="320" /></phr><phr n="Accessing"><ent r="92" t="2" w="98" /><ent r="92" t="2" w="98" /></phr><phr n="Using"><ent r="5" t="4" w="222" /><ent r="5" t="4" w="222" /><ent r="82" t="32" w="148" /><ent r="82" t="32" w="148" /><ent r="82" t="32" w="259" /><ent r="82" t="32" w="259" /><ent r="82" t="39" w="111" /><ent r="82" t="39" w="111" /><ent r="64" t="42" w="226" /><ent r="64" t="42" w="226" /><ent r="64" t="42" w="232" /><ent r="64" t="42" w="232" /><ent r="92" t="42" w="237" /><ent r="92" t="42" w="237" /><ent r="92" t="42" w="1143" /><ent r="92" t="42" w="1143" /><ent r="5" t="45" w="294" /><ent r="5" t="45" w="294" /><ent r="4" t="47" w="691" /><ent r="4" t="47" w="691" /><ent r="4" t="47" w="703" /><ent r="4" t="47" w="703" /><ent r="3" t="48" w="327" /><ent r="3" t="48" w="327" /><ent r="72" t="48" w="444" /><ent r="72" t="48" w="444" /><ent r="3" t="48" w="454" /><ent r="3" t="48" w="454" /><ent r="72" t="48" w="465" /><ent r="72" t="48" w="465" /><ent r="3" t="48" w="477" /><ent r="3" t="48" w="477" /><ent r="64" t="48" w="676" /><ent r="64" t="48" w="676" /><ent r="65" t="49" w="154" /><ent r="65" t="49" w="154" /><ent r="65" t="49" w="249" /><ent r="65" t="49" w="249" /><ent r="65" t="49" w="424" /><ent r="65" t="49" w="424" /><ent r="65" t="49" w="453" /><ent r="65" t="49" w="453" /><ent r="126" t="49" w="495" /><ent r="126" t="49" w="495" /><ent r="65" t="49" w="556" /><ent r="65" t="49" w="556" /><ent r="126" t="49" w="591" /><ent r="126" t="49" w="591" /><ent r="65" t="49" w="610" /><ent r="65" t="49" w="610" /><ent r="1000" t="50" w="2" /><ent r="1000" t="50" w="2" /><ent r="102" t="50" w="13" /><ent r="102" t="50" w="13" /><ent r="1000" t="51" w="2" /><ent r="1000" t="51" w="2" /><ent r="102" t="51" w="30" /><ent r="102" t="51" w="30" /><ent r="64" t="52" w="171" /><ent r="64" t="52" w="171" /><ent r="64" t="52" w="180" /><ent r="64" t="52" w="180" /><ent r="64" t="53" w="257" /><ent r="64" t="53" w="257" /><ent r="64" t="53" w="266" /><ent r="64" t="53" w="266" /><ent r="65" t="54" w="190" /><ent r="65" t="54" w="190" /><ent r="65" t="54" w="222" /><ent r="65" t="54" w="222" /><ent r="65" t="54" w="255" /><ent r="65" t="54" w="255" /><ent r="65" t="54" w="365" /><ent r="65" t="54" w="365" /><ent r="126" t="54" w="407" /><ent r="126" t="54" w="407" /><ent r="65" t="55" w="1503" /><ent r="65" t="55" w="1503" /><ent r="64" t="58" w="65" /><ent r="64" t="58" w="65" /><ent r="64" t="58" w="74" /><ent r="64" t="58" w="74" /><ent r="66" t="58" w="126" /><ent r="66" t="58" w="126" /><ent r="66" t="58" w="156" /><ent r="66" t="58" w="156" /><ent r="5" t="58" w="221" /><ent r="5" t="58" w="221" /><ent r="64" t="59" w="70" /><ent r="64" t="59" w="70" /><ent r="5" t="59" w="154" /><ent r="5" t="59" w="154" /><ent r="1000" t="70" w="1" /><ent r="1000" t="70" w="1" /><ent r="102" t="70" w="17" /><ent r="102" t="70" w="17" /></phr><phr n="accessing"><ent r="3" t="5" w="136" /><ent r="3" t="5" w="136" /></phr><phr n="processing"><ent r="4" t="5" w="332" /><ent r="4" t="5" w="332" /><ent r="6" t="23" w="528" /><ent r="6" t="23" w="528" /><ent r="6" t="23" w="544" /><ent r="6" t="23" w="544" /><ent r="6" t="23" w="566" /><ent r="6" t="23" w="566" /><ent r="6" t="23" w="605" /><ent r="6" t="23" w="605" /><ent r="3" t="28" w="114" /><ent r="3" t="32" w="241" /><ent r="3" t="33" w="143" /><ent r="4" t="38" w="166" /><ent r="3" t="40" w="535" /><ent r="3" t="42" w="148" /><ent r="3" t="42" w="148" /><ent r="3" t="47" w="588" /></phr><phr n="single"><ent r="3" t="9" w="82" /><ent r="3" t="9" w="82" /><ent r="3" t="9" w="95" /><ent r="3" t="9" w="95" /><ent r="3" t="9" w="113" /><ent r="3" t="9" w="113" /><ent r="3" t="9" w="135" /><ent r="3" t="9" w="135" /><ent r="5" t="32" w="646" /><ent r="5" t="32" w="646" /><ent r="3" t="34" w="30" /><ent r="3" t="34" w="30" /><ent r="3" t="34" w="54" /><ent r="3" t="34" w="54" /><ent r="5" t="34" w="173" /><ent r="5" t="34" w="173" /><ent r="3" t="42" w="1320" /><ent r="3" t="42" w="1320" /><ent r="3" t="42" w="1327" /><ent r="3" t="42" w="1327" /><ent r="4" t="49" w="225" /><ent r="4" t="49" w="225" /><ent r="6" t="55" w="1590" /><ent r="6" t="55" w="1590" /><ent r="7" t="58" w="385" /><ent r="7" t="58" w="385" /><ent r="4" t="68" w="973" /><ent r="4" t="68" w="973" /></phr><phr n="wsAddressing"><ent r="7" t="23" w="628" /></phr><phr n="causing"><ent r="3" t="32" w="331" /><ent r="3" t="32" w="331" /><ent r="5" t="32" w="699" /><ent r="5" t="32" w="699" /><ent r="3" t="42" w="738" /><ent r="3" t="42" w="738" /></phr><phr n="Compressing"><ent r="3" t="39" w="41" /><ent r="3" t="39" w="41" /></phr><phr n="assessing"><ent r="3" t="40" w="1131" /><ent r="3" t="40" w="1131" /></phr></stem><stem n="rows"><phr n="browsing"><ent r="3" t="2" w="54" /><ent r="3" t="2" w="54" /></phr><phr n="Browse"><ent r="4" t="27" w="1655" /><ent r="4" t="27" w="1655" /></phr><phr n="browser"><ent r="4" t="70" w="122" /><ent r="4" t="70" w="122" /><ent r="3" t="70" w="198" /><ent r="4" t="70" w="253" /><ent r="4" t="70" w="253" /></phr></stem><stem n="owsi"><phr n="browsing"><ent r="3" t="2" w="54" /><ent r="3" t="2" w="54" /></phr></stem><stem n="wsin"><phr n="browsing"><ent r="3" t="2" w="54" /><ent r="3" t="2" w="54" /></phr></stem><stem n="rowsi"><phr n="browsing"><ent r="3" t="2" w="54" /><ent r="3" t="2" w="54" /></phr></stem><stem n="owsin"><phr n="browsing"><ent r="3" t="2" w="54" /><ent r="3" t="2" w="54" /></phr></stem><stem n="wsing"><phr n="browsing"><ent r="3" t="2" w="54" /><ent r="3" t="2" w="54" /></phr></stem><stem n="browsi"><phr n="browsing"><ent r="3" t="2" w="54" /><ent r="3" t="2" w="54" /></phr></stem><stem n="rowsin"><phr n="browsing"><ent r="3" t="2" w="54" /><ent r="3" t="2" w="54" /></phr></stem><stem n="owsing"><phr n="browsing"><ent r="3" t="2" w="54" /><ent r="3" t="2" w="54" /></phr></stem><stem n="browsin"><phr n="browsing"><ent r="3" t="2" w="54" /><ent r="3" t="2" w="54" /></phr></stem><stem n="rowsing"><phr n="browsing"><ent r="3" t="2" w="54" /><ent r="3" t="2" w="54" /></phr></stem><stem n="browsing"><phr n="browsing"><ent r="3" t="2" w="54" /><ent r="3" t="2" w="54" /></phr></stem><stem n="tents"><phr n="Contents"><ent r="3" t="2" w="56" /></phr></stem><stem n="ntents"><phr n="Contents"><ent r="3" t="2" w="56" /></phr></stem><stem n="ontents"><phr n="Contents"><ent r="3" t="2" w="56" /></phr></stem><stem n="contents"><phr n="Contents"><ent r="3" t="2" w="56" /></phr></stem><stem n="quickli"><phr n="quickly"><ent r="3" t="2" w="60" /><ent r="3" t="2" w="60" /></phr></stem><stem n="quic"><phr n="quickly"><ent r="3" t="2" w="60" /><ent r="3" t="2" w="60" /></phr><phr n="Quick"><ent r="72" t="7" w="172" /><ent r="72" t="7" w="172" /><ent r="72" t="8" w="107" /><ent r="72" t="8" w="107" /><ent r="72" t="24" w="191" /><ent r="72" t="24" w="191" /><ent r="72" t="25" w="626" /><ent r="72" t="25" w="626" /><ent r="72" t="37" w="100" /><ent r="72" t="37" w="100" /><ent r="72" t="40" w="157" /><ent r="72" t="40" w="157" /><ent r="72" t="42" w="223" /><ent r="72" t="42" w="223" /></phr><phr n="quick"><ent r="7" t="43" w="101" /><ent r="7" t="43" w="101" /><ent r="7" t="43" w="280" /><ent r="7" t="43" w="280" /></phr></stem><stem n="uick"><phr n="quickly"><ent r="3" t="2" w="60" /><ent r="3" t="2" w="60" /></phr><phr n="Quick"><ent r="72" t="7" w="172" /><ent r="72" t="7" w="172" /><ent r="72" t="8" w="107" /><ent r="72" t="8" w="107" /><ent r="72" t="24" w="191" /><ent r="72" t="24" w="191" /><ent r="72" t="25" w="626" /><ent r="72" t="25" w="626" /><ent r="72" t="37" w="100" /><ent r="72" t="37" w="100" /><ent r="72" t="40" w="157" /><ent r="72" t="40" w="157" /><ent r="72" t="42" w="223" /><ent r="72" t="42" w="223" /></phr><phr n="quick"><ent r="7" t="43" w="101" /><ent r="7" t="43" w="101" /><ent r="7" t="43" w="280" /><ent r="7" t="43" w="280" /></phr></stem><stem n="ickl"><phr n="quickly"><ent r="3" t="2" w="60" /><ent r="3" t="2" w="60" /></phr></stem><stem n="ckly"><phr n="quickly"><ent r="3" t="2" w="60" /><ent r="3" t="2" w="60" /></phr></stem><stem n="quick"><phr n="quickly"><ent r="3" t="2" w="60" /><ent r="3" t="2" w="60" /></phr><phr n="Quick"><ent r="72" t="7" w="172" /><ent r="72" t="7" w="172" /><ent r="72" t="8" w="107" /><ent r="72" t="8" w="107" /><ent r="72" t="24" w="191" /><ent r="72" t="24" w="191" /><ent r="72" t="25" w="626" /><ent r="72" t="25" w="626" /><ent r="72" t="37" w="100" /><ent r="72" t="37" w="100" /><ent r="72" t="40" w="157" /><ent r="72" t="40" w="157" /><ent r="72" t="42" w="223" /><ent r="72" t="42" w="223" /></phr><phr n="quick"><ent r="7" t="43" w="101" /><ent r="7" t="43" w="101" /><ent r="7" t="43" w="280" /><ent r="7" t="43" w="280" /></phr></stem><stem n="uickl"><phr n="quickly"><ent r="3" t="2" w="60" /><ent r="3" t="2" w="60" /></phr></stem><stem n="ickly"><phr n="quickly"><ent r="3" t="2" w="60" /><ent r="3" t="2" w="60" /></phr></stem><stem n="quickl"><phr n="quickly"><ent r="3" t="2" w="60" /><ent r="3" t="2" w="60" /></phr></stem><stem n="uickly"><phr n="quickly"><ent r="3" t="2" w="60" /><ent r="3" t="2" w="60" /></phr></stem><stem n="quickly"><phr n="quickly"><ent r="3" t="2" w="60" /><ent r="3" t="2" w="60" /></phr></stem><stem n="jump"><phr n="jump"><ent r="3" t="2" w="61" /><ent r="3" t="2" w="61" /></phr></stem><stem n="specif"><phr n="specific"><ent r="3" t="2" w="64" /><ent r="3" t="2" w="64" /><ent r="3" t="3" w="79" /><ent r="3" t="40" w="406" /><ent r="3" t="40" w="406" /><ent r="3" t="42" w="32" /><ent r="3" t="68" w="112" /><ent r="3" t="68" w="112" /></phr><phr n="specifications"><ent r="3" t="2" w="244" /></phr><phr n="policy-specific"><ent r="3" t="3" w="78" /><ent r="3" t="3" w="78" /></phr><phr n="specified"><ent r="3" t="14" w="50" /><ent r="3" t="14" w="50" /><ent r="6" t="18" w="2129" /><ent r="6" t="18" w="2129" /><ent r="3" t="28" w="99" /><ent r="3" t="28" w="99" /><ent r="3" t="28" w="321" /><ent r="4" t="29" w="969" /><ent r="4" t="29" w="969" /><ent r="7" t="55" w="491" /><ent r="3" t="56" w="246" /><ent r="3" t="56" w="246" /><ent r="3" t="68" w="424" /><ent r="3" t="68" w="424" /><ent r="3" t="68" w="461" /><ent r="3" t="68" w="461" /></phr><phr n="specify"><ent r="4" t="18" w="2197" /><ent r="4" t="18" w="2197" /><ent r="4" t="20" w="624" /><ent r="4" t="20" w="624" /><ent r="4" t="21" w="823" /><ent r="4" t="21" w="823" /><ent r="4" t="22" w="878" /><ent r="4" t="22" w="878" /><ent r="7" t="29" w="517" /><ent r="7" t="29" w="517" /><ent r="3" t="40" w="397" /><ent r="3" t="40" w="397" /><ent r="6" t="55" w="1556" /><ent r="6" t="55" w="1556" /><ent r="4" t="67" w="235" /><ent r="4" t="67" w="235" /></phr><phr n="Specify"><ent r="6" t="21" w="325" /><ent r="6" t="21" w="325" /><ent r="7" t="25" w="328" /><ent r="7" t="25" w="328" /><ent r="7" t="25" w="498" /><ent r="7" t="25" w="498" /><ent r="6" t="55" w="440" /><ent r="6" t="55" w="440" /></phr><phr n="unspecified"><ent r="6" t="23" w="261" /><ent r="6" t="23" w="378" /><ent r="7" t="55" w="537" /><ent r="7" t="55" w="537" /></phr><phr n="policy-specified"><ent r="3" t="28" w="320" /><ent r="3" t="28" w="320" /></phr><phr n="service-specific"><ent r="3" t="42" w="31" /><ent r="3" t="42" w="31" /></phr><phr n="specifies"><ent r="4" t="47" w="451" /><ent r="4" t="47" w="451" /></phr><phr n="SAML-specified"><ent r="7" t="55" w="490" /><ent r="7" t="55" w="490" /></phr><phr n="Unspecified"><ent r="8" t="55" w="528" /><ent r="8" t="55" w="528" /></phr><phr n="specification"><ent r="6" t="55" w="625" /><ent r="6" t="55" w="625" /></phr></stem></index>