﻿<?xml version="1.0" encoding="utf-8"?><index><stem n="1"><phr n="1"><ent r="3" t="1" w="75" /><ent r="3" t="1" w="78" /><ent r="3" t="1" w="79" /><ent r="3" t="1" w="81" /><ent r="3" t="1" w="84" /><ent r="3" t="1" w="87" /><ent r="3" t="1" w="88" /><ent r="3" t="1" w="93" /><ent r="3" t="1" w="94" /><ent r="3" t="1" w="109" /><ent r="3" t="1" w="114" /><ent r="3" t="1" w="123" /><ent r="3" t="1" w="126" /><ent r="3" t="1" w="130" /><ent r="3" t="1" w="131" /><ent r="3" t="1" w="134" /><ent r="3" t="1" w="137" /><ent r="64" t="2" w="281" /><ent r="4" t="7" w="459" /><ent r="4" t="7" w="518" /><ent r="7" t="10" w="118" /><ent r="5" t="12" w="206" /><ent r="65" t="12" w="314" /><ent r="6" t="22" w="253" /><ent r="6" t="22" w="260" /><ent r="6" t="22" w="269" /><ent r="6" t="22" w="270" /><ent r="6" t="22" w="285" /><ent r="6" t="22" w="292" /><ent r="6" t="22" w="300" /><ent r="6" t="22" w="322" /><ent r="6" t="22" w="375" /><ent r="6" t="22" w="389" /><ent r="6" t="22" w="390" /><ent r="5" t="23" w="339" /><ent r="5" t="24" w="56" /><ent r="64" t="24" w="694" /><ent r="3" t="39" w="223" /><ent r="3" t="39" w="348" /><ent r="3" t="39" w="601" /><ent r="3" t="39" w="621" /><ent r="3" t="39" w="738" /><ent r="64" t="41" w="1723" /><ent r="65" t="48" w="155" /><ent r="65" t="48" w="428" /><ent r="7" t="49" w="138" /><ent r="7" t="49" w="342" /><ent r="7" t="50" w="165" /><ent r="7" t="50" w="288" /><ent r="82" t="50" w="733" /><ent r="6" t="54" w="431" /><ent r="6" t="54" w="598" /><ent r="9" t="54" w="673" /><ent r="9" t="54" w="936" /><ent r="9" t="54" w="1218" /><ent r="9" t="54" w="1222" /><ent r="9" t="54" w="1228" /><ent r="9" t="54" w="1229" /><ent r="8" t="54" w="1260" /><ent r="7" t="57" w="234" /><ent r="7" t="57" w="424" /><ent r="7" t="58" w="167" /><ent r="6" t="60" w="64" /><ent r="6" t="60" w="73" /><ent r="6" t="60" w="118" /><ent r="9" t="62" w="190" /><ent r="4" t="67" w="206" /><ent r="3" t="67" w="518" /><ent r="3" t="67" w="603" /><ent r="3" t="67" w="656" /><ent r="3" t="69" w="311" /></phr></stem><stem n="1.0"><phr n="1.0"><ent r="3" t="1" w="76" /><ent r="3" t="1" w="75" /><ent r="3" t="1" w="85" /><ent r="3" t="1" w="84" /><ent r="3" t="1" w="110" /><ent r="3" t="1" w="109" /><ent r="3" t="1" w="115" /><ent r="3" t="1" w="114" /><ent r="3" t="1" w="124" /><ent r="3" t="1" w="123" /><ent r="3" t="1" w="127" /><ent r="3" t="1" w="126" /><ent r="3" t="1" w="135" /><ent r="3" t="1" w="134" /><ent r="3" t="1" w="138" /><ent r="3" t="1" w="137" /><ent r="6" t="22" w="301" /><ent r="6" t="22" w="300" /><ent r="3" t="39" w="622" /><ent r="3" t="39" w="621" /><ent r="9" t="54" w="674" /><ent r="9" t="54" w="673" /><ent r="9" t="54" w="937" /><ent r="9" t="54" w="936" /><ent r="9" t="54" w="1219" /><ent r="9" t="54" w="1218" /><ent r="8" t="54" w="1261" /><ent r="8" t="54" w="1260" /></phr></stem><stem n="0"><phr n="0"><ent r="3" t="1" w="76" /><ent r="3" t="1" w="85" /><ent r="3" t="1" w="91" /><ent r="3" t="1" w="97" /><ent r="3" t="1" w="110" /><ent r="3" t="1" w="115" /><ent r="3" t="1" w="118" /><ent r="3" t="1" w="121" /><ent r="3" t="1" w="124" /><ent r="3" t="1" w="127" /><ent r="3" t="1" w="135" /><ent r="3" t="1" w="138" /><ent r="4" t="1" w="490" /><ent r="3" t="17" w="288" /><ent r="6" t="22" w="301" /><ent r="6" t="22" w="324" /><ent r="6" t="22" w="351" /><ent r="6" t="22" w="420" /><ent r="6" t="22" w="447" /><ent r="3" t="39" w="221" /><ent r="3" t="39" w="222" /><ent r="3" t="39" w="346" /><ent r="3" t="39" w="347" /><ent r="3" t="39" w="602" /><ent r="3" t="39" w="622" /><ent r="3" t="39" w="739" /><ent r="6" t="54" w="602" /><ent r="9" t="54" w="674" /><ent r="9" t="54" w="688" /><ent r="9" t="54" w="937" /><ent r="9" t="54" w="950" /><ent r="9" t="54" w="1219" /><ent r="8" t="54" w="1261" /><ent r="9" t="62" w="181" /><ent r="3" t="63" w="123" /></phr></stem><stem n="1.0,"><phr n="1.0,"><ent r="3" t="1" w="76" /><ent r="3" t="1" w="75" /><ent r="3" t="1" w="85" /><ent r="3" t="1" w="84" /><ent r="3" t="1" w="110" /><ent r="3" t="1" w="109" /><ent r="3" t="1" w="115" /><ent r="3" t="1" w="114" /><ent r="3" t="1" w="124" /><ent r="3" t="1" w="123" /><ent r="3" t="1" w="127" /><ent r="3" t="1" w="126" /><ent r="3" t="1" w="135" /><ent r="3" t="1" w="134" /><ent r="3" t="1" w="138" /><ent r="3" t="1" w="137" /></phr></stem><stem n=".0,"><phr n=".0,"><ent r="3" t="1" w="77" /><ent r="3" t="1" w="86" /><ent r="3" t="1" w="92" /><ent r="3" t="1" w="98" /><ent r="3" t="1" w="111" /><ent r="3" t="1" w="116" /><ent r="3" t="1" w="122" /><ent r="3" t="1" w="125" /><ent r="3" t="1" w="128" /><ent r="3" t="1" w="136" /><ent r="3" t="1" w="139" /></phr></stem><stem n="soap"><phr n="SOAP"><ent r="3" t="1" w="77" /><ent r="4" t="1" w="501" /><ent r="6" t="22" w="742" /><ent r="7" t="22" w="763" /><ent r="7" t="22" w="777" /><ent r="7" t="28" w="324" /><ent r="7" t="28" w="335" /><ent r="7" t="28" w="354" /><ent r="5" t="31" w="398" /><ent r="5" t="31" w="422" /><ent r="3" t="31" w="459" /><ent r="3" t="31" w="465" /><ent r="9" t="32" w="281" /><ent r="9" t="32" w="341" /><ent r="3" t="36" w="59" /><ent r="3" t="36" w="620" /><ent r="3" t="39" w="589" /><ent r="3" t="39" w="669" /><ent r="3" t="39" w="675" /><ent r="3" t="39" w="682" /><ent r="3" t="39" w="694" /><ent r="64" t="39" w="707" /><ent r="4" t="39" w="931" /><ent r="100" t="39" w="1038" /><ent r="82" t="39" w="1043" /><ent r="3" t="39" w="1053" /><ent r="3" t="39" w="1059" /><ent r="3" t="39" w="1062" /><ent r="3" t="39" w="1083" /><ent r="3" t="39" w="1090" /><ent r="3" t="41" w="526" /><ent r="4" t="54" w="259" /><ent r="3" t="55" w="167" /><ent r="4" t="59" w="97" /></phr><phr n="soap"><ent r="6" t="22" w="726" /><ent r="7" t="28" w="480" /><ent r="7" t="28" w="493" /><ent r="3" t="39" w="631" /><ent r="3" t="39" w="636" /><ent r="3" t="39" w="653" /><ent r="3" t="39" w="657" /></phr></stem><stem n=".1"><phr n=".1"><ent r="3" t="1" w="79" /><ent r="3" t="1" w="94" /><ent r="9" t="54" w="1229" /></phr></stem><stem n="1.1"><phr n="1.1"><ent r="3" t="1" w="79" /><ent r="3" t="1" w="78" /><ent r="3" t="1" w="88" /><ent r="3" t="1" w="87" /><ent r="3" t="1" w="94" /><ent r="3" t="1" w="93" /><ent r="3" t="1" w="131" /><ent r="3" t="1" w="130" /><ent r="6" t="22" w="270" /><ent r="6" t="22" w="269" /><ent r="6" t="22" w="390" /><ent r="6" t="22" w="389" /><ent r="9" t="54" w="1229" /><ent r="9" t="54" w="1228" /></phr></stem><stem n="1.2"><phr n="1.2"><ent r="3" t="1" w="82" /><ent r="3" t="1" w="81" /></phr></stem><stem n="2"><phr n="2"><ent r="3" t="1" w="82" /><ent r="3" t="1" w="96" /><ent r="3" t="1" w="117" /><ent r="7" t="10" w="121" /><ent r="7" t="17" w="1128" /><ent r="7" t="17" w="1255" /><ent r="6" t="22" w="368" /><ent r="6" t="22" w="382" /><ent r="6" t="22" w="405" /><ent r="6" t="22" w="419" /><ent r="6" t="22" w="437" /><ent r="6" t="22" w="754" /><ent r="5" t="23" w="365" /><ent r="5" t="24" w="230" /><ent r="7" t="26" w="919" /><ent r="7" t="26" w="1046" /><ent r="7" t="49" w="159" /><ent r="7" t="49" w="362" /><ent r="7" t="50" w="186" /><ent r="7" t="50" w="335" /><ent r="82" t="50" w="807" /><ent r="4" t="50" w="910" /><ent r="6" t="54" w="415" /><ent r="6" t="54" w="434" /><ent r="7" t="54" w="535" /><ent r="6" t="54" w="601" /><ent r="9" t="54" w="687" /><ent r="8" t="54" w="702" /><ent r="9" t="54" w="949" /><ent r="8" t="54" w="963" /><ent r="9" t="54" w="1232" /><ent r="7" t="57" w="390" /><ent r="7" t="58" w="245" /><ent r="3" t="67" w="608" /><ent r="3" t="67" w="661" /></phr></stem><stem n="1.2,"><phr n="1.2,"><ent r="3" t="1" w="82" /><ent r="3" t="1" w="81" /></phr></stem><stem n=".2,"><phr n=".2,"><ent r="3" t="1" w="83" /></phr></stem><stem n="xpath"><phr n="XPath"><ent r="3" t="1" w="83" /><ent r="4" t="28" w="1028" /></phr></stem><stem n="wsdl"><phr n="WSDL"><ent r="3" t="1" w="86" /><ent r="3" t="41" w="866" /><ent r="100" t="69" w="9" /><ent r="3" t="69" w="59" /><ent r="4" t="69" w="176" /><ent r="3" t="69" w="187" /><ent r="4" t="69" w="292" /></phr><phr n="wsdl"><ent r="5" t="69" w="169" /><ent r="5" t="69" w="285" /></phr></stem><stem n="1.1,"><phr n="1.1,"><ent r="3" t="1" w="88" /><ent r="3" t="1" w="87" /><ent r="3" t="1" w="131" /><ent r="3" t="1" w="130" /></phr></stem><stem n=".1,"><phr n=".1,"><ent r="3" t="1" w="89" /><ent r="3" t="1" w="132" /></phr></stem><stem n="ldap"><phr n="LDAP"><ent r="3" t="1" w="89" /><ent r="3" t="13" w="358" /><ent r="3" t="13" w="363" /><ent r="3" t="16" w="52" /><ent r="3" t="16" w="59" /><ent r="3" t="16" w="182" /><ent r="3" t="18" w="53" /><ent r="3" t="18" w="58" /><ent r="3" t="41" w="674" /><ent r="3" t="41" w="818" /><ent r="3" t="52" w="161" /></phr></stem><stem n="3.0"><phr n="3.0"><ent r="3" t="1" w="91" /><ent r="3" t="1" w="90" /><ent r="3" t="1" w="121" /><ent r="3" t="1" w="120" /></phr></stem><stem n="3.0,"><phr n="3.0,"><ent r="3" t="1" w="91" /><ent r="3" t="1" w="90" /><ent r="3" t="1" w="121" /><ent r="3" t="1" w="120" /></phr></stem><stem n="saml"><phr n="SAML"><ent r="3" t="1" w="92" /><ent r="6" t="4" w="291" /><ent r="3" t="16" w="207" /><ent r="3" t="18" w="68" /><ent r="4" t="18" w="128" /><ent r="4" t="18" w="164" /><ent r="4" t="18" w="195" /><ent r="4" t="20" w="413" /><ent r="6" t="22" w="252" /><ent r="6" t="22" w="259" /><ent r="6" t="22" w="268" /><ent r="6" t="22" w="284" /><ent r="6" t="22" w="291" /><ent r="6" t="22" w="299" /><ent r="6" t="22" w="321" /><ent r="6" t="22" w="367" /><ent r="6" t="22" w="374" /><ent r="6" t="22" w="381" /><ent r="6" t="22" w="388" /><ent r="6" t="22" w="404" /><ent r="6" t="22" w="418" /><ent r="6" t="22" w="436" /><ent r="6" t="22" w="461" /><ent r="1000" t="23" w="2" /><ent r="100" t="23" w="10" /><ent r="100" t="23" w="15" /><ent r="100" t="23" w="19" /><ent r="102" t="23" w="24" /><ent r="3" t="23" w="41" /><ent r="3" t="23" w="79" /><ent r="100" t="23" w="208" /><ent r="4" t="23" w="278" /><ent r="4" t="23" w="283" /><ent r="100" t="23" w="290" /><ent r="6" t="23" w="353" /><ent r="100" t="23" w="408" /><ent r="5" t="24" w="91" /><ent r="5" t="24" w="107" /><ent r="6" t="24" w="140" /><ent r="6" t="24" w="166" /><ent r="5" t="24" w="185" /><ent r="6" t="24" w="213" /><ent r="5" t="24" w="241" /><ent r="6" t="24" w="290" /><ent r="5" t="24" w="410" /><ent r="6" t="24" w="453" /><ent r="6" t="24" w="520" /><ent r="5" t="24" w="539" /><ent r="6" t="24" w="567" /><ent r="64" t="24" w="615" /><ent r="3" t="24" w="668" /><ent r="82" t="24" w="711" /><ent r="4" t="24" w="764" /><ent r="5" t="24" w="816" /><ent r="5" t="24" w="836" /><ent r="3" t="24" w="910" /><ent r="3" t="24" w="917" /><ent r="5" t="41" w="1187" /><ent r="100" t="47" w="4" /><ent r="64" t="47" w="349" /><ent r="72" t="47" w="444" /><ent r="3" t="47" w="455" /><ent r="3" t="47" w="622" /><ent r="3" t="47" w="643" /><ent r="3" t="47" w="663" /><ent r="64" t="47" w="669" /><ent r="3" t="47" w="734" /><ent r="3" t="47" w="753" /><ent r="3" t="47" w="768" /><ent r="3" t="47" w="838" /><ent r="3" t="48" w="86" /><ent r="4" t="48" w="110" /><ent r="66" t="48" w="151" /><ent r="4" t="48" w="276" /><ent r="4" t="48" w="447" /><ent r="65" t="48" w="454" /><ent r="4" t="48" w="579" /><ent r="126" t="48" w="589" /><ent r="1000" t="49" w="3" /><ent r="100" t="49" w="5" /><ent r="100" t="49" w="9" /><ent r="100" t="49" w="11" /><ent r="100" t="49" w="17" /><ent r="102" t="49" w="21" /><ent r="100" t="49" w="89" /><ent r="3" t="49" w="95" /><ent r="5" t="49" w="128" /><ent r="6" t="49" w="152" /><ent r="8" t="49" w="305" /><ent r="8" t="49" w="354" /><ent r="6" t="49" w="548" /><ent r="67" t="49" w="557" /><ent r="6" t="50" w="179" /><ent r="4" t="51" w="143" /><ent r="64" t="51" w="181" /><ent r="3" t="52" w="153" /><ent r="64" t="52" w="267" /><ent r="3" t="52" w="327" /><ent r="3" t="52" w="330" /><ent r="3" t="52" w="337" /><ent r="4" t="53" w="181" /><ent r="4" t="53" w="187" /><ent r="65" t="53" w="195" /><ent r="4" t="53" w="213" /><ent r="4" t="53" w="219" /><ent r="65" t="53" w="227" /><ent r="4" t="53" w="356" /><ent r="4" t="53" w="365" /><ent r="65" t="53" w="373" /><ent r="4" t="53" w="389" /><ent r="4" t="53" w="407" /><ent r="126" t="53" w="415" /><ent r="1000" t="54" w="2" /><ent r="100" t="54" w="8" /><ent r="100" t="54" w="13" /><ent r="100" t="54" w="17" /><ent r="102" t="54" w="21" /><ent r="3" t="54" w="92" /><ent r="100" t="54" w="114" /><ent r="4" t="54" w="119" /><ent r="3" t="54" w="289" /><ent r="3" t="54" w="339" /><ent r="4" t="54" w="348" /><ent r="100" t="54" w="357" /><ent r="5" t="54" w="361" /><ent r="5" t="54" w="386" /><ent r="5" t="54" w="401" /><ent r="6" t="54" w="416" /><ent r="6" t="54" w="421" /><ent r="6" t="54" w="443" /><ent r="7" t="54" w="471" /><ent r="7" t="54" w="481" /><ent r="7" t="54" w="530" /><ent r="6" t="54" w="589" /><ent r="6" t="54" w="597" /><ent r="8" t="54" w="652" /><ent r="9" t="54" w="672" /><ent r="9" t="54" w="686" /><ent r="8" t="54" w="698" /><ent r="8" t="54" w="916" /><ent r="9" t="54" w="935" /><ent r="9" t="54" w="948" /><ent r="8" t="54" w="959" /><ent r="8" t="54" w="1002" /><ent r="9" t="54" w="1048" /><ent r="9" t="54" w="1066" /><ent r="9" t="54" w="1071" /><ent r="9" t="54" w="1110" /><ent r="9" t="54" w="1129" /><ent r="9" t="54" w="1178" /><ent r="9" t="54" w="1215" /><ent r="9" t="54" w="1221" /><ent r="9" t="54" w="1225" /><ent r="9" t="54" w="1231" /><ent r="9" t="54" w="1241" /><ent r="8" t="54" w="1257" /><ent r="69" t="54" w="1278" /><ent r="5" t="54" w="1417" /><ent r="65" t="54" w="1478" /><ent r="3" t="55" w="132" /><ent r="64" t="55" w="242" /><ent r="65" t="56" w="109" /><ent r="3" t="57" w="44" /><ent r="64" t="57" w="66" /><ent r="6" t="57" w="103" /><ent r="66" t="57" w="127" /><ent r="66" t="57" w="157" /><ent r="6" t="68" w="144" /></phr></stem><stem n="2.0"><phr n="2.0"><ent r="3" t="1" w="97" /><ent r="3" t="1" w="96" /><ent r="3" t="1" w="118" /><ent r="3" t="1" w="117" /><ent r="6" t="22" w="420" /><ent r="6" t="22" w="419" /><ent r="6" t="54" w="602" /><ent r="6" t="54" w="601" /><ent r="9" t="54" w="688" /><ent r="9" t="54" w="687" /><ent r="9" t="54" w="950" /><ent r="9" t="54" w="949" /></phr></stem><stem n="2.0,"><phr n="2.0,"><ent r="3" t="1" w="97" /><ent r="3" t="1" w="96" /></phr></stem><stem n="pkc"><phr n="PKCS"><ent r="3" t="1" w="98" /><ent r="3" t="1" w="100" /><ent r="7" t="17" w="1158" /><ent r="8" t="17" w="1319" /><ent r="8" t="17" w="1357" /><ent r="8" t="17" w="1383" /><ent r="9" t="17" w="1395" /><ent r="9" t="17" w="1401" /><ent r="8" t="17" w="1493" /><ent r="7" t="26" w="949" /><ent r="7" t="26" w="1063" /><ent r="3" t="41" w="1824" /><ent r="4" t="48" w="231" /><ent r="4" t="58" w="94" /><ent r="4" t="58" w="124" /></phr></stem><stem n="10"><phr n="10"><ent r="3" t="1" w="99" /><ent r="7" t="49" w="564" /><ent r="3" t="57" w="61" /></phr></stem><stem n="#10,"><phr n="#10,"><ent r="3" t="1" w="100" /></phr></stem><stem n="12"><phr n="12"><ent r="3" t="1" w="101" /><ent r="7" t="17" w="1159" /><ent r="8" t="17" w="1320" /><ent r="8" t="17" w="1358" /><ent r="8" t="17" w="1384" /><ent r="9" t="17" w="1396" /><ent r="9" t="17" w="1402" /><ent r="8" t="17" w="1494" /><ent r="7" t="26" w="950" /><ent r="7" t="26" w="1064" /><ent r="3" t="41" w="1825" /><ent r="4" t="48" w="232" /><ent r="4" t="58" w="95" /><ent r="4" t="58" w="125" /></phr></stem><stem n="#12,"><phr n="#12,"><ent r="3" t="1" w="102" /></phr></stem><stem n="x"><phr n="X"><ent r="3" t="1" w="102" /><ent r="5" t="6" w="188" /><ent r="4" t="28" w="1055" /><ent r="3" t="41" w="1222" /><ent r="5" t="46" w="384" /><ent r="5" t="46" w="398" /><ent r="5" t="46" w="412" /><ent r="3" t="46" w="610" /><ent r="3" t="46" w="618" /><ent r="3" t="46" w="626" /><ent r="5" t="46" w="705" /><ent r="100" t="47" w="11" /><ent r="64" t="47" w="359" /><ent r="72" t="47" w="462" /><ent r="3" t="47" w="474" /><ent r="3" t="48" w="88" /><ent r="4" t="48" w="172" /><ent r="65" t="48" w="249" /><ent r="4" t="48" w="350" /><ent r="4" t="48" w="365" /><ent r="4" t="48" w="412" /><ent r="66" t="48" w="422" /><ent r="4" t="48" w="488" /><ent r="126" t="48" w="497" /><ent r="4" t="48" w="542" /><ent r="65" t="48" w="555" /><ent r="65" t="48" w="609" /><ent r="1000" t="50" w="4" /><ent r="100" t="50" w="8" /><ent r="100" t="50" w="24" /><ent r="100" t="50" w="28" /><ent r="100" t="50" w="36" /><ent r="102" t="50" w="43" /><ent r="3" t="50" w="114" /><ent r="5" t="50" w="154" /><ent r="8" t="50" w="300" /><ent r="3" t="50" w="802" /><ent r="64" t="51" w="173" /><ent r="3" t="52" w="143" /><ent r="64" t="52" w="259" /><ent r="4" t="53" w="231" /><ent r="4" t="53" w="243" /><ent r="65" t="53" w="261" /><ent r="8" t="54" w="761" /><ent r="8" t="54" w="1364" /><ent r="8" t="54" w="1400" /><ent r="3" t="55" w="134" /><ent r="64" t="55" w="246" /><ent r="65" t="56" w="113" /><ent r="65" t="56" w="158" /><ent r="3" t="57" w="46" /><ent r="64" t="57" w="76" /><ent r="6" t="57" w="131" /><ent r="3" t="58" w="49" /><ent r="64" t="58" w="71" /><ent r="100" t="66" w="7" /><ent r="100" t="66" w="12" /><ent r="3" t="66" w="35" /><ent r="3" t="67" w="33" /></phr><phr n="x"><ent r="6" t="54" w="432" /><ent r="6" t="54" w="435" /><ent r="6" t="54" w="599" /><ent r="9" t="54" w="1223" /><ent r="9" t="54" w="1233" /></phr></stem><stem n=".509"><phr n=".509"><ent r="3" t="1" w="103" /><ent r="4" t="28" w="1056" /><ent r="3" t="41" w="1223" /><ent r="100" t="47" w="12" /><ent r="64" t="47" w="360" /><ent r="72" t="47" w="463" /><ent r="3" t="47" w="475" /><ent r="3" t="48" w="89" /><ent r="4" t="48" w="173" /><ent r="65" t="48" w="250" /><ent r="4" t="48" w="351" /><ent r="4" t="48" w="366" /><ent r="4" t="48" w="413" /><ent r="66" t="48" w="423" /><ent r="4" t="48" w="489" /><ent r="126" t="48" w="498" /><ent r="4" t="48" w="543" /><ent r="65" t="48" w="556" /><ent r="65" t="48" w="610" /><ent r="1000" t="50" w="5" /><ent r="100" t="50" w="9" /><ent r="100" t="50" w="29" /><ent r="100" t="50" w="37" /><ent r="102" t="50" w="44" /><ent r="3" t="50" w="115" /><ent r="5" t="50" w="155" /><ent r="8" t="50" w="301" /><ent r="3" t="50" w="803" /><ent r="64" t="51" w="174" /><ent r="3" t="52" w="144" /><ent r="64" t="52" w="260" /><ent r="4" t="53" w="232" /><ent r="4" t="53" w="244" /><ent r="65" t="53" w="262" /><ent r="8" t="54" w="762" /><ent r="8" t="54" w="1365" /><ent r="8" t="54" w="1401" /><ent r="3" t="55" w="135" /><ent r="64" t="55" w="247" /><ent r="65" t="56" w="114" /><ent r="65" t="56" w="159" /><ent r="3" t="57" w="47" /><ent r="64" t="57" w="77" /><ent r="6" t="57" w="132" /><ent r="3" t="58" w="50" /><ent r="64" t="58" w="72" /><ent r="100" t="66" w="13" /><ent r="3" t="66" w="36" /><ent r="3" t="67" w="34" /></phr></stem><stem n="x.509"><phr n="X.509"><ent r="3" t="1" w="103" /><ent r="3" t="1" w="102" /><ent r="4" t="28" w="1056" /><ent r="4" t="28" w="1055" /><ent r="3" t="41" w="1223" /><ent r="3" t="41" w="1222" /><ent r="100" t="47" w="12" /><ent r="100" t="47" w="11" /><ent r="64" t="47" w="360" /><ent r="64" t="47" w="359" /><ent r="72" t="47" w="463" /><ent r="72" t="47" w="462" /><ent r="3" t="47" w="475" /><ent r="3" t="47" w="474" /><ent r="3" t="48" w="89" /><ent r="3" t="48" w="88" /><ent r="4" t="48" w="173" /><ent r="4" t="48" w="172" /><ent r="65" t="48" w="250" /><ent r="65" t="48" w="249" /><ent r="4" t="48" w="351" /><ent r="4" t="48" w="350" /><ent r="4" t="48" w="366" /><ent r="4" t="48" w="365" /><ent r="4" t="48" w="413" /><ent r="4" t="48" w="412" /><ent r="66" t="48" w="423" /><ent r="66" t="48" w="422" /><ent r="4" t="48" w="489" /><ent r="4" t="48" w="488" /><ent r="126" t="48" w="498" /><ent r="126" t="48" w="497" /><ent r="4" t="48" w="543" /><ent r="4" t="48" w="542" /><ent r="65" t="48" w="556" /><ent r="65" t="48" w="555" /><ent r="65" t="48" w="610" /><ent r="65" t="48" w="609" /><ent r="1000" t="50" w="5" /><ent r="1000" t="50" w="4" /><ent r="100" t="50" w="9" /><ent r="100" t="50" w="8" /><ent r="100" t="50" w="25" /><ent r="100" t="50" w="24" /><ent r="100" t="50" w="29" /><ent r="100" t="50" w="28" /><ent r="100" t="50" w="37" /><ent r="100" t="50" w="36" /><ent r="102" t="50" w="44" /><ent r="102" t="50" w="43" /><ent r="3" t="50" w="115" /><ent r="3" t="50" w="114" /><ent r="5" t="50" w="155" /><ent r="5" t="50" w="154" /><ent r="8" t="50" w="301" /><ent r="8" t="50" w="300" /><ent r="3" t="50" w="803" /><ent r="3" t="50" w="802" /><ent r="64" t="51" w="174" /><ent r="64" t="51" w="173" /><ent r="3" t="52" w="144" /><ent r="3" t="52" w="143" /><ent r="64" t="52" w="260" /><ent r="64" t="52" w="259" /><ent r="4" t="53" w="232" /><ent r="4" t="53" w="231" /><ent r="4" t="53" w="244" /><ent r="4" t="53" w="243" /><ent r="65" t="53" w="262" /><ent r="65" t="53" w="261" /><ent r="8" t="54" w="762" /><ent r="8" t="54" w="761" /><ent r="8" t="54" w="1365" /><ent r="8" t="54" w="1364" /><ent r="8" t="54" w="1401" /><ent r="8" t="54" w="1400" /><ent r="3" t="55" w="135" /><ent r="3" t="55" w="134" /><ent r="64" t="55" w="247" /><ent r="64" t="55" w="246" /><ent r="65" t="56" w="114" /><ent r="65" t="56" w="113" /><ent r="65" t="56" w="159" /><ent r="65" t="56" w="158" /><ent r="3" t="57" w="47" /><ent r="3" t="57" w="46" /><ent r="64" t="57" w="77" /><ent r="64" t="57" w="76" /><ent r="6" t="57" w="132" /><ent r="6" t="57" w="131" /><ent r="3" t="58" w="50" /><ent r="3" t="58" w="49" /><ent r="64" t="58" w="72" /><ent r="64" t="58" w="71" /><ent r="100" t="66" w="8" /><ent r="100" t="66" w="7" /><ent r="100" t="66" w="13" /><ent r="100" t="66" w="12" /><ent r="3" t="66" w="36" /><ent r="3" t="66" w="35" /><ent r="3" t="67" w="34" /><ent r="3" t="67" w="33" /></phr></stem><stem n="509"><phr n="509"><ent r="3" t="1" w="103" /><ent r="4" t="28" w="1056" /><ent r="3" t="41" w="1223" /><ent r="100" t="47" w="12" /><ent r="64" t="47" w="360" /><ent r="72" t="47" w="463" /><ent r="3" t="47" w="475" /><ent r="3" t="48" w="89" /><ent r="4" t="48" w="173" /><ent r="65" t="48" w="250" /><ent r="4" t="48" w="351" /><ent r="4" t="48" w="366" /><ent r="4" t="48" w="413" /><ent r="66" t="48" w="423" /><ent r="4" t="48" w="489" /><ent r="126" t="48" w="498" /><ent r="4" t="48" w="543" /><ent r="65" t="48" w="556" /><ent r="65" t="48" w="610" /><ent r="1000" t="50" w="5" /><ent r="100" t="50" w="9" /><ent r="100" t="50" w="25" /><ent r="100" t="50" w="29" /><ent r="100" t="50" w="37" /><ent r="102" t="50" w="44" /><ent r="3" t="50" w="115" /><ent r="5" t="50" w="155" /><ent r="8" t="50" w="301" /><ent r="3" t="50" w="803" /><ent r="64" t="51" w="174" /><ent r="3" t="52" w="144" /><ent r="64" t="52" w="260" /><ent r="4" t="53" w="232" /><ent r="4" t="53" w="244" /><ent r="65" t="53" w="262" /><ent r="8" t="54" w="762" /><ent r="8" t="54" w="1365" /><ent r="8" t="54" w="1401" /><ent r="3" t="55" w="135" /><ent r="64" t="55" w="247" /><ent r="65" t="56" w="114" /><ent r="65" t="56" w="159" /><ent r="3" t="57" w="47" /><ent r="64" t="57" w="77" /><ent r="6" t="57" w="132" /><ent r="3" t="58" w="50" /><ent r="64" t="58" w="72" /><ent r="100" t="66" w="8" /><ent r="100" t="66" w="13" /><ent r="3" t="66" w="36" /><ent r="3" t="67" w="34" /></phr></stem><stem n="v3"><phr n="v3"><ent r="3" t="1" w="104" /></phr></stem><stem n="certif"><phr n="Certificates"><ent r="3" t="1" w="105" /><ent r="100" t="41" w="278" /><ent r="100" t="41" w="1200" /><ent r="100" t="41" w="1736" /><ent r="4" t="41" w="2158" /><ent r="100" t="50" w="220" /><ent r="8" t="50" w="326" /><ent r="7" t="50" w="388" /><ent r="82" t="50" w="735" /><ent r="4" t="50" w="782" /><ent r="82" t="50" w="810" /><ent r="4" t="50" w="906" /><ent r="3" t="50" w="956" /><ent r="82" t="50" w="1050" /><ent r="5" t="50" w="1099" /><ent r="1000" t="51" w="2" /><ent r="100" t="51" w="7" /><ent r="100" t="51" w="10" /><ent r="102" t="51" w="13" /><ent r="4" t="51" w="139" /><ent r="3" t="51" w="238" /><ent r="3" t="52" w="219" /><ent r="70" t="54" w="1062" /></phr><phr n="certificate"><ent r="100" t="12" w="92" /><ent r="4" t="12" w="110" /><ent r="4" t="12" w="118" /><ent r="5" t="12" w="126" /><ent r="100" t="12" w="192" /><ent r="4" t="12" w="300" /><ent r="3" t="13" w="95" /><ent r="3" t="13" w="105" /><ent r="3" t="13" w="267" /><ent r="3" t="13" w="271" /><ent r="3" t="13" w="328" /><ent r="3" t="16" w="101" /><ent r="3" t="16" w="120" /><ent r="3" t="17" w="138" /><ent r="3" t="17" w="147" /><ent r="3" t="17" w="381" /><ent r="3" t="17" w="428" /><ent r="6" t="17" w="812" /><ent r="6" t="17" w="1097" /><ent r="7" t="17" w="1112" /><ent r="7" t="17" w="1132" /><ent r="7" t="17" w="1138" /><ent r="7" t="17" w="1155" /><ent r="7" t="17" w="1188" /><ent r="6" t="17" w="1226" /><ent r="7" t="17" w="1240" /><ent r="7" t="17" w="1259" /><ent r="7" t="17" w="1265" /><ent r="8" t="17" w="1273" /><ent r="8" t="17" w="1283" /><ent r="8" t="17" w="1308" /><ent r="8" t="17" w="1322" /><ent r="9" t="17" w="1336" /><ent r="8" t="17" w="1360" /><ent r="8" t="17" w="1366" /><ent r="8" t="17" w="1376" /><ent r="9" t="17" w="1468" /><ent r="8" t="17" w="1485" /><ent r="8" t="17" w="1496" /><ent r="3" t="19" w="196" /><ent r="3" t="19" w="205" /><ent r="4" t="19" w="260" /><ent r="3" t="20" w="215" /><ent r="3" t="20" w="224" /><ent r="4" t="20" w="393" /><ent r="4" t="20" w="397" /><ent r="3" t="20" w="466" /><ent r="3" t="21" w="186" /><ent r="3" t="21" w="195" /><ent r="3" t="21" w="475" /><ent r="3" t="21" w="483" /><ent r="4" t="23" w="154" /><ent r="100" t="23" w="213" /><ent r="3" t="23" w="244" /><ent r="5" t="23" w="371" /><ent r="7" t="23" w="553" /><ent r="7" t="23" w="568" /><ent r="6" t="23" w="582" /><ent r="6" t="23" w="605" /><ent r="3" t="23" w="792" /><ent r="3" t="23" w="814" /><ent r="6" t="24" w="142" /><ent r="6" t="24" w="292" /><ent r="6" t="24" w="301" /><ent r="6" t="24" w="455" /><ent r="6" t="24" w="469" /><ent r="100" t="24" w="703" /><ent r="3" t="24" w="735" /><ent r="4" t="24" w="823" /><ent r="4" t="24" w="826" /><ent r="4" t="25" w="108" /><ent r="4" t="25" w="111" /><ent r="3" t="25" w="181" /><ent r="3" t="26" w="140" /><ent r="3" t="26" w="185" /><ent r="6" t="26" w="603" /><ent r="6" t="26" w="888" /><ent r="7" t="26" w="903" /><ent r="7" t="26" w="923" /><ent r="7" t="26" w="929" /><ent r="7" t="26" w="946" /><ent r="7" t="26" w="979" /><ent r="6" t="26" w="1017" /><ent r="7" t="26" w="1031" /><ent r="7" t="26" w="1050" /><ent r="4" t="28" w="893" /><ent r="4" t="28" w="944" /><ent r="4" t="28" w="964" /><ent r="4" t="28" w="1057" /><ent r="4" t="28" w="1065" /><ent r="3" t="31" w="223" /><ent r="3" t="32" w="127" /><ent r="3" t="41" w="130" /><ent r="100" t="41" w="231" /><ent r="100" t="41" w="234" /><ent r="100" t="41" w="283" /><ent r="100" t="41" w="286" /><ent r="3" t="41" w="362" /><ent r="3" t="41" w="414" /><ent r="3" t="41" w="426" /><ent r="3" t="41" w="497" /><ent r="3" t="41" w="511" /><ent r="3" t="41" w="535" /><ent r="3" t="41" w="539" /><ent r="3" t="41" w="571" /><ent r="3" t="41" w="624" /><ent r="3" t="41" w="717" /><ent r="3" t="41" w="746" /><ent r="3" t="41" w="771" /><ent r="3" t="41" w="815" /><ent r="3" t="41" w="835" /><ent r="3" t="41" w="842" /><ent r="3" t="41" w="855" /><ent r="3" t="41" w="874" /><ent r="3" t="41" w="878" /><ent r="3" t="41" w="928" /><ent r="100" t="41" w="977" /><ent r="100" t="41" w="980" /><ent r="3" t="41" w="1000" /><ent r="3" t="41" w="1023" /><ent r="4" t="41" w="1093" /><ent r="100" t="41" w="1101" /><ent r="3" t="41" w="1124" /><ent r="100" t="41" w="1204" /><ent r="3" t="41" w="1219" /><ent r="3" t="41" w="1224" /><ent r="3" t="41" w="1243" /><ent r="3" t="41" w="1269" /><ent r="3" t="41" w="1316" /><ent r="3" t="41" w="1324" /><ent r="3" t="41" w="1375" /><ent r="3" t="41" w="1379" /><ent r="3" t="41" w="1396" /><ent r="3" t="41" w="1405" /><ent r="3" t="41" w="1432" /><ent r="3" t="41" w="1450" /><ent r="3" t="41" w="1459" /><ent r="3" t="41" w="1481" /><ent r="3" t="41" w="1518" /><ent r="3" t="41" w="1534" /><ent r="3" t="41" w="1581" /><ent r="3" t="41" w="1606" /><ent r="3" t="41" w="1634" /><ent r="3" t="41" w="1658" /><ent r="3" t="41" w="1688" /><ent r="3" t="41" w="1692" /><ent r="3" t="41" w="1709" /><ent r="3" t="41" w="1770" /><ent r="3" t="41" w="1781" /><ent r="3" t="41" w="1785" /><ent r="3" t="41" w="1849" /><ent r="3" t="41" w="1865" /><ent r="3" t="41" w="1913" /><ent r="3" t="41" w="1937" /><ent r="3" t="41" w="1951" /><ent r="3" t="41" w="1962" /><ent r="4" t="41" w="1978" /><ent r="4" t="41" w="2000" /><ent r="3" t="41" w="2024" /><ent r="100" t="41" w="2043" /><ent r="3" t="41" w="2061" /><ent r="3" t="41" w="2085" /><ent r="4" t="41" w="2145" /><ent r="3" t="41" w="2151" /><ent r="3" t="41" w="2178" /><ent r="7" t="42" w="353" /><ent r="64" t="47" w="361" /><ent r="3" t="47" w="394" /><ent r="3" t="47" w="525" /><ent r="3" t="47" w="547" /><ent r="3" t="47" w="828" /><ent r="3" t="48" w="45" /><ent r="3" t="48" w="90" /><ent r="4" t="48" w="174" /><ent r="4" t="48" w="234" /><ent r="4" t="48" w="352" /><ent r="4" t="48" w="377" /><ent r="4" t="48" w="398" /><ent r="4" t="48" w="414" /><ent r="4" t="48" w="433" /><ent r="4" t="48" w="464" /><ent r="4" t="48" w="525" /><ent r="4" t="48" w="544" /><ent r="4" t="48" w="562" /><ent r="3" t="49" w="35" /><ent r="6" t="49" w="255" /><ent r="7" t="49" w="377" /><ent r="7" t="49" w="484" /><ent r="100" t="50" w="26" /><ent r="3" t="50" w="71" /><ent r="6" t="50" w="254" /><ent r="7" t="50" w="347" /><ent r="6" t="50" w="399" /><ent r="6" t="50" w="409" /><ent r="7" t="50" w="460" /><ent r="7" t="50" w="490" /><ent r="7" t="50" w="575" /><ent r="7" t="50" w="583" /><ent r="7" t="50" w="614" /><ent r="3" t="50" w="703" /><ent r="3" t="50" w="707" /><ent r="3" t="50" w="790" /><ent r="3" t="50" w="816" /><ent r="4" t="50" w="1002" /><ent r="4" t="50" w="1010" /><ent r="4" t="50" w="1020" /><ent r="4" t="50" w="1031" /><ent r="4" t="50" w="1067" /><ent r="4" t="50" w="1107" /><ent r="4" t="50" w="1173" /><ent r="4" t="50" w="1178" /><ent r="4" t="50" w="1186" /><ent r="4" t="50" w="1196" /><ent r="4" t="50" w="1207" /><ent r="3" t="51" w="45" /><ent r="3" t="52" w="66" /><ent r="3" t="52" w="149" /><ent r="3" t="52" w="270" /><ent r="4" t="53" w="154" /><ent r="4" t="53" w="233" /><ent r="4" t="53" w="249" /><ent r="4" t="53" w="342" /><ent r="3" t="53" w="437" /><ent r="4" t="53" w="468" /><ent r="4" t="53" w="484" /><ent r="3" t="54" w="57" /><ent r="8" t="54" w="730" /><ent r="8" t="54" w="763" /><ent r="9" t="54" w="813" /><ent r="9" t="54" w="817" /><ent r="9" t="54" w="828" /><ent r="9" t="54" w="833" /><ent r="9" t="54" w="838" /><ent r="9" t="54" w="1044" /><ent r="9" t="54" w="1051" /><ent r="9" t="54" w="1095" /><ent r="9" t="54" w="1100" /><ent r="9" t="54" w="1140" /><ent r="9" t="54" w="1149" /><ent r="9" t="54" w="1162" /><ent r="9" t="54" w="1194" /><ent r="9" t="54" w="1198" /><ent r="8" t="54" w="1304" /><ent r="3" t="55" w="56" /><ent r="3" t="55" w="136" /><ent r="3" t="55" w="179" /><ent r="65" t="56" w="115" /><ent r="65" t="56" w="160" /><ent r="3" t="57" w="48" /><ent r="7" t="57" w="380" /><ent r="3" t="58" w="51" /><ent r="4" t="58" w="97" /><ent r="4" t="58" w="103" /><ent r="3" t="59" w="48" /><ent r="3" t="59" w="287" /><ent r="4" t="59" w="298" /><ent r="4" t="59" w="318" /><ent r="3" t="66" w="84" /><ent r="3" t="66" w="96" /><ent r="7" t="67" w="288" /><ent r="7" t="67" w="308" /><ent r="7" t="67" w="328" /><ent r="7" t="67" w="333" /><ent r="4" t="67" w="723" /><ent r="7" t="68" w="56" /><ent r="7" t="68" w="89" /><ent r="6" t="68" w="112" /><ent r="7" t="68" w="155" /></phr><phr n="Certificate"><ent r="6" t="12" w="134" /><ent r="6" t="12" w="198" /><ent r="92" t="12" w="276" /><ent r="4" t="12" w="327" /><ent r="3" t="13" w="312" /><ent r="4" t="17" w="162" /><ent r="6" t="17" w="1086" /><ent r="8" t="17" w="1103" /><ent r="7" t="17" w="1121" /><ent r="8" t="17" w="1147" /><ent r="8" t="17" w="1179" /><ent r="6" t="17" w="1215" /><ent r="8" t="17" w="1232" /><ent r="7" t="17" w="1248" /><ent r="10" t="17" w="1332" /><ent r="10" t="17" w="1342" /><ent r="10" t="17" w="1506" /><ent r="4" t="19" w="215" /><ent r="5" t="19" w="254" /><ent r="4" t="20" w="234" /><ent r="4" t="20" w="456" /><ent r="4" t="21" w="205" /><ent r="3" t="21" w="511" /><ent r="3" t="21" w="516" /><ent r="64" t="23" w="187" /><ent r="82" t="23" w="218" /><ent r="4" t="23" w="231" /><ent r="4" t="23" w="268" /><ent r="6" t="23" w="380" /><ent r="8" t="23" w="545" /><ent r="8" t="23" w="562" /><ent r="8" t="23" w="577" /><ent r="4" t="23" w="783" /><ent r="7" t="24" w="312" /><ent r="7" t="24" w="320" /><ent r="7" t="24" w="480" /><ent r="7" t="24" w="488" /><ent r="64" t="24" w="617" /><ent r="82" t="24" w="713" /><ent r="4" t="24" w="723" /><ent r="4" t="24" w="754" /><ent r="5" t="24" w="838" /><ent r="6" t="26" w="877" /><ent r="8" t="26" w="894" /><ent r="7" t="26" w="912" /><ent r="8" t="26" w="938" /><ent r="8" t="26" w="970" /><ent r="6" t="26" w="1006" /><ent r="8" t="26" w="1023" /><ent r="7" t="26" w="1039" /><ent r="8" t="26" w="1056" /><ent r="64" t="41" w="219" /><ent r="64" t="41" w="224" /><ent r="92" t="41" w="238" /><ent r="82" t="41" w="295" /><ent r="82" t="41" w="987" /><ent r="5" t="41" w="1088" /><ent r="92" t="41" w="1104" /><ent r="5" t="41" w="1154" /><ent r="82" t="41" w="1213" /><ent r="3" t="41" w="1352" /><ent r="82" t="41" w="2048" /><ent r="5" t="41" w="2142" /><ent r="100" t="47" w="13" /><ent r="72" t="47" w="464" /><ent r="3" t="47" w="476" /><ent r="65" t="48" w="251" /><ent r="66" t="48" w="424" /><ent r="126" t="48" w="499" /><ent r="65" t="48" w="557" /><ent r="65" t="48" w="611" /><ent r="7" t="49" w="281" /><ent r="8" t="49" w="298" /><ent r="8" t="49" w="489" /><ent r="1000" t="50" w="6" /><ent r="100" t="50" w="14" /><ent r="100" t="50" w="30" /><ent r="100" t="50" w="38" /><ent r="102" t="50" w="45" /><ent r="3" t="50" w="116" /><ent r="67" t="50" w="240" /><ent r="8" t="50" w="302" /><ent r="8" t="50" w="316" /><ent r="8" t="50" w="323" /><ent r="8" t="50" w="366" /><ent r="7" t="50" w="378" /><ent r="7" t="50" w="385" /><ent r="8" t="50" w="465" /><ent r="7" t="50" w="608" /><ent r="92" t="50" w="678" /><ent r="3" t="50" w="741" /><ent r="4" t="50" w="759" /><ent r="3" t="50" w="952" /><ent r="82" t="50" w="1046" /><ent r="5" t="50" w="1075" /><ent r="5" t="50" w="1091" /><ent r="64" t="51" w="175" /><ent r="4" t="51" w="213" /><ent r="3" t="51" w="243" /><ent r="4" t="51" w="247" /><ent r="3" t="51" w="251" /><ent r="3" t="51" w="255" /><ent r="4" t="52" w="232" /><ent r="64" t="52" w="261" /><ent r="65" t="53" w="263" /><ent r="5" t="53" w="478" /><ent r="6" t="54" w="545" /><ent r="64" t="57" w="78" /><ent r="64" t="58" w="73" /><ent r="7" t="58" w="233" /><ent r="8" t="58" w="241" /><ent r="3" t="67" w="35" /></phr><phr n="certificates"><ent r="3" t="13" w="126" /><ent r="8" t="17" w="1279" /><ent r="6" t="17" w="1792" /><ent r="6" t="19" w="384" /><ent r="6" t="20" w="584" /><ent r="3" t="21" w="503" /><ent r="6" t="21" w="637" /><ent r="6" t="26" w="1291" /><ent r="100" t="41" w="290" /><ent r="100" t="41" w="1208" /><ent r="3" t="41" w="1752" /><ent r="3" t="47" w="536" /><ent r="3" t="47" w="787" /><ent r="3" t="47" w="789" /><ent r="3" t="47" w="793" /><ent r="4" t="48" w="382" /><ent r="4" t="48" w="394" /><ent r="4" t="48" w="459" /><ent r="4" t="48" w="491" /><ent r="4" t="48" w="594" /><ent r="6" t="50" w="229" /><ent r="3" t="50" w="692" /><ent r="3" t="50" w="743" /><ent r="3" t="50" w="804" /><ent r="3" t="50" w="864" /><ent r="4" t="50" w="896" /><ent r="3" t="50" w="935" /><ent r="4" t="50" w="962" /><ent r="4" t="50" w="981" /><ent r="4" t="50" w="992" /><ent r="3" t="50" w="1057" /><ent r="4" t="50" w="1114" /><ent r="4" t="50" w="1125" /><ent r="4" t="50" w="1143" /><ent r="4" t="50" w="1166" /><ent r="100" t="51" w="5" /><ent r="3" t="51" w="82" /><ent r="3" t="51" w="102" /><ent r="4" t="51" w="119" /><ent r="4" t="51" w="124" /><ent r="4" t="51" w="128" /><ent r="4" t="51" w="131" /><ent r="4" t="51" w="137" /><ent r="3" t="51" w="151" /><ent r="3" t="51" w="189" /><ent r="3" t="51" w="223" /><ent r="3" t="52" w="145" /><ent r="3" t="52" w="173" /><ent r="3" t="52" w="179" /><ent r="3" t="52" w="202" /><ent r="3" t="52" w="278" /><ent r="3" t="52" w="360" /><ent r="3" t="53" w="443" /><ent r="7" t="57" w="372" /><ent r="3" t="66" w="37" /><ent r="7" t="67" w="324" /></phr></stem></index>