<?xml version="1.0" encoding="utf-8"?><index><stem n="third-parti"><phr n="third-party"><ent r="4" t="19" w="139" /><ent r="4" t="19" w="170" /><ent r="3" t="21" w="94" /><ent r="3" t="22" w="66" /><ent r="3" t="42" w="668" /></phr></stem><stem n="parti"><phr n="party"><ent r="4" t="19" w="140" /><ent r="4" t="19" w="171" /><ent r="3" t="21" w="95" /><ent r="3" t="22" w="67" /><ent r="3" t="42" w="669" /></phr></stem><stem n="-trust"><phr n="-Trust"><ent r="4" t="19" w="141" /><ent r="4" t="19" w="141" /><ent r="100" t="22" w="9" /><ent r="100" t="22" w="9" /><ent r="100" t="22" w="23" /><ent r="100" t="22" w="23" /><ent r="3" t="22" w="68" /><ent r="3" t="22" w="68" /><ent r="5" t="22" w="112" /><ent r="5" t="22" w="112" /><ent r="5" t="22" w="245" /><ent r="5" t="22" w="245" /><ent r="6" t="22" w="252" /><ent r="6" t="22" w="252" /><ent r="6" t="22" w="261" /><ent r="6" t="22" w="261" /><ent r="6" t="22" w="285" /><ent r="6" t="22" w="285" /><ent r="5" t="22" w="533" /><ent r="5" t="22" w="533" /><ent r="4" t="29" w="1003" /><ent r="4" t="29" w="1003" /><ent r="7" t="62" w="175" /><ent r="7" t="62" w="175" /><ent r="8" t="62" w="188" /><ent r="8" t="62" w="188" /></phr></stem><stem n="ws"><phr n="WS"><ent r="4" t="19" w="141" /><ent r="65" t="19" w="159" /><ent r="4" t="19" w="172" /><ent r="65" t="19" w="190" /><ent r="1000" t="21" w="6" /><ent r="100" t="21" w="9" /><ent r="100" t="21" w="23" /><ent r="102" t="21" w="46" /><ent r="3" t="21" w="56" /><ent r="64" t="21" w="71" /><ent r="3" t="21" w="96" /><ent r="5" t="21" w="140" /><ent r="5" t="21" w="274" /><ent r="6" t="21" w="281" /><ent r="6" t="21" w="290" /><ent r="3" t="21" w="458" /><ent r="5" t="21" w="480" /><ent r="1000" t="22" w="6" /><ent r="100" t="22" w="9" /><ent r="100" t="22" w="23" /><ent r="102" t="22" w="46" /><ent r="3" t="22" w="68" /><ent r="5" t="22" w="112" /><ent r="5" t="22" w="245" /><ent r="6" t="22" w="252" /><ent r="6" t="22" w="261" /><ent r="6" t="22" w="273" /><ent r="6" t="22" w="285" /><ent r="5" t="22" w="533" /><ent r="64" t="23" w="205" /><ent r="64" t="23" w="213" /><ent r="1000" t="25" w="2" /><ent r="100" t="25" w="8" /><ent r="100" t="25" w="14" /><ent r="100" t="25" w="22" /><ent r="102" t="25" w="28" /><ent r="3" t="25" w="43" /><ent r="5" t="25" w="77" /><ent r="5" t="25" w="111" /><ent r="6" t="25" w="136" /><ent r="5" t="25" w="247" /><ent r="5" t="25" w="253" /><ent r="6" t="25" w="288" /><ent r="6" t="25" w="298" /><ent r="6" t="25" w="365" /><ent r="6" t="25" w="385" /><ent r="6" t="25" w="443" /><ent r="6" t="25" w="451" /><ent r="6" t="25" w="466" /><ent r="6" t="25" w="588" /><ent r="64" t="25" w="609" /><ent r="64" t="25" w="617" /><ent r="64" t="25" w="635" /><ent r="100" t="25" w="642" /><ent r="82" t="25" w="652" /><ent r="3" t="25" w="678" /><ent r="65" t="25" w="695" /><ent r="100" t="25" w="704" /><ent r="82" t="25" w="713" /><ent r="100" t="25" w="776" /><ent r="5" t="25" w="838" /><ent r="100" t="25" w="874" /><ent r="82" t="25" w="884" /><ent r="3" t="25" w="892" /><ent r="4" t="29" w="1003" /><ent r="4" t="29" w="1011" /><ent r="4" t="29" w="1050" /><ent r="5" t="42" w="1159" /><ent r="7" t="43" w="176" /><ent r="5" t="49" w="322" /><ent r="5" t="49" w="337" /><ent r="4" t="54" w="237" /><ent r="7" t="62" w="175" /><ent r="8" t="62" w="188" /><ent r="7" t="62" w="301" /></phr><phr n="ws"><ent r="8" t="29" w="349" /><ent r="7" t="29" w="388" /><ent r="3" t="40" w="650" /><ent r="4" t="40" w="942" /><ent r="3" t="67" w="373" /></phr></stem><stem n="ws-trust"><phr n="WS-Trust"><ent r="4" t="19" w="141" /><ent r="65" t="19" w="159" /><ent r="1000" t="22" w="6" /><ent r="100" t="22" w="9" /><ent r="100" t="22" w="23" /><ent r="102" t="22" w="46" /><ent r="3" t="22" w="68" /><ent r="5" t="22" w="112" /><ent r="5" t="22" w="245" /><ent r="6" t="22" w="252" /><ent r="6" t="22" w="261" /><ent r="6" t="22" w="273" /><ent r="6" t="22" w="285" /><ent r="5" t="22" w="533" /><ent r="64" t="23" w="213" /><ent r="4" t="29" w="1003" /><ent r="5" t="49" w="322" /><ent r="7" t="62" w="175" /><ent r="8" t="62" w="188" /></phr></stem><stem n="(ws-trust)"><phr n="(WS-Trust)"><ent r="65" t="19" w="161" /><ent r="1000" t="22" w="8" /><ent r="102" t="22" w="48" /><ent r="64" t="23" w="215" /></phr></stem><stem n="-feder"><phr n="-Federation"><ent r="4" t="19" w="172" /><ent r="4" t="19" w="172" /><ent r="100" t="21" w="9" /><ent r="100" t="21" w="9" /><ent r="100" t="21" w="23" /><ent r="100" t="21" w="23" /><ent r="3" t="21" w="56" /><ent r="3" t="21" w="56" /><ent r="64" t="21" w="71" /><ent r="64" t="21" w="71" /><ent r="3" t="21" w="96" /><ent r="3" t="21" w="96" /><ent r="5" t="21" w="140" /><ent r="5" t="21" w="140" /><ent r="5" t="21" w="274" /><ent r="5" t="21" w="274" /><ent r="6" t="21" w="290" /><ent r="6" t="21" w="290" /><ent r="3" t="21" w="458" /><ent r="3" t="21" w="458" /><ent r="5" t="21" w="480" /><ent r="5" t="21" w="480" /><ent r="1000" t="25" w="2" /><ent r="1000" t="25" w="2" /><ent r="100" t="25" w="14" /><ent r="100" t="25" w="14" /><ent r="100" t="25" w="22" /><ent r="100" t="25" w="22" /><ent r="102" t="25" w="28" /><ent r="102" t="25" w="28" /><ent r="3" t="25" w="43" /><ent r="3" t="25" w="43" /><ent r="5" t="25" w="77" /><ent r="5" t="25" w="77" /><ent r="5" t="25" w="111" /><ent r="5" t="25" w="111" /><ent r="6" t="25" w="136" /><ent r="6" t="25" w="136" /><ent r="5" t="25" w="247" /><ent r="5" t="25" w="247" /><ent r="5" t="25" w="253" /><ent r="5" t="25" w="253" /><ent r="6" t="25" w="288" /><ent r="6" t="25" w="288" /><ent r="6" t="25" w="298" /><ent r="6" t="25" w="298" /><ent r="6" t="25" w="365" /><ent r="6" t="25" w="365" /><ent r="6" t="25" w="385" /><ent r="6" t="25" w="385" /><ent r="6" t="25" w="443" /><ent r="6" t="25" w="443" /><ent r="6" t="25" w="451" /><ent r="6" t="25" w="451" /><ent r="6" t="25" w="466" /><ent r="6" t="25" w="466" /><ent r="6" t="25" w="588" /><ent r="6" t="25" w="588" /><ent r="64" t="25" w="609" /><ent r="64" t="25" w="609" /><ent r="64" t="25" w="617" /><ent r="64" t="25" w="617" /><ent r="64" t="25" w="635" /><ent r="64" t="25" w="635" /><ent r="100" t="25" w="642" /><ent r="100" t="25" w="642" /><ent r="82" t="25" w="652" /><ent r="82" t="25" w="652" /><ent r="3" t="25" w="678" /><ent r="3" t="25" w="678" /><ent r="100" t="25" w="704" /><ent r="100" t="25" w="704" /><ent r="82" t="25" w="713" /><ent r="82" t="25" w="713" /><ent r="100" t="25" w="776" /><ent r="100" t="25" w="776" /><ent r="5" t="25" w="838" /><ent r="5" t="25" w="838" /><ent r="100" t="25" w="874" /><ent r="100" t="25" w="874" /><ent r="82" t="25" w="884" /><ent r="82" t="25" w="884" /><ent r="3" t="25" w="892" /><ent r="3" t="25" w="892" /><ent r="5" t="49" w="337" /><ent r="5" t="49" w="337" /></phr></stem><stem n="ws-feder"><phr n="WS-Federation"><ent r="4" t="19" w="172" /><ent r="65" t="19" w="190" /><ent r="1000" t="21" w="6" /><ent r="100" t="21" w="9" /><ent r="100" t="21" w="23" /><ent r="102" t="21" w="46" /><ent r="3" t="21" w="56" /><ent r="64" t="21" w="71" /><ent r="3" t="21" w="96" /><ent r="5" t="21" w="140" /><ent r="5" t="21" w="274" /><ent r="6" t="21" w="290" /><ent r="3" t="21" w="458" /><ent r="5" t="21" w="480" /><ent r="64" t="23" w="205" /><ent r="1000" t="25" w="2" /><ent r="100" t="25" w="8" /><ent r="100" t="25" w="14" /><ent r="100" t="25" w="22" /><ent r="102" t="25" w="28" /><ent r="3" t="25" w="43" /><ent r="5" t="25" w="77" /><ent r="5" t="25" w="111" /><ent r="6" t="25" w="136" /><ent r="5" t="25" w="247" /><ent r="5" t="25" w="253" /><ent r="6" t="25" w="288" /><ent r="6" t="25" w="298" /><ent r="6" t="25" w="365" /><ent r="6" t="25" w="385" /><ent r="6" t="25" w="443" /><ent r="6" t="25" w="451" /><ent r="6" t="25" w="466" /><ent r="6" t="25" w="588" /><ent r="64" t="25" w="609" /><ent r="64" t="25" w="617" /><ent r="64" t="25" w="635" /><ent r="100" t="25" w="642" /><ent r="82" t="25" w="652" /><ent r="3" t="25" w="678" /><ent r="65" t="25" w="695" /><ent r="100" t="25" w="704" /><ent r="82" t="25" w="713" /><ent r="100" t="25" w="776" /><ent r="5" t="25" w="838" /><ent r="100" t="25" w="874" /><ent r="82" t="25" w="884" /><ent r="3" t="25" w="892" /><ent r="5" t="49" w="337" /></phr></stem><stem n="(ws-federation)"><phr n="(WS-Federation)"><ent r="65" t="19" w="192" /><ent r="1000" t="21" w="8" /><ent r="102" t="21" w="48" /><ent r="64" t="23" w="207" /><ent r="65" t="25" w="697" /></phr></stem><stem n="previous"><phr n="previously"><ent r="4" t="19" w="202" /><ent r="3" t="20" w="58" /><ent r="5" t="20" w="106" /><ent r="3" t="42" w="633" /><ent r="7" t="43" w="367" /><ent r="4" t="54" w="395" /><ent r="5" t="58" w="180" /></phr></stem><stem n="(trust"><phr n="(Trusted"><ent r="65" t="19" w="221" /><ent r="1000" t="20" w="6" /><ent r="102" t="20" w="41" /><ent r="64" t="23" w="197" /><ent r="67" t="58" w="404" /></phr><phr n="(trusted"><ent r="4" t="49" w="136" /><ent r="4" t="49" w="210" /></phr></stem><stem n=":use"><phr n=":using"><ent r="100" t="20" w="17" /><ent r="100" t="21" w="22" /><ent r="100" t="22" w="22" /><ent r="100" t="50" w="6" /><ent r="100" t="51" w="19" /></phr></stem><stem n="previously-cr"><phr n="previously-created"><ent r="5" t="20" w="106" /></phr></stem><stem n="&quot;federated&quot;."><phr n="&quot;Federated&quot;."><ent r="3" t="20" w="939" /><ent r="3" t="21" w="1141" /><ent r="3" t="22" w="1196" /></phr></stem><stem n="procedur"><phr n="procedure"><ent r="3" t="21" w="67" /><ent r="6" t="25" w="307" /><ent r="6" t="25" w="475" /><ent r="6" t="51" w="244" /></phr></stem><stem n="exchang"><phr n="Exchange"><ent r="64" t="21" w="74" /><ent r="1000" t="25" w="5" /><ent r="100" t="25" w="17" /><ent r="102" t="25" w="31" /><ent r="6" t="25" w="595" /><ent r="100" t="25" w="645" /><ent r="100" t="25" w="707" /><ent r="100" t="25" w="779" /><ent r="100" t="25" w="877" /><ent r="3" t="25" w="907" /></phr><phr n="exchange"><ent r="100" t="25" w="11" /><ent r="100" t="25" w="20" /><ent r="100" t="25" w="25" /><ent r="3" t="25" w="39" /></phr><phr n="Exchanges"><ent r="5" t="25" w="392" /></phr><phr n="exchanged"><ent r="5" t="25" w="417" /></phr><phr n="exchanging"><ent r="3" t="25" w="921" /></phr></stem><stem n="prp"><phr n="PRP"><ent r="5" t="21" w="142" /></phr></stem><stem n="(prp)"><phr n="(PRP)"><ent r="5" t="21" w="143" /></phr></stem><stem n="ws-fed"><phr n="WS-Fed"><ent r="6" t="21" w="281" /></phr></stem><stem n="fed"><phr n="Fed"><ent r="6" t="21" w="282" /></phr></stem><stem n="-fed."><phr n="-Fed."><ent r="6" t="21" w="283" /><ent r="6" t="21" w="283" /></phr></stem><stem n="repli"><phr n="Reply"><ent r="6" t="21" w="296" /></phr><phr n="reply"><ent r="7" t="43" w="423" /></phr></stem><stem n="realm"><phr n="Realm"><ent r="6" t="21" w="308" /></phr><phr n="realm"><ent r="6" t="21" w="316" /></phr></stem><stem n="timestamp"><phr n="timestamp"><ent r="6" t="21" w="334" /><ent r="6" t="21" w="345" /><ent r="3" t="26" w="77" /><ent r="4" t="29" w="1100" /><ent r="4" t="29" w="1252" /><ent r="4" t="29" w="1268" /></phr><phr n="timestamps"><ent r="4" t="29" w="1284" /><ent r="7" t="43" w="350" /></phr><phr n="timeStamping"><ent r="3" t="67" w="929" /></phr></stem><stem n="now"><phr n="now"><ent r="4" t="21" w="403" /><ent r="3" t="42" w="1474" /></phr></stem><stem n="state"><phr n="stating"><ent r="4" t="21" w="407" /></phr><phr n="States"><ent r="3" t="70" w="65" /></phr></stem><stem n="successfulli"><phr n="successfully"><ent r="4" t="21" w="413" /><ent r="7" t="62" w="508" /></phr></stem><stem n="correctli"><phr n="correctly"><ent r="4" t="21" w="427" /></phr></stem><stem n="try"><phr n="try"><ent r="4" t="21" w="429" /><ent r="4" t="22" w="447" /></phr></stem><stem n="again"><phr n="again"><ent r="4" t="21" w="430" /><ent r="4" t="22" w="452" /><ent r="4" t="45" w="508" /></phr></stem><stem n="resolv"><phr n="resolve"><ent r="4" t="21" w="434" /><ent r="4" t="22" w="456" /><ent r="3" t="42" w="477" /></phr><phr n="Resolving"><ent r="82" t="32" w="501" /></phr></stem><stem n="examin"><phr n="examine"><ent r="3" t="21" w="456" /><ent r="3" t="24" w="795" /></phr><phr n="examining"><ent r="3" t="30" w="45" /></phr></stem><stem n="“ws-trust"><phr n="“WS-Trust"><ent r="6" t="22" w="273" /></phr></stem><stem n="—such"><phr n="—such"><ent r="6" t="22" w="327" /></phr></stem><stem n="gateway.hostnam"><phr n="gateway.hostname"><ent r="6" t="22" w="331" /><ent r="6" t="22" w="330" /><ent r="6" t="22" w="334" /><ent r="6" t="22" w="333" /></phr></stem><stem n="hostnam"><phr n="hostname"><ent r="6" t="22" w="331" /><ent r="6" t="22" w="334" /></phr></stem><stem n="gateway.hostname/"><phr n="gateway.hostname/"><ent r="6" t="22" w="331" /><ent r="6" t="22" w="330" /></phr></stem><stem n="“http://gateway.hostname/”—wher"><phr n="“http://gateway.hostname/”—where"><ent r="6" t="22" w="332" /></phr></stem><stem n="“gateway.hostname”"><phr n="“gateway.hostname”"><ent r="6" t="22" w="335" /></phr></stem><stem n="issuer"><phr n="Issuer"><ent r="6" t="22" w="345" /></phr><phr n="issuer"><ent r="3" t="54" w="433" /><ent r="9" t="55" w="1164" /></phr></stem><stem n="&quot;connect"><phr n="&quot;Connection"><ent r="4" t="22" w="431" /></phr></stem><stem n="onc"><phr n="Once"><ent r="3" t="22" w="497" /><ent r="3" t="37" w="209" /><ent r="3" t="40" w="1140" /><ent r="3" t="42" w="1911" /><ent r="3" t="46" w="267" /><ent r="3" t="53" w="275" /><ent r="3" t="56" w="143" /><ent r="3" t="56" w="269" /><ent r="6" t="58" w="243" /></phr><phr n="once"><ent r="6" t="24" w="610" /><ent r="6" t="27" w="598" /><ent r="3" t="40" w="481" /><ent r="3" t="42" w="1427" /><ent r="4" t="45" w="262" /><ent r="7" t="62" w="376" /></phr></stem><stem n="respect"><phr n="respective"><ent r="3" t="22" w="505" /><ent r="3" t="50" w="62" /></phr></stem><stem n="[view"><phr n="[View"><ent r="3" t="22" w="506" /><ent r="3" t="22" w="510" /></phr></stem><stem n=":for"><phr n=":for"><ent r="100" t="23" w="16" /></phr></stem><stem n=":addit"><phr n=":additional"><ent r="100" t="23" w="22" /></phr></stem><stem n="builtinsaml1"><phr n="builtinSaml1"><ent r="7" t="23" w="242" /><ent r="7" t="23" w="275" /><ent r="7" t="23" w="310" /></phr></stem><stem n="nameidformaturi"><phr n="nameIdFormatUri"><ent r="7" t="23" w="244" /><ent r="7" t="23" w="359" /></phr></stem><stem n="overrid"><phr n="Overrides"><ent r="6" t="23" w="246" /><ent r="6" t="23" w="279" /><ent r="6" t="23" w="361" /><ent r="6" t="23" w="399" /><ent r="7" t="62" w="144" /><ent r="7" t="62" w="667" /></phr><phr n="Overriding"><ent r="68" t="62" w="157" /><ent r="68" t="62" w="215" /><ent r="68" t="62" w="247" /><ent r="68" t="62" w="679" /><ent r="1000" t="64" w="1" /><ent r="102" t="64" w="22" /><ent r="1000" t="65" w="1" /><ent r="102" t="65" w="23" /><ent r="1000" t="66" w="1" /><ent r="102" t="66" w="21" /><ent r="64" t="67" w="72" /><ent r="65" t="67" w="212" /></phr><phr n="override"><ent r="3" t="64" w="30" /><ent r="3" t="64" w="157" /><ent r="3" t="65" w="102" /><ent r="3" t="66" w="107" /><ent r="4" t="66" w="159" /><ent r="4" t="66" w="213" /><ent r="3" t="67" w="99" /></phr><phr n="overriding"><ent r="3" t="67" w="144" /></phr></stem><stem n="nameidentifi"><phr n="NameIdentifier"><ent r="6" t="23" w="248" /><ent r="6" t="23" w="318" /><ent r="6" t="23" w="363" /><ent r="6" t="23" w="433" /><ent r="4" t="54" w="173" /><ent r="4" t="54" w="178" /><ent r="4" t="54" w="205" /><ent r="4" t="54" w="345" /><ent r="4" t="54" w="354" /></phr></stem><stem n="unspecifi"><phr n="unspecified"><ent r="6" t="23" w="261" /><ent r="6" t="23" w="376" /><ent r="7" t="55" w="516" /></phr><phr n="Unspecified"><ent r="8" t="55" w="507" /></phr></stem><stem n="&quot;unspecified&quot;"><phr n="&quot;unspecified&quot;"><ent r="6" t="23" w="262" /><ent r="6" t="23" w="377" /></phr></stem><stem n="urn"><phr n="urn"><ent r="6" t="23" w="264" /><ent r="6" t="23" w="295" /><ent r="6" t="23" w="305" /><ent r="6" t="23" w="384" /><ent r="6" t="23" w="414" /><ent r="6" t="23" w="647" /><ent r="9" t="55" w="666" /><ent r="9" t="55" w="680" /><ent r="9" t="55" w="929" /><ent r="9" t="55" w="942" /></phr></stem><stem n="oasi"><phr n="oasis"><ent r="6" t="23" w="265" /><ent r="6" t="23" w="296" /><ent r="6" t="23" w="385" /><ent r="6" t="23" w="415" /><ent r="67" t="55" w="608" /><ent r="9" t="55" w="667" /><ent r="9" t="55" w="681" /><ent r="9" t="55" w="930" /><ent r="9" t="55" w="943" /><ent r="69" t="55" w="1268" /></phr><phr n="OASIS"><ent r="9" t="55" w="1208" /><ent r="8" t="55" w="1251" /></phr></stem><stem n="tc"><phr n="tc"><ent r="6" t="23" w="267" /><ent r="6" t="23" w="298" /><ent r="6" t="23" w="387" /><ent r="6" t="23" w="417" /><ent r="9" t="55" w="669" /><ent r="9" t="55" w="683" /><ent r="9" t="55" w="932" /><ent r="9" t="55" w="945" /></phr></stem><stem n="1.1"><phr n="1.1"><ent r="6" t="23" w="270" /><ent r="6" t="23" w="269" /><ent r="6" t="23" w="390" /><ent r="6" t="23" w="389" /><ent r="9" t="55" w="1227" /><ent r="9" t="55" w="1226" /></phr></stem><stem n=":oasis:names:tc:saml:1.1:"><phr n=":oasis:names:tc:SAML:1.1:"><ent r="6" t="23" w="271" /><ent r="6" t="23" w="391" /></phr></stem><stem n="nameid"><phr n="nameid"><ent r="6" t="23" w="271" /><ent r="6" t="23" w="391" /></phr></stem><stem n="nameid-format"><phr n="nameid-format"><ent r="6" t="23" w="271" /><ent r="6" t="23" w="391" /></phr></stem><stem n="-format:x509subjectnam"><phr n="-format:X509SubjectName"><ent r="6" t="23" w="273" /><ent r="6" t="23" w="273" /><ent r="6" t="23" w="393" /><ent r="6" t="23" w="393" /></phr></stem><stem n="x509subjectnam"><phr n="X509SubjectName"><ent r="6" t="23" w="273" /><ent r="6" t="23" w="393" /></phr></stem><stem n="authenticationmethoduri"><phr n="authenticationMethodUri"><ent r="7" t="23" w="277" /><ent r="7" t="23" w="397" /></phr></stem><stem n="authenticationmethod"><phr n="AuthenticationMethod"><ent r="6" t="23" w="281" /><ent r="6" t="23" w="401" /></phr></stem><stem n="&quot;password&quot;"><phr n="&quot;password&quot;"><ent r="6" t="23" w="294" /><ent r="6" t="23" w="412" /></phr></stem><stem n="1.0"><phr n="1.0"><ent r="6" t="23" w="301" /><ent r="6" t="23" w="300" /><ent r="3" t="40" w="623" /><ent r="3" t="40" w="622" /><ent r="9" t="55" w="672" /><ent r="9" t="55" w="671" /><ent r="9" t="55" w="935" /><ent r="9" t="55" w="934" /><ent r="9" t="55" w="1217" /><ent r="9" t="55" w="1216" /><ent r="8" t="55" w="1259" /><ent r="8" t="55" w="1258" /></phr></stem><stem n="(urn:oasis:names:tc:saml:1.0:"><phr n="(urn:oasis:names:tc:SAML:1.0:"><ent r="6" t="23" w="302" /></phr></stem><stem n="am"><phr n="am"><ent r="6" t="23" w="302" /></phr></stem><stem n=":password)"><phr n=":password)"><ent r="6" t="23" w="304" /></phr></stem><stem n="ietf"><phr n="ietf"><ent r="6" t="23" w="306" /></phr></stem><stem n="rfc"><phr n="rfc"><ent r="6" t="23" w="307" /></phr></stem><stem n=":ietf:rfc:2246"><phr n=":ietf:rfc:2246"><ent r="6" t="23" w="308" /></phr></stem><stem n="2246"><phr n="2246"><ent r="6" t="23" w="308" /></phr></stem><stem n="nameidtempl"><phr n="nameIdTemplate"><ent r="7" t="23" w="312" /><ent r="7" t="23" w="427" /></phr></stem><stem n="templat"><phr n="template"><ent r="6" t="23" w="315" /><ent r="6" t="23" w="430" /><ent r="4" t="67" w="170" /><ent r="3" t="67" w="348" /><ent r="4" t="67" w="688" /></phr><phr n="Template"><ent r="82" t="67" w="340" /></phr></stem><stem n="{0}"><phr n="{0}"><ent r="6" t="23" w="325" /></phr></stem><stem n="usernam"><phr n="username"><ent r="6" t="23" w="330" /><ent r="6" t="23" w="347" /><ent r="6" t="23" w="443" /></phr></stem><stem n="alon"><phr n="alone"><ent r="6" t="23" w="348" /><ent r="6" t="23" w="444" /></phr></stem><stem n="cn"><phr n="CN"><ent r="6" t="23" w="350" /><ent r="6" t="23" w="446" /><ent r="3" t="42" w="420" /><ent r="7" t="50" w="413" /></phr></stem><stem n="={0},"><phr n="={0},"><ent r="6" t="23" w="352" /><ent r="6" t="23" w="448" /></phr></stem><stem n="dc"><phr n="dc"><ent r="6" t="23" w="352" /><ent r="6" t="23" w="354" /><ent r="6" t="23" w="448" /><ent r="6" t="23" w="450" /></phr></stem><stem n="=l7tech,"><phr n="=l7tech,"><ent r="6" t="23" w="354" /><ent r="6" t="23" w="450" /></phr></stem><stem n="=com"><phr n="=com"><ent r="6" t="23" w="355" /><ent r="6" t="23" w="451" /></phr></stem><stem n="builtinsaml2"><phr n="builtinSaml2"><ent r="7" t="23" w="357" /><ent r="7" t="23" w="395" /><ent r="7" t="23" w="425" /></phr></stem><stem n="(still"><phr n="(still"><ent r="6" t="23" w="378" /></phr></stem><stem n="still"><phr n="still"><ent r="6" t="23" w="378" /><ent r="3" t="34" w="93" /><ent r="3" t="37" w="444" /></phr></stem><stem n="2.0"><phr n="2.0"><ent r="6" t="23" w="420" /><ent r="6" t="23" w="419" /><ent r="6" t="55" w="600" /><ent r="6" t="55" w="599" /><ent r="9" t="55" w="686" /><ent r="9" t="55" w="685" /><ent r="9" t="55" w="948" /><ent r="9" t="55" w="947" /></phr></stem><stem n=":oasis:names:tc:saml:2.0:"><phr n=":oasis:names:tc:SAML:2.0:"><ent r="6" t="23" w="421" /></phr></stem><stem n="ac"><phr n="ac"><ent r="6" t="23" w="421" /></phr></stem><stem n=":classes:tlscli"><phr n=":classes:TLSClient"><ent r="6" t="23" w="423" /></phr></stem><stem n="tlsclient"><phr n="TLSClient"><ent r="6" t="23" w="423" /></phr></stem><stem n="builtinsaml"><phr n="builtinSaml"><ent r="7" t="23" w="453" /></phr></stem><stem n="suppressstrtransform"><phr n="suppressStrTransform"><ent r="7" t="23" w="455" /></phr></stem><stem n="true"><phr n="true"><ent r="6" t="23" w="457" /><ent r="6" t="23" w="676" /><ent r="6" t="23" w="759" /><ent r="3" t="55" w="1639" /><ent r="8" t="62" w="57" /><ent r="8" t="62" w="84" /><ent r="8" t="62" w="111" /><ent r="7" t="62" w="262" /><ent r="8" t="62" w="441" /><ent r="7" t="62" w="451" /><ent r="8" t="62" w="491" /><ent r="8" t="62" w="537" /><ent r="7" t="62" w="549" /><ent r="5" t="63" w="86" /><ent r="5" t="63" w="95" /><ent r="3" t="63" w="132" /><ent r="3" t="63" w="138" /></phr></stem><stem n="&quot;true&quot;"><phr n="&quot;true&quot;"><ent r="6" t="23" w="458" /></phr></stem><stem n="-standards-compli"><phr n="-standards-compliant"><ent r="6" t="23" w="472" /><ent r="6" t="23" w="473" /></phr></stem><stem n="non-standard"><phr n="non-standards"><ent r="6" t="23" w="472" /></phr></stem><stem n="non-standards-compli"><phr n="non-standards-compliant"><ent r="6" t="23" w="472" /></phr></stem><stem n="standards-compli"><phr n="standards-compliant"><ent r="6" t="23" w="473" /><ent r="6" t="23" w="488" /></phr></stem><stem n="compliant"><phr n="compliant"><ent r="6" t="23" w="474" /><ent r="6" t="23" w="489" /></phr></stem><stem n="wsu"><phr n="wsu"><ent r="6" t="23" w="478" /></phr></stem><stem n=":id"><phr n=":Id"><ent r="6" t="23" w="479" /></phr></stem><stem n="fals"><phr n="false"><ent r="6" t="23" w="487" /><ent r="6" t="23" w="678" /><ent r="6" t="23" w="747" /><ent r="7" t="62" w="475" /><ent r="8" t="62" w="567" /></phr></stem><stem n="&quot;false&quot;,"><phr n="&quot;false&quot;,"><ent r="6" t="23" w="488" /></phr></stem><stem n="-compliant"><phr n="-compliant"><ent r="6" t="23" w="488" /><ent r="6" t="23" w="488" /></phr></stem><stem n="str"><phr n="STR"><ent r="6" t="23" w="490" /></phr></stem><stem n="derefer"><phr n="Dereference"><ent r="6" t="23" w="491" /></phr></stem><stem n="n"><phr n="n"><ent r="6" t="23" w="494" /></phr></stem><stem n="/a"><phr n="/a"><ent r="6" t="23" w="495" /></phr></stem><stem n="n/a"><phr n="n/a"><ent r="6" t="23" w="495" /><ent r="6" t="23" w="494" /></phr></stem><stem n="response.secur"><phr n="response.security"><ent r="7" t="23" w="498" /><ent r="7" t="23" w="497" /></phr></stem><stem n="response.security."><phr n="response.security."><ent r="7" t="23" w="498" /><ent r="7" t="23" w="497" /></phr></stem><stem n=".security."><phr n=".security."><ent r="7" t="23" w="499" /></phr></stem><stem n="striphead"><phr n="stripHeader"><ent r="7" t="23" w="500" /></phr></stem><stem n="treat"><phr n="treats"><ent r="6" t="23" w="511" /></phr><phr n="treat"><ent r="3" t="66" w="95" /></phr></stem><stem n="•"><phr n="•"><ent r="7" t="23" w="517" /><ent r="7" t="23" w="533" /><ent r="7" t="23" w="557" /><ent r="7" t="23" w="595" /></phr></stem><stem n="alwai"><phr n="always"><ent r="7" t="23" w="517" /><ent r="6" t="23" w="530" /><ent r="6" t="23" w="592" /><ent r="6" t="23" w="620" /><ent r="7" t="29" w="363" /><ent r="4" t="29" w="1097" /><ent r="3" t="31" w="133" /><ent r="7" t="62" w="372" /><ent r="3" t="67" w="400" /><ent r="4" t="67" w="726" /></phr></stem><stem n="eager"><phr n="eager"><ent r="6" t="23" w="524" /><ent r="6" t="23" w="541" /></phr></stem><stem n="strip"><phr n="stripped"><ent r="6" t="23" w="531" /><ent r="6" t="23" w="547" /><ent r="6" t="23" w="593" /><ent r="6" t="23" w="608" /></phr></stem><stem n="secure_span"><phr n="secure_span"><ent r="7" t="23" w="534" /><ent r="7" t="23" w="533" /><ent r="6" t="23" w="555" /><ent r="6" t="23" w="554" /><ent r="6" t="23" w="616" /><ent r="6" t="23" w="615" /><ent r="6" t="23" w="623" /><ent r="6" t="23" w="622" /><ent r="7" t="23" w="718" /><ent r="7" t="23" w="717" /><ent r="6" t="23" w="771" /><ent r="6" t="23" w="770" /><ent r="6" t="23" w="784" /><ent r="6" t="23" w="783" /></phr></stem><stem n="_span:"><phr n="_span:"><ent r="7" t="23" w="535" /></phr></stem><stem n="&quot;secure_span&quot;."><phr n="&quot;secure_span&quot;."><ent r="6" t="23" w="556" /><ent r="6" t="23" w="617" /></phr></stem><stem n="when_process"><phr n="when_processed"><ent r="7" t="23" w="558" /><ent r="7" t="23" w="557" /></phr></stem><stem n="_processed:"><phr n="_processed:"><ent r="7" t="23" w="559" /></phr></stem><stem n="lazi"><phr n="lazy"><ent r="6" t="23" w="565" /><ent r="7" t="23" w="595" /><ent r="6" t="23" w="602" /></phr></stem><stem n="tell"><phr n="tells"><ent r="6" t="23" w="572" /></phr></stem><stem n="expect"><phr n="expect"><ent r="6" t="23" w="581" /></phr><phr n="expected"><ent r="3" t="42" w="90" /></phr><phr n="expects"><ent r="7" t="43" w="217" /></phr></stem><stem n="decor"><phr n="decorations"><ent r="6" t="23" w="583" /><ent r="3" t="32" w="212" /><ent r="3" t="33" w="103" /></phr><phr n="decorator"><ent r="7" t="23" w="651" /><ent r="7" t="23" w="681" /><ent r="7" t="23" w="731" /></phr><phr n="decorate"><ent r="3" t="28" w="60" /><ent r="4" t="29" w="1180" /><ent r="3" t="40" w="981" /><ent r="3" t="40" w="1153" /></phr><phr n="decorates"><ent r="3" t="28" w="84" /><ent r="4" t="32" w="578" /><ent r="5" t="32" w="643" /><ent r="3" t="37" w="135" /><ent r="4" t="38" w="136" /><ent r="4" t="38" w="182" /></phr><phr n="decoration"><ent r="4" t="29" w="121" /><ent r="3" t="29" w="814" /><ent r="3" t="29" w="855" /><ent r="3" t="35" w="151" /><ent r="3" t="37" w="161" /><ent r="3" t="37" w="409" /><ent r="3" t="40" w="1015" /></phr><phr n="decorated"><ent r="3" t="37" w="58" /><ent r="3" t="37" w="151" /><ent r="3" t="37" w="189" /><ent r="3" t="37" w="254" /><ent r="3" t="37" w="392" /><ent r="3" t="37" w="612" /><ent r="3" t="42" w="73" /></phr><phr n="decorating"><ent r="3" t="48" w="697" /><ent r="3" t="48" w="752" /></phr><phr n="Decorated"><ent r="3" t="48" w="713" /></phr></stem><stem n="_span"><phr n="_span"><ent r="6" t="23" w="623" /><ent r="7" t="23" w="718" /></phr></stem><stem n="wsaddress"><phr n="wsAddressing"><ent r="7" t="23" w="625" /></phr></stem><stem n=".uuidprefix"><phr n=".uuidPrefix"><ent r="7" t="23" w="626" /></phr></stem></index>