<?xml version="1.0" encoding="utf-8"?><index><stem n="fede"><phr n="federation"><ent r="4" t="1" w="559" /></phr><phr n="Federated"><ent r="100" t="9" w="9" /><ent r="100" t="9" w="9" /><ent r="65" t="9" w="287" /><ent r="65" t="9" w="287" /><ent r="8" t="10" w="171" /><ent r="65" t="11" w="100" /><ent r="65" t="11" w="100" /><ent r="3" t="17" w="223" /><ent r="3" t="17" w="223" /><ent r="1000" t="19" w="1" /><ent r="1000" t="19" w="1" /><ent r="100" t="19" w="5" /><ent r="100" t="19" w="5" /><ent r="102" t="19" w="21" /><ent r="102" t="19" w="21" /><ent r="3" t="19" w="36" /><ent r="3" t="19" w="36" /><ent r="3" t="19" w="64" /><ent r="3" t="19" w="64" /><ent r="3" t="19" w="93" /><ent r="3" t="19" w="93" /><ent r="3" t="19" w="114" /><ent r="3" t="19" w="114" /><ent r="65" t="19" w="160" /><ent r="65" t="19" w="160" /><ent r="65" t="19" w="191" /><ent r="65" t="19" w="191" /><ent r="65" t="19" w="222" /><ent r="65" t="19" w="222" /><ent r="1000" t="20" w="3" /><ent r="1000" t="20" w="3" /><ent r="100" t="20" w="15" /><ent r="100" t="20" w="15" /><ent r="100" t="20" w="33" /><ent r="100" t="20" w="33" /><ent r="102" t="20" w="39" /><ent r="102" t="20" w="39" /><ent r="64" t="20" w="50" /><ent r="64" t="20" w="50" /><ent r="5" t="20" w="96" /><ent r="5" t="20" w="96" /><ent r="3" t="20" w="957" /><ent r="1000" t="21" w="3" /><ent r="1000" t="21" w="3" /><ent r="100" t="21" w="20" /><ent r="100" t="21" w="20" /><ent r="100" t="21" w="38" /><ent r="100" t="21" w="38" /><ent r="102" t="21" w="44" /><ent r="102" t="21" w="44" /><ent r="64" t="21" w="83" /><ent r="64" t="21" w="83" /><ent r="5" t="21" w="131" /><ent r="5" t="21" w="131" /><ent r="3" t="21" w="1158" /><ent r="1000" t="22" w="3" /><ent r="1000" t="22" w="3" /><ent r="100" t="22" w="20" /><ent r="100" t="22" w="20" /><ent r="100" t="22" w="38" /><ent r="100" t="22" w="38" /><ent r="102" t="22" w="44" /><ent r="102" t="22" w="44" /><ent r="64" t="22" w="55" /><ent r="64" t="22" w="55" /><ent r="5" t="22" w="103" /><ent r="5" t="22" w="103" /><ent r="6" t="22" w="307" /><ent r="6" t="22" w="307" /><ent r="6" t="22" w="346" /><ent r="6" t="22" w="346" /><ent r="3" t="22" w="1214" /><ent r="64" t="23" w="194" /><ent r="64" t="23" w="194" /><ent r="64" t="23" w="202" /><ent r="64" t="23" w="202" /><ent r="64" t="23" w="210" /><ent r="64" t="23" w="210" /><ent r="4" t="24" w="172" /><ent r="4" t="24" w="172" /><ent r="64" t="24" w="204" /><ent r="64" t="24" w="204" /><ent r="82" t="24" w="312" /><ent r="82" t="24" w="312" /><ent r="5" t="24" w="325" /><ent r="5" t="24" w="325" /><ent r="4" t="24" w="351" /><ent r="4" t="24" w="351" /><ent r="5" t="24" w="409" /><ent r="5" t="24" w="409" /><ent r="5" t="25" w="65" /><ent r="5" t="25" w="65" /><ent r="6" t="25" w="157" /><ent r="6" t="25" w="157" /><ent r="6" t="25" w="355" /><ent r="6" t="25" w="355" /><ent r="6" t="25" w="525" /><ent r="6" t="25" w="525" /><ent r="64" t="25" w="634" /><ent r="64" t="25" w="634" /><ent r="64" t="25" w="650" /><ent r="64" t="25" w="650" /><ent r="82" t="25" w="677" /><ent r="82" t="25" w="677" /><ent r="64" t="25" w="717" /><ent r="64" t="25" w="717" /><ent r="82" t="25" w="810" /><ent r="82" t="25" w="810" /><ent r="5" t="25" w="823" /><ent r="5" t="25" w="823" /><ent r="5" t="25" w="881" /><ent r="5" t="25" w="881" /><ent r="64" t="40" w="450" /><ent r="64" t="40" w="450" /><ent r="3" t="48" w="376" /><ent r="3" t="48" w="376" /><ent r="3" t="48" w="412" /><ent r="3" t="48" w="412" /><ent r="3" t="48" w="518" /><ent r="3" t="48" w="518" /><ent r="3" t="48" w="531" /><ent r="3" t="48" w="531" /><ent r="3" t="48" w="571" /><ent r="3" t="48" w="571" /><ent r="3" t="48" w="613" /><ent r="3" t="48" w="613" /><ent r="3" t="48" w="722" /><ent r="3" t="48" w="722" /><ent r="3" t="48" w="746" /><ent r="3" t="48" w="746" /><ent r="3" t="48" w="760" /><ent r="3" t="48" w="760" /><ent r="3" t="48" w="800" /><ent r="3" t="48" w="800" /><ent r="3" t="48" w="819" /><ent r="3" t="48" w="819" /><ent r="3" t="49" w="25" /><ent r="3" t="49" w="25" /><ent r="3" t="49" w="61" /><ent r="3" t="49" w="61" /><ent r="5" t="49" w="330" /><ent r="5" t="49" w="330" /><ent r="4" t="49" w="408" /><ent r="4" t="49" w="408" /><ent r="4" t="49" w="439" /><ent r="4" t="49" w="439" /><ent r="4" t="49" w="470" /><ent r="4" t="49" w="470" /><ent r="4" t="49" w="477" /><ent r="4" t="49" w="477" /><ent r="82" t="49" w="505" /><ent r="82" t="49" w="505" /><ent r="3" t="50" w="43" /><ent r="3" t="50" w="43" /><ent r="6" t="50" w="163" /><ent r="6" t="50" w="163" /><ent r="6" t="50" w="235" /><ent r="6" t="50" w="235" /><ent r="6" t="50" w="280" /><ent r="6" t="50" w="280" /><ent r="6" t="50" w="326" /><ent r="6" t="50" w="326" /><ent r="6" t="50" w="331" /><ent r="6" t="50" w="331" /><ent r="7" t="50" w="337" /><ent r="7" t="50" w="337" /><ent r="8" t="50" w="358" /><ent r="8" t="50" w="358" /><ent r="7" t="50" w="409" /><ent r="7" t="50" w="409" /><ent r="7" t="50" w="466" /><ent r="7" t="50" w="466" /><ent r="6" t="50" w="535" /><ent r="6" t="50" w="535" /><ent r="6" t="50" w="540" /><ent r="6" t="50" w="540" /><ent r="6" t="50" w="545" /><ent r="6" t="50" w="545" /><ent r="100" t="51" w="13" /><ent r="100" t="51" w="13" /><ent r="3" t="51" w="79" /><ent r="3" t="51" w="79" /><ent r="6" t="51" w="198" /><ent r="6" t="51" w="198" /><ent r="6" t="51" w="240" /><ent r="6" t="51" w="240" /><ent r="6" t="51" w="279" /><ent r="6" t="51" w="279" /><ent r="7" t="51" w="285" /><ent r="7" t="51" w="285" /><ent r="8" t="51" w="307" /><ent r="8" t="51" w="307" /><ent r="6" t="51" w="438" /><ent r="6" t="51" w="438" /><ent r="7" t="51" w="455" /><ent r="7" t="51" w="455" /><ent r="8" t="51" w="520" /><ent r="8" t="51" w="520" /><ent r="6" t="51" w="561" /><ent r="6" t="51" w="561" /><ent r="6" t="51" w="566" /><ent r="6" t="51" w="566" /><ent r="6" t="51" w="571" /><ent r="6" t="51" w="571" /><ent r="8" t="51" w="624" /><ent r="8" t="51" w="624" /><ent r="3" t="51" w="728" /><ent r="3" t="51" w="728" /><ent r="3" t="51" w="783" /><ent r="3" t="51" w="783" /><ent r="3" t="51" w="864" /><ent r="3" t="51" w="864" /><ent r="4" t="51" w="872" /><ent r="4" t="51" w="872" /><ent r="4" t="51" w="911" /><ent r="4" t="51" w="911" /><ent r="4" t="51" w="924" /><ent r="4" t="51" w="924" /><ent r="5" t="51" w="954" /><ent r="5" t="51" w="954" /><ent r="5" t="51" w="1194" /><ent r="5" t="51" w="1194" /><ent r="3" t="52" w="25" /><ent r="3" t="52" w="25" /><ent r="3" t="52" w="61" /><ent r="3" t="52" w="61" /><ent r="3" t="52" w="87" /><ent r="3" t="52" w="87" /><ent r="3" t="52" w="109" /><ent r="3" t="52" w="109" /><ent r="3" t="52" w="204" /><ent r="3" t="52" w="204" /><ent r="1000" t="53" w="1" /><ent r="1000" t="53" w="1" /><ent r="100" t="53" w="6" /><ent r="100" t="53" w="6" /><ent r="100" t="53" w="30" /><ent r="102" t="53" w="34" /><ent r="102" t="53" w="34" /><ent r="3" t="53" w="46" /><ent r="3" t="53" w="46" /><ent r="3" t="53" w="82" /><ent r="3" t="53" w="82" /><ent r="3" t="53" w="106" /><ent r="3" t="53" w="106" /><ent r="3" t="53" w="122" /><ent r="3" t="53" w="122" /><ent r="3" t="53" w="166" /><ent r="3" t="53" w="166" /><ent r="3" t="53" w="194" /><ent r="3" t="53" w="194" /><ent r="3" t="53" w="242" /><ent r="3" t="53" w="242" /><ent r="3" t="53" w="305" /><ent r="3" t="53" w="305" /><ent r="64" t="53" w="312" /><ent r="64" t="53" w="312" /><ent r="3" t="53" w="374" /><ent r="3" t="53" w="374" /><ent r="3" t="53" w="384" /><ent r="3" t="53" w="384" /><ent r="3" t="53" w="405" /><ent r="3" t="53" w="405" /><ent r="4" t="53" w="411" /><ent r="4" t="53" w="411" /><ent r="3" t="53" w="417" /><ent r="3" t="53" w="417" /><ent r="3" t="53" w="421" /><ent r="3" t="53" w="421" /><ent r="3" t="53" w="426" /><ent r="3" t="53" w="426" /><ent r="1000" t="54" w="1" /><ent r="1000" t="54" w="1" /><ent r="100" t="54" w="35" /><ent r="100" t="54" w="38" /><ent r="100" t="54" w="41" /><ent r="100" t="54" w="41" /><ent r="102" t="54" w="48" /><ent r="102" t="54" w="48" /><ent r="100" t="54" w="61" /><ent r="100" t="54" w="65" /><ent r="64" t="54" w="88" /><ent r="64" t="54" w="88" /><ent r="3" t="54" w="121" /><ent r="3" t="54" w="121" /><ent r="3" t="54" w="290" /><ent r="3" t="54" w="290" /><ent r="3" t="54" w="293" /><ent r="3" t="54" w="293" /><ent r="3" t="54" w="308" /><ent r="3" t="54" w="308" /><ent r="3" t="54" w="421" /><ent r="3" t="54" w="421" /><ent r="5" t="54" w="485" /><ent r="5" t="54" w="485" /><ent r="3" t="54" w="496" /><ent r="3" t="54" w="496" /><ent r="3" t="54" w="520" /><ent r="3" t="54" w="520" /><ent r="3" t="54" w="525" /><ent r="3" t="54" w="525" /><ent r="3" t="54" w="530" /><ent r="3" t="54" w="530" /><ent r="3" t="55" w="39" /><ent r="3" t="55" w="39" /><ent r="3" t="55" w="75" /><ent r="3" t="55" w="75" /><ent r="4" t="55" w="154" /><ent r="4" t="55" w="154" /><ent r="7" t="55" w="1413" /><ent r="7" t="55" w="1413" /><ent r="6" t="55" w="1526" /><ent r="6" t="55" w="1526" /><ent r="3" t="56" w="72" /><ent r="3" t="56" w="72" /><ent r="3" t="56" w="114" /><ent r="3" t="56" w="114" /><ent r="3" t="56" w="177" /><ent r="3" t="56" w="177" /><ent r="3" t="56" w="198" /><ent r="3" t="56" w="198" /><ent r="3" t="56" w="270" /><ent r="3" t="56" w="270" /><ent r="4" t="57" w="87" /><ent r="4" t="57" w="87" /><ent r="5" t="58" w="146" /><ent r="5" t="58" w="146" /><ent r="4" t="58" w="163" /><ent r="4" t="58" w="163" /><ent r="5" t="58" w="175" /><ent r="5" t="58" w="175" /><ent r="7" t="58" w="321" /><ent r="7" t="58" w="321" /><ent r="7" t="58" w="326" /><ent r="7" t="58" w="326" /><ent r="6" t="58" w="397" /><ent r="6" t="58" w="397" /><ent r="67" t="58" w="403" /><ent r="67" t="58" w="403" /><ent r="6" t="58" w="461" /><ent r="6" t="58" w="461" /><ent r="4" t="59" w="84" /><ent r="4" t="59" w="84" /><ent r="4" t="59" w="117" /><ent r="4" t="59" w="117" /><ent r="7" t="59" w="190" /><ent r="7" t="59" w="190" /><ent r="3" t="60" w="28" /><ent r="3" t="60" w="28" /><ent r="3" t="60" w="64" /><ent r="3" t="60" w="64" /><ent r="3" t="60" w="198" /><ent r="3" t="60" w="198" /><ent r="3" t="60" w="202" /><ent r="3" t="60" w="202" /><ent r="3" t="60" w="262" /><ent r="3" t="60" w="262" /><ent r="7" t="69" w="149" /><ent r="7" t="69" w="149" /></phr><phr n="federated"><ent r="100" t="19" w="14" /><ent r="100" t="19" w="14" /><ent r="100" t="20" w="23" /><ent r="100" t="20" w="23" /><ent r="100" t="20" w="29" /><ent r="100" t="20" w="29" /><ent r="100" t="21" w="28" /><ent r="100" t="21" w="28" /><ent r="100" t="21" w="34" /><ent r="100" t="21" w="34" /><ent r="3" t="21" w="54" /><ent r="3" t="21" w="54" /><ent r="6" t="21" w="310" /><ent r="6" t="21" w="310" /><ent r="100" t="22" w="28" /><ent r="100" t="22" w="28" /><ent r="100" t="22" w="34" /><ent r="100" t="22" w="34" /><ent r="4" t="24" w="426" /><ent r="4" t="24" w="426" /><ent r="3" t="24" w="825" /><ent r="3" t="24" w="825" /><ent r="5" t="25" w="83" /><ent r="5" t="25" w="83" /><ent r="6" t="25" w="135" /><ent r="6" t="25" w="135" /><ent r="6" t="25" w="453" /><ent r="6" t="25" w="453" /><ent r="3" t="25" w="684" /><ent r="3" t="25" w="684" /><ent r="4" t="25" w="898" /><ent r="4" t="25" w="898" /><ent r="3" t="48" w="429" /><ent r="3" t="48" w="578" /><ent r="3" t="48" w="578" /><ent r="64" t="48" w="585" /><ent r="64" t="48" w="585" /><ent r="64" t="48" w="589" /><ent r="64" t="48" w="589" /><ent r="4" t="49" w="140" /><ent r="4" t="49" w="214" /><ent r="4" t="49" w="602" /><ent r="4" t="49" w="602" /><ent r="6" t="50" w="404" /><ent r="6" t="50" w="404" /><ent r="7" t="50" w="425" /><ent r="7" t="50" w="425" /><ent r="6" t="50" w="522" /><ent r="6" t="50" w="522" /><ent r="6" t="50" w="524" /><ent r="6" t="50" w="524" /><ent r="6" t="51" w="408" /><ent r="6" t="51" w="408" /><ent r="6" t="51" w="548" /><ent r="6" t="51" w="548" /><ent r="6" t="51" w="550" /><ent r="6" t="51" w="550" /><ent r="7" t="51" w="595" /><ent r="7" t="51" w="595" /><ent r="4" t="51" w="1025" /><ent r="4" t="51" w="1025" /><ent r="4" t="51" w="1045" /><ent r="4" t="51" w="1045" /><ent r="4" t="51" w="1159" /><ent r="4" t="51" w="1159" /><ent r="4" t="51" w="1226" /><ent r="4" t="51" w="1226" /><ent r="100" t="53" w="11" /><ent r="100" t="53" w="11" /><ent r="100" t="53" w="16" /><ent r="100" t="53" w="16" /><ent r="100" t="53" w="21" /><ent r="100" t="53" w="21" /><ent r="100" t="53" w="26" /><ent r="100" t="53" w="26" /><ent r="3" t="53" w="285" /><ent r="3" t="53" w="285" /><ent r="100" t="54" w="9" /><ent r="100" t="54" w="9" /><ent r="100" t="54" w="16" /><ent r="100" t="54" w="16" /><ent r="100" t="54" w="23" /><ent r="100" t="54" w="23" /><ent r="100" t="54" w="69" /><ent r="100" t="54" w="69" /><ent r="3" t="54" w="78" /><ent r="3" t="54" w="78" /><ent r="3" t="54" w="113" /><ent r="3" t="54" w="113" /><ent r="3" t="54" w="125" /><ent r="3" t="54" w="125" /><ent r="4" t="54" w="162" /><ent r="4" t="54" w="162" /><ent r="3" t="54" w="269" /><ent r="3" t="54" w="269" /><ent r="3" t="54" w="299" /><ent r="3" t="54" w="299" /><ent r="3" t="54" w="313" /><ent r="3" t="54" w="313" /><ent r="4" t="55" w="137" /><ent r="4" t="55" w="137" /><ent r="3" t="55" w="311" /><ent r="3" t="55" w="311" /><ent r="4" t="55" w="1497" /><ent r="4" t="55" w="1497" /><ent r="5" t="55" w="1515" /><ent r="5" t="55" w="1515" /><ent r="4" t="55" w="1611" /><ent r="4" t="55" w="1611" /><ent r="4" t="55" w="1632" /><ent r="4" t="55" w="1632" /><ent r="3" t="55" w="1698" /><ent r="3" t="55" w="1698" /><ent r="5" t="58" w="138" /><ent r="5" t="58" w="138" /><ent r="7" t="58" w="295" /><ent r="7" t="58" w="295" /><ent r="7" t="58" w="299" /><ent r="7" t="58" w="299" /><ent r="7" t="58" w="317" /><ent r="7" t="58" w="317" /><ent r="7" t="58" w="351" /><ent r="7" t="58" w="351" /></phr><phr n="WS-Federation"><ent r="4" t="19" w="176" /><ent r="4" t="19" w="176" /><ent r="65" t="19" w="194" /><ent r="1000" t="21" w="6" /><ent r="100" t="21" w="9" /><ent r="100" t="21" w="9" /><ent r="100" t="21" w="24" /><ent r="100" t="21" w="24" /><ent r="102" t="21" w="47" /><ent r="3" t="21" w="57" /><ent r="3" t="21" w="57" /><ent r="64" t="21" w="72" /><ent r="64" t="21" w="72" /><ent r="3" t="21" w="97" /><ent r="3" t="21" w="97" /><ent r="5" t="21" w="143" /><ent r="5" t="21" w="143" /><ent r="5" t="21" w="279" /><ent r="5" t="21" w="279" /><ent r="6" t="21" w="295" /><ent r="6" t="21" w="295" /><ent r="3" t="21" w="462" /><ent r="3" t="21" w="462" /><ent r="5" t="21" w="484" /><ent r="5" t="21" w="484" /><ent r="64" t="23" w="205" /><ent r="1000" t="25" w="2" /><ent r="1000" t="25" w="2" /><ent r="100" t="25" w="8" /><ent r="100" t="25" w="8" /><ent r="100" t="25" w="14" /><ent r="100" t="25" w="14" /><ent r="100" t="25" w="22" /><ent r="100" t="25" w="22" /><ent r="102" t="25" w="28" /><ent r="102" t="25" w="28" /><ent r="3" t="25" w="43" /><ent r="3" t="25" w="43" /><ent r="5" t="25" w="81" /><ent r="5" t="25" w="81" /><ent r="5" t="25" w="117" /><ent r="5" t="25" w="117" /><ent r="6" t="25" w="142" /><ent r="6" t="25" w="142" /><ent r="5" t="25" w="259" /><ent r="5" t="25" w="259" /><ent r="5" t="25" w="265" /><ent r="5" t="25" w="265" /><ent r="6" t="25" w="303" /><ent r="6" t="25" w="303" /><ent r="6" t="25" w="313" /><ent r="6" t="25" w="313" /><ent r="6" t="25" w="380" /><ent r="6" t="25" w="380" /><ent r="6" t="25" w="400" /><ent r="6" t="25" w="400" /><ent r="6" t="25" w="460" /><ent r="6" t="25" w="460" /><ent r="6" t="25" w="468" /><ent r="6" t="25" w="468" /><ent r="6" t="25" w="483" /><ent r="6" t="25" w="483" /><ent r="6" t="25" w="611" /><ent r="6" t="25" w="611" /><ent r="64" t="25" w="632" /><ent r="64" t="25" w="632" /><ent r="64" t="25" w="640" /><ent r="64" t="25" w="640" /><ent r="64" t="25" w="658" /><ent r="64" t="25" w="658" /><ent r="100" t="25" w="665" /><ent r="100" t="25" w="665" /><ent r="82" t="25" w="675" /><ent r="82" t="25" w="675" /><ent r="3" t="25" w="703" /><ent r="3" t="25" w="703" /><ent r="64" t="25" w="720" /><ent r="100" t="25" w="725" /><ent r="100" t="25" w="725" /><ent r="82" t="25" w="734" /><ent r="82" t="25" w="734" /><ent r="100" t="25" w="800" /><ent r="100" t="25" w="800" /><ent r="5" t="25" w="865" /><ent r="5" t="25" w="865" /><ent r="100" t="25" w="904" /><ent r="100" t="25" w="904" /><ent r="82" t="25" w="914" /><ent r="82" t="25" w="914" /><ent r="3" t="25" w="922" /><ent r="3" t="25" w="922" /><ent r="5" t="49" w="340" /><ent r="5" t="49" w="340" /></phr><phr n="Federation"><ent r="4" t="19" w="177" /><ent r="65" t="19" w="195" /><ent r="1000" t="21" w="7" /><ent r="100" t="21" w="10" /><ent r="100" t="21" w="25" /><ent r="102" t="21" w="48" /><ent r="3" t="21" w="58" /><ent r="64" t="21" w="73" /><ent r="3" t="21" w="98" /><ent r="5" t="21" w="144" /><ent r="5" t="21" w="280" /><ent r="6" t="21" w="296" /><ent r="3" t="21" w="463" /><ent r="5" t="21" w="485" /><ent r="64" t="23" w="206" /><ent r="1000" t="25" w="3" /><ent r="100" t="25" w="9" /><ent r="100" t="25" w="15" /><ent r="100" t="25" w="23" /><ent r="102" t="25" w="29" /><ent r="3" t="25" w="44" /><ent r="5" t="25" w="82" /><ent r="5" t="25" w="118" /><ent r="6" t="25" w="143" /><ent r="5" t="25" w="260" /><ent r="5" t="25" w="266" /><ent r="6" t="25" w="304" /><ent r="6" t="25" w="314" /><ent r="6" t="25" w="381" /><ent r="6" t="25" w="401" /><ent r="6" t="25" w="461" /><ent r="6" t="25" w="469" /><ent r="6" t="25" w="484" /><ent r="6" t="25" w="612" /><ent r="64" t="25" w="633" /><ent r="64" t="25" w="641" /><ent r="64" t="25" w="659" /><ent r="100" t="25" w="666" /><ent r="82" t="25" w="676" /><ent r="3" t="25" w="704" /><ent r="64" t="25" w="721" /><ent r="100" t="25" w="726" /><ent r="82" t="25" w="735" /><ent r="100" t="25" w="801" /><ent r="5" t="25" w="866" /><ent r="100" t="25" w="905" /><ent r="82" t="25" w="915" /><ent r="3" t="25" w="923" /><ent r="5" t="49" w="341" /><ent r="5" t="49" w="348" /><ent r="5" t="49" w="348" /></phr><phr n="federatedmachinename"><ent r="8" t="59" w="205" /></phr><phr n="Federal"><ent r="6" t="61" w="74" /><ent r="6" t="61" w="74" /></phr></stem><stem n="eder"><phr n="federation"><ent r="4" t="1" w="559" /></phr><phr n="Federated"><ent r="100" t="9" w="9" /><ent r="100" t="9" w="9" /><ent r="65" t="9" w="287" /><ent r="65" t="9" w="287" /><ent r="8" t="10" w="171" /><ent r="65" t="11" w="100" /><ent r="65" t="11" w="100" /><ent r="3" t="17" w="223" /><ent r="3" t="17" w="223" /><ent r="1000" t="19" w="1" /><ent r="1000" t="19" w="1" /><ent r="100" t="19" w="5" /><ent r="100" t="19" w="5" /><ent r="102" t="19" w="21" /><ent r="102" t="19" w="21" /><ent r="3" t="19" w="36" /><ent r="3" t="19" w="36" /><ent r="3" t="19" w="64" /><ent r="3" t="19" w="64" /><ent r="3" t="19" w="93" /><ent r="3" t="19" w="93" /><ent r="3" t="19" w="114" /><ent r="3" t="19" w="114" /><ent r="65" t="19" w="160" /><ent r="65" t="19" w="160" /><ent r="65" t="19" w="191" /><ent r="65" t="19" w="191" /><ent r="65" t="19" w="222" /><ent r="65" t="19" w="222" /><ent r="1000" t="20" w="3" /><ent r="1000" t="20" w="3" /><ent r="100" t="20" w="15" /><ent r="100" t="20" w="15" /><ent r="100" t="20" w="33" /><ent r="100" t="20" w="33" /><ent r="102" t="20" w="39" /><ent r="102" t="20" w="39" /><ent r="64" t="20" w="50" /><ent r="64" t="20" w="50" /><ent r="5" t="20" w="96" /><ent r="5" t="20" w="96" /><ent r="3" t="20" w="957" /><ent r="1000" t="21" w="3" /><ent r="1000" t="21" w="3" /><ent r="100" t="21" w="20" /><ent r="100" t="21" w="20" /><ent r="100" t="21" w="38" /><ent r="100" t="21" w="38" /><ent r="102" t="21" w="44" /><ent r="102" t="21" w="44" /><ent r="64" t="21" w="83" /><ent r="64" t="21" w="83" /><ent r="5" t="21" w="131" /><ent r="5" t="21" w="131" /><ent r="3" t="21" w="1158" /><ent r="1000" t="22" w="3" /><ent r="1000" t="22" w="3" /><ent r="100" t="22" w="20" /><ent r="100" t="22" w="20" /><ent r="100" t="22" w="38" /><ent r="100" t="22" w="38" /><ent r="102" t="22" w="44" /><ent r="102" t="22" w="44" /><ent r="64" t="22" w="55" /><ent r="64" t="22" w="55" /><ent r="5" t="22" w="103" /><ent r="5" t="22" w="103" /><ent r="6" t="22" w="307" /><ent r="6" t="22" w="307" /><ent r="6" t="22" w="346" /><ent r="6" t="22" w="346" /><ent r="3" t="22" w="1214" /><ent r="64" t="23" w="194" /><ent r="64" t="23" w="194" /><ent r="64" t="23" w="202" /><ent r="64" t="23" w="202" /><ent r="64" t="23" w="210" /><ent r="64" t="23" w="210" /><ent r="4" t="24" w="172" /><ent r="4" t="24" w="172" /><ent r="64" t="24" w="204" /><ent r="64" t="24" w="204" /><ent r="82" t="24" w="312" /><ent r="82" t="24" w="312" /><ent r="5" t="24" w="325" /><ent r="5" t="24" w="325" /><ent r="4" t="24" w="351" /><ent r="4" t="24" w="351" /><ent r="5" t="24" w="409" /><ent r="5" t="24" w="409" /><ent r="5" t="25" w="65" /><ent r="5" t="25" w="65" /><ent r="6" t="25" w="157" /><ent r="6" t="25" w="157" /><ent r="6" t="25" w="355" /><ent r="6" t="25" w="355" /><ent r="6" t="25" w="525" /><ent r="6" t="25" w="525" /><ent r="64" t="25" w="634" /><ent r="64" t="25" w="634" /><ent r="64" t="25" w="650" /><ent r="64" t="25" w="650" /><ent r="82" t="25" w="677" /><ent r="82" t="25" w="677" /><ent r="64" t="25" w="717" /><ent r="64" t="25" w="717" /><ent r="82" t="25" w="810" /><ent r="82" t="25" w="810" /><ent r="5" t="25" w="823" /><ent r="5" t="25" w="823" /><ent r="5" t="25" w="881" /><ent r="5" t="25" w="881" /><ent r="64" t="40" w="450" /><ent r="64" t="40" w="450" /><ent r="3" t="48" w="376" /><ent r="3" t="48" w="376" /><ent r="3" t="48" w="412" /><ent r="3" t="48" w="412" /><ent r="3" t="48" w="518" /><ent r="3" t="48" w="518" /><ent r="3" t="48" w="531" /><ent r="3" t="48" w="531" /><ent r="3" t="48" w="571" /><ent r="3" t="48" w="571" /><ent r="3" t="48" w="613" /><ent r="3" t="48" w="613" /><ent r="3" t="48" w="722" /><ent r="3" t="48" w="722" /><ent r="3" t="48" w="746" /><ent r="3" t="48" w="746" /><ent r="3" t="48" w="760" /><ent r="3" t="48" w="760" /><ent r="3" t="48" w="800" /><ent r="3" t="48" w="800" /><ent r="3" t="48" w="819" /><ent r="3" t="48" w="819" /><ent r="3" t="49" w="25" /><ent r="3" t="49" w="25" /><ent r="3" t="49" w="61" /><ent r="3" t="49" w="61" /><ent r="5" t="49" w="330" /><ent r="5" t="49" w="330" /><ent r="4" t="49" w="408" /><ent r="4" t="49" w="408" /><ent r="4" t="49" w="439" /><ent r="4" t="49" w="439" /><ent r="4" t="49" w="470" /><ent r="4" t="49" w="470" /><ent r="4" t="49" w="477" /><ent r="4" t="49" w="477" /><ent r="82" t="49" w="505" /><ent r="82" t="49" w="505" /><ent r="3" t="50" w="43" /><ent r="3" t="50" w="43" /><ent r="6" t="50" w="163" /><ent r="6" t="50" w="163" /><ent r="6" t="50" w="235" /><ent r="6" t="50" w="235" /><ent r="6" t="50" w="280" /><ent r="6" t="50" w="280" /><ent r="6" t="50" w="326" /><ent r="6" t="50" w="326" /><ent r="6" t="50" w="331" /><ent r="6" t="50" w="331" /><ent r="7" t="50" w="337" /><ent r="7" t="50" w="337" /><ent r="8" t="50" w="358" /><ent r="8" t="50" w="358" /><ent r="7" t="50" w="409" /><ent r="7" t="50" w="409" /><ent r="7" t="50" w="466" /><ent r="7" t="50" w="466" /><ent r="6" t="50" w="535" /><ent r="6" t="50" w="535" /><ent r="6" t="50" w="540" /><ent r="6" t="50" w="540" /><ent r="6" t="50" w="545" /><ent r="6" t="50" w="545" /><ent r="100" t="51" w="13" /><ent r="100" t="51" w="13" /><ent r="3" t="51" w="79" /><ent r="3" t="51" w="79" /><ent r="6" t="51" w="198" /><ent r="6" t="51" w="198" /><ent r="6" t="51" w="240" /><ent r="6" t="51" w="240" /><ent r="6" t="51" w="279" /><ent r="6" t="51" w="279" /><ent r="7" t="51" w="285" /><ent r="7" t="51" w="285" /><ent r="8" t="51" w="307" /><ent r="8" t="51" w="307" /><ent r="6" t="51" w="438" /><ent r="6" t="51" w="438" /><ent r="7" t="51" w="455" /><ent r="7" t="51" w="455" /><ent r="8" t="51" w="520" /><ent r="8" t="51" w="520" /><ent r="6" t="51" w="561" /><ent r="6" t="51" w="561" /><ent r="6" t="51" w="566" /><ent r="6" t="51" w="566" /><ent r="6" t="51" w="571" /><ent r="6" t="51" w="571" /><ent r="8" t="51" w="624" /><ent r="8" t="51" w="624" /><ent r="3" t="51" w="728" /><ent r="3" t="51" w="728" /><ent r="3" t="51" w="783" /><ent r="3" t="51" w="783" /><ent r="3" t="51" w="864" /><ent r="3" t="51" w="864" /><ent r="4" t="51" w="872" /><ent r="4" t="51" w="872" /><ent r="4" t="51" w="911" /><ent r="4" t="51" w="911" /><ent r="4" t="51" w="924" /><ent r="4" t="51" w="924" /><ent r="5" t="51" w="954" /><ent r="5" t="51" w="954" /><ent r="5" t="51" w="1194" /><ent r="5" t="51" w="1194" /><ent r="3" t="52" w="25" /><ent r="3" t="52" w="25" /><ent r="3" t="52" w="61" /><ent r="3" t="52" w="61" /><ent r="3" t="52" w="87" /><ent r="3" t="52" w="87" /><ent r="3" t="52" w="109" /><ent r="3" t="52" w="109" /><ent r="3" t="52" w="204" /><ent r="3" t="52" w="204" /><ent r="1000" t="53" w="1" /><ent r="1000" t="53" w="1" /><ent r="100" t="53" w="6" /><ent r="100" t="53" w="6" /><ent r="100" t="53" w="30" /><ent r="102" t="53" w="34" /><ent r="102" t="53" w="34" /><ent r="3" t="53" w="46" /><ent r="3" t="53" w="46" /><ent r="3" t="53" w="82" /><ent r="3" t="53" w="82" /><ent r="3" t="53" w="106" /><ent r="3" t="53" w="106" /><ent r="3" t="53" w="122" /><ent r="3" t="53" w="122" /><ent r="3" t="53" w="166" /><ent r="3" t="53" w="166" /><ent r="3" t="53" w="194" /><ent r="3" t="53" w="194" /><ent r="3" t="53" w="242" /><ent r="3" t="53" w="242" /><ent r="3" t="53" w="305" /><ent r="3" t="53" w="305" /><ent r="64" t="53" w="312" /><ent r="64" t="53" w="312" /><ent r="3" t="53" w="374" /><ent r="3" t="53" w="374" /><ent r="3" t="53" w="384" /><ent r="3" t="53" w="384" /><ent r="3" t="53" w="405" /><ent r="3" t="53" w="405" /><ent r="4" t="53" w="411" /><ent r="4" t="53" w="411" /><ent r="3" t="53" w="417" /><ent r="3" t="53" w="417" /><ent r="3" t="53" w="421" /><ent r="3" t="53" w="421" /><ent r="3" t="53" w="426" /><ent r="3" t="53" w="426" /><ent r="1000" t="54" w="1" /><ent r="1000" t="54" w="1" /><ent r="100" t="54" w="35" /><ent r="100" t="54" w="38" /><ent r="100" t="54" w="41" /><ent r="100" t="54" w="41" /><ent r="102" t="54" w="48" /><ent r="102" t="54" w="48" /><ent r="100" t="54" w="61" /><ent r="100" t="54" w="65" /><ent r="64" t="54" w="88" /><ent r="64" t="54" w="88" /><ent r="3" t="54" w="121" /><ent r="3" t="54" w="121" /><ent r="3" t="54" w="290" /><ent r="3" t="54" w="290" /><ent r="3" t="54" w="293" /><ent r="3" t="54" w="293" /><ent r="3" t="54" w="308" /><ent r="3" t="54" w="308" /><ent r="3" t="54" w="421" /><ent r="3" t="54" w="421" /><ent r="5" t="54" w="485" /><ent r="5" t="54" w="485" /><ent r="3" t="54" w="496" /><ent r="3" t="54" w="496" /><ent r="3" t="54" w="520" /><ent r="3" t="54" w="520" /><ent r="3" t="54" w="525" /><ent r="3" t="54" w="525" /><ent r="3" t="54" w="530" /><ent r="3" t="54" w="530" /><ent r="3" t="55" w="39" /><ent r="3" t="55" w="39" /><ent r="3" t="55" w="75" /><ent r="3" t="55" w="75" /><ent r="4" t="55" w="154" /><ent r="4" t="55" w="154" /><ent r="7" t="55" w="1413" /><ent r="7" t="55" w="1413" /><ent r="6" t="55" w="1526" /><ent r="6" t="55" w="1526" /><ent r="3" t="56" w="72" /><ent r="3" t="56" w="72" /><ent r="3" t="56" w="114" /><ent r="3" t="56" w="114" /><ent r="3" t="56" w="177" /><ent r="3" t="56" w="177" /><ent r="3" t="56" w="198" /><ent r="3" t="56" w="198" /><ent r="3" t="56" w="270" /><ent r="3" t="56" w="270" /><ent r="4" t="57" w="87" /><ent r="4" t="57" w="87" /><ent r="5" t="58" w="146" /><ent r="5" t="58" w="146" /><ent r="4" t="58" w="163" /><ent r="4" t="58" w="163" /><ent r="5" t="58" w="175" /><ent r="5" t="58" w="175" /><ent r="7" t="58" w="321" /><ent r="7" t="58" w="321" /><ent r="7" t="58" w="326" /><ent r="7" t="58" w="326" /><ent r="6" t="58" w="397" /><ent r="6" t="58" w="397" /><ent r="67" t="58" w="403" /><ent r="67" t="58" w="403" /><ent r="6" t="58" w="461" /><ent r="6" t="58" w="461" /><ent r="4" t="59" w="84" /><ent r="4" t="59" w="84" /><ent r="4" t="59" w="117" /><ent r="4" t="59" w="117" /><ent r="7" t="59" w="190" /><ent r="7" t="59" w="190" /><ent r="3" t="60" w="28" /><ent r="3" t="60" w="28" /><ent r="3" t="60" w="64" /><ent r="3" t="60" w="64" /><ent r="3" t="60" w="198" /><ent r="3" t="60" w="198" /><ent r="3" t="60" w="202" /><ent r="3" t="60" w="202" /><ent r="3" t="60" w="262" /><ent r="3" t="60" w="262" /><ent r="7" t="69" w="149" /><ent r="7" t="69" w="149" /></phr><phr n="federated"><ent r="100" t="19" w="14" /><ent r="100" t="19" w="14" /><ent r="100" t="20" w="23" /><ent r="100" t="20" w="23" /><ent r="100" t="20" w="29" /><ent r="100" t="20" w="29" /><ent r="100" t="21" w="28" /><ent r="100" t="21" w="28" /><ent r="100" t="21" w="34" /><ent r="100" t="21" w="34" /><ent r="3" t="21" w="54" /><ent r="3" t="21" w="54" /><ent r="6" t="21" w="310" /><ent r="6" t="21" w="310" /><ent r="100" t="22" w="28" /><ent r="100" t="22" w="28" /><ent r="100" t="22" w="34" /><ent r="100" t="22" w="34" /><ent r="4" t="24" w="426" /><ent r="4" t="24" w="426" /><ent r="3" t="24" w="825" /><ent r="3" t="24" w="825" /><ent r="5" t="25" w="83" /><ent r="5" t="25" w="83" /><ent r="6" t="25" w="135" /><ent r="6" t="25" w="135" /><ent r="6" t="25" w="453" /><ent r="6" t="25" w="453" /><ent r="3" t="25" w="684" /><ent r="3" t="25" w="684" /><ent r="4" t="25" w="898" /><ent r="4" t="25" w="898" /><ent r="3" t="48" w="429" /><ent r="3" t="48" w="578" /><ent r="3" t="48" w="578" /><ent r="64" t="48" w="585" /><ent r="64" t="48" w="585" /><ent r="64" t="48" w="589" /><ent r="64" t="48" w="589" /><ent r="4" t="49" w="140" /><ent r="4" t="49" w="214" /><ent r="4" t="49" w="602" /><ent r="4" t="49" w="602" /><ent r="6" t="50" w="404" /><ent r="6" t="50" w="404" /><ent r="7" t="50" w="425" /><ent r="7" t="50" w="425" /><ent r="6" t="50" w="522" /><ent r="6" t="50" w="522" /><ent r="6" t="50" w="524" /><ent r="6" t="50" w="524" /><ent r="6" t="51" w="408" /><ent r="6" t="51" w="408" /><ent r="6" t="51" w="548" /><ent r="6" t="51" w="548" /><ent r="6" t="51" w="550" /><ent r="6" t="51" w="550" /><ent r="7" t="51" w="595" /><ent r="7" t="51" w="595" /><ent r="4" t="51" w="1025" /><ent r="4" t="51" w="1025" /><ent r="4" t="51" w="1045" /><ent r="4" t="51" w="1045" /><ent r="4" t="51" w="1159" /><ent r="4" t="51" w="1159" /><ent r="4" t="51" w="1226" /><ent r="4" t="51" w="1226" /><ent r="100" t="53" w="11" /><ent r="100" t="53" w="11" /><ent r="100" t="53" w="16" /><ent r="100" t="53" w="16" /><ent r="100" t="53" w="21" /><ent r="100" t="53" w="21" /><ent r="100" t="53" w="26" /><ent r="100" t="53" w="26" /><ent r="3" t="53" w="285" /><ent r="3" t="53" w="285" /><ent r="100" t="54" w="9" /><ent r="100" t="54" w="9" /><ent r="100" t="54" w="16" /><ent r="100" t="54" w="16" /><ent r="100" t="54" w="23" /><ent r="100" t="54" w="23" /><ent r="100" t="54" w="69" /><ent r="100" t="54" w="69" /><ent r="3" t="54" w="78" /><ent r="3" t="54" w="78" /><ent r="3" t="54" w="113" /><ent r="3" t="54" w="113" /><ent r="3" t="54" w="125" /><ent r="3" t="54" w="125" /><ent r="4" t="54" w="162" /><ent r="4" t="54" w="162" /><ent r="3" t="54" w="269" /><ent r="3" t="54" w="269" /><ent r="3" t="54" w="299" /><ent r="3" t="54" w="299" /><ent r="3" t="54" w="313" /><ent r="3" t="54" w="313" /><ent r="4" t="55" w="137" /><ent r="4" t="55" w="137" /><ent r="3" t="55" w="311" /><ent r="3" t="55" w="311" /><ent r="4" t="55" w="1497" /><ent r="4" t="55" w="1497" /><ent r="5" t="55" w="1515" /><ent r="5" t="55" w="1515" /><ent r="4" t="55" w="1611" /><ent r="4" t="55" w="1611" /><ent r="4" t="55" w="1632" /><ent r="4" t="55" w="1632" /><ent r="3" t="55" w="1698" /><ent r="3" t="55" w="1698" /><ent r="5" t="58" w="138" /><ent r="5" t="58" w="138" /><ent r="7" t="58" w="295" /><ent r="7" t="58" w="295" /><ent r="7" t="58" w="299" /><ent r="7" t="58" w="299" /><ent r="7" t="58" w="317" /><ent r="7" t="58" w="317" /><ent r="7" t="58" w="351" /><ent r="7" t="58" w="351" /></phr><phr n="WS-Federation"><ent r="4" t="19" w="176" /><ent r="4" t="19" w="176" /><ent r="65" t="19" w="194" /><ent r="1000" t="21" w="6" /><ent r="100" t="21" w="9" /><ent r="100" t="21" w="9" /><ent r="100" t="21" w="24" /><ent r="100" t="21" w="24" /><ent r="102" t="21" w="47" /><ent r="3" t="21" w="57" /><ent r="3" t="21" w="57" /><ent r="64" t="21" w="72" /><ent r="64" t="21" w="72" /><ent r="3" t="21" w="97" /><ent r="3" t="21" w="97" /><ent r="5" t="21" w="143" /><ent r="5" t="21" w="143" /><ent r="5" t="21" w="279" /><ent r="5" t="21" w="279" /><ent r="6" t="21" w="295" /><ent r="6" t="21" w="295" /><ent r="3" t="21" w="462" /><ent r="3" t="21" w="462" /><ent r="5" t="21" w="484" /><ent r="5" t="21" w="484" /><ent r="64" t="23" w="205" /><ent r="1000" t="25" w="2" /><ent r="1000" t="25" w="2" /><ent r="100" t="25" w="8" /><ent r="100" t="25" w="8" /><ent r="100" t="25" w="14" /><ent r="100" t="25" w="14" /><ent r="100" t="25" w="22" /><ent r="100" t="25" w="22" /><ent r="102" t="25" w="28" /><ent r="102" t="25" w="28" /><ent r="3" t="25" w="43" /><ent r="3" t="25" w="43" /><ent r="5" t="25" w="81" /><ent r="5" t="25" w="81" /><ent r="5" t="25" w="117" /><ent r="5" t="25" w="117" /><ent r="6" t="25" w="142" /><ent r="6" t="25" w="142" /><ent r="5" t="25" w="259" /><ent r="5" t="25" w="259" /><ent r="5" t="25" w="265" /><ent r="5" t="25" w="265" /><ent r="6" t="25" w="303" /><ent r="6" t="25" w="303" /><ent r="6" t="25" w="313" /><ent r="6" t="25" w="313" /><ent r="6" t="25" w="380" /><ent r="6" t="25" w="380" /><ent r="6" t="25" w="400" /><ent r="6" t="25" w="400" /><ent r="6" t="25" w="460" /><ent r="6" t="25" w="460" /><ent r="6" t="25" w="468" /><ent r="6" t="25" w="468" /><ent r="6" t="25" w="483" /><ent r="6" t="25" w="483" /><ent r="6" t="25" w="611" /><ent r="6" t="25" w="611" /><ent r="64" t="25" w="632" /><ent r="64" t="25" w="632" /><ent r="64" t="25" w="640" /><ent r="64" t="25" w="640" /><ent r="64" t="25" w="658" /><ent r="64" t="25" w="658" /><ent r="100" t="25" w="665" /><ent r="100" t="25" w="665" /><ent r="82" t="25" w="675" /><ent r="82" t="25" w="675" /><ent r="3" t="25" w="703" /><ent r="3" t="25" w="703" /><ent r="64" t="25" w="720" /><ent r="100" t="25" w="725" /><ent r="100" t="25" w="725" /><ent r="82" t="25" w="734" /><ent r="82" t="25" w="734" /><ent r="100" t="25" w="800" /><ent r="100" t="25" w="800" /><ent r="5" t="25" w="865" /><ent r="5" t="25" w="865" /><ent r="100" t="25" w="904" /><ent r="100" t="25" w="904" /><ent r="82" t="25" w="914" /><ent r="82" t="25" w="914" /><ent r="3" t="25" w="922" /><ent r="3" t="25" w="922" /><ent r="5" t="49" w="340" /><ent r="5" t="49" w="340" /></phr><phr n="Federation"><ent r="4" t="19" w="177" /><ent r="65" t="19" w="195" /><ent r="1000" t="21" w="7" /><ent r="100" t="21" w="10" /><ent r="100" t="21" w="25" /><ent r="102" t="21" w="48" /><ent r="3" t="21" w="58" /><ent r="64" t="21" w="73" /><ent r="3" t="21" w="98" /><ent r="5" t="21" w="144" /><ent r="5" t="21" w="280" /><ent r="6" t="21" w="296" /><ent r="3" t="21" w="463" /><ent r="5" t="21" w="485" /><ent r="64" t="23" w="206" /><ent r="1000" t="25" w="3" /><ent r="100" t="25" w="9" /><ent r="100" t="25" w="15" /><ent r="100" t="25" w="23" /><ent r="102" t="25" w="29" /><ent r="3" t="25" w="44" /><ent r="5" t="25" w="82" /><ent r="5" t="25" w="118" /><ent r="6" t="25" w="143" /><ent r="5" t="25" w="260" /><ent r="5" t="25" w="266" /><ent r="6" t="25" w="304" /><ent r="6" t="25" w="314" /><ent r="6" t="25" w="381" /><ent r="6" t="25" w="401" /><ent r="6" t="25" w="461" /><ent r="6" t="25" w="469" /><ent r="6" t="25" w="484" /><ent r="6" t="25" w="612" /><ent r="64" t="25" w="633" /><ent r="64" t="25" w="641" /><ent r="64" t="25" w="659" /><ent r="100" t="25" w="666" /><ent r="82" t="25" w="676" /><ent r="3" t="25" w="704" /><ent r="64" t="25" w="721" /><ent r="100" t="25" w="726" /><ent r="82" t="25" w="735" /><ent r="100" t="25" w="801" /><ent r="5" t="25" w="866" /><ent r="100" t="25" w="905" /><ent r="82" t="25" w="915" /><ent r="3" t="25" w="923" /><ent r="5" t="49" w="341" /><ent r="5" t="49" w="348" /><ent r="5" t="49" w="348" /></phr><phr n="federatedmachinename"><ent r="8" t="59" w="205" /></phr><phr n="Federal"><ent r="6" t="61" w="74" /><ent r="6" t="61" w="74" /></phr></stem></index>