﻿<?xml version="1.0" encoding="utf-8"?><index><stem n="figur"><phr n="Figure"><ent r="64" t="2" w="280" /></phr></stem><stem n="show"><phr n="shows"><ent r="3" t="2" w="283" /></phr><phr n="show"><ent r="7" t="10" w="157" /></phr></stem><stem n="browser"><phr n="browser"><ent r="3" t="2" w="285" /><ent r="4" t="69" w="116" /><ent r="3" t="69" w="193" /><ent r="4" t="69" w="246" /></phr></stem><stem n="displai"><phr n="displays"><ent r="3" t="2" w="288" /><ent r="6" t="2" w="489" /><ent r="9" t="17" w="1470" /><ent r="3" t="28" w="746" /><ent r="4" t="31" w="485" /><ent r="3" t="69" w="57" /><ent r="3" t="69" w="71" /></phr><phr n="Displays"><ent r="6" t="2" w="319" /><ent r="6" t="2" w="355" /><ent r="6" t="44" w="355" /></phr><phr n="display"><ent r="6" t="2" w="345" /><ent r="6" t="2" w="472" /><ent r="3" t="4" w="334" /><ent r="3" t="44" w="28" /><ent r="3" t="44" w="124" /><ent r="3" t="69" w="30" /></phr><phr n="displayed"><ent r="6" t="2" w="391" /><ent r="6" t="2" w="442" /><ent r="7" t="17" w="1114" /><ent r="7" t="17" w="1242" /><ent r="6" t="17" w="1568" /><ent r="6" t="17" w="1594" /><ent r="6" t="23" w="600" /><ent r="7" t="26" w="905" /><ent r="7" t="26" w="1033" /><ent r="6" t="26" w="1117" /><ent r="6" t="26" w="1143" /><ent r="3" t="34" w="304" /><ent r="4" t="41" w="1095" /><ent r="4" t="41" w="2147" /><ent r="4" t="44" w="218" /><ent r="4" t="54" w="1575" /><ent r="3" t="59" w="289" /><ent r="4" t="69" w="164" /><ent r="4" t="69" w="182" /><ent r="3" t="69" w="280" /><ent r="4" t="69" w="298" /></phr><phr n="Display"><ent r="6" t="4" w="326" /></phr></stem><stem n="tabl"><phr n="table"><ent r="3" t="2" w="299" /><ent r="6" t="2" w="321" /><ent r="6" t="2" w="474" /><ent r="3" t="4" w="205" /><ent r="3" t="10" w="40" /><ent r="4" t="17" w="2258" /><ent r="4" t="19" w="850" /><ent r="4" t="20" w="1052" /><ent r="4" t="21" w="1107" /><ent r="4" t="22" w="118" /><ent r="3" t="22" w="222" /><ent r="3" t="28" w="299" /><ent r="3" t="28" w="766" /><ent r="4" t="30" w="196" /><ent r="4" t="31" w="114" /><ent r="4" t="32" w="227" /><ent r="5" t="33" w="172" /><ent r="4" t="34" w="339" /><ent r="3" t="42" w="38" /><ent r="3" t="44" w="235" /><ent r="3" t="49" w="79" /><ent r="3" t="50" w="102" /><ent r="3" t="50" w="684" /><ent r="4" t="54" w="376" /><ent r="3" t="57" w="201" /><ent r="3" t="58" w="132" /></phr><phr n="Table"><ent r="7" t="2" w="315" /><ent r="65" t="12" w="313" /><ent r="92" t="28" w="259" /><ent r="64" t="41" w="1722" /></phr></stem><stem n="describ"><phr n="describes"><ent r="3" t="2" w="300" /><ent r="3" t="10" w="41" /><ent r="3" t="31" w="508" /><ent r="3" t="41" w="84" /></phr><phr n="described"><ent r="3" t="25" w="120" /><ent r="3" t="36" w="40" /><ent r="3" t="46" w="570" /><ent r="4" t="50" w="1069" /><ent r="4" t="50" w="1127" /><ent r="4" t="54" w="372" /></phr><phr n="describing"><ent r="4" t="53" w="347" /></phr></stem><stem n="element"><phr n="element"><ent r="3" t="2" w="302" /><ent r="7" t="28" w="321" /><ent r="7" t="28" w="328" /><ent r="7" t="28" w="337" /><ent r="4" t="28" w="1073" /><ent r="3" t="34" w="252" /><ent r="4" t="39" w="950" /><ent r="3" t="39" w="1078" /><ent r="3" t="39" w="1085" /><ent r="3" t="52" w="113" /><ent r="8" t="54" w="747" /><ent r="8" t="54" w="751" /><ent r="9" t="54" w="802" /><ent r="4" t="67" w="1012" /></phr><phr n="Element"><ent r="7" t="2" w="311" /><ent r="5" t="41" w="1174" /><ent r="5" t="41" w="1177" /><ent r="7" t="44" w="250" /></phr><phr n="elements"><ent r="4" t="28" w="1104" /><ent r="4" t="28" w="1185" /><ent r="3" t="39" w="695" /><ent r="3" t="47" w="105" /><ent r="3" t="51" w="166" /><ent r="3" t="52" w="252" /></phr></stem><stem n="descript"><phr n="Description"><ent r="7" t="2" w="313" /><ent r="7" t="4" w="220" /><ent r="7" t="10" w="51" /><ent r="7" t="17" w="457" /><ent r="7" t="17" w="1544" /><ent r="7" t="19" w="288" /><ent r="7" t="20" w="282" /><ent r="7" t="20" w="488" /><ent r="7" t="21" w="253" /><ent r="7" t="21" w="541" /><ent r="7" t="23" w="518" /><ent r="7" t="26" w="217" /><ent r="7" t="26" w="1096" /><ent r="7" t="28" w="308" /><ent r="7" t="32" w="258" /><ent r="7" t="44" w="252" /><ent r="7" t="54" w="412" /><ent r="7" t="54" w="1494" /><ent r="7" t="62" w="46" /><ent r="7" t="67" w="255" /></phr><phr n="description"><ent r="4" t="54" w="380" /></phr></stem><stem n="left"><phr n="left"><ent r="6" t="2" w="326" /><ent r="6" t="2" w="363" /><ent r="6" t="2" w="382" /><ent r="6" t="2" w="394" /><ent r="6" t="2" w="445" /><ent r="7" t="2" w="460" /><ent r="6" t="2" w="469" /><ent r="4" t="8" w="305" /><ent r="4" t="8" w="393" /><ent r="3" t="39" w="443" /><ent r="6" t="44" w="364" /><ent r="6" t="44" w="444" /><ent r="7" t="57" w="446" /></phr><phr n="Left"><ent r="6" t="44" w="254" /></phr></stem><stem n="panel"><phr n="panel"><ent r="6" t="2" w="327" /><ent r="6" t="2" w="351" /><ent r="6" t="2" w="364" /><ent r="6" t="2" w="383" /><ent r="6" t="2" w="395" /><ent r="6" t="2" w="407" /><ent r="6" t="2" w="446" /><ent r="6" t="2" w="458" /><ent r="7" t="2" w="461" /><ent r="6" t="2" w="470" /><ent r="7" t="2" w="484" /><ent r="6" t="2" w="488" /><ent r="6" t="44" w="255" /><ent r="6" t="44" w="287" /><ent r="6" t="44" w="353" /><ent r="6" t="44" w="365" /><ent r="6" t="44" w="397" /><ent r="6" t="44" w="445" /></phr></stem><stem n="icon"><phr n="icon"><ent r="6" t="2" w="331" /><ent r="6" t="2" w="343" /><ent r="3" t="6" w="117" /><ent r="4" t="8" w="291" /><ent r="4" t="8" w="379" /></phr></stem><stem n="open"><phr n="open"><ent r="6" t="2" w="333" /><ent r="6" t="17" w="623" /><ent r="6" t="17" w="828" /><ent r="6" t="26" w="385" /><ent r="6" t="26" w="619" /><ent r="3" t="39" w="488" /><ent r="3" t="45" w="208" /><ent r="67" t="54" w="611" /><ent r="69" t="54" w="1271" /></phr><phr n="Open"><ent r="4" t="7" w="583" /><ent r="4" t="7" w="671" /><ent r="4" t="22" w="77" /><ent r="5" t="26" w="1635" /><ent r="5" t="34" w="237" /><ent r="4" t="63" w="40" /><ent r="4" t="64" w="38" /><ent r="4" t="65" w="109" /><ent r="4" t="66" w="121" /><ent r="4" t="69" w="113" /><ent r="4" t="69" w="243" /></phr><phr n="opened"><ent r="4" t="44" w="227" /></phr></stem><stem n="close"><phr n="close"><ent r="6" t="2" w="335" /><ent r="4" t="6" w="196" /><ent r="4" t="17" w="2332" /><ent r="4" t="19" w="924" /><ent r="4" t="20" w="1126" /><ent r="4" t="21" w="1181" /><ent r="7" t="23" w="734" /><ent r="7" t="23" w="743" /><ent r="4" t="23" w="753" /><ent r="4" t="26" w="1747" /><ent r="4" t="30" w="226" /><ent r="4" t="66" w="301" /></phr><phr n="Close"><ent r="6" t="4" w="280" /><ent r="6" t="4" w="316" /><ent r="6" t="44" w="447" /><ent r="5" t="44" w="455" /><ent r="4" t="63" w="143" /><ent r="4" t="64" w="228" /><ent r="4" t="65" w="185" /></phr><phr n="closed"><ent r="3" t="7" w="581" /><ent r="6" t="17" w="659" /><ent r="6" t="26" w="421" /></phr><phr n="Closes"><ent r="6" t="44" w="449" /></phr><phr n="closes"><ent r="4" t="44" w="471" /></phr></stem><stem n="chapter"><phr n="chapter"><ent r="6" t="2" w="337" /></phr><phr n="Chapter"><ent r="5" t="10" w="385" /><ent r="3" t="17" w="341" /><ent r="6" t="17" w="943" /><ent r="6" t="26" w="734" /></phr></stem><stem n="section"><phr n="section"><ent r="6" t="2" w="339" /><ent r="3" t="26" w="1573" /></phr></stem><stem n="right"><phr n="right"><ent r="6" t="2" w="350" /><ent r="6" t="2" w="406" /><ent r="6" t="2" w="457" /><ent r="7" t="2" w="483" /><ent r="6" t="2" w="487" /><ent r="4" t="6" w="193" /><ent r="4" t="8" w="327" /><ent r="4" t="8" w="415" /><ent r="6" t="44" w="396" /><ent r="3" t="54" w="1653" /><ent r="3" t="61" w="88" /></phr><phr n="Right"><ent r="4" t="8" w="284" /><ent r="4" t="8" w="372" /><ent r="6" t="44" w="352" /></phr><phr n="rights"><ent r="3" t="47" w="71" /><ent r="3" t="61" w="43" /></phr></stem><stem n="list"><phr n="list"><ent r="6" t="2" w="357" /><ent r="6" t="2" w="368" /><ent r="3" t="4" w="141" /><ent r="4" t="8" w="322" /><ent r="4" t="8" w="410" /><ent r="3" t="10" w="23" /><ent r="4" t="10" w="369" /><ent r="3" t="14" w="90" /><ent r="6" t="17" w="1811" /><ent r="6" t="17" w="1849" /><ent r="7" t="17" w="1887" /><ent r="7" t="17" w="1906" /><ent r="7" t="17" w="1975" /><ent r="7" t="17" w="2001" /><ent r="7" t="17" w="2013" /><ent r="4" t="17" w="2214" /><ent r="3" t="17" w="2346" /><ent r="4" t="19" w="116" /><ent r="6" t="19" w="403" /><ent r="6" t="19" w="441" /><ent r="7" t="19" w="479" /><ent r="7" t="19" w="498" /><ent r="7" t="19" w="567" /><ent r="7" t="19" w="593" /><ent r="7" t="19" w="605" /><ent r="4" t="19" w="806" /><ent r="3" t="19" w="938" /><ent r="6" t="20" w="603" /><ent r="6" t="20" w="641" /><ent r="7" t="20" w="679" /><ent r="7" t="20" w="698" /><ent r="7" t="20" w="767" /><ent r="7" t="20" w="793" /><ent r="7" t="20" w="805" /><ent r="4" t="20" w="1008" /><ent r="3" t="20" w="1140" /><ent r="6" t="21" w="370" /><ent r="6" t="21" w="656" /><ent r="6" t="21" w="694" /><ent r="7" t="21" w="732" /><ent r="7" t="21" w="751" /><ent r="7" t="21" w="820" /><ent r="7" t="21" w="846" /><ent r="7" t="21" w="858" /><ent r="4" t="21" w="1063" /><ent r="3" t="21" w="1195" /><ent r="4" t="22" w="146" /><ent r="7" t="23" w="717" /><ent r="6" t="26" w="1310" /><ent r="6" t="26" w="1345" /><ent r="7" t="26" w="1383" /><ent r="7" t="26" w="1402" /><ent r="7" t="26" w="1471" /><ent r="7" t="26" w="1497" /><ent r="7" t="26" w="1509" /><ent r="4" t="26" w="1671" /><ent r="3" t="26" w="1761" /><ent r="4" t="31" w="128" /><ent r="7" t="32" w="443" /><ent r="4" t="34" w="186" /><ent r="4" t="35" w="65" /><ent r="4" t="43" w="57" /><ent r="6" t="44" w="439" /><ent r="6" t="54" w="1508" /><ent r="6" t="54" w="1524" /><ent r="6" t="54" w="1541" /></phr><phr n="List"><ent r="82" t="4" w="137" /><ent r="3" t="4" w="157" /><ent r="5" t="7" w="333" /><ent r="3" t="10" w="214" /><ent r="3" t="12" w="225" /><ent r="3" t="12" w="271" /><ent r="3" t="14" w="211" /><ent r="4" t="15" w="174" /><ent r="4" t="41" w="1041" /><ent r="3" t="41" w="1814" /><ent r="4" t="41" w="2103" /><ent r="6" t="57" w="253" /></phr><phr n="listed"><ent r="4" t="17" w="2234" /><ent r="4" t="19" w="826" /><ent r="4" t="20" w="1028" /><ent r="4" t="21" w="1083" /><ent r="3" t="29" w="61" /><ent r="4" t="30" w="188" /><ent r="4" t="31" w="106" /><ent r="4" t="32" w="219" /><ent r="4" t="33" w="154" /><ent r="4" t="63" w="107" /><ent r="4" t="64" w="97" /></phr><phr n="lists"><ent r="3" t="22" w="223" /><ent r="3" t="69" w="35" /></phr><phr n="Lists"><ent r="7" t="28" w="313" /><ent r="6" t="44" w="257" /></phr></stem><stem n="keyword"><phr n="keywords"><ent r="6" t="2" w="360" /><ent r="6" t="2" w="425" /><ent r="6" t="2" w="478" /></phr><phr n="keyword"><ent r="6" t="2" w="372" /><ent r="6" t="2" w="389" /></phr></stem><stem n="scroll"><phr n="Scroll"><ent r="6" t="2" w="365" /></phr></stem><stem n="locat"><phr n="locate"><ent r="6" t="2" w="370" /><ent r="9" t="17" w="1334" /></phr><phr n="location"><ent r="4" t="7" w="591" /><ent r="3" t="27" w="243" /><ent r="3" t="28" w="207" /><ent r="4" t="37" w="94" /><ent r="100" t="39" w="167" /><ent r="3" t="40" w="125" /></phr><phr n="Location"><ent r="64" t="39" w="151" /><ent r="92" t="39" w="170" /><ent r="8" t="42" w="88" /><ent r="8" t="42" w="91" /></phr><phr n="located"><ent r="3" t="45" w="114" /><ent r="4" t="64" w="115" /></phr><phr n="locations"><ent r="3" t="45" w="118" /><ent r="3" t="63" w="187" /><ent r="3" t="64" w="263" /></phr></stem><stem n="type"><phr n="type"><ent r="6" t="2" w="374" /><ent r="6" t="17" w="1589" /><ent r="3" t="17" w="2348" /><ent r="4" t="18" w="149" /><ent r="4" t="18" w="180" /><ent r="4" t="18" w="211" /><ent r="3" t="19" w="940" /><ent r="3" t="20" w="1142" /><ent r="6" t="21" w="373" /><ent r="3" t="21" w="1197" /><ent r="5" t="23" w="360" /><ent r="7" t="23" w="672" /><ent r="4" t="24" w="813" /><ent r="6" t="26" w="1138" /><ent r="3" t="26" w="1763" /><ent r="4" t="28" w="118" /><ent r="3" t="28" w="811" /><ent r="100" t="31" w="8" /><ent r="100" t="31" w="15" /><ent r="100" t="31" w="19" /><ent r="3" t="31" w="61" /><ent r="4" t="31" w="137" /><ent r="3" t="31" w="157" /><ent r="3" t="31" w="267" /><ent r="3" t="31" w="289" /><ent r="4" t="31" w="355" /><ent r="8" t="32" w="295" /><ent r="8" t="32" w="309" /><ent r="8" t="32" w="355" /><ent r="8" t="32" w="368" /><ent r="7" t="32" w="438" /><ent r="3" t="34" w="146" /><ent r="3" t="36" w="560" /><ent r="4" t="36" w="589" /><ent r="3" t="40" w="56" /><ent r="6" t="50" w="252" /><ent r="7" t="62" w="177" /></phr><phr n="types"><ent r="3" t="9" w="238" /><ent r="4" t="18" w="109" /><ent r="3" t="27" w="140" /><ent r="3" t="28" w="858" /><ent r="3" t="40" w="166" /><ent r="3" t="41" w="184" /><ent r="3" t="47" w="346" /><ent r="3" t="47" w="566" /><ent r="3" t="51" w="100" /></phr><phr n="Type"><ent r="8" t="10" w="138" /><ent r="7" t="10" w="140" /><ent r="6" t="21" w="364" /><ent r="4" t="22" w="134" /><ent r="8" t="28" w="496" /><ent r="68" t="28" w="559" /><ent r="4" t="28" w="644" /><ent r="1000" t="31" w="5" /><ent r="100" t="31" w="25" /><ent r="102" t="31" w="31" /><ent r="3" t="31" w="35" /><ent r="5" t="31" w="122" /><ent r="82" t="31" w="152" /><ent r="82" t="31" w="261" /><ent r="68" t="32" w="457" /><ent r="3" t="39" w="613" /><ent r="8" t="50" w="308" /><ent r="6" t="54" w="445" /><ent r="6" t="54" w="1510" /><ent r="7" t="54" w="1520" /></phr><phr n="typed"><ent r="6" t="17" w="1600" /><ent r="6" t="26" w="1149" /></phr></stem><stem n="box"><phr n="box"><ent r="6" t="2" w="379" /><ent r="5" t="7" w="377" /><ent r="7" t="17" w="513" /><ent r="7" t="17" w="585" /><ent r="6" t="17" w="641" /><ent r="6" t="17" w="748" /><ent r="6" t="17" w="855" /><ent r="6" t="17" w="879" /><ent r="6" t="17" w="965" /><ent r="6" t="17" w="1586" /><ent r="7" t="17" w="1685" /><ent r="4" t="17" w="2037" /><ent r="4" t="17" w="2059" /><ent r="3" t="17" w="2072" /><ent r="3" t="17" w="2128" /><ent r="3" t="17" w="2156" /><ent r="4" t="19" w="629" /><ent r="4" t="19" w="651" /><ent r="3" t="19" w="664" /><ent r="3" t="19" w="720" /><ent r="3" t="19" w="748" /><ent r="6" t="20" w="344" /><ent r="4" t="20" w="829" /><ent r="4" t="20" w="851" /><ent r="3" t="20" w="866" /><ent r="3" t="20" w="922" /><ent r="3" t="20" w="950" /><ent r="4" t="21" w="882" /><ent r="4" t="21" w="904" /><ent r="3" t="21" w="921" /><ent r="3" t="21" w="977" /><ent r="3" t="21" w="1005" /><ent r="7" t="23" w="619" /><ent r="7" t="23" w="653" /><ent r="7" t="23" w="727" /><ent r="7" t="26" w="274" /><ent r="7" t="26" w="347" /><ent r="6" t="26" w="403" /><ent r="6" t="26" w="526" /><ent r="6" t="26" w="646" /><ent r="6" t="26" w="670" /><ent r="6" t="26" w="756" /><ent r="6" t="26" w="1135" /><ent r="7" t="26" w="1234" /><ent r="3" t="26" w="1537" /><ent r="3" t="26" w="1565" /><ent r="4" t="26" w="1686" /><ent r="7" t="28" w="569" /><ent r="4" t="30" w="206" /><ent r="4" t="30" w="215" /><ent r="7" t="32" w="467" /><ent r="7" t="49" w="309" /><ent r="7" t="49" w="358" /><ent r="4" t="50" w="907" /><ent r="7" t="54" w="466" /><ent r="7" t="54" w="512" /><ent r="8" t="54" w="649" /><ent r="8" t="54" w="861" /><ent r="8" t="54" w="880" /><ent r="8" t="54" w="913" /><ent r="8" t="54" w="1294" /><ent r="8" t="54" w="1313" /><ent r="7" t="57" w="376" /></phr><phr n="boxes"><ent r="7" t="54" w="505" /><ent r="7" t="54" w="1382" /></phr></stem><stem n="titl"><phr n="title"><ent r="6" t="2" w="399" /><ent r="6" t="2" w="450" /></phr></stem><stem n="let"><phr n="Lets"><ent r="6" t="2" w="411" /></phr></stem><stem n="word"><phr n="word"><ent r="6" t="2" w="416" /><ent r="6" t="2" w="440" /></phr><phr n="words"><ent r="3" t="39" w="479" /><ent r="3" t="41" w="1501" /><ent r="3" t="47" w="424" /></phr></stem><stem n="entir"><phr n="entire"><ent r="6" t="2" w="419" /><ent r="5" t="12" w="172" /><ent r="3" t="20" w="66" /><ent r="3" t="28" w="656" /><ent r="4" t="65" w="178" /></phr><phr n="entirely"><ent r="3" t="3" w="234" /></phr></stem><stem n="just"><phr n="just"><ent r="6" t="2" w="423" /><ent r="6" t="44" w="319" /></phr></stem><stem n="go"><phr n="Go"><ent r="7" t="2" w="428" /></phr><phr n="go"><ent r="6" t="4" w="250" /></phr><phr n="going"><ent r="3" t="44" w="32" /></phr></stem><stem n="begin"><phr n="begin"><ent r="6" t="2" w="431" /></phr><phr n="beginning"><ent r="7" t="17" w="1932" /><ent r="7" t="19" w="524" /><ent r="7" t="20" w="724" /><ent r="7" t="21" w="777" /><ent r="7" t="26" w="1428" /><ent r="3" t="28" w="658" /><ent r="3" t="32" w="69" /></phr><phr n="begins"><ent r="8" t="23" w="710" /><ent r="5" t="26" w="1664" /><ent r="9" t="28" w="528" /><ent r="82" t="31" w="257" /><ent r="3" t="31" w="264" /><ent r="3" t="31" w="303" /><ent r="5" t="31" w="351" /><ent r="5" t="31" w="487" /><ent r="4" t="31" w="626" /><ent r="5" t="31" w="702" /><ent r="8" t="32" w="310" /><ent r="8" t="32" w="369" /><ent r="4" t="44" w="222" /></phr></stem><stem n="[left"><phr n="[left"><ent r="7" t="2" w="460" /></phr></stem><stem n="depend"><phr n="Depending"><ent r="6" t="2" w="463" /><ent r="3" t="28" w="639" /></phr><phr n="depending"><ent r="3" t="24" w="902" /><ent r="3" t="40" w="185" /><ent r="3" t="41" w="203" /><ent r="8" t="54" w="694" /><ent r="8" t="54" w="955" /><ent r="4" t="67" w="702" /></phr></stem><stem n="function"><phr n="function"><ent r="6" t="2" w="466" /><ent r="3" t="27" w="48" /></phr><phr n="functions"><ent r="3" t="3" w="99" /><ent r="3" t="4" w="80" /></phr><phr n="functionality"><ent r="4" t="6" w="42" /></phr><phr n="functional"><ent r="3" t="47" w="113" /></phr></stem><stem n="result"><phr n="results"><ent r="6" t="2" w="480" /><ent r="3" t="46" w="661" /><ent r="3" t="47" w="81" /><ent r="4" t="54" w="1573" /></phr><phr n="result"><ent r="5" t="31" w="670" /></phr><phr n="resulting"><ent r="3" t="47" w="221" /></phr><phr n="Results"><ent r="4" t="54" w="1580" /></phr></stem><stem n="etc"><phr n="etc"><ent r="6" t="2" w="481" /><ent r="7" t="10" w="122" /></phr></stem><stem n="[right"><phr n="[right"><ent r="7" t="2" w="483" /></phr></stem><stem n="&quot;identity&quot;"><phr n="&quot;identity&quot;"><ent r="3" t="3" w="21" /></phr></stem><stem n="both"><phr n="both"><ent r="3" t="3" w="22" /><ent r="3" t="3" w="40" /><ent r="3" t="9" w="346" /><ent r="3" t="9" w="364" /><ent r="3" t="27" w="39" /><ent r="3" t="36" w="525" /><ent r="3" t="37" w="271" /><ent r="3" t="40" w="200" /><ent r="7" t="42" w="122" /><ent r="7" t="42" w="233" /><ent r="3" t="50" w="1053" /><ent r="6" t="54" w="629" /><ent r="9" t="54" w="1176" /><ent r="4" t="56" w="107" /><ent r="3" t="67" w="652" /></phr><phr n="Both"><ent r="3" t="49" w="63" /><ent r="8" t="50" w="321" /><ent r="7" t="50" w="383" /><ent r="82" t="50" w="1044" /></phr></stem><stem n="group"><phr n="groups"><ent r="3" t="3" w="25" /><ent r="3" t="9" w="349" /><ent r="64" t="47" w="580" /><ent r="64" t="47" w="585" /><ent r="6" t="49" w="508" /><ent r="6" t="49" w="512" /><ent r="6" t="50" w="523" /><ent r="6" t="50" w="527" /><ent r="3" t="52" w="287" /><ent r="3" t="52" w="291" /><ent r="3" t="52" w="299" /><ent r="100" t="53" w="11" /><ent r="100" t="53" w="13" /><ent r="100" t="53" w="18" /><ent r="100" t="53" w="20" /><ent r="100" t="53" w="24" /><ent r="100" t="53" w="29" /><ent r="100" t="53" w="31" /><ent r="100" t="53" w="37" /><ent r="100" t="53" w="40" /><ent r="100" t="53" w="67" /><ent r="3" t="53" w="84" /><ent r="3" t="53" w="87" /><ent r="3" t="53" w="102" /><ent r="3" t="53" w="119" /><ent r="3" t="53" w="123" /><ent r="100" t="53" w="295" /><ent r="3" t="53" w="301" /><ent r="3" t="53" w="309" /><ent r="4" t="54" w="135" /><ent r="4" t="54" w="139" /><ent r="3" t="54" w="296" /><ent r="3" t="54" w="300" /><ent r="7" t="54" w="1389" /><ent r="4" t="54" w="1608" /><ent r="4" t="54" w="1612" /><ent r="3" t="54" w="1674" /><ent r="3" t="54" w="1678" /></phr><phr n="group"><ent r="3" t="16" w="43" /><ent r="3" t="18" w="87" /><ent r="7" t="50" w="561" /><ent r="7" t="50" w="601" /><ent r="4" t="50" w="973" /><ent r="100" t="53" w="78" /><ent r="3" t="53" w="322" /><ent r="3" t="53" w="426" /><ent r="3" t="53" w="451" /></phr><phr n="Group"><ent r="6" t="49" w="524" /><ent r="6" t="49" w="530" /><ent r="6" t="50" w="539" /><ent r="6" t="50" w="545" /><ent r="3" t="53" w="523" /><ent r="3" t="53" w="534" /><ent r="3" t="53" w="542" /><ent r="5" t="54" w="1436" /><ent r="3" t="54" w="1627" /></phr><phr n="Groups"><ent r="64" t="52" w="317" /><ent r="3" t="52" w="425" /><ent r="1000" t="53" w="6" /><ent r="100" t="53" w="50" /><ent r="102" t="53" w="57" /><ent r="3" t="53" w="298" /><ent r="3" t="53" w="317" /><ent r="3" t="53" w="506" /></phr></stem><stem n="&quot;user&quot;"><phr n="&quot;user&quot;"><ent r="3" t="3" w="29" /></phr></stem><stem n="repres"><phr n="represent"><ent r="3" t="3" w="30" /><ent r="3" t="9" w="354" /></phr><phr n="represents"><ent r="4" t="45" w="189" /></phr></stem><stem n="individu"><phr n="individual"><ent r="3" t="3" w="32" /><ent r="3" t="9" w="356" /><ent r="4" t="50" w="1164" /><ent r="3" t="54" w="1681" /></phr><phr n="Individual"><ent r="3" t="27" w="250" /><ent r="3" t="29" w="94" /><ent r="4" t="48" w="457" /><ent r="4" t="48" w="592" /><ent r="8" t="50" w="364" /><ent r="82" t="50" w="808" /><ent r="3" t="50" w="954" /><ent r="82" t="50" w="1048" /></phr></stem><stem n="human"><phr n="human"><ent r="3" t="3" w="33" /><ent r="3" t="9" w="357" /></phr></stem><stem n="machin"><phr n="machine"><ent r="3" t="3" w="35" /><ent r="3" t="3" w="457" /><ent r="3" t="7" w="485" /><ent r="4" t="7" w="705" /><ent r="4" t="7" w="764" /><ent r="3" t="8" w="270" /><ent r="3" t="9" w="359" /><ent r="3" t="17" w="129" /><ent r="3" t="19" w="187" /><ent r="3" t="20" w="206" /><ent r="3" t="21" w="177" /><ent r="8" t="23" w="534" /><ent r="3" t="39" w="188" /><ent r="3" t="39" w="237" /><ent r="3" t="39" w="269" /><ent r="6" t="46" w="172" /></phr><phr n="machines"><ent r="3" t="8" w="75" /><ent r="3" t="39" w="199" /></phr></stem><stem n="“service”"><phr n="“service”"><ent r="3" t="3" w="39" /><ent r="3" t="9" w="363" /><ent r="3" t="27" w="34" /><ent r="3" t="37" w="270" /><ent r="3" t="40" w="199" /></phr></stem><stem n="&quot;gateway&quot;"><phr n="&quot;Gateway&quot;"><ent r="3" t="3" w="50" /></phr></stem><stem n="-side"><phr n="-side"><ent r="3" t="3" w="67" /><ent r="3" t="3" w="67" /><ent r="3" t="3" w="102" /><ent r="3" t="3" w="102" /><ent r="4" t="17" w="2024" /><ent r="4" t="17" w="2024" /><ent r="4" t="19" w="616" /><ent r="4" t="19" w="616" /><ent r="4" t="20" w="816" /><ent r="4" t="20" w="816" /><ent r="4" t="21" w="869" /><ent r="4" t="21" w="869" /><ent r="4" t="26" w="1525" /><ent r="4" t="26" w="1525" /><ent r="3" t="39" w="104" /><ent r="3" t="39" w="104" /><ent r="3" t="47" w="500" /><ent r="3" t="47" w="500" /><ent r="3" t="47" w="681" /><ent r="3" t="47" w="681" /></phr><phr n="-Side"><ent r="82" t="48" w="96" /><ent r="82" t="48" w="96" /></phr></stem><stem n="client-sid"><phr n="client-side"><ent r="3" t="3" w="67" /><ent r="3" t="3" w="102" /><ent r="4" t="17" w="2024" /><ent r="4" t="19" w="616" /><ent r="4" t="20" w="816" /><ent r="4" t="21" w="869" /><ent r="4" t="26" w="1525" /><ent r="3" t="39" w="104" /></phr></stem><stem n="side"><phr n="side"><ent r="3" t="3" w="68" /><ent r="3" t="3" w="103" /><ent r="4" t="17" w="2025" /><ent r="4" t="19" w="617" /><ent r="4" t="20" w="817" /><ent r="4" t="21" w="870" /><ent r="4" t="26" w="1526" /><ent r="3" t="39" w="105" /><ent r="3" t="47" w="501" /><ent r="3" t="47" w="682" /></phr><phr n="sides"><ent r="7" t="42" w="123" /><ent r="7" t="42" w="234" /></phr><phr n="Side"><ent r="82" t="48" w="97" /></phr></stem><stem n="automat"><phr n="automatically"><ent r="3" t="3" w="71" /><ent r="3" t="3" w="130" /><ent r="3" t="3" w="193" /><ent r="4" t="5" w="176" /><ent r="3" t="8" w="266" /><ent r="3" t="12" w="228" /><ent r="3" t="13" w="101" /><ent r="4" t="13" w="243" /><ent r="3" t="13" w="279" /><ent r="3" t="14" w="97" /><ent r="3" t="16" w="94" /><ent r="7" t="17" w="1672" /><ent r="3" t="17" w="2313" /><ent r="3" t="17" w="2359" /><ent r="3" t="19" w="905" /><ent r="3" t="19" w="951" /><ent r="3" t="20" w="1107" /><ent r="3" t="20" w="1153" /><ent r="3" t="21" w="1162" /><ent r="3" t="21" w="1208" /><ent r="7" t="26" w="1221" /><ent r="3" t="26" w="1775" /><ent r="3" t="27" w="226" /><ent r="3" t="28" w="291" /><ent r="7" t="28" w="575" /><ent r="3" t="29" w="78" /><ent r="3" t="30" w="69" /><ent r="3" t="30" w="100" /><ent r="7" t="32" w="542" /><ent r="3" t="33" w="98" /><ent r="3" t="36" w="289" /><ent r="3" t="36" w="350" /><ent r="3" t="38" w="112" /><ent r="3" t="40" w="100" /><ent r="3" t="41" w="721" /><ent r="3" t="41" w="836" /><ent r="3" t="41" w="889" /><ent r="3" t="41" w="1740" /><ent r="3" t="41" w="1947" /><ent r="3" t="55" w="159" /></phr><phr n="automatic"><ent r="3" t="17" w="2287" /><ent r="3" t="19" w="879" /><ent r="3" t="20" w="1081" /><ent r="3" t="21" w="1136" /></phr><phr n="Automatically"><ent r="4" t="28" w="51" /></phr></stem><stem n="negoti"><phr n="negotiates"><ent r="3" t="3" w="72" /></phr><phr n="negotiate"><ent r="4" t="28" w="891" /><ent r="4" t="28" w="962" /></phr></stem><stem n="-specif"><phr n="-specific"><ent r="3" t="3" w="73" /><ent r="3" t="3" w="73" /><ent r="3" t="41" w="31" /><ent r="3" t="41" w="31" /></phr></stem><stem n="policy-specif"><phr n="policy-specific"><ent r="3" t="3" w="73" /></phr></stem><stem n="prefer"><phr n="preferences"><ent r="3" t="3" w="78" /></phr><phr n="preferred"><ent r="3" t="46" w="551" /></phr></stem><stem n="real"><phr n="real"><ent r="3" t="3" w="83" /><ent r="3" t="3" w="133" /></phr></stem><stem n="real-tim"><phr n="real-time"><ent r="3" t="3" w="83" /><ent r="3" t="3" w="133" /></phr></stem><stem n="time"><phr n="time"><ent r="3" t="3" w="84" /><ent r="3" t="3" w="134" /><ent r="4" t="5" w="180" /><ent r="3" t="10" w="232" /><ent r="3" t="41" w="507" /><ent r="3" t="41" w="893" /><ent r="6" t="46" w="168" /><ent r="7" t="62" w="148" /><ent r="100" t="65" w="11" /><ent r="100" t="65" w="15" /><ent r="3" t="65" w="33" /><ent r="3" t="65" w="59" /><ent r="3" t="65" w="72" /><ent r="3" t="65" w="105" /><ent r="4" t="65" w="170" /></phr><phr n="times"><ent r="3" t="7" w="60" /><ent r="3" t="8" w="60" /></phr><phr n="Time"><ent r="68" t="62" w="160" /><ent r="1000" t="65" w="4" /><ent r="100" t="65" w="19" /><ent r="102" t="65" w="26" /></phr></stem><stem n="-time."><phr n="-time."><ent r="3" t="3" w="85" /><ent r="3" t="3" w="85" /></phr></stem><stem n="send"><phr n="send"><ent r="3" t="3" w="87" /><ent r="4" t="5" w="216" /><ent r="3" t="9" w="157" /><ent r="6" t="17" w="754" /><ent r="6" t="26" w="532" /><ent r="4" t="28" w="923" /><ent r="3" t="36" w="210" /><ent r="3" t="36" w="290" /><ent r="3" t="36" w="501" /><ent r="3" t="37" w="246" /><ent r="3" t="39" w="289" /><ent r="3" t="39" w="330" /><ent r="3" t="39" w="498" /><ent r="3" t="41" w="522" /></phr><phr n="sending"><ent r="4" t="5" w="238" /><ent r="3" t="9" w="214" /><ent r="3" t="27" w="172" /><ent r="4" t="28" w="1020" /></phr><phr n="sends"><ent r="3" t="36" w="602" /><ent r="3" t="39" w="68" /><ent r="3" t="41" w="1363" /></phr><phr n="Send"><ent r="9" t="54" w="1087" /></phr></stem></index>