﻿<?xml version="1.0" encoding="utf-8"?><index PreMerged="false"><stem n="gatewai"><phr n="Gateway"><ent r="1" t="0" w="44" /><ent r="51" t="0" w="50" /><ent r="100" t="1" w="14" /><ent r="1" t="1" w="30" /><ent r="100" t="1" w="146" /><ent r="90" t="1" w="150" /><ent r="1" t="1" w="154" /><ent r="1" t="1" w="167" /><ent r="1" t="1" w="191" /><ent r="1" t="1" w="243" /><ent r="1" t="1" w="249" /><ent r="1" t="1" w="258" /><ent r="51" t="1" w="269" /><ent r="1" t="1" w="333" /><ent r="1" t="3" w="53" /><ent r="1" t="3" w="59" /><ent r="1" t="3" w="84" /><ent r="1" t="4" w="140" /><ent r="1" t="4" w="143" /><ent r="1" t="4" w="160" /><ent r="51" t="4" w="166" /><ent r="1" t="5" w="114" /><ent r="1" t="5" w="144" /><ent r="1" t="5" w="164" /><ent r="1" t="5" w="183" /><ent r="1" t="5" w="188" /><ent r="51" t="5" w="196" /><ent r="1" t="5" w="265" /><ent r="1" t="7" w="117" /><ent r="1" t="7" w="164" /><ent r="1" t="7" w="240" /><ent r="1" t="7" w="254" /><ent r="1" t="7" w="279" /><ent r="1" t="7" w="308" /><ent r="1" t="7" w="314" /><ent r="1" t="7" w="392" /><ent r="1" t="7" w="412" /><ent r="1" t="8" w="170" /><ent r="1000" t="9" w="3" /><ent r="100" t="9" w="7" /><ent r="100" t="9" w="15" /><ent r="100" t="9" w="20" /><ent r="100" t="9" w="25" /><ent r="1" t="9" w="53" /><ent r="1" t="9" w="71" /><ent r="1" t="9" w="89" /><ent r="1" t="9" w="109" /><ent r="1" t="9" w="119" /><ent r="1" t="9" w="197" /><ent r="1" t="9" w="215" /><ent r="1" t="9" w="227" /><ent r="51" t="9" w="240" /><ent r="1" t="9" w="246" /><ent r="51" t="9" w="258" /><ent r="1" t="9" w="264" /><ent r="1" t="9" w="298" /><ent r="1" t="9" w="305" /><ent r="1" t="9" w="317" /><ent r="51" t="9" w="322" /><ent r="1" t="9" w="360" /><ent r="1" t="9" w="366" /><ent r="1000" t="10" w="2" /><ent r="100" t="10" w="6" /><ent r="100" t="10" w="15" /><ent r="100" t="10" w="19" /><ent r="1" t="10" w="27" /><ent r="51" t="10" w="50" /><ent r="1" t="10" w="57" /><ent r="1" t="10" w="74" /><ent r="1" t="10" w="92" /><ent r="1" t="10" w="104" /><ent r="1" t="10" w="126" /><ent r="1" t="10" w="134" /><ent r="1" t="10" w="145" /><ent r="1" t="10" w="170" /><ent r="1" t="10" w="175" /><ent r="1" t="10" w="180" /><ent r="1" t="10" w="191" /><ent r="1" t="10" w="195" /><ent r="1" t="10" w="200" /><ent r="1" t="10" w="247" /><ent r="1000" t="11" w="3" /><ent r="100" t="11" w="6" /><ent r="100" t="11" w="12" /><ent r="100" t="11" w="17" /><ent r="51" t="11" w="28" /><ent r="1" t="11" w="42" /><ent r="1" t="11" w="71" /><ent r="51" t="11" w="91" /><ent r="51" t="11" w="97" /><ent r="1000" t="12" w="3" /><ent r="100" t="12" w="6" /><ent r="100" t="12" w="12" /><ent r="100" t="12" w="17" /><ent r="51" t="12" w="24" /><ent r="1" t="12" w="43" /><ent r="1" t="12" w="98" /><ent r="1" t="12" w="132" /><ent r="1" t="12" w="148" /><ent r="1" t="12" w="168" /><ent r="1" t="12" w="204" /><ent r="1" t="12" w="212" /><ent r="1" t="12" w="227" /><ent r="51" t="12" w="242" /><ent r="1" t="12" w="251" /><ent r="1" t="12" w="258" /><ent r="1" t="12" w="281" /><ent r="1" t="12" w="299" /><ent r="51" t="12" w="325" /><ent r="1" t="12" w="343" /><ent r="1" t="12" w="363" /><ent r="1000" t="13" w="4" /><ent r="100" t="13" w="7" /><ent r="100" t="13" w="15" /><ent r="100" t="13" w="22" /><ent r="100" t="13" w="28" /><ent r="100" t="13" w="34" /><ent r="51" t="13" w="46" /><ent r="1" t="13" w="58" /><ent r="1" t="13" w="79" /><ent r="1" t="13" w="87" /><ent r="1" t="13" w="115" /><ent r="1" t="13" w="126" /><ent r="1" t="13" w="141" /><ent r="1" t="13" w="154" /><ent r="1" t="13" w="186" /><ent r="1" t="13" w="244" /><ent r="1" t="13" w="246" /><ent r="1" t="13" w="256" /><ent r="1" t="13" w="278" /><ent r="1" t="13" w="280" /><ent r="1" t="13" w="314" /><ent r="1000" t="14" w="4" /><ent r="100" t="14" w="7" /><ent r="100" t="14" w="19" /><ent r="100" t="14" w="29" /><ent r="51" t="14" w="35" /><ent r="1" t="14" w="52" /><ent r="1" t="14" w="55" /><ent r="1" t="14" w="74" /><ent r="1" t="14" w="81" /><ent r="1" t="14" w="90" /><ent r="1" t="14" w="100" /><ent r="1" t="14" w="120" /><ent r="51" t="14" w="139" /><ent r="1" t="14" w="147" /><ent r="1" t="14" w="160" /><ent r="1" t="14" w="196" /><ent r="1000" t="15" w="7" /><ent r="100" t="15" w="10" /><ent r="100" t="15" w="20" /><ent r="100" t="15" w="32" /><ent r="1" t="15" w="39" /><ent r="1" t="15" w="57" /><ent r="1" t="15" w="81" /><ent r="1" t="15" w="87" /><ent r="1" t="15" w="105" /><ent r="1" t="15" w="113" /><ent r="51" t="15" w="125" /><ent r="51" t="15" w="155" /><ent r="51" t="15" w="169" /><ent r="1" t="15" w="180" /><ent r="1" t="15" w="191" /><ent r="51" t="15" w="198" /><ent r="1000" t="16" w="2" /><ent r="100" t="16" w="6" /><ent r="100" t="16" w="9" /><ent r="100" t="16" w="14" /><ent r="1" t="16" w="24" /><ent r="1" t="16" w="28" /><ent r="1" t="16" w="67" /><ent r="1" t="16" w="78" /><ent r="1" t="16" w="87" /><ent r="1" t="16" w="126" /><ent r="1" t="16" w="131" /><ent r="1" t="16" w="186" /><ent r="1" t="16" w="214" /><ent r="1" t="16" w="221" /><ent r="1000" t="17" w="4" /><ent r="100" t="17" w="8" /><ent r="100" t="17" w="18" /><ent r="100" t="17" w="21" /><ent r="100" t="17" w="28" /><ent r="100" t="17" w="34" /><ent r="51" t="17" w="43" /><ent r="1" t="17" w="49" /><ent r="1" t="17" w="63" /><ent r="51" t="17" w="71" /><ent r="1" t="17" w="80" /><ent r="1" t="17" w="96" /><ent r="51" t="17" w="100" /><ent r="1" t="17" w="126" /><ent r="1" t="17" w="135" /><ent r="1" t="17" w="167" /><ent r="1" t="17" w="182" /><ent r="51" t="17" w="434" /><ent r="1" t="17" w="446" /><ent r="1" t="17" w="465" /><ent r="1" t="17" w="538" /><ent r="1" t="17" w="770" /><ent r="1" t="17" w="886" /><ent r="1" t="17" w="1089" /><ent r="1" t="17" w="1261" /><ent r="1" t="17" w="1283" /><ent r="1" t="17" w="1295" /><ent r="1" t="17" w="1389" /><ent r="1" t="17" w="1399" /><ent r="51" t="17" w="1459" /><ent r="1" t="17" w="1471" /><ent r="51" t="17" w="1479" /><ent r="1" t="17" w="1485" /><ent r="1" t="17" w="1515" /><ent r="1" t="17" w="1629" /><ent r="1" t="17" w="1669" /><ent r="1" t="17" w="1671" /><ent r="1" t="17" w="1681" /><ent r="1" t="17" w="1695" /><ent r="1" t="17" w="1705" /><ent r="1" t="17" w="1733" /><ent r="1" t="17" w="2147" /><ent r="1" t="17" w="2251" /><ent r="1" t="17" w="2268" /><ent r="1" t="17" w="2291" /><ent r="1" t="17" w="2331" /><ent r="51" t="17" w="2336" /><ent r="1000" t="18" w="2" /><ent r="100" t="18" w="9" /><ent r="100" t="18" w="12" /><ent r="100" t="18" w="22" /><ent r="1" t="18" w="32" /><ent r="1" t="18" w="36" /><ent r="1" t="18" w="61" /><ent r="1" t="18" w="90" /><ent r="1" t="18" w="111" /><ent r="51" t="18" w="152" /><ent r="51" t="18" w="183" /><ent r="1" t="18" w="200" /><ent r="51" t="18" w="214" /><ent r="51" t="18" w="217" /><ent r="1" t="18" w="226" /><ent r="1000" t="19" w="4" /><ent r="1000" t="19" w="7" /><ent r="100" t="19" w="10" /><ent r="100" t="19" w="19" /><ent r="100" t="19" w="26" /><ent r="100" t="19" w="33" /><ent r="100" t="19" w="39" /><ent r="100" t="19" w="42" /><ent r="51" t="19" w="50" /><ent r="1" t="19" w="56" /><ent r="1" t="19" w="84" /><ent r="51" t="19" w="92" /><ent r="51" t="19" w="107" /><ent r="1" t="19" w="132" /><ent r="1" t="19" w="144" /><ent r="1" t="19" w="154" /><ent r="51" t="19" w="158" /><ent r="1" t="19" w="184" /><ent r="1" t="19" w="193" /><ent r="1" t="19" w="220" /><ent r="1" t="19" w="235" /><ent r="1" t="19" w="263" /><ent r="1" t="19" w="283" /><ent r="1" t="19" w="289" /><ent r="1" t="19" w="299" /><ent r="1" t="19" w="313" /><ent r="1" t="19" w="323" /><ent r="1" t="19" w="351" /><ent r="1" t="19" w="765" /><ent r="1" t="19" w="869" /><ent r="1" t="19" w="886" /><ent r="1" t="19" w="909" /><ent r="1" t="19" w="949" /><ent r="51" t="19" w="954" /><ent r="1000" t="20" w="4" /><ent r="100" t="20" w="15" /><ent r="100" t="20" w="31" /><ent r="100" t="20" w="38" /><ent r="100" t="20" w="44" /><ent r="51" t="20" w="83" /><ent r="1" t="20" w="92" /><ent r="1" t="20" w="119" /><ent r="51" t="20" w="127" /><ent r="1" t="20" w="151" /><ent r="1" t="20" w="163" /><ent r="1" t="20" w="173" /><ent r="51" t="20" w="177" /><ent r="1" t="20" w="203" /><ent r="1" t="20" w="212" /><ent r="1" t="20" w="239" /><ent r="1" t="20" w="254" /><ent r="1" t="20" w="491" /><ent r="1" t="20" w="501" /><ent r="1" t="20" w="515" /><ent r="1" t="20" w="525" /><ent r="1" t="20" w="553" /><ent r="1" t="20" w="969" /><ent r="1" t="20" w="1073" /><ent r="1" t="20" w="1090" /><ent r="1" t="20" w="1113" /><ent r="1" t="20" w="1155" /><ent r="51" t="20" w="1160" /><ent r="1000" t="21" w="4" /><ent r="100" t="21" w="15" /><ent r="100" t="21" w="31" /><ent r="100" t="21" w="38" /><ent r="100" t="21" w="44" /><ent r="51" t="21" w="55" /><ent r="1" t="21" w="64" /><ent r="1" t="21" w="91" /><ent r="51" t="21" w="99" /><ent r="1" t="21" w="122" /><ent r="1" t="21" w="134" /><ent r="1" t="21" w="144" /><ent r="51" t="21" w="148" /><ent r="1" t="21" w="174" /><ent r="1" t="21" w="183" /><ent r="1" t="21" w="210" /><ent r="1" t="21" w="225" /><ent r="1" t="21" w="305" /><ent r="1" t="21" w="344" /><ent r="1" t="21" w="473" /><ent r="1" t="21" w="542" /><ent r="1" t="21" w="552" /><ent r="1" t="21" w="566" /><ent r="1" t="21" w="576" /><ent r="1" t="21" w="604" /><ent r="1" t="21" w="1022" /><ent r="1" t="21" w="1126" /><ent r="1" t="21" w="1143" /><ent r="1" t="21" w="1166" /><ent r="1" t="21" w="1208" /><ent r="51" t="21" w="1213" /><ent r="1" t="22" w="37" /><ent r="1" t="22" w="67" /><ent r="1" t="22" w="80" /><ent r="51" t="22" w="92" /><ent r="1" t="22" w="105" /><ent r="1" t="22" w="183" /><ent r="51" t="22" w="190" /><ent r="51" t="22" w="196" /><ent r="51" t="22" w="199" /><ent r="51" t="22" w="204" /><ent r="51" t="22" w="212" /><ent r="1" t="23" w="124" /><ent r="1" t="23" w="137" /><ent r="1" t="23" w="156" /><ent r="51" t="23" w="190" /><ent r="51" t="23" w="204" /><ent r="90" t="23" w="222" /><ent r="90" t="23" w="416" /><ent r="51" t="23" w="429" /><ent r="1" t="23" w="455" /><ent r="51" t="23" w="484" /><ent r="1" t="23" w="493" /><ent r="1" t="23" w="507" /><ent r="51" t="23" w="519" /><ent r="1" t="23" w="591" /><ent r="1" t="24" w="35" /><ent r="51" t="24" w="62" /><ent r="1" t="24" w="138" /><ent r="51" t="24" w="220" /><ent r="1" t="24" w="228" /><ent r="51" t="24" w="378" /><ent r="1" t="24" w="405" /><ent r="1" t="24" w="446" /><ent r="51" t="24" w="587" /><ent r="90" t="24" w="630" /><ent r="51" t="24" w="665" /><ent r="1" t="25" w="35" /><ent r="51" t="25" w="137" /><ent r="1" t="26" w="47" /><ent r="1" t="26" w="61" /><ent r="1" t="26" w="79" /><ent r="51" t="26" w="184" /><ent r="1" t="26" w="656" /><ent r="1" t="26" w="859" /><ent r="1" t="26" w="1154" /><ent r="1" t="26" w="1194" /><ent r="1" t="26" w="1208" /><ent r="1" t="26" w="1686" /><ent r="1" t="26" w="1729" /><ent r="51" t="26" w="1734" /><ent r="1" t="27" w="69" /><ent r="1" t="27" w="106" /><ent r="1" t="27" w="116" /><ent r="100" t="27" w="201" /><ent r="51" t="27" w="205" /><ent r="1" t="27" w="219" /><ent r="1" t="27" w="258" /><ent r="1" t="27" w="287" /><ent r="1" t="27" w="303" /><ent r="100" t="28" w="19" /><ent r="1" t="28" w="54" /><ent r="1" t="28" w="190" /><ent r="100" t="28" w="209" /><ent r="1" t="28" w="225" /><ent r="1" t="28" w="232" /><ent r="1" t="28" w="265" /><ent r="1" t="28" w="268" /><ent r="1" t="28" w="450" /><ent r="1" t="28" w="569" /><ent r="100" t="28" w="715" /><ent r="1" t="28" w="869" /><ent r="1" t="28" w="935" /><ent r="1" t="28" w="952" /><ent r="1" t="28" w="987" /><ent r="1" t="28" w="1110" /><ent r="1" t="28" w="1167" /><ent r="1" t="29" w="47" /><ent r="1" t="29" w="80" /><ent r="1" t="29" w="114" /><ent r="1" t="30" w="74" /><ent r="1" t="30" w="150" /><ent r="1" t="30" w="159" /><ent r="1" t="31" w="75" /><ent r="1" t="31" w="84" /><ent r="1" t="31" w="230" /><ent r="1" t="31" w="325" /><ent r="1" t="31" w="659" /><ent r="1" t="32" w="137" /><ent r="1" t="32" w="181" /><ent r="1" t="32" w="190" /><ent r="1" t="32" w="380" /><ent r="1" t="32" w="391" /><ent r="1" t="32" w="480" /><ent r="1" t="32" w="491" /><ent r="1" t="33" w="112" /><ent r="1" t="33" w="121" /><ent r="1" t="34" w="40" /><ent r="1" t="34" w="170" /><ent r="1" t="34" w="203" /><ent r="1" t="35" w="56" /><ent r="1" t="35" w="89" /><ent r="1" t="36" w="33" /><ent r="1" t="36" w="142" /><ent r="1" t="36" w="145" /><ent r="1" t="36" w="189" /><ent r="1" t="36" w="201" /><ent r="1" t="36" w="259" /><ent r="1" t="36" w="270" /><ent r="1" t="36" w="276" /><ent r="1" t="36" w="322" /><ent r="1" t="36" w="340" /><ent r="1" t="36" w="398" /><ent r="1" t="36" w="416" /><ent r="1" t="36" w="430" /><ent r="1" t="36" w="434" /><ent r="1" t="36" w="472" /><ent r="1" t="37" w="46" /><ent r="1" t="37" w="69" /><ent r="1" t="37" w="78" /><ent r="1" t="37" w="150" /><ent r="1" t="37" w="166" /><ent r="1" t="38" w="42" /><ent r="1" t="38" w="331" /><ent r="1" t="38" w="352" /><ent r="1" t="38" w="374" /><ent r="51" t="38" w="385" /><ent r="51" t="38" w="391" /><ent r="1" t="38" w="670" /><ent r="1" t="38" w="676" /><ent r="1" t="38" w="701" /><ent r="1" t="38" w="727" /><ent r="1" t="38" w="747" /><ent r="1" t="38" w="752" /><ent r="1" t="38" w="771" /><ent r="1" t="38" w="829" /><ent r="1" t="38" w="911" /><ent r="1" t="38" w="1069" /><ent r="1" t="39" w="48" /><ent r="1" t="39" w="66" /><ent r="1" t="39" w="81" /><ent r="1" t="39" w="103" /><ent r="1" t="40" w="45" /><ent r="1" t="40" w="79" /><ent r="1" t="40" w="97" /><ent r="1" t="40" w="131" /><ent r="1" t="40" w="148" /><ent r="1" t="40" w="174" /><ent r="1" t="40" w="266" /><ent r="1" t="40" w="323" /><ent r="1" t="40" w="333" /><ent r="1" t="40" w="355" /><ent r="1" t="40" w="376" /><ent r="1" t="40" w="394" /><ent r="1" t="40" w="413" /><ent r="1" t="40" w="419" /><ent r="1" t="40" w="426" /><ent r="1" t="40" w="438" /><ent r="1" t="40" w="476" /><ent r="1" t="40" w="509" /><ent r="1" t="40" w="559" /><ent r="1" t="40" w="567" /><ent r="1" t="40" w="586" /><ent r="1" t="40" w="633" /><ent r="1" t="40" w="637" /><ent r="1" t="40" w="660" /><ent r="1" t="40" w="707" /><ent r="1" t="40" w="761" /><ent r="1" t="40" w="766" /><ent r="1" t="40" w="836" /><ent r="1" t="40" w="855" /><ent r="1" t="40" w="878" /><ent r="1" t="40" w="927" /><ent r="51" t="40" w="931" /><ent r="51" t="40" w="937" /><ent r="1" t="40" w="977" /><ent r="1" t="40" w="1000" /><ent r="1" t="40" w="1035" /><ent r="1" t="40" w="1053" /><ent r="1" t="40" w="1100" /><ent r="1" t="40" w="1194" /><ent r="1" t="40" w="1204" /><ent r="1" t="40" w="1213" /><ent r="1" t="40" w="1243" /><ent r="1" t="40" w="1321" /><ent r="1" t="40" w="1340" /><ent r="1" t="40" w="1354" /><ent r="1" t="40" w="1375" /><ent r="1" t="40" w="1396" /><ent r="1" t="40" w="1420" /><ent r="1" t="40" w="1424" /><ent r="1" t="40" w="1475" /><ent r="1" t="40" w="1501" /><ent r="1" t="40" w="1537" /><ent r="1" t="40" w="1549" /><ent r="1" t="40" w="1575" /><ent r="1" t="40" w="1586" /><ent r="1" t="40" w="1598" /><ent r="1" t="40" w="1632" /><ent r="51" t="40" w="1660" /><ent r="1" t="40" w="1670" /><ent r="1" t="40" w="1702" /><ent r="1" t="40" w="1723" /><ent r="1" t="40" w="1729" /><ent r="1" t="40" w="1820" /><ent r="1" t="40" w="1875" /><ent r="1" t="40" w="1889" /><ent r="1" t="40" w="1906" /><ent r="1" t="40" w="1915" /><ent r="51" t="40" w="1951" /><ent r="1" t="40" w="1983" /><ent r="1" t="40" w="2007" /><ent r="1" t="40" w="2037" /><ent r="1" t="40" w="2089" /><ent r="51" t="40" w="2096" /><ent r="100" t="41" w="19" /><ent r="1" t="41" w="50" /><ent r="1" t="41" w="96" /><ent r="1" t="41" w="120" /><ent r="1" t="41" w="143" /><ent r="51" t="41" w="154" /><ent r="1" t="41" w="158" /><ent r="1" t="41" w="165" /><ent r="1" t="41" w="170" /><ent r="1" t="41" w="250" /><ent r="1" t="41" w="255" /><ent r="1" t="41" w="311" /><ent r="1" t="41" w="318" /><ent r="1" t="41" w="322" /><ent r="1" t="41" w="330" /><ent r="1" t="41" w="354" /><ent r="51" t="42" w="147" /><ent r="1" t="43" w="97" /><ent r="100" t="45" w="23" /><ent r="1" t="45" w="371" /><ent r="1" t="45" w="375" /><ent r="1" t="45" w="390" /><ent r="1" t="45" w="411" /><ent r="80" t="45" w="498" /><ent r="1" t="45" w="505" /><ent r="1" t="45" w="510" /><ent r="1" t="45" w="523" /><ent r="1" t="45" w="555" /><ent r="1" t="45" w="564" /><ent r="1" t="45" w="597" /><ent r="1" t="45" w="606" /><ent r="1" t="45" w="615" /><ent r="1" t="45" w="650" /><ent r="1" t="45" w="705" /><ent r="1" t="45" w="719" /><ent r="1" t="45" w="751" /><ent r="1" t="45" w="789" /><ent r="1" t="45" w="794" /><ent r="1" t="45" w="827" /><ent r="1" t="46" w="22" /><ent r="1" t="46" w="26" /><ent r="1" t="46" w="41" /><ent r="1" t="46" w="62" /><ent r="1" t="46" w="132" /><ent r="1" t="46" w="197" /><ent r="1" t="46" w="213" /><ent r="90" t="46" w="247" /><ent r="1" t="46" w="255" /><ent r="1" t="46" w="279" /><ent r="1" t="46" w="290" /><ent r="1" t="46" w="366" /><ent r="1" t="46" w="396" /><ent r="1" t="46" w="427" /><ent r="1" t="46" w="458" /><ent r="90" t="46" w="493" /><ent r="1" t="46" w="500" /><ent r="1" t="46" w="524" /><ent r="1" t="46" w="561" /><ent r="1" t="47" w="31" /><ent r="1" t="47" w="51" /><ent r="1" t="47" w="167" /><ent r="1" t="47" w="174" /><ent r="51" t="47" w="181" /><ent r="1" t="47" w="202" /><ent r="1" t="47" w="223" /><ent r="1" t="47" w="230" /><ent r="1" t="47" w="237" /><ent r="1" t="47" w="255" /><ent r="1" t="47" w="261" /><ent r="1" t="47" w="271" /><ent r="1" t="47" w="317" /><ent r="1" t="47" w="366" /><ent r="1" t="47" w="425" /><ent r="1" t="47" w="457" /><ent r="1" t="47" w="561" /><ent r="51" t="47" w="572" /><ent r="1" t="48" w="65" /><ent r="1" t="48" w="86" /><ent r="1" t="48" w="192" /><ent r="1" t="48" w="199" /><ent r="51" t="48" w="206" /><ent r="1" t="48" w="224" /><ent r="1" t="48" w="230" /><ent r="1" t="48" w="337" /><ent r="1" t="48" w="614" /><ent r="51" t="48" w="631" /><ent r="1" t="48" w="671" /><ent r="1" t="48" w="677" /><ent r="1" t="48" w="732" /><ent r="1" t="49" w="22" /><ent r="1" t="49" w="26" /><ent r="1" t="49" w="41" /><ent r="1" t="49" w="62" /><ent r="1" t="49" w="88" /><ent r="1" t="49" w="194" /><ent r="1" t="49" w="205" /><ent r="1" t="50" w="43" /><ent r="1" t="50" w="47" /><ent r="1" t="50" w="62" /><ent r="1" t="50" w="83" /><ent r="1" t="50" w="123" /><ent r="1" t="50" w="136" /><ent r="1" t="50" w="159" /><ent r="1" t="50" w="182" /><ent r="1" t="50" w="230" /><ent r="1" t="50" w="293" /><ent r="1" t="52" w="34" /><ent r="1" t="52" w="38" /><ent r="1" t="52" w="53" /><ent r="1" t="52" w="74" /><ent r="1" t="52" w="139" /><ent r="1" t="52" w="143" /><ent r="1" t="52" w="416" /><ent r="1" t="52" w="695" /><ent r="1" t="52" w="763" /><ent r="1" t="52" w="951" /><ent r="1" t="52" w="1017" /><ent r="1" t="52" w="1217" /><ent r="1" t="52" w="1740" /><ent r="51" t="52" w="1755" /><ent r="1000" t="53" w="2" /><ent r="100" t="53" w="8" /><ent r="100" t="53" w="12" /><ent r="100" t="53" w="35" /><ent r="100" t="53" w="42" /><ent r="1" t="53" w="52" /><ent r="1" t="53" w="73" /><ent r="1" t="53" w="103" /><ent r="1" t="53" w="111" /><ent r="1" t="53" w="165" /><ent r="1" t="53" w="179" /><ent r="1" t="53" w="186" /><ent r="1" t="53" w="243" /><ent r="1" t="53" w="249" /><ent r="1" t="53" w="254" /><ent r="1" t="53" w="263" /><ent r="1000" t="54" w="3" /><ent r="100" t="54" w="15" /><ent r="100" t="54" w="25" /><ent r="100" t="54" w="30" /><ent r="1" t="54" w="70" /><ent r="1" t="54" w="82" /><ent r="1" t="54" w="91" /><ent r="1" t="54" w="122" /><ent r="1" t="54" w="134" /><ent r="1" t="54" w="138" /><ent r="100" t="55" w="8" /><ent r="1" t="55" w="30" /><ent r="1" t="55" w="87" /><ent r="1" t="55" w="99" /><ent r="1" t="55" w="143" /><ent r="1" t="55" w="147" /><ent r="1" t="55" w="164" /><ent r="1" t="55" w="176" /><ent r="1" t="55" w="183" /><ent r="1" t="55" w="240" /><ent r="1" t="55" w="246" /><ent r="1" t="55" w="260" /><ent r="51" t="55" w="276" /><ent r="1" t="55" w="309" /><ent r="1" t="55" w="325" /><ent r="1" t="55" w="363" /><ent r="1" t="55" w="396" /><ent r="51" t="55" w="402" /><ent r="51" t="55" w="405" /><ent r="1" t="55" w="419" /><ent r="51" t="55" w="430" /><ent r="1" t="55" w="460" /><ent r="100" t="56" w="9" /><ent r="1" t="56" w="34" /><ent r="1" t="56" w="86" /><ent r="1" t="56" w="119" /><ent r="1" t="56" w="175" /><ent r="51" t="56" w="181" /><ent r="1" t="56" w="190" /><ent r="51" t="56" w="195" /><ent r="51" t="56" w="217" /><ent r="1" t="56" w="252" /><ent r="1" t="57" w="25" /><ent r="1" t="57" w="29" /><ent r="1" t="57" w="44" /><ent r="1" t="57" w="65" /><ent r="1" t="57" w="156" /><ent r="51" t="57" w="163" /><ent r="1" t="57" w="190" /><ent r="1" t="57" w="194" /><ent r="1" t="57" w="222" /><ent r="1" t="57" w="226" /><ent r="1" t="57" w="244" /><ent r="1" t="57" w="249" /><ent r="1" t="57" w="279" /><ent r="1" t="60" w="57" /><ent r="1" t="60" w="74" /><ent r="1" t="60" w="164" /><ent r="1" t="61" w="67" /><ent r="1" t="61" w="136" /><ent r="1" t="62" w="144" /><ent r="1" t="62" w="154" /><ent r="1" t="62" w="209" /><ent r="1" t="62" w="231" /><ent r="1" t="62" w="259" /><ent r="1" t="62" w="269" /></phr><phr n="gateway"><ent r="100" t="9" w="11" /><ent r="100" t="10" w="11" /><ent r="100" t="11" w="87" /><ent r="100" t="12" w="246" /><ent r="100" t="13" w="19" /><ent r="100" t="14" w="13" /><ent r="100" t="14" w="23" /><ent r="100" t="17" w="14" /><ent r="1" t="17" w="249" /><ent r="51" t="17" w="267" /><ent r="51" t="17" w="273" /><ent r="100" t="18" w="6" /><ent r="100" t="18" w="18" /><ent r="100" t="19" w="15" /><ent r="100" t="19" w="23" /><ent r="51" t="19" w="63" /><ent r="1" t="19" w="117" /><ent r="100" t="20" w="11" /><ent r="100" t="20" w="20" /><ent r="100" t="20" w="28" /><ent r="1" t="20" w="54" /><ent r="100" t="21" w="11" /><ent r="100" t="21" w="20" /><ent r="100" t="21" w="28" /><ent r="1" t="21" w="332" /><ent r="1" t="21" w="335" /><ent r="1" t="23" w="172" /><ent r="100" t="23" w="411" /><ent r="1" t="23" w="424" /><ent r="1" t="23" w="436" /><ent r="1" t="23" w="525" /><ent r="1" t="23" w="743" /><ent r="1" t="23" w="764" /><ent r="1" t="23" w="787" /><ent r="1" t="23" w="803" /><ent r="1" t="24" w="75" /><ent r="1" t="24" w="90" /><ent r="1" t="24" w="122" /><ent r="1" t="24" w="422" /><ent r="100" t="24" w="622" /><ent r="1" t="24" w="637" /><ent r="1" t="40" w="1733" /><ent r="100" t="53" w="19" /><ent r="100" t="53" w="27" /><ent r="100" t="54" w="20" /><ent r="100" t="55" w="26" /><ent r="1" t="55" w="408" /><ent r="100" t="56" w="30" /></phr><phr n="Gateways"><ent r="1" t="9" w="49" /><ent r="1" t="16" w="199" /><ent r="1" t="28" w="962" /><ent r="1" t="42" w="111" /><ent r="1" t="42" w="136" /><ent r="1" t="46" w="182" /><ent r="1" t="47" w="64" /><ent r="1" t="47" w="68" /><ent r="1" t="54" w="65" /><ent r="1" t="62" w="129" /></phr></stem></index>