<?xml version="1.0" encoding="utf-8"?><index><stem n="rout"><phr n="Routing"><ent r="65" t="0" w="99" /><ent r="65" t="5" w="335" /><ent r="64" t="27" w="166" /><ent r="125" t="31" w="474" /><ent r="65" t="31" w="595" /><ent r="64" t="32" w="165" /><ent r="1000" t="36" w="3" /><ent r="100" t="36" w="5" /><ent r="100" t="36" w="9" /><ent r="102" t="36" w="20" /><ent r="64" t="36" w="100" /><ent r="64" t="36" w="105" /><ent r="92" t="36" w="115" /><ent r="92" t="36" w="458" /><ent r="1000" t="37" w="3" /><ent r="100" t="37" w="5" /><ent r="100" t="37" w="13" /><ent r="102" t="37" w="20" /><ent r="64" t="37" w="225" /><ent r="64" t="39" w="1004" /><ent r="64" t="41" w="158" /></phr><phr n="route"><ent r="4" t="5" w="282" /><ent r="4" t="5" w="296" /><ent r="6" t="17" w="1603" /><ent r="6" t="17" w="1815" /><ent r="6" t="20" w="574" /><ent r="6" t="21" w="627" /><ent r="6" t="26" w="1123" /><ent r="6" t="26" w="1285" /><ent r="3" t="27" w="62" /></phr><phr n="routing"><ent r="4" t="5" w="313" /><ent r="6" t="19" w="374" /><ent r="3" t="27" w="99" /><ent r="3" t="27" w="161" /><ent r="100" t="36" w="12" /><ent r="100" t="36" w="16" /><ent r="100" t="36" w="111" /><ent r="3" t="36" w="236" /><ent r="3" t="36" w="323" /><ent r="100" t="37" w="9" /><ent r="100" t="37" w="16" /><ent r="4" t="37" w="155" /><ent r="3" t="37" w="236" /><ent r="3" t="39" w="999" /><ent r="3" t="64" w="80" /></phr><phr n="routed"><ent r="3" t="9" w="201" /><ent r="3" t="31" w="232" /><ent r="3" t="41" w="77" /></phr><phr n="routes"><ent r="3" t="27" w="124" /><ent r="4" t="31" w="582" /><ent r="5" t="31" w="645" /><ent r="3" t="36" w="29" /><ent r="3" t="36" w="149" /></phr><phr n="Route"><ent r="4" t="64" w="87" /></phr></stem><stem n="activ"><phr n="activity"><ent r="4" t="0" w="106" /><ent r="3" t="44" w="217" /><ent r="100" t="44" w="221" /><ent r="100" t="44" w="224" /><ent r="3" t="62" w="170" /><ent r="3" t="66" w="235" /><ent r="3" t="66" w="424" /><ent r="4" t="66" w="729" /><ent r="4" t="66" w="848" /><ent r="4" t="66" w="941" /><ent r="4" t="66" w="952" /></phr><phr n="activities"><ent r="3" t="41" w="848" /></phr><phr n="active"><ent r="3" t="46" w="382" /></phr><phr n="Active"><ent r="5" t="48" w="343" /></phr></stem><stem n="log"><phr n="Log"><ent r="4" t="0" w="115" /><ent r="3" t="6" w="84" /><ent r="4" t="13" w="188" /><ent r="100" t="43" w="84" /><ent r="4" t="43" w="95" /><ent r="65" t="43" w="119" /><ent r="1000" t="45" w="3" /><ent r="100" t="45" w="10" /><ent r="100" t="45" w="15" /><ent r="102" t="45" w="20" /><ent r="82" t="45" w="217" /><ent r="100" t="62" w="16" /></phr><phr n="log"><ent r="3" t="13" w="52" /><ent r="3" t="39" w="456" /><ent r="3" t="39" w="496" /><ent r="100" t="43" w="91" /><ent r="100" t="45" w="7" /><ent r="3" t="45" w="61" /><ent r="4" t="45" w="89" /><ent r="4" t="45" w="94" /><ent r="3" t="45" w="210" /><ent r="3" t="45" w="227" /><ent r="4" t="45" w="246" /><ent r="4" t="45" w="265" /><ent r="4" t="45" w="270" /><ent r="4" t="45" w="289" /><ent r="3" t="45" w="294" /><ent r="3" t="62" w="30" /><ent r="3" t="62" w="115" /><ent r="3" t="62" w="161" /><ent r="4" t="62" w="178" /><ent r="4" t="63" w="255" /></phr><phr n="logged"><ent r="7" t="17" w="1029" /><ent r="7" t="17" w="1075" /><ent r="7" t="26" w="790" /><ent r="7" t="26" w="836" /><ent r="3" t="36" w="574" /><ent r="3" t="45" w="223" /><ent r="3" t="63" w="245" /></phr><phr n="Logging"><ent r="4" t="44" w="258" /><ent r="68" t="61" w="103" /><ent r="68" t="61" w="130" /><ent r="68" t="61" w="681" /><ent r="1000" t="62" w="5" /><ent r="102" t="62" w="27" /><ent r="1000" t="63" w="3" /><ent r="102" t="63" w="24" /></phr><phr n="logging"><ent r="4" t="45" w="39" /><ent r="3" t="45" w="260" /><ent r="3" t="45" w="285" /><ent r="8" t="61" w="661" /><ent r="8" t="61" w="664" /><ent r="7" t="61" w="669" /><ent r="100" t="62" w="8" /><ent r="100" t="62" w="14" /><ent r="100" t="62" w="21" /><ent r="3" t="63" w="32" /><ent r="5" t="63" w="81" /><ent r="5" t="63" w="84" /><ent r="5" t="63" w="107" /><ent r="5" t="63" w="150" /><ent r="3" t="63" w="159" /><ent r="3" t="63" w="177" /><ent r="3" t="63" w="181" /><ent r="4" t="63" w="189" /><ent r="4" t="63" w="196" /><ent r="4" t="63" w="203" /><ent r="4" t="63" w="208" /><ent r="4" t="63" w="213" /><ent r="4" t="63" w="220" /><ent r="4" t="63" w="225" /></phr><phr n="logs"><ent r="3" t="45" w="241" /></phr><phr n="Logs"><ent r="7" t="61" w="86" /><ent r="7" t="61" w="113" /></phr></stem><stem n="file"><phr n="files"><ent r="4" t="0" w="116" /><ent r="3" t="2" w="199" /><ent r="100" t="43" w="85" /><ent r="100" t="43" w="92" /><ent r="4" t="43" w="96" /><ent r="100" t="45" w="8" /><ent r="100" t="45" w="11" /><ent r="3" t="45" w="62" /><ent r="3" t="45" w="96" /><ent r="3" t="45" w="112" /><ent r="3" t="45" w="211" /><ent r="3" t="45" w="228" /><ent r="100" t="62" w="17" /><ent r="4" t="62" w="43" /><ent r="5" t="62" w="66" /><ent r="4" t="63" w="41" /><ent r="5" t="63" w="64" /><ent r="4" t="63" w="232" /><ent r="4" t="64" w="112" /><ent r="5" t="64" w="135" /><ent r="4" t="65" w="125" /><ent r="4" t="65" w="148" /></phr><phr n="file"><ent r="3" t="2" w="220" /><ent r="3" t="6" w="103" /><ent r="3" t="7" w="456" /><ent r="3" t="7" w="473" /><ent r="4" t="12" w="333" /><ent r="4" t="12" w="350" /><ent r="4" t="12" w="370" /><ent r="3" t="17" w="177" /><ent r="6" t="17" w="719" /><ent r="6" t="17" w="745" /><ent r="7" t="17" w="1197" /><ent r="8" t="17" w="1416" /><ent r="9" t="17" w="1434" /><ent r="3" t="19" w="229" /><ent r="3" t="20" w="248" /><ent r="3" t="21" w="219" /><ent r="6" t="26" w="448" /><ent r="6" t="26" w="490" /><ent r="7" t="26" w="958" /><ent r="7" t="26" w="1067" /><ent r="4" t="26" w="1615" /><ent r="4" t="26" w="1629" /><ent r="4" t="28" w="89" /><ent r="3" t="34" w="287" /><ent r="3" t="34" w="294" /><ent r="3" t="35" w="40" /><ent r="3" t="41" w="940" /><ent r="3" t="41" w="948" /><ent r="3" t="41" w="1824" /><ent r="3" t="41" w="1830" /><ent r="3" t="41" w="1875" /><ent r="3" t="41" w="1883" /><ent r="3" t="45" w="42" /><ent r="3" t="45" w="64" /><ent r="3" t="45" w="253" /><ent r="3" t="45" w="298" /><ent r="4" t="58" w="126" /><ent r="7" t="61" w="230" /><ent r="8" t="61" w="663" /><ent r="3" t="61" w="703" /><ent r="4" t="62" w="147" /><ent r="3" t="62" w="175" /><ent r="5" t="63" w="83" /><ent r="4" t="63" w="110" /><ent r="4" t="63" w="113" /><ent r="3" t="63" w="171" /><ent r="3" t="63" w="252" /><ent r="4" t="64" w="189" /><ent r="4" t="65" w="233" /><ent r="4" t="65" w="265" /><ent r="4" t="65" w="304" /><ent r="4" t="66" w="163" /><ent r="4" t="66" w="202" /></phr><phr n="File"><ent r="6" t="7" w="341" /><ent r="5" t="11" w="61" /><ent r="5" t="12" w="65" /><ent r="5" t="13" w="165" /><ent r="5" t="14" w="191" /><ent r="8" t="17" w="1180" /><ent r="9" t="17" w="1428" /><ent r="8" t="26" w="941" /><ent r="5" t="34" w="204" /><ent r="5" t="35" w="81" /><ent r="5" t="41" w="1061" /><ent r="5" t="41" w="2114" /><ent r="82" t="45" w="218" /></phr><phr n="Files"><ent r="65" t="43" w="120" /><ent r="1000" t="45" w="4" /><ent r="100" t="45" w="16" /><ent r="102" t="45" w="21" /><ent r="5" t="63" w="139" /></phr></stem><stem n="analyz"><phr n="Analyzing"><ent r="65" t="0" w="119" /><ent r="1000" t="43" w="1" /><ent r="100" t="43" w="16" /><ent r="102" t="43" w="27" /><ent r="4" t="43" w="143" /></phr><phr n="analyzes"><ent r="3" t="36" w="159" /></phr><phr n="analyze"><ent r="4" t="39" w="769" /><ent r="3" t="39" w="842" /><ent r="3" t="43" w="43" /></phr><phr n="analyzed"><ent r="3" t="39" w="864" /></phr></stem><stem n="perform"><phr n="Performance"><ent r="65" t="0" w="124" /><ent r="1000" t="43" w="6" /><ent r="100" t="43" w="8" /><ent r="100" t="43" w="21" /><ent r="102" t="43" w="32" /><ent r="4" t="43" w="147" /></phr><phr n="perform"><ent r="5" t="24" w="120" /><ent r="5" t="24" w="280" /><ent r="5" t="24" w="427" /><ent r="3" t="46" w="734" /></phr><phr n="performed"><ent r="4" t="28" w="125" /><ent r="3" t="28" w="818" /><ent r="3" t="34" w="155" /><ent r="4" t="49" w="106" /><ent r="6" t="50" w="407" /><ent r="7" t="66" w="331" /></phr><phr n="performs"><ent r="3" t="37" w="29" /><ent r="7" t="66" w="292" /><ent r="7" t="66" w="312" /></phr><phr n="performance"><ent r="3" t="38" w="43" /><ent r="100" t="43" w="14" /><ent r="3" t="43" w="45" /><ent r="3" t="43" w="128" /></phr><phr n="performing"><ent r="3" t="41" w="1925" /><ent r="3" t="50" w="847" /><ent r="4" t="50" w="922" /></phr></stem><stem n="ident"><phr n="identity"><ent r="4" t="0" w="130" /><ent r="3" t="1" w="53" /><ent r="3" t="1" w="314" /><ent r="3" t="3" w="24" /><ent r="3" t="3" w="219" /><ent r="3" t="3" w="250" /><ent r="3" t="3" w="295" /><ent r="3" t="3" w="361" /><ent r="3" t="5" w="33" /><ent r="3" t="5" w="67" /><ent r="4" t="9" w="267" /><ent r="4" t="9" w="286" /><ent r="4" t="9" w="294" /><ent r="3" t="9" w="343" /><ent r="3" t="13" w="364" /><ent r="3" t="13" w="376" /><ent r="3" t="16" w="37" /><ent r="3" t="16" w="151" /><ent r="3" t="16" w="166" /><ent r="3" t="16" w="183" /><ent r="3" t="16" w="197" /><ent r="3" t="16" w="241" /><ent r="3" t="18" w="47" /><ent r="3" t="18" w="83" /><ent r="64" t="18" w="102" /><ent r="3" t="18" w="235" /><ent r="100" t="23" w="7" /><ent r="3" t="23" w="47" /><ent r="3" t="23" w="92" /><ent r="4" t="23" w="411" /><ent r="4" t="24" w="869" /><ent r="3" t="41" w="673" /><ent r="100" t="46" w="14" /><ent r="3" t="46" w="253" /><ent r="3" t="46" w="379" /><ent r="3" t="46" w="735" /><ent r="100" t="47" w="10" /><ent r="100" t="47" w="15" /><ent r="100" t="47" w="20" /><ent r="100" t="47" w="27" /><ent r="3" t="47" w="104" /><ent r="3" t="47" w="117" /><ent r="3" t="47" w="122" /><ent r="3" t="47" w="140" /><ent r="3" t="47" w="168" /><ent r="3" t="47" w="172" /><ent r="3" t="47" w="175" /><ent r="3" t="47" w="195" /><ent r="3" t="47" w="203" /><ent r="3" t="47" w="264" /><ent r="3" t="47" w="267" /><ent r="3" t="47" w="305" /><ent r="3" t="47" w="329" /><ent r="3" t="47" w="381" /><ent r="3" t="47" w="500" /><ent r="3" t="47" w="524" /><ent r="3" t="47" w="625" /><ent r="3" t="47" w="637" /><ent r="3" t="48" w="33" /><ent r="3" t="48" w="82" /><ent r="4" t="48" w="119" /><ent r="100" t="48" w="162" /><ent r="100" t="48" w="167" /><ent r="4" t="48" w="183" /><ent r="4" t="48" w="285" /><ent r="5" t="48" w="318" /><ent r="5" t="48" w="333" /><ent r="4" t="48" w="362" /><ent r="64" t="49" w="80" /><ent r="6" t="49" w="139" /><ent r="64" t="50" w="104" /><ent r="6" t="50" w="171" /><ent r="7" t="50" w="561" /><ent r="3" t="51" w="33" /><ent r="64" t="51" w="78" /><ent r="3" t="51" w="114" /><ent r="100" t="52" w="12" /><ent r="100" t="52" w="17" /><ent r="100" t="52" w="22" /><ent r="100" t="52" w="27" /><ent r="100" t="52" w="31" /><ent r="3" t="52" w="54" /><ent r="64" t="52" w="99" /><ent r="3" t="52" w="216" /><ent r="64" t="53" w="58" /><ent r="3" t="54" w="47" /><ent r="3" t="54" w="341" /><ent r="5" t="54" w="405" /><ent r="69" t="54" w="1002" /><ent r="100" t="55" w="14" /><ent r="100" t="55" w="31" /><ent r="64" t="55" w="89" /><ent r="3" t="55" w="233" /><ent r="3" t="55" w="288" /><ent r="100" t="56" w="7" /><ent r="100" t="56" w="11" /><ent r="64" t="56" w="49" /><ent r="4" t="56" w="127" /><ent r="100" t="57" w="18" /><ent r="7" t="57" w="366" /><ent r="100" t="58" w="19" /><ent r="3" t="59" w="36" /><ent r="3" t="59" w="123" /><ent r="3" t="68" w="48" /></phr><phr n="Identity"><ent r="65" t="0" w="147" /><ent r="64" t="3" w="365" /><ent r="64" t="5" w="84" /><ent r="5" t="7" w="368" /><ent r="65" t="9" w="299" /><ent r="3" t="13" w="352" /><ent r="3" t="13" w="359" /><ent r="4" t="13" w="380" /><ent r="3" t="16" w="48" /><ent r="3" t="16" w="53" /><ent r="3" t="16" w="60" /><ent r="64" t="16" w="159" /><ent r="64" t="16" w="246" /><ent r="3" t="17" w="154" /><ent r="4" t="17" w="401" /><ent r="5" t="17" w="482" /><ent r="100" t="18" w="16" /><ent r="3" t="18" w="51" /><ent r="3" t="18" w="54" /><ent r="3" t="18" w="59" /><ent r="64" t="18" w="240" /><ent r="4" t="19" w="242" /><ent r="4" t="20" w="261" /><ent r="5" t="20" w="271" /><ent r="4" t="20" w="423" /><ent r="4" t="21" w="232" /><ent r="5" t="21" w="242" /><ent r="4" t="21" w="442" /><ent r="4" t="23" w="163" /><ent r="64" t="23" w="195" /><ent r="82" t="23" w="300" /><ent r="5" t="23" w="313" /><ent r="4" t="23" w="339" /><ent r="6" t="23" w="548" /><ent r="3" t="23" w="781" /><ent r="6" t="24" w="152" /><ent r="6" t="24" w="341" /><ent r="6" t="24" w="509" /><ent r="64" t="24" w="628" /><ent r="82" t="24" w="787" /><ent r="5" t="24" w="800" /><ent r="4" t="26" w="127" /><ent r="5" t="26" w="204" /><ent r="3" t="41" w="817" /><ent r="4" t="41" w="1080" /><ent r="4" t="41" w="2133" /><ent r="1000" t="46" w="4" /><ent r="100" t="46" w="10" /><ent r="100" t="46" w="17" /><ent r="102" t="46" w="25" /><ent r="3" t="46" w="30" /><ent r="3" t="46" w="68" /><ent r="3" t="46" w="332" /><ent r="4" t="46" w="394" /><ent r="4" t="46" w="408" /><ent r="4" t="46" w="422" /><ent r="4" t="46" w="479" /><ent r="4" t="46" w="535" /><ent r="4" t="46" w="566" /><ent r="92" t="46" w="723" /><ent r="4" t="46" w="744" /><ent r="1000" t="47" w="1" /><ent r="100" t="47" w="4" /><ent r="102" t="47" w="30" /><ent r="92" t="47" w="34" /><ent r="3" t="47" w="142" /><ent r="92" t="47" w="240" /><ent r="3" t="47" w="248" /><ent r="72" t="47" w="439" /><ent r="3" t="47" w="449" /><ent r="72" t="47" w="461" /><ent r="3" t="47" w="472" /><ent r="92" t="47" w="481" /><ent r="3" t="47" w="829" /><ent r="1000" t="48" w="1" /><ent r="100" t="48" w="5" /><ent r="102" t="48" w="11" /><ent r="4" t="48" w="125" /><ent r="4" t="48" w="218" /><ent r="4" t="48" w="241" /><ent r="5" t="48" w="328" /><ent r="4" t="48" w="479" /><ent r="5" t="49" w="114" /><ent r="67" t="49" w="144" /><ent r="6" t="49" w="188" /><ent r="6" t="49" w="309" /><ent r="7" t="49" w="320" /><ent r="8" t="49" w="338" /><ent r="7" t="49" w="429" /><ent r="7" t="49" w="461" /><ent r="67" t="49" w="551" /><ent r="6" t="49" w="572" /><ent r="100" t="50" w="14" /><ent r="5" t="50" w="144" /><ent r="67" t="50" w="176" /><ent r="6" t="50" w="265" /><ent r="7" t="50" w="271" /><ent r="8" t="50" w="290" /><ent r="8" t="50" w="590" /><ent r="6" t="50" w="636" /><ent r="6" t="50" w="641" /><ent r="67" t="50" w="650" /><ent r="67" t="50" w="656" /><ent r="3" t="50" w="825" /><ent r="4" t="50" w="869" /><ent r="4" t="50" w="882" /><ent r="5" t="50" w="912" /><ent r="5" t="50" w="1149" /><ent r="3" t="51" w="110" /><ent r="1000" t="52" w="2" /><ent r="100" t="52" w="7" /><ent r="102" t="52" w="35" /><ent r="3" t="52" w="107" /><ent r="3" t="52" w="162" /><ent r="3" t="52" w="167" /><ent r="64" t="52" w="313" /><ent r="3" t="52" w="372" /><ent r="3" t="52" w="382" /><ent r="3" t="52" w="400" /><ent r="4" t="52" w="406" /><ent r="3" t="52" w="412" /><ent r="3" t="52" w="416" /><ent r="3" t="52" w="421" /><ent r="1000" t="53" w="2" /><ent r="100" t="53" w="42" /><ent r="102" t="53" w="49" /><ent r="64" t="53" w="89" /><ent r="3" t="53" w="422" /><ent r="5" t="53" w="484" /><ent r="3" t="53" w="495" /><ent r="3" t="53" w="538" /><ent r="1000" t="54" w="5" /><ent r="102" t="54" w="26" /><ent r="7" t="54" w="1391" /><ent r="4" t="54" w="1461" /><ent r="6" t="54" w="1499" /><ent r="1000" t="55" w="5" /><ent r="100" t="55" w="17" /><ent r="100" t="55" w="22" /><ent r="100" t="55" w="38" /><ent r="102" t="55" w="45" /><ent r="64" t="55" w="214" /><ent r="65" t="56" w="98" /><ent r="65" t="56" w="145" /><ent r="1000" t="57" w="2" /><ent r="100" t="57" w="6" /><ent r="100" t="57" w="14" /><ent r="102" t="57" w="22" /><ent r="3" t="57" w="36" /><ent r="3" t="57" w="54" /><ent r="5" t="57" w="115" /><ent r="3" t="57" w="215" /><ent r="5" t="57" w="222" /><ent r="7" t="57" w="281" /><ent r="7" t="57" w="302" /><ent r="7" t="57" w="320" /><ent r="7" t="57" w="356" /><ent r="1000" t="58" w="3" /><ent r="100" t="58" w="12" /><ent r="102" t="58" w="24" /><ent r="3" t="58" w="41" /><ent r="3" t="58" w="58" /><ent r="3" t="58" w="147" /><ent r="5" t="58" w="155" /><ent r="3" t="59" w="168" /><ent r="3" t="59" w="203" /></phr><phr n="identities"><ent r="3" t="3" w="212" /><ent r="3" t="47" w="53" /><ent r="3" t="47" w="81" /><ent r="3" t="47" w="256" /><ent r="3" t="47" w="312" /><ent r="3" t="47" w="576" /><ent r="4" t="48" w="486" /><ent r="3" t="50" w="791" /><ent r="3" t="53" w="440" /><ent r="4" t="54" w="132" /><ent r="3" t="54" w="1630" /></phr><phr n="identical"><ent r="6" t="23" w="594" /></phr><phr n="Identities"><ent r="3" t="47" w="119" /></phr></stem><stem n="bridg"><phr n="bridging"><ent r="4" t="0" w="131" /><ent r="3" t="3" w="210" /><ent r="3" t="3" w="251" /><ent r="3" t="3" w="296" /><ent r="3" t="3" w="362" /><ent r="3" t="5" w="34" /><ent r="3" t="5" w="68" /><ent r="4" t="9" w="295" /><ent r="3" t="16" w="152" /><ent r="3" t="16" w="198" /><ent r="3" t="16" w="242" /><ent r="64" t="18" w="103" /><ent r="3" t="18" w="236" /><ent r="100" t="47" w="11" /><ent r="100" t="47" w="16" /><ent r="100" t="47" w="21" /><ent r="100" t="47" w="28" /><ent r="3" t="47" w="249" /><ent r="3" t="47" w="268" /><ent r="3" t="47" w="330" /><ent r="3" t="47" w="382" /><ent r="3" t="47" w="501" /><ent r="3" t="47" w="525" /><ent r="3" t="47" w="626" /><ent r="3" t="47" w="638" /><ent r="3" t="48" w="34" /><ent r="3" t="48" w="83" /><ent r="4" t="48" w="120" /><ent r="100" t="48" w="163" /><ent r="100" t="48" w="168" /><ent r="4" t="48" w="184" /><ent r="4" t="48" w="286" /><ent r="4" t="48" w="363" /><ent r="64" t="49" w="81" /><ent r="6" t="49" w="140" /><ent r="64" t="50" w="105" /><ent r="6" t="50" w="172" /><ent r="3" t="51" w="34" /><ent r="64" t="51" w="79" /><ent r="3" t="51" w="115" /><ent r="3" t="52" w="55" /><ent r="64" t="52" w="100" /><ent r="3" t="52" w="115" /><ent r="3" t="52" w="217" /><ent r="64" t="53" w="59" /><ent r="3" t="54" w="48" /><ent r="3" t="54" w="342" /><ent r="69" t="54" w="1003" /><ent r="100" t="55" w="15" /><ent r="100" t="55" w="32" /><ent r="64" t="55" w="90" /><ent r="3" t="55" w="234" /><ent r="3" t="55" w="289" /><ent r="100" t="56" w="8" /><ent r="100" t="56" w="12" /><ent r="64" t="56" w="50" /><ent r="4" t="56" w="128" /><ent r="100" t="57" w="19" /><ent r="7" t="57" w="367" /><ent r="100" t="58" w="20" /><ent r="3" t="59" w="37" /><ent r="3" t="59" w="124" /></phr><phr n="Bridging"><ent r="65" t="0" w="148" /><ent r="64" t="3" w="366" /><ent r="64" t="5" w="85" /><ent r="65" t="9" w="300" /><ent r="64" t="16" w="160" /><ent r="64" t="16" w="247" /><ent r="100" t="18" w="17" /><ent r="64" t="18" w="241" /><ent r="1000" t="47" w="2" /><ent r="100" t="47" w="5" /><ent r="102" t="47" w="31" /><ent r="92" t="47" w="241" /><ent r="72" t="47" w="440" /><ent r="3" t="47" w="450" /><ent r="72" t="47" w="462" /><ent r="3" t="47" w="473" /><ent r="92" t="47" w="482" /><ent r="1000" t="48" w="2" /><ent r="100" t="48" w="6" /><ent r="102" t="48" w="12" /><ent r="4" t="48" w="126" /><ent r="4" t="48" w="219" /><ent r="4" t="48" w="242" /><ent r="5" t="49" w="115" /><ent r="67" t="49" w="145" /><ent r="67" t="49" w="552" /><ent r="6" t="49" w="573" /><ent r="5" t="50" w="145" /><ent r="67" t="50" w="177" /><ent r="6" t="50" w="637" /><ent r="6" t="50" w="642" /><ent r="67" t="50" w="651" /><ent r="67" t="50" w="657" /><ent r="1000" t="54" w="6" /><ent r="102" t="54" w="27" /><ent r="1000" t="55" w="6" /><ent r="100" t="55" w="18" /><ent r="100" t="55" w="23" /><ent r="100" t="55" w="39" /><ent r="102" t="55" w="46" /><ent r="64" t="55" w="215" /><ent r="65" t="56" w="99" /><ent r="65" t="56" w="146" /><ent r="1000" t="57" w="3" /><ent r="100" t="57" w="7" /><ent r="100" t="57" w="15" /><ent r="102" t="57" w="23" /><ent r="3" t="57" w="37" /><ent r="3" t="57" w="55" /><ent r="3" t="57" w="216" /><ent r="5" t="57" w="223" /><ent r="1000" t="58" w="4" /><ent r="100" t="58" w="13" /><ent r="102" t="58" w="25" /><ent r="3" t="58" w="42" /><ent r="3" t="58" w="59" /><ent r="3" t="58" w="148" /><ent r="5" t="58" w="156" /><ent r="3" t="59" w="169" /><ent r="3" t="59" w="204" /></phr></stem><stem n="technic"><phr n="Technical"><ent r="4" t="0" w="151" /><ent r="3" t="5" w="99" /><ent r="3" t="5" w="171" /><ent r="4" t="6" w="182" /><ent r="4" t="20" w="440" /><ent r="4" t="21" w="462" /><ent r="3" t="26" w="1589" /><ent r="3" t="36" w="451" /><ent r="100" t="60" w="15" /><ent r="92" t="60" w="18" /><ent r="3" t="65" w="288" /><ent r="3" t="66" w="130" /></phr><phr n="technical"><ent r="3" t="44" w="160" /><ent r="3" t="60" w="36" /></phr></stem><stem n="support"><phr n="support"><ent r="4" t="0" w="152" /><ent r="9" t="54" w="1236" /><ent r="3" t="60" w="37" /><ent r="6" t="60" w="57" /></phr><phr n="Supported"><ent r="92" t="1" w="66" /><ent r="100" t="1" w="69" /><ent r="92" t="22" w="216" /><ent r="5" t="22" w="230" /></phr><phr n="supported"><ent r="100" t="1" w="74" /><ent r="100" t="1" w="78" /><ent r="3" t="1" w="94" /><ent r="3" t="1" w="103" /><ent r="4" t="22" w="149" /><ent r="3" t="22" w="228" /><ent r="6" t="54" w="436" /><ent r="7" t="54" w="491" /><ent r="6" t="54" w="588" /></phr><phr n="Support"><ent r="3" t="5" w="100" /><ent r="3" t="5" w="172" /><ent r="4" t="6" w="183" /><ent r="4" t="20" w="441" /><ent r="4" t="21" w="463" /><ent r="3" t="26" w="1590" /><ent r="3" t="36" w="452" /><ent r="100" t="60" w="13" /><ent r="100" t="60" w="16" /><ent r="92" t="60" w="19" /><ent r="3" t="60" w="47" /><ent r="3" t="65" w="289" /><ent r="3" t="66" w="131" /></phr><phr n="supports"><ent r="5" t="48" w="321" /><ent r="5" t="48" w="336" /></phr></stem><stem n="contact"><phr n="contact"><ent r="4" t="0" w="153" /><ent r="64" t="5" w="95" /><ent r="3" t="5" w="161" /><ent r="4" t="20" w="437" /><ent r="4" t="21" w="459" /><ent r="4" t="28" w="999" /><ent r="64" t="36" w="447" /><ent r="64" t="65" w="284" /></phr><phr n="Contacting"><ent r="65" t="0" w="157" /><ent r="102" t="60" w="8" /></phr><phr n="Contact"><ent r="1000" t="60" w="1" /><ent r="100" t="60" w="91" /><ent r="92" t="60" w="94" /></phr></stem><stem n=")."><phr n=")."><ent r="4" t="0" w="162" /><ent r="6" t="4" w="297" /><ent r="7" t="17" w="1243" /><ent r="6" t="17" w="2099" /><ent r="3" t="23" w="829" /><ent r="6" t="24" w="361" /><ent r="6" t="26" w="472" /><ent r="7" t="26" w="1004" /><ent r="3" t="32" w="131" /><ent r="4" t="39" w="933" /><ent r="3" t="39" w="1086" /><ent r="3" t="41" w="972" /><ent r="3" t="41" w="1264" /><ent r="7" t="42" w="408" /><ent r="6" t="44" w="369" /><ent r="4" t="48" w="502" /><ent r="4" t="48" w="614" /><ent r="6" t="50" w="414" /><ent r="7" t="50" w="504" /><ent r="3" t="50" w="842" /><ent r="4" t="50" w="897" /><ent r="3" t="52" w="140" /><ent r="3" t="52" w="356" /><ent r="4" t="53" w="145" /><ent r="4" t="53" w="410" /><ent r="3" t="54" w="269" /><ent r="8" t="54" w="704" /><ent r="8" t="54" w="965" /><ent r="4" t="62" w="102" /><ent r="4" t="64" w="165" /><ent r="4" t="65" w="186" /></phr></stem><stem n="."><phr n="."><ent r="3" t="0" w="176" /><ent r="3" t="1" w="65" /><ent r="3" t="1" w="101" /><ent r="3" t="1" w="116" /><ent r="3" t="1" w="163" /><ent r="4" t="1" w="213" /><ent r="3" t="1" w="235" /><ent r="3" t="1" w="257" /><ent r="3" t="1" w="280" /><ent r="3" t="1" w="318" /><ent r="4" t="1" w="354" /><ent r="3" t="1" w="399" /><ent r="4" t="1" w="443" /><ent r="4" t="1" w="471" /><ent r="3" t="1" w="514" /><ent r="3" t="2" w="44" /><ent r="3" t="2" w="71" /><ent r="3" t="2" w="95" /><ent r="4" t="2" w="187" /><ent r="3" t="2" w="243" /><ent r="3" t="2" w="257" /><ent r="3" t="2" w="276" /><ent r="3" t="2" w="294" /><ent r="3" t="2" w="308" /><ent r="6" t="2" w="330" /><ent r="6" t="2" w="342" /><ent r="6" t="2" w="354" /><ent r="6" t="2" w="367" /><ent r="6" t="2" w="386" /><ent r="6" t="2" w="398" /><ent r="6" t="2" w="410" /><ent r="6" t="2" w="428" /><ent r="6" t="2" w="436" /><ent r="6" t="2" w="449" /><ent r="6" t="2" w="461" /><ent r="6" t="2" w="484" /><ent r="6" t="2" w="496" /><ent r="3" t="3" w="60" /><ent r="3" t="3" w="124" /><ent r="3" t="3" w="154" /><ent r="3" t="3" w="199" /><ent r="3" t="3" w="221" /><ent r="3" t="3" w="241" /><ent r="3" t="3" w="287" /><ent r="3" t="3" w="301" /><ent r="3" t="3" w="328" /><ent r="3" t="3" w="357" /><ent r="3" t="3" w="368" /><ent r="4" t="3" w="415" /><ent r="4" t="3" w="433" /><ent r="3" t="3" w="461" /><ent r="3" t="3" w="475" /><ent r="3" t="4" w="65" /><ent r="3" t="4" w="83" /><ent r="3" t="4" w="94" /><ent r="3" t="4" w="106" /><ent r="3" t="4" w="113" /><ent r="3" t="4" w="122" /><ent r="3" t="4" w="135" /><ent r="3" t="4" w="152" /><ent r="3" t="4" w="167" /><ent r="3" t="4" w="176" /><ent r="3" t="4" w="185" /><ent r="3" t="4" w="194" /><ent r="3" t="4" w="202" /><ent r="6" t="4" w="238" /><ent r="6" t="4" w="256" /><ent r="6" t="4" w="277" /><ent r="6" t="4" w="313" /><ent r="6" t="4" w="323" /><ent r="6" t="4" w="330" /><ent r="3" t="4" w="348" /><ent r="3" t="5" w="59" /><ent r="3" t="5" w="87" /><ent r="3" t="5" w="101" /><ent r="3" t="5" w="129" /><ent r="3" t="5" w="140" /><ent r="3" t="5" w="173" /><ent r="4" t="5" w="194" /><ent r="4" t="5" w="213" /><ent r="4" t="5" w="237" /><ent r="4" t="5" w="258" /><ent r="4" t="5" w="267" /><ent r="4" t="5" w="288" /><ent r="4" t="5" w="306" /><ent r="4" t="5" w="337" /><ent r="4" t="6" w="63" /><ent r="3" t="6" w="84" /><ent r="3" t="6" w="108" /><ent r="3" t="6" w="122" /><ent r="4" t="6" w="156" /><ent r="4" t="6" w="166" /><ent r="4" t="6" w="184" /><ent r="4" t="6" w="199" /><ent r="3" t="7" w="53" /><ent r="3" t="7" w="71" /><ent r="3" t="7" w="80" /><ent r="3" t="7" w="89" /><ent r="3" t="7" w="103" /><ent r="3" t="7" w="131" /><ent r="3" t="7" w="166" /><ent r="3" t="7" w="257" /><ent r="4" t="7" w="311" /><ent r="5" t="7" w="338" /><ent r="5" t="7" w="361" /><ent r="5" t="7" w="365" /><ent r="5" t="7" w="370" /><ent r="5" t="7" w="382" /><ent r="5" t="7" w="405" /><ent r="5" t="7" w="418" /><ent r="3" t="7" w="441" /><ent r="3" t="7" w="465" /><ent r="3" t="7" w="481" /><ent r="3" t="7" w="521" /><ent r="3" t="7" w="547" /><ent r="3" t="7" w="585" /><ent r="4" t="7" w="605" /><ent r="4" t="7" w="627" /><ent r="4" t="7" w="642" /><ent r="4" t="7" w="678" /><ent r="4" t="7" w="701" /><ent r="4" t="7" w="731" /><ent r="4" t="7" w="787" /><ent r="3" t="8" w="53" /><ent r="3" t="8" w="71" /><ent r="3" t="8" w="80" /><ent r="3" t="8" w="89" /><ent r="3" t="8" w="103" /><ent r="3" t="8" w="179" /><ent r="4" t="8" w="211" /><ent r="4" t="8" w="219" /><ent r="3" t="8" w="242" /><ent r="3" t="8" w="277" /><ent r="4" t="8" w="302" /><ent r="4" t="8" w="307" /><ent r="4" t="8" w="324" /><ent r="4" t="8" w="341" /><ent r="4" t="8" w="357" /><ent r="4" t="8" w="390" /><ent r="4" t="8" w="395" /><ent r="4" t="8" w="412" /><ent r="4" t="8" w="429" /><ent r="4" t="8" w="446" /><ent r="3" t="9" w="50" /><ent r="3" t="9" w="87" /><ent r="3" t="9" w="103" /><ent r="3" t="9" w="127" /><ent r="3" t="9" w="162" /><ent r="3" t="9" w="207" /><ent r="3" t="9" w="234" /><ent r="4" t="9" w="268" /><ent r="4" t="9" w="287" /><ent r="4" t="9" w="297" /><ent r="4" t="9" w="305" /><ent r="3" t="9" w="338" /><ent r="3" t="9" w="379" /><ent r="3" t="10" w="38" /><ent r="7" t="10" w="66" /><ent r="7" t="10" w="86" /><ent r="7" t="10" w="108" /><ent r="7" t="10" w="123" /><ent r="7" t="10" w="137" /><ent r="7" t="10" w="156" /><ent r="8" t="10" w="165" /><ent r="7" t="10" w="182" /><ent r="3" t="10" w="233" /><ent r="3" t="10" w="255" /><ent r="3" t="10" w="281" /><ent r="3" t="10" w="299" /><ent r="3" t="10" w="315" /><ent r="4" t="10" w="366" /><ent r="4" t="10" w="407" /><ent r="4" t="10" w="414" /><ent r="4" t="11" w="48" /><ent r="4" t="11" w="71" /><ent r="4" t="11" w="78" /><ent r="4" t="11" w="82" /><ent r="4" t="11" w="102" /><ent r="4" t="12" w="52" /><ent r="4" t="12" w="75" /><ent r="4" t="12" w="82" /><ent r="4" t="12" w="89" /><ent r="4" t="12" w="123" /><ent r="5" t="12" w="144" /><ent r="5" t="12" w="175" /><ent r="5" t="12" w="186" /><ent r="5" t="12" w="214" /><ent r="3" t="12" w="237" /><ent r="3" t="12" w="257" /><ent r="3" t="12" w="272" /><ent r="4" t="12" w="309" /><ent r="4" t="12" w="345" /><ent r="4" t="12" w="365" /><ent r="3" t="13" w="47" /><ent r="3" t="13" w="61" /><ent r="3" t="13" w="83" /><ent r="3" t="13" w="119" /><ent r="3" t="13" w="139" /><ent r="4" t="13" w="162" /><ent r="4" t="13" w="177" /><ent r="4" t="13" w="181" /><ent r="4" t="13" w="193" /><ent r="4" t="13" w="216" /><ent r="4" t="13" w="234" /><ent r="4" t="13" w="259" /><ent r="3" t="13" w="295" /><ent r="3" t="13" w="325" /><ent r="3" t="13" w="340" /><ent r="3" t="13" w="355" /><ent r="3" t="13" w="373" /><ent r="3" t="13" w="390" /><ent r="3" t="14" w="52" /><ent r="3" t="14" w="77" /><ent r="3" t="14" w="94" /><ent r="3" t="14" w="113" /><ent r="3" t="14" w="150" /><ent r="4" t="14" w="177" /><ent r="4" t="14" w="202" /><ent r="3" t="14" w="214" /><ent r="3" t="15" w="49" /><ent r="3" t="15" w="64" /><ent r="4" t="15" w="101" /><ent r="4" t="15" w="118" /><ent r="4" t="15" w="141" /><ent r="4" t="15" w="158" /><ent r="4" t="15" w="172" /><ent r="4" t="15" w="182" /><ent r="3" t="15" w="201" /><ent r="3" t="16" w="66" /><ent r="3" t="16" w="90" /><ent r="3" t="16" w="127" /><ent r="3" t="16" w="154" /><ent r="3" t="16" w="162" /><ent r="3" t="16" w="192" /><ent r="3" t="16" w="231" /><ent r="3" t="16" w="249" /><ent r="4" t="17" w="69" /><ent r="4" t="17" w="87" /><ent r="3" t="17" w="116" /><ent r="3" t="17" w="138" /><ent r="3" t="17" w="187" /><ent r="4" t="17" w="230" /><ent r="3" t="17" w="326" /><ent r="3" t="17" w="341" /><ent r="3" t="17" w="388" /><ent r="3" t="17" w="398" /><ent r="3" t="17" w="440" /><ent r="3" t="17" w="453" /><ent r="3" t="17" w="479" /><ent r="6" t="17" w="506" /><ent r="7" t="17" w="566" /><ent r="6" t="17" w="579" /><ent r="7" t="17" w="634" /><ent r="6" t="17" w="667" /><ent r="6" t="17" w="693" /><ent r="6" t="17" w="702" /><ent r="6" t="17" w="727" /><ent r="6" t="17" w="750" /><ent r="6" t="17" w="769" /><ent r="6" t="17" w="806" /><ent r="6" t="17" w="825" /><ent r="6" t="17" w="846" /><ent r="6" t="17" w="865" /><ent r="6" t="17" w="891" /><ent r="6" t="17" w="913" /><ent r="6" t="17" w="933" /><ent r="6" t="17" w="953" /><ent r="6" t="17" w="1004" /><ent r="7" t="17" w="1025" /><ent r="7" t="17" w="1049" /><ent r="7" t="17" w="1064" /><ent r="7" t="17" w="1094" /><ent r="6" t="17" w="1114" /><ent r="7" t="17" w="1146" /><ent r="7" t="17" w="1164" /><ent r="7" t="17" w="1192" /><ent r="7" t="17" w="1205" /><ent r="7" t="17" w="1274" /><ent r="7" t="17" w="1291" /><ent r="8" t="17" w="1324" /><ent r="8" t="17" w="1346" /><ent r="8" t="17" w="1409" /><ent r="8" t="17" w="1418" /><ent r="9" t="17" w="1484" /><ent r="9" t="17" w="1504" /><ent r="9" t="17" w="1513" /><ent r="6" t="17" w="1599" /><ent r="6" t="17" w="1622" /><ent r="6" t="17" w="1631" /><ent r="7" t="17" w="1663" /><ent r="7" t="17" w="1688" /><ent r="7" t="17" w="1699" /><ent r="7" t="17" w="1706" /><ent r="7" t="17" w="1721" /><ent r="6" t="17" w="1747" /><ent r="6" t="17" w="1751" /><ent r="6" t="17" w="1766" /><ent r="6" t="17" w="1777" /><ent r="6" t="17" w="1823" /><ent r="6" t="17" w="1828" /><ent r="6" t="17" w="1849" /><ent r="6" t="17" w="1858" /><ent r="6" t="17" w="1867" /><ent r="7" t="17" w="1928" /><ent r="7" t="17" w="1942" /><ent r="7" t="17" w="1975" /><ent r="7" t="17" w="1988" /><ent r="7" t="17" w="2025" /><ent r="7" t="17" w="2044" /><ent r="6" t="17" w="2081" /><ent r="6" t="17" w="2134" /><ent r="6" t="17" w="2150" /><ent r="4" t="17" w="2163" /><ent r="4" t="17" w="2176" /><ent r="4" t="17" w="2196" /><ent r="3" t="17" w="2218" /><ent r="3" t="17" w="2255" /><ent r="3" t="17" w="2289" /><ent r="3" t="17" w="2294" /><ent r="3" t="17" w="2325" /><ent r="3" t="17" w="2337" /><ent r="4" t="17" w="2343" /><ent r="4" t="17" w="2374" /><ent r="4" t="17" w="2395" /><ent r="3" t="17" w="2405" /><ent r="3" t="17" w="2419" /><ent r="3" t="17" w="2444" /><ent r="3" t="17" w="2462" /><ent r="4" t="17" w="2474" /><ent r="3" t="17" w="2500" /><ent r="3" t="17" w="2518" /><ent r="3" t="18" w="61" /><ent r="3" t="18" w="89" /><ent r="3" t="18" w="106" /><ent r="4" t="18" w="144" /><ent r="4" t="18" w="162" /><ent r="4" t="18" w="175" /><ent r="4" t="18" w="193" /><ent r="4" t="18" w="206" /><ent r="4" t="18" w="224" /><ent r="3" t="18" w="243" /><ent r="4" t="19" w="90" /><ent r="4" t="19" w="139" /><ent r="3" t="19" w="173" /><ent r="3" t="19" w="195" /><ent r="3" t="19" w="239" /><ent r="4" t="19" w="264" /><ent r="6" t="19" w="306" /><ent r="6" t="19" w="310" /><ent r="6" t="19" w="325" /><ent r="6" t="19" w="336" /><ent r="6" t="19" w="382" /><ent r="6" t="19" w="387" /><ent r="6" t="19" w="408" /><ent r="6" t="19" w="417" /><ent r="6" t="19" w="426" /><ent r="7" t="19" w="487" /><ent r="7" t="19" w="501" /><ent r="7" t="19" w="534" /><ent r="7" t="19" w="547" /><ent r="7" t="19" w="584" /><ent r="7" t="19" w="603" /><ent r="4" t="19" w="616" /><ent r="4" t="19" w="629" /><ent r="4" t="19" w="649" /><ent r="3" t="19" w="671" /><ent r="3" t="19" w="708" /><ent r="3" t="19" w="742" /><ent r="3" t="19" w="747" /><ent r="3" t="19" w="778" /><ent r="3" t="19" w="790" /><ent r="4" t="19" w="796" /><ent r="4" t="19" w="827" /><ent r="4" t="19" w="848" /><ent r="3" t="19" w="858" /><ent r="3" t="19" w="872" /><ent r="3" t="19" w="897" /><ent r="3" t="19" w="915" /><ent r="4" t="19" w="927" /><ent r="3" t="19" w="953" /><ent r="3" t="19" w="971" /><ent r="3" t="20" w="65" /><ent r="3" t="20" w="76" /><ent r="4" t="20" w="125" /><ent r="4" t="20" w="158" /><ent r="3" t="20" w="192" /><ent r="3" t="20" w="214" /><ent r="3" t="20" w="258" /><ent r="6" t="20" w="295" /><ent r="6" t="20" w="307" /><ent r="6" t="20" w="317" /><ent r="6" t="20" w="332" /><ent r="6" t="20" w="346" /><ent r="6" t="20" w="362" /><ent r="6" t="20" w="376" /><ent r="4" t="20" w="391" /><ent r="4" t="20" w="415" /><ent r="4" t="20" w="431" /><ent r="4" t="20" w="444" /><ent r="3" t="20" w="464" /><ent r="6" t="20" w="506" /><ent r="6" t="20" w="510" /><ent r="6" t="20" w="525" /><ent r="6" t="20" w="536" /><ent r="6" t="20" w="582" /><ent r="6" t="20" w="587" /><ent r="6" t="20" w="608" /><ent r="6" t="20" w="617" /><ent r="6" t="20" w="626" /><ent r="7" t="20" w="687" /><ent r="7" t="20" w="701" /><ent r="7" t="20" w="734" /><ent r="7" t="20" w="747" /><ent r="7" t="20" w="784" /><ent r="7" t="20" w="803" /><ent r="4" t="20" w="816" /><ent r="4" t="20" w="829" /><ent r="4" t="20" w="849" /><ent r="3" t="20" w="873" /><ent r="3" t="20" w="910" /><ent r="3" t="20" w="944" /><ent r="3" t="20" w="949" /><ent r="3" t="20" w="980" /><ent r="3" t="20" w="992" /><ent r="4" t="20" w="998" /><ent r="4" t="20" w="1029" /><ent r="4" t="20" w="1050" /><ent r="3" t="20" w="1060" /><ent r="3" t="20" w="1074" /><ent r="3" t="20" w="1099" /><ent r="3" t="20" w="1117" /><ent r="4" t="20" w="1129" /><ent r="3" t="20" w="1155" /><ent r="3" t="20" w="1173" /><ent r="4" t="21" w="97" /><ent r="4" t="21" w="129" /><ent r="3" t="21" w="163" /><ent r="3" t="21" w="185" /><ent r="3" t="21" w="229" /><ent r="6" t="21" w="266" /><ent r="6" t="21" w="284" /><ent r="6" t="21" w="304" /><ent r="6" t="21" w="343" /><ent r="6" t="21" w="359" /><ent r="6" t="21" w="380" /><ent r="6" t="21" w="390" /><ent r="6" t="21" w="406" /><ent r="6" t="21" w="420" /><ent r="4" t="21" w="434" /><ent r="4" t="21" w="453" /><ent r="4" t="21" w="466" /><ent r="3" t="21" w="497" /><ent r="3" t="21" w="517" /><ent r="6" t="21" w="559" /><ent r="6" t="21" w="563" /><ent r="6" t="21" w="578" /><ent r="6" t="21" w="589" /><ent r="6" t="21" w="635" /><ent r="6" t="21" w="640" /><ent r="6" t="21" w="661" /><ent r="6" t="21" w="670" /><ent r="6" t="21" w="679" /><ent r="7" t="21" w="740" /><ent r="7" t="21" w="754" /><ent r="7" t="21" w="787" /><ent r="7" t="21" w="800" /><ent r="7" t="21" w="837" /><ent r="7" t="21" w="856" /><ent r="4" t="21" w="869" /><ent r="4" t="21" w="882" /><ent r="4" t="21" w="902" /><ent r="3" t="21" w="928" /><ent r="3" t="21" w="965" /><ent r="3" t="21" w="999" /><ent r="3" t="21" w="1004" /><ent r="3" t="21" w="1035" /><ent r="3" t="21" w="1047" /><ent r="4" t="21" w="1053" /><ent r="4" t="21" w="1084" /><ent r="4" t="21" w="1105" /><ent r="3" t="21" w="1115" /><ent r="3" t="21" w="1129" /><ent r="3" t="21" w="1154" /><ent r="3" t="21" w="1172" /><ent r="4" t="21" w="1184" /><ent r="3" t="21" w="1210" /><ent r="3" t="21" w="1228" /><ent r="3" t="22" w="67" /><ent r="4" t="22" w="84" /><ent r="4" t="22" w="94" /><ent r="4" t="22" w="108" /><ent r="4" t="22" w="121" /><ent r="4" t="22" w="125" /><ent r="4" t="22" w="134" /><ent r="4" t="22" w="142" /><ent r="4" t="22" w="151" /><ent r="4" t="22" w="161" /><ent r="4" t="22" w="171" /><ent r="3" t="22" w="229" /><ent r="7" t="22" w="243" /><ent r="7" t="22" w="276" /><ent r="7" t="22" w="311" /><ent r="7" t="22" w="358" /><ent r="7" t="22" w="396" /><ent r="7" t="22" w="426" /><ent r="7" t="22" w="454" /><ent r="6" t="22" w="525" /><ent r="6" t="22" w="532" /><ent r="6" t="22" w="542" /><ent r="6" t="22" w="587" /><ent r="6" t="22" w="594" /><ent r="6" t="22" w="603" /><ent r="6" t="22" w="673" /><ent r="6" t="22" w="707" /><ent r="6" t="22" w="744" /><ent r="6" t="22" w="756" /><ent r="3" t="23" w="51" /><ent r="3" t="23" w="78" /><ent r="3" t="23" w="93" /><ent r="3" t="23" w="117" /><ent r="4" t="23" w="158" /><ent r="4" t="23" w="167" /><ent r="4" t="23" w="175" /><ent r="4" t="23" w="180" /><ent r="3" t="23" w="261" /><ent r="3" t="23" w="288" /><ent r="4" t="23" w="332" /><ent r="5" t="23" w="368" /><ent r="5" t="23" w="388" /><ent r="4" t="23" w="414" /><ent r="3" t="23" w="441" /><ent r="4" t="23" w="469" /><ent r="4" t="23" w="494" /><ent r="4" t="23" w="512" /><ent r="7" t="23" w="547" /><ent r="7" t="23" w="566" /><ent r="6" t="23" w="603" /><ent r="7" t="23" w="649" /><ent r="7" t="23" w="663" /><ent r="7" t="23" w="689" /><ent r="7" t="23" w="701" /><ent r="7" t="23" w="716" /><ent r="7" t="23" w="727" /><ent r="7" t="23" w="737" /><ent r="7" t="23" w="756" /><ent r="4" t="23" w="766" /><ent r="3" t="23" w="802" /><ent r="3" t="24" w="48" /><ent r="5" t="24" w="82" /><ent r="5" t="24" w="114" /><ent r="6" t="24" w="132" /><ent r="6" t="24" w="177" /><ent r="5" t="24" w="194" /><ent r="5" t="24" w="225" /><ent r="6" t="24" w="230" /><ent r="5" t="24" w="261" /><ent r="5" t="24" w="274" /><ent r="6" t="24" w="295" /><ent r="6" t="24" w="310" /><ent r="6" t="24" w="336" /><ent r="6" t="24" w="375" /><ent r="6" t="24" w="388" /><ent r="5" t="24" w="421" /><ent r="6" t="24" w="446" /><ent r="6" t="24" w="478" /><ent r="6" t="24" w="504" /><ent r="6" t="24" w="535" /><ent r="5" t="24" w="552" /><ent r="6" t="24" w="597" /><ent r="6" t="24" w="602" /><ent r="3" t="24" w="681" /><ent r="3" t="24" w="702" /><ent r="3" t="24" w="753" /><ent r="3" t="24" w="774" /><ent r="4" t="24" w="815" /><ent r="4" t="24" w="825" /><ent r="4" t="24" w="846" /><ent r="4" t="24" w="872" /><ent r="3" t="24" w="899" /><ent r="3" t="24" w="925" /><ent r="3" t="24" w="938" /><ent r="3" t="25" w="37" /><ent r="3" t="25" w="55" /><ent r="3" t="25" w="84" /><ent r="3" t="25" w="130" /><ent r="3" t="25" w="147" /><ent r="3" t="25" w="182" /><ent r="3" t="26" w="56" /><ent r="4" t="26" w="76" /><ent r="4" t="26" w="95" /><ent r="3" t="26" w="164" /><ent r="3" t="26" w="177" /><ent r="3" t="26" w="201" /><ent r="6" t="26" w="234" /><ent r="7" t="26" w="294" /><ent r="6" t="26" w="308" /><ent r="7" t="26" w="363" /><ent r="6" t="26" w="396" /><ent r="6" t="26" w="422" /><ent r="6" t="26" w="431" /><ent r="6" t="26" w="495" /><ent r="6" t="26" w="514" /><ent r="6" t="26" w="551" /><ent r="6" t="26" w="571" /><ent r="6" t="26" w="604" /><ent r="6" t="26" w="623" /><ent r="6" t="26" w="649" /><ent r="6" t="26" w="671" /><ent r="6" t="26" w="691" /><ent r="6" t="26" w="711" /><ent r="6" t="26" w="765" /><ent r="7" t="26" w="786" /><ent r="7" t="26" w="810" /><ent r="7" t="26" w="825" /><ent r="7" t="26" w="855" /><ent r="6" t="26" w="875" /><ent r="7" t="26" w="907" /><ent r="7" t="26" w="925" /><ent r="7" t="26" w="953" /><ent r="7" t="26" w="966" /><ent r="7" t="26" w="1035" /><ent r="7" t="26" w="1052" /><ent r="7" t="26" w="1059" /><ent r="7" t="26" w="1075" /><ent r="6" t="26" w="1119" /><ent r="6" t="26" w="1142" /><ent r="6" t="26" w="1151" /><ent r="7" t="26" w="1183" /><ent r="7" t="26" w="1208" /><ent r="7" t="26" w="1219" /><ent r="7" t="26" w="1226" /><ent r="7" t="26" w="1241" /><ent r="6" t="26" w="1293" /><ent r="6" t="26" w="1298" /><ent r="6" t="26" w="1319" /><ent r="6" t="26" w="1328" /><ent r="6" t="26" w="1337" /><ent r="7" t="26" w="1395" /><ent r="7" t="26" w="1409" /><ent r="7" t="26" w="1442" /><ent r="7" t="26" w="1455" /><ent r="7" t="26" w="1492" /><ent r="7" t="26" w="1511" /><ent r="4" t="26" w="1529" /><ent r="3" t="26" w="1563" /><ent r="3" t="26" w="1568" /><ent r="3" t="26" w="1591" /><ent r="4" t="26" w="1605" /><ent r="4" t="26" w="1610" /><ent r="4" t="26" w="1645" /><ent r="4" t="26" w="1662" /><ent r="4" t="26" w="1688" /><ent r="3" t="26" w="1708" /><ent r="3" t="26" w="1718" /><ent r="3" t="26" w="1728" /><ent r="3" t="26" w="1742" /><ent r="4" t="26" w="1754" /><ent r="3" t="26" w="1781" /><ent r="3" t="26" w="1799" /><ent r="3" t="27" w="44" /><ent r="3" t="27" w="70" /><ent r="3" t="27" w="108" /><ent r="3" t="27" w="134" /><ent r="3" t="27" w="157" /><ent r="3" t="27" w="168" /><ent r="3" t="27" w="188" /><ent r="3" t="27" w="220" /><ent r="3" t="27" w="249" /><ent r="3" t="27" w="272" /><ent r="3" t="27" w="299" /><ent r="3" t="27" w="325" /><ent r="4" t="28" w="62" /><ent r="4" t="28" w="81" /><ent r="4" t="28" w="105" /><ent r="4" t="28" w="134" /><ent r="3" t="28" w="162" /><ent r="3" t="28" w="182" /><ent r="3" t="28" w="208" /><ent r="3" t="28" w="218" /><ent r="7" t="28" w="326" /><ent r="7" t="28" w="351" /><ent r="7" t="28" w="367" /><ent r="7" t="28" w="382" /><ent r="7" t="28" w="429" /><ent r="68" t="28" w="439" /><ent r="7" t="28" w="461" /><ent r="8" t="28" w="525" /><ent r="8" t="28" w="549" /><ent r="68" t="28" w="560" /><ent r="7" t="28" w="594" /><ent r="7" t="28" w="601" /><ent r="68" t="28" w="613" /><ent r="3" t="28" w="639" /><ent r="3" t="28" w="673" /><ent r="3" t="28" w="687" /><ent r="3" t="28" w="697" /><ent r="3" t="28" w="719" /><ent r="3" t="28" w="731" /><ent r="3" t="28" w="767" /><ent r="3" t="28" w="790" /><ent r="3" t="28" w="834" /><ent r="3" t="28" w="857" /><ent r="4" t="28" w="900" /><ent r="4" t="28" w="941" /><ent r="4" t="28" w="971" /><ent r="4" t="28" w="1014" /><ent r="4" t="28" w="1027" /><ent r="4" t="28" w="1077" /><ent r="3" t="28" w="1146" /><ent r="3" t="28" w="1163" /><ent r="4" t="28" w="1200" /><ent r="4" t="28" w="1257" /><ent r="4" t="28" w="1283" /><ent r="4" t="28" w="1295" /><ent r="3" t="28" w="1318" /><ent r="3" t="29" w="58" /><ent r="3" t="29" w="93" /><ent r="3" t="29" w="124" /><ent r="4" t="29" w="141" /><ent r="3" t="30" w="54" /><ent r="3" t="30" w="74" /><ent r="3" t="30" w="88" /><ent r="3" t="30" w="105" /><ent r="3" t="30" w="135" /><ent r="4" t="30" w="169" /><ent r="4" t="30" w="175" /><ent r="4" t="30" w="189" /><ent r="4" t="30" w="220" /><ent r="4" t="30" w="229" /><ent r="3" t="30" w="246" /><ent r="3" t="31" w="56" /><ent r="4" t="31" w="92" /><ent r="4" t="31" w="100" /><ent r="4" t="31" w="107" /><ent r="4" t="31" w="129" /><ent r="4" t="31" w="138" /><ent r="4" t="31" w="145" /><ent r="3" t="31" w="178" /><ent r="3" t="31" w="227" /><ent r="3" t="31" w="254" /><ent r="3" t="31" w="284" /><ent r="3" t="31" w="309" /><ent r="3" t="31" w="334" /><ent r="4" t="31" w="373" /><ent r="4" t="31" w="386" /><ent r="5" t="31" w="410" /><ent r="3" t="31" w="476" /><ent r="4" t="31" w="500" /><ent r="4" t="31" w="537" /><ent r="4" t="31" w="564" /><ent r="4" t="31" w="588" /><ent r="4" t="31" w="597" /><ent r="4" t="31" w="629" /><ent r="5" t="31" w="649" /><ent r="5" t="31" w="668" /><ent r="5" t="31" w="688" /><ent r="5" t="31" w="706" /><ent r="3" t="32" w="56" /><ent r="3" t="32" w="84" /><ent r="3" t="32" w="110" /><ent r="3" t="32" w="158" /><ent r="3" t="32" w="167" /><ent r="4" t="32" w="200" /><ent r="4" t="32" w="206" /><ent r="4" t="32" w="220" /><ent r="4" t="32" w="240" /><ent r="8" t="32" w="320" /><ent r="8" t="32" w="379" /><ent r="7" t="32" w="390" /><ent r="7" t="32" w="448" /><ent r="7" t="32" w="459" /><ent r="7" t="32" w="472" /><ent r="7" t="32" w="488" /><ent r="7" t="32" w="514" /><ent r="7" t="32" w="544" /><ent r="7" t="32" w="564" /><ent r="4" t="32" w="571" /><ent r="4" t="32" w="576" /><ent r="3" t="33" w="54" /><ent r="3" t="33" w="69" /><ent r="3" t="33" w="100" /><ent r="4" t="33" w="135" /><ent r="4" t="33" w="141" /><ent r="4" t="33" w="155" /><ent r="5" t="33" w="201" /><ent r="4" t="33" w="208" /><ent r="4" t="33" w="224" /><ent r="4" t="33" w="234" /><ent r="3" t="34" w="36" /><ent r="3" t="34" w="63" /><ent r="3" t="34" w="85" /><ent r="3" t="34" w="114" /><ent r="3" t="34" w="137" /><ent r="3" t="34" w="164" /><ent r="4" t="34" w="191" /><ent r="4" t="34" w="214" /><ent r="4" t="34" w="226" /><ent r="3" t="34" w="284" /><ent r="3" t="34" w="307" /><ent r="4" t="34" w="313" /><ent r="4" t="34" w="323" /><ent r="4" t="34" w="342" /><ent r="4" t="34" w="355" /><ent r="3" t="35" w="41" /><ent r="4" t="35" w="68" /><ent r="4" t="35" w="91" /><ent r="4" t="35" w="103" /><ent r="4" t="35" w="112" /><ent r="3" t="36" w="46" /><ent r="3" t="36" w="68" /><ent r="3" t="36" w="77" /><ent r="3" t="36" w="93" /><ent r="3" t="36" w="147" /><ent r="3" t="36" w="157" /><ent r="3" t="36" w="209" /><ent r="3" t="36" w="242" /><ent r="3" t="36" w="279" /><ent r="3" t="36" w="328" /><ent r="3" t="36" w="358" /><ent r="3" t="36" w="366" /><ent r="3" t="36" w="379" /><ent r="3" t="36" w="426" /><ent r="3" t="36" w="442" /><ent r="3" t="36" w="453" /><ent r="3" t="36" w="491" /><ent r="3" t="36" w="514" /><ent r="3" t="36" w="530" /><ent r="3" t="36" w="541" /><ent r="3" t="36" w="560" /><ent r="3" t="36" w="622" /><ent r="4" t="37" w="76" /><ent r="4" t="37" w="103" /><ent r="4" t="37" w="117" /><ent r="4" t="37" w="164" /><ent r="4" t="37" w="198" /><ent r="4" t="37" w="220" /><ent r="3" t="37" w="238" /><ent r="3" t="37" w="264" /><ent r="3" t="37" w="277" /><ent r="3" t="38" w="39" /><ent r="3" t="38" w="51" /><ent r="3" t="38" w="81" /><ent r="3" t="38" w="106" /><ent r="3" t="38" w="139" /><ent r="3" t="38" w="155" /><ent r="3" t="39" w="47" /><ent r="3" t="39" w="88" /><ent r="3" t="39" w="126" /><ent r="3" t="39" w="147" /><ent r="3" t="39" w="190" /><ent r="3" t="39" w="247" /><ent r="3" t="39" w="271" /><ent r="3" t="39" w="303" /><ent r="3" t="39" w="417" /><ent r="3" t="39" w="432" /><ent r="3" t="39" w="478" /><ent r="3" t="39" w="507" /><ent r="3" t="39" w="527" /><ent r="3" t="39" w="560" /><ent r="3" t="39" w="585" /><ent r="3" t="39" w="679" /><ent r="3" t="39" w="713" /><ent r="4" t="39" w="779" /><ent r="4" t="39" w="807" /><ent r="4" t="39" w="826" /><ent r="3" t="39" w="857" /><ent r="4" t="39" w="954" /><ent r="3" t="39" w="994" /><ent r="3" t="39" w="1006" /><ent r="3" t="39" w="1029" /><ent r="3" t="39" w="1061" /><ent r="3" t="39" w="1115" /><ent r="3" t="39" w="1140" /><ent r="3" t="39" w="1166" /><ent r="3" t="40" w="51" /><ent r="3" t="40" w="87" /><ent r="3" t="40" w="97" /><ent r="3" t="40" w="126" /><ent r="3" t="40" w="150" /><ent r="3" t="40" w="165" /><ent r="3" t="40" w="193" /><ent r="3" t="40" w="206" /><ent r="3" t="41" w="52" /><ent r="3" t="41" w="99" /><ent r="3" t="41" w="135" /><ent r="3" t="41" w="160" /><ent r="3" t="41" w="183" /><ent r="3" t="41" w="211" /><ent r="3" t="41" w="277" /><ent r="3" t="41" w="333" /><ent r="3" t="41" w="358" /><ent r="3" t="41" w="393" /><ent r="3" t="41" w="419" /><ent r="3" t="41" w="438" /><ent r="3" t="41" w="483" /><ent r="3" t="41" w="503" /><ent r="3" t="41" w="535" /><ent r="3" t="41" w="551" /><ent r="3" t="41" w="571" /><ent r="3" t="41" w="586" /><ent r="3" t="41" w="623" /><ent r="3" t="41" w="640" /><ent r="3" t="41" w="708" /><ent r="3" t="41" w="720" /><ent r="3" t="41" w="734" /><ent r="3" t="41" w="756" /><ent r="3" t="41" w="777" /><ent r="3" t="41" w="835" /><ent r="3" t="41" w="873" /><ent r="3" t="41" w="906" /><ent r="3" t="41" w="916" /><ent r="3" t="41" w="942" /><ent r="3" t="41" w="1016" /><ent r="4" t="41" w="1048" /><ent r="4" t="41" w="1071" /><ent r="4" t="41" w="1077" /><ent r="4" t="41" w="1094" /><ent r="4" t="41" w="1197" /><ent r="3" t="41" w="1239" /><ent r="3" t="41" w="1304" /><ent r="3" t="41" w="1374" /><ent r="3" t="41" w="1412" /><ent r="3" t="41" w="1434" /><ent r="3" t="41" w="1469" /><ent r="3" t="41" w="1497" /><ent r="3" t="41" w="1532" /><ent r="3" t="41" w="1599" /><ent r="3" t="41" w="1644" /><ent r="3" t="41" w="1659" /><ent r="3" t="41" w="1686" /><ent r="3" t="41" w="1702" /><ent r="3" t="41" w="1730" /><ent r="3" t="41" w="1773" /><ent r="3" t="41" w="1794" /><ent r="3" t="41" w="1825" /><ent r="3" t="41" w="1847" /><ent r="3" t="41" w="1877" /><ent r="3" t="41" w="1892" /><ent r="3" t="41" w="1911" /><ent r="3" t="41" w="1935" /><ent r="3" t="41" w="1957" /><ent r="4" t="41" w="2015" /><ent r="3" t="41" w="2037" /><ent r="3" t="41" w="2076" /><ent r="4" t="41" w="2101" /><ent r="4" t="41" w="2124" /><ent r="4" t="41" w="2130" /><ent r="4" t="41" w="2145" /><ent r="3" t="41" w="2168" /><ent r="3" t="41" w="2188" /><ent r="3" t="42" w="54" /><ent r="3" t="42" w="72" /><ent r="6" t="42" w="106" /><ent r="7" t="42" w="128" /><ent r="7" t="42" w="165" /><ent r="7" t="42" w="194" /><ent r="6" t="42" w="228" /><ent r="7" t="42" w="239" /><ent r="7" t="42" w="256" /><ent r="6" t="42" w="283" /><ent r="6" t="42" w="299" /><ent r="7" t="42" w="326" /><ent r="7" t="42" w="337" /><ent r="7" t="42" w="343" /><ent r="7" t="42" w="376" /><ent r="7" t="42" w="386" /><ent r="7" t="42" w="419" /><ent r="7" t="42" w="430" /><ent r="7" t="42" w="440" /><ent r="4" t="43" w="74" /><ent r="4" t="43" w="83" /><ent r="4" t="43" w="112" /><ent r="4" t="43" w="122" /><ent r="3" t="43" w="141" /><ent r="3" t="43" w="159" /><ent r="3" t="44" w="38" /><ent r="3" t="44" w="46" /><ent r="4" t="44" w="87" /><ent r="4" t="44" w="118" /><ent r="4" t="44" w="155" /><ent r="3" t="44" w="183" /><ent r="3" t="44" w="208" /><ent r="4" t="44" w="236" /><ent r="4" t="44" w="251" /><ent r="4" t="44" w="258" /><ent r="4" t="44" w="267" /><ent r="6" t="44" w="315" /><ent r="6" t="44" w="327" /><ent r="6" t="44" w="409" /><ent r="6" t="44" w="443" /><ent r="6" t="44" w="459" /><ent r="6" t="44" w="471" /><ent r="6" t="44" w="485" /><ent r="6" t="44" w="491" /><ent r="4" t="44" w="498" /><ent r="4" t="44" w="513" /><ent r="3" t="45" w="63" /><ent r="3" t="45" w="82" /><ent r="3" t="45" w="111" /><ent r="3" t="45" w="216" /><ent r="3" t="45" w="234" /><ent r="3" t="45" w="267" /><ent r="3" t="45" w="299" /><ent r="3" t="46" w="65" /><ent r="4" t="46" w="222" /><ent r="3" t="46" w="250" /><ent r="3" t="46" w="296" /><ent r="3" t="46" w="307" /><ent r="3" t="46" w="325" /><ent r="3" t="46" w="350" /><ent r="3" t="46" w="364" /><ent r="3" t="46" w="522" /><ent r="3" t="46" w="544" /><ent r="3" t="46" w="583" /><ent r="3" t="46" w="656" /><ent r="3" t="46" w="663" /><ent r="3" t="46" w="753" /><ent r="3" t="47" w="54" /><ent r="3" t="47" w="78" /><ent r="3" t="47" w="93" /><ent r="3" t="47" w="119" /><ent r="3" t="47" w="134" /><ent r="3" t="47" w="159" /><ent r="3" t="47" w="202" /><ent r="3" t="47" w="234" /><ent r="3" t="47" w="266" /><ent r="3" t="47" w="286" /><ent r="3" t="47" w="300" /><ent r="3" t="47" w="324" /><ent r="3" t="47" w="362" /><ent r="3" t="47" w="387" /><ent r="3" t="47" w="408" /><ent r="3" t="47" w="422" /><ent r="3" t="47" w="438" /><ent r="3" t="47" w="527" /><ent r="3" t="47" w="549" /><ent r="3" t="47" w="566" /><ent r="3" t="47" w="594" /><ent r="3" t="47" w="613" /><ent r="3" t="47" w="627" /><ent r="3" t="47" w="651" /><ent r="3" t="47" w="670" /><ent r="3" t="47" w="679" /><ent r="3" t="47" w="713" /><ent r="3" t="47" w="734" /><ent r="3" t="47" w="777" /><ent r="3" t="47" w="812" /><ent r="3" t="47" w="847" /><ent r="3" t="48" w="39" /><ent r="3" t="48" w="60" /><ent r="3" t="48" w="74" /><ent r="4" t="48" w="147" /><ent r="4" t="48" w="244" /><ent r="4" t="48" w="253" /><ent r="4" t="48" w="377" /><ent r="4" t="48" w="396" /><ent r="4" t="48" w="548" /><ent r="4" t="48" w="583" /><ent r="4" t="48" w="602" /><ent r="3" t="49" w="42" /><ent r="3" t="49" w="56" /><ent r="3" t="49" w="67" /><ent r="3" t="49" w="88" /><ent r="3" t="49" w="98" /><ent r="3" t="49" w="113" /><ent r="6" t="49" w="143" /><ent r="6" t="49" w="167" /><ent r="6" t="49" w="196" /><ent r="6" t="49" w="226" /><ent r="6" t="49" w="268" /><ent r="7" t="49" w="301" /><ent r="6" t="49" w="316" /><ent r="7" t="49" w="350" /><ent r="7" t="49" w="376" /><ent r="6" t="49" w="385" /><ent r="7" t="49" w="438" /><ent r="7" t="49" w="464" /><ent r="6" t="49" w="506" /><ent r="6" t="49" w="546" /><ent r="6" t="49" w="575" /><ent r="6" t="49" w="588" /><ent r="3" t="50" w="54" /><ent r="3" t="50" w="75" /><ent r="3" t="50" w="89" /><ent r="3" t="50" w="114" /><ent r="3" t="50" w="124" /><ent r="3" t="50" w="143" /><ent r="6" t="50" w="175" /><ent r="6" t="50" w="199" /><ent r="6" t="50" w="233" /><ent r="6" t="50" w="251" /><ent r="6" t="50" w="267" /><ent r="7" t="50" w="307" /><ent r="7" t="50" w="344" /><ent r="7" t="50" w="365" /><ent r="6" t="50" w="526" /><ent r="7" t="50" w="572" /><ent r="7" t="50" w="594" /><ent r="7" t="50" w="617" /><ent r="6" t="50" w="644" /><ent r="6" t="50" w="668" /><ent r="3" t="50" w="701" /><ent r="3" t="50" w="714" /><ent r="3" t="50" w="727" /><ent r="3" t="50" w="764" /><ent r="3" t="50" w="781" /><ent r="3" t="50" w="801" /><ent r="3" t="50" w="853" /><ent r="3" t="50" w="873" /><ent r="4" t="50" w="928" /><ent r="3" t="50" w="953" /><ent r="4" t="50" w="972" /><ent r="4" t="50" w="993" /><ent r="4" t="50" w="1016" /><ent r="4" t="50" w="1036" /><ent r="4" t="50" w="1079" /><ent r="4" t="50" w="1099" /><ent r="4" t="50" w="1118" /><ent r="4" t="50" w="1133" /><ent r="4" t="50" w="1153" /><ent r="4" t="50" w="1171" /><ent r="4" t="50" w="1194" /><ent r="4" t="50" w="1214" /><ent r="3" t="51" w="39" /><ent r="3" t="51" w="60" /><ent r="3" t="51" w="74" /><ent r="3" t="51" w="92" /><ent r="4" t="51" w="145" /><ent r="3" t="51" w="183" /><ent r="3" t="51" w="216" /><ent r="3" t="52" w="60" /><ent r="3" t="52" w="81" /><ent r="3" t="52" w="95" /><ent r="3" t="52" w="119" /><ent r="3" t="52" w="164" /><ent r="3" t="52" w="174" /><ent r="3" t="52" w="188" /><ent r="3" t="52" w="219" /><ent r="3" t="52" w="245" /><ent r="3" t="52" w="275" /><ent r="3" t="52" w="310" /><ent r="3" t="52" w="322" /><ent r="3" t="52" w="374" /><ent r="3" t="53" w="106" /><ent r="4" t="53" w="183" /><ent r="4" t="53" w="215" /><ent r="4" t="53" w="246" /><ent r="3" t="53" w="289" /><ent r="3" t="53" w="307" /><ent r="3" t="53" w="325" /><ent r="4" t="53" w="388" /><ent r="4" t="53" w="400" /><ent r="3" t="53" w="445" /><ent r="3" t="54" w="53" /><ent r="3" t="54" w="74" /><ent r="3" t="54" w="88" /><ent r="4" t="54" w="151" /><ent r="3" t="54" w="165" /><ent r="3" t="54" w="186" /><ent r="3" t="54" w="211" /><ent r="3" t="54" w="227" /><ent r="3" t="54" w="284" /><ent r="3" t="54" w="334" /><ent r="4" t="54" w="354" /><ent r="4" t="54" w="366" /><ent r="4" t="54" w="376" /><ent r="4" t="54" w="397" /><ent r="6" t="54" w="438" /><ent r="6" t="54" w="452" /><ent r="7" t="54" w="481" /><ent r="7" t="54" w="504" /><ent r="7" t="54" w="518" /><ent r="7" t="54" w="537" /><ent r="6" t="54" w="566" /><ent r="6" t="54" w="586" /><ent r="6" t="54" w="618" /><ent r="8" t="54" w="729" /><ent r="8" t="54" w="762" /><ent r="8" t="54" w="776" /><ent r="9" t="54" w="816" /><ent r="9" t="54" w="837" /><ent r="8" t="54" w="870" /><ent r="8" t="54" w="893" /><ent r="8" t="54" w="987" /><ent r="8" t="54" w="1006" /><ent r="9" t="54" w="1035" /><ent r="9" t="54" w="1054" /><ent r="9" t="54" w="1062" /><ent r="9" t="54" w="1121" /><ent r="9" t="54" w="1165" /><ent r="9" t="54" w="1197" /><ent r="9" t="54" w="1249" /><ent r="8" t="54" w="1280" /><ent r="8" t="54" w="1303" /><ent r="8" t="54" w="1326" /><ent r="7" t="54" w="1381" /><ent r="7" t="54" w="1404" /><ent r="4" t="54" w="1427" /><ent r="4" t="54" w="1441" /><ent r="4" t="54" w="1457" /><ent r="6" t="54" w="1507" /><ent r="6" t="54" w="1523" /><ent r="6" t="54" w="1542" /><ent r="6" t="54" w="1564" /><ent r="4" t="54" w="1574" /><ent r="4" t="54" w="1613" /><ent r="3" t="54" w="1642" /><ent r="3" t="54" w="1667" /><ent r="3" t="54" w="1683" /><ent r="3" t="54" w="1707" /><ent r="4" t="54" w="1716" /><ent r="4" t="54" w="1727" /><ent r="4" t="54" w="1739" /><ent r="4" t="54" w="1759" /><ent r="3" t="54" w="1775" /><ent r="3" t="54" w="1784" /><ent r="3" t="55" w="71" /><ent r="3" t="55" w="85" /><ent r="3" t="55" w="119" /><ent r="3" t="55" w="143" /><ent r="3" t="55" w="169" /><ent r="3" t="55" w="209" /><ent r="3" t="55" w="268" /><ent r="3" t="55" w="291" /><ent r="4" t="56" w="102" /><ent r="4" t="56" w="119" /><ent r="4" t="56" w="149" /><ent r="4" t="56" w="163" /><ent r="3" t="57" w="51" /><ent r="3" t="57" w="80" /><ent r="5" t="57" w="129" /><ent r="5" t="57" w="159" /><ent r="5" t="57" w="197" /><ent r="3" t="57" w="218" /><ent r="6" t="57" w="242" /><ent r="7" t="57" w="295" /><ent r="7" t="57" w="327" /><ent r="7" t="57" w="341" /><ent r="7" t="57" w="365" /><ent r="7" t="57" w="388" /><ent r="6" t="57" w="398" /><ent r="7" t="57" w="426" /><ent r="7" t="57" w="441" /><ent r="7" t="57" w="451" /><ent r="6" t="57" w="468" /><ent r="3" t="58" w="54" /><ent r="3" t="58" w="75" /><ent r="4" t="58" w="119" /><ent r="4" t="58" w="128" /><ent r="3" t="58" w="150" /><ent r="6" t="58" w="175" /><ent r="6" t="58" w="258" /><ent r="3" t="59" w="42" /><ent r="3" t="59" w="63" /><ent r="3" t="59" w="77" /><ent r="3" t="59" w="93" /><ent r="3" t="59" w="117" /><ent r="3" t="59" w="136" /><ent r="3" t="59" w="165" /><ent r="3" t="59" w="199" /><ent r="3" t="59" w="234" /><ent r="3" t="59" w="262" /><ent r="4" t="59" w="299" /><ent r="4" t="59" w="326" /><ent r="3" t="60" w="44" /><ent r="3" t="60" w="90" /><ent r="3" t="60" w="109" /><ent r="7" t="61" w="78" /><ent r="7" t="61" w="93" /><ent r="7" t="61" w="105" /><ent r="7" t="61" w="120" /><ent r="7" t="61" w="132" /><ent r="7" t="61" w="151" /><ent r="7" t="61" w="164" /><ent r="7" t="61" w="209" /><ent r="7" t="61" w="219" /><ent r="7" t="61" w="241" /><ent r="7" t="61" w="251" /><ent r="7" t="61" w="280" /><ent r="7" t="61" w="312" /><ent r="7" t="61" w="324" /><ent r="7" t="61" w="394" /><ent r="7" t="61" w="422" /><ent r="7" t="61" w="438" /><ent r="7" t="61" w="488" /><ent r="7" t="61" w="521" /><ent r="7" t="61" w="534" /><ent r="7" t="61" w="564" /><ent r="7" t="61" w="595" /><ent r="7" t="61" w="618" /><ent r="7" t="61" w="642" /><ent r="7" t="61" w="654" /><ent r="7" t="61" w="673" /><ent r="7" t="61" w="686" /><ent r="4" t="62" w="111" /><ent r="4" t="62" w="158" /><ent r="4" t="63" w="92" /><ent r="4" t="63" w="101" /><ent r="4" t="63" w="112" /><ent r="4" t="63" w="129" /><ent r="4" t="63" w="153" /><ent r="4" t="63" w="233" /><ent r="4" t="63" w="242" /><ent r="3" t="64" w="38" /><ent r="3" t="64" w="82" /><ent r="3" t="64" w="100" /><ent r="4" t="64" w="175" /><ent r="4" t="64" w="200" /><ent r="3" t="65" w="50" /><ent r="3" t="65" w="67" /><ent r="3" t="65" w="105" /><ent r="4" t="65" w="211" /><ent r="4" t="65" w="238" /><ent r="4" t="65" w="271" /><ent r="3" t="65" w="299" /><ent r="4" t="65" w="305" /><ent r="4" t="65" w="314" /><ent r="3" t="66" w="47" /><ent r="3" t="66" w="67" /><ent r="3" t="66" w="76" /><ent r="3" t="66" w="111" /><ent r="3" t="66" w="126" /><ent r="3" t="66" w="150" /><ent r="4" t="66" w="168" /><ent r="4" t="66" w="179" /><ent r="4" t="66" w="207" /><ent r="4" t="66" w="216" /><ent r="4" t="66" w="225" /><ent r="3" t="66" w="354" /><ent r="3" t="66" w="362" /><ent r="3" t="66" w="366" /><ent r="3" t="66" w="425" /><ent r="3" t="66" w="433" /><ent r="3" t="66" w="463" /><ent r="3" t="66" w="474" /><ent r="3" t="66" w="499" /><ent r="3" t="66" w="508" /><ent r="4" t="66" w="730" /><ent r="4" t="66" w="753" /><ent r="4" t="66" w="768" /><ent r="4" t="66" w="836" /><ent r="4" t="66" w="851" /><ent r="4" t="66" w="953" /><ent r="4" t="66" w="975" /><ent r="4" t="66" w="997" /><ent r="4" t="66" w="1031" /><ent r="4" t="66" w="1040" /><ent r="3" t="68" w="53" /><ent r="3" t="68" w="64" /><ent r="3" t="68" w="91" /><ent r="4" t="68" w="112" /><ent r="3" t="68" w="147" /><ent r="4" t="68" w="151" /><ent r="4" t="68" w="164" /><ent r="4" t="68" w="174" /><ent r="4" t="68" w="182" /><ent r="3" t="68" w="200" /><ent r="3" t="68" w="217" /><ent r="3" t="68" w="232" /><ent r="3" t="68" w="268" /><ent r="3" t="68" w="280" /><ent r="4" t="68" w="290" /><ent r="4" t="68" w="298" /><ent r="4" t="68" w="340" /></phr></stem></index>