﻿<?xml version="1.0" encoding="utf-8"?><index><stem n="indent"><phr n="indents"><ent r="6" t="44" w="373" /></phr></stem><stem n="easier"><phr n="easier"><ent r="6" t="44" w="384" /></phr></stem><stem n="digit"><phr n="digitally"><ent r="6" t="44" w="400" /></phr></stem><stem n="introduc"><phr n="introduce"><ent r="6" t="44" w="407" /></phr></stem><stem n=".properti"><phr n=".properties"><ent r="4" t="45" w="37" /><ent r="5" t="64" w="108" /></phr></stem><stem n="logging.properti"><phr n="logging.properties"><ent r="4" t="45" w="37" /><ent r="4" t="45" w="36" /><ent r="5" t="64" w="108" /><ent r="5" t="64" w="107" /><ent r="5" t="64" w="149" /><ent r="5" t="64" w="148" /></phr></stem><stem n="govern"><phr n="govern"><ent r="3" t="45" w="44" /></phr></stem><stem n="ssa0"><phr n="ssa0"><ent r="4" t="45" w="82" /><ent r="4" t="45" w="224" /><ent r="4" t="45" w="264" /><ent r="4" t="63" w="173" /><ent r="4" t="64" w="250" /></phr></stem><stem n=".log"><phr n=".log"><ent r="4" t="45" w="83" /><ent r="4" t="45" w="88" /><ent r="4" t="45" w="225" /><ent r="4" t="45" w="244" /><ent r="4" t="45" w="249" /><ent r="4" t="63" w="174" /><ent r="4" t="64" w="251" /></phr></stem><stem n="ssa0.log"><phr n="ssa0.log"><ent r="4" t="45" w="83" /><ent r="4" t="45" w="82" /><ent r="4" t="45" w="225" /><ent r="4" t="45" w="224" /><ent r="4" t="45" w="265" /><ent r="4" t="45" w="264" /><ent r="4" t="63" w="174" /><ent r="4" t="63" w="173" /><ent r="4" t="64" w="251" /><ent r="4" t="64" w="250" /></phr></stem><stem n="ssa1"><phr n="ssa1"><ent r="4" t="45" w="87" /><ent r="4" t="45" w="243" /><ent r="4" t="45" w="248" /></phr></stem><stem n="ssa1.log"><phr n="ssa1.log"><ent r="4" t="45" w="88" /><ent r="4" t="45" w="87" /><ent r="4" t="45" w="244" /><ent r="4" t="45" w="243" /><ent r="4" t="45" w="249" /><ent r="4" t="45" w="248" /></phr></stem><stem n="\&lt;user"><phr n="\&lt;user"><ent r="5" t="45" w="118" /></phr></stem><stem n="&lt;user"><phr n="&lt;user"><ent r="5" t="45" w="118" /><ent r="6" t="45" w="161" /></phr></stem><stem n="name&gt;"><phr n="name&gt;"><ent r="5" t="45" w="119" /><ent r="6" t="45" w="162" /></phr></stem><stem n="(where"><phr n="(where"><ent r="4" t="45" w="172" /></phr></stem><stem n="'~'"><phr n="'~'"><ent r="4" t="45" w="174" /></phr></stem><stem n="rollov"><phr n="Rollover"><ent r="92" t="45" w="201" /></phr><phr n="rollover"><ent r="3" t="45" w="214" /></phr></stem><stem n="preconfigur"><phr n="preconfigured"><ent r="3" t="45" w="213" /></phr></stem><stem n="fashion"><phr n="fashion"><ent r="3" t="45" w="215" /></phr></stem><stem n="size"><phr n="size"><ent r="3" t="45" w="233" /><ent r="3" t="45" w="254" /></phr></stem><stem n="10mb"><phr n="10MB"><ent r="3" t="45" w="235" /><ent r="3" t="45" w="252" /></phr></stem><stem n="switch"><phr n="switches"><ent r="3" t="45" w="240" /></phr></stem><stem n="ssa0.log,"><phr n="ssa0.log,"><ent r="4" t="45" w="265" /><ent r="4" t="45" w="264" /></phr></stem><stem n=".log,"><phr n=".log,"><ent r="4" t="45" w="266" /></phr></stem><stem n="overwrit"><phr n="overwriting"><ent r="3" t="45" w="267" /></phr></stem><stem n="older"><phr n="older"><ent r="3" t="45" w="269" /></phr></stem><stem n="inject"><phr n="Injection"><ent r="1000" t="46" w="5" /><ent r="100" t="46" w="11" /><ent r="100" t="46" w="20" /><ent r="102" t="46" w="26" /><ent r="3" t="46" w="31" /><ent r="3" t="46" w="67" /><ent r="3" t="46" w="325" /><ent r="92" t="46" w="711" /><ent r="9" t="70" w="198" /></phr><phr n="injection"><ent r="100" t="46" w="15" /><ent r="100" t="46" w="18" /><ent r="3" t="46" w="247" /><ent r="3" t="46" w="369" /><ent r="4" t="46" w="428" /><ent r="3" t="46" w="721" /><ent r="68" t="70" w="177" /><ent r="8" t="70" w="183" /><ent r="8" t="70" w="207" /><ent r="8" t="70" w="212" /><ent r="8" t="70" w="220" /><ent r="9" t="70" w="230" /><ent r="68" t="70" w="277" /><ent r="69" t="70" w="305" /><ent r="8" t="70" w="347" /><ent r="68" t="70" w="391" /><ent r="68" t="70" w="436" /><ent r="68" t="70" w="481" /></phr><phr n="Injected"><ent r="5" t="46" w="374" /><ent r="5" t="46" w="388" /><ent r="5" t="46" w="402" /><ent r="3" t="46" w="598" /><ent r="3" t="46" w="606" /><ent r="3" t="46" w="614" /><ent r="5" t="46" w="693" /><ent r="8" t="70" w="408" /><ent r="8" t="70" w="453" /><ent r="8" t="70" w="498" /></phr><phr n="injected"><ent r="3" t="46" w="490" /><ent r="3" t="46" w="493" /><ent r="3" t="46" w="496" /><ent r="3" t="46" w="506" /><ent r="3" t="46" w="514" /><ent r="3" t="46" w="577" /><ent r="3" t="46" w="626" /><ent r="5" t="46" w="677" /></phr><phr n="Inject"><ent r="9" t="70" w="311" /></phr></stem><stem n="solut"><phr n="solution"><ent r="3" t="46" w="71" /></phr><phr n="solutions"><ent r="3" t="46" w="227" /></phr></stem><stem n="none"><phr n="none"><ent r="3" t="46" w="88" /></phr><phr n="None"><ent r="8" t="54" w="485" /></phr></stem><stem n="feasibl"><phr n="feasible"><ent r="3" t="46" w="93" /></phr></stem><stem n="have"><phr n="having"><ent r="4" t="46" w="107" /></phr></stem><stem n="("><phr n="("><ent r="4" t="46" w="111" /><ent r="4" t="46" w="152" /><ent r="10" t="54" w="1010" /></phr></stem><stem n="caveat"><phr n="caveats"><ent r="6" t="46" w="112" /><ent r="6" t="46" w="153" /></phr></stem><stem n="good"><phr n="good"><ent r="6" t="46" w="119" /><ent r="6" t="46" w="183" /></phr></stem><stem n="behaviour"><phr n="behaviour"><ent r="6" t="46" w="120" /><ent r="6" t="46" w="184" /><ent r="3" t="62" w="14" /><ent r="3" t="70" w="14" /></phr></stem><stem n="lengthi"><phr n="lengthy"><ent r="6" t="46" w="122" /></phr></stem><stem n="secret"><phr n="secret"><ent r="6" t="46" w="123" /></phr></stem><stem n="imperson"><phr n="impersonating"><ent r="6" t="46" w="129" /></phr><phr n="impersonate"><ent r="6" t="46" w="198" /></phr></stem><stem n="foreground"><phr n="foreground"><ent r="4" t="46" w="150" /></phr></stem><stem n=":need"><phr n=":need"><ent r="6" t="46" w="155" /></phr></stem><stem n="don"><phr n="don"><ent r="6" t="46" w="189" /></phr></stem><stem n="'t"><phr n="'t"><ent r="6" t="46" w="190" /></phr></stem><stem n="don't"><phr n="don't"><ent r="6" t="46" w="190" /><ent r="6" t="46" w="189" /></phr></stem><stem n="other'"><phr n="other's"><ent r="6" t="46" w="195" /><ent r="6" t="46" w="194" /></phr></stem><stem n="ideal"><phr n="ideal"><ent r="3" t="46" w="226" /></phr></stem><stem n="queri"><phr n="queries"><ent r="3" t="46" w="256" /></phr><phr n="querying"><ent r="3" t="69" w="207" /></phr></stem><stem n="insert"><phr n="inserts"><ent r="3" t="46" w="280" /></phr></stem><stem n="input"><phr n="input"><ent r="3" t="46" w="316" /></phr></stem><stem n="work"><phr n="work"><ent r="3" t="46" w="327" /><ent r="3" t="47" w="490" /></phr><phr n="working"><ent r="3" t="51" w="221" /><ent r="3" t="52" w="366" /><ent r="3" t="53" w="496" /></phr></stem><stem n="x-inject"><phr n="X-Injected"><ent r="5" t="46" w="373" /><ent r="5" t="46" w="387" /><ent r="5" t="46" w="401" /><ent r="3" t="46" w="597" /><ent r="3" t="46" w="605" /><ent r="3" t="46" w="613" /><ent r="5" t="46" w="692" /><ent r="8" t="70" w="407" /><ent r="8" t="70" w="452" /><ent r="8" t="70" w="497" /></phr></stem><stem n="x-injected-us"><phr n="X-Injected-User"><ent r="5" t="46" w="373" /><ent r="3" t="46" w="597" /><ent r="5" t="46" w="692" /><ent r="8" t="70" w="407" /></phr></stem><stem n="x-injected-user-nam"><phr n="X-Injected-User-Name"><ent r="5" t="46" w="373" /><ent r="3" t="46" w="597" /><ent r="5" t="46" w="692" /><ent r="8" t="70" w="407" /></phr></stem><stem n="injected-us"><phr n="Injected-User"><ent r="5" t="46" w="374" /><ent r="3" t="46" w="598" /><ent r="5" t="46" w="693" /><ent r="8" t="70" w="408" /></phr></stem><stem n="injected-user-nam"><phr n="Injected-User-Name"><ent r="5" t="46" w="374" /><ent r="3" t="46" w="598" /><ent r="5" t="46" w="693" /><ent r="8" t="70" w="408" /></phr></stem><stem n="user-nam"><phr n="User-Name"><ent r="5" t="46" w="375" /><ent r="3" t="46" w="599" /><ent r="5" t="46" w="694" /><ent r="8" t="70" w="409" /></phr></stem><stem n="-injected-user-name:"><phr n="-Injected-User-Name:"><ent r="5" t="46" w="377" /><ent r="5" t="46" w="379" /></phr></stem><stem n="x-injected-domain"><phr n="X-Injected-Domain"><ent r="5" t="46" w="387" /><ent r="3" t="46" w="605" /><ent r="8" t="70" w="452" /></phr></stem><stem n="x-injected-domain-nam"><phr n="X-Injected-Domain-Name"><ent r="5" t="46" w="387" /><ent r="3" t="46" w="605" /><ent r="8" t="70" w="452" /></phr></stem><stem n="injected-domain"><phr n="Injected-Domain"><ent r="5" t="46" w="388" /><ent r="3" t="46" w="606" /><ent r="8" t="70" w="453" /></phr></stem><stem n="injected-domain-nam"><phr n="Injected-Domain-Name"><ent r="5" t="46" w="388" /><ent r="3" t="46" w="606" /><ent r="8" t="70" w="453" /></phr></stem><stem n="domain-nam"><phr n="Domain-Name"><ent r="5" t="46" w="389" /><ent r="3" t="46" w="607" /><ent r="8" t="70" w="454" /></phr></stem><stem n="-injected-domain-name:"><phr n="-Injected-Domain-Name:"><ent r="5" t="46" w="391" /><ent r="5" t="46" w="393" /></phr></stem><stem n="x-injected-program"><phr n="X-Injected-Program"><ent r="5" t="46" w="401" /><ent r="3" t="46" w="613" /><ent r="8" t="70" w="497" /></phr></stem><stem n="x-injected-program-nam"><phr n="X-Injected-Program-Name"><ent r="5" t="46" w="401" /><ent r="3" t="46" w="613" /><ent r="8" t="70" w="497" /></phr></stem><stem n="injected-program"><phr n="Injected-Program"><ent r="5" t="46" w="402" /><ent r="3" t="46" w="614" /><ent r="8" t="70" w="498" /></phr></stem><stem n="injected-program-nam"><phr n="Injected-Program-Name"><ent r="5" t="46" w="402" /><ent r="3" t="46" w="614" /><ent r="8" t="70" w="498" /></phr></stem><stem n="program-nam"><phr n="Program-Name"><ent r="5" t="46" w="403" /><ent r="3" t="46" w="615" /><ent r="8" t="70" w="499" /></phr></stem><stem n="-injected-program-name:"><phr n="-Injected-Program-Name:"><ent r="5" t="46" w="405" /><ent r="5" t="46" w="407" /></phr></stem><stem n="l7"><phr n="L7"><ent r="5" t="46" w="419" /></phr></stem><stem n="l7-domain"><phr n="L7-Domain"><ent r="5" t="46" w="419" /></phr></stem><stem n="l7-domain-id"><phr n="L7-Domain-ID"><ent r="5" t="46" w="419" /></phr></stem><stem n="l7-domain-id-statu"><phr n="L7-Domain-ID-Status"><ent r="5" t="46" w="419" /></phr></stem><stem n="domain-id"><phr n="Domain-ID"><ent r="5" t="46" w="420" /></phr></stem><stem n="domain-id-statu"><phr n="Domain-ID-Status"><ent r="5" t="46" w="420" /></phr></stem><stem n="id-statu"><phr n="ID-Status"><ent r="5" t="46" w="421" /></phr></stem><stem n="-domain-id-status:"><phr n="-Domain-ID-Status:"><ent r="5" t="46" w="423" /><ent r="5" t="46" w="425" /></phr></stem><stem n="declin"><phr n="declined"><ent r="4" t="46" w="434" /></phr></stem><stem n="variabl"><phr n="variables"><ent r="100" t="46" w="450" /><ent r="3" t="46" w="458" /><ent r="3" t="46" w="500" /><ent r="3" t="46" w="545" /></phr><phr n="Variables"><ent r="92" t="46" w="453" /><ent r="82" t="46" w="535" /></phr><phr n="variable"><ent r="3" t="46" w="590" /><ent r="4" t="46" w="675" /><ent r="4" t="46" w="687" /></phr></stem><stem n="remot"><phr n="Remote"><ent r="4" t="46" w="466" /><ent r="4" t="46" w="522" /><ent r="4" t="46" w="551" /><ent r="4" t="46" w="727" /></phr><phr n="remote"><ent r="7" t="67" w="279" /><ent r="7" t="67" w="299" /></phr></stem><stem n="extract"><phr n="extract"><ent r="3" t="46" w="483" /></phr><phr n="extracted"><ent r="3" t="47" w="785" /></phr></stem><stem n=".user"><phr n=".user"><ent r="3" t="46" w="491" /></phr></stem><stem n="injected.us"><phr n="injected.user"><ent r="3" t="46" w="491" /><ent r="3" t="46" w="490" /><ent r="5" t="46" w="678" /><ent r="5" t="46" w="677" /></phr></stem><stem n=".domain"><phr n=".domain"><ent r="3" t="46" w="494" /></phr></stem><stem n="injected.domain"><phr n="injected.domain"><ent r="3" t="46" w="494" /><ent r="3" t="46" w="493" /></phr></stem><stem n=".program"><phr n=".program"><ent r="3" t="46" w="497" /></phr></stem><stem n="injected.program"><phr n="injected.program"><ent r="3" t="46" w="497" /><ent r="3" t="46" w="496" /></phr></stem><stem n="&quot;injected&quot;"><phr n="&quot;injected&quot;"><ent r="3" t="46" w="515" /></phr></stem><stem n="directli"><phr n="directly"><ent r="3" t="46" w="579" /><ent r="3" t="69" w="210" /></phr></stem><stem n="request.http"><phr n="request.http"><ent r="4" t="46" w="584" /><ent r="4" t="46" w="583" /><ent r="3" t="46" w="595" /><ent r="3" t="46" w="594" /><ent r="3" t="46" w="603" /><ent r="3" t="46" w="602" /><ent r="3" t="46" w="611" /><ent r="3" t="46" w="610" /><ent r="5" t="46" w="690" /><ent r="5" t="46" w="689" /></phr></stem><stem n="request.http.head"><phr n="request.http.header"><ent r="4" t="46" w="585" /><ent r="4" t="46" w="583" /><ent r="3" t="46" w="596" /><ent r="3" t="46" w="594" /><ent r="3" t="46" w="604" /><ent r="3" t="46" w="602" /><ent r="3" t="46" w="612" /><ent r="3" t="46" w="610" /><ent r="5" t="46" w="691" /><ent r="5" t="46" w="689" /></phr></stem><stem n="request.http.header."><phr n="request.http.header."><ent r="4" t="46" w="585" /><ent r="4" t="46" w="583" /></phr></stem><stem n=".http.header."><phr n=".http.header."><ent r="4" t="46" w="586" /></phr></stem><stem n="&lt;headername&gt;"><phr n="&lt;headerName&gt;"><ent r="4" t="46" w="587" /></phr></stem><stem n=".http.header.x-injected-user-nam"><phr n=".http.header.X-Injected-User-Name"><ent r="3" t="46" w="597" /></phr></stem><stem n=".http.header.x-injected-domain-nam"><phr n=".http.header.X-Injected-Domain-Name"><ent r="3" t="46" w="605" /></phr></stem><stem n=".http.header.x-injected-program-nam"><phr n=".http.header.X-Injected-Program-Name"><ent r="3" t="46" w="613" /></phr></stem><stem n="&quot;injected.&quot;"><phr n="&quot;injected.&quot;"><ent r="3" t="46" w="627" /></phr></stem><stem n="ascii"><phr n="ASCII"><ent r="3" t="46" w="636" /></phr></stem><stem n="extran"><phr n="extraneous"><ent r="3" t="46" w="640" /></phr></stem><stem n="white"><phr n="white"><ent r="3" t="46" w="641" /></phr></stem><stem n="unexpect"><phr n="unexpected"><ent r="3" t="46" w="647" /></phr></stem><stem n="retriev"><phr n="retrieved"><ent r="3" t="46" w="659" /></phr></stem><stem n="&quot;josé"><phr n="&quot;José"><ent r="3" t="46" w="661" /></phr></stem><stem n="josé"><phr n="José"><ent r="3" t="46" w="661" /></phr></stem><stem n="hernández"><phr n="Hernández"><ent r="3" t="46" w="662" /></phr></stem><stem n=".user:"><phr n=".user:"><ent r="5" t="46" w="679" /></phr></stem><stem n="joséhernández"><phr n="joséhernández"><ent r="5" t="46" w="681" /></phr></stem><stem n=".http.header.x-injected-user-name:"><phr n=".http.header.X-Injected-User-Name:"><ent r="5" t="46" w="696" /></phr></stem><stem n="q"><phr n="q"><ent r="5" t="46" w="700" /></phr></stem><stem n="jo"><phr n="jos"><ent r="5" t="46" w="701" /></phr></stem><stem n="c3"><phr n="C3"><ent r="5" t="46" w="702" /><ent r="5" t="46" w="704" /></phr></stem><stem n="a9hern"><phr n="A9hern"><ent r="5" t="46" w="703" /></phr></stem><stem n="a1ndez"><phr n="A1ndez"><ent r="5" t="46" w="705" /></phr></stem><stem n="=?utf-8?q?jos=c3=a9hern=c3=a1ndez?="><phr n="=?utf-8?q?jos=C3=A9hern=C3=A1ndez?="><ent r="5" t="46" w="706" /></phr></stem><stem n=":ident"><phr n=":identity"><ent r="100" t="47" w="14" /><ent r="100" t="47" w="19" /><ent r="100" t="47" w="24" /><ent r="100" t="47" w="31" /><ent r="100" t="55" w="14" /><ent r="100" t="55" w="31" /></phr></stem><stem n="silo"><phr n="Silo"><ent r="92" t="47" w="39" /></phr><phr n="silos"><ent r="3" t="47" w="145" /><ent r="3" t="47" w="147" /><ent r="3" t="47" w="269" /></phr><phr n="silo"><ent r="3" t="47" w="177" /><ent r="3" t="47" w="200" /><ent r="3" t="47" w="230" /><ent r="3" t="47" w="237" /></phr></stem><stem n="grant"><phr n="granting"><ent r="3" t="47" w="69" /></phr><phr n="Grant"><ent r="5" t="54" w="1413" /><ent r="3" t="54" w="1604" /></phr></stem><stem n="entitl"><phr n="entitlements"><ent r="3" t="47" w="73" /></phr></stem><stem n="interpret"><phr n="interpretation"><ent r="3" t="47" w="77" /></phr></stem><stem n="consist"><phr n="consistent"><ent r="3" t="47" w="83" /></phr><phr n="consists"><ent r="4" t="48" w="178" /></phr></stem><stem n="serv"><phr n="served"><ent r="3" t="47" w="118" /></phr></stem><stem n="rare"><phr n="rarely"><ent r="3" t="47" w="128" /></phr></stem><stem n="much"><phr n="much"><ent r="3" t="47" w="130" /></phr></stem><stem n="lead"><phr n="leads"><ent r="3" t="47" w="139" /><ent r="4" t="67" w="193" /></phr></stem><stem n="“ident"><phr n="“identity"><ent r="3" t="47" w="144" /></phr></stem><stem n="seriou"><phr n="serious"><ent r="3" t="47" w="150" /></phr></stem><stem n="legitim"><phr n="legitimate"><ent r="3" t="47" w="166" /></phr></stem><stem n="evid"><phr n="evidence"><ent r="3" t="47" w="182" /><ent r="3" t="55" w="155" /><ent r="3" t="55" w="192" /></phr></stem><stem n="complic"><phr n="complicates"><ent r="3" t="47" w="215" /></phr><phr n="complication"><ent r="10" t="54" w="1106" /></phr></stem><stem n="broken"><phr n="broken"><ent r="3" t="47" w="223" /></phr></stem><stem n="succeed"><phr n="succeeded"><ent r="3" t="47" w="234" /></phr></stem><stem n="merg"><phr n="merging"><ent r="3" t="47" w="259" /></phr><phr n="merges"><ent r="3" t="47" w="300" /></phr></stem><stem n="handl"><phr n="handles"><ent r="3" t="47" w="288" /></phr></stem><stem n="merger"><phr n="mergers"><ent r="3" t="47" w="292" /></phr></stem><stem n="acquisit"><phr n="acquisitions"><ent r="3" t="47" w="294" /></phr></stem><stem n="b"><phr n="B"><ent r="3" t="47" w="303" /><ent r="3" t="47" w="339" /><ent r="3" t="47" w="376" /><ent r="3" t="47" w="412" /><ent r="3" t="47" w="511" /><ent r="3" t="47" w="524" /><ent r="3" t="47" w="565" /><ent r="3" t="47" w="607" /><ent r="3" t="47" w="706" /><ent r="3" t="47" w="720" /><ent r="3" t="47" w="795" /><ent r="3" t="47" w="828" /><ent r="3" t="48" w="27" /><ent r="3" t="48" w="63" /><ent r="4" t="48" w="397" /><ent r="4" t="48" w="428" /><ent r="4" t="48" w="459" /><ent r="92" t="48" w="494" /><ent r="3" t="49" w="52" /><ent r="6" t="49" w="168" /><ent r="6" t="49" w="231" /><ent r="6" t="49" w="272" /><ent r="6" t="49" w="318" /><ent r="3" t="50" w="87" /><ent r="6" t="50" w="193" /><ent r="6" t="50" w="231" /><ent r="3" t="50" w="678" /><ent r="3" t="50" w="733" /><ent r="3" t="51" w="27" /><ent r="3" t="51" w="63" /><ent r="3" t="51" w="89" /><ent r="3" t="51" w="206" /><ent r="3" t="52" w="48" /><ent r="3" t="52" w="84" /><ent r="3" t="52" w="124" /><ent r="3" t="52" w="183" /><ent r="3" t="52" w="231" /><ent r="3" t="52" w="294" /><ent r="3" t="54" w="39" /><ent r="3" t="54" w="75" /><ent r="4" t="54" w="144" /><ent r="3" t="55" w="74" /><ent r="3" t="55" w="112" /><ent r="3" t="55" w="166" /><ent r="3" t="55" w="187" /><ent r="3" t="55" w="255" /><ent r="4" t="56" w="83" /><ent r="5" t="57" w="148" /><ent r="5" t="57" w="177" /><ent r="7" t="57" w="326" /><ent r="4" t="58" w="87" /><ent r="4" t="58" w="120" /><ent r="7" t="58" w="191" /><ent r="3" t="59" w="30" /><ent r="3" t="59" w="66" /><ent r="3" t="59" w="195" /><ent r="3" t="59" w="250" /></phr></stem><stem n="minimum"><phr n="minimum"><ent r="3" t="47" w="318" /></phr></stem><stem n="interrupt"><phr n="interruption"><ent r="3" t="47" w="322" /></phr></stem><stem n="markup"><phr n="Markup"><ent r="3" t="47" w="353" /></phr></stem><stem n="languag"><phr n="Language"><ent r="3" t="47" w="354" /></phr></stem><stem n="&quot;trust"><phr n="&quot;Trusted"><ent r="3" t="47" w="370" /><ent r="3" t="48" w="21" /><ent r="3" t="49" w="30" /><ent r="3" t="51" w="21" /><ent r="3" t="52" w="42" /><ent r="3" t="54" w="33" /><ent r="3" t="55" w="51" /><ent r="4" t="56" w="69" /><ent r="4" t="56" w="121" /><ent r="3" t="59" w="24" /></phr></stem><stem n="&quot;feder"><phr n="&quot;Federated"><ent r="3" t="47" w="374" /><ent r="3" t="47" w="509" /><ent r="3" t="48" w="25" /><ent r="3" t="49" w="50" /><ent r="3" t="50" w="85" /><ent r="3" t="51" w="25" /><ent r="3" t="52" w="46" /><ent r="3" t="54" w="37" /><ent r="3" t="55" w="72" /><ent r="4" t="56" w="81" /><ent r="3" t="59" w="28" /></phr></stem><stem n="ca"><phr n="CA"><ent r="3" t="47" w="396" /><ent r="3" t="47" w="551" /><ent r="3" t="47" w="560" /><ent r="3" t="47" w="779" /><ent r="3" t="48" w="47" /><ent r="4" t="48" w="370" /><ent r="4" t="48" w="388" /><ent r="4" t="48" w="450" /><ent r="4" t="48" w="511" /><ent r="3" t="49" w="37" /><ent r="6" t="49" w="264" /><ent r="3" t="50" w="71" /><ent r="8" t="50" w="308" /><ent r="8" t="50" w="315" /><ent r="7" t="50" w="339" /><ent r="7" t="50" w="370" /><ent r="7" t="50" w="377" /><ent r="7" t="50" w="563" /><ent r="82" t="50" w="715" /><ent r="3" t="50" w="721" /><ent r="3" t="50" w="768" /><ent r="4" t="50" w="878" /><ent r="3" t="50" w="931" /><ent r="4" t="50" w="960" /><ent r="4" t="50" w="1020" /><ent r="82" t="50" w="1025" /><ent r="3" t="50" w="1034" /><ent r="4" t="50" w="1046" /><ent r="4" t="50" w="1086" /><ent r="4" t="50" w="1152" /><ent r="4" t="50" w="1196" /><ent r="3" t="51" w="47" /><ent r="4" t="51" w="118" /><ent r="4" t="51" w="130" /><ent r="3" t="52" w="68" /><ent r="3" t="53" w="435" /><ent r="3" t="54" w="59" /><ent r="3" t="55" w="58" /><ent r="4" t="58" w="114" /><ent r="3" t="59" w="50" /></phr><phr n="CAs"><ent r="3" t="52" w="151" /></phr></stem><stem n="(ca)"><phr n="(CA)"><ent r="3" t="47" w="397" /><ent r="3" t="47" w="552" /><ent r="3" t="48" w="48" /><ent r="4" t="48" w="371" /><ent r="3" t="49" w="38" /><ent r="3" t="50" w="72" /><ent r="3" t="51" w="48" /><ent r="3" t="52" w="69" /><ent r="3" t="54" w="60" /><ent r="3" t="55" w="59" /><ent r="3" t="59" w="51" /></phr></stem><stem n="&quot;trusted&quot;"><phr n="&quot;trusted&quot;"><ent r="3" t="47" w="426" /></phr></stem><stem n="&quot;federated&quot;"><phr n="&quot;federated&quot;"><ent r="3" t="47" w="428" /></phr></stem><stem n="togeth"><phr n="together"><ent r="3" t="47" w="491" /></phr></stem><stem n="provider-sid"><phr n="provider-side"><ent r="3" t="47" w="502" /></phr></stem><stem n=",&quot;"><phr n=",&quot;"><ent r="3" t="47" w="512" /></phr></stem><stem n="mediat"><phr n="mediating"><ent r="3" t="47" w="573" /></phr></stem><stem n="virtual"><phr n="virtual"><ent r="64" t="47" w="586" /><ent r="6" t="49" w="499" /><ent r="6" t="50" w="509" /><ent r="7" t="50" w="541" /><ent r="7" t="50" w="581" /><ent r="4" t="50" w="952" /><ent r="3" t="52" w="277" /><ent r="100" t="53" w="12" /><ent r="100" t="53" w="19" /><ent r="100" t="53" w="23" /><ent r="100" t="53" w="30" /><ent r="100" t="53" w="66" /><ent r="100" t="53" w="77" /><ent r="3" t="53" w="86" /><ent r="3" t="53" w="122" /><ent r="3" t="53" w="321" /><ent r="3" t="53" w="425" /><ent r="3" t="53" w="450" /><ent r="4" t="54" w="131" /><ent r="3" t="54" w="280" /><ent r="7" t="54" w="1371" /><ent r="4" t="54" w="1591" /><ent r="3" t="54" w="1658" /></phr><phr n="Virtual"><ent r="6" t="49" w="517" /><ent r="6" t="50" w="527" /><ent r="3" t="53" w="316" /><ent r="3" t="53" w="528" /></phr></stem><stem n="(s)"><phr n="(s)"><ent r="3" t="47" w="600" /><ent r="3" t="47" w="821" /><ent r="4" t="48" w="514" /><ent r="4" t="48" w="520" /><ent r="4" t="48" w="551" /><ent r="4" t="48" w="557" /></phr><phr n="(S)"><ent r="4" t="65" w="84" /></phr></stem><stem n="requestor-sid"><phr n="requestor-side"><ent r="3" t="47" w="683" /></phr><phr n="Requestor-Side"><ent r="92" t="48" w="96" /></phr></stem><stem n="(ca"><phr n="(CA"><ent r="3" t="47" w="779" /></phr></stem><stem n="(fips),"><phr n="(FIPs),"><ent r="3" t="47" w="816" /></phr></stem><stem n=":requir"><phr n=":requirements"><ent r="100" t="48" w="7" /></phr></stem><stem n="&quot;full"><phr n="&quot;Full"><ent r="4" t="48" w="122" /><ent r="4" t="48" w="206" /></phr></stem><stem n="full"><phr n="Full"><ent r="4" t="48" w="122" /><ent r="100" t="48" w="152" /><ent r="4" t="48" w="206" /><ent r="6" t="49" w="565" /><ent r="6" t="50" w="619" /><ent r="67" t="50" w="634" /><ent r="100" t="56" w="11" /><ent r="65" t="56" w="96" /><ent r="1000" t="57" w="1" /><ent r="100" t="57" w="15" /><ent r="102" t="57" w="20" /><ent r="3" t="57" w="35" /><ent r="3" t="57" w="53" /><ent r="3" t="57" w="212" /><ent r="3" t="57" w="221" /><ent r="3" t="59" w="168" /></phr><phr n="full"><ent r="100" t="57" w="13" /></phr></stem><stem n="-hoc"><phr n="-hoc"><ent r="100" t="48" w="156" /><ent r="100" t="48" w="156" /><ent r="67" t="50" w="639" /><ent r="67" t="50" w="639" /><ent r="100" t="56" w="6" /><ent r="100" t="56" w="6" /><ent r="1000" t="58" w="1" /><ent r="1000" t="58" w="1" /><ent r="102" t="58" w="23" /><ent r="102" t="58" w="23" /><ent r="3" t="58" w="58" /><ent r="3" t="58" w="58" /><ent r="3" t="58" w="155" /><ent r="3" t="58" w="155" /></phr><phr n="-Hoc"><ent r="6" t="50" w="623" /><ent r="6" t="50" w="623" /><ent r="65" t="56" w="143" /><ent r="65" t="56" w="143" /><ent r="100" t="58" w="17" /><ent r="100" t="58" w="17" /><ent r="3" t="58" w="41" /><ent r="3" t="58" w="41" /><ent r="3" t="58" w="145" /><ent r="3" t="58" w="145" /><ent r="3" t="59" w="199" /><ent r="3" t="59" w="199" /></phr></stem><stem n="ad-hoc"><phr n="Ad-hoc"><ent r="100" t="48" w="156" /><ent r="67" t="50" w="639" /><ent r="100" t="56" w="6" /><ent r="1000" t="58" w="1" /><ent r="102" t="58" w="23" /><ent r="3" t="58" w="58" /><ent r="3" t="58" w="155" /></phr><phr n="Ad-Hoc"><ent r="4" t="48" w="228" /><ent r="6" t="50" w="623" /><ent r="65" t="56" w="143" /><ent r="100" t="58" w="17" /><ent r="3" t="58" w="41" /><ent r="3" t="58" w="145" /><ent r="3" t="59" w="199" /></phr><phr n="ad-hoc"><ent r="100" t="58" w="14" /></phr></stem><stem n="hoc"><phr n="hoc"><ent r="100" t="48" w="157" /><ent r="67" t="50" w="640" /><ent r="100" t="56" w="7" /><ent r="1000" t="58" w="2" /><ent r="100" t="58" w="15" /><ent r="102" t="58" w="24" /><ent r="3" t="58" w="59" /><ent r="3" t="58" w="156" /></phr><phr n="Hoc"><ent r="4" t="48" w="229" /><ent r="6" t="50" w="624" /><ent r="65" t="56" w="144" /><ent r="100" t="58" w="18" /><ent r="3" t="58" w="42" /><ent r="3" t="58" w="146" /><ent r="3" t="59" w="200" /></phr></stem><stem n="(trusted)"><phr n="(trusted)"><ent r="4" t="48" w="218" /></phr></stem><stem n="&quot;ad-hoc"><phr n="&quot;Ad-Hoc"><ent r="4" t="48" w="228" /></phr></stem><stem n="(authent"><phr n="(Authentication"><ent r="92" t="48" w="249" /></phr><phr n="(authentication"><ent r="3" t="52" w="138" /></phr></stem><stem n="-trust;"><phr n="-Trust;"><ent r="5" t="48" w="313" /><ent r="5" t="48" w="313" /></phr></stem><stem n="tivoli"><phr n="Tivoli"><ent r="5" t="48" w="315" /></phr></stem><stem n="tfim"><phr n="TFIM"><ent r="5" t="48" w="319" /></phr></stem><stem n="(tfim)"><phr n="(TFIM)"><ent r="5" t="48" w="320" /></phr></stem><stem n="adf"><phr n="ADFS"><ent r="5" t="48" w="336" /></phr></stem><stem n="(adfs)"><phr n="(ADFS)"><ent r="5" t="48" w="337" /></phr></stem><stem n="emploi"><phr n="employing"><ent r="4" t="48" w="378" /></phr></stem><stem n="openssl"><phr n="OpenSSL"><ent r="4" t="48" w="380" /></phr></stem><stem n="&quot;openssl&quot;"><phr n="&quot;OpenSSL&quot;"><ent r="4" t="48" w="381" /></phr></stem><stem n="toolkit"><phr n="toolkit"><ent r="4" t="48" w="381" /></phr></stem><stem n="(to"><phr n="(to"><ent r="4" t="48" w="390" /><ent r="4" t="48" w="421" /></phr></stem><stem n="(mai"><phr n="(may"><ent r="4" t="48" w="452" /></phr></stem><stem n="confid"><phr n="confidence"><ent r="4" t="48" w="469" /></phr></stem><stem n="’"><phr n="’"><ent r="4" t="48" w="475" /></phr></stem><stem n="(author"><phr n="(Authorization"><ent r="92" t="48" w="495" /></phr><phr n="(authorization"><ent r="3" t="52" w="125" /></phr></stem><stem n="(import"><phr n="(imported"><ent r="4" t="48" w="520" /><ent r="4" t="48" w="557" /></phr></stem></index>