<?xml version="1.0" encoding="utf-8"?><index><stem n="nterf"><phr n="Interface"><ent r="64" t="0" w="194" /><ent r="64" t="0" w="194" /><ent r="1000" t="4" w="1" /><ent r="1000" t="4" w="1" /><ent r="100" t="4" w="3" /><ent r="100" t="4" w="3" /><ent r="102" t="4" w="13" /><ent r="102" t="4" w="13" /><ent r="65" t="6" w="49" /><ent r="65" t="6" w="49" /></phr><phr n="interfaces"><ent r="3" t="3" w="70" /><ent r="3" t="3" w="70" /><ent r="3" t="56" w="131" /><ent r="3" t="56" w="131" /></phr><phr n="interface"><ent r="65" t="3" w="412" /><ent r="65" t="3" w="412" /><ent r="100" t="4" w="11" /><ent r="100" t="4" w="11" /><ent r="3" t="4" w="26" /><ent r="3" t="4" w="26" /><ent r="3" t="4" w="43" /><ent r="3" t="4" w="43" /><ent r="3" t="4" w="72" /><ent r="3" t="6" w="24" /><ent r="3" t="6" w="24" /><ent r="3" t="7" w="153" /><ent r="3" t="7" w="153" /><ent r="3" t="8" w="178" /><ent r="3" t="8" w="178" /><ent r="3" t="8" w="196" /><ent r="64" t="10" w="37" /><ent r="64" t="10" w="37" /><ent r="3" t="10" w="291" /><ent r="65" t="11" w="42" /><ent r="65" t="11" w="42" /><ent r="65" t="12" w="48" /><ent r="65" t="12" w="48" /><ent r="65" t="13" w="165" /><ent r="65" t="13" w="165" /><ent r="65" t="14" w="174" /><ent r="65" t="14" w="174" /><ent r="65" t="16" w="252" /><ent r="65" t="16" w="252" /><ent r="65" t="24" w="475" /><ent r="65" t="24" w="475" /><ent r="4" t="24" w="493" /><ent r="4" t="31" w="155" /><ent r="4" t="32" w="76" /><ent r="4" t="33" w="186" /><ent r="4" t="34" w="123" /><ent r="65" t="35" w="191" /><ent r="65" t="35" w="191" /><ent r="65" t="36" w="59" /><ent r="65" t="36" w="59" /><ent r="3" t="45" w="208" /><ent r="4" t="45" w="247" /><ent r="3" t="48" w="703" /><ent r="3" t="48" w="703" /><ent r="3" t="48" w="738" /><ent r="3" t="48" w="738" /></phr></stem><stem n="terfa"><phr n="Interface"><ent r="64" t="0" w="194" /><ent r="64" t="0" w="194" /><ent r="1000" t="4" w="1" /><ent r="1000" t="4" w="1" /><ent r="100" t="4" w="3" /><ent r="100" t="4" w="3" /><ent r="102" t="4" w="13" /><ent r="102" t="4" w="13" /><ent r="65" t="6" w="49" /><ent r="65" t="6" w="49" /></phr><phr n="interfaces"><ent r="3" t="3" w="70" /><ent r="3" t="3" w="70" /><ent r="3" t="56" w="131" /><ent r="3" t="56" w="131" /></phr><phr n="interface"><ent r="65" t="3" w="412" /><ent r="65" t="3" w="412" /><ent r="100" t="4" w="11" /><ent r="100" t="4" w="11" /><ent r="3" t="4" w="26" /><ent r="3" t="4" w="26" /><ent r="3" t="4" w="43" /><ent r="3" t="4" w="43" /><ent r="3" t="4" w="72" /><ent r="3" t="6" w="24" /><ent r="3" t="6" w="24" /><ent r="3" t="7" w="153" /><ent r="3" t="7" w="153" /><ent r="3" t="8" w="178" /><ent r="3" t="8" w="178" /><ent r="3" t="8" w="196" /><ent r="64" t="10" w="37" /><ent r="64" t="10" w="37" /><ent r="3" t="10" w="291" /><ent r="65" t="11" w="42" /><ent r="65" t="11" w="42" /><ent r="65" t="12" w="48" /><ent r="65" t="12" w="48" /><ent r="65" t="13" w="165" /><ent r="65" t="13" w="165" /><ent r="65" t="14" w="174" /><ent r="65" t="14" w="174" /><ent r="65" t="16" w="252" /><ent r="65" t="16" w="252" /><ent r="65" t="24" w="475" /><ent r="65" t="24" w="475" /><ent r="4" t="24" w="493" /><ent r="4" t="31" w="155" /><ent r="4" t="32" w="76" /><ent r="4" t="33" w="186" /><ent r="4" t="34" w="123" /><ent r="65" t="35" w="191" /><ent r="65" t="35" w="191" /><ent r="65" t="36" w="59" /><ent r="65" t="36" w="59" /><ent r="3" t="45" w="208" /><ent r="4" t="45" w="247" /><ent r="3" t="48" w="703" /><ent r="3" t="48" w="703" /><ent r="3" t="48" w="738" /><ent r="3" t="48" w="738" /></phr></stem><stem n="erfac"><phr n="Interface"><ent r="64" t="0" w="194" /><ent r="64" t="0" w="194" /><ent r="1000" t="4" w="1" /><ent r="1000" t="4" w="1" /><ent r="100" t="4" w="3" /><ent r="100" t="4" w="3" /><ent r="102" t="4" w="13" /><ent r="102" t="4" w="13" /><ent r="65" t="6" w="49" /><ent r="65" t="6" w="49" /></phr><phr n="interfaces"><ent r="3" t="3" w="70" /><ent r="3" t="3" w="70" /><ent r="3" t="56" w="131" /><ent r="3" t="56" w="131" /></phr><phr n="interface"><ent r="65" t="3" w="412" /><ent r="65" t="3" w="412" /><ent r="100" t="4" w="11" /><ent r="100" t="4" w="11" /><ent r="3" t="4" w="26" /><ent r="3" t="4" w="26" /><ent r="3" t="4" w="43" /><ent r="3" t="4" w="43" /><ent r="3" t="4" w="72" /><ent r="3" t="6" w="24" /><ent r="3" t="6" w="24" /><ent r="3" t="7" w="153" /><ent r="3" t="7" w="153" /><ent r="3" t="8" w="178" /><ent r="3" t="8" w="178" /><ent r="3" t="8" w="196" /><ent r="64" t="10" w="37" /><ent r="64" t="10" w="37" /><ent r="3" t="10" w="291" /><ent r="65" t="11" w="42" /><ent r="65" t="11" w="42" /><ent r="65" t="12" w="48" /><ent r="65" t="12" w="48" /><ent r="65" t="13" w="165" /><ent r="65" t="13" w="165" /><ent r="65" t="14" w="174" /><ent r="65" t="14" w="174" /><ent r="65" t="16" w="252" /><ent r="65" t="16" w="252" /><ent r="65" t="24" w="475" /><ent r="65" t="24" w="475" /><ent r="4" t="24" w="493" /><ent r="4" t="31" w="155" /><ent r="4" t="32" w="76" /><ent r="4" t="33" w="186" /><ent r="4" t="34" w="123" /><ent r="65" t="35" w="191" /><ent r="65" t="35" w="191" /><ent r="65" t="36" w="59" /><ent r="65" t="36" w="59" /><ent r="3" t="45" w="208" /><ent r="4" t="45" w="247" /><ent r="3" t="48" w="703" /><ent r="3" t="48" w="703" /><ent r="3" t="48" w="738" /><ent r="3" t="48" w="738" /></phr></stem><stem n="rface"><phr n="Interface"><ent r="64" t="0" w="194" /><ent r="64" t="0" w="194" /><ent r="1000" t="4" w="1" /><ent r="1000" t="4" w="1" /><ent r="100" t="4" w="3" /><ent r="100" t="4" w="3" /><ent r="102" t="4" w="13" /><ent r="102" t="4" w="13" /><ent r="65" t="6" w="49" /><ent r="65" t="6" w="49" /></phr><phr n="interfaces"><ent r="3" t="3" w="70" /><ent r="3" t="3" w="70" /><ent r="3" t="56" w="131" /><ent r="3" t="56" w="131" /></phr><phr n="interface"><ent r="65" t="3" w="412" /><ent r="65" t="3" w="412" /><ent r="100" t="4" w="11" /><ent r="100" t="4" w="11" /><ent r="3" t="4" w="26" /><ent r="3" t="4" w="26" /><ent r="3" t="4" w="43" /><ent r="3" t="4" w="43" /><ent r="3" t="4" w="72" /><ent r="3" t="6" w="24" /><ent r="3" t="6" w="24" /><ent r="3" t="7" w="153" /><ent r="3" t="7" w="153" /><ent r="3" t="8" w="178" /><ent r="3" t="8" w="178" /><ent r="3" t="8" w="196" /><ent r="64" t="10" w="37" /><ent r="64" t="10" w="37" /><ent r="3" t="10" w="291" /><ent r="65" t="11" w="42" /><ent r="65" t="11" w="42" /><ent r="65" t="12" w="48" /><ent r="65" t="12" w="48" /><ent r="65" t="13" w="165" /><ent r="65" t="13" w="165" /><ent r="65" t="14" w="174" /><ent r="65" t="14" w="174" /><ent r="65" t="16" w="252" /><ent r="65" t="16" w="252" /><ent r="65" t="24" w="475" /><ent r="65" t="24" w="475" /><ent r="4" t="24" w="493" /><ent r="4" t="31" w="155" /><ent r="4" t="32" w="76" /><ent r="4" t="33" w="186" /><ent r="4" t="34" w="123" /><ent r="65" t="35" w="191" /><ent r="65" t="35" w="191" /><ent r="65" t="36" w="59" /><ent r="65" t="36" w="59" /><ent r="3" t="45" w="208" /><ent r="4" t="45" w="247" /><ent r="3" t="48" w="703" /><ent r="3" t="48" w="703" /><ent r="3" t="48" w="738" /><ent r="3" t="48" w="738" /></phr></stem><stem n="interf"><phr n="Interface"><ent r="64" t="0" w="194" /><ent r="64" t="0" w="194" /><ent r="1000" t="4" w="1" /><ent r="1000" t="4" w="1" /><ent r="100" t="4" w="3" /><ent r="100" t="4" w="3" /><ent r="102" t="4" w="13" /><ent r="102" t="4" w="13" /><ent r="65" t="6" w="49" /><ent r="65" t="6" w="49" /></phr><phr n="interfaces"><ent r="3" t="3" w="70" /><ent r="3" t="3" w="70" /><ent r="3" t="56" w="131" /><ent r="3" t="56" w="131" /></phr><phr n="interface"><ent r="65" t="3" w="412" /><ent r="65" t="3" w="412" /><ent r="100" t="4" w="11" /><ent r="100" t="4" w="11" /><ent r="3" t="4" w="26" /><ent r="3" t="4" w="26" /><ent r="3" t="4" w="43" /><ent r="3" t="4" w="43" /><ent r="3" t="4" w="72" /><ent r="3" t="6" w="24" /><ent r="3" t="6" w="24" /><ent r="3" t="7" w="153" /><ent r="3" t="7" w="153" /><ent r="3" t="8" w="178" /><ent r="3" t="8" w="178" /><ent r="3" t="8" w="196" /><ent r="64" t="10" w="37" /><ent r="64" t="10" w="37" /><ent r="3" t="10" w="291" /><ent r="65" t="11" w="42" /><ent r="65" t="11" w="42" /><ent r="65" t="12" w="48" /><ent r="65" t="12" w="48" /><ent r="65" t="13" w="165" /><ent r="65" t="13" w="165" /><ent r="65" t="14" w="174" /><ent r="65" t="14" w="174" /><ent r="65" t="16" w="252" /><ent r="65" t="16" w="252" /><ent r="65" t="24" w="475" /><ent r="65" t="24" w="475" /><ent r="4" t="24" w="493" /><ent r="4" t="31" w="155" /><ent r="4" t="32" w="76" /><ent r="4" t="33" w="186" /><ent r="4" t="34" w="123" /><ent r="65" t="35" w="191" /><ent r="65" t="35" w="191" /><ent r="65" t="36" w="59" /><ent r="65" t="36" w="59" /><ent r="3" t="45" w="208" /><ent r="4" t="45" w="247" /><ent r="3" t="48" w="703" /><ent r="3" t="48" w="703" /><ent r="3" t="48" w="738" /><ent r="3" t="48" w="738" /></phr></stem><stem n="nterfa"><phr n="Interface"><ent r="64" t="0" w="194" /><ent r="64" t="0" w="194" /><ent r="1000" t="4" w="1" /><ent r="1000" t="4" w="1" /><ent r="100" t="4" w="3" /><ent r="100" t="4" w="3" /><ent r="102" t="4" w="13" /><ent r="102" t="4" w="13" /><ent r="65" t="6" w="49" /><ent r="65" t="6" w="49" /></phr><phr n="interfaces"><ent r="3" t="3" w="70" /><ent r="3" t="3" w="70" /><ent r="3" t="56" w="131" /><ent r="3" t="56" w="131" /></phr><phr n="interface"><ent r="65" t="3" w="412" /><ent r="65" t="3" w="412" /><ent r="100" t="4" w="11" /><ent r="100" t="4" w="11" /><ent r="3" t="4" w="26" /><ent r="3" t="4" w="26" /><ent r="3" t="4" w="43" /><ent r="3" t="4" w="43" /><ent r="3" t="4" w="72" /><ent r="3" t="6" w="24" /><ent r="3" t="6" w="24" /><ent r="3" t="7" w="153" /><ent r="3" t="7" w="153" /><ent r="3" t="8" w="178" /><ent r="3" t="8" w="178" /><ent r="3" t="8" w="196" /><ent r="64" t="10" w="37" /><ent r="64" t="10" w="37" /><ent r="3" t="10" w="291" /><ent r="65" t="11" w="42" /><ent r="65" t="11" w="42" /><ent r="65" t="12" w="48" /><ent r="65" t="12" w="48" /><ent r="65" t="13" w="165" /><ent r="65" t="13" w="165" /><ent r="65" t="14" w="174" /><ent r="65" t="14" w="174" /><ent r="65" t="16" w="252" /><ent r="65" t="16" w="252" /><ent r="65" t="24" w="475" /><ent r="65" t="24" w="475" /><ent r="4" t="24" w="493" /><ent r="4" t="31" w="155" /><ent r="4" t="32" w="76" /><ent r="4" t="33" w="186" /><ent r="4" t="34" w="123" /><ent r="65" t="35" w="191" /><ent r="65" t="35" w="191" /><ent r="65" t="36" w="59" /><ent r="65" t="36" w="59" /><ent r="3" t="45" w="208" /><ent r="4" t="45" w="247" /><ent r="3" t="48" w="703" /><ent r="3" t="48" w="703" /><ent r="3" t="48" w="738" /><ent r="3" t="48" w="738" /></phr></stem><stem n="terfac"><phr n="Interface"><ent r="64" t="0" w="194" /><ent r="64" t="0" w="194" /><ent r="1000" t="4" w="1" /><ent r="1000" t="4" w="1" /><ent r="100" t="4" w="3" /><ent r="100" t="4" w="3" /><ent r="102" t="4" w="13" /><ent r="102" t="4" w="13" /><ent r="65" t="6" w="49" /><ent r="65" t="6" w="49" /></phr><phr n="interfaces"><ent r="3" t="3" w="70" /><ent r="3" t="3" w="70" /><ent r="3" t="56" w="131" /><ent r="3" t="56" w="131" /></phr><phr n="interface"><ent r="65" t="3" w="412" /><ent r="65" t="3" w="412" /><ent r="100" t="4" w="11" /><ent r="100" t="4" w="11" /><ent r="3" t="4" w="26" /><ent r="3" t="4" w="26" /><ent r="3" t="4" w="43" /><ent r="3" t="4" w="43" /><ent r="3" t="4" w="72" /><ent r="3" t="6" w="24" /><ent r="3" t="6" w="24" /><ent r="3" t="7" w="153" /><ent r="3" t="7" w="153" /><ent r="3" t="8" w="178" /><ent r="3" t="8" w="178" /><ent r="3" t="8" w="196" /><ent r="64" t="10" w="37" /><ent r="64" t="10" w="37" /><ent r="3" t="10" w="291" /><ent r="65" t="11" w="42" /><ent r="65" t="11" w="42" /><ent r="65" t="12" w="48" /><ent r="65" t="12" w="48" /><ent r="65" t="13" w="165" /><ent r="65" t="13" w="165" /><ent r="65" t="14" w="174" /><ent r="65" t="14" w="174" /><ent r="65" t="16" w="252" /><ent r="65" t="16" w="252" /><ent r="65" t="24" w="475" /><ent r="65" t="24" w="475" /><ent r="4" t="24" w="493" /><ent r="4" t="31" w="155" /><ent r="4" t="32" w="76" /><ent r="4" t="33" w="186" /><ent r="4" t="34" w="123" /><ent r="65" t="35" w="191" /><ent r="65" t="35" w="191" /><ent r="65" t="36" w="59" /><ent r="65" t="36" w="59" /><ent r="3" t="45" w="208" /><ent r="4" t="45" w="247" /><ent r="3" t="48" w="703" /><ent r="3" t="48" w="703" /><ent r="3" t="48" w="738" /><ent r="3" t="48" w="738" /></phr></stem><stem n="erface"><phr n="Interface"><ent r="64" t="0" w="194" /><ent r="64" t="0" w="194" /><ent r="1000" t="4" w="1" /><ent r="1000" t="4" w="1" /><ent r="100" t="4" w="3" /><ent r="100" t="4" w="3" /><ent r="102" t="4" w="13" /><ent r="102" t="4" w="13" /><ent r="65" t="6" w="49" /><ent r="65" t="6" w="49" /></phr><phr n="interfaces"><ent r="3" t="3" w="70" /><ent r="3" t="3" w="70" /><ent r="3" t="56" w="131" /><ent r="3" t="56" w="131" /></phr><phr n="interface"><ent r="65" t="3" w="412" /><ent r="65" t="3" w="412" /><ent r="100" t="4" w="11" /><ent r="100" t="4" w="11" /><ent r="3" t="4" w="26" /><ent r="3" t="4" w="26" /><ent r="3" t="4" w="43" /><ent r="3" t="4" w="43" /><ent r="3" t="4" w="72" /><ent r="3" t="6" w="24" /><ent r="3" t="6" w="24" /><ent r="3" t="7" w="153" /><ent r="3" t="7" w="153" /><ent r="3" t="8" w="178" /><ent r="3" t="8" w="178" /><ent r="3" t="8" w="196" /><ent r="64" t="10" w="37" /><ent r="64" t="10" w="37" /><ent r="3" t="10" w="291" /><ent r="65" t="11" w="42" /><ent r="65" t="11" w="42" /><ent r="65" t="12" w="48" /><ent r="65" t="12" w="48" /><ent r="65" t="13" w="165" /><ent r="65" t="13" w="165" /><ent r="65" t="14" w="174" /><ent r="65" t="14" w="174" /><ent r="65" t="16" w="252" /><ent r="65" t="16" w="252" /><ent r="65" t="24" w="475" /><ent r="65" t="24" w="475" /><ent r="4" t="24" w="493" /><ent r="4" t="31" w="155" /><ent r="4" t="32" w="76" /><ent r="4" t="33" w="186" /><ent r="4" t="34" w="123" /><ent r="65" t="35" w="191" /><ent r="65" t="35" w="191" /><ent r="65" t="36" w="59" /><ent r="65" t="36" w="59" /><ent r="3" t="45" w="208" /><ent r="4" t="45" w="247" /><ent r="3" t="48" w="703" /><ent r="3" t="48" w="703" /><ent r="3" t="48" w="738" /><ent r="3" t="48" w="738" /></phr></stem><stem n="interfa"><phr n="Interface"><ent r="64" t="0" w="194" /><ent r="64" t="0" w="194" /><ent r="1000" t="4" w="1" /><ent r="1000" t="4" w="1" /><ent r="100" t="4" w="3" /><ent r="100" t="4" w="3" /><ent r="102" t="4" w="13" /><ent r="102" t="4" w="13" /><ent r="65" t="6" w="49" /><ent r="65" t="6" w="49" /></phr><phr n="interfaces"><ent r="3" t="3" w="70" /><ent r="3" t="3" w="70" /><ent r="3" t="56" w="131" /><ent r="3" t="56" w="131" /></phr><phr n="interface"><ent r="65" t="3" w="412" /><ent r="65" t="3" w="412" /><ent r="100" t="4" w="11" /><ent r="100" t="4" w="11" /><ent r="3" t="4" w="26" /><ent r="3" t="4" w="26" /><ent r="3" t="4" w="43" /><ent r="3" t="4" w="43" /><ent r="3" t="4" w="72" /><ent r="3" t="6" w="24" /><ent r="3" t="6" w="24" /><ent r="3" t="7" w="153" /><ent r="3" t="7" w="153" /><ent r="3" t="8" w="178" /><ent r="3" t="8" w="178" /><ent r="3" t="8" w="196" /><ent r="64" t="10" w="37" /><ent r="64" t="10" w="37" /><ent r="3" t="10" w="291" /><ent r="65" t="11" w="42" /><ent r="65" t="11" w="42" /><ent r="65" t="12" w="48" /><ent r="65" t="12" w="48" /><ent r="65" t="13" w="165" /><ent r="65" t="13" w="165" /><ent r="65" t="14" w="174" /><ent r="65" t="14" w="174" /><ent r="65" t="16" w="252" /><ent r="65" t="16" w="252" /><ent r="65" t="24" w="475" /><ent r="65" t="24" w="475" /><ent r="4" t="24" w="493" /><ent r="4" t="31" w="155" /><ent r="4" t="32" w="76" /><ent r="4" t="33" w="186" /><ent r="4" t="34" w="123" /><ent r="65" t="35" w="191" /><ent r="65" t="35" w="191" /><ent r="65" t="36" w="59" /><ent r="65" t="36" w="59" /><ent r="3" t="45" w="208" /><ent r="4" t="45" w="247" /><ent r="3" t="48" w="703" /><ent r="3" t="48" w="703" /><ent r="3" t="48" w="738" /><ent r="3" t="48" w="738" /></phr></stem><stem n="nterfac"><phr n="Interface"><ent r="64" t="0" w="194" /><ent r="64" t="0" w="194" /><ent r="1000" t="4" w="1" /><ent r="1000" t="4" w="1" /><ent r="100" t="4" w="3" /><ent r="100" t="4" w="3" /><ent r="102" t="4" w="13" /><ent r="102" t="4" w="13" /><ent r="65" t="6" w="49" /><ent r="65" t="6" w="49" /></phr><phr n="interfaces"><ent r="3" t="3" w="70" /><ent r="3" t="3" w="70" /><ent r="3" t="56" w="131" /><ent r="3" t="56" w="131" /></phr><phr n="interface"><ent r="65" t="3" w="412" /><ent r="65" t="3" w="412" /><ent r="100" t="4" w="11" /><ent r="100" t="4" w="11" /><ent r="3" t="4" w="26" /><ent r="3" t="4" w="26" /><ent r="3" t="4" w="43" /><ent r="3" t="4" w="43" /><ent r="3" t="4" w="72" /><ent r="3" t="6" w="24" /><ent r="3" t="6" w="24" /><ent r="3" t="7" w="153" /><ent r="3" t="7" w="153" /><ent r="3" t="8" w="178" /><ent r="3" t="8" w="178" /><ent r="3" t="8" w="196" /><ent r="64" t="10" w="37" /><ent r="64" t="10" w="37" /><ent r="3" t="10" w="291" /><ent r="65" t="11" w="42" /><ent r="65" t="11" w="42" /><ent r="65" t="12" w="48" /><ent r="65" t="12" w="48" /><ent r="65" t="13" w="165" /><ent r="65" t="13" w="165" /><ent r="65" t="14" w="174" /><ent r="65" t="14" w="174" /><ent r="65" t="16" w="252" /><ent r="65" t="16" w="252" /><ent r="65" t="24" w="475" /><ent r="65" t="24" w="475" /><ent r="4" t="24" w="493" /><ent r="4" t="31" w="155" /><ent r="4" t="32" w="76" /><ent r="4" t="33" w="186" /><ent r="4" t="34" w="123" /><ent r="65" t="35" w="191" /><ent r="65" t="35" w="191" /><ent r="65" t="36" w="59" /><ent r="65" t="36" w="59" /><ent r="3" t="45" w="208" /><ent r="4" t="45" w="247" /><ent r="3" t="48" w="703" /><ent r="3" t="48" w="703" /><ent r="3" t="48" w="738" /><ent r="3" t="48" w="738" /></phr></stem><stem n="terface"><phr n="Interface"><ent r="64" t="0" w="194" /><ent r="64" t="0" w="194" /><ent r="1000" t="4" w="1" /><ent r="1000" t="4" w="1" /><ent r="100" t="4" w="3" /><ent r="100" t="4" w="3" /><ent r="102" t="4" w="13" /><ent r="102" t="4" w="13" /><ent r="65" t="6" w="49" /><ent r="65" t="6" w="49" /></phr><phr n="interfaces"><ent r="3" t="3" w="70" /><ent r="3" t="3" w="70" /><ent r="3" t="56" w="131" /><ent r="3" t="56" w="131" /></phr><phr n="interface"><ent r="65" t="3" w="412" /><ent r="65" t="3" w="412" /><ent r="100" t="4" w="11" /><ent r="100" t="4" w="11" /><ent r="3" t="4" w="26" /><ent r="3" t="4" w="26" /><ent r="3" t="4" w="43" /><ent r="3" t="4" w="43" /><ent r="3" t="4" w="72" /><ent r="3" t="6" w="24" /><ent r="3" t="6" w="24" /><ent r="3" t="7" w="153" /><ent r="3" t="7" w="153" /><ent r="3" t="8" w="178" /><ent r="3" t="8" w="178" /><ent r="3" t="8" w="196" /><ent r="64" t="10" w="37" /><ent r="64" t="10" w="37" /><ent r="3" t="10" w="291" /><ent r="65" t="11" w="42" /><ent r="65" t="11" w="42" /><ent r="65" t="12" w="48" /><ent r="65" t="12" w="48" /><ent r="65" t="13" w="165" /><ent r="65" t="13" w="165" /><ent r="65" t="14" w="174" /><ent r="65" t="14" w="174" /><ent r="65" t="16" w="252" /><ent r="65" t="16" w="252" /><ent r="65" t="24" w="475" /><ent r="65" t="24" w="475" /><ent r="4" t="24" w="493" /><ent r="4" t="31" w="155" /><ent r="4" t="32" w="76" /><ent r="4" t="33" w="186" /><ent r="4" t="34" w="123" /><ent r="65" t="35" w="191" /><ent r="65" t="35" w="191" /><ent r="65" t="36" w="59" /><ent r="65" t="36" w="59" /><ent r="3" t="45" w="208" /><ent r="4" t="45" w="247" /><ent r="3" t="48" w="703" /><ent r="3" t="48" w="703" /><ent r="3" t="48" w="738" /><ent r="3" t="48" w="738" /></phr></stem><stem n="nterface"><phr n="Interface"><ent r="64" t="0" w="194" /><ent r="64" t="0" w="194" /><ent r="1000" t="4" w="1" /><ent r="1000" t="4" w="1" /><ent r="100" t="4" w="3" /><ent r="100" t="4" w="3" /><ent r="102" t="4" w="13" /><ent r="102" t="4" w="13" /><ent r="65" t="6" w="49" /><ent r="65" t="6" w="49" /></phr><phr n="interfaces"><ent r="3" t="3" w="70" /><ent r="3" t="3" w="70" /><ent r="3" t="56" w="131" /><ent r="3" t="56" w="131" /></phr><phr n="interface"><ent r="65" t="3" w="412" /><ent r="65" t="3" w="412" /><ent r="100" t="4" w="11" /><ent r="100" t="4" w="11" /><ent r="3" t="4" w="26" /><ent r="3" t="4" w="26" /><ent r="3" t="4" w="43" /><ent r="3" t="4" w="43" /><ent r="3" t="4" w="72" /><ent r="3" t="6" w="24" /><ent r="3" t="6" w="24" /><ent r="3" t="7" w="153" /><ent r="3" t="7" w="153" /><ent r="3" t="8" w="178" /><ent r="3" t="8" w="178" /><ent r="3" t="8" w="196" /><ent r="64" t="10" w="37" /><ent r="64" t="10" w="37" /><ent r="3" t="10" w="291" /><ent r="65" t="11" w="42" /><ent r="65" t="11" w="42" /><ent r="65" t="12" w="48" /><ent r="65" t="12" w="48" /><ent r="65" t="13" w="165" /><ent r="65" t="13" w="165" /><ent r="65" t="14" w="174" /><ent r="65" t="14" w="174" /><ent r="65" t="16" w="252" /><ent r="65" t="16" w="252" /><ent r="65" t="24" w="475" /><ent r="65" t="24" w="475" /><ent r="4" t="24" w="493" /><ent r="4" t="31" w="155" /><ent r="4" t="32" w="76" /><ent r="4" t="33" w="186" /><ent r="4" t="34" w="123" /><ent r="65" t="35" w="191" /><ent r="65" t="35" w="191" /><ent r="65" t="36" w="59" /><ent r="65" t="36" w="59" /><ent r="3" t="45" w="208" /><ent r="4" t="45" w="247" /><ent r="3" t="48" w="703" /><ent r="3" t="48" w="703" /><ent r="3" t="48" w="738" /><ent r="3" t="48" w="738" /></phr></stem><stem n="interface"><phr n="Interface"><ent r="64" t="0" w="194" /><ent r="64" t="0" w="194" /><ent r="1000" t="4" w="1" /><ent r="1000" t="4" w="1" /><ent r="100" t="4" w="3" /><ent r="100" t="4" w="3" /><ent r="102" t="4" w="13" /><ent r="102" t="4" w="13" /><ent r="65" t="6" w="49" /><ent r="65" t="6" w="49" /></phr><phr n="interfaces"><ent r="3" t="3" w="70" /><ent r="3" t="3" w="70" /><ent r="3" t="56" w="131" /><ent r="3" t="56" w="131" /></phr><phr n="interface"><ent r="65" t="3" w="412" /><ent r="65" t="3" w="412" /><ent r="100" t="4" w="11" /><ent r="100" t="4" w="11" /><ent r="3" t="4" w="26" /><ent r="3" t="4" w="26" /><ent r="3" t="4" w="43" /><ent r="3" t="4" w="43" /><ent r="3" t="4" w="72" /><ent r="3" t="6" w="24" /><ent r="3" t="6" w="24" /><ent r="3" t="7" w="153" /><ent r="3" t="7" w="153" /><ent r="3" t="8" w="178" /><ent r="3" t="8" w="178" /><ent r="3" t="8" w="196" /><ent r="64" t="10" w="37" /><ent r="64" t="10" w="37" /><ent r="3" t="10" w="291" /><ent r="65" t="11" w="42" /><ent r="65" t="11" w="42" /><ent r="65" t="12" w="48" /><ent r="65" t="12" w="48" /><ent r="65" t="13" w="165" /><ent r="65" t="13" w="165" /><ent r="65" t="14" w="174" /><ent r="65" t="14" w="174" /><ent r="65" t="16" w="252" /><ent r="65" t="16" w="252" /><ent r="65" t="24" w="475" /><ent r="65" t="24" w="475" /><ent r="4" t="24" w="493" /><ent r="4" t="31" w="155" /><ent r="4" t="32" w="76" /><ent r="4" t="33" w="186" /><ent r="4" t="34" w="123" /><ent r="65" t="35" w="191" /><ent r="65" t="35" w="191" /><ent r="65" t="36" w="59" /><ent r="65" t="36" w="59" /><ent r="3" t="45" w="208" /><ent r="4" t="45" w="247" /><ent r="3" t="48" w="703" /><ent r="3" t="48" w="703" /><ent r="3" t="48" w="738" /><ent r="3" t="48" w="738" /></phr></stem><stem n="gener"><phr n="General"><ent r="64" t="0" w="196" /><ent r="64" t="0" w="196" /><ent r="1000" t="5" w="1" /><ent r="1000" t="5" w="1" /><ent r="100" t="5" w="6" /><ent r="100" t="5" w="6" /><ent r="102" t="5" w="9" /><ent r="102" t="5" w="9" /><ent r="4" t="16" w="292" /><ent r="3" t="16" w="320" /><ent r="4" t="18" w="93" /><ent r="4" t="20" w="145" /><ent r="4" t="21" w="164" /><ent r="4" t="22" w="135" /><ent r="6" t="24" w="550" /><ent r="6" t="24" w="550" /><ent r="4" t="27" w="102" /><ent r="7" t="58" w="438" /></phr><phr n="general"><ent r="3" t="2" w="224" /><ent r="3" t="2" w="224" /><ent r="4" t="3" w="409" /><ent r="4" t="3" w="409" /><ent r="3" t="4" w="24" /><ent r="3" t="4" w="24" /><ent r="3" t="4" w="70" /><ent r="3" t="4" w="70" /><ent r="3" t="5" w="145" /><ent r="3" t="5" w="145" /><ent r="3" t="61" w="151" /><ent r="3" t="61" w="151" /></phr><phr n="Generate"><ent r="4" t="5" w="276" /><ent r="4" t="5" w="276" /></phr><phr n="generation"><ent r="3" t="13" w="346" /><ent r="3" t="13" w="346" /></phr><phr n="generating"><ent r="6" t="23" w="317" /><ent r="6" t="23" w="317" /><ent r="6" t="23" w="434" /><ent r="6" t="23" w="434" /></phr><phr n="generic"><ent r="6" t="23" w="720" /><ent r="6" t="23" w="720" /><ent r="3" t="26" w="32" /><ent r="3" t="26" w="32" /><ent r="3" t="26" w="100" /><ent r="3" t="26" w="100" /><ent r="3" t="26" w="140" /><ent r="3" t="26" w="140" /><ent r="100" t="27" w="10" /><ent r="100" t="27" w="10" /><ent r="3" t="27" w="41" /><ent r="3" t="27" w="41" /><ent r="3" t="27" w="46" /><ent r="5" t="27" w="213" /><ent r="5" t="27" w="213" /><ent r="6" t="27" w="233" /><ent r="6" t="27" w="233" /><ent r="6" t="27" w="307" /><ent r="6" t="27" w="307" /><ent r="6" t="27" w="578" /><ent r="6" t="27" w="578" /><ent r="5" t="27" w="1111" /><ent r="5" t="27" w="1111" /><ent r="3" t="27" w="1746" /><ent r="3" t="27" w="1746" /><ent r="3" t="48" w="371" /><ent r="3" t="48" w="371" /><ent r="3" t="49" w="20" /><ent r="3" t="49" w="20" /><ent r="3" t="52" w="20" /><ent r="3" t="52" w="20" /><ent r="3" t="53" w="41" /><ent r="3" t="53" w="41" /><ent r="3" t="55" w="34" /><ent r="3" t="55" w="34" /><ent r="3" t="60" w="23" /><ent r="3" t="60" w="23" /></phr><phr n="generate"><ent r="6" t="23" w="743" /><ent r="6" t="23" w="743" /><ent r="3" t="42" w="1392" /><ent r="3" t="42" w="1392" /></phr><phr n="Generic"><ent r="1000" t="26" w="1" /><ent r="1000" t="26" w="1" /><ent r="100" t="26" w="8" /><ent r="100" t="26" w="8" /><ent r="102" t="26" w="12" /><ent r="102" t="26" w="12" /><ent r="64" t="26" w="132" /><ent r="64" t="26" w="132" /><ent r="1000" t="27" w="4" /><ent r="1000" t="27" w="4" /><ent r="100" t="27" w="15" /><ent r="100" t="27" w="15" /><ent r="102" t="27" w="22" /><ent r="102" t="27" w="22" /><ent r="5" t="27" w="83" /><ent r="5" t="27" w="83" /><ent r="3" t="27" w="1796" /><ent r="3" t="27" w="1796" /></phr><phr n="generates"><ent r="4" t="29" w="1127" /><ent r="4" t="29" w="1127" /></phr><phr n="generated"><ent r="3" t="42" w="1494" /><ent r="3" t="42" w="1677" /><ent r="3" t="42" w="1677" /></phr></stem><stem n="gene"><phr n="General"><ent r="64" t="0" w="196" /><ent r="64" t="0" w="196" /><ent r="1000" t="5" w="1" /><ent r="1000" t="5" w="1" /><ent r="100" t="5" w="6" /><ent r="100" t="5" w="6" /><ent r="102" t="5" w="9" /><ent r="102" t="5" w="9" /><ent r="4" t="16" w="292" /><ent r="3" t="16" w="320" /><ent r="4" t="18" w="93" /><ent r="4" t="20" w="145" /><ent r="4" t="21" w="164" /><ent r="4" t="22" w="135" /><ent r="6" t="24" w="550" /><ent r="6" t="24" w="550" /><ent r="4" t="27" w="102" /><ent r="7" t="58" w="438" /></phr><phr n="general"><ent r="3" t="2" w="224" /><ent r="3" t="2" w="224" /><ent r="4" t="3" w="409" /><ent r="4" t="3" w="409" /><ent r="3" t="4" w="24" /><ent r="3" t="4" w="24" /><ent r="3" t="4" w="70" /><ent r="3" t="4" w="70" /><ent r="3" t="5" w="145" /><ent r="3" t="5" w="145" /><ent r="3" t="61" w="151" /><ent r="3" t="61" w="151" /></phr><phr n="Generate"><ent r="4" t="5" w="276" /><ent r="4" t="5" w="276" /></phr><phr n="generation"><ent r="3" t="13" w="346" /><ent r="3" t="13" w="346" /></phr><phr n="generating"><ent r="6" t="23" w="317" /><ent r="6" t="23" w="317" /><ent r="6" t="23" w="434" /><ent r="6" t="23" w="434" /></phr><phr n="generic"><ent r="6" t="23" w="720" /><ent r="6" t="23" w="720" /><ent r="3" t="26" w="32" /><ent r="3" t="26" w="32" /><ent r="3" t="26" w="100" /><ent r="3" t="26" w="100" /><ent r="3" t="26" w="140" /><ent r="3" t="26" w="140" /><ent r="100" t="27" w="10" /><ent r="100" t="27" w="10" /><ent r="3" t="27" w="41" /><ent r="3" t="27" w="41" /><ent r="3" t="27" w="46" /><ent r="5" t="27" w="213" /><ent r="5" t="27" w="213" /><ent r="6" t="27" w="233" /><ent r="6" t="27" w="233" /><ent r="6" t="27" w="307" /><ent r="6" t="27" w="307" /><ent r="6" t="27" w="578" /><ent r="6" t="27" w="578" /><ent r="5" t="27" w="1111" /><ent r="5" t="27" w="1111" /><ent r="3" t="27" w="1746" /><ent r="3" t="27" w="1746" /><ent r="3" t="48" w="371" /><ent r="3" t="48" w="371" /><ent r="3" t="49" w="20" /><ent r="3" t="49" w="20" /><ent r="3" t="52" w="20" /><ent r="3" t="52" w="20" /><ent r="3" t="53" w="41" /><ent r="3" t="53" w="41" /><ent r="3" t="55" w="34" /><ent r="3" t="55" w="34" /><ent r="3" t="60" w="23" /><ent r="3" t="60" w="23" /></phr><phr n="generate"><ent r="6" t="23" w="743" /><ent r="6" t="23" w="743" /><ent r="3" t="42" w="1392" /><ent r="3" t="42" w="1392" /></phr><phr n="Generic"><ent r="1000" t="26" w="1" /><ent r="1000" t="26" w="1" /><ent r="100" t="26" w="8" /><ent r="100" t="26" w="8" /><ent r="102" t="26" w="12" /><ent r="102" t="26" w="12" /><ent r="64" t="26" w="132" /><ent r="64" t="26" w="132" /><ent r="1000" t="27" w="4" /><ent r="1000" t="27" w="4" /><ent r="100" t="27" w="15" /><ent r="100" t="27" w="15" /><ent r="102" t="27" w="22" /><ent r="102" t="27" w="22" /><ent r="5" t="27" w="83" /><ent r="5" t="27" w="83" /><ent r="3" t="27" w="1796" /><ent r="3" t="27" w="1796" /></phr><phr n="generates"><ent r="4" t="29" w="1127" /><ent r="4" t="29" w="1127" /></phr><phr n="generated"><ent r="3" t="42" w="1494" /><ent r="3" t="42" w="1677" /><ent r="3" t="42" w="1677" /></phr></stem></index>