<?xml version="1.0" encoding="utf-8"?><index><stem n="&quot;ca"><phr n="&quot;CA"><ent r="8" t="51" w="311" /><ent r="7" t="51" w="373" /></phr></stem><stem n="&quot;both"><phr n="&quot;Both"><ent r="8" t="51" w="317" /><ent r="7" t="51" w="379" /></phr></stem><stem n="&quot;individu"><phr n="&quot;Individual"><ent r="8" t="51" w="360" /></phr></stem><stem n="(all"><phr n="(all"><ent r="6" t="51" w="406" /><ent r="7" t="51" w="543" /><ent r="7" t="62" w="42" /><ent r="5" t="63" w="65" /><ent r="5" t="64" w="63" /><ent r="5" t="65" w="134" /><ent r="4" t="66" w="147" /></phr></stem><stem n="):"><phr n="):"><ent r="7" t="51" w="470" /></phr></stem><stem n="resum"><phr n="resume"><ent r="3" t="51" w="717" /></phr></stem><stem n="(certif"><phr n="(Certificate"><ent r="3" t="51" w="737" /></phr></stem><stem n="signifi"><phr n="signifies"><ent r="3" t="51" w="782" /><ent r="4" t="51" w="1100" /></phr></stem><stem n="(either"><phr n="(either"><ent r="4" t="51" w="893" /></phr></stem><stem n="&quot;scenario"><phr n="&quot;Scenario"><ent r="3" t="51" w="944" /></phr></stem><stem n="mismatch"><phr n="mismatch"><ent r="4" t="51" w="1017" /><ent r="4" t="51" w="1195" /></phr></stem><stem n=":certif"><phr n=":certificates"><ent r="100" t="52" w="5" /></phr></stem><stem n="(cas)"><phr n="(CAs)"><ent r="3" t="53" w="152" /></phr></stem><stem n="constraint"><phr n="constraints"><ent r="3" t="53" w="331" /></phr><phr n="Constraints"><ent r="100" t="55" w="357" /></phr></stem><stem n=":fip"><phr n=":FIP"><ent r="100" t="54" w="30" /></phr></stem><stem n=":group"><phr n=":groups"><ent r="100" t="54" w="36" /></phr></stem><stem n=":user"><phr n=":users"><ent r="100" t="54" w="39" /><ent r="100" t="54" w="66" /></phr></stem><stem n=":virtual"><phr n=":virtual"><ent r="100" t="54" w="62" /><ent r="100" t="54" w="73" /></phr></stem><stem n="zero"><phr n="zero"><ent r="3" t="54" w="110" /><ent r="4" t="67" w="694" /></phr></stem><stem n="windowsdomain"><phr n="windowsDomain"><ent r="4" t="54" w="181" /></phr></stem><stem n="“windowsdomain”"><phr n="“windowsDomain”"><ent r="4" t="54" w="182" /></phr></stem><stem n="(saml"><phr n="(SAML"><ent r="4" t="54" w="183" /><ent r="4" t="54" w="215" /><ent r="4" t="54" w="358" /><ent r="4" t="54" w="400" /></phr></stem><stem n="emailaddress"><phr n="emailAddress"><ent r="4" t="54" w="213" /></phr></stem><stem n="“emailaddress”"><phr n="“emailAddress”"><ent r="4" t="54" w="214" /></phr></stem><stem n="(self-sign"><phr n="(Self-signed"><ent r="4" t="54" w="246" /></phr></stem><stem n="explicitli"><phr n="explicitly"><ent r="4" t="54" w="250" /></phr></stem><stem n="regular"><phr n="regular"><ent r="4" t="54" w="338" /></phr></stem><stem n="(with"><phr n="(with"><ent r="4" t="54" w="351" /><ent r="8" t="55" w="661" /><ent r="8" t="55" w="924" /></phr></stem><stem n="attributestat"><phr n="AttributeStatement"><ent r="4" t="54" w="387" /></phr></stem><stem n="regist"><phr n="registered"><ent r="4" t="54" w="396" /></phr></stem><stem n="root"><phr n="root"><ent r="3" t="54" w="429" /></phr></stem><stem n=":token"><phr n=":tokens"><ent r="100" t="55" w="20" /></phr></stem><stem n="(users,"><phr n="(users,"><ent r="4" t="55" w="134" /></phr></stem><stem n="construct"><phr n="constructing"><ent r="3" t="55" w="153" /></phr></stem><stem n="1.x"><phr n="1.x"><ent r="6" t="55" w="430" /><ent r="6" t="55" w="429" /><ent r="6" t="55" w="597" /><ent r="6" t="55" w="596" /><ent r="9" t="55" w="1221" /><ent r="9" t="55" w="1220" /></phr></stem><stem n="1.x,"><phr n="1.x,"><ent r="6" t="55" w="430" /><ent r="6" t="55" w="429" /></phr></stem><stem n=".x,"><phr n=".x,"><ent r="6" t="55" w="431" /><ent r="6" t="55" w="434" /></phr></stem><stem n="2.x"><phr n="2.x"><ent r="6" t="55" w="433" /><ent r="6" t="55" w="432" /><ent r="9" t="55" w="1231" /><ent r="9" t="55" w="1230" /></phr></stem><stem n="2.x,"><phr n="2.x,"><ent r="6" t="55" w="433" /><ent r="6" t="55" w="432" /></phr></stem><stem n="saml-specifi"><phr n="SAML-specified"><ent r="7" t="55" w="469" /></phr></stem><stem n="&quot;ssl/tl"><phr n="&quot;SSL/TLS"><ent r="6" t="55" w="542" /></phr></stem><stem n="-support"><phr n="-supported"><ent r="6" t="55" w="587" /><ent r="6" t="55" w="587" /></phr></stem><stem n="saml-support"><phr n="SAML-supported"><ent r="6" t="55" w="587" /></phr></stem><stem n=".x"><phr n=".x"><ent r="6" t="55" w="597" /></phr></stem><stem n="oasis-open"><phr n="oasis-open"><ent r="67" t="55" w="608" /><ent r="69" t="55" w="1268" /></phr></stem><stem n="://www.oasis-open.org"><phr n="://www.oasis-open.org"><ent r="67" t="55" w="610" /></phr></stem><stem n="www.oasis-open.org"><phr n="www.oasis-open.org"><ent r="67" t="55" w="610" /><ent r="67" t="55" w="607" /><ent r="69" t="55" w="1270" /><ent r="69" t="55" w="1267" /></phr></stem><stem n="proce"><phr n="Proceed"><ent r="6" t="55" w="612" /><ent r="3" t="55" w="1760" /></phr></stem><stem n="-of-kei"><phr n="-of-Key"><ent r="8" t="55" w="635" /><ent r="8" t="55" w="636" /><ent r="8" t="55" w="655" /><ent r="8" t="55" w="656" /><ent r="8" t="55" w="731" /><ent r="8" t="55" w="732" /><ent r="8" t="55" w="766" /><ent r="8" t="55" w="767" /><ent r="8" t="55" w="840" /><ent r="8" t="55" w="841" /></phr></stem><stem n="-of-key]"><phr n="-of-Key]"><ent r="9" t="55" w="645" /><ent r="9" t="55" w="646" /></phr></stem><stem n="cm"><phr n="cm"><ent r="9" t="55" w="673" /><ent r="9" t="55" w="687" /><ent r="9" t="55" w="936" /><ent r="9" t="55" w="949" /></phr></stem><stem n=":oasis:names:tc:saml:1.0:cm:holder-of-kei"><phr n=":oasis:names:tc:SAML:1.0:cm:holder-of-key"><ent r="9" t="55" w="674" /></phr></stem><stem n=":oasis:names:tc:saml:2.0:cm:holder-of-key,"><phr n=":oasis:names:tc:SAML:2.0:cm:holder-of-key,"><ent r="9" t="55" w="691" /></phr></stem><stem n="demonstr"><phr n="demonstrate"><ent r="8" t="55" w="714" /></phr></stem><stem n="ticket'"><phr n="ticket's"><ent r="8" t="55" w="743" /><ent r="8" t="55" w="742" /></phr></stem><stem n="subjectconfirm"><phr n="SubjectConfirmation"><ent r="8" t="55" w="744" /></phr></stem><stem n="&quot;subjectconfirmation&quot;"><phr n="&quot;SubjectConfirmation&quot;"><ent r="8" t="55" w="745" /></phr></stem><stem n="keyinfo"><phr n="KeyInfo"><ent r="8" t="55" w="748" /></phr></stem><stem n="&quot;keyinfo&quot;"><phr n="&quot;KeyInfo&quot;"><ent r="8" t="55" w="749" /></phr></stem><stem n="subject'"><phr n="Subject's"><ent r="8" t="55" w="758" /><ent r="8" t="55" w="757" /></phr></stem><stem n="prove"><phr n="prove"><ent r="8" t="55" w="787" /></phr></stem><stem n="hold"><phr n="hold"><ent r="8" t="55" w="790" /></phr></stem><stem n="cover"><phr n="covered"><ent r="9" t="55" w="801" /></phr><phr n="cover"><ent r="9" t="55" w="1173" /></phr></stem><stem n="-of-possess"><phr n="-of-possession"><ent r="8" t="55" w="862" /><ent r="8" t="55" w="863" /><ent r="8" t="55" w="1295" /><ent r="8" t="55" w="1296" /></phr></stem><stem n="proof"><phr n="proof"><ent r="8" t="55" w="862" /><ent r="8" t="55" w="1295" /></phr></stem><stem n="proof-of"><phr n="proof-of"><ent r="8" t="55" w="862" /><ent r="8" t="55" w="1295" /></phr></stem><stem n="proof-of-possess"><phr n="proof-of-possession"><ent r="8" t="55" w="862" /><ent r="8" t="55" w="1295" /></phr></stem><stem n="of-possess"><phr n="of-possession"><ent r="8" t="55" w="863" /><ent r="8" t="55" w="1296" /></phr></stem><stem n="cont"><phr n="cont"><ent r="7" t="55" w="898" /></phr></stem><stem n="cont'd"><phr n="cont'd"><ent r="7" t="55" w="899" /><ent r="7" t="55" w="898" /></phr></stem><stem n="d"><phr n="d"><ent r="7" t="55" w="899" /></phr><phr n="D"><ent r="3" t="62" w="711" /></phr></stem><stem n="(cont'd)"><phr n="(cont'd)"><ent r="7" t="55" w="900" /></phr></stem><stem n=":oasis:names:tc:saml:1.0:cm:sender-vouch"><phr n=":oasis:names:tc:SAML:1.0:cm:sender-vouches"><ent r="9" t="55" w="937" /></phr></stem><stem n="sender-vouch"><phr n="sender-vouches"><ent r="9" t="55" w="937" /><ent r="9" t="55" w="950" /></phr></stem><stem n=":oasis:names:tc:saml:2.0:cm:sender-vouches,"><phr n=":oasis:names:tc:SAML:2.0:cm:sender-vouches,"><ent r="9" t="55" w="952" /></phr></stem><stem n="presum"><phr n="presumably"><ent r="8" t="55" w="975" /></phr></stem><stem n="verif"><phr n="verification"><ent r="8" t="55" w="983" /><ent r="7" t="67" w="335" /></phr></stem><stem n="condit"><phr n="conditions"><ent r="8" t="55" w="1008" /></phr></stem><stem n="met"><phr n="met"><ent r="8" t="55" w="1011" /></phr></stem><stem n="&quot;attest"><phr n="&quot;Attesting"><ent r="9" t="55" w="1027" /></phr></stem><stem n="sender'"><phr n="sender's"><ent r="9" t="55" w="1041" /><ent r="9" t="55" w="1040" /></phr></stem><stem n="&quot;saml"><phr n="&quot;SAML"><ent r="9" t="55" w="1046" /></phr></stem><stem n="bound"><phr n="bound"><ent r="9" t="55" w="1073" /><ent r="9" t="55" w="1113" /></phr></stem><stem n="necessarili"><phr n="necessarily"><ent r="9" t="55" w="1131" /></phr></stem><stem n="usual"><phr n="usually"><ent r="9" t="55" w="1140" /></phr></stem><stem n="rest"><phr n="rest"><ent r="9" t="55" w="1184" /></phr></stem><stem n=".x)"><phr n=".x)"><ent r="9" t="55" w="1222" /></phr></stem><stem n=".1"><phr n=".1"><ent r="9" t="55" w="1227" /></phr></stem><stem n=".x)."><phr n=".x)."><ent r="9" t="55" w="1232" /></phr></stem><stem n="www.oasis-open.org/committe"><phr n="www.oasis-open.org/committees"><ent r="69" t="55" w="1271" /><ent r="69" t="55" w="1267" /></phr></stem><stem n="committe"><phr n="committees"><ent r="69" t="55" w="1271" /></phr></stem><stem n="www.oasis-open.org/committees/download"><phr n="www.oasis-open.org/committees/download"><ent r="69" t="55" w="1272" /><ent r="69" t="55" w="1267" /></phr></stem><stem n="www.oasis-open.org/committees/download.php"><phr n="www.oasis-open.org/committees/download.php"><ent r="69" t="55" w="1273" /><ent r="69" t="55" w="1267" /></phr></stem><stem n="php"><phr n="php"><ent r="69" t="55" w="1273" /></phr></stem><stem n="www.oasis-open.org/committees/download.php/1048"><phr n="www.oasis-open.org/committees/download.php/1048"><ent r="69" t="55" w="1274" /><ent r="69" t="55" w="1267" /></phr></stem><stem n="1048"><phr n="1048"><ent r="69" t="55" w="1274" /></phr></stem><stem n="wss-saml"><phr n="WSS-SAML"><ent r="69" t="55" w="1275" /></phr></stem><stem n="wss-saml-06"><phr n="WSS-SAML-06"><ent r="69" t="55" w="1275" /></phr></stem><stem n="saml-06"><phr n="SAML-06"><ent r="69" t="55" w="1276" /></phr></stem><stem n="06"><phr n="06"><ent r="69" t="55" w="1277" /></phr></stem><stem n=".oasis-open.org/committees/download.php/1048/wss-saml-06.pdf"><phr n=".oasis-open.org/committees/download.php/1048/WSS-SAML-06.pdf"><ent r="69" t="55" w="1278" /></phr></stem><stem n="www.oasis-open.org/committees/download.php/1048/wss-saml-06.pdf"><phr n="www.oasis-open.org/committees/download.php/1048/WSS-SAML-06.pdf"><ent r="69" t="55" w="1278" /><ent r="69" t="55" w="1267" /></phr></stem><stem n="namequalifi"><phr n="NameQualifier"><ent r="7" t="55" w="1339" /></phr></stem><stem n="www.exampl"><phr n="www.example"><ent r="7" t="55" w="1356" /><ent r="7" t="55" w="1355" /></phr></stem><stem n="www.example.com"><phr n="www.example.com"><ent r="7" t="55" w="1357" /><ent r="7" t="55" w="1355" /></phr></stem><stem n="&quot;www.example.com&quot;)."><phr n="&quot;www.example.com&quot;)."><ent r="7" t="55" w="1358" /></phr></stem><stem n="remaind"><phr n="remainder"><ent r="4" t="55" w="1407" /></phr></stem><stem n="&quot;users&quot;"><phr n="&quot;Users&quot;"><ent r="6" t="55" w="1513" /></phr></stem><stem n="criteria"><phr n="criteria"><ent r="6" t="55" w="1531" /></phr></stem><stem n="asterisk"><phr n="asterisk"><ent r="6" t="55" w="1546" /></phr></stem><stem n="(*)"><phr n="(*)"><ent r="6" t="55" w="1547" /></phr></stem><stem n="wild"><phr n="wild"><ent r="6" t="55" w="1547" /></phr></stem><stem n="card"><phr n="card"><ent r="6" t="55" w="1548" /></phr></stem><stem n="mark"><phr n="mark"><ent r="6" t="55" w="1558" /></phr><phr n="marked"><ent r="3" t="66" w="78" /></phr></stem><stem n="(?)"><phr n="(?)"><ent r="6" t="55" w="1559" /></phr></stem><stem n="doubl"><phr n="double"><ent r="4" t="55" w="1587" /></phr></stem><stem n="double-click"><phr n="double-clicking"><ent r="4" t="55" w="1587" /></phr></stem><stem n="&quot;at"><phr n="&quot;At"><ent r="3" t="55" w="1632" /></phr></stem><stem n="&quot;add"><phr n="&quot;Add"><ent r="3" t="55" w="1657" /></phr></stem><stem n="'one"><phr n="'One"><ent r="3" t="55" w="1658" /></phr></stem><stem n="drag"><phr n="Drag"><ent r="3" t="55" w="1667" /></phr></stem><stem n="emb"><phr n="embed"><ent r="3" t="56" w="160" /></phr></stem><stem n="diagram"><phr n="diagrams"><ent r="3" t="56" w="211" /></phr></stem><stem n="arrang"><phr n="arrangement"><ent r="3" t="56" w="290" /><ent r="3" t="57" w="52" /></phr></stem><stem n="particip"><phr n="participate"><ent r="3" t="57" w="45" /></phr></stem><stem n="—one"><phr n="—one"><ent r="4" t="57" w="67" /></phr></stem><stem n="compat"><phr n="compatible"><ent r="4" t="57" w="105" /><ent r="4" t="57" w="152" /><ent r="8" t="62" w="195" /></phr></stem><stem n=":full"><phr n=":full"><ent r="100" t="58" w="8" /></phr></stem><stem n="prerequisit"><phr n="Prerequisites"><ent r="3" t="58" w="81" /><ent r="3" t="59" w="76" /></phr></stem><stem n="gateway2"><phr n="gateway2"><ent r="6" t="58" w="271" /></phr></stem><stem n="&quot;gateway2&quot;."><phr n="&quot;gateway2&quot;."><ent r="6" t="58" w="272" /></phr></stem><stem n="mirror"><phr n="mirrored"><ent r="7" t="58" w="312" /></phr></stem><stem n="record"><phr n="record"><ent r="7" t="58" w="359" /></phr><phr n="records"><ent r="3" t="64" w="168" /></phr></stem><stem n=":ad-hoc"><phr n=":ad-hoc"><ent r="100" t="59" w="14" /></phr></stem><stem n="federatedmachinenam"><phr n="federatedmachinename"><ent r="8" t="59" w="202" /></phr></stem><stem n="federatedmachinename.domain"><phr n="federatedmachinename.domain"><ent r="8" t="59" w="203" /><ent r="8" t="59" w="202" /></phr></stem><stem n="federatedmachinename.domain.com"><phr n="federatedmachinename.domain.com"><ent r="8" t="59" w="204" /><ent r="8" t="59" w="202" /></phr></stem><stem n="://federatedmachinename.domain.com:8443."><phr n="://federatedmachinename.domain.com:8443."><ent r="8" t="59" w="206" /></phr></stem><stem n="final"><phr n="final"><ent r="3" t="60" w="119" /></phr></stem><stem n="-configur"><phr n="-configuration"><ent r="3" t="60" w="124" /><ent r="3" t="60" w="124" /></phr><phr n="-configurable"><ent r="5" t="62" w="30" /><ent r="5" t="62" w="30" /></phr></stem><stem n="place"><phr n="place"><ent r="3" t="60" w="145" /></phr></stem><stem n="distrust"><phr n="distrust"><ent r="4" t="60" w="314" /></phr></stem><stem n="our"><phr n="our"><ent r="3" t="61" w="25" /><ent r="3" t="61" w="42" /></phr></stem><stem n="commit"><phr n="commitment"><ent r="3" t="61" w="26" /></phr></stem><stem n="culmin"><phr n="culminates"><ent r="3" t="61" w="30" /></phr></stem><stem n="@layer7tech.com"><phr n="@layer7tech.com"><ent r="3" t="61" w="54" /><ent r="6" t="61" w="180" /></phr></stem><stem n="layer7tech.com"><phr n="layer7tech.com"><ent r="3" t="61" w="54" /><ent r="3" t="61" w="53" /><ent r="6" t="61" w="180" /><ent r="6" t="61" w="179" /><ent r="8" t="62" w="417" /><ent r="8" t="62" w="416" /></phr></stem><stem n="region"><phr n="region"><ent r="3" t="61" w="61" /></phr></stem><stem n="phone"><phr n="Phone"><ent r="7" t="61" w="65" /><ent r="6" t="61" w="148" /></phr></stem><stem n="north"><phr n="North"><ent r="7" t="61" w="67" /><ent r="6" t="61" w="159" /></phr></stem><stem n="america"><phr n="America"><ent r="7" t="61" w="68" /><ent r="6" t="61" w="160" /></phr></stem><stem n="-888-681-9377"><phr n="-888-681-9377"><ent r="6" t="61" w="70" /><ent r="6" t="61" w="72" /></phr></stem><stem n="1-888"><phr n="1-888"><ent r="6" t="61" w="70" /></phr></stem><stem n="1-888-681"><phr n="1-888-681"><ent r="6" t="61" w="70" /></phr></stem><stem n="1-888-681-9377"><phr n="1-888-681-9377"><ent r="6" t="61" w="70" /></phr></stem><stem n="888"><phr n="888"><ent r="6" t="61" w="71" /></phr></stem><stem n="888-681"><phr n="888-681"><ent r="6" t="61" w="71" /></phr></stem><stem n="888-681-9377"><phr n="888-681-9377"><ent r="6" t="61" w="71" /></phr></stem><stem n="681"><phr n="681"><ent r="6" t="61" w="72" /><ent r="6" t="61" w="151" /><ent r="6" t="61" w="157" /><ent r="6" t="61" w="167" /></phr></stem><stem n="681-9377"><phr n="681-9377"><ent r="6" t="61" w="72" /><ent r="6" t="61" w="151" /><ent r="6" t="61" w="157" /></phr></stem><stem n="9377"><phr n="9377"><ent r="6" t="61" w="73" /><ent r="6" t="61" w="152" /><ent r="6" t="61" w="158" /></phr></stem><stem n="(toll"><phr n="(toll"><ent r="6" t="61" w="74" /></phr></stem><stem n="toll"><phr n="toll"><ent r="6" t="61" w="74" /><ent r="6" t="61" w="161" /></phr></stem><stem n="free"><phr n="free"><ent r="6" t="61" w="75" /><ent r="6" t="61" w="162" /></phr></stem><stem n="-604-683-9330"><phr n="-604-683-9330"><ent r="6" t="61" w="77" /><ent r="6" t="61" w="79" /></phr></stem><stem n="1-604"><phr n="1-604"><ent r="6" t="61" w="77" /></phr></stem><stem n="1-604-683"><phr n="1-604-683"><ent r="6" t="61" w="77" /></phr></stem><stem n="1-604-683-9330"><phr n="1-604-683-9330"><ent r="6" t="61" w="77" /></phr></stem><stem n="604"><phr n="604"><ent r="6" t="61" w="78" /><ent r="6" t="61" w="150" /><ent r="6" t="61" w="166" /></phr></stem><stem n="604-683"><phr n="604-683"><ent r="6" t="61" w="78" /></phr></stem><stem n="604-683-9330"><phr n="604-683-9330"><ent r="6" t="61" w="78" /></phr></stem><stem n="683"><phr n="683"><ent r="6" t="61" w="79" /></phr></stem><stem n="683-9330"><phr n="683-9330"><ent r="6" t="61" w="79" /></phr></stem><stem n="9330"><phr n="9330"><ent r="6" t="61" w="80" /></phr></stem><stem n="(local)"><phr n="(local)"><ent r="6" t="61" w="82" /></phr></stem><stem n="-800-207-8659"><phr n="-800-207-8659"><ent r="6" t="61" w="85" /><ent r="6" t="61" w="87" /></phr></stem><stem n="1-800"><phr n="1-800"><ent r="6" t="61" w="85" /><ent r="6" t="61" w="155" /></phr></stem><stem n="1-800-207"><phr n="1-800-207"><ent r="6" t="61" w="85" /></phr></stem><stem n="1-800-207-8659"><phr n="1-800-207-8659"><ent r="6" t="61" w="85" /></phr></stem><stem n="800"><phr n="800"><ent r="6" t="61" w="86" /><ent r="6" t="61" w="156" /></phr></stem><stem n="800-207"><phr n="800-207"><ent r="6" t="61" w="86" /></phr></stem><stem n="800-207-8659"><phr n="800-207-8659"><ent r="6" t="61" w="86" /></phr></stem><stem n="207"><phr n="207"><ent r="6" t="61" w="87" /></phr></stem><stem n="207-8659"><phr n="207-8659"><ent r="6" t="61" w="87" /></phr></stem><stem n="8659"><phr n="8659"><ent r="6" t="61" w="88" /></phr></stem><stem n="uk"><phr n="UK"><ent r="7" t="61" w="90" /></phr></stem><stem n="08002796218"><phr n="08002796218"><ent r="6" t="61" w="92" /></phr></stem><stem n="franc"><phr n="France"><ent r="7" t="61" w="94" /></phr></stem><stem n="0800914728"><phr n="0800914728"><ent r="6" t="61" w="96" /></phr></stem><stem n="germani"><phr n="Germany"><ent r="7" t="61" w="98" /></phr></stem><stem n="08001827694"><phr n="08001827694"><ent r="6" t="61" w="100" /></phr></stem><stem n="itali"><phr n="Italy"><ent r="7" t="61" w="102" /></phr></stem><stem n="800789738"><phr n="800789738"><ent r="6" t="61" w="104" /></phr></stem><stem n="spain"><phr n="Spain"><ent r="7" t="61" w="106" /></phr></stem><stem n="900987899"><phr n="900987899"><ent r="6" t="61" w="108" /></phr></stem><stem n="switzerland"><phr n="Switzerland"><ent r="7" t="61" w="110" /></phr></stem><stem n="0800836638"><phr n="0800836638"><ent r="6" t="61" w="112" /></phr></stem><stem n="australia"><phr n="Australia"><ent r="7" t="61" w="114" /></phr></stem><stem n="1800621963"><phr n="1800621963"><ent r="6" t="61" w="116" /></phr></stem><stem n="agreement"><phr n="Agreement"><ent r="3" t="61" w="127" /></phr></stem><stem n="comment"><phr n="comments"><ent r="3" t="61" w="141" /><ent r="3" t="67" w="358" /></phr></stem><stem n="enhanc"><phr n="enhancement"><ent r="3" t="61" w="142" /></phr></stem><stem n="feedback"><phr n="feedback"><ent r="3" t="61" w="146" /></phr></stem><stem n="-681-9377"><phr n="-681-9377"><ent r="6" t="61" w="150" /><ent r="6" t="61" w="151" /></phr></stem><stem n="604-681"><phr n="604-681"><ent r="6" t="61" w="150" /><ent r="6" t="61" w="166" /></phr></stem><stem n="604-681-9377"><phr n="604-681-9377"><ent r="6" t="61" w="150" /></phr></stem><stem n="(general)"><phr n="(General)"><ent r="6" t="61" w="154" /></phr></stem><stem n="-800-681-9377"><phr n="-800-681-9377"><ent r="6" t="61" w="155" /><ent r="6" t="61" w="157" /></phr></stem><stem n="1-800-681"><phr n="1-800-681"><ent r="6" t="61" w="155" /></phr></stem><stem n="1-800-681-9377"><phr n="1-800-681-9377"><ent r="6" t="61" w="155" /></phr></stem><stem n="800-681"><phr n="800-681"><ent r="6" t="61" w="156" /></phr></stem><stem n="800-681-9377"><phr n="800-681-9377"><ent r="6" t="61" w="156" /></phr></stem><stem n="(north"><phr n="(North"><ent r="6" t="61" w="159" /></phr></stem><stem n="fax"><phr n="Fax"><ent r="6" t="61" w="164" /></phr></stem><stem n="-681-9387"><phr n="-681-9387"><ent r="6" t="61" w="166" /><ent r="6" t="61" w="167" /></phr></stem><stem n="604-681-9387"><phr n="604-681-9387"><ent r="6" t="61" w="166" /></phr></stem><stem n="681-9387"><phr n="681-9387"><ent r="6" t="61" w="167" /></phr></stem><stem n="9387"><phr n="9387"><ent r="6" t="61" w="168" /></phr></stem><stem n="user-configur"><phr n="User-configurable"><ent r="5" t="62" w="30" /></phr></stem><stem n="com.l7tech"><phr n="com.l7tech"><ent r="8" t="62" w="49" /><ent r="8" t="62" w="48" /><ent r="8" t="62" w="80" /><ent r="8" t="62" w="79" /><ent r="8" t="62" w="107" /><ent r="8" t="62" w="106" /><ent r="8" t="62" w="134" /><ent r="8" t="62" w="133" /><ent r="8" t="62" w="166" /><ent r="8" t="62" w="165" /><ent r="8" t="62" w="199" /><ent r="8" t="62" w="198" /><ent r="8" t="62" w="221" /><ent r="8" t="62" w="220" /><ent r="8" t="62" w="253" /><ent r="8" t="62" w="252" /><ent r="8" t="62" w="282" /><ent r="8" t="62" w="281" /><ent r="8" t="62" w="340" /><ent r="8" t="62" w="339" /><ent r="8" t="62" w="350" /><ent r="8" t="62" w="349" /><ent r="8" t="62" w="360" /><ent r="8" t="62" w="359" /><ent r="7" t="62" w="444" /><ent r="7" t="62" w="443" /><ent r="8" t="62" w="494" /><ent r="8" t="62" w="493" /><ent r="8" t="62" w="540" /><ent r="8" t="62" w="539" /><ent r="8" t="62" w="570" /><ent r="8" t="62" w="569" /><ent r="8" t="62" w="601" /><ent r="8" t="62" w="600" /><ent r="8" t="62" w="624" /><ent r="8" t="62" w="623" /><ent r="4" t="66" w="204" /><ent r="4" t="66" w="203" /></phr></stem><stem n="com.l7tech.proxi"><phr n="com.l7tech.proxy"><ent r="8" t="62" w="50" /><ent r="8" t="62" w="48" /><ent r="8" t="62" w="81" /><ent r="8" t="62" w="79" /><ent r="8" t="62" w="108" /><ent r="8" t="62" w="106" /></phr></stem><stem n=".l7tech.proxy.ignorepayloadn"><phr n=".l7tech.proxy.ignorePayloadNS"><ent r="8" t="62" w="51" /></phr></stem><stem n="com.l7tech.proxy.ignorepayloadn"><phr n="com.l7tech.proxy.ignorePayloadNS"><ent r="8" t="62" w="51" /><ent r="8" t="62" w="48" /></phr></stem><stem n="ignorepayloadn"><phr n="ignorePayloadNS"><ent r="8" t="62" w="51" /></phr></stem><stem n="com.l7tech.proxy.processor"><phr n="com.l7tech.proxy.processor"><ent r="8" t="62" w="82" /><ent r="8" t="62" w="79" /><ent r="8" t="62" w="109" /><ent r="8" t="62" w="106" /></phr></stem><stem n="com.l7tech.proxy.processor.logpost"><phr n="com.l7tech.proxy.processor.logPosts"><ent r="8" t="62" w="83" /><ent r="8" t="62" w="79" /></phr></stem><stem n="logpost"><phr n="logPosts"><ent r="8" t="62" w="83" /><ent r="5" t="63" w="85" /><ent r="3" t="63" w="131" /></phr></stem><stem n=".l7tech.proxy.processor.logposts=tru"><phr n=".l7tech.proxy.processor.logPosts=true"><ent r="8" t="62" w="84" /></phr></stem><stem n="com.l7tech.proxy.processor.tru"><phr n="com.l7tech.proxy.processor.true"><ent r="8" t="62" w="84" /><ent r="8" t="62" w="79" /><ent r="8" t="62" w="111" /><ent r="8" t="62" w="106" /></phr></stem><stem n="/respons"><phr n="/Response"><ent r="68" t="62" w="101" /><ent r="68" t="62" w="128" /><ent r="1000" t="63" w="3" /><ent r="102" t="63" w="25" /></phr><phr n="/response"><ent r="3" t="63" w="33" /></phr></stem><stem n="request/respons"><phr n="Request/Response"><ent r="68" t="62" w="101" /><ent r="68" t="62" w="100" /><ent r="68" t="62" w="128" /><ent r="68" t="62" w="127" /><ent r="1000" t="63" w="3" /><ent r="1000" t="63" w="2" /><ent r="102" t="63" w="25" /><ent r="102" t="63" w="24" /></phr><phr n="request/response"><ent r="3" t="63" w="33" /><ent r="3" t="63" w="32" /></phr></stem><stem n="com.l7tech.proxy.processor.logrespons"><phr n="com.l7tech.proxy.processor.logResponses"><ent r="8" t="62" w="110" /><ent r="8" t="62" w="106" /></phr></stem><stem n="logrespons"><phr n="logResponses"><ent r="8" t="62" w="110" /><ent r="5" t="63" w="94" /><ent r="3" t="63" w="137" /></phr></stem><stem n=".l7tech.proxy.processor.logresponses=tru"><phr n=".l7tech.proxy.processor.logResponses=true"><ent r="8" t="62" w="111" /></phr></stem><stem n="com.l7tech.common"><phr n="com.l7tech.common"><ent r="8" t="62" w="135" /><ent r="8" t="62" w="133" /><ent r="8" t="62" w="167" /><ent r="8" t="62" w="165" /></phr></stem><stem n="com.l7tech.common.http"><phr n="com.l7tech.common.http"><ent r="8" t="62" w="136" /><ent r="8" t="62" w="133" /></phr></stem><stem n="com.l7tech.common.http.prov"><phr n="com.l7tech.common.http.prov"><ent r="8" t="62" w="137" /><ent r="8" t="62" w="133" /></phr></stem><stem n="prov"><phr n="prov"><ent r="8" t="62" w="137" /><ent r="5" t="65" w="154" /></phr></stem><stem n="com.l7tech.common.http.prov.apach"><phr n="com.l7tech.common.http.prov.apache"><ent r="8" t="62" w="138" /><ent r="8" t="62" w="133" /></phr></stem><stem n="apach"><phr n="apache"><ent r="8" t="62" w="138" /><ent r="5" t="65" w="155" /></phr></stem><stem n="com.l7tech.common.http.prov.apache."><phr n="com.l7tech.common.http.prov.apache."><ent r="8" t="62" w="138" /><ent r="8" t="62" w="133" /></phr></stem><stem n=".l7tech.common.http.prov.apache."><phr n=".l7tech.common.http.prov.apache."><ent r="8" t="62" w="139" /></phr></stem><stem n="commonshttpcli"><phr n="CommonsHttpClient"><ent r="8" t="62" w="140" /><ent r="5" t="65" w="156" /></phr></stem><stem n="commonshttpclient.defaultreadtimeout"><phr n="CommonsHttpClient.defaultReadTimeout"><ent r="8" t="62" w="141" /><ent r="8" t="62" w="140" /></phr></stem><stem n="defaultreadtimeout"><phr n="defaultReadTimeout"><ent r="8" t="62" w="141" /><ent r="5" t="65" w="157" /></phr></stem><stem n=".defaultreadtimeout=600000"><phr n=".defaultReadTimeout=600000"><ent r="8" t="62" w="142" /></phr></stem><stem n="commonshttpclient.600000"><phr n="CommonsHttpClient.600000"><ent r="8" t="62" w="142" /><ent r="8" t="62" w="140" /></phr></stem><stem n="600000"><phr n="600000"><ent r="8" t="62" w="142" /><ent r="5" t="65" w="158" /></phr></stem><stem n="-out"><phr n="-out"><ent r="7" t="62" w="148" /><ent r="7" t="62" w="148" /><ent r="68" t="62" w="160" /><ent r="68" t="62" w="160" /><ent r="100" t="65" w="11" /><ent r="100" t="65" w="11" /><ent r="100" t="65" w="15" /><ent r="100" t="65" w="15" /><ent r="100" t="65" w="19" /><ent r="100" t="65" w="19" /><ent r="102" t="65" w="26" /><ent r="102" t="65" w="26" /><ent r="3" t="65" w="33" /><ent r="3" t="65" w="33" /><ent r="3" t="65" w="72" /><ent r="3" t="65" w="72" /><ent r="3" t="65" w="105" /><ent r="3" t="65" w="105" /><ent r="4" t="65" w="170" /><ent r="4" t="65" w="170" /></phr><phr n="-Out"><ent r="1000" t="65" w="4" /><ent r="1000" t="65" w="4" /></phr></stem><stem n="time-out"><phr n="time-out"><ent r="7" t="62" w="148" /><ent r="100" t="65" w="11" /><ent r="100" t="65" w="15" /><ent r="3" t="65" w="33" /><ent r="3" t="65" w="59" /><ent r="3" t="65" w="72" /><ent r="3" t="65" w="105" /><ent r="4" t="65" w="170" /></phr><phr n="Time-out"><ent r="68" t="62" w="160" /><ent r="100" t="65" w="19" /><ent r="102" t="65" w="26" /></phr><phr n="Time-Out"><ent r="1000" t="65" w="4" /></phr></stem><stem n="com.l7tech.common.secur"><phr n="com.l7tech.common.security"><ent r="8" t="62" w="168" /><ent r="8" t="62" w="165" /></phr></stem><stem n="com.l7tech.common.security."><phr n="com.l7tech.common.security."><ent r="8" t="62" w="168" /><ent r="8" t="62" w="165" /></phr></stem></index>