<?xml version="1.0" encoding="utf-8"?><index><stem n="nnectivity"><phr n="connectivity"><ent r="4" t="1" w="390" /><ent r="4" t="1" w="390" /><ent r="4" t="1" w="555" /><ent r="4" t="1" w="555" /><ent r="4" t="44" w="104" /><ent r="4" t="44" w="104" /><ent r="3" t="46" w="102" /><ent r="3" t="46" w="102" /></phr></stem><stem n="connectivit"><phr n="connectivity"><ent r="4" t="1" w="390" /><ent r="4" t="1" w="390" /><ent r="4" t="1" w="555" /><ent r="4" t="1" w="555" /><ent r="4" t="44" w="104" /><ent r="4" t="44" w="104" /><ent r="3" t="46" w="102" /><ent r="3" t="46" w="102" /></phr></stem><stem n="onnectivity"><phr n="connectivity"><ent r="4" t="1" w="390" /><ent r="4" t="1" w="390" /><ent r="4" t="1" w="555" /><ent r="4" t="1" w="555" /><ent r="4" t="44" w="104" /><ent r="4" t="44" w="104" /><ent r="3" t="46" w="102" /><ent r="3" t="46" w="102" /></phr></stem><stem n="connectivity"><phr n="connectivity"><ent r="4" t="1" w="390" /><ent r="4" t="1" w="390" /><ent r="4" t="1" w="555" /><ent r="4" t="1" w="555" /><ent r="4" t="44" w="104" /><ent r="4" t="44" w="104" /><ent r="3" t="46" w="102" /><ent r="3" t="46" w="102" /></phr></stem><stem n="cross-domain"><phr n="cross-domain"><ent r="4" t="1" w="393" /><ent r="4" t="1" w="393" /><ent r="3" t="1" w="505" /><ent r="3" t="1" w="505" /></phr><phr n="Cross-domain"><ent r="100" t="48" w="238" /><ent r="100" t="48" w="238" /></phr><phr n="Cross-Domain"><ent r="92" t="48" w="246" /><ent r="92" t="48" w="246" /></phr></stem><stem n="s-do"><phr n="cross-domain"><ent r="4" t="1" w="393" /><ent r="4" t="1" w="393" /><ent r="3" t="1" w="505" /><ent r="3" t="1" w="505" /></phr><phr n="MS-DOS"><ent r="3" t="6" w="99" /><ent r="3" t="6" w="99" /><ent r="4" t="6" w="164" /><ent r="4" t="6" w="164" /></phr><phr n="Cross-domain"><ent r="100" t="48" w="238" /><ent r="100" t="48" w="238" /></phr><phr n="Cross-Domain"><ent r="92" t="48" w="246" /><ent r="92" t="48" w="246" /></phr></stem><stem n="-dom"><phr n="cross-domain"><ent r="4" t="1" w="393" /><ent r="4" t="1" w="393" /><ent r="3" t="1" w="505" /><ent r="3" t="1" w="505" /></phr><phr n="X-Injected-Domain"><ent r="5" t="47" w="401" /><ent r="3" t="47" w="624" /></phr><phr n="X-Injected-Domain-Name"><ent r="5" t="47" w="401" /><ent r="3" t="47" w="624" /><ent r="3" t="47" w="624" /></phr><phr n="Injected-Domain"><ent r="5" t="47" w="402" /><ent r="3" t="47" w="625" /></phr><phr n="Injected-Domain-Name"><ent r="5" t="47" w="402" /><ent r="3" t="47" w="625" /></phr><phr n="L7-Domain"><ent r="5" t="47" w="433" /></phr><phr n="L7-Domain-ID"><ent r="5" t="47" w="433" /></phr><phr n="L7-Domain-ID-Status"><ent r="5" t="47" w="433" /></phr><phr n="Cross-domain"><ent r="100" t="48" w="238" /><ent r="100" t="48" w="238" /></phr><phr n="Cross-Domain"><ent r="92" t="48" w="246" /><ent r="92" t="48" w="246" /></phr></stem><stem n="oss-"><phr n="cross-domain"><ent r="4" t="1" w="393" /><ent r="4" t="1" w="393" /><ent r="3" t="1" w="505" /><ent r="3" t="1" w="505" /></phr><phr n="Cross-domain"><ent r="100" t="48" w="238" /><ent r="100" t="48" w="238" /></phr><phr n="Cross-Domain"><ent r="92" t="48" w="246" /><ent r="92" t="48" w="246" /></phr></stem><stem n="ss-d"><phr n="cross-domain"><ent r="4" t="1" w="393" /><ent r="4" t="1" w="393" /><ent r="3" t="1" w="505" /><ent r="3" t="1" w="505" /></phr><phr n="Cross-domain"><ent r="100" t="48" w="238" /><ent r="100" t="48" w="238" /></phr><phr n="Cross-Domain"><ent r="92" t="48" w="246" /><ent r="92" t="48" w="246" /></phr></stem><stem n="-doma"><phr n="cross-domain"><ent r="4" t="1" w="393" /><ent r="4" t="1" w="393" /><ent r="3" t="1" w="505" /><ent r="3" t="1" w="505" /></phr><phr n="X-Injected-Domain"><ent r="5" t="47" w="401" /><ent r="3" t="47" w="624" /></phr><phr n="X-Injected-Domain-Name"><ent r="5" t="47" w="401" /><ent r="3" t="47" w="624" /><ent r="3" t="47" w="624" /></phr><phr n="Injected-Domain"><ent r="5" t="47" w="402" /><ent r="3" t="47" w="625" /></phr><phr n="Injected-Domain-Name"><ent r="5" t="47" w="402" /><ent r="3" t="47" w="625" /></phr><phr n="L7-Domain"><ent r="5" t="47" w="433" /></phr><phr n="L7-Domain-ID"><ent r="5" t="47" w="433" /></phr><phr n="L7-Domain-ID-Status"><ent r="5" t="47" w="433" /></phr><phr n="Cross-domain"><ent r="100" t="48" w="238" /><ent r="100" t="48" w="238" /></phr><phr n="Cross-Domain"><ent r="92" t="48" w="246" /><ent r="92" t="48" w="246" /></phr></stem><stem n="ross-"><phr n="cross-domain"><ent r="4" t="1" w="393" /><ent r="4" t="1" w="393" /><ent r="3" t="1" w="505" /><ent r="3" t="1" w="505" /></phr><phr n="Cross-domain"><ent r="100" t="48" w="238" /><ent r="100" t="48" w="238" /></phr><phr n="Cross-Domain"><ent r="92" t="48" w="246" /><ent r="92" t="48" w="246" /></phr></stem><stem n="oss-d"><phr n="cross-domain"><ent r="4" t="1" w="393" /><ent r="4" t="1" w="393" /><ent r="3" t="1" w="505" /><ent r="3" t="1" w="505" /></phr><phr n="Cross-domain"><ent r="100" t="48" w="238" /><ent r="100" t="48" w="238" /></phr><phr n="Cross-Domain"><ent r="92" t="48" w="246" /><ent r="92" t="48" w="246" /></phr></stem><stem n="ss-do"><phr n="cross-domain"><ent r="4" t="1" w="393" /><ent r="4" t="1" w="393" /><ent r="3" t="1" w="505" /><ent r="3" t="1" w="505" /></phr><phr n="Cross-domain"><ent r="100" t="48" w="238" /><ent r="100" t="48" w="238" /></phr><phr n="Cross-Domain"><ent r="92" t="48" w="246" /><ent r="92" t="48" w="246" /></phr></stem><stem n="s-dom"><phr n="cross-domain"><ent r="4" t="1" w="393" /><ent r="4" t="1" w="393" /><ent r="3" t="1" w="505" /><ent r="3" t="1" w="505" /></phr><phr n="Cross-domain"><ent r="100" t="48" w="238" /><ent r="100" t="48" w="238" /></phr><phr n="Cross-Domain"><ent r="92" t="48" w="246" /><ent r="92" t="48" w="246" /></phr></stem><stem n="cross-"><phr n="cross-domain"><ent r="4" t="1" w="393" /><ent r="4" t="1" w="393" /><ent r="3" t="1" w="505" /><ent r="3" t="1" w="505" /></phr><phr n="Cross-domain"><ent r="100" t="48" w="238" /><ent r="100" t="48" w="238" /></phr><phr n="Cross-Domain"><ent r="92" t="48" w="246" /><ent r="92" t="48" w="246" /></phr></stem><stem n="ross-d"><phr n="cross-domain"><ent r="4" t="1" w="393" /><ent r="4" t="1" w="393" /><ent r="3" t="1" w="505" /><ent r="3" t="1" w="505" /></phr><phr n="Cross-domain"><ent r="100" t="48" w="238" /><ent r="100" t="48" w="238" /></phr><phr n="Cross-Domain"><ent r="92" t="48" w="246" /><ent r="92" t="48" w="246" /></phr></stem><stem n="oss-do"><phr n="cross-domain"><ent r="4" t="1" w="393" /><ent r="4" t="1" w="393" /><ent r="3" t="1" w="505" /><ent r="3" t="1" w="505" /></phr><phr n="Cross-domain"><ent r="100" t="48" w="238" /><ent r="100" t="48" w="238" /></phr><phr n="Cross-Domain"><ent r="92" t="48" w="246" /><ent r="92" t="48" w="246" /></phr></stem><stem n="ss-dom"><phr n="cross-domain"><ent r="4" t="1" w="393" /><ent r="4" t="1" w="393" /><ent r="3" t="1" w="505" /><ent r="3" t="1" w="505" /></phr><phr n="Cross-domain"><ent r="100" t="48" w="238" /><ent r="100" t="48" w="238" /></phr><phr n="Cross-Domain"><ent r="92" t="48" w="246" /><ent r="92" t="48" w="246" /></phr></stem><stem n="s-doma"><phr n="cross-domain"><ent r="4" t="1" w="393" /><ent r="4" t="1" w="393" /><ent r="3" t="1" w="505" /><ent r="3" t="1" w="505" /></phr><phr n="Cross-domain"><ent r="100" t="48" w="238" /><ent r="100" t="48" w="238" /></phr><phr n="Cross-Domain"><ent r="92" t="48" w="246" /><ent r="92" t="48" w="246" /></phr></stem><stem n="-domai"><phr n="cross-domain"><ent r="4" t="1" w="393" /><ent r="4" t="1" w="393" /><ent r="3" t="1" w="505" /><ent r="3" t="1" w="505" /></phr><phr n="X-Injected-Domain"><ent r="5" t="47" w="401" /><ent r="3" t="47" w="624" /></phr><phr n="X-Injected-Domain-Name"><ent r="5" t="47" w="401" /><ent r="3" t="47" w="624" /><ent r="3" t="47" w="624" /></phr><phr n="Injected-Domain"><ent r="5" t="47" w="402" /><ent r="3" t="47" w="625" /></phr><phr n="Injected-Domain-Name"><ent r="5" t="47" w="402" /><ent r="3" t="47" w="625" /></phr><phr n="L7-Domain"><ent r="5" t="47" w="433" /></phr><phr n="L7-Domain-ID"><ent r="5" t="47" w="433" /></phr><phr n="L7-Domain-ID-Status"><ent r="5" t="47" w="433" /></phr><phr n="Cross-domain"><ent r="100" t="48" w="238" /><ent r="100" t="48" w="238" /></phr><phr n="Cross-Domain"><ent r="92" t="48" w="246" /><ent r="92" t="48" w="246" /></phr></stem><stem n="cross-d"><phr n="cross-domain"><ent r="4" t="1" w="393" /><ent r="4" t="1" w="393" /><ent r="3" t="1" w="505" /><ent r="3" t="1" w="505" /></phr><phr n="Cross-domain"><ent r="100" t="48" w="238" /><ent r="100" t="48" w="238" /></phr><phr n="Cross-Domain"><ent r="92" t="48" w="246" /><ent r="92" t="48" w="246" /></phr></stem><stem n="ross-do"><phr n="cross-domain"><ent r="4" t="1" w="393" /><ent r="4" t="1" w="393" /><ent r="3" t="1" w="505" /><ent r="3" t="1" w="505" /></phr><phr n="Cross-domain"><ent r="100" t="48" w="238" /><ent r="100" t="48" w="238" /></phr><phr n="Cross-Domain"><ent r="92" t="48" w="246" /><ent r="92" t="48" w="246" /></phr></stem><stem n="oss-dom"><phr n="cross-domain"><ent r="4" t="1" w="393" /><ent r="4" t="1" w="393" /><ent r="3" t="1" w="505" /><ent r="3" t="1" w="505" /></phr><phr n="Cross-domain"><ent r="100" t="48" w="238" /><ent r="100" t="48" w="238" /></phr><phr n="Cross-Domain"><ent r="92" t="48" w="246" /><ent r="92" t="48" w="246" /></phr></stem><stem n="ss-doma"><phr n="cross-domain"><ent r="4" t="1" w="393" /><ent r="4" t="1" w="393" /><ent r="3" t="1" w="505" /><ent r="3" t="1" w="505" /></phr><phr n="Cross-domain"><ent r="100" t="48" w="238" /><ent r="100" t="48" w="238" /></phr><phr n="Cross-Domain"><ent r="92" t="48" w="246" /><ent r="92" t="48" w="246" /></phr></stem><stem n="s-domai"><phr n="cross-domain"><ent r="4" t="1" w="393" /><ent r="4" t="1" w="393" /><ent r="3" t="1" w="505" /><ent r="3" t="1" w="505" /></phr><phr n="Cross-domain"><ent r="100" t="48" w="238" /><ent r="100" t="48" w="238" /></phr><phr n="Cross-Domain"><ent r="92" t="48" w="246" /><ent r="92" t="48" w="246" /></phr></stem><stem n="-domain"><phr n="cross-domain"><ent r="4" t="1" w="393" /><ent r="4" t="1" w="393" /><ent r="3" t="1" w="505" /><ent r="3" t="1" w="505" /></phr><phr n="X-Injected-Domain"><ent r="5" t="47" w="401" /><ent r="3" t="47" w="624" /></phr><phr n="X-Injected-Domain-Name"><ent r="5" t="47" w="401" /><ent r="3" t="47" w="624" /><ent r="3" t="47" w="624" /></phr><phr n="Injected-Domain"><ent r="5" t="47" w="402" /><ent r="3" t="47" w="625" /></phr><phr n="Injected-Domain-Name"><ent r="5" t="47" w="402" /><ent r="3" t="47" w="625" /></phr><phr n="L7-Domain"><ent r="5" t="47" w="433" /></phr><phr n="L7-Domain-ID"><ent r="5" t="47" w="433" /></phr><phr n="L7-Domain-ID-Status"><ent r="5" t="47" w="433" /></phr><phr n="Cross-domain"><ent r="100" t="48" w="238" /><ent r="100" t="48" w="238" /></phr><phr n="Cross-Domain"><ent r="92" t="48" w="246" /><ent r="92" t="48" w="246" /></phr></stem><stem n="cross-do"><phr n="cross-domain"><ent r="4" t="1" w="393" /><ent r="4" t="1" w="393" /><ent r="3" t="1" w="505" /><ent r="3" t="1" w="505" /></phr><phr n="Cross-domain"><ent r="100" t="48" w="238" /><ent r="100" t="48" w="238" /></phr><phr n="Cross-Domain"><ent r="92" t="48" w="246" /><ent r="92" t="48" w="246" /></phr></stem><stem n="ross-dom"><phr n="cross-domain"><ent r="4" t="1" w="393" /><ent r="4" t="1" w="393" /><ent r="3" t="1" w="505" /><ent r="3" t="1" w="505" /></phr><phr n="Cross-domain"><ent r="100" t="48" w="238" /><ent r="100" t="48" w="238" /></phr><phr n="Cross-Domain"><ent r="92" t="48" w="246" /><ent r="92" t="48" w="246" /></phr></stem><stem n="oss-doma"><phr n="cross-domain"><ent r="4" t="1" w="393" /><ent r="4" t="1" w="393" /><ent r="3" t="1" w="505" /><ent r="3" t="1" w="505" /></phr><phr n="Cross-domain"><ent r="100" t="48" w="238" /><ent r="100" t="48" w="238" /></phr><phr n="Cross-Domain"><ent r="92" t="48" w="246" /><ent r="92" t="48" w="246" /></phr></stem><stem n="ss-domai"><phr n="cross-domain"><ent r="4" t="1" w="393" /><ent r="4" t="1" w="393" /><ent r="3" t="1" w="505" /><ent r="3" t="1" w="505" /></phr><phr n="Cross-domain"><ent r="100" t="48" w="238" /><ent r="100" t="48" w="238" /></phr><phr n="Cross-Domain"><ent r="92" t="48" w="246" /><ent r="92" t="48" w="246" /></phr></stem><stem n="s-domain"><phr n="cross-domain"><ent r="4" t="1" w="393" /><ent r="4" t="1" w="393" /><ent r="3" t="1" w="505" /><ent r="3" t="1" w="505" /></phr><phr n="Cross-domain"><ent r="100" t="48" w="238" /><ent r="100" t="48" w="238" /></phr><phr n="Cross-Domain"><ent r="92" t="48" w="246" /><ent r="92" t="48" w="246" /></phr></stem><stem n="cross-dom"><phr n="cross-domain"><ent r="4" t="1" w="393" /><ent r="4" t="1" w="393" /><ent r="3" t="1" w="505" /><ent r="3" t="1" w="505" /></phr><phr n="Cross-domain"><ent r="100" t="48" w="238" /><ent r="100" t="48" w="238" /></phr><phr n="Cross-Domain"><ent r="92" t="48" w="246" /><ent r="92" t="48" w="246" /></phr></stem><stem n="ross-doma"><phr n="cross-domain"><ent r="4" t="1" w="393" /><ent r="4" t="1" w="393" /><ent r="3" t="1" w="505" /><ent r="3" t="1" w="505" /></phr><phr n="Cross-domain"><ent r="100" t="48" w="238" /><ent r="100" t="48" w="238" /></phr><phr n="Cross-Domain"><ent r="92" t="48" w="246" /><ent r="92" t="48" w="246" /></phr></stem><stem n="oss-domai"><phr n="cross-domain"><ent r="4" t="1" w="393" /><ent r="4" t="1" w="393" /><ent r="3" t="1" w="505" /><ent r="3" t="1" w="505" /></phr><phr n="Cross-domain"><ent r="100" t="48" w="238" /><ent r="100" t="48" w="238" /></phr><phr n="Cross-Domain"><ent r="92" t="48" w="246" /><ent r="92" t="48" w="246" /></phr></stem><stem n="ss-domain"><phr n="cross-domain"><ent r="4" t="1" w="393" /><ent r="4" t="1" w="393" /><ent r="3" t="1" w="505" /><ent r="3" t="1" w="505" /></phr><phr n="Cross-domain"><ent r="100" t="48" w="238" /><ent r="100" t="48" w="238" /></phr><phr n="Cross-Domain"><ent r="92" t="48" w="246" /><ent r="92" t="48" w="246" /></phr></stem><stem n="cross-doma"><phr n="cross-domain"><ent r="4" t="1" w="393" /><ent r="4" t="1" w="393" /><ent r="3" t="1" w="505" /><ent r="3" t="1" w="505" /></phr><phr n="Cross-domain"><ent r="100" t="48" w="238" /><ent r="100" t="48" w="238" /></phr><phr n="Cross-Domain"><ent r="92" t="48" w="246" /><ent r="92" t="48" w="246" /></phr></stem><stem n="ross-domai"><phr n="cross-domain"><ent r="4" t="1" w="393" /><ent r="4" t="1" w="393" /><ent r="3" t="1" w="505" /><ent r="3" t="1" w="505" /></phr><phr n="Cross-domain"><ent r="100" t="48" w="238" /><ent r="100" t="48" w="238" /></phr><phr n="Cross-Domain"><ent r="92" t="48" w="246" /><ent r="92" t="48" w="246" /></phr></stem><stem n="oss-domain"><phr n="cross-domain"><ent r="4" t="1" w="393" /><ent r="4" t="1" w="393" /><ent r="3" t="1" w="505" /><ent r="3" t="1" w="505" /></phr><phr n="Cross-domain"><ent r="100" t="48" w="238" /><ent r="100" t="48" w="238" /></phr><phr n="Cross-Domain"><ent r="92" t="48" w="246" /><ent r="92" t="48" w="246" /></phr></stem><stem n="cross-domai"><phr n="cross-domain"><ent r="4" t="1" w="393" /><ent r="4" t="1" w="393" /><ent r="3" t="1" w="505" /><ent r="3" t="1" w="505" /></phr><phr n="Cross-domain"><ent r="100" t="48" w="238" /><ent r="100" t="48" w="238" /></phr><phr n="Cross-Domain"><ent r="92" t="48" w="246" /><ent r="92" t="48" w="246" /></phr></stem><stem n="ross-domain"><phr n="cross-domain"><ent r="4" t="1" w="393" /><ent r="4" t="1" w="393" /><ent r="3" t="1" w="505" /><ent r="3" t="1" w="505" /></phr><phr n="Cross-domain"><ent r="100" t="48" w="238" /><ent r="100" t="48" w="238" /></phr><phr n="Cross-Domain"><ent r="92" t="48" w="246" /><ent r="92" t="48" w="246" /></phr></stem><stem n="integr"><phr n="integrations"><ent r="4" t="1" w="399" /><ent r="3" t="1" w="516" /><ent r="3" t="1" w="516" /><ent r="3" t="3" w="187" /><ent r="3" t="3" w="207" /><ent r="3" t="48" w="223" /><ent r="3" t="48" w="223" /></phr><phr n="Integrated"><ent r="4" t="1" w="547" /><ent r="4" t="1" w="547" /></phr><phr n="integrate"><ent r="3" t="48" w="155" /><ent r="3" t="48" w="155" /></phr><phr n="integration"><ent r="100" t="48" w="241" /><ent r="100" t="48" w="241" /></phr><phr n="Integration"><ent r="92" t="48" w="249" /><ent r="92" t="48" w="249" /></phr></stem><stem n="grat"><phr n="integrations"><ent r="4" t="1" w="399" /><ent r="3" t="1" w="516" /><ent r="3" t="1" w="516" /><ent r="3" t="3" w="187" /><ent r="3" t="3" w="207" /><ent r="3" t="48" w="223" /><ent r="3" t="48" w="223" /></phr><phr n="Integrated"><ent r="4" t="1" w="547" /><ent r="4" t="1" w="547" /></phr><phr n="integrate"><ent r="3" t="48" w="155" /><ent r="3" t="48" w="155" /></phr><phr n="integration"><ent r="100" t="48" w="241" /><ent r="100" t="48" w="241" /></phr><phr n="Integration"><ent r="92" t="48" w="249" /><ent r="92" t="48" w="249" /></phr></stem><stem n="nteg"><phr n="integrations"><ent r="4" t="1" w="399" /><ent r="3" t="1" w="516" /><ent r="3" t="1" w="516" /><ent r="3" t="3" w="187" /><ent r="3" t="3" w="207" /><ent r="3" t="48" w="223" /><ent r="3" t="48" w="223" /></phr><phr n="Integrated"><ent r="4" t="1" w="547" /><ent r="4" t="1" w="547" /></phr><phr n="integrate"><ent r="3" t="48" w="155" /><ent r="3" t="48" w="155" /></phr><phr n="integration"><ent r="100" t="48" w="241" /><ent r="100" t="48" w="241" /></phr><phr n="Integration"><ent r="92" t="48" w="249" /><ent r="92" t="48" w="249" /></phr></stem><stem n="tegr"><phr n="integrations"><ent r="4" t="1" w="399" /><ent r="3" t="1" w="516" /><ent r="3" t="1" w="516" /><ent r="3" t="3" w="187" /><ent r="3" t="3" w="207" /><ent r="3" t="48" w="223" /><ent r="3" t="48" w="223" /></phr><phr n="Integrated"><ent r="4" t="1" w="547" /><ent r="4" t="1" w="547" /></phr><phr n="integrate"><ent r="3" t="48" w="155" /><ent r="3" t="48" w="155" /></phr><phr n="integration"><ent r="100" t="48" w="241" /><ent r="100" t="48" w="241" /></phr><phr n="Integration"><ent r="92" t="48" w="249" /><ent r="92" t="48" w="249" /></phr></stem><stem n="egra"><phr n="integrations"><ent r="4" t="1" w="399" /><ent r="3" t="1" w="516" /><ent r="3" t="1" w="516" /><ent r="3" t="3" w="187" /><ent r="3" t="3" w="207" /><ent r="3" t="48" w="223" /><ent r="3" t="48" w="223" /></phr><phr n="Integrated"><ent r="4" t="1" w="547" /><ent r="4" t="1" w="547" /></phr><phr n="integrate"><ent r="3" t="48" w="155" /><ent r="3" t="48" w="155" /></phr><phr n="integration"><ent r="100" t="48" w="241" /><ent r="100" t="48" w="241" /></phr><phr n="Integration"><ent r="92" t="48" w="249" /><ent r="92" t="48" w="249" /></phr></stem><stem n="integ"><phr n="integrations"><ent r="4" t="1" w="399" /><ent r="3" t="1" w="516" /><ent r="3" t="1" w="516" /><ent r="3" t="3" w="187" /><ent r="3" t="3" w="207" /><ent r="3" t="48" w="223" /><ent r="3" t="48" w="223" /></phr><phr n="Integrated"><ent r="4" t="1" w="547" /><ent r="4" t="1" w="547" /></phr><phr n="integrate"><ent r="3" t="48" w="155" /><ent r="3" t="48" w="155" /></phr><phr n="integration"><ent r="100" t="48" w="241" /><ent r="100" t="48" w="241" /></phr><phr n="Integration"><ent r="92" t="48" w="249" /><ent r="92" t="48" w="249" /></phr></stem><stem n="ntegr"><phr n="integrations"><ent r="4" t="1" w="399" /><ent r="3" t="1" w="516" /><ent r="3" t="1" w="516" /><ent r="3" t="3" w="187" /><ent r="3" t="3" w="207" /><ent r="3" t="48" w="223" /><ent r="3" t="48" w="223" /></phr><phr n="Integrated"><ent r="4" t="1" w="547" /><ent r="4" t="1" w="547" /></phr><phr n="integrate"><ent r="3" t="48" w="155" /><ent r="3" t="48" w="155" /></phr><phr n="integration"><ent r="100" t="48" w="241" /><ent r="100" t="48" w="241" /></phr><phr n="Integration"><ent r="92" t="48" w="249" /><ent r="92" t="48" w="249" /></phr></stem><stem n="tegra"><phr n="integrations"><ent r="4" t="1" w="399" /><ent r="3" t="1" w="516" /><ent r="3" t="1" w="516" /><ent r="3" t="3" w="187" /><ent r="3" t="3" w="207" /><ent r="3" t="48" w="223" /><ent r="3" t="48" w="223" /></phr><phr n="Integrated"><ent r="4" t="1" w="547" /><ent r="4" t="1" w="547" /></phr><phr n="integrate"><ent r="3" t="48" w="155" /><ent r="3" t="48" w="155" /></phr><phr n="integration"><ent r="100" t="48" w="241" /><ent r="100" t="48" w="241" /></phr><phr n="Integration"><ent r="92" t="48" w="249" /><ent r="92" t="48" w="249" /></phr></stem><stem n="egrat"><phr n="integrations"><ent r="4" t="1" w="399" /><ent r="3" t="1" w="516" /><ent r="3" t="1" w="516" /><ent r="3" t="3" w="187" /><ent r="3" t="3" w="207" /><ent r="3" t="48" w="223" /><ent r="3" t="48" w="223" /></phr><phr n="Integrated"><ent r="4" t="1" w="547" /><ent r="4" t="1" w="547" /></phr><phr n="integrate"><ent r="3" t="48" w="155" /><ent r="3" t="48" w="155" /></phr><phr n="integration"><ent r="100" t="48" w="241" /><ent r="100" t="48" w="241" /></phr><phr n="Integration"><ent r="92" t="48" w="249" /><ent r="92" t="48" w="249" /></phr></stem><stem n="grati"><phr n="integrations"><ent r="4" t="1" w="399" /><ent r="3" t="1" w="516" /><ent r="3" t="1" w="516" /><ent r="3" t="3" w="187" /><ent r="3" t="3" w="207" /><ent r="3" t="48" w="223" /><ent r="3" t="48" w="223" /></phr><phr n="integration"><ent r="100" t="48" w="241" /><ent r="100" t="48" w="241" /></phr><phr n="Integration"><ent r="92" t="48" w="249" /><ent r="92" t="48" w="249" /></phr></stem><stem n="ntegra"><phr n="integrations"><ent r="4" t="1" w="399" /><ent r="3" t="1" w="516" /><ent r="3" t="1" w="516" /><ent r="3" t="3" w="187" /><ent r="3" t="3" w="207" /><ent r="3" t="48" w="223" /><ent r="3" t="48" w="223" /></phr><phr n="Integrated"><ent r="4" t="1" w="547" /><ent r="4" t="1" w="547" /></phr><phr n="integrate"><ent r="3" t="48" w="155" /><ent r="3" t="48" w="155" /></phr><phr n="integration"><ent r="100" t="48" w="241" /><ent r="100" t="48" w="241" /></phr><phr n="Integration"><ent r="92" t="48" w="249" /><ent r="92" t="48" w="249" /></phr></stem><stem n="tegrat"><phr n="integrations"><ent r="4" t="1" w="399" /><ent r="3" t="1" w="516" /><ent r="3" t="1" w="516" /><ent r="3" t="3" w="187" /><ent r="3" t="3" w="207" /><ent r="3" t="48" w="223" /><ent r="3" t="48" w="223" /></phr><phr n="Integrated"><ent r="4" t="1" w="547" /><ent r="4" t="1" w="547" /></phr><phr n="integrate"><ent r="3" t="48" w="155" /><ent r="3" t="48" w="155" /></phr><phr n="integration"><ent r="100" t="48" w="241" /><ent r="100" t="48" w="241" /></phr><phr n="Integration"><ent r="92" t="48" w="249" /><ent r="92" t="48" w="249" /></phr></stem><stem n="egrati"><phr n="integrations"><ent r="4" t="1" w="399" /><ent r="3" t="1" w="516" /><ent r="3" t="1" w="516" /><ent r="3" t="3" w="187" /><ent r="3" t="3" w="207" /><ent r="3" t="48" w="223" /><ent r="3" t="48" w="223" /></phr><phr n="integration"><ent r="100" t="48" w="241" /><ent r="100" t="48" w="241" /></phr><phr n="Integration"><ent r="92" t="48" w="249" /><ent r="92" t="48" w="249" /></phr></stem><stem n="gratio"><phr n="integrations"><ent r="4" t="1" w="399" /><ent r="3" t="1" w="516" /><ent r="3" t="1" w="516" /><ent r="3" t="3" w="187" /><ent r="3" t="3" w="207" /><ent r="3" t="48" w="223" /><ent r="3" t="48" w="223" /></phr><phr n="integration"><ent r="100" t="48" w="241" /><ent r="100" t="48" w="241" /></phr><phr n="Integration"><ent r="92" t="48" w="249" /><ent r="92" t="48" w="249" /></phr></stem><stem n="integra"><phr n="integrations"><ent r="4" t="1" w="399" /><ent r="3" t="1" w="516" /><ent r="3" t="1" w="516" /><ent r="3" t="3" w="187" /><ent r="3" t="3" w="207" /><ent r="3" t="48" w="223" /><ent r="3" t="48" w="223" /></phr><phr n="Integrated"><ent r="4" t="1" w="547" /><ent r="4" t="1" w="547" /></phr><phr n="integrate"><ent r="3" t="48" w="155" /><ent r="3" t="48" w="155" /></phr><phr n="integration"><ent r="100" t="48" w="241" /><ent r="100" t="48" w="241" /></phr><phr n="Integration"><ent r="92" t="48" w="249" /><ent r="92" t="48" w="249" /></phr></stem><stem n="ntegrat"><phr n="integrations"><ent r="4" t="1" w="399" /><ent r="3" t="1" w="516" /><ent r="3" t="1" w="516" /><ent r="3" t="3" w="187" /><ent r="3" t="3" w="207" /><ent r="3" t="48" w="223" /><ent r="3" t="48" w="223" /></phr><phr n="Integrated"><ent r="4" t="1" w="547" /><ent r="4" t="1" w="547" /></phr><phr n="integrate"><ent r="3" t="48" w="155" /><ent r="3" t="48" w="155" /></phr><phr n="integration"><ent r="100" t="48" w="241" /><ent r="100" t="48" w="241" /></phr><phr n="Integration"><ent r="92" t="48" w="249" /><ent r="92" t="48" w="249" /></phr></stem><stem n="tegrati"><phr n="integrations"><ent r="4" t="1" w="399" /><ent r="3" t="1" w="516" /><ent r="3" t="1" w="516" /><ent r="3" t="3" w="187" /><ent r="3" t="3" w="207" /><ent r="3" t="48" w="223" /><ent r="3" t="48" w="223" /></phr><phr n="integration"><ent r="100" t="48" w="241" /><ent r="100" t="48" w="241" /></phr><phr n="Integration"><ent r="92" t="48" w="249" /><ent r="92" t="48" w="249" /></phr></stem><stem n="egratio"><phr n="integrations"><ent r="4" t="1" w="399" /><ent r="3" t="1" w="516" /><ent r="3" t="1" w="516" /><ent r="3" t="3" w="187" /><ent r="3" t="3" w="207" /><ent r="3" t="48" w="223" /><ent r="3" t="48" w="223" /></phr><phr n="integration"><ent r="100" t="48" w="241" /><ent r="100" t="48" w="241" /></phr><phr n="Integration"><ent r="92" t="48" w="249" /><ent r="92" t="48" w="249" /></phr></stem><stem n="gration"><phr n="integrations"><ent r="4" t="1" w="399" /><ent r="3" t="1" w="516" /><ent r="3" t="1" w="516" /><ent r="3" t="3" w="187" /><ent r="3" t="3" w="207" /><ent r="3" t="48" w="223" /><ent r="3" t="48" w="223" /></phr><phr n="integration"><ent r="100" t="48" w="241" /><ent r="100" t="48" w="241" /></phr><phr n="Integration"><ent r="92" t="48" w="249" /><ent r="92" t="48" w="249" /></phr></stem><stem n="rations"><phr n="integrations"><ent r="4" t="1" w="399" /><ent r="3" t="1" w="516" /><ent r="3" t="1" w="516" /><ent r="3" t="3" w="187" /><ent r="3" t="3" w="207" /><ent r="3" t="48" w="223" /><ent r="3" t="48" w="223" /></phr><phr n="decorations"><ent r="6" t="23" w="588" /><ent r="6" t="23" w="588" /><ent r="3" t="32" w="216" /><ent r="3" t="32" w="216" /><ent r="3" t="33" w="103" /><ent r="3" t="33" w="103" /></phr><phr n="operations"><ent r="7" t="43" w="195" /><ent r="7" t="43" w="195" /></phr><phr n="configurations"><ent r="3" t="45" w="190" /></phr></stem><stem n="integrat"><phr n="integrations"><ent r="4" t="1" w="399" /><ent r="3" t="1" w="516" /><ent r="3" t="1" w="516" /><ent r="3" t="3" w="187" /><ent r="3" t="3" w="207" /><ent r="3" t="48" w="223" /><ent r="3" t="48" w="223" /></phr><phr n="Integrated"><ent r="4" t="1" w="547" /><ent r="4" t="1" w="547" /></phr><phr n="integrate"><ent r="3" t="48" w="155" /><ent r="3" t="48" w="155" /></phr><phr n="integration"><ent r="100" t="48" w="241" /><ent r="100" t="48" w="241" /></phr><phr n="Integration"><ent r="92" t="48" w="249" /><ent r="92" t="48" w="249" /></phr></stem><stem n="ntegrati"><phr n="integrations"><ent r="4" t="1" w="399" /><ent r="3" t="1" w="516" /><ent r="3" t="1" w="516" /><ent r="3" t="3" w="187" /><ent r="3" t="3" w="207" /><ent r="3" t="48" w="223" /><ent r="3" t="48" w="223" /></phr><phr n="integration"><ent r="100" t="48" w="241" /><ent r="100" t="48" w="241" /></phr><phr n="Integration"><ent r="92" t="48" w="249" /><ent r="92" t="48" w="249" /></phr></stem><stem n="tegratio"><phr n="integrations"><ent r="4" t="1" w="399" /><ent r="3" t="1" w="516" /><ent r="3" t="1" w="516" /><ent r="3" t="3" w="187" /><ent r="3" t="3" w="207" /><ent r="3" t="48" w="223" /><ent r="3" t="48" w="223" /></phr><phr n="integration"><ent r="100" t="48" w="241" /><ent r="100" t="48" w="241" /></phr><phr n="Integration"><ent r="92" t="48" w="249" /><ent r="92" t="48" w="249" /></phr></stem></index>