<?xml version="1.0" encoding="utf-8"?><index><stem n="includ"><phr n="including"><ent r="3" t="0" w="49" /><ent r="3" t="5" w="154" /><ent r="3" t="42" w="854" /><ent r="3" t="54" w="139" /></phr><phr n="includes"><ent r="3" t="1" w="363" /><ent r="3" t="1" w="478" /><ent r="3" t="3" w="25" /><ent r="3" t="3" w="43" /><ent r="3" t="3" w="54" /><ent r="3" t="9" w="344" /><ent r="3" t="9" w="362" /><ent r="3" t="9" w="373" /><ent r="3" t="38" w="269" /><ent r="3" t="39" w="128" /><ent r="3" t="41" w="198" /><ent r="9" t="55" w="795" /></phr><phr n="included"><ent r="3" t="13" w="264" /><ent r="3" t="24" w="81" /><ent r="3" t="46" w="51" /><ent r="4" t="47" w="448" /><ent r="3" t="53" w="343" /><ent r="9" t="55" w="1243" /></phr></stem><stem n=":"><phr n=":"><ent r="3" t="0" w="50" /><ent r="82" t="0" w="186" /><ent r="3" t="1" w="178" /><ent r="3" t="1" w="331" /><ent r="4" t="2" w="73" /><ent r="72" t="2" w="98" /><ent r="3" t="2" w="125" /><ent r="3" t="2" w="142" /><ent r="4" t="3" w="21" /><ent r="3" t="3" w="385" /><ent r="3" t="4" w="29" /><ent r="4" t="4" w="40" /><ent r="3" t="4" w="213" /><ent r="4" t="5" w="13" /><ent r="3" t="6" w="26" /><ent r="4" t="6" w="65" /><ent r="3" t="6" w="127" /><ent r="72" t="7" w="164" /><ent r="3" t="7" w="259" /><ent r="4" t="7" w="323" /><ent r="4" t="7" w="605" /><ent r="3" t="7" w="668" /><ent r="3" t="7" w="745" /><ent r="72" t="8" w="101" /><ent r="3" t="8" w="181" /><ent r="4" t="8" w="187" /><ent r="3" t="8" w="283" /><ent r="3" t="8" w="371" /><ent r="3" t="9" w="251" /><ent r="4" t="9" w="340" /><ent r="3" t="10" w="44" /><ent r="3" t="10" w="329" /><ent r="4" t="10" w="346" /><ent r="6" t="10" w="348" /><ent r="6" t="10" w="355" /><ent r="5" t="10" w="387" /><ent r="3" t="11" w="31" /><ent r="3" t="12" w="35" /><ent r="4" t="12" w="216" /><ent r="3" t="12" w="296" /><ent r="4" t="12" w="373" /><ent r="6" t="12" w="375" /><ent r="7" t="12" w="390" /><ent r="7" t="12" w="416" /><ent r="6" t="12" w="428" /><ent r="4" t="13" w="63" /><ent r="3" t="13" w="145" /><ent r="4" t="13" w="342" /><ent r="4" t="14" w="115" /><ent r="3" t="14" w="157" /><ent r="3" t="15" w="83" /><ent r="4" t="15" w="91" /><ent r="4" t="15" w="184" /><ent r="3" t="16" w="31" /><ent r="5" t="16" w="38" /><ent r="5" t="16" w="67" /><ent r="4" t="16" w="113" /><ent r="3" t="16" w="164" /><ent r="4" t="16" w="292" /><ent r="4" t="16" w="326" /><ent r="5" t="16" w="357" /><ent r="4" t="17" w="129" /><ent r="3" t="18" w="49" /><ent r="4" t="18" w="111" /><ent r="4" t="18" w="248" /><ent r="3" t="18" w="253" /><ent r="3" t="18" w="301" /><ent r="3" t="18" w="319" /><ent r="4" t="18" w="343" /><ent r="4" t="18" w="408" /><ent r="4" t="18" w="410" /><ent r="6" t="18" w="519" /><ent r="6" t="18" w="591" /><ent r="7" t="18" w="695" /><ent r="7" t="18" w="893" /><ent r="7" t="18" w="915" /><ent r="6" t="18" w="1013" /><ent r="7" t="18" w="1096" /><ent r="6" t="18" w="1129" /><ent r="7" t="18" w="1173" /><ent r="7" t="18" w="1230" /><ent r="6" t="18" w="1258" /><ent r="7" t="18" w="1300" /><ent r="8" t="18" w="1358" /><ent r="9" t="18" w="1377" /><ent r="8" t="18" w="1531" /><ent r="4" t="18" w="1563" /><ent r="6" t="18" w="1639" /><ent r="6" t="18" w="1743" /><ent r="6" t="18" w="1744" /><ent r="6" t="18" w="1746" /><ent r="6" t="18" w="1897" /><ent r="8" t="18" w="1902" /><ent r="8" t="18" w="1947" /><ent r="8" t="18" w="1992" /><ent r="7" t="18" w="2101" /><ent r="4" t="18" w="2198" /><ent r="4" t="18" w="2421" /><ent r="3" t="19" w="126" /><ent r="3" t="20" w="69" /><ent r="4" t="20" w="168" /><ent r="4" t="20" w="274" /><ent r="6" t="20" w="302" /><ent r="6" t="20" w="303" /><ent r="6" t="20" w="305" /><ent r="6" t="20" w="456" /><ent r="8" t="20" w="461" /><ent r="8" t="20" w="506" /><ent r="8" t="20" w="551" /><ent r="4" t="20" w="651" /><ent r="4" t="20" w="874" /><ent r="4" t="21" w="50" /><ent r="3" t="21" w="104" /><ent r="4" t="21" w="187" /><ent r="4" t="21" w="268" /><ent r="4" t="21" w="474" /><ent r="6" t="21" w="502" /><ent r="6" t="21" w="503" /><ent r="6" t="21" w="505" /><ent r="6" t="21" w="656" /><ent r="8" t="21" w="661" /><ent r="8" t="21" w="706" /><ent r="8" t="21" w="751" /><ent r="4" t="21" w="851" /><ent r="4" t="21" w="1076" /><ent r="3" t="22" w="76" /><ent r="4" t="22" w="158" /><ent r="4" t="22" w="239" /><ent r="7" t="22" w="306" /><ent r="4" t="22" w="468" /><ent r="4" t="22" w="527" /><ent r="6" t="22" w="555" /><ent r="6" t="22" w="556" /><ent r="6" t="22" w="558" /><ent r="6" t="22" w="709" /><ent r="8" t="22" w="714" /><ent r="8" t="22" w="759" /><ent r="8" t="22" w="804" /><ent r="4" t="22" w="904" /><ent r="4" t="22" w="1131" /><ent r="3" t="23" w="76" /><ent r="4" t="23" w="185" /><ent r="7" t="23" w="257" /><ent r="7" t="23" w="289" /><ent r="7" t="23" w="345" /><ent r="7" t="23" w="372" /><ent r="7" t="23" w="409" /><ent r="7" t="23" w="441" /><ent r="7" t="23" w="486" /><ent r="6" t="23" w="516" /><ent r="7" t="23" w="518" /><ent r="7" t="23" w="596" /><ent r="7" t="23" w="619" /><ent r="7" t="23" w="640" /><ent r="7" t="23" w="675" /><ent r="7" t="23" w="709" /><ent r="7" t="23" w="758" /><ent r="7" t="23" w="765" /><ent r="7" t="23" w="779" /><ent r="3" t="24" w="149" /><ent r="4" t="24" w="342" /><ent r="3" t="24" w="447" /><ent r="4" t="24" w="518" /><ent r="8" t="24" w="534" /><ent r="7" t="24" w="542" /><ent r="7" t="24" w="697" /><ent r="3" t="25" w="54" /><ent r="5" t="25" w="57" /><ent r="5" t="25" w="124" /><ent r="5" t="25" w="233" /><ent r="5" t="25" w="284" /><ent r="5" t="25" w="391" /><ent r="5" t="25" w="403" /><ent r="5" t="25" w="431" /><ent r="3" t="26" w="103" /><ent r="4" t="26" w="132" /><ent r="3" t="27" w="42" /><ent r="4" t="27" w="116" /><ent r="4" t="27" w="134" /><ent r="4" t="27" w="136" /><ent r="6" t="27" w="243" /><ent r="6" t="27" w="316" /><ent r="7" t="27" w="420" /><ent r="7" t="27" w="647" /><ent r="7" t="27" w="669" /><ent r="6" t="27" w="770" /><ent r="7" t="27" w="853" /><ent r="6" t="27" w="886" /><ent r="7" t="27" w="930" /><ent r="7" t="27" w="987" /><ent r="6" t="27" w="1015" /><ent r="4" t="27" w="1081" /><ent r="6" t="27" w="1155" /><ent r="6" t="27" w="1360" /><ent r="8" t="27" w="1365" /><ent r="8" t="27" w="1410" /><ent r="8" t="27" w="1455" /><ent r="4" t="27" w="1596" /><ent r="4" t="27" w="1637" /><ent r="4" t="28" w="29" /><ent r="3" t="29" w="47" /><ent r="4" t="29" w="136" /><ent r="3" t="29" w="242" /><ent r="3" t="29" w="300" /><ent r="8" t="29" w="392" /><ent r="7" t="29" w="506" /><ent r="3" t="29" w="871" /><ent r="4" t="29" w="875" /><ent r="4" t="29" w="915" /><ent r="4" t="29" w="1111" /><ent r="4" t="29" w="1170" /><ent r="4" t="29" w="1230" /><ent r="4" t="31" w="107" /><ent r="3" t="31" w="142" /><ent r="3" t="32" w="65" /><ent r="3" t="32" w="344" /><ent r="4" t="32" w="390" /><ent r="3" t="32" w="524" /><ent r="3" t="33" w="173" /><ent r="4" t="33" w="251" /><ent r="7" t="33" w="280" /><ent r="9" t="33" w="284" /><ent r="9" t="33" w="315" /><ent r="7" t="33" w="340" /><ent r="9" t="33" w="344" /><ent r="9" t="33" w="374" /><ent r="8" t="33" w="516" /><ent r="4" t="34" w="56" /><ent r="3" t="34" w="70" /><ent r="3" t="34" w="108" /><ent r="4" t="34" w="161" /><ent r="3" t="35" w="169" /><ent r="4" t="35" w="243" /><ent r="3" t="36" w="46" /><ent r="4" t="37" w="50" /><ent r="72" t="37" w="98" /><ent r="3" t="37" w="181" /><ent r="4" t="37" w="332" /><ent r="3" t="37" w="538" /><ent r="3" t="37" w="585" /><ent r="4" t="37" w="595" /><ent r="3" t="38" w="51" /><ent r="4" t="38" w="265" /><ent r="3" t="39" w="63" /><ent r="72" t="40" w="150" /><ent r="4" t="40" w="249" /><ent r="3" t="40" w="341" /><ent r="3" t="40" w="597" /><ent r="3" t="40" w="606" /><ent r="4" t="40" w="663" /><ent r="3" t="40" w="750" /><ent r="3" t="40" w="876" /><ent r="4" t="41" w="194" /><ent r="4" t="42" w="162" /><ent r="72" t="42" w="214" /><ent r="4" t="42" w="440" /><ent r="3" t="42" w="648" /><ent r="4" t="42" w="837" /><ent r="3" t="42" w="1030" /><ent r="3" t="42" w="1141" /><ent r="4" t="42" w="1148" /><ent r="4" t="42" w="1169" /><ent r="4" t="42" w="1414" /><ent r="4" t="42" w="1732" /><ent r="3" t="42" w="1973" /><ent r="3" t="42" w="2091" /><ent r="4" t="42" w="2170" /><ent r="3" t="44" w="54" /><ent r="3" t="45" w="59" /><ent r="5" t="45" w="139" /><ent r="4" t="45" w="157" /><ent r="3" t="45" w="218" /><ent r="3" t="45" w="281" /><ent r="7" t="45" w="445" /><ent r="4" t="46" w="24" /><ent r="3" t="46" w="119" /><ent r="5" t="46" w="121" /><ent r="7" t="46" w="143" /><ent r="7" t="46" w="170" /><ent r="5" t="46" w="182" /><ent r="3" t="47" w="96" /><ent r="6" t="47" w="115" /><ent r="4" t="47" w="328" /><ent r="3" t="47" w="378" /><ent r="3" t="47" w="495" /><ent r="3" t="47" w="601" /><ent r="3" t="47" w="660" /><ent r="3" t="47" w="679" /><ent r="3" t="48" w="346" /><ent r="4" t="48" w="364" /><ent r="3" t="48" w="502" /><ent r="3" t="48" w="581" /><ent r="4" t="48" w="615" /><ent r="4" t="49" w="16" /><ent r="3" t="49" w="93" /><ent r="4" t="49" w="202" /><ent r="3" t="49" w="270" /><ent r="4" t="49" w="294" /><ent r="4" t="50" w="17" /><ent r="7" t="50" w="129" /><ent r="7" t="50" w="150" /><ent r="7" t="50" w="183" /><ent r="7" t="50" w="212" /><ent r="7" t="50" w="242" /><ent r="7" t="50" w="304" /><ent r="7" t="50" w="379" /><ent r="7" t="50" w="451" /><ent r="7" t="50" w="489" /><ent r="7" t="50" w="493" /><ent r="7" t="50" w="533" /><ent r="7" t="50" w="556" /><ent r="7" t="50" w="582" /><ent r="4" t="51" w="37" /><ent r="7" t="51" w="161" /><ent r="7" t="51" w="182" /><ent r="7" t="51" w="215" /><ent r="7" t="51" w="254" /><ent r="8" t="51" w="346" /><ent r="7" t="51" w="368" /><ent r="7" t="51" w="440" /><ent r="8" t="51" w="451" /><ent r="7" t="51" w="507" /><ent r="7" t="51" w="620" /><ent r="7" t="51" w="662" /><ent r="82" t="51" w="730" /><ent r="82" t="51" w="804" /><ent r="3" t="51" w="879" /><ent r="3" t="51" w="946" /><ent r="82" t="51" w="1039" /><ent r="3" t="51" w="1058" /><ent r="3" t="51" w="1159" /><ent r="4" t="52" w="16" /><ent r="3" t="52" w="117" /><ent r="3" t="52" w="236" /><ent r="4" t="53" w="39" /><ent r="4" t="53" w="324" /><ent r="3" t="53" w="396" /><ent r="3" t="54" w="120" /><ent r="3" t="54" w="140" /><ent r="3" t="54" w="329" /><ent r="3" t="54" w="457" /><ent r="3" t="54" w="512" /><ent r="4" t="55" w="30" /><ent r="3" t="55" w="115" /><ent r="3" t="55" w="343" /><ent r="6" t="55" w="414" /><ent r="6" t="55" w="427" /><ent r="6" t="55" w="440" /><ent r="6" t="55" w="455" /><ent r="7" t="55" w="538" /><ent r="6" t="55" w="615" /><ent r="6" t="55" w="620" /><ent r="6" t="55" w="633" /><ent r="8" t="55" w="792" /><ent r="7" t="55" w="895" /><ent r="8" t="55" w="1018" /><ent r="9" t="55" w="1083" /><ent r="9" t="55" w="1212" /><ent r="8" t="55" w="1254" /><ent r="8" t="55" w="1265" /><ent r="6" t="55" w="1328" /><ent r="4" t="55" w="1482" /><ent r="4" t="55" w="1614" /><ent r="4" t="56" w="49" /><ent r="3" t="57" w="53" /><ent r="3" t="58" w="82" /><ent r="4" t="58" w="92" /><ent r="6" t="58" w="106" /><ent r="6" t="58" w="135" /><ent r="4" t="58" w="169" /><ent r="7" t="58" w="235" /><ent r="7" t="58" w="391" /><ent r="7" t="58" w="454" /><ent r="3" t="59" w="77" /><ent r="7" t="59" w="168" /><ent r="7" t="59" w="200" /><ent r="7" t="59" w="246" /><ent r="4" t="60" w="21" /><ent r="3" t="60" w="290" /><ent r="3" t="62" w="29" /><ent r="7" t="62" w="181" /><ent r="8" t="62" w="326" /><ent r="7" t="62" w="338" /><ent r="7" t="62" w="440" /><ent r="7" t="62" w="490" /><ent r="7" t="62" w="536" /><ent r="7" t="62" w="566" /><ent r="7" t="62" w="597" /><ent r="7" t="62" w="620" /><ent r="7" t="62" w="656" /><ent r="4" t="62" w="689" /><ent r="3" t="63" w="39" /><ent r="4" t="63" w="48" /><ent r="6" t="63" w="50" /><ent r="6" t="63" w="71" /><ent r="3" t="63" w="120" /><ent r="3" t="63" w="187" /><ent r="5" t="63" w="200" /><ent r="5" t="63" w="226" /><ent r="3" t="64" w="37" /><ent r="4" t="64" w="46" /><ent r="6" t="64" w="48" /><ent r="6" t="64" w="69" /><ent r="4" t="64" w="136" /><ent r="3" t="64" w="173" /><ent r="3" t="64" w="264" /><ent r="5" t="64" w="278" /><ent r="5" t="64" w="304" /><ent r="4" t="65" w="63" /><ent r="3" t="65" w="108" /><ent r="4" t="65" w="117" /><ent r="6" t="65" w="119" /><ent r="6" t="65" w="140" /><ent r="4" t="66" w="69" /><ent r="3" t="66" w="121" /><ent r="4" t="66" w="130" /><ent r="5" t="66" w="132" /><ent r="5" t="66" w="153" /><ent r="4" t="66" w="240" /><ent r="4" t="67" w="113" /><ent r="3" t="67" w="158" /><ent r="3" t="67" w="245" /><ent r="3" t="67" w="596" /><ent r="3" t="67" w="648" /><ent r="4" t="67" w="687" /><ent r="4" t="67" w="707" /><ent r="4" t="67" w="793" /><ent r="4" t="67" w="884" /><ent r="3" t="68" w="35" /><ent r="6" t="68" w="129" /><ent r="4" t="69" w="66" /><ent r="3" t="69" w="97" /><ent r="4" t="69" w="120" /><ent r="3" t="69" w="241" /><ent r="4" t="69" w="249" /><ent r="4" t="69" w="300" /><ent r="3" t="69" w="315" /></phr></stem><stem n="configur"><phr n="configuring"><ent r="4" t="0" w="53" /><ent r="4" t="0" w="91" /><ent r="65" t="0" w="96" /><ent r="4" t="0" w="128" /><ent r="3" t="5" w="41" /><ent r="3" t="5" w="143" /><ent r="65" t="5" w="254" /><ent r="3" t="7" w="416" /><ent r="64" t="8" w="102" /><ent r="100" t="8" w="132" /><ent r="82" t="8" w="134" /><ent r="3" t="8" w="219" /><ent r="3" t="16" w="293" /><ent r="3" t="16" w="327" /><ent r="3" t="18" w="348" /><ent r="5" t="18" w="480" /><ent r="5" t="18" w="1564" /><ent r="3" t="18" w="2408" /><ent r="5" t="20" w="275" /><ent r="3" t="20" w="861" /><ent r="64" t="21" w="70" /><ent r="5" t="21" w="269" /><ent r="5" t="21" w="475" /><ent r="3" t="21" w="1063" /><ent r="5" t="22" w="240" /><ent r="5" t="22" w="528" /><ent r="3" t="22" w="1118" /><ent r="1000" t="24" w="1" /><ent r="100" t="24" w="14" /><ent r="102" t="24" w="23" /><ent r="100" t="24" w="207" /><ent r="100" t="24" w="289" /><ent r="100" t="24" w="415" /><ent r="1000" t="25" w="1" /><ent r="100" t="25" w="13" /><ent r="102" t="25" w="27" /><ent r="5" t="25" w="197" /><ent r="5" t="25" w="555" /><ent r="100" t="25" w="641" /><ent r="100" t="25" w="699" /><ent r="100" t="25" w="771" /><ent r="100" t="25" w="869" /><ent r="3" t="26" w="85" /><ent r="5" t="27" w="202" /><ent r="5" t="27" w="1082" /><ent r="3" t="27" w="1727" /><ent r="64" t="28" w="164" /><ent r="64" t="28" w="184" /><ent r="7" t="29" w="409" /><ent r="68" t="29" w="435" /><ent r="64" t="29" w="689" /><ent r="65" t="32" w="381" /><ent r="1000" t="33" w="1" /><ent r="100" t="33" w="24" /><ent r="102" t="33" w="32" /><ent r="65" t="35" w="318" /><ent r="64" t="37" w="72" /><ent r="1000" t="38" w="1" /><ent r="100" t="38" w="11" /><ent r="102" t="38" w="18" /><ent r="3" t="38" w="240" /><ent r="64" t="38" w="259" /><ent r="1000" t="40" w="1" /><ent r="100" t="40" w="13" /><ent r="100" t="40" w="19" /><ent r="102" t="40" w="23" /><ent r="1000" t="47" w="1" /><ent r="100" t="47" w="7" /><ent r="102" t="47" w="22" /><ent r="4" t="49" w="533" /><ent r="4" t="49" w="570" /><ent r="6" t="50" w="138" /><ent r="67" t="50" w="547" /><ent r="67" t="50" w="576" /><ent r="6" t="51" w="170" /><ent r="67" t="51" w="645" /><ent r="1000" t="55" w="1" /><ent r="100" t="55" w="12" /><ent r="102" t="55" w="22" /><ent r="4" t="55" w="323" /><ent r="5" t="55" w="398" /><ent r="7" t="55" w="1381" /><ent r="4" t="55" w="1692" /><ent r="64" t="55" w="1779" /><ent r="1000" t="56" w="1" /><ent r="100" t="56" w="10" /><ent r="100" t="56" w="24" /><ent r="100" t="56" w="34" /><ent r="102" t="56" w="41" /><ent r="1000" t="57" w="1" /><ent r="100" t="57" w="16" /><ent r="100" t="57" w="22" /><ent r="102" t="57" w="27" /><ent r="100" t="58" w="10" /><ent r="100" t="59" w="7" /><ent r="4" t="60" w="103" /><ent r="64" t="60" w="161" /><ent r="3" t="62" w="24" /><ent r="3" t="65" w="77" /></phr><phr n="Configured"><ent r="3" t="3" w="241" /><ent r="3" t="4" w="144" /><ent r="4" t="7" w="264" /><ent r="4" t="7" w="297" /><ent r="3" t="10" w="25" /><ent r="7" t="10" w="99" /><ent r="7" t="10" w="144" /><ent r="7" t="10" w="177" /><ent r="3" t="14" w="104" /><ent r="4" t="16" w="55" /><ent r="4" t="16" w="81" /><ent r="3" t="17" w="76" /><ent r="7" t="18" w="1070" /><ent r="3" t="19" w="117" /><ent r="4" t="19" w="203" /><ent r="3" t="25" w="37" /><ent r="5" t="25" w="74" /><ent r="6" t="25" w="169" /><ent r="6" t="25" w="526" /><ent r="3" t="26" w="25" /><ent r="3" t="26" w="46" /><ent r="7" t="27" w="827" /><ent r="3" t="28" w="256" /><ent r="3" t="30" w="85" /><ent r="3" t="30" w="109" /><ent r="3" t="31" w="93" /><ent r="3" t="32" w="249" /><ent r="3" t="33" w="153" /><ent r="3" t="40" w="288" /><ent r="3" t="40" w="313" /><ent r="3" t="40" w="329" /><ent r="3" t="40" w="408" /><ent r="3" t="40" w="536" /><ent r="3" t="42" w="433" /><ent r="3" t="42" w="447" /><ent r="3" t="42" w="662" /><ent r="4" t="42" w="1188" /><ent r="3" t="48" w="332" /><ent r="4" t="49" w="107" /><ent r="4" t="49" w="196" /><ent r="5" t="49" w="299" /><ent r="4" t="49" w="508" /><ent r="4" t="49" w="515" /><ent r="7" t="50" w="433" /><ent r="3" t="55" w="108" /><ent r="9" t="55" w="1030" /><ent r="9" t="55" w="1042" /><ent r="4" t="55" w="1470" /><ent r="3" t="56" w="267" /><ent r="3" t="56" w="275" /><ent r="3" t="58" w="32" /><ent r="5" t="58" w="181" /><ent r="7" t="58" w="305" /><ent r="7" t="58" w="352" /><ent r="64" t="59" w="35" /><ent r="3" t="60" w="158" /><ent r="7" t="68" w="63" /><ent r="7" t="68" w="102" /><ent r="7" t="68" w="166" /></phr><phr n="configuration"><ent r="4" t="3" w="394" /><ent r="3" t="4" w="195" /><ent r="6" t="4" w="286" /><ent r="3" t="5" w="35" /><ent r="3" t="5" w="91" /><ent r="3" t="5" w="135" /><ent r="3" t="9" w="129" /><ent r="4" t="9" w="296" /><ent r="82" t="10" w="258" /><ent r="4" t="10" w="338" /><ent r="5" t="10" w="378" /><ent r="3" t="11" w="23" /><ent r="3" t="16" w="140" /><ent r="3" t="16" w="214" /><ent r="3" t="17" w="153" /><ent r="3" t="17" w="199" /><ent r="3" t="17" w="243" /><ent r="4" t="18" w="371" /><ent r="7" t="18" w="973" /><ent r="3" t="18" w="2436" /><ent r="3" t="19" w="105" /><ent r="3" t="19" w="237" /><ent r="3" t="20" w="889" /><ent r="3" t="21" w="1091" /><ent r="3" t="22" w="1146" /><ent r="3" t="24" w="96" /><ent r="3" t="24" w="148" /><ent r="7" t="27" w="727" /><ent r="3" t="40" w="106" /><ent r="3" t="40" w="135" /><ent r="3" t="42" w="485" /><ent r="3" t="48" w="451" /><ent r="3" t="48" w="474" /><ent r="3" t="48" w="526" /><ent r="3" t="48" w="639" /><ent r="4" t="49" w="121" /><ent r="4" t="49" w="181" /><ent r="4" t="49" w="283" /><ent r="4" t="49" w="360" /><ent r="3" t="52" w="81" /><ent r="3" t="52" w="116" /><ent r="3" t="52" w="165" /><ent r="3" t="53" w="104" /><ent r="3" t="53" w="218" /><ent r="3" t="53" w="251" /><ent r="3" t="53" w="273" /><ent r="3" t="54" w="76" /><ent r="3" t="55" w="209" /><ent r="3" t="55" w="272" /><ent r="3" t="56" w="92" /><ent r="3" t="56" w="235" /><ent r="4" t="57" w="129" /><ent r="7" t="58" w="368" /><ent r="3" t="60" w="125" /><ent r="3" t="60" w="245" /><ent r="3" t="62" w="702" /></phr><phr n="configure"><ent r="3" t="4" w="182" /><ent r="3" t="5" w="66" /><ent r="4" t="5" w="214" /><ent r="4" t="6" w="32" /><ent r="3" t="7" w="101" /><ent r="4" t="7" w="307" /><ent r="4" t="8" w="207" /><ent r="3" t="10" w="264" /><ent r="3" t="10" w="317" /><ent r="4" t="18" w="403" /><ent r="4" t="18" w="1558" /><ent r="3" t="20" w="59" /><ent r="4" t="20" w="269" /><ent r="4" t="21" w="263" /><ent r="4" t="21" w="469" /><ent r="4" t="22" w="234" /><ent r="4" t="22" w="522" /><ent r="100" t="24" w="9" /><ent r="3" t="24" w="30" /><ent r="100" t="24" w="419" /><ent r="4" t="24" w="477" /><ent r="100" t="25" w="7" /><ent r="6" t="25" w="347" /><ent r="67" t="25" w="362" /><ent r="67" t="25" w="584" /><ent r="64" t="25" w="633" /><ent r="100" t="25" w="646" /><ent r="100" t="25" w="874" /><ent r="82" t="25" w="877" /><ent r="3" t="25" w="895" /><ent r="3" t="26" w="101" /><ent r="3" t="27" w="27" /><ent r="4" t="27" w="1076" /><ent r="4" t="27" w="1517" /><ent r="64" t="31" w="241" /><ent r="4" t="32" w="368" /><ent r="4" t="32" w="374" /><ent r="5" t="32" w="697" /><ent r="100" t="33" w="20" /><ent r="3" t="33" w="169" /><ent r="4" t="33" w="235" /><ent r="3" t="33" w="241" /><ent r="4" t="33" w="246" /><ent r="64" t="35" w="102" /><ent r="100" t="38" w="7" /><ent r="100" t="40" w="15" /><ent r="3" t="48" w="822" /><ent r="3" t="48" w="840" /><ent r="3" t="49" w="81" /><ent r="3" t="50" w="78" /><ent r="6" t="50" w="534" /><ent r="3" t="51" w="102" /><ent r="6" t="51" w="629" /><ent r="100" t="55" w="8" /><ent r="3" t="55" w="303" /><ent r="3" t="55" w="336" /><ent r="4" t="55" w="367" /><ent r="4" t="55" w="1707" /><ent r="3" t="55" w="1761" /><ent r="100" t="56" w="26" /><ent r="100" t="56" w="30" /><ent r="100" t="57" w="18" /><ent r="3" t="57" w="36" /><ent r="4" t="57" w="90" /><ent r="4" t="57" w="136" /><ent r="100" t="58" w="26" /><ent r="4" t="58" w="84" /><ent r="4" t="58" w="161" /><ent r="3" t="58" w="203" /><ent r="100" t="59" w="28" /><ent r="3" t="59" w="134" /><ent r="3" t="60" w="174" /><ent r="3" t="60" w="209" /></phr><phr n="configurations"><ent r="3" t="45" w="182" /></phr><phr n="configurable"><ent r="5" t="62" w="31" /></phr></stem><stem n="gatewai"><phr n="Gateway"><ent r="4" t="0" w="54" /><ent r="65" t="0" w="59" /><ent r="100" t="1" w="13" /><ent r="3" t="1" w="27" /><ent r="100" t="1" w="123" /><ent r="92" t="1" w="128" /><ent r="3" t="1" w="133" /><ent r="3" t="1" w="146" /><ent r="3" t="1" w="169" /><ent r="3" t="1" w="220" /><ent r="3" t="1" w="233" /><ent r="3" t="1" w="242" /><ent r="3" t="1" w="264" /><ent r="64" t="1" w="277" /><ent r="4" t="1" w="344" /><ent r="3" t="3" w="53" /><ent r="3" t="3" w="58" /><ent r="3" t="3" w="84" /><ent r="3" t="4" w="145" /><ent r="3" t="4" w="148" /><ent r="3" t="4" w="165" /><ent r="64" t="4" w="170" /><ent r="3" t="5" w="126" /><ent r="3" t="5" w="159" /><ent r="4" t="5" w="176" /><ent r="4" t="5" w="198" /><ent r="4" t="5" w="202" /><ent r="65" t="5" w="210" /><ent r="4" t="5" w="287" /><ent r="3" t="7" w="106" /><ent r="3" t="7" w="156" /><ent r="3" t="7" w="247" /><ent r="4" t="7" w="261" /><ent r="4" t="7" w="289" /><ent r="4" t="7" w="321" /><ent r="5" t="7" w="327" /><ent r="5" t="7" w="408" /><ent r="3" t="7" w="431" /><ent r="3" t="8" w="172" /><ent r="1000" t="9" w="2" /><ent r="100" t="9" w="6" /><ent r="100" t="9" w="10" /><ent r="100" t="9" w="14" /><ent r="100" t="9" w="19" /><ent r="102" t="9" w="23" /><ent r="3" t="9" w="53" /><ent r="3" t="9" w="73" /><ent r="3" t="9" w="90" /><ent r="3" t="9" w="117" /><ent r="3" t="9" w="126" /><ent r="3" t="9" w="206" /><ent r="3" t="9" w="224" /><ent r="3" t="9" w="239" /><ent r="65" t="9" w="255" /><ent r="4" t="9" w="260" /><ent r="65" t="9" w="272" /><ent r="4" t="9" w="277" /><ent r="3" t="9" w="311" /><ent r="3" t="9" w="318" /><ent r="3" t="9" w="330" /><ent r="64" t="9" w="335" /><ent r="3" t="9" w="372" /><ent r="3" t="9" w="377" /><ent r="1000" t="10" w="2" /><ent r="100" t="10" w="6" /><ent r="100" t="10" w="11" /><ent r="100" t="10" w="15" /><ent r="102" t="10" w="19" /><ent r="3" t="10" w="26" /><ent r="5" t="10" w="45" /><ent r="8" t="10" w="53" /><ent r="7" t="10" w="59" /><ent r="7" t="10" w="76" /><ent r="7" t="10" w="97" /><ent r="7" t="10" w="112" /><ent r="7" t="10" w="134" /><ent r="7" t="10" w="142" /><ent r="7" t="10" w="155" /><ent r="7" t="10" w="180" /><ent r="3" t="10" w="184" /><ent r="3" t="10" w="195" /><ent r="3" t="10" w="198" /><ent r="3" t="10" w="203" /><ent r="3" t="10" w="253" /><ent r="1000" t="11" w="3" /><ent r="100" t="11" w="6" /><ent r="100" t="11" w="12" /><ent r="102" t="11" w="17" /><ent r="64" t="11" w="28" /><ent r="4" t="11" w="44" /><ent r="4" t="11" w="73" /><ent r="100" t="11" w="89" /><ent r="65" t="11" w="93" /><ent r="65" t="11" w="99" /><ent r="1000" t="12" w="3" /><ent r="100" t="12" w="6" /><ent r="100" t="12" w="12" /><ent r="102" t="12" w="17" /><ent r="64" t="12" w="24" /><ent r="4" t="12" w="48" /><ent r="4" t="12" w="103" /><ent r="5" t="12" w="137" /><ent r="5" t="12" w="153" /><ent r="5" t="12" w="176" /><ent r="5" t="12" w="212" /><ent r="3" t="12" w="220" /><ent r="3" t="12" w="235" /><ent r="64" t="12" w="250" /><ent r="100" t="12" w="254" /><ent r="3" t="12" w="259" /><ent r="3" t="12" w="266" /><ent r="3" t="12" w="289" /><ent r="4" t="12" w="307" /><ent r="65" t="12" w="321" /><ent r="4" t="12" w="343" /><ent r="4" t="12" w="363" /><ent r="1000" t="13" w="3" /><ent r="100" t="13" w="6" /><ent r="100" t="13" w="14" /><ent r="100" t="13" w="18" /><ent r="100" t="13" w="21" /><ent r="100" t="13" w="27" /><ent r="102" t="13" w="32" /><ent r="64" t="13" w="44" /><ent r="3" t="13" w="55" /><ent r="3" t="13" w="80" /><ent r="3" t="13" w="88" /><ent r="3" t="13" w="118" /><ent r="3" t="13" w="129" /><ent r="3" t="13" w="143" /><ent r="4" t="13" w="158" /><ent r="4" t="13" w="190" /><ent r="4" t="13" w="247" /><ent r="4" t="13" w="249" /><ent r="3" t="13" w="262" /><ent r="3" t="13" w="283" /><ent r="3" t="13" w="285" /><ent r="3" t="13" w="324" /><ent r="1000" t="14" w="4" /><ent r="100" t="14" w="7" /><ent r="100" t="14" w="13" /><ent r="100" t="14" w="19" /><ent r="100" t="14" w="23" /><ent r="102" t="14" w="29" /><ent r="64" t="14" w="35" /><ent r="3" t="14" w="51" /><ent r="3" t="14" w="54" /><ent r="3" t="14" w="76" /><ent r="3" t="14" w="83" /><ent r="3" t="14" w="92" /><ent r="3" t="14" w="102" /><ent r="3" t="14" w="125" /><ent r="64" t="14" w="147" /><ent r="3" t="14" w="155" /><ent r="4" t="14" w="170" /><ent r="3" t="14" w="206" /><ent r="1000" t="15" w="7" /><ent r="100" t="15" w="10" /><ent r="100" t="15" w="20" /><ent r="102" t="15" w="32" /><ent r="3" t="15" w="39" /><ent r="3" t="15" w="57" /><ent r="3" t="15" w="81" /><ent r="4" t="15" w="87" /><ent r="4" t="15" w="105" /><ent r="4" t="15" w="113" /><ent r="5" t="15" w="125" /><ent r="65" t="15" w="155" /><ent r="65" t="15" w="169" /><ent r="4" t="15" w="180" /><ent r="3" t="15" w="191" /><ent r="64" t="15" w="198" /><ent r="5" t="16" w="66" /><ent r="4" t="16" w="86" /><ent r="3" t="16" w="134" /><ent r="4" t="16" w="235" /><ent r="4" t="16" w="263" /><ent r="5" t="16" w="276" /><ent r="3" t="16" w="294" /><ent r="3" t="16" w="328" /><ent r="1000" t="17" w="2" /><ent r="100" t="17" w="6" /><ent r="100" t="17" w="9" /><ent r="102" t="17" w="14" /><ent r="3" t="17" w="27" /><ent r="3" t="17" w="30" /><ent r="3" t="17" w="69" /><ent r="3" t="17" w="80" /><ent r="3" t="17" w="92" /><ent r="3" t="17" w="131" /><ent r="3" t="17" w="136" /><ent r="3" t="17" w="202" /><ent r="3" t="17" w="230" /><ent r="3" t="17" w="237" /><ent r="1000" t="18" w="4" /><ent r="100" t="18" w="8" /><ent r="100" t="18" w="14" /><ent r="100" t="18" w="18" /><ent r="100" t="18" w="21" /><ent r="100" t="18" w="28" /><ent r="102" t="18" w="34" /><ent r="64" t="18" w="43" /><ent r="3" t="18" w="48" /><ent r="4" t="18" w="65" /><ent r="5" t="18" w="73" /><ent r="4" t="18" w="82" /><ent r="4" t="18" w="98" /><ent r="5" t="18" w="102" /><ent r="3" t="18" w="127" /><ent r="3" t="18" w="135" /><ent r="3" t="18" w="166" /><ent r="3" t="18" w="183" /><ent r="3" t="18" w="206" /><ent r="3" t="18" w="276" /><ent r="4" t="18" w="303" /><ent r="4" t="18" w="309" /><ent r="64" t="18" w="476" /><ent r="5" t="18" w="486" /><ent r="6" t="18" w="505" /><ent r="6" t="18" w="578" /><ent r="6" t="18" w="822" /><ent r="6" t="18" w="946" /><ent r="7" t="18" w="1150" /><ent r="8" t="18" w="1322" /><ent r="8" t="18" w="1344" /><ent r="8" t="18" w="1356" /><ent r="9" t="18" w="1450" /><ent r="9" t="18" w="1460" /><ent r="8" t="18" w="1519" /><ent r="8" t="18" w="1530" /><ent r="10" t="18" w="1538" /><ent r="9" t="18" w="1543" /><ent r="5" t="18" w="1570" /><ent r="7" t="18" w="1686" /><ent r="6" t="18" w="1726" /><ent r="6" t="18" w="1728" /><ent r="6" t="18" w="1738" /><ent r="6" t="18" w="1752" /><ent r="6" t="18" w="1762" /><ent r="6" t="18" w="1790" /><ent r="6" t="18" w="2094" /><ent r="6" t="18" w="2132" /><ent r="3" t="18" w="2324" /><ent r="3" t="18" w="2431" /><ent r="3" t="18" w="2447" /><ent r="4" t="18" w="2470" /><ent r="3" t="18" w="2510" /><ent r="64" t="18" w="2515" /><ent r="1000" t="19" w="2" /><ent r="100" t="19" w="6" /><ent r="100" t="19" w="9" /><ent r="100" t="19" w="12" /><ent r="100" t="19" w="18" /><ent r="102" t="19" w="22" /><ent r="3" t="19" w="35" /><ent r="3" t="19" w="38" /><ent r="3" t="19" w="63" /><ent r="3" t="19" w="92" /><ent r="3" t="19" w="113" /><ent r="65" t="19" w="157" /><ent r="65" t="19" w="188" /><ent r="4" t="19" w="205" /><ent r="65" t="19" w="219" /><ent r="65" t="19" w="222" /><ent r="3" t="19" w="231" /><ent r="1000" t="20" w="4" /><ent r="1000" t="20" w="7" /><ent r="100" t="20" w="10" /><ent r="100" t="20" w="15" /><ent r="100" t="20" w="19" /><ent r="100" t="20" w="23" /><ent r="100" t="20" w="26" /><ent r="100" t="20" w="33" /><ent r="102" t="20" w="39" /><ent r="102" t="20" w="42" /><ent r="64" t="20" w="50" /><ent r="3" t="20" w="55" /><ent r="64" t="20" w="62" /><ent r="4" t="20" w="86" /><ent r="5" t="20" w="94" /><ent r="5" t="20" w="109" /><ent r="4" t="20" w="119" /><ent r="4" t="20" w="134" /><ent r="4" t="20" w="146" /><ent r="4" t="20" w="155" /><ent r="5" t="20" w="159" /><ent r="3" t="20" w="184" /><ent r="3" t="20" w="192" /><ent r="3" t="20" w="218" /><ent r="3" t="20" w="235" /><ent r="4" t="20" w="263" /><ent r="5" t="20" w="281" /><ent r="6" t="20" w="287" /><ent r="6" t="20" w="297" /><ent r="6" t="20" w="311" /><ent r="6" t="20" w="321" /><ent r="6" t="20" w="349" /><ent r="3" t="20" w="777" /><ent r="3" t="20" w="884" /><ent r="3" t="20" w="900" /><ent r="4" t="20" w="923" /><ent r="3" t="20" w="963" /><ent r="64" t="20" w="968" /><ent r="1000" t="21" w="4" /><ent r="100" t="21" w="11" /><ent r="100" t="21" w="15" /><ent r="100" t="21" w="20" /><ent r="100" t="21" w="28" /><ent r="100" t="21" w="31" /><ent r="100" t="21" w="38" /><ent r="102" t="21" w="44" /><ent r="3" t="21" w="54" /><ent r="64" t="21" w="83" /><ent r="3" t="21" w="91" /><ent r="4" t="21" w="121" /><ent r="5" t="21" w="129" /><ent r="4" t="21" w="153" /><ent r="4" t="21" w="165" /><ent r="4" t="21" w="174" /><ent r="5" t="21" w="178" /><ent r="3" t="21" w="203" /><ent r="3" t="21" w="211" /><ent r="3" t="21" w="237" /><ent r="3" t="21" w="254" /><ent r="6" t="21" w="487" /><ent r="6" t="21" w="497" /><ent r="6" t="21" w="511" /><ent r="6" t="21" w="521" /><ent r="6" t="21" w="549" /><ent r="3" t="21" w="979" /><ent r="3" t="21" w="1086" /><ent r="3" t="21" w="1102" /><ent r="4" t="21" w="1125" /><ent r="3" t="21" w="1165" /><ent r="64" t="21" w="1170" /><ent r="1000" t="22" w="4" /><ent r="100" t="22" w="11" /><ent r="100" t="22" w="15" /><ent r="100" t="22" w="20" /><ent r="100" t="22" w="28" /><ent r="100" t="22" w="31" /><ent r="100" t="22" w="38" /><ent r="102" t="22" w="44" /><ent r="64" t="22" w="55" /><ent r="3" t="22" w="63" /><ent r="4" t="22" w="93" /><ent r="5" t="22" w="101" /><ent r="4" t="22" w="124" /><ent r="4" t="22" w="136" /><ent r="4" t="22" w="145" /><ent r="5" t="22" w="149" /><ent r="3" t="22" w="174" /><ent r="3" t="22" w="182" /><ent r="3" t="22" w="208" /><ent r="3" t="22" w="225" /><ent r="6" t="22" w="303" /><ent r="6" t="22" w="330" /><ent r="6" t="22" w="333" /><ent r="6" t="22" w="342" /><ent r="3" t="22" w="470" /><ent r="6" t="22" w="540" /><ent r="6" t="22" w="550" /><ent r="6" t="22" w="564" /><ent r="6" t="22" w="574" /><ent r="6" t="22" w="602" /><ent r="3" t="22" w="1034" /><ent r="3" t="22" w="1141" /><ent r="3" t="22" w="1157" /><ent r="4" t="22" w="1180" /><ent r="3" t="22" w="1220" /><ent r="64" t="22" w="1225" /><ent r="3" t="23" w="37" /><ent r="3" t="23" w="66" /><ent r="4" t="23" w="79" /><ent r="65" t="23" w="91" /><ent r="4" t="23" w="104" /><ent r="4" t="23" w="182" /><ent r="64" t="23" w="189" /><ent r="64" t="23" w="195" /><ent r="64" t="23" w="198" /><ent r="64" t="23" w="203" /><ent r="64" t="23" w="211" /><ent r="3" t="24" w="123" /><ent r="3" t="24" w="138" /><ent r="4" t="24" w="157" /><ent r="4" t="24" w="173" /><ent r="64" t="24" w="190" /><ent r="64" t="24" w="204" /><ent r="82" t="24" w="221" /><ent r="100" t="24" w="420" /><ent r="82" t="24" w="425" /><ent r="3" t="24" w="433" /><ent r="64" t="24" w="438" /><ent r="3" t="24" w="446" /><ent r="4" t="24" w="465" /><ent r="5" t="24" w="498" /><ent r="4" t="24" w="507" /><ent r="5" t="24" w="519" /><ent r="8" t="24" w="531" /><ent r="7" t="24" w="537" /><ent r="6" t="24" w="602" /><ent r="7" t="24" w="754" /><ent r="3" t="24" w="775" /><ent r="3" t="24" w="798" /><ent r="3" t="24" w="814" /><ent r="3" t="25" w="34" /><ent r="5" t="25" w="64" /><ent r="5" t="25" w="80" /><ent r="5" t="25" w="95" /><ent r="6" t="25" w="130" /><ent r="6" t="25" w="145" /><ent r="5" t="25" w="233" /><ent r="5" t="25" w="240" /><ent r="5" t="25" w="391" /><ent r="5" t="25" w="420" /><ent r="6" t="25" w="437" /><ent r="6" t="25" w="460" /><ent r="64" t="25" w="612" /><ent r="100" t="25" w="647" /><ent r="82" t="25" w="655" /><ent r="3" t="25" w="662" /><ent r="64" t="25" w="693" /><ent r="3" t="26" w="36" /><ent r="64" t="26" w="144" /><ent r="3" t="27" w="55" /><ent r="4" t="27" w="72" /><ent r="4" t="27" w="90" /><ent r="64" t="27" w="198" /><ent r="6" t="27" w="700" /><ent r="7" t="27" w="907" /><ent r="7" t="27" w="1202" /><ent r="6" t="27" w="1242" /><ent r="6" t="27" w="1256" /><ent r="4" t="27" w="1746" /><ent r="3" t="27" w="1787" /><ent r="64" t="27" w="1792" /><ent r="3" t="28" w="69" /><ent r="3" t="28" w="105" /><ent r="3" t="28" w="114" /><ent r="100" t="28" w="211" /><ent r="64" t="28" w="215" /><ent r="3" t="28" w="228" /><ent r="3" t="28" w="267" /><ent r="3" t="28" w="298" /><ent r="3" t="28" w="316" /><ent r="100" t="29" w="19" /><ent r="4" t="29" w="55" /><ent r="3" t="29" w="201" /><ent r="100" t="29" w="222" /><ent r="3" t="29" w="238" /><ent r="3" t="29" w="243" /><ent r="3" t="29" w="277" /><ent r="3" t="29" w="280" /><ent r="7" t="29" w="470" /><ent r="7" t="29" w="593" /><ent r="100" t="29" w="732" /><ent r="4" t="29" w="899" /><ent r="4" t="29" w="970" /><ent r="4" t="29" w="989" /><ent r="4" t="29" w="1001" /><ent r="4" t="29" w="1026" /><ent r="3" t="29" w="1161" /><ent r="4" t="29" w="1223" /><ent r="3" t="30" w="50" /><ent r="3" t="30" w="82" /><ent r="3" t="30" w="119" /><ent r="3" t="31" w="73" /><ent r="4" t="31" w="155" /><ent r="4" t="31" w="164" /><ent r="4" t="32" w="78" /><ent r="4" t="32" w="87" /><ent r="3" t="32" w="235" /><ent r="3" t="32" w="329" /><ent r="5" t="32" w="683" /><ent r="3" t="33" w="139" /><ent r="4" t="33" w="186" /><ent r="4" t="33" w="195" /><ent r="7" t="33" w="389" /><ent r="7" t="33" w="399" /><ent r="7" t="33" w="487" /><ent r="7" t="33" w="498" /><ent r="4" t="34" w="121" /><ent r="4" t="34" w="130" /><ent r="3" t="35" w="41" /><ent r="4" t="35" w="184" /><ent r="4" t="35" w="217" /><ent r="4" t="36" w="61" /><ent r="4" t="36" w="94" /><ent r="3" t="37" w="39" /><ent r="3" t="37" w="158" /><ent r="3" t="37" w="160" /><ent r="3" t="37" w="203" /><ent r="3" t="37" w="214" /><ent r="3" t="37" w="270" /><ent r="3" t="37" w="280" /><ent r="3" t="37" w="285" /><ent r="3" t="37" w="329" /><ent r="3" t="37" w="349" /><ent r="3" t="37" w="406" /><ent r="3" t="37" w="423" /><ent r="3" t="37" w="436" /><ent r="3" t="37" w="440" /><ent r="3" t="37" w="470" /><ent r="3" t="38" w="48" /><ent r="4" t="38" w="74" /><ent r="4" t="38" w="82" /><ent r="4" t="38" w="160" /><ent r="4" t="38" w="178" /><ent r="3" t="39" w="72" /><ent r="3" t="40" w="44" /><ent r="3" t="40" w="364" /><ent r="3" t="40" w="384" /><ent r="3" t="40" w="406" /><ent r="64" t="40" w="420" /><ent r="64" t="40" w="426" /><ent r="3" t="40" w="723" /><ent r="3" t="40" w="728" /><ent r="4" t="40" w="753" /><ent r="4" t="40" w="782" /><ent r="4" t="40" w="805" /><ent r="4" t="40" w="810" /><ent r="3" t="40" w="829" /><ent r="4" t="40" w="889" /><ent r="3" t="40" w="971" /><ent r="3" t="40" w="1138" /><ent r="3" t="41" w="50" /><ent r="3" t="41" w="70" /><ent r="3" t="41" w="86" /><ent r="3" t="41" w="112" /><ent r="3" t="42" w="46" /><ent r="3" t="42" w="81" /><ent r="3" t="42" w="98" /><ent r="3" t="42" w="134" /><ent r="3" t="42" w="153" /><ent r="3" t="42" w="180" /><ent r="3" t="42" w="276" /><ent r="3" t="42" w="332" /><ent r="3" t="42" w="341" /><ent r="3" t="42" w="366" /><ent r="3" t="42" w="392" /><ent r="3" t="42" w="412" /><ent r="3" t="42" w="430" /><ent r="3" t="42" w="436" /><ent r="3" t="42" w="442" /><ent r="3" t="42" w="454" /><ent r="3" t="42" w="494" /><ent r="3" t="42" w="529" /><ent r="3" t="42" w="581" /><ent r="3" t="42" w="588" /><ent r="3" t="42" w="606" /><ent r="4" t="42" w="655" /><ent r="3" t="42" w="659" /><ent r="3" t="42" w="681" /><ent r="3" t="42" w="730" /><ent r="4" t="42" w="783" /><ent r="3" t="42" w="787" /><ent r="3" t="42" w="862" /><ent r="3" t="42" w="880" /><ent r="3" t="42" w="905" /><ent r="3" t="42" w="956" /><ent r="64" t="42" w="960" /><ent r="64" t="42" w="966" /><ent r="3" t="42" w="1008" /><ent r="4" t="42" w="1034" /><ent r="4" t="42" w="1072" /><ent r="4" t="42" w="1089" /><ent r="3" t="42" w="1140" /><ent r="3" t="42" w="1237" /><ent r="3" t="42" w="1246" /><ent r="3" t="42" w="1254" /><ent r="3" t="42" w="1284" /><ent r="3" t="42" w="1367" /><ent r="3" t="42" w="1385" /><ent r="3" t="42" w="1398" /><ent r="3" t="42" w="1422" /><ent r="3" t="42" w="1443" /><ent r="3" t="42" w="1467" /><ent r="3" t="42" w="1471" /><ent r="3" t="42" w="1527" /><ent r="3" t="42" w="1556" /><ent r="3" t="42" w="1598" /><ent r="3" t="42" w="1609" /><ent r="3" t="42" w="1637" /><ent r="3" t="42" w="1648" /><ent r="3" t="42" w="1660" /><ent r="3" t="42" w="1697" /><ent r="64" t="42" w="1727" /><ent r="3" t="42" w="1736" /><ent r="3" t="42" w="1771" /><ent r="3" t="42" w="1792" /><ent r="3" t="42" w="1798" /><ent r="3" t="42" w="1802" /><ent r="3" t="42" w="1891" /><ent r="3" t="42" w="1951" /><ent r="3" t="42" w="1965" /><ent r="4" t="42" w="1982" /><ent r="4" t="42" w="1991" /><ent r="64" t="42" w="2034" /><ent r="3" t="42" w="2068" /><ent r="4" t="42" w="2095" /><ent r="4" t="42" w="2125" /><ent r="3" t="42" w="2178" /><ent r="64" t="42" w="2185" /><ent r="100" t="43" w="19" /><ent r="3" t="43" w="49" /><ent r="8" t="43" w="90" /><ent r="7" t="43" w="114" /><ent r="7" t="43" w="141" /><ent r="8" t="43" w="152" /><ent r="7" t="43" w="156" /><ent r="7" t="43" w="163" /><ent r="7" t="43" w="168" /><ent r="7" t="43" w="254" /><ent r="7" t="43" w="259" /><ent r="7" t="43" w="319" /><ent r="7" t="43" w="325" /><ent r="7" t="43" w="329" /><ent r="7" t="43" w="336" /><ent r="7" t="43" w="360" /><ent r="4" t="44" w="146" /><ent r="4" t="45" w="100" /><ent r="4" t="47" w="100" /><ent r="3" t="47" w="297" /><ent r="100" t="48" w="19" /><ent r="3" t="48" w="328" /><ent r="3" t="48" w="370" /><ent r="3" t="48" w="374" /><ent r="3" t="48" w="389" /><ent r="3" t="48" w="410" /><ent r="82" t="48" w="505" /><ent r="3" t="48" w="511" /><ent r="3" t="48" w="516" /><ent r="3" t="48" w="529" /><ent r="3" t="48" w="560" /><ent r="3" t="48" w="569" /><ent r="3" t="48" w="602" /><ent r="3" t="48" w="611" /><ent r="3" t="48" w="619" /><ent r="3" t="48" w="653" /><ent r="3" t="48" w="711" /><ent r="3" t="48" w="728" /><ent r="3" t="48" w="763" /><ent r="3" t="48" w="803" /><ent r="3" t="48" w="808" /><ent r="3" t="48" w="843" /><ent r="3" t="49" w="22" /><ent r="3" t="49" w="26" /><ent r="3" t="49" w="41" /><ent r="3" t="49" w="62" /><ent r="4" t="49" w="134" /><ent r="4" t="49" w="204" /><ent r="4" t="49" w="220" /><ent r="82" t="49" w="254" /><ent r="3" t="49" w="262" /><ent r="4" t="49" w="286" /><ent r="5" t="49" w="296" /><ent r="4" t="49" w="372" /><ent r="4" t="49" w="402" /><ent r="4" t="49" w="433" /><ent r="4" t="49" w="464" /><ent r="82" t="49" w="499" /><ent r="4" t="49" w="505" /><ent r="4" t="49" w="530" /><ent r="4" t="49" w="567" /><ent r="3" t="50" w="24" /><ent r="3" t="50" w="44" /><ent r="6" t="50" w="158" /><ent r="6" t="50" w="165" /><ent r="7" t="50" w="171" /><ent r="6" t="50" w="194" /><ent r="6" t="50" w="217" /><ent r="6" t="50" w="224" /><ent r="6" t="50" w="230" /><ent r="6" t="50" w="250" /><ent r="6" t="50" w="256" /><ent r="6" t="50" w="266" /><ent r="6" t="50" w="314" /><ent r="7" t="50" w="365" /><ent r="7" t="50" w="426" /><ent r="7" t="50" w="458" /><ent r="6" t="50" w="567" /><ent r="67" t="50" w="577" /><ent r="3" t="51" w="56" /><ent r="3" t="51" w="77" /><ent r="6" t="51" w="190" /><ent r="6" t="51" w="197" /><ent r="7" t="51" w="203" /><ent r="6" t="51" w="223" /><ent r="6" t="51" w="229" /><ent r="7" t="51" w="340" /><ent r="6" t="51" w="630" /><ent r="67" t="51" w="646" /><ent r="3" t="51" w="686" /><ent r="3" t="51" w="692" /><ent r="3" t="51" w="747" /><ent r="3" t="52" w="22" /><ent r="3" t="52" w="26" /><ent r="3" t="52" w="41" /><ent r="3" t="52" w="62" /><ent r="3" t="52" w="88" /><ent r="3" t="52" w="194" /><ent r="3" t="52" w="205" /><ent r="3" t="53" w="43" /><ent r="3" t="53" w="47" /><ent r="3" t="53" w="62" /><ent r="3" t="53" w="83" /><ent r="3" t="53" w="123" /><ent r="3" t="53" w="136" /><ent r="3" t="53" w="158" /><ent r="3" t="53" w="195" /><ent r="3" t="53" w="243" /><ent r="3" t="53" w="306" /><ent r="3" t="55" w="36" /><ent r="3" t="55" w="40" /><ent r="3" t="55" w="55" /><ent r="3" t="55" w="76" /><ent r="4" t="55" w="145" /><ent r="4" t="55" w="149" /><ent r="6" t="55" w="426" /><ent r="8" t="55" w="707" /><ent r="8" t="55" w="774" /><ent r="8" t="55" w="968" /><ent r="9" t="55" w="1033" /><ent r="9" t="55" w="1232" /><ent r="3" t="55" w="1764" /><ent r="64" t="55" w="1780" /><ent r="1000" t="56" w="2" /><ent r="100" t="56" w="8" /><ent r="100" t="56" w="12" /><ent r="100" t="56" w="19" /><ent r="100" t="56" w="27" /><ent r="100" t="56" w="35" /><ent r="102" t="56" w="42" /><ent r="3" t="56" w="52" /><ent r="3" t="56" w="73" /><ent r="3" t="56" w="105" /><ent r="3" t="56" w="113" /><ent r="3" t="56" w="172" /><ent r="3" t="56" w="186" /><ent r="3" t="56" w="193" /><ent r="3" t="56" w="252" /><ent r="3" t="56" w="258" /><ent r="3" t="56" w="263" /><ent r="3" t="56" w="272" /><ent r="1000" t="57" w="2" /><ent r="100" t="57" w="14" /><ent r="100" t="57" w="19" /><ent r="100" t="57" w="24" /><ent r="102" t="57" w="28" /><ent r="4" t="57" w="71" /><ent r="4" t="57" w="83" /><ent r="4" t="57" w="92" /><ent r="4" t="57" w="123" /><ent r="4" t="57" w="134" /><ent r="4" t="57" w="138" /><ent r="100" t="58" w="11" /><ent r="100" t="58" w="27" /><ent r="3" t="58" w="30" /><ent r="4" t="58" w="87" /><ent r="5" t="58" w="99" /><ent r="5" t="58" w="143" /><ent r="5" t="58" w="147" /><ent r="4" t="58" w="164" /><ent r="5" t="58" w="176" /><ent r="5" t="58" w="183" /><ent r="6" t="58" w="240" /><ent r="6" t="58" w="246" /><ent r="6" t="58" w="260" /><ent r="67" t="58" w="276" /><ent r="7" t="58" w="309" /><ent r="7" t="58" w="325" /><ent r="7" t="58" w="363" /><ent r="6" t="58" w="396" /><ent r="67" t="58" w="402" /><ent r="67" t="58" w="405" /><ent r="7" t="58" w="408" /><ent r="7" t="58" w="419" /><ent r="8" t="58" w="430" /><ent r="6" t="58" w="460" /><ent r="100" t="59" w="9" /><ent r="100" t="59" w="29" /><ent r="3" t="59" w="32" /><ent r="4" t="59" w="84" /><ent r="4" t="59" w="117" /><ent r="6" t="59" w="173" /><ent r="67" t="59" w="179" /><ent r="7" t="59" w="188" /><ent r="8" t="59" w="193" /><ent r="68" t="59" w="215" /><ent r="6" t="59" w="250" /><ent r="3" t="60" w="25" /><ent r="3" t="60" w="29" /><ent r="3" t="60" w="44" /><ent r="3" t="60" w="65" /><ent r="3" t="60" w="156" /><ent r="64" t="60" w="162" /><ent r="3" t="60" w="192" /><ent r="3" t="60" w="196" /><ent r="3" t="60" w="227" /><ent r="3" t="60" w="231" /><ent r="3" t="60" w="249" /><ent r="3" t="60" w="254" /><ent r="3" t="60" w="283" /><ent r="7" t="62" w="92" /><ent r="7" t="62" w="119" /><ent r="7" t="62" w="337" /><ent r="7" t="62" w="378" /><ent r="7" t="62" w="433" /><ent r="7" t="62" w="453" /><ent r="7" t="62" w="529" /><ent r="3" t="63" w="38" /><ent r="7" t="68" w="69" /><ent r="7" t="68" w="142" /><ent r="4" t="69" w="150" /><ent r="4" t="69" w="160" /><ent r="3" t="69" w="215" /><ent r="3" t="69" w="240" /><ent r="3" t="69" w="267" /><ent r="3" t="69" w="277" /></phr><phr n="Gateways"><ent r="3" t="9" w="49" /><ent r="3" t="17" w="215" /><ent r="4" t="44" w="111" /><ent r="3" t="44" w="134" /><ent r="4" t="49" w="186" /><ent r="3" t="50" w="57" /><ent r="4" t="57" w="66" /><ent r="3" t="69" w="135" /></phr></stem></index>