﻿<?xml version="1.0" encoding="utf-8"?><index><stem n="ajax"><phr n="AJAX"><ent r="6" t="1" w="89" /></phr></stem><stem n="smtp"><phr n="SMTP"><ent r="6" t="1" w="91" /></phr></stem><stem n="-metadataexchang"><phr n="-MetadataExchange"><ent r="6" t="1" w="93" /><ent r="6" t="1" w="93" /></phr></stem><stem n="ws"><phr n="WS"><ent r="6" t="1" w="93" /><ent r="6" t="1" w="102" /><ent r="6" t="1" w="111" /><ent r="6" t="1" w="124" /><ent r="6" t="1" w="132" /><ent r="6" t="1" w="142" /><ent r="6" t="1" w="155" /><ent r="6" t="1" w="168" /><ent r="6" t="1" w="176" /><ent r="6" t="1" w="197" /><ent r="6" t="1" w="206" /><ent r="6" t="1" w="214" /><ent r="4" t="18" w="141" /><ent r="65" t="18" w="159" /><ent r="4" t="18" w="172" /><ent r="65" t="18" w="190" /><ent r="1000" t="20" w="6" /><ent r="100" t="20" w="9" /><ent r="100" t="20" w="23" /><ent r="102" t="20" w="46" /><ent r="3" t="20" w="56" /><ent r="64" t="20" w="71" /><ent r="3" t="20" w="96" /><ent r="5" t="20" w="140" /><ent r="5" t="20" w="274" /><ent r="6" t="20" w="281" /><ent r="6" t="20" w="290" /><ent r="3" t="20" w="458" /><ent r="5" t="20" w="480" /><ent r="1000" t="21" w="6" /><ent r="100" t="21" w="9" /><ent r="100" t="21" w="23" /><ent r="102" t="21" w="46" /><ent r="3" t="21" w="68" /><ent r="5" t="21" w="112" /><ent r="5" t="21" w="245" /><ent r="6" t="21" w="252" /><ent r="6" t="21" w="261" /><ent r="6" t="21" w="273" /><ent r="6" t="21" w="285" /><ent r="5" t="21" w="533" /><ent r="64" t="22" w="205" /><ent r="64" t="22" w="213" /><ent r="1000" t="24" w="2" /><ent r="100" t="24" w="8" /><ent r="100" t="24" w="14" /><ent r="100" t="24" w="22" /><ent r="102" t="24" w="28" /><ent r="3" t="24" w="43" /><ent r="5" t="24" w="77" /><ent r="5" t="24" w="111" /><ent r="6" t="24" w="136" /><ent r="5" t="24" w="247" /><ent r="5" t="24" w="253" /><ent r="6" t="24" w="288" /><ent r="6" t="24" w="298" /><ent r="6" t="24" w="365" /><ent r="6" t="24" w="385" /><ent r="6" t="24" w="443" /><ent r="6" t="24" w="451" /><ent r="6" t="24" w="466" /><ent r="6" t="24" w="588" /><ent r="64" t="24" w="609" /><ent r="64" t="24" w="617" /><ent r="64" t="24" w="635" /><ent r="100" t="24" w="642" /><ent r="82" t="24" w="652" /><ent r="3" t="24" w="678" /><ent r="65" t="24" w="695" /><ent r="100" t="24" w="704" /><ent r="82" t="24" w="713" /><ent r="100" t="24" w="776" /><ent r="5" t="24" w="838" /><ent r="100" t="24" w="874" /><ent r="82" t="24" w="884" /><ent r="3" t="24" w="892" /><ent r="4" t="28" w="1003" /><ent r="4" t="28" w="1011" /><ent r="4" t="28" w="1050" /><ent r="5" t="41" w="1159" /><ent r="7" t="42" w="176" /><ent r="5" t="48" w="322" /><ent r="5" t="48" w="337" /><ent r="4" t="53" w="237" /><ent r="7" t="62" w="175" /><ent r="8" t="62" w="188" /><ent r="7" t="62" w="301" /></phr><phr n="ws"><ent r="8" t="28" w="349" /><ent r="7" t="28" w="388" /><ent r="3" t="39" w="650" /><ent r="4" t="39" w="942" /><ent r="3" t="67" w="373" /></phr></stem><stem n="ws-metadataexchang"><phr n="WS-MetadataExchange"><ent r="6" t="1" w="93" /></phr></stem><stem n="metadataexchang"><phr n="MetadataExchange"><ent r="6" t="1" w="94" /></phr></stem><stem n="fip"><phr n="FIPS"><ent r="6" t="1" w="96" /><ent r="7" t="62" w="266" /><ent r="7" t="62" w="275" /></phr><phr n="FIP"><ent r="100" t="23" w="294" /><ent r="100" t="24" w="781" /><ent r="6" t="49" w="311" /><ent r="7" t="50" w="563" /><ent r="7" t="50" w="585" /><ent r="7" t="50" w="616" /><ent r="3" t="50" w="794" /><ent r="3" t="50" w="863" /><ent r="4" t="50" w="884" /><ent r="3" t="50" w="936" /><ent r="4" t="50" w="962" /><ent r="4" t="50" w="971" /><ent r="4" t="50" w="981" /><ent r="4" t="50" w="1117" /><ent r="4" t="50" w="1143" /><ent r="100" t="52" w="102" /><ent r="3" t="52" w="109" /><ent r="3" t="52" w="213" /><ent r="3" t="52" w="239" /><ent r="3" t="52" w="272" /><ent r="3" t="52" w="284" /><ent r="100" t="53" w="30" /><ent r="3" t="53" w="92" /><ent r="3" t="53" w="107" /><ent r="4" t="53" w="399" /><ent r="3" t="53" w="424" /><ent r="4" t="53" w="480" /></phr><phr n="FIPs"><ent r="3" t="47" w="831" /><ent r="3" t="47" w="838" /></phr><phr n="fips"><ent r="8" t="62" w="255" /></phr></stem><stem n="-2"><phr n="-2"><ent r="6" t="1" w="97" /><ent r="6" t="1" w="97" /></phr></stem><stem n="140"><phr n="140"><ent r="6" t="1" w="97" /></phr></stem><stem n="140-2"><phr n="140-2"><ent r="6" t="1" w="97" /></phr></stem><stem n="2"><phr n="2"><ent r="6" t="1" w="98" /><ent r="6" t="1" w="109" /><ent r="6" t="1" w="191" /><ent r="6" t="1" w="225" /><ent r="7" t="10" w="121" /><ent r="7" t="17" w="1125" /><ent r="7" t="17" w="1252" /><ent r="6" t="22" w="368" /><ent r="6" t="22" w="382" /><ent r="6" t="22" w="405" /><ent r="6" t="22" w="419" /><ent r="6" t="22" w="437" /><ent r="6" t="22" w="754" /><ent r="5" t="23" w="371" /><ent r="5" t="24" w="232" /><ent r="7" t="26" w="920" /><ent r="7" t="26" w="1047" /><ent r="7" t="49" w="149" /><ent r="7" t="49" w="353" /><ent r="7" t="50" w="181" /><ent r="7" t="50" w="331" /><ent r="82" t="50" w="803" /><ent r="4" t="50" w="906" /><ent r="6" t="54" w="414" /><ent r="6" t="54" w="432" /><ent r="7" t="54" w="533" /><ent r="6" t="54" w="599" /><ent r="9" t="54" w="685" /><ent r="8" t="54" w="700" /><ent r="9" t="54" w="947" /><ent r="8" t="54" w="961" /><ent r="9" t="54" w="1230" /><ent r="7" t="57" w="390" /><ent r="7" t="58" w="245" /><ent r="3" t="67" w="608" /><ent r="3" t="67" w="661" /></phr></stem><stem n="snmp"><phr n="SNMP"><ent r="6" t="1" w="100" /></phr></stem><stem n="-polici"><phr n="-Policy"><ent r="6" t="1" w="102" /><ent r="6" t="1" w="102" /></phr><phr n="-policy"><ent r="3" t="36" w="428" /><ent r="3" t="36" w="428" /></phr></stem><stem n="ws-polici"><phr n="WS-Policy"><ent r="6" t="1" w="102" /></phr></stem><stem n="ftp"><phr n="FTP"><ent r="6" t="1" w="105" /></phr></stem><stem n="soap"><phr n="SOAP"><ent r="6" t="1" w="107" /><ent r="4" t="1" w="615" /><ent r="6" t="22" w="742" /><ent r="7" t="22" w="763" /><ent r="7" t="22" w="777" /><ent r="7" t="28" w="324" /><ent r="7" t="28" w="335" /><ent r="7" t="28" w="354" /><ent r="5" t="31" w="398" /><ent r="5" t="31" w="422" /><ent r="3" t="31" w="459" /><ent r="3" t="31" w="465" /><ent r="9" t="32" w="281" /><ent r="9" t="32" w="341" /><ent r="3" t="36" w="63" /><ent r="3" t="36" w="619" /><ent r="3" t="39" w="590" /><ent r="3" t="39" w="670" /><ent r="3" t="39" w="676" /><ent r="3" t="39" w="683" /><ent r="3" t="39" w="695" /><ent r="64" t="39" w="708" /><ent r="4" t="39" w="931" /><ent r="100" t="39" w="1038" /><ent r="82" t="39" w="1043" /><ent r="3" t="39" w="1053" /><ent r="3" t="39" w="1059" /><ent r="3" t="39" w="1062" /><ent r="3" t="39" w="1083" /><ent r="3" t="39" w="1090" /><ent r="3" t="41" w="525" /><ent r="4" t="54" w="258" /><ent r="3" t="55" w="167" /><ent r="4" t="59" w="97" /></phr><phr n="soap"><ent r="6" t="22" w="726" /><ent r="7" t="28" w="480" /><ent r="7" t="28" w="493" /><ent r="3" t="39" w="632" /><ent r="3" t="39" w="637" /><ent r="3" t="39" w="654" /><ent r="3" t="39" w="658" /></phr></stem><stem n=".2"><phr n=".2"><ent r="6" t="1" w="109" /><ent r="6" t="22" w="754" /></phr></stem><stem n="1.2"><phr n="1.2"><ent r="6" t="1" w="109" /><ent r="6" t="1" w="108" /></phr></stem><stem n="-policyattach"><phr n="-PolicyAttachment"><ent r="6" t="1" w="111" /><ent r="6" t="1" w="111" /></phr></stem><stem n="ws-policyattach"><phr n="WS-PolicyAttachment"><ent r="6" t="1" w="111" /></phr></stem><stem n="policyattach"><phr n="PolicyAttachment"><ent r="6" t="1" w="112" /></phr></stem><stem n="http"><phr n="HTTP"><ent r="6" t="1" w="114" /><ent r="3" t="2" w="236" /><ent r="6" t="17" w="740" /><ent r="6" t="17" w="769" /><ent r="6" t="17" w="1709" /><ent r="7" t="17" w="1735" /><ent r="4" t="17" w="2120" /><ent r="3" t="17" w="2136" /><ent r="6" t="19" w="302" /><ent r="7" t="19" w="328" /><ent r="4" t="19" w="713" /><ent r="3" t="19" w="729" /><ent r="6" t="20" w="502" /><ent r="7" t="20" w="528" /><ent r="4" t="20" w="915" /><ent r="3" t="20" w="931" /><ent r="6" t="21" w="555" /><ent r="7" t="21" w="581" /><ent r="4" t="21" w="970" /><ent r="3" t="21" w="986" /><ent r="6" t="22" w="341" /><ent r="8" t="23" w="657" /><ent r="3" t="23" w="826" /><ent r="6" t="24" w="358" /><ent r="3" t="25" w="167" /><ent r="6" t="26" w="519" /><ent r="6" t="26" w="548" /><ent r="4" t="26" w="1534" /><ent r="3" t="26" w="1550" /><ent r="100" t="38" w="7" /><ent r="3" t="39" w="577" /><ent r="3" t="39" w="591" /><ent r="3" t="39" w="601" /><ent r="3" t="39" w="737" /><ent r="7" t="42" w="267" /><ent r="6" t="44" w="368" /><ent r="4" t="46" w="220" /><ent r="3" t="46" w="370" /><ent r="4" t="46" w="457" /><ent r="82" t="46" w="545" /><ent r="7" t="62" w="147" /><ent r="68" t="62" w="159" /><ent r="1000" t="65" w="3" /><ent r="100" t="65" w="10" /><ent r="100" t="65" w="14" /><ent r="102" t="65" w="25" /><ent r="3" t="65" w="32" /><ent r="3" t="65" w="71" /><ent r="3" t="65" w="79" /><ent r="4" t="65" w="89" /><ent r="3" t="65" w="104" /><ent r="6" t="68" w="184" /></phr><phr n="HTTPS"><ent r="6" t="1" w="115" /><ent r="7" t="17" w="1188" /><ent r="6" t="17" w="1711" /><ent r="7" t="17" w="1739" /><ent r="6" t="19" w="304" /><ent r="7" t="19" w="332" /><ent r="6" t="20" w="504" /><ent r="7" t="20" w="532" /><ent r="6" t="21" w="557" /><ent r="7" t="21" w="585" /><ent r="7" t="26" w="983" /><ent r="4" t="53" w="243" /></phr><phr n="http"><ent r="4" t="5" w="223" /><ent r="3" t="17" w="235" /><ent r="4" t="17" w="267" /><ent r="6" t="21" w="329" /><ent r="6" t="22" w="641" /><ent r="6" t="22" w="722" /><ent r="5" t="26" w="117" /><ent r="8" t="28" w="345" /><ent r="7" t="28" w="384" /><ent r="7" t="28" w="476" /><ent r="8" t="32" w="406" /><ent r="3" t="39" w="341" /><ent r="3" t="39" w="345" /><ent r="3" t="39" w="387" /><ent r="3" t="39" w="606" /><ent r="3" t="39" w="633" /><ent r="3" t="39" w="646" /><ent r="4" t="39" w="894" /><ent r="4" t="39" w="938" /><ent r="4" t="46" w="597" /><ent r="3" t="46" w="608" /><ent r="3" t="46" w="616" /><ent r="3" t="46" w="624" /><ent r="5" t="46" w="703" /><ent r="67" t="54" w="606" /><ent r="8" t="62" w="136" /><ent r="5" t="65" w="153" /><ent r="3" t="67" w="369" /><ent r="3" t="69" w="121" /><ent r="3" t="69" w="250" /><ent r="4" t="69" w="316" /></phr><phr n="https"><ent r="8" t="17" w="1197" /><ent r="8" t="26" w="992" /><ent r="8" t="58" w="201" /></phr></stem><stem n="/http"><phr n="/HTTPS"><ent r="6" t="1" w="115" /></phr></stem><stem n="http/http"><phr n="HTTP/HTTPS"><ent r="6" t="1" w="115" /><ent r="6" t="1" w="114" /></phr></stem><stem n="ssl"><phr n="SSL"><ent r="6" t="1" w="117" /><ent r="64" t="13" w="134" /><ent r="125" t="13" w="335" /><ent r="8" t="17" w="1178" /><ent r="7" t="17" w="1207" /><ent r="8" t="17" w="1301" /><ent r="5" t="17" w="2028" /><ent r="4" t="17" w="2040" /><ent r="3" t="17" w="2064" /><ent r="5" t="19" w="621" /><ent r="4" t="19" w="633" /><ent r="3" t="19" w="657" /><ent r="4" t="20" w="389" /><ent r="3" t="20" w="462" /><ent r="5" t="20" w="821" /><ent r="4" t="20" w="833" /><ent r="4" t="20" w="858" /><ent r="5" t="21" w="874" /><ent r="4" t="21" w="886" /><ent r="4" t="21" w="911" /><ent r="3" t="23" w="800" /><ent r="6" t="24" w="302" /><ent r="7" t="24" w="332" /><ent r="6" t="24" w="470" /><ent r="7" t="24" w="500" /><ent r="8" t="26" w="973" /><ent r="7" t="26" w="1002" /><ent r="64" t="27" w="320" /><ent r="5" t="28" w="872" /><ent r="4" t="28" w="876" /><ent r="65" t="28" w="903" /><ent r="3" t="31" w="219" /><ent r="3" t="32" w="123" /><ent r="64" t="40" w="160" /><ent r="1000" t="41" w="2" /><ent r="100" t="41" w="7" /><ent r="100" t="41" w="19" /><ent r="102" t="41" w="25" /><ent r="3" t="41" w="121" /><ent r="64" t="41" w="217" /><ent r="100" t="41" w="229" /><ent r="92" t="41" w="236" /><ent r="3" t="41" w="252" /><ent r="3" t="41" w="258" /><ent r="100" t="41" w="281" /><ent r="3" t="41" w="299" /><ent r="3" t="41" w="397" /><ent r="100" t="41" w="974" /><ent r="82" t="41" w="984" /><ent r="5" t="41" w="1149" /><ent r="3" t="42" w="60" /><ent r="64" t="42" w="67" /><ent r="7" t="42" w="93" /><ent r="7" t="42" w="102" /><ent r="7" t="42" w="109" /><ent r="4" t="51" w="126" /><ent r="4" t="51" w="135" /><ent r="6" t="54" w="541" /><ent r="7" t="54" w="554" /><ent r="6" t="54" w="585" /><ent r="9" t="54" w="822" /><ent r="8" t="54" w="888" /><ent r="9" t="54" w="1089" /><ent r="9" t="54" w="1096" /><ent r="9" t="54" w="1102" /><ent r="8" t="54" w="1300" /><ent r="8" t="54" w="1321" /><ent r="7" t="67" w="298" /><ent r="7" t="67" w="318" /><ent r="7" t="68" w="66" /><ent r="7" t="68" w="105" /><ent r="6" t="68" w="109" /><ent r="6" t="68" w="177" /><ent r="6" t="68" w="187" /></phr></stem><stem n="/tl"><phr n="/TLS"><ent r="6" t="1" w="118" /><ent r="64" t="13" w="135" /><ent r="125" t="13" w="336" /><ent r="64" t="27" w="321" /><ent r="65" t="28" w="904" /><ent r="64" t="40" w="161" /><ent r="1000" t="41" w="3" /><ent r="100" t="41" w="20" /><ent r="102" t="41" w="26" /><ent r="3" t="41" w="122" /><ent r="3" t="41" w="259" /><ent r="3" t="42" w="61" /><ent r="64" t="42" w="68" /><ent r="7" t="42" w="94" /><ent r="7" t="42" w="103" /><ent r="7" t="42" w="110" /><ent r="9" t="54" w="823" /></phr></stem><stem n="ssl/tl"><phr n="SSL/TLS"><ent r="6" t="1" w="118" /><ent r="6" t="1" w="117" /><ent r="64" t="13" w="135" /><ent r="64" t="13" w="134" /><ent r="125" t="13" w="336" /><ent r="125" t="13" w="335" /><ent r="64" t="27" w="321" /><ent r="64" t="27" w="320" /><ent r="65" t="28" w="904" /><ent r="65" t="28" w="903" /><ent r="64" t="40" w="161" /><ent r="64" t="40" w="160" /><ent r="1000" t="41" w="3" /><ent r="1000" t="41" w="2" /><ent r="100" t="41" w="20" /><ent r="100" t="41" w="19" /><ent r="102" t="41" w="26" /><ent r="102" t="41" w="25" /><ent r="3" t="41" w="122" /><ent r="3" t="41" w="121" /><ent r="3" t="41" w="259" /><ent r="3" t="41" w="258" /><ent r="3" t="42" w="61" /><ent r="3" t="42" w="60" /><ent r="64" t="42" w="68" /><ent r="64" t="42" w="67" /><ent r="7" t="42" w="94" /><ent r="7" t="42" w="93" /><ent r="7" t="42" w="103" /><ent r="7" t="42" w="102" /><ent r="7" t="42" w="110" /><ent r="7" t="42" w="109" /><ent r="6" t="54" w="542" /><ent r="6" t="54" w="541" /><ent r="9" t="54" w="823" /><ent r="9" t="54" w="822" /></phr></stem><stem n="tl"><phr n="TLS"><ent r="6" t="1" w="118" /><ent r="64" t="13" w="135" /><ent r="125" t="13" w="336" /><ent r="64" t="27" w="321" /><ent r="65" t="28" w="904" /><ent r="64" t="40" w="161" /><ent r="1000" t="41" w="3" /><ent r="100" t="41" w="11" /><ent r="100" t="41" w="20" /><ent r="102" t="41" w="26" /><ent r="3" t="41" w="122" /><ent r="3" t="41" w="259" /><ent r="3" t="42" w="61" /><ent r="64" t="42" w="68" /><ent r="7" t="42" w="94" /><ent r="7" t="42" w="103" /><ent r="7" t="42" w="110" /><ent r="6" t="54" w="542" /><ent r="7" t="54" w="556" /><ent r="9" t="54" w="823" /><ent r="8" t="54" w="890" /><ent r="8" t="54" w="1323" /></phr></stem><stem n="3"><phr n="3"><ent r="6" t="1" w="119" /><ent r="6" t="1" w="139" /><ent r="6" t="1" w="159" /><ent r="3" t="17" w="257" /><ent r="3" t="23" w="263" /><ent r="5" t="24" w="209" /><ent r="5" t="24" w="390" /><ent r="5" t="24" w="567" /><ent r="3" t="24" w="755" /><ent r="3" t="41" w="1803" /><ent r="4" t="41" w="1818" /><ent r="7" t="49" w="182" /><ent r="7" t="49" w="284" /><ent r="7" t="49" w="436" /><ent r="7" t="50" w="214" /><ent r="7" t="50" w="489" /><ent r="64" t="50" w="709" /><ent r="3" t="50" w="766" /><ent r="3" t="50" w="945" /><ent r="82" t="50" w="1038" /><ent r="4" t="50" w="1083" /><ent r="6" t="54" w="440" /><ent r="5" t="57" w="122" /><ent r="7" t="57" w="453" /><ent r="7" t="62" w="292" /><ent r="3" t="67" w="516" /><ent r="3" t="67" w="522" /></phr></stem><stem n="3.0"><phr n="3.0"><ent r="6" t="1" w="120" /><ent r="6" t="1" w="119" /><ent r="6" t="1" w="140" /><ent r="6" t="1" w="139" /><ent r="6" t="1" w="160" /><ent r="6" t="1" w="159" /></phr></stem><stem n="0"><phr n="0"><ent r="6" t="1" w="120" /><ent r="6" t="1" w="136" /><ent r="6" t="1" w="140" /><ent r="6" t="1" w="153" /><ent r="6" t="1" w="160" /><ent r="6" t="1" w="166" /><ent r="6" t="1" w="171" /><ent r="6" t="1" w="192" /><ent r="6" t="1" w="202" /><ent r="6" t="1" w="220" /><ent r="6" t="1" w="226" /><ent r="6" t="1" w="232" /><ent r="4" t="1" w="604" /><ent r="3" t="17" w="286" /><ent r="6" t="22" w="301" /><ent r="6" t="22" w="324" /><ent r="6" t="22" w="351" /><ent r="6" t="22" w="420" /><ent r="6" t="22" w="447" /><ent r="3" t="39" w="222" /><ent r="3" t="39" w="223" /><ent r="3" t="39" w="347" /><ent r="3" t="39" w="348" /><ent r="3" t="39" w="603" /><ent r="3" t="39" w="623" /><ent r="3" t="39" w="739" /><ent r="6" t="54" w="600" /><ent r="9" t="54" w="672" /><ent r="9" t="54" w="686" /><ent r="9" t="54" w="935" /><ent r="9" t="54" w="948" /><ent r="9" t="54" w="1217" /><ent r="8" t="54" w="1259" /><ent r="9" t="62" w="182" /><ent r="3" t="63" w="123" /></phr></stem><stem n="3.0/1"><phr n="3.0/1"><ent r="6" t="1" w="121" /><ent r="6" t="1" w="119" /></phr></stem><stem n=".0/1.1"><phr n=".0/1.1"><ent r="6" t="1" w="122" /></phr></stem><stem n="3.0/1.1"><phr n="3.0/1.1"><ent r="6" t="1" w="122" /><ent r="6" t="1" w="119" /></phr></stem><stem n="-secureconvers"><phr n="-SecureConversation"><ent r="6" t="1" w="124" /><ent r="6" t="1" w="124" /><ent r="4" t="28" w="1011" /><ent r="4" t="28" w="1011" /><ent r="7" t="42" w="176" /><ent r="7" t="42" w="176" /></phr></stem><stem n="ws-secureconvers"><phr n="WS-SecureConversation"><ent r="6" t="1" w="124" /><ent r="4" t="28" w="1011" /><ent r="7" t="42" w="176" /></phr></stem><stem n="secureconvers"><phr n="SecureConversation"><ent r="6" t="1" w="125" /><ent r="4" t="28" w="1012" /><ent r="7" t="42" w="177" /></phr><phr n="secureconversation"><ent r="8" t="62" w="284" /><ent r="8" t="62" w="342" /><ent r="8" t="62" w="352" /></phr></stem><stem n="imap4"><phr n="IMAP4"><ent r="6" t="1" w="127" /></phr></stem><stem n="tibco"><phr n="TIBCO"><ent r="6" t="1" w="129" /></phr></stem><stem n="em"><phr n="EMS"><ent r="6" t="1" w="130" /></phr></stem><stem n="-secureexchang"><phr n="-SecureExchange"><ent r="6" t="1" w="132" /><ent r="6" t="1" w="132" /></phr></stem><stem n="ws-secureexchang"><phr n="WS-SecureExchange"><ent r="6" t="1" w="132" /></phr></stem><stem n="secureexchang"><phr n="SecureExchange"><ent r="6" t="1" w="133" /></phr></stem><stem n="jms1"><phr n="JMS1"><ent r="6" t="1" w="135" /></phr></stem><stem n=".0"><phr n=".0"><ent r="6" t="1" w="136" /><ent r="6" t="1" w="140" /><ent r="6" t="1" w="153" /><ent r="6" t="1" w="160" /><ent r="6" t="1" w="166" /><ent r="6" t="1" w="171" /><ent r="6" t="1" w="192" /><ent r="6" t="1" w="202" /><ent r="6" t="1" w="220" /><ent r="6" t="1" w="232" /><ent r="4" t="1" w="604" /><ent r="6" t="54" w="600" /><ent r="9" t="54" w="1217" /><ent r="8" t="54" w="1259" /></phr></stem><stem n="jms1.0"><phr n="JMS1.0"><ent r="6" t="1" w="136" /><ent r="6" t="1" w="135" /></phr></stem><stem n="uddi"><phr n="UDDI"><ent r="6" t="1" w="138" /></phr></stem><stem n="-secur"><phr n="-Security"><ent r="6" t="1" w="142" /><ent r="6" t="1" w="142" /><ent r="4" t="28" w="1050" /><ent r="4" t="28" w="1050" /><ent r="4" t="53" w="237" /><ent r="4" t="53" w="237" /></phr><phr n="-secure"><ent r="3" t="25" w="66" /><ent r="3" t="25" w="66" /></phr></stem><stem n="ws-secur"><phr n="WS-Security"><ent r="6" t="1" w="142" /><ent r="4" t="28" w="1050" /><ent r="4" t="53" w="237" /></phr></stem><stem n=".1"><phr n=".1"><ent r="6" t="1" w="145" /><ent r="6" t="1" w="188" /><ent r="9" t="54" w="1227" /></phr></stem><stem n="1.1"><phr n="1.1"><ent r="6" t="1" w="145" /><ent r="6" t="1" w="144" /><ent r="6" t="1" w="188" /><ent r="6" t="1" w="187" /><ent r="6" t="1" w="224" /><ent r="6" t="1" w="223" /><ent r="6" t="22" w="270" /><ent r="6" t="22" w="269" /><ent r="6" t="22" w="390" /><ent r="6" t="22" w="389" /><ent r="9" t="54" w="1227" /><ent r="9" t="54" w="1226" /></phr></stem><stem n="kerbero"><phr n="Kerberos"><ent r="6" t="1" w="147" /><ent r="100" t="17" w="351" /><ent r="3" t="17" w="361" /><ent r="6" t="17" w="1067" /><ent r="6" t="26" w="862" /><ent r="68" t="68" w="173" /><ent r="6" t="68" w="175" /></phr></stem><stem n="w3c"><phr n="W3C"><ent r="6" t="1" w="149" /><ent r="6" t="1" w="162" /></phr></stem><stem n="encrypt"><phr n="Encryption"><ent r="6" t="1" w="151" /><ent r="5" t="28" w="1167" /></phr><phr n="encrypted"><ent r="3" t="7" w="446" /><ent r="6" t="17" w="673" /><ent r="6" t="26" w="436" /><ent r="3" t="41" w="1900" /></phr><phr n="encrypt"><ent r="9" t="17" w="1433" /></phr><phr n="encryption"><ent r="4" t="28" w="1195" /><ent r="4" t="28" w="1203" /><ent r="3" t="41" w="309" /><ent r="7" t="42" w="186" /></phr><phr n="Encrypt"><ent r="5" t="41" w="1173" /></phr><phr n="Encrypts"><ent r="7" t="67" w="271" /></phr></stem><stem n="1.0"><phr n="1.0"><ent r="6" t="1" w="153" /><ent r="6" t="1" w="152" /><ent r="6" t="1" w="166" /><ent r="6" t="1" w="165" /><ent r="6" t="1" w="171" /><ent r="6" t="1" w="170" /><ent r="6" t="1" w="202" /><ent r="6" t="1" w="201" /><ent r="6" t="1" w="220" /><ent r="6" t="1" w="219" /><ent r="6" t="1" w="232" /><ent r="6" t="1" w="231" /><ent r="6" t="22" w="301" /><ent r="6" t="22" w="300" /><ent r="3" t="39" w="623" /><ent r="3" t="39" w="622" /><ent r="9" t="54" w="672" /><ent r="9" t="54" w="671" /><ent r="9" t="54" w="935" /><ent r="9" t="54" w="934" /><ent r="9" t="54" w="1217" /><ent r="9" t="54" w="1216" /><ent r="8" t="54" w="1259" /><ent r="8" t="54" w="1258" /></phr></stem><stem n="-securitypolici"><phr n="-SecurityPolicy"><ent r="6" t="1" w="155" /><ent r="6" t="1" w="155" /></phr></stem><stem n="ws-securitypolici"><phr n="WS-SecurityPolicy"><ent r="6" t="1" w="155" /></phr></stem><stem n="securitypolici"><phr n="SecurityPolicy"><ent r="6" t="1" w="156" /></phr></stem><stem n="ldap"><phr n="LDAP"><ent r="6" t="1" w="158" /><ent r="3" t="13" w="358" /><ent r="3" t="13" w="363" /><ent r="3" t="16" w="52" /><ent r="3" t="16" w="59" /><ent r="3" t="16" w="182" /><ent r="3" t="18" w="53" /><ent r="3" t="18" w="58" /><ent r="3" t="41" w="672" /><ent r="3" t="41" w="816" /><ent r="3" t="52" w="161" /></phr></stem><stem n="signatur"><phr n="Signature"><ent r="6" t="1" w="164" /><ent r="5" t="28" w="1165" /><ent r="5" t="41" w="1155" /><ent r="9" t="54" w="856" /><ent r="9" t="54" w="875" /><ent r="9" t="54" w="1289" /><ent r="9" t="54" w="1308" /></phr><phr n="signature"><ent r="4" t="28" w="1193" /><ent r="6" t="44" w="431" /><ent r="9" t="54" w="807" /><ent r="8" t="54" w="869" /><ent r="9" t="54" w="1120" /><ent r="9" t="54" w="1171" /></phr></stem><stem n="-trust"><phr n="-Trust"><ent r="6" t="1" w="168" /><ent r="6" t="1" w="168" /><ent r="4" t="18" w="141" /><ent r="4" t="18" w="141" /><ent r="100" t="21" w="9" /><ent r="100" t="21" w="9" /><ent r="100" t="21" w="23" /><ent r="100" t="21" w="23" /><ent r="3" t="21" w="68" /><ent r="3" t="21" w="68" /><ent r="5" t="21" w="112" /><ent r="5" t="21" w="112" /><ent r="5" t="21" w="245" /><ent r="5" t="21" w="245" /><ent r="6" t="21" w="252" /><ent r="6" t="21" w="252" /><ent r="6" t="21" w="261" /><ent r="6" t="21" w="261" /><ent r="6" t="21" w="285" /><ent r="6" t="21" w="285" /><ent r="5" t="21" w="533" /><ent r="5" t="21" w="533" /><ent r="4" t="28" w="1003" /><ent r="4" t="28" w="1003" /><ent r="7" t="62" w="175" /><ent r="7" t="62" w="175" /><ent r="8" t="62" w="188" /><ent r="8" t="62" w="188" /></phr></stem><stem n="ws-trust"><phr n="WS-Trust"><ent r="6" t="1" w="168" /><ent r="4" t="18" w="141" /><ent r="65" t="18" w="159" /><ent r="1000" t="21" w="6" /><ent r="100" t="21" w="9" /><ent r="100" t="21" w="23" /><ent r="102" t="21" w="46" /><ent r="3" t="21" w="68" /><ent r="5" t="21" w="112" /><ent r="5" t="21" w="245" /><ent r="6" t="21" w="252" /><ent r="6" t="21" w="261" /><ent r="6" t="21" w="273" /><ent r="6" t="21" w="285" /><ent r="5" t="21" w="533" /><ent r="64" t="22" w="213" /><ent r="4" t="28" w="1003" /><ent r="5" t="48" w="322" /><ent r="7" t="62" w="175" /><ent r="8" t="62" w="188" /></phr></stem><stem n="trust"><phr n="Trust"><ent r="6" t="1" w="169" /><ent r="4" t="18" w="142" /><ent r="65" t="18" w="160" /><ent r="5" t="20" w="399" /><ent r="1000" t="21" w="7" /><ent r="100" t="21" w="10" /><ent r="100" t="21" w="24" /><ent r="102" t="21" w="47" /><ent r="3" t="21" w="69" /><ent r="5" t="21" w="113" /><ent r="5" t="21" w="246" /><ent r="6" t="21" w="253" /><ent r="6" t="21" w="262" /><ent r="6" t="21" w="274" /><ent r="6" t="21" w="286" /><ent r="5" t="21" w="534" /><ent r="64" t="22" w="214" /><ent r="4" t="28" w="1004" /><ent r="5" t="48" w="323" /><ent r="9" t="54" w="1052" /><ent r="5" t="59" w="293" /><ent r="7" t="62" w="176" /><ent r="8" t="62" w="189" /></phr><phr n="Trusted"><ent r="4" t="5" w="197" /><ent r="65" t="5" w="209" /><ent r="100" t="9" w="5" /><ent r="65" t="9" w="254" /><ent r="8" t="10" w="160" /><ent r="65" t="11" w="92" /><ent r="65" t="12" w="320" /><ent r="1000" t="16" w="1" /><ent r="100" t="16" w="5" /><ent r="102" t="16" w="13" /><ent r="3" t="16" w="26" /><ent r="3" t="16" w="68" /><ent r="3" t="16" w="91" /><ent r="3" t="16" w="135" /><ent r="3" t="16" w="201" /><ent r="3" t="16" w="229" /><ent r="1000" t="17" w="3" /><ent r="100" t="17" w="17" /><ent r="100" t="17" w="27" /><ent r="102" t="17" w="33" /><ent r="64" t="17" w="42" /><ent r="5" t="17" w="72" /><ent r="5" t="17" w="451" /><ent r="6" t="17" w="470" /><ent r="6" t="17" w="543" /><ent r="6" t="17" w="787" /><ent r="5" t="17" w="1535" /><ent r="3" t="17" w="2345" /><ent r="4" t="18" w="204" /><ent r="65" t="18" w="221" /><ent r="1000" t="19" w="6" /><ent r="100" t="19" w="18" /><ent r="102" t="19" w="41" /><ent r="5" t="19" w="108" /><ent r="4" t="19" w="262" /><ent r="5" t="19" w="280" /><ent r="64" t="22" w="188" /><ent r="64" t="22" w="197" /><ent r="64" t="23" w="203" /><ent r="82" t="23" w="424" /><ent r="5" t="23" w="497" /><ent r="64" t="25" w="143" /><ent r="64" t="39" w="419" /><ent r="64" t="41" w="959" /><ent r="64" t="41" w="965" /><ent r="64" t="41" w="1726" /><ent r="3" t="47" w="369" /><ent r="3" t="47" w="388" /><ent r="3" t="47" w="601" /><ent r="3" t="47" w="762" /><ent r="3" t="47" w="802" /><ent r="3" t="48" w="21" /><ent r="3" t="48" w="40" /><ent r="82" t="48" w="257" /><ent r="3" t="48" w="265" /><ent r="4" t="48" w="289" /><ent r="4" t="48" w="537" /><ent r="4" t="48" w="574" /><ent r="3" t="49" w="23" /><ent r="6" t="49" w="164" /><ent r="6" t="49" w="193" /><ent r="6" t="49" w="216" /><ent r="6" t="49" w="249" /><ent r="6" t="49" w="255" /><ent r="7" t="49" w="364" /><ent r="7" t="49" w="425" /><ent r="7" t="49" w="457" /><ent r="3" t="50" w="55" /><ent r="6" t="50" w="196" /><ent r="6" t="50" w="222" /><ent r="7" t="50" w="339" /><ent r="3" t="50" w="685" /><ent r="4" t="50" w="901" /><ent r="3" t="51" w="21" /><ent r="3" t="51" w="40" /><ent r="3" t="51" w="193" /><ent r="3" t="52" w="42" /><ent r="3" t="52" w="61" /><ent r="3" t="52" w="135" /><ent r="3" t="54" w="35" /><ent r="3" t="54" w="54" /><ent r="4" t="54" w="144" /><ent r="3" t="55" w="51" /><ent r="3" t="55" w="104" /><ent r="3" t="55" w="185" /><ent r="3" t="55" w="257" /><ent r="4" t="56" w="70" /><ent r="4" t="56" w="122" /><ent r="4" t="57" w="86" /><ent r="5" t="57" w="98" /><ent r="5" t="57" w="142" /><ent r="5" t="57" w="182" /><ent r="6" t="57" w="239" /><ent r="6" t="57" w="245" /><ent r="6" t="57" w="259" /><ent r="67" t="57" w="275" /><ent r="7" t="57" w="308" /><ent r="7" t="57" w="362" /><ent r="67" t="57" w="404" /><ent r="7" t="57" w="418" /><ent r="6" t="58" w="172" /><ent r="67" t="58" w="178" /><ent r="68" t="58" w="214" /><ent r="6" t="58" w="249" /><ent r="3" t="59" w="24" /><ent r="3" t="59" w="43" /><ent r="3" t="59" w="226" /><ent r="3" t="59" w="230" /><ent r="3" t="59" w="248" /></phr><phr n="trust"><ent r="3" t="9" w="43" /><ent r="3" t="16" w="223" /><ent r="3" t="41" w="767" /><ent r="3" t="41" w="828" /><ent r="3" t="47" w="535" /><ent r="3" t="47" w="547" /><ent r="3" t="47" w="810" /><ent r="3" t="47" w="833" /><ent r="4" t="48" w="408" /><ent r="4" t="48" w="443" /><ent r="4" t="48" w="474" /><ent r="6" t="49" w="262" /><ent r="6" t="50" w="231" /><ent r="6" t="50" w="400" /><ent r="3" t="50" w="694" /><ent r="3" t="50" w="749" /><ent r="3" t="51" w="90" /><ent r="3" t="51" w="93" /><ent r="3" t="51" w="154" /><ent r="3" t="52" w="190" /><ent r="3" t="52" w="226" /><ent r="3" t="52" w="365" /><ent r="3" t="53" w="104" /><ent r="3" t="53" w="137" /><ent r="4" t="53" w="464" /><ent r="9" t="54" w="1022" /><ent r="3" t="55" w="181" /><ent r="3" t="59" w="281" /><ent r="4" t="59" w="296" /></phr><phr n="trusted"><ent r="100" t="16" w="11" /><ent r="100" t="17" w="13" /><ent r="100" t="17" w="23" /><ent r="4" t="17" w="97" /><ent r="8" t="17" w="1372" /><ent r="64" t="19" w="61" /><ent r="3" t="23" w="103" /><ent r="4" t="23" w="172" /><ent r="3" t="23" w="445" /><ent r="5" t="23" w="522" /><ent r="3" t="23" w="774" /><ent r="3" t="23" w="797" /><ent r="3" t="41" w="733" /><ent r="3" t="47" w="424" /><ent r="3" t="47" w="543" /><ent r="3" t="47" w="791" /><ent r="4" t="48" w="136" /><ent r="4" t="48" w="210" /><ent r="4" t="48" w="228" /><ent r="4" t="48" w="530" /><ent r="4" t="48" w="567" /><ent r="7" t="50" w="570" /><ent r="7" t="50" w="609" /><ent r="3" t="50" w="788" /><ent r="4" t="50" w="891" /><ent r="3" t="50" w="930" /><ent r="4" t="50" w="956" /><ent r="4" t="50" w="978" /><ent r="4" t="50" w="1034" /><ent r="4" t="50" w="1106" /><ent r="4" t="50" w="1212" /><ent r="3" t="52" w="148" /><ent r="3" t="52" w="178" /><ent r="3" t="52" w="277" /><ent r="4" t="53" w="251" /><ent r="4" t="58" w="113" /></phr></stem></index>