<?xml version="1.0" encoding="utf-8"?><index><stem n="enanc"><phr n="Maintenance"><ent r="5" t="1" w="452" /><ent r="5" t="1" w="452" /><ent r="5" t="1" w="582" /><ent r="5" t="1" w="582" /><ent r="5" t="2" w="282" /><ent r="5" t="2" w="282" /><ent r="5" t="5" w="61" /><ent r="5" t="5" w="61" /><ent r="5" t="8" w="257" /><ent r="5" t="8" w="257" /><ent r="6" t="10" w="424" /><ent r="6" t="10" w="424" /><ent r="5" t="18" w="391" /><ent r="5" t="18" w="391" /><ent r="8" t="18" w="1007" /><ent r="8" t="18" w="1007" /><ent r="6" t="24" w="513" /><ent r="6" t="24" w="513" /><ent r="8" t="27" w="762" /><ent r="8" t="27" w="762" /><ent r="5" t="40" w="153" /><ent r="5" t="40" w="153" /><ent r="7" t="49" w="314" /><ent r="7" t="49" w="314" /></phr></stem><stem n="ainte"><phr n="Maintenance"><ent r="5" t="1" w="452" /><ent r="5" t="1" w="452" /><ent r="5" t="1" w="582" /><ent r="5" t="1" w="582" /><ent r="5" t="2" w="282" /><ent r="5" t="2" w="282" /><ent r="5" t="5" w="61" /><ent r="5" t="5" w="61" /><ent r="5" t="8" w="257" /><ent r="5" t="8" w="257" /><ent r="6" t="10" w="424" /><ent r="6" t="10" w="424" /><ent r="5" t="18" w="391" /><ent r="5" t="18" w="391" /><ent r="8" t="18" w="1007" /><ent r="8" t="18" w="1007" /><ent r="6" t="24" w="513" /><ent r="6" t="24" w="513" /><ent r="8" t="27" w="762" /><ent r="8" t="27" w="762" /><ent r="5" t="40" w="153" /><ent r="5" t="40" w="153" /><ent r="7" t="49" w="314" /><ent r="7" t="49" w="314" /></phr></stem><stem n="nance"><phr n="Maintenance"><ent r="5" t="1" w="452" /><ent r="5" t="1" w="452" /><ent r="5" t="1" w="582" /><ent r="5" t="1" w="582" /><ent r="5" t="2" w="282" /><ent r="5" t="2" w="282" /><ent r="5" t="5" w="61" /><ent r="5" t="5" w="61" /><ent r="5" t="8" w="257" /><ent r="5" t="8" w="257" /><ent r="6" t="10" w="424" /><ent r="6" t="10" w="424" /><ent r="5" t="18" w="391" /><ent r="5" t="18" w="391" /><ent r="8" t="18" w="1007" /><ent r="8" t="18" w="1007" /><ent r="6" t="24" w="513" /><ent r="6" t="24" w="513" /><ent r="8" t="27" w="762" /><ent r="8" t="27" w="762" /><ent r="5" t="40" w="153" /><ent r="5" t="40" w="153" /><ent r="7" t="49" w="314" /><ent r="7" t="49" w="314" /></phr></stem><stem n="inten"><phr n="Maintenance"><ent r="5" t="1" w="452" /><ent r="5" t="1" w="452" /><ent r="5" t="1" w="582" /><ent r="5" t="1" w="582" /><ent r="5" t="2" w="282" /><ent r="5" t="2" w="282" /><ent r="5" t="5" w="61" /><ent r="5" t="5" w="61" /><ent r="5" t="8" w="257" /><ent r="5" t="8" w="257" /><ent r="6" t="10" w="424" /><ent r="6" t="10" w="424" /><ent r="5" t="18" w="391" /><ent r="5" t="18" w="391" /><ent r="8" t="18" w="1007" /><ent r="8" t="18" w="1007" /><ent r="6" t="24" w="513" /><ent r="6" t="24" w="513" /><ent r="8" t="27" w="762" /><ent r="8" t="27" w="762" /><ent r="5" t="40" w="153" /><ent r="5" t="40" w="153" /><ent r="7" t="49" w="314" /><ent r="7" t="49" w="314" /></phr><phr n="unintentionally"><ent r="3" t="18" w="2285" /><ent r="3" t="18" w="2285" /><ent r="3" t="20" w="712" /><ent r="3" t="20" w="712" /><ent r="3" t="21" w="913" /><ent r="3" t="21" w="913" /><ent r="3" t="22" w="969" /><ent r="3" t="22" w="969" /></phr><phr n="intended"><ent r="7" t="33" w="277" /><ent r="7" t="33" w="277" /><ent r="7" t="33" w="337" /><ent r="7" t="33" w="337" /><ent r="3" t="68" w="125" /><ent r="3" t="68" w="125" /></phr></stem><stem n="ntena"><phr n="Maintenance"><ent r="5" t="1" w="452" /><ent r="5" t="1" w="452" /><ent r="5" t="1" w="582" /><ent r="5" t="1" w="582" /><ent r="5" t="2" w="282" /><ent r="5" t="2" w="282" /><ent r="5" t="5" w="61" /><ent r="5" t="5" w="61" /><ent r="5" t="8" w="257" /><ent r="5" t="8" w="257" /><ent r="6" t="10" w="424" /><ent r="6" t="10" w="424" /><ent r="5" t="18" w="391" /><ent r="5" t="18" w="391" /><ent r="8" t="18" w="1007" /><ent r="8" t="18" w="1007" /><ent r="6" t="24" w="513" /><ent r="6" t="24" w="513" /><ent r="8" t="27" w="762" /><ent r="8" t="27" w="762" /><ent r="5" t="40" w="153" /><ent r="5" t="40" w="153" /><ent r="7" t="49" w="314" /><ent r="7" t="49" w="314" /></phr></stem><stem n="tenan"><phr n="Maintenance"><ent r="5" t="1" w="452" /><ent r="5" t="1" w="452" /><ent r="5" t="1" w="582" /><ent r="5" t="1" w="582" /><ent r="5" t="2" w="282" /><ent r="5" t="2" w="282" /><ent r="5" t="5" w="61" /><ent r="5" t="5" w="61" /><ent r="5" t="8" w="257" /><ent r="5" t="8" w="257" /><ent r="6" t="10" w="424" /><ent r="6" t="10" w="424" /><ent r="5" t="18" w="391" /><ent r="5" t="18" w="391" /><ent r="8" t="18" w="1007" /><ent r="8" t="18" w="1007" /><ent r="6" t="24" w="513" /><ent r="6" t="24" w="513" /><ent r="8" t="27" w="762" /><ent r="8" t="27" w="762" /><ent r="5" t="40" w="153" /><ent r="5" t="40" w="153" /><ent r="7" t="49" w="314" /><ent r="7" t="49" w="314" /></phr></stem><stem n="mainte"><phr n="Maintenance"><ent r="5" t="1" w="452" /><ent r="5" t="1" w="452" /><ent r="5" t="1" w="582" /><ent r="5" t="1" w="582" /><ent r="5" t="2" w="282" /><ent r="5" t="2" w="282" /><ent r="5" t="5" w="61" /><ent r="5" t="5" w="61" /><ent r="5" t="8" w="257" /><ent r="5" t="8" w="257" /><ent r="6" t="10" w="424" /><ent r="6" t="10" w="424" /><ent r="5" t="18" w="391" /><ent r="5" t="18" w="391" /><ent r="8" t="18" w="1007" /><ent r="8" t="18" w="1007" /><ent r="6" t="24" w="513" /><ent r="6" t="24" w="513" /><ent r="8" t="27" w="762" /><ent r="8" t="27" w="762" /><ent r="5" t="40" w="153" /><ent r="5" t="40" w="153" /><ent r="7" t="49" w="314" /><ent r="7" t="49" w="314" /></phr></stem><stem n="ainten"><phr n="Maintenance"><ent r="5" t="1" w="452" /><ent r="5" t="1" w="452" /><ent r="5" t="1" w="582" /><ent r="5" t="1" w="582" /><ent r="5" t="2" w="282" /><ent r="5" t="2" w="282" /><ent r="5" t="5" w="61" /><ent r="5" t="5" w="61" /><ent r="5" t="8" w="257" /><ent r="5" t="8" w="257" /><ent r="6" t="10" w="424" /><ent r="6" t="10" w="424" /><ent r="5" t="18" w="391" /><ent r="5" t="18" w="391" /><ent r="8" t="18" w="1007" /><ent r="8" t="18" w="1007" /><ent r="6" t="24" w="513" /><ent r="6" t="24" w="513" /><ent r="8" t="27" w="762" /><ent r="8" t="27" w="762" /><ent r="5" t="40" w="153" /><ent r="5" t="40" w="153" /><ent r="7" t="49" w="314" /><ent r="7" t="49" w="314" /></phr></stem><stem n="intena"><phr n="Maintenance"><ent r="5" t="1" w="452" /><ent r="5" t="1" w="452" /><ent r="5" t="1" w="582" /><ent r="5" t="1" w="582" /><ent r="5" t="2" w="282" /><ent r="5" t="2" w="282" /><ent r="5" t="5" w="61" /><ent r="5" t="5" w="61" /><ent r="5" t="8" w="257" /><ent r="5" t="8" w="257" /><ent r="6" t="10" w="424" /><ent r="6" t="10" w="424" /><ent r="5" t="18" w="391" /><ent r="5" t="18" w="391" /><ent r="8" t="18" w="1007" /><ent r="8" t="18" w="1007" /><ent r="6" t="24" w="513" /><ent r="6" t="24" w="513" /><ent r="8" t="27" w="762" /><ent r="8" t="27" w="762" /><ent r="5" t="40" w="153" /><ent r="5" t="40" w="153" /><ent r="7" t="49" w="314" /><ent r="7" t="49" w="314" /></phr></stem><stem n="ntenan"><phr n="Maintenance"><ent r="5" t="1" w="452" /><ent r="5" t="1" w="452" /><ent r="5" t="1" w="582" /><ent r="5" t="1" w="582" /><ent r="5" t="2" w="282" /><ent r="5" t="2" w="282" /><ent r="5" t="5" w="61" /><ent r="5" t="5" w="61" /><ent r="5" t="8" w="257" /><ent r="5" t="8" w="257" /><ent r="6" t="10" w="424" /><ent r="6" t="10" w="424" /><ent r="5" t="18" w="391" /><ent r="5" t="18" w="391" /><ent r="8" t="18" w="1007" /><ent r="8" t="18" w="1007" /><ent r="6" t="24" w="513" /><ent r="6" t="24" w="513" /><ent r="8" t="27" w="762" /><ent r="8" t="27" w="762" /><ent r="5" t="40" w="153" /><ent r="5" t="40" w="153" /><ent r="7" t="49" w="314" /><ent r="7" t="49" w="314" /></phr></stem><stem n="tenanc"><phr n="Maintenance"><ent r="5" t="1" w="452" /><ent r="5" t="1" w="452" /><ent r="5" t="1" w="582" /><ent r="5" t="1" w="582" /><ent r="5" t="2" w="282" /><ent r="5" t="2" w="282" /><ent r="5" t="5" w="61" /><ent r="5" t="5" w="61" /><ent r="5" t="8" w="257" /><ent r="5" t="8" w="257" /><ent r="6" t="10" w="424" /><ent r="6" t="10" w="424" /><ent r="5" t="18" w="391" /><ent r="5" t="18" w="391" /><ent r="8" t="18" w="1007" /><ent r="8" t="18" w="1007" /><ent r="6" t="24" w="513" /><ent r="6" t="24" w="513" /><ent r="8" t="27" w="762" /><ent r="8" t="27" w="762" /><ent r="5" t="40" w="153" /><ent r="5" t="40" w="153" /><ent r="7" t="49" w="314" /><ent r="7" t="49" w="314" /></phr></stem><stem n="enance"><phr n="Maintenance"><ent r="5" t="1" w="452" /><ent r="5" t="1" w="452" /><ent r="5" t="1" w="582" /><ent r="5" t="1" w="582" /><ent r="5" t="2" w="282" /><ent r="5" t="2" w="282" /><ent r="5" t="5" w="61" /><ent r="5" t="5" w="61" /><ent r="5" t="8" w="257" /><ent r="5" t="8" w="257" /><ent r="6" t="10" w="424" /><ent r="6" t="10" w="424" /><ent r="5" t="18" w="391" /><ent r="5" t="18" w="391" /><ent r="8" t="18" w="1007" /><ent r="8" t="18" w="1007" /><ent r="6" t="24" w="513" /><ent r="6" t="24" w="513" /><ent r="8" t="27" w="762" /><ent r="8" t="27" w="762" /><ent r="5" t="40" w="153" /><ent r="5" t="40" w="153" /><ent r="7" t="49" w="314" /><ent r="7" t="49" w="314" /></phr></stem><stem n="aintena"><phr n="Maintenance"><ent r="5" t="1" w="452" /><ent r="5" t="1" w="452" /><ent r="5" t="1" w="582" /><ent r="5" t="1" w="582" /><ent r="5" t="2" w="282" /><ent r="5" t="2" w="282" /><ent r="5" t="5" w="61" /><ent r="5" t="5" w="61" /><ent r="5" t="8" w="257" /><ent r="5" t="8" w="257" /><ent r="6" t="10" w="424" /><ent r="6" t="10" w="424" /><ent r="5" t="18" w="391" /><ent r="5" t="18" w="391" /><ent r="8" t="18" w="1007" /><ent r="8" t="18" w="1007" /><ent r="6" t="24" w="513" /><ent r="6" t="24" w="513" /><ent r="8" t="27" w="762" /><ent r="8" t="27" w="762" /><ent r="5" t="40" w="153" /><ent r="5" t="40" w="153" /><ent r="7" t="49" w="314" /><ent r="7" t="49" w="314" /></phr></stem><stem n="intenan"><phr n="Maintenance"><ent r="5" t="1" w="452" /><ent r="5" t="1" w="452" /><ent r="5" t="1" w="582" /><ent r="5" t="1" w="582" /><ent r="5" t="2" w="282" /><ent r="5" t="2" w="282" /><ent r="5" t="5" w="61" /><ent r="5" t="5" w="61" /><ent r="5" t="8" w="257" /><ent r="5" t="8" w="257" /><ent r="6" t="10" w="424" /><ent r="6" t="10" w="424" /><ent r="5" t="18" w="391" /><ent r="5" t="18" w="391" /><ent r="8" t="18" w="1007" /><ent r="8" t="18" w="1007" /><ent r="6" t="24" w="513" /><ent r="6" t="24" w="513" /><ent r="8" t="27" w="762" /><ent r="8" t="27" w="762" /><ent r="5" t="40" w="153" /><ent r="5" t="40" w="153" /><ent r="7" t="49" w="314" /><ent r="7" t="49" w="314" /></phr></stem><stem n="ntenanc"><phr n="Maintenance"><ent r="5" t="1" w="452" /><ent r="5" t="1" w="452" /><ent r="5" t="1" w="582" /><ent r="5" t="1" w="582" /><ent r="5" t="2" w="282" /><ent r="5" t="2" w="282" /><ent r="5" t="5" w="61" /><ent r="5" t="5" w="61" /><ent r="5" t="8" w="257" /><ent r="5" t="8" w="257" /><ent r="6" t="10" w="424" /><ent r="6" t="10" w="424" /><ent r="5" t="18" w="391" /><ent r="5" t="18" w="391" /><ent r="8" t="18" w="1007" /><ent r="8" t="18" w="1007" /><ent r="6" t="24" w="513" /><ent r="6" t="24" w="513" /><ent r="8" t="27" w="762" /><ent r="8" t="27" w="762" /><ent r="5" t="40" w="153" /><ent r="5" t="40" w="153" /><ent r="7" t="49" w="314" /><ent r="7" t="49" w="314" /></phr></stem><stem n="tenance"><phr n="Maintenance"><ent r="5" t="1" w="452" /><ent r="5" t="1" w="452" /><ent r="5" t="1" w="582" /><ent r="5" t="1" w="582" /><ent r="5" t="2" w="282" /><ent r="5" t="2" w="282" /><ent r="5" t="5" w="61" /><ent r="5" t="5" w="61" /><ent r="5" t="8" w="257" /><ent r="5" t="8" w="257" /><ent r="6" t="10" w="424" /><ent r="6" t="10" w="424" /><ent r="5" t="18" w="391" /><ent r="5" t="18" w="391" /><ent r="8" t="18" w="1007" /><ent r="8" t="18" w="1007" /><ent r="6" t="24" w="513" /><ent r="6" t="24" w="513" /><ent r="8" t="27" w="762" /><ent r="8" t="27" w="762" /><ent r="5" t="40" w="153" /><ent r="5" t="40" w="153" /><ent r="7" t="49" w="314" /><ent r="7" t="49" w="314" /></phr></stem><stem n="maintena"><phr n="Maintenance"><ent r="5" t="1" w="452" /><ent r="5" t="1" w="452" /><ent r="5" t="1" w="582" /><ent r="5" t="1" w="582" /><ent r="5" t="2" w="282" /><ent r="5" t="2" w="282" /><ent r="5" t="5" w="61" /><ent r="5" t="5" w="61" /><ent r="5" t="8" w="257" /><ent r="5" t="8" w="257" /><ent r="6" t="10" w="424" /><ent r="6" t="10" w="424" /><ent r="5" t="18" w="391" /><ent r="5" t="18" w="391" /><ent r="8" t="18" w="1007" /><ent r="8" t="18" w="1007" /><ent r="6" t="24" w="513" /><ent r="6" t="24" w="513" /><ent r="8" t="27" w="762" /><ent r="8" t="27" w="762" /><ent r="5" t="40" w="153" /><ent r="5" t="40" w="153" /><ent r="7" t="49" w="314" /><ent r="7" t="49" w="314" /></phr></stem><stem n="aintenan"><phr n="Maintenance"><ent r="5" t="1" w="452" /><ent r="5" t="1" w="452" /><ent r="5" t="1" w="582" /><ent r="5" t="1" w="582" /><ent r="5" t="2" w="282" /><ent r="5" t="2" w="282" /><ent r="5" t="5" w="61" /><ent r="5" t="5" w="61" /><ent r="5" t="8" w="257" /><ent r="5" t="8" w="257" /><ent r="6" t="10" w="424" /><ent r="6" t="10" w="424" /><ent r="5" t="18" w="391" /><ent r="5" t="18" w="391" /><ent r="8" t="18" w="1007" /><ent r="8" t="18" w="1007" /><ent r="6" t="24" w="513" /><ent r="6" t="24" w="513" /><ent r="8" t="27" w="762" /><ent r="8" t="27" w="762" /><ent r="5" t="40" w="153" /><ent r="5" t="40" w="153" /><ent r="7" t="49" w="314" /><ent r="7" t="49" w="314" /></phr></stem><stem n="intenanc"><phr n="Maintenance"><ent r="5" t="1" w="452" /><ent r="5" t="1" w="452" /><ent r="5" t="1" w="582" /><ent r="5" t="1" w="582" /><ent r="5" t="2" w="282" /><ent r="5" t="2" w="282" /><ent r="5" t="5" w="61" /><ent r="5" t="5" w="61" /><ent r="5" t="8" w="257" /><ent r="5" t="8" w="257" /><ent r="6" t="10" w="424" /><ent r="6" t="10" w="424" /><ent r="5" t="18" w="391" /><ent r="5" t="18" w="391" /><ent r="8" t="18" w="1007" /><ent r="8" t="18" w="1007" /><ent r="6" t="24" w="513" /><ent r="6" t="24" w="513" /><ent r="8" t="27" w="762" /><ent r="8" t="27" w="762" /><ent r="5" t="40" w="153" /><ent r="5" t="40" w="153" /><ent r="7" t="49" w="314" /><ent r="7" t="49" w="314" /></phr></stem><stem n="ntenance"><phr n="Maintenance"><ent r="5" t="1" w="452" /><ent r="5" t="1" w="452" /><ent r="5" t="1" w="582" /><ent r="5" t="1" w="582" /><ent r="5" t="2" w="282" /><ent r="5" t="2" w="282" /><ent r="5" t="5" w="61" /><ent r="5" t="5" w="61" /><ent r="5" t="8" w="257" /><ent r="5" t="8" w="257" /><ent r="6" t="10" w="424" /><ent r="6" t="10" w="424" /><ent r="5" t="18" w="391" /><ent r="5" t="18" w="391" /><ent r="8" t="18" w="1007" /><ent r="8" t="18" w="1007" /><ent r="6" t="24" w="513" /><ent r="6" t="24" w="513" /><ent r="8" t="27" w="762" /><ent r="8" t="27" w="762" /><ent r="5" t="40" w="153" /><ent r="5" t="40" w="153" /><ent r="7" t="49" w="314" /><ent r="7" t="49" w="314" /></phr></stem><stem n="maintenan"><phr n="Maintenance"><ent r="5" t="1" w="452" /><ent r="5" t="1" w="452" /><ent r="5" t="1" w="582" /><ent r="5" t="1" w="582" /><ent r="5" t="2" w="282" /><ent r="5" t="2" w="282" /><ent r="5" t="5" w="61" /><ent r="5" t="5" w="61" /><ent r="5" t="8" w="257" /><ent r="5" t="8" w="257" /><ent r="6" t="10" w="424" /><ent r="6" t="10" w="424" /><ent r="5" t="18" w="391" /><ent r="5" t="18" w="391" /><ent r="8" t="18" w="1007" /><ent r="8" t="18" w="1007" /><ent r="6" t="24" w="513" /><ent r="6" t="24" w="513" /><ent r="8" t="27" w="762" /><ent r="8" t="27" w="762" /><ent r="5" t="40" w="153" /><ent r="5" t="40" w="153" /><ent r="7" t="49" w="314" /><ent r="7" t="49" w="314" /></phr></stem><stem n="aintenanc"><phr n="Maintenance"><ent r="5" t="1" w="452" /><ent r="5" t="1" w="452" /><ent r="5" t="1" w="582" /><ent r="5" t="1" w="582" /><ent r="5" t="2" w="282" /><ent r="5" t="2" w="282" /><ent r="5" t="5" w="61" /><ent r="5" t="5" w="61" /><ent r="5" t="8" w="257" /><ent r="5" t="8" w="257" /><ent r="6" t="10" w="424" /><ent r="6" t="10" w="424" /><ent r="5" t="18" w="391" /><ent r="5" t="18" w="391" /><ent r="8" t="18" w="1007" /><ent r="8" t="18" w="1007" /><ent r="6" t="24" w="513" /><ent r="6" t="24" w="513" /><ent r="8" t="27" w="762" /><ent r="8" t="27" w="762" /><ent r="5" t="40" w="153" /><ent r="5" t="40" w="153" /><ent r="7" t="49" w="314" /><ent r="7" t="49" w="314" /></phr></stem><stem n="intenance"><phr n="Maintenance"><ent r="5" t="1" w="452" /><ent r="5" t="1" w="452" /><ent r="5" t="1" w="582" /><ent r="5" t="1" w="582" /><ent r="5" t="2" w="282" /><ent r="5" t="2" w="282" /><ent r="5" t="5" w="61" /><ent r="5" t="5" w="61" /><ent r="5" t="8" w="257" /><ent r="5" t="8" w="257" /><ent r="6" t="10" w="424" /><ent r="6" t="10" w="424" /><ent r="5" t="18" w="391" /><ent r="5" t="18" w="391" /><ent r="8" t="18" w="1007" /><ent r="8" t="18" w="1007" /><ent r="6" t="24" w="513" /><ent r="6" t="24" w="513" /><ent r="8" t="27" w="762" /><ent r="8" t="27" w="762" /><ent r="5" t="40" w="153" /><ent r="5" t="40" w="153" /><ent r="7" t="49" w="314" /><ent r="7" t="49" w="314" /></phr></stem><stem n="maintenanc"><phr n="Maintenance"><ent r="5" t="1" w="452" /><ent r="5" t="1" w="452" /><ent r="5" t="1" w="582" /><ent r="5" t="1" w="582" /><ent r="5" t="2" w="282" /><ent r="5" t="2" w="282" /><ent r="5" t="5" w="61" /><ent r="5" t="5" w="61" /><ent r="5" t="8" w="257" /><ent r="5" t="8" w="257" /><ent r="6" t="10" w="424" /><ent r="6" t="10" w="424" /><ent r="5" t="18" w="391" /><ent r="5" t="18" w="391" /><ent r="8" t="18" w="1007" /><ent r="8" t="18" w="1007" /><ent r="6" t="24" w="513" /><ent r="6" t="24" w="513" /><ent r="8" t="27" w="762" /><ent r="8" t="27" w="762" /><ent r="5" t="40" w="153" /><ent r="5" t="40" w="153" /><ent r="7" t="49" w="314" /><ent r="7" t="49" w="314" /></phr></stem><stem n="aintenance"><phr n="Maintenance"><ent r="5" t="1" w="452" /><ent r="5" t="1" w="452" /><ent r="5" t="1" w="582" /><ent r="5" t="1" w="582" /><ent r="5" t="2" w="282" /><ent r="5" t="2" w="282" /><ent r="5" t="5" w="61" /><ent r="5" t="5" w="61" /><ent r="5" t="8" w="257" /><ent r="5" t="8" w="257" /><ent r="6" t="10" w="424" /><ent r="6" t="10" w="424" /><ent r="5" t="18" w="391" /><ent r="5" t="18" w="391" /><ent r="8" t="18" w="1007" /><ent r="8" t="18" w="1007" /><ent r="6" t="24" w="513" /><ent r="6" t="24" w="513" /><ent r="8" t="27" w="762" /><ent r="8" t="27" w="762" /><ent r="5" t="40" w="153" /><ent r="5" t="40" w="153" /><ent r="7" t="49" w="314" /><ent r="7" t="49" w="314" /></phr></stem><stem n="maintenance"><phr n="Maintenance"><ent r="5" t="1" w="452" /><ent r="5" t="1" w="452" /><ent r="5" t="1" w="582" /><ent r="5" t="1" w="582" /><ent r="5" t="2" w="282" /><ent r="5" t="2" w="282" /><ent r="5" t="5" w="61" /><ent r="5" t="5" w="61" /><ent r="5" t="8" w="257" /><ent r="5" t="8" w="257" /><ent r="6" t="10" w="424" /><ent r="6" t="10" w="424" /><ent r="5" t="18" w="391" /><ent r="5" t="18" w="391" /><ent r="8" t="18" w="1007" /><ent r="8" t="18" w="1007" /><ent r="6" t="24" w="513" /><ent r="6" t="24" w="513" /><ent r="8" t="27" w="762" /><ent r="8" t="27" w="762" /><ent r="5" t="40" w="153" /><ent r="5" t="40" w="153" /><ent r="7" t="49" w="314" /><ent r="7" t="49" w="314" /></phr></stem><stem n="program-bas"><phr n="program-based"><ent r="3" t="1" w="460" /><ent r="3" t="1" w="460" /><ent r="3" t="1" w="590" /><ent r="3" t="1" w="590" /></phr></stem><stem n="prog"><phr n="program-based"><ent r="3" t="1" w="460" /><ent r="3" t="1" w="460" /><ent r="3" t="1" w="590" /><ent r="3" t="1" w="590" /></phr><phr n="program"><ent r="3" t="1" w="460" /><ent r="3" t="1" w="590" /><ent r="3" t="4" w="86" /><ent r="3" t="4" w="86" /><ent r="3" t="4" w="141" /><ent r="3" t="4" w="141" /><ent r="3" t="6" w="126" /><ent r="3" t="6" w="126" /><ent r="3" t="7" w="615" /><ent r="3" t="7" w="615" /><ent r="3" t="13" w="389" /><ent r="3" t="35" w="91" /><ent r="3" t="47" w="289" /><ent r="3" t="47" w="289" /><ent r="4" t="47" w="431" /><ent r="4" t="47" w="431" /><ent r="3" t="47" w="511" /><ent r="3" t="47" w="511" /><ent r="3" t="62" w="428" /><ent r="3" t="62" w="428" /><ent r="3" t="62" w="460" /><ent r="3" t="62" w="460" /></phr><phr n="Programs"><ent r="5" t="6" w="145" /><ent r="5" t="6" w="145" /><ent r="5" t="8" w="205" /><ent r="5" t="8" w="205" /></phr><phr n="programmed"><ent r="3" t="9" w="167" /><ent r="3" t="9" w="167" /></phr><phr n="&lt;program"><ent r="7" t="12" w="397" /><ent r="7" t="12" w="397" /><ent r="7" t="46" w="150" /><ent r="7" t="46" w="150" /><ent r="5" t="64" w="204" /><ent r="5" t="64" w="204" /><ent r="5" t="65" w="282" /><ent r="5" t="65" w="282" /></phr><phr n="programs"><ent r="3" t="17" w="185" /><ent r="3" t="40" w="246" /><ent r="3" t="40" w="246" /><ent r="3" t="62" w="27" /><ent r="3" t="62" w="27" /></phr><phr n="X-Injected-Program"><ent r="5" t="47" w="415" /><ent r="3" t="47" w="632" /></phr><phr n="X-Injected-Program-Name"><ent r="5" t="47" w="415" /><ent r="3" t="47" w="632" /><ent r="3" t="47" w="632" /></phr><phr n="Injected-Program"><ent r="5" t="47" w="416" /><ent r="3" t="47" w="633" /></phr><phr n="Injected-Program-Name"><ent r="5" t="47" w="416" /><ent r="3" t="47" w="633" /></phr><phr n="Program"><ent r="5" t="47" w="417" /><ent r="3" t="47" w="634" /><ent r="5" t="65" w="138" /><ent r="5" t="65" w="138" /></phr><phr n="Program-Name"><ent r="5" t="47" w="417" /><ent r="3" t="47" w="634" /></phr></stem><stem n="ram-"><phr n="program-based"><ent r="3" t="1" w="460" /><ent r="3" t="1" w="460" /><ent r="3" t="1" w="590" /><ent r="3" t="1" w="590" /></phr><phr n="X-Injected-Program-Name"><ent r="5" t="47" w="415" /><ent r="3" t="47" w="632" /><ent r="3" t="47" w="632" /></phr><phr n="Injected-Program-Name"><ent r="5" t="47" w="416" /><ent r="3" t="47" w="633" /></phr><phr n="Program-Name"><ent r="5" t="47" w="417" /><ent r="3" t="47" w="634" /></phr></stem><stem n="rogr"><phr n="program-based"><ent r="3" t="1" w="460" /><ent r="3" t="1" w="460" /><ent r="3" t="1" w="590" /><ent r="3" t="1" w="590" /></phr><phr n="program"><ent r="3" t="1" w="460" /><ent r="3" t="1" w="590" /><ent r="3" t="4" w="86" /><ent r="3" t="4" w="86" /><ent r="3" t="4" w="141" /><ent r="3" t="4" w="141" /><ent r="3" t="6" w="126" /><ent r="3" t="6" w="126" /><ent r="3" t="7" w="615" /><ent r="3" t="7" w="615" /><ent r="3" t="13" w="389" /><ent r="3" t="35" w="91" /><ent r="3" t="47" w="289" /><ent r="3" t="47" w="289" /><ent r="4" t="47" w="431" /><ent r="4" t="47" w="431" /><ent r="3" t="47" w="511" /><ent r="3" t="47" w="511" /><ent r="3" t="62" w="428" /><ent r="3" t="62" w="428" /><ent r="3" t="62" w="460" /><ent r="3" t="62" w="460" /></phr><phr n="Programs"><ent r="5" t="6" w="145" /><ent r="5" t="6" w="145" /><ent r="5" t="8" w="205" /><ent r="5" t="8" w="205" /></phr><phr n="programmed"><ent r="3" t="9" w="167" /><ent r="3" t="9" w="167" /></phr><phr n="&lt;program"><ent r="7" t="12" w="397" /><ent r="7" t="12" w="397" /><ent r="7" t="46" w="150" /><ent r="7" t="46" w="150" /><ent r="5" t="64" w="204" /><ent r="5" t="64" w="204" /><ent r="5" t="65" w="282" /><ent r="5" t="65" w="282" /></phr><phr n="programs"><ent r="3" t="17" w="185" /><ent r="3" t="40" w="246" /><ent r="3" t="40" w="246" /><ent r="3" t="62" w="27" /><ent r="3" t="62" w="27" /></phr><phr n="X-Injected-Program"><ent r="5" t="47" w="415" /><ent r="3" t="47" w="632" /></phr><phr n="X-Injected-Program-Name"><ent r="5" t="47" w="415" /><ent r="3" t="47" w="632" /><ent r="3" t="47" w="632" /></phr><phr n="Injected-Program"><ent r="5" t="47" w="416" /><ent r="3" t="47" w="633" /></phr><phr n="Injected-Program-Name"><ent r="5" t="47" w="416" /><ent r="3" t="47" w="633" /></phr><phr n="Program"><ent r="5" t="47" w="417" /><ent r="3" t="47" w="634" /><ent r="5" t="65" w="138" /><ent r="5" t="65" w="138" /></phr><phr n="Program-Name"><ent r="5" t="47" w="417" /><ent r="3" t="47" w="634" /></phr></stem><stem n="am-b"><phr n="program-based"><ent r="3" t="1" w="460" /><ent r="3" t="1" w="460" /><ent r="3" t="1" w="590" /><ent r="3" t="1" w="590" /></phr></stem><stem n="ogra"><phr n="program-based"><ent r="3" t="1" w="460" /><ent r="3" t="1" w="460" /><ent r="3" t="1" w="590" /><ent r="3" t="1" w="590" /></phr><phr n="program"><ent r="3" t="1" w="460" /><ent r="3" t="1" w="590" /><ent r="3" t="4" w="86" /><ent r="3" t="4" w="86" /><ent r="3" t="4" w="141" /><ent r="3" t="4" w="141" /><ent r="3" t="6" w="126" /><ent r="3" t="6" w="126" /><ent r="3" t="7" w="615" /><ent r="3" t="7" w="615" /><ent r="3" t="13" w="389" /><ent r="3" t="35" w="91" /><ent r="3" t="47" w="289" /><ent r="3" t="47" w="289" /><ent r="4" t="47" w="431" /><ent r="4" t="47" w="431" /><ent r="3" t="47" w="511" /><ent r="3" t="47" w="511" /><ent r="3" t="62" w="428" /><ent r="3" t="62" w="428" /><ent r="3" t="62" w="460" /><ent r="3" t="62" w="460" /></phr><phr n="Programs"><ent r="5" t="6" w="145" /><ent r="5" t="6" w="145" /><ent r="5" t="8" w="205" /><ent r="5" t="8" w="205" /></phr><phr n="programmed"><ent r="3" t="9" w="167" /><ent r="3" t="9" w="167" /></phr><phr n="&lt;program"><ent r="7" t="12" w="397" /><ent r="7" t="12" w="397" /><ent r="7" t="46" w="150" /><ent r="7" t="46" w="150" /><ent r="5" t="64" w="204" /><ent r="5" t="64" w="204" /><ent r="5" t="65" w="282" /><ent r="5" t="65" w="282" /></phr><phr n="programs"><ent r="3" t="17" w="185" /><ent r="3" t="40" w="246" /><ent r="3" t="40" w="246" /><ent r="3" t="62" w="27" /><ent r="3" t="62" w="27" /></phr><phr n="X-Injected-Program"><ent r="5" t="47" w="415" /><ent r="3" t="47" w="632" /></phr><phr n="X-Injected-Program-Name"><ent r="5" t="47" w="415" /><ent r="3" t="47" w="632" /><ent r="3" t="47" w="632" /></phr><phr n="Injected-Program"><ent r="5" t="47" w="416" /><ent r="3" t="47" w="633" /></phr><phr n="Injected-Program-Name"><ent r="5" t="47" w="416" /><ent r="3" t="47" w="633" /></phr><phr n="Program"><ent r="5" t="47" w="417" /><ent r="3" t="47" w="634" /><ent r="5" t="65" w="138" /><ent r="5" t="65" w="138" /></phr><phr n="Program-Name"><ent r="5" t="47" w="417" /><ent r="3" t="47" w="634" /></phr></stem><stem n="m-ba"><phr n="program-based"><ent r="3" t="1" w="460" /><ent r="3" t="1" w="460" /><ent r="3" t="1" w="590" /><ent r="3" t="1" w="590" /></phr></stem><stem n="gram"><phr n="program-based"><ent r="3" t="1" w="460" /><ent r="3" t="1" w="460" /><ent r="3" t="1" w="590" /><ent r="3" t="1" w="590" /></phr><phr n="program"><ent r="3" t="1" w="460" /><ent r="3" t="1" w="590" /><ent r="3" t="4" w="86" /><ent r="3" t="4" w="86" /><ent r="3" t="4" w="141" /><ent r="3" t="4" w="141" /><ent r="3" t="6" w="126" /><ent r="3" t="6" w="126" /><ent r="3" t="7" w="615" /><ent r="3" t="7" w="615" /><ent r="3" t="13" w="389" /><ent r="3" t="35" w="91" /><ent r="3" t="47" w="289" /><ent r="3" t="47" w="289" /><ent r="4" t="47" w="431" /><ent r="4" t="47" w="431" /><ent r="3" t="47" w="511" /><ent r="3" t="47" w="511" /><ent r="3" t="62" w="428" /><ent r="3" t="62" w="428" /><ent r="3" t="62" w="460" /><ent r="3" t="62" w="460" /></phr><phr n="Programs"><ent r="5" t="6" w="145" /><ent r="5" t="6" w="145" /><ent r="5" t="8" w="205" /><ent r="5" t="8" w="205" /></phr><phr n="programmed"><ent r="3" t="9" w="167" /><ent r="3" t="9" w="167" /></phr><phr n="&lt;program"><ent r="7" t="12" w="397" /><ent r="7" t="12" w="397" /><ent r="7" t="46" w="150" /><ent r="7" t="46" w="150" /><ent r="5" t="64" w="204" /><ent r="5" t="64" w="204" /><ent r="5" t="65" w="282" /><ent r="5" t="65" w="282" /></phr><phr n="programs"><ent r="3" t="17" w="185" /><ent r="3" t="40" w="246" /><ent r="3" t="40" w="246" /><ent r="3" t="62" w="27" /><ent r="3" t="62" w="27" /></phr><phr n="X-Injected-Program"><ent r="5" t="47" w="415" /><ent r="3" t="47" w="632" /></phr><phr n="X-Injected-Program-Name"><ent r="5" t="47" w="415" /><ent r="3" t="47" w="632" /><ent r="3" t="47" w="632" /></phr><phr n="Injected-Program"><ent r="5" t="47" w="416" /><ent r="3" t="47" w="633" /></phr><phr n="Injected-Program-Name"><ent r="5" t="47" w="416" /><ent r="3" t="47" w="633" /></phr><phr n="Program"><ent r="5" t="47" w="417" /><ent r="3" t="47" w="634" /><ent r="5" t="65" w="138" /><ent r="5" t="65" w="138" /></phr><phr n="Program-Name"><ent r="5" t="47" w="417" /><ent r="3" t="47" w="634" /></phr><phr n="diagrams"><ent r="3" t="56" w="217" /><ent r="3" t="56" w="217" /></phr></stem></index>