<?xml version="1.0" encoding="utf-8"?><index><stem n="derati"><phr n="federation"><ent r="4" t="1" w="353" /></phr><phr n="WS-Federation"><ent r="4" t="19" w="172" /><ent r="4" t="19" w="172" /><ent r="65" t="19" w="190" /><ent r="1000" t="21" w="6" /><ent r="100" t="21" w="9" /><ent r="100" t="21" w="9" /><ent r="100" t="21" w="23" /><ent r="100" t="21" w="23" /><ent r="102" t="21" w="46" /><ent r="3" t="21" w="56" /><ent r="3" t="21" w="56" /><ent r="64" t="21" w="71" /><ent r="64" t="21" w="71" /><ent r="3" t="21" w="96" /><ent r="3" t="21" w="96" /><ent r="5" t="21" w="140" /><ent r="5" t="21" w="140" /><ent r="5" t="21" w="274" /><ent r="5" t="21" w="274" /><ent r="6" t="21" w="290" /><ent r="6" t="21" w="290" /><ent r="3" t="21" w="457" /><ent r="3" t="21" w="457" /><ent r="5" t="21" w="479" /><ent r="5" t="21" w="479" /><ent r="64" t="23" w="205" /><ent r="1000" t="25" w="2" /><ent r="1000" t="25" w="2" /><ent r="100" t="25" w="8" /><ent r="100" t="25" w="8" /><ent r="100" t="25" w="14" /><ent r="100" t="25" w="14" /><ent r="100" t="25" w="22" /><ent r="100" t="25" w="22" /><ent r="102" t="25" w="28" /><ent r="102" t="25" w="28" /><ent r="3" t="25" w="43" /><ent r="3" t="25" w="43" /><ent r="5" t="25" w="77" /><ent r="5" t="25" w="77" /><ent r="5" t="25" w="111" /><ent r="5" t="25" w="111" /><ent r="6" t="25" w="136" /><ent r="6" t="25" w="136" /><ent r="5" t="25" w="247" /><ent r="5" t="25" w="247" /><ent r="5" t="25" w="253" /><ent r="5" t="25" w="253" /><ent r="6" t="25" w="288" /><ent r="6" t="25" w="288" /><ent r="6" t="25" w="298" /><ent r="6" t="25" w="298" /><ent r="6" t="25" w="365" /><ent r="6" t="25" w="365" /><ent r="6" t="25" w="385" /><ent r="6" t="25" w="385" /><ent r="6" t="25" w="443" /><ent r="6" t="25" w="443" /><ent r="6" t="25" w="451" /><ent r="6" t="25" w="451" /><ent r="6" t="25" w="466" /><ent r="6" t="25" w="466" /><ent r="6" t="25" w="588" /><ent r="6" t="25" w="588" /><ent r="64" t="25" w="609" /><ent r="64" t="25" w="609" /><ent r="64" t="25" w="617" /><ent r="64" t="25" w="617" /><ent r="64" t="25" w="635" /><ent r="64" t="25" w="635" /><ent r="100" t="25" w="642" /><ent r="100" t="25" w="642" /><ent r="82" t="25" w="652" /><ent r="82" t="25" w="652" /><ent r="3" t="25" w="678" /><ent r="3" t="25" w="678" /><ent r="64" t="25" w="695" /><ent r="100" t="25" w="700" /><ent r="100" t="25" w="700" /><ent r="82" t="25" w="709" /><ent r="82" t="25" w="709" /><ent r="100" t="25" w="772" /><ent r="100" t="25" w="772" /><ent r="5" t="25" w="834" /><ent r="5" t="25" w="834" /><ent r="100" t="25" w="870" /><ent r="100" t="25" w="870" /><ent r="82" t="25" w="880" /><ent r="82" t="25" w="880" /><ent r="3" t="25" w="888" /><ent r="3" t="25" w="888" /><ent r="5" t="49" w="333" /><ent r="5" t="49" w="333" /></phr><phr n="Federation"><ent r="4" t="19" w="173" /><ent r="65" t="19" w="191" /><ent r="1000" t="21" w="7" /><ent r="100" t="21" w="10" /><ent r="100" t="21" w="24" /><ent r="102" t="21" w="47" /><ent r="3" t="21" w="57" /><ent r="64" t="21" w="72" /><ent r="3" t="21" w="97" /><ent r="5" t="21" w="141" /><ent r="5" t="21" w="275" /><ent r="6" t="21" w="291" /><ent r="3" t="21" w="458" /><ent r="5" t="21" w="480" /><ent r="64" t="23" w="206" /><ent r="1000" t="25" w="3" /><ent r="100" t="25" w="9" /><ent r="100" t="25" w="15" /><ent r="100" t="25" w="23" /><ent r="102" t="25" w="29" /><ent r="3" t="25" w="44" /><ent r="5" t="25" w="78" /><ent r="5" t="25" w="112" /><ent r="6" t="25" w="137" /><ent r="5" t="25" w="248" /><ent r="5" t="25" w="254" /><ent r="6" t="25" w="289" /><ent r="6" t="25" w="299" /><ent r="6" t="25" w="366" /><ent r="6" t="25" w="386" /><ent r="6" t="25" w="444" /><ent r="6" t="25" w="452" /><ent r="6" t="25" w="467" /><ent r="6" t="25" w="589" /><ent r="64" t="25" w="610" /><ent r="64" t="25" w="618" /><ent r="64" t="25" w="636" /><ent r="100" t="25" w="643" /><ent r="82" t="25" w="653" /><ent r="3" t="25" w="679" /><ent r="64" t="25" w="696" /><ent r="100" t="25" w="701" /><ent r="82" t="25" w="710" /><ent r="100" t="25" w="773" /><ent r="5" t="25" w="835" /><ent r="100" t="25" w="871" /><ent r="82" t="25" w="881" /><ent r="3" t="25" w="889" /><ent r="5" t="49" w="334" /><ent r="5" t="49" w="341" /><ent r="5" t="49" w="341" /></phr></stem><stem n="eratio"><phr n="federation"><ent r="4" t="1" w="353" /></phr><phr n="generation"><ent r="3" t="13" w="329" /><ent r="3" t="13" w="329" /></phr><phr n="WS-Federation"><ent r="4" t="19" w="172" /><ent r="4" t="19" w="172" /><ent r="65" t="19" w="190" /><ent r="1000" t="21" w="6" /><ent r="100" t="21" w="9" /><ent r="100" t="21" w="9" /><ent r="100" t="21" w="23" /><ent r="100" t="21" w="23" /><ent r="102" t="21" w="46" /><ent r="3" t="21" w="56" /><ent r="3" t="21" w="56" /><ent r="64" t="21" w="71" /><ent r="64" t="21" w="71" /><ent r="3" t="21" w="96" /><ent r="3" t="21" w="96" /><ent r="5" t="21" w="140" /><ent r="5" t="21" w="140" /><ent r="5" t="21" w="274" /><ent r="5" t="21" w="274" /><ent r="6" t="21" w="290" /><ent r="6" t="21" w="290" /><ent r="3" t="21" w="457" /><ent r="3" t="21" w="457" /><ent r="5" t="21" w="479" /><ent r="5" t="21" w="479" /><ent r="64" t="23" w="205" /><ent r="1000" t="25" w="2" /><ent r="1000" t="25" w="2" /><ent r="100" t="25" w="8" /><ent r="100" t="25" w="8" /><ent r="100" t="25" w="14" /><ent r="100" t="25" w="14" /><ent r="100" t="25" w="22" /><ent r="100" t="25" w="22" /><ent r="102" t="25" w="28" /><ent r="102" t="25" w="28" /><ent r="3" t="25" w="43" /><ent r="3" t="25" w="43" /><ent r="5" t="25" w="77" /><ent r="5" t="25" w="77" /><ent r="5" t="25" w="111" /><ent r="5" t="25" w="111" /><ent r="6" t="25" w="136" /><ent r="6" t="25" w="136" /><ent r="5" t="25" w="247" /><ent r="5" t="25" w="247" /><ent r="5" t="25" w="253" /><ent r="5" t="25" w="253" /><ent r="6" t="25" w="288" /><ent r="6" t="25" w="288" /><ent r="6" t="25" w="298" /><ent r="6" t="25" w="298" /><ent r="6" t="25" w="365" /><ent r="6" t="25" w="365" /><ent r="6" t="25" w="385" /><ent r="6" t="25" w="385" /><ent r="6" t="25" w="443" /><ent r="6" t="25" w="443" /><ent r="6" t="25" w="451" /><ent r="6" t="25" w="451" /><ent r="6" t="25" w="466" /><ent r="6" t="25" w="466" /><ent r="6" t="25" w="588" /><ent r="6" t="25" w="588" /><ent r="64" t="25" w="609" /><ent r="64" t="25" w="609" /><ent r="64" t="25" w="617" /><ent r="64" t="25" w="617" /><ent r="64" t="25" w="635" /><ent r="64" t="25" w="635" /><ent r="100" t="25" w="642" /><ent r="100" t="25" w="642" /><ent r="82" t="25" w="652" /><ent r="82" t="25" w="652" /><ent r="3" t="25" w="678" /><ent r="3" t="25" w="678" /><ent r="64" t="25" w="695" /><ent r="100" t="25" w="700" /><ent r="100" t="25" w="700" /><ent r="82" t="25" w="709" /><ent r="82" t="25" w="709" /><ent r="100" t="25" w="772" /><ent r="100" t="25" w="772" /><ent r="5" t="25" w="834" /><ent r="5" t="25" w="834" /><ent r="100" t="25" w="870" /><ent r="100" t="25" w="870" /><ent r="82" t="25" w="880" /><ent r="82" t="25" w="880" /><ent r="3" t="25" w="888" /><ent r="3" t="25" w="888" /><ent r="5" t="49" w="333" /><ent r="5" t="49" w="333" /></phr><phr n="Federation"><ent r="4" t="19" w="173" /><ent r="65" t="19" w="191" /><ent r="1000" t="21" w="7" /><ent r="100" t="21" w="10" /><ent r="100" t="21" w="24" /><ent r="102" t="21" w="47" /><ent r="3" t="21" w="57" /><ent r="64" t="21" w="72" /><ent r="3" t="21" w="97" /><ent r="5" t="21" w="141" /><ent r="5" t="21" w="275" /><ent r="6" t="21" w="291" /><ent r="3" t="21" w="458" /><ent r="5" t="21" w="480" /><ent r="64" t="23" w="206" /><ent r="1000" t="25" w="3" /><ent r="100" t="25" w="9" /><ent r="100" t="25" w="15" /><ent r="100" t="25" w="23" /><ent r="102" t="25" w="29" /><ent r="3" t="25" w="44" /><ent r="5" t="25" w="78" /><ent r="5" t="25" w="112" /><ent r="6" t="25" w="137" /><ent r="5" t="25" w="248" /><ent r="5" t="25" w="254" /><ent r="6" t="25" w="289" /><ent r="6" t="25" w="299" /><ent r="6" t="25" w="366" /><ent r="6" t="25" w="386" /><ent r="6" t="25" w="444" /><ent r="6" t="25" w="452" /><ent r="6" t="25" w="467" /><ent r="6" t="25" w="589" /><ent r="64" t="25" w="610" /><ent r="64" t="25" w="618" /><ent r="64" t="25" w="636" /><ent r="100" t="25" w="643" /><ent r="82" t="25" w="653" /><ent r="3" t="25" w="679" /><ent r="64" t="25" w="696" /><ent r="100" t="25" w="701" /><ent r="82" t="25" w="710" /><ent r="100" t="25" w="773" /><ent r="5" t="25" w="835" /><ent r="100" t="25" w="871" /><ent r="82" t="25" w="881" /><ent r="3" t="25" w="889" /><ent r="5" t="49" w="334" /><ent r="5" t="49" w="341" /><ent r="5" t="49" w="341" /></phr><phr n="operation"><ent r="3" t="42" w="1922" /><ent r="3" t="42" w="1922" /><ent r="7" t="62" w="279" /></phr><phr n="operations"><ent r="7" t="43" w="190" /><ent r="7" t="43" w="190" /></phr></stem><stem n="federat"><phr n="federation"><ent r="4" t="1" w="353" /></phr><phr n="Federated"><ent r="100" t="9" w="9" /><ent r="100" t="9" w="9" /><ent r="65" t="9" w="271" /><ent r="65" t="9" w="271" /><ent r="8" t="10" w="164" /><ent r="65" t="11" w="98" /><ent r="65" t="11" w="98" /><ent r="3" t="17" w="214" /><ent r="3" t="17" w="214" /><ent r="1000" t="19" w="1" /><ent r="1000" t="19" w="1" /><ent r="100" t="19" w="5" /><ent r="100" t="19" w="5" /><ent r="102" t="19" w="21" /><ent r="102" t="19" w="21" /><ent r="3" t="19" w="34" /><ent r="3" t="19" w="34" /><ent r="3" t="19" w="62" /><ent r="3" t="19" w="62" /><ent r="3" t="19" w="91" /><ent r="3" t="19" w="91" /><ent r="3" t="19" w="112" /><ent r="3" t="19" w="112" /><ent r="65" t="19" w="156" /><ent r="65" t="19" w="156" /><ent r="65" t="19" w="187" /><ent r="65" t="19" w="187" /><ent r="65" t="19" w="218" /><ent r="65" t="19" w="218" /><ent r="1000" t="20" w="3" /><ent r="1000" t="20" w="3" /><ent r="100" t="20" w="14" /><ent r="100" t="20" w="14" /><ent r="100" t="20" w="32" /><ent r="100" t="20" w="32" /><ent r="102" t="20" w="38" /><ent r="102" t="20" w="38" /><ent r="64" t="20" w="49" /><ent r="64" t="20" w="49" /><ent r="5" t="20" w="93" /><ent r="5" t="20" w="93" /><ent r="3" t="20" w="938" /><ent r="1000" t="21" w="3" /><ent r="1000" t="21" w="3" /><ent r="100" t="21" w="19" /><ent r="100" t="21" w="19" /><ent r="100" t="21" w="37" /><ent r="100" t="21" w="37" /><ent r="102" t="21" w="43" /><ent r="102" t="21" w="43" /><ent r="64" t="21" w="82" /><ent r="64" t="21" w="82" /><ent r="5" t="21" w="128" /><ent r="5" t="21" w="128" /><ent r="3" t="21" w="1139" /><ent r="1000" t="22" w="3" /><ent r="1000" t="22" w="3" /><ent r="100" t="22" w="19" /><ent r="100" t="22" w="19" /><ent r="100" t="22" w="37" /><ent r="100" t="22" w="37" /><ent r="102" t="22" w="43" /><ent r="102" t="22" w="43" /><ent r="64" t="22" w="54" /><ent r="64" t="22" w="54" /><ent r="5" t="22" w="100" /><ent r="5" t="22" w="100" /><ent r="6" t="22" w="302" /><ent r="6" t="22" w="302" /><ent r="6" t="22" w="341" /><ent r="6" t="22" w="341" /><ent r="3" t="22" w="1193" /><ent r="64" t="23" w="194" /><ent r="64" t="23" w="194" /><ent r="64" t="23" w="202" /><ent r="64" t="23" w="202" /><ent r="64" t="23" w="210" /><ent r="64" t="23" w="210" /><ent r="4" t="24" w="162" /><ent r="4" t="24" w="162" /><ent r="64" t="24" w="194" /><ent r="64" t="24" w="194" /><ent r="82" t="24" w="299" /><ent r="82" t="24" w="299" /><ent r="5" t="24" w="312" /><ent r="5" t="24" w="312" /><ent r="4" t="24" w="337" /><ent r="4" t="24" w="337" /><ent r="5" t="24" w="395" /><ent r="5" t="24" w="395" /><ent r="5" t="25" w="63" /><ent r="5" t="25" w="63" /><ent r="6" t="25" w="151" /><ent r="6" t="25" w="151" /><ent r="6" t="25" w="340" /><ent r="6" t="25" w="340" /><ent r="6" t="25" w="508" /><ent r="6" t="25" w="508" /><ent r="64" t="25" w="611" /><ent r="64" t="25" w="611" /><ent r="64" t="25" w="627" /><ent r="64" t="25" w="627" /><ent r="82" t="25" w="654" /><ent r="82" t="25" w="654" /><ent r="64" t="25" w="692" /><ent r="64" t="25" w="692" /><ent r="82" t="25" w="782" /><ent r="82" t="25" w="782" /><ent r="5" t="25" w="795" /><ent r="5" t="25" w="795" /><ent r="5" t="25" w="850" /><ent r="5" t="25" w="850" /><ent r="64" t="40" w="425" /><ent r="64" t="40" w="425" /><ent r="3" t="48" w="373" /><ent r="3" t="48" w="373" /><ent r="3" t="48" w="409" /><ent r="3" t="48" w="409" /><ent r="3" t="48" w="514" /><ent r="3" t="48" w="514" /><ent r="3" t="48" w="527" /><ent r="3" t="48" w="527" /><ent r="3" t="48" w="567" /><ent r="3" t="48" w="567" /><ent r="3" t="48" w="609" /><ent r="3" t="48" w="609" /><ent r="3" t="48" w="712" /><ent r="3" t="48" w="712" /><ent r="3" t="48" w="733" /><ent r="3" t="48" w="733" /><ent r="3" t="48" w="747" /><ent r="3" t="48" w="747" /><ent r="3" t="48" w="783" /><ent r="3" t="48" w="783" /><ent r="3" t="48" w="800" /><ent r="3" t="48" w="800" /><ent r="3" t="49" w="25" /><ent r="3" t="49" w="25" /><ent r="3" t="49" w="61" /><ent r="3" t="49" w="61" /><ent r="5" t="49" w="323" /><ent r="5" t="49" w="323" /><ent r="4" t="49" w="401" /><ent r="4" t="49" w="401" /><ent r="4" t="49" w="432" /><ent r="4" t="49" w="432" /><ent r="4" t="49" w="463" /><ent r="4" t="49" w="463" /><ent r="4" t="49" w="470" /><ent r="4" t="49" w="470" /><ent r="82" t="49" w="498" /><ent r="82" t="49" w="498" /><ent r="3" t="50" w="43" /><ent r="3" t="50" w="43" /><ent r="6" t="50" w="157" /><ent r="6" t="50" w="157" /><ent r="6" t="50" w="223" /><ent r="6" t="50" w="223" /><ent r="6" t="50" w="265" /><ent r="6" t="50" w="265" /><ent r="6" t="50" w="308" /><ent r="6" t="50" w="308" /><ent r="6" t="50" w="313" /><ent r="6" t="50" w="313" /><ent r="7" t="50" w="319" /><ent r="7" t="50" w="319" /><ent r="8" t="50" w="337" /><ent r="8" t="50" w="337" /><ent r="7" t="50" w="388" /><ent r="7" t="50" w="388" /><ent r="7" t="50" w="442" /><ent r="7" t="50" w="442" /><ent r="6" t="50" w="508" /><ent r="6" t="50" w="508" /><ent r="6" t="50" w="513" /><ent r="6" t="50" w="513" /><ent r="6" t="50" w="518" /><ent r="6" t="50" w="518" /><ent r="100" t="51" w="13" /><ent r="100" t="51" w="13" /><ent r="3" t="51" w="76" /><ent r="3" t="51" w="76" /><ent r="6" t="51" w="189" /><ent r="6" t="51" w="189" /><ent r="6" t="51" w="228" /><ent r="6" t="51" w="228" /><ent r="6" t="51" w="264" /><ent r="6" t="51" w="264" /><ent r="7" t="51" w="270" /><ent r="7" t="51" w="270" /><ent r="8" t="51" w="289" /><ent r="8" t="51" w="289" /><ent r="6" t="51" w="417" /><ent r="6" t="51" w="417" /><ent r="7" t="51" w="431" /><ent r="7" t="51" w="431" /><ent r="8" t="51" w="493" /><ent r="8" t="51" w="493" /><ent r="6" t="51" w="528" /><ent r="6" t="51" w="528" /><ent r="6" t="51" w="533" /><ent r="6" t="51" w="533" /><ent r="6" t="51" w="538" /><ent r="6" t="51" w="538" /><ent r="8" t="51" w="588" /><ent r="8" t="51" w="588" /><ent r="3" t="51" w="690" /><ent r="3" t="51" w="690" /><ent r="3" t="51" w="745" /><ent r="3" t="51" w="745" /><ent r="3" t="51" w="823" /><ent r="3" t="51" w="823" /><ent r="4" t="51" w="831" /><ent r="4" t="51" w="831" /><ent r="4" t="51" w="867" /><ent r="4" t="51" w="867" /><ent r="4" t="51" w="880" /><ent r="4" t="51" w="880" /><ent r="5" t="51" w="910" /><ent r="5" t="51" w="910" /><ent r="5" t="51" w="1147" /><ent r="5" t="51" w="1147" /><ent r="3" t="52" w="25" /><ent r="3" t="52" w="25" /><ent r="3" t="52" w="61" /><ent r="3" t="52" w="61" /><ent r="3" t="52" w="87" /><ent r="3" t="52" w="87" /><ent r="3" t="52" w="109" /><ent r="3" t="52" w="109" /><ent r="3" t="52" w="204" /><ent r="3" t="52" w="204" /><ent r="1000" t="53" w="1" /><ent r="1000" t="53" w="1" /><ent r="100" t="53" w="6" /><ent r="100" t="53" w="6" /><ent r="100" t="53" w="30" /><ent r="102" t="53" w="34" /><ent r="102" t="53" w="34" /><ent r="3" t="53" w="46" /><ent r="3" t="53" w="46" /><ent r="3" t="53" w="82" /><ent r="3" t="53" w="82" /><ent r="3" t="53" w="106" /><ent r="3" t="53" w="106" /><ent r="3" t="53" w="122" /><ent r="3" t="53" w="122" /><ent r="3" t="53" w="166" /><ent r="3" t="53" w="166" /><ent r="3" t="53" w="194" /><ent r="3" t="53" w="194" /><ent r="3" t="53" w="242" /><ent r="3" t="53" w="242" /><ent r="3" t="53" w="305" /><ent r="3" t="53" w="305" /><ent r="64" t="53" w="312" /><ent r="64" t="53" w="312" /><ent r="3" t="53" w="371" /><ent r="3" t="53" w="371" /><ent r="3" t="53" w="381" /><ent r="3" t="53" w="381" /><ent r="3" t="53" w="399" /><ent r="3" t="53" w="399" /><ent r="4" t="53" w="405" /><ent r="4" t="53" w="405" /><ent r="3" t="53" w="411" /><ent r="3" t="53" w="411" /><ent r="3" t="53" w="415" /><ent r="3" t="53" w="415" /><ent r="3" t="53" w="420" /><ent r="3" t="53" w="420" /><ent r="1000" t="54" w="1" /><ent r="1000" t="54" w="1" /><ent r="100" t="54" w="35" /><ent r="100" t="54" w="38" /><ent r="100" t="54" w="41" /><ent r="100" t="54" w="41" /><ent r="102" t="54" w="48" /><ent r="102" t="54" w="48" /><ent r="100" t="54" w="61" /><ent r="100" t="54" w="65" /><ent r="64" t="54" w="88" /><ent r="64" t="54" w="88" /><ent r="3" t="54" w="121" /><ent r="3" t="54" w="121" /><ent r="3" t="54" w="290" /><ent r="3" t="54" w="290" /><ent r="3" t="54" w="293" /><ent r="3" t="54" w="293" /><ent r="3" t="54" w="308" /><ent r="3" t="54" w="308" /><ent r="3" t="54" w="421" /><ent r="3" t="54" w="421" /><ent r="5" t="54" w="482" /><ent r="5" t="54" w="482" /><ent r="3" t="54" w="493" /><ent r="3" t="54" w="493" /><ent r="3" t="54" w="514" /><ent r="3" t="54" w="514" /><ent r="3" t="54" w="519" /><ent r="3" t="54" w="519" /><ent r="3" t="54" w="524" /><ent r="3" t="54" w="524" /><ent r="3" t="55" w="39" /><ent r="3" t="55" w="39" /><ent r="3" t="55" w="75" /><ent r="3" t="55" w="75" /><ent r="4" t="55" w="148" /><ent r="4" t="55" w="148" /><ent r="7" t="55" w="1386" /><ent r="7" t="55" w="1386" /><ent r="6" t="55" w="1493" /><ent r="6" t="55" w="1493" /><ent r="3" t="56" w="72" /><ent r="3" t="56" w="72" /><ent r="3" t="56" w="112" /><ent r="3" t="56" w="112" /><ent r="3" t="56" w="171" /><ent r="3" t="56" w="171" /><ent r="3" t="56" w="192" /><ent r="3" t="56" w="192" /><ent r="3" t="56" w="262" /><ent r="3" t="56" w="262" /><ent r="4" t="57" w="82" /><ent r="4" t="57" w="82" /><ent r="5" t="58" w="146" /><ent r="5" t="58" w="146" /><ent r="4" t="58" w="163" /><ent r="4" t="58" w="163" /><ent r="5" t="58" w="175" /><ent r="5" t="58" w="175" /><ent r="7" t="58" w="319" /><ent r="7" t="58" w="319" /><ent r="7" t="58" w="324" /><ent r="7" t="58" w="324" /><ent r="6" t="58" w="395" /><ent r="6" t="58" w="395" /><ent r="67" t="58" w="401" /><ent r="67" t="58" w="401" /><ent r="6" t="58" w="459" /><ent r="6" t="58" w="459" /><ent r="4" t="59" w="83" /><ent r="4" t="59" w="83" /><ent r="4" t="59" w="116" /><ent r="4" t="59" w="116" /><ent r="7" t="59" w="187" /><ent r="7" t="59" w="187" /><ent r="3" t="60" w="28" /><ent r="3" t="60" w="28" /><ent r="3" t="60" w="64" /><ent r="3" t="60" w="64" /><ent r="3" t="60" w="191" /><ent r="3" t="60" w="191" /><ent r="3" t="60" w="195" /><ent r="3" t="60" w="195" /><ent r="3" t="60" w="253" /><ent r="3" t="60" w="253" /><ent r="7" t="68" w="141" /><ent r="7" t="68" w="141" /></phr><phr n="federated"><ent r="100" t="19" w="14" /><ent r="100" t="19" w="14" /><ent r="100" t="20" w="22" /><ent r="100" t="20" w="22" /><ent r="100" t="20" w="28" /><ent r="100" t="20" w="28" /><ent r="100" t="21" w="27" /><ent r="100" t="21" w="27" /><ent r="100" t="21" w="33" /><ent r="100" t="21" w="33" /><ent r="3" t="21" w="53" /><ent r="3" t="21" w="53" /><ent r="6" t="21" w="305" /><ent r="6" t="21" w="305" /><ent r="100" t="22" w="27" /><ent r="100" t="22" w="27" /><ent r="100" t="22" w="33" /><ent r="100" t="22" w="33" /><ent r="4" t="24" w="409" /><ent r="4" t="24" w="409" /><ent r="3" t="24" w="803" /><ent r="3" t="24" w="803" /><ent r="5" t="25" w="79" /><ent r="5" t="25" w="79" /><ent r="6" t="25" w="129" /><ent r="6" t="25" w="129" /><ent r="6" t="25" w="436" /><ent r="6" t="25" w="436" /><ent r="3" t="25" w="661" /><ent r="3" t="25" w="661" /><ent r="4" t="25" w="864" /><ent r="4" t="25" w="864" /><ent r="3" t="48" w="426" /><ent r="3" t="48" w="574" /><ent r="3" t="48" w="574" /><ent r="64" t="48" w="581" /><ent r="64" t="48" w="581" /><ent r="64" t="48" w="585" /><ent r="64" t="48" w="585" /><ent r="4" t="49" w="138" /><ent r="4" t="49" w="208" /><ent r="4" t="49" w="592" /><ent r="4" t="49" w="592" /><ent r="6" t="50" w="383" /><ent r="6" t="50" w="383" /><ent r="7" t="50" w="401" /><ent r="7" t="50" w="401" /><ent r="6" t="50" w="495" /><ent r="6" t="50" w="495" /><ent r="6" t="50" w="497" /><ent r="6" t="50" w="497" /><ent r="6" t="51" w="390" /><ent r="6" t="51" w="390" /><ent r="6" t="51" w="515" /><ent r="6" t="51" w="515" /><ent r="6" t="51" w="517" /><ent r="6" t="51" w="517" /><ent r="7" t="51" w="559" /><ent r="7" t="51" w="559" /><ent r="4" t="51" w="981" /><ent r="4" t="51" w="981" /><ent r="4" t="51" w="1001" /><ent r="4" t="51" w="1001" /><ent r="4" t="51" w="1112" /><ent r="4" t="51" w="1112" /><ent r="4" t="51" w="1179" /><ent r="4" t="51" w="1179" /><ent r="100" t="53" w="11" /><ent r="100" t="53" w="11" /><ent r="100" t="53" w="16" /><ent r="100" t="53" w="16" /><ent r="100" t="53" w="21" /><ent r="100" t="53" w="21" /><ent r="100" t="53" w="26" /><ent r="100" t="53" w="26" /><ent r="3" t="53" w="285" /><ent r="3" t="53" w="285" /><ent r="100" t="54" w="9" /><ent r="100" t="54" w="9" /><ent r="100" t="54" w="16" /><ent r="100" t="54" w="16" /><ent r="100" t="54" w="23" /><ent r="100" t="54" w="23" /><ent r="100" t="54" w="69" /><ent r="100" t="54" w="69" /><ent r="3" t="54" w="78" /><ent r="3" t="54" w="78" /><ent r="3" t="54" w="113" /><ent r="3" t="54" w="113" /><ent r="3" t="54" w="125" /><ent r="3" t="54" w="125" /><ent r="4" t="54" w="162" /><ent r="4" t="54" w="162" /><ent r="3" t="54" w="269" /><ent r="3" t="54" w="269" /><ent r="3" t="54" w="299" /><ent r="3" t="54" w="299" /><ent r="3" t="54" w="313" /><ent r="3" t="54" w="313" /><ent r="4" t="55" w="131" /><ent r="4" t="55" w="131" /><ent r="3" t="55" w="293" /><ent r="3" t="55" w="293" /><ent r="4" t="55" w="1464" /><ent r="4" t="55" w="1464" /><ent r="5" t="55" w="1482" /><ent r="5" t="55" w="1482" /><ent r="4" t="55" w="1578" /><ent r="4" t="55" w="1578" /><ent r="4" t="55" w="1599" /><ent r="4" t="55" w="1599" /><ent r="3" t="55" w="1665" /><ent r="3" t="55" w="1665" /><ent r="5" t="58" w="138" /><ent r="5" t="58" w="138" /><ent r="7" t="58" w="293" /><ent r="7" t="58" w="293" /><ent r="7" t="58" w="297" /><ent r="7" t="58" w="297" /><ent r="7" t="58" w="315" /><ent r="7" t="58" w="315" /><ent r="7" t="58" w="349" /><ent r="7" t="58" w="349" /></phr><phr n="WS-Federation"><ent r="4" t="19" w="172" /><ent r="4" t="19" w="172" /><ent r="65" t="19" w="190" /><ent r="1000" t="21" w="6" /><ent r="100" t="21" w="9" /><ent r="100" t="21" w="9" /><ent r="100" t="21" w="23" /><ent r="100" t="21" w="23" /><ent r="102" t="21" w="46" /><ent r="3" t="21" w="56" /><ent r="3" t="21" w="56" /><ent r="64" t="21" w="71" /><ent r="64" t="21" w="71" /><ent r="3" t="21" w="96" /><ent r="3" t="21" w="96" /><ent r="5" t="21" w="140" /><ent r="5" t="21" w="140" /><ent r="5" t="21" w="274" /><ent r="5" t="21" w="274" /><ent r="6" t="21" w="290" /><ent r="6" t="21" w="290" /><ent r="3" t="21" w="457" /><ent r="3" t="21" w="457" /><ent r="5" t="21" w="479" /><ent r="5" t="21" w="479" /><ent r="64" t="23" w="205" /><ent r="1000" t="25" w="2" /><ent r="1000" t="25" w="2" /><ent r="100" t="25" w="8" /><ent r="100" t="25" w="8" /><ent r="100" t="25" w="14" /><ent r="100" t="25" w="14" /><ent r="100" t="25" w="22" /><ent r="100" t="25" w="22" /><ent r="102" t="25" w="28" /><ent r="102" t="25" w="28" /><ent r="3" t="25" w="43" /><ent r="3" t="25" w="43" /><ent r="5" t="25" w="77" /><ent r="5" t="25" w="77" /><ent r="5" t="25" w="111" /><ent r="5" t="25" w="111" /><ent r="6" t="25" w="136" /><ent r="6" t="25" w="136" /><ent r="5" t="25" w="247" /><ent r="5" t="25" w="247" /><ent r="5" t="25" w="253" /><ent r="5" t="25" w="253" /><ent r="6" t="25" w="288" /><ent r="6" t="25" w="288" /><ent r="6" t="25" w="298" /><ent r="6" t="25" w="298" /><ent r="6" t="25" w="365" /><ent r="6" t="25" w="365" /><ent r="6" t="25" w="385" /><ent r="6" t="25" w="385" /><ent r="6" t="25" w="443" /><ent r="6" t="25" w="443" /><ent r="6" t="25" w="451" /><ent r="6" t="25" w="451" /><ent r="6" t="25" w="466" /><ent r="6" t="25" w="466" /><ent r="6" t="25" w="588" /><ent r="6" t="25" w="588" /><ent r="64" t="25" w="609" /><ent r="64" t="25" w="609" /><ent r="64" t="25" w="617" /><ent r="64" t="25" w="617" /><ent r="64" t="25" w="635" /><ent r="64" t="25" w="635" /><ent r="100" t="25" w="642" /><ent r="100" t="25" w="642" /><ent r="82" t="25" w="652" /><ent r="82" t="25" w="652" /><ent r="3" t="25" w="678" /><ent r="3" t="25" w="678" /><ent r="64" t="25" w="695" /><ent r="100" t="25" w="700" /><ent r="100" t="25" w="700" /><ent r="82" t="25" w="709" /><ent r="82" t="25" w="709" /><ent r="100" t="25" w="772" /><ent r="100" t="25" w="772" /><ent r="5" t="25" w="834" /><ent r="5" t="25" w="834" /><ent r="100" t="25" w="870" /><ent r="100" t="25" w="870" /><ent r="82" t="25" w="880" /><ent r="82" t="25" w="880" /><ent r="3" t="25" w="888" /><ent r="3" t="25" w="888" /><ent r="5" t="49" w="333" /><ent r="5" t="49" w="333" /></phr><phr n="Federation"><ent r="4" t="19" w="173" /><ent r="65" t="19" w="191" /><ent r="1000" t="21" w="7" /><ent r="100" t="21" w="10" /><ent r="100" t="21" w="24" /><ent r="102" t="21" w="47" /><ent r="3" t="21" w="57" /><ent r="64" t="21" w="72" /><ent r="3" t="21" w="97" /><ent r="5" t="21" w="141" /><ent r="5" t="21" w="275" /><ent r="6" t="21" w="291" /><ent r="3" t="21" w="458" /><ent r="5" t="21" w="480" /><ent r="64" t="23" w="206" /><ent r="1000" t="25" w="3" /><ent r="100" t="25" w="9" /><ent r="100" t="25" w="15" /><ent r="100" t="25" w="23" /><ent r="102" t="25" w="29" /><ent r="3" t="25" w="44" /><ent r="5" t="25" w="78" /><ent r="5" t="25" w="112" /><ent r="6" t="25" w="137" /><ent r="5" t="25" w="248" /><ent r="5" t="25" w="254" /><ent r="6" t="25" w="289" /><ent r="6" t="25" w="299" /><ent r="6" t="25" w="366" /><ent r="6" t="25" w="386" /><ent r="6" t="25" w="444" /><ent r="6" t="25" w="452" /><ent r="6" t="25" w="467" /><ent r="6" t="25" w="589" /><ent r="64" t="25" w="610" /><ent r="64" t="25" w="618" /><ent r="64" t="25" w="636" /><ent r="100" t="25" w="643" /><ent r="82" t="25" w="653" /><ent r="3" t="25" w="679" /><ent r="64" t="25" w="696" /><ent r="100" t="25" w="701" /><ent r="82" t="25" w="710" /><ent r="100" t="25" w="773" /><ent r="5" t="25" w="835" /><ent r="100" t="25" w="871" /><ent r="82" t="25" w="881" /><ent r="3" t="25" w="889" /><ent r="5" t="49" w="334" /><ent r="5" t="49" w="341" /><ent r="5" t="49" w="341" /></phr><phr n="federatedmachinename"><ent r="8" t="59" w="202" /></phr></stem></index>