<?xml version="1.0" encoding="utf-8"?><index><stem n="quire"><phr n="required"><ent r="3" t="3" w="118" /><ent r="3" t="3" w="118" /><ent r="3" t="3" w="323" /><ent r="3" t="3" w="323" /><ent r="3" t="3" w="333" /><ent r="3" t="5" w="64" /><ent r="3" t="5" w="64" /><ent r="4" t="6" w="170" /><ent r="3" t="7" w="105" /><ent r="3" t="7" w="105" /><ent r="3" t="10" w="293" /><ent r="3" t="10" w="293" /><ent r="5" t="12" w="129" /><ent r="5" t="12" w="129" /><ent r="5" t="12" w="150" /><ent r="5" t="12" w="150" /><ent r="3" t="18" w="2442" /><ent r="3" t="18" w="2457" /><ent r="3" t="18" w="2457" /><ent r="3" t="20" w="896" /><ent r="3" t="20" w="911" /><ent r="3" t="20" w="911" /><ent r="3" t="21" w="1097" /><ent r="3" t="21" w="1112" /><ent r="3" t="21" w="1112" /><ent r="6" t="22" w="279" /><ent r="6" t="22" w="279" /><ent r="3" t="22" w="487" /><ent r="3" t="22" w="487" /><ent r="3" t="22" w="1151" /><ent r="3" t="22" w="1166" /><ent r="3" t="22" w="1166" /><ent r="4" t="29" w="877" /><ent r="4" t="29" w="877" /><ent r="4" t="29" w="948" /><ent r="4" t="29" w="948" /><ent r="4" t="29" w="1030" /><ent r="4" t="29" w="1104" /><ent r="4" t="29" w="1104" /><ent r="3" t="29" w="1139" /><ent r="3" t="29" w="1139" /><ent r="4" t="29" w="1170" /><ent r="4" t="29" w="1206" /><ent r="4" t="29" w="1233" /><ent r="4" t="29" w="1233" /><ent r="3" t="37" w="234" /><ent r="3" t="37" w="234" /><ent r="3" t="37" w="431" /><ent r="3" t="37" w="431" /><ent r="4" t="38" w="143" /><ent r="4" t="38" w="143" /><ent r="3" t="41" w="60" /><ent r="3" t="41" w="60" /><ent r="3" t="42" w="512" /><ent r="6" t="45" w="336" /><ent r="6" t="45" w="336" /><ent r="3" t="48" w="507" /><ent r="3" t="48" w="507" /><ent r="3" t="49" w="79" /><ent r="3" t="49" w="79" /><ent r="6" t="50" w="504" /><ent r="4" t="51" w="133" /><ent r="4" t="51" w="133" /><ent r="6" t="51" w="524" /><ent r="3" t="52" w="106" /><ent r="3" t="52" w="106" /><ent r="3" t="53" w="210" /><ent r="3" t="53" w="210" /><ent r="3" t="53" w="359" /><ent r="3" t="53" w="359" /><ent r="3" t="54" w="283" /><ent r="3" t="54" w="283" /><ent r="3" t="55" w="93" /><ent r="3" t="55" w="93" /><ent r="4" t="55" w="1607" /><ent r="3" t="55" w="1677" /><ent r="3" t="55" w="1759" /><ent r="3" t="55" w="1759" /><ent r="3" t="56" w="271" /><ent r="3" t="56" w="271" /><ent r="3" t="67" w="599" /><ent r="3" t="67" w="599" /><ent r="3" t="67" w="637" /><ent r="3" t="67" w="637" /></phr><phr n="require"><ent r="3" t="5" w="156" /><ent r="3" t="5" w="156" /><ent r="5" t="7" w="411" /><ent r="5" t="7" w="411" /><ent r="3" t="10" w="304" /><ent r="3" t="10" w="304" /><ent r="7" t="18" w="525" /><ent r="7" t="18" w="525" /><ent r="7" t="18" w="597" /><ent r="7" t="18" w="597" /><ent r="6" t="22" w="310" /><ent r="6" t="22" w="310" /><ent r="6" t="25" w="351" /><ent r="6" t="25" w="351" /><ent r="7" t="27" w="249" /><ent r="7" t="27" w="249" /><ent r="7" t="27" w="322" /><ent r="7" t="27" w="322" /><ent r="8" t="29" w="512" /><ent r="8" t="29" w="512" /><ent r="3" t="42" w="850" /><ent r="3" t="42" w="850" /><ent r="3" t="55" w="271" /><ent r="3" t="55" w="271" /><ent r="8" t="55" w="707" /><ent r="8" t="55" w="707" /><ent r="8" t="55" w="858" /><ent r="8" t="55" w="858" /><ent r="8" t="55" w="883" /><ent r="8" t="55" w="883" /><ent r="8" t="55" w="968" /><ent r="8" t="55" w="968" /><ent r="8" t="55" w="1291" /><ent r="8" t="55" w="1291" /><ent r="8" t="55" w="1316" /><ent r="8" t="55" w="1316" /><ent r="3" t="69" w="221" /><ent r="3" t="69" w="221" /></phr><phr n="requires"><ent r="3" t="7" w="159" /><ent r="3" t="7" w="159" /><ent r="3" t="7" w="250" /><ent r="3" t="7" w="250" /><ent r="4" t="7" w="292" /><ent r="4" t="7" w="292" /><ent r="3" t="9" w="215" /><ent r="3" t="9" w="215" /><ent r="5" t="25" w="89" /><ent r="5" t="25" w="89" /><ent r="5" t="25" w="117" /><ent r="5" t="25" w="117" /><ent r="5" t="25" w="277" /><ent r="5" t="25" w="277" /><ent r="5" t="25" w="424" /><ent r="5" t="25" w="424" /><ent r="3" t="26" w="97" /><ent r="3" t="26" w="97" /><ent r="3" t="32" w="158" /><ent r="3" t="32" w="158" /><ent r="3" t="42" w="1700" /><ent r="3" t="42" w="1700" /><ent r="7" t="43" w="212" /><ent r="7" t="43" w="212" /><ent r="7" t="43" w="375" /><ent r="7" t="43" w="422" /><ent r="7" t="43" w="422" /><ent r="3" t="47" w="244" /><ent r="3" t="47" w="244" /><ent r="3" t="48" w="46" /><ent r="3" t="48" w="46" /><ent r="8" t="55" w="735" /><ent r="8" t="55" w="735" /></phr><phr n="acquire"><ent r="4" t="16" w="187" /><ent r="4" t="16" w="187" /><ent r="5" t="25" w="105" /><ent r="5" t="25" w="105" /><ent r="3" t="25" w="672" /><ent r="3" t="25" w="672" /></phr><phr n="requirements"><ent r="6" t="18" w="935" /><ent r="6" t="18" w="935" /><ent r="6" t="27" w="689" /><ent r="6" t="27" w="689" /><ent r="3" t="28" w="91" /><ent r="3" t="28" w="91" /><ent r="3" t="28" w="278" /><ent r="3" t="28" w="278" /><ent r="3" t="29" w="32" /><ent r="3" t="29" w="32" /><ent r="4" t="29" w="70" /><ent r="4" t="29" w="70" /><ent r="3" t="29" w="184" /><ent r="3" t="29" w="184" /><ent r="3" t="29" w="806" /><ent r="3" t="29" w="806" /><ent r="3" t="29" w="1125" /><ent r="3" t="29" w="1125" /><ent r="4" t="29" w="1195" /><ent r="4" t="29" w="1195" /><ent r="3" t="32" w="248" /><ent r="3" t="32" w="248" /><ent r="3" t="33" w="152" /><ent r="3" t="33" w="152" /><ent r="3" t="37" w="142" /><ent r="3" t="37" w="142" /><ent r="3" t="37" w="196" /><ent r="3" t="37" w="196" /><ent r="3" t="37" w="263" /><ent r="3" t="37" w="263" /><ent r="3" t="37" w="316" /><ent r="3" t="37" w="316" /><ent r="3" t="37" w="399" /><ent r="3" t="37" w="399" /><ent r="3" t="37" w="481" /><ent r="3" t="37" w="481" /><ent r="4" t="38" w="64" /><ent r="4" t="38" w="64" /><ent r="4" t="38" w="142" /><ent r="4" t="38" w="142" /><ent r="4" t="38" w="188" /><ent r="4" t="38" w="188" /><ent r="3" t="40" w="988" /><ent r="3" t="40" w="988" /><ent r="3" t="40" w="1160" /><ent r="3" t="40" w="1160" /><ent r="3" t="41" w="29" /><ent r="3" t="41" w="29" /><ent r="3" t="41" w="188" /><ent r="3" t="41" w="188" /><ent r="3" t="42" w="65" /><ent r="3" t="42" w="65" /><ent r="3" t="42" w="104" /><ent r="3" t="42" w="104" /><ent r="3" t="42" w="207" /><ent r="3" t="42" w="207" /><ent r="3" t="48" w="110" /><ent r="3" t="48" w="110" /><ent r="100" t="49" w="7" /><ent r="100" t="49" w="7" /><ent r="6" t="50" w="136" /><ent r="6" t="50" w="136" /><ent r="6" t="51" w="168" /><ent r="6" t="51" w="168" /><ent r="3" t="67" w="394" /><ent r="3" t="67" w="394" /><ent r="3" t="67" w="450" /><ent r="3" t="67" w="450" /><ent r="3" t="67" w="460" /><ent r="3" t="67" w="460" /><ent r="4" t="67" w="752" /><ent r="4" t="67" w="752" /><ent r="4" t="67" w="911" /><ent r="4" t="67" w="911" /><ent r="4" t="67" w="973" /><ent r="4" t="67" w="973" /><ent r="4" t="67" w="996" /></phr><phr n="acquired"><ent r="7" t="18" w="1171" /><ent r="7" t="18" w="1298" /><ent r="7" t="27" w="928" /></phr><phr n="Requires"><ent r="6" t="18" w="1752" /><ent r="6" t="18" w="1752" /><ent r="6" t="20" w="312" /><ent r="6" t="20" w="312" /><ent r="6" t="21" w="511" /><ent r="6" t="21" w="511" /><ent r="6" t="22" w="564" /><ent r="6" t="22" w="564" /></phr><phr n="Require"><ent r="6" t="25" w="164" /><ent r="6" t="25" w="164" /><ent r="5" t="25" w="182" /><ent r="5" t="25" w="182" /><ent r="6" t="25" w="521" /><ent r="6" t="25" w="521" /><ent r="5" t="25" w="540" /><ent r="5" t="25" w="540" /><ent r="4" t="47" w="135" /><ent r="4" t="47" w="135" /><ent r="4" t="47" w="469" /><ent r="4" t="47" w="469" /><ent r="4" t="47" w="525" /><ent r="4" t="47" w="525" /><ent r="4" t="47" w="556" /><ent r="4" t="47" w="556" /><ent r="4" t="47" w="734" /><ent r="4" t="47" w="734" /><ent r="3" t="53" w="336" /><ent r="3" t="53" w="336" /><ent r="4" t="55" w="117" /><ent r="4" t="55" w="117" /><ent r="3" t="55" w="287" /><ent r="3" t="55" w="287" /><ent r="4" t="55" w="345" /><ent r="4" t="55" w="345" /><ent r="9" t="55" w="851" /><ent r="9" t="55" w="851" /><ent r="9" t="55" w="870" /><ent r="9" t="55" w="870" /><ent r="9" t="55" w="1284" /><ent r="9" t="55" w="1284" /><ent r="9" t="55" w="1303" /><ent r="9" t="55" w="1303" /></phr><phr n="Requirement"><ent r="5" t="29" w="872" /><ent r="5" t="29" w="872" /><ent r="5" t="29" w="1167" /><ent r="5" t="29" w="1167" /><ent r="5" t="29" w="1227" /><ent r="5" t="29" w="1227" /></phr><phr n="requirement"><ent r="4" t="29" w="1093" /><ent r="3" t="67" w="496" /><ent r="3" t="67" w="496" /><ent r="4" t="67" w="835" /><ent r="4" t="67" w="835" /><ent r="4" t="67" w="844" /><ent r="4" t="67" w="844" /><ent r="4" t="67" w="928" /><ent r="4" t="67" w="928" /><ent r="4" t="67" w="950" /><ent r="4" t="67" w="950" /></phr><phr n="Requirements"><ent r="1000" t="49" w="3" /><ent r="1000" t="49" w="3" /><ent r="100" t="49" w="9" /><ent r="100" t="49" w="9" /><ent r="102" t="49" w="13" /><ent r="102" t="49" w="13" /><ent r="82" t="49" w="98" /><ent r="82" t="49" w="98" /><ent r="82" t="49" w="258" /><ent r="82" t="49" w="258" /><ent r="82" t="49" w="503" /><ent r="82" t="49" w="503" /><ent r="67" t="50" w="146" /><ent r="67" t="50" w="146" /><ent r="67" t="51" w="178" /><ent r="67" t="51" w="178" /></phr></stem><stem n="uired"><phr n="required"><ent r="3" t="3" w="118" /><ent r="3" t="3" w="118" /><ent r="3" t="3" w="323" /><ent r="3" t="3" w="323" /><ent r="3" t="3" w="333" /><ent r="3" t="5" w="64" /><ent r="3" t="5" w="64" /><ent r="4" t="6" w="170" /><ent r="3" t="7" w="105" /><ent r="3" t="7" w="105" /><ent r="3" t="10" w="293" /><ent r="3" t="10" w="293" /><ent r="5" t="12" w="129" /><ent r="5" t="12" w="129" /><ent r="5" t="12" w="150" /><ent r="5" t="12" w="150" /><ent r="3" t="18" w="2442" /><ent r="3" t="18" w="2457" /><ent r="3" t="18" w="2457" /><ent r="3" t="20" w="896" /><ent r="3" t="20" w="911" /><ent r="3" t="20" w="911" /><ent r="3" t="21" w="1097" /><ent r="3" t="21" w="1112" /><ent r="3" t="21" w="1112" /><ent r="6" t="22" w="279" /><ent r="6" t="22" w="279" /><ent r="3" t="22" w="487" /><ent r="3" t="22" w="487" /><ent r="3" t="22" w="1151" /><ent r="3" t="22" w="1166" /><ent r="3" t="22" w="1166" /><ent r="4" t="29" w="877" /><ent r="4" t="29" w="877" /><ent r="4" t="29" w="948" /><ent r="4" t="29" w="948" /><ent r="4" t="29" w="1030" /><ent r="4" t="29" w="1104" /><ent r="4" t="29" w="1104" /><ent r="3" t="29" w="1139" /><ent r="3" t="29" w="1139" /><ent r="4" t="29" w="1170" /><ent r="4" t="29" w="1206" /><ent r="4" t="29" w="1233" /><ent r="4" t="29" w="1233" /><ent r="3" t="37" w="234" /><ent r="3" t="37" w="234" /><ent r="3" t="37" w="431" /><ent r="3" t="37" w="431" /><ent r="4" t="38" w="143" /><ent r="4" t="38" w="143" /><ent r="3" t="41" w="60" /><ent r="3" t="41" w="60" /><ent r="3" t="42" w="512" /><ent r="6" t="45" w="336" /><ent r="6" t="45" w="336" /><ent r="3" t="48" w="507" /><ent r="3" t="48" w="507" /><ent r="3" t="49" w="79" /><ent r="3" t="49" w="79" /><ent r="6" t="50" w="504" /><ent r="4" t="51" w="133" /><ent r="4" t="51" w="133" /><ent r="6" t="51" w="524" /><ent r="3" t="52" w="106" /><ent r="3" t="52" w="106" /><ent r="3" t="53" w="210" /><ent r="3" t="53" w="210" /><ent r="3" t="53" w="359" /><ent r="3" t="53" w="359" /><ent r="3" t="54" w="283" /><ent r="3" t="54" w="283" /><ent r="3" t="55" w="93" /><ent r="3" t="55" w="93" /><ent r="4" t="55" w="1607" /><ent r="3" t="55" w="1677" /><ent r="3" t="55" w="1759" /><ent r="3" t="55" w="1759" /><ent r="3" t="56" w="271" /><ent r="3" t="56" w="271" /><ent r="3" t="67" w="599" /><ent r="3" t="67" w="599" /><ent r="3" t="67" w="637" /><ent r="3" t="67" w="637" /></phr><phr n="acquired"><ent r="7" t="18" w="1171" /><ent r="7" t="18" w="1298" /><ent r="7" t="27" w="928" /></phr></stem><stem n="equire"><phr n="required"><ent r="3" t="3" w="118" /><ent r="3" t="3" w="118" /><ent r="3" t="3" w="323" /><ent r="3" t="3" w="323" /><ent r="3" t="3" w="333" /><ent r="3" t="5" w="64" /><ent r="3" t="5" w="64" /><ent r="4" t="6" w="170" /><ent r="3" t="7" w="105" /><ent r="3" t="7" w="105" /><ent r="3" t="10" w="293" /><ent r="3" t="10" w="293" /><ent r="5" t="12" w="129" /><ent r="5" t="12" w="129" /><ent r="5" t="12" w="150" /><ent r="5" t="12" w="150" /><ent r="3" t="18" w="2442" /><ent r="3" t="18" w="2457" /><ent r="3" t="18" w="2457" /><ent r="3" t="20" w="896" /><ent r="3" t="20" w="911" /><ent r="3" t="20" w="911" /><ent r="3" t="21" w="1097" /><ent r="3" t="21" w="1112" /><ent r="3" t="21" w="1112" /><ent r="6" t="22" w="279" /><ent r="6" t="22" w="279" /><ent r="3" t="22" w="487" /><ent r="3" t="22" w="487" /><ent r="3" t="22" w="1151" /><ent r="3" t="22" w="1166" /><ent r="3" t="22" w="1166" /><ent r="4" t="29" w="877" /><ent r="4" t="29" w="877" /><ent r="4" t="29" w="948" /><ent r="4" t="29" w="948" /><ent r="4" t="29" w="1030" /><ent r="4" t="29" w="1104" /><ent r="4" t="29" w="1104" /><ent r="3" t="29" w="1139" /><ent r="3" t="29" w="1139" /><ent r="4" t="29" w="1170" /><ent r="4" t="29" w="1206" /><ent r="4" t="29" w="1233" /><ent r="4" t="29" w="1233" /><ent r="3" t="37" w="234" /><ent r="3" t="37" w="234" /><ent r="3" t="37" w="431" /><ent r="3" t="37" w="431" /><ent r="4" t="38" w="143" /><ent r="4" t="38" w="143" /><ent r="3" t="41" w="60" /><ent r="3" t="41" w="60" /><ent r="3" t="42" w="512" /><ent r="6" t="45" w="336" /><ent r="6" t="45" w="336" /><ent r="3" t="48" w="507" /><ent r="3" t="48" w="507" /><ent r="3" t="49" w="79" /><ent r="3" t="49" w="79" /><ent r="6" t="50" w="504" /><ent r="4" t="51" w="133" /><ent r="4" t="51" w="133" /><ent r="6" t="51" w="524" /><ent r="3" t="52" w="106" /><ent r="3" t="52" w="106" /><ent r="3" t="53" w="210" /><ent r="3" t="53" w="210" /><ent r="3" t="53" w="359" /><ent r="3" t="53" w="359" /><ent r="3" t="54" w="283" /><ent r="3" t="54" w="283" /><ent r="3" t="55" w="93" /><ent r="3" t="55" w="93" /><ent r="4" t="55" w="1607" /><ent r="3" t="55" w="1677" /><ent r="3" t="55" w="1759" /><ent r="3" t="55" w="1759" /><ent r="3" t="56" w="271" /><ent r="3" t="56" w="271" /><ent r="3" t="67" w="599" /><ent r="3" t="67" w="599" /><ent r="3" t="67" w="637" /><ent r="3" t="67" w="637" /></phr><phr n="require"><ent r="3" t="5" w="156" /><ent r="3" t="5" w="156" /><ent r="5" t="7" w="411" /><ent r="5" t="7" w="411" /><ent r="3" t="10" w="304" /><ent r="3" t="10" w="304" /><ent r="7" t="18" w="525" /><ent r="7" t="18" w="525" /><ent r="7" t="18" w="597" /><ent r="7" t="18" w="597" /><ent r="6" t="22" w="310" /><ent r="6" t="22" w="310" /><ent r="6" t="25" w="351" /><ent r="6" t="25" w="351" /><ent r="7" t="27" w="249" /><ent r="7" t="27" w="249" /><ent r="7" t="27" w="322" /><ent r="7" t="27" w="322" /><ent r="8" t="29" w="512" /><ent r="8" t="29" w="512" /><ent r="3" t="42" w="850" /><ent r="3" t="42" w="850" /><ent r="3" t="55" w="271" /><ent r="3" t="55" w="271" /><ent r="8" t="55" w="707" /><ent r="8" t="55" w="707" /><ent r="8" t="55" w="858" /><ent r="8" t="55" w="858" /><ent r="8" t="55" w="883" /><ent r="8" t="55" w="883" /><ent r="8" t="55" w="968" /><ent r="8" t="55" w="968" /><ent r="8" t="55" w="1291" /><ent r="8" t="55" w="1291" /><ent r="8" t="55" w="1316" /><ent r="8" t="55" w="1316" /><ent r="3" t="69" w="221" /><ent r="3" t="69" w="221" /></phr><phr n="requires"><ent r="3" t="7" w="159" /><ent r="3" t="7" w="159" /><ent r="3" t="7" w="250" /><ent r="3" t="7" w="250" /><ent r="4" t="7" w="292" /><ent r="4" t="7" w="292" /><ent r="3" t="9" w="215" /><ent r="3" t="9" w="215" /><ent r="5" t="25" w="89" /><ent r="5" t="25" w="89" /><ent r="5" t="25" w="117" /><ent r="5" t="25" w="117" /><ent r="5" t="25" w="277" /><ent r="5" t="25" w="277" /><ent r="5" t="25" w="424" /><ent r="5" t="25" w="424" /><ent r="3" t="26" w="97" /><ent r="3" t="26" w="97" /><ent r="3" t="32" w="158" /><ent r="3" t="32" w="158" /><ent r="3" t="42" w="1700" /><ent r="3" t="42" w="1700" /><ent r="7" t="43" w="212" /><ent r="7" t="43" w="212" /><ent r="7" t="43" w="375" /><ent r="7" t="43" w="422" /><ent r="7" t="43" w="422" /><ent r="3" t="47" w="244" /><ent r="3" t="47" w="244" /><ent r="3" t="48" w="46" /><ent r="3" t="48" w="46" /><ent r="8" t="55" w="735" /><ent r="8" t="55" w="735" /></phr><phr n="requirements"><ent r="6" t="18" w="935" /><ent r="6" t="18" w="935" /><ent r="6" t="27" w="689" /><ent r="6" t="27" w="689" /><ent r="3" t="28" w="91" /><ent r="3" t="28" w="91" /><ent r="3" t="28" w="278" /><ent r="3" t="28" w="278" /><ent r="3" t="29" w="32" /><ent r="3" t="29" w="32" /><ent r="4" t="29" w="70" /><ent r="4" t="29" w="70" /><ent r="3" t="29" w="184" /><ent r="3" t="29" w="184" /><ent r="3" t="29" w="806" /><ent r="3" t="29" w="806" /><ent r="3" t="29" w="1125" /><ent r="3" t="29" w="1125" /><ent r="4" t="29" w="1195" /><ent r="4" t="29" w="1195" /><ent r="3" t="32" w="248" /><ent r="3" t="32" w="248" /><ent r="3" t="33" w="152" /><ent r="3" t="33" w="152" /><ent r="3" t="37" w="142" /><ent r="3" t="37" w="142" /><ent r="3" t="37" w="196" /><ent r="3" t="37" w="196" /><ent r="3" t="37" w="263" /><ent r="3" t="37" w="263" /><ent r="3" t="37" w="316" /><ent r="3" t="37" w="316" /><ent r="3" t="37" w="399" /><ent r="3" t="37" w="399" /><ent r="3" t="37" w="481" /><ent r="3" t="37" w="481" /><ent r="4" t="38" w="64" /><ent r="4" t="38" w="64" /><ent r="4" t="38" w="142" /><ent r="4" t="38" w="142" /><ent r="4" t="38" w="188" /><ent r="4" t="38" w="188" /><ent r="3" t="40" w="988" /><ent r="3" t="40" w="988" /><ent r="3" t="40" w="1160" /><ent r="3" t="40" w="1160" /><ent r="3" t="41" w="29" /><ent r="3" t="41" w="29" /><ent r="3" t="41" w="188" /><ent r="3" t="41" w="188" /><ent r="3" t="42" w="65" /><ent r="3" t="42" w="65" /><ent r="3" t="42" w="104" /><ent r="3" t="42" w="104" /><ent r="3" t="42" w="207" /><ent r="3" t="42" w="207" /><ent r="3" t="48" w="110" /><ent r="3" t="48" w="110" /><ent r="100" t="49" w="7" /><ent r="100" t="49" w="7" /><ent r="6" t="50" w="136" /><ent r="6" t="50" w="136" /><ent r="6" t="51" w="168" /><ent r="6" t="51" w="168" /><ent r="3" t="67" w="394" /><ent r="3" t="67" w="394" /><ent r="3" t="67" w="450" /><ent r="3" t="67" w="450" /><ent r="3" t="67" w="460" /><ent r="3" t="67" w="460" /><ent r="4" t="67" w="752" /><ent r="4" t="67" w="752" /><ent r="4" t="67" w="911" /><ent r="4" t="67" w="911" /><ent r="4" t="67" w="973" /><ent r="4" t="67" w="973" /><ent r="4" t="67" w="996" /></phr><phr n="Requires"><ent r="6" t="18" w="1752" /><ent r="6" t="18" w="1752" /><ent r="6" t="20" w="312" /><ent r="6" t="20" w="312" /><ent r="6" t="21" w="511" /><ent r="6" t="21" w="511" /><ent r="6" t="22" w="564" /><ent r="6" t="22" w="564" /></phr><phr n="Require"><ent r="6" t="25" w="164" /><ent r="6" t="25" w="164" /><ent r="5" t="25" w="182" /><ent r="5" t="25" w="182" /><ent r="6" t="25" w="521" /><ent r="6" t="25" w="521" /><ent r="5" t="25" w="540" /><ent r="5" t="25" w="540" /><ent r="4" t="47" w="135" /><ent r="4" t="47" w="135" /><ent r="4" t="47" w="469" /><ent r="4" t="47" w="469" /><ent r="4" t="47" w="525" /><ent r="4" t="47" w="525" /><ent r="4" t="47" w="556" /><ent r="4" t="47" w="556" /><ent r="4" t="47" w="734" /><ent r="4" t="47" w="734" /><ent r="3" t="53" w="336" /><ent r="3" t="53" w="336" /><ent r="4" t="55" w="117" /><ent r="4" t="55" w="117" /><ent r="3" t="55" w="287" /><ent r="3" t="55" w="287" /><ent r="4" t="55" w="345" /><ent r="4" t="55" w="345" /><ent r="9" t="55" w="851" /><ent r="9" t="55" w="851" /><ent r="9" t="55" w="870" /><ent r="9" t="55" w="870" /><ent r="9" t="55" w="1284" /><ent r="9" t="55" w="1284" /><ent r="9" t="55" w="1303" /><ent r="9" t="55" w="1303" /></phr><phr n="Requirement"><ent r="5" t="29" w="872" /><ent r="5" t="29" w="872" /><ent r="5" t="29" w="1167" /><ent r="5" t="29" w="1167" /><ent r="5" t="29" w="1227" /><ent r="5" t="29" w="1227" /></phr><phr n="requirement"><ent r="4" t="29" w="1093" /><ent r="3" t="67" w="496" /><ent r="3" t="67" w="496" /><ent r="4" t="67" w="835" /><ent r="4" t="67" w="835" /><ent r="4" t="67" w="844" /><ent r="4" t="67" w="844" /><ent r="4" t="67" w="928" /><ent r="4" t="67" w="928" /><ent r="4" t="67" w="950" /><ent r="4" t="67" w="950" /></phr><phr n="Requirements"><ent r="1000" t="49" w="3" /><ent r="1000" t="49" w="3" /><ent r="100" t="49" w="9" /><ent r="100" t="49" w="9" /><ent r="102" t="49" w="13" /><ent r="102" t="49" w="13" /><ent r="82" t="49" w="98" /><ent r="82" t="49" w="98" /><ent r="82" t="49" w="258" /><ent r="82" t="49" w="258" /><ent r="82" t="49" w="503" /><ent r="82" t="49" w="503" /><ent r="67" t="50" w="146" /><ent r="67" t="50" w="146" /><ent r="67" t="51" w="178" /><ent r="67" t="51" w="178" /></phr></stem><stem n="quired"><phr n="required"><ent r="3" t="3" w="118" /><ent r="3" t="3" w="118" /><ent r="3" t="3" w="323" /><ent r="3" t="3" w="323" /><ent r="3" t="3" w="333" /><ent r="3" t="5" w="64" /><ent r="3" t="5" w="64" /><ent r="4" t="6" w="170" /><ent r="3" t="7" w="105" /><ent r="3" t="7" w="105" /><ent r="3" t="10" w="293" /><ent r="3" t="10" w="293" /><ent r="5" t="12" w="129" /><ent r="5" t="12" w="129" /><ent r="5" t="12" w="150" /><ent r="5" t="12" w="150" /><ent r="3" t="18" w="2442" /><ent r="3" t="18" w="2457" /><ent r="3" t="18" w="2457" /><ent r="3" t="20" w="896" /><ent r="3" t="20" w="911" /><ent r="3" t="20" w="911" /><ent r="3" t="21" w="1097" /><ent r="3" t="21" w="1112" /><ent r="3" t="21" w="1112" /><ent r="6" t="22" w="279" /><ent r="6" t="22" w="279" /><ent r="3" t="22" w="487" /><ent r="3" t="22" w="487" /><ent r="3" t="22" w="1151" /><ent r="3" t="22" w="1166" /><ent r="3" t="22" w="1166" /><ent r="4" t="29" w="877" /><ent r="4" t="29" w="877" /><ent r="4" t="29" w="948" /><ent r="4" t="29" w="948" /><ent r="4" t="29" w="1030" /><ent r="4" t="29" w="1104" /><ent r="4" t="29" w="1104" /><ent r="3" t="29" w="1139" /><ent r="3" t="29" w="1139" /><ent r="4" t="29" w="1170" /><ent r="4" t="29" w="1206" /><ent r="4" t="29" w="1233" /><ent r="4" t="29" w="1233" /><ent r="3" t="37" w="234" /><ent r="3" t="37" w="234" /><ent r="3" t="37" w="431" /><ent r="3" t="37" w="431" /><ent r="4" t="38" w="143" /><ent r="4" t="38" w="143" /><ent r="3" t="41" w="60" /><ent r="3" t="41" w="60" /><ent r="3" t="42" w="512" /><ent r="6" t="45" w="336" /><ent r="6" t="45" w="336" /><ent r="3" t="48" w="507" /><ent r="3" t="48" w="507" /><ent r="3" t="49" w="79" /><ent r="3" t="49" w="79" /><ent r="6" t="50" w="504" /><ent r="4" t="51" w="133" /><ent r="4" t="51" w="133" /><ent r="6" t="51" w="524" /><ent r="3" t="52" w="106" /><ent r="3" t="52" w="106" /><ent r="3" t="53" w="210" /><ent r="3" t="53" w="210" /><ent r="3" t="53" w="359" /><ent r="3" t="53" w="359" /><ent r="3" t="54" w="283" /><ent r="3" t="54" w="283" /><ent r="3" t="55" w="93" /><ent r="3" t="55" w="93" /><ent r="4" t="55" w="1607" /><ent r="3" t="55" w="1677" /><ent r="3" t="55" w="1759" /><ent r="3" t="55" w="1759" /><ent r="3" t="56" w="271" /><ent r="3" t="56" w="271" /><ent r="3" t="67" w="599" /><ent r="3" t="67" w="599" /><ent r="3" t="67" w="637" /><ent r="3" t="67" w="637" /></phr><phr n="acquired"><ent r="7" t="18" w="1171" /><ent r="7" t="18" w="1298" /><ent r="7" t="27" w="928" /></phr></stem><stem n="require"><phr n="required"><ent r="3" t="3" w="118" /><ent r="3" t="3" w="118" /><ent r="3" t="3" w="323" /><ent r="3" t="3" w="323" /><ent r="3" t="3" w="333" /><ent r="3" t="5" w="64" /><ent r="3" t="5" w="64" /><ent r="4" t="6" w="170" /><ent r="3" t="7" w="105" /><ent r="3" t="7" w="105" /><ent r="3" t="10" w="293" /><ent r="3" t="10" w="293" /><ent r="5" t="12" w="129" /><ent r="5" t="12" w="129" /><ent r="5" t="12" w="150" /><ent r="5" t="12" w="150" /><ent r="3" t="18" w="2442" /><ent r="3" t="18" w="2457" /><ent r="3" t="18" w="2457" /><ent r="3" t="20" w="896" /><ent r="3" t="20" w="911" /><ent r="3" t="20" w="911" /><ent r="3" t="21" w="1097" /><ent r="3" t="21" w="1112" /><ent r="3" t="21" w="1112" /><ent r="6" t="22" w="279" /><ent r="6" t="22" w="279" /><ent r="3" t="22" w="487" /><ent r="3" t="22" w="487" /><ent r="3" t="22" w="1151" /><ent r="3" t="22" w="1166" /><ent r="3" t="22" w="1166" /><ent r="4" t="29" w="877" /><ent r="4" t="29" w="877" /><ent r="4" t="29" w="948" /><ent r="4" t="29" w="948" /><ent r="4" t="29" w="1030" /><ent r="4" t="29" w="1104" /><ent r="4" t="29" w="1104" /><ent r="3" t="29" w="1139" /><ent r="3" t="29" w="1139" /><ent r="4" t="29" w="1170" /><ent r="4" t="29" w="1206" /><ent r="4" t="29" w="1233" /><ent r="4" t="29" w="1233" /><ent r="3" t="37" w="234" /><ent r="3" t="37" w="234" /><ent r="3" t="37" w="431" /><ent r="3" t="37" w="431" /><ent r="4" t="38" w="143" /><ent r="4" t="38" w="143" /><ent r="3" t="41" w="60" /><ent r="3" t="41" w="60" /><ent r="3" t="42" w="512" /><ent r="6" t="45" w="336" /><ent r="6" t="45" w="336" /><ent r="3" t="48" w="507" /><ent r="3" t="48" w="507" /><ent r="3" t="49" w="79" /><ent r="3" t="49" w="79" /><ent r="6" t="50" w="504" /><ent r="4" t="51" w="133" /><ent r="4" t="51" w="133" /><ent r="6" t="51" w="524" /><ent r="3" t="52" w="106" /><ent r="3" t="52" w="106" /><ent r="3" t="53" w="210" /><ent r="3" t="53" w="210" /><ent r="3" t="53" w="359" /><ent r="3" t="53" w="359" /><ent r="3" t="54" w="283" /><ent r="3" t="54" w="283" /><ent r="3" t="55" w="93" /><ent r="3" t="55" w="93" /><ent r="4" t="55" w="1607" /><ent r="3" t="55" w="1677" /><ent r="3" t="55" w="1759" /><ent r="3" t="55" w="1759" /><ent r="3" t="56" w="271" /><ent r="3" t="56" w="271" /><ent r="3" t="67" w="599" /><ent r="3" t="67" w="599" /><ent r="3" t="67" w="637" /><ent r="3" t="67" w="637" /></phr><phr n="require"><ent r="3" t="5" w="156" /><ent r="3" t="5" w="156" /><ent r="5" t="7" w="411" /><ent r="5" t="7" w="411" /><ent r="3" t="10" w="304" /><ent r="3" t="10" w="304" /><ent r="7" t="18" w="525" /><ent r="7" t="18" w="525" /><ent r="7" t="18" w="597" /><ent r="7" t="18" w="597" /><ent r="6" t="22" w="310" /><ent r="6" t="22" w="310" /><ent r="6" t="25" w="351" /><ent r="6" t="25" w="351" /><ent r="7" t="27" w="249" /><ent r="7" t="27" w="249" /><ent r="7" t="27" w="322" /><ent r="7" t="27" w="322" /><ent r="8" t="29" w="512" /><ent r="8" t="29" w="512" /><ent r="3" t="42" w="850" /><ent r="3" t="42" w="850" /><ent r="3" t="55" w="271" /><ent r="3" t="55" w="271" /><ent r="8" t="55" w="707" /><ent r="8" t="55" w="707" /><ent r="8" t="55" w="858" /><ent r="8" t="55" w="858" /><ent r="8" t="55" w="883" /><ent r="8" t="55" w="883" /><ent r="8" t="55" w="968" /><ent r="8" t="55" w="968" /><ent r="8" t="55" w="1291" /><ent r="8" t="55" w="1291" /><ent r="8" t="55" w="1316" /><ent r="8" t="55" w="1316" /><ent r="3" t="69" w="221" /><ent r="3" t="69" w="221" /></phr><phr n="requires"><ent r="3" t="7" w="159" /><ent r="3" t="7" w="159" /><ent r="3" t="7" w="250" /><ent r="3" t="7" w="250" /><ent r="4" t="7" w="292" /><ent r="4" t="7" w="292" /><ent r="3" t="9" w="215" /><ent r="3" t="9" w="215" /><ent r="5" t="25" w="89" /><ent r="5" t="25" w="89" /><ent r="5" t="25" w="117" /><ent r="5" t="25" w="117" /><ent r="5" t="25" w="277" /><ent r="5" t="25" w="277" /><ent r="5" t="25" w="424" /><ent r="5" t="25" w="424" /><ent r="3" t="26" w="97" /><ent r="3" t="26" w="97" /><ent r="3" t="32" w="158" /><ent r="3" t="32" w="158" /><ent r="3" t="42" w="1700" /><ent r="3" t="42" w="1700" /><ent r="7" t="43" w="212" /><ent r="7" t="43" w="212" /><ent r="7" t="43" w="375" /><ent r="7" t="43" w="422" /><ent r="7" t="43" w="422" /><ent r="3" t="47" w="244" /><ent r="3" t="47" w="244" /><ent r="3" t="48" w="46" /><ent r="3" t="48" w="46" /><ent r="8" t="55" w="735" /><ent r="8" t="55" w="735" /></phr><phr n="requirements"><ent r="6" t="18" w="935" /><ent r="6" t="18" w="935" /><ent r="6" t="27" w="689" /><ent r="6" t="27" w="689" /><ent r="3" t="28" w="91" /><ent r="3" t="28" w="91" /><ent r="3" t="28" w="278" /><ent r="3" t="28" w="278" /><ent r="3" t="29" w="32" /><ent r="3" t="29" w="32" /><ent r="4" t="29" w="70" /><ent r="4" t="29" w="70" /><ent r="3" t="29" w="184" /><ent r="3" t="29" w="184" /><ent r="3" t="29" w="806" /><ent r="3" t="29" w="806" /><ent r="3" t="29" w="1125" /><ent r="3" t="29" w="1125" /><ent r="4" t="29" w="1195" /><ent r="4" t="29" w="1195" /><ent r="3" t="32" w="248" /><ent r="3" t="32" w="248" /><ent r="3" t="33" w="152" /><ent r="3" t="33" w="152" /><ent r="3" t="37" w="142" /><ent r="3" t="37" w="142" /><ent r="3" t="37" w="196" /><ent r="3" t="37" w="196" /><ent r="3" t="37" w="263" /><ent r="3" t="37" w="263" /><ent r="3" t="37" w="316" /><ent r="3" t="37" w="316" /><ent r="3" t="37" w="399" /><ent r="3" t="37" w="399" /><ent r="3" t="37" w="481" /><ent r="3" t="37" w="481" /><ent r="4" t="38" w="64" /><ent r="4" t="38" w="64" /><ent r="4" t="38" w="142" /><ent r="4" t="38" w="142" /><ent r="4" t="38" w="188" /><ent r="4" t="38" w="188" /><ent r="3" t="40" w="988" /><ent r="3" t="40" w="988" /><ent r="3" t="40" w="1160" /><ent r="3" t="40" w="1160" /><ent r="3" t="41" w="29" /><ent r="3" t="41" w="29" /><ent r="3" t="41" w="188" /><ent r="3" t="41" w="188" /><ent r="3" t="42" w="65" /><ent r="3" t="42" w="65" /><ent r="3" t="42" w="104" /><ent r="3" t="42" w="104" /><ent r="3" t="42" w="207" /><ent r="3" t="42" w="207" /><ent r="3" t="48" w="110" /><ent r="3" t="48" w="110" /><ent r="100" t="49" w="7" /><ent r="100" t="49" w="7" /><ent r="6" t="50" w="136" /><ent r="6" t="50" w="136" /><ent r="6" t="51" w="168" /><ent r="6" t="51" w="168" /><ent r="3" t="67" w="394" /><ent r="3" t="67" w="394" /><ent r="3" t="67" w="450" /><ent r="3" t="67" w="450" /><ent r="3" t="67" w="460" /><ent r="3" t="67" w="460" /><ent r="4" t="67" w="752" /><ent r="4" t="67" w="752" /><ent r="4" t="67" w="911" /><ent r="4" t="67" w="911" /><ent r="4" t="67" w="973" /><ent r="4" t="67" w="973" /><ent r="4" t="67" w="996" /></phr><phr n="Requires"><ent r="6" t="18" w="1752" /><ent r="6" t="18" w="1752" /><ent r="6" t="20" w="312" /><ent r="6" t="20" w="312" /><ent r="6" t="21" w="511" /><ent r="6" t="21" w="511" /><ent r="6" t="22" w="564" /><ent r="6" t="22" w="564" /></phr><phr n="Require"><ent r="6" t="25" w="164" /><ent r="6" t="25" w="164" /><ent r="5" t="25" w="182" /><ent r="5" t="25" w="182" /><ent r="6" t="25" w="521" /><ent r="6" t="25" w="521" /><ent r="5" t="25" w="540" /><ent r="5" t="25" w="540" /><ent r="4" t="47" w="135" /><ent r="4" t="47" w="135" /><ent r="4" t="47" w="469" /><ent r="4" t="47" w="469" /><ent r="4" t="47" w="525" /><ent r="4" t="47" w="525" /><ent r="4" t="47" w="556" /><ent r="4" t="47" w="556" /><ent r="4" t="47" w="734" /><ent r="4" t="47" w="734" /><ent r="3" t="53" w="336" /><ent r="3" t="53" w="336" /><ent r="4" t="55" w="117" /><ent r="4" t="55" w="117" /><ent r="3" t="55" w="287" /><ent r="3" t="55" w="287" /><ent r="4" t="55" w="345" /><ent r="4" t="55" w="345" /><ent r="9" t="55" w="851" /><ent r="9" t="55" w="851" /><ent r="9" t="55" w="870" /><ent r="9" t="55" w="870" /><ent r="9" t="55" w="1284" /><ent r="9" t="55" w="1284" /><ent r="9" t="55" w="1303" /><ent r="9" t="55" w="1303" /></phr><phr n="Requirement"><ent r="5" t="29" w="872" /><ent r="5" t="29" w="872" /><ent r="5" t="29" w="1167" /><ent r="5" t="29" w="1167" /><ent r="5" t="29" w="1227" /><ent r="5" t="29" w="1227" /></phr><phr n="requirement"><ent r="4" t="29" w="1093" /><ent r="3" t="67" w="496" /><ent r="3" t="67" w="496" /><ent r="4" t="67" w="835" /><ent r="4" t="67" w="835" /><ent r="4" t="67" w="844" /><ent r="4" t="67" w="844" /><ent r="4" t="67" w="928" /><ent r="4" t="67" w="928" /><ent r="4" t="67" w="950" /><ent r="4" t="67" w="950" /></phr><phr n="Requirements"><ent r="1000" t="49" w="3" /><ent r="1000" t="49" w="3" /><ent r="100" t="49" w="9" /><ent r="100" t="49" w="9" /><ent r="102" t="49" w="13" /><ent r="102" t="49" w="13" /><ent r="82" t="49" w="98" /><ent r="82" t="49" w="98" /><ent r="82" t="49" w="258" /><ent r="82" t="49" w="258" /><ent r="82" t="49" w="503" /><ent r="82" t="49" w="503" /><ent r="67" t="50" w="146" /><ent r="67" t="50" w="146" /><ent r="67" t="51" w="178" /><ent r="67" t="51" w="178" /></phr></stem></index>