<?xml version="1.0" encoding="utf-8"?><index><stem n="ironm"><phr n="environments"><ent r="4" t="1" w="465" /><ent r="3" t="7" w="33" /><ent r="3" t="8" w="33" /><ent r="3" t="18" w="391" /><ent r="6" t="18" w="1099" /><ent r="6" t="27" w="856" /><ent r="3" t="47" w="235" /><ent r="3" t="47" w="235" /></phr></stem><stem n="ronme"><phr n="environments"><ent r="4" t="1" w="465" /><ent r="3" t="7" w="33" /><ent r="3" t="8" w="33" /><ent r="3" t="18" w="391" /><ent r="6" t="18" w="1099" /><ent r="6" t="27" w="856" /><ent r="3" t="47" w="235" /><ent r="3" t="47" w="235" /></phr></stem><stem n="enviro"><phr n="environments"><ent r="4" t="1" w="465" /><ent r="3" t="7" w="33" /><ent r="3" t="8" w="33" /><ent r="3" t="18" w="391" /><ent r="6" t="18" w="1099" /><ent r="6" t="27" w="856" /><ent r="3" t="47" w="235" /><ent r="3" t="47" w="235" /></phr></stem><stem n="nments"><phr n="environments"><ent r="4" t="1" w="465" /><ent r="3" t="7" w="33" /><ent r="3" t="8" w="33" /><ent r="3" t="18" w="391" /><ent r="6" t="18" w="1099" /><ent r="6" t="27" w="856" /><ent r="3" t="47" w="235" /><ent r="3" t="47" w="235" /></phr></stem><stem n="nviron"><phr n="environments"><ent r="4" t="1" w="465" /><ent r="3" t="7" w="33" /><ent r="3" t="8" w="33" /><ent r="3" t="18" w="391" /><ent r="6" t="18" w="1099" /><ent r="6" t="27" w="856" /><ent r="3" t="47" w="235" /><ent r="3" t="47" w="235" /></phr></stem><stem n="vironm"><phr n="environments"><ent r="4" t="1" w="465" /><ent r="3" t="7" w="33" /><ent r="3" t="8" w="33" /><ent r="3" t="18" w="391" /><ent r="6" t="18" w="1099" /><ent r="6" t="27" w="856" /><ent r="3" t="47" w="235" /><ent r="3" t="47" w="235" /></phr></stem><stem n="ironme"><phr n="environments"><ent r="4" t="1" w="465" /><ent r="3" t="7" w="33" /><ent r="3" t="8" w="33" /><ent r="3" t="18" w="391" /><ent r="6" t="18" w="1099" /><ent r="6" t="27" w="856" /><ent r="3" t="47" w="235" /><ent r="3" t="47" w="235" /></phr></stem><stem n="ronmen"><phr n="environments"><ent r="4" t="1" w="465" /><ent r="3" t="7" w="33" /><ent r="3" t="8" w="33" /><ent r="3" t="18" w="391" /><ent r="6" t="18" w="1099" /><ent r="6" t="27" w="856" /><ent r="3" t="47" w="235" /><ent r="3" t="47" w="235" /></phr></stem><stem n="onment"><phr n="environments"><ent r="4" t="1" w="465" /><ent r="3" t="7" w="33" /><ent r="3" t="8" w="33" /><ent r="3" t="18" w="391" /><ent r="6" t="18" w="1099" /><ent r="6" t="27" w="856" /><ent r="3" t="47" w="235" /><ent r="3" t="47" w="235" /></phr></stem><stem n="nvironm"><phr n="environments"><ent r="4" t="1" w="465" /><ent r="3" t="7" w="33" /><ent r="3" t="8" w="33" /><ent r="3" t="18" w="391" /><ent r="6" t="18" w="1099" /><ent r="6" t="27" w="856" /><ent r="3" t="47" w="235" /><ent r="3" t="47" w="235" /></phr></stem><stem n="vironme"><phr n="environments"><ent r="4" t="1" w="465" /><ent r="3" t="7" w="33" /><ent r="3" t="8" w="33" /><ent r="3" t="18" w="391" /><ent r="6" t="18" w="1099" /><ent r="6" t="27" w="856" /><ent r="3" t="47" w="235" /><ent r="3" t="47" w="235" /></phr></stem><stem n="ironmen"><phr n="environments"><ent r="4" t="1" w="465" /><ent r="3" t="7" w="33" /><ent r="3" t="8" w="33" /><ent r="3" t="18" w="391" /><ent r="6" t="18" w="1099" /><ent r="6" t="27" w="856" /><ent r="3" t="47" w="235" /><ent r="3" t="47" w="235" /></phr></stem><stem n="ronment"><phr n="environments"><ent r="4" t="1" w="465" /><ent r="3" t="7" w="33" /><ent r="3" t="8" w="33" /><ent r="3" t="18" w="391" /><ent r="6" t="18" w="1099" /><ent r="6" t="27" w="856" /><ent r="3" t="47" w="235" /><ent r="3" t="47" w="235" /></phr></stem><stem n="onments"><phr n="environments"><ent r="4" t="1" w="465" /><ent r="3" t="7" w="33" /><ent r="3" t="8" w="33" /><ent r="3" t="18" w="391" /><ent r="6" t="18" w="1099" /><ent r="6" t="27" w="856" /><ent r="3" t="47" w="235" /><ent r="3" t="47" w="235" /></phr></stem><stem n="environm"><phr n="environments"><ent r="4" t="1" w="465" /><ent r="3" t="7" w="33" /><ent r="3" t="8" w="33" /><ent r="3" t="18" w="391" /><ent r="6" t="18" w="1099" /><ent r="6" t="27" w="856" /><ent r="3" t="47" w="235" /><ent r="3" t="47" w="235" /></phr></stem><stem n="nvironme"><phr n="environments"><ent r="4" t="1" w="465" /><ent r="3" t="7" w="33" /><ent r="3" t="8" w="33" /><ent r="3" t="18" w="391" /><ent r="6" t="18" w="1099" /><ent r="6" t="27" w="856" /><ent r="3" t="47" w="235" /><ent r="3" t="47" w="235" /></phr></stem><stem n="vironmen"><phr n="environments"><ent r="4" t="1" w="465" /><ent r="3" t="7" w="33" /><ent r="3" t="8" w="33" /><ent r="3" t="18" w="391" /><ent r="6" t="18" w="1099" /><ent r="6" t="27" w="856" /><ent r="3" t="47" w="235" /><ent r="3" t="47" w="235" /></phr></stem><stem n="ironment"><phr n="environments"><ent r="4" t="1" w="465" /><ent r="3" t="7" w="33" /><ent r="3" t="8" w="33" /><ent r="3" t="18" w="391" /><ent r="6" t="18" w="1099" /><ent r="6" t="27" w="856" /><ent r="3" t="47" w="235" /><ent r="3" t="47" w="235" /></phr></stem><stem n="ronments"><phr n="environments"><ent r="4" t="1" w="465" /><ent r="3" t="7" w="33" /><ent r="3" t="8" w="33" /><ent r="3" t="18" w="391" /><ent r="6" t="18" w="1099" /><ent r="6" t="27" w="856" /><ent r="3" t="47" w="235" /><ent r="3" t="47" w="235" /></phr></stem><stem n="environme"><phr n="environments"><ent r="4" t="1" w="465" /><ent r="3" t="7" w="33" /><ent r="3" t="8" w="33" /><ent r="3" t="18" w="391" /><ent r="6" t="18" w="1099" /><ent r="6" t="27" w="856" /><ent r="3" t="47" w="235" /><ent r="3" t="47" w="235" /></phr></stem><stem n="nvironmen"><phr n="environments"><ent r="4" t="1" w="465" /><ent r="3" t="7" w="33" /><ent r="3" t="8" w="33" /><ent r="3" t="18" w="391" /><ent r="6" t="18" w="1099" /><ent r="6" t="27" w="856" /><ent r="3" t="47" w="235" /><ent r="3" t="47" w="235" /></phr></stem><stem n="vironment"><phr n="environments"><ent r="4" t="1" w="465" /><ent r="3" t="7" w="33" /><ent r="3" t="8" w="33" /><ent r="3" t="18" w="391" /><ent r="6" t="18" w="1099" /><ent r="6" t="27" w="856" /><ent r="3" t="47" w="235" /><ent r="3" t="47" w="235" /></phr></stem><stem n="ironments"><phr n="environments"><ent r="4" t="1" w="465" /><ent r="3" t="7" w="33" /><ent r="3" t="8" w="33" /><ent r="3" t="18" w="391" /><ent r="6" t="18" w="1099" /><ent r="6" t="27" w="856" /><ent r="3" t="47" w="235" /><ent r="3" t="47" w="235" /></phr></stem><stem n="environmen"><phr n="environments"><ent r="4" t="1" w="465" /><ent r="3" t="7" w="33" /><ent r="3" t="8" w="33" /><ent r="3" t="18" w="391" /><ent r="6" t="18" w="1099" /><ent r="6" t="27" w="856" /><ent r="3" t="47" w="235" /><ent r="3" t="47" w="235" /></phr></stem><stem n="nvironment"><phr n="environments"><ent r="4" t="1" w="465" /><ent r="3" t="7" w="33" /><ent r="3" t="8" w="33" /><ent r="3" t="18" w="391" /><ent r="6" t="18" w="1099" /><ent r="6" t="27" w="856" /><ent r="3" t="47" w="235" /><ent r="3" t="47" w="235" /></phr></stem><stem n="vironments"><phr n="environments"><ent r="4" t="1" w="465" /><ent r="3" t="7" w="33" /><ent r="3" t="8" w="33" /><ent r="3" t="18" w="391" /><ent r="6" t="18" w="1099" /><ent r="6" t="27" w="856" /><ent r="3" t="47" w="235" /><ent r="3" t="47" w="235" /></phr></stem><stem n="environment"><phr n="environments"><ent r="4" t="1" w="465" /><ent r="3" t="7" w="33" /><ent r="3" t="8" w="33" /><ent r="3" t="18" w="391" /><ent r="6" t="18" w="1099" /><ent r="6" t="27" w="856" /><ent r="3" t="47" w="235" /><ent r="3" t="47" w="235" /></phr></stem><stem n="nvironments"><phr n="environments"><ent r="4" t="1" w="465" /><ent r="3" t="7" w="33" /><ent r="3" t="8" w="33" /><ent r="3" t="18" w="391" /><ent r="6" t="18" w="1099" /><ent r="6" t="27" w="856" /><ent r="3" t="47" w="235" /><ent r="3" t="47" w="235" /></phr></stem><stem n="environments"><phr n="environments"><ent r="4" t="1" w="465" /><ent r="3" t="7" w="33" /><ent r="3" t="8" w="33" /><ent r="3" t="18" w="391" /><ent r="6" t="18" w="1099" /><ent r="6" t="27" w="856" /><ent r="3" t="47" w="235" /><ent r="3" t="47" w="235" /></phr></stem><stem n="soap"><phr n="SOAP"><ent r="4" t="1" w="469" /><ent r="4" t="1" w="469" /><ent r="4" t="16" w="338" /><ent r="4" t="16" w="338" /><ent r="6" t="23" w="736" /><ent r="6" t="23" w="736" /><ent r="7" t="23" w="757" /><ent r="7" t="23" w="757" /><ent r="7" t="23" w="770" /><ent r="7" t="23" w="770" /><ent r="7" t="29" w="324" /><ent r="7" t="29" w="324" /><ent r="7" t="29" w="335" /><ent r="7" t="29" w="335" /><ent r="7" t="29" w="354" /><ent r="5" t="32" w="398" /><ent r="5" t="32" w="398" /><ent r="5" t="32" w="422" /><ent r="3" t="32" w="459" /><ent r="3" t="32" w="459" /><ent r="3" t="32" w="465" /><ent r="9" t="33" w="281" /><ent r="9" t="33" w="281" /><ent r="9" t="33" w="341" /><ent r="9" t="33" w="341" /><ent r="3" t="37" w="63" /><ent r="3" t="37" w="63" /><ent r="3" t="37" w="618" /><ent r="3" t="37" w="618" /><ent r="3" t="40" w="590" /><ent r="3" t="40" w="590" /><ent r="3" t="40" w="669" /><ent r="3" t="40" w="669" /><ent r="3" t="40" w="675" /><ent r="3" t="40" w="675" /><ent r="3" t="40" w="682" /><ent r="3" t="40" w="694" /><ent r="3" t="40" w="694" /><ent r="64" t="40" w="707" /><ent r="4" t="40" w="930" /><ent r="100" t="40" w="1037" /><ent r="82" t="40" w="1042" /><ent r="3" t="40" w="1052" /><ent r="3" t="40" w="1058" /><ent r="3" t="40" w="1058" /><ent r="3" t="40" w="1061" /><ent r="3" t="40" w="1082" /><ent r="3" t="40" w="1082" /><ent r="3" t="40" w="1089" /><ent r="3" t="42" w="525" /><ent r="4" t="55" w="258" /><ent r="4" t="55" w="258" /><ent r="3" t="56" w="167" /><ent r="3" t="56" w="167" /><ent r="4" t="60" w="97" /><ent r="4" t="60" w="97" /></phr><phr n="xmlsoap"><ent r="6" t="23" w="718" /><ent r="3" t="40" w="634" /></phr><phr n="soap"><ent r="6" t="23" w="720" /><ent r="7" t="29" w="479" /><ent r="7" t="29" w="492" /><ent r="3" t="40" w="631" /><ent r="3" t="40" w="636" /><ent r="3" t="40" w="653" /><ent r="3" t="40" w="657" /></phr><phr n="soapActorNamespaced"><ent r="7" t="23" w="727" /><ent r="7" t="23" w="727" /></phr><phr n="soapenv"><ent r="6" t="23" w="762" /></phr><phr n="SOAPAction"><ent r="8" t="24" w="704" /><ent r="8" t="24" w="704" /><ent r="5" t="27" w="1647" /><ent r="5" t="27" w="1647" /><ent r="3" t="29" w="173" /><ent r="3" t="29" w="173" /><ent r="8" t="29" w="368" /><ent r="8" t="29" w="368" /><ent r="7" t="29" w="375" /><ent r="7" t="29" w="375" /><ent r="7" t="29" w="398" /><ent r="7" t="29" w="398" /><ent r="4" t="29" w="630" /><ent r="4" t="29" w="630" /><ent r="6" t="32" w="432" /><ent r="6" t="32" w="432" /><ent r="3" t="33" w="48" /><ent r="3" t="33" w="48" /><ent r="8" t="33" w="321" /><ent r="8" t="33" w="321" /><ent r="8" t="33" w="349" /><ent r="8" t="33" w="349" /><ent r="8" t="33" w="365" /><ent r="8" t="33" w="365" /><ent r="3" t="35" w="121" /><ent r="3" t="35" w="121" /><ent r="3" t="40" w="605" /><ent r="3" t="40" w="691" /><ent r="3" t="40" w="691" /><ent r="4" t="40" w="891" /><ent r="4" t="40" w="912" /><ent r="4" t="40" w="912" /><ent r="3" t="40" w="1067" /><ent r="3" t="40" w="1067" /><ent r="3" t="40" w="1102" /><ent r="3" t="40" w="1102" /></phr><phr n="non-SOAP"><ent r="7" t="29" w="353" /><ent r="7" t="29" w="353" /><ent r="5" t="32" w="421" /><ent r="5" t="32" w="421" /><ent r="3" t="32" w="464" /><ent r="3" t="32" w="464" /><ent r="3" t="40" w="681" /><ent r="3" t="40" w="681" /><ent r="4" t="40" w="929" /><ent r="3" t="40" w="1051" /><ent r="3" t="40" w="1051" /><ent r="3" t="40" w="1088" /><ent r="3" t="40" w="1088" /><ent r="3" t="42" w="524" /><ent r="3" t="42" w="524" /></phr><phr n="&lt;soap"><ent r="3" t="40" w="628" /><ent r="3" t="40" w="640" /></phr><phr n="Non-SOAP"><ent r="64" t="40" w="706" /><ent r="64" t="40" w="706" /><ent r="100" t="40" w="1036" /><ent r="100" t="40" w="1036" /><ent r="82" t="40" w="1041" /><ent r="82" t="40" w="1041" /><ent r="3" t="40" w="1060" /><ent r="3" t="40" w="1060" /></phr></stem><stem n="onlin"><phr n="Online"><ent r="100" t="2" w="19" /><ent r="100" t="2" w="19" /><ent r="3" t="2" w="294" /><ent r="3" t="2" w="294" /><ent r="5" t="2" w="308" /><ent r="5" t="2" w="308" /></phr><phr n="online"><ent r="3" t="2" w="23" /><ent r="3" t="2" w="23" /><ent r="3" t="2" w="75" /><ent r="3" t="2" w="75" /><ent r="3" t="2" w="115" /><ent r="3" t="2" w="115" /><ent r="3" t="2" w="205" /><ent r="3" t="2" w="205" /><ent r="6" t="4" w="328" /><ent r="6" t="4" w="328" /><ent r="8" t="55" w="1261" /><ent r="8" t="55" w="1261" /></phr></stem><stem n="onli"><phr n="Online"><ent r="100" t="2" w="19" /><ent r="100" t="2" w="19" /><ent r="3" t="2" w="294" /><ent r="3" t="2" w="294" /><ent r="5" t="2" w="308" /><ent r="5" t="2" w="308" /></phr><phr n="online"><ent r="3" t="2" w="23" /><ent r="3" t="2" w="23" /><ent r="3" t="2" w="75" /><ent r="3" t="2" w="75" /><ent r="3" t="2" w="115" /><ent r="3" t="2" w="115" /><ent r="3" t="2" w="205" /><ent r="3" t="2" w="205" /><ent r="6" t="4" w="328" /><ent r="6" t="4" w="328" /><ent r="8" t="55" w="1261" /><ent r="8" t="55" w="1261" /></phr></stem><stem n="nlin"><phr n="Online"><ent r="100" t="2" w="19" /><ent r="100" t="2" w="19" /><ent r="3" t="2" w="294" /><ent r="3" t="2" w="294" /><ent r="5" t="2" w="308" /><ent r="5" t="2" w="308" /></phr><phr n="online"><ent r="3" t="2" w="23" /><ent r="3" t="2" w="23" /><ent r="3" t="2" w="75" /><ent r="3" t="2" w="75" /><ent r="3" t="2" w="115" /><ent r="3" t="2" w="115" /><ent r="3" t="2" w="205" /><ent r="3" t="2" w="205" /><ent r="6" t="4" w="328" /><ent r="6" t="4" w="328" /><ent r="8" t="55" w="1261" /><ent r="8" t="55" w="1261" /></phr></stem><stem n="nline"><phr n="Online"><ent r="100" t="2" w="19" /><ent r="100" t="2" w="19" /><ent r="3" t="2" w="294" /><ent r="3" t="2" w="294" /><ent r="5" t="2" w="308" /><ent r="5" t="2" w="308" /></phr><phr n="online"><ent r="3" t="2" w="23" /><ent r="3" t="2" w="23" /><ent r="3" t="2" w="75" /><ent r="3" t="2" w="75" /><ent r="3" t="2" w="115" /><ent r="3" t="2" w="115" /><ent r="3" t="2" w="205" /><ent r="3" t="2" w="205" /><ent r="6" t="4" w="328" /><ent r="6" t="4" w="328" /><ent r="8" t="55" w="1261" /><ent r="8" t="55" w="1261" /></phr></stem><stem n="online"><phr n="Online"><ent r="100" t="2" w="19" /><ent r="100" t="2" w="19" /><ent r="3" t="2" w="294" /><ent r="3" t="2" w="294" /><ent r="5" t="2" w="308" /><ent r="5" t="2" w="308" /></phr><phr n="online"><ent r="3" t="2" w="23" /><ent r="3" t="2" w="23" /><ent r="3" t="2" w="75" /><ent r="3" t="2" w="75" /><ent r="3" t="2" w="115" /><ent r="3" t="2" w="115" /><ent r="3" t="2" w="205" /><ent r="3" t="2" w="205" /><ent r="6" t="4" w="328" /><ent r="6" t="4" w="328" /><ent r="8" t="55" w="1261" /><ent r="8" t="55" w="1261" /></phr></stem><stem n="comprehens"><phr n="comprehensive"><ent r="3" t="2" w="35" /><ent r="3" t="2" w="35" /></phr></stem><stem n="rehe"><phr n="comprehensive"><ent r="3" t="2" w="35" /><ent r="3" t="2" w="35" /></phr></stem><stem n="ompr"><phr n="comprehensive"><ent r="3" t="2" w="35" /><ent r="3" t="2" w="35" /></phr><phr n="compress"><ent r="100" t="18" w="2045" /><ent r="100" t="18" w="2045" /><ent r="6" t="18" w="2087" /><ent r="6" t="18" w="2087" /><ent r="100" t="39" w="16" /><ent r="100" t="39" w="16" /><ent r="3" t="39" w="29" /><ent r="3" t="39" w="29" /></phr><phr n="Compression"><ent r="100" t="18" w="2047" /><ent r="100" t="18" w="2047" /><ent r="1000" t="39" w="2" /><ent r="1000" t="39" w="2" /><ent r="100" t="39" w="5" /><ent r="100" t="39" w="5" /><ent r="100" t="39" w="13" /><ent r="100" t="39" w="13" /><ent r="102" t="39" w="19" /><ent r="102" t="39" w="19" /><ent r="82" t="39" w="109" /><ent r="82" t="39" w="109" /></phr><phr n="Compress"><ent r="7" t="18" w="2049" /><ent r="7" t="18" w="2049" /><ent r="7" t="18" w="2109" /><ent r="7" t="18" w="2109" /><ent r="7" t="18" w="2119" /><ent r="7" t="18" w="2119" /><ent r="4" t="39" w="131" /><ent r="4" t="39" w="131" /></phr><phr n="compressed"><ent r="6" t="18" w="2073" /><ent r="6" t="18" w="2073" /><ent r="6" t="18" w="2104" /><ent r="6" t="18" w="2104" /><ent r="3" t="39" w="87" /><ent r="65" t="45" w="124" /><ent r="65" t="45" w="124" /><ent r="4" t="45" w="153" /><ent r="4" t="45" w="153" /></phr><phr n="compression"><ent r="100" t="39" w="8" /><ent r="100" t="39" w="8" /><ent r="100" t="39" w="11" /><ent r="100" t="39" w="11" /><ent r="3" t="39" w="112" /><ent r="3" t="39" w="112" /></phr><phr n="Compressing"><ent r="3" t="39" w="39" /><ent r="3" t="39" w="39" /></phr><phr n="Compressed"><ent r="3" t="39" w="52" /><ent r="3" t="39" w="52" /></phr><phr n="decompress"><ent r="3" t="39" w="74" /><ent r="3" t="39" w="74" /><ent r="3" t="39" w="96" /><ent r="3" t="39" w="96" /></phr><phr n="uncompressed"><ent r="4" t="45" w="129" /><ent r="4" t="45" w="129" /></phr></stem><stem n="ehen"><phr n="comprehensive"><ent r="3" t="2" w="35" /><ent r="3" t="2" w="35" /></phr></stem><stem n="mpre"><phr n="comprehensive"><ent r="3" t="2" w="35" /><ent r="3" t="2" w="35" /></phr><phr n="compress"><ent r="100" t="18" w="2045" /><ent r="100" t="18" w="2045" /><ent r="6" t="18" w="2087" /><ent r="6" t="18" w="2087" /><ent r="100" t="39" w="16" /><ent r="100" t="39" w="16" /><ent r="3" t="39" w="29" /><ent r="3" t="39" w="29" /></phr><phr n="Compression"><ent r="100" t="18" w="2047" /><ent r="100" t="18" w="2047" /><ent r="1000" t="39" w="2" /><ent r="1000" t="39" w="2" /><ent r="100" t="39" w="5" /><ent r="100" t="39" w="5" /><ent r="100" t="39" w="13" /><ent r="100" t="39" w="13" /><ent r="102" t="39" w="19" /><ent r="102" t="39" w="19" /><ent r="82" t="39" w="109" /><ent r="82" t="39" w="109" /></phr><phr n="Compress"><ent r="7" t="18" w="2049" /><ent r="7" t="18" w="2049" /><ent r="7" t="18" w="2109" /><ent r="7" t="18" w="2109" /><ent r="7" t="18" w="2119" /><ent r="7" t="18" w="2119" /><ent r="4" t="39" w="131" /><ent r="4" t="39" w="131" /></phr><phr n="compressed"><ent r="6" t="18" w="2073" /><ent r="6" t="18" w="2073" /><ent r="6" t="18" w="2104" /><ent r="6" t="18" w="2104" /><ent r="3" t="39" w="87" /><ent r="65" t="45" w="124" /><ent r="65" t="45" w="124" /><ent r="4" t="45" w="153" /><ent r="4" t="45" w="153" /></phr><phr n="compression"><ent r="100" t="39" w="8" /><ent r="100" t="39" w="8" /><ent r="100" t="39" w="11" /><ent r="100" t="39" w="11" /><ent r="3" t="39" w="112" /><ent r="3" t="39" w="112" /></phr><phr n="Compressing"><ent r="3" t="39" w="39" /><ent r="3" t="39" w="39" /></phr><phr n="Compressed"><ent r="3" t="39" w="52" /><ent r="3" t="39" w="52" /></phr><phr n="decompress"><ent r="3" t="39" w="74" /><ent r="3" t="39" w="74" /><ent r="3" t="39" w="96" /><ent r="3" t="39" w="96" /></phr><phr n="uncompressed"><ent r="4" t="45" w="129" /><ent r="4" t="45" w="129" /></phr></stem><stem n="hens"><phr n="comprehensive"><ent r="3" t="2" w="35" /><ent r="3" t="2" w="35" /></phr><phr n="hyphens"><ent r="3" t="18" w="340" /></phr></stem><stem n="preh"><phr n="comprehensive"><ent r="3" t="2" w="35" /><ent r="3" t="2" w="35" /></phr></stem><stem n="compr"><phr n="comprehensive"><ent r="3" t="2" w="35" /><ent r="3" t="2" w="35" /></phr><phr n="compress"><ent r="100" t="18" w="2045" /><ent r="100" t="18" w="2045" /><ent r="6" t="18" w="2087" /><ent r="6" t="18" w="2087" /><ent r="100" t="39" w="16" /><ent r="100" t="39" w="16" /><ent r="3" t="39" w="29" /><ent r="3" t="39" w="29" /></phr><phr n="Compression"><ent r="100" t="18" w="2047" /><ent r="100" t="18" w="2047" /><ent r="1000" t="39" w="2" /><ent r="1000" t="39" w="2" /><ent r="100" t="39" w="5" /><ent r="100" t="39" w="5" /><ent r="100" t="39" w="13" /><ent r="100" t="39" w="13" /><ent r="102" t="39" w="19" /><ent r="102" t="39" w="19" /><ent r="82" t="39" w="109" /><ent r="82" t="39" w="109" /></phr><phr n="Compress"><ent r="7" t="18" w="2049" /><ent r="7" t="18" w="2049" /><ent r="7" t="18" w="2109" /><ent r="7" t="18" w="2109" /><ent r="7" t="18" w="2119" /><ent r="7" t="18" w="2119" /><ent r="4" t="39" w="131" /><ent r="4" t="39" w="131" /></phr><phr n="compressed"><ent r="6" t="18" w="2073" /><ent r="6" t="18" w="2073" /><ent r="6" t="18" w="2104" /><ent r="6" t="18" w="2104" /><ent r="3" t="39" w="87" /><ent r="65" t="45" w="124" /><ent r="65" t="45" w="124" /><ent r="4" t="45" w="153" /><ent r="4" t="45" w="153" /></phr><phr n="compression"><ent r="100" t="39" w="8" /><ent r="100" t="39" w="8" /><ent r="100" t="39" w="11" /><ent r="100" t="39" w="11" /><ent r="3" t="39" w="112" /><ent r="3" t="39" w="112" /></phr><phr n="Compressing"><ent r="3" t="39" w="39" /><ent r="3" t="39" w="39" /></phr><phr n="Compressed"><ent r="3" t="39" w="52" /><ent r="3" t="39" w="52" /></phr><phr n="decompress"><ent r="3" t="39" w="74" /><ent r="3" t="39" w="74" /><ent r="3" t="39" w="96" /><ent r="3" t="39" w="96" /></phr><phr n="uncompressed"><ent r="4" t="45" w="129" /><ent r="4" t="45" w="129" /></phr></stem><stem n="ehens"><phr n="comprehensive"><ent r="3" t="2" w="35" /><ent r="3" t="2" w="35" /></phr></stem><stem n="ompre"><phr n="comprehensive"><ent r="3" t="2" w="35" /><ent r="3" t="2" w="35" /></phr><phr n="compress"><ent r="100" t="18" w="2045" /><ent r="100" t="18" w="2045" /><ent r="6" t="18" w="2087" /><ent r="6" t="18" w="2087" /><ent r="100" t="39" w="16" /><ent r="100" t="39" w="16" /><ent r="3" t="39" w="29" /><ent r="3" t="39" w="29" /></phr><phr n="Compression"><ent r="100" t="18" w="2047" /><ent r="100" t="18" w="2047" /><ent r="1000" t="39" w="2" /><ent r="1000" t="39" w="2" /><ent r="100" t="39" w="5" /><ent r="100" t="39" w="5" /><ent r="100" t="39" w="13" /><ent r="100" t="39" w="13" /><ent r="102" t="39" w="19" /><ent r="102" t="39" w="19" /><ent r="82" t="39" w="109" /><ent r="82" t="39" w="109" /></phr><phr n="Compress"><ent r="7" t="18" w="2049" /><ent r="7" t="18" w="2049" /><ent r="7" t="18" w="2109" /><ent r="7" t="18" w="2109" /><ent r="7" t="18" w="2119" /><ent r="7" t="18" w="2119" /><ent r="4" t="39" w="131" /><ent r="4" t="39" w="131" /></phr><phr n="compressed"><ent r="6" t="18" w="2073" /><ent r="6" t="18" w="2073" /><ent r="6" t="18" w="2104" /><ent r="6" t="18" w="2104" /><ent r="3" t="39" w="87" /><ent r="65" t="45" w="124" /><ent r="65" t="45" w="124" /><ent r="4" t="45" w="153" /><ent r="4" t="45" w="153" /></phr><phr n="compression"><ent r="100" t="39" w="8" /><ent r="100" t="39" w="8" /><ent r="100" t="39" w="11" /><ent r="100" t="39" w="11" /><ent r="3" t="39" w="112" /><ent r="3" t="39" w="112" /></phr><phr n="Compressing"><ent r="3" t="39" w="39" /><ent r="3" t="39" w="39" /></phr><phr n="Compressed"><ent r="3" t="39" w="52" /><ent r="3" t="39" w="52" /></phr><phr n="decompress"><ent r="3" t="39" w="74" /><ent r="3" t="39" w="74" /><ent r="3" t="39" w="96" /><ent r="3" t="39" w="96" /></phr><phr n="uncompressed"><ent r="4" t="45" w="129" /><ent r="4" t="45" w="129" /></phr></stem><stem n="hensi"><phr n="comprehensive"><ent r="3" t="2" w="35" /><ent r="3" t="2" w="35" /></phr></stem><stem n="mpreh"><phr n="comprehensive"><ent r="3" t="2" w="35" /><ent r="3" t="2" w="35" /></phr></stem><stem n="prehe"><phr n="comprehensive"><ent r="3" t="2" w="35" /><ent r="3" t="2" w="35" /></phr></stem><stem n="rehen"><phr n="comprehensive"><ent r="3" t="2" w="35" /><ent r="3" t="2" w="35" /></phr></stem><stem n="compre"><phr n="comprehensive"><ent r="3" t="2" w="35" /><ent r="3" t="2" w="35" /></phr><phr n="compress"><ent r="100" t="18" w="2045" /><ent r="100" t="18" w="2045" /><ent r="6" t="18" w="2087" /><ent r="6" t="18" w="2087" /><ent r="100" t="39" w="16" /><ent r="100" t="39" w="16" /><ent r="3" t="39" w="29" /><ent r="3" t="39" w="29" /></phr><phr n="Compression"><ent r="100" t="18" w="2047" /><ent r="100" t="18" w="2047" /><ent r="1000" t="39" w="2" /><ent r="1000" t="39" w="2" /><ent r="100" t="39" w="5" /><ent r="100" t="39" w="5" /><ent r="100" t="39" w="13" /><ent r="100" t="39" w="13" /><ent r="102" t="39" w="19" /><ent r="102" t="39" w="19" /><ent r="82" t="39" w="109" /><ent r="82" t="39" w="109" /></phr><phr n="Compress"><ent r="7" t="18" w="2049" /><ent r="7" t="18" w="2049" /><ent r="7" t="18" w="2109" /><ent r="7" t="18" w="2109" /><ent r="7" t="18" w="2119" /><ent r="7" t="18" w="2119" /><ent r="4" t="39" w="131" /><ent r="4" t="39" w="131" /></phr><phr n="compressed"><ent r="6" t="18" w="2073" /><ent r="6" t="18" w="2073" /><ent r="6" t="18" w="2104" /><ent r="6" t="18" w="2104" /><ent r="3" t="39" w="87" /><ent r="65" t="45" w="124" /><ent r="65" t="45" w="124" /><ent r="4" t="45" w="153" /><ent r="4" t="45" w="153" /></phr><phr n="compression"><ent r="100" t="39" w="8" /><ent r="100" t="39" w="8" /><ent r="100" t="39" w="11" /><ent r="100" t="39" w="11" /><ent r="3" t="39" w="112" /><ent r="3" t="39" w="112" /></phr><phr n="Compressing"><ent r="3" t="39" w="39" /><ent r="3" t="39" w="39" /></phr><phr n="Compressed"><ent r="3" t="39" w="52" /><ent r="3" t="39" w="52" /></phr><phr n="decompress"><ent r="3" t="39" w="74" /><ent r="3" t="39" w="74" /><ent r="3" t="39" w="96" /><ent r="3" t="39" w="96" /></phr><phr n="uncompressed"><ent r="4" t="45" w="129" /><ent r="4" t="45" w="129" /></phr></stem><stem n="hensiv"><phr n="comprehensive"><ent r="3" t="2" w="35" /><ent r="3" t="2" w="35" /></phr></stem><stem n="ompreh"><phr n="comprehensive"><ent r="3" t="2" w="35" /><ent r="3" t="2" w="35" /></phr></stem><stem n="mprehe"><phr n="comprehensive"><ent r="3" t="2" w="35" /><ent r="3" t="2" w="35" /></phr></stem><stem n="prehen"><phr n="comprehensive"><ent r="3" t="2" w="35" /><ent r="3" t="2" w="35" /></phr></stem><stem n="rehens"><phr n="comprehensive"><ent r="3" t="2" w="35" /><ent r="3" t="2" w="35" /></phr></stem><stem n="ehensi"><phr n="comprehensive"><ent r="3" t="2" w="35" /><ent r="3" t="2" w="35" /></phr></stem><stem n="compreh"><phr n="comprehensive"><ent r="3" t="2" w="35" /><ent r="3" t="2" w="35" /></phr></stem><stem n="omprehe"><phr n="comprehensive"><ent r="3" t="2" w="35" /><ent r="3" t="2" w="35" /></phr></stem><stem n="mprehen"><phr n="comprehensive"><ent r="3" t="2" w="35" /><ent r="3" t="2" w="35" /></phr></stem><stem n="prehens"><phr n="comprehensive"><ent r="3" t="2" w="35" /><ent r="3" t="2" w="35" /></phr></stem><stem n="rehensi"><phr n="comprehensive"><ent r="3" t="2" w="35" /><ent r="3" t="2" w="35" /></phr></stem><stem n="ehensiv"><phr n="comprehensive"><ent r="3" t="2" w="35" /><ent r="3" t="2" w="35" /></phr></stem><stem n="hensive"><phr n="comprehensive"><ent r="3" t="2" w="35" /><ent r="3" t="2" w="35" /></phr></stem><stem n="comprehe"><phr n="comprehensive"><ent r="3" t="2" w="35" /><ent r="3" t="2" w="35" /></phr></stem><stem n="omprehen"><phr n="comprehensive"><ent r="3" t="2" w="35" /><ent r="3" t="2" w="35" /></phr></stem><stem n="mprehens"><phr n="comprehensive"><ent r="3" t="2" w="35" /><ent r="3" t="2" w="35" /></phr></stem><stem n="prehensi"><phr n="comprehensive"><ent r="3" t="2" w="35" /><ent r="3" t="2" w="35" /></phr></stem><stem n="rehensiv"><phr n="comprehensive"><ent r="3" t="2" w="35" /><ent r="3" t="2" w="35" /></phr></stem><stem n="ehensive"><phr n="comprehensive"><ent r="3" t="2" w="35" /><ent r="3" t="2" w="35" /></phr></stem></index>