<?xml version="1.0" encoding="utf-8"?><index><stem n="routi"><phr n="Routing"><ent r="65" t="0" w="98" /><ent r="65" t="0" w="98" /><ent r="65" t="5" w="333" /><ent r="65" t="5" w="333" /><ent r="64" t="28" w="166" /><ent r="64" t="28" w="166" /><ent r="125" t="32" w="474" /><ent r="125" t="32" w="474" /><ent r="65" t="32" w="595" /><ent r="65" t="32" w="595" /><ent r="64" t="33" w="165" /><ent r="64" t="33" w="165" /><ent r="1000" t="37" w="3" /><ent r="1000" t="37" w="3" /><ent r="100" t="37" w="5" /><ent r="100" t="37" w="5" /><ent r="100" t="37" w="9" /><ent r="100" t="37" w="9" /><ent r="102" t="37" w="20" /><ent r="102" t="37" w="20" /><ent r="64" t="37" w="100" /><ent r="64" t="37" w="100" /><ent r="64" t="37" w="105" /><ent r="64" t="37" w="105" /><ent r="92" t="37" w="115" /><ent r="92" t="37" w="115" /><ent r="92" t="37" w="457" /><ent r="92" t="37" w="457" /><ent r="1000" t="38" w="3" /><ent r="1000" t="38" w="3" /><ent r="100" t="38" w="5" /><ent r="100" t="38" w="5" /><ent r="100" t="38" w="13" /><ent r="100" t="38" w="13" /><ent r="102" t="38" w="20" /><ent r="102" t="38" w="20" /><ent r="64" t="38" w="224" /><ent r="64" t="38" w="224" /><ent r="64" t="40" w="1003" /><ent r="64" t="40" w="1003" /><ent r="64" t="42" w="158" /><ent r="64" t="42" w="158" /></phr><phr n="routing"><ent r="4" t="5" w="311" /><ent r="4" t="5" w="311" /><ent r="6" t="20" w="374" /><ent r="6" t="20" w="374" /><ent r="3" t="28" w="99" /><ent r="3" t="28" w="99" /><ent r="3" t="28" w="161" /><ent r="100" t="37" w="12" /><ent r="100" t="37" w="12" /><ent r="100" t="37" w="16" /><ent r="100" t="37" w="16" /><ent r="100" t="37" w="111" /><ent r="100" t="37" w="111" /><ent r="3" t="37" w="236" /><ent r="3" t="37" w="236" /><ent r="3" t="37" w="323" /><ent r="100" t="38" w="9" /><ent r="100" t="38" w="9" /><ent r="100" t="38" w="16" /><ent r="100" t="38" w="16" /><ent r="4" t="38" w="154" /><ent r="4" t="38" w="154" /><ent r="3" t="38" w="235" /><ent r="3" t="38" w="235" /><ent r="3" t="40" w="998" /><ent r="3" t="65" w="80" /><ent r="3" t="65" w="80" /></phr><phr n="re-routing"><ent r="3" t="37" w="322" /><ent r="3" t="37" w="322" /></phr></stem><stem n="outin"><phr n="Routing"><ent r="65" t="0" w="98" /><ent r="65" t="0" w="98" /><ent r="65" t="5" w="333" /><ent r="65" t="5" w="333" /><ent r="64" t="28" w="166" /><ent r="64" t="28" w="166" /><ent r="125" t="32" w="474" /><ent r="125" t="32" w="474" /><ent r="65" t="32" w="595" /><ent r="65" t="32" w="595" /><ent r="64" t="33" w="165" /><ent r="64" t="33" w="165" /><ent r="1000" t="37" w="3" /><ent r="1000" t="37" w="3" /><ent r="100" t="37" w="5" /><ent r="100" t="37" w="5" /><ent r="100" t="37" w="9" /><ent r="100" t="37" w="9" /><ent r="102" t="37" w="20" /><ent r="102" t="37" w="20" /><ent r="64" t="37" w="100" /><ent r="64" t="37" w="100" /><ent r="64" t="37" w="105" /><ent r="64" t="37" w="105" /><ent r="92" t="37" w="115" /><ent r="92" t="37" w="115" /><ent r="92" t="37" w="457" /><ent r="92" t="37" w="457" /><ent r="1000" t="38" w="3" /><ent r="1000" t="38" w="3" /><ent r="100" t="38" w="5" /><ent r="100" t="38" w="5" /><ent r="100" t="38" w="13" /><ent r="100" t="38" w="13" /><ent r="102" t="38" w="20" /><ent r="102" t="38" w="20" /><ent r="64" t="38" w="224" /><ent r="64" t="38" w="224" /><ent r="64" t="40" w="1003" /><ent r="64" t="40" w="1003" /><ent r="64" t="42" w="158" /><ent r="64" t="42" w="158" /></phr><phr n="routing"><ent r="4" t="5" w="311" /><ent r="4" t="5" w="311" /><ent r="6" t="20" w="374" /><ent r="6" t="20" w="374" /><ent r="3" t="28" w="99" /><ent r="3" t="28" w="99" /><ent r="3" t="28" w="161" /><ent r="100" t="37" w="12" /><ent r="100" t="37" w="12" /><ent r="100" t="37" w="16" /><ent r="100" t="37" w="16" /><ent r="100" t="37" w="111" /><ent r="100" t="37" w="111" /><ent r="3" t="37" w="236" /><ent r="3" t="37" w="236" /><ent r="3" t="37" w="323" /><ent r="100" t="38" w="9" /><ent r="100" t="38" w="9" /><ent r="100" t="38" w="16" /><ent r="100" t="38" w="16" /><ent r="4" t="38" w="154" /><ent r="4" t="38" w="154" /><ent r="3" t="38" w="235" /><ent r="3" t="38" w="235" /><ent r="3" t="40" w="998" /><ent r="3" t="65" w="80" /><ent r="3" t="65" w="80" /></phr><phr n="re-routing"><ent r="3" t="37" w="322" /><ent r="3" t="37" w="322" /></phr></stem><stem n="uting"><phr n="Routing"><ent r="65" t="0" w="98" /><ent r="65" t="0" w="98" /><ent r="65" t="5" w="333" /><ent r="65" t="5" w="333" /><ent r="64" t="28" w="166" /><ent r="64" t="28" w="166" /><ent r="125" t="32" w="474" /><ent r="125" t="32" w="474" /><ent r="65" t="32" w="595" /><ent r="65" t="32" w="595" /><ent r="64" t="33" w="165" /><ent r="64" t="33" w="165" /><ent r="1000" t="37" w="3" /><ent r="1000" t="37" w="3" /><ent r="100" t="37" w="5" /><ent r="100" t="37" w="5" /><ent r="100" t="37" w="9" /><ent r="100" t="37" w="9" /><ent r="102" t="37" w="20" /><ent r="102" t="37" w="20" /><ent r="64" t="37" w="100" /><ent r="64" t="37" w="100" /><ent r="64" t="37" w="105" /><ent r="64" t="37" w="105" /><ent r="92" t="37" w="115" /><ent r="92" t="37" w="115" /><ent r="92" t="37" w="457" /><ent r="92" t="37" w="457" /><ent r="1000" t="38" w="3" /><ent r="1000" t="38" w="3" /><ent r="100" t="38" w="5" /><ent r="100" t="38" w="5" /><ent r="100" t="38" w="13" /><ent r="100" t="38" w="13" /><ent r="102" t="38" w="20" /><ent r="102" t="38" w="20" /><ent r="64" t="38" w="224" /><ent r="64" t="38" w="224" /><ent r="64" t="40" w="1003" /><ent r="64" t="40" w="1003" /><ent r="64" t="42" w="158" /><ent r="64" t="42" w="158" /></phr><phr n="routing"><ent r="4" t="5" w="311" /><ent r="4" t="5" w="311" /><ent r="6" t="20" w="374" /><ent r="6" t="20" w="374" /><ent r="3" t="28" w="99" /><ent r="3" t="28" w="99" /><ent r="3" t="28" w="161" /><ent r="100" t="37" w="12" /><ent r="100" t="37" w="12" /><ent r="100" t="37" w="16" /><ent r="100" t="37" w="16" /><ent r="100" t="37" w="111" /><ent r="100" t="37" w="111" /><ent r="3" t="37" w="236" /><ent r="3" t="37" w="236" /><ent r="3" t="37" w="323" /><ent r="100" t="38" w="9" /><ent r="100" t="38" w="9" /><ent r="100" t="38" w="16" /><ent r="100" t="38" w="16" /><ent r="4" t="38" w="154" /><ent r="4" t="38" w="154" /><ent r="3" t="38" w="235" /><ent r="3" t="38" w="235" /><ent r="3" t="40" w="998" /><ent r="3" t="65" w="80" /><ent r="3" t="65" w="80" /></phr><phr n="re-routing"><ent r="3" t="37" w="322" /><ent r="3" t="37" w="322" /></phr></stem><stem n="routin"><phr n="Routing"><ent r="65" t="0" w="98" /><ent r="65" t="0" w="98" /><ent r="65" t="5" w="333" /><ent r="65" t="5" w="333" /><ent r="64" t="28" w="166" /><ent r="64" t="28" w="166" /><ent r="125" t="32" w="474" /><ent r="125" t="32" w="474" /><ent r="65" t="32" w="595" /><ent r="65" t="32" w="595" /><ent r="64" t="33" w="165" /><ent r="64" t="33" w="165" /><ent r="1000" t="37" w="3" /><ent r="1000" t="37" w="3" /><ent r="100" t="37" w="5" /><ent r="100" t="37" w="5" /><ent r="100" t="37" w="9" /><ent r="100" t="37" w="9" /><ent r="102" t="37" w="20" /><ent r="102" t="37" w="20" /><ent r="64" t="37" w="100" /><ent r="64" t="37" w="100" /><ent r="64" t="37" w="105" /><ent r="64" t="37" w="105" /><ent r="92" t="37" w="115" /><ent r="92" t="37" w="115" /><ent r="92" t="37" w="457" /><ent r="92" t="37" w="457" /><ent r="1000" t="38" w="3" /><ent r="1000" t="38" w="3" /><ent r="100" t="38" w="5" /><ent r="100" t="38" w="5" /><ent r="100" t="38" w="13" /><ent r="100" t="38" w="13" /><ent r="102" t="38" w="20" /><ent r="102" t="38" w="20" /><ent r="64" t="38" w="224" /><ent r="64" t="38" w="224" /><ent r="64" t="40" w="1003" /><ent r="64" t="40" w="1003" /><ent r="64" t="42" w="158" /><ent r="64" t="42" w="158" /></phr><phr n="routing"><ent r="4" t="5" w="311" /><ent r="4" t="5" w="311" /><ent r="6" t="20" w="374" /><ent r="6" t="20" w="374" /><ent r="3" t="28" w="99" /><ent r="3" t="28" w="99" /><ent r="3" t="28" w="161" /><ent r="100" t="37" w="12" /><ent r="100" t="37" w="12" /><ent r="100" t="37" w="16" /><ent r="100" t="37" w="16" /><ent r="100" t="37" w="111" /><ent r="100" t="37" w="111" /><ent r="3" t="37" w="236" /><ent r="3" t="37" w="236" /><ent r="3" t="37" w="323" /><ent r="100" t="38" w="9" /><ent r="100" t="38" w="9" /><ent r="100" t="38" w="16" /><ent r="100" t="38" w="16" /><ent r="4" t="38" w="154" /><ent r="4" t="38" w="154" /><ent r="3" t="38" w="235" /><ent r="3" t="38" w="235" /><ent r="3" t="40" w="998" /><ent r="3" t="65" w="80" /><ent r="3" t="65" w="80" /></phr><phr n="re-routing"><ent r="3" t="37" w="322" /><ent r="3" t="37" w="322" /></phr></stem><stem n="outing"><phr n="Routing"><ent r="65" t="0" w="98" /><ent r="65" t="0" w="98" /><ent r="65" t="5" w="333" /><ent r="65" t="5" w="333" /><ent r="64" t="28" w="166" /><ent r="64" t="28" w="166" /><ent r="125" t="32" w="474" /><ent r="125" t="32" w="474" /><ent r="65" t="32" w="595" /><ent r="65" t="32" w="595" /><ent r="64" t="33" w="165" /><ent r="64" t="33" w="165" /><ent r="1000" t="37" w="3" /><ent r="1000" t="37" w="3" /><ent r="100" t="37" w="5" /><ent r="100" t="37" w="5" /><ent r="100" t="37" w="9" /><ent r="100" t="37" w="9" /><ent r="102" t="37" w="20" /><ent r="102" t="37" w="20" /><ent r="64" t="37" w="100" /><ent r="64" t="37" w="100" /><ent r="64" t="37" w="105" /><ent r="64" t="37" w="105" /><ent r="92" t="37" w="115" /><ent r="92" t="37" w="115" /><ent r="92" t="37" w="457" /><ent r="92" t="37" w="457" /><ent r="1000" t="38" w="3" /><ent r="1000" t="38" w="3" /><ent r="100" t="38" w="5" /><ent r="100" t="38" w="5" /><ent r="100" t="38" w="13" /><ent r="100" t="38" w="13" /><ent r="102" t="38" w="20" /><ent r="102" t="38" w="20" /><ent r="64" t="38" w="224" /><ent r="64" t="38" w="224" /><ent r="64" t="40" w="1003" /><ent r="64" t="40" w="1003" /><ent r="64" t="42" w="158" /><ent r="64" t="42" w="158" /></phr><phr n="routing"><ent r="4" t="5" w="311" /><ent r="4" t="5" w="311" /><ent r="6" t="20" w="374" /><ent r="6" t="20" w="374" /><ent r="3" t="28" w="99" /><ent r="3" t="28" w="99" /><ent r="3" t="28" w="161" /><ent r="100" t="37" w="12" /><ent r="100" t="37" w="12" /><ent r="100" t="37" w="16" /><ent r="100" t="37" w="16" /><ent r="100" t="37" w="111" /><ent r="100" t="37" w="111" /><ent r="3" t="37" w="236" /><ent r="3" t="37" w="236" /><ent r="3" t="37" w="323" /><ent r="100" t="38" w="9" /><ent r="100" t="38" w="9" /><ent r="100" t="38" w="16" /><ent r="100" t="38" w="16" /><ent r="4" t="38" w="154" /><ent r="4" t="38" w="154" /><ent r="3" t="38" w="235" /><ent r="3" t="38" w="235" /><ent r="3" t="40" w="998" /><ent r="3" t="65" w="80" /><ent r="3" t="65" w="80" /></phr><phr n="re-routing"><ent r="3" t="37" w="322" /><ent r="3" t="37" w="322" /></phr></stem><stem n="routing"><phr n="Routing"><ent r="65" t="0" w="98" /><ent r="65" t="0" w="98" /><ent r="65" t="5" w="333" /><ent r="65" t="5" w="333" /><ent r="64" t="28" w="166" /><ent r="64" t="28" w="166" /><ent r="125" t="32" w="474" /><ent r="125" t="32" w="474" /><ent r="65" t="32" w="595" /><ent r="65" t="32" w="595" /><ent r="64" t="33" w="165" /><ent r="64" t="33" w="165" /><ent r="1000" t="37" w="3" /><ent r="1000" t="37" w="3" /><ent r="100" t="37" w="5" /><ent r="100" t="37" w="5" /><ent r="100" t="37" w="9" /><ent r="100" t="37" w="9" /><ent r="102" t="37" w="20" /><ent r="102" t="37" w="20" /><ent r="64" t="37" w="100" /><ent r="64" t="37" w="100" /><ent r="64" t="37" w="105" /><ent r="64" t="37" w="105" /><ent r="92" t="37" w="115" /><ent r="92" t="37" w="115" /><ent r="92" t="37" w="457" /><ent r="92" t="37" w="457" /><ent r="1000" t="38" w="3" /><ent r="1000" t="38" w="3" /><ent r="100" t="38" w="5" /><ent r="100" t="38" w="5" /><ent r="100" t="38" w="13" /><ent r="100" t="38" w="13" /><ent r="102" t="38" w="20" /><ent r="102" t="38" w="20" /><ent r="64" t="38" w="224" /><ent r="64" t="38" w="224" /><ent r="64" t="40" w="1003" /><ent r="64" t="40" w="1003" /><ent r="64" t="42" w="158" /><ent r="64" t="42" w="158" /></phr><phr n="routing"><ent r="4" t="5" w="311" /><ent r="4" t="5" w="311" /><ent r="6" t="20" w="374" /><ent r="6" t="20" w="374" /><ent r="3" t="28" w="99" /><ent r="3" t="28" w="99" /><ent r="3" t="28" w="161" /><ent r="100" t="37" w="12" /><ent r="100" t="37" w="12" /><ent r="100" t="37" w="16" /><ent r="100" t="37" w="16" /><ent r="100" t="37" w="111" /><ent r="100" t="37" w="111" /><ent r="3" t="37" w="236" /><ent r="3" t="37" w="236" /><ent r="3" t="37" w="323" /><ent r="100" t="38" w="9" /><ent r="100" t="38" w="9" /><ent r="100" t="38" w="16" /><ent r="100" t="38" w="16" /><ent r="4" t="38" w="154" /><ent r="4" t="38" w="154" /><ent r="3" t="38" w="235" /><ent r="3" t="38" w="235" /><ent r="3" t="40" w="998" /><ent r="3" t="65" w="80" /><ent r="3" t="65" w="80" /></phr><phr n="re-routing"><ent r="3" t="37" w="322" /><ent r="3" t="37" w="322" /></phr></stem><stem n="activ"><phr n="activity"><ent r="4" t="0" w="105" /><ent r="4" t="0" w="105" /><ent r="3" t="45" w="217" /><ent r="100" t="45" w="221" /><ent r="100" t="45" w="221" /><ent r="100" t="45" w="224" /><ent r="100" t="45" w="224" /><ent r="3" t="63" w="167" /><ent r="3" t="63" w="167" /><ent r="3" t="67" w="232" /><ent r="3" t="67" w="232" /><ent r="3" t="67" w="419" /><ent r="4" t="67" w="695" /><ent r="4" t="67" w="814" /><ent r="4" t="67" w="814" /><ent r="4" t="67" w="907" /><ent r="4" t="67" w="907" /><ent r="4" t="67" w="918" /></phr><phr n="non-interactive"><ent r="3" t="3" w="451" /><ent r="3" t="3" w="451" /><ent r="3" t="7" w="67" /><ent r="3" t="7" w="67" /><ent r="3" t="8" w="67" /><ent r="3" t="8" w="67" /></phr><phr n="interactive"><ent r="3" t="3" w="452" /><ent r="3" t="7" w="68" /><ent r="3" t="8" w="68" /></phr><phr n="Active"><ent r="3" t="16" w="206" /><ent r="3" t="16" w="206" /><ent r="5" t="49" w="339" /><ent r="5" t="49" w="339" /></phr><phr n="activities"><ent r="3" t="42" w="848" /><ent r="3" t="42" w="848" /></phr><phr n="active"><ent r="3" t="47" w="375" /></phr></stem><stem n="acti"><phr n="activity"><ent r="4" t="0" w="105" /><ent r="4" t="0" w="105" /><ent r="3" t="45" w="217" /><ent r="100" t="45" w="221" /><ent r="100" t="45" w="221" /><ent r="100" t="45" w="224" /><ent r="100" t="45" w="224" /><ent r="3" t="63" w="167" /><ent r="3" t="63" w="167" /><ent r="3" t="67" w="232" /><ent r="3" t="67" w="232" /><ent r="3" t="67" w="419" /><ent r="4" t="67" w="695" /><ent r="4" t="67" w="814" /><ent r="4" t="67" w="814" /><ent r="4" t="67" w="907" /><ent r="4" t="67" w="907" /><ent r="4" t="67" w="918" /></phr><phr n="Contacting"><ent r="65" t="0" w="156" /><ent r="65" t="0" w="156" /><ent r="102" t="61" w="8" /><ent r="102" t="61" w="8" /></phr><phr n="transaction"><ent r="3" t="1" w="64" /><ent r="3" t="3" w="80" /><ent r="3" t="3" w="80" /><ent r="3" t="37" w="511" /><ent r="3" t="37" w="511" /><ent r="4" t="38" w="217" /><ent r="4" t="38" w="217" /></phr><phr n="non-interactive"><ent r="3" t="3" w="451" /><ent r="3" t="3" w="451" /><ent r="3" t="7" w="67" /><ent r="3" t="7" w="67" /><ent r="3" t="8" w="67" /><ent r="3" t="8" w="67" /></phr><phr n="interactive"><ent r="3" t="3" w="452" /><ent r="3" t="7" w="68" /><ent r="3" t="8" w="68" /></phr><phr n="Active"><ent r="3" t="16" w="206" /><ent r="3" t="16" w="206" /><ent r="5" t="49" w="339" /><ent r="5" t="49" w="339" /></phr><phr n="SOAPAction"><ent r="8" t="24" w="704" /><ent r="8" t="24" w="704" /><ent r="5" t="27" w="1647" /><ent r="5" t="27" w="1647" /><ent r="3" t="29" w="173" /><ent r="3" t="29" w="173" /><ent r="8" t="29" w="368" /><ent r="8" t="29" w="368" /><ent r="7" t="29" w="375" /><ent r="7" t="29" w="375" /><ent r="7" t="29" w="398" /><ent r="7" t="29" w="398" /><ent r="4" t="29" w="630" /><ent r="4" t="29" w="630" /><ent r="6" t="32" w="432" /><ent r="6" t="32" w="432" /><ent r="3" t="33" w="48" /><ent r="3" t="33" w="48" /><ent r="8" t="33" w="321" /><ent r="8" t="33" w="321" /><ent r="8" t="33" w="349" /><ent r="8" t="33" w="349" /><ent r="8" t="33" w="365" /><ent r="8" t="33" w="365" /><ent r="3" t="35" w="121" /><ent r="3" t="35" w="121" /><ent r="3" t="40" w="605" /><ent r="3" t="40" w="691" /><ent r="3" t="40" w="691" /><ent r="4" t="40" w="891" /><ent r="4" t="40" w="912" /><ent r="4" t="40" w="912" /><ent r="3" t="40" w="1067" /><ent r="3" t="40" w="1067" /><ent r="3" t="40" w="1102" /><ent r="3" t="40" w="1102" /></phr><phr n="activities"><ent r="3" t="42" w="848" /><ent r="3" t="42" w="848" /></phr><phr n="interacting"><ent r="3" t="47" w="313" /><ent r="3" t="47" w="313" /></phr><phr n="active"><ent r="3" t="47" w="375" /></phr><phr n="Action"><ent r="82" t="67" w="225" /><ent r="82" t="67" w="225" /><ent r="7" t="67" w="250" /><ent r="7" t="67" w="250" /></phr><phr n="actions"><ent r="5" t="67" w="248" /><ent r="5" t="67" w="248" /><ent r="3" t="67" w="358" /><ent r="3" t="67" w="358" /></phr><phr n="action"><ent r="3" t="67" w="378" /><ent r="3" t="67" w="378" /><ent r="3" t="67" w="382" /><ent r="3" t="67" w="382" /><ent r="3" t="67" w="400" /><ent r="3" t="67" w="406" /><ent r="3" t="67" w="431" /><ent r="3" t="67" w="440" /><ent r="3" t="67" w="472" /><ent r="3" t="67" w="482" /><ent r="3" t="67" w="506" /><ent r="3" t="67" w="523" /><ent r="3" t="67" w="532" /><ent r="3" t="67" w="541" /><ent r="3" t="67" w="550" /><ent r="3" t="67" w="561" /><ent r="3" t="67" w="570" /><ent r="3" t="67" w="589" /><ent r="3" t="67" w="606" /><ent r="3" t="67" w="612" /><ent r="3" t="67" w="626" /><ent r="3" t="67" w="644" /></phr><phr n="action_value"><ent r="3" t="67" w="603" /><ent r="3" t="67" w="603" /><ent r="3" t="67" w="607" /><ent r="3" t="67" w="613" /><ent r="3" t="67" w="641" /><ent r="3" t="67" w="641" /><ent r="3" t="67" w="645" /></phr></stem><stem n="vity"><phr n="activity"><ent r="4" t="0" w="105" /><ent r="4" t="0" w="105" /><ent r="3" t="45" w="217" /><ent r="100" t="45" w="221" /><ent r="100" t="45" w="221" /><ent r="100" t="45" w="224" /><ent r="100" t="45" w="224" /><ent r="3" t="63" w="167" /><ent r="3" t="63" w="167" /><ent r="3" t="67" w="232" /><ent r="3" t="67" w="232" /><ent r="3" t="67" w="419" /><ent r="4" t="67" w="695" /><ent r="4" t="67" w="814" /><ent r="4" t="67" w="814" /><ent r="4" t="67" w="907" /><ent r="4" t="67" w="907" /><ent r="4" t="67" w="918" /></phr><phr n="connectivity"><ent r="4" t="1" w="349" /><ent r="4" t="1" w="349" /><ent r="4" t="1" w="433" /><ent r="4" t="1" w="433" /><ent r="4" t="44" w="99" /><ent r="4" t="44" w="99" /><ent r="3" t="46" w="99" /><ent r="3" t="46" w="99" /></phr><phr n="brevity"><ent r="3" t="40" w="102" /><ent r="3" t="48" w="366" /><ent r="3" t="49" w="18" /><ent r="3" t="52" w="18" /><ent r="3" t="55" w="32" /></phr></stem><stem n="ctiv"><phr n="activity"><ent r="4" t="0" w="105" /><ent r="4" t="0" w="105" /><ent r="3" t="45" w="217" /><ent r="100" t="45" w="221" /><ent r="100" t="45" w="221" /><ent r="100" t="45" w="224" /><ent r="100" t="45" w="224" /><ent r="3" t="63" w="167" /><ent r="3" t="63" w="167" /><ent r="3" t="67" w="232" /><ent r="3" t="67" w="232" /><ent r="3" t="67" w="419" /><ent r="4" t="67" w="695" /><ent r="4" t="67" w="814" /><ent r="4" t="67" w="814" /><ent r="4" t="67" w="907" /><ent r="4" t="67" w="907" /><ent r="4" t="67" w="918" /></phr><phr n="connectivity"><ent r="4" t="1" w="349" /><ent r="4" t="1" w="349" /><ent r="4" t="1" w="433" /><ent r="4" t="1" w="433" /><ent r="4" t="44" w="99" /><ent r="4" t="44" w="99" /><ent r="3" t="46" w="99" /><ent r="3" t="46" w="99" /></phr><phr n="non-interactive"><ent r="3" t="3" w="451" /><ent r="3" t="3" w="451" /><ent r="3" t="7" w="67" /><ent r="3" t="7" w="67" /><ent r="3" t="8" w="67" /><ent r="3" t="8" w="67" /></phr><phr n="interactive"><ent r="3" t="3" w="452" /><ent r="3" t="7" w="68" /><ent r="3" t="8" w="68" /></phr><phr n="Active"><ent r="3" t="16" w="206" /><ent r="3" t="16" w="206" /><ent r="5" t="49" w="339" /><ent r="5" t="49" w="339" /></phr><phr n="respective"><ent r="3" t="22" w="504" /><ent r="3" t="22" w="504" /><ent r="3" t="50" w="62" /><ent r="3" t="50" w="62" /></phr><phr n="effective"><ent r="3" t="38" w="40" /><ent r="3" t="38" w="40" /></phr><phr n="activities"><ent r="3" t="42" w="848" /><ent r="3" t="42" w="848" /></phr><phr n="active"><ent r="3" t="47" w="375" /></phr></stem><stem n="tivi"><phr n="activity"><ent r="4" t="0" w="105" /><ent r="4" t="0" w="105" /><ent r="3" t="45" w="217" /><ent r="100" t="45" w="221" /><ent r="100" t="45" w="221" /><ent r="100" t="45" w="224" /><ent r="100" t="45" w="224" /><ent r="3" t="63" w="167" /><ent r="3" t="63" w="167" /><ent r="3" t="67" w="232" /><ent r="3" t="67" w="232" /><ent r="3" t="67" w="419" /><ent r="4" t="67" w="695" /><ent r="4" t="67" w="814" /><ent r="4" t="67" w="814" /><ent r="4" t="67" w="907" /><ent r="4" t="67" w="907" /><ent r="4" t="67" w="918" /></phr><phr n="connectivity"><ent r="4" t="1" w="349" /><ent r="4" t="1" w="349" /><ent r="4" t="1" w="433" /><ent r="4" t="1" w="433" /><ent r="4" t="44" w="99" /><ent r="4" t="44" w="99" /><ent r="3" t="46" w="99" /><ent r="3" t="46" w="99" /></phr><phr n="activities"><ent r="3" t="42" w="848" /><ent r="3" t="42" w="848" /></phr></stem><stem n="ivit"><phr n="activity"><ent r="4" t="0" w="105" /><ent r="4" t="0" w="105" /><ent r="3" t="45" w="217" /><ent r="100" t="45" w="221" /><ent r="100" t="45" w="221" /><ent r="100" t="45" w="224" /><ent r="100" t="45" w="224" /><ent r="3" t="63" w="167" /><ent r="3" t="63" w="167" /><ent r="3" t="67" w="232" /><ent r="3" t="67" w="232" /><ent r="3" t="67" w="419" /><ent r="4" t="67" w="695" /><ent r="4" t="67" w="814" /><ent r="4" t="67" w="814" /><ent r="4" t="67" w="907" /><ent r="4" t="67" w="907" /><ent r="4" t="67" w="918" /></phr><phr n="connectivity"><ent r="4" t="1" w="349" /><ent r="4" t="1" w="349" /><ent r="4" t="1" w="433" /><ent r="4" t="1" w="433" /><ent r="4" t="44" w="99" /><ent r="4" t="44" w="99" /><ent r="3" t="46" w="99" /><ent r="3" t="46" w="99" /></phr><phr n="activities"><ent r="3" t="42" w="848" /><ent r="3" t="42" w="848" /></phr></stem><stem n="ctivi"><phr n="activity"><ent r="4" t="0" w="105" /><ent r="4" t="0" w="105" /><ent r="3" t="45" w="217" /><ent r="100" t="45" w="221" /><ent r="100" t="45" w="221" /><ent r="100" t="45" w="224" /><ent r="100" t="45" w="224" /><ent r="3" t="63" w="167" /><ent r="3" t="63" w="167" /><ent r="3" t="67" w="232" /><ent r="3" t="67" w="232" /><ent r="3" t="67" w="419" /><ent r="4" t="67" w="695" /><ent r="4" t="67" w="814" /><ent r="4" t="67" w="814" /><ent r="4" t="67" w="907" /><ent r="4" t="67" w="907" /><ent r="4" t="67" w="918" /></phr><phr n="connectivity"><ent r="4" t="1" w="349" /><ent r="4" t="1" w="349" /><ent r="4" t="1" w="433" /><ent r="4" t="1" w="433" /><ent r="4" t="44" w="99" /><ent r="4" t="44" w="99" /><ent r="3" t="46" w="99" /><ent r="3" t="46" w="99" /></phr><phr n="activities"><ent r="3" t="42" w="848" /><ent r="3" t="42" w="848" /></phr></stem><stem n="tivit"><phr n="activity"><ent r="4" t="0" w="105" /><ent r="4" t="0" w="105" /><ent r="3" t="45" w="217" /><ent r="100" t="45" w="221" /><ent r="100" t="45" w="221" /><ent r="100" t="45" w="224" /><ent r="100" t="45" w="224" /><ent r="3" t="63" w="167" /><ent r="3" t="63" w="167" /><ent r="3" t="67" w="232" /><ent r="3" t="67" w="232" /><ent r="3" t="67" w="419" /><ent r="4" t="67" w="695" /><ent r="4" t="67" w="814" /><ent r="4" t="67" w="814" /><ent r="4" t="67" w="907" /><ent r="4" t="67" w="907" /><ent r="4" t="67" w="918" /></phr><phr n="connectivity"><ent r="4" t="1" w="349" /><ent r="4" t="1" w="349" /><ent r="4" t="1" w="433" /><ent r="4" t="1" w="433" /><ent r="4" t="44" w="99" /><ent r="4" t="44" w="99" /><ent r="3" t="46" w="99" /><ent r="3" t="46" w="99" /></phr><phr n="activities"><ent r="3" t="42" w="848" /><ent r="3" t="42" w="848" /></phr></stem><stem n="ivity"><phr n="activity"><ent r="4" t="0" w="105" /><ent r="4" t="0" w="105" /><ent r="3" t="45" w="217" /><ent r="100" t="45" w="221" /><ent r="100" t="45" w="221" /><ent r="100" t="45" w="224" /><ent r="100" t="45" w="224" /><ent r="3" t="63" w="167" /><ent r="3" t="63" w="167" /><ent r="3" t="67" w="232" /><ent r="3" t="67" w="232" /><ent r="3" t="67" w="419" /><ent r="4" t="67" w="695" /><ent r="4" t="67" w="814" /><ent r="4" t="67" w="814" /><ent r="4" t="67" w="907" /><ent r="4" t="67" w="907" /><ent r="4" t="67" w="918" /></phr><phr n="connectivity"><ent r="4" t="1" w="349" /><ent r="4" t="1" w="349" /><ent r="4" t="1" w="433" /><ent r="4" t="1" w="433" /><ent r="4" t="44" w="99" /><ent r="4" t="44" w="99" /><ent r="3" t="46" w="99" /><ent r="3" t="46" w="99" /></phr></stem><stem n="activi"><phr n="activity"><ent r="4" t="0" w="105" /><ent r="4" t="0" w="105" /><ent r="3" t="45" w="217" /><ent r="100" t="45" w="221" /><ent r="100" t="45" w="221" /><ent r="100" t="45" w="224" /><ent r="100" t="45" w="224" /><ent r="3" t="63" w="167" /><ent r="3" t="63" w="167" /><ent r="3" t="67" w="232" /><ent r="3" t="67" w="232" /><ent r="3" t="67" w="419" /><ent r="4" t="67" w="695" /><ent r="4" t="67" w="814" /><ent r="4" t="67" w="814" /><ent r="4" t="67" w="907" /><ent r="4" t="67" w="907" /><ent r="4" t="67" w="918" /></phr><phr n="activities"><ent r="3" t="42" w="848" /><ent r="3" t="42" w="848" /></phr></stem><stem n="ctivit"><phr n="activity"><ent r="4" t="0" w="105" /><ent r="4" t="0" w="105" /><ent r="3" t="45" w="217" /><ent r="100" t="45" w="221" /><ent r="100" t="45" w="221" /><ent r="100" t="45" w="224" /><ent r="100" t="45" w="224" /><ent r="3" t="63" w="167" /><ent r="3" t="63" w="167" /><ent r="3" t="67" w="232" /><ent r="3" t="67" w="232" /><ent r="3" t="67" w="419" /><ent r="4" t="67" w="695" /><ent r="4" t="67" w="814" /><ent r="4" t="67" w="814" /><ent r="4" t="67" w="907" /><ent r="4" t="67" w="907" /><ent r="4" t="67" w="918" /></phr><phr n="connectivity"><ent r="4" t="1" w="349" /><ent r="4" t="1" w="349" /><ent r="4" t="1" w="433" /><ent r="4" t="1" w="433" /><ent r="4" t="44" w="99" /><ent r="4" t="44" w="99" /><ent r="3" t="46" w="99" /><ent r="3" t="46" w="99" /></phr><phr n="activities"><ent r="3" t="42" w="848" /><ent r="3" t="42" w="848" /></phr></stem><stem n="tivity"><phr n="activity"><ent r="4" t="0" w="105" /><ent r="4" t="0" w="105" /><ent r="3" t="45" w="217" /><ent r="100" t="45" w="221" /><ent r="100" t="45" w="221" /><ent r="100" t="45" w="224" /><ent r="100" t="45" w="224" /><ent r="3" t="63" w="167" /><ent r="3" t="63" w="167" /><ent r="3" t="67" w="232" /><ent r="3" t="67" w="232" /><ent r="3" t="67" w="419" /><ent r="4" t="67" w="695" /><ent r="4" t="67" w="814" /><ent r="4" t="67" w="814" /><ent r="4" t="67" w="907" /><ent r="4" t="67" w="907" /><ent r="4" t="67" w="918" /></phr><phr n="connectivity"><ent r="4" t="1" w="349" /><ent r="4" t="1" w="349" /><ent r="4" t="1" w="433" /><ent r="4" t="1" w="433" /><ent r="4" t="44" w="99" /><ent r="4" t="44" w="99" /><ent r="3" t="46" w="99" /><ent r="3" t="46" w="99" /></phr></stem></index>