<?xml version="1.0" encoding="utf-8"?><index><stem n="escri"><phr n="described"><ent r="4" t="1" w="213" /><ent r="4" t="1" w="213" /><ent r="4" t="1" w="231" /><ent r="4" t="1" w="231" /><ent r="4" t="1" w="258" /><ent r="4" t="1" w="258" /><ent r="3" t="26" w="126" /><ent r="3" t="26" w="126" /><ent r="3" t="37" w="46" /><ent r="3" t="37" w="46" /><ent r="3" t="47" w="576" /><ent r="3" t="47" w="576" /><ent r="4" t="51" w="1107" /><ent r="4" t="51" w="1107" /><ent r="4" t="51" w="1170" /><ent r="4" t="51" w="1170" /><ent r="4" t="55" w="391" /><ent r="4" t="55" w="391" /></phr><phr n="Description"><ent r="7" t="4" w="228" /><ent r="7" t="4" w="228" /><ent r="7" t="10" w="52" /><ent r="7" t="10" w="52" /><ent r="7" t="18" w="500" /><ent r="7" t="18" w="500" /><ent r="7" t="18" w="1600" /><ent r="7" t="18" w="1600" /><ent r="7" t="20" w="290" /><ent r="7" t="20" w="290" /><ent r="7" t="21" w="284" /><ent r="7" t="21" w="284" /><ent r="7" t="21" w="489" /><ent r="7" t="21" w="489" /><ent r="7" t="22" w="255" /><ent r="7" t="22" w="255" /><ent r="7" t="22" w="544" /><ent r="7" t="22" w="544" /><ent r="7" t="24" w="548" /><ent r="7" t="24" w="548" /><ent r="7" t="27" w="219" /><ent r="7" t="27" w="219" /><ent r="7" t="27" w="1117" /><ent r="7" t="27" w="1117" /><ent r="7" t="29" w="324" /><ent r="7" t="29" w="324" /><ent r="7" t="33" w="264" /><ent r="7" t="33" w="264" /><ent r="7" t="45" w="303" /><ent r="7" t="45" w="303" /><ent r="7" t="55" w="433" /><ent r="7" t="55" w="433" /><ent r="7" t="55" w="1520" /><ent r="7" t="55" w="1520" /><ent r="7" t="63" w="50" /><ent r="7" t="63" w="50" /><ent r="7" t="68" w="260" /><ent r="7" t="68" w="260" /></phr><phr n="describes"><ent r="3" t="10" w="42" /><ent r="3" t="10" w="42" /><ent r="3" t="32" w="512" /><ent r="3" t="32" w="512" /><ent r="3" t="42" w="89" /><ent r="3" t="42" w="89" /></phr><phr n="describing"><ent r="4" t="54" w="340" /><ent r="4" t="54" w="340" /></phr><phr n="description"><ent r="4" t="55" w="399" /><ent r="4" t="55" w="399" /></phr></stem><stem n="scrib"><phr n="described"><ent r="4" t="1" w="213" /><ent r="4" t="1" w="213" /><ent r="4" t="1" w="231" /><ent r="4" t="1" w="231" /><ent r="4" t="1" w="258" /><ent r="4" t="1" w="258" /><ent r="3" t="26" w="126" /><ent r="3" t="26" w="126" /><ent r="3" t="37" w="46" /><ent r="3" t="37" w="46" /><ent r="3" t="47" w="576" /><ent r="3" t="47" w="576" /><ent r="4" t="51" w="1107" /><ent r="4" t="51" w="1107" /><ent r="4" t="51" w="1170" /><ent r="4" t="51" w="1170" /><ent r="4" t="55" w="391" /><ent r="4" t="55" w="391" /></phr><phr n="describes"><ent r="3" t="10" w="42" /><ent r="3" t="10" w="42" /><ent r="3" t="32" w="512" /><ent r="3" t="32" w="512" /><ent r="3" t="42" w="89" /><ent r="3" t="42" w="89" /></phr><phr n="describing"><ent r="4" t="54" w="340" /><ent r="4" t="54" w="340" /></phr></stem><stem n="cribe"><phr n="described"><ent r="4" t="1" w="213" /><ent r="4" t="1" w="213" /><ent r="4" t="1" w="231" /><ent r="4" t="1" w="231" /><ent r="4" t="1" w="258" /><ent r="4" t="1" w="258" /><ent r="3" t="26" w="126" /><ent r="3" t="26" w="126" /><ent r="3" t="37" w="46" /><ent r="3" t="37" w="46" /><ent r="3" t="47" w="576" /><ent r="3" t="47" w="576" /><ent r="4" t="51" w="1107" /><ent r="4" t="51" w="1107" /><ent r="4" t="51" w="1170" /><ent r="4" t="51" w="1170" /><ent r="4" t="55" w="391" /><ent r="4" t="55" w="391" /></phr><phr n="describes"><ent r="3" t="10" w="42" /><ent r="3" t="10" w="42" /><ent r="3" t="32" w="512" /><ent r="3" t="32" w="512" /><ent r="3" t="42" w="89" /><ent r="3" t="42" w="89" /></phr></stem><stem n="ribed"><phr n="described"><ent r="4" t="1" w="213" /><ent r="4" t="1" w="213" /><ent r="4" t="1" w="231" /><ent r="4" t="1" w="231" /><ent r="4" t="1" w="258" /><ent r="4" t="1" w="258" /><ent r="3" t="26" w="126" /><ent r="3" t="26" w="126" /><ent r="3" t="37" w="46" /><ent r="3" t="37" w="46" /><ent r="3" t="47" w="576" /><ent r="3" t="47" w="576" /><ent r="4" t="51" w="1107" /><ent r="4" t="51" w="1107" /><ent r="4" t="51" w="1170" /><ent r="4" t="51" w="1170" /><ent r="4" t="55" w="391" /><ent r="4" t="55" w="391" /></phr></stem><stem n="descri"><phr n="described"><ent r="4" t="1" w="213" /><ent r="4" t="1" w="213" /><ent r="4" t="1" w="231" /><ent r="4" t="1" w="231" /><ent r="4" t="1" w="258" /><ent r="4" t="1" w="258" /><ent r="3" t="26" w="126" /><ent r="3" t="26" w="126" /><ent r="3" t="37" w="46" /><ent r="3" t="37" w="46" /><ent r="3" t="47" w="576" /><ent r="3" t="47" w="576" /><ent r="4" t="51" w="1107" /><ent r="4" t="51" w="1107" /><ent r="4" t="51" w="1170" /><ent r="4" t="51" w="1170" /><ent r="4" t="55" w="391" /><ent r="4" t="55" w="391" /></phr><phr n="Description"><ent r="7" t="4" w="228" /><ent r="7" t="4" w="228" /><ent r="7" t="10" w="52" /><ent r="7" t="10" w="52" /><ent r="7" t="18" w="500" /><ent r="7" t="18" w="500" /><ent r="7" t="18" w="1600" /><ent r="7" t="18" w="1600" /><ent r="7" t="20" w="290" /><ent r="7" t="20" w="290" /><ent r="7" t="21" w="284" /><ent r="7" t="21" w="284" /><ent r="7" t="21" w="489" /><ent r="7" t="21" w="489" /><ent r="7" t="22" w="255" /><ent r="7" t="22" w="255" /><ent r="7" t="22" w="544" /><ent r="7" t="22" w="544" /><ent r="7" t="24" w="548" /><ent r="7" t="24" w="548" /><ent r="7" t="27" w="219" /><ent r="7" t="27" w="219" /><ent r="7" t="27" w="1117" /><ent r="7" t="27" w="1117" /><ent r="7" t="29" w="324" /><ent r="7" t="29" w="324" /><ent r="7" t="33" w="264" /><ent r="7" t="33" w="264" /><ent r="7" t="45" w="303" /><ent r="7" t="45" w="303" /><ent r="7" t="55" w="433" /><ent r="7" t="55" w="433" /><ent r="7" t="55" w="1520" /><ent r="7" t="55" w="1520" /><ent r="7" t="63" w="50" /><ent r="7" t="63" w="50" /><ent r="7" t="68" w="260" /><ent r="7" t="68" w="260" /></phr><phr n="describes"><ent r="3" t="10" w="42" /><ent r="3" t="10" w="42" /><ent r="3" t="32" w="512" /><ent r="3" t="32" w="512" /><ent r="3" t="42" w="89" /><ent r="3" t="42" w="89" /></phr><phr n="describing"><ent r="4" t="54" w="340" /><ent r="4" t="54" w="340" /></phr><phr n="description"><ent r="4" t="55" w="399" /><ent r="4" t="55" w="399" /></phr></stem><stem n="escrib"><phr n="described"><ent r="4" t="1" w="213" /><ent r="4" t="1" w="213" /><ent r="4" t="1" w="231" /><ent r="4" t="1" w="231" /><ent r="4" t="1" w="258" /><ent r="4" t="1" w="258" /><ent r="3" t="26" w="126" /><ent r="3" t="26" w="126" /><ent r="3" t="37" w="46" /><ent r="3" t="37" w="46" /><ent r="3" t="47" w="576" /><ent r="3" t="47" w="576" /><ent r="4" t="51" w="1107" /><ent r="4" t="51" w="1107" /><ent r="4" t="51" w="1170" /><ent r="4" t="51" w="1170" /><ent r="4" t="55" w="391" /><ent r="4" t="55" w="391" /></phr><phr n="describes"><ent r="3" t="10" w="42" /><ent r="3" t="10" w="42" /><ent r="3" t="32" w="512" /><ent r="3" t="32" w="512" /><ent r="3" t="42" w="89" /><ent r="3" t="42" w="89" /></phr><phr n="describing"><ent r="4" t="54" w="340" /><ent r="4" t="54" w="340" /></phr></stem><stem n="scribe"><phr n="described"><ent r="4" t="1" w="213" /><ent r="4" t="1" w="213" /><ent r="4" t="1" w="231" /><ent r="4" t="1" w="231" /><ent r="4" t="1" w="258" /><ent r="4" t="1" w="258" /><ent r="3" t="26" w="126" /><ent r="3" t="26" w="126" /><ent r="3" t="37" w="46" /><ent r="3" t="37" w="46" /><ent r="3" t="47" w="576" /><ent r="3" t="47" w="576" /><ent r="4" t="51" w="1107" /><ent r="4" t="51" w="1107" /><ent r="4" t="51" w="1170" /><ent r="4" t="51" w="1170" /><ent r="4" t="55" w="391" /><ent r="4" t="55" w="391" /></phr><phr n="describes"><ent r="3" t="10" w="42" /><ent r="3" t="10" w="42" /><ent r="3" t="32" w="512" /><ent r="3" t="32" w="512" /><ent r="3" t="42" w="89" /><ent r="3" t="42" w="89" /></phr></stem><stem n="cribed"><phr n="described"><ent r="4" t="1" w="213" /><ent r="4" t="1" w="213" /><ent r="4" t="1" w="231" /><ent r="4" t="1" w="231" /><ent r="4" t="1" w="258" /><ent r="4" t="1" w="258" /><ent r="3" t="26" w="126" /><ent r="3" t="26" w="126" /><ent r="3" t="37" w="46" /><ent r="3" t="37" w="46" /><ent r="3" t="47" w="576" /><ent r="3" t="47" w="576" /><ent r="4" t="51" w="1107" /><ent r="4" t="51" w="1107" /><ent r="4" t="51" w="1170" /><ent r="4" t="51" w="1170" /><ent r="4" t="55" w="391" /><ent r="4" t="55" w="391" /></phr></stem><stem n="escribe"><phr n="described"><ent r="4" t="1" w="213" /><ent r="4" t="1" w="213" /><ent r="4" t="1" w="231" /><ent r="4" t="1" w="231" /><ent r="4" t="1" w="258" /><ent r="4" t="1" w="258" /><ent r="3" t="26" w="126" /><ent r="3" t="26" w="126" /><ent r="3" t="37" w="46" /><ent r="3" t="37" w="46" /><ent r="3" t="47" w="576" /><ent r="3" t="47" w="576" /><ent r="4" t="51" w="1107" /><ent r="4" t="51" w="1107" /><ent r="4" t="51" w="1170" /><ent r="4" t="51" w="1170" /><ent r="4" t="55" w="391" /><ent r="4" t="55" w="391" /></phr><phr n="describes"><ent r="3" t="10" w="42" /><ent r="3" t="10" w="42" /><ent r="3" t="32" w="512" /><ent r="3" t="32" w="512" /><ent r="3" t="42" w="89" /><ent r="3" t="42" w="89" /></phr></stem><stem n="scribed"><phr n="described"><ent r="4" t="1" w="213" /><ent r="4" t="1" w="213" /><ent r="4" t="1" w="231" /><ent r="4" t="1" w="231" /><ent r="4" t="1" w="258" /><ent r="4" t="1" w="258" /><ent r="3" t="26" w="126" /><ent r="3" t="26" w="126" /><ent r="3" t="37" w="46" /><ent r="3" t="37" w="46" /><ent r="3" t="47" w="576" /><ent r="3" t="47" w="576" /><ent r="4" t="51" w="1107" /><ent r="4" t="51" w="1107" /><ent r="4" t="51" w="1170" /><ent r="4" t="51" w="1170" /><ent r="4" t="55" w="391" /><ent r="4" t="55" w="391" /></phr></stem><stem n="describe"><phr n="described"><ent r="4" t="1" w="213" /><ent r="4" t="1" w="213" /><ent r="4" t="1" w="231" /><ent r="4" t="1" w="231" /><ent r="4" t="1" w="258" /><ent r="4" t="1" w="258" /><ent r="3" t="26" w="126" /><ent r="3" t="26" w="126" /><ent r="3" t="37" w="46" /><ent r="3" t="37" w="46" /><ent r="3" t="47" w="576" /><ent r="3" t="47" w="576" /><ent r="4" t="51" w="1107" /><ent r="4" t="51" w="1107" /><ent r="4" t="51" w="1170" /><ent r="4" t="51" w="1170" /><ent r="4" t="55" w="391" /><ent r="4" t="55" w="391" /></phr><phr n="describes"><ent r="3" t="10" w="42" /><ent r="3" t="10" w="42" /><ent r="3" t="32" w="512" /><ent r="3" t="32" w="512" /><ent r="3" t="42" w="89" /><ent r="3" t="42" w="89" /></phr></stem><stem n="escribed"><phr n="described"><ent r="4" t="1" w="213" /><ent r="4" t="1" w="213" /><ent r="4" t="1" w="231" /><ent r="4" t="1" w="231" /><ent r="4" t="1" w="258" /><ent r="4" t="1" w="258" /><ent r="3" t="26" w="126" /><ent r="3" t="26" w="126" /><ent r="3" t="37" w="46" /><ent r="3" t="37" w="46" /><ent r="3" t="47" w="576" /><ent r="3" t="47" w="576" /><ent r="4" t="51" w="1107" /><ent r="4" t="51" w="1107" /><ent r="4" t="51" w="1170" /><ent r="4" t="51" w="1170" /><ent r="4" t="55" w="391" /><ent r="4" t="55" w="391" /></phr></stem><stem n="described"><phr n="described"><ent r="4" t="1" w="213" /><ent r="4" t="1" w="213" /><ent r="4" t="1" w="231" /><ent r="4" t="1" w="231" /><ent r="4" t="1" w="258" /><ent r="4" t="1" w="258" /><ent r="3" t="26" w="126" /><ent r="3" t="26" w="126" /><ent r="3" t="37" w="46" /><ent r="3" t="37" w="46" /><ent r="3" t="47" w="576" /><ent r="3" t="47" w="576" /><ent r="4" t="51" w="1107" /><ent r="4" t="51" w="1107" /><ent r="4" t="51" w="1170" /><ent r="4" t="51" w="1170" /><ent r="4" t="55" w="391" /><ent r="4" t="55" w="391" /></phr></stem><stem n="manual"><phr n="Manual"><ent r="4" t="1" w="216" /><ent r="4" t="1" w="238" /><ent r="4" t="1" w="238" /><ent r="4" t="1" w="274" /><ent r="4" t="1" w="274" /><ent r="5" t="1" w="453" /><ent r="5" t="1" w="453" /><ent r="3" t="1" w="471" /><ent r="3" t="1" w="471" /><ent r="5" t="1" w="583" /><ent r="5" t="1" w="583" /><ent r="3" t="1" w="601" /><ent r="3" t="1" w="601" /><ent r="5" t="2" w="283" /><ent r="5" t="2" w="283" /><ent r="5" t="5" w="62" /><ent r="5" t="5" w="62" /><ent r="5" t="8" w="258" /><ent r="5" t="8" w="258" /><ent r="6" t="10" w="425" /><ent r="6" t="10" w="425" /><ent r="5" t="16" w="118" /><ent r="5" t="16" w="118" /><ent r="4" t="16" w="163" /><ent r="4" t="16" w="163" /><ent r="5" t="16" w="409" /><ent r="5" t="16" w="409" /><ent r="5" t="18" w="392" /><ent r="5" t="18" w="392" /><ent r="8" t="18" w="1008" /><ent r="8" t="18" w="1008" /><ent r="8" t="18" w="2187" /><ent r="8" t="18" w="2187" /><ent r="5" t="24" w="338" /><ent r="5" t="24" w="338" /><ent r="6" t="24" w="514" /><ent r="6" t="24" w="514" /><ent r="8" t="27" w="763" /><ent r="8" t="27" w="763" /><ent r="5" t="39" w="160" /><ent r="5" t="39" w="160" /><ent r="5" t="40" w="154" /><ent r="5" t="40" w="154" /><ent r="3" t="42" w="509" /><ent r="3" t="42" w="509" /><ent r="7" t="49" w="315" /><ent r="7" t="49" w="315" /><ent r="5" t="55" w="1734" /><ent r="5" t="55" w="1734" /></phr><phr n="manual"><ent r="3" t="2" w="88" /><ent r="3" t="2" w="88" /><ent r="3" t="2" w="96" /><ent r="3" t="30" w="90" /><ent r="3" t="30" w="90" /><ent r="3" t="42" w="760" /><ent r="3" t="42" w="760" /></phr><phr n="manually"><ent r="4" t="7" w="671" /><ent r="4" t="7" w="671" /><ent r="3" t="7" w="694" /><ent r="3" t="7" w="694" /><ent r="3" t="8" w="308" /><ent r="3" t="8" w="308" /><ent r="3" t="26" w="106" /><ent r="3" t="26" w="106" /><ent r="3" t="28" w="254" /><ent r="3" t="28" w="254" /><ent r="4" t="29" w="86" /><ent r="4" t="29" w="86" /><ent r="3" t="29" w="214" /><ent r="3" t="29" w="214" /><ent r="3" t="30" w="86" /><ent r="3" t="30" w="86" /><ent r="3" t="31" w="80" /><ent r="3" t="31" w="80" /><ent r="3" t="31" w="92" /><ent r="3" t="31" w="92" /><ent r="3" t="35" w="22" /><ent r="3" t="35" w="22" /><ent r="3" t="41" w="133" /><ent r="3" t="41" w="133" /><ent r="3" t="42" w="470" /><ent r="3" t="42" w="470" /><ent r="3" t="42" w="800" /><ent r="3" t="42" w="800" /><ent r="3" t="42" w="1380" /><ent r="3" t="42" w="1380" /><ent r="3" t="42" w="1767" /><ent r="3" t="42" w="1767" /><ent r="3" t="42" w="1851" /><ent r="3" t="42" w="1851" /></phr></stem><stem n="manu"><phr n="Manual"><ent r="4" t="1" w="216" /><ent r="4" t="1" w="238" /><ent r="4" t="1" w="238" /><ent r="4" t="1" w="274" /><ent r="4" t="1" w="274" /><ent r="5" t="1" w="453" /><ent r="5" t="1" w="453" /><ent r="3" t="1" w="471" /><ent r="3" t="1" w="471" /><ent r="5" t="1" w="583" /><ent r="5" t="1" w="583" /><ent r="3" t="1" w="601" /><ent r="3" t="1" w="601" /><ent r="5" t="2" w="283" /><ent r="5" t="2" w="283" /><ent r="5" t="5" w="62" /><ent r="5" t="5" w="62" /><ent r="5" t="8" w="258" /><ent r="5" t="8" w="258" /><ent r="6" t="10" w="425" /><ent r="6" t="10" w="425" /><ent r="5" t="16" w="118" /><ent r="5" t="16" w="118" /><ent r="4" t="16" w="163" /><ent r="4" t="16" w="163" /><ent r="5" t="16" w="409" /><ent r="5" t="16" w="409" /><ent r="5" t="18" w="392" /><ent r="5" t="18" w="392" /><ent r="8" t="18" w="1008" /><ent r="8" t="18" w="1008" /><ent r="8" t="18" w="2187" /><ent r="8" t="18" w="2187" /><ent r="5" t="24" w="338" /><ent r="5" t="24" w="338" /><ent r="6" t="24" w="514" /><ent r="6" t="24" w="514" /><ent r="8" t="27" w="763" /><ent r="8" t="27" w="763" /><ent r="5" t="39" w="160" /><ent r="5" t="39" w="160" /><ent r="5" t="40" w="154" /><ent r="5" t="40" w="154" /><ent r="3" t="42" w="509" /><ent r="3" t="42" w="509" /><ent r="7" t="49" w="315" /><ent r="7" t="49" w="315" /><ent r="5" t="55" w="1734" /><ent r="5" t="55" w="1734" /></phr><phr n="manual"><ent r="3" t="2" w="88" /><ent r="3" t="2" w="88" /><ent r="3" t="2" w="96" /><ent r="3" t="30" w="90" /><ent r="3" t="30" w="90" /><ent r="3" t="42" w="760" /><ent r="3" t="42" w="760" /></phr><phr n="manually"><ent r="4" t="7" w="671" /><ent r="4" t="7" w="671" /><ent r="3" t="7" w="694" /><ent r="3" t="7" w="694" /><ent r="3" t="8" w="308" /><ent r="3" t="8" w="308" /><ent r="3" t="26" w="106" /><ent r="3" t="26" w="106" /><ent r="3" t="28" w="254" /><ent r="3" t="28" w="254" /><ent r="4" t="29" w="86" /><ent r="4" t="29" w="86" /><ent r="3" t="29" w="214" /><ent r="3" t="29" w="214" /><ent r="3" t="30" w="86" /><ent r="3" t="30" w="86" /><ent r="3" t="31" w="80" /><ent r="3" t="31" w="80" /><ent r="3" t="31" w="92" /><ent r="3" t="31" w="92" /><ent r="3" t="35" w="22" /><ent r="3" t="35" w="22" /><ent r="3" t="41" w="133" /><ent r="3" t="41" w="133" /><ent r="3" t="42" w="470" /><ent r="3" t="42" w="470" /><ent r="3" t="42" w="800" /><ent r="3" t="42" w="800" /><ent r="3" t="42" w="1380" /><ent r="3" t="42" w="1380" /><ent r="3" t="42" w="1767" /><ent r="3" t="42" w="1767" /><ent r="3" t="42" w="1851" /><ent r="3" t="42" w="1851" /></phr><phr n="manufacturer"><ent r="3" t="62" w="369" /><ent r="3" t="62" w="369" /></phr></stem><stem n="anua"><phr n="Manual"><ent r="4" t="1" w="216" /><ent r="4" t="1" w="238" /><ent r="4" t="1" w="238" /><ent r="4" t="1" w="274" /><ent r="4" t="1" w="274" /><ent r="5" t="1" w="453" /><ent r="5" t="1" w="453" /><ent r="3" t="1" w="471" /><ent r="3" t="1" w="471" /><ent r="5" t="1" w="583" /><ent r="5" t="1" w="583" /><ent r="3" t="1" w="601" /><ent r="3" t="1" w="601" /><ent r="5" t="2" w="283" /><ent r="5" t="2" w="283" /><ent r="5" t="5" w="62" /><ent r="5" t="5" w="62" /><ent r="5" t="8" w="258" /><ent r="5" t="8" w="258" /><ent r="6" t="10" w="425" /><ent r="6" t="10" w="425" /><ent r="5" t="16" w="118" /><ent r="5" t="16" w="118" /><ent r="4" t="16" w="163" /><ent r="4" t="16" w="163" /><ent r="5" t="16" w="409" /><ent r="5" t="16" w="409" /><ent r="5" t="18" w="392" /><ent r="5" t="18" w="392" /><ent r="8" t="18" w="1008" /><ent r="8" t="18" w="1008" /><ent r="8" t="18" w="2187" /><ent r="8" t="18" w="2187" /><ent r="5" t="24" w="338" /><ent r="5" t="24" w="338" /><ent r="6" t="24" w="514" /><ent r="6" t="24" w="514" /><ent r="8" t="27" w="763" /><ent r="8" t="27" w="763" /><ent r="5" t="39" w="160" /><ent r="5" t="39" w="160" /><ent r="5" t="40" w="154" /><ent r="5" t="40" w="154" /><ent r="3" t="42" w="509" /><ent r="3" t="42" w="509" /><ent r="7" t="49" w="315" /><ent r="7" t="49" w="315" /><ent r="5" t="55" w="1734" /><ent r="5" t="55" w="1734" /></phr><phr n="manual"><ent r="3" t="2" w="88" /><ent r="3" t="2" w="88" /><ent r="3" t="2" w="96" /><ent r="3" t="30" w="90" /><ent r="3" t="30" w="90" /><ent r="3" t="42" w="760" /><ent r="3" t="42" w="760" /></phr><phr n="manually"><ent r="4" t="7" w="671" /><ent r="4" t="7" w="671" /><ent r="3" t="7" w="694" /><ent r="3" t="7" w="694" /><ent r="3" t="8" w="308" /><ent r="3" t="8" w="308" /><ent r="3" t="26" w="106" /><ent r="3" t="26" w="106" /><ent r="3" t="28" w="254" /><ent r="3" t="28" w="254" /><ent r="4" t="29" w="86" /><ent r="4" t="29" w="86" /><ent r="3" t="29" w="214" /><ent r="3" t="29" w="214" /><ent r="3" t="30" w="86" /><ent r="3" t="30" w="86" /><ent r="3" t="31" w="80" /><ent r="3" t="31" w="80" /><ent r="3" t="31" w="92" /><ent r="3" t="31" w="92" /><ent r="3" t="35" w="22" /><ent r="3" t="35" w="22" /><ent r="3" t="41" w="133" /><ent r="3" t="41" w="133" /><ent r="3" t="42" w="470" /><ent r="3" t="42" w="470" /><ent r="3" t="42" w="800" /><ent r="3" t="42" w="800" /><ent r="3" t="42" w="1380" /><ent r="3" t="42" w="1380" /><ent r="3" t="42" w="1767" /><ent r="3" t="42" w="1767" /><ent r="3" t="42" w="1851" /><ent r="3" t="42" w="1851" /></phr></stem><stem n="nual"><phr n="Manual"><ent r="4" t="1" w="216" /><ent r="4" t="1" w="238" /><ent r="4" t="1" w="238" /><ent r="4" t="1" w="274" /><ent r="4" t="1" w="274" /><ent r="5" t="1" w="453" /><ent r="5" t="1" w="453" /><ent r="3" t="1" w="471" /><ent r="3" t="1" w="471" /><ent r="5" t="1" w="583" /><ent r="5" t="1" w="583" /><ent r="3" t="1" w="601" /><ent r="3" t="1" w="601" /><ent r="5" t="2" w="283" /><ent r="5" t="2" w="283" /><ent r="5" t="5" w="62" /><ent r="5" t="5" w="62" /><ent r="5" t="8" w="258" /><ent r="5" t="8" w="258" /><ent r="6" t="10" w="425" /><ent r="6" t="10" w="425" /><ent r="5" t="16" w="118" /><ent r="5" t="16" w="118" /><ent r="4" t="16" w="163" /><ent r="4" t="16" w="163" /><ent r="5" t="16" w="409" /><ent r="5" t="16" w="409" /><ent r="5" t="18" w="392" /><ent r="5" t="18" w="392" /><ent r="8" t="18" w="1008" /><ent r="8" t="18" w="1008" /><ent r="8" t="18" w="2187" /><ent r="8" t="18" w="2187" /><ent r="5" t="24" w="338" /><ent r="5" t="24" w="338" /><ent r="6" t="24" w="514" /><ent r="6" t="24" w="514" /><ent r="8" t="27" w="763" /><ent r="8" t="27" w="763" /><ent r="5" t="39" w="160" /><ent r="5" t="39" w="160" /><ent r="5" t="40" w="154" /><ent r="5" t="40" w="154" /><ent r="3" t="42" w="509" /><ent r="3" t="42" w="509" /><ent r="7" t="49" w="315" /><ent r="7" t="49" w="315" /><ent r="5" t="55" w="1734" /><ent r="5" t="55" w="1734" /></phr><phr n="manual"><ent r="3" t="2" w="88" /><ent r="3" t="2" w="88" /><ent r="3" t="2" w="96" /><ent r="3" t="30" w="90" /><ent r="3" t="30" w="90" /><ent r="3" t="42" w="760" /><ent r="3" t="42" w="760" /></phr><phr n="manually"><ent r="4" t="7" w="671" /><ent r="4" t="7" w="671" /><ent r="3" t="7" w="694" /><ent r="3" t="7" w="694" /><ent r="3" t="8" w="308" /><ent r="3" t="8" w="308" /><ent r="3" t="26" w="106" /><ent r="3" t="26" w="106" /><ent r="3" t="28" w="254" /><ent r="3" t="28" w="254" /><ent r="4" t="29" w="86" /><ent r="4" t="29" w="86" /><ent r="3" t="29" w="214" /><ent r="3" t="29" w="214" /><ent r="3" t="30" w="86" /><ent r="3" t="30" w="86" /><ent r="3" t="31" w="80" /><ent r="3" t="31" w="80" /><ent r="3" t="31" w="92" /><ent r="3" t="31" w="92" /><ent r="3" t="35" w="22" /><ent r="3" t="35" w="22" /><ent r="3" t="41" w="133" /><ent r="3" t="41" w="133" /><ent r="3" t="42" w="470" /><ent r="3" t="42" w="470" /><ent r="3" t="42" w="800" /><ent r="3" t="42" w="800" /><ent r="3" t="42" w="1380" /><ent r="3" t="42" w="1380" /><ent r="3" t="42" w="1767" /><ent r="3" t="42" w="1767" /><ent r="3" t="42" w="1851" /><ent r="3" t="42" w="1851" /></phr></stem><stem n="manua"><phr n="Manual"><ent r="4" t="1" w="216" /><ent r="4" t="1" w="238" /><ent r="4" t="1" w="238" /><ent r="4" t="1" w="274" /><ent r="4" t="1" w="274" /><ent r="5" t="1" w="453" /><ent r="5" t="1" w="453" /><ent r="3" t="1" w="471" /><ent r="3" t="1" w="471" /><ent r="5" t="1" w="583" /><ent r="5" t="1" w="583" /><ent r="3" t="1" w="601" /><ent r="3" t="1" w="601" /><ent r="5" t="2" w="283" /><ent r="5" t="2" w="283" /><ent r="5" t="5" w="62" /><ent r="5" t="5" w="62" /><ent r="5" t="8" w="258" /><ent r="5" t="8" w="258" /><ent r="6" t="10" w="425" /><ent r="6" t="10" w="425" /><ent r="5" t="16" w="118" /><ent r="5" t="16" w="118" /><ent r="4" t="16" w="163" /><ent r="4" t="16" w="163" /><ent r="5" t="16" w="409" /><ent r="5" t="16" w="409" /><ent r="5" t="18" w="392" /><ent r="5" t="18" w="392" /><ent r="8" t="18" w="1008" /><ent r="8" t="18" w="1008" /><ent r="8" t="18" w="2187" /><ent r="8" t="18" w="2187" /><ent r="5" t="24" w="338" /><ent r="5" t="24" w="338" /><ent r="6" t="24" w="514" /><ent r="6" t="24" w="514" /><ent r="8" t="27" w="763" /><ent r="8" t="27" w="763" /><ent r="5" t="39" w="160" /><ent r="5" t="39" w="160" /><ent r="5" t="40" w="154" /><ent r="5" t="40" w="154" /><ent r="3" t="42" w="509" /><ent r="3" t="42" w="509" /><ent r="7" t="49" w="315" /><ent r="7" t="49" w="315" /><ent r="5" t="55" w="1734" /><ent r="5" t="55" w="1734" /></phr><phr n="manual"><ent r="3" t="2" w="88" /><ent r="3" t="2" w="88" /><ent r="3" t="2" w="96" /><ent r="3" t="30" w="90" /><ent r="3" t="30" w="90" /><ent r="3" t="42" w="760" /><ent r="3" t="42" w="760" /></phr><phr n="manually"><ent r="4" t="7" w="671" /><ent r="4" t="7" w="671" /><ent r="3" t="7" w="694" /><ent r="3" t="7" w="694" /><ent r="3" t="8" w="308" /><ent r="3" t="8" w="308" /><ent r="3" t="26" w="106" /><ent r="3" t="26" w="106" /><ent r="3" t="28" w="254" /><ent r="3" t="28" w="254" /><ent r="4" t="29" w="86" /><ent r="4" t="29" w="86" /><ent r="3" t="29" w="214" /><ent r="3" t="29" w="214" /><ent r="3" t="30" w="86" /><ent r="3" t="30" w="86" /><ent r="3" t="31" w="80" /><ent r="3" t="31" w="80" /><ent r="3" t="31" w="92" /><ent r="3" t="31" w="92" /><ent r="3" t="35" w="22" /><ent r="3" t="35" w="22" /><ent r="3" t="41" w="133" /><ent r="3" t="41" w="133" /><ent r="3" t="42" w="470" /><ent r="3" t="42" w="470" /><ent r="3" t="42" w="800" /><ent r="3" t="42" w="800" /><ent r="3" t="42" w="1380" /><ent r="3" t="42" w="1380" /><ent r="3" t="42" w="1767" /><ent r="3" t="42" w="1767" /><ent r="3" t="42" w="1851" /><ent r="3" t="42" w="1851" /></phr></stem><stem n="anual"><phr n="Manual"><ent r="4" t="1" w="216" /><ent r="4" t="1" w="238" /><ent r="4" t="1" w="238" /><ent r="4" t="1" w="274" /><ent r="4" t="1" w="274" /><ent r="5" t="1" w="453" /><ent r="5" t="1" w="453" /><ent r="3" t="1" w="471" /><ent r="3" t="1" w="471" /><ent r="5" t="1" w="583" /><ent r="5" t="1" w="583" /><ent r="3" t="1" w="601" /><ent r="3" t="1" w="601" /><ent r="5" t="2" w="283" /><ent r="5" t="2" w="283" /><ent r="5" t="5" w="62" /><ent r="5" t="5" w="62" /><ent r="5" t="8" w="258" /><ent r="5" t="8" w="258" /><ent r="6" t="10" w="425" /><ent r="6" t="10" w="425" /><ent r="5" t="16" w="118" /><ent r="5" t="16" w="118" /><ent r="4" t="16" w="163" /><ent r="4" t="16" w="163" /><ent r="5" t="16" w="409" /><ent r="5" t="16" w="409" /><ent r="5" t="18" w="392" /><ent r="5" t="18" w="392" /><ent r="8" t="18" w="1008" /><ent r="8" t="18" w="1008" /><ent r="8" t="18" w="2187" /><ent r="8" t="18" w="2187" /><ent r="5" t="24" w="338" /><ent r="5" t="24" w="338" /><ent r="6" t="24" w="514" /><ent r="6" t="24" w="514" /><ent r="8" t="27" w="763" /><ent r="8" t="27" w="763" /><ent r="5" t="39" w="160" /><ent r="5" t="39" w="160" /><ent r="5" t="40" w="154" /><ent r="5" t="40" w="154" /><ent r="3" t="42" w="509" /><ent r="3" t="42" w="509" /><ent r="7" t="49" w="315" /><ent r="7" t="49" w="315" /><ent r="5" t="55" w="1734" /><ent r="5" t="55" w="1734" /></phr><phr n="manual"><ent r="3" t="2" w="88" /><ent r="3" t="2" w="88" /><ent r="3" t="2" w="96" /><ent r="3" t="30" w="90" /><ent r="3" t="30" w="90" /><ent r="3" t="42" w="760" /><ent r="3" t="42" w="760" /></phr><phr n="manually"><ent r="4" t="7" w="671" /><ent r="4" t="7" w="671" /><ent r="3" t="7" w="694" /><ent r="3" t="7" w="694" /><ent r="3" t="8" w="308" /><ent r="3" t="8" w="308" /><ent r="3" t="26" w="106" /><ent r="3" t="26" w="106" /><ent r="3" t="28" w="254" /><ent r="3" t="28" w="254" /><ent r="4" t="29" w="86" /><ent r="4" t="29" w="86" /><ent r="3" t="29" w="214" /><ent r="3" t="29" w="214" /><ent r="3" t="30" w="86" /><ent r="3" t="30" w="86" /><ent r="3" t="31" w="80" /><ent r="3" t="31" w="80" /><ent r="3" t="31" w="92" /><ent r="3" t="31" w="92" /><ent r="3" t="35" w="22" /><ent r="3" t="35" w="22" /><ent r="3" t="41" w="133" /><ent r="3" t="41" w="133" /><ent r="3" t="42" w="470" /><ent r="3" t="42" w="470" /><ent r="3" t="42" w="800" /><ent r="3" t="42" w="800" /><ent r="3" t="42" w="1380" /><ent r="3" t="42" w="1380" /><ent r="3" t="42" w="1767" /><ent r="3" t="42" w="1767" /><ent r="3" t="42" w="1851" /><ent r="3" t="42" w="1851" /></phr></stem></index>