﻿<?xml version="1.0" encoding="utf-8"?><index><stem n="learn"><phr n="learn"><ent r="3" t="10" w="240" /><ent r="4" t="29" w="132" /></phr></stem><stem n="possibl"><phr n="possible"><ent r="3" t="10" w="243" /><ent r="3" t="40" w="170" /><ent r="3" t="41" w="196" /><ent r="3" t="44" w="157" /><ent r="3" t="46" w="573" /><ent r="4" t="67" w="1012" /></phr></stem><stem n="choos"><phr n="choose"><ent r="3" t="10" w="256" /><ent r="4" t="17" w="363" /><ent r="7" t="17" w="1893" /><ent r="7" t="19" w="511" /><ent r="7" t="20" w="713" /><ent r="7" t="21" w="764" /><ent r="7" t="26" w="1378" /><ent r="3" t="31" w="281" /><ent r="5" t="31" w="638" /></phr><phr n="Choose"><ent r="7" t="17" w="1104" /><ent r="7" t="17" w="1231" /><ent r="7" t="26" w="887" /></phr><phr n="chooses"><ent r="3" t="31" w="510" /></phr></stem><stem n="without"><phr n="without"><ent r="3" t="10" w="268" /><ent r="3" t="14" w="48" /><ent r="3" t="25" w="77" /><ent r="3" t="36" w="610" /><ent r="3" t="41" w="123" /><ent r="6" t="42" w="189" /><ent r="6" t="44" w="283" /><ent r="3" t="46" w="56" /><ent r="3" t="46" w="303" /><ent r="3" t="60" w="91" /><ent r="3" t="60" w="115" /><ent r="3" t="67" w="374" /><ent r="3" t="67" w="391" /><ent r="4" t="67" w="754" /><ent r="4" t="67" w="837" /></phr></stem><stem n="via"><phr n="via"><ent r="3" t="10" w="275" /><ent r="4" t="24" w="88" /><ent r="4" t="24" w="238" /><ent r="4" t="46" w="211" /><ent r="3" t="46" w="547" /><ent r="3" t="50" w="800" /><ent r="3" t="61" w="51" /></phr></stem><stem n="take"><phr n="take"><ent r="3" t="10" w="279" /><ent r="3" t="46" w="563" /></phr><phr n="takes"><ent r="3" t="59" w="147" /></phr></stem><stem n="effect"><phr n="effect"><ent r="3" t="10" w="280" /><ent r="4" t="37" w="180" /><ent r="3" t="67" w="49" /></phr><phr n="effective"><ent r="3" t="37" w="37" /></phr></stem><stem n="immedi"><phr n="immediately"><ent r="3" t="10" w="281" /></phr></stem><stem n="restart"><phr n="restart"><ent r="3" t="10" w="284" /><ent r="6" t="42" w="135" /><ent r="6" t="42" w="242" /><ent r="6" t="42" w="297" /></phr><phr n="restarted"><ent r="8" t="32" w="509" /></phr><phr n="Restarting"><ent r="6" t="44" w="267" /></phr><phr n="Restart"><ent r="4" t="63" w="151" /><ent r="4" t="64" w="232" /><ent r="4" t="65" w="184" /><ent r="4" t="66" w="290" /><ent r="4" t="67" w="212" /></phr></stem><stem n="editor"><phr n="Editor"><ent r="4" t="10" w="323" /></phr><phr n="editor"><ent r="3" t="45" w="197" /><ent r="4" t="63" w="48" /><ent r="4" t="64" w="45" /><ent r="4" t="65" w="108" /><ent r="4" t="66" w="120" /></phr></stem><stem n="ssxvcconfig"><phr n="ssxvcconfig"><ent r="6" t="10" w="335" /><ent r="8" t="63" w="63" /><ent r="8" t="64" w="60" /><ent r="8" t="65" w="123" /><ent r="7" t="66" w="135" /></phr></stem><stem n=".bat"><phr n=".bat"><ent r="6" t="10" w="336" /><ent r="8" t="63" w="64" /><ent r="8" t="64" w="61" /><ent r="8" t="65" w="124" /><ent r="7" t="66" w="136" /></phr></stem><stem n="ssxvcconfig.bat"><phr n="ssxvcconfig.bat"><ent r="6" t="10" w="336" /><ent r="6" t="10" w="335" /><ent r="8" t="63" w="64" /><ent r="8" t="63" w="63" /><ent r="8" t="64" w="61" /><ent r="8" t="64" w="60" /><ent r="8" t="65" w="124" /><ent r="8" t="65" w="123" /><ent r="7" t="66" w="136" /><ent r="7" t="66" w="135" /></phr></stem><stem n="bat"><phr n="bat"><ent r="6" t="10" w="336" /><ent r="8" t="63" w="62" /><ent r="8" t="63" w="64" /><ent r="8" t="64" w="59" /><ent r="8" t="64" w="61" /><ent r="8" t="65" w="122" /><ent r="8" t="65" w="124" /><ent r="7" t="66" w="134" /><ent r="7" t="66" w="136" /></phr></stem><stem n=".sh"><phr n=".sh"><ent r="6" t="10" w="343" /><ent r="6" t="63" w="75" /><ent r="6" t="64" w="72" /><ent r="6" t="65" w="135" /><ent r="5" t="66" w="147" /></phr></stem><stem n="–config"><phr n="–config"><ent r="6" t="10" w="344" /></phr></stem><stem n="upgrad"><phr n="Upgrade"><ent r="5" t="10" w="373" /></phr></stem><stem n="quit"><phr n="quit"><ent r="5" t="10" w="391" /></phr></stem><stem n="done"><phr n="done"><ent r="4" t="10" w="394" /><ent r="4" t="31" w="141" /><ent r="4" t="32" w="560" /><ent r="4" t="44" w="441" /><ent r="3" t="46" w="302" /><ent r="3" t="50" w="711" /></phr></stem><stem n=":edit"><phr n=":editing"><ent r="100" t="11" w="8" /><ent r="100" t="32" w="12" /></phr></stem><stem n="-level"><phr n="-level"><ent r="4" t="11" w="81" /><ent r="4" t="11" w="81" /><ent r="4" t="17" w="2201" /><ent r="4" t="17" w="2201" /><ent r="4" t="19" w="819" /><ent r="4" t="19" w="819" /><ent r="4" t="20" w="1023" /><ent r="4" t="20" w="1023" /><ent r="4" t="21" w="1076" /><ent r="4" t="21" w="1076" /><ent r="6" t="42" w="184" /><ent r="6" t="42" w="184" /><ent r="3" t="54" w="188" /><ent r="3" t="54" w="188" /></phr></stem><stem n="field-level"><phr n="field-level"><ent r="4" t="11" w="81" /></phr></stem><stem n="level"><phr n="level"><ent r="4" t="11" w="82" /><ent r="4" t="17" w="2202" /><ent r="4" t="19" w="820" /><ent r="4" t="20" w="1024" /><ent r="4" t="21" w="1077" /><ent r="6" t="42" w="185" /><ent r="3" t="54" w="189" /><ent r="3" t="61" w="34" /><ent r="7" t="62" w="168" /><ent r="7" t="62" w="225" /><ent r="100" t="64" w="12" /><ent r="100" t="64" w="16" /><ent r="100" t="64" w="19" /><ent r="3" t="64" w="35" /><ent r="3" t="64" w="158" /><ent r="4" t="64" w="182" /><ent r="4" t="64" w="189" /><ent r="4" t="64" w="196" /><ent r="3" t="64" w="243" /><ent r="7" t="70" w="113" /></phr><phr n="Level"><ent r="3" t="61" w="89" /><ent r="68" t="62" w="237" /><ent r="1000" t="64" w="6" /><ent r="102" t="64" w="27" /><ent r="68" t="70" w="125" /></phr></stem><stem n=":delet"><phr n=":deleting"><ent r="100" t="12" w="8" /><ent r="100" t="33" w="7" /><ent r="100" t="33" w="11" /></phr></stem><stem n="confirm"><phr n="confirm"><ent r="4" t="12" w="74" /><ent r="4" t="12" w="83" /><ent r="4" t="28" w="1204" /><ent r="4" t="33" w="195" /><ent r="3" t="36" w="150" /><ent r="4" t="50" w="882" /></phr><phr n="confirmation"><ent r="4" t="13" w="174" /><ent r="3" t="41" w="703" /><ent r="4" t="41" w="1155" /><ent r="3" t="54" w="190" /><ent r="6" t="54" w="619" /><ent r="9" t="54" w="646" /><ent r="9" t="54" w="723" /><ent r="9" t="54" w="833" /><ent r="9" t="54" w="904" /><ent r="9" t="54" w="975" /><ent r="9" t="54" w="1000" /><ent r="3" t="59" w="258" /><ent r="4" t="59" w="296" /></phr><phr n="confirms"><ent r="10" t="17" w="1432" /></phr><phr n="Confirm"><ent r="3" t="36" w="421" /><ent r="6" t="49" w="141" /><ent r="6" t="50" w="166" /></phr><phr n="Confirmation"><ent r="6" t="54" w="604" /><ent r="6" t="54" w="609" /></phr></stem><stem n=":client"><phr n=":client"><ent r="100" t="12" w="86" /><ent r="100" t="39" w="16" /><ent r="100" t="41" w="1956" /></phr></stem><stem n=":privat"><phr n=":private"><ent r="100" t="12" w="90" /></phr></stem><stem n="privat"><phr n="private"><ent r="100" t="12" w="90" /><ent r="4" t="12" w="106" /><ent r="5" t="12" w="135" /><ent r="5" t="12" w="142" /><ent r="5" t="12" w="171" /><ent r="3" t="12" w="275" /><ent r="4" t="12" w="294" /><ent r="3" t="13" w="309" /><ent r="9" t="17" w="1325" /><ent r="10" t="17" w="1410" /><ent r="3" t="23" w="247" /><ent r="4" t="28" w="1019" /><ent r="3" t="41" w="1184" /><ent r="3" t="41" w="1251" /><ent r="3" t="41" w="1293" /><ent r="3" t="41" w="1458" /><ent r="3" t="41" w="1514" /><ent r="3" t="41" w="1715" /><ent r="3" t="41" w="1785" /><ent r="3" t="41" w="1826" /><ent r="9" t="54" w="706" /><ent r="4" t="58" w="94" /><ent r="7" t="67" w="270" /></phr><phr n="Private"><ent r="100" t="12" w="93" /><ent r="6" t="12" w="191" /><ent r="92" t="12" w="269" /></phr></stem><stem n="attach"><phr n="attached"><ent r="4" t="12" w="101" /><ent r="3" t="41" w="1886" /><ent r="7" t="50" w="567" /><ent r="4" t="50" w="944" /></phr><phr n="attachment"><ent r="100" t="28" w="13" /><ent r="100" t="39" w="968" /></phr><phr n="attach"><ent r="3" t="41" w="595" /><ent r="7" t="49" w="363" /><ent r="7" t="50" w="333" /><ent r="3" t="50" w="841" /><ent r="4" t="50" w="1120" /></phr><phr n="Attachment"><ent r="7" t="62" w="67" /></phr></stem><stem n="remind"><phr n="reminded"><ent r="4" t="12" w="110" /></phr></stem><stem n="elsewher"><phr n="elsewhere"><ent r="5" t="12" w="125" /></phr></stem><stem n="destroi"><phr n="Destroy"><ent r="6" t="12" w="128" /></phr></stem><stem n="anoth"><phr n="another"><ent r="5" t="12" w="147" /><ent r="3" t="15" w="190" /><ent r="7" t="17" w="1917" /><ent r="7" t="19" w="535" /><ent r="7" t="20" w="737" /><ent r="7" t="21" w="788" /><ent r="7" t="26" w="1402" /><ent r="3" t="27" w="232" /><ent r="3" t="28" w="195" /><ent r="3" t="34" w="77" /><ent r="4" t="37" w="89" /><ent r="3" t="39" w="415" /><ent r="3" t="40" w="115" /><ent r="3" t="47" w="194" /><ent r="3" t="47" w="198" /><ent r="3" t="47" w="236" /><ent r="3" t="47" w="553" /><ent r="3" t="47" w="648" /><ent r="5" t="48" w="288" /><ent r="3" t="69" w="182" /></phr></stem><stem n="abort"><phr n="abort"><ent r="5" t="12" w="162" /></phr></stem><stem n=":preserv"><phr n=":preserving"><ent r="100" t="12" w="185" /></phr></stem><stem n="wish"><phr n="wish"><ent r="3" t="12" w="231" /><ent r="7" t="17" w="511" /><ent r="7" t="17" w="583" /><ent r="7" t="26" w="267" /><ent r="7" t="26" w="340" /></phr></stem><stem n="maintain"><phr n="maintain"><ent r="3" t="12" w="233" /></phr><phr n="Maintain"><ent r="4" t="46" w="95" /></phr></stem><stem n="renumb"><phr n="renumber"><ent r="3" t="12" w="255" /></phr></stem><stem n="remain"><phr n="remaining"><ent r="3" t="12" w="257" /><ent r="4" t="22" w="182" /></phr><phr n="remain"><ent r="6" t="17" w="602" /><ent r="6" t="17" w="797" /><ent r="6" t="26" w="359" /><ent r="6" t="26" w="580" /><ent r="3" t="41" w="1885" /></phr></stem><stem n="prior"><phr n="prior"><ent r="3" t="12" w="277" /><ent r="3" t="41" w="71" /><ent r="3" t="52" w="222" /><ent r="3" t="52" w="354" /></phr></stem><stem n="&quot;use"><phr n="&quot;Use"><ent r="4" t="12" w="315" /><ent r="6" t="17" w="1048" /><ent r="6" t="26" w="831" /><ent r="8" t="58" w="224" /><ent r="7" t="68" w="63" /><ent r="7" t="68" w="100" /></phr></stem><stem n="up"><phr n="up"><ent r="4" t="12" w="330" /><ent r="10" t="17" w="1430" /><ent r="6" t="17" w="1722" /><ent r="6" t="17" w="1737" /><ent r="6" t="19" w="340" /><ent r="6" t="19" w="355" /><ent r="6" t="20" w="542" /><ent r="6" t="20" w="557" /><ent r="6" t="21" w="593" /><ent r="6" t="21" w="608" /><ent r="65" t="23" w="168" /><ent r="66" t="24" w="118" /><ent r="66" t="24" w="418" /><ent r="3" t="24" w="634" /><ent r="6" t="26" w="1210" /><ent r="6" t="26" w="1225" /><ent r="3" t="28" w="660" /><ent r="3" t="28" w="736" /><ent r="3" t="28" w="1241" /><ent r="6" t="42" w="427" /></phr><phr n="Up"><ent r="64" t="23" w="201" /><ent r="92" t="23" w="414" /><ent r="64" t="24" w="582" /><ent r="92" t="24" w="625" /></phr></stem><stem n="keystor"><phr n="keystore"><ent r="4" t="12" w="332" /><ent r="4" t="12" w="349" /><ent r="4" t="12" w="369" /><ent r="7" t="17" w="1130" /><ent r="7" t="17" w="1140" /><ent r="9" t="17" w="1291" /><ent r="9" t="17" w="1329" /><ent r="9" t="17" w="1466" /><ent r="7" t="26" w="913" /><ent r="7" t="26" w="923" /><ent r="7" t="26" w="1027" /><ent r="7" t="26" w="1032" /><ent r="3" t="41" w="1754" /><ent r="3" t="41" w="1760" /><ent r="4" t="48" w="222" /><ent r="4" t="58" w="98" /></phr></stem><stem n="~"><phr n="~"><ent r="5" t="12" w="335" /><ent r="5" t="45" w="169" /><ent r="4" t="45" w="173" /></phr></stem><stem n="l7tech/keysnnn"><phr n="l7tech/keysNNN"><ent r="5" t="12" w="337" /><ent r="5" t="12" w="336" /></phr></stem><stem n="keysnnn"><phr n="keysNNN"><ent r="5" t="12" w="337" /></phr></stem><stem n="/.l7tech/keysnnn.p12"><phr n="/.l7tech/keysNNN.p12"><ent r="5" t="12" w="338" /></phr></stem><stem n="l7tech/keysnnn.p12"><phr n="l7tech/keysNNN.p12"><ent r="5" t="12" w="338" /><ent r="5" t="12" w="336" /></phr></stem><stem n="p12"><phr n="p12"><ent r="5" t="12" w="338" /><ent r="7" t="17" w="1135" /><ent r="9" t="17" w="1334" /><ent r="7" t="26" w="918" /><ent r="4" t="41" w="908" /><ent r="3" t="41" w="1751" /><ent r="4" t="41" w="1801" /><ent r="4" t="58" w="103" /></phr></stem><stem n="restor"><phr n="restore"><ent r="4" t="12" w="347" /></phr><phr n="restores"><ent r="7" t="17" w="1659" /><ent r="7" t="26" w="1197" /></phr></stem><stem n="&lt;program"><phr n="&lt;program"><ent r="7" t="12" w="388" /><ent r="7" t="45" w="133" /><ent r="5" t="63" w="194" /><ent r="5" t="64" w="272" /></phr></stem><stem n="directory&gt;"><phr n="directory&gt;"><ent r="7" t="12" w="390" /><ent r="7" t="45" w="135" /><ent r="5" t="63" w="196" /><ent r="5" t="64" w="274" /></phr></stem><stem n="\.l7tech"><phr n="\.l7tech"><ent r="7" t="12" w="392" /><ent r="7" t="12" w="419" /><ent r="5" t="45" w="120" /><ent r="7" t="45" w="137" /><ent r="7" t="45" w="164" /><ent r="5" t="63" w="198" /><ent r="5" t="63" w="225" /><ent r="5" t="64" w="276" /><ent r="5" t="64" w="303" /></phr></stem><stem n="(visibl"><phr n="(visible"><ent r="6" t="12" w="394" /><ent r="6" t="26" w="438" /><ent r="6" t="45" w="139" /><ent r="4" t="63" w="200" /><ent r="4" t="64" w="278" /></phr></stem><stem n="visibl"><phr n="visible"><ent r="6" t="12" w="394" /><ent r="6" t="26" w="438" /><ent r="3" t="27" w="192" /><ent r="3" t="41" w="2063" /><ent r="3" t="44" w="146" /><ent r="6" t="45" w="139" /><ent r="4" t="63" w="200" /><ent r="4" t="64" w="278" /></phr></stem><stem n="c"><phr n="c"><ent r="7" t="12" w="412" /><ent r="5" t="45" w="114" /><ent r="7" t="45" w="156" /><ent r="5" t="63" w="218" /><ent r="5" t="64" w="296" /><ent r="4" t="66" w="263" /></phr><phr n="C"><ent r="5" t="64" w="135" /></phr></stem><stem n=":\document"><phr n=":\Documents"><ent r="7" t="12" w="413" /><ent r="5" t="63" w="219" /><ent r="5" t="64" w="297" /></phr><phr n=":\documents"><ent r="5" t="45" w="115" /><ent r="7" t="45" w="157" /></phr></stem><stem n="\"><phr n="\"><ent r="7" t="12" w="416" /><ent r="7" t="45" w="160" /><ent r="5" t="63" w="222" /><ent r="5" t="64" w="300" /></phr></stem><stem n="&lt;user&gt;"><phr n="&lt;user&gt;"><ent r="7" t="12" w="417" /><ent r="6" t="12" w="426" /><ent r="5" t="63" w="223" /><ent r="5" t="64" w="301" /></phr></stem><stem n="home"><phr n="home"><ent r="6" t="12" w="424" /><ent r="6" t="17" w="689" /><ent r="6" t="26" w="459" /></phr><phr n="Home"><ent r="4" t="45" w="176" /></phr></stem><stem n="/home/"><phr n="/home/"><ent r="6" t="12" w="425" /></phr></stem><stem n="/.l7tech"><phr n="/.l7tech"><ent r="6" t="12" w="428" /><ent r="5" t="45" w="170" /></phr></stem><stem n=":chang"><phr n=":changing"><ent r="100" t="13" w="9" /></phr></stem><stem n=":password"><phr n=":password"><ent r="100" t="13" w="16" /></phr></stem><stem n="awar"><phr n="aware"><ent r="3" t="13" w="66" /><ent r="3" t="28" w="1073" /></phr></stem><stem n="everywher"><phr n="everywhere"><ent r="3" t="13" w="81" /></phr></stem><stem n="ti"><phr n="tied"><ent r="3" t="13" w="90" /><ent r="3" t="41" w="1200" /><ent r="3" t="41" w="1428" /><ent r="3" t="41" w="1680" /></phr></stem><stem n="revok"><phr n="revoke"><ent r="3" t="13" w="101" /><ent r="3" t="41" w="1404" /><ent r="3" t="41" w="2082" /></phr><phr n="revoked"><ent r="3" t="13" w="267" /><ent r="4" t="41" w="1923" /></phr><phr n="revoking"><ent r="3" t="41" w="1938" /></phr></stem><stem n="/tl"><phr n="/TLS"><ent r="64" t="13" w="132" /><ent r="125" t="13" w="326" /><ent r="64" t="27" w="308" /><ent r="65" t="28" w="874" /><ent r="64" t="40" w="147" /><ent r="1000" t="41" w="3" /><ent r="100" t="41" w="20" /><ent r="102" t="41" w="26" /><ent r="3" t="41" w="118" /><ent r="3" t="41" w="251" /><ent r="3" t="42" w="62" /><ent r="64" t="42" w="69" /><ent r="6" t="42" w="100" /><ent r="6" t="42" w="109" /><ent r="6" t="42" w="115" /><ent r="10" t="54" w="812" /></phr></stem><stem n="ssl/tl"><phr n="SSL/TLS"><ent r="64" t="13" w="132" /><ent r="64" t="13" w="131" /><ent r="125" t="13" w="326" /><ent r="125" t="13" w="325" /><ent r="64" t="27" w="308" /><ent r="64" t="27" w="307" /><ent r="65" t="28" w="874" /><ent r="65" t="28" w="873" /><ent r="64" t="40" w="147" /><ent r="64" t="40" w="146" /><ent r="1000" t="41" w="3" /><ent r="1000" t="41" w="2" /><ent r="100" t="41" w="20" /><ent r="100" t="41" w="19" /><ent r="102" t="41" w="26" /><ent r="102" t="41" w="25" /><ent r="3" t="41" w="118" /><ent r="3" t="41" w="117" /><ent r="3" t="41" w="251" /><ent r="3" t="41" w="250" /><ent r="3" t="42" w="62" /><ent r="3" t="42" w="61" /><ent r="64" t="42" w="69" /><ent r="64" t="42" w="68" /><ent r="6" t="42" w="100" /><ent r="6" t="42" w="99" /><ent r="6" t="42" w="109" /><ent r="6" t="42" w="108" /><ent r="6" t="42" w="115" /><ent r="6" t="42" w="114" /><ent r="6" t="54" w="531" /><ent r="6" t="54" w="530" /><ent r="10" t="54" w="812" /><ent r="10" t="54" w="811" /></phr></stem><stem n="tl"><phr n="TLS"><ent r="64" t="13" w="132" /><ent r="125" t="13" w="326" /><ent r="64" t="27" w="308" /><ent r="65" t="28" w="874" /><ent r="64" t="40" w="147" /><ent r="1000" t="41" w="3" /><ent r="100" t="41" w="11" /><ent r="100" t="41" w="20" /><ent r="102" t="41" w="26" /><ent r="3" t="41" w="118" /><ent r="3" t="41" w="251" /><ent r="3" t="42" w="62" /><ent r="64" t="42" w="69" /><ent r="6" t="42" w="100" /><ent r="6" t="42" w="109" /><ent r="6" t="42" w="115" /><ent r="6" t="54" w="531" /><ent r="7" t="54" w="545" /><ent r="10" t="54" w="812" /><ent r="9" t="54" w="879" /><ent r="9" t="54" w="1308" /></phr></stem><stem n="session"><phr n="Sessions"><ent r="64" t="13" w="134" /><ent r="125" t="13" w="328" /><ent r="64" t="27" w="310" /><ent r="65" t="28" w="876" /><ent r="1000" t="40" w="3" /><ent r="100" t="40" w="10" /><ent r="100" t="40" w="13" /><ent r="100" t="40" w="18" /><ent r="102" t="40" w="22" /><ent r="64" t="40" w="149" /><ent r="64" t="40" w="167" /><ent r="1000" t="41" w="5" /><ent r="100" t="41" w="16" /><ent r="100" t="41" w="22" /><ent r="102" t="41" w="28" /><ent r="64" t="41" w="193" /><ent r="1000" t="42" w="5" /><ent r="100" t="42" w="11" /><ent r="100" t="42" w="14" /><ent r="102" t="42" w="34" /><ent r="64" t="42" w="71" /></phr><phr n="session"><ent r="7" t="17" w="1901" /><ent r="7" t="17" w="1910" /><ent r="7" t="19" w="519" /><ent r="7" t="19" w="528" /><ent r="7" t="20" w="721" /><ent r="7" t="20" w="730" /><ent r="7" t="21" w="772" /><ent r="7" t="21" w="781" /><ent r="7" t="26" w="1386" /><ent r="7" t="26" w="1395" /><ent r="3" t="27" w="282" /><ent r="4" t="28" w="865" /><ent r="4" t="28" w="931" /><ent r="4" t="28" w="948" /><ent r="3" t="40" w="43" /><ent r="3" t="40" w="57" /><ent r="3" t="40" w="140" /><ent r="3" t="41" w="120" /><ent r="3" t="41" w="161" /><ent r="3" t="41" w="176" /><ent r="3" t="41" w="253" /><ent r="3" t="41" w="973" /><ent r="3" t="41" w="1087" /><ent r="3" t="41" w="1471" /><ent r="3" t="41" w="1571" /><ent r="3" t="41" w="1979" /><ent r="100" t="42" w="21" /><ent r="100" t="42" w="28" /><ent r="3" t="42" w="64" /><ent r="6" t="42" w="277" /><ent r="6" t="42" w="349" /><ent r="4" t="43" w="71" /><ent r="3" t="44" w="172" /><ent r="6" t="44" w="266" /></phr><phr n="sessions"><ent r="3" t="27" w="295" /><ent r="100" t="40" w="7" /><ent r="3" t="40" w="156" /><ent r="100" t="41" w="9" /><ent r="100" t="41" w="13" /><ent r="3" t="41" w="182" /><ent r="3" t="41" w="1880" /><ent r="3" t="42" w="54" /><ent r="3" t="42" w="80" /></phr><phr n="Session"><ent r="6" t="42" w="101" /></phr></stem><stem n="new"><phr n="new"><ent r="4" t="13" w="215" /><ent r="4" t="13" w="236" /><ent r="3" t="13" w="270" /><ent r="3" t="13" w="308" /><ent r="3" t="14" w="194" /><ent r="3" t="17" w="40" /><ent r="3" t="17" w="402" /><ent r="6" t="17" w="891" /><ent r="6" t="17" w="1796" /><ent r="3" t="17" w="2297" /><ent r="3" t="19" w="47" /><ent r="6" t="19" w="414" /><ent r="3" t="19" w="915" /><ent r="3" t="20" w="80" /><ent r="6" t="20" w="616" /><ent r="3" t="20" w="1121" /><ent r="3" t="21" w="52" /><ent r="6" t="21" w="667" /><ent r="3" t="21" w="1174" /><ent r="4" t="23" w="323" /><ent r="4" t="23" w="400" /><ent r="4" t="24" w="778" /><ent r="4" t="24" w="830" /><ent r="3" t="26" w="154" /><ent r="6" t="26" w="674" /><ent r="6" t="26" w="1284" /><ent r="3" t="26" w="1707" /><ent r="3" t="34" w="126" /><ent r="4" t="34" w="334" /><ent r="3" t="36" w="313" /><ent r="3" t="41" w="1696" /><ent r="6" t="42" w="306" /><ent r="6" t="49" w="194" /><ent r="6" t="49" w="310" /><ent r="6" t="49" w="383" /><ent r="7" t="49" w="399" /><ent r="6" t="50" w="262" /><ent r="6" t="50" w="386" /><ent r="3" t="52" w="270" /><ent r="6" t="57" w="238" /><ent r="6" t="57" w="394" /><ent r="6" t="58" w="173" /><ent r="3" t="64" w="240" /><ent r="4" t="65" w="161" /><ent r="3" t="66" w="56" /><ent r="4" t="67" w="161" /></phr><phr n="New"><ent r="6" t="15" w="94" /><ent r="5" t="17" w="59" /><ent r="10" t="17" w="1386" /><ent r="5" t="19" w="80" /><ent r="5" t="20" w="115" /><ent r="5" t="21" w="87" /><ent r="4" t="23" w="231" /><ent r="5" t="23" w="451" /><ent r="4" t="24" w="696" /><ent r="5" t="24" w="765" /><ent r="5" t="26" w="57" /><ent r="7" t="49" w="276" /><ent r="5" t="50" w="1054" /><ent r="3" t="51" w="240" /><ent r="4" t="53" w="464" /></phr></stem><stem n="retyp"><phr n="retype"><ent r="4" t="13" w="220" /></phr></stem><stem n="consumpt"><phr n="consumption"><ent r="3" t="13" w="290" /><ent r="7" t="17" w="522" /><ent r="7" t="17" w="590" /><ent r="3" t="23" w="760" /><ent r="3" t="23" w="793" /><ent r="7" t="26" w="278" /><ent r="7" t="26" w="347" /><ent r="4" t="37" w="82" /><ent r="3" t="40" w="107" /><ent r="3" t="59" w="133" /><ent r="3" t="59" w="141" /><ent r="3" t="59" w="232" /><ent r="4" t="59" w="320" /></phr></stem><stem n="sign"><phr n="Signing"><ent r="3" t="13" w="302" /><ent r="4" t="23" w="276" /><ent r="64" t="24" w="597" /><ent r="92" t="24" w="686" /><ent r="4" t="24" w="735" /><ent r="5" t="24" w="808" /><ent r="3" t="41" w="1307" /><ent r="8" t="49" w="298" /><ent r="4" t="50" w="759" /><ent r="5" t="50" w="1077" /></phr><phr n="signed"><ent r="9" t="17" w="1340" /><ent r="9" t="17" w="1342" /><ent r="4" t="28" w="1190" /><ent r="3" t="41" w="1325" /><ent r="6" t="42" w="363" /><ent r="6" t="44" w="401" /><ent r="4" t="48" w="447" /><ent r="4" t="50" w="1016" /><ent r="4" t="50" w="1149" /><ent r="4" t="50" w="1192" /><ent r="3" t="52" w="146" /><ent r="3" t="52" w="155" /><ent r="4" t="53" w="153" /><ent r="4" t="53" w="251" /><ent r="4" t="53" w="341" /><ent r="10" t="54" w="1138" /><ent r="4" t="58" w="109" /><ent r="4" t="58" w="111" /><ent r="7" t="67" w="255" /><ent r="7" t="67" w="318" /></phr><phr n="signing"><ent r="6" t="22" w="454" /><ent r="5" t="24" w="133" /><ent r="5" t="24" w="279" /><ent r="5" t="24" w="441" /><ent r="3" t="25" w="78" /><ent r="4" t="28" w="1151" /><ent r="6" t="42" w="186" /><ent r="3" t="50" w="779" /><ent r="4" t="51" w="122" /><ent r="4" t="51" w="134" /><ent r="4" t="51" w="142" /><ent r="10" t="54" w="799" /><ent r="10" t="54" w="1179" /></phr><phr n="sign"><ent r="4" t="28" w="1027" /><ent r="4" t="28" w="1053" /><ent r="4" t="48" w="383" /><ent r="4" t="50" w="1091" /><ent r="3" t="55" w="158" /></phr><phr n="Sign"><ent r="5" t="41" w="1130" /></phr></stem><stem n="csr"><phr n="CSR"><ent r="3" t="13" w="304" /><ent r="3" t="41" w="1309" /><ent r="3" t="41" w="1316" /></phr></stem><stem n="(csr)"><phr n="(CSR)"><ent r="3" t="13" w="305" /></phr></stem><stem n="-ldap"><phr n="-LDAP"><ent r="3" t="13" w="352" /><ent r="3" t="13" w="352" /><ent r="3" t="16" w="56" /><ent r="3" t="16" w="56" /><ent r="3" t="16" w="167" /><ent r="3" t="16" w="167" /><ent r="3" t="18" w="55" /><ent r="3" t="18" w="55" /><ent r="3" t="41" w="649" /><ent r="3" t="41" w="649" /></phr></stem><stem n="non-ldap"><phr n="non-LDAP"><ent r="3" t="13" w="352" /><ent r="3" t="16" w="56" /><ent r="3" t="16" w="167" /><ent r="3" t="18" w="55" /><ent r="3" t="41" w="649" /></phr></stem><stem n="should"><phr n="should"><ent r="3" t="13" w="356" /><ent r="6" t="17" w="1786" /><ent r="6" t="19" w="404" /><ent r="6" t="20" w="327" /><ent r="4" t="20" w="404" /><ent r="6" t="20" w="606" /><ent r="4" t="21" w="430" /><ent r="6" t="21" w="657" /><ent r="6" t="22" w="461" /><ent r="6" t="26" w="1274" /><ent r="3" t="26" w="1524" /><ent r="3" t="39" w="209" /><ent r="3" t="45" w="59" /><ent r="3" t="67" w="85" /><ent r="3" t="69" w="119" /></phr></stem><stem n=":default"><phr n=":default"><ent r="100" t="14" w="9" /><ent r="100" t="14" w="12" /><ent r="100" t="15" w="12" /><ent r="100" t="64" w="10" /></phr></stem><stem n="handler"><phr n="handler"><ent r="3" t="14" w="41" /></phr><phr n="handlers"><ent r="3" t="64" w="172" /></phr></stem><stem n="“localhost”"><phr n="“localhost”"><ent r="3" t="14" w="48" /><ent r="3" t="39" w="199" /></phr></stem><stem n="specifi"><phr n="specified"><ent r="3" t="14" w="50" /><ent r="3" t="27" w="92" /><ent r="3" t="27" w="293" /><ent r="4" t="28" w="904" /><ent r="7" t="54" w="459" /><ent r="3" t="55" w="229" /><ent r="3" t="67" w="414" /><ent r="3" t="67" w="451" /></phr><phr n="specify"><ent r="4" t="17" w="1985" /><ent r="4" t="19" w="603" /><ent r="4" t="20" w="805" /><ent r="4" t="21" w="856" /><ent r="7" t="28" w="487" /><ent r="3" t="39" w="341" /><ent r="6" t="54" w="1510" /><ent r="4" t="66" w="213" /></phr><phr n="Specify"><ent r="6" t="20" w="322" /><ent r="6" t="24" w="299" /><ent r="6" t="24" w="467" /><ent r="6" t="54" w="406" /></phr><phr n="specifies"><ent r="4" t="46" w="437" /></phr></stem><stem n="receiv"><phr n="receives"><ent r="3" t="14" w="64" /><ent r="3" t="15" w="67" /><ent r="3" t="27" w="75" /><ent r="4" t="31" w="522" /><ent r="3" t="36" w="110" /><ent r="4" t="37" w="114" /><ent r="4" t="37" w="159" /><ent r="3" t="55" w="144" /></phr><phr n="received"><ent r="6" t="22" w="332" /><ent r="6" t="42" w="362" /></phr><phr n="receiving"><ent r="3" t="27" w="110" /><ent r="3" t="36" w="464" /></phr><phr n="receive"><ent r="3" t="39" w="450" /><ent r="3" t="41" w="1595" /></phr></stem><stem n="recogn"><phr n="recognized"><ent r="3" t="14" w="70" /><ent r="4" t="41" w="629" /><ent r="3" t="67" w="231" /><ent r="4" t="67" w="876" /></phr><phr n="recognize"><ent r="3" t="41" w="390" /><ent r="6" t="42" w="130" /><ent r="6" t="42" w="235" /></phr><phr n="recognizes"><ent r="3" t="41" w="568" /></phr><phr n="Recognized"><ent r="82" t="67" w="220" /><ent r="5" t="67" w="241" /></phr></stem><stem n="particular"><phr n="particular"><ent r="3" t="14" w="73" /><ent r="3" t="41" w="1261" /><ent r="3" t="41" w="1578" /><ent r="7" t="54" w="1323" /></phr></stem><stem n=":statu"><phr n=":status"><ent r="100" t="14" w="77" /><ent r="100" t="15" w="24" /></phr></stem><stem n="bold"><phr n="bold"><ent r="3" t="14" w="85" /></phr><phr n="bolded"><ent r="3" t="14" w="203" /></phr></stem><stem n="want"><phr n="want"><ent r="3" t="14" w="115" /><ent r="3" t="15" w="55" /><ent r="6" t="50" w="395" /><ent r="3" t="59" w="274" /></phr><phr n="wanting"><ent r="3" t="47" w="154" /></phr></stem></index>