<?xml version="1.0" encoding="utf-8"?><index><stem n="urit"><phr n="security"><ent r="3" t="1" w="60" /><ent r="3" t="1" w="60" /><ent r="4" t="1" w="388" /><ent r="4" t="1" w="388" /><ent r="3" t="1" w="520" /><ent r="3" t="1" w="520" /><ent r="3" t="2" w="244" /><ent r="3" t="2" w="244" /><ent r="3" t="3" w="80" /><ent r="3" t="3" w="80" /><ent r="3" t="3" w="174" /><ent r="3" t="3" w="174" /><ent r="3" t="3" w="228" /><ent r="3" t="3" w="228" /><ent r="3" t="3" w="281" /><ent r="3" t="3" w="281" /><ent r="3" t="3" w="337" /><ent r="3" t="3" w="337" /><ent r="3" t="3" w="363" /><ent r="3" t="3" w="363" /><ent r="3" t="3" w="368" /><ent r="3" t="3" w="368" /><ent r="3" t="7" w="462" /><ent r="3" t="7" w="462" /><ent r="3" t="15" w="50" /><ent r="3" t="15" w="50" /><ent r="3" t="17" w="217" /><ent r="3" t="17" w="217" /><ent r="3" t="17" w="233" /><ent r="3" t="17" w="233" /><ent r="6" t="18" w="714" /><ent r="6" t="18" w="714" /><ent r="6" t="18" w="765" /><ent r="6" t="18" w="765" /><ent r="3" t="19" w="71" /><ent r="3" t="19" w="71" /><ent r="3" t="19" w="76" /><ent r="3" t="19" w="76" /><ent r="4" t="19" w="133" /><ent r="4" t="19" w="133" /><ent r="4" t="19" w="169" /><ent r="4" t="19" w="169" /><ent r="4" t="19" w="200" /><ent r="4" t="19" w="200" /><ent r="3" t="20" w="68" /><ent r="3" t="20" w="68" /><ent r="5" t="20" w="104" /><ent r="5" t="20" w="104" /><ent r="4" t="20" w="128" /><ent r="4" t="20" w="128" /><ent r="3" t="21" w="103" /><ent r="3" t="21" w="103" /><ent r="5" t="21" w="139" /><ent r="5" t="21" w="139" /><ent r="5" t="21" w="146" /><ent r="5" t="21" w="146" /><ent r="6" t="21" w="297" /><ent r="6" t="21" w="297" /><ent r="6" t="21" w="364" /><ent r="6" t="21" w="364" /><ent r="6" t="21" w="378" /><ent r="6" t="21" w="378" /><ent r="3" t="22" w="75" /><ent r="3" t="22" w="75" /><ent r="5" t="22" w="111" /><ent r="5" t="22" w="111" /><ent r="5" t="22" w="117" /><ent r="5" t="22" w="117" /><ent r="6" t="22" w="268" /><ent r="6" t="22" w="268" /><ent r="6" t="22" w="303" /><ent r="6" t="22" w="303" /><ent r="6" t="22" w="361" /><ent r="6" t="22" w="361" /><ent r="6" t="22" w="382" /><ent r="6" t="22" w="382" /><ent r="6" t="22" w="393" /><ent r="6" t="22" w="393" /><ent r="6" t="22" w="408" /><ent r="6" t="22" w="408" /><ent r="6" t="22" w="422" /><ent r="6" t="22" w="422" /><ent r="7" t="23" w="502" /><ent r="6" t="27" w="435" /><ent r="6" t="27" w="435" /><ent r="6" t="27" w="504" /><ent r="6" t="27" w="504" /><ent r="3" t="28" w="97" /><ent r="3" t="28" w="97" /><ent r="3" t="28" w="292" /><ent r="3" t="28" w="292" /><ent r="3" t="28" w="310" /><ent r="3" t="28" w="310" /><ent r="3" t="28" w="322" /><ent r="3" t="28" w="322" /><ent r="3" t="29" w="31" /><ent r="3" t="29" w="31" /><ent r="4" t="29" w="71" /><ent r="4" t="29" w="71" /><ent r="3" t="29" w="191" /><ent r="3" t="29" w="191" /><ent r="3" t="29" w="830" /><ent r="3" t="29" w="830" /><ent r="4" t="29" w="925" /><ent r="4" t="29" w="925" /><ent r="4" t="29" w="1000" /><ent r="4" t="29" w="1000" /><ent r="4" t="29" w="1021" /><ent r="4" t="29" w="1021" /><ent r="4" t="29" w="1043" /><ent r="4" t="29" w="1043" /><ent r="3" t="32" w="215" /><ent r="3" t="32" w="215" /><ent r="3" t="32" w="251" /><ent r="3" t="32" w="251" /><ent r="3" t="33" w="102" /><ent r="3" t="33" w="102" /><ent r="3" t="33" w="153" /><ent r="3" t="33" w="153" /><ent r="3" t="37" w="149" /><ent r="3" t="37" w="149" /><ent r="3" t="37" w="327" /><ent r="3" t="37" w="327" /><ent r="3" t="37" w="496" /><ent r="3" t="37" w="496" /><ent r="3" t="37" w="641" /><ent r="3" t="37" w="641" /><ent r="4" t="38" w="67" /><ent r="4" t="38" w="67" /><ent r="4" t="38" w="145" /><ent r="4" t="38" w="145" /><ent r="4" t="38" w="193" /><ent r="4" t="38" w="193" /><ent r="3" t="40" w="1032" /><ent r="3" t="40" w="1032" /><ent r="3" t="40" w="1210" /><ent r="3" t="40" w="1210" /><ent r="100" t="41" w="6" /><ent r="100" t="41" w="6" /><ent r="3" t="41" w="28" /><ent r="3" t="41" w="28" /><ent r="3" t="41" w="47" /><ent r="3" t="41" w="47" /><ent r="3" t="41" w="60" /><ent r="3" t="41" w="60" /><ent r="3" t="41" w="162" /><ent r="3" t="41" w="162" /><ent r="3" t="41" w="178" /><ent r="3" t="41" w="178" /><ent r="3" t="41" w="197" /><ent r="3" t="41" w="197" /><ent r="100" t="42" w="8" /><ent r="100" t="42" w="8" /><ent r="100" t="42" w="12" /><ent r="100" t="42" w="12" /><ent r="3" t="42" w="69" /><ent r="3" t="42" w="69" /><ent r="3" t="42" w="91" /><ent r="3" t="42" w="91" /><ent r="3" t="42" w="108" /><ent r="3" t="42" w="108" /><ent r="3" t="42" w="130" /><ent r="3" t="42" w="130" /><ent r="3" t="42" w="174" /><ent r="3" t="42" w="174" /><ent r="3" t="42" w="192" /><ent r="3" t="42" w="192" /><ent r="3" t="42" w="198" /><ent r="3" t="42" w="198" /><ent r="3" t="42" w="217" /><ent r="3" t="42" w="217" /><ent r="3" t="42" w="274" /><ent r="3" t="42" w="274" /><ent r="3" t="42" w="954" /><ent r="3" t="42" w="954" /><ent r="3" t="42" w="1048" /><ent r="3" t="42" w="1048" /><ent r="3" t="42" w="1175" /><ent r="3" t="42" w="1175" /><ent r="3" t="42" w="1588" /><ent r="3" t="42" w="1588" /><ent r="3" t="42" w="1706" /><ent r="3" t="42" w="1706" /><ent r="3" t="42" w="2038" /><ent r="3" t="42" w="2038" /><ent r="3" t="42" w="2156" /><ent r="3" t="42" w="2156" /><ent r="100" t="43" w="21" /><ent r="100" t="43" w="21" /><ent r="100" t="43" w="30" /><ent r="100" t="43" w="30" /><ent r="3" t="43" w="55" /><ent r="3" t="43" w="55" /><ent r="3" t="43" w="65" /><ent r="3" t="43" w="65" /><ent r="5" t="43" w="79" /><ent r="5" t="43" w="79" /><ent r="6" t="45" w="353" /><ent r="3" t="47" w="243" /><ent r="3" t="47" w="243" /><ent r="3" t="48" w="91" /><ent r="3" t="48" w="91" /><ent r="3" t="48" w="135" /><ent r="3" t="48" w="135" /><ent r="3" t="48" w="160" /><ent r="3" t="48" w="160" /><ent r="3" t="48" w="262" /><ent r="3" t="48" w="262" /><ent r="3" t="48" w="325" /><ent r="3" t="48" w="325" /><ent r="3" t="48" w="403" /><ent r="3" t="48" w="403" /><ent r="3" t="49" w="52" /><ent r="3" t="49" w="52" /><ent r="3" t="50" w="35" /><ent r="3" t="50" w="35" /><ent r="3" t="51" w="70" /><ent r="3" t="51" w="70" /><ent r="3" t="52" w="52" /><ent r="3" t="52" w="52" /><ent r="3" t="53" w="73" /><ent r="3" t="53" w="73" /><ent r="3" t="53" w="117" /><ent r="3" t="53" w="117" /><ent r="3" t="53" w="205" /><ent r="3" t="53" w="205" /><ent r="3" t="53" w="308" /><ent r="3" t="53" w="308" /><ent r="3" t="55" w="66" /><ent r="3" t="55" w="66" /><ent r="3" t="56" w="63" /><ent r="3" t="56" w="63" /><ent r="7" t="58" w="416" /><ent r="7" t="58" w="416" /><ent r="3" t="60" w="55" /><ent r="3" t="60" w="55" /><ent r="8" t="63" w="174" /><ent r="8" t="63" w="260" /><ent r="8" t="63" w="289" /><ent r="8" t="63" w="347" /><ent r="8" t="63" w="357" /><ent r="8" t="63" w="367" /><ent r="7" t="63" w="451" /><ent r="8" t="63" w="500" /><ent r="8" t="63" w="546" /><ent r="8" t="63" w="576" /><ent r="8" t="63" w="607" /><ent r="8" t="63" w="630" /></phr><phr n="Security"><ent r="64" t="13" w="145" /><ent r="64" t="13" w="145" /><ent r="64" t="13" w="354" /><ent r="64" t="13" w="354" /><ent r="100" t="21" w="87" /><ent r="100" t="21" w="87" /><ent r="100" t="22" w="59" /><ent r="100" t="22" w="59" /><ent r="6" t="23" w="520" /><ent r="6" t="23" w="520" /><ent r="6" t="23" w="526" /><ent r="6" t="23" w="526" /><ent r="6" t="23" w="533" /><ent r="6" t="23" w="533" /><ent r="6" t="23" w="542" /><ent r="6" t="23" w="542" /><ent r="6" t="23" w="549" /><ent r="6" t="23" w="549" /><ent r="6" t="23" w="564" /><ent r="6" t="23" w="564" /><ent r="6" t="23" w="594" /><ent r="6" t="23" w="594" /><ent r="6" t="23" w="603" /><ent r="6" t="23" w="603" /><ent r="6" t="23" w="610" /><ent r="6" t="23" w="610" /><ent r="6" t="23" w="665" /><ent r="6" t="23" w="665" /><ent r="6" t="23" w="697" /><ent r="6" t="23" w="697" /><ent r="6" t="23" w="773" /><ent r="6" t="23" w="773" /><ent r="6" t="23" w="786" /><ent r="6" t="23" w="786" /><ent r="5" t="25" w="248" /><ent r="5" t="25" w="248" /><ent r="5" t="25" w="409" /><ent r="5" t="25" w="409" /><ent r="64" t="28" w="341" /><ent r="64" t="28" w="341" /><ent r="65" t="29" w="935" /><ent r="65" t="29" w="935" /><ent r="4" t="29" w="1091" /><ent r="1000" t="41" w="2" /><ent r="1000" t="41" w="2" /><ent r="100" t="41" w="9" /><ent r="100" t="41" w="9" /><ent r="100" t="41" w="12" /><ent r="100" t="41" w="12" /><ent r="100" t="41" w="17" /><ent r="100" t="41" w="17" /><ent r="102" t="41" w="21" /><ent r="102" t="41" w="21" /><ent r="64" t="41" w="171" /><ent r="64" t="41" w="171" /><ent r="64" t="41" w="189" /><ent r="64" t="41" w="189" /><ent r="1000" t="42" w="4" /><ent r="1000" t="42" w="4" /><ent r="100" t="42" w="15" /><ent r="100" t="42" w="15" /><ent r="100" t="42" w="21" /><ent r="100" t="42" w="21" /><ent r="102" t="42" w="27" /><ent r="102" t="42" w="27" /><ent r="64" t="42" w="209" /><ent r="64" t="42" w="209" /><ent r="4" t="42" w="1220" /><ent r="4" t="42" w="1220" /><ent r="1000" t="43" w="4" /><ent r="1000" t="43" w="4" /><ent r="100" t="43" w="10" /><ent r="100" t="43" w="10" /><ent r="100" t="43" w="13" /><ent r="100" t="43" w="13" /><ent r="102" t="43" w="36" /><ent r="102" t="43" w="36" /><ent r="64" t="43" w="72" /><ent r="64" t="43" w="72" /><ent r="7" t="43" w="183" /><ent r="7" t="43" w="183" /><ent r="7" t="43" w="226" /><ent r="3" t="48" w="353" /><ent r="3" t="48" w="353" /><ent r="4" t="54" w="238" /><ent r="9" t="55" w="1235" /><ent r="9" t="55" w="1235" /><ent r="8" t="55" w="1278" /></phr><phr n="defaultSecurityActor"><ent r="7" t="23" w="688" /><ent r="7" t="23" w="688" /></phr><phr n="SecurityContext"><ent r="4" t="29" w="1051" /><ent r="4" t="29" w="1053" /><ent r="4" t="29" w="1053" /><ent r="7" t="43" w="221" /></phr><phr n="WS-Security"><ent r="4" t="29" w="1090" /><ent r="4" t="29" w="1090" /><ent r="4" t="54" w="237" /><ent r="4" t="54" w="237" /></phr><phr n="BinarySecurityToken"><ent r="4" t="29" w="1092" /><ent r="4" t="29" w="1092" /><ent r="4" t="54" w="241" /><ent r="4" t="54" w="241" /></phr><phr n="SecurityContext-Token"><ent r="7" t="43" w="221" /><ent r="7" t="43" w="221" /></phr><phr n="Security-ContextToken"><ent r="7" t="43" w="226" /><ent r="7" t="43" w="226" /></phr></stem><stem n="ecuri"><phr n="security"><ent r="3" t="1" w="60" /><ent r="3" t="1" w="60" /><ent r="4" t="1" w="388" /><ent r="4" t="1" w="388" /><ent r="3" t="1" w="520" /><ent r="3" t="1" w="520" /><ent r="3" t="2" w="244" /><ent r="3" t="2" w="244" /><ent r="3" t="3" w="80" /><ent r="3" t="3" w="80" /><ent r="3" t="3" w="174" /><ent r="3" t="3" w="174" /><ent r="3" t="3" w="228" /><ent r="3" t="3" w="228" /><ent r="3" t="3" w="281" /><ent r="3" t="3" w="281" /><ent r="3" t="3" w="337" /><ent r="3" t="3" w="337" /><ent r="3" t="3" w="363" /><ent r="3" t="3" w="363" /><ent r="3" t="3" w="368" /><ent r="3" t="3" w="368" /><ent r="3" t="7" w="462" /><ent r="3" t="7" w="462" /><ent r="3" t="15" w="50" /><ent r="3" t="15" w="50" /><ent r="3" t="17" w="217" /><ent r="3" t="17" w="217" /><ent r="3" t="17" w="233" /><ent r="3" t="17" w="233" /><ent r="6" t="18" w="714" /><ent r="6" t="18" w="714" /><ent r="6" t="18" w="765" /><ent r="6" t="18" w="765" /><ent r="3" t="19" w="71" /><ent r="3" t="19" w="71" /><ent r="3" t="19" w="76" /><ent r="3" t="19" w="76" /><ent r="4" t="19" w="133" /><ent r="4" t="19" w="133" /><ent r="4" t="19" w="169" /><ent r="4" t="19" w="169" /><ent r="4" t="19" w="200" /><ent r="4" t="19" w="200" /><ent r="3" t="20" w="68" /><ent r="3" t="20" w="68" /><ent r="5" t="20" w="104" /><ent r="5" t="20" w="104" /><ent r="4" t="20" w="128" /><ent r="4" t="20" w="128" /><ent r="3" t="21" w="103" /><ent r="3" t="21" w="103" /><ent r="5" t="21" w="139" /><ent r="5" t="21" w="139" /><ent r="5" t="21" w="146" /><ent r="5" t="21" w="146" /><ent r="6" t="21" w="297" /><ent r="6" t="21" w="297" /><ent r="6" t="21" w="364" /><ent r="6" t="21" w="364" /><ent r="6" t="21" w="378" /><ent r="6" t="21" w="378" /><ent r="3" t="22" w="75" /><ent r="3" t="22" w="75" /><ent r="5" t="22" w="111" /><ent r="5" t="22" w="111" /><ent r="5" t="22" w="117" /><ent r="5" t="22" w="117" /><ent r="6" t="22" w="268" /><ent r="6" t="22" w="268" /><ent r="6" t="22" w="303" /><ent r="6" t="22" w="303" /><ent r="6" t="22" w="361" /><ent r="6" t="22" w="361" /><ent r="6" t="22" w="382" /><ent r="6" t="22" w="382" /><ent r="6" t="22" w="393" /><ent r="6" t="22" w="393" /><ent r="6" t="22" w="408" /><ent r="6" t="22" w="408" /><ent r="6" t="22" w="422" /><ent r="6" t="22" w="422" /><ent r="7" t="23" w="502" /><ent r="6" t="27" w="435" /><ent r="6" t="27" w="435" /><ent r="6" t="27" w="504" /><ent r="6" t="27" w="504" /><ent r="3" t="28" w="97" /><ent r="3" t="28" w="97" /><ent r="3" t="28" w="292" /><ent r="3" t="28" w="292" /><ent r="3" t="28" w="310" /><ent r="3" t="28" w="310" /><ent r="3" t="28" w="322" /><ent r="3" t="28" w="322" /><ent r="3" t="29" w="31" /><ent r="3" t="29" w="31" /><ent r="4" t="29" w="71" /><ent r="4" t="29" w="71" /><ent r="3" t="29" w="191" /><ent r="3" t="29" w="191" /><ent r="3" t="29" w="830" /><ent r="3" t="29" w="830" /><ent r="4" t="29" w="925" /><ent r="4" t="29" w="925" /><ent r="4" t="29" w="1000" /><ent r="4" t="29" w="1000" /><ent r="4" t="29" w="1021" /><ent r="4" t="29" w="1021" /><ent r="4" t="29" w="1043" /><ent r="4" t="29" w="1043" /><ent r="3" t="32" w="215" /><ent r="3" t="32" w="215" /><ent r="3" t="32" w="251" /><ent r="3" t="32" w="251" /><ent r="3" t="33" w="102" /><ent r="3" t="33" w="102" /><ent r="3" t="33" w="153" /><ent r="3" t="33" w="153" /><ent r="3" t="37" w="149" /><ent r="3" t="37" w="149" /><ent r="3" t="37" w="327" /><ent r="3" t="37" w="327" /><ent r="3" t="37" w="496" /><ent r="3" t="37" w="496" /><ent r="3" t="37" w="641" /><ent r="3" t="37" w="641" /><ent r="4" t="38" w="67" /><ent r="4" t="38" w="67" /><ent r="4" t="38" w="145" /><ent r="4" t="38" w="145" /><ent r="4" t="38" w="193" /><ent r="4" t="38" w="193" /><ent r="3" t="40" w="1032" /><ent r="3" t="40" w="1032" /><ent r="3" t="40" w="1210" /><ent r="3" t="40" w="1210" /><ent r="100" t="41" w="6" /><ent r="100" t="41" w="6" /><ent r="3" t="41" w="28" /><ent r="3" t="41" w="28" /><ent r="3" t="41" w="47" /><ent r="3" t="41" w="47" /><ent r="3" t="41" w="60" /><ent r="3" t="41" w="60" /><ent r="3" t="41" w="162" /><ent r="3" t="41" w="162" /><ent r="3" t="41" w="178" /><ent r="3" t="41" w="178" /><ent r="3" t="41" w="197" /><ent r="3" t="41" w="197" /><ent r="100" t="42" w="8" /><ent r="100" t="42" w="8" /><ent r="100" t="42" w="12" /><ent r="100" t="42" w="12" /><ent r="3" t="42" w="69" /><ent r="3" t="42" w="69" /><ent r="3" t="42" w="91" /><ent r="3" t="42" w="91" /><ent r="3" t="42" w="108" /><ent r="3" t="42" w="108" /><ent r="3" t="42" w="130" /><ent r="3" t="42" w="130" /><ent r="3" t="42" w="174" /><ent r="3" t="42" w="174" /><ent r="3" t="42" w="192" /><ent r="3" t="42" w="192" /><ent r="3" t="42" w="198" /><ent r="3" t="42" w="198" /><ent r="3" t="42" w="217" /><ent r="3" t="42" w="217" /><ent r="3" t="42" w="274" /><ent r="3" t="42" w="274" /><ent r="3" t="42" w="954" /><ent r="3" t="42" w="954" /><ent r="3" t="42" w="1048" /><ent r="3" t="42" w="1048" /><ent r="3" t="42" w="1175" /><ent r="3" t="42" w="1175" /><ent r="3" t="42" w="1588" /><ent r="3" t="42" w="1588" /><ent r="3" t="42" w="1706" /><ent r="3" t="42" w="1706" /><ent r="3" t="42" w="2038" /><ent r="3" t="42" w="2038" /><ent r="3" t="42" w="2156" /><ent r="3" t="42" w="2156" /><ent r="100" t="43" w="21" /><ent r="100" t="43" w="21" /><ent r="100" t="43" w="30" /><ent r="100" t="43" w="30" /><ent r="3" t="43" w="55" /><ent r="3" t="43" w="55" /><ent r="3" t="43" w="65" /><ent r="3" t="43" w="65" /><ent r="5" t="43" w="79" /><ent r="5" t="43" w="79" /><ent r="6" t="45" w="353" /><ent r="3" t="47" w="243" /><ent r="3" t="47" w="243" /><ent r="3" t="48" w="91" /><ent r="3" t="48" w="91" /><ent r="3" t="48" w="135" /><ent r="3" t="48" w="135" /><ent r="3" t="48" w="160" /><ent r="3" t="48" w="160" /><ent r="3" t="48" w="262" /><ent r="3" t="48" w="262" /><ent r="3" t="48" w="325" /><ent r="3" t="48" w="325" /><ent r="3" t="48" w="403" /><ent r="3" t="48" w="403" /><ent r="3" t="49" w="52" /><ent r="3" t="49" w="52" /><ent r="3" t="50" w="35" /><ent r="3" t="50" w="35" /><ent r="3" t="51" w="70" /><ent r="3" t="51" w="70" /><ent r="3" t="52" w="52" /><ent r="3" t="52" w="52" /><ent r="3" t="53" w="73" /><ent r="3" t="53" w="73" /><ent r="3" t="53" w="117" /><ent r="3" t="53" w="117" /><ent r="3" t="53" w="205" /><ent r="3" t="53" w="205" /><ent r="3" t="53" w="308" /><ent r="3" t="53" w="308" /><ent r="3" t="55" w="66" /><ent r="3" t="55" w="66" /><ent r="3" t="56" w="63" /><ent r="3" t="56" w="63" /><ent r="7" t="58" w="416" /><ent r="7" t="58" w="416" /><ent r="3" t="60" w="55" /><ent r="3" t="60" w="55" /><ent r="8" t="63" w="174" /><ent r="8" t="63" w="260" /><ent r="8" t="63" w="289" /><ent r="8" t="63" w="347" /><ent r="8" t="63" w="357" /><ent r="8" t="63" w="367" /><ent r="7" t="63" w="451" /><ent r="8" t="63" w="500" /><ent r="8" t="63" w="546" /><ent r="8" t="63" w="576" /><ent r="8" t="63" w="607" /><ent r="8" t="63" w="630" /></phr><phr n="Security"><ent r="64" t="13" w="145" /><ent r="64" t="13" w="145" /><ent r="64" t="13" w="354" /><ent r="64" t="13" w="354" /><ent r="100" t="21" w="87" /><ent r="100" t="21" w="87" /><ent r="100" t="22" w="59" /><ent r="100" t="22" w="59" /><ent r="6" t="23" w="520" /><ent r="6" t="23" w="520" /><ent r="6" t="23" w="526" /><ent r="6" t="23" w="526" /><ent r="6" t="23" w="533" /><ent r="6" t="23" w="533" /><ent r="6" t="23" w="542" /><ent r="6" t="23" w="542" /><ent r="6" t="23" w="549" /><ent r="6" t="23" w="549" /><ent r="6" t="23" w="564" /><ent r="6" t="23" w="564" /><ent r="6" t="23" w="594" /><ent r="6" t="23" w="594" /><ent r="6" t="23" w="603" /><ent r="6" t="23" w="603" /><ent r="6" t="23" w="610" /><ent r="6" t="23" w="610" /><ent r="6" t="23" w="665" /><ent r="6" t="23" w="665" /><ent r="6" t="23" w="697" /><ent r="6" t="23" w="697" /><ent r="6" t="23" w="773" /><ent r="6" t="23" w="773" /><ent r="6" t="23" w="786" /><ent r="6" t="23" w="786" /><ent r="5" t="25" w="248" /><ent r="5" t="25" w="248" /><ent r="5" t="25" w="409" /><ent r="5" t="25" w="409" /><ent r="64" t="28" w="341" /><ent r="64" t="28" w="341" /><ent r="65" t="29" w="935" /><ent r="65" t="29" w="935" /><ent r="4" t="29" w="1091" /><ent r="1000" t="41" w="2" /><ent r="1000" t="41" w="2" /><ent r="100" t="41" w="9" /><ent r="100" t="41" w="9" /><ent r="100" t="41" w="12" /><ent r="100" t="41" w="12" /><ent r="100" t="41" w="17" /><ent r="100" t="41" w="17" /><ent r="102" t="41" w="21" /><ent r="102" t="41" w="21" /><ent r="64" t="41" w="171" /><ent r="64" t="41" w="171" /><ent r="64" t="41" w="189" /><ent r="64" t="41" w="189" /><ent r="1000" t="42" w="4" /><ent r="1000" t="42" w="4" /><ent r="100" t="42" w="15" /><ent r="100" t="42" w="15" /><ent r="100" t="42" w="21" /><ent r="100" t="42" w="21" /><ent r="102" t="42" w="27" /><ent r="102" t="42" w="27" /><ent r="64" t="42" w="209" /><ent r="64" t="42" w="209" /><ent r="4" t="42" w="1220" /><ent r="4" t="42" w="1220" /><ent r="1000" t="43" w="4" /><ent r="1000" t="43" w="4" /><ent r="100" t="43" w="10" /><ent r="100" t="43" w="10" /><ent r="100" t="43" w="13" /><ent r="100" t="43" w="13" /><ent r="102" t="43" w="36" /><ent r="102" t="43" w="36" /><ent r="64" t="43" w="72" /><ent r="64" t="43" w="72" /><ent r="7" t="43" w="183" /><ent r="7" t="43" w="183" /><ent r="7" t="43" w="226" /><ent r="3" t="48" w="353" /><ent r="3" t="48" w="353" /><ent r="4" t="54" w="238" /><ent r="9" t="55" w="1235" /><ent r="9" t="55" w="1235" /><ent r="8" t="55" w="1278" /></phr><phr n="defaultSecurityActor"><ent r="7" t="23" w="688" /><ent r="7" t="23" w="688" /></phr><phr n="SecurityContext"><ent r="4" t="29" w="1051" /><ent r="4" t="29" w="1053" /><ent r="4" t="29" w="1053" /><ent r="7" t="43" w="221" /></phr><phr n="WS-Security"><ent r="4" t="29" w="1090" /><ent r="4" t="29" w="1090" /><ent r="4" t="54" w="237" /><ent r="4" t="54" w="237" /></phr><phr n="BinarySecurityToken"><ent r="4" t="29" w="1092" /><ent r="4" t="29" w="1092" /><ent r="4" t="54" w="241" /><ent r="4" t="54" w="241" /></phr><phr n="SecurityContext-Token"><ent r="7" t="43" w="221" /><ent r="7" t="43" w="221" /></phr><phr n="Security-ContextToken"><ent r="7" t="43" w="226" /><ent r="7" t="43" w="226" /></phr></stem><stem n="curit"><phr n="security"><ent r="3" t="1" w="60" /><ent r="3" t="1" w="60" /><ent r="4" t="1" w="388" /><ent r="4" t="1" w="388" /><ent r="3" t="1" w="520" /><ent r="3" t="1" w="520" /><ent r="3" t="2" w="244" /><ent r="3" t="2" w="244" /><ent r="3" t="3" w="80" /><ent r="3" t="3" w="80" /><ent r="3" t="3" w="174" /><ent r="3" t="3" w="174" /><ent r="3" t="3" w="228" /><ent r="3" t="3" w="228" /><ent r="3" t="3" w="281" /><ent r="3" t="3" w="281" /><ent r="3" t="3" w="337" /><ent r="3" t="3" w="337" /><ent r="3" t="3" w="363" /><ent r="3" t="3" w="363" /><ent r="3" t="3" w="368" /><ent r="3" t="3" w="368" /><ent r="3" t="7" w="462" /><ent r="3" t="7" w="462" /><ent r="3" t="15" w="50" /><ent r="3" t="15" w="50" /><ent r="3" t="17" w="217" /><ent r="3" t="17" w="217" /><ent r="3" t="17" w="233" /><ent r="3" t="17" w="233" /><ent r="6" t="18" w="714" /><ent r="6" t="18" w="714" /><ent r="6" t="18" w="765" /><ent r="6" t="18" w="765" /><ent r="3" t="19" w="71" /><ent r="3" t="19" w="71" /><ent r="3" t="19" w="76" /><ent r="3" t="19" w="76" /><ent r="4" t="19" w="133" /><ent r="4" t="19" w="133" /><ent r="4" t="19" w="169" /><ent r="4" t="19" w="169" /><ent r="4" t="19" w="200" /><ent r="4" t="19" w="200" /><ent r="3" t="20" w="68" /><ent r="3" t="20" w="68" /><ent r="5" t="20" w="104" /><ent r="5" t="20" w="104" /><ent r="4" t="20" w="128" /><ent r="4" t="20" w="128" /><ent r="3" t="21" w="103" /><ent r="3" t="21" w="103" /><ent r="5" t="21" w="139" /><ent r="5" t="21" w="139" /><ent r="5" t="21" w="146" /><ent r="5" t="21" w="146" /><ent r="6" t="21" w="297" /><ent r="6" t="21" w="297" /><ent r="6" t="21" w="364" /><ent r="6" t="21" w="364" /><ent r="6" t="21" w="378" /><ent r="6" t="21" w="378" /><ent r="3" t="22" w="75" /><ent r="3" t="22" w="75" /><ent r="5" t="22" w="111" /><ent r="5" t="22" w="111" /><ent r="5" t="22" w="117" /><ent r="5" t="22" w="117" /><ent r="6" t="22" w="268" /><ent r="6" t="22" w="268" /><ent r="6" t="22" w="303" /><ent r="6" t="22" w="303" /><ent r="6" t="22" w="361" /><ent r="6" t="22" w="361" /><ent r="6" t="22" w="382" /><ent r="6" t="22" w="382" /><ent r="6" t="22" w="393" /><ent r="6" t="22" w="393" /><ent r="6" t="22" w="408" /><ent r="6" t="22" w="408" /><ent r="6" t="22" w="422" /><ent r="6" t="22" w="422" /><ent r="7" t="23" w="502" /><ent r="6" t="27" w="435" /><ent r="6" t="27" w="435" /><ent r="6" t="27" w="504" /><ent r="6" t="27" w="504" /><ent r="3" t="28" w="97" /><ent r="3" t="28" w="97" /><ent r="3" t="28" w="292" /><ent r="3" t="28" w="292" /><ent r="3" t="28" w="310" /><ent r="3" t="28" w="310" /><ent r="3" t="28" w="322" /><ent r="3" t="28" w="322" /><ent r="3" t="29" w="31" /><ent r="3" t="29" w="31" /><ent r="4" t="29" w="71" /><ent r="4" t="29" w="71" /><ent r="3" t="29" w="191" /><ent r="3" t="29" w="191" /><ent r="3" t="29" w="830" /><ent r="3" t="29" w="830" /><ent r="4" t="29" w="925" /><ent r="4" t="29" w="925" /><ent r="4" t="29" w="1000" /><ent r="4" t="29" w="1000" /><ent r="4" t="29" w="1021" /><ent r="4" t="29" w="1021" /><ent r="4" t="29" w="1043" /><ent r="4" t="29" w="1043" /><ent r="3" t="32" w="215" /><ent r="3" t="32" w="215" /><ent r="3" t="32" w="251" /><ent r="3" t="32" w="251" /><ent r="3" t="33" w="102" /><ent r="3" t="33" w="102" /><ent r="3" t="33" w="153" /><ent r="3" t="33" w="153" /><ent r="3" t="37" w="149" /><ent r="3" t="37" w="149" /><ent r="3" t="37" w="327" /><ent r="3" t="37" w="327" /><ent r="3" t="37" w="496" /><ent r="3" t="37" w="496" /><ent r="3" t="37" w="641" /><ent r="3" t="37" w="641" /><ent r="4" t="38" w="67" /><ent r="4" t="38" w="67" /><ent r="4" t="38" w="145" /><ent r="4" t="38" w="145" /><ent r="4" t="38" w="193" /><ent r="4" t="38" w="193" /><ent r="3" t="40" w="1032" /><ent r="3" t="40" w="1032" /><ent r="3" t="40" w="1210" /><ent r="3" t="40" w="1210" /><ent r="100" t="41" w="6" /><ent r="100" t="41" w="6" /><ent r="3" t="41" w="28" /><ent r="3" t="41" w="28" /><ent r="3" t="41" w="47" /><ent r="3" t="41" w="47" /><ent r="3" t="41" w="60" /><ent r="3" t="41" w="60" /><ent r="3" t="41" w="162" /><ent r="3" t="41" w="162" /><ent r="3" t="41" w="178" /><ent r="3" t="41" w="178" /><ent r="3" t="41" w="197" /><ent r="3" t="41" w="197" /><ent r="100" t="42" w="8" /><ent r="100" t="42" w="8" /><ent r="100" t="42" w="12" /><ent r="100" t="42" w="12" /><ent r="3" t="42" w="69" /><ent r="3" t="42" w="69" /><ent r="3" t="42" w="91" /><ent r="3" t="42" w="91" /><ent r="3" t="42" w="108" /><ent r="3" t="42" w="108" /><ent r="3" t="42" w="130" /><ent r="3" t="42" w="130" /><ent r="3" t="42" w="174" /><ent r="3" t="42" w="174" /><ent r="3" t="42" w="192" /><ent r="3" t="42" w="192" /><ent r="3" t="42" w="198" /><ent r="3" t="42" w="198" /><ent r="3" t="42" w="217" /><ent r="3" t="42" w="217" /><ent r="3" t="42" w="274" /><ent r="3" t="42" w="274" /><ent r="3" t="42" w="954" /><ent r="3" t="42" w="954" /><ent r="3" t="42" w="1048" /><ent r="3" t="42" w="1048" /><ent r="3" t="42" w="1175" /><ent r="3" t="42" w="1175" /><ent r="3" t="42" w="1588" /><ent r="3" t="42" w="1588" /><ent r="3" t="42" w="1706" /><ent r="3" t="42" w="1706" /><ent r="3" t="42" w="2038" /><ent r="3" t="42" w="2038" /><ent r="3" t="42" w="2156" /><ent r="3" t="42" w="2156" /><ent r="100" t="43" w="21" /><ent r="100" t="43" w="21" /><ent r="100" t="43" w="30" /><ent r="100" t="43" w="30" /><ent r="3" t="43" w="55" /><ent r="3" t="43" w="55" /><ent r="3" t="43" w="65" /><ent r="3" t="43" w="65" /><ent r="5" t="43" w="79" /><ent r="5" t="43" w="79" /><ent r="6" t="45" w="353" /><ent r="3" t="47" w="243" /><ent r="3" t="47" w="243" /><ent r="3" t="48" w="91" /><ent r="3" t="48" w="91" /><ent r="3" t="48" w="135" /><ent r="3" t="48" w="135" /><ent r="3" t="48" w="160" /><ent r="3" t="48" w="160" /><ent r="3" t="48" w="262" /><ent r="3" t="48" w="262" /><ent r="3" t="48" w="325" /><ent r="3" t="48" w="325" /><ent r="3" t="48" w="403" /><ent r="3" t="48" w="403" /><ent r="3" t="49" w="52" /><ent r="3" t="49" w="52" /><ent r="3" t="50" w="35" /><ent r="3" t="50" w="35" /><ent r="3" t="51" w="70" /><ent r="3" t="51" w="70" /><ent r="3" t="52" w="52" /><ent r="3" t="52" w="52" /><ent r="3" t="53" w="73" /><ent r="3" t="53" w="73" /><ent r="3" t="53" w="117" /><ent r="3" t="53" w="117" /><ent r="3" t="53" w="205" /><ent r="3" t="53" w="205" /><ent r="3" t="53" w="308" /><ent r="3" t="53" w="308" /><ent r="3" t="55" w="66" /><ent r="3" t="55" w="66" /><ent r="3" t="56" w="63" /><ent r="3" t="56" w="63" /><ent r="7" t="58" w="416" /><ent r="7" t="58" w="416" /><ent r="3" t="60" w="55" /><ent r="3" t="60" w="55" /><ent r="8" t="63" w="174" /><ent r="8" t="63" w="260" /><ent r="8" t="63" w="289" /><ent r="8" t="63" w="347" /><ent r="8" t="63" w="357" /><ent r="8" t="63" w="367" /><ent r="7" t="63" w="451" /><ent r="8" t="63" w="500" /><ent r="8" t="63" w="546" /><ent r="8" t="63" w="576" /><ent r="8" t="63" w="607" /><ent r="8" t="63" w="630" /></phr><phr n="Security"><ent r="64" t="13" w="145" /><ent r="64" t="13" w="145" /><ent r="64" t="13" w="354" /><ent r="64" t="13" w="354" /><ent r="100" t="21" w="87" /><ent r="100" t="21" w="87" /><ent r="100" t="22" w="59" /><ent r="100" t="22" w="59" /><ent r="6" t="23" w="520" /><ent r="6" t="23" w="520" /><ent r="6" t="23" w="526" /><ent r="6" t="23" w="526" /><ent r="6" t="23" w="533" /><ent r="6" t="23" w="533" /><ent r="6" t="23" w="542" /><ent r="6" t="23" w="542" /><ent r="6" t="23" w="549" /><ent r="6" t="23" w="549" /><ent r="6" t="23" w="564" /><ent r="6" t="23" w="564" /><ent r="6" t="23" w="594" /><ent r="6" t="23" w="594" /><ent r="6" t="23" w="603" /><ent r="6" t="23" w="603" /><ent r="6" t="23" w="610" /><ent r="6" t="23" w="610" /><ent r="6" t="23" w="665" /><ent r="6" t="23" w="665" /><ent r="6" t="23" w="697" /><ent r="6" t="23" w="697" /><ent r="6" t="23" w="773" /><ent r="6" t="23" w="773" /><ent r="6" t="23" w="786" /><ent r="6" t="23" w="786" /><ent r="5" t="25" w="248" /><ent r="5" t="25" w="248" /><ent r="5" t="25" w="409" /><ent r="5" t="25" w="409" /><ent r="64" t="28" w="341" /><ent r="64" t="28" w="341" /><ent r="65" t="29" w="935" /><ent r="65" t="29" w="935" /><ent r="4" t="29" w="1091" /><ent r="1000" t="41" w="2" /><ent r="1000" t="41" w="2" /><ent r="100" t="41" w="9" /><ent r="100" t="41" w="9" /><ent r="100" t="41" w="12" /><ent r="100" t="41" w="12" /><ent r="100" t="41" w="17" /><ent r="100" t="41" w="17" /><ent r="102" t="41" w="21" /><ent r="102" t="41" w="21" /><ent r="64" t="41" w="171" /><ent r="64" t="41" w="171" /><ent r="64" t="41" w="189" /><ent r="64" t="41" w="189" /><ent r="1000" t="42" w="4" /><ent r="1000" t="42" w="4" /><ent r="100" t="42" w="15" /><ent r="100" t="42" w="15" /><ent r="100" t="42" w="21" /><ent r="100" t="42" w="21" /><ent r="102" t="42" w="27" /><ent r="102" t="42" w="27" /><ent r="64" t="42" w="209" /><ent r="64" t="42" w="209" /><ent r="4" t="42" w="1220" /><ent r="4" t="42" w="1220" /><ent r="1000" t="43" w="4" /><ent r="1000" t="43" w="4" /><ent r="100" t="43" w="10" /><ent r="100" t="43" w="10" /><ent r="100" t="43" w="13" /><ent r="100" t="43" w="13" /><ent r="102" t="43" w="36" /><ent r="102" t="43" w="36" /><ent r="64" t="43" w="72" /><ent r="64" t="43" w="72" /><ent r="7" t="43" w="183" /><ent r="7" t="43" w="183" /><ent r="7" t="43" w="226" /><ent r="3" t="48" w="353" /><ent r="3" t="48" w="353" /><ent r="4" t="54" w="238" /><ent r="9" t="55" w="1235" /><ent r="9" t="55" w="1235" /><ent r="8" t="55" w="1278" /></phr><phr n="defaultSecurityActor"><ent r="7" t="23" w="688" /><ent r="7" t="23" w="688" /></phr><phr n="SecurityContext"><ent r="4" t="29" w="1051" /><ent r="4" t="29" w="1053" /><ent r="4" t="29" w="1053" /><ent r="7" t="43" w="221" /></phr><phr n="WS-Security"><ent r="4" t="29" w="1090" /><ent r="4" t="29" w="1090" /><ent r="4" t="54" w="237" /><ent r="4" t="54" w="237" /></phr><phr n="BinarySecurityToken"><ent r="4" t="29" w="1092" /><ent r="4" t="29" w="1092" /><ent r="4" t="54" w="241" /><ent r="4" t="54" w="241" /></phr><phr n="SecurityContext-Token"><ent r="7" t="43" w="221" /><ent r="7" t="43" w="221" /></phr><phr n="Security-ContextToken"><ent r="7" t="43" w="226" /><ent r="7" t="43" w="226" /></phr></stem></index>