<?xml version="1.0" encoding="utf-8"?><index><stem n="vpn"><phr n="VPN"><ent r="102" t="0" w="11" /><ent r="3" t="0" w="22" /><ent r="3" t="0" w="47" /><ent r="4" t="0" w="76" /><ent r="65" t="0" w="86" /><ent r="4" t="0" w="112" /><ent r="65" t="0" w="122" /><ent r="4" t="0" w="137" /><ent r="82" t="0" w="184" /><ent r="3" t="1" w="32" /><ent r="3" t="1" w="271" /><ent r="100" t="1" w="283" /><ent r="92" t="1" w="289" /><ent r="3" t="1" w="296" /><ent r="3" t="1" w="322" /><ent r="3" t="1" w="359" /><ent r="3" t="2" w="31" /><ent r="3" t="2" w="130" /><ent r="4" t="2" w="180" /><ent r="3" t="2" w="214" /><ent r="3" t="2" w="261" /><ent r="1000" t="3" w="3" /><ent r="100" t="3" w="9" /><ent r="102" t="3" w="15" /><ent r="3" t="3" w="65" /><ent r="3" t="3" w="98" /><ent r="3" t="3" w="141" /><ent r="3" t="3" w="158" /><ent r="3" t="3" w="204" /><ent r="3" t="3" w="291" /><ent r="3" t="3" w="306" /><ent r="3" t="3" w="338" /><ent r="3" t="3" w="378" /><ent r="4" t="3" w="430" /><ent r="3" t="3" w="438" /><ent r="64" t="3" w="468" /><ent r="100" t="4" w="7" /><ent r="3" t="4" w="17" /><ent r="3" t="4" w="34" /><ent r="3" t="4" w="54" /><ent r="3" t="5" w="25" /><ent r="3" t="5" w="46" /><ent r="3" t="5" w="74" /><ent r="3" t="5" w="110" /><ent r="3" t="5" w="148" /><ent r="4" t="5" w="191" /><ent r="4" t="5" w="234" /><ent r="4" t="5" w="249" /><ent r="4" t="5" w="277" /><ent r="4" t="5" w="292" /><ent r="4" t="5" w="322" /><ent r="3" t="6" w="19" /><ent r="4" t="6" w="39" /><ent r="3" t="6" w="74" /><ent r="5" t="6" w="145" /><ent r="5" t="6" w="150" /><ent r="1000" t="7" w="3" /><ent r="100" t="7" w="14" /><ent r="102" t="7" w="21" /><ent r="3" t="7" w="38" /><ent r="3" t="7" w="58" /><ent r="64" t="7" w="96" /><ent r="3" t="7" w="121" /><ent r="3" t="7" w="144" /><ent r="64" t="7" w="175" /><ent r="64" t="7" w="187" /><ent r="82" t="7" w="207" /><ent r="3" t="7" w="222" /><ent r="3" t="7" w="234" /><ent r="4" t="7" w="278" /><ent r="4" t="7" w="317" /><ent r="5" t="7" w="391" /><ent r="3" t="7" w="426" /><ent r="3" t="7" w="498" /><ent r="3" t="7" w="515" /><ent r="3" t="7" w="529" /><ent r="82" t="7" w="557" /><ent r="3" t="7" w="570" /><ent r="4" t="7" w="600" /><ent r="4" t="7" w="623" /><ent r="3" t="7" w="663" /><ent r="4" t="7" w="697" /><ent r="4" t="7" w="728" /><ent r="4" t="7" w="756" /><ent r="1000" t="8" w="3" /><ent r="100" t="8" w="14" /><ent r="102" t="8" w="21" /><ent r="3" t="8" w="38" /><ent r="3" t="8" w="58" /><ent r="64" t="8" w="96" /><ent r="64" t="8" w="112" /><ent r="64" t="8" w="124" /><ent r="82" t="8" w="144" /><ent r="3" t="8" w="156" /><ent r="5" t="8" w="200" /><ent r="5" t="8" w="207" /><ent r="4" t="8" w="215" /><ent r="3" t="8" w="229" /><ent r="82" t="8" w="252" /><ent r="3" t="8" w="267" /><ent r="5" t="8" w="338" /><ent r="4" t="8" w="352" /><ent r="3" t="8" w="372" /><ent r="5" t="8" w="426" /><ent r="4" t="8" w="440" /><ent r="3" t="9" w="30" /><ent r="3" t="9" w="63" /><ent r="3" t="9" w="99" /><ent r="3" t="9" w="109" /><ent r="3" t="9" w="135" /><ent r="3" t="9" w="231" /><ent r="3" t="9" w="248" /><ent r="3" t="10" w="32" /><ent r="7" t="10" w="83" /><ent r="7" t="10" w="105" /><ent r="7" t="10" w="150" /><ent r="3" t="10" w="224" /><ent r="3" t="10" w="269" /><ent r="3" t="10" w="297" /><ent r="3" t="10" w="310" /><ent r="3" t="10" w="322" /><ent r="4" t="10" w="335" /><ent r="5" t="10" w="394" /><ent r="4" t="11" w="37" /><ent r="3" t="12" w="32" /><ent r="4" t="12" w="41" /><ent r="5" t="12" w="160" /><ent r="7" t="12" w="382" /><ent r="7" t="12" w="407" /><ent r="3" t="13" w="75" /><ent r="3" t="13" w="114" /><ent r="4" t="13" w="151" /><ent r="4" t="13" w="256" /><ent r="3" t="13" w="292" /><ent r="3" t="13" w="306" /><ent r="3" t="14" w="63" /><ent r="3" t="14" w="110" /><ent r="3" t="14" w="132" /><ent r="4" t="14" w="163" /><ent r="5" t="16" w="36" /><ent r="4" t="16" w="43" /><ent r="4" t="16" w="75" /><ent r="3" t="16" w="120" /><ent r="3" t="16" w="162" /><ent r="4" t="16" w="228" /><ent r="4" t="16" w="344" /><ent r="3" t="17" w="22" /><ent r="3" t="17" w="87" /><ent r="3" t="17" w="143" /><ent r="4" t="18" w="55" /><ent r="3" t="18" w="173" /><ent r="3" t="18" w="353" /><ent r="3" t="18" w="428" /><ent r="6" t="18" w="652" /><ent r="6" t="18" w="681" /><ent r="6" t="18" w="798" /><ent r="6" t="18" w="810" /><ent r="6" t="18" w="857" /><ent r="6" t="18" w="871" /><ent r="6" t="18" w="930" /><ent r="7" t="18" w="1056" /><ent r="6" t="18" w="1583" /><ent r="6" t="18" w="1808" /><ent r="7" t="18" w="1907" /><ent r="7" t="18" w="1952" /><ent r="7" t="18" w="1997" /><ent r="6" t="18" w="2069" /><ent r="4" t="18" w="2154" /><ent r="4" t="18" w="2189" /><ent r="3" t="18" w="2270" /><ent r="4" t="18" w="2367" /><ent r="3" t="19" w="30" /><ent r="3" t="19" w="123" /><ent r="4" t="20" w="75" /><ent r="3" t="20" w="225" /><ent r="6" t="20" w="367" /><ent r="7" t="20" w="466" /><ent r="7" t="20" w="511" /><ent r="7" t="20" w="556" /><ent r="4" t="20" w="607" /><ent r="4" t="20" w="642" /><ent r="3" t="20" w="723" /><ent r="4" t="20" w="820" /><ent r="4" t="21" w="110" /><ent r="3" t="21" w="244" /><ent r="6" t="21" w="567" /><ent r="7" t="21" w="666" /><ent r="7" t="21" w="711" /><ent r="7" t="21" w="756" /><ent r="4" t="21" w="807" /><ent r="4" t="21" w="842" /><ent r="3" t="21" w="925" /><ent r="4" t="21" w="1022" /><ent r="4" t="22" w="82" /><ent r="3" t="22" w="215" /><ent r="3" t="22" w="494" /><ent r="6" t="22" w="620" /><ent r="7" t="22" w="719" /><ent r="7" t="22" w="764" /><ent r="7" t="22" w="809" /><ent r="4" t="22" w="860" /><ent r="4" t="22" w="895" /><ent r="3" t="22" w="980" /><ent r="4" t="22" w="1077" /><ent r="4" t="23" w="98" /><ent r="6" t="23" w="337" /><ent r="6" t="23" w="467" /><ent r="6" t="23" w="508" /><ent r="6" t="23" w="577" /><ent r="6" t="23" w="670" /><ent r="6" t="23" w="699" /><ent r="3" t="24" w="35" /><ent r="3" t="24" w="55" /><ent r="3" t="24" w="73" /><ent r="3" t="24" w="110" /><ent r="3" t="24" w="134" /><ent r="4" t="24" w="453" /><ent r="4" t="24" w="482" /><ent r="5" t="25" w="60" /><ent r="5" t="25" w="70" /><ent r="5" t="25" w="101" /><ent r="5" t="25" w="407" /><ent r="3" t="25" w="668" /><ent r="3" t="26" w="20" /><ent r="3" t="26" w="59" /><ent r="3" t="26" w="90" /><ent r="3" t="27" w="32" /><ent r="4" t="27" w="62" /><ent r="3" t="27" w="154" /><ent r="6" t="27" w="381" /><ent r="6" t="27" w="410" /><ent r="6" t="27" w="464" /><ent r="6" t="27" w="543" /><ent r="6" t="27" w="555" /><ent r="6" t="27" w="615" /><ent r="6" t="27" w="629" /><ent r="6" t="27" w="688" /><ent r="7" t="27" w="817" /><ent r="6" t="27" w="1106" /><ent r="6" t="27" w="1278" /><ent r="7" t="27" w="1374" /><ent r="7" t="27" w="1419" /><ent r="7" t="27" w="1464" /><ent r="4" t="27" w="1514" /><ent r="3" t="27" w="1544" /><ent r="100" t="28" w="9" /><ent r="100" t="28" w="17" /><ent r="102" t="28" w="25" /><ent r="3" t="28" w="53" /><ent r="3" t="28" w="73" /><ent r="3" t="28" w="119" /><ent r="3" t="28" w="147" /><ent r="3" t="28" w="179" /><ent r="3" t="28" w="198" /><ent r="3" t="28" w="286" /><ent r="3" t="28" w="312" /><ent r="100" t="29" w="9" /><ent r="3" t="29" w="39" /><ent r="4" t="29" w="102" /><ent r="4" t="29" w="131" /><ent r="3" t="29" w="148" /><ent r="3" t="29" w="266" /><ent r="7" t="29" w="458" /><ent r="7" t="29" w="583" /><ent r="3" t="29" w="801" /><ent r="3" t="29" w="824" /><ent r="3" t="29" w="849" /><ent r="4" t="29" w="887" /><ent r="4" t="29" w="919" /><ent r="4" t="29" w="958" /><ent r="4" t="29" w="976" /><ent r="4" t="29" w="995" /><ent r="4" t="29" w="1037" /><ent r="4" t="29" w="1082" /><ent r="3" t="29" w="1116" /><ent r="3" t="29" w="1150" /><ent r="4" t="29" w="1176" /><ent r="4" t="29" w="1213" /><ent r="4" t="29" w="1243" /><ent r="4" t="29" w="1261" /><ent r="100" t="30" w="9" /><ent r="3" t="30" w="34" /><ent r="3" t="30" w="102" /><ent r="3" t="31" w="113" /><ent r="4" t="31" w="148" /><ent r="4" t="31" w="184" /><ent r="4" t="32" w="71" /><ent r="3" t="32" w="204" /><ent r="3" t="32" w="514" /><ent r="4" t="32" w="529" /><ent r="4" t="32" w="542" /><ent r="4" t="32" w="575" /><ent r="4" t="32" w="609" /><ent r="5" t="32" w="640" /><ent r="5" t="32" w="659" /><ent r="3" t="33" w="115" /><ent r="4" t="33" w="179" /><ent r="4" t="33" w="215" /><ent r="7" t="33" w="509" /><ent r="7" t="33" w="522" /><ent r="7" t="33" w="560" /><ent r="3" t="34" w="42" /><ent r="3" t="34" w="75" /><ent r="4" t="34" w="114" /><ent r="4" t="34" w="150" /><ent r="4" t="34" w="221" /><ent r="3" t="35" w="33" /><ent r="3" t="35" w="60" /><ent r="3" t="35" w="96" /><ent r="3" t="35" w="161" /><ent r="4" t="35" w="175" /><ent r="3" t="35" w="273" /><ent r="3" t="36" w="34" /><ent r="4" t="36" w="52" /><ent r="3" t="37" w="26" /><ent r="3" t="37" w="53" /><ent r="3" t="37" w="83" /><ent r="3" t="37" w="122" /><ent r="3" t="37" w="224" /><ent r="3" t="37" w="303" /><ent r="3" t="37" w="340" /><ent r="3" t="37" w="473" /><ent r="3" t="37" w="495" /><ent r="3" t="37" w="519" /><ent r="3" t="37" w="598" /><ent r="3" t="38" w="26" /><ent r="4" t="38" w="56" /><ent r="4" t="38" w="100" /><ent r="65" t="38" w="111" /><ent r="4" t="38" w="123" /><ent r="4" t="38" w="170" /><ent r="4" t="38" w="202" /><ent r="3" t="38" w="255" /><ent r="3" t="39" w="25" /><ent r="3" t="39" w="92" /><ent r="3" t="39" w="121" /><ent r="3" t="40" w="31" /><ent r="3" t="40" w="57" /><ent r="3" t="40" w="123" /><ent r="3" t="40" w="132" /><ent r="3" t="40" w="180" /><ent r="3" t="40" w="205" /><ent r="3" t="40" w="244" /><ent r="3" t="40" w="254" /><ent r="3" t="40" w="298" /><ent r="3" t="40" w="309" /><ent r="3" t="40" w="357" /><ent r="3" t="40" w="414" /><ent r="3" t="40" w="440" /><ent r="3" t="40" w="465" /><ent r="3" t="40" w="520" /><ent r="3" t="40" w="532" /><ent r="3" t="40" w="573" /><ent r="3" t="40" w="718" /><ent r="4" t="40" w="765" /><ent r="4" t="40" w="795" /><ent r="3" t="40" w="838" /><ent r="3" t="40" w="977" /><ent r="3" t="40" w="1096" /><ent r="3" t="40" w="1120" /><ent r="3" t="40" w="1149" /><ent r="3" t="41" w="37" /><ent r="3" t="41" w="66" /><ent r="3" t="41" w="107" /><ent r="3" t="41" w="136" /><ent r="64" t="41" w="147" /><ent r="3" t="42" w="57" /><ent r="3" t="42" w="112" /><ent r="3" t="42" w="149" /><ent r="3" t="42" w="176" /><ent r="3" t="42" w="272" /><ent r="3" t="42" w="346" /><ent r="3" t="42" w="373" /><ent r="3" t="42" w="386" /><ent r="3" t="42" w="405" /><ent r="3" t="42" w="464" /><ent r="3" t="42" w="517" /><ent r="3" t="42" w="555" /><ent r="3" t="42" w="627" /><ent r="3" t="42" w="701" /><ent r="3" t="42" w="805" /><ent r="3" t="42" w="824" /><ent r="3" t="42" w="897" /><ent r="3" t="42" w="921" /><ent r="3" t="42" w="991" /><ent r="3" t="42" w="1027" /><ent r="4" t="42" w="1045" /><ent r="3" t="42" w="1136" /><ent r="3" t="42" w="1232" /><ent r="3" t="42" w="1331" /><ent r="3" t="42" w="1358" /><ent r="3" t="42" w="1409" /><ent r="3" t="42" w="1494" /><ent r="3" t="42" w="1505" /><ent r="3" t="42" w="1546" /><ent r="3" t="42" w="1567" /><ent r="3" t="42" w="1588" /><ent r="3" t="42" w="1620" /><ent r="3" t="42" w="1669" /><ent r="3" t="42" w="1758" /><ent r="3" t="42" w="1852" /><ent r="3" t="42" w="1917" /><ent r="3" t="42" w="1940" /><ent r="4" t="42" w="2006" /><ent r="3" t="42" w="2027" /><ent r="3" t="42" w="2051" /><ent r="3" t="42" w="2088" /><ent r="100" t="43" w="25" /><ent r="3" t="43" w="46" /><ent r="7" t="43" w="137" /><ent r="7" t="43" w="203" /><ent r="7" t="43" w="250" /><ent r="7" t="43" w="308" /><ent r="7" t="43" w="416" /><ent r="1000" t="44" w="4" /><ent r="100" t="44" w="12" /><ent r="100" t="44" w="19" /><ent r="102" t="44" w="30" /><ent r="3" t="44" w="51" /><ent r="100" t="44" w="89" /><ent r="3" t="45" w="24" /><ent r="4" t="45" w="116" /><ent r="3" t="45" w="179" /><ent r="3" t="45" w="195" /><ent r="4" t="45" w="231" /><ent r="6" t="45" w="311" /><ent r="6" t="45" w="320" /><ent r="6" t="45" w="346" /><ent r="6" t="45" w="388" /><ent r="3" t="46" w="34" /><ent r="3" t="46" w="58" /><ent r="3" t="46" w="108" /><ent r="7" t="46" w="135" /><ent r="7" t="46" w="161" /><ent r="4" t="46" w="201" /><ent r="3" t="46" w="238" /><ent r="3" t="46" w="280" /><ent r="3" t="47" w="55" /><ent r="4" t="47" w="149" /><ent r="6" t="47" w="177" /><ent r="3" t="47" w="262" /><ent r="3" t="47" w="341" /><ent r="64" t="47" w="357" /><ent r="3" t="47" w="730" /><ent r="100" t="48" w="25" /><ent r="82" t="48" w="682" /><ent r="3" t="48" w="691" /><ent r="3" t="48" w="722" /><ent r="3" t="48" w="748" /><ent r="4" t="49" w="102" /><ent r="4" t="49" w="144" /><ent r="4" t="49" w="196" /><ent r="6" t="50" w="562" /><ent r="6" t="51" w="626" /><ent r="3" t="55" w="1772" /><ent r="3" t="56" w="97" /><ent r="3" t="56" w="124" /><ent r="3" t="56" w="148" /><ent r="3" t="56" w="228" /><ent r="3" t="57" w="41" /><ent r="4" t="57" w="59" /><ent r="3" t="58" w="208" /><ent r="3" t="59" w="139" /><ent r="3" t="60" w="153" /><ent r="3" t="60" w="179" /><ent r="3" t="60" w="214" /><ent r="3" t="62" w="20" /><ent r="5" t="62" w="35" /><ent r="7" t="62" w="64" /><ent r="7" t="62" w="458" /><ent r="8" t="63" w="54" /><ent r="8" t="63" w="59" /><ent r="4" t="63" w="155" /><ent r="3" t="63" w="167" /><ent r="5" t="63" w="192" /><ent r="5" t="63" w="217" /><ent r="8" t="64" w="52" /><ent r="8" t="64" w="57" /><ent r="4" t="64" w="124" /><ent r="5" t="64" w="145" /><ent r="4" t="64" w="239" /><ent r="5" t="64" w="270" /><ent r="5" t="64" w="295" /><ent r="3" t="65" w="44" /><ent r="8" t="65" w="123" /><ent r="8" t="65" w="128" /><ent r="4" t="65" w="197" /><ent r="3" t="66" w="31" /><ent r="3" t="66" w="91" /><ent r="3" t="66" w="118" /><ent r="7" t="66" w="136" /><ent r="7" t="66" w="141" /><ent r="4" t="66" w="198" /><ent r="4" t="66" w="218" /><ent r="4" t="66" w="311" /><ent r="3" t="67" w="44" /><ent r="3" t="67" w="87" /><ent r="4" t="67" w="222" /><ent r="3" t="67" w="244" /><ent r="3" t="68" w="21" /><ent r="7" t="68" w="48" /><ent r="7" t="68" w="73" /><ent r="7" t="68" w="83" /><ent r="7" t="68" w="132" /><ent r="7" t="68" w="149" /><ent r="7" t="68" w="162" /><ent r="3" t="69" w="26" /><ent r="3" t="69" w="44" /><ent r="4" t="69" w="103" /><ent r="3" t="69" w="227" /><ent r="3" t="70" w="20" /></phr></stem><stem n="client"><phr n="Client"><ent r="102" t="0" w="12" /><ent r="3" t="0" w="23" /><ent r="3" t="0" w="48" /><ent r="4" t="0" w="77" /><ent r="65" t="0" w="87" /><ent r="4" t="0" w="113" /><ent r="65" t="0" w="123" /><ent r="4" t="0" w="138" /><ent r="82" t="0" w="185" /><ent r="3" t="1" w="33" /><ent r="3" t="1" w="272" /><ent r="100" t="1" w="284" /><ent r="92" t="1" w="290" /><ent r="3" t="1" w="297" /><ent r="3" t="1" w="323" /><ent r="3" t="1" w="360" /><ent r="3" t="2" w="32" /><ent r="3" t="2" w="131" /><ent r="4" t="2" w="181" /><ent r="3" t="2" w="215" /><ent r="3" t="2" w="262" /><ent r="1000" t="3" w="4" /><ent r="100" t="3" w="10" /><ent r="102" t="3" w="16" /><ent r="3" t="3" w="66" /><ent r="3" t="3" w="88" /><ent r="3" t="3" w="99" /><ent r="3" t="3" w="142" /><ent r="3" t="3" w="159" /><ent r="3" t="3" w="205" /><ent r="3" t="3" w="292" /><ent r="3" t="3" w="307" /><ent r="3" t="3" w="339" /><ent r="3" t="3" w="379" /><ent r="4" t="3" w="431" /><ent r="3" t="3" w="439" /><ent r="64" t="3" w="469" /><ent r="100" t="4" w="8" /><ent r="3" t="4" w="18" /><ent r="3" t="4" w="35" /><ent r="3" t="4" w="55" /><ent r="3" t="5" w="26" /><ent r="3" t="5" w="47" /><ent r="3" t="5" w="75" /><ent r="3" t="5" w="111" /><ent r="3" t="5" w="149" /><ent r="4" t="5" w="192" /><ent r="4" t="5" w="235" /><ent r="4" t="5" w="250" /><ent r="65" t="5" w="255" /><ent r="4" t="5" w="278" /><ent r="4" t="5" w="293" /><ent r="4" t="5" w="323" /><ent r="3" t="6" w="20" /><ent r="4" t="6" w="40" /><ent r="3" t="6" w="75" /><ent r="3" t="6" w="101" /><ent r="5" t="6" w="146" /><ent r="5" t="6" w="151" /><ent r="1000" t="7" w="4" /><ent r="100" t="7" w="15" /><ent r="102" t="7" w="22" /><ent r="3" t="7" w="39" /><ent r="3" t="7" w="59" /><ent r="64" t="7" w="97" /><ent r="3" t="7" w="122" /><ent r="3" t="7" w="145" /><ent r="64" t="7" w="176" /><ent r="64" t="7" w="188" /><ent r="82" t="7" w="208" /><ent r="3" t="7" w="223" /><ent r="3" t="7" w="235" /><ent r="4" t="7" w="279" /><ent r="4" t="7" w="318" /><ent r="5" t="7" w="392" /><ent r="3" t="7" w="427" /><ent r="3" t="7" w="499" /><ent r="3" t="7" w="516" /><ent r="3" t="7" w="530" /><ent r="82" t="7" w="558" /><ent r="3" t="7" w="571" /><ent r="4" t="7" w="601" /><ent r="3" t="7" w="611" /><ent r="4" t="7" w="624" /><ent r="3" t="7" w="664" /><ent r="4" t="7" w="698" /><ent r="5" t="7" w="714" /><ent r="4" t="7" w="729" /><ent r="4" t="7" w="757" /><ent r="1000" t="8" w="4" /><ent r="100" t="8" w="15" /><ent r="102" t="8" w="22" /><ent r="3" t="8" w="39" /><ent r="3" t="8" w="59" /><ent r="64" t="8" w="97" /><ent r="64" t="8" w="113" /><ent r="64" t="8" w="125" /><ent r="82" t="8" w="145" /><ent r="3" t="8" w="157" /><ent r="5" t="8" w="201" /><ent r="5" t="8" w="208" /><ent r="4" t="8" w="216" /><ent r="3" t="8" w="230" /><ent r="82" t="8" w="253" /><ent r="3" t="8" w="268" /><ent r="5" t="8" w="339" /><ent r="4" t="8" w="353" /><ent r="3" t="8" w="373" /><ent r="5" t="8" w="427" /><ent r="4" t="8" w="441" /><ent r="3" t="9" w="31" /><ent r="3" t="9" w="64" /><ent r="3" t="9" w="100" /><ent r="3" t="9" w="110" /><ent r="3" t="9" w="136" /><ent r="3" t="9" w="232" /><ent r="3" t="9" w="249" /><ent r="3" t="10" w="33" /><ent r="7" t="10" w="84" /><ent r="7" t="10" w="106" /><ent r="7" t="10" w="151" /><ent r="3" t="10" w="225" /><ent r="3" t="10" w="270" /><ent r="3" t="10" w="298" /><ent r="3" t="10" w="311" /><ent r="3" t="10" w="323" /><ent r="4" t="10" w="336" /><ent r="6" t="10" w="358" /><ent r="5" t="10" w="395" /><ent r="4" t="11" w="38" /><ent r="3" t="12" w="33" /><ent r="4" t="12" w="42" /><ent r="5" t="12" w="161" /><ent r="100" t="12" w="191" /><ent r="6" t="12" w="197" /><ent r="92" t="12" w="275" /><ent r="4" t="12" w="326" /><ent r="7" t="12" w="383" /><ent r="7" t="12" w="408" /><ent r="3" t="13" w="76" /><ent r="3" t="13" w="115" /><ent r="4" t="13" w="152" /><ent r="4" t="13" w="257" /><ent r="3" t="13" w="293" /><ent r="3" t="13" w="307" /><ent r="3" t="14" w="64" /><ent r="3" t="14" w="111" /><ent r="3" t="14" w="133" /><ent r="4" t="14" w="164" /><ent r="1000" t="16" w="3" /><ent r="100" t="16" w="9" /><ent r="102" t="16" w="17" /><ent r="5" t="16" w="37" /><ent r="4" t="16" w="44" /><ent r="4" t="16" w="76" /><ent r="4" t="16" w="98" /><ent r="3" t="16" w="121" /><ent r="3" t="16" w="163" /><ent r="4" t="16" w="229" /><ent r="4" t="16" w="345" /><ent r="3" t="17" w="23" /><ent r="3" t="17" w="88" /><ent r="3" t="17" w="144" /><ent r="4" t="18" w="56" /><ent r="3" t="18" w="174" /><ent r="3" t="18" w="354" /><ent r="3" t="18" w="429" /><ent r="6" t="18" w="653" /><ent r="6" t="18" w="682" /><ent r="6" t="18" w="690" /><ent r="6" t="18" w="773" /><ent r="6" t="18" w="799" /><ent r="6" t="18" w="811" /><ent r="6" t="18" w="858" /><ent r="6" t="18" w="872" /><ent r="7" t="18" w="902" /><ent r="6" t="18" w="931" /><ent r="8" t="18" w="1019" /><ent r="7" t="18" w="1057" /><ent r="6" t="18" w="1245" /><ent r="8" t="18" w="1262" /><ent r="7" t="18" w="1278" /><ent r="10" t="18" w="1362" /><ent r="10" t="18" w="1535" /><ent r="6" t="18" w="1584" /><ent r="6" t="18" w="1809" /><ent r="7" t="18" w="1908" /><ent r="7" t="18" w="1953" /><ent r="7" t="18" w="1998" /><ent r="6" t="18" w="2070" /><ent r="4" t="18" w="2155" /><ent r="4" t="18" w="2190" /><ent r="3" t="18" w="2271" /><ent r="64" t="18" w="2334" /><ent r="4" t="18" w="2368" /><ent r="3" t="19" w="31" /><ent r="3" t="19" w="124" /><ent r="4" t="20" w="76" /><ent r="3" t="20" w="226" /><ent r="6" t="20" w="368" /><ent r="7" t="20" w="467" /><ent r="7" t="20" w="512" /><ent r="7" t="20" w="557" /><ent r="4" t="20" w="608" /><ent r="4" t="20" w="643" /><ent r="3" t="20" w="724" /><ent r="64" t="20" w="787" /><ent r="4" t="20" w="821" /><ent r="4" t="21" w="111" /><ent r="3" t="21" w="245" /><ent r="6" t="21" w="568" /><ent r="7" t="21" w="667" /><ent r="7" t="21" w="712" /><ent r="7" t="21" w="757" /><ent r="4" t="21" w="808" /><ent r="4" t="21" w="843" /><ent r="3" t="21" w="926" /><ent r="64" t="21" w="989" /><ent r="4" t="21" w="1023" /><ent r="4" t="22" w="83" /><ent r="3" t="22" w="216" /><ent r="3" t="22" w="495" /><ent r="6" t="22" w="621" /><ent r="7" t="22" w="720" /><ent r="7" t="22" w="765" /><ent r="7" t="22" w="810" /><ent r="4" t="22" w="861" /><ent r="4" t="22" w="896" /><ent r="3" t="22" w="981" /><ent r="64" t="22" w="1044" /><ent r="4" t="22" w="1078" /><ent r="1000" t="23" w="5" /><ent r="100" t="23" w="12" /><ent r="100" t="23" w="20" /><ent r="102" t="23" w="29" /><ent r="3" t="23" w="47" /><ent r="4" t="23" w="99" /><ent r="6" t="23" w="338" /><ent r="6" t="23" w="468" /><ent r="6" t="23" w="509" /><ent r="6" t="23" w="578" /><ent r="6" t="23" w="671" /><ent r="6" t="23" w="700" /><ent r="3" t="24" w="36" /><ent r="3" t="24" w="56" /><ent r="3" t="24" w="74" /><ent r="3" t="24" w="111" /><ent r="3" t="24" w="135" /><ent r="64" t="24" w="186" /><ent r="82" t="24" w="217" /><ent r="6" t="24" w="385" /><ent r="4" t="24" w="454" /><ent r="4" t="24" w="483" /><ent r="8" t="24" w="553" /><ent r="8" t="24" w="570" /><ent r="8" t="24" w="656" /><ent r="5" t="25" w="61" /><ent r="5" t="25" w="71" /><ent r="5" t="25" w="102" /><ent r="5" t="25" w="408" /><ent r="3" t="25" w="669" /><ent r="3" t="26" w="21" /><ent r="3" t="26" w="60" /><ent r="3" t="26" w="91" /><ent r="3" t="27" w="33" /><ent r="4" t="27" w="63" /><ent r="3" t="27" w="155" /><ent r="6" t="27" w="382" /><ent r="6" t="27" w="411" /><ent r="6" t="27" w="419" /><ent r="6" t="27" w="465" /><ent r="6" t="27" w="518" /><ent r="6" t="27" w="544" /><ent r="6" t="27" w="556" /><ent r="7" t="27" w="579" /><ent r="6" t="27" w="616" /><ent r="6" t="27" w="630" /><ent r="7" t="27" w="660" /><ent r="6" t="27" w="689" /><ent r="8" t="27" w="780" /><ent r="7" t="27" w="818" /><ent r="6" t="27" w="1006" /><ent r="8" t="27" w="1023" /><ent r="7" t="27" w="1039" /><ent r="8" t="27" w="1056" /><ent r="6" t="27" w="1107" /><ent r="6" t="27" w="1279" /><ent r="7" t="27" w="1375" /><ent r="7" t="27" w="1420" /><ent r="7" t="27" w="1465" /><ent r="4" t="27" w="1515" /><ent r="3" t="27" w="1545" /><ent r="100" t="28" w="10" /><ent r="100" t="28" w="18" /><ent r="102" t="28" w="26" /><ent r="3" t="28" w="54" /><ent r="3" t="28" w="74" /><ent r="3" t="28" w="120" /><ent r="3" t="28" w="148" /><ent r="3" t="28" w="180" /><ent r="64" t="28" w="185" /><ent r="3" t="28" w="199" /><ent r="3" t="28" w="287" /><ent r="3" t="28" w="313" /><ent r="100" t="29" w="10" /><ent r="3" t="29" w="40" /><ent r="4" t="29" w="103" /><ent r="4" t="29" w="132" /><ent r="3" t="29" w="149" /><ent r="3" t="29" w="267" /><ent r="7" t="29" w="459" /><ent r="7" t="29" w="584" /><ent r="3" t="29" w="802" /><ent r="3" t="29" w="825" /><ent r="3" t="29" w="850" /><ent r="4" t="29" w="888" /><ent r="4" t="29" w="920" /><ent r="4" t="29" w="959" /><ent r="4" t="29" w="977" /><ent r="4" t="29" w="996" /><ent r="4" t="29" w="1038" /><ent r="4" t="29" w="1083" /><ent r="3" t="29" w="1117" /><ent r="3" t="29" w="1151" /><ent r="4" t="29" w="1177" /><ent r="4" t="29" w="1214" /><ent r="4" t="29" w="1244" /><ent r="4" t="29" w="1262" /><ent r="100" t="30" w="10" /><ent r="3" t="30" w="35" /><ent r="3" t="30" w="103" /><ent r="3" t="31" w="114" /><ent r="4" t="31" w="149" /><ent r="4" t="31" w="185" /><ent r="4" t="32" w="72" /><ent r="3" t="32" w="205" /><ent r="3" t="32" w="515" /><ent r="4" t="32" w="530" /><ent r="4" t="32" w="543" /><ent r="4" t="32" w="576" /><ent r="4" t="32" w="610" /><ent r="5" t="32" w="641" /><ent r="5" t="32" w="660" /><ent r="3" t="33" w="116" /><ent r="4" t="33" w="180" /><ent r="4" t="33" w="216" /><ent r="7" t="33" w="510" /><ent r="7" t="33" w="523" /><ent r="7" t="33" w="561" /><ent r="3" t="34" w="43" /><ent r="3" t="34" w="76" /><ent r="4" t="34" w="115" /><ent r="4" t="34" w="151" /><ent r="4" t="34" w="222" /><ent r="3" t="35" w="34" /><ent r="3" t="35" w="61" /><ent r="3" t="35" w="97" /><ent r="3" t="35" w="162" /><ent r="4" t="35" w="176" /><ent r="3" t="35" w="274" /><ent r="3" t="36" w="35" /><ent r="4" t="36" w="53" /><ent r="3" t="37" w="27" /><ent r="3" t="37" w="54" /><ent r="64" t="37" w="71" /><ent r="3" t="37" w="84" /><ent r="3" t="37" w="123" /><ent r="3" t="37" w="225" /><ent r="3" t="37" w="304" /><ent r="3" t="37" w="341" /><ent r="3" t="37" w="474" /><ent r="3" t="37" w="496" /><ent r="3" t="37" w="520" /><ent r="3" t="37" w="599" /><ent r="3" t="38" w="27" /><ent r="4" t="38" w="57" /><ent r="4" t="38" w="101" /><ent r="65" t="38" w="112" /><ent r="4" t="38" w="124" /><ent r="4" t="38" w="171" /><ent r="4" t="38" w="203" /><ent r="3" t="38" w="256" /><ent r="64" t="38" w="261" /><ent r="3" t="39" w="26" /><ent r="3" t="39" w="93" /><ent r="3" t="39" w="122" /><ent r="1000" t="40" w="2" /><ent r="100" t="40" w="8" /><ent r="100" t="40" w="11" /><ent r="100" t="40" w="20" /><ent r="102" t="40" w="24" /><ent r="3" t="40" w="32" /><ent r="3" t="40" w="58" /><ent r="3" t="40" w="124" /><ent r="3" t="40" w="133" /><ent r="100" t="40" w="165" /><ent r="3" t="40" w="181" /><ent r="3" t="40" w="206" /><ent r="3" t="40" w="245" /><ent r="3" t="40" w="255" /><ent r="100" t="40" w="272" /><ent r="3" t="40" w="299" /><ent r="3" t="40" w="310" /><ent r="3" t="40" w="358" /><ent r="3" t="40" w="415" /><ent r="3" t="40" w="441" /><ent r="3" t="40" w="466" /><ent r="3" t="40" w="521" /><ent r="3" t="40" w="533" /><ent r="100" t="40" w="561" /><ent r="3" t="40" w="574" /><ent r="3" t="40" w="719" /><ent r="4" t="40" w="766" /><ent r="4" t="40" w="796" /><ent r="3" t="40" w="839" /><ent r="3" t="40" w="978" /><ent r="3" t="40" w="1097" /><ent r="3" t="40" w="1121" /><ent r="3" t="40" w="1150" /><ent r="3" t="41" w="38" /><ent r="3" t="41" w="67" /><ent r="3" t="41" w="108" /><ent r="3" t="41" w="137" /><ent r="64" t="41" w="148" /><ent r="3" t="42" w="58" /><ent r="3" t="42" w="113" /><ent r="3" t="42" w="150" /><ent r="3" t="42" w="177" /><ent r="64" t="42" w="223" /><ent r="3" t="42" w="273" /><ent r="3" t="42" w="347" /><ent r="3" t="42" w="374" /><ent r="3" t="42" w="387" /><ent r="3" t="42" w="406" /><ent r="3" t="42" w="465" /><ent r="3" t="42" w="518" /><ent r="3" t="42" w="556" /><ent r="3" t="42" w="628" /><ent r="3" t="42" w="702" /><ent r="3" t="42" w="806" /><ent r="3" t="42" w="825" /><ent r="3" t="42" w="898" /><ent r="3" t="42" w="922" /><ent r="3" t="42" w="992" /><ent r="3" t="42" w="1028" /><ent r="4" t="42" w="1046" /><ent r="100" t="42" w="1098" /><ent r="92" t="42" w="1101" /><ent r="3" t="42" w="1137" /><ent r="5" t="42" w="1151" /><ent r="100" t="42" w="1201" /><ent r="82" t="42" w="1210" /><ent r="3" t="42" w="1233" /><ent r="3" t="42" w="1332" /><ent r="3" t="42" w="1359" /><ent r="3" t="42" w="1410" /><ent r="3" t="42" w="1495" /><ent r="3" t="42" w="1506" /><ent r="3" t="42" w="1547" /><ent r="3" t="42" w="1568" /><ent r="3" t="42" w="1589" /><ent r="3" t="42" w="1621" /><ent r="3" t="42" w="1670" /><ent r="3" t="42" w="1759" /><ent r="3" t="42" w="1853" /><ent r="3" t="42" w="1918" /><ent r="3" t="42" w="1941" /><ent r="4" t="42" w="2007" /><ent r="3" t="42" w="2028" /><ent r="82" t="42" w="2044" /><ent r="3" t="42" w="2052" /><ent r="3" t="42" w="2089" /><ent r="5" t="42" w="2138" /><ent r="100" t="43" w="26" /><ent r="3" t="43" w="47" /><ent r="7" t="43" w="138" /><ent r="7" t="43" w="204" /><ent r="7" t="43" w="251" /><ent r="7" t="43" w="309" /><ent r="7" t="43" w="417" /><ent r="7" t="43" w="420" /><ent r="1000" t="44" w="5" /><ent r="100" t="44" w="13" /><ent r="100" t="44" w="20" /><ent r="102" t="44" w="31" /><ent r="3" t="44" w="52" /><ent r="100" t="44" w="90" /><ent r="3" t="45" w="25" /><ent r="4" t="45" w="117" /><ent r="3" t="45" w="180" /><ent r="3" t="45" w="196" /><ent r="4" t="45" w="232" /><ent r="6" t="45" w="312" /><ent r="6" t="45" w="321" /><ent r="6" t="45" w="347" /><ent r="6" t="45" w="389" /><ent r="3" t="46" w="35" /><ent r="3" t="46" w="59" /><ent r="3" t="46" w="109" /><ent r="7" t="46" w="136" /><ent r="7" t="46" w="162" /><ent r="4" t="46" w="202" /><ent r="3" t="46" w="239" /><ent r="3" t="46" w="281" /><ent r="3" t="47" w="56" /><ent r="4" t="47" w="150" /><ent r="6" t="47" w="178" /><ent r="3" t="47" w="263" /><ent r="3" t="47" w="342" /><ent r="64" t="47" w="358" /><ent r="3" t="47" w="731" /><ent r="100" t="48" w="26" /><ent r="82" t="48" w="683" /><ent r="3" t="48" w="692" /><ent r="3" t="48" w="723" /><ent r="3" t="48" w="749" /><ent r="4" t="49" w="103" /><ent r="4" t="49" w="145" /><ent r="4" t="49" w="197" /><ent r="6" t="50" w="563" /><ent r="8" t="51" w="321" /><ent r="8" t="51" w="361" /><ent r="7" t="51" w="383" /><ent r="7" t="51" w="603" /><ent r="6" t="51" w="627" /><ent r="4" t="51" w="777" /><ent r="82" t="51" w="805" /><ent r="3" t="51" w="950" /><ent r="82" t="51" w="1044" /><ent r="5" t="51" w="1095" /><ent r="6" t="55" w="545" /><ent r="3" t="55" w="1773" /><ent r="3" t="56" w="98" /><ent r="3" t="56" w="125" /><ent r="3" t="56" w="149" /><ent r="3" t="56" w="229" /><ent r="3" t="57" w="42" /><ent r="4" t="57" w="60" /><ent r="3" t="58" w="209" /><ent r="8" t="58" w="334" /><ent r="3" t="59" w="140" /><ent r="7" t="59" w="232" /><ent r="8" t="59" w="240" /><ent r="3" t="60" w="154" /><ent r="3" t="60" w="180" /><ent r="3" t="60" w="215" /><ent r="3" t="62" w="21" /><ent r="5" t="62" w="36" /><ent r="7" t="62" w="65" /><ent r="7" t="62" w="459" /><ent r="8" t="63" w="55" /><ent r="8" t="63" w="60" /><ent r="6" t="63" w="73" /><ent r="3" t="63" w="140" /><ent r="4" t="63" w="156" /><ent r="3" t="63" w="168" /><ent r="5" t="63" w="193" /><ent r="5" t="63" w="218" /><ent r="8" t="64" w="53" /><ent r="8" t="64" w="58" /><ent r="6" t="64" w="71" /><ent r="4" t="64" w="125" /><ent r="5" t="64" w="146" /><ent r="4" t="64" w="240" /><ent r="5" t="64" w="271" /><ent r="5" t="64" w="296" /><ent r="3" t="65" w="45" /><ent r="8" t="65" w="124" /><ent r="8" t="65" w="129" /><ent r="6" t="65" w="142" /><ent r="4" t="65" w="198" /><ent r="3" t="66" w="32" /><ent r="3" t="66" w="92" /><ent r="3" t="66" w="119" /><ent r="7" t="66" w="137" /><ent r="7" t="66" w="142" /><ent r="5" t="66" w="155" /><ent r="4" t="66" w="199" /><ent r="4" t="66" w="219" /><ent r="4" t="66" w="312" /><ent r="3" t="67" w="45" /><ent r="3" t="67" w="88" /><ent r="4" t="67" w="223" /><ent r="3" t="67" w="245" /><ent r="3" t="68" w="22" /><ent r="7" t="68" w="49" /><ent r="7" t="68" w="74" /><ent r="7" t="68" w="84" /><ent r="7" t="68" w="133" /><ent r="7" t="68" w="150" /><ent r="7" t="68" w="163" /><ent r="3" t="69" w="27" /><ent r="3" t="69" w="45" /><ent r="4" t="69" w="104" /><ent r="3" t="69" w="228" /><ent r="3" t="70" w="21" /></phr><phr n="client"><ent r="4" t="0" w="93" /><ent r="3" t="3" w="70" /><ent r="3" t="3" w="105" /><ent r="3" t="3" w="187" /><ent r="3" t="5" w="123" /><ent r="4" t="5" w="216" /><ent r="4" t="5" w="265" /><ent r="4" t="5" w="304" /><ent r="3" t="7" w="245" /><ent r="100" t="12" w="91" /><ent r="4" t="12" w="109" /><ent r="4" t="12" w="299" /><ent r="3" t="13" w="94" /><ent r="3" t="13" w="104" /><ent r="3" t="13" w="125" /><ent r="3" t="13" w="266" /><ent r="3" t="13" w="270" /><ent r="3" t="13" w="327" /><ent r="3" t="16" w="28" /><ent r="3" t="16" w="155" /><ent r="4" t="16" w="168" /><ent r="4" t="16" w="182" /><ent r="3" t="17" w="119" /><ent r="3" t="18" w="413" /><ent r="3" t="18" w="460" /><ent r="7" t="18" w="535" /><ent r="8" t="18" w="543" /><ent r="7" t="18" w="607" /><ent r="8" t="18" w="615" /><ent r="6" t="18" w="785" /><ent r="6" t="18" w="844" /><ent r="6" t="18" w="920" /><ent r="6" t="18" w="1256" /><ent r="7" t="18" w="1270" /><ent r="7" t="18" w="1295" /><ent r="8" t="18" w="1303" /><ent r="8" t="18" w="1309" /><ent r="8" t="18" w="1313" /><ent r="8" t="18" w="1338" /><ent r="8" t="18" w="1515" /><ent r="4" t="18" w="2160" /><ent r="3" t="18" w="2308" /><ent r="4" t="20" w="613" /><ent r="3" t="20" w="761" /><ent r="4" t="21" w="813" /><ent r="3" t="21" w="963" /><ent r="4" t="22" w="866" /><ent r="3" t="22" w="1018" /><ent r="100" t="23" w="17" /><ent r="3" t="23" w="74" /><ent r="5" t="23" w="234" /><ent r="4" t="24" w="153" /><ent r="100" t="24" w="212" /><ent r="3" t="24" w="243" /><ent r="7" t="24" w="561" /><ent r="7" t="24" w="576" /><ent r="6" t="24" w="590" /><ent r="6" t="24" w="612" /><ent r="4" t="26" w="110" /><ent r="3" t="26" w="180" /><ent r="3" t="27" w="139" /><ent r="3" t="27" w="184" /><ent r="7" t="27" w="263" /><ent r="8" t="27" w="271" /><ent r="7" t="27" w="336" /><ent r="8" t="27" w="344" /><ent r="6" t="27" w="530" /><ent r="6" t="27" w="602" /><ent r="6" t="27" w="678" /><ent r="6" t="27" w="1017" /><ent r="7" t="27" w="1031" /><ent r="4" t="27" w="1526" /><ent r="3" t="28" w="81" /><ent r="3" t="28" w="132" /><ent r="4" t="29" w="943" /><ent r="4" t="29" w="1281" /><ent r="3" t="32" w="222" /><ent r="3" t="33" w="126" /><ent r="3" t="37" w="36" /><ent r="3" t="37" w="66" /><ent r="3" t="37" w="132" /><ent r="3" t="37" w="240" /><ent r="3" t="37" w="507" /><ent r="3" t="37" w="607" /><ent r="3" t="38" w="44" /><ent r="4" t="38" w="133" /><ent r="4" t="38" w="212" /><ent r="3" t="38" w="243" /><ent r="3" t="39" w="105" /><ent r="100" t="40" w="16" /><ent r="3" t="40" w="40" /><ent r="3" t="40" w="48" /><ent r="3" t="40" w="99" /><ent r="3" t="40" w="104" /><ent r="3" t="40" w="174" /><ent r="3" t="40" w="284" /><ent r="3" t="40" w="325" /><ent r="3" t="40" w="583" /><ent r="3" t="42" w="129" /><ent r="3" t="42" w="144" /><ent r="3" t="42" w="328" /><ent r="3" t="42" w="338" /><ent r="3" t="42" w="361" /><ent r="3" t="42" w="871" /><ent r="3" t="42" w="1121" /><ent r="3" t="42" w="1216" /><ent r="3" t="42" w="1240" /><ent r="3" t="42" w="1266" /><ent r="3" t="42" w="1313" /><ent r="3" t="42" w="1321" /><ent r="3" t="42" w="1372" /><ent r="3" t="42" w="1376" /><ent r="3" t="42" w="1393" /><ent r="3" t="42" w="1402" /><ent r="3" t="42" w="1429" /><ent r="3" t="42" w="1447" /><ent r="3" t="42" w="1478" /><ent r="3" t="42" w="1515" /><ent r="3" t="42" w="1577" /><ent r="3" t="42" w="1602" /><ent r="3" t="42" w="1630" /><ent r="3" t="42" w="1654" /><ent r="3" t="42" w="1684" /><ent r="3" t="42" w="1688" /><ent r="3" t="42" w="1705" /><ent r="4" t="42" w="1713" /><ent r="3" t="42" w="1748" /><ent r="3" t="42" w="1766" /><ent r="3" t="42" w="1777" /><ent r="3" t="42" w="1861" /><ent r="3" t="42" w="1933" /><ent r="3" t="42" w="1947" /><ent r="3" t="42" w="1958" /><ent r="100" t="42" w="2039" /><ent r="3" t="42" w="2081" /><ent r="3" t="42" w="2147" /><ent r="3" t="42" w="2174" /><ent r="4" t="44" w="67" /><ent r="4" t="44" w="105" /><ent r="6" t="45" w="353" /><ent r="6" t="45" w="365" /><ent r="3" t="47" w="36" /><ent r="3" t="47" w="63" /><ent r="3" t="47" w="87" /><ent r="4" t="47" w="212" /><ent r="3" t="47" w="248" /><ent r="3" t="47" w="281" /><ent r="3" t="47" w="317" /><ent r="4" t="47" w="427" /><ent r="4" t="49" w="394" /><ent r="4" t="49" w="459" /><ent r="4" t="49" w="491" /><ent r="4" t="49" w="594" /><ent r="6" t="51" w="394" /><ent r="6" t="51" w="404" /><ent r="7" t="51" w="455" /><ent r="7" t="51" w="485" /><ent r="3" t="51" w="811" /><ent r="3" t="51" w="859" /><ent r="4" t="51" w="986" /><ent r="4" t="51" w="996" /><ent r="4" t="51" w="1014" /><ent r="3" t="51" w="1051" /><ent r="4" t="51" w="1110" /><ent r="4" t="51" w="1121" /><ent r="4" t="51" w="1139" /><ent r="4" t="51" w="1162" /><ent r="4" t="51" w="1174" /><ent r="4" t="51" w="1192" /><ent r="4" t="52" w="123" /><ent r="4" t="54" w="244" /><ent r="9" t="55" w="825" /><ent r="9" t="55" w="830" /><ent r="9" t="55" w="1097" /><ent r="8" t="55" w="1301" /><ent r="7" t="58" w="371" /><ent r="7" t="58" w="384" /><ent r="8" t="59" w="225" /><ent r="7" t="67" w="291" /><ent r="7" t="67" w="307" /><ent r="7" t="68" w="55" /><ent r="7" t="68" w="59" /><ent r="7" t="68" w="88" /><ent r="7" t="68" w="99" /><ent r="6" t="68" w="111" /><ent r="7" t="68" w="154" /></phr></stem></index>