<?xml version="1.0" encoding="utf-8"?><index><stem n="terfa"><phr n="Interface"><ent r="64" t="0" w="188" /><ent r="64" t="0" w="188" /><ent r="1000" t="4" w="1" /><ent r="1000" t="4" w="1" /><ent r="100" t="4" w="3" /><ent r="100" t="4" w="3" /><ent r="102" t="4" w="11" /><ent r="102" t="4" w="11" /><ent r="65" t="6" w="45" /><ent r="65" t="6" w="45" /></phr><phr n="interfaces"><ent r="3" t="3" w="68" /><ent r="3" t="3" w="68" /><ent r="3" t="56" w="127" /><ent r="3" t="56" w="127" /></phr><phr n="interface"><ent r="65" t="3" w="390" /><ent r="65" t="3" w="390" /><ent r="100" t="4" w="9" /><ent r="100" t="4" w="9" /><ent r="3" t="4" w="22" /><ent r="3" t="4" w="22" /><ent r="3" t="4" w="37" /><ent r="3" t="4" w="37" /><ent r="3" t="4" w="64" /><ent r="3" t="6" w="22" /><ent r="3" t="6" w="22" /><ent r="3" t="7" w="143" /><ent r="3" t="7" w="143" /><ent r="3" t="8" w="162" /><ent r="3" t="8" w="162" /><ent r="3" t="8" w="180" /><ent r="64" t="10" w="36" /><ent r="64" t="10" w="36" /><ent r="3" t="10" w="280" /><ent r="65" t="11" w="40" /><ent r="65" t="11" w="40" /><ent r="65" t="12" w="44" /><ent r="65" t="12" w="44" /><ent r="65" t="13" w="154" /><ent r="65" t="13" w="154" /><ent r="65" t="14" w="166" /><ent r="65" t="14" w="166" /><ent r="65" t="16" w="231" /><ent r="65" t="16" w="231" /><ent r="65" t="24" w="456" /><ent r="65" t="24" w="456" /><ent r="4" t="24" w="474" /><ent r="4" t="31" w="151" /><ent r="4" t="32" w="74" /><ent r="4" t="33" w="182" /><ent r="4" t="34" w="117" /><ent r="65" t="35" w="178" /><ent r="65" t="35" w="178" /><ent r="65" t="36" w="55" /><ent r="65" t="36" w="55" /><ent r="3" t="45" w="198" /><ent r="4" t="45" w="235" /><ent r="3" t="48" w="693" /><ent r="3" t="48" w="693" /><ent r="3" t="48" w="725" /><ent r="3" t="48" w="725" /></phr></stem><stem n="erfac"><phr n="Interface"><ent r="64" t="0" w="188" /><ent r="64" t="0" w="188" /><ent r="1000" t="4" w="1" /><ent r="1000" t="4" w="1" /><ent r="100" t="4" w="3" /><ent r="100" t="4" w="3" /><ent r="102" t="4" w="11" /><ent r="102" t="4" w="11" /><ent r="65" t="6" w="45" /><ent r="65" t="6" w="45" /></phr><phr n="interfaces"><ent r="3" t="3" w="68" /><ent r="3" t="3" w="68" /><ent r="3" t="56" w="127" /><ent r="3" t="56" w="127" /></phr><phr n="interface"><ent r="65" t="3" w="390" /><ent r="65" t="3" w="390" /><ent r="100" t="4" w="9" /><ent r="100" t="4" w="9" /><ent r="3" t="4" w="22" /><ent r="3" t="4" w="22" /><ent r="3" t="4" w="37" /><ent r="3" t="4" w="37" /><ent r="3" t="4" w="64" /><ent r="3" t="6" w="22" /><ent r="3" t="6" w="22" /><ent r="3" t="7" w="143" /><ent r="3" t="7" w="143" /><ent r="3" t="8" w="162" /><ent r="3" t="8" w="162" /><ent r="3" t="8" w="180" /><ent r="64" t="10" w="36" /><ent r="64" t="10" w="36" /><ent r="3" t="10" w="280" /><ent r="65" t="11" w="40" /><ent r="65" t="11" w="40" /><ent r="65" t="12" w="44" /><ent r="65" t="12" w="44" /><ent r="65" t="13" w="154" /><ent r="65" t="13" w="154" /><ent r="65" t="14" w="166" /><ent r="65" t="14" w="166" /><ent r="65" t="16" w="231" /><ent r="65" t="16" w="231" /><ent r="65" t="24" w="456" /><ent r="65" t="24" w="456" /><ent r="4" t="24" w="474" /><ent r="4" t="31" w="151" /><ent r="4" t="32" w="74" /><ent r="4" t="33" w="182" /><ent r="4" t="34" w="117" /><ent r="65" t="35" w="178" /><ent r="65" t="35" w="178" /><ent r="65" t="36" w="55" /><ent r="65" t="36" w="55" /><ent r="3" t="45" w="198" /><ent r="4" t="45" w="235" /><ent r="3" t="48" w="693" /><ent r="3" t="48" w="693" /><ent r="3" t="48" w="725" /><ent r="3" t="48" w="725" /></phr></stem><stem n="rface"><phr n="Interface"><ent r="64" t="0" w="188" /><ent r="64" t="0" w="188" /><ent r="1000" t="4" w="1" /><ent r="1000" t="4" w="1" /><ent r="100" t="4" w="3" /><ent r="100" t="4" w="3" /><ent r="102" t="4" w="11" /><ent r="102" t="4" w="11" /><ent r="65" t="6" w="45" /><ent r="65" t="6" w="45" /></phr><phr n="interfaces"><ent r="3" t="3" w="68" /><ent r="3" t="3" w="68" /><ent r="3" t="56" w="127" /><ent r="3" t="56" w="127" /></phr><phr n="interface"><ent r="65" t="3" w="390" /><ent r="65" t="3" w="390" /><ent r="100" t="4" w="9" /><ent r="100" t="4" w="9" /><ent r="3" t="4" w="22" /><ent r="3" t="4" w="22" /><ent r="3" t="4" w="37" /><ent r="3" t="4" w="37" /><ent r="3" t="4" w="64" /><ent r="3" t="6" w="22" /><ent r="3" t="6" w="22" /><ent r="3" t="7" w="143" /><ent r="3" t="7" w="143" /><ent r="3" t="8" w="162" /><ent r="3" t="8" w="162" /><ent r="3" t="8" w="180" /><ent r="64" t="10" w="36" /><ent r="64" t="10" w="36" /><ent r="3" t="10" w="280" /><ent r="65" t="11" w="40" /><ent r="65" t="11" w="40" /><ent r="65" t="12" w="44" /><ent r="65" t="12" w="44" /><ent r="65" t="13" w="154" /><ent r="65" t="13" w="154" /><ent r="65" t="14" w="166" /><ent r="65" t="14" w="166" /><ent r="65" t="16" w="231" /><ent r="65" t="16" w="231" /><ent r="65" t="24" w="456" /><ent r="65" t="24" w="456" /><ent r="4" t="24" w="474" /><ent r="4" t="31" w="151" /><ent r="4" t="32" w="74" /><ent r="4" t="33" w="182" /><ent r="4" t="34" w="117" /><ent r="65" t="35" w="178" /><ent r="65" t="35" w="178" /><ent r="65" t="36" w="55" /><ent r="65" t="36" w="55" /><ent r="3" t="45" w="198" /><ent r="4" t="45" w="235" /><ent r="3" t="48" w="693" /><ent r="3" t="48" w="693" /><ent r="3" t="48" w="725" /><ent r="3" t="48" w="725" /></phr></stem><stem n="interf"><phr n="Interface"><ent r="64" t="0" w="188" /><ent r="64" t="0" w="188" /><ent r="1000" t="4" w="1" /><ent r="1000" t="4" w="1" /><ent r="100" t="4" w="3" /><ent r="100" t="4" w="3" /><ent r="102" t="4" w="11" /><ent r="102" t="4" w="11" /><ent r="65" t="6" w="45" /><ent r="65" t="6" w="45" /></phr><phr n="interfaces"><ent r="3" t="3" w="68" /><ent r="3" t="3" w="68" /><ent r="3" t="56" w="127" /><ent r="3" t="56" w="127" /></phr><phr n="interface"><ent r="65" t="3" w="390" /><ent r="65" t="3" w="390" /><ent r="100" t="4" w="9" /><ent r="100" t="4" w="9" /><ent r="3" t="4" w="22" /><ent r="3" t="4" w="22" /><ent r="3" t="4" w="37" /><ent r="3" t="4" w="37" /><ent r="3" t="4" w="64" /><ent r="3" t="6" w="22" /><ent r="3" t="6" w="22" /><ent r="3" t="7" w="143" /><ent r="3" t="7" w="143" /><ent r="3" t="8" w="162" /><ent r="3" t="8" w="162" /><ent r="3" t="8" w="180" /><ent r="64" t="10" w="36" /><ent r="64" t="10" w="36" /><ent r="3" t="10" w="280" /><ent r="65" t="11" w="40" /><ent r="65" t="11" w="40" /><ent r="65" t="12" w="44" /><ent r="65" t="12" w="44" /><ent r="65" t="13" w="154" /><ent r="65" t="13" w="154" /><ent r="65" t="14" w="166" /><ent r="65" t="14" w="166" /><ent r="65" t="16" w="231" /><ent r="65" t="16" w="231" /><ent r="65" t="24" w="456" /><ent r="65" t="24" w="456" /><ent r="4" t="24" w="474" /><ent r="4" t="31" w="151" /><ent r="4" t="32" w="74" /><ent r="4" t="33" w="182" /><ent r="4" t="34" w="117" /><ent r="65" t="35" w="178" /><ent r="65" t="35" w="178" /><ent r="65" t="36" w="55" /><ent r="65" t="36" w="55" /><ent r="3" t="45" w="198" /><ent r="4" t="45" w="235" /><ent r="3" t="48" w="693" /><ent r="3" t="48" w="693" /><ent r="3" t="48" w="725" /><ent r="3" t="48" w="725" /></phr></stem><stem n="nterfa"><phr n="Interface"><ent r="64" t="0" w="188" /><ent r="64" t="0" w="188" /><ent r="1000" t="4" w="1" /><ent r="1000" t="4" w="1" /><ent r="100" t="4" w="3" /><ent r="100" t="4" w="3" /><ent r="102" t="4" w="11" /><ent r="102" t="4" w="11" /><ent r="65" t="6" w="45" /><ent r="65" t="6" w="45" /></phr><phr n="interfaces"><ent r="3" t="3" w="68" /><ent r="3" t="3" w="68" /><ent r="3" t="56" w="127" /><ent r="3" t="56" w="127" /></phr><phr n="interface"><ent r="65" t="3" w="390" /><ent r="65" t="3" w="390" /><ent r="100" t="4" w="9" /><ent r="100" t="4" w="9" /><ent r="3" t="4" w="22" /><ent r="3" t="4" w="22" /><ent r="3" t="4" w="37" /><ent r="3" t="4" w="37" /><ent r="3" t="4" w="64" /><ent r="3" t="6" w="22" /><ent r="3" t="6" w="22" /><ent r="3" t="7" w="143" /><ent r="3" t="7" w="143" /><ent r="3" t="8" w="162" /><ent r="3" t="8" w="162" /><ent r="3" t="8" w="180" /><ent r="64" t="10" w="36" /><ent r="64" t="10" w="36" /><ent r="3" t="10" w="280" /><ent r="65" t="11" w="40" /><ent r="65" t="11" w="40" /><ent r="65" t="12" w="44" /><ent r="65" t="12" w="44" /><ent r="65" t="13" w="154" /><ent r="65" t="13" w="154" /><ent r="65" t="14" w="166" /><ent r="65" t="14" w="166" /><ent r="65" t="16" w="231" /><ent r="65" t="16" w="231" /><ent r="65" t="24" w="456" /><ent r="65" t="24" w="456" /><ent r="4" t="24" w="474" /><ent r="4" t="31" w="151" /><ent r="4" t="32" w="74" /><ent r="4" t="33" w="182" /><ent r="4" t="34" w="117" /><ent r="65" t="35" w="178" /><ent r="65" t="35" w="178" /><ent r="65" t="36" w="55" /><ent r="65" t="36" w="55" /><ent r="3" t="45" w="198" /><ent r="4" t="45" w="235" /><ent r="3" t="48" w="693" /><ent r="3" t="48" w="693" /><ent r="3" t="48" w="725" /><ent r="3" t="48" w="725" /></phr></stem><stem n="terfac"><phr n="Interface"><ent r="64" t="0" w="188" /><ent r="64" t="0" w="188" /><ent r="1000" t="4" w="1" /><ent r="1000" t="4" w="1" /><ent r="100" t="4" w="3" /><ent r="100" t="4" w="3" /><ent r="102" t="4" w="11" /><ent r="102" t="4" w="11" /><ent r="65" t="6" w="45" /><ent r="65" t="6" w="45" /></phr><phr n="interfaces"><ent r="3" t="3" w="68" /><ent r="3" t="3" w="68" /><ent r="3" t="56" w="127" /><ent r="3" t="56" w="127" /></phr><phr n="interface"><ent r="65" t="3" w="390" /><ent r="65" t="3" w="390" /><ent r="100" t="4" w="9" /><ent r="100" t="4" w="9" /><ent r="3" t="4" w="22" /><ent r="3" t="4" w="22" /><ent r="3" t="4" w="37" /><ent r="3" t="4" w="37" /><ent r="3" t="4" w="64" /><ent r="3" t="6" w="22" /><ent r="3" t="6" w="22" /><ent r="3" t="7" w="143" /><ent r="3" t="7" w="143" /><ent r="3" t="8" w="162" /><ent r="3" t="8" w="162" /><ent r="3" t="8" w="180" /><ent r="64" t="10" w="36" /><ent r="64" t="10" w="36" /><ent r="3" t="10" w="280" /><ent r="65" t="11" w="40" /><ent r="65" t="11" w="40" /><ent r="65" t="12" w="44" /><ent r="65" t="12" w="44" /><ent r="65" t="13" w="154" /><ent r="65" t="13" w="154" /><ent r="65" t="14" w="166" /><ent r="65" t="14" w="166" /><ent r="65" t="16" w="231" /><ent r="65" t="16" w="231" /><ent r="65" t="24" w="456" /><ent r="65" t="24" w="456" /><ent r="4" t="24" w="474" /><ent r="4" t="31" w="151" /><ent r="4" t="32" w="74" /><ent r="4" t="33" w="182" /><ent r="4" t="34" w="117" /><ent r="65" t="35" w="178" /><ent r="65" t="35" w="178" /><ent r="65" t="36" w="55" /><ent r="65" t="36" w="55" /><ent r="3" t="45" w="198" /><ent r="4" t="45" w="235" /><ent r="3" t="48" w="693" /><ent r="3" t="48" w="693" /><ent r="3" t="48" w="725" /><ent r="3" t="48" w="725" /></phr></stem><stem n="erface"><phr n="Interface"><ent r="64" t="0" w="188" /><ent r="64" t="0" w="188" /><ent r="1000" t="4" w="1" /><ent r="1000" t="4" w="1" /><ent r="100" t="4" w="3" /><ent r="100" t="4" w="3" /><ent r="102" t="4" w="11" /><ent r="102" t="4" w="11" /><ent r="65" t="6" w="45" /><ent r="65" t="6" w="45" /></phr><phr n="interfaces"><ent r="3" t="3" w="68" /><ent r="3" t="3" w="68" /><ent r="3" t="56" w="127" /><ent r="3" t="56" w="127" /></phr><phr n="interface"><ent r="65" t="3" w="390" /><ent r="65" t="3" w="390" /><ent r="100" t="4" w="9" /><ent r="100" t="4" w="9" /><ent r="3" t="4" w="22" /><ent r="3" t="4" w="22" /><ent r="3" t="4" w="37" /><ent r="3" t="4" w="37" /><ent r="3" t="4" w="64" /><ent r="3" t="6" w="22" /><ent r="3" t="6" w="22" /><ent r="3" t="7" w="143" /><ent r="3" t="7" w="143" /><ent r="3" t="8" w="162" /><ent r="3" t="8" w="162" /><ent r="3" t="8" w="180" /><ent r="64" t="10" w="36" /><ent r="64" t="10" w="36" /><ent r="3" t="10" w="280" /><ent r="65" t="11" w="40" /><ent r="65" t="11" w="40" /><ent r="65" t="12" w="44" /><ent r="65" t="12" w="44" /><ent r="65" t="13" w="154" /><ent r="65" t="13" w="154" /><ent r="65" t="14" w="166" /><ent r="65" t="14" w="166" /><ent r="65" t="16" w="231" /><ent r="65" t="16" w="231" /><ent r="65" t="24" w="456" /><ent r="65" t="24" w="456" /><ent r="4" t="24" w="474" /><ent r="4" t="31" w="151" /><ent r="4" t="32" w="74" /><ent r="4" t="33" w="182" /><ent r="4" t="34" w="117" /><ent r="65" t="35" w="178" /><ent r="65" t="35" w="178" /><ent r="65" t="36" w="55" /><ent r="65" t="36" w="55" /><ent r="3" t="45" w="198" /><ent r="4" t="45" w="235" /><ent r="3" t="48" w="693" /><ent r="3" t="48" w="693" /><ent r="3" t="48" w="725" /><ent r="3" t="48" w="725" /></phr></stem><stem n="interfa"><phr n="Interface"><ent r="64" t="0" w="188" /><ent r="64" t="0" w="188" /><ent r="1000" t="4" w="1" /><ent r="1000" t="4" w="1" /><ent r="100" t="4" w="3" /><ent r="100" t="4" w="3" /><ent r="102" t="4" w="11" /><ent r="102" t="4" w="11" /><ent r="65" t="6" w="45" /><ent r="65" t="6" w="45" /></phr><phr n="interfaces"><ent r="3" t="3" w="68" /><ent r="3" t="3" w="68" /><ent r="3" t="56" w="127" /><ent r="3" t="56" w="127" /></phr><phr n="interface"><ent r="65" t="3" w="390" /><ent r="65" t="3" w="390" /><ent r="100" t="4" w="9" /><ent r="100" t="4" w="9" /><ent r="3" t="4" w="22" /><ent r="3" t="4" w="22" /><ent r="3" t="4" w="37" /><ent r="3" t="4" w="37" /><ent r="3" t="4" w="64" /><ent r="3" t="6" w="22" /><ent r="3" t="6" w="22" /><ent r="3" t="7" w="143" /><ent r="3" t="7" w="143" /><ent r="3" t="8" w="162" /><ent r="3" t="8" w="162" /><ent r="3" t="8" w="180" /><ent r="64" t="10" w="36" /><ent r="64" t="10" w="36" /><ent r="3" t="10" w="280" /><ent r="65" t="11" w="40" /><ent r="65" t="11" w="40" /><ent r="65" t="12" w="44" /><ent r="65" t="12" w="44" /><ent r="65" t="13" w="154" /><ent r="65" t="13" w="154" /><ent r="65" t="14" w="166" /><ent r="65" t="14" w="166" /><ent r="65" t="16" w="231" /><ent r="65" t="16" w="231" /><ent r="65" t="24" w="456" /><ent r="65" t="24" w="456" /><ent r="4" t="24" w="474" /><ent r="4" t="31" w="151" /><ent r="4" t="32" w="74" /><ent r="4" t="33" w="182" /><ent r="4" t="34" w="117" /><ent r="65" t="35" w="178" /><ent r="65" t="35" w="178" /><ent r="65" t="36" w="55" /><ent r="65" t="36" w="55" /><ent r="3" t="45" w="198" /><ent r="4" t="45" w="235" /><ent r="3" t="48" w="693" /><ent r="3" t="48" w="693" /><ent r="3" t="48" w="725" /><ent r="3" t="48" w="725" /></phr></stem><stem n="nterfac"><phr n="Interface"><ent r="64" t="0" w="188" /><ent r="64" t="0" w="188" /><ent r="1000" t="4" w="1" /><ent r="1000" t="4" w="1" /><ent r="100" t="4" w="3" /><ent r="100" t="4" w="3" /><ent r="102" t="4" w="11" /><ent r="102" t="4" w="11" /><ent r="65" t="6" w="45" /><ent r="65" t="6" w="45" /></phr><phr n="interfaces"><ent r="3" t="3" w="68" /><ent r="3" t="3" w="68" /><ent r="3" t="56" w="127" /><ent r="3" t="56" w="127" /></phr><phr n="interface"><ent r="65" t="3" w="390" /><ent r="65" t="3" w="390" /><ent r="100" t="4" w="9" /><ent r="100" t="4" w="9" /><ent r="3" t="4" w="22" /><ent r="3" t="4" w="22" /><ent r="3" t="4" w="37" /><ent r="3" t="4" w="37" /><ent r="3" t="4" w="64" /><ent r="3" t="6" w="22" /><ent r="3" t="6" w="22" /><ent r="3" t="7" w="143" /><ent r="3" t="7" w="143" /><ent r="3" t="8" w="162" /><ent r="3" t="8" w="162" /><ent r="3" t="8" w="180" /><ent r="64" t="10" w="36" /><ent r="64" t="10" w="36" /><ent r="3" t="10" w="280" /><ent r="65" t="11" w="40" /><ent r="65" t="11" w="40" /><ent r="65" t="12" w="44" /><ent r="65" t="12" w="44" /><ent r="65" t="13" w="154" /><ent r="65" t="13" w="154" /><ent r="65" t="14" w="166" /><ent r="65" t="14" w="166" /><ent r="65" t="16" w="231" /><ent r="65" t="16" w="231" /><ent r="65" t="24" w="456" /><ent r="65" t="24" w="456" /><ent r="4" t="24" w="474" /><ent r="4" t="31" w="151" /><ent r="4" t="32" w="74" /><ent r="4" t="33" w="182" /><ent r="4" t="34" w="117" /><ent r="65" t="35" w="178" /><ent r="65" t="35" w="178" /><ent r="65" t="36" w="55" /><ent r="65" t="36" w="55" /><ent r="3" t="45" w="198" /><ent r="4" t="45" w="235" /><ent r="3" t="48" w="693" /><ent r="3" t="48" w="693" /><ent r="3" t="48" w="725" /><ent r="3" t="48" w="725" /></phr></stem><stem n="terface"><phr n="Interface"><ent r="64" t="0" w="188" /><ent r="64" t="0" w="188" /><ent r="1000" t="4" w="1" /><ent r="1000" t="4" w="1" /><ent r="100" t="4" w="3" /><ent r="100" t="4" w="3" /><ent r="102" t="4" w="11" /><ent r="102" t="4" w="11" /><ent r="65" t="6" w="45" /><ent r="65" t="6" w="45" /></phr><phr n="interfaces"><ent r="3" t="3" w="68" /><ent r="3" t="3" w="68" /><ent r="3" t="56" w="127" /><ent r="3" t="56" w="127" /></phr><phr n="interface"><ent r="65" t="3" w="390" /><ent r="65" t="3" w="390" /><ent r="100" t="4" w="9" /><ent r="100" t="4" w="9" /><ent r="3" t="4" w="22" /><ent r="3" t="4" w="22" /><ent r="3" t="4" w="37" /><ent r="3" t="4" w="37" /><ent r="3" t="4" w="64" /><ent r="3" t="6" w="22" /><ent r="3" t="6" w="22" /><ent r="3" t="7" w="143" /><ent r="3" t="7" w="143" /><ent r="3" t="8" w="162" /><ent r="3" t="8" w="162" /><ent r="3" t="8" w="180" /><ent r="64" t="10" w="36" /><ent r="64" t="10" w="36" /><ent r="3" t="10" w="280" /><ent r="65" t="11" w="40" /><ent r="65" t="11" w="40" /><ent r="65" t="12" w="44" /><ent r="65" t="12" w="44" /><ent r="65" t="13" w="154" /><ent r="65" t="13" w="154" /><ent r="65" t="14" w="166" /><ent r="65" t="14" w="166" /><ent r="65" t="16" w="231" /><ent r="65" t="16" w="231" /><ent r="65" t="24" w="456" /><ent r="65" t="24" w="456" /><ent r="4" t="24" w="474" /><ent r="4" t="31" w="151" /><ent r="4" t="32" w="74" /><ent r="4" t="33" w="182" /><ent r="4" t="34" w="117" /><ent r="65" t="35" w="178" /><ent r="65" t="35" w="178" /><ent r="65" t="36" w="55" /><ent r="65" t="36" w="55" /><ent r="3" t="45" w="198" /><ent r="4" t="45" w="235" /><ent r="3" t="48" w="693" /><ent r="3" t="48" w="693" /><ent r="3" t="48" w="725" /><ent r="3" t="48" w="725" /></phr></stem><stem n="nterface"><phr n="Interface"><ent r="64" t="0" w="188" /><ent r="64" t="0" w="188" /><ent r="1000" t="4" w="1" /><ent r="1000" t="4" w="1" /><ent r="100" t="4" w="3" /><ent r="100" t="4" w="3" /><ent r="102" t="4" w="11" /><ent r="102" t="4" w="11" /><ent r="65" t="6" w="45" /><ent r="65" t="6" w="45" /></phr><phr n="interfaces"><ent r="3" t="3" w="68" /><ent r="3" t="3" w="68" /><ent r="3" t="56" w="127" /><ent r="3" t="56" w="127" /></phr><phr n="interface"><ent r="65" t="3" w="390" /><ent r="65" t="3" w="390" /><ent r="100" t="4" w="9" /><ent r="100" t="4" w="9" /><ent r="3" t="4" w="22" /><ent r="3" t="4" w="22" /><ent r="3" t="4" w="37" /><ent r="3" t="4" w="37" /><ent r="3" t="4" w="64" /><ent r="3" t="6" w="22" /><ent r="3" t="6" w="22" /><ent r="3" t="7" w="143" /><ent r="3" t="7" w="143" /><ent r="3" t="8" w="162" /><ent r="3" t="8" w="162" /><ent r="3" t="8" w="180" /><ent r="64" t="10" w="36" /><ent r="64" t="10" w="36" /><ent r="3" t="10" w="280" /><ent r="65" t="11" w="40" /><ent r="65" t="11" w="40" /><ent r="65" t="12" w="44" /><ent r="65" t="12" w="44" /><ent r="65" t="13" w="154" /><ent r="65" t="13" w="154" /><ent r="65" t="14" w="166" /><ent r="65" t="14" w="166" /><ent r="65" t="16" w="231" /><ent r="65" t="16" w="231" /><ent r="65" t="24" w="456" /><ent r="65" t="24" w="456" /><ent r="4" t="24" w="474" /><ent r="4" t="31" w="151" /><ent r="4" t="32" w="74" /><ent r="4" t="33" w="182" /><ent r="4" t="34" w="117" /><ent r="65" t="35" w="178" /><ent r="65" t="35" w="178" /><ent r="65" t="36" w="55" /><ent r="65" t="36" w="55" /><ent r="3" t="45" w="198" /><ent r="4" t="45" w="235" /><ent r="3" t="48" w="693" /><ent r="3" t="48" w="693" /><ent r="3" t="48" w="725" /><ent r="3" t="48" w="725" /></phr></stem><stem n="interface"><phr n="Interface"><ent r="64" t="0" w="188" /><ent r="64" t="0" w="188" /><ent r="1000" t="4" w="1" /><ent r="1000" t="4" w="1" /><ent r="100" t="4" w="3" /><ent r="100" t="4" w="3" /><ent r="102" t="4" w="11" /><ent r="102" t="4" w="11" /><ent r="65" t="6" w="45" /><ent r="65" t="6" w="45" /></phr><phr n="interfaces"><ent r="3" t="3" w="68" /><ent r="3" t="3" w="68" /><ent r="3" t="56" w="127" /><ent r="3" t="56" w="127" /></phr><phr n="interface"><ent r="65" t="3" w="390" /><ent r="65" t="3" w="390" /><ent r="100" t="4" w="9" /><ent r="100" t="4" w="9" /><ent r="3" t="4" w="22" /><ent r="3" t="4" w="22" /><ent r="3" t="4" w="37" /><ent r="3" t="4" w="37" /><ent r="3" t="4" w="64" /><ent r="3" t="6" w="22" /><ent r="3" t="6" w="22" /><ent r="3" t="7" w="143" /><ent r="3" t="7" w="143" /><ent r="3" t="8" w="162" /><ent r="3" t="8" w="162" /><ent r="3" t="8" w="180" /><ent r="64" t="10" w="36" /><ent r="64" t="10" w="36" /><ent r="3" t="10" w="280" /><ent r="65" t="11" w="40" /><ent r="65" t="11" w="40" /><ent r="65" t="12" w="44" /><ent r="65" t="12" w="44" /><ent r="65" t="13" w="154" /><ent r="65" t="13" w="154" /><ent r="65" t="14" w="166" /><ent r="65" t="14" w="166" /><ent r="65" t="16" w="231" /><ent r="65" t="16" w="231" /><ent r="65" t="24" w="456" /><ent r="65" t="24" w="456" /><ent r="4" t="24" w="474" /><ent r="4" t="31" w="151" /><ent r="4" t="32" w="74" /><ent r="4" t="33" w="182" /><ent r="4" t="34" w="117" /><ent r="65" t="35" w="178" /><ent r="65" t="35" w="178" /><ent r="65" t="36" w="55" /><ent r="65" t="36" w="55" /><ent r="3" t="45" w="198" /><ent r="4" t="45" w="235" /><ent r="3" t="48" w="693" /><ent r="3" t="48" w="693" /><ent r="3" t="48" w="725" /><ent r="3" t="48" w="725" /></phr></stem><stem n="gener"><phr n="General"><ent r="64" t="0" w="190" /><ent r="64" t="0" w="190" /><ent r="1000" t="5" w="1" /><ent r="1000" t="5" w="1" /><ent r="100" t="5" w="6" /><ent r="100" t="5" w="6" /><ent r="102" t="5" w="9" /><ent r="102" t="5" w="9" /><ent r="4" t="16" w="271" /><ent r="3" t="16" w="299" /><ent r="4" t="18" w="90" /><ent r="4" t="20" w="142" /><ent r="4" t="21" w="161" /><ent r="4" t="22" w="132" /><ent r="6" t="24" w="528" /><ent r="6" t="24" w="528" /><ent r="4" t="27" w="98" /><ent r="7" t="58" w="436" /><ent r="6" t="61" w="153" /></phr><phr n="general"><ent r="4" t="1" w="185" /><ent r="4" t="1" w="185" /><ent r="3" t="2" w="230" /><ent r="3" t="2" w="230" /><ent r="4" t="3" w="387" /><ent r="4" t="3" w="387" /><ent r="3" t="4" w="20" /><ent r="3" t="4" w="20" /><ent r="3" t="4" w="62" /><ent r="3" t="4" w="62" /><ent r="3" t="5" w="133" /><ent r="3" t="5" w="133" /><ent r="3" t="61" w="145" /><ent r="3" t="61" w="145" /></phr><phr n="Generate"><ent r="4" t="5" w="257" /><ent r="4" t="5" w="257" /></phr><phr n="generation"><ent r="3" t="13" w="329" /><ent r="3" t="13" w="329" /></phr><phr n="generating"><ent r="6" t="23" w="317" /><ent r="6" t="23" w="317" /><ent r="6" t="23" w="432" /><ent r="6" t="23" w="432" /></phr><phr n="generic"><ent r="6" t="23" w="708" /><ent r="6" t="23" w="708" /><ent r="3" t="26" w="30" /><ent r="3" t="26" w="30" /><ent r="3" t="26" w="94" /><ent r="3" t="26" w="94" /><ent r="3" t="26" w="134" /><ent r="3" t="26" w="134" /><ent r="100" t="27" w="10" /><ent r="100" t="27" w="10" /><ent r="3" t="27" w="39" /><ent r="3" t="27" w="39" /><ent r="3" t="27" w="44" /><ent r="5" t="27" w="207" /><ent r="5" t="27" w="207" /><ent r="6" t="27" w="227" /><ent r="6" t="27" w="227" /><ent r="6" t="27" w="301" /><ent r="6" t="27" w="301" /><ent r="6" t="27" w="562" /><ent r="6" t="27" w="562" /><ent r="5" t="27" w="1086" /><ent r="5" t="27" w="1086" /><ent r="3" t="27" w="1709" /><ent r="3" t="27" w="1709" /><ent r="3" t="48" w="368" /><ent r="3" t="48" w="368" /><ent r="3" t="49" w="20" /><ent r="3" t="49" w="20" /><ent r="3" t="52" w="20" /><ent r="3" t="52" w="20" /><ent r="3" t="53" w="41" /><ent r="3" t="53" w="41" /><ent r="3" t="55" w="34" /><ent r="3" t="55" w="34" /><ent r="3" t="60" w="23" /><ent r="3" t="60" w="23" /></phr><phr n="generate"><ent r="6" t="23" w="731" /><ent r="6" t="23" w="731" /><ent r="3" t="42" w="1335" /><ent r="3" t="42" w="1335" /></phr><phr n="Generic"><ent r="1000" t="26" w="1" /><ent r="1000" t="26" w="1" /><ent r="100" t="26" w="8" /><ent r="100" t="26" w="8" /><ent r="102" t="26" w="12" /><ent r="102" t="26" w="12" /><ent r="64" t="26" w="126" /><ent r="64" t="26" w="126" /><ent r="1000" t="27" w="4" /><ent r="1000" t="27" w="4" /><ent r="100" t="27" w="15" /><ent r="100" t="27" w="15" /><ent r="102" t="27" w="22" /><ent r="102" t="27" w="22" /><ent r="5" t="27" w="79" /><ent r="5" t="27" w="79" /><ent r="3" t="27" w="1759" /><ent r="3" t="27" w="1759" /></phr><phr n="generates"><ent r="4" t="29" w="1084" /><ent r="4" t="29" w="1084" /></phr><phr n="generated"><ent r="3" t="42" w="1433" /><ent r="3" t="42" w="1606" /><ent r="3" t="42" w="1606" /></phr></stem><stem n="gene"><phr n="General"><ent r="64" t="0" w="190" /><ent r="64" t="0" w="190" /><ent r="1000" t="5" w="1" /><ent r="1000" t="5" w="1" /><ent r="100" t="5" w="6" /><ent r="100" t="5" w="6" /><ent r="102" t="5" w="9" /><ent r="102" t="5" w="9" /><ent r="4" t="16" w="271" /><ent r="3" t="16" w="299" /><ent r="4" t="18" w="90" /><ent r="4" t="20" w="142" /><ent r="4" t="21" w="161" /><ent r="4" t="22" w="132" /><ent r="6" t="24" w="528" /><ent r="6" t="24" w="528" /><ent r="4" t="27" w="98" /><ent r="7" t="58" w="436" /><ent r="6" t="61" w="153" /></phr><phr n="general"><ent r="4" t="1" w="185" /><ent r="4" t="1" w="185" /><ent r="3" t="2" w="230" /><ent r="3" t="2" w="230" /><ent r="4" t="3" w="387" /><ent r="4" t="3" w="387" /><ent r="3" t="4" w="20" /><ent r="3" t="4" w="20" /><ent r="3" t="4" w="62" /><ent r="3" t="4" w="62" /><ent r="3" t="5" w="133" /><ent r="3" t="5" w="133" /><ent r="3" t="61" w="145" /><ent r="3" t="61" w="145" /></phr><phr n="Generate"><ent r="4" t="5" w="257" /><ent r="4" t="5" w="257" /></phr><phr n="generation"><ent r="3" t="13" w="329" /><ent r="3" t="13" w="329" /></phr><phr n="generating"><ent r="6" t="23" w="317" /><ent r="6" t="23" w="317" /><ent r="6" t="23" w="432" /><ent r="6" t="23" w="432" /></phr><phr n="generic"><ent r="6" t="23" w="708" /><ent r="6" t="23" w="708" /><ent r="3" t="26" w="30" /><ent r="3" t="26" w="30" /><ent r="3" t="26" w="94" /><ent r="3" t="26" w="94" /><ent r="3" t="26" w="134" /><ent r="3" t="26" w="134" /><ent r="100" t="27" w="10" /><ent r="100" t="27" w="10" /><ent r="3" t="27" w="39" /><ent r="3" t="27" w="39" /><ent r="3" t="27" w="44" /><ent r="5" t="27" w="207" /><ent r="5" t="27" w="207" /><ent r="6" t="27" w="227" /><ent r="6" t="27" w="227" /><ent r="6" t="27" w="301" /><ent r="6" t="27" w="301" /><ent r="6" t="27" w="562" /><ent r="6" t="27" w="562" /><ent r="5" t="27" w="1086" /><ent r="5" t="27" w="1086" /><ent r="3" t="27" w="1709" /><ent r="3" t="27" w="1709" /><ent r="3" t="48" w="368" /><ent r="3" t="48" w="368" /><ent r="3" t="49" w="20" /><ent r="3" t="49" w="20" /><ent r="3" t="52" w="20" /><ent r="3" t="52" w="20" /><ent r="3" t="53" w="41" /><ent r="3" t="53" w="41" /><ent r="3" t="55" w="34" /><ent r="3" t="55" w="34" /><ent r="3" t="60" w="23" /><ent r="3" t="60" w="23" /></phr><phr n="generate"><ent r="6" t="23" w="731" /><ent r="6" t="23" w="731" /><ent r="3" t="42" w="1335" /><ent r="3" t="42" w="1335" /></phr><phr n="Generic"><ent r="1000" t="26" w="1" /><ent r="1000" t="26" w="1" /><ent r="100" t="26" w="8" /><ent r="100" t="26" w="8" /><ent r="102" t="26" w="12" /><ent r="102" t="26" w="12" /><ent r="64" t="26" w="126" /><ent r="64" t="26" w="126" /><ent r="1000" t="27" w="4" /><ent r="1000" t="27" w="4" /><ent r="100" t="27" w="15" /><ent r="100" t="27" w="15" /><ent r="102" t="27" w="22" /><ent r="102" t="27" w="22" /><ent r="5" t="27" w="79" /><ent r="5" t="27" w="79" /><ent r="3" t="27" w="1759" /><ent r="3" t="27" w="1759" /></phr><phr n="generates"><ent r="4" t="29" w="1084" /><ent r="4" t="29" w="1084" /></phr><phr n="generated"><ent r="3" t="42" w="1433" /><ent r="3" t="42" w="1606" /><ent r="3" t="42" w="1606" /></phr></stem></index>