﻿<?xml version="1.0" encoding="utf-8"?><index><stem n=".defaultreadtimeout=600000"><phr n=".defaultReadTimeout=600000"><ent r="8" t="62" w="142" /></phr></stem><stem n="commonshttpclient.600000"><phr n="CommonsHttpClient.600000"><ent r="8" t="62" w="142" /><ent r="8" t="62" w="140" /></phr></stem><stem n="600000"><phr n="600000"><ent r="8" t="62" w="142" /><ent r="5" t="65" w="158" /></phr></stem><stem n="-out"><phr n="-out"><ent r="7" t="62" w="148" /><ent r="7" t="62" w="148" /><ent r="68" t="62" w="160" /><ent r="68" t="62" w="160" /><ent r="100" t="65" w="11" /><ent r="100" t="65" w="11" /><ent r="100" t="65" w="15" /><ent r="100" t="65" w="15" /><ent r="100" t="65" w="19" /><ent r="100" t="65" w="19" /><ent r="102" t="65" w="26" /><ent r="102" t="65" w="26" /><ent r="3" t="65" w="33" /><ent r="3" t="65" w="33" /><ent r="3" t="65" w="72" /><ent r="3" t="65" w="72" /><ent r="3" t="65" w="105" /><ent r="3" t="65" w="105" /><ent r="4" t="65" w="170" /><ent r="4" t="65" w="170" /></phr><phr n="-Out"><ent r="1000" t="65" w="4" /><ent r="1000" t="65" w="4" /></phr></stem><stem n="time-out"><phr n="time-out"><ent r="7" t="62" w="148" /><ent r="100" t="65" w="11" /><ent r="100" t="65" w="15" /><ent r="3" t="65" w="33" /><ent r="3" t="65" w="59" /><ent r="3" t="65" w="72" /><ent r="3" t="65" w="105" /><ent r="4" t="65" w="170" /></phr><phr n="Time-out"><ent r="68" t="62" w="160" /><ent r="100" t="65" w="19" /><ent r="102" t="65" w="26" /></phr><phr n="Time-Out"><ent r="1000" t="65" w="4" /></phr></stem><stem n="com.l7tech.common.secur"><phr n="com.l7tech.common.security"><ent r="8" t="62" w="168" /><ent r="8" t="62" w="165" /></phr></stem><stem n="com.l7tech.common.security."><phr n="com.l7tech.common.security."><ent r="8" t="62" w="168" /><ent r="8" t="62" w="165" /></phr></stem><stem n=".l7tech.common.security."><phr n=".l7tech.common.security."><ent r="8" t="62" w="169" /></phr></stem><stem n="wstrust"><phr n="wstrust"><ent r="8" t="62" w="170" /></phr></stem><stem n=".requesttypeindex"><phr n=".requestTypeIndex"><ent r="8" t="62" w="171" /></phr></stem><stem n="wstrust.requesttypeindex"><phr n="wstrust.requestTypeIndex"><ent r="8" t="62" w="171" /><ent r="8" t="62" w="170" /></phr></stem><stem n="requesttypeindex"><phr n="requestTypeIndex"><ent r="8" t="62" w="171" /></phr></stem><stem n="/02"><phr n="/02"><ent r="8" t="62" w="185" /></phr></stem><stem n="2005/02"><phr n="2005/02"><ent r="8" t="62" w="185" /><ent r="8" t="62" w="184" /></phr></stem><stem n="02"><phr n="02"><ent r="8" t="62" w="185" /><ent r="3" t="63" w="124" /></phr></stem><stem n="ibm"><phr n="IBM"><ent r="8" t="62" w="193" /></phr></stem><stem n="(default)"><phr n="(default)"><ent r="8" t="62" w="197" /></phr></stem><stem n="com.l7tech.pkix"><phr n="com.l7tech.pkix"><ent r="8" t="62" w="200" /><ent r="8" t="62" w="198" /><ent r="8" t="62" w="222" /><ent r="8" t="62" w="220" /><ent r="4" t="66" w="204" /><ent r="4" t="66" w="202" /></phr></stem><stem n="pkix"><phr n="pkix"><ent r="8" t="62" w="200" /><ent r="8" t="62" w="222" /><ent r="5" t="66" w="176" /><ent r="4" t="66" w="204" /><ent r="5" t="66" w="242" /><ent r="4" t="66" w="274" /><ent r="5" t="67" w="187" /><ent r="3" t="67" w="932" /></phr></stem><stem n=".l7tech.pkix.keyusag"><phr n=".l7tech.pkix.keyUsage"><ent r="8" t="62" w="201" /></phr></stem><stem n="com.l7tech.pkix.keyusag"><phr n="com.l7tech.pkix.keyUsage"><ent r="8" t="62" w="201" /><ent r="8" t="62" w="198" /></phr></stem><stem n="keyusag"><phr n="keyUsage"><ent r="8" t="62" w="201" /><ent r="5" t="66" w="177" /></phr><phr n="KeyUsage"><ent r="4" t="66" w="278" /><ent r="4" t="67" w="716" /><ent r="4" t="67" w="736" /><ent r="4" t="67" w="750" /><ent r="4" t="67" w="774" /><ent r="4" t="67" w="792" /><ent r="4" t="67" w="955" /><ent r="4" t="67" w="974" /><ent r="4" t="67" w="1004" /><ent r="4" t="67" w="1020" /></phr><phr n="keyusage"><ent r="3" t="67" w="374" /></phr></stem><stem n=".l7tech.pkix.keyusagepolicyfil"><phr n=".l7tech.pkix.keyUsagePolicyFile"><ent r="8" t="62" w="223" /><ent r="5" t="66" w="243" /><ent r="5" t="67" w="188" /></phr></stem><stem n="com.l7tech.pkix.keyusagepolicyfil"><phr n="com.l7tech.pkix.keyUsagePolicyFile"><ent r="8" t="62" w="223" /><ent r="8" t="62" w="220" /></phr></stem><stem n="keyusagepolicyfil"><phr n="keyUsagePolicyFile"><ent r="8" t="62" w="223" /><ent r="5" t="66" w="243" /><ent r="4" t="66" w="275" /><ent r="5" t="67" w="188" /></phr></stem><stem n="com.l7tech.secur"><phr n="com.l7tech.security"><ent r="8" t="62" w="254" /><ent r="8" t="62" w="252" /><ent r="8" t="62" w="283" /><ent r="8" t="62" w="281" /><ent r="8" t="62" w="341" /><ent r="8" t="62" w="339" /><ent r="8" t="62" w="351" /><ent r="8" t="62" w="349" /></phr></stem><stem n="com.l7tech.security.fip"><phr n="com.l7tech.security.fips"><ent r="8" t="62" w="255" /><ent r="8" t="62" w="252" /></phr></stem><stem n=".l7tech.security.fips.en"><phr n=".l7tech.security.fips.enabled"><ent r="8" t="62" w="256" /></phr></stem><stem n="com.l7tech.security.fips.en"><phr n="com.l7tech.security.fips.enabled"><ent r="8" t="62" w="256" /><ent r="8" t="62" w="252" /></phr></stem><stem n="-capabl"><phr n="-capable"><ent r="7" t="62" w="266" /><ent r="7" t="62" w="266" /></phr></stem><stem n="fips-cap"><phr n="FIPS-capable"><ent r="7" t="62" w="266" /></phr></stem><stem n="capabl"><phr n="capable"><ent r="7" t="62" w="267" /><ent r="4" t="67" w="1025" /></phr></stem><stem n="crypto"><phr n="crypto"><ent r="7" t="62" w="269" /></phr></stem><stem n="-approv"><phr n="-approved"><ent r="7" t="62" w="275" /><ent r="7" t="62" w="275" /></phr></stem><stem n="fips-approv"><phr n="FIPS-approved"><ent r="7" t="62" w="275" /></phr></stem><stem n="approv"><phr n="approved"><ent r="7" t="62" w="276" /></phr></stem><stem n="com.l7tech.security.secureconvers"><phr n="com.l7tech.security.secureconversation"><ent r="8" t="62" w="284" /><ent r="8" t="62" w="281" /><ent r="8" t="62" w="342" /><ent r="8" t="62" w="339" /><ent r="8" t="62" w="352" /><ent r="8" t="62" w="349" /></phr></stem><stem n="com.l7tech.security.secureconversation."><phr n="com.l7tech.security.secureconversation."><ent r="8" t="62" w="284" /><ent r="8" t="62" w="281" /><ent r="8" t="62" w="342" /><ent r="8" t="62" w="339" /><ent r="8" t="62" w="352" /><ent r="8" t="62" w="349" /></phr></stem><stem n=".l7tech.security.secureconversation."><phr n=".l7tech.security.secureconversation."><ent r="8" t="62" w="285" /><ent r="8" t="62" w="343" /><ent r="8" t="62" w="353" /></phr></stem><stem n="defaultderivedkeylengthinbyt"><phr n="defaultDerivedKeyLengthInBytes"><ent r="8" t="62" w="286" /><ent r="8" t="62" w="344" /></phr></stem><stem n="5.3,"><phr n="5.3,"><ent r="7" t="62" w="292" /><ent r="7" t="62" w="291" /></phr></stem><stem n=".3,"><phr n=".3,"><ent r="7" t="62" w="293" /></phr></stem><stem n="deriv"><phr n="derived"><ent r="7" t="62" w="295" /></phr></stem><stem n="length"><phr n="length"><ent r="7" t="62" w="297" /></phr></stem><stem n="-secureconverst"><phr n="-SecureConverstion"><ent r="7" t="62" w="301" /><ent r="7" t="62" w="301" /></phr></stem><stem n="ws-secureconverst"><phr n="WS-SecureConverstion"><ent r="7" t="62" w="301" /></phr></stem><stem n="secureconverst"><phr n="SecureConverstion"><ent r="7" t="62" w="302" /></phr></stem><stem n="increas"><phr n="increased"><ent r="7" t="62" w="306" /></phr></stem><stem n="16"><phr n="16"><ent r="7" t="62" w="308" /><ent r="8" t="62" w="322" /><ent r="8" t="62" w="347" /><ent r="8" t="62" w="357" /></phr></stem><stem n="byte"><phr n="bytes"><ent r="7" t="62" w="311" /></phr></stem><stem n="defaultsecretlengthinbyt"><phr n="defaultSecretLengthInBytes"><ent r="8" t="62" w="354" /></phr></stem><stem n="java.util"><phr n="java.util"><ent r="8" t="62" w="360" /><ent r="8" t="62" w="359" /><ent r="3" t="64" w="176" /><ent r="3" t="64" w="175" /><ent r="3" t="64" w="180" /><ent r="3" t="64" w="179" /><ent r="4" t="64" w="188" /><ent r="4" t="64" w="187" /><ent r="4" t="64" w="195" /><ent r="4" t="64" w="194" /><ent r="4" t="64" w="202" /><ent r="4" t="64" w="201" /><ent r="4" t="64" w="207" /><ent r="4" t="64" w="206" /><ent r="4" t="64" w="212" /><ent r="4" t="64" w="211" /><ent r="4" t="64" w="219" /><ent r="4" t="64" w="218" /><ent r="4" t="64" w="224" /><ent r="4" t="64" w="223" /></phr></stem><stem n="java.util.log"><phr n="java.util.logging"><ent r="8" t="62" w="361" /><ent r="8" t="62" w="359" /><ent r="3" t="64" w="177" /><ent r="3" t="64" w="175" /><ent r="3" t="64" w="181" /><ent r="3" t="64" w="179" /><ent r="4" t="64" w="189" /><ent r="4" t="64" w="187" /><ent r="4" t="64" w="196" /><ent r="4" t="64" w="194" /><ent r="4" t="64" w="203" /><ent r="4" t="64" w="201" /><ent r="4" t="64" w="208" /><ent r="4" t="64" w="206" /><ent r="4" t="64" w="213" /><ent r="4" t="64" w="211" /><ent r="4" t="64" w="220" /><ent r="4" t="64" w="218" /><ent r="4" t="64" w="225" /><ent r="4" t="64" w="223" /></phr></stem><stem n="java.util.logging.config"><phr n="java.util.logging.config"><ent r="8" t="62" w="362" /><ent r="8" t="62" w="359" /></phr></stem><stem n="java.util.logging.config.fil"><phr n="java.util.logging.config.file"><ent r="8" t="62" w="363" /><ent r="8" t="62" w="359" /></phr></stem><stem n="java.util.logging.config.log"><phr n="java.util.logging.config.logging"><ent r="8" t="62" w="364" /><ent r="8" t="62" w="359" /></phr></stem><stem n=".util.logging.config.file=logging.properti"><phr n=".util.logging.config.file=logging.properties"><ent r="8" t="62" w="365" /></phr></stem><stem n="java.util.logging.config.logging.properti"><phr n="java.util.logging.config.logging.properties"><ent r="8" t="62" w="365" /><ent r="8" t="62" w="359" /></phr></stem><stem n="sever"><phr n="severity"><ent r="7" t="62" w="371" /><ent r="100" t="64" w="11" /><ent r="100" t="64" w="15" /><ent r="3" t="64" w="34" /><ent r="3" t="64" w="246" /></phr><phr n="Severity"><ent r="68" t="62" w="383" /><ent r="1000" t="64" w="5" /><ent r="100" t="64" w="18" /><ent r="102" t="64" w="26" /></phr></stem><stem n="“-d”"><phr n="“-D”"><ent r="3" t="62" w="413" /></phr></stem><stem n="dcom"><phr n="Dcom"><ent r="3" t="62" w="415" /><ent r="5" t="63" w="81" /><ent r="5" t="63" w="90" /><ent r="3" t="63" w="127" /><ent r="3" t="63" w="133" /><ent r="5" t="65" w="150" /><ent r="5" t="66" w="174" /><ent r="5" t="66" w="240" /><ent r="4" t="66" w="272" /><ent r="5" t="67" w="185" /></phr></stem><stem n="dcom.l7tech"><phr n="Dcom.l7tech"><ent r="3" t="62" w="416" /><ent r="3" t="62" w="415" /><ent r="5" t="63" w="82" /><ent r="5" t="63" w="81" /><ent r="5" t="63" w="91" /><ent r="5" t="63" w="90" /><ent r="3" t="63" w="128" /><ent r="3" t="63" w="127" /><ent r="3" t="63" w="134" /><ent r="3" t="63" w="133" /><ent r="5" t="65" w="151" /><ent r="5" t="65" w="150" /><ent r="5" t="66" w="175" /><ent r="5" t="66" w="174" /><ent r="5" t="66" w="241" /><ent r="5" t="66" w="240" /><ent r="4" t="66" w="273" /><ent r="4" t="66" w="272" /><ent r="5" t="67" w="186" /><ent r="5" t="67" w="185" /></phr></stem><stem n="dcom.l7tech.proxi"><phr n="Dcom.l7tech.proxy"><ent r="3" t="62" w="417" /><ent r="3" t="62" w="415" /><ent r="5" t="63" w="83" /><ent r="5" t="63" w="81" /><ent r="5" t="63" w="92" /><ent r="5" t="63" w="90" /><ent r="3" t="63" w="129" /><ent r="3" t="63" w="127" /><ent r="3" t="63" w="135" /><ent r="3" t="63" w="133" /></phr></stem><stem n="&quot;-dcom.l7tech.proxy…&quot;)."><phr n="&quot;-Dcom.l7tech.proxy…&quot;)."><ent r="3" t="62" w="418" /></phr></stem><stem n=":respons"><phr n=":response"><ent r="100" t="63" w="16" /></phr></stem><stem n="client.ini"><phr n="Client.ini"><ent r="8" t="63" w="56" /><ent r="8" t="63" w="55" /><ent r="8" t="64" w="54" /><ent r="8" t="64" w="53" /><ent r="8" t="65" w="125" /><ent r="8" t="65" w="124" /><ent r="7" t="66" w="137" /><ent r="7" t="66" w="136" /></phr></stem><stem n="ini"><phr n="ini"><ent r="8" t="63" w="56" /><ent r="8" t="64" w="54" /><ent r="8" t="65" w="125" /><ent r="7" t="66" w="137" /></phr></stem><stem n="client.ini,"><phr n="Client.ini,"><ent r="8" t="63" w="56" /><ent r="8" t="63" w="55" /><ent r="8" t="64" w="54" /><ent r="8" t="64" w="53" /><ent r="8" t="65" w="125" /><ent r="8" t="65" w="124" /><ent r="7" t="66" w="137" /><ent r="7" t="66" w="136" /></phr></stem><stem n=".ini,"><phr n=".ini,"><ent r="8" t="63" w="57" /><ent r="8" t="64" w="55" /><ent r="8" t="65" w="126" /><ent r="7" t="66" w="138" /></phr></stem><stem n="client.bat"><phr n="Client.bat"><ent r="8" t="63" w="61" /><ent r="8" t="63" w="60" /><ent r="8" t="64" w="59" /><ent r="8" t="64" w="58" /><ent r="8" t="65" w="130" /><ent r="8" t="65" w="129" /><ent r="7" t="66" w="142" /><ent r="7" t="66" w="141" /></phr></stem><stem n="client.bat,"><phr n="Client.bat,"><ent r="8" t="63" w="61" /><ent r="8" t="63" w="60" /><ent r="8" t="64" w="59" /><ent r="8" t="64" w="58" /><ent r="8" t="65" w="130" /><ent r="8" t="65" w="129" /><ent r="7" t="66" w="142" /><ent r="7" t="66" w="141" /></phr></stem><stem n=".bat,"><phr n=".bat,"><ent r="8" t="63" w="62" /><ent r="8" t="64" w="60" /><ent r="8" t="65" w="131" /><ent r="7" t="66" w="143" /></phr></stem><stem n="append"><phr n="Append"><ent r="4" t="63" w="76" /><ent r="4" t="64" w="74" /><ent r="4" t="65" w="145" /></phr><phr n="append"><ent r="4" t="66" w="169" /></phr></stem><stem n="dcom.l7tech.proxy.processor"><phr n="Dcom.l7tech.proxy.processor"><ent r="5" t="63" w="84" /><ent r="5" t="63" w="81" /><ent r="5" t="63" w="93" /><ent r="5" t="63" w="90" /><ent r="3" t="63" w="130" /><ent r="3" t="63" w="127" /><ent r="3" t="63" w="136" /><ent r="3" t="63" w="133" /></phr></stem><stem n="dcom.l7tech.proxy.processor.logpost"><phr n="Dcom.l7tech.proxy.processor.logPosts"><ent r="5" t="63" w="85" /><ent r="5" t="63" w="81" /><ent r="3" t="63" w="131" /><ent r="3" t="63" w="127" /></phr></stem><stem n="-dcom.l7tech.proxy.processor.logposts=tru"><phr n="-Dcom.l7tech.proxy.processor.logPosts=true"><ent r="5" t="63" w="86" /><ent r="5" t="63" w="86" /><ent r="3" t="63" w="132" /><ent r="3" t="63" w="132" /></phr></stem><stem n="dcom.l7tech.proxy.processor.tru"><phr n="Dcom.l7tech.proxy.processor.true"><ent r="5" t="63" w="86" /><ent r="5" t="63" w="81" /><ent r="5" t="63" w="95" /><ent r="5" t="63" w="90" /><ent r="3" t="63" w="132" /><ent r="3" t="63" w="127" /><ent r="3" t="63" w="138" /><ent r="3" t="63" w="133" /></phr></stem><stem n="dcom.l7tech.proxy.processor.logrespons"><phr n="Dcom.l7tech.proxy.processor.logResponses"><ent r="5" t="63" w="94" /><ent r="5" t="63" w="90" /><ent r="3" t="63" w="137" /><ent r="3" t="63" w="133" /></phr></stem><stem n="-dcom.l7tech.proxy.processor.logresponses=tru"><phr n="-Dcom.l7tech.proxy.processor.logResponses=true"><ent r="5" t="63" w="95" /><ent r="5" t="63" w="95" /><ent r="3" t="63" w="138" /><ent r="3" t="63" w="138" /></phr></stem><stem n="jre1"><phr n="jre1"><ent r="3" t="63" w="121" /></phr></stem><stem n="jre1.5"><phr n="jre1.5"><ent r="3" t="63" w="122" /><ent r="3" t="63" w="121" /></phr></stem><stem n="jre1.5.0"><phr n="jre1.5.0"><ent r="3" t="63" w="123" /><ent r="3" t="63" w="121" /></phr></stem><stem n="jre1.5.0_02"><phr n="jre1.5.0_02"><ent r="3" t="63" w="124" /><ent r="3" t="63" w="121" /></phr></stem><stem n="bin"><phr n="bin"><ent r="3" t="63" w="125" /></phr></stem><stem n="@jre1.5.0_02\bin\java"><phr n="@jre1.5.0_02\bin\java"><ent r="3" t="63" w="126" /></phr></stem><stem n="-jar"><phr n="-jar"><ent r="3" t="63" w="139" /><ent r="3" t="63" w="139" /></phr></stem><stem n="jar"><phr n="jar"><ent r="3" t="63" w="139" /><ent r="3" t="63" w="141" /></phr></stem><stem n=".jar"><phr n=".jar"><ent r="3" t="63" w="141" /></phr></stem><stem n="client.jar"><phr n="Client.jar"><ent r="3" t="63" w="141" /><ent r="3" t="63" w="140" /></phr></stem><stem n="(s)."><phr n="(s)."><ent r="4" t="63" w="149" /><ent r="4" t="65" w="191" /></phr></stem><stem n=":sever"><phr n=":severity"><ent r="100" t="64" w="15" /></phr></stem><stem n="djava"><phr n="Djava"><ent r="5" t="64" w="79" /></phr></stem><stem n="djava.util"><phr n="Djava.util"><ent r="5" t="64" w="80" /><ent r="5" t="64" w="79" /></phr></stem><stem n="djava.util.log"><phr n="Djava.util.logging"><ent r="5" t="64" w="81" /><ent r="5" t="64" w="79" /></phr></stem><stem n="djava.util.logging.config"><phr n="Djava.util.logging.config"><ent r="5" t="64" w="82" /><ent r="5" t="64" w="79" /></phr></stem><stem n="djava.util.logging.config.fil"><phr n="Djava.util.logging.config.file"><ent r="5" t="64" w="83" /><ent r="5" t="64" w="79" /></phr></stem><stem n="djava.util.logging.config.log"><phr n="Djava.util.logging.config.logging"><ent r="5" t="64" w="84" /><ent r="5" t="64" w="79" /></phr></stem><stem n="-djava.util.logging.config.file=logging.properti"><phr n="-Djava.util.logging.config.file=logging.properties"><ent r="5" t="64" w="85" /><ent r="5" t="64" w="85" /></phr></stem><stem n="djava.util.logging.config.logging.properti"><phr n="Djava.util.logging.config.logging.properties"><ent r="5" t="64" w="85" /><ent r="5" t="64" w="79" /></phr></stem><stem n=":\program"><phr n=":\Program"><ent r="5" t="64" w="138" /></phr></stem><stem n="\layer"><phr n="\Layer"><ent r="5" t="64" w="140" /></phr></stem><stem n="\securespan"><phr n="\SecureSpan"><ent r="5" t="64" w="143" /></phr></stem><stem n="&lt;version&gt;"><phr n="&lt;version&gt;"><ent r="4" t="64" w="148" /></phr></stem><stem n="\logging.properti"><phr n="\logging.properties"><ent r="5" t="64" w="151" /></phr></stem><stem n="10000000"><phr n="10000000"><ent r="3" t="64" w="172" /><ent r="4" t="64" w="216" /></phr></stem><stem n="java.util.logging.filehandl"><phr n="java.util.logging.FileHandler"><ent r="3" t="64" w="178" /><ent r="3" t="64" w="175" /><ent r="4" t="64" w="197" /><ent r="4" t="64" w="194" /><ent r="4" t="64" w="204" /><ent r="4" t="64" w="201" /><ent r="4" t="64" w="214" /><ent r="4" t="64" w="211" /></phr></stem><stem n="filehandl"><phr n="FileHandler"><ent r="3" t="64" w="178" /><ent r="4" t="64" w="197" /><ent r="4" t="64" w="204" /><ent r="4" t="64" w="214" /></phr></stem><stem n="java.util.logging.filehandler,"><phr n="java.util.logging.FileHandler,"><ent r="3" t="64" w="178" /><ent r="3" t="64" w="175" /></phr></stem><stem n=".util.logging.filehandler,"><phr n=".util.logging.FileHandler,"><ent r="3" t="64" w="179" /></phr></stem><stem n=".util.logging.consolehandl"><phr n=".util.logging.ConsoleHandler"><ent r="3" t="64" w="182" /></phr></stem><stem n="java.util.logging.consolehandl"><phr n="java.util.logging.ConsoleHandler"><ent r="3" t="64" w="182" /><ent r="3" t="64" w="179" /><ent r="4" t="64" w="190" /><ent r="4" t="64" w="187" /><ent r="4" t="64" w="221" /><ent r="4" t="64" w="218" /></phr></stem><stem n="consolehandl"><phr n="ConsoleHandler"><ent r="3" t="64" w="182" /><ent r="4" t="64" w="190" /><ent r="4" t="64" w="221" /></phr></stem><stem n=".level"><phr n=".level"><ent r="4" t="64" w="184" /></phr></stem><stem n=".util.logging.consolehandler.level"><phr n=".util.logging.ConsoleHandler.level"><ent r="4" t="64" w="191" /></phr></stem><stem n="java.util.logging.consolehandler.level"><phr n="java.util.logging.ConsoleHandler.level"><ent r="4" t="64" w="191" /><ent r="4" t="64" w="187" /></phr></stem><stem n=".util.logging.filehandler.level"><phr n=".util.logging.FileHandler.level"><ent r="4" t="64" w="198" /></phr></stem><stem n="java.util.logging.filehandler.level"><phr n="java.util.logging.FileHandler.level"><ent r="4" t="64" w="198" /><ent r="4" t="64" w="194" /></phr></stem><stem n=".util.logging.filehandler.formatt"><phr n=".util.logging.FileHandler.formatter"><ent r="4" t="64" w="205" /></phr></stem><stem n="java.util.logging.filehandler.formatt"><phr n="java.util.logging.FileHandler.formatter"><ent r="4" t="64" w="205" /><ent r="4" t="64" w="201" /></phr></stem><stem n="formatt"><phr n="formatter"><ent r="4" t="64" w="205" /><ent r="4" t="64" w="222" /></phr></stem><stem n=".util.logging.simpleformatt"><phr n=".util.logging.SimpleFormatter"><ent r="4" t="64" w="209" /><ent r="4" t="64" w="226" /></phr></stem><stem n="java.util.logging.simpleformatt"><phr n="java.util.logging.SimpleFormatter"><ent r="4" t="64" w="209" /><ent r="4" t="64" w="206" /><ent r="4" t="64" w="226" /><ent r="4" t="64" w="223" /></phr></stem><stem n="simpleformatt"><phr n="SimpleFormatter"><ent r="4" t="64" w="209" /><ent r="4" t="64" w="226" /></phr></stem><stem n=".util.logging.filehandler.limit"><phr n=".util.logging.FileHandler.limit"><ent r="4" t="64" w="215" /></phr></stem><stem n="java.util.logging.filehandler.limit"><phr n="java.util.logging.FileHandler.limit"><ent r="4" t="64" w="215" /><ent r="4" t="64" w="211" /></phr></stem><stem n=".util.logging.consolehandler.formatt"><phr n=".util.logging.ConsoleHandler.formatter"><ent r="4" t="64" w="222" /></phr></stem><stem n="java.util.logging.consolehandler.formatt"><phr n="java.util.logging.ConsoleHandler.formatter"><ent r="4" t="64" w="222" /><ent r="4" t="64" w="218" /></phr></stem><stem n=":http"><phr n=":HTTP"><ent r="100" t="65" w="10" /></phr></stem><stem n="60"><phr n="60"><ent r="3" t="65" w="36" /></phr></stem><stem n="extend"><phr n="extend"><ent r="3" t="65" w="57" /></phr><phr n="extended"><ent r="3" t="66" w="74" /></phr></stem><stem n="-out."><phr n="-out."><ent r="3" t="65" w="61" /><ent r="3" t="65" w="61" /></phr></stem><stem n="adjust"><phr n="adjusted"><ent r="3" t="65" w="75" /></phr></stem><stem n="dcom.l7tech.common"><phr n="Dcom.l7tech.common"><ent r="5" t="65" w="152" /><ent r="5" t="65" w="150" /></phr></stem><stem n="dcom.l7tech.common.http"><phr n="Dcom.l7tech.common.http"><ent r="5" t="65" w="153" /><ent r="5" t="65" w="150" /></phr></stem><stem n="dcom.l7tech.common.http.prov"><phr n="Dcom.l7tech.common.http.prov"><ent r="5" t="65" w="154" /><ent r="5" t="65" w="150" /></phr></stem><stem n="dcom.l7tech.common.http.prov.apach"><phr n="Dcom.l7tech.common.http.prov.apache"><ent r="5" t="65" w="155" /><ent r="5" t="65" w="150" /></phr></stem><stem n="dcom.l7tech.common.http.prov.apache.commonshttpcli"><phr n="Dcom.l7tech.common.http.prov.apache.CommonsHttpClient"><ent r="5" t="65" w="156" /><ent r="5" t="65" w="150" /></phr></stem><stem n="dcom.l7tech.common.http.prov.apache.commonshttpclient.defaultreadtimeout"><phr n="Dcom.l7tech.common.http.prov.apache.CommonsHttpClient.defaultReadTimeout"><ent r="5" t="65" w="157" /><ent r="5" t="65" w="150" /></phr></stem><stem n="-dcom.l7tech.common.http.prov.apache.commonshttpclient.defaultreadtimeout=600000"><phr n="-Dcom.l7tech.common.http.prov.apache.CommonsHttpClient.defaultReadTimeout=600000"><ent r="5" t="65" w="158" /><ent r="5" t="65" w="158" /></phr></stem><stem n="dcom.l7tech.common.http.prov.apache.commonshttpclient.600000"><phr n="Dcom.l7tech.common.http.prov.apache.CommonsHttpClient.600000"><ent r="5" t="65" w="158" /><ent r="5" t="65" w="150" /></phr></stem><stem n="60000"><phr n="60000"><ent r="4" t="65" w="166" /></phr></stem><stem n="'60000'"><phr n="'60000'"><ent r="4" t="65" w="167" /></phr></stem><stem n="millisecond"><phr n="milliseconds"><ent r="4" t="65" w="174" /></phr></stem><stem n=":x.509"><phr n=":X.509"><ent r="100" t="66" w="8" /></phr></stem><stem n="critic"><phr n="critical"><ent r="3" t="66" w="79" /><ent r="4" t="67" w="705" /><ent r="4" t="67" w="715" /><ent r="4" t="67" w="719" /><ent r="4" t="67" w="735" /><ent r="4" t="67" w="818" /></phr></stem><stem n="lenient"><phr n="lenient"><ent r="4" t="66" w="166" /><ent r="3" t="67" w="65" /></phr></stem><stem n="dcom.l7tech.pkix"><phr n="Dcom.l7tech.pkix"><ent r="5" t="66" w="176" /><ent r="5" t="66" w="174" /><ent r="5" t="66" w="242" /><ent r="5" t="66" w="240" /><ent r="4" t="66" w="274" /><ent r="4" t="66" w="272" /><ent r="5" t="67" w="187" /><ent r="5" t="67" w="185" /></phr></stem><stem n="dcom.l7tech.pkix.keyusag"><phr n="Dcom.l7tech.pkix.keyUsage"><ent r="5" t="66" w="177" /><ent r="5" t="66" w="174" /></phr></stem><stem n="dcom.l7tech.pkix.ignor"><phr n="Dcom.l7tech.pkix.IGNORE"><ent r="5" t="66" w="178" /><ent r="5" t="66" w="174" /></phr></stem><stem n=".l7tech.pkix.keyusage=&quot;ignore&quot;"><phr n=".l7tech.pkix.keyUsage=&quot;IGNORE&quot;"><ent r="5" t="66" w="179" /></phr></stem><stem n="com.l7tech.pkix.keyusagepolici"><phr n="com.l7tech.pkix.keyUsagePolicy"><ent r="4" t="66" w="205" /><ent r="4" t="66" w="202" /></phr></stem><stem n="keyusagepolici"><phr n="keyUsagePolicy"><ent r="4" t="66" w="205" /></phr></stem><stem n="&quot;com.l7tech.pkix.keyusagepolicy&quot;"><phr n="&quot;com.l7tech.pkix.keyUsagePolicy&quot;"><ent r="4" t="66" w="206" /></phr></stem><stem n="dcom.l7tech.pkix.keyusagepolicyfil"><phr n="Dcom.l7tech.pkix.keyUsagePolicyFile"><ent r="5" t="66" w="243" /><ent r="5" t="66" w="240" /><ent r="4" t="66" w="275" /><ent r="4" t="66" w="272" /><ent r="5" t="67" w="188" /><ent r="5" t="67" w="185" /></phr></stem><stem n="&lt;path"><phr n="&lt;path"><ent r="5" t="66" w="245" /><ent r="5" t="66" w="256" /><ent r="5" t="67" w="190" /><ent r="5" t="67" w="195" /></phr></stem><stem n="file&gt;"><phr n="file&gt;"><ent r="5" t="66" w="246" /><ent r="5" t="66" w="257" /><ent r="5" t="67" w="191" /><ent r="5" t="67" w="196" /></phr></stem><stem n="&quot;&lt;path&amp;file&gt;&quot;"><phr n="&quot;&lt;path&amp;file&gt;&quot;"><ent r="5" t="66" w="247" /><ent r="5" t="67" w="192" /></phr></stem><stem n="&amp;file&gt;"><phr n="&amp;file&gt;"><ent r="5" t="66" w="257" /><ent r="5" t="67" w="196" /></phr></stem><stem n="dcom.l7tech.pkix.c"><phr n="Dcom.l7tech.pkix.c"><ent r="4" t="66" w="276" /><ent r="4" t="66" w="272" /></phr></stem><stem n="mydir"><phr n="mydir"><ent r="4" t="66" w="277" /></phr></stem><stem n="keyusage.xml"><phr n="KeyUsage.xml"><ent r="4" t="66" w="279" /><ent r="4" t="66" w="278" /></phr></stem><stem n=".l7tech.pkix.keyusagepolicyfile=&quot;c:\mydir\keyusage.xml&quot;."><phr n=".l7tech.pkix.keyUsagePolicyFile=&quot;c:\mydir\KeyUsage.xml&quot;."><ent r="4" t="66" w="280" /></phr></stem><stem n="familiar"><phr n="familiar"><ent r="3" t="67" w="136" /></phr></stem><stem n="sampl"><phr n="sample"><ent r="4" t="67" w="169" /><ent r="3" t="67" w="347" /><ent r="4" t="67" w="687" /></phr><phr n="Sample"><ent r="82" t="67" w="337" /></phr></stem><stem n="given"><phr n="given"><ent r="4" t="67" w="172" /></phr></stem><stem n="action"><phr n="Action"><ent r="82" t="67" w="228" /><ent r="7" t="67" w="253" /></phr><phr n="actions"><ent r="5" t="67" w="251" /><ent r="3" t="67" w="363" /></phr><phr n="action"><ent r="3" t="67" w="383" /><ent r="3" t="67" w="387" /><ent r="3" t="67" w="405" /><ent r="3" t="67" w="411" /><ent r="3" t="67" w="436" /><ent r="3" t="67" w="445" /><ent r="3" t="67" w="477" /><ent r="3" t="67" w="487" /><ent r="3" t="67" w="511" /><ent r="3" t="67" w="528" /><ent r="3" t="67" w="537" /><ent r="3" t="67" w="546" /><ent r="3" t="67" w="555" /><ent r="3" t="67" w="566" /><ent r="3" t="67" w="575" /><ent r="3" t="67" w="594" /><ent r="3" t="67" w="614" /><ent r="3" t="67" w="618" /><ent r="3" t="67" w="619" /><ent r="3" t="67" w="628" /><ent r="3" t="67" w="629" /><ent r="3" t="67" w="646" /><ent r="3" t="67" w="667" /><ent r="3" t="67" w="671" /><ent r="3" t="67" w="672" /></phr></stem><stem n="verifyxml"><phr n="verifyXml"><ent r="8" t="67" w="259" /><ent r="4" t="67" w="438" /><ent r="4" t="67" w="447" /></phr></stem><stem n="encryptxml"><phr n="encryptXml"><ent r="8" t="67" w="269" /><ent r="4" t="67" w="530" /></phr></stem><stem n="sslserverremot"><phr n="sslServerRemote"><ent r="8" t="67" w="281" /><ent r="4" t="67" w="539" /><ent r="4" t="67" w="548" /><ent r="4" t="67" w="557" /></phr></stem><stem n="sslclientremot"><phr n="sslClientRemote"><ent r="8" t="67" w="301" /><ent r="4" t="67" w="479" /><ent r="4" t="67" w="489" /><ent r="4" t="67" w="513" /></phr></stem><stem n="verifyclientcert"><phr n="verifyClientCert"><ent r="8" t="67" w="321" /><ent r="4" t="67" w="568" /></phr></stem><stem n="chain"><phr n="chain"><ent r="7" t="67" w="334" /></phr></stem><stem n="embed"><phr n="embedded"><ent r="3" t="67" w="357" /></phr></stem></index>