<?xml version="1.0" encoding="utf-8"?><index><stem n="ministrators"><phr n="administrators"><ent r="4" t="1" w="306" /><ent r="4" t="1" w="306" /><ent r="6" t="27" w="455" /><ent r="6" t="27" w="455" /><ent r="3" t="54" w="296" /><ent r="3" t="54" w="296" /></phr><phr n="Administrators"><ent r="4" t="3" w="407" /><ent r="4" t="3" w="407" /><ent r="4" t="6" w="55" /><ent r="4" t="6" w="55" /></phr></stem><stem n="administrator"><phr n="administrators"><ent r="4" t="1" w="306" /><ent r="4" t="1" w="306" /><ent r="6" t="27" w="455" /><ent r="6" t="27" w="455" /><ent r="3" t="54" w="296" /><ent r="3" t="54" w="296" /></phr><phr n="Administrators"><ent r="4" t="3" w="407" /><ent r="4" t="3" w="407" /><ent r="4" t="6" w="55" /><ent r="4" t="6" w="55" /></phr><phr n="administrator"><ent r="3" t="7" w="540" /><ent r="3" t="7" w="540" /><ent r="6" t="12" w="398" /><ent r="6" t="12" w="398" /><ent r="6" t="46" w="151" /><ent r="6" t="46" w="151" /><ent r="4" t="64" w="207" /><ent r="4" t="64" w="207" /><ent r="4" t="65" w="285" /><ent r="4" t="65" w="285" /></phr><phr n="Administrator"><ent r="3" t="42" w="755" /><ent r="3" t="42" w="773" /><ent r="3" t="42" w="773" /><ent r="3" t="46" w="74" /><ent r="3" t="46" w="74" /></phr></stem><stem n="dministrators"><phr n="administrators"><ent r="4" t="1" w="306" /><ent r="4" t="1" w="306" /><ent r="6" t="27" w="455" /><ent r="6" t="27" w="455" /><ent r="3" t="54" w="296" /><ent r="3" t="54" w="296" /></phr><phr n="Administrators"><ent r="4" t="3" w="407" /><ent r="4" t="3" w="407" /><ent r="4" t="6" w="55" /><ent r="4" t="6" w="55" /></phr></stem><stem n="administrators"><phr n="administrators"><ent r="4" t="1" w="306" /><ent r="4" t="1" w="306" /><ent r="6" t="27" w="455" /><ent r="6" t="27" w="455" /><ent r="3" t="54" w="296" /><ent r="3" t="54" w="296" /></phr><phr n="Administrators"><ent r="4" t="3" w="407" /><ent r="4" t="3" w="407" /><ent r="4" t="6" w="55" /><ent r="4" t="6" w="55" /></phr></stem><stem n="central"><phr n="centrally"><ent r="4" t="1" w="308" /><ent r="4" t="1" w="308" /></phr></stem><stem n="cent"><phr n="centrally"><ent r="4" t="1" w="308" /><ent r="4" t="1" w="308" /></phr><phr n="Center"><ent r="4" t="16" w="179" /><ent r="4" t="16" w="179" /></phr><phr n="Recent"><ent r="64" t="37" w="577" /><ent r="64" t="37" w="577" /><ent r="100" t="44" w="23" /><ent r="100" t="44" w="23" /><ent r="100" t="45" w="243" /><ent r="100" t="45" w="243" /><ent r="5" t="45" w="247" /><ent r="5" t="45" w="247" /><ent r="4" t="45" w="252" /><ent r="4" t="45" w="252" /><ent r="3" t="45" w="268" /><ent r="3" t="45" w="268" /><ent r="5" t="45" w="284" /><ent r="5" t="45" w="284" /><ent r="6" t="45" w="473" /><ent r="6" t="45" w="473" /><ent r="5" t="45" w="504" /><ent r="5" t="45" w="504" /></phr><phr n="recent"><ent r="4" t="44" w="62" /><ent r="4" t="44" w="62" /></phr></stem><stem n="rall"><phr n="centrally"><ent r="4" t="1" w="308" /><ent r="4" t="1" w="308" /></phr></stem><stem n="entr"><phr n="centrally"><ent r="4" t="1" w="308" /><ent r="4" t="1" w="308" /></phr><phr n="entries"><ent r="6" t="4" w="322" /><ent r="4" t="22" w="439" /><ent r="4" t="22" w="439" /><ent r="7" t="63" w="611" /><ent r="7" t="63" w="611" /></phr><phr n="entry"><ent r="5" t="58" w="185" /></phr><phr n="sslClientRemote"><ent r="8" t="68" w="296" /><ent r="8" t="68" w="296" /><ent r="4" t="68" w="474" /><ent r="4" t="68" w="474" /><ent r="4" t="68" w="484" /><ent r="4" t="68" w="484" /><ent r="4" t="68" w="508" /><ent r="4" t="68" w="508" /></phr></stem><stem n="ally"><phr n="centrally"><ent r="4" t="1" w="308" /><ent r="4" t="1" w="308" /></phr><phr n="Additionally"><ent r="3" t="2" w="187" /></phr><phr n="automatically"><ent r="3" t="3" w="74" /><ent r="3" t="3" w="74" /><ent r="3" t="3" w="133" /><ent r="3" t="3" w="133" /><ent r="3" t="3" w="196" /><ent r="3" t="3" w="196" /><ent r="4" t="5" w="176" /><ent r="4" t="5" w="176" /><ent r="3" t="8" w="266" /><ent r="3" t="8" w="266" /><ent r="3" t="12" w="228" /><ent r="3" t="12" w="228" /><ent r="3" t="13" w="101" /><ent r="3" t="13" w="101" /><ent r="4" t="13" w="243" /><ent r="4" t="13" w="243" /><ent r="3" t="13" w="279" /><ent r="3" t="13" w="279" /><ent r="3" t="14" w="97" /><ent r="3" t="14" w="97" /><ent r="3" t="17" w="94" /><ent r="3" t="17" w="94" /><ent r="7" t="18" w="1701" /><ent r="7" t="18" w="1701" /><ent r="3" t="18" w="2448" /><ent r="3" t="18" w="2448" /><ent r="3" t="18" w="2494" /><ent r="3" t="18" w="2494" /><ent r="3" t="20" w="902" /><ent r="3" t="20" w="902" /><ent r="3" t="20" w="948" /><ent r="3" t="20" w="948" /><ent r="3" t="21" w="1103" /><ent r="3" t="21" w="1103" /><ent r="3" t="21" w="1149" /><ent r="3" t="21" w="1149" /><ent r="3" t="22" w="1157" /><ent r="3" t="22" w="1157" /><ent r="3" t="22" w="1203" /><ent r="3" t="22" w="1203" /><ent r="7" t="27" w="1217" /><ent r="7" t="27" w="1217" /><ent r="3" t="27" w="1770" /><ent r="3" t="27" w="1770" /><ent r="3" t="28" w="225" /><ent r="3" t="28" w="225" /><ent r="3" t="29" w="291" /><ent r="3" t="29" w="291" /><ent r="7" t="29" w="574" /><ent r="7" t="29" w="574" /><ent r="3" t="30" w="78" /><ent r="3" t="30" w="78" /><ent r="3" t="31" w="69" /><ent r="3" t="31" w="69" /><ent r="3" t="31" w="100" /><ent r="3" t="31" w="100" /><ent r="7" t="33" w="542" /><ent r="7" t="33" w="542" /><ent r="3" t="34" w="98" /><ent r="3" t="34" w="98" /><ent r="3" t="37" w="293" /><ent r="3" t="37" w="293" /><ent r="3" t="37" w="353" /><ent r="3" t="37" w="353" /><ent r="3" t="39" w="115" /><ent r="3" t="39" w="115" /><ent r="3" t="41" w="100" /><ent r="3" t="41" w="100" /><ent r="3" t="42" w="719" /><ent r="3" t="42" w="834" /><ent r="3" t="42" w="887" /><ent r="3" t="42" w="887" /><ent r="3" t="42" w="1737" /><ent r="3" t="42" w="1737" /><ent r="3" t="42" w="1944" /><ent r="3" t="42" w="1944" /><ent r="3" t="56" w="159" /><ent r="3" t="56" w="159" /></phr><phr n="essentially"><ent r="3" t="3" w="179" /><ent r="3" t="3" w="179" /><ent r="3" t="9" w="67" /><ent r="3" t="9" w="67" /><ent r="3" t="42" w="458" /><ent r="3" t="42" w="458" /></phr><phr n="manually"><ent r="4" t="7" w="629" /><ent r="4" t="7" w="629" /><ent r="3" t="7" w="652" /><ent r="3" t="7" w="652" /><ent r="3" t="8" w="281" /><ent r="3" t="8" w="281" /><ent r="3" t="26" w="100" /><ent r="3" t="26" w="100" /><ent r="3" t="28" w="239" /><ent r="3" t="28" w="239" /><ent r="4" t="29" w="84" /><ent r="4" t="29" w="84" /><ent r="3" t="29" w="203" /><ent r="3" t="29" w="203" /><ent r="3" t="30" w="84" /><ent r="3" t="30" w="84" /><ent r="3" t="31" w="80" /><ent r="3" t="31" w="80" /><ent r="3" t="31" w="92" /><ent r="3" t="31" w="92" /><ent r="3" t="35" w="22" /><ent r="3" t="35" w="22" /><ent r="3" t="41" w="121" /><ent r="3" t="41" w="121" /><ent r="3" t="42" w="446" /><ent r="3" t="42" w="446" /><ent r="3" t="42" w="766" /><ent r="3" t="42" w="766" /><ent r="3" t="42" w="1325" /><ent r="3" t="42" w="1325" /><ent r="3" t="42" w="1692" /><ent r="3" t="42" w="1692" /><ent r="3" t="42" w="1774" /><ent r="3" t="42" w="1774" /></phr><phr n="normally"><ent r="3" t="17" w="134" /><ent r="3" t="17" w="134" /></phr><phr n="optionally"><ent r="3" t="18" w="192" /><ent r="3" t="18" w="192" /><ent r="7" t="18" w="1081" /><ent r="7" t="18" w="1081" /><ent r="3" t="18" w="2296" /><ent r="3" t="18" w="2296" /><ent r="4" t="20" w="246" /><ent r="4" t="20" w="246" /><ent r="3" t="20" w="750" /><ent r="3" t="20" w="750" /><ent r="3" t="21" w="446" /><ent r="3" t="21" w="446" /><ent r="3" t="21" w="951" /><ent r="3" t="21" w="951" /><ent r="3" t="22" w="1005" /><ent r="3" t="22" w="1005" /><ent r="3" t="23" w="41" /><ent r="3" t="23" w="41" /><ent r="7" t="27" w="838" /><ent r="7" t="27" w="838" /><ent r="4" t="49" w="588" /><ent r="4" t="49" w="588" /><ent r="8" t="55" w="847" /><ent r="8" t="55" w="847" /><ent r="8" t="55" w="1280" /><ent r="8" t="55" w="1280" /><ent r="7" t="58" w="287" /><ent r="7" t="58" w="287" /></phr><phr n="unintentionally"><ent r="3" t="18" w="2243" /><ent r="3" t="18" w="2243" /><ent r="3" t="20" w="697" /><ent r="3" t="20" w="697" /><ent r="3" t="21" w="898" /><ent r="3" t="21" w="898" /><ent r="3" t="22" w="952" /><ent r="3" t="22" w="952" /></phr><phr n="typically"><ent r="3" t="19" w="95" /><ent r="3" t="19" w="95" /><ent r="3" t="48" w="83" /><ent r="3" t="48" w="83" /><ent r="3" t="52" w="199" /><ent r="3" t="52" w="199" /><ent r="8" t="55" w="992" /><ent r="8" t="55" w="992" /></phr><phr n="Optionally"><ent r="6" t="21" w="299" /><ent r="6" t="21" w="299" /><ent r="7" t="24" w="617" /><ent r="7" t="24" w="617" /></phr><phr n="Normally"><ent r="3" t="24" w="117" /></phr><phr n="Automatically"><ent r="4" t="29" w="51" /><ent r="4" t="29" w="51" /></phr><phr n="initially"><ent r="4" t="29" w="61" /><ent r="3" t="29" w="139" /><ent r="3" t="29" w="139" /><ent r="3" t="42" w="1316" /><ent r="3" t="42" w="1316" /></phr><phr n="partially"><ent r="3" t="32" w="279" /><ent r="3" t="32" w="279" /><ent r="3" t="33" w="91" /><ent r="3" t="33" w="91" /></phr><phr n="especially"><ent r="3" t="39" w="44" /><ent r="3" t="39" w="44" /></phr><phr n="originally"><ent r="3" t="42" w="1842" /><ent r="3" t="42" w="1842" /></phr><phr n="digitally"><ent r="6" t="45" w="456" /><ent r="6" t="45" w="456" /></phr><phr n="usually"><ent r="9" t="55" w="1137" /><ent r="9" t="55" w="1137" /></phr></stem><stem n="ntra"><phr n="centrally"><ent r="4" t="1" w="308" /><ent r="4" t="1" w="308" /></phr></stem><stem n="tral"><phr n="centrally"><ent r="4" t="1" w="308" /><ent r="4" t="1" w="308" /></phr><phr n="Australia"><ent r="7" t="61" w="112" /><ent r="7" t="61" w="112" /></phr></stem><stem n="centr"><phr n="centrally"><ent r="4" t="1" w="308" /><ent r="4" t="1" w="308" /></phr></stem><stem n="entra"><phr n="centrally"><ent r="4" t="1" w="308" /><ent r="4" t="1" w="308" /></phr></stem><stem n="ntral"><phr n="centrally"><ent r="4" t="1" w="308" /><ent r="4" t="1" w="308" /></phr></stem><stem n="trall"><phr n="centrally"><ent r="4" t="1" w="308" /><ent r="4" t="1" w="308" /></phr></stem><stem n="rally"><phr n="centrally"><ent r="4" t="1" w="308" /><ent r="4" t="1" w="308" /></phr></stem><stem n="centra"><phr n="centrally"><ent r="4" t="1" w="308" /><ent r="4" t="1" w="308" /></phr></stem><stem n="entral"><phr n="centrally"><ent r="4" t="1" w="308" /><ent r="4" t="1" w="308" /></phr></stem><stem n="ntrall"><phr n="centrally"><ent r="4" t="1" w="308" /><ent r="4" t="1" w="308" /></phr></stem><stem n="trally"><phr n="centrally"><ent r="4" t="1" w="308" /><ent r="4" t="1" w="308" /></phr></stem><stem n="entrall"><phr n="centrally"><ent r="4" t="1" w="308" /><ent r="4" t="1" w="308" /></phr></stem><stem n="ntrally"><phr n="centrally"><ent r="4" t="1" w="308" /><ent r="4" t="1" w="308" /></phr></stem><stem n="centrall"><phr n="centrally"><ent r="4" t="1" w="308" /><ent r="4" t="1" w="308" /></phr></stem><stem n="entrally"><phr n="centrally"><ent r="4" t="1" w="308" /><ent r="4" t="1" w="308" /></phr></stem><stem n="centrally"><phr n="centrally"><ent r="4" t="1" w="308" /><ent r="4" t="1" w="308" /></phr></stem><stem n="defin"><phr n="define"><ent r="4" t="1" w="309" /><ent r="6" t="18" w="1838" /><ent r="6" t="18" w="1838" /><ent r="3" t="18" w="2297" /><ent r="3" t="18" w="2297" /><ent r="6" t="20" w="398" /><ent r="6" t="20" w="398" /><ent r="3" t="20" w="751" /><ent r="3" t="20" w="751" /><ent r="6" t="21" w="597" /><ent r="6" t="21" w="597" /><ent r="3" t="21" w="952" /><ent r="3" t="21" w="952" /><ent r="6" t="22" w="650" /><ent r="6" t="22" w="650" /><ent r="3" t="22" w="1006" /><ent r="3" t="22" w="1006" /><ent r="3" t="23" w="42" /><ent r="3" t="23" w="42" /><ent r="3" t="23" w="69" /><ent r="3" t="23" w="69" /><ent r="6" t="27" w="1304" /><ent r="6" t="27" w="1304" /><ent r="3" t="41" w="54" /><ent r="3" t="41" w="54" /></phr><phr n="Defining"><ent r="64" t="18" w="2329" /><ent r="64" t="18" w="2329" /><ent r="64" t="20" w="783" /><ent r="64" t="20" w="783" /><ent r="64" t="21" w="984" /><ent r="64" t="21" w="984" /><ent r="64" t="22" w="1038" /><ent r="64" t="22" w="1038" /><ent r="1000" t="23" w="1" /><ent r="1000" t="23" w="1" /><ent r="100" t="23" w="8" /><ent r="100" t="23" w="8" /><ent r="102" t="23" w="25" /><ent r="102" t="23" w="25" /></phr><phr n="defined"><ent r="3" t="24" w="807" /><ent r="3" t="24" w="807" /><ent r="3" t="27" w="48" /><ent r="3" t="27" w="48" /><ent r="3" t="29" w="189" /><ent r="3" t="29" w="189" /><ent r="4" t="38" w="148" /><ent r="4" t="38" w="148" /><ent r="3" t="42" w="35" /><ent r="3" t="42" w="35" /><ent r="3" t="48" w="781" /><ent r="3" t="48" w="781" /><ent r="3" t="52" w="167" /><ent r="3" t="52" w="167" /><ent r="3" t="53" w="221" /><ent r="3" t="53" w="221" /><ent r="3" t="53" w="333" /><ent r="3" t="53" w="333" /></phr><phr n="Define"><ent r="8" t="51" w="474" /><ent r="8" t="51" w="474" /></phr><phr n="defines"><ent r="7" t="63" w="235" /><ent r="7" t="63" w="235" /></phr></stem><stem n="defi"><phr n="define"><ent r="4" t="1" w="309" /><ent r="6" t="18" w="1838" /><ent r="6" t="18" w="1838" /><ent r="3" t="18" w="2297" /><ent r="3" t="18" w="2297" /><ent r="6" t="20" w="398" /><ent r="6" t="20" w="398" /><ent r="3" t="20" w="751" /><ent r="3" t="20" w="751" /><ent r="6" t="21" w="597" /><ent r="6" t="21" w="597" /><ent r="3" t="21" w="952" /><ent r="3" t="21" w="952" /><ent r="6" t="22" w="650" /><ent r="6" t="22" w="650" /><ent r="3" t="22" w="1006" /><ent r="3" t="22" w="1006" /><ent r="3" t="23" w="42" /><ent r="3" t="23" w="42" /><ent r="3" t="23" w="69" /><ent r="3" t="23" w="69" /><ent r="6" t="27" w="1304" /><ent r="6" t="27" w="1304" /><ent r="3" t="41" w="54" /><ent r="3" t="41" w="54" /></phr><phr n="Defining"><ent r="64" t="18" w="2329" /><ent r="64" t="18" w="2329" /><ent r="64" t="20" w="783" /><ent r="64" t="20" w="783" /><ent r="64" t="21" w="984" /><ent r="64" t="21" w="984" /><ent r="64" t="22" w="1038" /><ent r="64" t="22" w="1038" /><ent r="1000" t="23" w="1" /><ent r="1000" t="23" w="1" /><ent r="100" t="23" w="8" /><ent r="100" t="23" w="8" /><ent r="102" t="23" w="25" /><ent r="102" t="23" w="25" /></phr><phr n="defined"><ent r="3" t="24" w="807" /><ent r="3" t="24" w="807" /><ent r="3" t="27" w="48" /><ent r="3" t="27" w="48" /><ent r="3" t="29" w="189" /><ent r="3" t="29" w="189" /><ent r="4" t="38" w="148" /><ent r="4" t="38" w="148" /><ent r="3" t="42" w="35" /><ent r="3" t="42" w="35" /><ent r="3" t="48" w="781" /><ent r="3" t="48" w="781" /><ent r="3" t="52" w="167" /><ent r="3" t="52" w="167" /><ent r="3" t="53" w="221" /><ent r="3" t="53" w="221" /><ent r="3" t="53" w="333" /><ent r="3" t="53" w="333" /></phr><phr n="Define"><ent r="8" t="51" w="474" /><ent r="8" t="51" w="474" /></phr><phr n="defines"><ent r="7" t="63" w="235" /><ent r="7" t="63" w="235" /></phr></stem><stem n="efin"><phr n="define"><ent r="4" t="1" w="309" /><ent r="6" t="18" w="1838" /><ent r="6" t="18" w="1838" /><ent r="3" t="18" w="2297" /><ent r="3" t="18" w="2297" /><ent r="6" t="20" w="398" /><ent r="6" t="20" w="398" /><ent r="3" t="20" w="751" /><ent r="3" t="20" w="751" /><ent r="6" t="21" w="597" /><ent r="6" t="21" w="597" /><ent r="3" t="21" w="952" /><ent r="3" t="21" w="952" /><ent r="6" t="22" w="650" /><ent r="6" t="22" w="650" /><ent r="3" t="22" w="1006" /><ent r="3" t="22" w="1006" /><ent r="3" t="23" w="42" /><ent r="3" t="23" w="42" /><ent r="3" t="23" w="69" /><ent r="3" t="23" w="69" /><ent r="6" t="27" w="1304" /><ent r="6" t="27" w="1304" /><ent r="3" t="41" w="54" /><ent r="3" t="41" w="54" /></phr><phr n="Defining"><ent r="64" t="18" w="2329" /><ent r="64" t="18" w="2329" /><ent r="64" t="20" w="783" /><ent r="64" t="20" w="783" /><ent r="64" t="21" w="984" /><ent r="64" t="21" w="984" /><ent r="64" t="22" w="1038" /><ent r="64" t="22" w="1038" /><ent r="1000" t="23" w="1" /><ent r="1000" t="23" w="1" /><ent r="100" t="23" w="8" /><ent r="100" t="23" w="8" /><ent r="102" t="23" w="25" /><ent r="102" t="23" w="25" /></phr><phr n="defined"><ent r="3" t="24" w="807" /><ent r="3" t="24" w="807" /><ent r="3" t="27" w="48" /><ent r="3" t="27" w="48" /><ent r="3" t="29" w="189" /><ent r="3" t="29" w="189" /><ent r="4" t="38" w="148" /><ent r="4" t="38" w="148" /><ent r="3" t="42" w="35" /><ent r="3" t="42" w="35" /><ent r="3" t="48" w="781" /><ent r="3" t="48" w="781" /><ent r="3" t="52" w="167" /><ent r="3" t="52" w="167" /><ent r="3" t="53" w="221" /><ent r="3" t="53" w="221" /><ent r="3" t="53" w="333" /><ent r="3" t="53" w="333" /></phr><phr n="Define"><ent r="8" t="51" w="474" /><ent r="8" t="51" w="474" /></phr><phr n="defines"><ent r="7" t="63" w="235" /><ent r="7" t="63" w="235" /></phr></stem><stem n="fine"><phr n="define"><ent r="4" t="1" w="309" /><ent r="6" t="18" w="1838" /><ent r="6" t="18" w="1838" /><ent r="3" t="18" w="2297" /><ent r="3" t="18" w="2297" /><ent r="6" t="20" w="398" /><ent r="6" t="20" w="398" /><ent r="3" t="20" w="751" /><ent r="3" t="20" w="751" /><ent r="6" t="21" w="597" /><ent r="6" t="21" w="597" /><ent r="3" t="21" w="952" /><ent r="3" t="21" w="952" /><ent r="6" t="22" w="650" /><ent r="6" t="22" w="650" /><ent r="3" t="22" w="1006" /><ent r="3" t="22" w="1006" /><ent r="3" t="23" w="42" /><ent r="3" t="23" w="42" /><ent r="3" t="23" w="69" /><ent r="3" t="23" w="69" /><ent r="6" t="27" w="1304" /><ent r="6" t="27" w="1304" /><ent r="3" t="41" w="54" /><ent r="3" t="41" w="54" /></phr><phr n="fine-grained"><ent r="4" t="1" w="314" /><ent r="4" t="1" w="314" /><ent r="3" t="3" w="163" /><ent r="3" t="3" w="163" /></phr><phr n="fine"><ent r="4" t="1" w="314" /><ent r="3" t="3" w="163" /></phr><phr n="defined"><ent r="3" t="24" w="807" /><ent r="3" t="24" w="807" /><ent r="3" t="27" w="48" /><ent r="3" t="27" w="48" /><ent r="3" t="29" w="189" /><ent r="3" t="29" w="189" /><ent r="4" t="38" w="148" /><ent r="4" t="38" w="148" /><ent r="3" t="42" w="35" /><ent r="3" t="42" w="35" /><ent r="3" t="48" w="781" /><ent r="3" t="48" w="781" /><ent r="3" t="52" w="167" /><ent r="3" t="52" w="167" /><ent r="3" t="53" w="221" /><ent r="3" t="53" w="221" /><ent r="3" t="53" w="333" /><ent r="3" t="53" w="333" /></phr><phr n="Define"><ent r="8" t="51" w="474" /><ent r="8" t="51" w="474" /></phr><phr n="defines"><ent r="7" t="63" w="235" /><ent r="7" t="63" w="235" /></phr></stem><stem n="efine"><phr n="define"><ent r="4" t="1" w="309" /><ent r="6" t="18" w="1838" /><ent r="6" t="18" w="1838" /><ent r="3" t="18" w="2297" /><ent r="3" t="18" w="2297" /><ent r="6" t="20" w="398" /><ent r="6" t="20" w="398" /><ent r="3" t="20" w="751" /><ent r="3" t="20" w="751" /><ent r="6" t="21" w="597" /><ent r="6" t="21" w="597" /><ent r="3" t="21" w="952" /><ent r="3" t="21" w="952" /><ent r="6" t="22" w="650" /><ent r="6" t="22" w="650" /><ent r="3" t="22" w="1006" /><ent r="3" t="22" w="1006" /><ent r="3" t="23" w="42" /><ent r="3" t="23" w="42" /><ent r="3" t="23" w="69" /><ent r="3" t="23" w="69" /><ent r="6" t="27" w="1304" /><ent r="6" t="27" w="1304" /><ent r="3" t="41" w="54" /><ent r="3" t="41" w="54" /></phr><phr n="defined"><ent r="3" t="24" w="807" /><ent r="3" t="24" w="807" /><ent r="3" t="27" w="48" /><ent r="3" t="27" w="48" /><ent r="3" t="29" w="189" /><ent r="3" t="29" w="189" /><ent r="4" t="38" w="148" /><ent r="4" t="38" w="148" /><ent r="3" t="42" w="35" /><ent r="3" t="42" w="35" /><ent r="3" t="48" w="781" /><ent r="3" t="48" w="781" /><ent r="3" t="52" w="167" /><ent r="3" t="52" w="167" /><ent r="3" t="53" w="221" /><ent r="3" t="53" w="221" /><ent r="3" t="53" w="333" /><ent r="3" t="53" w="333" /></phr><phr n="Define"><ent r="8" t="51" w="474" /><ent r="8" t="51" w="474" /></phr><phr n="defines"><ent r="7" t="63" w="235" /><ent r="7" t="63" w="235" /></phr></stem><stem n="define"><phr n="define"><ent r="4" t="1" w="309" /><ent r="6" t="18" w="1838" /><ent r="6" t="18" w="1838" /><ent r="3" t="18" w="2297" /><ent r="3" t="18" w="2297" /><ent r="6" t="20" w="398" /><ent r="6" t="20" w="398" /><ent r="3" t="20" w="751" /><ent r="3" t="20" w="751" /><ent r="6" t="21" w="597" /><ent r="6" t="21" w="597" /><ent r="3" t="21" w="952" /><ent r="3" t="21" w="952" /><ent r="6" t="22" w="650" /><ent r="6" t="22" w="650" /><ent r="3" t="22" w="1006" /><ent r="3" t="22" w="1006" /><ent r="3" t="23" w="42" /><ent r="3" t="23" w="42" /><ent r="3" t="23" w="69" /><ent r="3" t="23" w="69" /><ent r="6" t="27" w="1304" /><ent r="6" t="27" w="1304" /><ent r="3" t="41" w="54" /><ent r="3" t="41" w="54" /></phr><phr n="defined"><ent r="3" t="24" w="807" /><ent r="3" t="24" w="807" /><ent r="3" t="27" w="48" /><ent r="3" t="27" w="48" /><ent r="3" t="29" w="189" /><ent r="3" t="29" w="189" /><ent r="4" t="38" w="148" /><ent r="4" t="38" w="148" /><ent r="3" t="42" w="35" /><ent r="3" t="42" w="35" /><ent r="3" t="48" w="781" /><ent r="3" t="48" w="781" /><ent r="3" t="52" w="167" /><ent r="3" t="52" w="167" /><ent r="3" t="53" w="221" /><ent r="3" t="53" w="221" /><ent r="3" t="53" w="333" /><ent r="3" t="53" w="333" /></phr><phr n="Define"><ent r="8" t="51" w="474" /><ent r="8" t="51" w="474" /></phr><phr n="defines"><ent r="7" t="63" w="235" /><ent r="7" t="63" w="235" /></phr></stem><stem n="provis"><phr n="provision"><ent r="4" t="1" w="310" /></phr></stem><stem n="isio"><phr n="provision"><ent r="4" t="1" w="310" /></phr><phr n="divisions"><ent r="3" t="3" w="230" /><ent r="3" t="3" w="230" /></phr><phr n="Decision"><ent r="6" t="25" w="175" /><ent r="6" t="25" w="175" /><ent r="5" t="25" w="205" /><ent r="5" t="25" w="205" /><ent r="6" t="25" w="532" /><ent r="6" t="25" w="532" /><ent r="5" t="25" w="563" /><ent r="5" t="25" w="563" /></phr></stem><stem n="ovis"><phr n="provision"><ent r="4" t="1" w="310" /></phr></stem><stem n="visi"><phr n="provision"><ent r="4" t="1" w="310" /></phr><phr n="divisions"><ent r="3" t="3" w="230" /><ent r="3" t="3" w="230" /></phr><phr n="visible"><ent r="6" t="12" w="395" /><ent r="6" t="12" w="395" /><ent r="6" t="27" w="452" /><ent r="6" t="27" w="452" /><ent r="3" t="28" w="202" /><ent r="3" t="28" w="202" /><ent r="3" t="42" w="2151" /><ent r="3" t="42" w="2151" /><ent r="3" t="45" w="189" /><ent r="3" t="45" w="189" /><ent r="6" t="46" w="148" /><ent r="6" t="46" w="148" /><ent r="4" t="64" w="204" /><ent r="4" t="64" w="204" /><ent r="4" t="65" w="282" /><ent r="4" t="65" w="282" /></phr></stem><stem n="rovis"><phr n="provision"><ent r="4" t="1" w="310" /></phr></stem><stem n="ovisi"><phr n="provision"><ent r="4" t="1" w="310" /></phr></stem><stem n="visio"><phr n="provision"><ent r="4" t="1" w="310" /></phr><phr n="divisions"><ent r="3" t="3" w="230" /><ent r="3" t="3" w="230" /></phr></stem><stem n="ision"><phr n="provision"><ent r="4" t="1" w="310" /></phr><phr n="divisions"><ent r="3" t="3" w="230" /><ent r="3" t="3" w="230" /></phr><phr n="Decision"><ent r="6" t="25" w="175" /><ent r="6" t="25" w="175" /><ent r="5" t="25" w="205" /><ent r="5" t="25" w="205" /><ent r="6" t="25" w="532" /><ent r="6" t="25" w="532" /><ent r="5" t="25" w="563" /><ent r="5" t="25" w="563" /></phr></stem><stem n="rovisi"><phr n="provision"><ent r="4" t="1" w="310" /></phr></stem><stem n="ovisio"><phr n="provision"><ent r="4" t="1" w="310" /></phr></stem><stem n="vision"><phr n="provision"><ent r="4" t="1" w="310" /></phr><phr n="divisions"><ent r="3" t="3" w="230" /><ent r="3" t="3" w="230" /></phr></stem><stem n="provisi"><phr n="provision"><ent r="4" t="1" w="310" /></phr></stem><stem n="rovisio"><phr n="provision"><ent r="4" t="1" w="310" /></phr></stem><stem n="ovision"><phr n="provision"><ent r="4" t="1" w="310" /></phr></stem><stem n="provisio"><phr n="provision"><ent r="4" t="1" w="310" /></phr></stem><stem n="rovision"><phr n="provision"><ent r="4" t="1" w="310" /></phr></stem><stem n="provision"><phr n="provision"><ent r="4" t="1" w="310" /></phr></stem><stem n="verifi"><phr n="verify"><ent r="4" t="1" w="311" /><ent r="6" t="4" w="230" /><ent r="6" t="4" w="230" /><ent r="4" t="13" w="226" /><ent r="4" t="13" w="226" /><ent r="8" t="18" w="1136" /><ent r="8" t="18" w="1136" /><ent r="7" t="18" w="1265" /><ent r="7" t="18" w="1265" /><ent r="4" t="21" w="417" /><ent r="4" t="21" w="417" /><ent r="4" t="22" w="436" /><ent r="4" t="22" w="436" /><ent r="8" t="27" w="893" /><ent r="8" t="27" w="893" /><ent r="7" t="27" w="1022" /><ent r="7" t="27" w="1022" /><ent r="4" t="29" w="1040" /><ent r="4" t="29" w="1040" /><ent r="3" t="32" w="336" /><ent r="3" t="32" w="336" /><ent r="3" t="42" w="563" /><ent r="3" t="42" w="563" /><ent r="3" t="42" w="811" /><ent r="3" t="42" w="811" /></phr><phr n="Verify"><ent r="5" t="13" w="230" /><ent r="5" t="13" w="230" /><ent r="3" t="18" w="163" /><ent r="3" t="18" w="163" /><ent r="10" t="18" w="1479" /><ent r="10" t="18" w="1479" /><ent r="3" t="20" w="215" /><ent r="3" t="20" w="215" /><ent r="3" t="21" w="234" /><ent r="3" t="21" w="234" /><ent r="3" t="22" w="205" /><ent r="3" t="22" w="205" /></phr><phr n="verified"><ent r="3" t="42" w="718" /><ent r="3" t="42" w="718" /><ent r="4" t="42" w="780" /><ent r="4" t="42" w="780" /></phr><phr n="verification"><ent r="8" t="55" w="980" /><ent r="8" t="55" w="980" /><ent r="7" t="68" w="330" /><ent r="7" t="68" w="330" /></phr><phr n="Verifies"><ent r="7" t="68" w="258" /><ent r="7" t="68" w="258" /><ent r="7" t="68" w="318" /><ent r="7" t="68" w="318" /></phr></stem><stem n="veri"><phr n="verify"><ent r="4" t="1" w="311" /><ent r="6" t="4" w="230" /><ent r="6" t="4" w="230" /><ent r="4" t="13" w="226" /><ent r="4" t="13" w="226" /><ent r="8" t="18" w="1136" /><ent r="8" t="18" w="1136" /><ent r="7" t="18" w="1265" /><ent r="7" t="18" w="1265" /><ent r="4" t="21" w="417" /><ent r="4" t="21" w="417" /><ent r="4" t="22" w="436" /><ent r="4" t="22" w="436" /><ent r="8" t="27" w="893" /><ent r="8" t="27" w="893" /><ent r="7" t="27" w="1022" /><ent r="7" t="27" w="1022" /><ent r="4" t="29" w="1040" /><ent r="4" t="29" w="1040" /><ent r="3" t="32" w="336" /><ent r="3" t="32" w="336" /><ent r="3" t="42" w="563" /><ent r="3" t="42" w="563" /><ent r="3" t="42" w="811" /><ent r="3" t="42" w="811" /></phr><phr n="Verify"><ent r="5" t="13" w="230" /><ent r="5" t="13" w="230" /><ent r="3" t="18" w="163" /><ent r="3" t="18" w="163" /><ent r="10" t="18" w="1479" /><ent r="10" t="18" w="1479" /><ent r="3" t="20" w="215" /><ent r="3" t="20" w="215" /><ent r="3" t="21" w="234" /><ent r="3" t="21" w="234" /><ent r="3" t="22" w="205" /><ent r="3" t="22" w="205" /></phr><phr n="discovering"><ent r="100" t="42" w="287" /><ent r="100" t="42" w="287" /><ent r="100" t="42" w="1203" /><ent r="100" t="42" w="1203" /></phr><phr n="verified"><ent r="3" t="42" w="718" /><ent r="3" t="42" w="718" /><ent r="4" t="42" w="780" /><ent r="4" t="42" w="780" /></phr><phr n="verification"><ent r="8" t="55" w="980" /><ent r="8" t="55" w="980" /><ent r="7" t="68" w="330" /><ent r="7" t="68" w="330" /></phr><phr n="severity"><ent r="7" t="63" w="671" /><ent r="7" t="63" w="671" /><ent r="100" t="65" w="11" /><ent r="100" t="65" w="11" /><ent r="100" t="65" w="15" /><ent r="100" t="65" w="15" /><ent r="3" t="65" w="34" /><ent r="3" t="65" w="34" /><ent r="3" t="65" w="244" /><ent r="3" t="65" w="244" /></phr><phr n="Severity"><ent r="68" t="63" w="683" /><ent r="68" t="63" w="683" /><ent r="1000" t="65" w="5" /><ent r="1000" t="65" w="5" /><ent r="100" t="65" w="18" /><ent r="100" t="65" w="18" /><ent r="102" t="65" w="26" /><ent r="102" t="65" w="26" /></phr><phr n="verifyXml"><ent r="8" t="68" w="256" /><ent r="8" t="68" w="256" /><ent r="4" t="68" w="433" /><ent r="4" t="68" w="433" /><ent r="4" t="68" w="442" /><ent r="4" t="68" w="442" /></phr><phr n="Verifies"><ent r="7" t="68" w="258" /><ent r="7" t="68" w="258" /><ent r="7" t="68" w="318" /><ent r="7" t="68" w="318" /></phr><phr n="verifyClientCert"><ent r="8" t="68" w="316" /><ent r="8" t="68" w="316" /><ent r="4" t="68" w="563" /><ent r="4" t="68" w="563" /></phr><phr n="verifyCrl"><ent r="4" t="68" w="572" /><ent r="4" t="68" w="572" /></phr></stem></index>