<?xml version="1.0" encoding="utf-8"?><index><stem n="applic"><phr n="applications"><ent r="4" t="0" w="94" /><ent r="3" t="1" w="43" /><ent r="3" t="1" w="49" /><ent r="3" t="1" w="162" /><ent r="3" t="3" w="49" /><ent r="3" t="3" w="72" /><ent r="3" t="3" w="188" /><ent r="3" t="5" w="124" /><ent r="3" t="9" w="368" /><ent r="3" t="28" w="43" /><ent r="3" t="37" w="69" /><ent r="3" t="38" w="276" /><ent r="100" t="40" w="9" /><ent r="100" t="40" w="12" /><ent r="100" t="40" w="17" /><ent r="100" t="40" w="166" /><ent r="100" t="40" w="273" /><ent r="100" t="40" w="562" /><ent r="3" t="40" w="1055" /><ent r="3" t="41" w="205" /><ent r="3" t="48" w="41" /><ent r="3" t="48" w="153" /></phr><phr n="applicable"><ent r="3" t="1" w="112" /><ent r="4" t="29" w="71" /><ent r="4" t="29" w="115" /><ent r="3" t="29" w="200" /><ent r="3" t="29" w="808" /><ent r="3" t="35" w="145" /><ent r="4" t="38" w="73" /><ent r="4" t="54" w="198" /><ent r="7" t="55" w="525" /></phr><phr n="application"><ent r="4" t="1" w="186" /><ent r="4" t="1" w="418" /><ent r="4" t="5" w="217" /><ent r="4" t="5" w="266" /><ent r="4" t="5" w="305" /><ent r="3" t="7" w="246" /><ent r="6" t="18" w="786" /><ent r="6" t="18" w="921" /><ent r="6" t="27" w="531" /><ent r="6" t="27" w="679" /><ent r="3" t="28" w="82" /><ent r="3" t="28" w="133" /><ent r="7" t="29" w="357" /><ent r="4" t="29" w="1282" /><ent r="5" t="32" w="419" /><ent r="3" t="32" w="462" /><ent r="9" t="33" w="314" /><ent r="9" t="33" w="373" /><ent r="3" t="37" w="37" /><ent r="3" t="37" w="135" /><ent r="3" t="37" w="243" /><ent r="3" t="37" w="510" /><ent r="3" t="37" w="610" /><ent r="3" t="38" w="45" /><ent r="4" t="38" w="134" /><ent r="4" t="38" w="213" /><ent r="3" t="38" w="244" /><ent r="3" t="40" w="41" /><ent r="3" t="40" w="49" /><ent r="3" t="40" w="66" /><ent r="3" t="40" w="100" /><ent r="3" t="40" w="175" /><ent r="3" t="40" w="285" /><ent r="3" t="40" w="326" /><ent r="3" t="40" w="584" /><ent r="3" t="40" w="680" /><ent r="4" t="40" w="925" /><ent r="100" t="40" w="1035" /><ent r="3" t="42" w="145" /><ent r="3" t="42" w="329" /><ent r="3" t="42" w="339" /><ent r="4" t="42" w="1714" /><ent r="4" t="44" w="106" /><ent r="6" t="45" w="354" /><ent r="6" t="45" w="366" /><ent r="3" t="47" w="43" /><ent r="3" t="47" w="64" /><ent r="3" t="47" w="88" /><ent r="4" t="47" w="155" /><ent r="4" t="47" w="213" /><ent r="3" t="47" w="249" /><ent r="3" t="47" w="318" /><ent r="3" t="48" w="92" /><ent r="100" t="48" w="237" /><ent r="8" t="59" w="226" /></phr><phr n="Applications"><ent r="65" t="5" w="256" /><ent r="5" t="8" w="316" /><ent r="5" t="8" w="404" /><ent r="64" t="28" w="186" /><ent r="64" t="37" w="74" /><ent r="64" t="38" w="262" /><ent r="1000" t="40" w="3" /><ent r="100" t="40" w="21" /><ent r="102" t="40" w="25" /><ent r="64" t="40" w="710" /><ent r="82" t="40" w="1045" /></phr><phr n="Application"><ent r="92" t="48" w="245" /></phr></stem><stem n="messag"><phr n="Message"><ent r="65" t="0" w="98" /><ent r="65" t="5" w="334" /><ent r="64" t="28" w="165" /><ent r="3" t="29" w="30" /><ent r="125" t="32" w="473" /><ent r="65" t="32" w="594" /><ent r="64" t="33" w="164" /><ent r="1000" t="37" w="2" /><ent r="100" t="37" w="8" /><ent r="100" t="37" w="11" /><ent r="102" t="37" w="19" /><ent r="64" t="37" w="101" /><ent r="64" t="37" w="106" /><ent r="92" t="37" w="116" /><ent r="82" t="37" w="183" /><ent r="82" t="37" w="246" /><ent r="82" t="37" w="383" /><ent r="92" t="37" w="459" /><ent r="64" t="37" w="581" /><ent r="1000" t="38" w="2" /><ent r="100" t="38" w="12" /><ent r="100" t="38" w="15" /><ent r="102" t="38" w="19" /><ent r="64" t="38" w="224" /><ent r="1000" t="39" w="1" /><ent r="100" t="39" w="4" /><ent r="102" t="39" w="18" /><ent r="82" t="39" w="108" /><ent r="3" t="39" w="111" /><ent r="64" t="40" w="162" /><ent r="92" t="40" w="566" /><ent r="64" t="40" w="1003" /><ent r="64" t="42" w="157" /><ent r="7" t="43" w="344" /><ent r="100" t="44" w="55" /><ent r="65" t="44" w="80" /><ent r="1000" t="45" w="2" /><ent r="100" t="45" w="10" /><ent r="102" t="45" w="17" /><ent r="100" t="45" w="223" /><ent r="5" t="45" w="248" /><ent r="4" t="45" w="253" /><ent r="5" t="45" w="285" /><ent r="5" t="45" w="505" /><ent r="92" t="47" w="365" /><ent r="9" t="55" w="855" /><ent r="9" t="55" w="874" /><ent r="9" t="55" w="1288" /><ent r="9" t="55" w="1307" /><ent r="68" t="62" w="102" /><ent r="68" t="62" w="129" /><ent r="1000" t="63" w="4" /><ent r="100" t="63" w="7" /><ent r="102" t="63" w="26" /></phr><phr n="message"><ent r="4" t="0" w="105" /><ent r="3" t="3" w="91" /><ent r="3" t="3" w="116" /><ent r="4" t="5" w="300" /><ent r="4" t="13" w="179" /><ent r="4" t="16" w="339" /><ent r="9" t="18" w="1492" /><ent r="4" t="21" w="406" /><ent r="4" t="22" w="433" /><ent r="3" t="24" w="67" /><ent r="3" t="24" w="85" /><ent r="3" t="28" w="78" /><ent r="3" t="28" w="86" /><ent r="3" t="28" w="101" /><ent r="3" t="28" w="128" /><ent r="3" t="28" w="160" /><ent r="4" t="29" w="120" /><ent r="3" t="29" w="161" /><ent r="7" t="29" w="325" /><ent r="7" t="29" w="341" /><ent r="7" t="29" w="381" /><ent r="3" t="29" w="650" /><ent r="3" t="29" w="813" /><ent r="3" t="29" w="854" /><ent r="4" t="29" w="1047" /><ent r="4" t="29" w="1076" /><ent r="4" t="29" w="1087" /><ent r="4" t="29" w="1183" /><ent r="4" t="29" w="1188" /><ent r="4" t="29" w="1202" /><ent r="4" t="29" w="1220" /><ent r="4" t="29" w="1256" /><ent r="4" t="29" w="1270" /><ent r="4" t="29" w="1275" /><ent r="3" t="32" w="46" /><ent r="3" t="32" w="163" /><ent r="3" t="32" w="183" /><ent r="3" t="32" w="217" /><ent r="3" t="32" w="230" /><ent r="3" t="32" w="273" /><ent r="3" t="32" w="319" /><ent r="4" t="32" w="536" /><ent r="4" t="32" w="547" /><ent r="4" t="32" w="614" /><ent r="5" t="32" w="648" /><ent r="5" t="32" w="674" /><ent r="3" t="33" w="134" /><ent r="3" t="35" w="150" /><ent r="3" t="35" w="303" /><ent r="100" t="37" w="15" /><ent r="100" t="37" w="112" /><ent r="3" t="37" w="131" /><ent r="3" t="37" w="139" /><ent r="3" t="37" w="155" /><ent r="3" t="37" w="193" /><ent r="3" t="37" w="207" /><ent r="3" t="37" w="220" /><ent r="3" t="37" w="234" /><ent r="3" t="37" w="258" /><ent r="3" t="37" w="274" /><ent r="3" t="37" w="313" /><ent r="3" t="37" w="396" /><ent r="3" t="37" w="427" /><ent r="3" t="37" w="467" /><ent r="3" t="37" w="480" /><ent r="3" t="37" w="506" /><ent r="3" t="37" w="606" /><ent r="3" t="37" w="618" /><ent r="100" t="38" w="8" /><ent r="4" t="38" w="130" /><ent r="4" t="38" w="138" /><ent r="4" t="38" w="176" /><ent r="4" t="38" w="184" /><ent r="4" t="38" w="209" /><ent r="3" t="38" w="235" /><ent r="3" t="39" w="47" /><ent r="3" t="39" w="61" /><ent r="3" t="39" w="80" /><ent r="3" t="39" w="83" /><ent r="100" t="40" w="563" /><ent r="3" t="40" w="594" /><ent r="3" t="40" w="665" /><ent r="3" t="40" w="672" /><ent r="3" t="40" w="744" /><ent r="4" t="40" w="774" /><ent r="4" t="40" w="818" /><ent r="3" t="40" w="845" /><ent r="3" t="40" w="853" /><ent r="3" t="40" w="862" /><ent r="4" t="40" w="885" /><ent r="4" t="40" w="903" /><ent r="4" t="40" w="946" /><ent r="3" t="40" w="962" /><ent r="3" t="40" w="984" /><ent r="3" t="40" w="998" /><ent r="3" t="40" w="1014" /><ent r="3" t="40" w="1060" /><ent r="3" t="40" w="1091" /><ent r="3" t="40" w="1131" /><ent r="3" t="40" w="1156" /><ent r="3" t="42" w="71" /><ent r="3" t="42" w="140" /><ent r="3" t="42" w="722" /><ent r="3" t="42" w="736" /><ent r="7" t="43" w="182" /><ent r="7" t="43" w="193" /><ent r="7" t="43" w="390" /><ent r="7" t="43" w="403" /><ent r="100" t="44" w="24" /><ent r="4" t="44" w="63" /><ent r="100" t="45" w="6" /><ent r="100" t="45" w="14" /><ent r="3" t="45" w="30" /><ent r="3" t="45" w="56" /><ent r="4" t="45" w="64" /><ent r="4" t="45" w="110" /><ent r="4" t="45" w="154" /><ent r="3" t="45" w="166" /><ent r="3" t="45" w="216" /><ent r="100" t="45" w="220" /><ent r="100" t="45" w="244" /><ent r="3" t="45" w="269" /><ent r="6" t="45" w="395" /><ent r="6" t="45" w="458" /><ent r="6" t="45" w="469" /><ent r="6" t="45" w="480" /><ent r="3" t="47" w="294" /><ent r="3" t="47" w="520" /><ent r="9" t="55" w="806" /><ent r="8" t="55" w="868" /><ent r="9" t="55" w="1077" /><ent r="9" t="55" w="1116" /><ent r="9" t="55" w="1187" /><ent r="9" t="55" w="1203" /><ent r="9" t="55" w="1248" /><ent r="3" t="56" w="168" /><ent r="3" t="60" w="264" /><ent r="4" t="60" w="301" /><ent r="7" t="62" w="89" /><ent r="7" t="62" w="116" /><ent r="100" t="63" w="13" /><ent r="100" t="63" w="20" /></phr><phr n="messages"><ent r="3" t="3" w="148" /><ent r="4" t="5" w="221" /><ent r="4" t="5" w="243" /><ent r="4" t="5" w="316" /><ent r="6" t="18" w="1817" /><ent r="6" t="18" w="2059" /><ent r="6" t="18" w="2089" /><ent r="4" t="18" w="2361" /><ent r="6" t="20" w="376" /><ent r="4" t="20" w="814" /><ent r="6" t="21" w="576" /><ent r="4" t="21" w="1016" /><ent r="6" t="22" w="629" /><ent r="4" t="22" w="1071" /><ent r="6" t="27" w="1287" /><ent r="3" t="28" w="64" /><ent r="3" t="28" w="173" /><ent r="7" t="29" w="358" /><ent r="8" t="29" w="516" /><ent r="8" t="29" w="535" /><ent r="4" t="29" w="1294" /><ent r="3" t="32" w="466" /><ent r="3" t="37" w="33" /><ent r="3" t="37" w="66" /><ent r="3" t="38" w="249" /><ent r="3" t="39" w="32" /><ent r="3" t="39" w="40" /><ent r="3" t="39" w="53" /><ent r="3" t="40" w="580" /><ent r="3" t="40" w="686" /><ent r="100" t="40" w="1039" /><ent r="3" t="40" w="1063" /><ent r="3" t="42" w="95" /><ent r="4" t="44" w="102" /><ent r="6" t="45" w="303" /><ent r="6" t="45" w="329" /><ent r="6" t="45" w="356" /><ent r="6" t="45" w="368" /><ent r="6" t="45" w="370" /><ent r="3" t="46" w="102" /><ent r="3" t="48" w="699" /><ent r="3" t="48" w="714" /><ent r="3" t="55" w="202" /><ent r="7" t="55" w="1334" /><ent r="4" t="55" w="1732" /><ent r="3" t="63" w="34" /></phr><phr n="Messages"><ent r="6" t="18" w="2102" /><ent r="7" t="18" w="2121" /><ent r="4" t="39" w="132" /><ent r="4" t="45" w="119" /><ent r="6" t="45" w="474" /><ent r="3" t="55" w="161" /><ent r="4" t="55" w="176" /><ent r="3" t="55" w="189" /><ent r="4" t="55" w="1737" /></phr></stem><stem n="rout"><phr n="Routing"><ent r="65" t="0" w="99" /><ent r="65" t="5" w="335" /><ent r="64" t="28" w="166" /><ent r="125" t="32" w="474" /><ent r="65" t="32" w="595" /><ent r="64" t="33" w="165" /><ent r="1000" t="37" w="3" /><ent r="100" t="37" w="5" /><ent r="100" t="37" w="9" /><ent r="102" t="37" w="20" /><ent r="64" t="37" w="102" /><ent r="64" t="37" w="107" /><ent r="92" t="37" w="117" /><ent r="92" t="37" w="460" /><ent r="1000" t="38" w="3" /><ent r="100" t="38" w="5" /><ent r="100" t="38" w="13" /><ent r="102" t="38" w="20" /><ent r="64" t="38" w="225" /><ent r="64" t="40" w="1004" /><ent r="64" t="42" w="158" /></phr><phr n="route"><ent r="4" t="5" w="282" /><ent r="4" t="5" w="296" /><ent r="6" t="18" w="1603" /><ent r="6" t="18" w="1815" /><ent r="6" t="21" w="574" /><ent r="6" t="22" w="627" /><ent r="6" t="27" w="1123" /><ent r="6" t="27" w="1285" /><ent r="3" t="28" w="62" /></phr><phr n="routing"><ent r="4" t="5" w="313" /><ent r="6" t="20" w="374" /><ent r="3" t="28" w="99" /><ent r="3" t="28" w="161" /><ent r="100" t="37" w="12" /><ent r="100" t="37" w="16" /><ent r="100" t="37" w="113" /><ent r="3" t="37" w="238" /><ent r="3" t="37" w="325" /><ent r="100" t="38" w="9" /><ent r="100" t="38" w="16" /><ent r="4" t="38" w="155" /><ent r="3" t="38" w="236" /><ent r="3" t="40" w="999" /><ent r="3" t="65" w="80" /></phr><phr n="routed"><ent r="3" t="9" w="201" /><ent r="3" t="32" w="232" /><ent r="3" t="42" w="77" /></phr><phr n="routes"><ent r="3" t="28" w="124" /><ent r="4" t="32" w="582" /><ent r="5" t="32" w="645" /><ent r="3" t="37" w="29" /><ent r="3" t="37" w="151" /></phr><phr n="Route"><ent r="4" t="65" w="87" /></phr></stem><stem n="activ"><phr n="activity"><ent r="4" t="0" w="106" /><ent r="3" t="45" w="217" /><ent r="100" t="45" w="221" /><ent r="100" t="45" w="224" /><ent r="3" t="63" w="170" /><ent r="3" t="67" w="235" /><ent r="3" t="67" w="424" /><ent r="4" t="67" w="729" /><ent r="4" t="67" w="848" /><ent r="4" t="67" w="941" /><ent r="4" t="67" w="952" /></phr><phr n="Active"><ent r="3" t="16" w="206" /><ent r="5" t="49" w="343" /></phr><phr n="activities"><ent r="3" t="42" w="848" /></phr><phr n="active"><ent r="3" t="47" w="382" /></phr></stem><stem n="log"><phr n="Log"><ent r="4" t="0" w="115" /><ent r="3" t="6" w="84" /><ent r="4" t="13" w="188" /><ent r="100" t="44" w="84" /><ent r="4" t="44" w="95" /><ent r="65" t="44" w="119" /><ent r="1000" t="46" w="3" /><ent r="100" t="46" w="10" /><ent r="100" t="46" w="15" /><ent r="102" t="46" w="20" /><ent r="82" t="46" w="217" /><ent r="100" t="63" w="16" /></phr><phr n="log"><ent r="3" t="13" w="52" /><ent r="3" t="40" w="456" /><ent r="3" t="40" w="496" /><ent r="100" t="44" w="91" /><ent r="100" t="46" w="7" /><ent r="3" t="46" w="61" /><ent r="4" t="46" w="89" /><ent r="4" t="46" w="94" /><ent r="3" t="46" w="210" /><ent r="3" t="46" w="227" /><ent r="4" t="46" w="246" /><ent r="4" t="46" w="265" /><ent r="4" t="46" w="270" /><ent r="4" t="46" w="289" /><ent r="3" t="46" w="294" /><ent r="3" t="63" w="30" /><ent r="3" t="63" w="115" /><ent r="3" t="63" w="161" /><ent r="4" t="63" w="178" /><ent r="4" t="64" w="255" /></phr><phr n="logged"><ent r="4" t="16" w="170" /><ent r="7" t="18" w="1029" /><ent r="7" t="18" w="1075" /><ent r="7" t="27" w="790" /><ent r="7" t="27" w="836" /><ent r="3" t="37" w="576" /><ent r="3" t="46" w="223" /><ent r="3" t="64" w="245" /></phr><phr n="Logging"><ent r="4" t="45" w="258" /><ent r="68" t="62" w="103" /><ent r="68" t="62" w="130" /><ent r="68" t="62" w="681" /><ent r="1000" t="63" w="5" /><ent r="102" t="63" w="27" /><ent r="1000" t="64" w="3" /><ent r="102" t="64" w="24" /></phr><phr n="logging"><ent r="4" t="46" w="39" /><ent r="3" t="46" w="260" /><ent r="3" t="46" w="285" /><ent r="8" t="62" w="661" /><ent r="8" t="62" w="664" /><ent r="7" t="62" w="669" /><ent r="100" t="63" w="8" /><ent r="100" t="63" w="14" /><ent r="100" t="63" w="21" /><ent r="3" t="64" w="32" /><ent r="5" t="64" w="81" /><ent r="5" t="64" w="84" /><ent r="5" t="64" w="107" /><ent r="5" t="64" w="150" /><ent r="3" t="64" w="159" /><ent r="3" t="64" w="177" /><ent r="3" t="64" w="181" /><ent r="4" t="64" w="189" /><ent r="4" t="64" w="196" /><ent r="4" t="64" w="203" /><ent r="4" t="64" w="208" /><ent r="4" t="64" w="213" /><ent r="4" t="64" w="220" /><ent r="4" t="64" w="225" /></phr><phr n="logs"><ent r="3" t="46" w="241" /></phr><phr n="Logs"><ent r="7" t="62" w="86" /><ent r="7" t="62" w="113" /></phr></stem><stem n="file"><phr n="files"><ent r="4" t="0" w="116" /><ent r="3" t="2" w="199" /><ent r="100" t="44" w="85" /><ent r="100" t="44" w="92" /><ent r="4" t="44" w="96" /><ent r="100" t="46" w="8" /><ent r="100" t="46" w="11" /><ent r="3" t="46" w="62" /><ent r="3" t="46" w="96" /><ent r="3" t="46" w="112" /><ent r="3" t="46" w="211" /><ent r="3" t="46" w="228" /><ent r="100" t="63" w="17" /><ent r="4" t="63" w="43" /><ent r="5" t="63" w="66" /><ent r="4" t="64" w="41" /><ent r="5" t="64" w="64" /><ent r="4" t="64" w="232" /><ent r="4" t="65" w="112" /><ent r="5" t="65" w="135" /><ent r="4" t="66" w="125" /><ent r="4" t="66" w="148" /></phr><phr n="file"><ent r="3" t="2" w="220" /><ent r="3" t="6" w="103" /><ent r="3" t="7" w="456" /><ent r="3" t="7" w="473" /><ent r="4" t="12" w="333" /><ent r="4" t="12" w="350" /><ent r="4" t="12" w="370" /><ent r="3" t="18" w="177" /><ent r="6" t="18" w="719" /><ent r="6" t="18" w="745" /><ent r="7" t="18" w="1197" /><ent r="8" t="18" w="1416" /><ent r="9" t="18" w="1434" /><ent r="3" t="20" w="229" /><ent r="3" t="21" w="248" /><ent r="3" t="22" w="219" /><ent r="6" t="27" w="448" /><ent r="6" t="27" w="490" /><ent r="7" t="27" w="958" /><ent r="7" t="27" w="1067" /><ent r="4" t="27" w="1615" /><ent r="4" t="27" w="1629" /><ent r="4" t="29" w="89" /><ent r="3" t="35" w="287" /><ent r="3" t="35" w="294" /><ent r="3" t="36" w="40" /><ent r="3" t="42" w="940" /><ent r="3" t="42" w="948" /><ent r="3" t="42" w="1824" /><ent r="3" t="42" w="1830" /><ent r="3" t="42" w="1875" /><ent r="3" t="42" w="1883" /><ent r="3" t="46" w="42" /><ent r="3" t="46" w="64" /><ent r="3" t="46" w="253" /><ent r="3" t="46" w="298" /><ent r="4" t="59" w="126" /><ent r="7" t="62" w="230" /><ent r="8" t="62" w="663" /><ent r="3" t="62" w="703" /><ent r="4" t="63" w="147" /><ent r="3" t="63" w="175" /><ent r="5" t="64" w="83" /><ent r="4" t="64" w="110" /><ent r="4" t="64" w="113" /><ent r="3" t="64" w="171" /><ent r="3" t="64" w="252" /><ent r="4" t="65" w="189" /><ent r="4" t="66" w="233" /><ent r="4" t="66" w="265" /><ent r="4" t="66" w="304" /><ent r="4" t="67" w="163" /><ent r="4" t="67" w="202" /></phr><phr n="File"><ent r="6" t="7" w="341" /><ent r="5" t="11" w="61" /><ent r="5" t="12" w="65" /><ent r="5" t="13" w="165" /><ent r="5" t="14" w="191" /><ent r="5" t="16" w="252" /><ent r="8" t="18" w="1180" /><ent r="9" t="18" w="1428" /><ent r="8" t="27" w="941" /><ent r="5" t="35" w="204" /><ent r="5" t="36" w="81" /><ent r="5" t="42" w="1061" /><ent r="5" t="42" w="2114" /><ent r="82" t="46" w="218" /></phr><phr n="Files"><ent r="65" t="44" w="120" /><ent r="1000" t="46" w="4" /><ent r="100" t="46" w="16" /><ent r="102" t="46" w="21" /><ent r="5" t="64" w="139" /></phr></stem><stem n="analyz"><phr n="Analyzing"><ent r="65" t="0" w="119" /><ent r="1000" t="44" w="1" /><ent r="100" t="44" w="16" /><ent r="102" t="44" w="27" /><ent r="4" t="44" w="143" /></phr><phr n="analyzes"><ent r="3" t="37" w="161" /></phr><phr n="analyze"><ent r="4" t="40" w="769" /><ent r="3" t="40" w="842" /><ent r="3" t="44" w="43" /></phr><phr n="analyzed"><ent r="3" t="40" w="864" /></phr></stem><stem n="perform"><phr n="Performance"><ent r="65" t="0" w="124" /><ent r="1000" t="44" w="6" /><ent r="100" t="44" w="8" /><ent r="100" t="44" w="21" /><ent r="102" t="44" w="32" /><ent r="4" t="44" w="147" /></phr><phr n="perform"><ent r="5" t="25" w="120" /><ent r="5" t="25" w="280" /><ent r="5" t="25" w="427" /><ent r="3" t="47" w="734" /></phr><phr n="performed"><ent r="4" t="29" w="125" /><ent r="3" t="29" w="818" /><ent r="3" t="35" w="155" /><ent r="4" t="50" w="106" /><ent r="6" t="51" w="407" /><ent r="7" t="67" w="331" /></phr><phr n="performs"><ent r="3" t="38" w="29" /><ent r="7" t="67" w="292" /><ent r="7" t="67" w="312" /></phr><phr n="performance"><ent r="3" t="39" w="43" /><ent r="100" t="44" w="14" /><ent r="3" t="44" w="45" /><ent r="3" t="44" w="128" /></phr><phr n="performing"><ent r="3" t="42" w="1925" /><ent r="3" t="51" w="847" /><ent r="4" t="51" w="922" /></phr></stem><stem n="ident"><phr n="identity"><ent r="4" t="0" w="130" /><ent r="3" t="1" w="53" /><ent r="3" t="1" w="314" /><ent r="3" t="3" w="24" /><ent r="3" t="3" w="219" /><ent r="3" t="3" w="250" /><ent r="3" t="3" w="295" /><ent r="3" t="3" w="361" /><ent r="3" t="5" w="33" /><ent r="3" t="5" w="67" /><ent r="4" t="9" w="267" /><ent r="4" t="9" w="286" /><ent r="4" t="9" w="294" /><ent r="3" t="9" w="343" /><ent r="3" t="13" w="364" /><ent r="3" t="13" w="376" /><ent r="3" t="17" w="37" /><ent r="3" t="17" w="151" /><ent r="3" t="17" w="166" /><ent r="3" t="17" w="183" /><ent r="3" t="17" w="197" /><ent r="3" t="17" w="241" /><ent r="3" t="19" w="47" /><ent r="3" t="19" w="83" /><ent r="64" t="19" w="102" /><ent r="3" t="19" w="235" /><ent r="100" t="24" w="7" /><ent r="3" t="24" w="47" /><ent r="3" t="24" w="92" /><ent r="4" t="24" w="411" /><ent r="4" t="25" w="869" /><ent r="3" t="42" w="673" /><ent r="100" t="47" w="14" /><ent r="3" t="47" w="253" /><ent r="3" t="47" w="379" /><ent r="3" t="47" w="735" /><ent r="100" t="48" w="10" /><ent r="100" t="48" w="15" /><ent r="100" t="48" w="20" /><ent r="100" t="48" w="27" /><ent r="3" t="48" w="104" /><ent r="3" t="48" w="117" /><ent r="3" t="48" w="122" /><ent r="3" t="48" w="140" /><ent r="3" t="48" w="168" /><ent r="3" t="48" w="172" /><ent r="3" t="48" w="175" /><ent r="3" t="48" w="195" /><ent r="3" t="48" w="203" /><ent r="3" t="48" w="264" /><ent r="3" t="48" w="267" /><ent r="3" t="48" w="305" /><ent r="3" t="48" w="329" /><ent r="3" t="48" w="381" /><ent r="3" t="48" w="500" /><ent r="3" t="48" w="524" /><ent r="3" t="48" w="625" /><ent r="3" t="48" w="637" /><ent r="3" t="49" w="33" /><ent r="3" t="49" w="82" /><ent r="4" t="49" w="119" /><ent r="100" t="49" w="162" /><ent r="100" t="49" w="167" /><ent r="4" t="49" w="183" /><ent r="4" t="49" w="285" /><ent r="5" t="49" w="318" /><ent r="5" t="49" w="333" /><ent r="4" t="49" w="362" /><ent r="64" t="50" w="80" /><ent r="6" t="50" w="139" /><ent r="64" t="51" w="104" /><ent r="6" t="51" w="171" /><ent r="7" t="51" w="561" /><ent r="3" t="52" w="33" /><ent r="64" t="52" w="78" /><ent r="3" t="52" w="114" /><ent r="100" t="53" w="12" /><ent r="100" t="53" w="17" /><ent r="100" t="53" w="22" /><ent r="100" t="53" w="27" /><ent r="100" t="53" w="31" /><ent r="3" t="53" w="54" /><ent r="64" t="53" w="99" /><ent r="3" t="53" w="216" /><ent r="64" t="54" w="58" /><ent r="3" t="55" w="47" /><ent r="3" t="55" w="341" /><ent r="5" t="55" w="405" /><ent r="69" t="55" w="1002" /><ent r="100" t="56" w="14" /><ent r="100" t="56" w="31" /><ent r="64" t="56" w="89" /><ent r="3" t="56" w="233" /><ent r="3" t="56" w="288" /><ent r="100" t="57" w="7" /><ent r="100" t="57" w="11" /><ent r="64" t="57" w="49" /><ent r="4" t="57" w="127" /><ent r="100" t="58" w="18" /><ent r="7" t="58" w="366" /><ent r="100" t="59" w="19" /><ent r="3" t="60" w="36" /><ent r="3" t="60" w="123" /><ent r="3" t="69" w="48" /></phr><phr n="Identity"><ent r="65" t="0" w="147" /><ent r="64" t="3" w="365" /><ent r="64" t="5" w="84" /><ent r="5" t="7" w="368" /><ent r="65" t="9" w="299" /><ent r="3" t="13" w="352" /><ent r="3" t="13" w="359" /><ent r="4" t="13" w="380" /><ent r="4" t="16" w="304" /><ent r="3" t="16" w="333" /><ent r="3" t="17" w="48" /><ent r="3" t="17" w="53" /><ent r="3" t="17" w="60" /><ent r="64" t="17" w="159" /><ent r="64" t="17" w="246" /><ent r="3" t="18" w="154" /><ent r="4" t="18" w="401" /><ent r="5" t="18" w="482" /><ent r="100" t="19" w="16" /><ent r="3" t="19" w="51" /><ent r="3" t="19" w="54" /><ent r="3" t="19" w="59" /><ent r="64" t="19" w="240" /><ent r="4" t="20" w="242" /><ent r="4" t="21" w="261" /><ent r="5" t="21" w="271" /><ent r="4" t="21" w="423" /><ent r="4" t="22" w="232" /><ent r="5" t="22" w="242" /><ent r="4" t="22" w="442" /><ent r="4" t="24" w="163" /><ent r="64" t="24" w="195" /><ent r="82" t="24" w="300" /><ent r="5" t="24" w="313" /><ent r="4" t="24" w="339" /><ent r="6" t="24" w="548" /><ent r="3" t="24" w="781" /><ent r="6" t="25" w="152" /><ent r="6" t="25" w="341" /><ent r="6" t="25" w="509" /><ent r="64" t="25" w="628" /><ent r="82" t="25" w="787" /><ent r="5" t="25" w="800" /><ent r="4" t="27" w="127" /><ent r="5" t="27" w="204" /><ent r="3" t="42" w="817" /><ent r="4" t="42" w="1080" /><ent r="4" t="42" w="2133" /><ent r="1000" t="47" w="4" /><ent r="100" t="47" w="10" /><ent r="100" t="47" w="17" /><ent r="102" t="47" w="25" /><ent r="3" t="47" w="30" /><ent r="3" t="47" w="68" /><ent r="3" t="47" w="332" /><ent r="4" t="47" w="394" /><ent r="4" t="47" w="408" /><ent r="4" t="47" w="422" /><ent r="4" t="47" w="479" /><ent r="4" t="47" w="535" /><ent r="4" t="47" w="566" /><ent r="92" t="47" w="723" /><ent r="4" t="47" w="744" /><ent r="1000" t="48" w="1" /><ent r="100" t="48" w="4" /><ent r="102" t="48" w="30" /><ent r="92" t="48" w="34" /><ent r="3" t="48" w="142" /><ent r="92" t="48" w="240" /><ent r="3" t="48" w="248" /><ent r="72" t="48" w="439" /><ent r="3" t="48" w="449" /><ent r="72" t="48" w="461" /><ent r="3" t="48" w="472" /><ent r="92" t="48" w="481" /><ent r="3" t="48" w="829" /><ent r="1000" t="49" w="1" /><ent r="100" t="49" w="5" /><ent r="102" t="49" w="11" /><ent r="4" t="49" w="125" /><ent r="4" t="49" w="218" /><ent r="4" t="49" w="241" /><ent r="5" t="49" w="328" /><ent r="4" t="49" w="479" /><ent r="5" t="50" w="114" /><ent r="67" t="50" w="144" /><ent r="6" t="50" w="188" /><ent r="6" t="50" w="309" /><ent r="7" t="50" w="320" /><ent r="8" t="50" w="338" /><ent r="7" t="50" w="429" /><ent r="7" t="50" w="461" /><ent r="67" t="50" w="551" /><ent r="6" t="50" w="572" /><ent r="100" t="51" w="14" /><ent r="5" t="51" w="144" /><ent r="67" t="51" w="176" /><ent r="6" t="51" w="265" /><ent r="7" t="51" w="271" /><ent r="8" t="51" w="290" /><ent r="8" t="51" w="590" /><ent r="6" t="51" w="636" /><ent r="6" t="51" w="641" /><ent r="67" t="51" w="650" /><ent r="67" t="51" w="656" /><ent r="3" t="51" w="825" /><ent r="4" t="51" w="869" /><ent r="4" t="51" w="882" /><ent r="5" t="51" w="912" /><ent r="5" t="51" w="1149" /><ent r="3" t="52" w="110" /><ent r="1000" t="53" w="2" /><ent r="100" t="53" w="7" /><ent r="102" t="53" w="35" /><ent r="3" t="53" w="107" /><ent r="3" t="53" w="162" /><ent r="3" t="53" w="167" /><ent r="64" t="53" w="313" /><ent r="3" t="53" w="372" /><ent r="3" t="53" w="382" /><ent r="3" t="53" w="400" /><ent r="4" t="53" w="406" /><ent r="3" t="53" w="412" /><ent r="3" t="53" w="416" /><ent r="3" t="53" w="421" /><ent r="1000" t="54" w="2" /><ent r="100" t="54" w="42" /><ent r="102" t="54" w="49" /><ent r="64" t="54" w="89" /><ent r="3" t="54" w="422" /><ent r="5" t="54" w="484" /><ent r="3" t="54" w="495" /><ent r="3" t="54" w="538" /><ent r="1000" t="55" w="5" /><ent r="102" t="55" w="26" /><ent r="7" t="55" w="1391" /><ent r="4" t="55" w="1461" /><ent r="6" t="55" w="1499" /><ent r="1000" t="56" w="5" /><ent r="100" t="56" w="17" /><ent r="100" t="56" w="22" /><ent r="100" t="56" w="38" /><ent r="102" t="56" w="45" /><ent r="64" t="56" w="214" /><ent r="65" t="57" w="98" /><ent r="65" t="57" w="145" /><ent r="1000" t="58" w="2" /><ent r="100" t="58" w="6" /><ent r="100" t="58" w="14" /><ent r="102" t="58" w="22" /><ent r="3" t="58" w="36" /><ent r="3" t="58" w="54" /><ent r="5" t="58" w="115" /><ent r="3" t="58" w="215" /><ent r="5" t="58" w="222" /><ent r="7" t="58" w="281" /><ent r="7" t="58" w="302" /><ent r="7" t="58" w="320" /><ent r="7" t="58" w="356" /><ent r="1000" t="59" w="3" /><ent r="100" t="59" w="12" /><ent r="102" t="59" w="24" /><ent r="3" t="59" w="41" /><ent r="3" t="59" w="58" /><ent r="3" t="59" w="147" /><ent r="5" t="59" w="155" /><ent r="3" t="60" w="168" /><ent r="3" t="60" w="203" /></phr><phr n="identities"><ent r="3" t="3" w="212" /><ent r="3" t="48" w="53" /><ent r="3" t="48" w="81" /><ent r="3" t="48" w="256" /><ent r="3" t="48" w="312" /><ent r="3" t="48" w="576" /><ent r="4" t="49" w="486" /><ent r="3" t="51" w="791" /><ent r="3" t="54" w="440" /><ent r="4" t="55" w="132" /><ent r="3" t="55" w="1630" /></phr><phr n="identical"><ent r="6" t="24" w="594" /></phr><phr n="Identities"><ent r="3" t="48" w="119" /></phr></stem></index>