<?xml version="1.0" encoding="utf-8"?><index><stem n=":privat"><phr n=":private"><ent r="100" t="12" w="95" /></phr></stem><stem n="privat"><phr n="private"><ent r="100" t="12" w="95" /><ent r="100" t="12" w="98" /><ent r="4" t="12" w="111" /><ent r="5" t="12" w="140" /><ent r="5" t="12" w="147" /><ent r="5" t="12" w="179" /><ent r="6" t="12" w="199" /><ent r="92" t="12" w="277" /><ent r="3" t="12" w="283" /><ent r="4" t="12" w="302" /><ent r="3" t="13" w="320" /><ent r="8" t="18" w="1386" /><ent r="9" t="18" w="1471" /><ent r="3" t="24" w="248" /><ent r="4" t="29" w="1061" /><ent r="3" t="42" w="1224" /><ent r="3" t="42" w="1292" /><ent r="3" t="42" w="1337" /><ent r="3" t="42" w="1511" /><ent r="3" t="42" w="1573" /><ent r="3" t="42" w="1784" /><ent r="3" t="42" w="1857" /><ent r="3" t="42" w="1897" /><ent r="8" t="55" w="717" /><ent r="4" t="59" w="92" /><ent r="7" t="67" w="275" /></phr></stem><stem n="attach"><phr n="attached"><ent r="4" t="12" w="106" /><ent r="3" t="42" w="1962" /><ent r="7" t="51" w="582" /><ent r="4" t="51" w="959" /></phr><phr n="attachment"><ent r="100" t="29" w="13" /><ent r="100" t="40" w="1031" /><ent r="7" t="62" w="76" /></phr><phr n="attach"><ent r="3" t="42" w="615" /><ent r="7" t="50" w="362" /><ent r="7" t="51" w="336" /><ent r="3" t="51" w="857" /><ent r="4" t="51" w="1137" /></phr></stem><stem n="remind"><phr n="reminded"><ent r="4" t="12" w="115" /></phr></stem><stem n="elsewher"><phr n="elsewhere"><ent r="5" t="12" w="130" /></phr></stem><stem n="destroi"><phr n="Destroy"><ent r="6" t="12" w="133" /></phr></stem><stem n="anoth"><phr n="another"><ent r="5" t="12" w="152" /><ent r="3" t="15" w="190" /><ent r="7" t="18" w="1981" /><ent r="7" t="20" w="540" /><ent r="7" t="21" w="740" /><ent r="7" t="22" w="793" /><ent r="7" t="27" w="1444" /><ent r="3" t="28" w="241" /><ent r="3" t="29" w="206" /><ent r="3" t="35" w="83" /><ent r="4" t="38" w="93" /><ent r="3" t="40" w="453" /><ent r="3" t="41" w="124" /><ent r="3" t="48" w="190" /><ent r="3" t="48" w="194" /><ent r="3" t="48" w="232" /><ent r="3" t="48" w="559" /><ent r="3" t="48" w="652" /><ent r="5" t="49" w="295" /><ent r="3" t="69" w="188" /></phr></stem><stem n="abort"><phr n="abort"><ent r="5" t="12" w="170" /></phr></stem><stem n=":preserv"><phr n=":preserving"><ent r="100" t="12" w="193" /></phr></stem><stem n="wish"><phr n="wish"><ent r="3" t="12" w="239" /><ent r="7" t="18" w="551" /><ent r="7" t="18" w="623" /><ent r="7" t="27" w="275" /><ent r="7" t="27" w="348" /></phr></stem><stem n="maintain"><phr n="maintain"><ent r="3" t="12" w="241" /><ent r="4" t="47" w="97" /></phr></stem><stem n="renumb"><phr n="renumber"><ent r="3" t="12" w="263" /></phr></stem><stem n="remain"><phr n="remaining"><ent r="3" t="12" w="265" /><ent r="4" t="23" w="181" /></phr><phr n="remain"><ent r="6" t="18" w="642" /><ent r="6" t="18" w="849" /><ent r="6" t="27" w="367" /><ent r="6" t="27" w="603" /><ent r="3" t="42" w="1961" /><ent r="7" t="62" w="638" /></phr></stem><stem n="prior"><phr n="prior"><ent r="3" t="12" w="285" /><ent r="3" t="42" w="74" /><ent r="3" t="53" w="235" /><ent r="3" t="53" w="367" /></phr></stem><stem n="(under"><phr n="(under"><ent r="4" t="12" w="324" /></phr></stem><stem n="&quot;view"><phr n="&quot;View"><ent r="4" t="12" w="325" /></phr></stem><stem n="&quot;)."><phr n="&quot;)."><ent r="4" t="12" w="328" /><ent r="8" t="33" w="312" /><ent r="8" t="33" w="371" /></phr></stem><stem n="up"><phr n="up"><ent r="4" t="12" w="330" /><ent r="9" t="18" w="1491" /><ent r="6" t="18" w="1779" /><ent r="6" t="18" w="1794" /><ent r="6" t="20" w="338" /><ent r="6" t="20" w="353" /><ent r="6" t="21" w="538" /><ent r="6" t="21" w="553" /><ent r="6" t="22" w="591" /><ent r="6" t="22" w="606" /><ent r="65" t="24" w="169" /><ent r="64" t="24" w="201" /><ent r="82" t="24" w="423" /><ent r="67" t="25" w="126" /><ent r="67" t="25" w="433" /><ent r="64" t="25" w="607" /><ent r="82" t="25" w="650" /><ent r="3" t="25" w="659" /><ent r="6" t="27" w="1245" /><ent r="6" t="27" w="1260" /><ent r="3" t="29" w="677" /><ent r="3" t="29" w="753" /><ent r="3" t="29" w="1303" /><ent r="7" t="43" w="436" /></phr></stem><stem n="keystor"><phr n="keystore"><ent r="4" t="12" w="332" /><ent r="4" t="12" w="349" /><ent r="4" t="12" w="369" /><ent r="7" t="18" w="1191" /><ent r="7" t="18" w="1201" /><ent r="8" t="18" w="1352" /><ent r="8" t="18" w="1390" /><ent r="8" t="18" w="1526" /><ent r="7" t="27" w="948" /><ent r="7" t="27" w="958" /><ent r="7" t="27" w="1062" /><ent r="7" t="27" w="1067" /><ent r="3" t="42" w="1823" /><ent r="3" t="42" w="1829" /><ent r="4" t="49" w="229" /><ent r="4" t="59" w="96" /></phr></stem><stem n="~"><phr n="~"><ent r="5" t="12" w="335" /><ent r="5" t="46" w="184" /><ent r="4" t="46" w="188" /></phr></stem><stem n="keysnnn"><phr n="keysNNN"><ent r="5" t="12" w="337" /></phr></stem><stem n="/.l7tech/keysnnn.p12"><phr n="/.l7tech/keysNNN.p12"><ent r="5" t="12" w="338" /></phr></stem><stem n="p12"><phr n="p12"><ent r="5" t="12" w="338" /><ent r="7" t="18" w="1196" /><ent r="8" t="18" w="1395" /><ent r="7" t="27" w="953" /><ent r="4" t="42" w="938" /><ent r="3" t="42" w="1820" /><ent r="4" t="42" w="1873" /><ent r="4" t="59" w="101" /></phr></stem><stem n="restor"><phr n="restore"><ent r="4" t="12" w="347" /><ent r="7" t="62" w="313" /></phr><phr n="restores"><ent r="7" t="18" w="1716" /><ent r="7" t="27" w="1232" /></phr></stem><stem n="&lt;program"><phr n="&lt;program"><ent r="7" t="12" w="391" /><ent r="7" t="46" w="145" /><ent r="5" t="63" w="201" /><ent r="5" t="64" w="279" /></phr></stem><stem n="directory&gt;"><phr n="directory&gt;"><ent r="7" t="12" w="393" /><ent r="7" t="46" w="147" /><ent r="5" t="63" w="203" /><ent r="5" t="64" w="281" /></phr></stem><stem n="\.l7tech"><phr n="\.l7tech"><ent r="7" t="12" w="395" /><ent r="7" t="12" w="425" /><ent r="5" t="46" w="129" /><ent r="7" t="46" w="149" /><ent r="7" t="46" w="179" /><ent r="5" t="63" w="205" /><ent r="5" t="63" w="235" /><ent r="5" t="64" w="283" /><ent r="5" t="64" w="313" /></phr></stem><stem n="(visibl"><phr n="(visible"><ent r="6" t="12" w="397" /><ent r="6" t="27" w="452" /><ent r="6" t="46" w="151" /><ent r="4" t="63" w="207" /><ent r="4" t="64" w="285" /></phr></stem><stem n="visibl"><phr n="visible"><ent r="6" t="12" w="397" /><ent r="6" t="27" w="452" /><ent r="3" t="28" w="202" /><ent r="3" t="42" w="2151" /><ent r="3" t="45" w="189" /><ent r="6" t="46" w="151" /><ent r="4" t="63" w="207" /><ent r="4" t="64" w="285" /></phr></stem><stem n="c"><phr n="c"><ent r="7" t="12" w="418" /><ent r="5" t="46" w="123" /><ent r="7" t="46" w="171" /><ent r="5" t="63" w="228" /><ent r="5" t="64" w="137" /><ent r="5" t="64" w="306" /><ent r="4" t="66" w="277" /></phr></stem><stem n=":\document"><phr n=":\Documents"><ent r="7" t="12" w="419" /><ent r="5" t="46" w="124" /><ent r="7" t="46" w="172" /><ent r="5" t="63" w="229" /><ent r="5" t="64" w="307" /></phr></stem><stem n="\"><phr n="\"><ent r="7" t="12" w="422" /><ent r="7" t="46" w="175" /><ent r="5" t="63" w="232" /><ent r="5" t="64" w="310" /></phr></stem><stem n="&lt;user&gt;"><phr n="&lt;user&gt;"><ent r="7" t="12" w="423" /><ent r="6" t="12" w="432" /><ent r="5" t="63" w="233" /><ent r="5" t="64" w="311" /></phr></stem><stem n="home"><phr n="home"><ent r="6" t="12" w="430" /><ent r="6" t="18" w="735" /><ent r="6" t="27" w="476" /><ent r="4" t="46" w="191" /></phr></stem><stem n="/home/"><phr n="/home/"><ent r="6" t="12" w="431" /></phr></stem><stem n="/.l7tech"><phr n="/.l7tech"><ent r="6" t="12" w="434" /><ent r="5" t="46" w="185" /></phr></stem><stem n=":chang"><phr n=":changing"><ent r="100" t="13" w="8" /></phr></stem><stem n=":password"><phr n=":password"><ent r="100" t="13" w="15" /></phr></stem><stem n="awar"><phr n="aware"><ent r="3" t="13" w="65" /><ent r="3" t="29" w="1121" /></phr></stem><stem n="everywher"><phr n="everywhere"><ent r="3" t="13" w="82" /></phr></stem><stem n="ti"><phr n="tied"><ent r="3" t="13" w="91" /><ent r="3" t="42" w="1243" /><ent r="3" t="42" w="1475" /><ent r="3" t="42" w="1746" /></phr></stem><stem n="revok"><phr n="revoke"><ent r="3" t="13" w="102" /><ent r="3" t="42" w="1451" /><ent r="3" t="42" w="2172" /></phr><phr n="revoked"><ent r="3" t="13" w="273" /><ent r="4" t="42" w="1999" /></phr><phr n="revoking"><ent r="3" t="42" w="2019" /></phr></stem><stem n="ssl"><phr n="SSL"><ent r="64" t="13" w="134" /><ent r="64" t="13" w="335" /><ent r="8" t="18" w="1212" /><ent r="7" t="18" w="1241" /><ent r="8" t="18" w="1335" /><ent r="5" t="18" w="2168" /><ent r="4" t="18" w="2180" /><ent r="3" t="18" w="2204" /><ent r="5" t="20" w="621" /><ent r="4" t="20" w="633" /><ent r="3" t="20" w="657" /><ent r="4" t="21" w="389" /><ent r="3" t="21" w="462" /><ent r="5" t="21" w="821" /><ent r="4" t="21" w="833" /><ent r="4" t="21" w="858" /><ent r="5" t="22" w="874" /><ent r="4" t="22" w="886" /><ent r="4" t="22" w="911" /><ent r="3" t="24" w="800" /><ent r="6" t="25" w="302" /><ent r="7" t="25" w="332" /><ent r="6" t="25" w="470" /><ent r="7" t="25" w="500" /><ent r="8" t="27" w="969" /><ent r="7" t="27" w="998" /><ent r="64" t="28" w="320" /><ent r="5" t="29" w="872" /><ent r="4" t="29" w="876" /><ent r="65" t="29" w="903" /><ent r="3" t="32" w="219" /><ent r="3" t="33" w="123" /><ent r="64" t="41" w="159" /><ent r="1000" t="42" w="2" /><ent r="100" t="42" w="7" /><ent r="100" t="42" w="19" /><ent r="102" t="42" w="25" /><ent r="3" t="42" w="121" /><ent r="64" t="42" w="217" /><ent r="100" t="42" w="229" /><ent r="92" t="42" w="236" /><ent r="3" t="42" w="252" /><ent r="3" t="42" w="258" /><ent r="100" t="42" w="281" /><ent r="3" t="42" w="299" /><ent r="3" t="42" w="397" /><ent r="100" t="42" w="974" /><ent r="82" t="42" w="984" /><ent r="5" t="42" w="1149" /><ent r="3" t="43" w="60" /><ent r="64" t="43" w="67" /><ent r="7" t="43" w="93" /><ent r="7" t="43" w="102" /><ent r="7" t="43" w="109" /><ent r="4" t="52" w="126" /><ent r="4" t="52" w="135" /><ent r="6" t="55" w="540" /><ent r="7" t="55" w="553" /><ent r="6" t="55" w="584" /><ent r="9" t="55" w="821" /><ent r="8" t="55" w="887" /><ent r="9" t="55" w="1088" /><ent r="9" t="55" w="1095" /><ent r="9" t="55" w="1101" /><ent r="8" t="55" w="1299" /><ent r="8" t="55" w="1320" /><ent r="7" t="67" w="296" /><ent r="7" t="67" w="316" /><ent r="7" t="68" w="66" /><ent r="7" t="68" w="105" /><ent r="6" t="68" w="109" /><ent r="6" t="68" w="177" /><ent r="6" t="68" w="187" /></phr></stem><stem n="/tl"><phr n="/TLS"><ent r="64" t="13" w="135" /><ent r="64" t="13" w="336" /><ent r="64" t="28" w="321" /><ent r="65" t="29" w="904" /><ent r="64" t="41" w="160" /><ent r="1000" t="42" w="3" /><ent r="100" t="42" w="20" /><ent r="102" t="42" w="26" /><ent r="3" t="42" w="122" /><ent r="3" t="42" w="259" /><ent r="3" t="43" w="61" /><ent r="64" t="43" w="68" /><ent r="7" t="43" w="94" /><ent r="7" t="43" w="103" /><ent r="7" t="43" w="110" /><ent r="9" t="55" w="822" /></phr></stem><stem n="tl"><phr n="TLS"><ent r="64" t="13" w="135" /><ent r="64" t="13" w="336" /><ent r="64" t="28" w="321" /><ent r="65" t="29" w="904" /><ent r="64" t="41" w="160" /><ent r="1000" t="42" w="3" /><ent r="100" t="42" w="11" /><ent r="100" t="42" w="20" /><ent r="102" t="42" w="26" /><ent r="3" t="42" w="122" /><ent r="3" t="42" w="259" /><ent r="3" t="43" w="61" /><ent r="64" t="43" w="68" /><ent r="7" t="43" w="94" /><ent r="7" t="43" w="103" /><ent r="7" t="43" w="110" /><ent r="6" t="55" w="541" /><ent r="7" t="55" w="555" /><ent r="9" t="55" w="822" /><ent r="8" t="55" w="889" /><ent r="8" t="55" w="1322" /></phr></stem><stem n="session"><phr n="Sessions"><ent r="64" t="13" w="137" /><ent r="64" t="13" w="338" /><ent r="3" t="28" w="306" /><ent r="64" t="28" w="323" /><ent r="65" t="29" w="906" /><ent r="1000" t="41" w="3" /><ent r="100" t="41" w="7" /><ent r="100" t="41" w="10" /><ent r="100" t="41" w="13" /><ent r="100" t="41" w="18" /><ent r="102" t="41" w="22" /><ent r="64" t="41" w="162" /><ent r="3" t="41" w="169" /><ent r="64" t="41" w="180" /><ent r="1000" t="42" w="5" /><ent r="100" t="42" w="9" /><ent r="100" t="42" w="13" /><ent r="100" t="42" w="16" /><ent r="100" t="42" w="22" /><ent r="102" t="42" w="28" /><ent r="3" t="42" w="188" /><ent r="64" t="42" w="199" /><ent r="3" t="42" w="1956" /><ent r="1000" t="43" w="5" /><ent r="100" t="43" w="11" /><ent r="100" t="43" w="14" /><ent r="102" t="43" w="34" /><ent r="3" t="43" w="53" /><ent r="64" t="43" w="70" /><ent r="5" t="43" w="77" /></phr><phr n="session"><ent r="7" t="18" w="1965" /><ent r="7" t="18" w="1974" /><ent r="7" t="20" w="524" /><ent r="7" t="20" w="533" /><ent r="7" t="21" w="724" /><ent r="7" t="21" w="733" /><ent r="7" t="22" w="777" /><ent r="7" t="22" w="786" /><ent r="7" t="27" w="1428" /><ent r="7" t="27" w="1437" /><ent r="3" t="28" w="294" /><ent r="4" t="29" w="896" /><ent r="4" t="29" w="967" /><ent r="4" t="29" w="986" /><ent r="3" t="41" w="46" /><ent r="3" t="41" w="59" /><ent r="3" t="41" w="153" /><ent r="3" t="42" w="124" /><ent r="3" t="42" w="166" /><ent r="3" t="42" w="182" /><ent r="3" t="42" w="261" /><ent r="3" t="42" w="1005" /><ent r="3" t="42" w="1125" /><ent r="3" t="42" w="1524" /><ent r="3" t="42" w="1634" /><ent r="3" t="42" w="2065" /><ent r="100" t="43" w="21" /><ent r="100" t="43" w="28" /><ent r="3" t="43" w="63" /><ent r="7" t="43" w="95" /><ent r="7" t="43" w="281" /><ent r="7" t="43" w="355" /><ent r="4" t="44" w="73" /><ent r="3" t="45" w="211" /><ent r="6" t="45" w="314" /></phr></stem><stem n="new"><phr n="new"><ent r="4" t="13" w="219" /><ent r="4" t="13" w="240" /><ent r="3" t="13" w="276" /><ent r="3" t="13" w="319" /><ent r="3" t="14" w="204" /><ent r="5" t="15" w="94" /><ent r="3" t="18" w="40" /><ent r="5" t="18" w="61" /><ent r="3" t="18" w="444" /><ent r="6" t="18" w="951" /><ent r="9" t="18" w="1447" /><ent r="6" t="18" w="1856" /><ent r="3" t="18" w="2476" /><ent r="3" t="20" w="47" /><ent r="5" t="20" w="82" /><ent r="6" t="20" w="415" /><ent r="3" t="20" w="929" /><ent r="3" t="21" w="80" /><ent r="5" t="21" w="117" /><ent r="6" t="21" w="615" /><ent r="3" t="21" w="1131" /><ent r="3" t="22" w="52" /><ent r="5" t="22" w="89" /><ent r="6" t="22" w="668" /><ent r="3" t="22" w="1186" /><ent r="6" t="23" w="691" /><ent r="4" t="24" w="230" /><ent r="4" t="24" w="330" /><ent r="4" t="24" w="409" /><ent r="5" t="24" w="461" /><ent r="4" t="25" w="724" /><ent r="4" t="25" w="809" /><ent r="4" t="25" w="863" /><ent r="5" t="27" w="68" /><ent r="3" t="27" w="168" /><ent r="6" t="27" w="705" /><ent r="6" t="27" w="1322" /><ent r="3" t="27" w="1752" /><ent r="3" t="35" w="135" /><ent r="4" t="35" w="353" /><ent r="3" t="37" w="321" /><ent r="3" t="42" w="1765" /><ent r="7" t="43" w="315" /><ent r="6" t="50" w="186" /><ent r="7" t="50" w="271" /><ent r="6" t="50" w="307" /><ent r="6" t="50" w="382" /><ent r="7" t="50" w="400" /><ent r="6" t="51" w="263" /><ent r="6" t="51" w="389" /><ent r="5" t="51" w="1069" /><ent r="3" t="52" w="242" /><ent r="3" t="53" w="283" /><ent r="5" t="54" w="470" /><ent r="6" t="58" w="238" /><ent r="6" t="58" w="394" /><ent r="6" t="59" w="171" /><ent r="3" t="64" w="244" /><ent r="4" t="65" w="169" /><ent r="3" t="66" w="59" /><ent r="4" t="67" w="165" /></phr></stem><stem n="retyp"><phr n="retype"><ent r="4" t="13" w="224" /></phr></stem><stem n="consumpt"><phr n="consumption"><ent r="3" t="13" w="298" /><ent r="7" t="18" w="562" /><ent r="7" t="18" w="630" /><ent r="3" t="24" w="771" /><ent r="3" t="24" w="804" /><ent r="7" t="27" w="286" /><ent r="7" t="27" w="355" /><ent r="4" t="38" w="86" /><ent r="3" t="41" w="116" /><ent r="3" t="60" w="130" /><ent r="3" t="60" w="138" /><ent r="3" t="60" w="237" /><ent r="4" t="60" w="324" /></phr></stem><stem n="sign"><phr n="Signing"><ent r="3" t="13" w="313" /><ent r="6" t="23" w="460" /><ent r="4" t="24" w="277" /><ent r="6" t="25" w="141" /><ent r="6" t="25" w="293" /><ent r="6" t="25" w="456" /><ent r="64" t="25" w="622" /><ent r="82" t="25" w="714" /><ent r="4" t="25" w="765" /><ent r="5" t="25" w="839" /><ent r="3" t="26" w="82" /><ent r="4" t="29" w="1205" /><ent r="3" t="42" w="1351" /><ent r="7" t="43" w="184" /><ent r="8" t="50" w="295" /><ent r="4" t="51" w="776" /><ent r="3" t="51" w="796" /><ent r="5" t="51" w="1094" /><ent r="4" t="52" w="122" /><ent r="4" t="52" w="134" /><ent r="4" t="52" w="142" /><ent r="9" t="55" w="809" /><ent r="9" t="55" w="1194" /></phr><phr n="signed"><ent r="8" t="18" w="1401" /><ent r="8" t="18" w="1403" /><ent r="4" t="29" w="1249" /><ent r="3" t="42" w="1371" /><ent r="7" t="43" w="369" /><ent r="6" t="45" w="457" /><ent r="4" t="49" w="453" /><ent r="4" t="51" w="1031" /><ent r="4" t="51" w="1166" /><ent r="4" t="51" w="1209" /><ent r="3" t="53" w="146" /><ent r="3" t="53" w="155" /><ent r="3" t="53" w="177" /><ent r="4" t="54" w="149" /><ent r="4" t="54" w="247" /><ent r="4" t="54" w="334" /><ent r="9" t="55" w="1153" /><ent r="4" t="59" w="107" /><ent r="4" t="59" w="109" /><ent r="7" t="67" w="260" /><ent r="7" t="67" w="323" /></phr><phr n="sign"><ent r="4" t="29" w="1069" /><ent r="4" t="29" w="1098" /><ent r="5" t="42" w="1170" /><ent r="4" t="49" w="389" /><ent r="4" t="51" w="1108" /><ent r="3" t="56" w="165" /></phr></stem><stem n="csr"><phr n="CSR"><ent r="3" t="13" w="315" /><ent r="3" t="42" w="1353" /><ent r="3" t="42" w="1363" /></phr></stem><stem n="(csr)"><phr n="(CSR)"><ent r="3" t="13" w="316" /></phr></stem><stem n="outlin"><phr n="outlined"><ent r="3" t="13" w="331" /><ent r="4" t="15" w="149" /><ent r="4" t="15" w="164" /><ent r="3" t="18" w="472" /><ent r="3" t="27" w="194" /><ent r="4" t="32" w="378" /><ent r="3" t="42" w="2181" /><ent r="3" t="53" w="253" /><ent r="3" t="55" w="312" /><ent r="6" t="55" w="591" /><ent r="4" t="55" w="1411" /><ent r="4" t="55" w="1744" /></phr><phr n="outlines"><ent r="3" t="42" w="62" /></phr></stem><stem n="ldap"><phr n="LDAP"><ent r="3" t="13" w="358" /><ent r="3" t="13" w="363" /><ent r="3" t="17" w="52" /><ent r="3" t="17" w="59" /><ent r="3" t="17" w="182" /><ent r="3" t="19" w="53" /><ent r="3" t="19" w="58" /><ent r="3" t="42" w="672" /><ent r="3" t="42" w="816" /><ent r="3" t="53" w="161" /></phr></stem><stem n="-ldap"><phr n="-LDAP"><ent r="3" t="13" w="362" /><ent r="3" t="13" w="362" /><ent r="3" t="17" w="58" /><ent r="3" t="17" w="58" /><ent r="3" t="17" w="181" /><ent r="3" t="17" w="181" /><ent r="3" t="19" w="57" /><ent r="3" t="19" w="57" /><ent r="3" t="42" w="671" /><ent r="3" t="42" w="671" /></phr></stem><stem n="non-ldap"><phr n="non-LDAP"><ent r="3" t="13" w="362" /><ent r="3" t="17" w="58" /><ent r="3" t="17" w="181" /><ent r="3" t="19" w="57" /><ent r="3" t="42" w="671" /></phr></stem><stem n="should"><phr n="should"><ent r="3" t="13" w="366" /><ent r="6" t="18" w="1846" /><ent r="6" t="20" w="405" /><ent r="6" t="21" w="325" /><ent r="4" t="21" w="402" /><ent r="6" t="21" w="605" /><ent r="4" t="22" w="428" /><ent r="6" t="22" w="658" /><ent r="6" t="23" w="470" /><ent r="6" t="27" w="1312" /><ent r="3" t="27" w="1571" /><ent r="3" t="40" w="227" /><ent r="3" t="46" w="65" /><ent r="7" t="62" w="637" /><ent r="3" t="67" w="90" /><ent r="3" t="69" w="126" /></phr></stem><stem n=":default"><phr n=":default"><ent r="100" t="14" w="9" /><ent r="100" t="14" w="12" /><ent r="100" t="15" w="12" /><ent r="100" t="64" w="10" /></phr></stem><stem n="handler"><phr n="handler"><ent r="3" t="14" w="41" /></phr><phr n="handlers"><ent r="3" t="64" w="174" /></phr></stem><stem n="“localhost”"><phr n="“localhost”"><ent r="3" t="14" w="48" /><ent r="3" t="40" w="217" /></phr></stem><stem n="specifi"><phr n="specified"><ent r="3" t="14" w="50" /><ent r="6" t="18" w="2091" /><ent r="3" t="28" w="92" /><ent r="3" t="28" w="304" /><ent r="4" t="29" w="937" /><ent r="7" t="55" w="469" /><ent r="3" t="56" w="238" /><ent r="3" t="67" w="419" /><ent r="3" t="67" w="456" /></phr><phr n="specify"><ent r="4" t="18" w="2158" /><ent r="4" t="20" w="611" /><ent r="6" t="21" w="320" /><ent r="4" t="21" w="811" /><ent r="4" t="22" w="864" /><ent r="7" t="25" w="313" /><ent r="7" t="25" w="481" /><ent r="7" t="29" w="500" /><ent r="3" t="40" w="374" /><ent r="6" t="55" w="417" /><ent r="6" t="55" w="1527" /><ent r="4" t="66" w="227" /></phr><phr n="specifies"><ent r="4" t="47" w="443" /></phr></stem><stem n="receiv"><phr n="receives"><ent r="3" t="14" w="66" /><ent r="3" t="15" w="67" /><ent r="3" t="28" w="75" /><ent r="4" t="32" w="532" /><ent r="3" t="37" w="127" /><ent r="4" t="38" w="125" /><ent r="4" t="38" w="172" /><ent r="3" t="56" w="151" /></phr><phr n="received"><ent r="6" t="23" w="331" /><ent r="7" t="43" w="368" /></phr><phr n="receiving"><ent r="3" t="28" w="109" /><ent r="3" t="37" w="463" /></phr><phr n="receive"><ent r="3" t="40" w="491" /><ent r="3" t="42" w="1657" /></phr></stem><stem n="recogn"><phr n="recognized"><ent r="3" t="14" w="72" /><ent r="4" t="42" w="652" /><ent r="82" t="67" w="225" /><ent r="3" t="67" w="236" /><ent r="5" t="67" w="246" /><ent r="4" t="67" w="881" /></phr><phr n="recognize"><ent r="3" t="42" w="409" /><ent r="7" t="43" w="126" /><ent r="7" t="43" w="237" /></phr><phr n="recognizes"><ent r="3" t="42" w="589" /></phr></stem><stem n="particular"><phr n="particular"><ent r="3" t="14" w="75" /><ent r="3" t="42" w="1302" /><ent r="3" t="42" w="1640" /><ent r="7" t="55" w="1337" /></phr></stem><stem n=":statu"><phr n=":status"><ent r="100" t="14" w="79" /><ent r="100" t="15" w="24" /></phr></stem><stem n="bold"><phr n="bold"><ent r="3" t="14" w="87" /></phr><phr n="bolded"><ent r="3" t="14" w="213" /></phr></stem><stem n="want"><phr n="want"><ent r="3" t="14" w="120" /><ent r="3" t="15" w="55" /><ent r="6" t="51" w="398" /><ent r="3" t="60" w="279" /></phr><phr n="wanting"><ent r="3" t="48" w="150" /></phr></stem><stem n="becom"><phr n="become"><ent r="4" t="14" w="174" /><ent r="6" t="27" w="587" /></phr></stem><stem n="purpos"><phr n="purposes"><ent r="3" t="15" w="51" /><ent r="3" t="46" w="81" /><ent r="3" t="70" w="106" /></phr><phr n="Purpose"><ent r="7" t="23" w="238" /><ent r="3" t="52" w="149" /></phr></stem><stem n="(the"><phr n="(The"><ent r="3" t="15" w="64" /><ent r="6" t="24" w="603" /></phr></stem><stem n="&quot;localhost&quot;.)"><phr n="&quot;localhost&quot;.)"><ent r="3" t="15" w="73" /></phr></stem><stem n="temporari"><phr n="temporary"><ent r="4" t="15" w="86" /><ent r="4" t="15" w="137" /><ent r="4" t="15" w="144" /><ent r="4" t="15" w="161" /></phr></stem><stem n="text"><phr n="text"><ent r="4" t="15" w="121" /><ent r="6" t="25" w="353" /><ent r="3" t="37" w="539" /><ent r="3" t="37" w="616" /><ent r="3" t="40" w="615" /><ent r="3" t="42" w="602" /><ent r="3" t="42" w="690" /><ent r="3" t="42" w="794" /><ent r="3" t="46" w="214" /><ent r="4" t="63" w="46" /><ent r="4" t="64" w="44" /><ent r="4" t="65" w="115" /><ent r="4" t="66" w="128" /></phr></stem><stem n="longer"><phr n="longer"><ent r="4" t="15" w="176" /><ent r="4" t="42" w="1978" /></phr></stem><stem n="reassign"><phr n="reassign"><ent r="3" t="15" w="186" /></phr></stem><stem n="kerbero"><phr n="Kerberos"><ent r="1000" t="16" w="5" /><ent r="100" t="16" w="11" /><ent r="100" t="16" w="13" /><ent r="102" t="16" w="19" /><ent r="3" t="16" w="30" /><ent r="4" t="16" w="51" /><ent r="4" t="16" w="77" /><ent r="4" t="16" w="100" /><ent r="3" t="16" w="127" /><ent r="3" t="16" w="139" /><ent r="3" t="16" w="157" /><ent r="4" t="16" w="189" /><ent r="3" t="16" w="213" /><ent r="5" t="16" w="283" /><ent r="3" t="16" w="298" /><ent r="3" t="16" w="332" /><ent r="4" t="16" w="351" /><ent r="4" t="16" w="367" /><ent r="3" t="18" w="189" /><ent r="4" t="18" w="200" /><ent r="5" t="18" w="224" /><ent r="4" t="18" w="239" /><ent r="100" t="18" w="386" /><ent r="3" t="18" w="396" /><ent r="6" t="18" w="1101" /><ent r="6" t="27" w="858" /><ent r="68" t="68" w="173" /><ent r="6" t="68" w="175" /></phr></stem><stem n="absenc"><phr n="absence"><ent r="4" t="16" w="70" /></phr></stem><stem n="&quot;authent"><phr n="&quot;Authenticating"><ent r="4" t="16" w="96" /></phr></stem><stem n="keytab"><phr n="keytab"><ent r="3" t="16" w="128" /><ent r="4" t="16" w="197" /><ent r="4" t="16" w="291" /></phr></stem><stem n="&quot;manag"><phr n="&quot;Managing"><ent r="3" t="16" w="138" /></phr></stem><stem n="distribut"><phr n="Distribution"><ent r="4" t="16" w="178" /></phr></stem><stem n="center"><phr n="Center"><ent r="4" t="16" w="179" /></phr></stem><stem n="kdc"><phr n="KDC"><ent r="4" t="16" w="180" /><ent r="4" t="16" w="193" /><ent r="3" t="16" w="200" /></phr></stem><stem n="(kdc)."><phr n="(KDC)."><ent r="4" t="16" w="181" /></phr></stem><stem n="acquir"><phr n="acquire"><ent r="4" t="16" w="187" /><ent r="5" t="25" w="105" /><ent r="3" t="25" w="672" /></phr><phr n="acquired"><ent r="7" t="18" w="1172" /><ent r="7" t="18" w="1299" /><ent r="7" t="27" w="929" /></phr></stem><stem n="ticket"><phr n="ticket"><ent r="4" t="16" w="190" /><ent r="4" t="16" w="368" /><ent r="8" t="55" w="741" /><ent r="8" t="55" w="768" /><ent r="9" t="55" w="1064" /><ent r="9" t="55" w="1108" /><ent r="9" t="55" w="1127" /><ent r="9" t="55" w="1151" /><ent r="9" t="55" w="1162" /></phr></stem><stem n="issu"><phr n="issued"><ent r="4" t="16" w="195" /><ent r="3" t="17" w="226" /><ent r="3" t="18" w="417" /><ent r="3" t="19" w="71" /><ent r="3" t="27" w="143" /><ent r="3" t="42" w="1251" /><ent r="3" t="42" w="1382" /><ent r="3" t="47" w="284" /><ent r="6" t="50" w="252" /><ent r="7" t="50" w="469" /><ent r="8" t="51" w="449" /></phr><phr n="issue"><ent r="3" t="17" w="117" /><ent r="6" t="22" w="295" /><ent r="7" t="22" w="385" /><ent r="3" t="42" w="1455" /><ent r="3" t="48" w="647" /><ent r="3" t="48" w="666" /><ent r="3" t="65" w="48" /></phr><phr n="issues"><ent r="3" t="45" w="45" /><ent r="3" t="45" w="52" /><ent r="3" t="48" w="397" /><ent r="3" t="49" w="49" /><ent r="4" t="49" w="378" /><ent r="3" t="50" w="32" /><ent r="3" t="51" w="64" /><ent r="3" t="52" w="49" /><ent r="3" t="53" w="70" /><ent r="3" t="55" w="63" /><ent r="3" t="56" w="60" /><ent r="3" t="60" w="52" /></phr></stem><stem n="&quot;activ"><phr n="&quot;Active"><ent r="3" t="16" w="206" /></phr></stem><stem n="[general]"><phr n="[General]"><ent r="4" t="16" w="272" /><ent r="3" t="16" w="300" /><ent r="4" t="18" w="91" /><ent r="4" t="20" w="143" /><ent r="4" t="21" w="162" /><ent r="4" t="22" w="133" /><ent r="4" t="27" w="99" /><ent r="7" t="58" w="437" /></phr></stem><stem n="valu"><phr n="values"><ent r="4" t="16" w="288" /><ent r="6" t="23" w="319" /><ent r="6" t="23" w="434" /><ent r="7" t="29" w="419" /><ent r="3" t="29" w="674" /><ent r="3" t="32" w="308" /><ent r="3" t="32" w="343" /><ent r="5" t="32" w="699" /><ent r="3" t="33" w="70" /><ent r="3" t="40" w="858" /><ent r="3" t="40" w="1107" /><ent r="3" t="47" w="291" /><ent r="4" t="47" w="446" /><ent r="3" t="47" w="641" /><ent r="4" t="54" w="375" /></phr><phr n="Value"><ent r="4" t="23" w="141" /><ent r="6" t="23" w="687" /><ent r="3" t="29" w="172" /><ent r="7" t="29" w="396" /><ent r="3" t="29" w="629" /><ent r="3" t="29" w="659" /><ent r="3" t="33" w="47" /><ent r="3" t="40" w="1069" /><ent r="3" t="40" w="1074" /><ent r="7" t="50" w="465" /><ent r="7" t="50" w="471" /><ent r="7" t="51" w="452" /><ent r="4" t="54" w="346" /><ent r="7" t="55" w="1339" /><ent r="7" t="55" w="1342" /><ent r="3" t="67" w="600" /><ent r="3" t="67" w="605" /><ent r="3" t="67" w="613" /><ent r="3" t="67" w="618" /><ent r="3" t="67" w="621" /><ent r="3" t="67" w="628" /><ent r="3" t="67" w="631" /><ent r="3" t="67" w="653" /><ent r="3" t="67" w="658" /><ent r="3" t="67" w="666" /><ent r="3" t="67" w="671" /><ent r="3" t="67" w="674" /><ent r="3" t="67" w="678" /></phr></stem></index>