<?xml version="1.0" encoding="utf-8"?><index><stem n="polici"><phr n="policies"><ent r="4" t="0" w="70" /><ent r="4" t="1" w="434" /><ent r="6" t="17" w="1820" /><ent r="4" t="17" w="2183" /><ent r="4" t="17" w="2356" /><ent r="3" t="17" w="2412" /><ent r="3" t="17" w="2457" /><ent r="6" t="19" w="379" /><ent r="4" t="19" w="636" /><ent r="4" t="19" w="809" /><ent r="3" t="19" w="865" /><ent r="3" t="19" w="910" /><ent r="6" t="20" w="579" /><ent r="4" t="20" w="836" /><ent r="4" t="20" w="1011" /><ent r="3" t="20" w="1067" /><ent r="3" t="20" w="1112" /><ent r="6" t="21" w="632" /><ent r="4" t="21" w="889" /><ent r="4" t="21" w="1066" /><ent r="3" t="21" w="1122" /><ent r="3" t="21" w="1167" /><ent r="6" t="26" w="1290" /><ent r="3" t="26" w="1735" /><ent r="100" t="27" w="11" /><ent r="3" t="27" w="190" /><ent r="3" t="27" w="221" /><ent r="3" t="27" w="251" /><ent r="3" t="27" w="263" /><ent r="100" t="28" w="220" /><ent r="100" t="28" w="251" /><ent r="100" t="29" w="16" /><ent r="64" t="29" w="42" /><ent r="3" t="29" w="96" /><ent r="3" t="29" w="115" /><ent r="3" t="30" w="96" /><ent r="3" t="30" w="102" /><ent r="3" t="30" w="131" /><ent r="4" t="30" w="176" /><ent r="4" t="31" w="104" /><ent r="4" t="32" w="207" /><ent r="7" t="32" w="540" /><ent r="7" t="32" w="547" /><ent r="100" t="33" w="24" /><ent r="3" t="33" w="49" /><ent r="3" t="33" w="91" /><ent r="4" t="33" w="142" /><ent r="5" t="33" w="184" /><ent r="5" t="33" w="200" /><ent r="4" t="33" w="227" /><ent r="4" t="33" w="231" /><ent r="100" t="34" w="9" /><ent r="3" t="34" w="245" /><ent r="100" t="35" w="9" /><ent r="3" t="36" w="86" /><ent r="3" t="36" w="372" /><ent r="3" t="40" w="52" /><ent r="3" t="40" w="98" /><ent r="3" t="40" w="130" /><ent r="100" t="54" w="10" /><ent r="100" t="54" w="17" /></phr><phr n="Policies"><ent r="65" t="0" w="81" /><ent r="3" t="3" w="124" /><ent r="65" t="5" w="329" /><ent r="4" t="17" w="2341" /><ent r="5" t="17" w="2348" /><ent r="4" t="17" w="2393" /><ent r="64" t="17" w="2403" /><ent r="64" t="17" w="2417" /><ent r="3" t="17" w="2440" /><ent r="3" t="17" w="2453" /><ent r="4" t="19" w="794" /><ent r="5" t="19" w="801" /><ent r="4" t="19" w="846" /><ent r="64" t="19" w="856" /><ent r="64" t="19" w="870" /><ent r="3" t="19" w="893" /><ent r="3" t="19" w="906" /><ent r="4" t="20" w="996" /><ent r="5" t="20" w="1003" /><ent r="4" t="20" w="1048" /><ent r="64" t="20" w="1058" /><ent r="64" t="20" w="1072" /><ent r="3" t="20" w="1095" /><ent r="3" t="20" w="1108" /><ent r="4" t="21" w="1051" /><ent r="5" t="21" w="1058" /><ent r="4" t="21" w="1103" /><ent r="64" t="21" w="1113" /><ent r="64" t="21" w="1127" /><ent r="3" t="21" w="1150" /><ent r="3" t="21" w="1163" /><ent r="6" t="23" w="665" /><ent r="4" t="26" w="1595" /><ent r="64" t="26" w="1726" /><ent r="64" t="26" w="1740" /><ent r="1000" t="27" w="1" /><ent r="100" t="27" w="5" /><ent r="100" t="27" w="13" /><ent r="102" t="27" w="20" /><ent r="64" t="27" w="155" /><ent r="3" t="27" w="206" /><ent r="1000" t="28" w="3" /><ent r="100" t="28" w="5" /><ent r="100" t="28" w="24" /><ent r="102" t="28" w="28" /><ent r="3" t="28" w="137" /><ent r="3" t="28" w="234" /><ent r="3" t="28" w="247" /><ent r="92" t="28" w="258" /><ent r="3" t="28" w="298" /><ent r="5" t="28" w="304" /><ent r="3" t="28" w="765" /><ent r="1000" t="29" w="3" /><ent r="100" t="29" w="5" /><ent r="100" t="29" w="13" /><ent r="100" t="29" w="18" /><ent r="100" t="29" w="23" /><ent r="102" t="29" w="27" /><ent r="3" t="29" w="65" /><ent r="100" t="30" w="16" /><ent r="100" t="30" w="19" /><ent r="4" t="30" w="173" /><ent r="100" t="31" w="12" /><ent r="5" t="31" w="97" /><ent r="4" t="31" w="359" /><ent r="100" t="32" w="11" /><ent r="4" t="32" w="204" /><ent r="100" t="33" w="6" /><ent r="4" t="33" w="139" /><ent r="4" t="33" w="215" /><ent r="100" t="34" w="5" /><ent r="4" t="34" w="224" /><ent r="5" t="34" w="339" /><ent r="65" t="34" w="346" /><ent r="100" t="35" w="5" /><ent r="4" t="35" w="101" /><ent r="64" t="36" w="91" /><ent r="64" t="36" w="377" /><ent r="65" t="37" w="105" /><ent r="64" t="39" w="1021" /><ent r="64" t="39" w="1027" /><ent r="64" t="40" w="141" /><ent r="67" t="49" w="549" /><ent r="1000" t="54" w="3" /><ent r="100" t="54" w="14" /><ent r="102" t="54" w="24" /></phr><phr n="Policy"><ent r="4" t="0" w="142" /><ent r="100" t="1" w="9" /><ent r="3" t="1" w="38" /><ent r="3" t="1" w="253" /><ent r="100" t="1" w="400" /><ent r="92" t="1" w="406" /><ent r="4" t="1" w="411" /><ent r="4" t="1" w="445" /><ent r="3" t="1" w="474" /><ent r="3" t="3" w="129" /><ent r="3" t="3" w="247" /><ent r="3" t="5" w="79" /><ent r="3" t="13" w="58" /><ent r="3" t="13" w="386" /><ent r="3" t="16" w="188" /><ent r="7" t="17" w="2145" /><ent r="4" t="17" w="2156" /><ent r="64" t="17" w="2335" /><ent r="4" t="17" w="2372" /><ent r="5" t="17" w="2377" /><ent r="4" t="19" w="609" /><ent r="64" t="19" w="788" /><ent r="4" t="19" w="825" /><ent r="5" t="19" w="830" /><ent r="4" t="20" w="809" /><ent r="64" t="20" w="990" /><ent r="4" t="20" w="1027" /><ent r="5" t="20" w="1032" /><ent r="4" t="21" w="862" /><ent r="64" t="21" w="1045" /><ent r="4" t="21" w="1082" /><ent r="5" t="21" w="1087" /><ent r="1000" t="22" w="6" /><ent r="100" t="22" w="13" /><ent r="102" t="22" w="30" /><ent r="3" t="22" w="48" /><ent r="4" t="22" w="100" /><ent r="3" t="23" w="236" /><ent r="5" t="23" w="321" /><ent r="4" t="23" w="402" /><ent r="7" t="23" w="696" /><ent r="7" t="23" w="697" /><ent r="5" t="24" w="190" /><ent r="5" t="24" w="221" /><ent r="5" t="24" w="270" /><ent r="5" t="24" w="548" /><ent r="5" t="24" w="579" /><ent r="3" t="24" w="734" /><ent r="4" t="24" w="806" /><ent r="4" t="24" w="860" /><ent r="3" t="24" w="934" /><ent r="4" t="26" w="1516" /><ent r="4" t="26" w="1607" /><ent r="4" t="26" w="1640" /><ent r="4" t="26" w="1641" /><ent r="100" t="28" w="12" /><ent r="100" t="28" w="17" /><ent r="3" t="28" w="154" /><ent r="3" t="28" w="163" /><ent r="3" t="28" w="193" /><ent r="3" t="28" w="211" /><ent r="7" t="28" w="411" /><ent r="68" t="28" w="437" /><ent r="7" t="28" w="502" /><ent r="8" t="28" w="519" /><ent r="8" t="28" w="543" /><ent r="68" t="28" w="557" /><ent r="68" t="28" w="612" /><ent r="3" t="28" w="615" /><ent r="3" t="28" w="662" /><ent r="3" t="28" w="679" /><ent r="64" t="28" w="691" /><ent r="3" t="28" w="717" /><ent r="64" t="28" w="724" /><ent r="92" t="28" w="739" /><ent r="3" t="28" w="744" /><ent r="3" t="28" w="783" /><ent r="3" t="28" w="787" /><ent r="3" t="28" w="832" /><ent r="3" t="28" w="868" /><ent r="4" t="28" w="1308" /><ent r="3" t="28" w="1314" /><ent r="3" t="29" w="70" /><ent r="1000" t="30" w="6" /><ent r="100" t="30" w="27" /><ent r="102" t="30" w="42" /><ent r="64" t="30" w="242" /><ent r="1000" t="31" w="3" /><ent r="100" t="31" w="17" /><ent r="100" t="31" w="23" /><ent r="102" t="31" w="29" /><ent r="82" t="31" w="150" /><ent r="3" t="31" w="167" /><ent r="3" t="31" w="189" /><ent r="82" t="31" w="259" /><ent r="3" t="31" w="282" /><ent r="3" t="31" w="296" /><ent r="3" t="31" w="339" /><ent r="4" t="31" w="369" /><ent r="65" t="31" w="383" /><ent r="5" t="31" w="393" /><ent r="5" t="31" w="413" /><ent r="3" t="31" w="468" /><ent r="4" t="31" w="496" /><ent r="4" t="31" w="549" /><ent r="4" t="31" w="556" /><ent r="4" t="31" w="616" /><ent r="4" t="31" w="621" /><ent r="5" t="31" w="704" /><ent r="1000" t="32" w="3" /><ent r="100" t="32" w="8" /><ent r="100" t="32" w="26" /><ent r="100" t="32" w="29" /><ent r="102" t="32" w="34" /><ent r="3" t="32" w="38" /><ent r="3" t="32" w="64" /><ent r="3" t="32" w="73" /><ent r="3" t="32" w="94" /><ent r="3" t="32" w="171" /><ent r="4" t="32" w="236" /><ent r="3" t="32" w="242" /><ent r="5" t="32" w="252" /><ent r="7" t="32" w="275" /><ent r="7" t="32" w="335" /><ent r="7" t="32" w="446" /><ent r="68" t="32" w="455" /><ent r="4" t="32" w="572" /><ent r="1000" t="33" w="4" /><ent r="100" t="33" w="16" /><ent r="102" t="33" w="21" /><ent r="3" t="33" w="31" /><ent r="6" t="33" w="188" /><ent r="1000" t="34" w="3" /><ent r="100" t="34" w="14" /><ent r="102" t="34" w="18" /><ent r="3" t="34" w="72" /><ent r="3" t="34" w="105" /><ent r="3" t="34" w="281" /><ent r="4" t="34" w="310" /><ent r="65" t="34" w="320" /><ent r="4" t="34" w="329" /><ent r="1000" t="35" w="3" /><ent r="100" t="35" w="14" /><ent r="102" t="35" w="18" /><ent r="82" t="36" w="185" /><ent r="82" t="36" w="250" /><ent r="82" t="36" w="385" /><ent r="4" t="38" w="150" /><ent r="4" t="39" w="777" /><ent r="3" t="39" w="868" /><ent r="3" t="39" w="957" /><ent r="3" t="39" w="967" /><ent r="3" t="39" w="1010" /><ent r="100" t="39" w="1030" /><ent r="3" t="39" w="1113" /><ent r="3" t="39" w="1134" /><ent r="3" t="40" w="78" /><ent r="3" t="40" w="90" /><ent r="3" t="41" w="39" /><ent r="3" t="41" w="247" /><ent r="3" t="41" w="1110" /><ent r="4" t="41" w="2012" /><ent r="3" t="41" w="2161" /><ent r="3" t="43" w="138" /><ent r="3" t="43" w="152" /><ent r="3" t="46" w="541" /><ent r="100" t="47" w="13" /><ent r="82" t="47" w="778" /><ent r="3" t="47" w="783" /><ent r="3" t="47" w="814" /><ent r="4" t="48" w="518" /><ent r="4" t="49" w="110" /><ent r="6" t="49" w="154" /><ent r="6" t="49" w="176" /><ent r="6" t="49" w="205" /><ent r="7" t="49" w="235" /><ent r="6" t="49" w="277" /><ent r="6" t="49" w="326" /><ent r="6" t="49" w="394" /><ent r="7" t="49" w="485" /><ent r="6" t="49" w="526" /><ent r="3" t="50" w="43" /><ent r="4" t="50" w="129" /><ent r="6" t="50" w="186" /><ent r="6" t="50" w="208" /><ent r="6" t="50" w="258" /><ent r="6" t="50" w="277" /><ent r="6" t="50" w="411" /><ent r="7" t="50" w="423" /><ent r="7" t="50" w="466" /><ent r="7" t="50" w="500" /><ent r="6" t="50" w="511" /><ent r="7" t="50" w="547" /><ent r="3" t="50" w="761" /><ent r="3" t="50" w="838" /><ent r="4" t="50" w="1075" /><ent r="3" t="51" w="232" /><ent r="3" t="52" w="352" /><ent r="3" t="52" w="392" /><ent r="3" t="53" w="453" /><ent r="3" t="53" w="508" /><ent r="3" t="54" w="102" /><ent r="4" t="54" w="125" /><ent r="3" t="54" w="159" /><ent r="4" t="54" w="175" /><ent r="3" t="54" w="181" /><ent r="3" t="54" w="187" /><ent r="4" t="54" w="215" /><ent r="3" t="54" w="220" /><ent r="3" t="54" w="229" /><ent r="3" t="54" w="235" /><ent r="3" t="54" w="265" /><ent r="3" t="54" w="281" /><ent r="4" t="54" w="315" /><ent r="4" t="54" w="325" /><ent r="3" t="54" w="330" /><ent r="4" t="54" w="393" /><ent r="6" t="54" w="563" /><ent r="4" t="54" w="1423" /><ent r="4" t="54" w="1453" /><ent r="3" t="54" w="1648" /><ent r="4" t="54" w="1688" /><ent r="4" t="54" w="1695" /><ent r="5" t="54" w="1702" /><ent r="4" t="54" w="1724" /><ent r="4" t="54" w="1735" /><ent r="5" t="54" w="1750" /><ent r="4" t="54" w="1755" /><ent r="4" t="59" w="105" /><ent r="3" t="59" w="110" /><ent r="7" t="61" w="75" /><ent r="3" t="64" w="67" /><ent r="3" t="64" w="96" /><ent r="1000" t="66" w="4" /><ent r="102" t="66" w="19" /><ent r="82" t="66" w="339" /><ent r="1000" t="67" w="1" /><ent r="100" t="67" w="9" /><ent r="102" t="67" w="13" /><ent r="7" t="67" w="75" /></phr><phr n="policy"><ent r="3" t="1" w="57" /><ent r="3" t="1" w="136" /><ent r="3" t="3" w="76" /><ent r="3" t="3" w="121" /><ent r="3" t="3" w="153" /><ent r="3" t="3" w="192" /><ent r="3" t="3" w="311" /><ent r="6" t="4" w="295" /><ent r="3" t="5" w="119" /><ent r="6" t="17" w="2095" /><ent r="6" t="17" w="2133" /><ent r="4" t="17" w="2162" /><ent r="3" t="17" w="2235" /><ent r="3" t="17" w="2309" /><ent r="3" t="17" w="2319" /><ent r="4" t="17" w="2386" /><ent r="3" t="17" w="2424" /><ent r="4" t="19" w="615" /><ent r="3" t="19" w="688" /><ent r="3" t="19" w="762" /><ent r="3" t="19" w="772" /><ent r="4" t="19" w="839" /><ent r="3" t="19" w="877" /><ent r="4" t="20" w="815" /><ent r="3" t="20" w="890" /><ent r="3" t="20" w="964" /><ent r="3" t="20" w="974" /><ent r="4" t="20" w="1041" /><ent r="3" t="20" w="1079" /><ent r="4" t="21" w="868" /><ent r="3" t="21" w="945" /><ent r="3" t="21" w="1019" /><ent r="3" t="21" w="1029" /><ent r="4" t="21" w="1096" /><ent r="3" t="21" w="1134" /><ent r="100" t="22" w="18" /><ent r="100" t="22" w="21" /><ent r="3" t="22" w="61" /><ent r="3" t="22" w="75" /><ent r="6" t="22" w="571" /><ent r="8" t="23" w="676" /><ent r="7" t="23" w="685" /><ent r="8" t="23" w="733" /><ent r="3" t="23" w="815" /><ent r="3" t="24" w="898" /><ent r="3" t="25" w="73" /><ent r="4" t="25" w="115" /><ent r="3" t="25" w="174" /><ent r="4" t="26" w="1528" /><ent r="4" t="26" w="1627" /><ent r="4" t="26" w="1675" /><ent r="5" t="26" w="1684" /><ent r="3" t="26" w="1698" /><ent r="3" t="26" w="1701" /><ent r="3" t="27" w="97" /><ent r="3" t="27" w="150" /><ent r="3" t="27" w="248" /><ent r="3" t="27" w="303" /><ent r="100" t="28" w="49" /><ent r="4" t="28" w="67" /><ent r="4" t="28" w="80" /><ent r="4" t="28" w="96" /><ent r="4" t="28" w="110" /><ent r="3" t="28" w="229" /><ent r="3" t="28" w="283" /><ent r="7" t="28" w="573" /><ent r="7" t="28" w="596" /><ent r="3" t="28" w="619" /><ent r="3" t="28" w="672" /><ent r="3" t="28" w="713" /><ent r="3" t="28" w="755" /><ent r="3" t="28" w="793" /><ent r="3" t="28" w="860" /><ent r="4" t="28" w="940" /><ent r="4" t="28" w="952" /><ent r="4" t="28" w="1091" /><ent r="4" t="28" w="1108" /><ent r="4" t="28" w="1199" /><ent r="4" t="28" w="1237" /><ent r="3" t="28" w="1305" /><ent r="3" t="29" w="75" /><ent r="3" t="29" w="92" /><ent r="100" t="30" w="10" /><ent r="100" t="30" w="14" /><ent r="100" t="30" w="30" /><ent r="100" t="30" w="34" /><ent r="64" t="30" w="47" /><ent r="3" t="30" w="57" /><ent r="3" t="30" w="66" /><ent r="3" t="30" w="77" /><ent r="3" t="30" w="141" /><ent r="4" t="30" w="210" /><ent r="4" t="30" w="219" /><ent r="3" t="30" w="231" /><ent r="100" t="31" w="10" /><ent r="3" t="31" w="40" /><ent r="3" t="31" w="51" /><ent r="3" t="31" w="64" /><ent r="3" t="31" w="177" /><ent r="3" t="31" w="196" /><ent r="3" t="31" w="326" /><ent r="4" t="31" w="481" /><ent r="3" t="31" w="520" /><ent r="5" t="31" w="680" /><ent r="100" t="32" w="13" /><ent r="100" t="32" w="17" /><ent r="100" t="32" w="21" /><ent r="3" t="32" w="55" /><ent r="3" t="32" w="83" /><ent r="7" t="32" w="279" /><ent r="7" t="32" w="339" /><ent r="8" t="32" w="432" /><ent r="8" t="32" w="462" /><ent r="7" t="32" w="471" /><ent r="7" t="32" w="473" /><ent r="7" t="32" w="489" /><ent r="100" t="33" w="10" /><ent r="3" t="33" w="36" /><ent r="3" t="33" w="58" /><ent r="64" t="33" w="106" /><ent r="5" t="33" w="166" /><ent r="4" t="33" w="209" /><ent r="3" t="34" w="27" /><ent r="3" t="34" w="37" /><ent r="3" t="34" w="64" /><ent r="3" t="34" w="75" /><ent r="3" t="34" w="78" /><ent r="3" t="34" w="88" /><ent r="3" t="34" w="136" /><ent r="3" t="34" w="139" /><ent r="3" t="34" w="168" /><ent r="4" t="34" w="235" /><ent r="4" t="34" w="300" /><ent r="4" t="34" w="354" /><ent r="3" t="35" w="27" /><ent r="3" t="35" w="45" /><ent r="3" t="36" w="146" /><ent r="3" t="36" w="169" /><ent r="3" t="36" w="195" /><ent r="3" t="36" w="262" /><ent r="3" t="36" w="290" /><ent r="3" t="36" w="297" /><ent r="3" t="36" w="320" /><ent r="3" t="36" w="334" /><ent r="3" t="36" w="357" /><ent r="3" t="36" w="398" /><ent r="3" t="36" w="429" /><ent r="3" t="36" w="490" /><ent r="4" t="37" w="70" /><ent r="4" t="37" w="77" /><ent r="4" t="37" w="153" /><ent r="3" t="38" w="126" /><ent r="3" t="39" w="849" /><ent r="3" t="39" w="875" /><ent r="3" t="39" w="993" /><ent r="3" t="39" w="1165" /><ent r="3" t="41" w="33" /><ent r="3" t="41" w="61" /><ent r="3" t="41" w="243" /><ent r="3" t="41" w="859" /><ent r="3" t="41" w="1106" /><ent r="3" t="41" w="1310" /><ent r="7" t="42" w="210" /><ent r="7" t="42" w="373" /><ent r="7" t="42" w="385" /><ent r="3" t="46" w="305" /><ent r="3" t="46" w="487" /><ent r="3" t="46" w="752" /><ent r="3" t="47" w="705" /><ent r="3" t="47" w="736" /><ent r="3" t="47" w="846" /><ent r="6" t="49" w="536" /><ent r="3" t="52" w="348" /><ent r="3" t="54" w="105" /><ent r="3" t="54" w="155" /><ent r="3" t="54" w="194" /><ent r="3" t="54" w="248" /><ent r="3" t="54" w="302" /><ent r="3" t="54" w="305" /><ent r="3" t="54" w="339" /><ent r="4" t="54" w="353" /><ent r="8" t="54" w="884" /><ent r="8" t="54" w="1005" /><ent r="8" t="54" w="1317" /><ent r="4" t="54" w="1440" /><ent r="4" t="54" w="1480" /><ent r="3" t="54" w="1617" /><ent r="4" t="54" w="1710" /><ent r="4" t="54" w="1742" /><ent r="3" t="59" w="92" /><ent r="7" t="61" w="240" /><ent r="3" t="65" w="49" /><ent r="3" t="65" w="63" /><ent r="4" t="65" w="224" /><ent r="4" t="65" w="237" /><ent r="3" t="65" w="298" /><ent r="100" t="66" w="7" /><ent r="100" t="66" w="14" /><ent r="3" t="66" w="25" /><ent r="3" t="66" w="48" /><ent r="3" t="66" w="80" /><ent r="3" t="66" w="120" /><ent r="3" t="66" w="147" /><ent r="3" t="66" w="158" /><ent r="4" t="66" w="167" /><ent r="4" t="66" w="701" /><ent r="4" t="66" w="742" /><ent r="4" t="66" w="760" /><ent r="4" t="66" w="765" /><ent r="4" t="66" w="825" /><ent r="4" t="66" w="843" /><ent r="100" t="67" w="7" /><ent r="3" t="67" w="32" /><ent r="5" t="67" w="38" /><ent r="7" t="67" w="60" /><ent r="7" t="67" w="100" /><ent r="7" t="67" w="138" /><ent r="3" t="68" w="84" /><ent r="3" t="68" w="87" /></phr></stem><stem n="applic"><phr n="applications"><ent r="4" t="0" w="94" /><ent r="3" t="1" w="43" /><ent r="3" t="1" w="49" /><ent r="3" t="1" w="162" /><ent r="3" t="3" w="49" /><ent r="3" t="3" w="72" /><ent r="3" t="3" w="188" /><ent r="3" t="5" w="124" /><ent r="3" t="9" w="368" /><ent r="3" t="27" w="43" /><ent r="3" t="36" w="67" /><ent r="3" t="37" w="276" /><ent r="100" t="39" w="9" /><ent r="100" t="39" w="12" /><ent r="100" t="39" w="17" /><ent r="100" t="39" w="166" /><ent r="100" t="39" w="273" /><ent r="100" t="39" w="562" /><ent r="3" t="39" w="1055" /><ent r="3" t="40" w="205" /><ent r="3" t="47" w="41" /><ent r="3" t="47" w="153" /></phr><phr n="applicable"><ent r="3" t="1" w="112" /><ent r="4" t="28" w="71" /><ent r="4" t="28" w="115" /><ent r="3" t="28" w="200" /><ent r="3" t="28" w="808" /><ent r="3" t="34" w="145" /><ent r="4" t="37" w="73" /><ent r="4" t="53" w="198" /><ent r="7" t="54" w="525" /></phr><phr n="application"><ent r="4" t="1" w="186" /><ent r="4" t="1" w="418" /><ent r="4" t="5" w="217" /><ent r="4" t="5" w="266" /><ent r="4" t="5" w="305" /><ent r="3" t="7" w="246" /><ent r="6" t="17" w="786" /><ent r="6" t="17" w="921" /><ent r="6" t="26" w="531" /><ent r="6" t="26" w="679" /><ent r="3" t="27" w="82" /><ent r="3" t="27" w="133" /><ent r="7" t="28" w="357" /><ent r="4" t="28" w="1282" /><ent r="5" t="31" w="419" /><ent r="3" t="31" w="462" /><ent r="9" t="32" w="314" /><ent r="9" t="32" w="373" /><ent r="3" t="36" w="37" /><ent r="3" t="36" w="133" /><ent r="3" t="36" w="241" /><ent r="3" t="36" w="508" /><ent r="3" t="36" w="608" /><ent r="3" t="37" w="45" /><ent r="4" t="37" w="134" /><ent r="4" t="37" w="213" /><ent r="3" t="37" w="244" /><ent r="3" t="39" w="41" /><ent r="3" t="39" w="49" /><ent r="3" t="39" w="66" /><ent r="3" t="39" w="100" /><ent r="3" t="39" w="175" /><ent r="3" t="39" w="285" /><ent r="3" t="39" w="326" /><ent r="3" t="39" w="584" /><ent r="3" t="39" w="680" /><ent r="4" t="39" w="925" /><ent r="100" t="39" w="1035" /><ent r="3" t="41" w="145" /><ent r="3" t="41" w="329" /><ent r="3" t="41" w="339" /><ent r="4" t="41" w="1714" /><ent r="4" t="43" w="106" /><ent r="6" t="44" w="354" /><ent r="6" t="44" w="366" /><ent r="3" t="46" w="43" /><ent r="3" t="46" w="64" /><ent r="3" t="46" w="88" /><ent r="4" t="46" w="155" /><ent r="4" t="46" w="213" /><ent r="3" t="46" w="249" /><ent r="3" t="46" w="318" /><ent r="3" t="47" w="92" /><ent r="100" t="47" w="237" /><ent r="8" t="58" w="226" /></phr><phr n="Applications"><ent r="65" t="5" w="256" /><ent r="5" t="8" w="316" /><ent r="5" t="8" w="404" /><ent r="64" t="27" w="186" /><ent r="64" t="36" w="72" /><ent r="64" t="37" w="262" /><ent r="1000" t="39" w="3" /><ent r="100" t="39" w="21" /><ent r="102" t="39" w="25" /><ent r="64" t="39" w="710" /><ent r="82" t="39" w="1045" /></phr><phr n="Application"><ent r="92" t="47" w="245" /></phr></stem><stem n="messag"><phr n="Message"><ent r="65" t="0" w="98" /><ent r="65" t="5" w="334" /><ent r="64" t="27" w="165" /><ent r="3" t="28" w="30" /><ent r="125" t="31" w="473" /><ent r="65" t="31" w="594" /><ent r="64" t="32" w="164" /><ent r="1000" t="36" w="2" /><ent r="100" t="36" w="8" /><ent r="100" t="36" w="11" /><ent r="102" t="36" w="19" /><ent r="64" t="36" w="99" /><ent r="64" t="36" w="104" /><ent r="92" t="36" w="114" /><ent r="82" t="36" w="181" /><ent r="82" t="36" w="244" /><ent r="82" t="36" w="381" /><ent r="92" t="36" w="457" /><ent r="64" t="36" w="579" /><ent r="1000" t="37" w="2" /><ent r="100" t="37" w="12" /><ent r="100" t="37" w="15" /><ent r="102" t="37" w="19" /><ent r="64" t="37" w="224" /><ent r="1000" t="38" w="1" /><ent r="100" t="38" w="4" /><ent r="102" t="38" w="18" /><ent r="82" t="38" w="108" /><ent r="3" t="38" w="111" /><ent r="64" t="39" w="162" /><ent r="92" t="39" w="566" /><ent r="64" t="39" w="1003" /><ent r="64" t="41" w="157" /><ent r="7" t="42" w="344" /><ent r="100" t="43" w="55" /><ent r="65" t="43" w="80" /><ent r="1000" t="44" w="2" /><ent r="100" t="44" w="10" /><ent r="102" t="44" w="17" /><ent r="100" t="44" w="223" /><ent r="5" t="44" w="248" /><ent r="4" t="44" w="253" /><ent r="5" t="44" w="285" /><ent r="5" t="44" w="505" /><ent r="92" t="46" w="365" /><ent r="9" t="54" w="855" /><ent r="9" t="54" w="874" /><ent r="9" t="54" w="1288" /><ent r="9" t="54" w="1307" /><ent r="68" t="61" w="102" /><ent r="68" t="61" w="129" /><ent r="1000" t="62" w="4" /><ent r="100" t="62" w="7" /><ent r="102" t="62" w="26" /></phr><phr n="message"><ent r="4" t="0" w="105" /><ent r="3" t="3" w="91" /><ent r="3" t="3" w="116" /><ent r="4" t="5" w="300" /><ent r="4" t="13" w="179" /><ent r="9" t="17" w="1492" /><ent r="4" t="20" w="406" /><ent r="4" t="21" w="433" /><ent r="3" t="23" w="67" /><ent r="3" t="23" w="85" /><ent r="3" t="27" w="78" /><ent r="3" t="27" w="86" /><ent r="3" t="27" w="101" /><ent r="3" t="27" w="128" /><ent r="3" t="27" w="160" /><ent r="4" t="28" w="120" /><ent r="3" t="28" w="161" /><ent r="7" t="28" w="325" /><ent r="7" t="28" w="341" /><ent r="7" t="28" w="381" /><ent r="3" t="28" w="650" /><ent r="3" t="28" w="813" /><ent r="3" t="28" w="854" /><ent r="4" t="28" w="1047" /><ent r="4" t="28" w="1076" /><ent r="4" t="28" w="1087" /><ent r="4" t="28" w="1183" /><ent r="4" t="28" w="1188" /><ent r="4" t="28" w="1202" /><ent r="4" t="28" w="1220" /><ent r="4" t="28" w="1256" /><ent r="4" t="28" w="1270" /><ent r="4" t="28" w="1275" /><ent r="3" t="31" w="46" /><ent r="3" t="31" w="163" /><ent r="3" t="31" w="183" /><ent r="3" t="31" w="217" /><ent r="3" t="31" w="230" /><ent r="3" t="31" w="273" /><ent r="3" t="31" w="319" /><ent r="4" t="31" w="536" /><ent r="4" t="31" w="547" /><ent r="4" t="31" w="614" /><ent r="5" t="31" w="648" /><ent r="5" t="31" w="674" /><ent r="3" t="32" w="134" /><ent r="3" t="34" w="150" /><ent r="3" t="34" w="303" /><ent r="100" t="36" w="15" /><ent r="100" t="36" w="110" /><ent r="3" t="36" w="129" /><ent r="3" t="36" w="137" /><ent r="3" t="36" w="153" /><ent r="3" t="36" w="191" /><ent r="3" t="36" w="205" /><ent r="3" t="36" w="218" /><ent r="3" t="36" w="232" /><ent r="3" t="36" w="256" /><ent r="3" t="36" w="272" /><ent r="3" t="36" w="311" /><ent r="3" t="36" w="394" /><ent r="3" t="36" w="425" /><ent r="3" t="36" w="465" /><ent r="3" t="36" w="478" /><ent r="3" t="36" w="504" /><ent r="3" t="36" w="604" /><ent r="3" t="36" w="616" /><ent r="100" t="37" w="8" /><ent r="4" t="37" w="130" /><ent r="4" t="37" w="138" /><ent r="4" t="37" w="176" /><ent r="4" t="37" w="184" /><ent r="4" t="37" w="209" /><ent r="3" t="37" w="235" /><ent r="3" t="38" w="47" /><ent r="3" t="38" w="61" /><ent r="3" t="38" w="80" /><ent r="3" t="38" w="83" /><ent r="100" t="39" w="563" /><ent r="3" t="39" w="594" /><ent r="3" t="39" w="665" /><ent r="3" t="39" w="672" /><ent r="3" t="39" w="744" /><ent r="4" t="39" w="774" /><ent r="4" t="39" w="818" /><ent r="3" t="39" w="845" /><ent r="3" t="39" w="853" /><ent r="3" t="39" w="862" /><ent r="4" t="39" w="885" /><ent r="4" t="39" w="903" /><ent r="4" t="39" w="946" /><ent r="3" t="39" w="962" /><ent r="3" t="39" w="984" /><ent r="3" t="39" w="998" /><ent r="3" t="39" w="1014" /><ent r="3" t="39" w="1060" /><ent r="3" t="39" w="1091" /><ent r="3" t="39" w="1131" /><ent r="3" t="39" w="1156" /><ent r="3" t="41" w="71" /><ent r="3" t="41" w="140" /><ent r="3" t="41" w="722" /><ent r="3" t="41" w="736" /><ent r="7" t="42" w="182" /><ent r="7" t="42" w="193" /><ent r="7" t="42" w="390" /><ent r="7" t="42" w="403" /><ent r="100" t="43" w="24" /><ent r="4" t="43" w="63" /><ent r="100" t="44" w="6" /><ent r="100" t="44" w="14" /><ent r="3" t="44" w="30" /><ent r="3" t="44" w="56" /><ent r="4" t="44" w="64" /><ent r="4" t="44" w="110" /><ent r="4" t="44" w="154" /><ent r="3" t="44" w="166" /><ent r="3" t="44" w="216" /><ent r="100" t="44" w="220" /><ent r="100" t="44" w="244" /><ent r="3" t="44" w="269" /><ent r="6" t="44" w="395" /><ent r="6" t="44" w="458" /><ent r="6" t="44" w="469" /><ent r="6" t="44" w="480" /><ent r="3" t="46" w="294" /><ent r="3" t="46" w="520" /><ent r="9" t="54" w="806" /><ent r="8" t="54" w="868" /><ent r="9" t="54" w="1077" /><ent r="9" t="54" w="1116" /><ent r="9" t="54" w="1187" /><ent r="9" t="54" w="1203" /><ent r="9" t="54" w="1248" /><ent r="3" t="55" w="168" /><ent r="3" t="59" w="264" /><ent r="4" t="59" w="301" /><ent r="7" t="61" w="89" /><ent r="7" t="61" w="116" /><ent r="100" t="62" w="13" /><ent r="100" t="62" w="20" /></phr><phr n="messages"><ent r="3" t="3" w="148" /><ent r="4" t="5" w="221" /><ent r="4" t="5" w="243" /><ent r="4" t="5" w="316" /><ent r="6" t="17" w="1817" /><ent r="6" t="17" w="2059" /><ent r="6" t="17" w="2089" /><ent r="4" t="17" w="2361" /><ent r="6" t="19" w="376" /><ent r="4" t="19" w="814" /><ent r="6" t="20" w="576" /><ent r="4" t="20" w="1016" /><ent r="6" t="21" w="629" /><ent r="4" t="21" w="1071" /><ent r="6" t="26" w="1287" /><ent r="3" t="27" w="64" /><ent r="3" t="27" w="173" /><ent r="7" t="28" w="358" /><ent r="8" t="28" w="516" /><ent r="8" t="28" w="535" /><ent r="4" t="28" w="1294" /><ent r="3" t="31" w="466" /><ent r="3" t="36" w="33" /><ent r="3" t="36" w="64" /><ent r="3" t="37" w="249" /><ent r="3" t="38" w="32" /><ent r="3" t="38" w="40" /><ent r="3" t="38" w="53" /><ent r="3" t="39" w="580" /><ent r="3" t="39" w="686" /><ent r="100" t="39" w="1039" /><ent r="3" t="39" w="1063" /><ent r="3" t="41" w="95" /><ent r="4" t="43" w="102" /><ent r="6" t="44" w="303" /><ent r="6" t="44" w="329" /><ent r="6" t="44" w="356" /><ent r="6" t="44" w="368" /><ent r="6" t="44" w="370" /><ent r="3" t="45" w="102" /><ent r="3" t="47" w="699" /><ent r="3" t="47" w="714" /><ent r="3" t="54" w="202" /><ent r="7" t="54" w="1334" /><ent r="4" t="54" w="1732" /><ent r="3" t="62" w="34" /></phr><phr n="Messages"><ent r="6" t="17" w="2102" /><ent r="7" t="17" w="2121" /><ent r="4" t="38" w="132" /><ent r="4" t="44" w="119" /><ent r="6" t="44" w="474" /><ent r="3" t="54" w="161" /><ent r="4" t="54" w="176" /><ent r="3" t="54" w="189" /><ent r="4" t="54" w="1737" /></phr></stem></index>