﻿<?xml version="1.0" encoding="utf-8"?>
<CatapultToc Version="1" DescendantCount="70">
    <TocEntry Title="Chapter 1: Getting Started" StartChapter="true" PageLayout="/Content/Resources/PageLayouts/Chapters.flpgl" PageType="right" PageNumberReset="reset" PageNumberFormat="decimal" PageNumber="1" StartSection="false" ReplaceMergeNode="false" Link="/content/welcome.htm" ComputedResetPageLayout="true" ComputedFirstTopic="true" DescendantCount="2">
        <TocEntry Title="Overview" Link="/content/overview.htm" ComputedFirstTopic="false" DescendantCount="0" />
        <TocEntry Title="About This Help System" Link="/content/about_this_help_system.htm" conditions="Primary.Exclude_from_print" ComputedFirstTopic="false" DescendantCount="0" />
    </TocEntry>
    <TocEntry Title="Chapter 2: Using the SecureSpan XML VPN Client" StartChapter="true" PageType="right" PageNumber="1" PageNumberReset="continue" StartSection="false" Link="/content/securespan_xml_vpn_client_overview.htm" ComputedResetPageLayout="true" ComputedFirstTopic="false" DescendantCount="43">
        <TocEntry Title="Interface" Link="/content/interface.htm" ComputedFirstTopic="false" DescendantCount="0" />
        <TocEntry Title="General Workflow" Link="/content/general_workflow.htm" ComputedFirstTopic="false" DescendantCount="0" />
        <TocEntry Title="Troubleshooting Mode" Link="/content/troubleshooting_mode.htm" ComputedFirstTopic="false" DescendantCount="0" />
        <TocEntry Title="Daemon Mode" Link="/content/securespan_xml_vpn_client_in_daemon_mode.htm" ComputedFirstTopic="false" DescendantCount="0" />
        <TocEntry Title="Service Mode" Link="/content/securespan_xml_vpn_client_in_service_mode.htm" ComputedFirstTopic="false" DescendantCount="0" />
        <TocEntry Title="Working with Gateway Accounts" Link="/content/about_securespan_gateway_accounts.htm" ComputedFirstTopic="false" DescendantCount="15">
            <TocEntry Title="Managing Gateway Accounts" Link="/content/managing_gateway_accounts.htm" ComputedFirstTopic="false" DescendantCount="5">
                <TocEntry Title="Editing a Gateway Account" Link="/content/editing_a_gateway_account.htm" ComputedFirstTopic="false" DescendantCount="0" />
                <TocEntry Title="Deleting a Gateway Account" Link="/content/deleting_a_gateway_account.htm" ComputedFirstTopic="false" DescendantCount="0" />
                <TocEntry Title="Changing the Gateway Password" Link="/content/changing_the_gateway_password.htm" ComputedFirstTopic="false" DescendantCount="0" />
                <TocEntry Title="Changing the Default Gateway Account" Link="/content/changing_the_default_gateway_account.htm" ComputedFirstTopic="false" DescendantCount="0" />
                <TocEntry Title="Removing the Default Status for a Gateway Account" Link="/content/removing_the_default_status_for_a_gateway_account.htm" ComputedFirstTopic="false" DescendantCount="0" />
            </TocEntry>
            <TocEntry Title="Trusted Gateway Accounts" Link="/content/trusted_gateway_accounts.htm" ComputedFirstTopic="false" DescendantCount="1">
                <TocEntry Title="Creating a Trusted Gateway Account" Link="/content/creating_a_trusted_gateway_account.htm" ComputedFirstTopic="false" DescendantCount="0" />
            </TocEntry>
            <TocEntry Title="Federated Gateway Accounts" Link="/content/federated_gateway_accounts.htm" ComputedFirstTopic="false" DescendantCount="3">
                <TocEntry Title="Creating Account Based on Trusted Gateway" Link="/content/creating_a_federated_gateway_account__trusted_gateway_.htm" ComputedFirstTopic="false" DescendantCount="0" />
                <TocEntry Title="Creating Account Based on WS-Federation" Link="/content/creating_a_federated_gateway_account__ws-federation_.htm" ComputedFirstTopic="false" DescendantCount="0" />
                <TocEntry Title="Creating Account Based on WS-Trust" Link="/content/creating_a_federated_gateway_account__ws-trust_.htm" ComputedFirstTopic="false" DescendantCount="0" />
            </TocEntry>
            <TocEntry Title="Defining Additional Properties for Client Policy" Link="/content/defining_additional_properties_for_client_policy.htm" ComputedFirstTopic="false" DescendantCount="0" />
            <TocEntry Title="Configuring SAML Sender Vouches" Link="/content/configuring_saml_sender_vouches.htm" ComputedFirstTopic="false" DescendantCount="0" />
            <TocEntry Title="Configuring WS-Federation Credential Exchange" Link="/content/configuring_ws-federation_credential_exchange.htm" ComputedFirstTopic="false" DescendantCount="0" />
        </TocEntry>
        <TocEntry Title="Generic Web Services" Link="/content/generic_web_services.htm" ComputedFirstTopic="false" DescendantCount="1">
            <TocEntry Title="Connecting to a Generic Web Service" Link="/content/connecting_to_a_generic_web_service.htm" ComputedFirstTopic="false" DescendantCount="0" />
        </TocEntry>
        <TocEntry Title="Working with Policies" Link="/content/policies_and_the_xml_vpn_client.htm" ComputedFirstTopic="false" DescendantCount="6">
            <TocEntry Title="About Stored Policies" Link="/content/about_stored_policies.htm" ComputedFirstTopic="false" DescendantCount="0" />
            <TocEntry Title="Managing Stored Policies" Link="/content/manage_stored_policies.htm" ComputedFirstTopic="false" DescendantCount="4">
                <TocEntry Title="Locking or Unlocking a Stored Policy" Link="/content/locking_or_unlocking_a_stored_policy.htm" ComputedFirstTopic="false" DescendantCount="0" />
                <TocEntry Title="Setting the Policy Match Type" Link="/content/setting_the_policy_match_type.htm" ComputedFirstTopic="false" DescendantCount="0" />
                <TocEntry Title="Configuring the Policy Attachment Key" Link="/content/configuring_the_policy_resolution.htm" ComputedFirstTopic="false" DescendantCount="0" />
                <TocEntry Title="Deleting a Stored Policy" Link="/content/deleting_a_stored_policy.htm" ComputedFirstTopic="false" DescendantCount="0" />
            </TocEntry>
        </TocEntry>
        <TocEntry Title="Importing a Policy" Link="/content/importing_a_policy.htm" ComputedFirstTopic="false" DescendantCount="0" />
        <TocEntry Title="Exporting a Policy" Link="/content/exporting_a_policy.htm" ComputedFirstTopic="false" DescendantCount="0" />
        <TocEntry Title="Configuring Message Routing" Link="/content/about_message_routing.htm" ComputedFirstTopic="false" DescendantCount="3">
            <TocEntry Title="Configuring Message Routing" Link="/content/configure_message_routing.htm" ComputedFirstTopic="false" DescendantCount="0" />
            <TocEntry Title="Message Compression" Link="/content/message_compression.htm" ComputedFirstTopic="false" DescendantCount="0" />
            <TocEntry Title="Configuring Client Applications" Link="/content/configure_client_applications.htm" ComputedFirstTopic="false" DescendantCount="0" />
        </TocEntry>
        <TocEntry Title="Managing Security Sessions" Link="/content/manage_security_sessions.htm" ComputedFirstTopic="false" DescendantCount="2">
            <TocEntry Title="About SSL/TLS Security Sessions" Link="/content/about_ssl_tls_security_sessions.htm" ComputedFirstTopic="false" DescendantCount="0" />
            <TocEntry Title="Life Cycle of Security Sessions" Link="/content/lifecycle_of_security_sessions.htm" ComputedFirstTopic="false" DescendantCount="0" />
        </TocEntry>
        <TocEntry Title="Analyzing XML VPN Client Performance" Link="/content/analyzing_securespan_xml_vpn_client_performance.htm" ComputedFirstTopic="false" DescendantCount="2">
            <TocEntry Title="Viewing Message Traffic" Link="/content/viewing_message_traffic.htm" ComputedFirstTopic="false" DescendantCount="0" />
            <TocEntry Title="Viewing the Log Files" Link="/content/viewing_the_log_files.htm" ComputedFirstTopic="false" DescendantCount="0" />
        </TocEntry>
        <TocEntry Title="Configuring Windows Domain Identity Injection" Link="/content/configuring_windows_identity_injection.htm" ComputedFirstTopic="false" DescendantCount="0" />
    </TocEntry>
    <TocEntry Title="Chapter 3: Identity Bridging" Link="/content/identity_bridging.htm" StartChapter="true" PageType="right" PageNumber="1" PageNumberReset="continue" StartSection="false" ComputedResetPageLayout="true" ComputedFirstTopic="false" DescendantCount="12">
        <TocEntry Title="Requirements" Link="/content/identity_bridging_requirements.htm" ComputedFirstTopic="false" DescendantCount="0" />
        <TocEntry Title="SAML Workflow" Link="/content/workflow_using_saml.htm" ComputedFirstTopic="false" DescendantCount="0" />
        <TocEntry Title="X.509 Certificate Workflow" Link="/content/workflow_using_an_x.509_certificate.htm" ComputedFirstTopic="false" DescendantCount="0" />
        <TocEntry Title="Managing Certificates" Link="/content/managing_certificates.htm" ComputedFirstTopic="false" DescendantCount="0" />
        <TocEntry Title="Managing Federated Identity Providers" Link="/content/federated_identity_providers.htm" ComputedFirstTopic="false" DescendantCount="0" />
        <TocEntry Title="Managing FIP Users and Groups" Link="/content/federated_identity_provider_users_and_groups.htm" ComputedFirstTopic="false" DescendantCount="0" />
        <TocEntry Title="Configuring SAML Policies for Identity Bridging" Link="/content/configuring_saml_policies_for_identity_bridging.htm" ComputedFirstTopic="false" DescendantCount="0" />
        <TocEntry Title="Configuring Gateway Accounts for Identity Bridging" Link="/content/configuring_gateway_accounts_for_identity_bridging.htm" ComputedFirstTopic="false" DescendantCount="3">
            <TocEntry Title="Configuring Gateway Accounts" Link="/content/configure_securespan_gateway_accounts.htm" ComputedFirstTopic="false" DescendantCount="0" />
            <TocEntry Title="Full Identity Bridging Method" Link="/content/full_identity_bridging_method.htm" ComputedFirstTopic="false" DescendantCount="0" />
            <TocEntry Title="Ad-hoc Identity Bridging Method" Link="/content/ad-hoc_identity_bridging_method.htm" ComputedFirstTopic="false" DescendantCount="0" />
        </TocEntry>
        <TocEntry Title="Consuming Shared Web Services" Link="/content/consume_shared_web_service.htm" ComputedFirstTopic="false" DescendantCount="0" />
    </TocEntry>
    <TocEntry Title="Appendixes" ComputedFirstTopic="false" DescendantCount="10">
        <TocEntry Title="Appx A: Contact/Copyright" Link="/content/contact_information.htm" StartSection="false" StartChapter="false" ComputedFirstTopic="false" DescendantCount="1">
            <TocEntry Title="Copyright" Link="/content/copyrights.htm" StartChapter="false" PageType="right" PageNumber="1" PageNumberReset="continue" StartSection="false" ComputedFirstTopic="false" DescendantCount="0" />
        </TocEntry>
        <TocEntry Title="Appx B: System Properties" Link="/content/system_properties.htm" StartChapter="true" PageType="right" PageNumber="1" PageNumberReset="continue" StartSection="false" ComputedResetPageLayout="true" ComputedFirstTopic="false" DescendantCount="5">
            <TocEntry Title="Enabling Request/Response Message Logging" Link="/content/enabling_request_response_message_logging.htm" ComputedFirstTopic="false" DescendantCount="0" />
            <TocEntry Title="Overriding the Logging Default Severity Level" Link="/content/overriding_logging_default_security_level.htm" ComputedFirstTopic="false" DescendantCount="0" />
            <TocEntry Title="Overriding the HTTP Time-Out Period" Link="/content/overriding_http_time-out_period.htm" ComputedFirstTopic="false" DescendantCount="0" />
            <TocEntry Title="Overriding Key Usage" Link="/content/overriding_key_usage.htm" ComputedFirstTopic="false" DescendantCount="1">
                <TocEntry Title="Key Usage Enforcement Policy" Link="/content/key_usage_enforcement_policy.htm" ComputedFirstTopic="false" DescendantCount="0" />
            </TocEntry>
        </TocEntry>
        <TocEntry Title="Appx C: Policy Authentication Hierarchy" Link="/content/policy_authentication_hierarchy.htm" StartChapter="true" PageType="right" PageNumber="1" PageNumberReset="continue" StartSection="false" ComputedResetPageLayout="true" ComputedFirstTopic="false" DescendantCount="0" />
        <TocEntry Title="Appx D: Using the WSIL Viewer" Link="/content/using_the_wsil_viewer.htm" StartChapter="true" PageType="right" PageNumber="1" PageNumberReset="continue" StartSection="false" ComputedResetPageLayout="true" ComputedFirstTopic="false" DescendantCount="0" />
    </TocEntry>
</CatapultToc>