<?xml version="1.0" encoding="utf-8"?><index><stem n="contac"><phr n="contact"><ent r="4" t="0" w="151" /><ent r="4" t="0" w="151" /><ent r="64" t="5" w="95" /><ent r="64" t="5" w="95" /><ent r="3" t="5" w="160" /><ent r="3" t="5" w="160" /><ent r="4" t="21" w="437" /><ent r="4" t="21" w="437" /><ent r="4" t="22" w="459" /><ent r="4" t="22" w="459" /><ent r="4" t="29" w="998" /><ent r="4" t="29" w="998" /><ent r="64" t="37" w="447" /><ent r="64" t="37" w="447" /><ent r="64" t="67" w="282" /><ent r="64" t="67" w="282" /></phr><phr n="Contacting"><ent r="65" t="0" w="155" /><ent r="65" t="0" w="155" /><ent r="102" t="61" w="8" /><ent r="102" t="61" w="8" /></phr><phr n="Contact"><ent r="1000" t="61" w="1" /><ent r="1000" t="61" w="1" /><ent r="100" t="61" w="136" /><ent r="100" t="61" w="136" /><ent r="82" t="61" w="139" /><ent r="82" t="61" w="139" /></phr></stem><stem n="ontact"><phr n="contact"><ent r="4" t="0" w="151" /><ent r="4" t="0" w="151" /><ent r="64" t="5" w="95" /><ent r="64" t="5" w="95" /><ent r="3" t="5" w="160" /><ent r="3" t="5" w="160" /><ent r="4" t="21" w="437" /><ent r="4" t="21" w="437" /><ent r="4" t="22" w="459" /><ent r="4" t="22" w="459" /><ent r="4" t="29" w="998" /><ent r="4" t="29" w="998" /><ent r="64" t="37" w="447" /><ent r="64" t="37" w="447" /><ent r="64" t="67" w="282" /><ent r="64" t="67" w="282" /></phr><phr n="Contacting"><ent r="65" t="0" w="155" /><ent r="65" t="0" w="155" /><ent r="102" t="61" w="8" /><ent r="102" t="61" w="8" /></phr><phr n="Contact"><ent r="1000" t="61" w="1" /><ent r="1000" t="61" w="1" /><ent r="100" t="61" w="136" /><ent r="100" t="61" w="136" /><ent r="82" t="61" w="139" /><ent r="82" t="61" w="139" /></phr></stem><stem n="ctin"><phr n="Contacting"><ent r="65" t="0" w="155" /><ent r="65" t="0" w="155" /><ent r="102" t="61" w="8" /><ent r="102" t="61" w="8" /></phr><phr n="protecting"><ent r="4" t="5" w="200" /><ent r="4" t="5" w="200" /><ent r="7" t="10" w="62" /><ent r="7" t="10" w="62" /><ent r="3" t="42" w="49" /><ent r="3" t="42" w="49" /></phr><phr n="connecting"><ent r="3" t="18" w="180" /><ent r="3" t="18" w="180" /><ent r="3" t="20" w="232" /><ent r="3" t="20" w="232" /><ent r="3" t="21" w="251" /><ent r="3" t="21" w="251" /><ent r="3" t="22" w="222" /><ent r="3" t="22" w="222" /><ent r="3" t="27" w="1706" /><ent r="3" t="27" w="1706" /><ent r="4" t="29" w="926" /><ent r="4" t="29" w="926" /></phr><phr n="Connecting"><ent r="64" t="26" w="123" /><ent r="64" t="26" w="123" /><ent r="1000" t="27" w="1" /><ent r="1000" t="27" w="1" /><ent r="100" t="27" w="12" /><ent r="100" t="27" w="12" /><ent r="102" t="27" w="19" /><ent r="102" t="27" w="19" /><ent r="7" t="50" w="168" /><ent r="7" t="50" w="168" /><ent r="6" t="50" w="227" /><ent r="6" t="50" w="227" /><ent r="7" t="51" w="200" /><ent r="7" t="51" w="200" /></phr><phr n="reconstructing"><ent r="3" t="39" w="78" /><ent r="3" t="39" w="78" /></phr><phr n="Selecting"><ent r="4" t="45" w="498" /><ent r="4" t="45" w="498" /></phr><phr n="interacting"><ent r="3" t="47" w="313" /><ent r="3" t="47" w="313" /></phr><phr n="constructing"><ent r="3" t="55" w="153" /><ent r="3" t="55" w="153" /></phr><phr n="selecting"><ent r="4" t="55" w="1587" /><ent r="4" t="55" w="1587" /><ent r="7" t="58" w="373" /><ent r="7" t="58" w="373" /></phr></stem><stem n="cting"><phr n="Contacting"><ent r="65" t="0" w="155" /><ent r="65" t="0" w="155" /><ent r="102" t="61" w="8" /><ent r="102" t="61" w="8" /></phr><phr n="protecting"><ent r="4" t="5" w="200" /><ent r="4" t="5" w="200" /><ent r="7" t="10" w="62" /><ent r="7" t="10" w="62" /><ent r="3" t="42" w="49" /><ent r="3" t="42" w="49" /></phr><phr n="connecting"><ent r="3" t="18" w="180" /><ent r="3" t="18" w="180" /><ent r="3" t="20" w="232" /><ent r="3" t="20" w="232" /><ent r="3" t="21" w="251" /><ent r="3" t="21" w="251" /><ent r="3" t="22" w="222" /><ent r="3" t="22" w="222" /><ent r="3" t="27" w="1706" /><ent r="3" t="27" w="1706" /><ent r="4" t="29" w="926" /><ent r="4" t="29" w="926" /></phr><phr n="Connecting"><ent r="64" t="26" w="123" /><ent r="64" t="26" w="123" /><ent r="1000" t="27" w="1" /><ent r="1000" t="27" w="1" /><ent r="100" t="27" w="12" /><ent r="100" t="27" w="12" /><ent r="102" t="27" w="19" /><ent r="102" t="27" w="19" /><ent r="7" t="50" w="168" /><ent r="7" t="50" w="168" /><ent r="6" t="50" w="227" /><ent r="6" t="50" w="227" /><ent r="7" t="51" w="200" /><ent r="7" t="51" w="200" /></phr><phr n="reconstructing"><ent r="3" t="39" w="78" /><ent r="3" t="39" w="78" /></phr><phr n="Selecting"><ent r="4" t="45" w="498" /><ent r="4" t="45" w="498" /></phr><phr n="interacting"><ent r="3" t="47" w="313" /><ent r="3" t="47" w="313" /></phr><phr n="constructing"><ent r="3" t="55" w="153" /><ent r="3" t="55" w="153" /></phr><phr n="selecting"><ent r="4" t="55" w="1587" /><ent r="4" t="55" w="1587" /><ent r="7" t="58" w="373" /><ent r="7" t="58" w="373" /></phr></stem><stem n="tacti"><phr n="Contacting"><ent r="65" t="0" w="155" /><ent r="65" t="0" w="155" /><ent r="102" t="61" w="8" /><ent r="102" t="61" w="8" /></phr></stem><stem n="actin"><phr n="Contacting"><ent r="65" t="0" w="155" /><ent r="65" t="0" w="155" /><ent r="102" t="61" w="8" /><ent r="102" t="61" w="8" /></phr><phr n="interacting"><ent r="3" t="47" w="313" /><ent r="3" t="47" w="313" /></phr></stem><stem n="ntacti"><phr n="Contacting"><ent r="65" t="0" w="155" /><ent r="65" t="0" w="155" /><ent r="102" t="61" w="8" /><ent r="102" t="61" w="8" /></phr></stem><stem n="tactin"><phr n="Contacting"><ent r="65" t="0" w="155" /><ent r="65" t="0" w="155" /><ent r="102" t="61" w="8" /><ent r="102" t="61" w="8" /></phr></stem><stem n="acting"><phr n="Contacting"><ent r="65" t="0" w="155" /><ent r="65" t="0" w="155" /><ent r="102" t="61" w="8" /><ent r="102" t="61" w="8" /></phr><phr n="interacting"><ent r="3" t="47" w="313" /><ent r="3" t="47" w="313" /></phr></stem><stem n="ontacti"><phr n="Contacting"><ent r="65" t="0" w="155" /><ent r="65" t="0" w="155" /><ent r="102" t="61" w="8" /><ent r="102" t="61" w="8" /></phr></stem><stem n="ntactin"><phr n="Contacting"><ent r="65" t="0" w="155" /><ent r="65" t="0" w="155" /><ent r="102" t="61" w="8" /><ent r="102" t="61" w="8" /></phr></stem><stem n="tacting"><phr n="Contacting"><ent r="65" t="0" w="155" /><ent r="65" t="0" w="155" /><ent r="102" t="61" w="8" /><ent r="102" t="61" w="8" /></phr></stem><stem n="contacti"><phr n="Contacting"><ent r="65" t="0" w="155" /><ent r="65" t="0" w="155" /><ent r="102" t="61" w="8" /><ent r="102" t="61" w="8" /></phr></stem><stem n="ontactin"><phr n="Contacting"><ent r="65" t="0" w="155" /><ent r="65" t="0" w="155" /><ent r="102" t="61" w="8" /><ent r="102" t="61" w="8" /></phr></stem><stem n="ntacting"><phr n="Contacting"><ent r="65" t="0" w="155" /><ent r="65" t="0" w="155" /><ent r="102" t="61" w="8" /><ent r="102" t="61" w="8" /></phr></stem><stem n="contactin"><phr n="Contacting"><ent r="65" t="0" w="155" /><ent r="65" t="0" w="155" /><ent r="102" t="61" w="8" /><ent r="102" t="61" w="8" /></phr></stem><stem n="ontacting"><phr n="Contacting"><ent r="65" t="0" w="155" /><ent r="65" t="0" w="155" /><ent r="102" t="61" w="8" /><ent r="102" t="61" w="8" /></phr></stem><stem n="contacting"><phr n="Contacting"><ent r="65" t="0" w="155" /><ent r="65" t="0" w="155" /><ent r="102" t="61" w="8" /><ent r="102" t="61" w="8" /></phr></stem><stem n="get"><phr n="Getting"><ent r="82" t="0" w="174" /><ent r="82" t="0" w="174" /></phr><phr n="get"><ent r="3" t="44" w="126" /><ent r="3" t="44" w="126" /><ent r="4" t="68" w="175" /><ent r="4" t="68" w="175" /><ent r="3" t="68" w="347" /><ent r="3" t="68" w="347" /></phr><phr n="getting"><ent r="3" t="48" w="830" /><ent r="3" t="48" w="830" /></phr></stem><stem n="gett"><phr n="Getting"><ent r="82" t="0" w="174" /><ent r="82" t="0" w="174" /></phr><phr n="getting"><ent r="3" t="48" w="830" /><ent r="3" t="48" w="830" /></phr></stem><stem n="etti"><phr n="Getting"><ent r="82" t="0" w="174" /><ent r="82" t="0" w="174" /></phr><phr n="setting"><ent r="6" t="4" w="232" /><ent r="6" t="4" w="232" /><ent r="3" t="9" w="69" /><ent r="3" t="9" w="69" /><ent r="6" t="18" w="1826" /><ent r="6" t="20" w="386" /><ent r="6" t="21" w="585" /><ent r="6" t="22" w="638" /><ent r="6" t="27" w="1292" /><ent r="3" t="29" w="645" /><ent r="100" t="32" w="13" /><ent r="100" t="32" w="13" /><ent r="3" t="32" w="36" /><ent r="3" t="32" w="36" /><ent r="3" t="32" w="305" /><ent r="3" t="32" w="305" /><ent r="4" t="32" w="563" /><ent r="4" t="32" w="628" /><ent r="7" t="63" w="644" /></phr><phr n="settings"><ent r="3" t="7" w="110" /><ent r="3" t="7" w="110" /><ent r="3" t="11" w="24" /><ent r="3" t="11" w="24" /><ent r="8" t="29" w="544" /><ent r="8" t="29" w="544" /><ent r="4" t="32" w="389" /><ent r="5" t="46" w="124" /><ent r="7" t="46" w="171" /><ent r="7" t="58" w="450" /></phr><phr n="Settings"><ent r="7" t="12" w="418" /><ent r="5" t="33" w="254" /><ent r="5" t="33" w="254" /><ent r="5" t="64" w="227" /><ent r="5" t="65" w="305" /></phr><phr n="Setting"><ent r="3" t="25" w="658" /><ent r="3" t="25" w="658" /><ent r="68" t="29" w="554" /><ent r="68" t="29" w="554" /><ent r="1000" t="32" w="1" /><ent r="1000" t="32" w="1" /><ent r="100" t="32" w="21" /><ent r="100" t="32" w="21" /><ent r="102" t="32" w="27" /><ent r="102" t="32" w="27" /><ent r="7" t="33" w="256" /><ent r="7" t="33" w="256" /><ent r="68" t="33" w="453" /><ent r="68" t="33" w="453" /><ent r="7" t="63" w="258" /><ent r="7" t="63" w="258" /><ent r="7" t="63" w="473" /><ent r="7" t="63" w="473" /></phr><phr n="getting"><ent r="3" t="48" w="830" /><ent r="3" t="48" w="830" /></phr></stem><stem n="ttin"><phr n="Getting"><ent r="82" t="0" w="174" /><ent r="82" t="0" w="174" /></phr><phr n="setting"><ent r="6" t="4" w="232" /><ent r="6" t="4" w="232" /><ent r="3" t="9" w="69" /><ent r="3" t="9" w="69" /><ent r="6" t="18" w="1826" /><ent r="6" t="20" w="386" /><ent r="6" t="21" w="585" /><ent r="6" t="22" w="638" /><ent r="6" t="27" w="1292" /><ent r="3" t="29" w="645" /><ent r="100" t="32" w="13" /><ent r="100" t="32" w="13" /><ent r="3" t="32" w="36" /><ent r="3" t="32" w="36" /><ent r="3" t="32" w="305" /><ent r="3" t="32" w="305" /><ent r="4" t="32" w="563" /><ent r="4" t="32" w="628" /><ent r="7" t="63" w="644" /></phr><phr n="settings"><ent r="3" t="7" w="110" /><ent r="3" t="7" w="110" /><ent r="3" t="11" w="24" /><ent r="3" t="11" w="24" /><ent r="8" t="29" w="544" /><ent r="8" t="29" w="544" /><ent r="4" t="32" w="389" /><ent r="5" t="46" w="124" /><ent r="7" t="46" w="171" /><ent r="7" t="58" w="450" /></phr><phr n="Settings"><ent r="7" t="12" w="418" /><ent r="5" t="33" w="254" /><ent r="5" t="33" w="254" /><ent r="5" t="64" w="227" /><ent r="5" t="65" w="305" /></phr><phr n="Setting"><ent r="3" t="25" w="658" /><ent r="3" t="25" w="658" /><ent r="68" t="29" w="554" /><ent r="68" t="29" w="554" /><ent r="1000" t="32" w="1" /><ent r="1000" t="32" w="1" /><ent r="100" t="32" w="21" /><ent r="100" t="32" w="21" /><ent r="102" t="32" w="27" /><ent r="102" t="32" w="27" /><ent r="7" t="33" w="256" /><ent r="7" t="33" w="256" /><ent r="68" t="33" w="453" /><ent r="68" t="33" w="453" /><ent r="7" t="63" w="258" /><ent r="7" t="63" w="258" /><ent r="7" t="63" w="473" /><ent r="7" t="63" w="473" /></phr><phr n="Reformatting"><ent r="6" t="45" w="459" /><ent r="6" t="45" w="459" /></phr><phr n="getting"><ent r="3" t="48" w="830" /><ent r="3" t="48" w="830" /></phr></stem><stem n="getti"><phr n="Getting"><ent r="82" t="0" w="174" /><ent r="82" t="0" w="174" /></phr><phr n="getting"><ent r="3" t="48" w="830" /><ent r="3" t="48" w="830" /></phr></stem><stem n="ettin"><phr n="Getting"><ent r="82" t="0" w="174" /><ent r="82" t="0" w="174" /></phr><phr n="setting"><ent r="6" t="4" w="232" /><ent r="6" t="4" w="232" /><ent r="3" t="9" w="69" /><ent r="3" t="9" w="69" /><ent r="6" t="18" w="1826" /><ent r="6" t="20" w="386" /><ent r="6" t="21" w="585" /><ent r="6" t="22" w="638" /><ent r="6" t="27" w="1292" /><ent r="3" t="29" w="645" /><ent r="100" t="32" w="13" /><ent r="100" t="32" w="13" /><ent r="3" t="32" w="36" /><ent r="3" t="32" w="36" /><ent r="3" t="32" w="305" /><ent r="3" t="32" w="305" /><ent r="4" t="32" w="563" /><ent r="4" t="32" w="628" /><ent r="7" t="63" w="644" /></phr><phr n="settings"><ent r="3" t="7" w="110" /><ent r="3" t="7" w="110" /><ent r="3" t="11" w="24" /><ent r="3" t="11" w="24" /><ent r="8" t="29" w="544" /><ent r="8" t="29" w="544" /><ent r="4" t="32" w="389" /><ent r="5" t="46" w="124" /><ent r="7" t="46" w="171" /><ent r="7" t="58" w="450" /></phr><phr n="Settings"><ent r="7" t="12" w="418" /><ent r="5" t="33" w="254" /><ent r="5" t="33" w="254" /><ent r="5" t="64" w="227" /><ent r="5" t="65" w="305" /></phr><phr n="Setting"><ent r="3" t="25" w="658" /><ent r="3" t="25" w="658" /><ent r="68" t="29" w="554" /><ent r="68" t="29" w="554" /><ent r="1000" t="32" w="1" /><ent r="1000" t="32" w="1" /><ent r="100" t="32" w="21" /><ent r="100" t="32" w="21" /><ent r="102" t="32" w="27" /><ent r="102" t="32" w="27" /><ent r="7" t="33" w="256" /><ent r="7" t="33" w="256" /><ent r="68" t="33" w="453" /><ent r="68" t="33" w="453" /><ent r="7" t="63" w="258" /><ent r="7" t="63" w="258" /><ent r="7" t="63" w="473" /><ent r="7" t="63" w="473" /></phr><phr n="getting"><ent r="3" t="48" w="830" /><ent r="3" t="48" w="830" /></phr></stem><stem n="tting"><phr n="Getting"><ent r="82" t="0" w="174" /><ent r="82" t="0" w="174" /></phr><phr n="setting"><ent r="6" t="4" w="232" /><ent r="6" t="4" w="232" /><ent r="3" t="9" w="69" /><ent r="3" t="9" w="69" /><ent r="6" t="18" w="1826" /><ent r="6" t="20" w="386" /><ent r="6" t="21" w="585" /><ent r="6" t="22" w="638" /><ent r="6" t="27" w="1292" /><ent r="3" t="29" w="645" /><ent r="100" t="32" w="13" /><ent r="100" t="32" w="13" /><ent r="3" t="32" w="36" /><ent r="3" t="32" w="36" /><ent r="3" t="32" w="305" /><ent r="3" t="32" w="305" /><ent r="4" t="32" w="563" /><ent r="4" t="32" w="628" /><ent r="7" t="63" w="644" /></phr><phr n="settings"><ent r="3" t="7" w="110" /><ent r="3" t="7" w="110" /><ent r="3" t="11" w="24" /><ent r="3" t="11" w="24" /><ent r="8" t="29" w="544" /><ent r="8" t="29" w="544" /><ent r="4" t="32" w="389" /><ent r="5" t="46" w="124" /><ent r="7" t="46" w="171" /><ent r="7" t="58" w="450" /></phr><phr n="Settings"><ent r="7" t="12" w="418" /><ent r="5" t="33" w="254" /><ent r="5" t="33" w="254" /><ent r="5" t="64" w="227" /><ent r="5" t="65" w="305" /></phr><phr n="Setting"><ent r="3" t="25" w="658" /><ent r="3" t="25" w="658" /><ent r="68" t="29" w="554" /><ent r="68" t="29" w="554" /><ent r="1000" t="32" w="1" /><ent r="1000" t="32" w="1" /><ent r="100" t="32" w="21" /><ent r="100" t="32" w="21" /><ent r="102" t="32" w="27" /><ent r="102" t="32" w="27" /><ent r="7" t="33" w="256" /><ent r="7" t="33" w="256" /><ent r="68" t="33" w="453" /><ent r="68" t="33" w="453" /><ent r="7" t="63" w="258" /><ent r="7" t="63" w="258" /><ent r="7" t="63" w="473" /><ent r="7" t="63" w="473" /></phr><phr n="Reformatting"><ent r="6" t="45" w="459" /><ent r="6" t="45" w="459" /></phr><phr n="getting"><ent r="3" t="48" w="830" /><ent r="3" t="48" w="830" /></phr></stem><stem n="gettin"><phr n="Getting"><ent r="82" t="0" w="174" /><ent r="82" t="0" w="174" /></phr><phr n="getting"><ent r="3" t="48" w="830" /><ent r="3" t="48" w="830" /></phr></stem><stem n="etting"><phr n="Getting"><ent r="82" t="0" w="174" /><ent r="82" t="0" w="174" /></phr><phr n="setting"><ent r="6" t="4" w="232" /><ent r="6" t="4" w="232" /><ent r="3" t="9" w="69" /><ent r="3" t="9" w="69" /><ent r="6" t="18" w="1826" /><ent r="6" t="20" w="386" /><ent r="6" t="21" w="585" /><ent r="6" t="22" w="638" /><ent r="6" t="27" w="1292" /><ent r="3" t="29" w="645" /><ent r="100" t="32" w="13" /><ent r="100" t="32" w="13" /><ent r="3" t="32" w="36" /><ent r="3" t="32" w="36" /><ent r="3" t="32" w="305" /><ent r="3" t="32" w="305" /><ent r="4" t="32" w="563" /><ent r="4" t="32" w="628" /><ent r="7" t="63" w="644" /></phr><phr n="settings"><ent r="3" t="7" w="110" /><ent r="3" t="7" w="110" /><ent r="3" t="11" w="24" /><ent r="3" t="11" w="24" /><ent r="8" t="29" w="544" /><ent r="8" t="29" w="544" /><ent r="4" t="32" w="389" /><ent r="5" t="46" w="124" /><ent r="7" t="46" w="171" /><ent r="7" t="58" w="450" /></phr><phr n="Settings"><ent r="7" t="12" w="418" /><ent r="5" t="33" w="254" /><ent r="5" t="33" w="254" /><ent r="5" t="64" w="227" /><ent r="5" t="65" w="305" /></phr><phr n="Setting"><ent r="3" t="25" w="658" /><ent r="3" t="25" w="658" /><ent r="68" t="29" w="554" /><ent r="68" t="29" w="554" /><ent r="1000" t="32" w="1" /><ent r="1000" t="32" w="1" /><ent r="100" t="32" w="21" /><ent r="100" t="32" w="21" /><ent r="102" t="32" w="27" /><ent r="102" t="32" w="27" /><ent r="7" t="33" w="256" /><ent r="7" t="33" w="256" /><ent r="68" t="33" w="453" /><ent r="68" t="33" w="453" /><ent r="7" t="63" w="258" /><ent r="7" t="63" w="258" /><ent r="7" t="63" w="473" /><ent r="7" t="63" w="473" /></phr><phr n="getting"><ent r="3" t="48" w="830" /><ent r="3" t="48" w="830" /></phr></stem><stem n="getting"><phr n="Getting"><ent r="82" t="0" w="174" /><ent r="82" t="0" w="174" /></phr><phr n="getting"><ent r="3" t="48" w="830" /><ent r="3" t="48" w="830" /></phr></stem><stem n="start"><phr n="Started"><ent r="82" t="0" w="175" /><ent r="82" t="0" w="175" /></phr><phr n="start"><ent r="3" t="2" w="203" /><ent r="3" t="2" w="203" /><ent r="3" t="8" w="274" /><ent r="3" t="8" w="274" /><ent r="8" t="29" w="538" /><ent r="8" t="29" w="538" /></phr><phr n="_start"><ent r="3" t="2" w="220" /></phr><phr n="Start"><ent r="5" t="6" w="134" /><ent r="5" t="6" w="134" /><ent r="4" t="8" w="184" /><ent r="4" t="8" w="184" /><ent r="5" t="8" w="339" /><ent r="5" t="8" w="339" /><ent r="4" t="10" w="330" /><ent r="4" t="10" w="330" /><ent r="4" t="45" w="226" /><ent r="4" t="45" w="226" /><ent r="4" t="70" w="98" /><ent r="4" t="70" w="98" /></phr><phr n="Starting"><ent r="64" t="7" w="177" /><ent r="64" t="7" w="177" /><ent r="82" t="7" w="547" /><ent r="82" t="7" w="547" /><ent r="64" t="8" w="114" /><ent r="64" t="8" w="114" /><ent r="82" t="8" w="242" /><ent r="82" t="8" w="242" /></phr><phr n="starting"><ent r="100" t="7" w="545" /><ent r="100" t="7" w="545" /><ent r="3" t="7" w="560" /><ent r="3" t="7" w="560" /><ent r="100" t="8" w="240" /><ent r="100" t="8" w="240" /></phr><phr n="starts"><ent r="4" t="7" w="621" /><ent r="4" t="8" w="350" /><ent r="4" t="8" w="350" /></phr><phr n="started"><ent r="3" t="8" w="267" /><ent r="3" t="8" w="267" /><ent r="4" t="68" w="176" /><ent r="3" t="68" w="348" /></phr><phr n="restart"><ent r="3" t="10" w="292" /><ent r="3" t="10" w="292" /><ent r="7" t="43" w="131" /><ent r="7" t="43" w="131" /><ent r="7" t="43" w="244" /><ent r="7" t="43" w="244" /><ent r="7" t="43" w="303" /><ent r="7" t="43" w="303" /></phr><phr n="restarted"><ent r="7" t="33" w="513" /><ent r="7" t="63" w="653" /></phr><phr n="Restarting"><ent r="6" t="45" w="315" /><ent r="6" t="45" w="315" /></phr><phr n="Restart"><ent r="4" t="64" w="147" /><ent r="4" t="64" w="147" /><ent r="4" t="65" w="232" /><ent r="4" t="65" w="232" /><ent r="4" t="66" w="190" /><ent r="4" t="66" w="190" /><ent r="4" t="67" w="303" /><ent r="4" t="67" w="303" /><ent r="4" t="68" w="215" /><ent r="4" t="68" w="215" /></phr></stem><stem n="star"><phr n="Started"><ent r="82" t="0" w="175" /><ent r="82" t="0" w="175" /></phr><phr n="start"><ent r="3" t="2" w="203" /><ent r="3" t="2" w="203" /><ent r="3" t="8" w="274" /><ent r="3" t="8" w="274" /><ent r="8" t="29" w="538" /><ent r="8" t="29" w="538" /></phr><phr n="_start"><ent r="3" t="2" w="220" /></phr><phr n="Start"><ent r="5" t="6" w="134" /><ent r="5" t="6" w="134" /><ent r="4" t="8" w="184" /><ent r="4" t="8" w="184" /><ent r="5" t="8" w="339" /><ent r="5" t="8" w="339" /><ent r="4" t="10" w="330" /><ent r="4" t="10" w="330" /><ent r="4" t="45" w="226" /><ent r="4" t="45" w="226" /><ent r="4" t="70" w="98" /><ent r="4" t="70" w="98" /></phr><phr n="Starting"><ent r="64" t="7" w="177" /><ent r="64" t="7" w="177" /><ent r="82" t="7" w="547" /><ent r="82" t="7" w="547" /><ent r="64" t="8" w="114" /><ent r="64" t="8" w="114" /><ent r="82" t="8" w="242" /><ent r="82" t="8" w="242" /></phr><phr n="starting"><ent r="100" t="7" w="545" /><ent r="100" t="7" w="545" /><ent r="3" t="7" w="560" /><ent r="3" t="7" w="560" /><ent r="100" t="8" w="240" /><ent r="100" t="8" w="240" /></phr><phr n="starts"><ent r="4" t="7" w="621" /><ent r="4" t="8" w="350" /><ent r="4" t="8" w="350" /></phr><phr n="started"><ent r="3" t="8" w="267" /><ent r="3" t="8" w="267" /><ent r="4" t="68" w="176" /><ent r="3" t="68" w="348" /></phr><phr n="restart"><ent r="3" t="10" w="292" /><ent r="3" t="10" w="292" /><ent r="7" t="43" w="131" /><ent r="7" t="43" w="131" /><ent r="7" t="43" w="244" /><ent r="7" t="43" w="244" /><ent r="7" t="43" w="303" /><ent r="7" t="43" w="303" /></phr><phr n="restarted"><ent r="7" t="33" w="513" /><ent r="7" t="63" w="653" /></phr><phr n="Restarting"><ent r="6" t="45" w="315" /><ent r="6" t="45" w="315" /></phr><phr n="Restart"><ent r="4" t="64" w="147" /><ent r="4" t="64" w="147" /><ent r="4" t="65" w="232" /><ent r="4" t="65" w="232" /><ent r="4" t="66" w="190" /><ent r="4" t="66" w="190" /><ent r="4" t="67" w="303" /><ent r="4" t="67" w="303" /><ent r="4" t="68" w="215" /><ent r="4" t="68" w="215" /></phr></stem><stem n="tart"><phr n="Started"><ent r="82" t="0" w="175" /><ent r="82" t="0" w="175" /></phr><phr n="start"><ent r="3" t="2" w="203" /><ent r="3" t="2" w="203" /><ent r="3" t="8" w="274" /><ent r="3" t="8" w="274" /><ent r="8" t="29" w="538" /><ent r="8" t="29" w="538" /></phr><phr n="_start"><ent r="3" t="2" w="220" /></phr><phr n="Start"><ent r="5" t="6" w="134" /><ent r="5" t="6" w="134" /><ent r="4" t="8" w="184" /><ent r="4" t="8" w="184" /><ent r="5" t="8" w="339" /><ent r="5" t="8" w="339" /><ent r="4" t="10" w="330" /><ent r="4" t="10" w="330" /><ent r="4" t="45" w="226" /><ent r="4" t="45" w="226" /><ent r="4" t="70" w="98" /><ent r="4" t="70" w="98" /></phr><phr n="Starting"><ent r="64" t="7" w="177" /><ent r="64" t="7" w="177" /><ent r="82" t="7" w="547" /><ent r="82" t="7" w="547" /><ent r="64" t="8" w="114" /><ent r="64" t="8" w="114" /><ent r="82" t="8" w="242" /><ent r="82" t="8" w="242" /></phr><phr n="starting"><ent r="100" t="7" w="545" /><ent r="100" t="7" w="545" /><ent r="3" t="7" w="560" /><ent r="3" t="7" w="560" /><ent r="100" t="8" w="240" /><ent r="100" t="8" w="240" /></phr><phr n="starts"><ent r="4" t="7" w="621" /><ent r="4" t="8" w="350" /><ent r="4" t="8" w="350" /></phr><phr n="started"><ent r="3" t="8" w="267" /><ent r="3" t="8" w="267" /><ent r="4" t="68" w="176" /><ent r="3" t="68" w="348" /></phr><phr n="restart"><ent r="3" t="10" w="292" /><ent r="3" t="10" w="292" /><ent r="7" t="43" w="131" /><ent r="7" t="43" w="131" /><ent r="7" t="43" w="244" /><ent r="7" t="43" w="244" /><ent r="7" t="43" w="303" /><ent r="7" t="43" w="303" /></phr><phr n="restarted"><ent r="7" t="33" w="513" /><ent r="7" t="63" w="653" /></phr><phr n="Restarting"><ent r="6" t="45" w="315" /><ent r="6" t="45" w="315" /></phr><phr n="Restart"><ent r="4" t="64" w="147" /><ent r="4" t="64" w="147" /><ent r="4" t="65" w="232" /><ent r="4" t="65" w="232" /><ent r="4" t="66" w="190" /><ent r="4" t="66" w="190" /><ent r="4" t="67" w="303" /><ent r="4" t="67" w="303" /><ent r="4" t="68" w="215" /><ent r="4" t="68" w="215" /></phr></stem><stem n="arte"><phr n="Started"><ent r="82" t="0" w="175" /><ent r="82" t="0" w="175" /></phr><phr n="started"><ent r="3" t="8" w="267" /><ent r="3" t="8" w="267" /><ent r="4" t="68" w="176" /><ent r="3" t="68" w="348" /></phr><phr n="restarted"><ent r="7" t="33" w="513" /><ent r="7" t="63" w="653" /></phr></stem><stem n="rted"><phr n="Started"><ent r="82" t="0" w="175" /><ent r="82" t="0" w="175" /></phr><phr n="Supported"><ent r="92" t="1" w="67" /><ent r="92" t="1" w="67" /><ent r="100" t="1" w="70" /><ent r="100" t="1" w="70" /><ent r="92" t="23" w="216" /><ent r="92" t="23" w="216" /><ent r="5" t="23" w="230" /><ent r="5" t="23" w="230" /></phr><phr n="supported"><ent r="100" t="1" w="75" /><ent r="100" t="1" w="75" /><ent r="100" t="1" w="79" /><ent r="100" t="1" w="79" /><ent r="3" t="1" w="95" /><ent r="3" t="1" w="95" /><ent r="3" t="1" w="105" /><ent r="3" t="1" w="105" /><ent r="4" t="23" w="149" /><ent r="4" t="23" w="149" /><ent r="3" t="23" w="228" /><ent r="6" t="55" w="434" /><ent r="6" t="55" w="434" /><ent r="7" t="55" w="488" /><ent r="7" t="55" w="488" /><ent r="6" t="55" w="585" /></phr><phr n="started"><ent r="3" t="8" w="267" /><ent r="3" t="8" w="267" /><ent r="4" t="68" w="176" /><ent r="3" t="68" w="348" /></phr><phr n="imported"><ent r="3" t="16" w="131" /><ent r="3" t="16" w="131" /><ent r="6" t="18" w="843" /><ent r="6" t="18" w="843" /><ent r="9" t="18" w="1469" /><ent r="7" t="24" w="579" /><ent r="6" t="24" w="615" /><ent r="3" t="28" w="238" /><ent r="3" t="28" w="238" /><ent r="3" t="28" w="257" /><ent r="3" t="29" w="204" /><ent r="3" t="29" w="204" /><ent r="3" t="29" w="711" /><ent r="3" t="29" w="711" /><ent r="3" t="31" w="95" /><ent r="3" t="31" w="95" /><ent r="3" t="35" w="90" /><ent r="3" t="35" w="90" /><ent r="3" t="35" w="138" /><ent r="3" t="35" w="138" /><ent r="4" t="38" w="91" /><ent r="4" t="38" w="91" /><ent r="3" t="41" w="122" /><ent r="3" t="41" w="122" /><ent r="3" t="42" w="1326" /><ent r="3" t="42" w="1693" /><ent r="3" t="42" w="1693" /><ent r="4" t="49" w="232" /><ent r="4" t="49" w="232" /><ent r="4" t="49" w="398" /><ent r="4" t="49" w="398" /><ent r="4" t="49" w="429" /><ent r="4" t="49" w="429" /><ent r="4" t="49" w="460" /><ent r="4" t="49" w="460" /><ent r="4" t="49" w="520" /><ent r="4" t="49" w="520" /><ent r="4" t="49" w="526" /><ent r="4" t="49" w="526" /><ent r="4" t="49" w="557" /><ent r="4" t="49" w="557" /><ent r="4" t="49" w="563" /><ent r="4" t="49" w="563" /><ent r="4" t="49" w="589" /><ent r="4" t="49" w="589" /><ent r="7" t="50" w="371" /><ent r="7" t="50" w="371" /><ent r="7" t="50" w="474" /><ent r="7" t="50" w="474" /><ent r="7" t="51" w="338" /><ent r="7" t="51" w="338" /><ent r="3" t="51" w="857" /><ent r="3" t="51" w="857" /><ent r="4" t="51" w="998" /><ent r="4" t="51" w="998" /><ent r="4" t="51" w="1137" /><ent r="4" t="51" w="1137" /><ent r="4" t="51" w="1176" /><ent r="4" t="51" w="1176" /><ent r="3" t="52" w="84" /><ent r="3" t="52" w="84" /><ent r="3" t="52" w="201" /><ent r="3" t="52" w="201" /></phr><phr n="newly-imported"><ent r="9" t="18" w="1468" /><ent r="9" t="18" w="1468" /></phr><phr n="exported"><ent r="3" t="28" w="258" /><ent r="3" t="35" w="70" /><ent r="3" t="35" w="70" /><ent r="3" t="35" w="276" /><ent r="3" t="35" w="276" /></phr><phr n="Imported"><ent r="65" t="29" w="82" /><ent r="65" t="29" w="82" /><ent r="3" t="35" w="243" /><ent r="3" t="35" w="243" /><ent r="4" t="49" w="553" /><ent r="4" t="49" w="553" /></phr><phr n="unsupported"><ent r="3" t="29" w="839" /><ent r="3" t="29" w="839" /></phr><phr n="restarted"><ent r="7" t="33" w="513" /><ent r="7" t="63" w="653" /></phr><phr n="SAML-supported"><ent r="6" t="55" w="584" /><ent r="6" t="55" w="584" /></phr></stem></index>