<?xml version="1.0" encoding="utf-8"?><index><stem n="share"><phr n="shared"><ent r="3" t="1" w="155" /><ent r="3" t="1" w="155" /><ent r="3" t="43" w="42" /><ent r="3" t="43" w="42" /><ent r="6" t="50" w="542" /><ent r="6" t="50" w="542" /><ent r="6" t="50" w="584" /><ent r="6" t="50" w="584" /><ent r="6" t="51" w="664" /><ent r="6" t="51" w="664" /><ent r="3" t="55" w="111" /><ent r="3" t="55" w="111" /><ent r="4" t="55" w="141" /><ent r="4" t="55" w="141" /><ent r="4" t="55" w="1463" /><ent r="4" t="55" w="1463" /><ent r="5" t="55" w="1481" /><ent r="5" t="55" w="1481" /><ent r="5" t="58" w="137" /><ent r="5" t="58" w="137" /><ent r="7" t="58" w="292" /><ent r="7" t="58" w="292" /><ent r="7" t="58" w="296" /><ent r="7" t="58" w="296" /><ent r="7" t="58" w="348" /><ent r="7" t="58" w="348" /><ent r="6" t="58" w="465" /><ent r="6" t="58" w="465" /><ent r="6" t="59" w="255" /><ent r="6" t="59" w="255" /><ent r="3" t="60" w="133" /><ent r="3" t="60" w="133" /><ent r="3" t="60" w="141" /><ent r="3" t="60" w="141" /><ent r="3" t="60" w="184" /><ent r="3" t="60" w="184" /><ent r="3" t="60" w="219" /><ent r="3" t="60" w="219" /><ent r="3" t="60" w="240" /><ent r="3" t="60" w="240" /><ent r="3" t="60" w="273" /><ent r="3" t="60" w="273" /></phr><phr n="Shared"><ent r="7" t="43" w="440" /><ent r="7" t="43" w="440" /><ent r="67" t="50" w="589" /><ent r="67" t="50" w="589" /><ent r="67" t="51" w="669" /><ent r="67" t="51" w="669" /><ent r="67" t="58" w="470" /><ent r="67" t="58" w="470" /><ent r="67" t="59" w="260" /><ent r="67" t="59" w="260" /><ent r="1000" t="60" w="2" /><ent r="1000" t="60" w="2" /><ent r="100" t="60" w="6" /><ent r="100" t="60" w="6" /><ent r="100" t="60" w="11" /><ent r="100" t="60" w="11" /><ent r="102" t="60" w="16" /><ent r="102" t="60" w="16" /></phr><phr n="share"><ent r="3" t="48" w="311" /><ent r="3" t="48" w="311" /></phr></stem><stem n="shar"><phr n="shared"><ent r="3" t="1" w="155" /><ent r="3" t="1" w="155" /><ent r="3" t="43" w="42" /><ent r="3" t="43" w="42" /><ent r="6" t="50" w="542" /><ent r="6" t="50" w="542" /><ent r="6" t="50" w="584" /><ent r="6" t="50" w="584" /><ent r="6" t="51" w="664" /><ent r="6" t="51" w="664" /><ent r="3" t="55" w="111" /><ent r="3" t="55" w="111" /><ent r="4" t="55" w="141" /><ent r="4" t="55" w="141" /><ent r="4" t="55" w="1463" /><ent r="4" t="55" w="1463" /><ent r="5" t="55" w="1481" /><ent r="5" t="55" w="1481" /><ent r="5" t="58" w="137" /><ent r="5" t="58" w="137" /><ent r="7" t="58" w="292" /><ent r="7" t="58" w="292" /><ent r="7" t="58" w="296" /><ent r="7" t="58" w="296" /><ent r="7" t="58" w="348" /><ent r="7" t="58" w="348" /><ent r="6" t="58" w="465" /><ent r="6" t="58" w="465" /><ent r="6" t="59" w="255" /><ent r="6" t="59" w="255" /><ent r="3" t="60" w="133" /><ent r="3" t="60" w="133" /><ent r="3" t="60" w="141" /><ent r="3" t="60" w="141" /><ent r="3" t="60" w="184" /><ent r="3" t="60" w="184" /><ent r="3" t="60" w="219" /><ent r="3" t="60" w="219" /><ent r="3" t="60" w="240" /><ent r="3" t="60" w="240" /><ent r="3" t="60" w="273" /><ent r="3" t="60" w="273" /></phr><phr n="Shared"><ent r="7" t="43" w="440" /><ent r="7" t="43" w="440" /><ent r="67" t="50" w="589" /><ent r="67" t="50" w="589" /><ent r="67" t="51" w="669" /><ent r="67" t="51" w="669" /><ent r="67" t="58" w="470" /><ent r="67" t="58" w="470" /><ent r="67" t="59" w="260" /><ent r="67" t="59" w="260" /><ent r="1000" t="60" w="2" /><ent r="1000" t="60" w="2" /><ent r="100" t="60" w="6" /><ent r="100" t="60" w="6" /><ent r="100" t="60" w="11" /><ent r="100" t="60" w="11" /><ent r="102" t="60" w="16" /><ent r="102" t="60" w="16" /></phr><phr n="share"><ent r="3" t="48" w="311" /><ent r="3" t="48" w="311" /></phr></stem><stem n="hare"><phr n="shared"><ent r="3" t="1" w="155" /><ent r="3" t="1" w="155" /><ent r="3" t="43" w="42" /><ent r="3" t="43" w="42" /><ent r="6" t="50" w="542" /><ent r="6" t="50" w="542" /><ent r="6" t="50" w="584" /><ent r="6" t="50" w="584" /><ent r="6" t="51" w="664" /><ent r="6" t="51" w="664" /><ent r="3" t="55" w="111" /><ent r="3" t="55" w="111" /><ent r="4" t="55" w="141" /><ent r="4" t="55" w="141" /><ent r="4" t="55" w="1463" /><ent r="4" t="55" w="1463" /><ent r="5" t="55" w="1481" /><ent r="5" t="55" w="1481" /><ent r="5" t="58" w="137" /><ent r="5" t="58" w="137" /><ent r="7" t="58" w="292" /><ent r="7" t="58" w="292" /><ent r="7" t="58" w="296" /><ent r="7" t="58" w="296" /><ent r="7" t="58" w="348" /><ent r="7" t="58" w="348" /><ent r="6" t="58" w="465" /><ent r="6" t="58" w="465" /><ent r="6" t="59" w="255" /><ent r="6" t="59" w="255" /><ent r="3" t="60" w="133" /><ent r="3" t="60" w="133" /><ent r="3" t="60" w="141" /><ent r="3" t="60" w="141" /><ent r="3" t="60" w="184" /><ent r="3" t="60" w="184" /><ent r="3" t="60" w="219" /><ent r="3" t="60" w="219" /><ent r="3" t="60" w="240" /><ent r="3" t="60" w="240" /><ent r="3" t="60" w="273" /><ent r="3" t="60" w="273" /></phr><phr n="Shared"><ent r="7" t="43" w="440" /><ent r="7" t="43" w="440" /><ent r="67" t="50" w="589" /><ent r="67" t="50" w="589" /><ent r="67" t="51" w="669" /><ent r="67" t="51" w="669" /><ent r="67" t="58" w="470" /><ent r="67" t="58" w="470" /><ent r="67" t="59" w="260" /><ent r="67" t="59" w="260" /><ent r="1000" t="60" w="2" /><ent r="1000" t="60" w="2" /><ent r="100" t="60" w="6" /><ent r="100" t="60" w="6" /><ent r="100" t="60" w="11" /><ent r="100" t="60" w="11" /><ent r="102" t="60" w="16" /><ent r="102" t="60" w="16" /></phr><phr n="share"><ent r="3" t="48" w="311" /><ent r="3" t="48" w="311" /></phr></stem><stem n="ared"><phr n="shared"><ent r="3" t="1" w="155" /><ent r="3" t="1" w="155" /><ent r="3" t="43" w="42" /><ent r="3" t="43" w="42" /><ent r="6" t="50" w="542" /><ent r="6" t="50" w="542" /><ent r="6" t="50" w="584" /><ent r="6" t="50" w="584" /><ent r="6" t="51" w="664" /><ent r="6" t="51" w="664" /><ent r="3" t="55" w="111" /><ent r="3" t="55" w="111" /><ent r="4" t="55" w="141" /><ent r="4" t="55" w="141" /><ent r="4" t="55" w="1463" /><ent r="4" t="55" w="1463" /><ent r="5" t="55" w="1481" /><ent r="5" t="55" w="1481" /><ent r="5" t="58" w="137" /><ent r="5" t="58" w="137" /><ent r="7" t="58" w="292" /><ent r="7" t="58" w="292" /><ent r="7" t="58" w="296" /><ent r="7" t="58" w="296" /><ent r="7" t="58" w="348" /><ent r="7" t="58" w="348" /><ent r="6" t="58" w="465" /><ent r="6" t="58" w="465" /><ent r="6" t="59" w="255" /><ent r="6" t="59" w="255" /><ent r="3" t="60" w="133" /><ent r="3" t="60" w="133" /><ent r="3" t="60" w="141" /><ent r="3" t="60" w="141" /><ent r="3" t="60" w="184" /><ent r="3" t="60" w="184" /><ent r="3" t="60" w="219" /><ent r="3" t="60" w="219" /><ent r="3" t="60" w="240" /><ent r="3" t="60" w="240" /><ent r="3" t="60" w="273" /><ent r="3" t="60" w="273" /></phr><phr n="cleared"><ent r="3" t="34" w="68" /><ent r="7" t="63" w="648" /><ent r="7" t="63" w="648" /></phr><phr n="declared"><ent r="3" t="37" w="554" /><ent r="3" t="37" w="554" /></phr><phr n="Shared"><ent r="7" t="43" w="440" /><ent r="7" t="43" w="440" /><ent r="67" t="50" w="589" /><ent r="67" t="50" w="589" /><ent r="67" t="51" w="669" /><ent r="67" t="51" w="669" /><ent r="67" t="58" w="470" /><ent r="67" t="58" w="470" /><ent r="67" t="59" w="260" /><ent r="67" t="59" w="260" /><ent r="1000" t="60" w="2" /><ent r="1000" t="60" w="2" /><ent r="100" t="60" w="6" /><ent r="100" t="60" w="6" /><ent r="100" t="60" w="11" /><ent r="100" t="60" w="11" /><ent r="102" t="60" w="16" /><ent r="102" t="60" w="16" /></phr><phr n="compared"><ent r="4" t="51" w="1009" /><ent r="4" t="51" w="1009" /><ent r="4" t="51" w="1187" /><ent r="4" t="51" w="1187" /></phr></stem><stem n="hared"><phr n="shared"><ent r="3" t="1" w="155" /><ent r="3" t="1" w="155" /><ent r="3" t="43" w="42" /><ent r="3" t="43" w="42" /><ent r="6" t="50" w="542" /><ent r="6" t="50" w="542" /><ent r="6" t="50" w="584" /><ent r="6" t="50" w="584" /><ent r="6" t="51" w="664" /><ent r="6" t="51" w="664" /><ent r="3" t="55" w="111" /><ent r="3" t="55" w="111" /><ent r="4" t="55" w="141" /><ent r="4" t="55" w="141" /><ent r="4" t="55" w="1463" /><ent r="4" t="55" w="1463" /><ent r="5" t="55" w="1481" /><ent r="5" t="55" w="1481" /><ent r="5" t="58" w="137" /><ent r="5" t="58" w="137" /><ent r="7" t="58" w="292" /><ent r="7" t="58" w="292" /><ent r="7" t="58" w="296" /><ent r="7" t="58" w="296" /><ent r="7" t="58" w="348" /><ent r="7" t="58" w="348" /><ent r="6" t="58" w="465" /><ent r="6" t="58" w="465" /><ent r="6" t="59" w="255" /><ent r="6" t="59" w="255" /><ent r="3" t="60" w="133" /><ent r="3" t="60" w="133" /><ent r="3" t="60" w="141" /><ent r="3" t="60" w="141" /><ent r="3" t="60" w="184" /><ent r="3" t="60" w="184" /><ent r="3" t="60" w="219" /><ent r="3" t="60" w="219" /><ent r="3" t="60" w="240" /><ent r="3" t="60" w="240" /><ent r="3" t="60" w="273" /><ent r="3" t="60" w="273" /></phr><phr n="Shared"><ent r="7" t="43" w="440" /><ent r="7" t="43" w="440" /><ent r="67" t="50" w="589" /><ent r="67" t="50" w="589" /><ent r="67" t="51" w="669" /><ent r="67" t="51" w="669" /><ent r="67" t="58" w="470" /><ent r="67" t="58" w="470" /><ent r="67" t="59" w="260" /><ent r="67" t="59" w="260" /><ent r="1000" t="60" w="2" /><ent r="1000" t="60" w="2" /><ent r="100" t="60" w="6" /><ent r="100" t="60" w="6" /><ent r="100" t="60" w="11" /><ent r="100" t="60" w="11" /><ent r="102" t="60" w="16" /><ent r="102" t="60" w="16" /></phr></stem><stem n="shared"><phr n="shared"><ent r="3" t="1" w="155" /><ent r="3" t="1" w="155" /><ent r="3" t="43" w="42" /><ent r="3" t="43" w="42" /><ent r="6" t="50" w="542" /><ent r="6" t="50" w="542" /><ent r="6" t="50" w="584" /><ent r="6" t="50" w="584" /><ent r="6" t="51" w="664" /><ent r="6" t="51" w="664" /><ent r="3" t="55" w="111" /><ent r="3" t="55" w="111" /><ent r="4" t="55" w="141" /><ent r="4" t="55" w="141" /><ent r="4" t="55" w="1463" /><ent r="4" t="55" w="1463" /><ent r="5" t="55" w="1481" /><ent r="5" t="55" w="1481" /><ent r="5" t="58" w="137" /><ent r="5" t="58" w="137" /><ent r="7" t="58" w="292" /><ent r="7" t="58" w="292" /><ent r="7" t="58" w="296" /><ent r="7" t="58" w="296" /><ent r="7" t="58" w="348" /><ent r="7" t="58" w="348" /><ent r="6" t="58" w="465" /><ent r="6" t="58" w="465" /><ent r="6" t="59" w="255" /><ent r="6" t="59" w="255" /><ent r="3" t="60" w="133" /><ent r="3" t="60" w="133" /><ent r="3" t="60" w="141" /><ent r="3" t="60" w="141" /><ent r="3" t="60" w="184" /><ent r="3" t="60" w="184" /><ent r="3" t="60" w="219" /><ent r="3" t="60" w="219" /><ent r="3" t="60" w="240" /><ent r="3" t="60" w="240" /><ent r="3" t="60" w="273" /><ent r="3" t="60" w="273" /></phr><phr n="Shared"><ent r="7" t="43" w="440" /><ent r="7" t="43" w="440" /><ent r="67" t="50" w="589" /><ent r="67" t="50" w="589" /><ent r="67" t="51" w="669" /><ent r="67" t="51" w="669" /><ent r="67" t="58" w="470" /><ent r="67" t="58" w="470" /><ent r="67" t="59" w="260" /><ent r="67" t="59" w="260" /><ent r="1000" t="60" w="2" /><ent r="1000" t="60" w="2" /><ent r="100" t="60" w="6" /><ent r="100" t="60" w="6" /><ent r="100" t="60" w="11" /><ent r="100" t="60" w="11" /><ent r="102" t="60" w="16" /><ent r="102" t="60" w="16" /></phr></stem><stem n="access"><phr n="accessed"><ent r="3" t="1" w="159" /><ent r="3" t="1" w="159" /><ent r="3" t="2" w="136" /><ent r="3" t="2" w="136" /><ent r="3" t="4" w="90" /><ent r="3" t="4" w="90" /><ent r="3" t="9" w="93" /><ent r="3" t="9" w="93" /></phr><phr n="Accessing"><ent r="64" t="2" w="99" /><ent r="64" t="2" w="99" /><ent r="92" t="2" w="110" /><ent r="92" t="2" w="110" /></phr><phr n="access"><ent r="3" t="2" w="191" /><ent r="3" t="2" w="191" /><ent r="3" t="6" w="123" /><ent r="3" t="6" w="123" /><ent r="3" t="7" w="136" /><ent r="3" t="7" w="136" /><ent r="4" t="7" w="293" /><ent r="4" t="7" w="293" /><ent r="3" t="7" w="465" /><ent r="3" t="7" w="465" /><ent r="3" t="8" w="176" /><ent r="3" t="8" w="176" /><ent r="3" t="9" w="113" /><ent r="3" t="9" w="113" /><ent r="3" t="17" w="124" /><ent r="3" t="17" w="124" /><ent r="3" t="17" w="212" /><ent r="3" t="17" w="212" /><ent r="6" t="18" w="742" /><ent r="6" t="18" w="742" /><ent r="6" t="18" w="905" /><ent r="6" t="18" w="905" /><ent r="8" t="18" w="1380" /><ent r="8" t="18" w="1380" /><ent r="3" t="26" w="49" /><ent r="3" t="26" w="49" /><ent r="6" t="27" w="483" /><ent r="6" t="27" w="483" /><ent r="6" t="27" w="659" /><ent r="6" t="27" w="659" /><ent r="3" t="40" w="470" /><ent r="3" t="40" w="470" /><ent r="3" t="42" w="595" /><ent r="3" t="42" w="595" /><ent r="3" t="42" w="685" /><ent r="3" t="42" w="685" /><ent r="3" t="42" w="789" /><ent r="3" t="42" w="789" /><ent r="3" t="47" w="581" /><ent r="3" t="47" w="581" /><ent r="3" t="48" w="39" /><ent r="3" t="48" w="39" /><ent r="3" t="48" w="66" /><ent r="3" t="48" w="188" /><ent r="3" t="48" w="188" /><ent r="3" t="54" w="288" /><ent r="3" t="56" w="203" /><ent r="3" t="56" w="203" /><ent r="4" t="57" w="63" /><ent r="4" t="57" w="63" /><ent r="3" t="70" w="90" /><ent r="3" t="70" w="146" /><ent r="3" t="70" w="274" /><ent r="3" t="70" w="274" /></phr><phr n="accessing"><ent r="3" t="5" w="124" /><ent r="3" t="5" w="124" /></phr><phr n="accessible"><ent r="3" t="7" w="223" /><ent r="3" t="7" w="535" /><ent r="3" t="7" w="535" /><ent r="3" t="40" w="230" /><ent r="3" t="40" w="230" /><ent r="3" t="40" w="259" /><ent r="3" t="40" w="259" /></phr><phr n="Access"><ent r="3" t="18" w="2282" /><ent r="3" t="18" w="2282" /><ent r="3" t="20" w="736" /><ent r="3" t="20" w="736" /><ent r="3" t="21" w="937" /><ent r="3" t="21" w="937" /><ent r="3" t="22" w="991" /><ent r="3" t="22" w="991" /><ent r="3" t="27" w="1552" /><ent r="3" t="27" w="1552" /><ent r="4" t="42" w="1145" /><ent r="4" t="42" w="1145" /><ent r="7" t="43" w="277" /><ent r="7" t="43" w="277" /><ent r="4" t="59" w="87" /><ent r="4" t="59" w="87" /></phr></stem><stem n="ssed"><phr n="accessed"><ent r="3" t="1" w="159" /><ent r="3" t="1" w="159" /><ent r="3" t="2" w="136" /><ent r="3" t="2" w="136" /><ent r="3" t="4" w="90" /><ent r="3" t="4" w="90" /><ent r="3" t="9" w="93" /><ent r="3" t="9" w="93" /></phr><phr n="compressed"><ent r="6" t="18" w="2073" /><ent r="6" t="18" w="2073" /><ent r="6" t="18" w="2104" /><ent r="6" t="18" w="2104" /><ent r="3" t="39" w="87" /><ent r="65" t="45" w="124" /><ent r="65" t="45" w="124" /><ent r="4" t="45" w="153" /><ent r="4" t="45" w="153" /></phr><phr n="expressed"><ent r="3" t="18" w="2315" /><ent r="3" t="18" w="2315" /><ent r="3" t="20" w="769" /><ent r="3" t="20" w="769" /><ent r="3" t="21" w="970" /><ent r="3" t="21" w="970" /><ent r="3" t="22" w="1024" /><ent r="3" t="22" w="1024" /><ent r="3" t="23" w="58" /><ent r="3" t="23" w="58" /></phr><phr n="passed"><ent r="6" t="21" w="327" /><ent r="6" t="21" w="327" /><ent r="7" t="43" w="394" /></phr><phr n="addressed"><ent r="6" t="23" w="551" /><ent r="6" t="23" w="551" /><ent r="6" t="23" w="610" /><ent r="6" t="23" w="610" /><ent r="3" t="62" w="128" /><ent r="3" t="62" w="128" /></phr><phr n="when_processed"><ent r="7" t="23" w="555" /></phr><phr n="processed"><ent r="3" t="29" w="667" /><ent r="3" t="29" w="667" /><ent r="3" t="32" w="173" /><ent r="3" t="32" w="173" /><ent r="3" t="32" w="276" /><ent r="3" t="32" w="276" /><ent r="3" t="32" w="322" /><ent r="3" t="32" w="322" /><ent r="5" t="32" w="676" /><ent r="5" t="32" w="676" /><ent r="3" t="33" w="79" /><ent r="3" t="33" w="79" /><ent r="3" t="37" w="208" /><ent r="3" t="40" w="855" /><ent r="6" t="45" w="304" /><ent r="6" t="45" w="304" /><ent r="6" t="45" w="382" /><ent r="6" t="45" w="382" /></phr><phr n="Compressed"><ent r="3" t="39" w="52" /><ent r="3" t="39" w="52" /></phr><phr n="discussed"><ent r="3" t="41" w="155" /><ent r="3" t="41" w="155" /><ent r="3" t="41" w="173" /><ent r="3" t="41" w="173" /><ent r="3" t="42" w="192" /><ent r="3" t="42" w="192" /></phr><phr n="Passed"><ent r="7" t="43" w="337" /><ent r="7" t="43" w="337" /></phr><phr n="uncompressed"><ent r="4" t="45" w="129" /><ent r="4" t="45" w="129" /></phr></stem><stem n="cces"><phr n="accessed"><ent r="3" t="1" w="159" /><ent r="3" t="1" w="159" /><ent r="3" t="2" w="136" /><ent r="3" t="2" w="136" /><ent r="3" t="4" w="90" /><ent r="3" t="4" w="90" /><ent r="3" t="9" w="93" /><ent r="3" t="9" w="93" /></phr><phr n="Accessing"><ent r="64" t="2" w="99" /><ent r="64" t="2" w="99" /><ent r="92" t="2" w="110" /><ent r="92" t="2" w="110" /></phr><phr n="access"><ent r="3" t="2" w="191" /><ent r="3" t="2" w="191" /><ent r="3" t="6" w="123" /><ent r="3" t="6" w="123" /><ent r="3" t="7" w="136" /><ent r="3" t="7" w="136" /><ent r="4" t="7" w="293" /><ent r="4" t="7" w="293" /><ent r="3" t="7" w="465" /><ent r="3" t="7" w="465" /><ent r="3" t="8" w="176" /><ent r="3" t="8" w="176" /><ent r="3" t="9" w="113" /><ent r="3" t="9" w="113" /><ent r="3" t="17" w="124" /><ent r="3" t="17" w="124" /><ent r="3" t="17" w="212" /><ent r="3" t="17" w="212" /><ent r="6" t="18" w="742" /><ent r="6" t="18" w="742" /><ent r="6" t="18" w="905" /><ent r="6" t="18" w="905" /><ent r="8" t="18" w="1380" /><ent r="8" t="18" w="1380" /><ent r="3" t="26" w="49" /><ent r="3" t="26" w="49" /><ent r="6" t="27" w="483" /><ent r="6" t="27" w="483" /><ent r="6" t="27" w="659" /><ent r="6" t="27" w="659" /><ent r="3" t="40" w="470" /><ent r="3" t="40" w="470" /><ent r="3" t="42" w="595" /><ent r="3" t="42" w="595" /><ent r="3" t="42" w="685" /><ent r="3" t="42" w="685" /><ent r="3" t="42" w="789" /><ent r="3" t="42" w="789" /><ent r="3" t="47" w="581" /><ent r="3" t="47" w="581" /><ent r="3" t="48" w="39" /><ent r="3" t="48" w="39" /><ent r="3" t="48" w="66" /><ent r="3" t="48" w="188" /><ent r="3" t="48" w="188" /><ent r="3" t="54" w="288" /><ent r="3" t="56" w="203" /><ent r="3" t="56" w="203" /><ent r="4" t="57" w="63" /><ent r="4" t="57" w="63" /><ent r="3" t="70" w="90" /><ent r="3" t="70" w="146" /><ent r="3" t="70" w="274" /><ent r="3" t="70" w="274" /></phr><phr n="accessing"><ent r="3" t="5" w="124" /><ent r="3" t="5" w="124" /></phr><phr n="accessible"><ent r="3" t="7" w="223" /><ent r="3" t="7" w="535" /><ent r="3" t="7" w="535" /><ent r="3" t="40" w="230" /><ent r="3" t="40" w="230" /><ent r="3" t="40" w="259" /><ent r="3" t="40" w="259" /></phr><phr n="successful"><ent r="9" t="18" w="1494" /><ent r="9" t="18" w="1494" /><ent r="9" t="18" w="1511" /><ent r="3" t="24" w="765" /><ent r="3" t="24" w="765" /><ent r="7" t="43" w="286" /><ent r="7" t="43" w="286" /><ent r="7" t="69" w="96" /><ent r="7" t="69" w="96" /><ent r="6" t="69" w="122" /></phr><phr n="Access"><ent r="3" t="18" w="2282" /><ent r="3" t="18" w="2282" /><ent r="3" t="20" w="736" /><ent r="3" t="20" w="736" /><ent r="3" t="21" w="937" /><ent r="3" t="21" w="937" /><ent r="3" t="22" w="991" /><ent r="3" t="22" w="991" /><ent r="3" t="27" w="1552" /><ent r="3" t="27" w="1552" /><ent r="4" t="42" w="1145" /><ent r="4" t="42" w="1145" /><ent r="7" t="43" w="277" /><ent r="7" t="43" w="277" /><ent r="4" t="59" w="87" /><ent r="4" t="59" w="87" /></phr><phr n="successfully"><ent r="4" t="21" w="413" /><ent r="4" t="21" w="413" /><ent r="7" t="63" w="508" /><ent r="7" t="63" w="508" /></phr><phr n="Successful"><ent r="3" t="24" w="798" /><ent r="3" t="24" w="798" /></phr><phr n="successors"><ent r="3" t="62" w="423" /></phr></stem><stem n="cess"><phr n="accessed"><ent r="3" t="1" w="159" /><ent r="3" t="1" w="159" /><ent r="3" t="2" w="136" /><ent r="3" t="2" w="136" /><ent r="3" t="4" w="90" /><ent r="3" t="4" w="90" /><ent r="3" t="9" w="93" /><ent r="3" t="9" w="93" /></phr><phr n="Accessing"><ent r="64" t="2" w="99" /><ent r="64" t="2" w="99" /><ent r="92" t="2" w="110" /><ent r="92" t="2" w="110" /></phr><phr n="access"><ent r="3" t="2" w="191" /><ent r="3" t="2" w="191" /><ent r="3" t="6" w="123" /><ent r="3" t="6" w="123" /><ent r="3" t="7" w="136" /><ent r="3" t="7" w="136" /><ent r="4" t="7" w="293" /><ent r="4" t="7" w="293" /><ent r="3" t="7" w="465" /><ent r="3" t="7" w="465" /><ent r="3" t="8" w="176" /><ent r="3" t="8" w="176" /><ent r="3" t="9" w="113" /><ent r="3" t="9" w="113" /><ent r="3" t="17" w="124" /><ent r="3" t="17" w="124" /><ent r="3" t="17" w="212" /><ent r="3" t="17" w="212" /><ent r="6" t="18" w="742" /><ent r="6" t="18" w="742" /><ent r="6" t="18" w="905" /><ent r="6" t="18" w="905" /><ent r="8" t="18" w="1380" /><ent r="8" t="18" w="1380" /><ent r="3" t="26" w="49" /><ent r="3" t="26" w="49" /><ent r="6" t="27" w="483" /><ent r="6" t="27" w="483" /><ent r="6" t="27" w="659" /><ent r="6" t="27" w="659" /><ent r="3" t="40" w="470" /><ent r="3" t="40" w="470" /><ent r="3" t="42" w="595" /><ent r="3" t="42" w="595" /><ent r="3" t="42" w="685" /><ent r="3" t="42" w="685" /><ent r="3" t="42" w="789" /><ent r="3" t="42" w="789" /><ent r="3" t="47" w="581" /><ent r="3" t="47" w="581" /><ent r="3" t="48" w="39" /><ent r="3" t="48" w="39" /><ent r="3" t="48" w="66" /><ent r="3" t="48" w="188" /><ent r="3" t="48" w="188" /><ent r="3" t="54" w="288" /><ent r="3" t="56" w="203" /><ent r="3" t="56" w="203" /><ent r="4" t="57" w="63" /><ent r="4" t="57" w="63" /><ent r="3" t="70" w="90" /><ent r="3" t="70" w="146" /><ent r="3" t="70" w="274" /><ent r="3" t="70" w="274" /></phr><phr n="necessary"><ent r="3" t="3" w="109" /><ent r="3" t="3" w="109" /><ent r="4" t="11" w="80" /><ent r="4" t="11" w="80" /><ent r="8" t="18" w="1340" /><ent r="8" t="18" w="1340" /><ent r="4" t="23" w="120" /><ent r="3" t="27" w="1704" /><ent r="3" t="27" w="1704" /><ent r="3" t="47" w="79" /><ent r="3" t="47" w="79" /><ent r="3" t="47" w="573" /><ent r="3" t="47" w="573" /><ent r="6" t="55" w="1522" /><ent r="4" t="55" w="1735" /><ent r="3" t="68" w="147" /></phr><phr n="process"><ent r="3" t="3" w="454" /><ent r="3" t="3" w="454" /><ent r="3" t="5" w="92" /><ent r="100" t="7" w="29" /><ent r="100" t="7" w="29" /><ent r="3" t="7" w="70" /><ent r="3" t="7" w="661" /><ent r="3" t="7" w="661" /><ent r="4" t="7" w="684" /><ent r="4" t="7" w="684" /><ent r="4" t="7" w="695" /><ent r="4" t="7" w="716" /><ent r="4" t="7" w="716" /><ent r="4" t="7" w="758" /><ent r="4" t="7" w="758" /><ent r="4" t="7" w="765" /><ent r="4" t="7" w="765" /><ent r="100" t="8" w="29" /><ent r="100" t="8" w="29" /><ent r="3" t="8" w="70" /><ent r="3" t="9" w="84" /><ent r="3" t="9" w="84" /><ent r="5" t="12" w="174" /><ent r="3" t="13" w="330" /><ent r="3" t="13" w="330" /><ent r="9" t="18" w="1509" /><ent r="9" t="18" w="1509" /><ent r="3" t="21" w="64" /><ent r="4" t="27" w="110" /><ent r="4" t="27" w="110" /><ent r="3" t="29" w="855" /><ent r="3" t="32" w="215" /><ent r="3" t="32" w="215" /><ent r="3" t="33" w="119" /><ent r="3" t="33" w="119" /><ent r="3" t="37" w="43" /><ent r="3" t="37" w="43" /><ent r="3" t="37" w="512" /><ent r="4" t="38" w="218" /><ent r="3" t="38" w="236" /><ent r="4" t="40" w="798" /><ent r="4" t="40" w="798" /><ent r="3" t="40" w="1015" /><ent r="3" t="42" w="540" /><ent r="3" t="42" w="642" /><ent r="3" t="42" w="642" /><ent r="3" t="42" w="842" /><ent r="3" t="42" w="842" /><ent r="3" t="42" w="885" /><ent r="3" t="42" w="885" /><ent r="3" t="42" w="908" /><ent r="3" t="42" w="908" /><ent r="4" t="46" w="200" /><ent r="3" t="47" w="276" /><ent r="3" t="47" w="276" /><ent r="4" t="47" w="416" /><ent r="4" t="47" w="416" /><ent r="3" t="48" w="98" /><ent r="3" t="48" w="216" /><ent r="3" t="55" w="210" /><ent r="3" t="60" w="126" /><ent r="3" t="60" w="126" /><ent r="4" t="60" w="325" /><ent r="3" t="68" w="137" /><ent r="3" t="68" w="137" /></phr><phr n="processes"><ent r="3" t="4" w="184" /><ent r="4" t="7" w="698" /><ent r="4" t="7" w="698" /><ent r="4" t="7" w="781" /></phr><phr n="accessing"><ent r="3" t="5" w="124" /><ent r="3" t="5" w="124" /></phr><phr n="processing"><ent r="4" t="5" w="308" /><ent r="4" t="5" w="308" /><ent r="6" t="23" w="522" /><ent r="6" t="23" w="522" /><ent r="6" t="23" w="538" /><ent r="6" t="23" w="538" /><ent r="6" t="23" w="560" /><ent r="6" t="23" w="560" /><ent r="6" t="23" w="597" /><ent r="6" t="23" w="597" /><ent r="3" t="28" w="107" /><ent r="3" t="32" w="237" /><ent r="3" t="33" w="141" /><ent r="4" t="38" w="162" /><ent r="3" t="40" w="506" /><ent r="3" t="42" w="141" /><ent r="3" t="42" w="141" /><ent r="3" t="47" w="575" /></phr><phr n="accessible"><ent r="3" t="7" w="223" /><ent r="3" t="7" w="535" /><ent r="3" t="7" w="535" /><ent r="3" t="40" w="230" /><ent r="3" t="40" w="230" /><ent r="3" t="40" w="259" /><ent r="3" t="40" w="259" /></phr><phr n="successful"><ent r="9" t="18" w="1494" /><ent r="9" t="18" w="1494" /><ent r="9" t="18" w="1511" /><ent r="3" t="24" w="765" /><ent r="3" t="24" w="765" /><ent r="7" t="43" w="286" /><ent r="7" t="43" w="286" /><ent r="7" t="69" w="96" /><ent r="7" t="69" w="96" /><ent r="6" t="69" w="122" /></phr><phr n="Access"><ent r="3" t="18" w="2282" /><ent r="3" t="18" w="2282" /><ent r="3" t="20" w="736" /><ent r="3" t="20" w="736" /><ent r="3" t="21" w="937" /><ent r="3" t="21" w="937" /><ent r="3" t="22" w="991" /><ent r="3" t="22" w="991" /><ent r="3" t="27" w="1552" /><ent r="3" t="27" w="1552" /><ent r="4" t="42" w="1145" /><ent r="4" t="42" w="1145" /><ent r="7" t="43" w="277" /><ent r="7" t="43" w="277" /><ent r="4" t="59" w="87" /><ent r="4" t="59" w="87" /></phr><phr n="successfully"><ent r="4" t="21" w="413" /><ent r="4" t="21" w="413" /><ent r="7" t="63" w="508" /><ent r="7" t="63" w="508" /></phr><phr n="when_processed"><ent r="7" t="23" w="555" /></phr><phr n="Successful"><ent r="3" t="24" w="798" /><ent r="3" t="24" w="798" /></phr><phr n="processed"><ent r="3" t="29" w="667" /><ent r="3" t="29" w="667" /><ent r="3" t="32" w="173" /><ent r="3" t="32" w="173" /><ent r="3" t="32" w="276" /><ent r="3" t="32" w="276" /><ent r="3" t="32" w="322" /><ent r="3" t="32" w="322" /><ent r="5" t="32" w="676" /><ent r="5" t="32" w="676" /><ent r="3" t="33" w="79" /><ent r="3" t="33" w="79" /><ent r="3" t="37" w="208" /><ent r="3" t="40" w="855" /><ent r="6" t="45" w="304" /><ent r="6" t="45" w="304" /><ent r="6" t="45" w="382" /><ent r="6" t="45" w="382" /></phr><phr n="Process"><ent r="82" t="42" w="297" /><ent r="82" t="42" w="297" /><ent r="82" t="42" w="1213" /><ent r="82" t="42" w="1213" /></phr><phr n="processor"><ent r="4" t="45" w="111" /><ent r="4" t="45" w="111" /><ent r="8" t="63" w="82" /><ent r="8" t="63" w="109" /><ent r="5" t="64" w="82" /><ent r="5" t="64" w="91" /><ent r="3" t="64" w="127" /><ent r="3" t="64" w="133" /></phr><phr n="necessarily"><ent r="9" t="55" w="1128" /><ent r="9" t="55" w="1128" /></phr><phr n="successors"><ent r="3" t="62" w="423" /></phr><phr n="-Dcom.l7tech.proxy.processor.logPosts=true"><ent r="5" t="64" w="84" /><ent r="3" t="64" w="129" /></phr><phr n="-Dcom.l7tech.proxy.processor.logResponses=true"><ent r="5" t="64" w="93" /><ent r="3" t="64" w="135" /></phr></stem></index>