<?xml version="1.0" encoding="utf-8"?><index><stem n="message"><phr n="Message"><ent r="65" t="0" w="96" /><ent r="65" t="0" w="96" /><ent r="65" t="5" w="331" /><ent r="65" t="5" w="331" /><ent r="64" t="28" w="165" /><ent r="64" t="28" w="165" /><ent r="3" t="29" w="30" /><ent r="3" t="29" w="30" /><ent r="125" t="32" w="473" /><ent r="125" t="32" w="473" /><ent r="65" t="32" w="594" /><ent r="65" t="32" w="594" /><ent r="64" t="33" w="164" /><ent r="64" t="33" w="164" /><ent r="1000" t="37" w="2" /><ent r="1000" t="37" w="2" /><ent r="100" t="37" w="8" /><ent r="100" t="37" w="8" /><ent r="100" t="37" w="11" /><ent r="102" t="37" w="19" /><ent r="102" t="37" w="19" /><ent r="64" t="37" w="99" /><ent r="64" t="37" w="99" /><ent r="64" t="37" w="104" /><ent r="64" t="37" w="104" /><ent r="92" t="37" w="114" /><ent r="92" t="37" w="114" /><ent r="82" t="37" w="181" /><ent r="82" t="37" w="181" /><ent r="82" t="37" w="244" /><ent r="82" t="37" w="244" /><ent r="82" t="37" w="381" /><ent r="82" t="37" w="381" /><ent r="92" t="37" w="456" /><ent r="92" t="37" w="456" /><ent r="64" t="37" w="578" /><ent r="64" t="37" w="578" /><ent r="1000" t="38" w="2" /><ent r="1000" t="38" w="2" /><ent r="100" t="38" w="12" /><ent r="100" t="38" w="12" /><ent r="100" t="38" w="15" /><ent r="102" t="38" w="19" /><ent r="102" t="38" w="19" /><ent r="64" t="38" w="223" /><ent r="64" t="38" w="223" /><ent r="1000" t="39" w="1" /><ent r="1000" t="39" w="1" /><ent r="100" t="39" w="4" /><ent r="100" t="39" w="4" /><ent r="102" t="39" w="18" /><ent r="102" t="39" w="18" /><ent r="82" t="39" w="108" /><ent r="82" t="39" w="108" /><ent r="3" t="39" w="111" /><ent r="3" t="39" w="111" /><ent r="64" t="40" w="162" /><ent r="64" t="40" w="162" /><ent r="92" t="40" w="566" /><ent r="92" t="40" w="566" /><ent r="64" t="40" w="1002" /><ent r="64" t="40" w="1002" /><ent r="64" t="42" w="157" /><ent r="64" t="42" w="157" /><ent r="7" t="43" w="344" /><ent r="7" t="43" w="344" /><ent r="100" t="44" w="55" /><ent r="65" t="44" w="80" /><ent r="65" t="44" w="80" /><ent r="1000" t="45" w="2" /><ent r="1000" t="45" w="2" /><ent r="100" t="45" w="10" /><ent r="100" t="45" w="10" /><ent r="102" t="45" w="17" /><ent r="102" t="45" w="17" /><ent r="100" t="45" w="223" /><ent r="5" t="45" w="248" /><ent r="5" t="45" w="248" /><ent r="4" t="45" w="253" /><ent r="4" t="45" w="253" /><ent r="5" t="45" w="285" /><ent r="5" t="45" w="285" /><ent r="5" t="45" w="505" /><ent r="5" t="45" w="505" /><ent r="92" t="47" w="358" /><ent r="92" t="47" w="358" /><ent r="9" t="55" w="852" /><ent r="9" t="55" w="852" /><ent r="9" t="55" w="871" /><ent r="9" t="55" w="871" /><ent r="9" t="55" w="1285" /><ent r="9" t="55" w="1285" /><ent r="9" t="55" w="1304" /><ent r="9" t="55" w="1304" /><ent r="68" t="63" w="102" /><ent r="68" t="63" w="102" /><ent r="68" t="63" w="129" /><ent r="68" t="63" w="129" /><ent r="1000" t="64" w="4" /><ent r="1000" t="64" w="4" /><ent r="100" t="64" w="7" /><ent r="102" t="64" w="26" /><ent r="102" t="64" w="26" /></phr><phr n="message"><ent r="4" t="0" w="103" /><ent r="4" t="0" w="103" /><ent r="3" t="3" w="91" /><ent r="3" t="3" w="91" /><ent r="3" t="3" w="116" /><ent r="3" t="3" w="116" /><ent r="4" t="5" w="297" /><ent r="4" t="5" w="297" /><ent r="4" t="13" w="179" /><ent r="4" t="13" w="179" /><ent r="4" t="16" w="340" /><ent r="4" t="16" w="340" /><ent r="9" t="18" w="1491" /><ent r="9" t="18" w="1491" /><ent r="4" t="21" w="406" /><ent r="4" t="21" w="406" /><ent r="4" t="22" w="433" /><ent r="3" t="24" w="67" /><ent r="3" t="24" w="67" /><ent r="3" t="24" w="85" /><ent r="3" t="24" w="85" /><ent r="3" t="28" w="78" /><ent r="3" t="28" w="78" /><ent r="3" t="28" w="86" /><ent r="3" t="28" w="86" /><ent r="3" t="28" w="101" /><ent r="3" t="28" w="101" /><ent r="3" t="28" w="128" /><ent r="3" t="28" w="128" /><ent r="3" t="28" w="160" /><ent r="3" t="28" w="160" /><ent r="4" t="29" w="120" /><ent r="4" t="29" w="120" /><ent r="3" t="29" w="161" /><ent r="7" t="29" w="325" /><ent r="7" t="29" w="341" /><ent r="7" t="29" w="381" /><ent r="3" t="29" w="649" /><ent r="3" t="29" w="649" /><ent r="3" t="29" w="812" /><ent r="3" t="29" w="812" /><ent r="3" t="29" w="853" /><ent r="3" t="29" w="853" /><ent r="4" t="29" w="1046" /><ent r="4" t="29" w="1046" /><ent r="4" t="29" w="1075" /><ent r="4" t="29" w="1086" /><ent r="4" t="29" w="1086" /><ent r="4" t="29" w="1182" /><ent r="4" t="29" w="1182" /><ent r="4" t="29" w="1187" /><ent r="4" t="29" w="1201" /><ent r="4" t="29" w="1201" /><ent r="4" t="29" w="1219" /><ent r="4" t="29" w="1219" /><ent r="4" t="29" w="1255" /><ent r="4" t="29" w="1269" /><ent r="4" t="29" w="1269" /><ent r="4" t="29" w="1274" /><ent r="4" t="29" w="1274" /><ent r="3" t="32" w="46" /><ent r="3" t="32" w="46" /><ent r="3" t="32" w="163" /><ent r="3" t="32" w="163" /><ent r="3" t="32" w="183" /><ent r="3" t="32" w="183" /><ent r="3" t="32" w="217" /><ent r="3" t="32" w="217" /><ent r="3" t="32" w="230" /><ent r="3" t="32" w="230" /><ent r="3" t="32" w="273" /><ent r="3" t="32" w="273" /><ent r="3" t="32" w="319" /><ent r="3" t="32" w="319" /><ent r="4" t="32" w="536" /><ent r="4" t="32" w="547" /><ent r="4" t="32" w="614" /><ent r="5" t="32" w="648" /><ent r="5" t="32" w="674" /><ent r="5" t="32" w="674" /><ent r="3" t="33" w="134" /><ent r="3" t="33" w="134" /><ent r="3" t="35" w="150" /><ent r="3" t="35" w="150" /><ent r="3" t="35" w="302" /><ent r="3" t="35" w="302" /><ent r="100" t="37" w="15" /><ent r="100" t="37" w="110" /><ent r="100" t="37" w="110" /><ent r="3" t="37" w="129" /><ent r="3" t="37" w="129" /><ent r="3" t="37" w="137" /><ent r="3" t="37" w="137" /><ent r="3" t="37" w="153" /><ent r="3" t="37" w="153" /><ent r="3" t="37" w="191" /><ent r="3" t="37" w="191" /><ent r="3" t="37" w="205" /><ent r="3" t="37" w="205" /><ent r="3" t="37" w="218" /><ent r="3" t="37" w="218" /><ent r="3" t="37" w="232" /><ent r="3" t="37" w="232" /><ent r="3" t="37" w="256" /><ent r="3" t="37" w="256" /><ent r="3" t="37" w="272" /><ent r="3" t="37" w="272" /><ent r="3" t="37" w="311" /><ent r="3" t="37" w="311" /><ent r="3" t="37" w="394" /><ent r="3" t="37" w="394" /><ent r="3" t="37" w="425" /><ent r="3" t="37" w="464" /><ent r="3" t="37" w="464" /><ent r="3" t="37" w="477" /><ent r="3" t="37" w="503" /><ent r="3" t="37" w="503" /><ent r="3" t="37" w="603" /><ent r="3" t="37" w="603" /><ent r="3" t="37" w="615" /><ent r="3" t="37" w="615" /><ent r="100" t="38" w="8" /><ent r="100" t="38" w="8" /><ent r="4" t="38" w="129" /><ent r="4" t="38" w="129" /><ent r="4" t="38" w="137" /><ent r="4" t="38" w="137" /><ent r="4" t="38" w="175" /><ent r="4" t="38" w="175" /><ent r="4" t="38" w="183" /><ent r="4" t="38" w="183" /><ent r="4" t="38" w="208" /><ent r="4" t="38" w="208" /><ent r="3" t="38" w="234" /><ent r="3" t="38" w="234" /><ent r="3" t="39" w="47" /><ent r="3" t="39" w="47" /><ent r="3" t="39" w="61" /><ent r="3" t="39" w="61" /><ent r="3" t="39" w="80" /><ent r="3" t="39" w="83" /><ent r="3" t="39" w="83" /><ent r="100" t="40" w="563" /><ent r="100" t="40" w="563" /><ent r="3" t="40" w="594" /><ent r="3" t="40" w="594" /><ent r="3" t="40" w="664" /><ent r="3" t="40" w="664" /><ent r="3" t="40" w="671" /><ent r="3" t="40" w="671" /><ent r="3" t="40" w="743" /><ent r="4" t="40" w="773" /><ent r="4" t="40" w="773" /><ent r="4" t="40" w="817" /><ent r="4" t="40" w="817" /><ent r="3" t="40" w="844" /><ent r="3" t="40" w="844" /><ent r="3" t="40" w="852" /><ent r="3" t="40" w="852" /><ent r="3" t="40" w="861" /><ent r="3" t="40" w="861" /><ent r="4" t="40" w="884" /><ent r="4" t="40" w="902" /><ent r="4" t="40" w="945" /><ent r="3" t="40" w="961" /><ent r="3" t="40" w="961" /><ent r="3" t="40" w="983" /><ent r="3" t="40" w="983" /><ent r="3" t="40" w="997" /><ent r="3" t="40" w="997" /><ent r="3" t="40" w="1013" /><ent r="3" t="40" w="1013" /><ent r="3" t="40" w="1059" /><ent r="3" t="40" w="1090" /><ent r="3" t="40" w="1130" /><ent r="3" t="40" w="1130" /><ent r="3" t="40" w="1155" /><ent r="3" t="40" w="1155" /><ent r="3" t="42" w="71" /><ent r="3" t="42" w="71" /><ent r="3" t="42" w="140" /><ent r="3" t="42" w="140" /><ent r="3" t="42" w="722" /><ent r="3" t="42" w="722" /><ent r="3" t="42" w="736" /><ent r="3" t="42" w="736" /><ent r="7" t="43" w="182" /><ent r="7" t="43" w="193" /><ent r="7" t="43" w="390" /><ent r="7" t="43" w="390" /><ent r="7" t="43" w="403" /><ent r="7" t="43" w="403" /><ent r="100" t="44" w="24" /><ent r="100" t="44" w="24" /><ent r="4" t="44" w="63" /><ent r="4" t="44" w="63" /><ent r="100" t="45" w="6" /><ent r="100" t="45" w="6" /><ent r="100" t="45" w="14" /><ent r="100" t="45" w="14" /><ent r="3" t="45" w="30" /><ent r="3" t="45" w="30" /><ent r="3" t="45" w="56" /><ent r="3" t="45" w="56" /><ent r="4" t="45" w="64" /><ent r="4" t="45" w="64" /><ent r="4" t="45" w="110" /><ent r="4" t="45" w="110" /><ent r="4" t="45" w="154" /><ent r="3" t="45" w="166" /><ent r="3" t="45" w="166" /><ent r="3" t="45" w="216" /><ent r="3" t="45" w="216" /><ent r="100" t="45" w="220" /><ent r="100" t="45" w="220" /><ent r="100" t="45" w="244" /><ent r="100" t="45" w="244" /><ent r="3" t="45" w="269" /><ent r="3" t="45" w="269" /><ent r="6" t="45" w="395" /><ent r="6" t="45" w="395" /><ent r="6" t="45" w="458" /><ent r="6" t="45" w="469" /><ent r="6" t="45" w="469" /><ent r="6" t="45" w="480" /><ent r="6" t="45" w="480" /><ent r="3" t="47" w="293" /><ent r="3" t="47" w="293" /><ent r="3" t="47" w="513" /><ent r="3" t="47" w="513" /><ent r="9" t="55" w="803" /><ent r="9" t="55" w="803" /><ent r="8" t="55" w="865" /><ent r="8" t="55" w="865" /><ent r="9" t="55" w="1074" /><ent r="9" t="55" w="1074" /><ent r="9" t="55" w="1113" /><ent r="9" t="55" w="1113" /><ent r="9" t="55" w="1184" /><ent r="9" t="55" w="1184" /><ent r="9" t="55" w="1200" /><ent r="9" t="55" w="1200" /><ent r="9" t="55" w="1245" /><ent r="3" t="56" w="168" /><ent r="3" t="60" w="264" /><ent r="3" t="60" w="264" /><ent r="4" t="60" w="301" /><ent r="4" t="60" w="301" /><ent r="7" t="63" w="89" /><ent r="7" t="63" w="89" /><ent r="7" t="63" w="116" /><ent r="7" t="63" w="116" /><ent r="100" t="64" w="13" /><ent r="100" t="64" w="13" /><ent r="100" t="64" w="20" /></phr><phr n="messages"><ent r="3" t="3" w="148" /><ent r="3" t="3" w="148" /><ent r="4" t="5" w="218" /><ent r="4" t="5" w="218" /><ent r="4" t="5" w="240" /><ent r="4" t="5" w="240" /><ent r="4" t="5" w="313" /><ent r="4" t="5" w="313" /><ent r="6" t="18" w="1816" /><ent r="6" t="18" w="1816" /><ent r="6" t="18" w="2058" /><ent r="6" t="18" w="2058" /><ent r="6" t="18" w="2088" /><ent r="4" t="18" w="2360" /><ent r="4" t="18" w="2360" /><ent r="6" t="20" w="376" /><ent r="6" t="20" w="376" /><ent r="4" t="20" w="814" /><ent r="4" t="20" w="814" /><ent r="6" t="21" w="575" /><ent r="6" t="21" w="575" /><ent r="4" t="21" w="1015" /><ent r="4" t="21" w="1015" /><ent r="6" t="22" w="628" /><ent r="6" t="22" w="628" /><ent r="4" t="22" w="1069" /><ent r="4" t="22" w="1069" /><ent r="6" t="27" w="1282" /><ent r="6" t="27" w="1282" /><ent r="3" t="28" w="64" /><ent r="3" t="28" w="64" /><ent r="3" t="28" w="173" /><ent r="3" t="28" w="173" /><ent r="7" t="29" w="358" /><ent r="8" t="29" w="515" /><ent r="8" t="29" w="515" /><ent r="8" t="29" w="534" /><ent r="8" t="29" w="534" /><ent r="4" t="29" w="1293" /><ent r="3" t="32" w="466" /><ent r="3" t="32" w="466" /><ent r="3" t="37" w="33" /><ent r="3" t="37" w="33" /><ent r="3" t="37" w="64" /><ent r="3" t="37" w="64" /><ent r="3" t="38" w="248" /><ent r="3" t="38" w="248" /><ent r="3" t="39" w="32" /><ent r="3" t="39" w="32" /><ent r="3" t="39" w="40" /><ent r="3" t="39" w="40" /><ent r="3" t="39" w="53" /><ent r="3" t="39" w="53" /><ent r="3" t="40" w="580" /><ent r="3" t="40" w="580" /><ent r="3" t="40" w="685" /><ent r="3" t="40" w="685" /><ent r="100" t="40" w="1038" /><ent r="100" t="40" w="1038" /><ent r="3" t="40" w="1062" /><ent r="3" t="40" w="1062" /><ent r="3" t="42" w="95" /><ent r="3" t="42" w="95" /><ent r="4" t="44" w="102" /><ent r="4" t="44" w="102" /><ent r="6" t="45" w="303" /><ent r="6" t="45" w="303" /><ent r="6" t="45" w="329" /><ent r="6" t="45" w="329" /><ent r="6" t="45" w="356" /><ent r="6" t="45" w="368" /><ent r="6" t="45" w="370" /><ent r="6" t="45" w="370" /><ent r="3" t="46" w="101" /><ent r="3" t="46" w="101" /><ent r="3" t="48" w="773" /><ent r="3" t="48" w="773" /><ent r="3" t="48" w="788" /><ent r="3" t="48" w="788" /><ent r="3" t="55" w="202" /><ent r="3" t="55" w="202" /><ent r="7" t="55" w="1331" /><ent r="7" t="55" w="1331" /><ent r="4" t="55" w="1727" /><ent r="4" t="55" w="1727" /><ent r="3" t="64" w="34" /><ent r="3" t="64" w="34" /></phr><phr n="Messages"><ent r="6" t="18" w="2101" /><ent r="6" t="18" w="2101" /><ent r="7" t="18" w="2120" /><ent r="7" t="18" w="2120" /><ent r="4" t="39" w="132" /><ent r="4" t="39" w="132" /><ent r="4" t="45" w="119" /><ent r="4" t="45" w="119" /><ent r="6" t="45" w="474" /><ent r="6" t="45" w="474" /><ent r="3" t="55" w="161" /><ent r="3" t="55" w="161" /><ent r="4" t="55" w="176" /><ent r="4" t="55" w="176" /><ent r="3" t="55" w="189" /><ent r="3" t="55" w="189" /><ent r="4" t="55" w="1732" /><ent r="4" t="55" w="1732" /></phr><phr n="MessageID"><ent r="6" t="23" w="631" /><ent r="6" t="23" w="631" /></phr><phr n="message-level"><ent r="7" t="43" w="182" /><ent r="7" t="43" w="182" /></phr></stem><stem n="rout"><phr n="Routing"><ent r="65" t="0" w="97" /><ent r="65" t="0" w="97" /><ent r="65" t="5" w="332" /><ent r="65" t="5" w="332" /><ent r="64" t="28" w="166" /><ent r="64" t="28" w="166" /><ent r="125" t="32" w="474" /><ent r="125" t="32" w="474" /><ent r="65" t="32" w="595" /><ent r="65" t="32" w="595" /><ent r="64" t="33" w="165" /><ent r="64" t="33" w="165" /><ent r="1000" t="37" w="3" /><ent r="1000" t="37" w="3" /><ent r="100" t="37" w="5" /><ent r="100" t="37" w="5" /><ent r="100" t="37" w="9" /><ent r="100" t="37" w="9" /><ent r="102" t="37" w="20" /><ent r="102" t="37" w="20" /><ent r="64" t="37" w="100" /><ent r="64" t="37" w="100" /><ent r="64" t="37" w="105" /><ent r="64" t="37" w="105" /><ent r="92" t="37" w="115" /><ent r="92" t="37" w="115" /><ent r="92" t="37" w="457" /><ent r="92" t="37" w="457" /><ent r="1000" t="38" w="3" /><ent r="1000" t="38" w="3" /><ent r="100" t="38" w="5" /><ent r="100" t="38" w="5" /><ent r="100" t="38" w="13" /><ent r="100" t="38" w="13" /><ent r="102" t="38" w="20" /><ent r="102" t="38" w="20" /><ent r="64" t="38" w="224" /><ent r="64" t="38" w="224" /><ent r="64" t="40" w="1003" /><ent r="64" t="40" w="1003" /><ent r="64" t="42" w="158" /><ent r="64" t="42" w="158" /></phr><phr n="route"><ent r="4" t="5" w="279" /><ent r="4" t="5" w="279" /><ent r="4" t="5" w="293" /><ent r="4" t="5" w="293" /><ent r="6" t="18" w="1602" /><ent r="6" t="18" w="1602" /><ent r="6" t="18" w="1814" /><ent r="6" t="18" w="1814" /><ent r="6" t="21" w="573" /><ent r="6" t="21" w="573" /><ent r="6" t="22" w="626" /><ent r="6" t="22" w="626" /><ent r="6" t="27" w="1118" /><ent r="6" t="27" w="1118" /><ent r="6" t="27" w="1280" /><ent r="6" t="27" w="1280" /><ent r="3" t="28" w="62" /><ent r="3" t="28" w="62" /></phr><phr n="routing"><ent r="4" t="5" w="310" /><ent r="4" t="5" w="310" /><ent r="6" t="20" w="374" /><ent r="6" t="20" w="374" /><ent r="3" t="28" w="99" /><ent r="3" t="28" w="99" /><ent r="3" t="28" w="161" /><ent r="100" t="37" w="12" /><ent r="100" t="37" w="12" /><ent r="100" t="37" w="16" /><ent r="100" t="37" w="16" /><ent r="100" t="37" w="111" /><ent r="100" t="37" w="111" /><ent r="3" t="37" w="236" /><ent r="3" t="37" w="236" /><ent r="3" t="37" w="323" /><ent r="100" t="38" w="9" /><ent r="100" t="38" w="9" /><ent r="100" t="38" w="16" /><ent r="100" t="38" w="16" /><ent r="4" t="38" w="154" /><ent r="4" t="38" w="154" /><ent r="3" t="38" w="235" /><ent r="3" t="38" w="235" /><ent r="3" t="40" w="998" /><ent r="3" t="66" w="80" /><ent r="3" t="66" w="80" /></phr><phr n="routed"><ent r="3" t="9" w="201" /><ent r="3" t="9" w="201" /><ent r="3" t="32" w="232" /><ent r="3" t="32" w="232" /><ent r="3" t="42" w="77" /><ent r="3" t="42" w="77" /></phr><phr n="routes"><ent r="3" t="28" w="124" /><ent r="3" t="28" w="124" /><ent r="4" t="32" w="582" /><ent r="4" t="32" w="582" /><ent r="5" t="32" w="645" /><ent r="5" t="32" w="645" /><ent r="3" t="37" w="29" /><ent r="3" t="37" w="29" /><ent r="3" t="37" w="149" /><ent r="3" t="37" w="149" /></phr><phr n="re-routing"><ent r="3" t="37" w="322" /><ent r="3" t="37" w="322" /></phr><phr n="Route"><ent r="4" t="66" w="87" /><ent r="4" t="66" w="87" /></phr></stem><stem n="outi"><phr n="Routing"><ent r="65" t="0" w="97" /><ent r="65" t="0" w="97" /><ent r="65" t="5" w="332" /><ent r="65" t="5" w="332" /><ent r="64" t="28" w="166" /><ent r="64" t="28" w="166" /><ent r="125" t="32" w="474" /><ent r="125" t="32" w="474" /><ent r="65" t="32" w="595" /><ent r="65" t="32" w="595" /><ent r="64" t="33" w="165" /><ent r="64" t="33" w="165" /><ent r="1000" t="37" w="3" /><ent r="1000" t="37" w="3" /><ent r="100" t="37" w="5" /><ent r="100" t="37" w="5" /><ent r="100" t="37" w="9" /><ent r="100" t="37" w="9" /><ent r="102" t="37" w="20" /><ent r="102" t="37" w="20" /><ent r="64" t="37" w="100" /><ent r="64" t="37" w="100" /><ent r="64" t="37" w="105" /><ent r="64" t="37" w="105" /><ent r="92" t="37" w="115" /><ent r="92" t="37" w="115" /><ent r="92" t="37" w="457" /><ent r="92" t="37" w="457" /><ent r="1000" t="38" w="3" /><ent r="1000" t="38" w="3" /><ent r="100" t="38" w="5" /><ent r="100" t="38" w="5" /><ent r="100" t="38" w="13" /><ent r="100" t="38" w="13" /><ent r="102" t="38" w="20" /><ent r="102" t="38" w="20" /><ent r="64" t="38" w="224" /><ent r="64" t="38" w="224" /><ent r="64" t="40" w="1003" /><ent r="64" t="40" w="1003" /><ent r="64" t="42" w="158" /><ent r="64" t="42" w="158" /></phr><phr n="routing"><ent r="4" t="5" w="310" /><ent r="4" t="5" w="310" /><ent r="6" t="20" w="374" /><ent r="6" t="20" w="374" /><ent r="3" t="28" w="99" /><ent r="3" t="28" w="99" /><ent r="3" t="28" w="161" /><ent r="100" t="37" w="12" /><ent r="100" t="37" w="12" /><ent r="100" t="37" w="16" /><ent r="100" t="37" w="16" /><ent r="100" t="37" w="111" /><ent r="100" t="37" w="111" /><ent r="3" t="37" w="236" /><ent r="3" t="37" w="236" /><ent r="3" t="37" w="323" /><ent r="100" t="38" w="9" /><ent r="100" t="38" w="9" /><ent r="100" t="38" w="16" /><ent r="100" t="38" w="16" /><ent r="4" t="38" w="154" /><ent r="4" t="38" w="154" /><ent r="3" t="38" w="235" /><ent r="3" t="38" w="235" /><ent r="3" t="40" w="998" /><ent r="3" t="66" w="80" /><ent r="3" t="66" w="80" /></phr><phr n="re-routing"><ent r="3" t="37" w="322" /><ent r="3" t="37" w="322" /></phr></stem><stem n="utin"><phr n="Routing"><ent r="65" t="0" w="97" /><ent r="65" t="0" w="97" /><ent r="65" t="5" w="332" /><ent r="65" t="5" w="332" /><ent r="64" t="28" w="166" /><ent r="64" t="28" w="166" /><ent r="125" t="32" w="474" /><ent r="125" t="32" w="474" /><ent r="65" t="32" w="595" /><ent r="65" t="32" w="595" /><ent r="64" t="33" w="165" /><ent r="64" t="33" w="165" /><ent r="1000" t="37" w="3" /><ent r="1000" t="37" w="3" /><ent r="100" t="37" w="5" /><ent r="100" t="37" w="5" /><ent r="100" t="37" w="9" /><ent r="100" t="37" w="9" /><ent r="102" t="37" w="20" /><ent r="102" t="37" w="20" /><ent r="64" t="37" w="100" /><ent r="64" t="37" w="100" /><ent r="64" t="37" w="105" /><ent r="64" t="37" w="105" /><ent r="92" t="37" w="115" /><ent r="92" t="37" w="115" /><ent r="92" t="37" w="457" /><ent r="92" t="37" w="457" /><ent r="1000" t="38" w="3" /><ent r="1000" t="38" w="3" /><ent r="100" t="38" w="5" /><ent r="100" t="38" w="5" /><ent r="100" t="38" w="13" /><ent r="100" t="38" w="13" /><ent r="102" t="38" w="20" /><ent r="102" t="38" w="20" /><ent r="64" t="38" w="224" /><ent r="64" t="38" w="224" /><ent r="64" t="40" w="1003" /><ent r="64" t="40" w="1003" /><ent r="64" t="42" w="158" /><ent r="64" t="42" w="158" /></phr><phr n="routing"><ent r="4" t="5" w="310" /><ent r="4" t="5" w="310" /><ent r="6" t="20" w="374" /><ent r="6" t="20" w="374" /><ent r="3" t="28" w="99" /><ent r="3" t="28" w="99" /><ent r="3" t="28" w="161" /><ent r="100" t="37" w="12" /><ent r="100" t="37" w="12" /><ent r="100" t="37" w="16" /><ent r="100" t="37" w="16" /><ent r="100" t="37" w="111" /><ent r="100" t="37" w="111" /><ent r="3" t="37" w="236" /><ent r="3" t="37" w="236" /><ent r="3" t="37" w="323" /><ent r="100" t="38" w="9" /><ent r="100" t="38" w="9" /><ent r="100" t="38" w="16" /><ent r="100" t="38" w="16" /><ent r="4" t="38" w="154" /><ent r="4" t="38" w="154" /><ent r="3" t="38" w="235" /><ent r="3" t="38" w="235" /><ent r="3" t="40" w="998" /><ent r="3" t="66" w="80" /><ent r="3" t="66" w="80" /></phr><phr n="re-routing"><ent r="3" t="37" w="322" /><ent r="3" t="37" w="322" /></phr></stem><stem n="ting"><phr n="Routing"><ent r="65" t="0" w="97" /><ent r="65" t="0" w="97" /><ent r="65" t="5" w="332" /><ent r="65" t="5" w="332" /><ent r="64" t="28" w="166" /><ent r="64" t="28" w="166" /><ent r="125" t="32" w="474" /><ent r="125" t="32" w="474" /><ent r="65" t="32" w="595" /><ent r="65" t="32" w="595" /><ent r="64" t="33" w="165" /><ent r="64" t="33" w="165" /><ent r="1000" t="37" w="3" /><ent r="1000" t="37" w="3" /><ent r="100" t="37" w="5" /><ent r="100" t="37" w="5" /><ent r="100" t="37" w="9" /><ent r="100" t="37" w="9" /><ent r="102" t="37" w="20" /><ent r="102" t="37" w="20" /><ent r="64" t="37" w="100" /><ent r="64" t="37" w="100" /><ent r="64" t="37" w="105" /><ent r="64" t="37" w="105" /><ent r="92" t="37" w="115" /><ent r="92" t="37" w="115" /><ent r="92" t="37" w="457" /><ent r="92" t="37" w="457" /><ent r="1000" t="38" w="3" /><ent r="1000" t="38" w="3" /><ent r="100" t="38" w="5" /><ent r="100" t="38" w="5" /><ent r="100" t="38" w="13" /><ent r="100" t="38" w="13" /><ent r="102" t="38" w="20" /><ent r="102" t="38" w="20" /><ent r="64" t="38" w="224" /><ent r="64" t="38" w="224" /><ent r="64" t="40" w="1003" /><ent r="64" t="40" w="1003" /><ent r="64" t="42" w="158" /><ent r="64" t="42" w="158" /></phr><phr n="Contacting"><ent r="65" t="0" w="155" /><ent r="65" t="0" w="155" /><ent r="102" t="61" w="8" /><ent r="102" t="61" w="8" /></phr><phr n="Getting"><ent r="82" t="0" w="174" /><ent r="82" t="0" w="174" /></phr><phr n="creating"><ent r="3" t="1" w="264" /><ent r="3" t="1" w="264" /><ent r="100" t="18" w="9" /><ent r="100" t="18" w="9" /><ent r="4" t="19" w="147" /><ent r="4" t="19" w="147" /><ent r="4" t="19" w="178" /><ent r="4" t="19" w="178" /><ent r="4" t="19" w="209" /><ent r="4" t="19" w="209" /><ent r="100" t="20" w="11" /><ent r="100" t="20" w="11" /><ent r="100" t="21" w="16" /><ent r="100" t="21" w="16" /><ent r="100" t="22" w="16" /><ent r="100" t="22" w="16" /><ent r="3" t="23" w="33" /><ent r="3" t="23" w="33" /><ent r="3" t="24" w="431" /><ent r="3" t="24" w="431" /><ent r="3" t="25" w="685" /><ent r="3" t="25" w="685" /><ent r="3" t="53" w="237" /><ent r="3" t="53" w="237" /><ent r="3" t="53" w="369" /><ent r="3" t="53" w="369" /></phr><phr n="delegating"><ent r="3" t="3" w="269" /><ent r="3" t="3" w="269" /></phr><phr n="requesting"><ent r="3" t="3" w="273" /><ent r="3" t="3" w="273" /><ent r="6" t="21" w="315" /><ent r="6" t="21" w="315" /><ent r="3" t="48" w="52" /><ent r="3" t="48" w="52" /><ent r="3" t="48" w="187" /><ent r="3" t="48" w="187" /></phr><phr n="hosting"><ent r="3" t="3" w="283" /><ent r="3" t="3" w="283" /><ent r="3" t="48" w="280" /><ent r="3" t="48" w="280" /><ent r="3" t="56" w="115" /><ent r="3" t="56" w="115" /></phr><phr n="Troubleshooting"><ent r="65" t="3" w="401" /><ent r="65" t="3" w="401" /><ent r="4" t="3" w="416" /><ent r="4" t="3" w="416" /><ent r="3" t="4" w="42" /><ent r="3" t="4" w="42" /><ent r="64" t="4" w="46" /><ent r="64" t="4" w="46" /><ent r="1000" t="6" w="1" /><ent r="1000" t="6" w="1" /><ent r="100" t="6" w="4" /><ent r="100" t="6" w="4" /><ent r="102" t="6" w="7" /><ent r="102" t="6" w="7" /><ent r="4" t="6" w="50" /><ent r="4" t="6" w="50" /><ent r="3" t="6" w="82" /><ent r="3" t="6" w="82" /><ent r="3" t="6" w="125" /><ent r="3" t="6" w="125" /><ent r="5" t="6" w="153" /><ent r="5" t="6" w="153" /></phr><phr n="setting"><ent r="6" t="4" w="232" /><ent r="6" t="4" w="232" /><ent r="3" t="9" w="69" /><ent r="3" t="9" w="69" /><ent r="6" t="18" w="1826" /><ent r="6" t="20" w="386" /><ent r="6" t="21" w="585" /><ent r="6" t="22" w="638" /><ent r="6" t="27" w="1292" /><ent r="3" t="29" w="645" /><ent r="100" t="32" w="13" /><ent r="100" t="32" w="13" /><ent r="3" t="32" w="36" /><ent r="3" t="32" w="36" /><ent r="3" t="32" w="305" /><ent r="3" t="32" w="305" /><ent r="4" t="32" w="563" /><ent r="4" t="32" w="628" /><ent r="7" t="63" w="644" /></phr><phr n="protecting"><ent r="4" t="5" w="200" /><ent r="4" t="5" w="200" /><ent r="7" t="10" w="62" /><ent r="7" t="10" w="62" /><ent r="3" t="42" w="49" /><ent r="3" t="42" w="49" /></phr><phr n="routing"><ent r="4" t="5" w="310" /><ent r="4" t="5" w="310" /><ent r="6" t="20" w="374" /><ent r="6" t="20" w="374" /><ent r="3" t="28" w="99" /><ent r="3" t="28" w="99" /><ent r="3" t="28" w="161" /><ent r="100" t="37" w="12" /><ent r="100" t="37" w="12" /><ent r="100" t="37" w="16" /><ent r="100" t="37" w="16" /><ent r="100" t="37" w="111" /><ent r="100" t="37" w="111" /><ent r="3" t="37" w="236" /><ent r="3" t="37" w="236" /><ent r="3" t="37" w="323" /><ent r="100" t="38" w="9" /><ent r="100" t="38" w="9" /><ent r="100" t="38" w="16" /><ent r="100" t="38" w="16" /><ent r="4" t="38" w="154" /><ent r="4" t="38" w="154" /><ent r="3" t="38" w="235" /><ent r="3" t="38" w="235" /><ent r="3" t="40" w="998" /><ent r="3" t="66" w="80" /><ent r="3" t="66" w="80" /></phr><phr n="troubleshooting"><ent r="4" t="6" w="167" /><ent r="4" t="6" w="167" /><ent r="3" t="46" w="79" /><ent r="3" t="46" w="79" /></phr><phr n="settings"><ent r="3" t="7" w="110" /><ent r="3" t="7" w="110" /><ent r="3" t="11" w="24" /><ent r="3" t="11" w="24" /><ent r="8" t="29" w="544" /><ent r="8" t="29" w="544" /><ent r="4" t="32" w="389" /><ent r="5" t="46" w="124" /><ent r="7" t="46" w="171" /><ent r="7" t="58" w="450" /></phr><phr n="attempting"><ent r="3" t="7" w="151" /><ent r="3" t="7" w="151" /><ent r="7" t="63" w="389" /><ent r="7" t="63" w="389" /></phr><phr n="Starting"><ent r="64" t="7" w="177" /><ent r="64" t="7" w="177" /><ent r="82" t="7" w="547" /><ent r="82" t="7" w="547" /><ent r="64" t="8" w="114" /><ent r="64" t="8" w="114" /><ent r="82" t="8" w="242" /><ent r="82" t="8" w="242" /></phr><phr n="Terminating"><ent r="64" t="7" w="189" /><ent r="64" t="7" w="189" /><ent r="82" t="7" w="642" /><ent r="82" t="7" w="642" /><ent r="64" t="8" w="126" /><ent r="64" t="8" w="126" /><ent r="82" t="8" w="357" /><ent r="82" t="8" w="357" /></phr><phr n="initiating"><ent r="3" t="7" w="254" /><ent r="3" t="7" w="254" /></phr><phr n="starting"><ent r="100" t="7" w="545" /><ent r="100" t="7" w="545" /><ent r="3" t="7" w="560" /><ent r="3" t="7" w="560" /><ent r="100" t="8" w="240" /><ent r="100" t="8" w="240" /></phr><phr n="terminating"><ent r="100" t="7" w="640" /><ent r="100" t="7" w="640" /><ent r="3" t="7" w="653" /><ent r="3" t="7" w="653" /><ent r="100" t="8" w="355" /><ent r="100" t="8" w="355" /></phr><phr n="editing"><ent r="3" t="9" w="314" /><ent r="3" t="9" w="314" /><ent r="100" t="11" w="8" /><ent r="100" t="11" w="8" /><ent r="3" t="18" w="2408" /><ent r="3" t="20" w="862" /><ent r="3" t="21" w="1063" /><ent r="3" t="22" w="1117" /><ent r="3" t="27" w="1726" /><ent r="7" t="29" w="406" /><ent r="7" t="29" w="406" /><ent r="100" t="33" w="12" /><ent r="100" t="33" w="12" /><ent r="5" t="64" w="67" /><ent r="5" t="65" w="65" /><ent r="5" t="66" w="136" /><ent r="4" t="67" w="149" /></phr><phr n="deleting"><ent r="3" t="9" w="316" /><ent r="3" t="9" w="316" /><ent r="3" t="9" w="323" /><ent r="3" t="9" w="323" /><ent r="100" t="12" w="8" /><ent r="100" t="12" w="8" /><ent r="3" t="12" w="287" /><ent r="3" t="12" w="287" /><ent r="4" t="12" w="341" /><ent r="4" t="12" w="341" /><ent r="3" t="18" w="2410" /><ent r="3" t="18" w="2410" /><ent r="3" t="20" w="864" /><ent r="3" t="20" w="864" /><ent r="3" t="21" w="1065" /><ent r="3" t="21" w="1065" /><ent r="3" t="22" w="1119" /><ent r="3" t="22" w="1119" /><ent r="3" t="27" w="1728" /><ent r="3" t="27" w="1728" /><ent r="100" t="34" w="7" /><ent r="100" t="34" w="7" /><ent r="100" t="34" w="11" /><ent r="100" t="34" w="11" /></phr><phr n="relating"><ent r="3" t="10" w="251" /><ent r="3" t="10" w="251" /><ent r="3" t="54" w="132" /><ent r="3" t="54" w="132" /></phr><phr n="Editing"><ent r="1000" t="11" w="1" /><ent r="1000" t="11" w="1" /><ent r="100" t="11" w="10" /><ent r="100" t="11" w="10" /><ent r="102" t="11" w="15" /><ent r="102" t="11" w="15" /><ent r="65" t="23" w="89" /><ent r="65" t="23" w="89" /><ent r="100" t="33" w="6" /><ent r="100" t="33" w="6" /><ent r="8" t="50" w="478" /><ent r="8" t="50" w="478" /><ent r="8" t="51" w="459" /><ent r="8" t="51" w="459" /><ent r="4" t="52" w="245" /><ent r="4" t="52" w="245" /><ent r="4" t="53" w="403" /><ent r="4" t="53" w="403" /><ent r="3" t="54" w="528" /><ent r="3" t="54" w="528" /></phr><phr n="Deleting"><ent r="1000" t="12" w="1" /><ent r="1000" t="12" w="1" /><ent r="100" t="12" w="10" /><ent r="100" t="12" w="10" /><ent r="102" t="12" w="15" /><ent r="102" t="12" w="15" /><ent r="3" t="12" w="217" /><ent r="3" t="12" w="217" /><ent r="3" t="12" w="257" /><ent r="3" t="12" w="257" /><ent r="65" t="15" w="167" /><ent r="65" t="15" w="167" /><ent r="1000" t="34" w="1" /><ent r="1000" t="34" w="1" /><ent r="100" t="34" w="13" /><ent r="100" t="34" w="13" /><ent r="102" t="34" w="18" /><ent r="102" t="34" w="18" /><ent r="3" t="52" w="249" /><ent r="3" t="52" w="249" /><ent r="3" t="53" w="409" /><ent r="3" t="53" w="409" /><ent r="3" t="54" w="530" /><ent r="3" t="54" w="530" /></phr><phr n="Creating"><ent r="65" t="12" w="318" /><ent r="65" t="12" w="318" /><ent r="1000" t="18" w="1" /><ent r="1000" t="18" w="1" /><ent r="100" t="18" w="25" /><ent r="100" t="18" w="25" /><ent r="102" t="18" w="31" /><ent r="102" t="18" w="31" /><ent r="65" t="19" w="154" /><ent r="65" t="19" w="154" /><ent r="65" t="19" w="185" /><ent r="65" t="19" w="185" /><ent r="65" t="19" w="216" /><ent r="65" t="19" w="216" /><ent r="1000" t="20" w="1" /><ent r="1000" t="20" w="1" /><ent r="100" t="20" w="30" /><ent r="100" t="20" w="30" /><ent r="102" t="20" w="36" /><ent r="102" t="20" w="36" /><ent r="1000" t="21" w="1" /><ent r="1000" t="21" w="1" /><ent r="100" t="21" w="35" /><ent r="100" t="21" w="35" /><ent r="102" t="21" w="41" /><ent r="102" t="21" w="41" /><ent r="3" t="21" w="51" /><ent r="3" t="21" w="51" /><ent r="1000" t="22" w="1" /><ent r="1000" t="22" w="1" /><ent r="100" t="22" w="35" /><ent r="100" t="22" w="35" /><ent r="102" t="22" w="41" /><ent r="102" t="22" w="41" /><ent r="64" t="23" w="186" /><ent r="64" t="23" w="186" /><ent r="64" t="23" w="192" /><ent r="64" t="23" w="192" /><ent r="64" t="23" w="200" /><ent r="64" t="23" w="200" /><ent r="64" t="23" w="208" /><ent r="64" t="23" w="208" /><ent r="5" t="24" w="310" /><ent r="5" t="24" w="310" /><ent r="5" t="24" w="393" /><ent r="5" t="24" w="393" /><ent r="64" t="25" w="690" /><ent r="64" t="25" w="690" /><ent r="5" t="25" w="793" /><ent r="5" t="25" w="793" /><ent r="5" t="25" w="848" /><ent r="5" t="25" w="848" /><ent r="64" t="42" w="1724" /><ent r="64" t="42" w="1724" /><ent r="7" t="50" w="197" /><ent r="7" t="50" w="197" /><ent r="7" t="50" w="317" /><ent r="7" t="50" w="317" /><ent r="7" t="50" w="386" /><ent r="7" t="50" w="386" /><ent r="6" t="50" w="506" /><ent r="6" t="50" w="506" /><ent r="6" t="50" w="511" /><ent r="6" t="50" w="511" /><ent r="6" t="50" w="516" /><ent r="6" t="50" w="516" /><ent r="7" t="51" w="268" /><ent r="7" t="51" w="268" /><ent r="6" t="51" w="415" /><ent r="6" t="51" w="415" /><ent r="8" t="51" w="491" /><ent r="8" t="51" w="491" /><ent r="6" t="51" w="526" /><ent r="6" t="51" w="526" /><ent r="6" t="51" w="531" /><ent r="6" t="51" w="531" /><ent r="6" t="51" w="536" /><ent r="6" t="51" w="536" /><ent r="4" t="51" w="829" /><ent r="4" t="51" w="829" /><ent r="3" t="53" w="397" /><ent r="3" t="53" w="397" /><ent r="3" t="54" w="512" /><ent r="3" t="54" w="512" /><ent r="3" t="54" w="517" /><ent r="3" t="54" w="517" /><ent r="3" t="54" w="522" /><ent r="3" t="54" w="522" /><ent r="67" t="58" w="273" /><ent r="67" t="58" w="273" /><ent r="67" t="58" w="399" /><ent r="67" t="58" w="399" /><ent r="67" t="59" w="176" /><ent r="67" t="59" w="176" /><ent r="68" t="59" w="212" /><ent r="68" t="59" w="212" /><ent r="3" t="68" w="114" /><ent r="3" t="68" w="114" /></phr><phr n="Settings"><ent r="7" t="12" w="418" /><ent r="5" t="33" w="254" /><ent r="5" t="33" w="254" /><ent r="5" t="64" w="227" /><ent r="5" t="65" w="305" /></phr><phr n="Authenticating"><ent r="1000" t="16" w="1" /><ent r="1000" t="16" w="1" /><ent r="100" t="16" w="7" /><ent r="100" t="16" w="7" /><ent r="102" t="16" w="15" /><ent r="102" t="16" w="15" /><ent r="4" t="16" w="96" /><ent r="4" t="16" w="96" /><ent r="100" t="69" w="5" /><ent r="100" t="69" w="5" /></phr><phr n="authenticating"><ent r="3" t="16" w="115" /><ent r="3" t="16" w="115" /><ent r="3" t="48" w="275" /></phr><phr n="connecting"><ent r="3" t="18" w="180" /><ent r="3" t="18" w="180" /><ent r="3" t="20" w="232" /><ent r="3" t="20" w="232" /><ent r="3" t="21" w="251" /><ent r="3" t="21" w="251" /><ent r="3" t="22" w="222" /><ent r="3" t="22" w="222" /><ent r="3" t="27" w="1706" /><ent r="3" t="27" w="1706" /><ent r="4" t="29" w="926" /><ent r="4" t="29" w="926" /></phr><phr n="pre-existing"><ent r="8" t="18" w="1383" /><ent r="8" t="18" w="1383" /><ent r="4" t="59" w="90" /><ent r="4" t="59" w="90" /></phr><phr n="existing"><ent r="8" t="18" w="1384" /><ent r="7" t="18" w="1684" /><ent r="7" t="18" w="1684" /><ent r="7" t="27" w="1200" /><ent r="7" t="27" w="1200" /><ent r="7" t="43" w="275" /><ent r="7" t="43" w="275" /><ent r="3" t="48" w="321" /><ent r="3" t="48" w="321" /><ent r="9" t="55" w="1018" /><ent r="9" t="55" w="1018" /><ent r="4" t="59" w="91" /></phr><phr n="accepting"><ent r="3" t="19" w="67" /><ent r="3" t="19" w="67" /></phr><phr n="stating"><ent r="4" t="21" w="407" /><ent r="4" t="21" w="407" /></phr><phr n="testing"><ent r="4" t="22" w="448" /><ent r="4" t="22" w="448" /></phr><phr n="generating"><ent r="6" t="23" w="317" /><ent r="6" t="23" w="317" /><ent r="6" t="23" w="432" /><ent r="6" t="23" w="432" /></phr><phr n="Attesting"><ent r="4" t="24" w="284" /><ent r="4" t="24" w="284" /><ent r="9" t="55" w="1024" /><ent r="9" t="55" w="1024" /><ent r="9" t="55" w="1044" /><ent r="9" t="55" w="1044" /></phr><phr n="importing"><ent r="7" t="24" w="684" /><ent r="100" t="35" w="6" /><ent r="100" t="35" w="6" /><ent r="100" t="35" w="10" /><ent r="100" t="35" w="10" /><ent r="3" t="42" w="1775" /><ent r="3" t="42" w="1775" /><ent r="3" t="48" w="542" /><ent r="3" t="48" w="542" /><ent r="3" t="48" w="696" /><ent r="3" t="48" w="696" /></phr><phr n="Setting"><ent r="3" t="25" w="658" /><ent r="3" t="25" w="658" /><ent r="68" t="29" w="554" /><ent r="68" t="29" w="554" /><ent r="1000" t="32" w="1" /><ent r="1000" t="32" w="1" /><ent r="100" t="32" w="21" /><ent r="100" t="32" w="21" /><ent r="102" t="32" w="27" /><ent r="102" t="32" w="27" /><ent r="7" t="33" w="256" /><ent r="7" t="33" w="256" /><ent r="68" t="33" w="453" /><ent r="68" t="33" w="453" /><ent r="7" t="63" w="258" /><ent r="7" t="63" w="258" /><ent r="7" t="63" w="473" /><ent r="7" t="63" w="473" /></phr><phr n="Connecting"><ent r="64" t="26" w="123" /><ent r="64" t="26" w="123" /><ent r="1000" t="27" w="1" /><ent r="1000" t="27" w="1" /><ent r="100" t="27" w="12" /><ent r="100" t="27" w="12" /><ent r="102" t="27" w="19" /><ent r="102" t="27" w="19" /><ent r="7" t="50" w="168" /><ent r="7" t="50" w="168" /><ent r="6" t="50" w="227" /><ent r="6" t="50" w="227" /><ent r="7" t="51" w="200" /><ent r="7" t="51" w="200" /></phr><phr n="accounting"><ent r="8" t="33" w="410" /><ent r="8" t="33" w="428" /></phr><phr n="Importing"><ent r="1000" t="35" w="1" /><ent r="1000" t="35" w="1" /><ent r="100" t="35" w="12" /><ent r="100" t="35" w="12" /><ent r="102" t="35" w="16" /><ent r="102" t="35" w="16" /></phr><phr n="Exporting"><ent r="1000" t="36" w="1" /><ent r="1000" t="36" w="1" /><ent r="100" t="36" w="12" /><ent r="100" t="36" w="12" /><ent r="102" t="36" w="16" /><ent r="102" t="36" w="16" /><ent r="3" t="52" w="253" /><ent r="3" t="52" w="253" /></phr><phr n="exporting"><ent r="100" t="36" w="6" /><ent r="100" t="36" w="6" /><ent r="100" t="36" w="10" /><ent r="100" t="36" w="10" /></phr><phr n="re-routing"><ent r="3" t="37" w="322" /><ent r="3" t="37" w="322" /></phr><phr n="reconstructing"><ent r="3" t="39" w="78" /><ent r="3" t="39" w="78" /></phr><phr n="Repeating"><ent r="3" t="42" w="906" /><ent r="3" t="42" w="906" /></phr><phr n="distinguished"><ent r="3" t="42" w="1262" /><ent r="3" t="42" w="1262" /><ent r="4" t="54" w="143" /><ent r="4" t="54" w="143" /></phr><phr n="originating"><ent r="3" t="42" w="1490" /><ent r="3" t="42" w="1490" /><ent r="3" t="53" w="132" /><ent r="3" t="53" w="132" /></phr><phr n="Restarting"><ent r="6" t="45" w="315" /><ent r="6" t="45" w="315" /></phr><phr n="Reformatting"><ent r="6" t="45" w="459" /><ent r="6" t="45" w="459" /></phr><phr n="Selecting"><ent r="4" t="45" w="498" /><ent r="4" t="45" w="498" /></phr><phr n="overwriting"><ent r="3" t="46" w="287" /><ent r="3" t="46" w="287" /></phr><phr n="impersonating"><ent r="6" t="47" w="130" /><ent r="6" t="47" w="130" /></phr><phr n="operating"><ent r="3" t="47" w="267" /><ent r="3" t="47" w="267" /></phr><phr n="interacting"><ent r="3" t="47" w="313" /><ent r="3" t="47" w="313" /></phr><phr n="prompting"><ent r="3" t="47" w="319" /><ent r="3" t="47" w="319" /></phr><phr n="validating"><ent r="3" t="48" w="56" /><ent r="3" t="48" w="56" /></phr><phr n="granting"><ent r="3" t="48" w="65" /><ent r="3" t="48" w="65" /></phr><phr n="wanting"><ent r="3" t="48" w="150" /><ent r="3" t="48" w="150" /></phr><phr n="resulting"><ent r="3" t="48" w="217" /><ent r="3" t="48" w="217" /></phr><phr n="mediating"><ent r="3" t="48" w="578" /><ent r="3" t="48" w="578" /></phr><phr n="decorating"><ent r="3" t="48" w="771" /><ent r="3" t="48" w="771" /><ent r="3" t="48" w="826" /><ent r="3" t="48" w="826" /></phr><phr n="getting"><ent r="3" t="48" w="830" /><ent r="3" t="48" w="830" /></phr><phr n="constructing"><ent r="3" t="55" w="153" /><ent r="3" t="55" w="153" /></phr><phr n="Validating"><ent r="4" t="55" w="213" /><ent r="4" t="55" w="213" /></phr><phr n="selecting"><ent r="4" t="55" w="1587" /><ent r="4" t="55" w="1587" /><ent r="7" t="58" w="373" /><ent r="7" t="58" w="373" /></phr><phr n="writing"><ent r="3" t="62" w="212" /><ent r="3" t="62" w="212" /></phr></stem></index>