<?xml version="1.0" encoding="utf-8"?><index><stem n="cifica"><phr n="specifications"><ent r="3" t="2" w="250" /></phr><phr n="specification"><ent r="6" t="55" w="598" /><ent r="6" t="55" w="598" /></phr></stem><stem n="ificat"><phr n="specifications"><ent r="3" t="2" w="250" /></phr><phr n="certificate"><ent r="100" t="12" w="92" /><ent r="100" t="12" w="92" /><ent r="4" t="12" w="110" /><ent r="4" t="12" w="110" /><ent r="4" t="12" w="118" /><ent r="4" t="12" w="118" /><ent r="5" t="12" w="126" /><ent r="5" t="12" w="126" /><ent r="100" t="12" w="192" /><ent r="4" t="12" w="300" /><ent r="4" t="12" w="300" /><ent r="3" t="13" w="95" /><ent r="3" t="13" w="105" /><ent r="3" t="13" w="105" /><ent r="3" t="13" w="267" /><ent r="3" t="13" w="271" /><ent r="3" t="13" w="271" /><ent r="3" t="13" w="328" /><ent r="3" t="13" w="328" /><ent r="3" t="17" w="101" /><ent r="3" t="17" w="101" /><ent r="3" t="17" w="120" /><ent r="3" t="17" w="120" /><ent r="3" t="18" w="137" /><ent r="3" t="18" w="146" /><ent r="3" t="18" w="146" /><ent r="3" t="18" w="414" /><ent r="3" t="18" w="414" /><ent r="3" t="18" w="461" /><ent r="6" t="18" w="845" /><ent r="6" t="18" w="1127" /><ent r="7" t="18" w="1142" /><ent r="7" t="18" w="1142" /><ent r="7" t="18" w="1162" /><ent r="7" t="18" w="1168" /><ent r="7" t="18" w="1168" /><ent r="7" t="18" w="1185" /><ent r="7" t="18" w="1185" /><ent r="7" t="18" w="1218" /><ent r="7" t="18" w="1218" /><ent r="6" t="18" w="1256" /><ent r="7" t="18" w="1270" /><ent r="7" t="18" w="1270" /><ent r="7" t="18" w="1289" /><ent r="7" t="18" w="1295" /><ent r="7" t="18" w="1295" /><ent r="8" t="18" w="1303" /><ent r="8" t="18" w="1303" /><ent r="8" t="18" w="1313" /><ent r="8" t="18" w="1338" /><ent r="8" t="18" w="1338" /><ent r="8" t="18" w="1352" /><ent r="8" t="18" w="1352" /><ent r="9" t="18" w="1366" /><ent r="8" t="18" w="1390" /><ent r="8" t="18" w="1390" /><ent r="8" t="18" w="1396" /><ent r="8" t="18" w="1396" /><ent r="8" t="18" w="1406" /><ent r="8" t="18" w="1406" /><ent r="9" t="18" w="1498" /><ent r="9" t="18" w="1498" /><ent r="8" t="18" w="1515" /><ent r="8" t="18" w="1515" /><ent r="8" t="18" w="1526" /><ent r="8" t="18" w="1526" /><ent r="3" t="20" w="194" /><ent r="3" t="20" w="203" /><ent r="3" t="20" w="203" /><ent r="4" t="20" w="257" /><ent r="3" t="21" w="213" /><ent r="3" t="21" w="222" /><ent r="3" t="21" w="222" /><ent r="4" t="21" w="390" /><ent r="4" t="21" w="394" /><ent r="4" t="21" w="394" /><ent r="3" t="21" w="462" /><ent r="3" t="22" w="184" /><ent r="3" t="22" w="193" /><ent r="3" t="22" w="193" /><ent r="3" t="22" w="471" /><ent r="3" t="22" w="471" /><ent r="3" t="22" w="479" /><ent r="4" t="24" w="154" /><ent r="4" t="24" w="154" /><ent r="100" t="24" w="213" /><ent r="100" t="24" w="213" /><ent r="3" t="24" w="244" /><ent r="3" t="24" w="244" /><ent r="5" t="24" w="376" /><ent r="5" t="24" w="376" /><ent r="7" t="24" w="561" /><ent r="7" t="24" w="561" /><ent r="7" t="24" w="576" /><ent r="7" t="24" w="576" /><ent r="6" t="24" w="590" /><ent r="6" t="24" w="590" /><ent r="6" t="24" w="613" /><ent r="6" t="24" w="613" /><ent r="3" t="24" w="797" /><ent r="3" t="24" w="819" /><ent r="3" t="24" w="819" /><ent r="6" t="25" w="142" /><ent r="6" t="25" w="142" /><ent r="6" t="25" w="294" /><ent r="6" t="25" w="303" /><ent r="6" t="25" w="303" /><ent r="6" t="25" w="457" /><ent r="6" t="25" w="457" /><ent r="6" t="25" w="471" /><ent r="6" t="25" w="471" /><ent r="100" t="25" w="705" /><ent r="100" t="25" w="705" /><ent r="3" t="25" w="737" /><ent r="3" t="25" w="737" /><ent r="4" t="25" w="825" /><ent r="4" t="25" w="828" /><ent r="4" t="25" w="828" /><ent r="4" t="26" w="108" /><ent r="4" t="26" w="108" /><ent r="4" t="26" w="111" /><ent r="4" t="26" w="111" /><ent r="3" t="26" w="181" /><ent r="3" t="27" w="140" /><ent r="3" t="27" w="140" /><ent r="3" t="27" w="185" /><ent r="6" t="27" w="599" /><ent r="6" t="27" w="884" /><ent r="7" t="27" w="899" /><ent r="7" t="27" w="899" /><ent r="7" t="27" w="919" /><ent r="7" t="27" w="925" /><ent r="7" t="27" w="925" /><ent r="7" t="27" w="942" /><ent r="7" t="27" w="942" /><ent r="7" t="27" w="975" /><ent r="7" t="27" w="975" /><ent r="6" t="27" w="1013" /><ent r="7" t="27" w="1027" /><ent r="7" t="27" w="1027" /><ent r="7" t="27" w="1046" /><ent r="4" t="29" w="892" /><ent r="4" t="29" w="943" /><ent r="4" t="29" w="963" /><ent r="4" t="29" w="1056" /><ent r="4" t="29" w="1064" /><ent r="4" t="29" w="1064" /><ent r="3" t="32" w="223" /><ent r="3" t="32" w="223" /><ent r="3" t="33" w="127" /><ent r="3" t="33" w="127" /><ent r="3" t="42" w="130" /><ent r="100" t="42" w="231" /><ent r="100" t="42" w="231" /><ent r="100" t="42" w="234" /><ent r="100" t="42" w="234" /><ent r="100" t="42" w="283" /><ent r="100" t="42" w="283" /><ent r="100" t="42" w="286" /><ent r="3" t="42" w="362" /><ent r="3" t="42" w="362" /><ent r="3" t="42" w="414" /><ent r="3" t="42" w="414" /><ent r="3" t="42" w="426" /><ent r="3" t="42" w="426" /><ent r="3" t="42" w="496" /><ent r="3" t="42" w="496" /><ent r="3" t="42" w="510" /><ent r="3" t="42" w="510" /><ent r="3" t="42" w="534" /><ent r="3" t="42" w="538" /><ent r="3" t="42" w="538" /><ent r="3" t="42" w="570" /><ent r="3" t="42" w="622" /><ent r="3" t="42" w="715" /><ent r="3" t="42" w="715" /><ent r="3" t="42" w="744" /><ent r="3" t="42" w="744" /><ent r="3" t="42" w="769" /><ent r="3" t="42" w="813" /><ent r="3" t="42" w="813" /><ent r="3" t="42" w="833" /><ent r="3" t="42" w="833" /><ent r="3" t="42" w="840" /><ent r="3" t="42" w="840" /><ent r="3" t="42" w="853" /><ent r="3" t="42" w="872" /><ent r="3" t="42" w="876" /><ent r="3" t="42" w="876" /><ent r="3" t="42" w="926" /><ent r="3" t="42" w="926" /><ent r="100" t="42" w="975" /><ent r="100" t="42" w="975" /><ent r="100" t="42" w="978" /><ent r="3" t="42" w="998" /><ent r="3" t="42" w="998" /><ent r="3" t="42" w="1021" /><ent r="3" t="42" w="1021" /><ent r="4" t="42" w="1091" /><ent r="4" t="42" w="1091" /><ent r="100" t="42" w="1099" /><ent r="100" t="42" w="1099" /><ent r="3" t="42" w="1122" /><ent r="100" t="42" w="1202" /><ent r="3" t="42" w="1217" /><ent r="3" t="42" w="1217" /><ent r="3" t="42" w="1222" /><ent r="3" t="42" w="1222" /><ent r="3" t="42" w="1241" /><ent r="3" t="42" w="1241" /><ent r="3" t="42" w="1267" /><ent r="3" t="42" w="1267" /><ent r="3" t="42" w="1314" /><ent r="3" t="42" w="1314" /><ent r="3" t="42" w="1322" /><ent r="3" t="42" w="1322" /><ent r="3" t="42" w="1373" /><ent r="3" t="42" w="1377" /><ent r="3" t="42" w="1377" /><ent r="3" t="42" w="1394" /><ent r="3" t="42" w="1394" /><ent r="3" t="42" w="1403" /><ent r="3" t="42" w="1403" /><ent r="3" t="42" w="1430" /><ent r="3" t="42" w="1430" /><ent r="3" t="42" w="1448" /><ent r="3" t="42" w="1457" /><ent r="3" t="42" w="1479" /><ent r="3" t="42" w="1479" /><ent r="3" t="42" w="1516" /><ent r="3" t="42" w="1516" /><ent r="3" t="42" w="1531" /><ent r="3" t="42" w="1578" /><ent r="3" t="42" w="1578" /><ent r="3" t="42" w="1603" /><ent r="3" t="42" w="1603" /><ent r="3" t="42" w="1631" /><ent r="3" t="42" w="1655" /><ent r="3" t="42" w="1655" /><ent r="3" t="42" w="1685" /><ent r="3" t="42" w="1689" /><ent r="3" t="42" w="1689" /><ent r="3" t="42" w="1706" /><ent r="3" t="42" w="1767" /><ent r="3" t="42" w="1767" /><ent r="3" t="42" w="1778" /><ent r="3" t="42" w="1782" /><ent r="3" t="42" w="1782" /><ent r="3" t="42" w="1846" /><ent r="3" t="42" w="1862" /><ent r="3" t="42" w="1862" /><ent r="3" t="42" w="1910" /><ent r="3" t="42" w="1934" /><ent r="3" t="42" w="1948" /><ent r="3" t="42" w="1948" /><ent r="3" t="42" w="1959" /><ent r="3" t="42" w="1959" /><ent r="4" t="42" w="1975" /><ent r="4" t="42" w="1975" /><ent r="4" t="42" w="1997" /><ent r="4" t="42" w="1997" /><ent r="3" t="42" w="2021" /><ent r="3" t="42" w="2021" /><ent r="100" t="42" w="2040" /><ent r="100" t="42" w="2040" /><ent r="3" t="42" w="2058" /><ent r="3" t="42" w="2058" /><ent r="3" t="42" w="2082" /><ent r="3" t="42" w="2082" /><ent r="4" t="42" w="2142" /><ent r="4" t="42" w="2142" /><ent r="3" t="42" w="2148" /><ent r="3" t="42" w="2148" /><ent r="3" t="42" w="2175" /><ent r="7" t="43" w="353" /><ent r="7" t="43" w="353" /><ent r="64" t="48" w="360" /><ent r="64" t="48" w="360" /><ent r="3" t="48" w="393" /><ent r="3" t="48" w="393" /><ent r="3" t="48" w="533" /><ent r="3" t="48" w="555" /><ent r="3" t="48" w="555" /><ent r="3" t="48" w="741" /><ent r="3" t="49" w="45" /><ent r="3" t="49" w="45" /><ent r="3" t="49" w="90" /><ent r="3" t="49" w="90" /><ent r="4" t="49" w="170" /><ent r="4" t="49" w="170" /><ent r="4" t="49" w="230" /><ent r="4" t="49" w="230" /><ent r="4" t="49" w="349" /><ent r="4" t="49" w="349" /><ent r="4" t="49" w="374" /><ent r="4" t="49" w="374" /><ent r="4" t="49" w="395" /><ent r="4" t="49" w="395" /><ent r="4" t="49" w="411" /><ent r="4" t="49" w="411" /><ent r="4" t="49" w="426" /><ent r="4" t="49" w="426" /><ent r="4" t="49" w="457" /><ent r="4" t="49" w="457" /><ent r="4" t="49" w="518" /><ent r="4" t="49" w="537" /><ent r="4" t="49" w="537" /><ent r="4" t="49" w="555" /><ent r="3" t="50" w="28" /><ent r="3" t="50" w="28" /><ent r="6" t="50" w="246" /><ent r="6" t="50" w="246" /><ent r="7" t="50" w="368" /><ent r="7" t="50" w="368" /><ent r="7" t="50" w="475" /><ent r="7" t="50" w="475" /><ent r="100" t="51" w="22" /><ent r="100" t="51" w="22" /><ent r="3" t="51" w="60" /><ent r="3" t="51" w="60" /><ent r="6" t="51" w="250" /><ent r="7" t="51" w="343" /><ent r="6" t="51" w="395" /><ent r="6" t="51" w="395" /><ent r="6" t="51" w="405" /><ent r="6" t="51" w="405" /><ent r="7" t="51" w="456" /><ent r="7" t="51" w="456" /><ent r="7" t="51" w="485" /><ent r="7" t="51" w="485" /><ent r="7" t="51" w="570" /><ent r="7" t="51" w="578" /><ent r="7" t="51" w="578" /><ent r="7" t="51" w="609" /><ent r="7" t="51" w="609" /><ent r="3" t="51" w="698" /><ent r="3" t="51" w="698" /><ent r="3" t="51" w="702" /><ent r="3" t="51" w="702" /><ent r="3" t="51" w="785" /><ent r="3" t="51" w="785" /><ent r="3" t="51" w="811" /><ent r="3" t="51" w="811" /><ent r="4" t="51" w="996" /><ent r="4" t="51" w="996" /><ent r="4" t="51" w="1004" /><ent r="4" t="51" w="1014" /><ent r="4" t="51" w="1025" /><ent r="4" t="51" w="1025" /><ent r="4" t="51" w="1061" /><ent r="4" t="51" w="1061" /><ent r="4" t="51" w="1103" /><ent r="4" t="51" w="1103" /><ent r="4" t="51" w="1169" /><ent r="4" t="51" w="1174" /><ent r="4" t="51" w="1174" /><ent r="4" t="51" w="1182" /><ent r="4" t="51" w="1192" /><ent r="4" t="51" w="1203" /><ent r="4" t="51" w="1203" /><ent r="3" t="52" w="45" /><ent r="3" t="52" w="45" /><ent r="3" t="53" w="66" /><ent r="3" t="53" w="66" /><ent r="3" t="53" w="149" /><ent r="3" t="53" w="149" /><ent r="3" t="53" w="270" /><ent r="3" t="53" w="270" /><ent r="4" t="54" w="150" /><ent r="4" t="54" w="150" /><ent r="4" t="54" w="229" /><ent r="4" t="54" w="229" /><ent r="4" t="54" w="245" /><ent r="4" t="54" w="335" /><ent r="4" t="54" w="335" /><ent r="3" t="54" w="430" /><ent r="3" t="54" w="430" /><ent r="4" t="54" w="461" /><ent r="4" t="54" w="461" /><ent r="4" t="54" w="476" /><ent r="4" t="54" w="476" /><ent r="3" t="55" w="59" /><ent r="3" t="55" w="59" /><ent r="8" t="55" w="725" /><ent r="8" t="55" w="758" /><ent r="9" t="55" w="808" /><ent r="9" t="55" w="808" /><ent r="9" t="55" w="812" /><ent r="9" t="55" w="823" /><ent r="9" t="55" w="823" /><ent r="9" t="55" w="828" /><ent r="9" t="55" w="828" /><ent r="9" t="55" w="833" /><ent r="9" t="55" w="1039" /><ent r="9" t="55" w="1046" /><ent r="9" t="55" w="1090" /><ent r="9" t="55" w="1090" /><ent r="9" t="55" w="1095" /><ent r="9" t="55" w="1135" /><ent r="9" t="55" w="1144" /><ent r="9" t="55" w="1144" /><ent r="9" t="55" w="1157" /><ent r="9" t="55" w="1157" /><ent r="9" t="55" w="1189" /><ent r="9" t="55" w="1189" /><ent r="9" t="55" w="1193" /><ent r="8" t="55" w="1299" /><ent r="3" t="56" w="56" /><ent r="3" t="56" w="56" /><ent r="3" t="56" w="136" /><ent r="3" t="56" w="136" /><ent r="3" t="56" w="179" /><ent r="65" t="57" w="115" /><ent r="65" t="57" w="115" /><ent r="65" t="57" w="159" /><ent r="65" t="57" w="159" /><ent r="3" t="58" w="48" /><ent r="3" t="58" w="48" /><ent r="7" t="58" w="380" /><ent r="7" t="58" w="380" /><ent r="3" t="59" w="51" /><ent r="3" t="59" w="51" /><ent r="4" t="59" w="97" /><ent r="4" t="59" w="97" /><ent r="4" t="59" w="103" /><ent r="4" t="59" w="103" /><ent r="3" t="60" w="48" /><ent r="3" t="60" w="48" /><ent r="3" t="60" w="287" /><ent r="3" t="60" w="287" /><ent r="4" t="60" w="298" /><ent r="4" t="60" w="318" /><ent r="4" t="60" w="318" /><ent r="3" t="67" w="85" /><ent r="3" t="67" w="97" /><ent r="3" t="67" w="97" /><ent r="7" t="68" w="283" /><ent r="7" t="68" w="283" /><ent r="7" t="68" w="303" /><ent r="7" t="68" w="303" /><ent r="7" t="68" w="323" /><ent r="7" t="68" w="323" /><ent r="7" t="68" w="328" /><ent r="7" t="68" w="328" /><ent r="4" t="68" w="689" /><ent r="7" t="69" w="56" /><ent r="7" t="69" w="56" /><ent r="7" t="69" w="89" /><ent r="7" t="69" w="89" /><ent r="6" t="69" w="112" /><ent r="7" t="69" w="155" /><ent r="7" t="69" w="155" /></phr><phr n="Certificate"><ent r="6" t="12" w="134" /><ent r="6" t="12" w="134" /><ent r="6" t="12" w="198" /><ent r="6" t="12" w="198" /><ent r="92" t="12" w="276" /><ent r="92" t="12" w="276" /><ent r="4" t="12" w="327" /><ent r="3" t="13" w="312" /><ent r="3" t="13" w="312" /><ent r="4" t="18" w="161" /><ent r="4" t="18" w="161" /><ent r="6" t="18" w="1116" /><ent r="6" t="18" w="1116" /><ent r="8" t="18" w="1133" /><ent r="8" t="18" w="1133" /><ent r="7" t="18" w="1151" /><ent r="7" t="18" w="1151" /><ent r="8" t="18" w="1177" /><ent r="8" t="18" w="1177" /><ent r="8" t="18" w="1209" /><ent r="8" t="18" w="1209" /><ent r="6" t="18" w="1245" /><ent r="6" t="18" w="1245" /><ent r="8" t="18" w="1262" /><ent r="8" t="18" w="1262" /><ent r="7" t="18" w="1278" /><ent r="7" t="18" w="1278" /><ent r="10" t="18" w="1362" /><ent r="10" t="18" w="1362" /><ent r="10" t="18" w="1372" /><ent r="10" t="18" w="1372" /><ent r="10" t="18" w="1535" /><ent r="10" t="18" w="1535" /><ent r="4" t="20" w="213" /><ent r="4" t="20" w="213" /><ent r="5" t="20" w="251" /><ent r="5" t="20" w="251" /><ent r="4" t="21" w="232" /><ent r="4" t="21" w="232" /><ent r="4" t="21" w="452" /><ent r="4" t="21" w="452" /><ent r="4" t="22" w="203" /><ent r="4" t="22" w="203" /><ent r="3" t="22" w="507" /><ent r="3" t="22" w="512" /><ent r="64" t="24" w="187" /><ent r="64" t="24" w="187" /><ent r="82" t="24" w="218" /><ent r="82" t="24" w="218" /><ent r="4" t="24" w="231" /><ent r="4" t="24" w="231" /><ent r="4" t="24" w="268" /><ent r="4" t="24" w="268" /><ent r="6" t="24" w="385" /><ent r="6" t="24" w="385" /><ent r="8" t="24" w="553" /><ent r="8" t="24" w="553" /><ent r="8" t="24" w="570" /><ent r="8" t="24" w="570" /><ent r="8" t="24" w="585" /><ent r="8" t="24" w="585" /><ent r="4" t="24" w="788" /><ent r="4" t="24" w="788" /><ent r="7" t="25" w="314" /><ent r="7" t="25" w="314" /><ent r="7" t="25" w="322" /><ent r="7" t="25" w="322" /><ent r="7" t="25" w="482" /><ent r="7" t="25" w="482" /><ent r="7" t="25" w="490" /><ent r="7" t="25" w="490" /><ent r="64" t="25" w="623" /><ent r="64" t="25" w="623" /><ent r="82" t="25" w="715" /><ent r="82" t="25" w="715" /><ent r="4" t="25" w="725" /><ent r="4" t="25" w="725" /><ent r="4" t="25" w="756" /><ent r="4" t="25" w="756" /><ent r="5" t="25" w="840" /><ent r="5" t="25" w="840" /><ent r="6" t="27" w="873" /><ent r="6" t="27" w="873" /><ent r="8" t="27" w="890" /><ent r="8" t="27" w="890" /><ent r="7" t="27" w="908" /><ent r="7" t="27" w="908" /><ent r="8" t="27" w="934" /><ent r="8" t="27" w="934" /><ent r="8" t="27" w="966" /><ent r="8" t="27" w="966" /><ent r="6" t="27" w="1002" /><ent r="6" t="27" w="1002" /><ent r="8" t="27" w="1019" /><ent r="8" t="27" w="1019" /><ent r="7" t="27" w="1035" /><ent r="7" t="27" w="1035" /><ent r="8" t="27" w="1052" /><ent r="8" t="27" w="1052" /><ent r="64" t="42" w="219" /><ent r="64" t="42" w="219" /><ent r="64" t="42" w="224" /><ent r="64" t="42" w="224" /><ent r="92" t="42" w="238" /><ent r="92" t="42" w="238" /><ent r="82" t="42" w="295" /><ent r="82" t="42" w="295" /><ent r="82" t="42" w="985" /><ent r="82" t="42" w="985" /><ent r="5" t="42" w="1086" /><ent r="5" t="42" w="1086" /><ent r="92" t="42" w="1102" /><ent r="92" t="42" w="1102" /><ent r="5" t="42" w="1152" /><ent r="5" t="42" w="1152" /><ent r="82" t="42" w="1211" /><ent r="82" t="42" w="1211" /><ent r="3" t="42" w="1350" /><ent r="3" t="42" w="1350" /><ent r="82" t="42" w="2045" /><ent r="82" t="42" w="2045" /><ent r="5" t="42" w="2139" /><ent r="5" t="42" w="2139" /><ent r="100" t="48" w="9" /><ent r="72" t="48" w="466" /><ent r="72" t="48" w="466" /><ent r="3" t="48" w="478" /><ent r="3" t="48" w="478" /><ent r="65" t="49" w="247" /><ent r="65" t="49" w="247" /><ent r="65" t="49" w="421" /><ent r="65" t="49" w="421" /><ent r="126" t="49" w="492" /><ent r="126" t="49" w="492" /><ent r="65" t="49" w="550" /><ent r="65" t="49" w="550" /><ent r="65" t="49" w="604" /><ent r="65" t="49" w="604" /><ent r="7" t="50" w="272" /><ent r="7" t="50" w="272" /><ent r="8" t="50" w="289" /><ent r="8" t="50" w="289" /><ent r="8" t="50" w="480" /><ent r="8" t="50" w="480" /><ent r="1000" t="51" w="6" /><ent r="1000" t="51" w="6" /><ent r="100" t="51" w="9" /><ent r="100" t="51" w="9" /><ent r="100" t="51" w="26" /><ent r="102" t="51" w="34" /><ent r="102" t="51" w="34" /><ent r="100" t="51" w="92" /><ent r="3" t="51" w="111" /><ent r="3" t="51" w="111" /><ent r="67" t="51" w="236" /><ent r="67" t="51" w="236" /><ent r="8" t="51" w="298" /><ent r="8" t="51" w="298" /><ent r="8" t="51" w="312" /><ent r="8" t="51" w="312" /><ent r="8" t="51" w="319" /><ent r="8" t="51" w="319" /><ent r="8" t="51" w="362" /><ent r="8" t="51" w="362" /><ent r="7" t="51" w="374" /><ent r="7" t="51" w="374" /><ent r="7" t="51" w="381" /><ent r="7" t="51" w="381" /><ent r="8" t="51" w="461" /><ent r="8" t="51" w="461" /><ent r="7" t="51" w="603" /><ent r="7" t="51" w="603" /><ent r="92" t="51" w="673" /><ent r="92" t="51" w="673" /><ent r="3" t="51" w="736" /><ent r="3" t="51" w="736" /><ent r="4" t="51" w="754" /><ent r="4" t="51" w="754" /><ent r="3" t="51" w="946" /><ent r="3" t="51" w="946" /><ent r="82" t="51" w="1040" /><ent r="82" t="51" w="1040" /><ent r="5" t="51" w="1069" /><ent r="5" t="51" w="1069" /><ent r="5" t="51" w="1087" /><ent r="5" t="51" w="1087" /><ent r="64" t="52" w="175" /><ent r="64" t="52" w="175" /><ent r="4" t="52" w="213" /><ent r="4" t="52" w="213" /><ent r="3" t="52" w="243" /><ent r="3" t="52" w="243" /><ent r="4" t="52" w="247" /><ent r="4" t="52" w="247" /><ent r="3" t="52" w="251" /><ent r="3" t="52" w="251" /><ent r="3" t="52" w="255" /><ent r="3" t="52" w="255" /><ent r="4" t="53" w="232" /><ent r="4" t="53" w="232" /><ent r="64" t="53" w="261" /><ent r="64" t="53" w="261" /><ent r="65" t="54" w="259" /><ent r="65" t="54" w="259" /><ent r="5" t="54" w="471" /><ent r="5" t="54" w="471" /><ent r="6" t="55" w="540" /><ent r="6" t="55" w="540" /><ent r="64" t="58" w="78" /><ent r="64" t="58" w="78" /><ent r="64" t="59" w="73" /><ent r="64" t="59" w="73" /><ent r="7" t="59" w="233" /><ent r="7" t="59" w="233" /><ent r="8" t="59" w="241" /><ent r="8" t="59" w="241" /><ent r="100" t="67" w="17" /><ent r="3" t="68" w="35" /><ent r="3" t="68" w="35" /></phr><phr n="certificates"><ent r="3" t="13" w="126" /><ent r="3" t="13" w="126" /><ent r="8" t="18" w="1309" /><ent r="8" t="18" w="1309" /><ent r="6" t="18" w="1821" /><ent r="6" t="20" w="381" /><ent r="6" t="21" w="580" /><ent r="3" t="22" w="499" /><ent r="3" t="22" w="499" /><ent r="6" t="22" w="633" /><ent r="6" t="27" w="1287" /><ent r="100" t="42" w="290" /><ent r="100" t="42" w="290" /><ent r="100" t="42" w="1206" /><ent r="100" t="42" w="1206" /><ent r="3" t="42" w="1749" /><ent r="3" t="48" w="544" /><ent r="3" t="48" w="544" /><ent r="3" t="48" w="698" /><ent r="3" t="48" w="698" /><ent r="3" t="48" w="700" /><ent r="3" t="48" w="700" /><ent r="3" t="48" w="704" /><ent r="3" t="48" w="704" /><ent r="4" t="49" w="379" /><ent r="4" t="49" w="379" /><ent r="4" t="49" w="391" /><ent r="4" t="49" w="452" /><ent r="4" t="49" w="452" /><ent r="4" t="49" w="484" /><ent r="4" t="49" w="587" /><ent r="4" t="49" w="587" /><ent r="6" t="51" w="225" /><ent r="6" t="51" w="225" /><ent r="3" t="51" w="687" /><ent r="3" t="51" w="687" /><ent r="3" t="51" w="738" /><ent r="3" t="51" w="738" /><ent r="3" t="51" w="799" /><ent r="3" t="51" w="859" /><ent r="3" t="51" w="859" /><ent r="4" t="51" w="891" /><ent r="4" t="51" w="891" /><ent r="3" t="51" w="930" /><ent r="3" t="51" w="930" /><ent r="4" t="51" w="956" /><ent r="4" t="51" w="956" /><ent r="4" t="51" w="975" /><ent r="4" t="51" w="975" /><ent r="4" t="51" w="986" /><ent r="4" t="51" w="986" /><ent r="3" t="51" w="1051" /><ent r="3" t="51" w="1051" /><ent r="4" t="51" w="1110" /><ent r="4" t="51" w="1110" /><ent r="4" t="51" w="1121" /><ent r="4" t="51" w="1121" /><ent r="4" t="51" w="1139" /><ent r="4" t="51" w="1139" /><ent r="4" t="51" w="1162" /><ent r="4" t="51" w="1162" /><ent r="100" t="52" w="5" /><ent r="100" t="52" w="5" /><ent r="3" t="52" w="82" /><ent r="3" t="52" w="82" /><ent r="3" t="52" w="102" /><ent r="3" t="52" w="102" /><ent r="4" t="52" w="119" /><ent r="4" t="52" w="119" /><ent r="4" t="52" w="124" /><ent r="4" t="52" w="124" /><ent r="4" t="52" w="128" /><ent r="4" t="52" w="128" /><ent r="4" t="52" w="131" /><ent r="4" t="52" w="131" /><ent r="4" t="52" w="137" /><ent r="4" t="52" w="137" /><ent r="3" t="52" w="151" /><ent r="3" t="52" w="151" /><ent r="3" t="52" w="189" /><ent r="3" t="52" w="189" /><ent r="3" t="52" w="223" /><ent r="3" t="53" w="145" /><ent r="3" t="53" w="145" /><ent r="3" t="53" w="173" /><ent r="3" t="53" w="179" /><ent r="3" t="53" w="179" /><ent r="3" t="53" w="202" /><ent r="3" t="53" w="202" /><ent r="3" t="53" w="278" /><ent r="3" t="53" w="278" /><ent r="3" t="53" w="360" /><ent r="3" t="53" w="360" /><ent r="3" t="54" w="436" /><ent r="3" t="54" w="436" /><ent r="7" t="58" w="372" /><ent r="3" t="67" w="38" /><ent r="3" t="67" w="38" /><ent r="7" t="68" w="319" /><ent r="7" t="68" w="319" /></phr><phr n="certificate-based"><ent r="8" t="18" w="1313" /><ent r="8" t="18" w="1313" /><ent r="4" t="29" w="892" /><ent r="4" t="29" w="892" /><ent r="4" t="29" w="943" /><ent r="4" t="29" w="943" /><ent r="4" t="29" w="963" /><ent r="4" t="29" w="963" /><ent r="3" t="42" w="1122" /><ent r="3" t="42" w="1122" /><ent r="3" t="42" w="1631" /><ent r="3" t="42" w="1631" /><ent r="3" t="48" w="533" /><ent r="3" t="48" w="533" /><ent r="4" t="51" w="1004" /><ent r="4" t="51" w="1004" /><ent r="4" t="51" w="1182" /><ent r="4" t="51" w="1182" /><ent r="3" t="56" w="179" /><ent r="3" t="56" w="179" /></phr><phr n="Certificates"><ent r="100" t="42" w="278" /><ent r="100" t="42" w="1198" /><ent r="100" t="42" w="1733" /><ent r="100" t="42" w="1733" /><ent r="4" t="42" w="2155" /><ent r="4" t="42" w="2155" /><ent r="100" t="51" w="216" /><ent r="100" t="51" w="216" /><ent r="8" t="51" w="322" /><ent r="7" t="51" w="384" /><ent r="82" t="51" w="730" /><ent r="82" t="51" w="730" /><ent r="4" t="51" w="777" /><ent r="4" t="51" w="777" /><ent r="82" t="51" w="805" /><ent r="82" t="51" w="805" /><ent r="4" t="51" w="901" /><ent r="4" t="51" w="901" /><ent r="3" t="51" w="950" /><ent r="82" t="51" w="1044" /><ent r="82" t="51" w="1044" /><ent r="5" t="51" w="1095" /><ent r="5" t="51" w="1095" /><ent r="1000" t="52" w="2" /><ent r="1000" t="52" w="2" /><ent r="100" t="52" w="7" /><ent r="100" t="52" w="7" /><ent r="100" t="52" w="10" /><ent r="100" t="52" w="10" /><ent r="102" t="52" w="13" /><ent r="102" t="52" w="13" /><ent r="4" t="52" w="139" /><ent r="4" t="52" w="139" /><ent r="3" t="52" w="238" /><ent r="3" t="52" w="238" /><ent r="3" t="53" w="219" /><ent r="3" t="53" w="219" /><ent r="70" t="55" w="1057" /><ent r="70" t="55" w="1057" /></phr><phr n="specification"><ent r="6" t="55" w="598" /><ent r="6" t="55" w="598" /></phr><phr n="verification"><ent r="8" t="55" w="980" /><ent r="8" t="55" w="980" /><ent r="7" t="68" w="330" /><ent r="7" t="68" w="330" /></phr><phr n="SSL-with-client-certificate"><ent r="6" t="69" w="109" /><ent r="6" t="69" w="109" /></phr><phr n="with-client-certificate"><ent r="6" t="69" w="110" /></phr><phr n="client-certificate"><ent r="6" t="69" w="111" /></phr></stem><stem n="ficati"><phr n="specifications"><ent r="3" t="2" w="250" /></phr><phr n="specification"><ent r="6" t="55" w="598" /><ent r="6" t="55" w="598" /></phr><phr n="verification"><ent r="8" t="55" w="980" /><ent r="8" t="55" w="980" /><ent r="7" t="68" w="330" /><ent r="7" t="68" w="330" /></phr></stem><stem n="ecifica"><phr n="specifications"><ent r="3" t="2" w="250" /></phr><phr n="specification"><ent r="6" t="55" w="598" /><ent r="6" t="55" w="598" /></phr></stem><stem n="cificat"><phr n="specifications"><ent r="3" t="2" w="250" /></phr><phr n="specification"><ent r="6" t="55" w="598" /><ent r="6" t="55" w="598" /></phr></stem><stem n="ificati"><phr n="specifications"><ent r="3" t="2" w="250" /></phr><phr n="specification"><ent r="6" t="55" w="598" /><ent r="6" t="55" w="598" /></phr><phr n="verification"><ent r="8" t="55" w="980" /><ent r="8" t="55" w="980" /><ent r="7" t="68" w="330" /><ent r="7" t="68" w="330" /></phr></stem><stem n="ficatio"><phr n="specifications"><ent r="3" t="2" w="250" /></phr><phr n="specification"><ent r="6" t="55" w="598" /><ent r="6" t="55" w="598" /></phr><phr n="verification"><ent r="8" t="55" w="980" /><ent r="8" t="55" w="980" /><ent r="7" t="68" w="330" /><ent r="7" t="68" w="330" /></phr></stem><stem n="pecifica"><phr n="specifications"><ent r="3" t="2" w="250" /></phr><phr n="specification"><ent r="6" t="55" w="598" /><ent r="6" t="55" w="598" /></phr></stem><stem n="ecificat"><phr n="specifications"><ent r="3" t="2" w="250" /></phr><phr n="specification"><ent r="6" t="55" w="598" /><ent r="6" t="55" w="598" /></phr></stem><stem n="cificati"><phr n="specifications"><ent r="3" t="2" w="250" /></phr><phr n="specification"><ent r="6" t="55" w="598" /><ent r="6" t="55" w="598" /></phr></stem><stem n="ificatio"><phr n="specifications"><ent r="3" t="2" w="250" /></phr><phr n="specification"><ent r="6" t="55" w="598" /><ent r="6" t="55" w="598" /></phr><phr n="verification"><ent r="8" t="55" w="980" /><ent r="8" t="55" w="980" /><ent r="7" t="68" w="330" /><ent r="7" t="68" w="330" /></phr></stem></index>