<?xml version="1.0" encoding="utf-8"?><index><stem n="addition"><phr n="Additional"><ent r="3" t="1" w="104" /><ent r="3" t="1" w="104" /><ent r="4" t="18" w="2299" /><ent r="4" t="18" w="2299" /><ent r="64" t="18" w="2330" /><ent r="64" t="18" w="2330" /><ent r="4" t="20" w="753" /><ent r="4" t="20" w="753" /><ent r="64" t="20" w="784" /><ent r="64" t="20" w="784" /><ent r="4" t="21" w="954" /><ent r="4" t="21" w="954" /><ent r="64" t="21" w="985" /><ent r="64" t="21" w="985" /><ent r="4" t="22" w="1008" /><ent r="4" t="22" w="1008" /><ent r="64" t="22" w="1039" /><ent r="64" t="22" w="1039" /><ent r="1000" t="23" w="2" /><ent r="1000" t="23" w="2" /><ent r="100" t="23" w="9" /><ent r="100" t="23" w="9" /><ent r="102" t="23" w="26" /><ent r="102" t="23" w="26" /><ent r="5" t="23" w="115" /><ent r="5" t="23" w="115" /><ent r="92" t="23" w="217" /><ent r="92" t="23" w="217" /><ent r="4" t="27" w="1566" /><ent r="4" t="27" w="1566" /><ent r="8" t="51" w="475" /><ent r="8" t="51" w="475" /><ent r="3" t="51" w="818" /><ent r="3" t="51" w="818" /><ent r="3" t="51" w="873" /><ent r="3" t="51" w="873" /><ent r="3" t="51" w="1153" /><ent r="3" t="51" w="1153" /></phr><phr n="Additionally"><ent r="3" t="2" w="187" /></phr><phr n="additional"><ent r="4" t="3" w="410" /><ent r="4" t="3" w="410" /><ent r="3" t="5" w="151" /><ent r="3" t="5" w="151" /><ent r="4" t="6" w="58" /><ent r="4" t="6" w="58" /><ent r="5" t="7" w="407" /><ent r="5" t="7" w="407" /><ent r="3" t="18" w="2434" /><ent r="3" t="18" w="2434" /><ent r="3" t="20" w="888" /><ent r="3" t="20" w="888" /><ent r="3" t="21" w="1089" /><ent r="3" t="21" w="1089" /><ent r="3" t="22" w="1143" /><ent r="3" t="22" w="1143" /><ent r="100" t="23" w="22" /><ent r="100" t="23" w="22" /><ent r="3" t="23" w="43" /><ent r="3" t="23" w="43" /><ent r="3" t="23" w="70" /><ent r="3" t="23" w="70" /><ent r="3" t="23" w="225" /><ent r="3" t="23" w="225" /><ent r="5" t="23" w="231" /><ent r="5" t="23" w="231" /><ent r="4" t="27" w="1517" /><ent r="4" t="27" w="1517" /><ent r="6" t="45" w="464" /><ent r="6" t="45" w="464" /><ent r="4" t="49" w="474" /><ent r="4" t="49" w="474" /><ent r="6" t="50" w="494" /><ent r="6" t="50" w="494" /><ent r="6" t="51" w="514" /><ent r="6" t="51" w="514" /><ent r="3" t="55" w="304" /><ent r="3" t="55" w="304" /><ent r="4" t="55" w="1598" /><ent r="4" t="55" w="1598" /><ent r="4" t="55" w="1704" /><ent r="4" t="55" w="1704" /></phr></stem><stem n="dditiona"><phr n="Additional"><ent r="3" t="1" w="104" /><ent r="3" t="1" w="104" /><ent r="4" t="18" w="2299" /><ent r="4" t="18" w="2299" /><ent r="64" t="18" w="2330" /><ent r="64" t="18" w="2330" /><ent r="4" t="20" w="753" /><ent r="4" t="20" w="753" /><ent r="64" t="20" w="784" /><ent r="64" t="20" w="784" /><ent r="4" t="21" w="954" /><ent r="4" t="21" w="954" /><ent r="64" t="21" w="985" /><ent r="64" t="21" w="985" /><ent r="4" t="22" w="1008" /><ent r="4" t="22" w="1008" /><ent r="64" t="22" w="1039" /><ent r="64" t="22" w="1039" /><ent r="1000" t="23" w="2" /><ent r="1000" t="23" w="2" /><ent r="100" t="23" w="9" /><ent r="100" t="23" w="9" /><ent r="102" t="23" w="26" /><ent r="102" t="23" w="26" /><ent r="5" t="23" w="115" /><ent r="5" t="23" w="115" /><ent r="92" t="23" w="217" /><ent r="92" t="23" w="217" /><ent r="4" t="27" w="1566" /><ent r="4" t="27" w="1566" /><ent r="8" t="51" w="475" /><ent r="8" t="51" w="475" /><ent r="3" t="51" w="818" /><ent r="3" t="51" w="818" /><ent r="3" t="51" w="873" /><ent r="3" t="51" w="873" /><ent r="3" t="51" w="1153" /><ent r="3" t="51" w="1153" /></phr><phr n="Additionally"><ent r="3" t="2" w="187" /></phr><phr n="additional"><ent r="4" t="3" w="410" /><ent r="4" t="3" w="410" /><ent r="3" t="5" w="151" /><ent r="3" t="5" w="151" /><ent r="4" t="6" w="58" /><ent r="4" t="6" w="58" /><ent r="5" t="7" w="407" /><ent r="5" t="7" w="407" /><ent r="3" t="18" w="2434" /><ent r="3" t="18" w="2434" /><ent r="3" t="20" w="888" /><ent r="3" t="20" w="888" /><ent r="3" t="21" w="1089" /><ent r="3" t="21" w="1089" /><ent r="3" t="22" w="1143" /><ent r="3" t="22" w="1143" /><ent r="100" t="23" w="22" /><ent r="100" t="23" w="22" /><ent r="3" t="23" w="43" /><ent r="3" t="23" w="43" /><ent r="3" t="23" w="70" /><ent r="3" t="23" w="70" /><ent r="3" t="23" w="225" /><ent r="3" t="23" w="225" /><ent r="5" t="23" w="231" /><ent r="5" t="23" w="231" /><ent r="4" t="27" w="1517" /><ent r="4" t="27" w="1517" /><ent r="6" t="45" w="464" /><ent r="6" t="45" w="464" /><ent r="4" t="49" w="474" /><ent r="4" t="49" w="474" /><ent r="6" t="50" w="494" /><ent r="6" t="50" w="494" /><ent r="6" t="51" w="514" /><ent r="6" t="51" w="514" /><ent r="3" t="55" w="304" /><ent r="3" t="55" w="304" /><ent r="4" t="55" w="1598" /><ent r="4" t="55" w="1598" /><ent r="4" t="55" w="1704" /><ent r="4" t="55" w="1704" /></phr></stem><stem n="ditional"><phr n="Additional"><ent r="3" t="1" w="104" /><ent r="3" t="1" w="104" /><ent r="4" t="18" w="2299" /><ent r="4" t="18" w="2299" /><ent r="64" t="18" w="2330" /><ent r="64" t="18" w="2330" /><ent r="4" t="20" w="753" /><ent r="4" t="20" w="753" /><ent r="64" t="20" w="784" /><ent r="64" t="20" w="784" /><ent r="4" t="21" w="954" /><ent r="4" t="21" w="954" /><ent r="64" t="21" w="985" /><ent r="64" t="21" w="985" /><ent r="4" t="22" w="1008" /><ent r="4" t="22" w="1008" /><ent r="64" t="22" w="1039" /><ent r="64" t="22" w="1039" /><ent r="1000" t="23" w="2" /><ent r="1000" t="23" w="2" /><ent r="100" t="23" w="9" /><ent r="100" t="23" w="9" /><ent r="102" t="23" w="26" /><ent r="102" t="23" w="26" /><ent r="5" t="23" w="115" /><ent r="5" t="23" w="115" /><ent r="92" t="23" w="217" /><ent r="92" t="23" w="217" /><ent r="4" t="27" w="1566" /><ent r="4" t="27" w="1566" /><ent r="8" t="51" w="475" /><ent r="8" t="51" w="475" /><ent r="3" t="51" w="818" /><ent r="3" t="51" w="818" /><ent r="3" t="51" w="873" /><ent r="3" t="51" w="873" /><ent r="3" t="51" w="1153" /><ent r="3" t="51" w="1153" /></phr><phr n="Additionally"><ent r="3" t="2" w="187" /></phr><phr n="additional"><ent r="4" t="3" w="410" /><ent r="4" t="3" w="410" /><ent r="3" t="5" w="151" /><ent r="3" t="5" w="151" /><ent r="4" t="6" w="58" /><ent r="4" t="6" w="58" /><ent r="5" t="7" w="407" /><ent r="5" t="7" w="407" /><ent r="3" t="18" w="2434" /><ent r="3" t="18" w="2434" /><ent r="3" t="20" w="888" /><ent r="3" t="20" w="888" /><ent r="3" t="21" w="1089" /><ent r="3" t="21" w="1089" /><ent r="3" t="22" w="1143" /><ent r="3" t="22" w="1143" /><ent r="100" t="23" w="22" /><ent r="100" t="23" w="22" /><ent r="3" t="23" w="43" /><ent r="3" t="23" w="43" /><ent r="3" t="23" w="70" /><ent r="3" t="23" w="70" /><ent r="3" t="23" w="225" /><ent r="3" t="23" w="225" /><ent r="5" t="23" w="231" /><ent r="5" t="23" w="231" /><ent r="4" t="27" w="1517" /><ent r="4" t="27" w="1517" /><ent r="6" t="45" w="464" /><ent r="6" t="45" w="464" /><ent r="4" t="49" w="474" /><ent r="4" t="49" w="474" /><ent r="6" t="50" w="494" /><ent r="6" t="50" w="494" /><ent r="6" t="51" w="514" /><ent r="6" t="51" w="514" /><ent r="3" t="55" w="304" /><ent r="3" t="55" w="304" /><ent r="4" t="55" w="1598" /><ent r="4" t="55" w="1598" /><ent r="4" t="55" w="1704" /><ent r="4" t="55" w="1704" /></phr></stem><stem n="additiona"><phr n="Additional"><ent r="3" t="1" w="104" /><ent r="3" t="1" w="104" /><ent r="4" t="18" w="2299" /><ent r="4" t="18" w="2299" /><ent r="64" t="18" w="2330" /><ent r="64" t="18" w="2330" /><ent r="4" t="20" w="753" /><ent r="4" t="20" w="753" /><ent r="64" t="20" w="784" /><ent r="64" t="20" w="784" /><ent r="4" t="21" w="954" /><ent r="4" t="21" w="954" /><ent r="64" t="21" w="985" /><ent r="64" t="21" w="985" /><ent r="4" t="22" w="1008" /><ent r="4" t="22" w="1008" /><ent r="64" t="22" w="1039" /><ent r="64" t="22" w="1039" /><ent r="1000" t="23" w="2" /><ent r="1000" t="23" w="2" /><ent r="100" t="23" w="9" /><ent r="100" t="23" w="9" /><ent r="102" t="23" w="26" /><ent r="102" t="23" w="26" /><ent r="5" t="23" w="115" /><ent r="5" t="23" w="115" /><ent r="92" t="23" w="217" /><ent r="92" t="23" w="217" /><ent r="4" t="27" w="1566" /><ent r="4" t="27" w="1566" /><ent r="8" t="51" w="475" /><ent r="8" t="51" w="475" /><ent r="3" t="51" w="818" /><ent r="3" t="51" w="818" /><ent r="3" t="51" w="873" /><ent r="3" t="51" w="873" /><ent r="3" t="51" w="1153" /><ent r="3" t="51" w="1153" /></phr><phr n="Additionally"><ent r="3" t="2" w="187" /></phr><phr n="additional"><ent r="4" t="3" w="410" /><ent r="4" t="3" w="410" /><ent r="3" t="5" w="151" /><ent r="3" t="5" w="151" /><ent r="4" t="6" w="58" /><ent r="4" t="6" w="58" /><ent r="5" t="7" w="407" /><ent r="5" t="7" w="407" /><ent r="3" t="18" w="2434" /><ent r="3" t="18" w="2434" /><ent r="3" t="20" w="888" /><ent r="3" t="20" w="888" /><ent r="3" t="21" w="1089" /><ent r="3" t="21" w="1089" /><ent r="3" t="22" w="1143" /><ent r="3" t="22" w="1143" /><ent r="100" t="23" w="22" /><ent r="100" t="23" w="22" /><ent r="3" t="23" w="43" /><ent r="3" t="23" w="43" /><ent r="3" t="23" w="70" /><ent r="3" t="23" w="70" /><ent r="3" t="23" w="225" /><ent r="3" t="23" w="225" /><ent r="5" t="23" w="231" /><ent r="5" t="23" w="231" /><ent r="4" t="27" w="1517" /><ent r="4" t="27" w="1517" /><ent r="6" t="45" w="464" /><ent r="6" t="45" w="464" /><ent r="4" t="49" w="474" /><ent r="4" t="49" w="474" /><ent r="6" t="50" w="494" /><ent r="6" t="50" w="494" /><ent r="6" t="51" w="514" /><ent r="6" t="51" w="514" /><ent r="3" t="55" w="304" /><ent r="3" t="55" w="304" /><ent r="4" t="55" w="1598" /><ent r="4" t="55" w="1598" /><ent r="4" t="55" w="1704" /><ent r="4" t="55" w="1704" /></phr></stem><stem n="dditional"><phr n="Additional"><ent r="3" t="1" w="104" /><ent r="3" t="1" w="104" /><ent r="4" t="18" w="2299" /><ent r="4" t="18" w="2299" /><ent r="64" t="18" w="2330" /><ent r="64" t="18" w="2330" /><ent r="4" t="20" w="753" /><ent r="4" t="20" w="753" /><ent r="64" t="20" w="784" /><ent r="64" t="20" w="784" /><ent r="4" t="21" w="954" /><ent r="4" t="21" w="954" /><ent r="64" t="21" w="985" /><ent r="64" t="21" w="985" /><ent r="4" t="22" w="1008" /><ent r="4" t="22" w="1008" /><ent r="64" t="22" w="1039" /><ent r="64" t="22" w="1039" /><ent r="1000" t="23" w="2" /><ent r="1000" t="23" w="2" /><ent r="100" t="23" w="9" /><ent r="100" t="23" w="9" /><ent r="102" t="23" w="26" /><ent r="102" t="23" w="26" /><ent r="5" t="23" w="115" /><ent r="5" t="23" w="115" /><ent r="92" t="23" w="217" /><ent r="92" t="23" w="217" /><ent r="4" t="27" w="1566" /><ent r="4" t="27" w="1566" /><ent r="8" t="51" w="475" /><ent r="8" t="51" w="475" /><ent r="3" t="51" w="818" /><ent r="3" t="51" w="818" /><ent r="3" t="51" w="873" /><ent r="3" t="51" w="873" /><ent r="3" t="51" w="1153" /><ent r="3" t="51" w="1153" /></phr><phr n="Additionally"><ent r="3" t="2" w="187" /></phr><phr n="additional"><ent r="4" t="3" w="410" /><ent r="4" t="3" w="410" /><ent r="3" t="5" w="151" /><ent r="3" t="5" w="151" /><ent r="4" t="6" w="58" /><ent r="4" t="6" w="58" /><ent r="5" t="7" w="407" /><ent r="5" t="7" w="407" /><ent r="3" t="18" w="2434" /><ent r="3" t="18" w="2434" /><ent r="3" t="20" w="888" /><ent r="3" t="20" w="888" /><ent r="3" t="21" w="1089" /><ent r="3" t="21" w="1089" /><ent r="3" t="22" w="1143" /><ent r="3" t="22" w="1143" /><ent r="100" t="23" w="22" /><ent r="100" t="23" w="22" /><ent r="3" t="23" w="43" /><ent r="3" t="23" w="43" /><ent r="3" t="23" w="70" /><ent r="3" t="23" w="70" /><ent r="3" t="23" w="225" /><ent r="3" t="23" w="225" /><ent r="5" t="23" w="231" /><ent r="5" t="23" w="231" /><ent r="4" t="27" w="1517" /><ent r="4" t="27" w="1517" /><ent r="6" t="45" w="464" /><ent r="6" t="45" w="464" /><ent r="4" t="49" w="474" /><ent r="4" t="49" w="474" /><ent r="6" t="50" w="494" /><ent r="6" t="50" w="494" /><ent r="6" t="51" w="514" /><ent r="6" t="51" w="514" /><ent r="3" t="55" w="304" /><ent r="3" t="55" w="304" /><ent r="4" t="55" w="1598" /><ent r="4" t="55" w="1598" /><ent r="4" t="55" w="1704" /><ent r="4" t="55" w="1704" /></phr></stem><stem n="additional"><phr n="Additional"><ent r="3" t="1" w="104" /><ent r="3" t="1" w="104" /><ent r="4" t="18" w="2299" /><ent r="4" t="18" w="2299" /><ent r="64" t="18" w="2330" /><ent r="64" t="18" w="2330" /><ent r="4" t="20" w="753" /><ent r="4" t="20" w="753" /><ent r="64" t="20" w="784" /><ent r="64" t="20" w="784" /><ent r="4" t="21" w="954" /><ent r="4" t="21" w="954" /><ent r="64" t="21" w="985" /><ent r="64" t="21" w="985" /><ent r="4" t="22" w="1008" /><ent r="4" t="22" w="1008" /><ent r="64" t="22" w="1039" /><ent r="64" t="22" w="1039" /><ent r="1000" t="23" w="2" /><ent r="1000" t="23" w="2" /><ent r="100" t="23" w="9" /><ent r="100" t="23" w="9" /><ent r="102" t="23" w="26" /><ent r="102" t="23" w="26" /><ent r="5" t="23" w="115" /><ent r="5" t="23" w="115" /><ent r="92" t="23" w="217" /><ent r="92" t="23" w="217" /><ent r="4" t="27" w="1566" /><ent r="4" t="27" w="1566" /><ent r="8" t="51" w="475" /><ent r="8" t="51" w="475" /><ent r="3" t="51" w="818" /><ent r="3" t="51" w="818" /><ent r="3" t="51" w="873" /><ent r="3" t="51" w="873" /><ent r="3" t="51" w="1153" /><ent r="3" t="51" w="1153" /></phr><phr n="Additionally"><ent r="3" t="2" w="187" /></phr><phr n="additional"><ent r="4" t="3" w="410" /><ent r="4" t="3" w="410" /><ent r="3" t="5" w="151" /><ent r="3" t="5" w="151" /><ent r="4" t="6" w="58" /><ent r="4" t="6" w="58" /><ent r="5" t="7" w="407" /><ent r="5" t="7" w="407" /><ent r="3" t="18" w="2434" /><ent r="3" t="18" w="2434" /><ent r="3" t="20" w="888" /><ent r="3" t="20" w="888" /><ent r="3" t="21" w="1089" /><ent r="3" t="21" w="1089" /><ent r="3" t="22" w="1143" /><ent r="3" t="22" w="1143" /><ent r="100" t="23" w="22" /><ent r="100" t="23" w="22" /><ent r="3" t="23" w="43" /><ent r="3" t="23" w="43" /><ent r="3" t="23" w="70" /><ent r="3" t="23" w="70" /><ent r="3" t="23" w="225" /><ent r="3" t="23" w="225" /><ent r="5" t="23" w="231" /><ent r="5" t="23" w="231" /><ent r="4" t="27" w="1517" /><ent r="4" t="27" w="1517" /><ent r="6" t="45" w="464" /><ent r="6" t="45" w="464" /><ent r="4" t="49" w="474" /><ent r="4" t="49" w="474" /><ent r="6" t="50" w="494" /><ent r="6" t="50" w="494" /><ent r="6" t="51" w="514" /><ent r="6" t="51" w="514" /><ent r="3" t="55" w="304" /><ent r="3" t="55" w="304" /><ent r="4" t="55" w="1598" /><ent r="4" t="55" w="1598" /><ent r="4" t="55" w="1704" /><ent r="4" t="55" w="1704" /></phr></stem><stem n="tool"><phr n="tool"><ent r="3" t="1" w="108" /><ent r="3" t="1" w="108" /></phr><phr n="Tool"><ent r="82" t="4" w="124" /><ent r="82" t="4" w="124" /><ent r="5" t="7" w="354" /><ent r="5" t="7" w="354" /><ent r="4" t="11" w="56" /><ent r="4" t="11" w="56" /><ent r="4" t="12" w="60" /><ent r="4" t="12" w="60" /><ent r="4" t="14" w="186" /><ent r="4" t="14" w="186" /><ent r="4" t="15" w="99" /><ent r="4" t="15" w="99" /><ent r="4" t="16" w="248" /><ent r="4" t="16" w="248" /><ent r="4" t="35" w="198" /><ent r="4" t="35" w="198" /><ent r="4" t="36" w="75" /><ent r="4" t="36" w="75" /><ent r="4" t="42" w="1056" /><ent r="4" t="42" w="1056" /><ent r="4" t="42" w="2109" /><ent r="4" t="42" w="2109" /><ent r="4" t="55" w="1720" /><ent r="4" t="55" w="1720" /></phr><phr n="toolkit"><ent r="4" t="49" w="387" /></phr></stem><stem n="kit"><phr n="kits"><ent r="3" t="1" w="109" /><ent r="3" t="1" w="109" /></phr></stem><stem n="referenc"><phr n="referenced"><ent r="3" t="1" w="111" /><ent r="3" t="1" w="111" /><ent r="3" t="29" w="827" /><ent r="3" t="29" w="827" /><ent r="3" t="62" w="340" /><ent r="3" t="62" w="340" /></phr><phr n="preferences"><ent r="3" t="3" w="81" /><ent r="3" t="3" w="81" /></phr><phr n="references"><ent r="6" t="23" w="475" /><ent r="6" t="23" w="475" /><ent r="3" t="48" w="376" /><ent r="3" t="48" w="376" /><ent r="3" t="49" w="28" /><ent r="3" t="49" w="28" /><ent r="3" t="50" w="91" /><ent r="3" t="50" w="91" /><ent r="3" t="51" w="117" /><ent r="3" t="51" w="117" /><ent r="3" t="52" w="28" /><ent r="3" t="52" w="28" /><ent r="3" t="53" w="49" /><ent r="3" t="53" w="49" /><ent r="3" t="55" w="42" /><ent r="3" t="55" w="42" /><ent r="9" t="55" w="1234" /><ent r="9" t="55" w="1234" /><ent r="3" t="60" w="31" /><ent r="3" t="60" w="31" /></phr><phr n="Dereference"><ent r="6" t="23" w="491" /><ent r="6" t="23" w="491" /></phr></stem><stem n="renc"><phr n="referenced"><ent r="3" t="1" w="111" /><ent r="3" t="1" w="111" /><ent r="3" t="29" w="827" /><ent r="3" t="29" w="827" /><ent r="3" t="62" w="340" /><ent r="3" t="62" w="340" /></phr><phr n="preferences"><ent r="3" t="3" w="81" /><ent r="3" t="3" w="81" /></phr><phr n="references"><ent r="6" t="23" w="475" /><ent r="6" t="23" w="475" /><ent r="3" t="48" w="376" /><ent r="3" t="48" w="376" /><ent r="3" t="49" w="28" /><ent r="3" t="49" w="28" /><ent r="3" t="50" w="91" /><ent r="3" t="50" w="91" /><ent r="3" t="51" w="117" /><ent r="3" t="51" w="117" /><ent r="3" t="52" w="28" /><ent r="3" t="52" w="28" /><ent r="3" t="53" w="49" /><ent r="3" t="53" w="49" /><ent r="3" t="55" w="42" /><ent r="3" t="55" w="42" /><ent r="9" t="55" w="1234" /><ent r="9" t="55" w="1234" /><ent r="3" t="60" w="31" /><ent r="3" t="60" w="31" /></phr><phr n="Dereference"><ent r="6" t="23" w="491" /><ent r="6" t="23" w="491" /></phr></stem><stem n="ence"><phr n="referenced"><ent r="3" t="1" w="111" /><ent r="3" t="1" w="111" /><ent r="3" t="29" w="827" /><ent r="3" t="29" w="827" /><ent r="3" t="62" w="340" /><ent r="3" t="62" w="340" /></phr><phr n="preferences"><ent r="3" t="3" w="81" /><ent r="3" t="3" w="81" /></phr><phr n="absence"><ent r="4" t="16" w="70" /><ent r="4" t="16" w="70" /></phr><phr n="references"><ent r="6" t="23" w="475" /><ent r="6" t="23" w="475" /><ent r="3" t="48" w="376" /><ent r="3" t="48" w="376" /><ent r="3" t="49" w="28" /><ent r="3" t="49" w="28" /><ent r="3" t="50" w="91" /><ent r="3" t="50" w="91" /><ent r="3" t="51" w="117" /><ent r="3" t="51" w="117" /><ent r="3" t="52" w="28" /><ent r="3" t="52" w="28" /><ent r="3" t="53" w="49" /><ent r="3" t="53" w="49" /><ent r="3" t="55" w="42" /><ent r="3" t="55" w="42" /><ent r="9" t="55" w="1234" /><ent r="9" t="55" w="1234" /><ent r="3" t="60" w="31" /><ent r="3" t="60" w="31" /></phr><phr n="Dereference"><ent r="6" t="23" w="491" /><ent r="6" t="23" w="491" /></phr><phr n="evidence"><ent r="3" t="48" w="178" /><ent r="3" t="48" w="178" /><ent r="3" t="56" w="162" /><ent r="3" t="56" w="162" /><ent r="3" t="56" w="199" /><ent r="3" t="56" w="199" /></phr><phr n="confidence"><ent r="4" t="49" w="475" /><ent r="4" t="49" w="475" /></phr></stem><stem n="fere"><phr n="referenced"><ent r="3" t="1" w="111" /><ent r="3" t="1" w="111" /><ent r="3" t="29" w="827" /><ent r="3" t="29" w="827" /><ent r="3" t="62" w="340" /><ent r="3" t="62" w="340" /></phr><phr n="preferences"><ent r="3" t="3" w="81" /><ent r="3" t="3" w="81" /></phr><phr n="different"><ent r="3" t="6" w="115" /><ent r="3" t="6" w="115" /><ent r="3" t="9" w="121" /><ent r="3" t="9" w="121" /><ent r="3" t="9" w="217" /><ent r="3" t="9" w="217" /><ent r="3" t="9" w="236" /><ent r="3" t="9" w="236" /><ent r="3" t="12" w="234" /><ent r="3" t="12" w="234" /><ent r="3" t="40" w="541" /><ent r="3" t="40" w="541" /><ent r="3" t="42" w="1542" /><ent r="3" t="42" w="1542" /><ent r="6" t="47" w="183" /><ent r="6" t="47" w="183" /><ent r="3" t="48" w="156" /><ent r="3" t="48" w="156" /><ent r="3" t="48" w="258" /><ent r="3" t="48" w="258" /><ent r="8" t="55" w="973" /><ent r="8" t="55" w="973" /></phr><phr n="references"><ent r="6" t="23" w="475" /><ent r="6" t="23" w="475" /><ent r="3" t="48" w="376" /><ent r="3" t="48" w="376" /><ent r="3" t="49" w="28" /><ent r="3" t="49" w="28" /><ent r="3" t="50" w="91" /><ent r="3" t="50" w="91" /><ent r="3" t="51" w="117" /><ent r="3" t="51" w="117" /><ent r="3" t="52" w="28" /><ent r="3" t="52" w="28" /><ent r="3" t="53" w="49" /><ent r="3" t="53" w="49" /><ent r="3" t="55" w="42" /><ent r="3" t="55" w="42" /><ent r="9" t="55" w="1234" /><ent r="9" t="55" w="1234" /><ent r="3" t="60" w="31" /><ent r="3" t="60" w="31" /></phr><phr n="Dereference"><ent r="6" t="23" w="491" /><ent r="6" t="23" w="491" /></phr></stem><stem n="nced"><phr n="referenced"><ent r="3" t="1" w="111" /><ent r="3" t="1" w="111" /><ent r="3" t="29" w="827" /><ent r="3" t="29" w="827" /><ent r="3" t="62" w="340" /><ent r="3" t="62" w="340" /></phr><phr n="advanced"><ent r="3" t="61" w="31" /><ent r="3" t="61" w="31" /><ent r="3" t="68" w="123" /><ent r="3" t="68" w="123" /></phr></stem><stem n="eren"><phr n="referenced"><ent r="3" t="1" w="111" /><ent r="3" t="1" w="111" /><ent r="3" t="29" w="827" /><ent r="3" t="29" w="827" /><ent r="3" t="62" w="340" /><ent r="3" t="62" w="340" /></phr><phr n="preferences"><ent r="3" t="3" w="81" /><ent r="3" t="3" w="81" /></phr><phr n="different"><ent r="3" t="6" w="115" /><ent r="3" t="6" w="115" /><ent r="3" t="9" w="121" /><ent r="3" t="9" w="121" /><ent r="3" t="9" w="217" /><ent r="3" t="9" w="217" /><ent r="3" t="9" w="236" /><ent r="3" t="9" w="236" /><ent r="3" t="12" w="234" /><ent r="3" t="12" w="234" /><ent r="3" t="40" w="541" /><ent r="3" t="40" w="541" /><ent r="3" t="42" w="1542" /><ent r="3" t="42" w="1542" /><ent r="6" t="47" w="183" /><ent r="6" t="47" w="183" /><ent r="3" t="48" w="156" /><ent r="3" t="48" w="156" /><ent r="3" t="48" w="258" /><ent r="3" t="48" w="258" /><ent r="8" t="55" w="973" /><ent r="8" t="55" w="973" /></phr><phr n="references"><ent r="6" t="23" w="475" /><ent r="6" t="23" w="475" /><ent r="3" t="48" w="376" /><ent r="3" t="48" w="376" /><ent r="3" t="49" w="28" /><ent r="3" t="49" w="28" /><ent r="3" t="50" w="91" /><ent r="3" t="50" w="91" /><ent r="3" t="51" w="117" /><ent r="3" t="51" w="117" /><ent r="3" t="52" w="28" /><ent r="3" t="52" w="28" /><ent r="3" t="53" w="49" /><ent r="3" t="53" w="49" /><ent r="3" t="55" w="42" /><ent r="3" t="55" w="42" /><ent r="9" t="55" w="1234" /><ent r="9" t="55" w="1234" /><ent r="3" t="60" w="31" /><ent r="3" t="60" w="31" /></phr><phr n="Dereference"><ent r="6" t="23" w="491" /><ent r="6" t="23" w="491" /></phr></stem><stem n="enced"><phr n="referenced"><ent r="3" t="1" w="111" /><ent r="3" t="1" w="111" /><ent r="3" t="29" w="827" /><ent r="3" t="29" w="827" /><ent r="3" t="62" w="340" /><ent r="3" t="62" w="340" /></phr></stem><stem n="efere"><phr n="referenced"><ent r="3" t="1" w="111" /><ent r="3" t="1" w="111" /><ent r="3" t="29" w="827" /><ent r="3" t="29" w="827" /><ent r="3" t="62" w="340" /><ent r="3" t="62" w="340" /></phr><phr n="preferences"><ent r="3" t="3" w="81" /><ent r="3" t="3" w="81" /></phr><phr n="references"><ent r="6" t="23" w="475" /><ent r="6" t="23" w="475" /><ent r="3" t="48" w="376" /><ent r="3" t="48" w="376" /><ent r="3" t="49" w="28" /><ent r="3" t="49" w="28" /><ent r="3" t="50" w="91" /><ent r="3" t="50" w="91" /><ent r="3" t="51" w="117" /><ent r="3" t="51" w="117" /><ent r="3" t="52" w="28" /><ent r="3" t="52" w="28" /><ent r="3" t="53" w="49" /><ent r="3" t="53" w="49" /><ent r="3" t="55" w="42" /><ent r="3" t="55" w="42" /><ent r="9" t="55" w="1234" /><ent r="9" t="55" w="1234" /><ent r="3" t="60" w="31" /><ent r="3" t="60" w="31" /></phr><phr n="Dereference"><ent r="6" t="23" w="491" /><ent r="6" t="23" w="491" /></phr></stem><stem n="feren"><phr n="referenced"><ent r="3" t="1" w="111" /><ent r="3" t="1" w="111" /><ent r="3" t="29" w="827" /><ent r="3" t="29" w="827" /><ent r="3" t="62" w="340" /><ent r="3" t="62" w="340" /></phr><phr n="preferences"><ent r="3" t="3" w="81" /><ent r="3" t="3" w="81" /></phr><phr n="different"><ent r="3" t="6" w="115" /><ent r="3" t="6" w="115" /><ent r="3" t="9" w="121" /><ent r="3" t="9" w="121" /><ent r="3" t="9" w="217" /><ent r="3" t="9" w="217" /><ent r="3" t="9" w="236" /><ent r="3" t="9" w="236" /><ent r="3" t="12" w="234" /><ent r="3" t="12" w="234" /><ent r="3" t="40" w="541" /><ent r="3" t="40" w="541" /><ent r="3" t="42" w="1542" /><ent r="3" t="42" w="1542" /><ent r="6" t="47" w="183" /><ent r="6" t="47" w="183" /><ent r="3" t="48" w="156" /><ent r="3" t="48" w="156" /><ent r="3" t="48" w="258" /><ent r="3" t="48" w="258" /><ent r="8" t="55" w="973" /><ent r="8" t="55" w="973" /></phr><phr n="references"><ent r="6" t="23" w="475" /><ent r="6" t="23" w="475" /><ent r="3" t="48" w="376" /><ent r="3" t="48" w="376" /><ent r="3" t="49" w="28" /><ent r="3" t="49" w="28" /><ent r="3" t="50" w="91" /><ent r="3" t="50" w="91" /><ent r="3" t="51" w="117" /><ent r="3" t="51" w="117" /><ent r="3" t="52" w="28" /><ent r="3" t="52" w="28" /><ent r="3" t="53" w="49" /><ent r="3" t="53" w="49" /><ent r="3" t="55" w="42" /><ent r="3" t="55" w="42" /><ent r="9" t="55" w="1234" /><ent r="9" t="55" w="1234" /><ent r="3" t="60" w="31" /><ent r="3" t="60" w="31" /></phr><phr n="Dereference"><ent r="6" t="23" w="491" /><ent r="6" t="23" w="491" /></phr></stem><stem n="erenc"><phr n="referenced"><ent r="3" t="1" w="111" /><ent r="3" t="1" w="111" /><ent r="3" t="29" w="827" /><ent r="3" t="29" w="827" /><ent r="3" t="62" w="340" /><ent r="3" t="62" w="340" /></phr><phr n="preferences"><ent r="3" t="3" w="81" /><ent r="3" t="3" w="81" /></phr><phr n="references"><ent r="6" t="23" w="475" /><ent r="6" t="23" w="475" /><ent r="3" t="48" w="376" /><ent r="3" t="48" w="376" /><ent r="3" t="49" w="28" /><ent r="3" t="49" w="28" /><ent r="3" t="50" w="91" /><ent r="3" t="50" w="91" /><ent r="3" t="51" w="117" /><ent r="3" t="51" w="117" /><ent r="3" t="52" w="28" /><ent r="3" t="52" w="28" /><ent r="3" t="53" w="49" /><ent r="3" t="53" w="49" /><ent r="3" t="55" w="42" /><ent r="3" t="55" w="42" /><ent r="9" t="55" w="1234" /><ent r="9" t="55" w="1234" /><ent r="3" t="60" w="31" /><ent r="3" t="60" w="31" /></phr><phr n="Dereference"><ent r="6" t="23" w="491" /><ent r="6" t="23" w="491" /></phr></stem><stem n="rence"><phr n="referenced"><ent r="3" t="1" w="111" /><ent r="3" t="1" w="111" /><ent r="3" t="29" w="827" /><ent r="3" t="29" w="827" /><ent r="3" t="62" w="340" /><ent r="3" t="62" w="340" /></phr><phr n="preferences"><ent r="3" t="3" w="81" /><ent r="3" t="3" w="81" /></phr><phr n="references"><ent r="6" t="23" w="475" /><ent r="6" t="23" w="475" /><ent r="3" t="48" w="376" /><ent r="3" t="48" w="376" /><ent r="3" t="49" w="28" /><ent r="3" t="49" w="28" /><ent r="3" t="50" w="91" /><ent r="3" t="50" w="91" /><ent r="3" t="51" w="117" /><ent r="3" t="51" w="117" /><ent r="3" t="52" w="28" /><ent r="3" t="52" w="28" /><ent r="3" t="53" w="49" /><ent r="3" t="53" w="49" /><ent r="3" t="55" w="42" /><ent r="3" t="55" w="42" /><ent r="9" t="55" w="1234" /><ent r="9" t="55" w="1234" /><ent r="3" t="60" w="31" /><ent r="3" t="60" w="31" /></phr><phr n="Dereference"><ent r="6" t="23" w="491" /><ent r="6" t="23" w="491" /></phr></stem></index>