<?xml version="1.0" encoding="utf-8"?><index><stem n="selec"><phr n="Select"><ent r="4" t="2" w="143" /><ent r="4" t="2" w="143" /><ent r="5" t="7" w="324" /><ent r="5" t="7" w="324" /><ent r="5" t="7" w="334" /><ent r="5" t="7" w="334" /><ent r="5" t="7" w="361" /><ent r="5" t="7" w="361" /><ent r="3" t="10" w="234" /><ent r="3" t="10" w="234" /><ent r="4" t="13" w="163" /><ent r="4" t="13" w="163" /><ent r="4" t="18" w="70" /><ent r="4" t="18" w="70" /><ent r="6" t="18" w="671" /><ent r="6" t="18" w="671" /><ent r="6" t="18" w="778" /><ent r="6" t="18" w="778" /><ent r="6" t="18" w="1732" /><ent r="6" t="18" w="1732" /><ent r="6" t="18" w="1756" /><ent r="6" t="18" w="1756" /><ent r="6" t="18" w="1784" /><ent r="6" t="18" w="1784" /><ent r="6" t="18" w="1834" /><ent r="6" t="18" w="1834" /><ent r="6" t="18" w="2052" /><ent r="6" t="18" w="2052" /><ent r="4" t="18" w="2337" /><ent r="4" t="18" w="2337" /><ent r="4" t="20" w="91" /><ent r="4" t="20" w="91" /><ent r="6" t="20" w="292" /><ent r="6" t="20" w="292" /><ent r="6" t="20" w="316" /><ent r="6" t="20" w="316" /><ent r="6" t="20" w="344" /><ent r="6" t="20" w="344" /><ent r="6" t="20" w="394" /><ent r="6" t="20" w="394" /><ent r="4" t="20" w="791" /><ent r="4" t="20" w="791" /><ent r="4" t="21" w="126" /><ent r="4" t="21" w="126" /><ent r="6" t="21" w="338" /><ent r="6" t="21" w="338" /><ent r="6" t="21" w="491" /><ent r="6" t="21" w="491" /><ent r="6" t="21" w="515" /><ent r="6" t="21" w="515" /><ent r="6" t="21" w="543" /><ent r="6" t="21" w="543" /><ent r="6" t="21" w="593" /><ent r="6" t="21" w="593" /><ent r="4" t="21" w="992" /><ent r="4" t="21" w="992" /><ent r="4" t="22" w="98" /><ent r="4" t="22" w="98" /><ent r="6" t="22" w="544" /><ent r="6" t="22" w="544" /><ent r="6" t="22" w="568" /><ent r="6" t="22" w="568" /><ent r="6" t="22" w="596" /><ent r="6" t="22" w="596" /><ent r="6" t="22" w="646" /><ent r="6" t="22" w="646" /><ent r="4" t="22" w="1046" /><ent r="4" t="22" w="1046" /><ent r="4" t="23" w="95" /><ent r="4" t="23" w="95" /><ent r="4" t="24" w="495" /><ent r="4" t="24" w="495" /><ent r="7" t="24" w="646" /><ent r="7" t="24" w="646" /><ent r="7" t="24" w="668" /><ent r="7" t="24" w="668" /><ent r="7" t="24" w="713" /><ent r="7" t="24" w="713" /><ent r="7" t="24" w="724" /><ent r="7" t="24" w="724" /><ent r="4" t="27" w="77" /><ent r="4" t="27" w="77" /><ent r="6" t="27" w="396" /><ent r="6" t="27" w="396" /><ent r="6" t="27" w="519" /><ent r="6" t="27" w="519" /><ent r="6" t="27" w="1250" /><ent r="6" t="27" w="1250" /><ent r="6" t="27" w="1300" /><ent r="6" t="27" w="1300" /><ent r="4" t="27" w="1657" /><ent r="4" t="27" w="1657" /><ent r="4" t="27" w="1673" /><ent r="4" t="27" w="1673" /><ent r="8" t="29" w="506" /><ent r="8" t="29" w="506" /><ent r="8" t="29" w="525" /><ent r="8" t="29" w="525" /><ent r="3" t="29" w="697" /><ent r="3" t="29" w="697" /><ent r="4" t="30" w="125" /><ent r="4" t="30" w="125" /><ent r="4" t="31" w="170" /><ent r="4" t="31" w="170" /><ent r="4" t="31" w="190" /><ent r="4" t="31" w="190" /><ent r="4" t="32" w="93" /><ent r="4" t="32" w="93" /><ent r="4" t="32" w="108" /><ent r="4" t="32" w="108" /><ent r="4" t="32" w="345" /><ent r="4" t="32" w="345" /><ent r="4" t="33" w="201" /><ent r="4" t="33" w="201" /><ent r="4" t="33" w="221" /><ent r="4" t="33" w="221" /><ent r="7" t="33" w="435" /><ent r="7" t="33" w="435" /><ent r="7" t="33" w="464" /><ent r="7" t="33" w="464" /><ent r="4" t="34" w="136" /><ent r="4" t="34" w="136" /><ent r="4" t="42" w="1031" /><ent r="4" t="42" w="1031" /><ent r="4" t="42" w="2092" /><ent r="4" t="42" w="2092" /><ent r="4" t="45" w="237" /><ent r="4" t="45" w="237" /><ent r="7" t="51" w="471" /><ent r="7" t="51" w="471" /><ent r="6" t="55" w="443" /><ent r="6" t="55" w="443" /><ent r="7" t="55" w="456" /><ent r="7" t="55" w="456" /><ent r="7" t="55" w="501" /><ent r="7" t="55" w="501" /><ent r="6" t="55" w="621" /><ent r="6" t="55" w="621" /><ent r="8" t="55" w="636" /><ent r="8" t="55" w="636" /><ent r="8" t="55" w="901" /><ent r="8" t="55" w="901" /><ent r="7" t="55" w="1355" /><ent r="7" t="55" w="1355" /><ent r="6" t="55" w="1491" /><ent r="6" t="55" w="1491" /><ent r="6" t="55" w="1505" /><ent r="6" t="55" w="1505" /><ent r="5" t="55" w="1592" /><ent r="5" t="55" w="1592" /><ent r="4" t="70" w="148" /><ent r="4" t="70" w="148" /></phr><phr n="selected"><ent r="6" t="2" w="467" /><ent r="6" t="2" w="491" /><ent r="6" t="2" w="491" /><ent r="7" t="18" w="548" /><ent r="7" t="18" w="620" /><ent r="6" t="18" w="666" /><ent r="6" t="18" w="890" /><ent r="7" t="18" w="1656" /><ent r="7" t="18" w="1656" /><ent r="6" t="18" w="1864" /><ent r="6" t="18" w="1864" /><ent r="7" t="18" w="1984" /><ent r="7" t="18" w="1984" /><ent r="6" t="18" w="2115" /><ent r="6" t="18" w="2115" /><ent r="4" t="18" w="2174" /><ent r="4" t="18" w="2386" /><ent r="4" t="18" w="2386" /><ent r="6" t="20" w="424" /><ent r="6" t="20" w="424" /><ent r="7" t="20" w="544" /><ent r="7" t="20" w="544" /><ent r="4" t="20" w="628" /><ent r="4" t="20" w="840" /><ent r="4" t="20" w="840" /><ent r="6" t="21" w="623" /><ent r="6" t="21" w="623" /><ent r="7" t="21" w="743" /><ent r="7" t="21" w="743" /><ent r="4" t="21" w="827" /><ent r="4" t="21" w="1041" /><ent r="4" t="21" w="1041" /><ent r="6" t="22" w="676" /><ent r="6" t="22" w="676" /><ent r="7" t="22" w="796" /><ent r="7" t="22" w="796" /><ent r="4" t="22" w="880" /><ent r="4" t="22" w="1095" /><ent r="4" t="22" w="1095" /><ent r="4" t="23" w="159" /><ent r="4" t="23" w="159" /><ent r="4" t="23" w="169" /><ent r="4" t="23" w="169" /><ent r="8" t="24" w="671" /><ent r="8" t="24" w="671" /><ent r="7" t="27" w="272" /><ent r="7" t="27" w="345" /><ent r="6" t="27" w="391" /><ent r="6" t="27" w="644" /><ent r="7" t="27" w="1172" /><ent r="7" t="27" w="1172" /><ent r="6" t="27" w="1330" /><ent r="6" t="27" w="1330" /><ent r="7" t="27" w="1447" /><ent r="7" t="27" w="1447" /><ent r="4" t="27" w="1611" /><ent r="7" t="29" w="570" /><ent r="3" t="29" w="758" /><ent r="3" t="29" w="758" /><ent r="3" t="35" w="285" /><ent r="3" t="35" w="285" /><ent r="6" t="45" w="399" /><ent r="6" t="45" w="399" /><ent r="8" t="55" w="692" /><ent r="8" t="55" w="692" /><ent r="8" t="55" w="844" /><ent r="8" t="55" w="878" /><ent r="8" t="55" w="953" /><ent r="8" t="55" w="953" /><ent r="8" t="55" w="1311" /><ent r="7" t="58" w="340" /></phr><phr n="select"><ent r="3" t="4" w="119" /><ent r="3" t="4" w="119" /><ent r="3" t="4" w="340" /><ent r="3" t="4" w="340" /><ent r="5" t="7" w="369" /><ent r="5" t="7" w="369" /><ent r="4" t="8" w="186" /><ent r="4" t="8" w="293" /><ent r="4" t="8" w="293" /><ent r="4" t="8" w="315" /><ent r="4" t="8" w="315" /><ent r="4" t="8" w="329" /><ent r="4" t="8" w="329" /><ent r="4" t="8" w="381" /><ent r="4" t="8" w="381" /><ent r="4" t="8" w="403" /><ent r="4" t="8" w="403" /><ent r="4" t="8" w="417" /><ent r="4" t="8" w="417" /><ent r="4" t="11" w="42" /><ent r="4" t="11" w="42" /><ent r="4" t="11" w="59" /><ent r="4" t="11" w="59" /><ent r="4" t="12" w="46" /><ent r="4" t="12" w="46" /><ent r="4" t="12" w="63" /><ent r="4" t="12" w="63" /><ent r="4" t="13" w="156" /><ent r="4" t="13" w="156" /><ent r="4" t="14" w="168" /><ent r="4" t="14" w="168" /><ent r="4" t="14" w="189" /><ent r="4" t="14" w="189" /><ent r="4" t="16" w="234" /><ent r="4" t="16" w="234" /><ent r="4" t="16" w="251" /><ent r="4" t="16" w="251" /><ent r="4" t="16" w="317" /><ent r="4" t="16" w="317" /><ent r="3" t="18" w="152" /><ent r="3" t="18" w="152" /><ent r="6" t="18" w="987" /><ent r="6" t="18" w="987" /><ent r="6" t="18" w="1106" /><ent r="6" t="18" w="1106" /><ent r="6" t="18" w="1607" /><ent r="6" t="18" w="1607" /><ent r="6" t="18" w="1884" /><ent r="6" t="18" w="1884" /><ent r="4" t="20" w="98" /><ent r="4" t="20" w="98" /><ent r="4" t="20" w="117" /><ent r="4" t="20" w="117" /><ent r="6" t="20" w="444" /><ent r="6" t="20" w="444" /><ent r="4" t="21" w="133" /><ent r="4" t="21" w="133" /><ent r="6" t="21" w="643" /><ent r="6" t="21" w="643" /><ent r="4" t="22" w="105" /><ent r="4" t="22" w="105" /><ent r="6" t="22" w="368" /><ent r="6" t="22" w="368" /><ent r="6" t="22" w="696" /><ent r="6" t="22" w="696" /><ent r="3" t="24" w="274" /><ent r="3" t="24" w="274" /><ent r="5" t="24" w="356" /><ent r="5" t="24" w="356" /><ent r="7" t="24" w="618" /><ent r="7" t="24" w="618" /><ent r="7" t="24" w="675" /><ent r="7" t="24" w="675" /><ent r="6" t="25" w="328" /><ent r="6" t="25" w="328" /><ent r="6" t="25" w="496" /><ent r="6" t="25" w="496" /><ent r="3" t="25" w="762" /><ent r="3" t="25" w="762" /><ent r="4" t="25" w="816" /><ent r="4" t="25" w="816" /><ent r="4" t="25" w="826" /><ent r="4" t="25" w="826" /><ent r="6" t="27" w="570" /><ent r="6" t="27" w="570" /><ent r="6" t="27" w="744" /><ent r="6" t="27" w="744" /><ent r="6" t="27" w="863" /><ent r="6" t="27" w="863" /><ent r="6" t="27" w="1123" /><ent r="6" t="27" w="1123" /><ent r="6" t="27" w="1347" /><ent r="6" t="27" w="1347" /><ent r="4" t="31" w="152" /><ent r="4" t="31" w="152" /><ent r="4" t="31" w="200" /><ent r="4" t="31" w="200" /><ent r="4" t="32" w="75" /><ent r="4" t="32" w="75" /><ent r="4" t="32" w="117" /><ent r="4" t="32" w="117" /><ent r="4" t="33" w="183" /><ent r="4" t="33" w="183" /><ent r="4" t="34" w="118" /><ent r="4" t="34" w="118" /><ent r="5" t="34" w="167" /><ent r="5" t="34" w="167" /><ent r="4" t="35" w="180" /><ent r="4" t="35" w="180" /><ent r="4" t="35" w="201" /><ent r="4" t="35" w="201" /><ent r="4" t="35" w="220" /><ent r="4" t="35" w="220" /><ent r="4" t="36" w="57" /><ent r="4" t="36" w="57" /><ent r="4" t="36" w="78" /><ent r="4" t="36" w="78" /><ent r="4" t="36" w="97" /><ent r="4" t="36" w="97" /><ent r="4" t="42" w="1059" /><ent r="4" t="42" w="1059" /><ent r="4" t="42" w="2112" /><ent r="4" t="42" w="2112" /><ent r="6" t="45" w="420" /><ent r="6" t="45" w="420" /><ent r="7" t="50" w="292" /><ent r="7" t="50" w="292" /><ent r="7" t="50" w="342" /><ent r="7" t="50" w="342" /><ent r="7" t="51" w="294" /><ent r="7" t="51" w="294" /><ent r="3" t="51" w="772" /><ent r="3" t="51" w="772" /><ent r="4" t="51" w="1090" /><ent r="4" t="51" w="1090" /><ent r="3" t="55" w="169" /><ent r="3" t="55" w="169" /><ent r="7" t="55" w="484" /><ent r="7" t="55" w="484" /><ent r="8" t="55" w="848" /><ent r="8" t="55" w="848" /><ent r="8" t="55" w="1281" /><ent r="8" t="55" w="1281" /><ent r="7" t="55" w="1391" /><ent r="7" t="55" w="1391" /><ent r="4" t="55" w="1575" /><ent r="4" t="55" w="1575" /><ent r="3" t="55" w="1651" /><ent r="3" t="55" w="1651" /></phr><phr n="deselect"><ent r="6" t="18" w="895" /><ent r="6" t="27" w="649" /></phr><phr n="reselect"><ent r="6" t="18" w="897" /><ent r="6" t="18" w="897" /><ent r="6" t="27" w="651" /><ent r="6" t="27" w="651" /></phr><phr n="unselected"><ent r="3" t="18" w="2292" /><ent r="3" t="20" w="746" /><ent r="3" t="21" w="947" /><ent r="3" t="22" w="1001" /><ent r="3" t="27" w="1562" /></phr><phr n="Selecting"><ent r="4" t="45" w="498" /><ent r="4" t="45" w="498" /></phr><phr n="selection"><ent r="7" t="55" w="519" /><ent r="7" t="55" w="519" /></phr><phr n="selecting"><ent r="4" t="55" w="1587" /><ent r="4" t="55" w="1587" /><ent r="7" t="58" w="373" /><ent r="7" t="58" w="373" /></phr></stem><stem n="&gt;"><phr n="&gt;"><ent r="4" t="2" w="147" /><ent r="4" t="2" w="147" /><ent r="4" t="6" w="136" /><ent r="4" t="6" w="136" /><ent r="4" t="6" w="141" /><ent r="4" t="6" w="141" /><ent r="5" t="6" w="147" /><ent r="5" t="6" w="147" /><ent r="5" t="7" w="338" /><ent r="5" t="7" w="338" /><ent r="4" t="7" w="742" /><ent r="4" t="8" w="191" /><ent r="4" t="8" w="191" /><ent r="4" t="8" w="198" /><ent r="4" t="8" w="198" /><ent r="4" t="11" w="63" /><ent r="4" t="11" w="63" /><ent r="4" t="12" w="67" /><ent r="4" t="12" w="67" /><ent r="4" t="13" w="167" /><ent r="4" t="13" w="167" /><ent r="4" t="14" w="193" /><ent r="4" t="14" w="193" /><ent r="4" t="16" w="255" /><ent r="4" t="16" w="255" /><ent r="6" t="23" w="765" /><ent r="6" t="23" w="765" /><ent r="6" t="23" w="777" /><ent r="6" t="23" w="777" /><ent r="4" t="35" w="205" /><ent r="4" t="35" w="205" /><ent r="4" t="36" w="82" /><ent r="4" t="36" w="82" /><ent r="3" t="40" w="626" /><ent r="3" t="40" w="626" /><ent r="3" t="40" w="638" /><ent r="3" t="40" w="638" /><ent r="3" t="40" w="650" /><ent r="3" t="40" w="650" /><ent r="4" t="42" w="1063" /><ent r="4" t="42" w="1063" /><ent r="4" t="42" w="2116" /><ent r="4" t="42" w="2116" /><ent r="4" t="45" w="241" /><ent r="4" t="45" w="241" /><ent r="4" t="45" w="502" /><ent r="4" t="45" w="502" /><ent r="3" t="55" w="173" /><ent r="3" t="55" w="173" /><ent r="3" t="62" w="436" /><ent r="3" t="62" w="436" /><ent r="3" t="68" w="370" /><ent r="3" t="68" w="370" /><ent r="3" t="68" w="383" /><ent r="3" t="68" w="383" /><ent r="3" t="68" w="397" /><ent r="3" t="68" w="397" /><ent r="3" t="68" w="404" /><ent r="3" t="68" w="404" /><ent r="3" t="68" w="408" /><ent r="3" t="68" w="408" /><ent r="3" t="68" w="428" /><ent r="3" t="68" w="428" /><ent r="3" t="68" w="469" /><ent r="3" t="68" w="469" /><ent r="3" t="68" w="503" /><ent r="3" t="68" w="503" /><ent r="3" t="68" w="604" /><ent r="3" t="68" w="604" /><ent r="3" t="68" w="642" /><ent r="3" t="68" w="642" /></phr></stem><stem n="pics"><phr n="Topics"><ent r="5" t="2" w="150" /><ent r="5" t="2" w="150" /><ent r="4" t="10" w="241" /><ent r="4" t="10" w="241" /><ent r="4" t="30" w="132" /><ent r="4" t="30" w="132" /></phr><phr n="topics"><ent r="6" t="2" w="385" /><ent r="6" t="2" w="385" /><ent r="6" t="2" w="435" /><ent r="6" t="2" w="435" /><ent r="3" t="52" w="228" /><ent r="3" t="52" w="228" /><ent r="3" t="53" w="388" /><ent r="3" t="53" w="388" /><ent r="3" t="54" w="449" /><ent r="3" t="54" w="449" /><ent r="3" t="54" w="503" /><ent r="3" t="54" w="503" /></phr></stem><stem n="opics"><phr n="Topics"><ent r="5" t="2" w="150" /><ent r="5" t="2" w="150" /><ent r="4" t="10" w="241" /><ent r="4" t="10" w="241" /><ent r="4" t="30" w="132" /><ent r="4" t="30" w="132" /></phr><phr n="topics"><ent r="6" t="2" w="385" /><ent r="6" t="2" w="385" /><ent r="6" t="2" w="435" /><ent r="6" t="2" w="435" /><ent r="3" t="52" w="228" /><ent r="3" t="52" w="228" /><ent r="3" t="53" w="388" /><ent r="3" t="53" w="388" /><ent r="3" t="54" w="449" /><ent r="3" t="54" w="449" /><ent r="3" t="54" w="503" /><ent r="3" t="54" w="503" /></phr></stem><stem n="topics"><phr n="Topics"><ent r="5" t="2" w="150" /><ent r="5" t="2" w="150" /><ent r="4" t="10" w="241" /><ent r="4" t="10" w="241" /><ent r="4" t="30" w="132" /><ent r="4" t="30" w="132" /></phr><phr n="topics"><ent r="6" t="2" w="385" /><ent r="6" t="2" w="385" /><ent r="6" t="2" w="435" /><ent r="6" t="2" w="435" /><ent r="3" t="52" w="228" /><ent r="3" t="52" w="228" /><ent r="3" t="53" w="388" /><ent r="3" t="53" w="388" /><ent r="3" t="54" w="449" /><ent r="3" t="54" w="449" /><ent r="3" t="54" w="503" /><ent r="3" t="54" w="503" /></phr></stem><stem n="menu"><phr n="Menu"><ent r="65" t="2" w="156" /><ent r="65" t="2" w="156" /><ent r="82" t="4" w="67" /><ent r="82" t="4" w="67" /><ent r="5" t="7" w="345" /><ent r="5" t="7" w="345" /><ent r="4" t="11" w="70" /><ent r="4" t="12" w="74" /><ent r="4" t="13" w="176" /><ent r="4" t="14" w="201" /><ent r="4" t="16" w="262" /><ent r="4" t="35" w="212" /><ent r="4" t="36" w="89" /><ent r="4" t="42" w="1070" /><ent r="4" t="42" w="2123" /><ent r="4" t="62" w="442" /><ent r="4" t="62" w="442" /></phr><phr n="menus"><ent r="3" t="4" w="72" /><ent r="3" t="4" w="72" /></phr><phr n="menu"><ent r="3" t="4" w="86" /><ent r="3" t="4" w="86" /><ent r="3" t="6" w="121" /><ent r="4" t="8" w="185" /><ent r="4" t="18" w="59" /><ent r="4" t="20" w="79" /><ent r="4" t="21" w="114" /><ent r="4" t="22" w="86" /><ent r="4" t="27" w="66" /><ent r="3" t="45" w="186" /><ent r="3" t="45" w="186" /><ent r="3" t="55" w="185" /><ent r="3" t="55" w="1661" /></phr></stem><stem n="press"><phr n="Press"><ent r="4" t="2" w="158" /><ent r="4" t="2" w="158" /><ent r="3" t="4" w="94" /><ent r="3" t="4" w="94" /><ent r="3" t="4" w="113" /><ent r="3" t="4" w="113" /></phr><phr n="compress"><ent r="100" t="18" w="2045" /><ent r="100" t="18" w="2045" /><ent r="6" t="18" w="2087" /><ent r="6" t="18" w="2087" /><ent r="100" t="39" w="16" /><ent r="100" t="39" w="16" /><ent r="3" t="39" w="29" /><ent r="3" t="39" w="29" /></phr><phr n="Compression"><ent r="100" t="18" w="2047" /><ent r="100" t="18" w="2047" /><ent r="1000" t="39" w="2" /><ent r="1000" t="39" w="2" /><ent r="100" t="39" w="5" /><ent r="100" t="39" w="5" /><ent r="100" t="39" w="13" /><ent r="100" t="39" w="13" /><ent r="102" t="39" w="19" /><ent r="102" t="39" w="19" /><ent r="82" t="39" w="109" /><ent r="82" t="39" w="109" /></phr><phr n="Compress"><ent r="7" t="18" w="2049" /><ent r="7" t="18" w="2049" /><ent r="7" t="18" w="2109" /><ent r="7" t="18" w="2109" /><ent r="7" t="18" w="2119" /><ent r="7" t="18" w="2119" /><ent r="4" t="39" w="131" /><ent r="4" t="39" w="131" /></phr><phr n="compressed"><ent r="6" t="18" w="2073" /><ent r="6" t="18" w="2073" /><ent r="6" t="18" w="2104" /><ent r="6" t="18" w="2104" /><ent r="3" t="39" w="87" /><ent r="65" t="45" w="124" /><ent r="65" t="45" w="124" /><ent r="4" t="45" w="153" /><ent r="4" t="45" w="153" /></phr><phr n="expressed"><ent r="3" t="18" w="2315" /><ent r="3" t="18" w="2315" /><ent r="3" t="20" w="769" /><ent r="3" t="20" w="769" /><ent r="3" t="21" w="970" /><ent r="3" t="21" w="970" /><ent r="3" t="22" w="1024" /><ent r="3" t="22" w="1024" /><ent r="3" t="23" w="58" /><ent r="3" t="23" w="58" /></phr><phr n="suppressStrTransform"><ent r="7" t="23" w="455" /><ent r="7" t="23" w="455" /></phr><phr n="compression"><ent r="100" t="39" w="8" /><ent r="100" t="39" w="8" /><ent r="100" t="39" w="11" /><ent r="100" t="39" w="11" /><ent r="3" t="39" w="112" /><ent r="3" t="39" w="112" /></phr><phr n="Compressing"><ent r="3" t="39" w="39" /><ent r="3" t="39" w="39" /></phr><phr n="Compressed"><ent r="3" t="39" w="52" /><ent r="3" t="39" w="52" /></phr><phr n="decompress"><ent r="3" t="39" w="74" /><ent r="3" t="39" w="74" /><ent r="3" t="39" w="96" /><ent r="3" t="39" w="96" /></phr><phr n="uncompressed"><ent r="4" t="45" w="129" /><ent r="4" t="45" w="129" /></phr><phr n="expression"><ent r="4" t="54" w="339" /><ent r="4" t="54" w="339" /></phr><phr n="press"><ent r="6" t="61" w="81" /><ent r="6" t="61" w="81" /></phr><phr n="EXPRESSLY"><ent r="3" t="62" w="321" /><ent r="3" t="62" w="321" /></phr></stem><stem n="ress"><phr n="Press"><ent r="4" t="2" w="158" /><ent r="4" t="2" w="158" /><ent r="3" t="4" w="94" /><ent r="3" t="4" w="94" /><ent r="3" t="4" w="113" /><ent r="3" t="4" w="113" /></phr><phr n="address"><ent r="3" t="9" w="167" /><ent r="3" t="9" w="167" /><ent r="7" t="18" w="1680" /><ent r="7" t="18" w="1680" /><ent r="6" t="18" w="1856" /><ent r="6" t="18" w="1865" /><ent r="6" t="18" w="1893" /><ent r="6" t="18" w="1893" /><ent r="7" t="18" w="1978" /><ent r="7" t="18" w="1978" /><ent r="7" t="18" w="1982" /><ent r="7" t="18" w="1982" /><ent r="7" t="18" w="2039" /><ent r="7" t="18" w="2039" /><ent r="6" t="20" w="416" /><ent r="6" t="20" w="425" /><ent r="6" t="20" w="453" /><ent r="6" t="20" w="453" /><ent r="7" t="20" w="538" /><ent r="7" t="20" w="538" /><ent r="7" t="20" w="542" /><ent r="7" t="20" w="542" /><ent r="7" t="20" w="599" /><ent r="7" t="20" w="599" /><ent r="6" t="21" w="302" /><ent r="6" t="21" w="302" /><ent r="6" t="21" w="615" /><ent r="6" t="21" w="624" /><ent r="6" t="21" w="652" /><ent r="6" t="21" w="652" /><ent r="7" t="21" w="737" /><ent r="7" t="21" w="737" /><ent r="7" t="21" w="741" /><ent r="7" t="21" w="741" /><ent r="7" t="21" w="798" /><ent r="7" t="21" w="798" /><ent r="6" t="22" w="668" /><ent r="6" t="22" w="677" /><ent r="6" t="22" w="705" /><ent r="6" t="22" w="705" /><ent r="7" t="22" w="790" /><ent r="7" t="22" w="790" /><ent r="7" t="22" w="794" /><ent r="7" t="22" w="794" /><ent r="7" t="22" w="851" /><ent r="7" t="22" w="851" /><ent r="7" t="27" w="1196" /><ent r="7" t="27" w="1196" /><ent r="6" t="27" w="1322" /><ent r="6" t="27" w="1331" /><ent r="6" t="27" w="1356" /><ent r="6" t="27" w="1356" /><ent r="7" t="27" w="1441" /><ent r="7" t="27" w="1441" /><ent r="7" t="27" w="1445" /><ent r="7" t="27" w="1445" /><ent r="7" t="27" w="1502" /><ent r="7" t="27" w="1502" /><ent r="3" t="40" w="215" /><ent r="3" t="40" w="215" /><ent r="3" t="40" w="220" /><ent r="3" t="40" w="220" /><ent r="3" t="40" w="226" /><ent r="3" t="40" w="226" /><ent r="3" t="42" w="482" /><ent r="4" t="54" w="196" /></phr><phr n="addresses"><ent r="6" t="18" w="1780" /><ent r="6" t="18" w="1780" /><ent r="6" t="18" w="1796" /><ent r="6" t="18" w="1796" /><ent r="6" t="18" w="1812" /><ent r="6" t="18" w="1812" /><ent r="6" t="18" w="1832" /><ent r="6" t="18" w="1832" /><ent r="6" t="18" w="1843" /><ent r="6" t="18" w="1843" /><ent r="6" t="18" w="1883" /><ent r="6" t="20" w="340" /><ent r="6" t="20" w="340" /><ent r="6" t="20" w="356" /><ent r="6" t="20" w="356" /><ent r="6" t="20" w="372" /><ent r="6" t="20" w="372" /><ent r="6" t="20" w="392" /><ent r="6" t="20" w="392" /><ent r="6" t="20" w="403" /><ent r="6" t="20" w="403" /><ent r="6" t="20" w="443" /><ent r="6" t="21" w="539" /><ent r="6" t="21" w="539" /><ent r="6" t="21" w="555" /><ent r="6" t="21" w="555" /><ent r="6" t="21" w="571" /><ent r="6" t="21" w="571" /><ent r="6" t="21" w="591" /><ent r="6" t="21" w="591" /><ent r="6" t="21" w="602" /><ent r="6" t="21" w="602" /><ent r="6" t="21" w="642" /><ent r="6" t="22" w="592" /><ent r="6" t="22" w="592" /><ent r="6" t="22" w="608" /><ent r="6" t="22" w="608" /><ent r="6" t="22" w="624" /><ent r="6" t="22" w="624" /><ent r="6" t="22" w="644" /><ent r="6" t="22" w="644" /><ent r="6" t="22" w="655" /><ent r="6" t="22" w="655" /><ent r="6" t="22" w="695" /><ent r="6" t="27" w="1246" /><ent r="6" t="27" w="1246" /><ent r="6" t="27" w="1262" /><ent r="6" t="27" w="1262" /><ent r="6" t="27" w="1278" /><ent r="6" t="27" w="1278" /><ent r="6" t="27" w="1298" /><ent r="6" t="27" w="1298" /><ent r="6" t="27" w="1309" /><ent r="6" t="27" w="1309" /><ent r="6" t="27" w="1346" /></phr><phr n="compress"><ent r="100" t="18" w="2045" /><ent r="100" t="18" w="2045" /><ent r="6" t="18" w="2087" /><ent r="6" t="18" w="2087" /><ent r="100" t="39" w="16" /><ent r="100" t="39" w="16" /><ent r="3" t="39" w="29" /><ent r="3" t="39" w="29" /></phr><phr n="Compression"><ent r="100" t="18" w="2047" /><ent r="100" t="18" w="2047" /><ent r="1000" t="39" w="2" /><ent r="1000" t="39" w="2" /><ent r="100" t="39" w="5" /><ent r="100" t="39" w="5" /><ent r="100" t="39" w="13" /><ent r="100" t="39" w="13" /><ent r="102" t="39" w="19" /><ent r="102" t="39" w="19" /><ent r="82" t="39" w="109" /><ent r="82" t="39" w="109" /></phr><phr n="Compress"><ent r="7" t="18" w="2049" /><ent r="7" t="18" w="2049" /><ent r="7" t="18" w="2109" /><ent r="7" t="18" w="2109" /><ent r="7" t="18" w="2119" /><ent r="7" t="18" w="2119" /><ent r="4" t="39" w="131" /><ent r="4" t="39" w="131" /></phr><phr n="compressed"><ent r="6" t="18" w="2073" /><ent r="6" t="18" w="2073" /><ent r="6" t="18" w="2104" /><ent r="6" t="18" w="2104" /><ent r="3" t="39" w="87" /><ent r="65" t="45" w="124" /><ent r="65" t="45" w="124" /><ent r="4" t="45" w="153" /><ent r="4" t="45" w="153" /></phr><phr n="expressed"><ent r="3" t="18" w="2315" /><ent r="3" t="18" w="2315" /><ent r="3" t="20" w="769" /><ent r="3" t="20" w="769" /><ent r="3" t="21" w="970" /><ent r="3" t="21" w="970" /><ent r="3" t="22" w="1024" /><ent r="3" t="22" w="1024" /><ent r="3" t="23" w="58" /><ent r="3" t="23" w="58" /></phr><phr n="suppressStrTransform"><ent r="7" t="23" w="455" /><ent r="7" t="23" w="455" /></phr><phr n="addressed"><ent r="6" t="23" w="551" /><ent r="6" t="23" w="551" /><ent r="6" t="23" w="610" /><ent r="6" t="23" w="610" /><ent r="3" t="62" w="128" /><ent r="3" t="62" w="128" /></phr><phr n="wsAddressing"><ent r="7" t="23" w="620" /></phr><phr n="compression"><ent r="100" t="39" w="8" /><ent r="100" t="39" w="8" /><ent r="100" t="39" w="11" /><ent r="100" t="39" w="11" /><ent r="3" t="39" w="112" /><ent r="3" t="39" w="112" /></phr><phr n="Compressing"><ent r="3" t="39" w="39" /><ent r="3" t="39" w="39" /></phr><phr n="Compressed"><ent r="3" t="39" w="52" /><ent r="3" t="39" w="52" /></phr><phr n="decompress"><ent r="3" t="39" w="74" /><ent r="3" t="39" w="74" /><ent r="3" t="39" w="96" /><ent r="3" t="39" w="96" /></phr><phr n="uncompressed"><ent r="4" t="45" w="129" /><ent r="4" t="45" w="129" /></phr><phr n="emailAddress"><ent r="4" t="54" w="213" /></phr><phr n="expression"><ent r="4" t="54" w="339" /><ent r="4" t="54" w="339" /></phr><phr n="Address"><ent r="8" t="55" w="1365" /><ent r="8" t="55" w="1365" /></phr><phr n="press"><ent r="6" t="61" w="81" /><ent r="6" t="61" w="81" /></phr><phr n="EXPRESSLY"><ent r="3" t="62" w="321" /><ent r="3" t="62" w="321" /></phr></stem><stem n="f1"><phr n="F1"><ent r="5" t="2" w="161" /><ent r="5" t="2" w="161" /></phr></stem><stem n="keyboard"><phr n="keyboard"><ent r="4" t="2" w="163" /><ent r="4" t="2" w="163" /><ent r="3" t="4" w="92" /><ent r="3" t="4" w="92" /></phr></stem><stem n="keyb"><phr n="keyboard"><ent r="4" t="2" w="163" /><ent r="4" t="2" w="163" /><ent r="3" t="4" w="92" /><ent r="3" t="4" w="92" /></phr><phr n="decryptionKeyBlacklist"><ent r="8" t="63" w="499" /><ent r="8" t="63" w="545" /><ent r="8" t="63" w="575" /><ent r="8" t="63" w="606" /><ent r="8" t="63" w="629" /></phr></stem><stem n="oard"><phr n="keyboard"><ent r="4" t="2" w="163" /><ent r="4" t="2" w="163" /><ent r="3" t="4" w="92" /><ent r="3" t="4" w="92" /></phr></stem><stem n="eybo"><phr n="keyboard"><ent r="4" t="2" w="163" /><ent r="4" t="2" w="163" /><ent r="3" t="4" w="92" /><ent r="3" t="4" w="92" /></phr></stem><stem n="yboa"><phr n="keyboard"><ent r="4" t="2" w="163" /><ent r="4" t="2" w="163" /><ent r="3" t="4" w="92" /><ent r="3" t="4" w="92" /></phr></stem><stem n="boar"><phr n="keyboard"><ent r="4" t="2" w="163" /><ent r="4" t="2" w="163" /><ent r="3" t="4" w="92" /><ent r="3" t="4" w="92" /></phr></stem><stem n="keybo"><phr n="keyboard"><ent r="4" t="2" w="163" /><ent r="4" t="2" w="163" /><ent r="3" t="4" w="92" /><ent r="3" t="4" w="92" /></phr></stem><stem n="eyboa"><phr n="keyboard"><ent r="4" t="2" w="163" /><ent r="4" t="2" w="163" /><ent r="3" t="4" w="92" /><ent r="3" t="4" w="92" /></phr></stem><stem n="yboar"><phr n="keyboard"><ent r="4" t="2" w="163" /><ent r="4" t="2" w="163" /><ent r="3" t="4" w="92" /><ent r="3" t="4" w="92" /></phr></stem></index>